-0.12255859375 0.64013671875 0.67236328125 175093
-0.12255859375 0.64013671875 0.67236328125 175093
-0.12255859375 0.64013671875 0.67236328125 175094
-0.12255859375 0.64013671875 0.67236328125 175095
-0.12255859375 0.64013671875 0.67236328125 175095
-0.12255859375 0.64013671875 0.67236328125 175095
-0.0859375 0.63525390625 0.67626953125 175096
-0.1376953125 0.6591796875 0.6552734375 175096
-0.14990234375 0.6630859375 0.64453125 175147
-0.12841796875 0.65625 0.65576171875 175267
-0.12841796875 0.65625 0.65576171875 175267
-0.12841796875 0.65625 0.65576171875 175268
-0.12841796875 0.65625 0.65576171875 175268
-0.12841796875 0.65625 0.65576171875 175268
-0.14453125 0.6572265625 0.64404296875 175352
-0.146484375 0.65283203125 0.63623046875 175477
-0.146484375 0.65283203125 0.63623046875 175478
-0.146484375 0.65283203125 0.63623046875 175478
-0.146484375 0.65283203125 0.63623046875 175478
-0.146484375 0.65283203125 0.63623046875 175479
-0.14501953125 0.6396484375 0.626953125 175564
-0.1455078125 0.64794921875 0.65234375 175641
-0.1455078125 0.64794921875 0.65234375 175642
-0.1455078125 0.64794921875 0.65234375 175642
-0.1455078125 0.64794921875 0.65234375 175643
-0.1455078125 0.64794921875 0.65234375 175643
-0.14794921875 0.64208984375 0.66015625 175744
-0.14794921875 0.64208984375 0.66015625 175744
-0.14794921875 0.64208984375 0.66015625 175744
-0.14794921875 0.64208984375 0.66015625 175745
-0.14794921875 0.64208984375 0.66015625 175745
-0.1474609375 0.6875 0.66064453125 175849
-0.1474609375 0.6875 0.66064453125 175849
-0.1474609375 0.6875 0.66064453125 175849
-0.1474609375 0.6875 0.66064453125 175850
-0.1474609375 0.6875 0.66064453125 175850
-0.12158203125 0.689453125 0.62646484375 175952
-0.12158203125 0.689453125 0.62646484375 175952
-0.12158203125 0.689453125 0.62646484375 175952
-0.12158203125 0.689453125 0.62646484375 175953
-0.12158203125 0.689453125 0.62646484375 175953
-0.11865234375 0.66650390625 0.64697265625 176054
-0.11865234375 0.66650390625 0.64697265625 176054
-0.11865234375 0.66650390625 0.64697265625 176054
-0.11865234375 0.66650390625 0.64697265625 176055
-0.11865234375 0.66650390625 0.64697265625 176055
-0.1171875 0.66259765625 0.6162109375 176156
-0.1171875 0.66259765625 0.6162109375 176157
-0.1171875 0.66259765625 0.6162109375 176157
-0.1171875 0.66259765625 0.6162109375 176158
-0.1171875 0.66259765625 0.6162109375 176158
-0.1416015625 0.68212890625 0.63330078125 176235
-0.134765625 0.67138671875 0.64404296875 176345
-0.134765625 0.67138671875 0.64404296875 176345
-0.134765625 0.67138671875 0.64404296875 176345
-0.134765625 0.67138671875 0.64404296875 176346
-0.134765625 0.67138671875 0.64404296875 176346
-0.1259765625 0.6943359375 0.62890625 176448
-0.1259765625 0.6943359375 0.62890625 176448
-0.1259765625 0.6943359375 0.62890625 176448
-0.1259765625 0.6943359375 0.62890625 176449
-0.1259765625 0.6943359375 0.62890625 176449
-0.1748046875 0.6640625 0.541015625 176550
-0.1748046875 0.6640625 0.541015625 176550
-0.1748046875 0.6640625 0.541015625 176551
-0.1748046875 0.6640625 0.541015625 176551
-0.1748046875 0.6640625 0.541015625 176551
-0.3232421875 0.66064453125 0.53466796875 176654
-0.3232421875 0.66064453125 0.53466796875 176654
-0.3232421875 0.66064453125 0.53466796875 176654
-0.3232421875 0.66064453125 0.53466796875 176655
-0.3232421875 0.66064453125 0.53466796875 176655
-0.41064453125 0.837890625 0.5478515625 176758
-0.41064453125 0.837890625 0.5478515625 176758
-0.41064453125 0.837890625 0.5478515625 176759
-0.41064453125 0.837890625 0.5478515625 176759
-0.41064453125 0.837890625 0.5478515625 176760
-0.173828125 0.525390625 0.46044921875 176837
-0.162109375 0.88720703125 0.611328125 176948
-0.162109375 0.88720703125 0.611328125 176948
-0.162109375 0.88720703125 0.611328125 176949
-0.162109375 0.88720703125 0.611328125 176949
-0.162109375 0.88720703125 0.611328125 176949
-0.42822265625 0.96240234375 -0.0185546875 177054
-0.42822265625 0.96240234375 -0.0185546875 177054
-0.42822265625 0.96240234375 -0.0185546875 177054
-0.42822265625 0.96240234375 -0.0185546875 177055
-0.42822265625 0.96240234375 -0.0185546875 177055
-0.142578125 0.890625 0.42138671875 177137
-0.0849609375 0.890625 0.65283203125 177248
-0.0849609375 0.890625 0.65283203125 177248
-0.0849609375 0.890625 0.65283203125 177248
-0.0849609375 0.890625 0.65283203125 177249
-0.0849609375 0.890625 0.65283203125 177249
-0.0166015625 0.7021484375 0.52978515625 177353
-0.0166015625 0.7021484375 0.52978515625 177353
-0.0166015625 0.7021484375 0.52978515625 177354
-0.0166015625 0.7021484375 0.52978515625 177354
0.009765625 0.68115234375 0.6396484375 177456
0.009765625 0.68115234375 0.6396484375 177456
0.009765625 0.68115234375 0.6396484375 177456
0.009765625 0.68115234375 0.6396484375 177457
0.009765625 0.68115234375 0.6396484375 177457
0.1201171875 0.5751953125 0.7158203125 177539
0.14013671875 0.5322265625 0.7666015625 177651
0.14013671875 0.5322265625 0.7666015625 177651
0.14013671875 0.5322265625 0.7666015625 177652
0.14013671875 0.5322265625 0.7666015625 177652
0.14013671875 0.5322265625 0.7666015625 177653
0.15771484375 0.51708984375 0.80224609375 177753
0.15771484375 0.51708984375 0.80224609375 177753
0.15771484375 0.51708984375 0.80224609375 177754
0.15771484375 0.51708984375 0.80224609375 177754
0.15771484375 0.51708984375 0.80224609375 177755
0.12353515625 0.58251953125 0.85791015625 177856
0.12353515625 0.58251953125 0.85791015625 177856
0.12353515625 0.58251953125 0.85791015625 177857
0.12353515625 0.58251953125 0.85791015625 177857
0.12353515625 0.58251953125 0.85791015625 177858
0.13134765625 0.6044921875 0.84033203125 177958
0.13134765625 0.6044921875 0.84033203125 177958
0.13134765625 0.6044921875 0.84033203125 177959
0.13134765625 0.6044921875 0.84033203125 177959
0.13134765625 0.6044921875 0.84033203125 177960
0.13037109375 0.53564453125 0.79345703125 178037
0.1435546875 0.443359375 0.74560546875 178148
0.1435546875 0.443359375 0.74560546875 178149
0.1435546875 0.443359375 0.74560546875 178149
0.1435546875 0.443359375 0.74560546875 178150
0.1435546875 0.443359375 0.74560546875 178151
0.16015625 0.349609375 0.76220703125 178251
0.16015625 0.349609375 0.76220703125 178251
0.16015625 0.349609375 0.76220703125 178252
0.16015625 0.349609375 0.76220703125 178252
0.16015625 0.349609375 0.76220703125 178253
0.16357421875 0.27685546875 0.77490234375 178354
0.16357421875 0.27685546875 0.77490234375 178355
0.16357421875 0.27685546875 0.77490234375 178355
0.16357421875 0.27685546875 0.77490234375 178355
0.16357421875 0.27685546875 0.77490234375 178356
0.12060546875 0.3994140625 0.87841796875 178458
0.12060546875 0.3994140625 0.87841796875 178458
0.12060546875 0.3994140625 0.87841796875 178459
0.12060546875 0.3994140625 0.87841796875 178459
0.12060546875 0.3994140625 0.87841796875 178460
-0.17919921875 0.59423828125 0.76708984375 178561
-0.17919921875 0.59423828125 0.76708984375 178561
-0.17919921875 0.59423828125 0.76708984375 178562
-0.17919921875 0.59423828125 0.76708984375 178562
-0.17919921875 0.59423828125 0.76708984375 178563
-0.40625 0.72119140625 0.17138671875 178640
-1.00634765625 1.22998046875 -0.291015625 178756
-1.00634765625 1.22998046875 -0.291015625 178757
-1.00634765625 1.22998046875 -0.291015625 178758
-1.00634765625 1.22998046875 -0.291015625 178758
-1.00634765625 1.22998046875 -0.291015625 178758
-0.57177734375 0.9072265625 -0.38623046875 178845
-0.46533203125 0.41650390625 0.38818359375 178951
-0.46533203125 0.41650390625 0.38818359375 178951
-0.46533203125 0.41650390625 0.38818359375 178951
-0.46533203125 0.41650390625 0.38818359375 178952
-0.46533203125 0.41650390625 0.38818359375 178952
-0.0751953125 0.31591796875 1.08154296875 179055
-0.0751953125 0.31591796875 1.08154296875 179055
-0.0751953125 0.31591796875 1.08154296875 179055
-0.0751953125 0.31591796875 1.08154296875 179056
-0.0751953125 0.31591796875 1.08154296875 179056
-0.04150390625 0.38818359375 0.83349609375 179159
-0.04150390625 0.38818359375 0.83349609375 179159
-0.04150390625 0.38818359375 0.83349609375 179160
-0.04150390625 0.38818359375 0.83349609375 179160
-0.04150390625 0.38818359375 0.83349609375 179161
-0.0751953125 0.4755859375 0.62646484375 179262
-0.0751953125 0.4755859375 0.62646484375 179263
-0.0751953125 0.4755859375 0.62646484375 179263
-0.0751953125 0.4755859375 0.62646484375 179263
-0.0751953125 0.4755859375 0.62646484375 179264
-0.25439453125 0.701171875 0.33056640625 179339
-0.36328125 0.91650390625 0.40673828125 179452
-0.36328125 0.91650390625 0.40673828125 179452
-0.36328125 0.91650390625 0.40673828125 179452
-0.36328125 0.91650390625 0.40673828125 179453
-0.36328125 0.91650390625 0.40673828125 179453
-0.23291015625 0.69921875 0.2177734375 179557
-0.23291015625 0.69921875 0.2177734375 179558
-0.23291015625 0.69921875 0.2177734375 179559
-0.23291015625 0.69921875 0.2177734375 179559
-0.23291015625 0.69921875 0.2177734375 179560
-0.12451171875 0.84228515625 0.4287109375 179660
-0.12451171875 0.84228515625 0.4287109375 179660
-0.12451171875 0.84228515625 0.4287109375 179661
-0.12451171875 0.84228515625 0.4287109375 179661
-0.12451171875 0.84228515625 0.4287109375 179662
-0.306640625 1.0048828125 0.19580078125 179739
-0.287109375 0.9130859375 0.2783203125 179850
-0.287109375 0.9130859375 0.2783203125 179850
-0.287109375 0.9130859375 0.2783203125 179850
-0.287109375 0.9130859375 0.2783203125 179851
-0.287109375 0.9130859375 0.2783203125 179851
-0.03271484375 0.80029296875 0.64404296875 179953
-0.03271484375 0.80029296875 0.64404296875 179953
-0.03271484375 0.80029296875 0.64404296875 179954
-0.03271484375 0.80029296875 0.64404296875 179954
-0.03271484375 0.80029296875 0.64404296875 179954
0.04833984375 0.6171875 0.70263671875 180058
0.04833984375 0.6171875 0.70263671875 180058
0.04833984375 0.6171875 0.70263671875 180058
0.04833984375 0.6171875 0.70263671875 180059
0.04833984375 0.6171875 0.70263671875 180059
0.07568359375 0.576171875 0.78173828125 180160
0.07568359375 0.576171875 0.78173828125 180160
0.07568359375 0.576171875 0.78173828125 180161
0.07568359375 0.576171875 0.78173828125 180161
0.07568359375 0.576171875 0.78173828125 180161
0.099609375 0.5 0.79248046875 180262
0.099609375 0.5 0.79248046875 180262
0.099609375 0.5 0.79248046875 180263
0.099609375 0.5 0.79248046875 180263
0.099609375 0.5 0.79248046875 180264
0.12744140625 0.43359375 0.8251953125 180341
0.15869140625 0.39697265625 0.85791015625 180452
0.15869140625 0.39697265625 0.85791015625 180452
0.15869140625 0.39697265625 0.85791015625 180453
0.15869140625 0.39697265625 0.85791015625 180453
0.15869140625 0.39697265625 0.85791015625 180454
0.16357421875 0.431640625 0.8564453125 180554
0.16357421875 0.431640625 0.8564453125 180554
0.16357421875 0.431640625 0.8564453125 180555
0.16357421875 0.431640625 0.8564453125 180555
0.16357421875 0.431640625 0.8564453125 180556
0.13623046875 0.4833984375 0.8671875 180657
0.13623046875 0.4833984375 0.8671875 180657
0.13623046875 0.4833984375 0.8671875 180658
0.13623046875 0.4833984375 0.8671875 180658
0.13623046875 0.4833984375 0.8671875 180658
0.14208984375 0.49853515625 0.85009765625 180760
0.14208984375 0.49853515625 0.85009765625 180760
0.14208984375 0.49853515625 0.85009765625 180760
0.14208984375 0.49853515625 0.85009765625 180761
0.14208984375 0.49853515625 0.85009765625 180761
0.14453125 0.52197265625 0.82568359375 180863
0.14453125 0.52197265625 0.82568359375 180863
0.14453125 0.52197265625 0.82568359375 180864
0.14453125 0.52197265625 0.82568359375 180864
0.14453125 0.52197265625 0.82568359375 180865
0.16796875 0.49755859375 0.7900390625 180943
0.15625 0.40380859375 0.7734375 181054
0.15625 0.40380859375 0.7734375 181054
0.15625 0.40380859375 0.7734375 181055
0.15625 0.40380859375 0.7734375 181055
0.15625 0.40380859375 0.7734375 181056
0.17626953125 0.28369140625 0.8076171875 181157
0.17626953125 0.28369140625 0.8076171875 181157
0.17626953125 0.28369140625 0.8076171875 181158
0.17626953125 0.28369140625 0.8076171875 181158
0.17626953125 0.28369140625 0.8076171875 181159
0.078125 0.2548828125 0.79833984375 181261
0.078125 0.2548828125 0.79833984375 181261
0.078125 0.2548828125 0.79833984375 181262
0.078125 0.2548828125 0.79833984375 181262
0.078125 0.2548828125 0.79833984375 181263
-0.0849609375 0.466796875 0.8994140625 181365
-0.0849609375 0.466796875 0.8994140625 181365
-0.0849609375 0.466796875 0.8994140625 181366
-0.0849609375 0.466796875 0.8994140625 181366
-0.0849609375 0.466796875 0.8994140625 181367
-0.41796875 0.708984375 0.43310546875 181466
-0.41796875 0.708984375 0.43310546875 181467
-0.41796875 0.708984375 0.43310546875 181467
-0.41796875 0.708984375 0.43310546875 181468
-0.41796875 0.708984375 0.43310546875 181468
-0.619140625 1.15771484375 -0.38916015625 181552
-0.63427734375 0.833984375 -0.3369140625 181656
-0.63427734375 0.833984375 -0.3369140625 181656
-0.63427734375 0.833984375 -0.3369140625 181657
-0.63427734375 0.833984375 -0.3369140625 181657
-0.63427734375 0.833984375 -0.3369140625 181658
-0.55322265625 0.27197265625 0.23193359375 181758
-0.55322265625 0.27197265625 0.23193359375 181758
-0.55322265625 0.27197265625 0.23193359375 181759
-0.55322265625 0.27197265625 0.23193359375 181759
-0.55322265625 0.27197265625 0.23193359375 181760
-0.22119140625 0.1689453125 0.98974609375 181861
-0.22119140625 0.1689453125 0.98974609375 181862
-0.22119140625 0.1689453125 0.98974609375 181862
-0.22119140625 0.1689453125 0.98974609375 181863
-0.22119140625 0.1689453125 0.98974609375 181863
-0.19873046875 0.36376953125 0.615234375 181964
-0.19873046875 0.36376953125 0.615234375 181964
-0.19873046875 0.36376953125 0.615234375 181965
-0.19873046875 0.36376953125 0.615234375 181965
-0.19873046875 0.36376953125 0.615234375 181966
-0.34814453125 0.75927734375 0.533203125 182045
-0.4814453125 0.88232421875 -0.0390625 182156
-0.4814453125 0.88232421875 -0.0390625 182156
-0.4814453125 0.88232421875 -0.0390625 182157
-0.4814453125 0.88232421875 -0.0390625 182157
-0.4814453125 0.88232421875 -0.0390625 182157
-0.1923828125 0.8759765625 0.2607421875 182257
-0.1923828125 0.8759765625 0.2607421875 182257
-0.1923828125 0.8759765625 0.2607421875 182258
-0.1923828125 0.8759765625 0.2607421875 182258
-0.1923828125 0.8759765625 0.2607421875 182259
-0.04736328125 0.748046875 0.14208984375 182360
-0.04736328125 0.748046875 0.14208984375 182360
-0.04736328125 0.748046875 0.14208984375 182361
-0.04736328125 0.748046875 0.14208984375 182361
-0.47998046875 1.091796875 -0.08984375 182464
-0.47998046875 1.091796875 -0.08984375 182464
-0.47998046875 1.091796875 -0.08984375 182465
-0.47998046875 1.091796875 -0.08984375 182465
-0.47998046875 1.091796875 -0.08984375 182466
-0.33056640625 0.98486328125 0.26904296875 182566
-0.33056640625 0.98486328125 0.26904296875 182566
-0.33056640625 0.98486328125 0.26904296875 182567
-0.33056640625 0.98486328125 0.26904296875 182567
-0.33056640625 0.98486328125 0.26904296875 182569
-0.1328125 0.837890625 0.62255859375 182646
0.025390625 0.6416015625 0.60693359375 182755
0.025390625 0.6416015625 0.60693359375 182755
0.025390625 0.6416015625 0.60693359375 182756
0.025390625 0.6416015625 0.60693359375 182756
0.025390625 0.6416015625 0.60693359375 182757
0.0791015625 0.583984375 0.73974609375 182859
0.0791015625 0.583984375 0.73974609375 182859
0.0791015625 0.583984375 0.73974609375 182860
0.0791015625 0.583984375 0.73974609375 182860
0.0791015625 0.583984375 0.73974609375 182861
0.0986328125 0.5263671875 0.81103515625 182961
0.0986328125 0.5263671875 0.81103515625 182961
0.0986328125 0.5263671875 0.81103515625 182962
0.0986328125 0.5263671875 0.81103515625 182962
0.0986328125 0.5263671875 0.81103515625 182963
0.1025390625 0.48046875 0.82470703125 183064
0.1025390625 0.48046875 0.82470703125 183064
0.1025390625 0.48046875 0.82470703125 183065
0.1025390625 0.48046875 0.82470703125 183066
0.1025390625 0.48046875 0.82470703125 183068
0.111328125 0.4609375 0.826171875 183167
0.111328125 0.4609375 0.826171875 183168
0.111328125 0.4609375 0.826171875 183168
0.111328125 0.4609375 0.826171875 183169
0.111328125 0.4609375 0.826171875 183169
0.14794921875 0.43798828125 0.8408203125 183245
0.1748046875 0.45068359375 0.837890625 183402
0.1748046875 0.45068359375 0.837890625 183402
0.1748046875 0.45068359375 0.837890625 183402
0.1748046875 0.45068359375 0.837890625 183403
0.1748046875 0.45068359375 0.837890625 183403
0.1748046875 0.455078125 0.8623046875 183463
0.1396484375 0.41943359375 0.82763671875 183567
0.1396484375 0.41943359375 0.82763671875 183567
0.1396484375 0.41943359375 0.82763671875 183567
0.1396484375 0.41943359375 0.82763671875 183568
0.1396484375 0.41943359375 0.82763671875 183568
0.13232421875 0.32568359375 0.80859375 183669
0.13232421875 0.32568359375 0.80859375 183669
0.13232421875 0.32568359375 0.80859375 183669
0.13232421875 0.32568359375 0.80859375 183670
0.13232421875 0.32568359375 0.80859375 183670
0.1533203125 0.1923828125 0.8115234375 183746
0.01220703125 0.32080078125 0.78271484375 183857
0.01220703125 0.32080078125 0.78271484375 183857
0.01220703125 0.32080078125 0.78271484375 183858
0.01220703125 0.32080078125 0.78271484375 183858
0.01220703125 0.32080078125 0.78271484375 183859
-0.12841796875 0.40966796875 0.76025390625 183945
-0.5302734375 0.95654296875 -0.109375 184057
-0.5302734375 0.95654296875 -0.109375 184058
-0.5302734375 0.95654296875 -0.109375 184058
-0.5302734375 0.95654296875 -0.109375 184059
-0.5302734375 0.95654296875 -0.109375 184060
-0.59716796875 0.95947265625 -0.4248046875 184160
-0.59716796875 0.95947265625 -0.4248046875 184160
-0.59716796875 0.95947265625 -0.4248046875 184161
-0.59716796875 0.95947265625 -0.4248046875 184161
-0.59716796875 0.95947265625 -0.4248046875 184162
-0.677734375 0.67333984375 -0.28515625 184263
-0.677734375 0.67333984375 -0.28515625 184264
-0.677734375 0.67333984375 -0.28515625 184264
-0.677734375 0.67333984375 -0.28515625 184265
-0.677734375 0.67333984375 -0.28515625 184265
-0.5341796875 0.3857421875 0.75634765625 184365
-0.5341796875 0.3857421875 0.75634765625 184365
-0.5341796875 0.3857421875 0.75634765625 184366
-0.5341796875 0.3857421875 0.75634765625 184366
-0.5341796875 0.3857421875 0.75634765625 184366
-0.0859375 0.2509765625 0.96630859375 184468
-0.0859375 0.2509765625 0.96630859375 184468
-0.0859375 0.2509765625 0.96630859375 184469
-0.0859375 0.2509765625 0.96630859375 184469
-0.0859375 0.2509765625 0.96630859375 184470
-0.30810546875 0.51123046875 0.48681640625 184577
-0.30810546875 0.51123046875 0.48681640625 184578
-0.30810546875 0.51123046875 0.48681640625 184578
-0.30810546875 0.51123046875 0.48681640625 184578
-0.30810546875 0.51123046875 0.48681640625 184579
-0.42138671875 0.67041015625 0.05126953125 184665
-0.59814453125 1.19384765625 0.2568359375 184766
-0.59814453125 1.19384765625 0.2568359375 184767
-0.59814453125 1.19384765625 0.2568359375 184767
-0.59814453125 1.19384765625 0.2568359375 184768
-0.59814453125 1.19384765625 0.2568359375 184768
-0.19775390625 0.919921875 0.1767578125 184869
-0.19775390625 0.919921875 0.1767578125 184870
-0.19775390625 0.919921875 0.1767578125 184870
-0.19775390625 0.919921875 0.1767578125 184870
-0.19775390625 0.919921875 0.1767578125 184871
-0.3603515625 1.130859375 0.2734375 184947
-0.2265625 0.83935546875 0.20458984375 185061
-0.2265625 0.83935546875 0.20458984375 185062
-0.2265625 0.83935546875 0.20458984375 185063
-0.2265625 0.83935546875 0.20458984375 185063
-0.2265625 0.83935546875 0.20458984375 185064
-0.34814453125 0.9970703125 0.63330078125 185161
-0.34814453125 0.9970703125 0.63330078125 185161
-0.10595703125 0.80615234375 0.58837890625 185267
-0.10595703125 0.80615234375 0.58837890625 185268
-0.10595703125 0.80615234375 0.58837890625 185268
-0.10595703125 0.80615234375 0.58837890625 185269
-0.10595703125 0.80615234375 0.58837890625 185269
-0.0478515625 0.7783203125 0.69580078125 185351
0.04736328125 0.60693359375 0.76171875 185460
0.04736328125 0.60693359375 0.76171875 185460
0.04736328125 0.60693359375 0.76171875 185461
0.04736328125 0.60693359375 0.76171875 185461
0.04736328125 0.60693359375 0.76171875 185462
0.11865234375 0.45654296875 0.8154296875 185569
0.11865234375 0.45654296875 0.8154296875 185569
0.11865234375 0.45654296875 0.8154296875 185570
0.11865234375 0.45654296875 0.8154296875 185570
0.11865234375 0.45654296875 0.8154296875 185571
0.1171875 0.44140625 0.857421875 185672
0.1171875 0.44140625 0.857421875 185672
0.1171875 0.44140625 0.857421875 185672
0.1171875 0.44140625 0.857421875 185673
0.1171875 0.44140625 0.857421875 185673
0.10791015625 0.435546875 0.8525390625 185752
0.1162109375 0.4345703125 0.86376953125 185863
0.1162109375 0.4345703125 0.86376953125 185863
0.1162109375 0.4345703125 0.86376953125 185863
0.1162109375 0.4345703125 0.86376953125 185864
0.1162109375 0.4345703125 0.86376953125 185864
0.103515625 0.41064453125 0.82861328125 185966
0.103515625 0.41064453125 0.82861328125 185966
0.103515625 0.41064453125 0.82861328125 185967
0.103515625 0.41064453125 0.82861328125 185967
0.103515625 0.41064453125 0.82861328125 185968
0.134765625 0.40234375 0.798828125 186068
0.134765625 0.40234375 0.798828125 186068
0.134765625 0.40234375 0.798828125 186069
0.134765625 0.40234375 0.798828125 186069
0.134765625 0.40234375 0.798828125 186070
0.158203125 0.3466796875 0.7744140625 186170
0.158203125 0.3466796875 0.7744140625 186170
0.158203125 0.3466796875 0.7744140625 186171
0.158203125 0.3466796875 0.7744140625 186171
0.158203125 0.3466796875 0.7744140625 186171
0.17041015625 0.24609375 0.87109375 186273
0.17041015625 0.24609375 0.87109375 186273
0.17041015625 0.24609375 0.87109375 186274
0.17041015625 0.24609375 0.87109375 186274
0.17041015625 0.24609375 0.87109375 186275
0.0771484375 0.201171875 0.81640625 186350
0.00048828125 0.27880859375 0.8310546875 186460
0.00048828125 0.27880859375 0.8310546875 186460
0.00048828125 0.27880859375 0.8310546875 186461
0.00048828125 0.27880859375 0.8310546875 186462
0.00048828125 0.27880859375 0.8310546875 186462
-0.51025390625 0.68408203125 0.49365234375 186563
-0.51025390625 0.68408203125 0.49365234375 186563
-0.51025390625 0.68408203125 0.49365234375 186564
-0.51025390625 0.68408203125 0.49365234375 186565
-0.51025390625 0.68408203125 0.49365234375 186565
-0.87646484375 1.185546875 -0.44775390625 186665
-0.87646484375 1.185546875 -0.44775390625 186665
-0.87646484375 1.185546875 -0.44775390625 186666
-0.87646484375 1.185546875 -0.44775390625 186666
-0.87646484375 1.185546875 -0.44775390625 186667
-0.646484375 0.6376953125 -0.29345703125 186767
-0.646484375 0.6376953125 -0.29345703125 186768
-0.646484375 0.6376953125 -0.29345703125 186768
-0.646484375 0.6376953125 -0.29345703125 186772
-0.646484375 0.6376953125 -0.29345703125 186773
-0.63427734375 0.30419921875 0.13623046875 186870
-0.63427734375 0.30419921875 0.13623046875 186871
-0.63427734375 0.30419921875 0.13623046875 186871
-0.63427734375 0.30419921875 0.13623046875 186872
-0.29345703125 0.17431640625 1.06982421875 186972
-0.29345703125 0.17431640625 1.06982421875 186972
-0.29345703125 0.17431640625 1.06982421875 186973
-0.29345703125 0.17431640625 1.06982421875 186973
-0.29345703125 0.17431640625 1.06982421875 186974
-0.25732421875 0.35693359375 0.6787109375 187101
-0.25732421875 0.35693359375 0.6787109375 187102
-0.25732421875 0.35693359375 0.6787109375 187103
-0.25732421875 0.35693359375 0.6787109375 187103
-0.25732421875 0.35693359375 0.6787109375 187103
-0.3896484375 0.7099609375 0.13916015625 187162
-0.4482421875 0.9765625 0.2333984375 187264
-0.4482421875 0.9765625 0.2333984375 187264
-0.4482421875 0.9765625 0.2333984375 187265
-0.4482421875 0.9765625 0.2333984375 187265
-0.4482421875 0.9765625 0.2333984375 187266
-0.25341796875 0.8759765625 0.25830078125 187366
-0.25341796875 0.8759765625 0.25830078125 187366
-0.25341796875 0.8759765625 0.25830078125 187367
-0.25341796875 0.8759765625 0.25830078125 187367
-0.25341796875 0.8759765625 0.25830078125 187368
-0.14599609375 1.0263671875 0.18798828125 187468
-0.14599609375 1.0263671875 0.18798828125 187469
-0.14599609375 1.0263671875 0.18798828125 187470
-0.14599609375 1.0263671875 0.18798828125 187470
-0.14599609375 1.0263671875 0.18798828125 187471
-0.1953125 0.75439453125 0.18359375 187571
-0.1953125 0.75439453125 0.18359375 187571
-0.1953125 0.75439453125 0.18359375 187572
-0.1953125 0.75439453125 0.18359375 187573
-0.1953125 0.75439453125 0.18359375 187573
-0.18798828125 0.9609375 0.47314453125 187674
-0.18798828125 0.9609375 0.47314453125 187674
-0.18798828125 0.9609375 0.47314453125 187675
-0.18798828125 0.9609375 0.47314453125 187675
-0.18798828125 0.9609375 0.47314453125 187675
0.07763671875 0.6845703125 0.57373046875 187752
0.09912109375 0.71337890625 0.73876953125 187863
0.09912109375 0.71337890625 0.73876953125 187863
0.09912109375 0.71337890625 0.73876953125 187864
0.09912109375 0.71337890625 0.73876953125 187864
0.09912109375 0.71337890625 0.73876953125 187865
0.12646484375 0.66845703125 0.71826171875 187967
0.12646484375 0.66845703125 0.71826171875 187968
0.12646484375 0.66845703125 0.71826171875 187968
0.12646484375 0.66845703125 0.71826171875 187969
0.12646484375 0.66845703125 0.71826171875 187969
0.14111328125 0.57470703125 0.79443359375 188069
0.14111328125 0.57470703125 0.79443359375 188069
0.14111328125 0.57470703125 0.79443359375 188070
0.14111328125 0.57470703125 0.79443359375 188070
0.14111328125 0.57470703125 0.79443359375 188071
0.17626953125 0.45947265625 0.82958984375 188172
0.17626953125 0.45947265625 0.82958984375 188173
0.17626953125 0.45947265625 0.82958984375 188173
0.17626953125 0.45947265625 0.82958984375 188174
0.17626953125 0.45947265625 0.82958984375 188174
0.201171875 0.3984375 0.86083984375 188275
0.201171875 0.3984375 0.86083984375 188276
0.201171875 0.3984375 0.86083984375 188276
0.201171875 0.3984375 0.86083984375 188277
0.201171875 0.3984375 0.86083984375 188277
0.205078125 0.3984375 0.86328125 188358
0.16796875 0.46044921875 0.84521484375 188467
0.16796875 0.46044921875 0.84521484375 188467
0.16796875 0.46044921875 0.84521484375 188468
0.16796875 0.46044921875 0.84521484375 188468
0.16796875 0.46044921875 0.84521484375 188468
0.15087890625 0.505859375 0.81884765625 188570
0.15087890625 0.505859375 0.81884765625 188570
0.15087890625 0.505859375 0.81884765625 188571
0.15087890625 0.505859375 0.81884765625 188571
0.1435546875 0.4921875 0.75634765625 188673
0.1435546875 0.4921875 0.75634765625 188674
0.1435546875 0.4921875 0.75634765625 188674
0.1435546875 0.4921875 0.75634765625 188675
0.1435546875 0.4921875 0.75634765625 188675
0.13671875 0.43359375 0.75341796875 188773
0.13671875 0.43359375 0.75341796875 188773
0.18408203125 0.2978515625 0.80126953125 188869
0.18408203125 0.2978515625 0.80126953125 188869
0.18408203125 0.2978515625 0.80126953125 188870
0.18408203125 0.2978515625 0.80126953125 188870
0.0732421875 0.25927734375 0.84619140625 188968
0.0732421875 0.25927734375 0.84619140625 188968
-0.197265625 0.3486328125 0.73583984375 189071
-0.197265625 0.3486328125 0.73583984375 189071
-0.197265625 0.3486328125 0.73583984375 189072
-0.197265625 0.3486328125 0.73583984375 189072
-0.197265625 0.3486328125 0.73583984375 189073
-0.6787109375 0.98193359375 0.06689453125 189174
-0.6787109375 0.98193359375 0.06689453125 189174
-0.6787109375 0.98193359375 0.06689453125 189175
-0.6787109375 0.98193359375 0.06689453125 189175
-0.6787109375 0.98193359375 0.06689453125 189175
-0.609375 0.82666015625 -0.40673828125 189255
-0.60107421875 0.4375 0.22998046875 189365
-0.60107421875 0.4375 0.22998046875 189365
-0.60107421875 0.4375 0.22998046875 189366
-0.60107421875 0.4375 0.22998046875 189367
-0.60107421875 0.4375 0.22998046875 189368
-0.51708984375 0.4345703125 0.87158203125 189468
-0.51708984375 0.4345703125 0.87158203125 189468
-0.51708984375 0.4345703125 0.87158203125 189469
-0.51708984375 0.4345703125 0.87158203125 189470
-0.51708984375 0.4345703125 0.87158203125 189471
-0.349609375 0.46826171875 0.55615234375 189577
-0.349609375 0.46826171875 0.55615234375 189578
-0.349609375 0.46826171875 0.55615234375 189579
-0.349609375 0.46826171875 0.55615234375 189579
-0.349609375 0.46826171875 0.55615234375 189580
-0.36376953125 0.71484375 0.3701171875 189655
-0.16357421875 0.60791015625 0.06005859375 189767
-0.16357421875 0.60791015625 0.06005859375 189767
-0.16357421875 0.60791015625 0.06005859375 189768
-0.16357421875 0.60791015625 0.06005859375 189768
-0.16357421875 0.60791015625 0.06005859375 189770
-0.37060546875 0.8857421875 0.1787109375 189869
-0.37060546875 0.8857421875 0.1787109375 189870
-0.37060546875 0.8857421875 0.1787109375 189870
-0.37060546875 0.8857421875 0.1787109375 189870
-0.37060546875 0.8857421875 0.1787109375 189871
-0.17919921875 0.9375 0.26220703125 189971
-0.17919921875 0.9375 0.26220703125 189972
-0.17919921875 0.9375 0.26220703125 189972
-0.17919921875 0.9375 0.26220703125 189973
-0.17919921875 0.9375 0.26220703125 189973
-0.19482421875 0.8427734375 0.04248046875 190074
-0.19482421875 0.8427734375 0.04248046875 190075
-0.19482421875 0.8427734375 0.04248046875 190075
-0.19482421875 0.8427734375 0.04248046875 190076
-0.19482421875 0.8427734375 0.04248046875 190076
-0.40576171875 0.873046875 0.2412109375 190177
-0.40576171875 0.873046875 0.2412109375 190177
-0.40576171875 0.873046875 0.2412109375 190178
-0.40576171875 0.873046875 0.2412109375 190178
-0.40576171875 0.873046875 0.2412109375 190179
-0.15673828125 0.74755859375 0.638671875 190282
-0.15673828125 0.74755859375 0.638671875 190282
-0.15673828125 0.74755859375 0.638671875 190283
-0.15673828125 0.74755859375 0.638671875 190283
-0.15673828125 0.74755859375 0.638671875 190283
-0.00341796875 0.63427734375 0.701171875 190365
0.02734375 0.58251953125 0.7509765625 190466
0.02734375 0.58251953125 0.7509765625 190468
0.02734375 0.58251953125 0.7509765625 190469
0.02734375 0.58251953125 0.7509765625 190469
0.02734375 0.58251953125 0.7509765625 190470
0.07275390625 0.5341796875 0.82080078125 190569
0.07275390625 0.5341796875 0.82080078125 190569
0.07275390625 0.5341796875 0.82080078125 190570
0.07275390625 0.5341796875 0.82080078125 190570
0.07275390625 0.5341796875 0.82080078125 190570
0.0732421875 0.45361328125 0.7978515625 190671
0.0732421875 0.45361328125 0.7978515625 190671
0.0732421875 0.45361328125 0.7978515625 190672
0.0732421875 0.45361328125 0.7978515625 190672
0.0732421875 0.45361328125 0.7978515625 190672
0.0927734375 0.44677734375 0.85107421875 190774
0.0927734375 0.44677734375 0.85107421875 190775
0.0927734375 0.44677734375 0.85107421875 190776
0.0927734375 0.44677734375 0.85107421875 190776
0.0927734375 0.44677734375 0.85107421875 190776
0.109375 0.47705078125 0.88232421875 190876
0.109375 0.47705078125 0.88232421875 190876
0.109375 0.47705078125 0.88232421875 190877
0.109375 0.47705078125 0.88232421875 190878
0.109375 0.47705078125 0.88232421875 190878
0.11376953125 0.46484375 0.8623046875 190956
0.10791015625 0.4560546875 0.8046875 191067
0.10791015625 0.4560546875 0.8046875 191067
0.10791015625 0.4560546875 0.8046875 191068
0.10791015625 0.4560546875 0.8046875 191068
0.10791015625 0.4560546875 0.8046875 191069
0.12353515625 0.41357421875 0.80908203125 191170
0.12353515625 0.41357421875 0.80908203125 191170
0.12353515625 0.41357421875 0.80908203125 191171
0.12353515625 0.41357421875 0.80908203125 191172
0.12353515625 0.41357421875 0.80908203125 191172
0.130859375 0.35986328125 0.802734375 191273
0.130859375 0.35986328125 0.802734375 191273
0.130859375 0.35986328125 0.802734375 191274
0.130859375 0.35986328125 0.802734375 191274
0.130859375 0.35986328125 0.802734375 191275
0.14013671875 0.23876953125 0.81689453125 191375
0.14013671875 0.23876953125 0.81689453125 191376
0.14013671875 0.23876953125 0.81689453125 191376
0.14013671875 0.23876953125 0.81689453125 191377
0.14013671875 0.23876953125 0.81689453125 191377
-0.01904296875 0.26220703125 0.80908203125 191478
-0.01904296875 0.26220703125 0.80908203125 191478
-0.01904296875 0.26220703125 0.80908203125 191479
-0.01904296875 0.26220703125 0.80908203125 191479
-0.01904296875 0.26220703125 0.80908203125 191480
-0.22412109375 0.330078125 0.71484375 191580
-0.22412109375 0.330078125 0.71484375 191580
-0.22412109375 0.330078125 0.71484375 191581
-0.22412109375 0.330078125 0.71484375 191581
-0.22412109375 0.330078125 0.71484375 191582
-0.572265625 1.1328125 -0.05712890625 191659
-0.60205078125 1.06201171875 -0.3994140625 191771
-0.60205078125 1.06201171875 -0.3994140625 191772
-0.60205078125 1.06201171875 -0.3994140625 191772
-0.60205078125 1.06201171875 -0.3994140625 191773
-0.60205078125 1.06201171875 -0.3994140625 191773
-0.59619140625 0.55029296875 0.267578125 191873
-0.59619140625 0.55029296875 0.267578125 191900
-0.59619140625 0.55029296875 0.267578125 191900
-0.59619140625 0.55029296875 0.267578125 191900
-0.59619140625 0.55029296875 0.267578125 191901
-0.40625 0.5712890625 0.673828125 191976
-0.40625 0.5712890625 0.673828125 191976
-0.20263671875 0.58056640625 0.501953125 192078
-0.20263671875 0.58056640625 0.501953125 192078
-0.20263671875 0.58056640625 0.501953125 192079
-0.20263671875 0.58056640625 0.501953125 192079
-0.20263671875 0.58056640625 0.501953125 192080
-0.27294921875 0.814453125 0.18701171875 192196
-0.27294921875 0.814453125 0.18701171875 192197
-0.27294921875 0.814453125 0.18701171875 192197
-0.27294921875 0.814453125 0.18701171875 192197
-0.27294921875 0.814453125 0.18701171875 192198
-0.35888671875 1.1474609375 0.29638671875 192259
-0.02978515625 0.8427734375 0.51806640625 192371
-0.02978515625 0.8427734375 0.51806640625 192371
-0.02978515625 0.8427734375 0.51806640625 192372
-0.02978515625 0.8427734375 0.51806640625 192372
-0.02978515625 0.8427734375 0.51806640625 192372
-0.185546875 0.99169921875 0.41357421875 192482
-0.185546875 0.99169921875 0.41357421875 192482
-0.185546875 0.99169921875 0.41357421875 192483
-0.185546875 0.99169921875 0.41357421875 192483
-0.185546875 0.99169921875 0.41357421875 192483
-0.08349609375 0.98193359375 0.30126953125 192579
0.05517578125 0.90185546875 0.63525390625 192680
0.05517578125 0.90185546875 0.63525390625 192690
0.05517578125 0.90185546875 0.63525390625 192690
0.05517578125 0.90185546875 0.63525390625 192691
0.05517578125 0.90185546875 0.63525390625 192691
0.00439453125 0.73876953125 0.61181640625 192760
0.0458984375 0.64794921875 0.70068359375 192871
0.0458984375 0.64794921875 0.70068359375 192871
0.0458984375 0.64794921875 0.70068359375 192871
0.0458984375 0.64794921875 0.70068359375 192872
0.0458984375 0.64794921875 0.70068359375 192872
0.05029296875 0.60400390625 0.7431640625 192974
0.05029296875 0.60400390625 0.7431640625 192974
0.05029296875 0.60400390625 0.7431640625 192974
0.05029296875 0.60400390625 0.7431640625 192975
0.05029296875 0.60400390625 0.7431640625 192975
0.07177734375 0.54638671875 0.79150390625 193076
0.07177734375 0.54638671875 0.79150390625 193076
0.07177734375 0.54638671875 0.79150390625 193077
0.07177734375 0.54638671875 0.79150390625 193077
0.07177734375 0.54638671875 0.79150390625 193077
0.13818359375 0.4873046875 0.8564453125 193179
0.13818359375 0.4873046875 0.8564453125 193179
0.13818359375 0.4873046875 0.8564453125 193179
0.13818359375 0.4873046875 0.8564453125 193180
0.13818359375 0.4873046875 0.8564453125 193180
0.1650390625 0.4501953125 0.861328125 193281
0.1650390625 0.4501953125 0.861328125 193281
0.1650390625 0.4501953125 0.861328125 193282
0.1650390625 0.4501953125 0.861328125 193282
0.1650390625 0.4501953125 0.861328125 193282
0.16845703125 0.45458984375 0.8408203125 193369
0.1796875 0.44677734375 0.8037109375 193487
0.1796875 0.44677734375 0.8037109375 193488
0.1796875 0.44677734375 0.8037109375 193488
0.1796875 0.44677734375 0.8037109375 193488
0.1796875 0.44677734375 0.8037109375 193489
0.17138671875 0.43017578125 0.7685546875 193564
0.16259765625 0.40087890625 0.767578125 193672
0.16259765625 0.40087890625 0.767578125 193672
0.16259765625 0.40087890625 0.767578125 193673
0.16259765625 0.40087890625 0.767578125 193673
0.16259765625 0.40087890625 0.767578125 193673
0.1455078125 0.28515625 0.81787109375 193775
0.1455078125 0.28515625 0.81787109375 193775
0.1455078125 0.28515625 0.81787109375 193775
0.1455078125 0.28515625 0.81787109375 193776
0.1455078125 0.28515625 0.81787109375 193776
0.04833984375 0.39306640625 0.939453125 193878
0.04833984375 0.39306640625 0.939453125 193878
0.04833984375 0.39306640625 0.939453125 193879
0.04833984375 0.39306640625 0.939453125 193880
0.04833984375 0.39306640625 0.939453125 193880
-0.267578125 0.4609375 0.66943359375 193978
-0.267578125 0.4609375 0.66943359375 193979
-0.267578125 0.4609375 0.66943359375 193980
-0.267578125 0.4609375 0.66943359375 193980
-0.267578125 0.4609375 0.66943359375 193981
-0.5634765625 0.9775390625 -0.2314453125 194080
-0.5634765625 0.9775390625 -0.2314453125 194081
-0.5634765625 0.9775390625 -0.2314453125 194081
-0.5634765625 0.9775390625 -0.2314453125 194082
-0.5634765625 0.9775390625 -0.2314453125 194082
-0.689453125 0.974609375 -0.4677734375 194184
-0.689453125 0.974609375 -0.4677734375 194184
-0.689453125 0.974609375 -0.4677734375 194185
-0.689453125 0.974609375 -0.4677734375 194185
-0.689453125 0.974609375 -0.4677734375 194186
-0.646484375 0.51318359375 0.11767578125 194263
-0.4287109375 0.4609375 0.9404296875 194372
-0.4287109375 0.4609375 0.9404296875 194373
-0.4287109375 0.4609375 0.9404296875 194373
-0.4287109375 0.4609375 0.9404296875 194374
-0.4287109375 0.4609375 0.9404296875 194374
-0.22119140625 0.4833984375 0.64013671875 194474
-0.22119140625 0.4833984375 0.64013671875 194475
-0.22119140625 0.4833984375 0.64013671875 194475
-0.22119140625 0.4833984375 0.64013671875 194476
-0.22119140625 0.4833984375 0.64013671875 194477
-0.255859375 0.56591796875 0.357421875 194578
-0.255859375 0.56591796875 0.357421875 194578
-0.255859375 0.56591796875 0.357421875 194579
-0.255859375 0.56591796875 0.357421875 194579
-0.255859375 0.56591796875 0.357421875 194580
-0.28125 0.83056640625 0.12158203125 194680
-0.28125 0.83056640625 0.12158203125 194681
-0.28125 0.83056640625 0.12158203125 194681
-0.28125 0.83056640625 0.12158203125 194682
-0.28125 0.83056640625 0.12158203125 194682
-0.20263671875 0.86962890625 0.21533203125 194764
-0.060546875 0.904296875 0.474609375 194880
-0.060546875 0.904296875 0.474609375 194881
-0.060546875 0.904296875 0.474609375 194881
-0.060546875 0.904296875 0.474609375 194882
-0.060546875 0.904296875 0.474609375 194882
-0.37109375 1.14501953125 -0.39111328125 194983
-0.37109375 1.14501953125 -0.39111328125 194983
-0.37109375 1.14501953125 -0.39111328125 194984
-0.37109375 1.14501953125 -0.39111328125 194984
-0.37109375 1.14501953125 -0.39111328125 194984
-0.17236328125 0.92919921875 0.25146484375 195085
-0.17236328125 0.92919921875 0.25146484375 195086
-0.17236328125 0.92919921875 0.25146484375 195087
-0.17236328125 0.92919921875 0.25146484375 195088
-0.17236328125 0.92919921875 0.25146484375 195088
-0.0048828125 0.72021484375 0.61328125 195162
0.072265625 0.6416015625 0.73095703125 195275
0.072265625 0.6416015625 0.73095703125 195275
0.072265625 0.6416015625 0.73095703125 195276
0.072265625 0.6416015625 0.73095703125 195276
0.072265625 0.6416015625 0.73095703125 195277
0.125 0.55517578125 0.84130859375 195564
0.125 0.55517578125 0.84130859375 195564
0.125 0.55517578125 0.84130859375 195565
0.125 0.55517578125 0.84130859375 195565
0.125 0.55517578125 0.84130859375 195565
0.12451171875 0.49658203125 0.8388671875 195565
0.10009765625 0.49609375 0.8388671875 195577
0.09619140625 0.5009765625 0.82177734375 195687
0.09619140625 0.5009765625 0.82177734375 195687
0.09619140625 0.5009765625 0.82177734375 195688
0.09619140625 0.5009765625 0.82177734375 195688
0.09619140625 0.5009765625 0.82177734375 195688
0.12353515625 0.47998046875 0.76025390625 195764
0.0947265625 0.45263671875 0.783203125 195874
0.0947265625 0.45263671875 0.783203125 195874
0.0947265625 0.45263671875 0.783203125 195874
0.0947265625 0.45263671875 0.783203125 195875
0.0947265625 0.45263671875 0.783203125 195875
0.05322265625 0.42626953125 0.771484375 195977
0.05322265625 0.42626953125 0.771484375 195977
0.05322265625 0.42626953125 0.771484375 195978
0.05322265625 0.42626953125 0.771484375 195978
0.05322265625 0.42626953125 0.771484375 195978
-0.00732421875 0.283203125 0.83544921875 196082
-0.00732421875 0.283203125 0.83544921875 196082
-0.00732421875 0.283203125 0.83544921875 196082
-0.00732421875 0.283203125 0.83544921875 196083
-0.00732421875 0.283203125 0.83544921875 196083
-0.22607421875 0.46044921875 0.7646484375 196187
-0.22607421875 0.46044921875 0.7646484375 196187
-0.22607421875 0.46044921875 0.7646484375 196188
-0.22607421875 0.46044921875 0.7646484375 196188
-0.22607421875 0.46044921875 0.7646484375 196188
-0.42333984375 0.4775390625 0.41552734375 196263
-0.8984375 1.56787109375 -0.6279296875 196378
-0.8984375 1.56787109375 -0.6279296875 196380
-0.8984375 1.56787109375 -0.6279296875 196380
-0.8984375 1.56787109375 -0.6279296875 196381
-0.8984375 1.56787109375 -0.6279296875 196381
-0.5908203125 0.75634765625 -0.31591796875 196480
-0.5908203125 0.75634765625 -0.31591796875 196480
-0.5908203125 0.75634765625 -0.31591796875 196481
-0.5908203125 0.75634765625 -0.31591796875 196481
-0.5908203125 0.75634765625 -0.31591796875 196482
-0.54833984375 0.35595703125 0.1328125 196585
-0.54833984375 0.35595703125 0.1328125 196586
-0.54833984375 0.35595703125 0.1328125 196586
-0.54833984375 0.35595703125 0.1328125 196587
-0.54833984375 0.35595703125 0.1328125 196587
-0.65771484375 0.55078125 0.66650390625 196676
-0.447265625 0.5146484375 0.44677734375 196787
-0.447265625 0.5146484375 0.44677734375 196787
-0.447265625 0.5146484375 0.44677734375 196788
-0.447265625 0.5146484375 0.44677734375 196788
-0.447265625 0.5146484375 0.44677734375 196789
-0.4072265625 0.6591796875 0.1630859375 196864
-0.61279296875 1.115234375 0.15283203125 196979
-0.61279296875 1.115234375 0.15283203125 196979
-0.61279296875 1.115234375 0.15283203125 196980
-0.61279296875 1.115234375 0.15283203125 196980
-0.61279296875 1.115234375 0.15283203125 196981
-0.4228515625 0.8994140625 0.1376953125 197083
-0.4228515625 0.8994140625 0.1376953125 197083
-0.4228515625 0.8994140625 0.1376953125 197084
-0.4228515625 0.8994140625 0.1376953125 197084
-0.17822265625 0.8232421875 0.0791015625 197186
-0.17822265625 0.8232421875 0.0791015625 197187
-0.17822265625 0.8232421875 0.0791015625 197187
-0.17822265625 0.8232421875 0.0791015625 197188
-0.17822265625 0.8232421875 0.0791015625 197188
-0.37109375 1.28271484375 -0.19580078125 197289
-0.37109375 1.28271484375 -0.19580078125 197289
-0.37109375 1.28271484375 -0.19580078125 197290
-0.37109375 1.28271484375 -0.19580078125 197291
-0.37109375 1.28271484375 -0.19580078125 197291
-0.34228515625 0.8935546875 0.1025390625 197367
-0.1533203125 0.728515625 0.69189453125 197479
-0.1533203125 0.728515625 0.69189453125 197495
-0.1533203125 0.728515625 0.69189453125 197496
-0.1533203125 0.728515625 0.69189453125 197496
-0.1533203125 0.728515625 0.69189453125 197496
0.00048828125 0.72265625 0.5546875 197583
0.00048828125 0.72265625 0.5546875 197583
0.0380859375 0.6484375 0.7626953125 197685
0.0380859375 0.6484375 0.7626953125 197685
0.0380859375 0.6484375 0.7626953125 197686
0.0380859375 0.6484375 0.7626953125 197686
0.0380859375 0.6484375 0.7626953125 197687
0.076171875 0.54541015625 0.83935546875 197787
0.076171875 0.54541015625 0.83935546875 197787
0.076171875 0.54541015625 0.83935546875 197788
0.076171875 0.54541015625 0.83935546875 197788
0.076171875 0.54541015625 0.83935546875 197788
0.07275390625 0.4609375 0.83984375 198192
0.07275390625 0.4609375 0.83984375 198193
0.07275390625 0.4609375 0.83984375 198193
0.07275390625 0.4609375 0.83984375 198193
0.07275390625 0.4609375 0.83984375 198194
0.08251953125 0.431640625 0.8271484375 198194
0.0888671875 0.43994140625 0.83544921875 198194
0.1123046875 0.4541015625 0.822265625 198195
0.1064453125 0.4873046875 0.763671875 198286
0.099609375 0.4619140625 0.7861328125 198388
0.099609375 0.4619140625 0.7861328125 198388
0.099609375 0.4619140625 0.7861328125 198389
0.099609375 0.4619140625 0.7861328125 198389
0.099609375 0.4619140625 0.7861328125 198389
0.0888671875 0.35498046875 0.8251953125 198476
0.0107421875 0.259765625 0.77099609375 198615
0.0107421875 0.259765625 0.77099609375 198615
0.0107421875 0.259765625 0.77099609375 198616
0.0107421875 0.259765625 0.77099609375 198616
0.0107421875 0.259765625 0.77099609375 198616
-0.1328125 0.45068359375 0.8095703125 198682
-0.423828125 0.49560546875 0.62109375 198774
-0.423828125 0.49560546875 0.62109375 198785
-0.423828125 0.49560546875 0.62109375 198785
-0.423828125 0.49560546875 0.62109375 198785
-0.423828125 0.49560546875 0.62109375 198786
-0.4853515625 0.86328125 -0.5126953125 198889
-0.4853515625 0.86328125 -0.5126953125 198889
-0.4853515625 0.86328125 -0.5126953125 198890
-0.4853515625 0.86328125 -0.5126953125 198890
-0.4853515625 0.86328125 -0.5126953125 198891
-0.76806640625 1.0654296875 -0.5947265625 198987
-0.5888671875 0.41162109375 0.02294921875 199070
-0.5888671875 0.41162109375 0.02294921875 199071
-0.5888671875 0.41162109375 0.02294921875 199071
-0.5888671875 0.41162109375 0.02294921875 199072
-0.5888671875 0.41162109375 0.02294921875 199073
-0.5087890625 0.29541015625 0.8271484375 199181
-0.5087890625 0.29541015625 0.8271484375 199181
-0.5087890625 0.29541015625 0.8271484375 199182
-0.5087890625 0.29541015625 0.8271484375 199182
-0.5087890625 0.29541015625 0.8271484375 199182
-0.36962890625 0.49072265625 0.51318359375 199285
-0.36962890625 0.49072265625 0.51318359375 199285
-0.36962890625 0.49072265625 0.51318359375 199286
-0.36962890625 0.49072265625 0.51318359375 199286
-0.36962890625 0.49072265625 0.51318359375 199287
-0.43115234375 0.7265625 0.232421875 199388
-0.43115234375 0.7265625 0.232421875 199388
-0.43115234375 0.7265625 0.232421875 199389
-0.43115234375 0.7265625 0.232421875 199389
-0.43115234375 0.7265625 0.232421875 199390
-0.48046875 1.03955078125 0.248046875 199489
-0.48046875 1.03955078125 0.248046875 199489
-0.48046875 1.03955078125 0.248046875 199490
-0.48046875 1.03955078125 0.248046875 199490
-0.48046875 1.03955078125 0.248046875 199491
-0.25390625 0.92919921875 -0.01220703125 199579
-0.2490234375 0.8974609375 0.47509765625 199681
-0.2490234375 0.8974609375 0.47509765625 199682
-0.2490234375 0.8974609375 0.47509765625 199682
-0.2490234375 0.8974609375 0.47509765625 199683
-0.2490234375 0.8974609375 0.47509765625 199683
-0.28369140625 1.271484375 0.05029296875 199783
-0.28369140625 1.271484375 0.05029296875 199784
-0.28369140625 1.271484375 0.05029296875 199784
-0.28369140625 1.271484375 0.05029296875 199785
-0.28369140625 1.271484375 0.05029296875 199785
-0.416015625 0.97021484375 0.0341796875 199887
-0.416015625 0.97021484375 0.0341796875 199887
-0.416015625 0.97021484375 0.0341796875 199888
-0.416015625 0.97021484375 0.0341796875 199888
-0.416015625 0.97021484375 0.0341796875 199889
-0.224609375 0.79638671875 0.47216796875 199993
-0.224609375 0.79638671875 0.47216796875 199993
-0.224609375 0.79638671875 0.47216796875 199994
-0.224609375 0.79638671875 0.47216796875 199994
-0.224609375 0.79638671875 0.47216796875 199995
-0.06884765625 0.7744140625 0.587890625 200073
-0.01025390625 0.67529296875 0.73291015625 200182
-0.01025390625 0.67529296875 0.73291015625 200182
-0.01025390625 0.67529296875 0.73291015625 200183
-0.01025390625 0.67529296875 0.73291015625 200183
-0.01025390625 0.67529296875 0.73291015625 200184
0.0673828125 0.52734375 0.82958984375 200284
0.0673828125 0.52734375 0.82958984375 200284
0.0673828125 0.52734375 0.82958984375 200285
0.0673828125 0.52734375 0.82958984375 200285
0.0673828125 0.52734375 0.82958984375 200286
0.09326171875 0.46435546875 0.8896484375 200387
0.09326171875 0.46435546875 0.8896484375 200388
0.09326171875 0.46435546875 0.8896484375 200388
0.09326171875 0.46435546875 0.8896484375 200389
0.064453125 0.43603515625 0.8466796875 200491
0.064453125 0.43603515625 0.8466796875 200491
0.064453125 0.43603515625 0.8466796875 200492
0.064453125 0.43603515625 0.8466796875 200492
0.064453125 0.43603515625 0.8466796875 200493
0.03955078125 0.45947265625 0.81494140625 200571
0.0517578125 0.47705078125 0.83642578125 200682
0.0517578125 0.47705078125 0.83642578125 200682
0.0517578125 0.47705078125 0.83642578125 200683
0.0517578125 0.47705078125 0.83642578125 200683
0.0517578125 0.47705078125 0.83642578125 200683
0.07958984375 0.453125 0.8046875 200789
0.07958984375 0.453125 0.8046875 200789
0.07958984375 0.453125 0.8046875 200790
0.07958984375 0.453125 0.8046875 200790
0.07958984375 0.453125 0.8046875 200791
0.07958984375 0.3896484375 0.771484375 200891
0.07958984375 0.3896484375 0.771484375 200891
0.07958984375 0.3896484375 0.771484375 200892
0.07958984375 0.3896484375 0.771484375 200892
0.07958984375 0.3896484375 0.771484375 200893
0.05419921875 0.35400390625 0.72900390625 200994
0.05419921875 0.35400390625 0.72900390625 200994
0.05419921875 0.35400390625 0.72900390625 200995
0.05419921875 0.35400390625 0.72900390625 200995
0.05419921875 0.35400390625 0.72900390625 200996
0.0166015625 0.265625 0.8583984375 201071
-0.15673828125 0.37353515625 0.88623046875 201186
-0.15673828125 0.37353515625 0.88623046875 201186
-0.15673828125 0.37353515625 0.88623046875 201187
-0.15673828125 0.37353515625 0.88623046875 201188
-0.15673828125 0.37353515625 0.88623046875 201188
-0.37109375 0.45458984375 0.64794921875 201290
-0.37109375 0.45458984375 0.64794921875 201290
-0.37109375 0.45458984375 0.64794921875 201291
-0.37109375 0.45458984375 0.64794921875 201291
-0.37109375 0.45458984375 0.64794921875 201292
-0.6171875 0.90966796875 -0.23046875 201394
-0.6171875 0.90966796875 -0.23046875 201394
-0.6171875 0.90966796875 -0.23046875 201395
-0.6171875 0.90966796875 -0.23046875 201395
-0.6171875 0.90966796875 -0.23046875 201396
-0.57080078125 0.69287109375 -0.47265625 201472
-0.63037109375 0.39453125 0.1142578125 201584
-0.63037109375 0.39453125 0.1142578125 201584
-0.63037109375 0.39453125 0.1142578125 201585
-0.63037109375 0.39453125 0.1142578125 201585
-0.63037109375 0.39453125 0.1142578125 201586
-0.599609375 0.443359375 0.74951171875 201686
-0.599609375 0.443359375 0.74951171875 201687
-0.599609375 0.443359375 0.74951171875 201687
-0.599609375 0.443359375 0.74951171875 201689
-0.599609375 0.443359375 0.74951171875 201690
-0.5166015625 0.64892578125 0.42333984375 201796
-0.5166015625 0.64892578125 0.42333984375 201796
-0.5166015625 0.64892578125 0.42333984375 201797
-0.5166015625 0.64892578125 0.42333984375 201797
-0.5166015625 0.64892578125 0.42333984375 201798
-0.29833984375 0.66650390625 0.06591796875 201882
-0.36376953125 0.90869140625 -0.09716796875 201984
-0.36376953125 0.90869140625 -0.09716796875 201984
-0.36376953125 0.90869140625 -0.09716796875 201985
-0.36376953125 0.90869140625 -0.09716796875 201985
-0.36376953125 0.90869140625 -0.09716796875 201986
-0.09912109375 0.77880859375 0.0751953125 202088
-0.09912109375 0.77880859375 0.0751953125 202088
-0.09912109375 0.77880859375 0.0751953125 202089
-0.09912109375 0.77880859375 0.0751953125 202089
-0.09912109375 0.77880859375 0.0751953125 202089
-0.3271484375 1.1943359375 -0.09814453125 202190
-0.3271484375 1.1943359375 -0.09814453125 202191
-0.3271484375 1.1943359375 -0.09814453125 202192
-0.3271484375 1.1943359375 -0.09814453125 202192
-0.1318359375 0.71337890625 0.18505859375 202287
-0.1318359375 0.71337890625 0.18505859375 202288
-0.14892578125 0.9775390625 0.15283203125 202386
-0.14892578125 0.9775390625 0.15283203125 202386
-0.14892578125 0.9775390625 0.15283203125 202387
-0.14892578125 0.9775390625 0.15283203125 202387
0.0517578125 0.826171875 0.60693359375 202599
0.0517578125 0.826171875 0.60693359375 202600
0.0517578125 0.826171875 0.60693359375 202600
0.0517578125 0.826171875 0.60693359375 202600
0.0517578125 0.826171875 0.60693359375 202601
0.09033203125 0.6923828125 0.68994140625 202615
0.078125 0.69873046875 0.7001953125 202693
0.12255859375 0.56103515625 0.7568359375 202785
0.12255859375 0.56103515625 0.7568359375 202785
0.12255859375 0.56103515625 0.7568359375 202786
0.12255859375 0.56103515625 0.7568359375 202786
0.12255859375 0.56103515625 0.7568359375 202786
0.125 0.4873046875 0.8720703125 202887
0.125 0.4873046875 0.8720703125 202887
0.125 0.4873046875 0.8720703125 202888
0.125 0.4873046875 0.8720703125 202888
0.125 0.4873046875 0.8720703125 202888
0.1318359375 0.47802734375 0.8623046875 202990
0.1318359375 0.47802734375 0.8623046875 202990
0.1318359375 0.47802734375 0.8623046875 202991
0.1318359375 0.47802734375 0.8623046875 202991
0.1318359375 0.47802734375 0.8623046875 202992
0.15771484375 0.48193359375 0.8623046875 203094
0.15771484375 0.48193359375 0.8623046875 203099
0.15771484375 0.48193359375 0.8623046875 203100
0.15771484375 0.48193359375 0.8623046875 203101
0.15771484375 0.48193359375 0.8623046875 203101
0.1611328125 0.49853515625 0.87451171875 203195
0.1611328125 0.49853515625 0.87451171875 203195
0.15771484375 0.48046875 0.814453125 203300
0.15771484375 0.48046875 0.814453125 203300
0.15771484375 0.48046875 0.814453125 203301
0.15771484375 0.48046875 0.814453125 203301
0.15771484375 0.48046875 0.814453125 203302
0.1630859375 0.4423828125 0.80224609375 203379
0.1279296875 0.37841796875 0.72900390625 203487
0.1279296875 0.37841796875 0.72900390625 203487
0.1279296875 0.37841796875 0.72900390625 203488
0.1279296875 0.37841796875 0.72900390625 203488
0.1279296875 0.37841796875 0.72900390625 203488
0.1298828125 0.2490234375 0.796875 203591
0.1298828125 0.2490234375 0.796875 203591
0.1298828125 0.2490234375 0.796875 203591
0.1298828125 0.2490234375 0.796875 203592
0.1298828125 0.2490234375 0.796875 203592
-0.12646484375 0.32177734375 0.84033203125 203693
-0.12646484375 0.32177734375 0.84033203125 203693
-0.12646484375 0.32177734375 0.84033203125 203693
-0.12646484375 0.32177734375 0.84033203125 203694
-0.40625 0.54833984375 0.63134765625 203797
-0.40625 0.54833984375 0.63134765625 203797
-0.40625 0.54833984375 0.63134765625 203797
-0.40625 0.54833984375 0.63134765625 203798
-0.40625 0.54833984375 0.63134765625 203798
-0.78125 1.244140625 -0.19384765625 203875
-0.5068359375 0.68994140625 -0.19287109375 203988
-0.5068359375 0.68994140625 -0.19287109375 203988
-0.5068359375 0.68994140625 -0.19287109375 203989
-0.5068359375 0.68994140625 -0.19287109375 203989
-0.5068359375 0.68994140625 -0.19287109375 203990
-0.5908203125 0.62158203125 -0.072265625 204091
-0.5908203125 0.62158203125 -0.072265625 204091
-0.5908203125 0.62158203125 -0.072265625 204091
-0.5908203125 0.62158203125 -0.072265625 204092
-0.5908203125 0.62158203125 -0.072265625 204092
-0.51123046875 0.39697265625 0.75048828125 204193
-0.51123046875 0.39697265625 0.75048828125 204193
-0.51123046875 0.39697265625 0.75048828125 204193
-0.51123046875 0.39697265625 0.75048828125 204194
-0.51123046875 0.39697265625 0.75048828125 204194
-0.3408203125 0.50830078125 0.5693359375 204296
-0.3408203125 0.50830078125 0.5693359375 204296
-0.3408203125 0.50830078125 0.5693359375 204296
-0.3408203125 0.50830078125 0.5693359375 204297
-0.3408203125 0.50830078125 0.5693359375 204297
-0.40673828125 0.72021484375 0.42138671875 204399
-0.40673828125 0.72021484375 0.42138671875 204399
-0.40673828125 0.72021484375 0.42138671875 204400
-0.40673828125 0.72021484375 0.42138671875 204400
-0.40673828125 0.72021484375 0.42138671875 204400
-0.52294921875 0.96630859375 0.12158203125 204477
-0.466796875 0.9921875 0.16650390625 204588
-0.466796875 0.9921875 0.16650390625 204588
-0.466796875 0.9921875 0.16650390625 204589
-0.466796875 0.9921875 0.16650390625 204589
-0.466796875 0.9921875 0.16650390625 204589
-0.232421875 0.712890625 0.11572265625 204691
-0.232421875 0.712890625 0.11572265625 204691
-0.232421875 0.712890625 0.11572265625 204691
-0.232421875 0.712890625 0.11572265625 204692
-0.232421875 0.712890625 0.11572265625 204692
-0.12744140625 1.03662109375 0.41455078125 204794
-0.12744140625 1.03662109375 0.41455078125 204794
-0.12744140625 1.03662109375 0.41455078125 204795
-0.12744140625 1.03662109375 0.41455078125 204795
-0.12744140625 1.03662109375 0.41455078125 204795
-0.32421875 1.04150390625 0.04736328125 204896
-0.32421875 1.04150390625 0.04736328125 204896
-0.32421875 1.04150390625 0.04736328125 204896
-0.32421875 1.04150390625 0.04736328125 204897
-0.32421875 1.04150390625 0.04736328125 204897
-0.20068359375 0.84814453125 0.27880859375 204998
-0.20068359375 0.84814453125 0.27880859375 204998
-0.20068359375 0.84814453125 0.27880859375 204998
-0.20068359375 0.84814453125 0.27880859375 204999
-0.20068359375 0.84814453125 0.27880859375 204999
-0.041015625 0.740234375 0.55322265625 205083
0.041015625 0.69970703125 0.70947265625 205189
0.041015625 0.69970703125 0.70947265625 205189
0.041015625 0.69970703125 0.70947265625 205190
0.041015625 0.69970703125 0.70947265625 205190
0.041015625 0.69970703125 0.70947265625 205191
0.1376953125 0.56884765625 0.8671875 205291
0.1376953125 0.56884765625 0.8671875 205291
0.1376953125 0.56884765625 0.8671875 205292
0.1376953125 0.56884765625 0.8671875 205292
0.1376953125 0.56884765625 0.8671875 205293
0.1201171875 0.494140625 0.81103515625 205393
0.1201171875 0.494140625 0.81103515625 205393
0.1201171875 0.494140625 0.81103515625 205393
0.1201171875 0.494140625 0.81103515625 205394
0.1201171875 0.494140625 0.81103515625 205394
0.07177734375 0.46728515625 0.806640625 205496
0.07177734375 0.46728515625 0.806640625 205496
0.07177734375 0.46728515625 0.806640625 205496
0.07177734375 0.46728515625 0.806640625 205497
0.07177734375 0.46728515625 0.806640625 205497
0.08251953125 0.46240234375 0.83447265625 205599
0.08251953125 0.46240234375 0.83447265625 205599
0.08251953125 0.46240234375 0.83447265625 205599
0.08251953125 0.46240234375 0.83447265625 205600
0.08251953125 0.46240234375 0.83447265625 205600
0.07861328125 0.46875 0.8466796875 205678
0.056640625 0.5234375 0.8115234375 205990
0.056640625 0.5234375 0.8115234375 205991
0.056640625 0.5234375 0.8115234375 205991
0.056640625 0.5234375 0.8115234375 205992
0.056640625 0.5234375 0.8115234375 205992
0.0634765625 0.5048828125 0.75244140625 205993
0.11376953125 0.4140625 0.70703125 205994
0.12255859375 0.27685546875 0.81689453125 206097
0.12255859375 0.27685546875 0.81689453125 206097
0.12255859375 0.27685546875 0.81689453125 206098
0.12255859375 0.27685546875 0.81689453125 206098
0.12255859375 0.27685546875 0.81689453125 206098
0.04248046875 0.23046875 0.85107421875 206199
0.04248046875 0.23046875 0.85107421875 206199
0.04248046875 0.23046875 0.85107421875 206199
0.04248046875 0.23046875 0.85107421875 206200
0.04248046875 0.23046875 0.85107421875 206200
-0.1142578125 0.33251953125 0.73583984375 206303
-0.1142578125 0.33251953125 0.73583984375 206303
-0.1142578125 0.33251953125 0.73583984375 206304
-0.1142578125 0.33251953125 0.73583984375 206304
-0.1142578125 0.33251953125 0.73583984375 206304
-0.751953125 1.1953125 0.0302734375 206381
-0.57421875 0.65087890625 -0.224609375 206492
-0.57421875 0.65087890625 -0.224609375 206492
-0.57421875 0.65087890625 -0.224609375 206493
-0.57421875 0.65087890625 -0.224609375 206493
-0.57421875 0.65087890625 -0.224609375 206493
-0.646484375 0.41357421875 0.30078125 206598
-0.646484375 0.41357421875 0.30078125 206598
-0.646484375 0.41357421875 0.30078125 206598
-0.646484375 0.41357421875 0.30078125 206599
-0.646484375 0.41357421875 0.30078125 206599
-0.48583984375 0.4814453125 0.611328125 206704
-0.48583984375 0.4814453125 0.611328125 206705
-0.48583984375 0.4814453125 0.611328125 206705
-0.48583984375 0.4814453125 0.611328125 206705
-0.48583984375 0.4814453125 0.611328125 206706
-0.3486328125 0.5810546875 0.50537109375 206780
-0.2490234375 0.68408203125 0.0078125 206895
-0.2490234375 0.68408203125 0.0078125 206895
-0.2490234375 0.68408203125 0.0078125 206895
-0.2490234375 0.68408203125 0.0078125 206896
-0.2490234375 0.68408203125 0.0078125 206896
-0.3828125 0.93603515625 0.0048828125 206998
-0.3828125 0.93603515625 0.0048828125 207000
-0.3828125 0.93603515625 0.0048828125 207000
-0.3828125 0.93603515625 0.0048828125 207001
-0.3828125 0.93603515625 0.0048828125 207003
-0.40625 0.8955078125 0.107421875 207101
-0.40625 0.8955078125 0.107421875 207101
-0.40625 0.8955078125 0.107421875 207102
-0.40625 0.8955078125 0.107421875 207102
-0.40625 0.8955078125 0.107421875 207103
-0.09619140625 0.87451171875 -0.0234375 207204
-0.09619140625 0.87451171875 -0.0234375 207204
-0.09619140625 0.87451171875 -0.0234375 207204
-0.09619140625 0.87451171875 -0.0234375 207205
-0.09619140625 0.87451171875 -0.0234375 207205
-0.18798828125 0.9814453125 0.09912109375 207281
-0.42041015625 1.0986328125 -0.24365234375 207433
-0.42041015625 1.0986328125 -0.24365234375 207433
-0.42041015625 1.0986328125 -0.24365234375 207434
-0.42041015625 1.0986328125 -0.24365234375 207434
-0.42041015625 1.0986328125 -0.24365234375 207434
0.0244140625 0.88037109375 0.1103515625 207555
0.0244140625 0.88037109375 0.1103515625 207555
0.0244140625 0.88037109375 0.1103515625 207556
0.0244140625 0.88037109375 0.1103515625 207556
0.0244140625 0.88037109375 0.1103515625 207557
-0.02392578125 0.91796875 0.55419921875 207600
-0.00830078125 0.76904296875 0.61669921875 207702
-0.00830078125 0.76904296875 0.61669921875 207702
-0.00830078125 0.76904296875 0.61669921875 207703
-0.00830078125 0.76904296875 0.61669921875 207703
-0.00830078125 0.76904296875 0.61669921875 207703
-0.03955078125 0.69970703125 0.65283203125 207805
-0.03955078125 0.69970703125 0.65283203125 207805
-0.03955078125 0.69970703125 0.65283203125 207806
-0.03955078125 0.69970703125 0.65283203125 207806
-0.03955078125 0.69970703125 0.65283203125 207806
-0.0830078125 0.66455078125 0.6103515625 207882
0.0126953125 0.5185546875 0.73974609375 207994
0.0126953125 0.5185546875 0.73974609375 207994
0.0126953125 0.5185546875 0.73974609375 207995
0.0126953125 0.5185546875 0.73974609375 207995
0.0126953125 0.5185546875 0.73974609375 207995
0.07568359375 0.51318359375 0.86279296875 208102
0.07568359375 0.51318359375 0.86279296875 208120
0.07568359375 0.51318359375 0.86279296875 208121
0.07568359375 0.51318359375 0.86279296875 208121
0.07568359375 0.51318359375 0.86279296875 208121
0.10400390625 0.5078125 0.8447265625 208205
0.10400390625 0.5078125 0.8447265625 208205
0.107421875 0.515625 0.78857421875 208283
0.107421875 0.515625 0.78857421875 208283
0.107421875 0.515625 0.78857421875 208283
0.107421875 0.515625 0.78857421875 208284
0.1064453125 0.43359375 0.734375 208393
0.1064453125 0.43359375 0.734375 208393
0.1064453125 0.43359375 0.734375 208394
0.1064453125 0.43359375 0.734375 208394
0.1064453125 0.43359375 0.734375 208395
0.09423828125 0.2763671875 0.75 208499
0.09423828125 0.2763671875 0.75 208499
0.09423828125 0.2763671875 0.75 208500
0.09423828125 0.2763671875 0.75 208500
0.09423828125 0.2763671875 0.75 208500
-0.1279296875 0.26123046875 0.73681640625 208600
-0.1279296875 0.26123046875 0.73681640625 208600
-0.34814453125 0.45166015625 0.69384765625 208704
-0.34814453125 0.45166015625 0.69384765625 208704
-0.34814453125 0.45166015625 0.69384765625 208705
-0.34814453125 0.45166015625 0.69384765625 208705
-0.34814453125 0.45166015625 0.69384765625 208705
-0.4267578125 0.53125 0.08203125 208806
-0.4267578125 0.53125 0.08203125 208806
-0.4267578125 0.53125 0.08203125 208806
-0.4267578125 0.53125 0.08203125 208807
-0.4267578125 0.53125 0.08203125 208807
-0.92919921875 1.1884765625 -0.44189453125 208884
-0.6328125 0.51025390625 0.1806640625 208991
-0.6328125 0.51025390625 0.1806640625 208991
-0.6328125 0.51025390625 0.1806640625 208991
-0.6328125 0.51025390625 0.1806640625 208992
-0.6328125 0.51025390625 0.1806640625 208992
-0.3662109375 0.375 0.880859375 209093
-0.3662109375 0.375 0.880859375 209093
-0.3662109375 0.375 0.880859375 209093
-0.3662109375 0.375 0.880859375 209094
-0.3662109375 0.375 0.880859375 209094
-0.27978515625 0.5205078125 0.5576171875 209199
-0.27978515625 0.5205078125 0.5576171875 209199
-0.27978515625 0.5205078125 0.5576171875 209199
-0.27978515625 0.5205078125 0.5576171875 209200
-0.27978515625 0.5205078125 0.5576171875 209200
-0.2734375 0.59228515625 0.0078125 209308
-0.2734375 0.59228515625 0.0078125 209308
-0.2734375 0.59228515625 0.0078125 209308
-0.2734375 0.59228515625 0.0078125 209309
-0.2734375 0.59228515625 0.0078125 209309
-0.3798828125 0.9404296875 0.4404296875 209391
-0.25732421875 0.892578125 0.439453125 209496
-0.25732421875 0.892578125 0.439453125 209496
-0.25732421875 0.892578125 0.439453125 209497
-0.25732421875 0.892578125 0.439453125 209497
-0.25732421875 0.892578125 0.439453125 209497
-0.00537109375 0.82763671875 0.3203125 209598
-0.00537109375 0.82763671875 0.3203125 209598
-0.00537109375 0.82763671875 0.3203125 209598
-0.00537109375 0.82763671875 0.3203125 209599
-0.00537109375 0.82763671875 0.3203125 209599
-0.173828125 0.82373046875 0.212890625 209703
-0.173828125 0.82373046875 0.212890625 209703
-0.173828125 0.82373046875 0.212890625 209704
-0.173828125 0.82373046875 0.212890625 209704
-0.173828125 0.82373046875 0.212890625 209704
-0.18017578125 0.79541015625 0.419921875 209807
-0.18017578125 0.79541015625 0.419921875 209808
-0.18017578125 0.79541015625 0.419921875 209808
-0.18017578125 0.79541015625 0.419921875 209809
-0.18017578125 0.79541015625 0.419921875 209809
-0.025390625 0.7431640625 0.67626953125 209885
0.068359375 0.59130859375 0.689453125 209998
0.068359375 0.59130859375 0.689453125 209998
0.068359375 0.59130859375 0.689453125 209999
0.068359375 0.59130859375 0.689453125 209999
0.068359375 0.59130859375 0.689453125 210000
0.0859375 0.5322265625 0.79345703125 210129
0.0859375 0.5322265625 0.79345703125 210130
0.0859375 0.5322265625 0.79345703125 210130
0.0859375 0.5322265625 0.79345703125 210131
0.0859375 0.5322265625 0.79345703125 210131
0.14501953125 0.478515625 0.85205078125 210205
0.16796875 0.45654296875 0.87646484375 210307
0.16796875 0.45654296875 0.87646484375 210307
0.16796875 0.45654296875 0.87646484375 210308
0.16796875 0.45654296875 0.87646484375 210308
0.16796875 0.45654296875 0.87646484375 210308
0.19775390625 0.47314453125 0.880859375 210471
0.19775390625 0.47314453125 0.880859375 210472
0.19775390625 0.47314453125 0.880859375 210472
0.19775390625 0.47314453125 0.880859375 210473
0.19775390625 0.47314453125 0.880859375 210473
0.14990234375 0.51611328125 0.857421875 210498
0.09375 0.447265625 0.77197265625 210757
0.09375 0.447265625 0.77197265625 210757
0.09375 0.447265625 0.77197265625 210757
0.09375 0.447265625 0.77197265625 210758
0.09375 0.447265625 0.77197265625 210758
0.11083984375 0.33203125 0.70166015625 210758
0.15087890625 0.130859375 0.76611328125 210806
-0.0224609375 0.16357421875 0.74853515625 210908
-0.0224609375 0.16357421875 0.74853515625 210908
-0.0224609375 0.16357421875 0.74853515625 210908
-0.0224609375 0.16357421875 0.74853515625 210909
-0.0224609375 0.16357421875 0.74853515625 210909
-0.359375 0.50244140625 0.64697265625 210987
-0.83251953125 1.2861328125 -0.24365234375 211098
-0.83251953125 1.2861328125 -0.24365234375 211098
-0.83251953125 1.2861328125 -0.24365234375 211099
-0.83251953125 1.2861328125 -0.24365234375 211099
-0.83251953125 1.2861328125 -0.24365234375 211100
-0.60791015625 0.6494140625 -0.2529296875 211201
-0.60791015625 0.6494140625 -0.2529296875 211202
-0.60791015625 0.6494140625 -0.2529296875 211202
-0.60791015625 0.6494140625 -0.2529296875 211203
-0.60791015625 0.6494140625 -0.2529296875 211203
-0.54541015625 0.3564453125 0.24462890625 211304
-0.54541015625 0.3564453125 0.24462890625 211304
-0.54541015625 0.3564453125 0.24462890625 211305
-0.54541015625 0.3564453125 0.24462890625 211305
-0.54541015625 0.3564453125 0.24462890625 211305
-0.5 0.51025390625 0.73486328125 211406
-0.5 0.51025390625 0.73486328125 211406
-0.5 0.51025390625 0.73486328125 211407
-0.5 0.51025390625 0.73486328125 211407
-0.5 0.51025390625 0.73486328125 211408
-0.26708984375 0.5859375 0.5947265625 211508
-0.26708984375 0.5859375 0.5947265625 211508
-0.26708984375 0.5859375 0.5947265625 211509
-0.26708984375 0.5859375 0.5947265625 211509
-0.26708984375 0.5859375 0.5947265625 211509
-0.42578125 0.8291015625 0.12744140625 211600
-0.43994140625 1.05419921875 0.29736328125 211701
-0.43994140625 1.05419921875 0.29736328125 211701
-0.43994140625 1.05419921875 0.29736328125 211702
-0.43994140625 1.05419921875 0.29736328125 211702
-0.43994140625 1.05419921875 0.29736328125 211710
-0.14306640625 0.87841796875 0.3134765625 211803
-0.14306640625 0.87841796875 0.3134765625 211803
-0.14306640625 0.87841796875 0.3134765625 211804
-0.14306640625 0.87841796875 0.3134765625 211804
-0.14306640625 0.87841796875 0.3134765625 211805
-0.08447265625 1.02099609375 0.57275390625 211905
-0.08447265625 1.02099609375 0.57275390625 211905
-0.08447265625 1.02099609375 0.57275390625 211906
-0.08447265625 1.02099609375 0.57275390625 211906
-0.08447265625 1.02099609375 0.57275390625 211907
-0.30126953125 1.048828125 0.1279296875 212009
-0.30126953125 1.048828125 0.1279296875 212010
-0.30126953125 1.048828125 0.1279296875 212010
-0.30126953125 1.048828125 0.1279296875 212011
-0.30126953125 1.048828125 0.1279296875 212011
-0.1455078125 0.81689453125 0.51123046875 212088
-0.064453125 0.7861328125 0.6259765625 212200
-0.064453125 0.7861328125 0.6259765625 212200
-0.064453125 0.7861328125 0.6259765625 212201
-0.064453125 0.7861328125 0.6259765625 212201
-0.064453125 0.7861328125 0.6259765625 212202
-0.0087890625 0.66650390625 0.66455078125 212302
-0.0087890625 0.66650390625 0.66455078125 212302
-0.0087890625 0.66650390625 0.66455078125 212303
-0.0087890625 0.66650390625 0.66455078125 212303
-0.0087890625 0.66650390625 0.66455078125 212303
0.0400390625 0.59619140625 0.765625 212406
0.0400390625 0.59619140625 0.765625 212406
0.0400390625 0.59619140625 0.765625 212407
0.0400390625 0.59619140625 0.765625 212407
0.0400390625 0.59619140625 0.765625 212408
0.05126953125 0.552734375 0.78271484375 212508
0.05126953125 0.552734375 0.78271484375 212508
0.05126953125 0.552734375 0.78271484375 212509
0.05126953125 0.552734375 0.78271484375 212509
0.05126953125 0.552734375 0.78271484375 212509
0.056640625 0.52099609375 0.8056640625 212611
0.056640625 0.52099609375 0.8056640625 212611
0.056640625 0.52099609375 0.8056640625 212612
0.056640625 0.52099609375 0.8056640625 212612
0.056640625 0.52099609375 0.8056640625 212613
0.09228515625 0.48193359375 0.798828125 212689
0.09716796875 0.5087890625 0.80517578125 212859
0.09716796875 0.5087890625 0.80517578125 212859
0.09716796875 0.5087890625 0.80517578125 212860
0.09716796875 0.5087890625 0.80517578125 212860
0.09716796875 0.5087890625 0.80517578125 212860
0.09814453125 0.49365234375 0.78564453125 212902
0.08251953125 0.4189453125 0.72119140625 213011
0.08251953125 0.4189453125 0.72119140625 213011
0.08251953125 0.4189453125 0.72119140625 213011
0.08251953125 0.4189453125 0.72119140625 213012
0.08251953125 0.4189453125 0.72119140625 213012
0.07275390625 0.279296875 0.82275390625 213107
0.00537109375 0.189453125 0.76904296875 213210
0.00537109375 0.189453125 0.76904296875 213210
0.00537109375 0.189453125 0.76904296875 213210
0.00537109375 0.189453125 0.76904296875 213211
0.00537109375 0.189453125 0.76904296875 213211
-0.169921875 0.35693359375 0.771484375 213328
-0.169921875 0.35693359375 0.771484375 213328
-0.169921875 0.35693359375 0.771484375 213329
-0.169921875 0.35693359375 0.771484375 213329
-0.169921875 0.35693359375 0.771484375 213329
-0.42529296875 0.50146484375 0.54638671875 213402
-0.78076171875 1.0751953125 -0.3564453125 213511
-0.78076171875 1.0751953125 -0.3564453125 213511
-0.78076171875 1.0751953125 -0.3564453125 213519
-0.78076171875 1.0751953125 -0.3564453125 213520
-0.78076171875 1.0751953125 -0.3564453125 213520
-0.66162109375 0.61767578125 -0.09423828125 213614
-0.66162109375 0.61767578125 -0.09423828125 213614
-0.66162109375 0.61767578125 -0.09423828125 213614
-0.56689453125 0.349609375 0.318359375 213704
-0.56689453125 0.349609375 0.318359375 213705
-0.56689453125 0.349609375 0.318359375 213705
-0.44580078125 0.46923828125 0.72705078125 213806
-0.44580078125 0.46923828125 0.72705078125 213806
-0.44580078125 0.46923828125 0.72705078125 213807
-0.44580078125 0.46923828125 0.72705078125 213807
-0.44580078125 0.46923828125 0.72705078125 213807
-0.361328125 0.552734375 0.498046875 213907
-0.361328125 0.552734375 0.498046875 213907
-0.361328125 0.552734375 0.498046875 213907
-0.33935546875 0.77392578125 0.1806640625 213993
-0.33935546875 0.77392578125 0.1806640625 213993
-0.33935546875 0.77392578125 0.1806640625 213994
-0.197265625 0.87255859375 0.23681640625 214105
-0.197265625 0.87255859375 0.23681640625 214105
-0.197265625 0.87255859375 0.23681640625 214106
-0.197265625 0.87255859375 0.23681640625 214106
-0.197265625 0.87255859375 0.23681640625 214107
-0.01953125 0.77783203125 0.15283203125 214206
-0.01953125 0.77783203125 0.15283203125 214207
-0.01953125 0.77783203125 0.15283203125 214207
-0.01953125 0.77783203125 0.15283203125 214208
-0.01953125 0.77783203125 0.15283203125 214208
0.00830078125 0.81982421875 0.3623046875 214310
0.00830078125 0.81982421875 0.3623046875 214311
0.00830078125 0.81982421875 0.3623046875 214313
0.00830078125 0.81982421875 0.3623046875 214313
0.00830078125 0.81982421875 0.3623046875 214314
-0.16259765625 1.02978515625 0.06103515625 214412
-0.16259765625 1.02978515625 0.06103515625 214412
-0.16259765625 1.02978515625 0.06103515625 214413
-0.16259765625 1.02978515625 0.06103515625 214413
-0.16259765625 1.02978515625 0.06103515625 214414
-0.1494140625 1.04296875 0.09521484375 214514
-0.1494140625 1.04296875 0.09521484375 214514
-0.1494140625 1.04296875 0.09521484375 214514
-0.1494140625 1.04296875 0.09521484375 214515
-0.1494140625 1.04296875 0.09521484375 214515
0.00732421875 0.8232421875 0.580078125 214602
0.06640625 0.69140625 0.66650390625 214706
0.06640625 0.69140625 0.66650390625 214706
0.06640625 0.69140625 0.66650390625 214706
0.06640625 0.69140625 0.66650390625 214707
0.06640625 0.69140625 0.66650390625 214707
0.103515625 0.6064453125 0.75439453125 214808
0.103515625 0.6064453125 0.75439453125 214808
0.103515625 0.6064453125 0.75439453125 214809
0.103515625 0.6064453125 0.75439453125 214809
0.103515625 0.6064453125 0.75439453125 214809
0.09130859375 0.54052734375 0.75439453125 214910
0.09130859375 0.54052734375 0.75439453125 214910
0.09130859375 0.54052734375 0.75439453125 214910
0.09130859375 0.54052734375 0.75439453125 214911
0.09130859375 0.54052734375 0.75439453125 214911
0.109375 0.501953125 0.7978515625 215014
0.109375 0.501953125 0.7978515625 215014
0.109375 0.501953125 0.7978515625 215015
0.109375 0.501953125 0.7978515625 215015
0.109375 0.501953125 0.7978515625 215016
0.1162109375 0.4892578125 0.81005859375 215116
0.1162109375 0.4892578125 0.81005859375 215116
0.1162109375 0.4892578125 0.81005859375 215117
0.1162109375 0.4892578125 0.81005859375 215118
0.1162109375 0.4892578125 0.81005859375 215118
0.1435546875 0.46826171875 0.84033203125 215193
0.12890625 0.4873046875 0.841796875 215307
0.12890625 0.4873046875 0.841796875 215307
0.12890625 0.4873046875 0.841796875 215308
0.12890625 0.4873046875 0.841796875 215308
0.12890625 0.4873046875 0.841796875 215308
0.11767578125 0.43896484375 0.7724609375 215410
0.11767578125 0.43896484375 0.7724609375 215410
0.11767578125 0.43896484375 0.7724609375 215411
0.11767578125 0.43896484375 0.7724609375 215411
0.11767578125 0.43896484375 0.7724609375 215411
0.083984375 0.38916015625 0.69140625 215512
0.083984375 0.38916015625 0.69140625 215512
0.083984375 0.38916015625 0.69140625 215513
0.083984375 0.38916015625 0.69140625 215513
0.083984375 0.38916015625 0.69140625 215514
0.109375 0.23095703125 0.79248046875 215614
0.109375 0.23095703125 0.79248046875 215615
0.109375 0.23095703125 0.79248046875 215615
0.109375 0.23095703125 0.79248046875 215615
0.109375 0.23095703125 0.79248046875 215616
0.0224609375 0.2041015625 0.86669921875 215692
-0.22119140625 0.41845703125 0.79052734375 215805
-0.22119140625 0.41845703125 0.79052734375 215805
-0.22119140625 0.41845703125 0.79052734375 215805
-0.22119140625 0.41845703125 0.79052734375 215806
-0.22119140625 0.41845703125 0.79052734375 215806
-0.4775390625 0.70263671875 0.49072265625 215907
-0.4775390625 0.70263671875 0.49072265625 215907
-0.4775390625 0.70263671875 0.49072265625 215908
-0.4775390625 0.70263671875 0.49072265625 215908
-0.4775390625 0.70263671875 0.49072265625 215909
-0.642578125 1.1142578125 -0.54638671875 216012
-0.642578125 1.1142578125 -0.54638671875 216020
-0.642578125 1.1142578125 -0.54638671875 216021
-0.642578125 1.1142578125 -0.54638671875 216021
-0.642578125 1.1142578125 -0.54638671875 216022
-0.65234375 0.583984375 0.005859375 216115
-0.65234375 0.583984375 0.005859375 216115
-0.59716796875 0.435546875 0.47021484375 216217
-0.59716796875 0.435546875 0.47021484375 216217
-0.59716796875 0.435546875 0.47021484375 216218
-0.59716796875 0.435546875 0.47021484375 216218
-0.59716796875 0.435546875 0.47021484375 216218
-0.33203125 0.4169921875 0.76513671875 216296
-0.26318359375 0.6103515625 0.38623046875 216408
-0.26318359375 0.6103515625 0.38623046875 216408
-0.26318359375 0.6103515625 0.38623046875 216409
-0.26318359375 0.6103515625 0.38623046875 216409
-0.26318359375 0.6103515625 0.38623046875 216410
-0.29736328125 0.81201171875 0.01025390625 216549
-0.29736328125 0.81201171875 0.01025390625 216549
-0.29736328125 0.81201171875 0.01025390625 216550
-0.29736328125 0.81201171875 0.01025390625 216550
-0.29736328125 0.81201171875 0.01025390625 216550
-0.21923828125 0.8740234375 0.1494140625 216601
-0.1982421875 0.880859375 0.2236328125 216706
-0.1982421875 0.880859375 0.2236328125 216706
-0.1982421875 0.880859375 0.2236328125 216707
-0.1982421875 0.880859375 0.2236328125 216707
-0.1982421875 0.880859375 0.2236328125 216708
-0.14013671875 1.0703125 0.46728515625 216812
-0.14013671875 1.0703125 0.46728515625 216812
-0.14013671875 1.0703125 0.46728515625 216813
-0.14013671875 1.0703125 0.46728515625 216814
-0.35546875 1.27685546875 -0.14306640625 216896
-0.35546875 1.27685546875 -0.14306640625 216896
-0.115234375 0.9013671875 0.470703125 217008
-0.115234375 0.9013671875 0.470703125 217008
-0.115234375 0.9013671875 0.470703125 217009
-0.115234375 0.9013671875 0.470703125 217009
-0.115234375 0.9013671875 0.470703125 217009
-0.037109375 0.75146484375 0.611328125 217113
-0.037109375 0.75146484375 0.611328125 217113
-0.037109375 0.75146484375 0.611328125 217114
-0.037109375 0.75146484375 0.611328125 217114
-0.037109375 0.75146484375 0.611328125 217115
0.0302734375 0.6865234375 0.62060546875 217219
0.0302734375 0.6865234375 0.62060546875 217219
0.0302734375 0.6865234375 0.62060546875 217220
0.0302734375 0.6865234375 0.62060546875 217220
0.0302734375 0.6865234375 0.62060546875 217220
0.0673828125 0.6220703125 0.71142578125 217296
0.06591796875 0.544921875 0.78759765625 217410
0.06591796875 0.544921875 0.78759765625 217410
0.06591796875 0.544921875 0.78759765625 217411
0.06591796875 0.544921875 0.78759765625 217411
0.06591796875 0.544921875 0.78759765625 217412
0.08349609375 0.5009765625 0.80908203125 217514
0.08349609375 0.5009765625 0.80908203125 217514
0.08349609375 0.5009765625 0.80908203125 217515
0.08349609375 0.5009765625 0.80908203125 217516
0.0712890625 0.52685546875 0.85107421875 217617
0.0712890625 0.52685546875 0.85107421875 217617
0.0712890625 0.52685546875 0.85107421875 217618
0.0712890625 0.52685546875 0.85107421875 217618
0.0712890625 0.52685546875 0.85107421875 217619
0.0849609375 0.53125 0.8232421875 217720
0.0849609375 0.53125 0.8232421875 217720
0.0849609375 0.53125 0.8232421875 217721
0.0849609375 0.53125 0.8232421875 217722
0.0849609375 0.53125 0.8232421875 217722
0.080078125 0.52197265625 0.76025390625 217797
0.09619140625 0.47705078125 0.75439453125 217909
0.09619140625 0.47705078125 0.75439453125 217910
0.09619140625 0.47705078125 0.75439453125 217910
0.09619140625 0.47705078125 0.75439453125 217911
0.09619140625 0.47705078125 0.75439453125 217911
0.07470703125 0.435546875 0.76708984375 218011
0.07470703125 0.435546875 0.76708984375 218011
0.07470703125 0.435546875 0.76708984375 218012
0.07470703125 0.435546875 0.76708984375 218013
0.07470703125 0.435546875 0.76708984375 218013
0.064453125 0.32568359375 0.78857421875 218113
0.064453125 0.32568359375 0.78857421875 218113
0.064453125 0.32568359375 0.78857421875 218114
0.064453125 0.32568359375 0.78857421875 218115
0.064453125 0.32568359375 0.78857421875 218115
-0.064453125 0.294921875 0.77099609375 218219
-0.064453125 0.294921875 0.77099609375 218219
-0.064453125 0.294921875 0.77099609375 218220
-0.064453125 0.294921875 0.77099609375 218220
-0.064453125 0.294921875 0.77099609375 218220
-0.18310546875 0.390625 0.86279296875 218297
-0.40380859375 0.60791015625 0.49609375 218408
-0.40380859375 0.60791015625 0.49609375 218408
-0.40380859375 0.60791015625 0.49609375 218409
-0.40380859375 0.60791015625 0.49609375 218409
-0.40380859375 0.60791015625 0.49609375 218409
-0.72802734375 1.14404296875 -0.388671875 218512
-0.72802734375 1.14404296875 -0.388671875 218512
-0.72802734375 1.14404296875 -0.388671875 218513
-0.72802734375 1.14404296875 -0.388671875 218513
-0.72802734375 1.14404296875 -0.388671875 218513
-0.4873046875 0.59765625 -0.1650390625 218615
-0.4873046875 0.59765625 -0.1650390625 218615
-0.4873046875 0.59765625 -0.1650390625 218615
-0.4873046875 0.59765625 -0.1650390625 218616
-0.4873046875 0.59765625 -0.1650390625 218616
-0.6806640625 0.5556640625 -0.0439453125 218699
-0.4775390625 0.3134765625 0.96044921875 218811
-0.4775390625 0.3134765625 0.96044921875 218811
-0.4775390625 0.3134765625 0.96044921875 218812
-0.4775390625 0.3134765625 0.96044921875 218812
-0.4775390625 0.3134765625 0.96044921875 218812
-0.40576171875 0.59375 0.455078125 218913
-0.40576171875 0.59375 0.455078125 218913
-0.40576171875 0.59375 0.455078125 218914
-0.40576171875 0.59375 0.455078125 218914
-0.40576171875 0.59375 0.455078125 218915
-0.376953125 0.775390625 0.138671875 219012
-0.40234375 0.98388671875 0.07763671875 219115
-0.40234375 0.98388671875 0.07763671875 219115
-0.40234375 0.98388671875 0.07763671875 219116
-0.40234375 0.98388671875 0.07763671875 219116
-0.40234375 0.98388671875 0.07763671875 219116
-0.35205078125 1.095703125 0.2939453125 219218
-0.35205078125 1.095703125 0.2939453125 219218
-0.35205078125 1.095703125 0.2939453125 219219
-0.35205078125 1.095703125 0.2939453125 219219
-0.35205078125 1.095703125 0.2939453125 219219
0 0.72705078125 0.1533203125 219298
-0.22607421875 1.12158203125 0.1044921875 219411
-0.22607421875 1.12158203125 0.1044921875 219411
-0.22607421875 1.12158203125 0.1044921875 219412
-0.22607421875 1.12158203125 0.1044921875 219412
-0.22607421875 1.12158203125 0.1044921875 219413
-0.26708984375 1.0380859375 -0.04736328125 219514
-0.26708984375 1.0380859375 -0.04736328125 219514
-0.26708984375 1.0380859375 -0.04736328125 219515
-0.26708984375 1.0380859375 -0.04736328125 219516
-0.26708984375 1.0380859375 -0.04736328125 219516
-0.1162109375 0.8349609375 0.4697265625 219616
-0.1162109375 0.8349609375 0.4697265625 219616
-0.1162109375 0.8349609375 0.4697265625 219617
-0.1162109375 0.8349609375 0.4697265625 219617
-0.1162109375 0.8349609375 0.4697265625 219617
-0.04248046875 0.78857421875 0.62890625 219718
-0.04248046875 0.78857421875 0.62890625 219718
-0.04248046875 0.78857421875 0.62890625 219718
-0.04248046875 0.78857421875 0.62890625 219719
-0.04248046875 0.78857421875 0.62890625 219719
0.04296875 0.62353515625 0.69287109375 219802
0.0419921875 0.5712890625 0.74853515625 219912
0.0419921875 0.5712890625 0.74853515625 219913
0.0419921875 0.5712890625 0.74853515625 219913
0.0419921875 0.5712890625 0.74853515625 219914
0.0419921875 0.5712890625 0.74853515625 219914
0.07666015625 0.498046875 0.77099609375 220015
0.07666015625 0.498046875 0.77099609375 220015
0.07666015625 0.498046875 0.77099609375 220016
0.07666015625 0.498046875 0.77099609375 220016
0.07666015625 0.498046875 0.77099609375 220017
0.08740234375 0.5009765625 0.8017578125 220123
0.08740234375 0.5009765625 0.8017578125 220123
0.08740234375 0.5009765625 0.8017578125 220124
0.08740234375 0.5009765625 0.8017578125 220124
0.08740234375 0.5009765625 0.8017578125 220125
0.09033203125 0.505859375 0.81005859375 220205
0.1005859375 0.55908203125 0.80712890625 220315
0.1005859375 0.55908203125 0.80712890625 220316
0.1005859375 0.55908203125 0.80712890625 220316
0.1005859375 0.55908203125 0.80712890625 220316
0.1005859375 0.55908203125 0.80712890625 220317
0.11865234375 0.53759765625 0.82666015625 220418
0.11865234375 0.53759765625 0.82666015625 220427
0.11865234375 0.53759765625 0.82666015625 220427
0.11865234375 0.53759765625 0.82666015625 220427
0.11865234375 0.53759765625 0.82666015625 220428
0.107421875 0.46484375 0.8505859375 220522
0.107421875 0.46484375 0.8505859375 220522
0.123046875 0.33349609375 0.7822265625 220604
0.123046875 0.33349609375 0.7822265625 220604
0.123046875 0.33349609375 0.7822265625 220605
0.123046875 0.33349609375 0.7822265625 220605
0.10498046875 0.197265625 0.8095703125 220712
0.10498046875 0.197265625 0.8095703125 220712
0.10498046875 0.197265625 0.8095703125 220713
0.10498046875 0.197265625 0.8095703125 220713
0.10498046875 0.197265625 0.8095703125 220713
-0.07421875 0.24560546875 0.77490234375 220815
-0.07421875 0.24560546875 0.77490234375 220815
-0.07421875 0.24560546875 0.77490234375 220816
-0.07421875 0.24560546875 0.77490234375 220816
-0.07421875 0.24560546875 0.77490234375 220817
-0.23095703125 0.41796875 0.74072265625 220919
-0.23095703125 0.41796875 0.74072265625 220919
-0.23095703125 0.41796875 0.74072265625 220920
-0.23095703125 0.41796875 0.74072265625 220920
-0.23095703125 0.41796875 0.74072265625 220921
-0.478515625 0.79541015625 0.19873046875 221021
-0.478515625 0.79541015625 0.19873046875 221022
-0.478515625 0.79541015625 0.19873046875 221022
-0.478515625 0.79541015625 0.19873046875 221023
-0.478515625 0.79541015625 0.19873046875 221024
-0.6630859375 0.91455078125 -0.333984375 221130
-0.6630859375 0.91455078125 -0.333984375 221131
-0.6630859375 0.91455078125 -0.333984375 221131
-0.6630859375 0.91455078125 -0.333984375 221131
-0.6630859375 0.91455078125 -0.333984375 221132
-0.58349609375 0.3720703125 0.3681640625 221225
-0.47021484375 0.5556640625 0.58349609375 221308
-0.47021484375 0.5556640625 0.58349609375 221308
-0.47021484375 0.5556640625 0.58349609375 221309
-0.47021484375 0.5556640625 0.58349609375 221309
-0.47021484375 0.5556640625 0.58349609375 221310
-0.39990234375 0.62353515625 0.50634765625 221411
-0.39990234375 0.62353515625 0.50634765625 221411
-0.39990234375 0.62353515625 0.50634765625 221412
-0.39990234375 0.62353515625 0.50634765625 221412
-0.39990234375 0.62353515625 0.50634765625 221412
-0.45166015625 0.67724609375 0.2119140625 221513
-0.45166015625 0.67724609375 0.2119140625 221513
-0.45166015625 0.67724609375 0.2119140625 221514
-0.45166015625 0.67724609375 0.2119140625 221514
-0.45166015625 0.67724609375 0.2119140625 221515
-0.4052734375 0.85986328125 0.154296875 221633
-0.4052734375 0.85986328125 0.154296875 221634
-0.4052734375 0.85986328125 0.154296875 221634
-0.4052734375 0.85986328125 0.154296875 221634
-0.4052734375 0.85986328125 0.154296875 221636
-0.341796875 0.99853515625 0.10791015625 221732
-0.171875 0.7646484375 0.16064453125 221880
-0.171875 0.7646484375 0.16064453125 221881
-0.171875 0.7646484375 0.16064453125 221881
-0.171875 0.7646484375 0.16064453125 221882
-0.171875 0.7646484375 0.16064453125 221882
-0.2587890625 1.05859375 0.0732421875 221939
-0.39208984375 1.013671875 -0.1298828125 222025
-0.39208984375 1.013671875 -0.1298828125 222025
-0.39208984375 1.013671875 -0.1298828125 222026
-0.39208984375 1.013671875 -0.1298828125 222026
-0.39208984375 1.013671875 -0.1298828125 222027
-0.3115234375 0.951171875 0.380859375 222118
-0.06982421875 0.73876953125 0.36376953125 222210
-0.06982421875 0.73876953125 0.36376953125 222221
-0.06982421875 0.73876953125 0.36376953125 222221
-0.06982421875 0.73876953125 0.36376953125 222221
-0.06982421875 0.73876953125 0.36376953125 222222
-0.03271484375 0.72314453125 0.609375 222324
-0.03271484375 0.72314453125 0.609375 222324
-0.03271484375 0.72314453125 0.609375 222325
-0.03271484375 0.72314453125 0.609375 222325
-0.03271484375 0.72314453125 0.609375 222325
0.02099609375 0.64404296875 0.71630859375 222427
0.02099609375 0.64404296875 0.71630859375 222427
0.02099609375 0.64404296875 0.71630859375 222428
0.02099609375 0.64404296875 0.71630859375 222428
0.02099609375 0.64404296875 0.71630859375 222429
0.060546875 0.54931640625 0.78857421875 222508
0.06591796875 0.5205078125 0.81396484375 222616
0.06591796875 0.5205078125 0.81396484375 222616
0.06591796875 0.5205078125 0.81396484375 222617
0.06591796875 0.5205078125 0.81396484375 222617
0.06591796875 0.5205078125 0.81396484375 222617
0.0986328125 0.4833984375 0.82763671875 222718
0.0986328125 0.4833984375 0.82763671875 222718
0.0986328125 0.4833984375 0.82763671875 222719
0.0986328125 0.4833984375 0.82763671875 222719
0.0986328125 0.4833984375 0.82763671875 222719
0.0634765625 0.50634765625 0.84033203125 222821
0.0634765625 0.50634765625 0.84033203125 222821
0.0634765625 0.50634765625 0.84033203125 222821
0.0634765625 0.50634765625 0.84033203125 222822
0.0634765625 0.50634765625 0.84033203125 222822
0.0341796875 0.4951171875 0.83251953125 222923
0.0341796875 0.4951171875 0.83251953125 222923
0.0341796875 0.4951171875 0.83251953125 222924
0.0341796875 0.4951171875 0.83251953125 222924
0.0341796875 0.4951171875 0.83251953125 222924
0.015625 0.47998046875 0.74560546875 223005
0.025390625 0.45263671875 0.7041015625 223116
0.025390625 0.45263671875 0.7041015625 223116
0.025390625 0.45263671875 0.7041015625 223116
0.025390625 0.45263671875 0.7041015625 223117
0.025390625 0.45263671875 0.7041015625 223117
0.03369140625 0.3681640625 0.720703125 223221
0.03369140625 0.3681640625 0.720703125 223222
0.03369140625 0.3681640625 0.720703125 223222
0.03369140625 0.3681640625 0.720703125 223222
0.03369140625 0.3681640625 0.720703125 223223
-0.001953125 0.26220703125 0.79345703125 223322
-0.001953125 0.26220703125 0.79345703125 223322
-0.001953125 0.26220703125 0.79345703125 223323
-0.001953125 0.26220703125 0.79345703125 223323
-0.07177734375 0.35498046875 0.826171875 223406
-0.07177734375 0.35498046875 0.826171875 223406
-0.25146484375 0.50390625 0.71728515625 223519
-0.25146484375 0.50390625 0.71728515625 223519
-0.25146484375 0.50390625 0.71728515625 223519
-0.25146484375 0.50390625 0.71728515625 223520
-0.25146484375 0.50390625 0.71728515625 223520
-0.58154296875 1.02490234375 0.09130859375 223623
-0.58154296875 1.02490234375 0.09130859375 223623
-0.58154296875 1.02490234375 0.09130859375 223623
-0.58154296875 1.02490234375 0.09130859375 223627
-0.58154296875 1.02490234375 0.09130859375 223628
-0.59228515625 0.82275390625 -0.1689453125 223727
-0.59228515625 0.82275390625 -0.1689453125 223727
-0.59228515625 0.82275390625 -0.1689453125 223727
-0.59228515625 0.82275390625 -0.1689453125 223728
-0.59228515625 0.82275390625 -0.1689453125 223728
-0.6748046875 0.56787109375 0.1943359375 223808
-0.33544921875 0.3388671875 0.703125 223918
-0.33544921875 0.3388671875 0.703125 223918
-0.33544921875 0.3388671875 0.703125 223919
-0.33544921875 0.3388671875 0.703125 223919
-0.33544921875 0.3388671875 0.703125 223920
-0.26611328125 0.48828125 0.6484375 224018
-0.26611328125 0.48828125 0.6484375 224019
-0.26611328125 0.48828125 0.6484375 224019
-0.26611328125 0.48828125 0.6484375 224019
-0.26611328125 0.48828125 0.6484375 224019
-0.306640625 0.77978515625 0.38232421875 224121
-0.306640625 0.77978515625 0.38232421875 224125
-0.306640625 0.77978515625 0.38232421875 224126
-0.306640625 0.77978515625 0.38232421875 224126
-0.306640625 0.77978515625 0.38232421875 224127
-0.322265625 1.01123046875 0.28173828125 224224
-0.322265625 1.01123046875 0.28173828125 224224
0.02880859375 0.96533203125 0.45654296875 224326
0.02880859375 0.96533203125 0.45654296875 224326
0.02880859375 0.96533203125 0.45654296875 224327
0.02880859375 0.96533203125 0.45654296875 224327
0.02880859375 0.96533203125 0.45654296875 224329
-0.29296875 1.49609375 0.0185546875 224428
-0.29296875 1.49609375 0.0185546875 224428
-0.29296875 1.49609375 0.0185546875 224429
-0.29296875 1.49609375 0.0185546875 224429
-0.29296875 1.49609375 0.0185546875 224429
-0.07275390625 0.88623046875 0.0029296875 224507
-0.06201171875 0.9521484375 0.427734375 224620
-0.06201171875 0.9521484375 0.427734375 224620
-0.06201171875 0.9521484375 0.427734375 224621
-0.06201171875 0.9521484375 0.427734375 224621
-0.06201171875 0.9521484375 0.427734375 224621
0.02294921875 0.78173828125 0.576171875 224724
0.02294921875 0.78173828125 0.576171875 224724
0.02294921875 0.78173828125 0.576171875 224724
0.02294921875 0.78173828125 0.576171875 224725
0.08544921875 0.666015625 0.7705078125 224835
0.08544921875 0.666015625 0.7705078125 224835
0.08544921875 0.666015625 0.7705078125 224836
0.08544921875 0.666015625 0.7705078125 224836
0.08544921875 0.666015625 0.7705078125 224836
0.07080078125 0.58349609375 0.72509765625 224923
0.0556640625 0.54736328125 0.73388671875 225025
0.0556640625 0.54736328125 0.73388671875 225025
0.0556640625 0.54736328125 0.73388671875 225026
0.0556640625 0.54736328125 0.73388671875 225026
0.0556640625 0.54736328125 0.73388671875 225026
0.09130859375 0.5009765625 0.80224609375 225127
0.09130859375 0.5009765625 0.80224609375 225127
0.09130859375 0.5009765625 0.80224609375 225127
0.09130859375 0.5009765625 0.80224609375 225128
0.09130859375 0.5009765625 0.80224609375 225128
0.11376953125 0.51708984375 0.82763671875 225234
0.11376953125 0.51708984375 0.82763671875 225235
0.11376953125 0.51708984375 0.82763671875 225235
0.11376953125 0.51708984375 0.82763671875 225236
0.11376953125 0.51708984375 0.82763671875 225237
0.0927734375 0.55908203125 0.826171875 225313
0.08642578125 0.5166015625 0.74267578125 225421
0.08642578125 0.5166015625 0.74267578125 225421
0.08642578125 0.5166015625 0.74267578125 225422
0.08642578125 0.5166015625 0.74267578125 225422
0.08642578125 0.5166015625 0.74267578125 225422
0.08984375 0.4521484375 0.68115234375 225523
0.08984375 0.4521484375 0.68115234375 225523
0.08984375 0.4521484375 0.68115234375 225524
0.08984375 0.4521484375 0.68115234375 225524
0.08984375 0.4521484375 0.68115234375 225525
0.1005859375 0.3251953125 0.7724609375 225626
0.1005859375 0.3251953125 0.7724609375 225626
0.1005859375 0.3251953125 0.7724609375 225627
0.1005859375 0.3251953125 0.7724609375 225627
0.00927734375 0.2412109375 0.7666015625 225731
0.00927734375 0.2412109375 0.7666015625 225732
0.00927734375 0.2412109375 0.7666015625 225732
0.00927734375 0.2412109375 0.7666015625 225733
0.00927734375 0.2412109375 0.7666015625 225733
-0.1591796875 0.42431640625 0.90380859375 225812
-0.4453125 0.68701171875 0.53076171875 225921
-0.4453125 0.68701171875 0.53076171875 225921
-0.4453125 0.68701171875 0.53076171875 225922
-0.4453125 0.68701171875 0.53076171875 225922
-0.4453125 0.68701171875 0.53076171875 225922
-0.76806640625 1.1181640625 -0.19970703125 226024
-0.76806640625 1.1181640625 -0.19970703125 226024
-0.76806640625 1.1181640625 -0.19970703125 226025
-0.76806640625 1.1181640625 -0.19970703125 226025
-0.76806640625 1.1181640625 -0.19970703125 226025
-0.40185546875 0.40625 -0.109375 226130
-0.40185546875 0.40625 -0.109375 226130
-0.40185546875 0.40625 -0.109375 226131
-0.40185546875 0.40625 -0.109375 226131
-0.40185546875 0.40625 -0.109375 226132
-0.74755859375 0.72998046875 0.0087890625 226209
-0.4560546875 0.3603515625 0.77490234375 226320
-0.4560546875 0.3603515625 0.77490234375 226320
-0.4560546875 0.3603515625 0.77490234375 226320
-0.4560546875 0.3603515625 0.77490234375 226321
-0.4560546875 0.3603515625 0.77490234375 226321
-0.2138671875 0.45361328125 0.64599609375 226423
-0.2138671875 0.45361328125 0.64599609375 226423
-0.2138671875 0.45361328125 0.64599609375 226423
-0.2138671875 0.45361328125 0.64599609375 226424
-0.2138671875 0.45361328125 0.64599609375 226424
-0.341796875 0.70361328125 0.51220703125 226527
-0.341796875 0.70361328125 0.51220703125 226527
-0.341796875 0.70361328125 0.51220703125 226528
-0.341796875 0.70361328125 0.51220703125 226528
-0.341796875 0.70361328125 0.51220703125 226529
-0.4990234375 0.958984375 0.13037109375 226632
-0.4990234375 0.958984375 0.13037109375 226632
-0.4990234375 0.958984375 0.13037109375 226632
-0.4990234375 0.958984375 0.13037109375 226633
-0.4990234375 0.958984375 0.13037109375 226633
-0.39599609375 1.17236328125 0.41552734375 226710
0.04052734375 0.9248046875 0.35009765625 226823
0.04052734375 0.9248046875 0.35009765625 226823
0.04052734375 0.9248046875 0.35009765625 226823
0.04052734375 0.9248046875 0.35009765625 226824
0.04052734375 0.9248046875 0.35009765625 226824
-0.78076171875 1.40771484375 -0.06005859375 226929
-0.78076171875 1.40771484375 -0.06005859375 226929
-0.78076171875 1.40771484375 -0.06005859375 226930
-0.78076171875 1.40771484375 -0.06005859375 226930
-0.78076171875 1.40771484375 -0.06005859375 226931
-0.26416015625 0.8720703125 0.1708984375 227032
-0.26416015625 0.8720703125 0.1708984375 227032
-0.26416015625 0.8720703125 0.1708984375 227032
-0.26416015625 0.8720703125 0.1708984375 227033
-0.26416015625 0.8720703125 0.1708984375 227033
-0.0986328125 0.76708984375 0.55908203125 227111
-0.00830078125 0.7216796875 0.69384765625 227222
-0.00830078125 0.7216796875 0.69384765625 227222
-0.00830078125 0.7216796875 0.69384765625 227223
-0.00830078125 0.7216796875 0.69384765625 227223
-0.00830078125 0.7216796875 0.69384765625 227223
0.05029296875 0.58203125 0.7666015625 227324
0.05029296875 0.58203125 0.7666015625 227324
0.05029296875 0.58203125 0.7666015625 227325
0.05029296875 0.58203125 0.7666015625 227325
0.05029296875 0.58203125 0.7666015625 227326
0.05126953125 0.5390625 0.7587890625 227426
0.05126953125 0.5390625 0.7587890625 227426
0.05126953125 0.5390625 0.7587890625 227427
0.05126953125 0.5390625 0.7587890625 227427
0.05126953125 0.5390625 0.7587890625 227428
0.09423828125 0.5283203125 0.8193359375 227530
0.09423828125 0.5283203125 0.8193359375 227530
0.09423828125 0.5283203125 0.8193359375 227531
0.09423828125 0.5283203125 0.8193359375 227531
0.09423828125 0.5283203125 0.8193359375 227531
0.13037109375 0.5498046875 0.810546875 227633
0.13037109375 0.5498046875 0.810546875 227633
0.13037109375 0.5498046875 0.810546875 227634
0.13037109375 0.5498046875 0.810546875 227634
0.13037109375 0.5498046875 0.810546875 227635
0.1279296875 0.5595703125 0.80078125 227734
0.1279296875 0.5595703125 0.80078125 227734
0.1279296875 0.5595703125 0.80078125 227735
0.1279296875 0.5595703125 0.80078125 227735
0.1279296875 0.5595703125 0.80078125 227735
0.1181640625 0.478515625 0.69970703125 227812
0.1455078125 0.34033203125 0.771484375 227925
0.1455078125 0.34033203125 0.771484375 227926
0.1455078125 0.34033203125 0.771484375 227926
0.1455078125 0.34033203125 0.771484375 227926
0.1455078125 0.34033203125 0.771484375 227927
0.07568359375 0.23095703125 0.9072265625 228036
0.07568359375 0.23095703125 0.9072265625 228037
0.07568359375 0.23095703125 0.9072265625 228037
0.07568359375 0.23095703125 0.9072265625 228038
0.07568359375 0.23095703125 0.9072265625 228038
-0.1455078125 0.42578125 0.90087890625 228124
-0.40625 0.626953125 0.681640625 228227
-0.40625 0.626953125 0.681640625 228227
-0.40625 0.626953125 0.681640625 228228
-0.40625 0.626953125 0.681640625 228228
-0.40625 0.626953125 0.681640625 228228
-0.52099609375 0.779296875 0.14404296875 228330
-0.52099609375 0.779296875 0.14404296875 228332
-0.52099609375 0.779296875 0.14404296875 228332
-0.52099609375 0.779296875 0.14404296875 228333
-0.52099609375 0.779296875 0.14404296875 228333
-0.69287109375 0.9716796875 -0.380859375 228433
-0.69287109375 0.9716796875 -0.380859375 228433
-0.69287109375 0.9716796875 -0.380859375 228434
-0.69287109375 0.9716796875 -0.380859375 228434
-0.69287109375 0.9716796875 -0.380859375 228438
-0.6796875 0.58740234375 0.10400390625 228513
-0.45947265625 0.3310546875 0.66455078125 228625
-0.45947265625 0.3310546875 0.66455078125 228625
-0.45947265625 0.3310546875 0.66455078125 228625
-0.45947265625 0.3310546875 0.66455078125 228626
-0.45947265625 0.3310546875 0.66455078125 228626
-0.19580078125 0.4287109375 0.6416015625 228727
-0.19580078125 0.4287109375 0.6416015625 228727
-0.19580078125 0.4287109375 0.6416015625 228727
-0.19580078125 0.4287109375 0.6416015625 228728
-0.19580078125 0.4287109375 0.6416015625 228728
-0.28564453125 0.6669921875 0.36328125 228833
-0.28564453125 0.6669921875 0.36328125 228833
-0.28564453125 0.6669921875 0.36328125 228833
-0.28564453125 0.6669921875 0.36328125 228834
-0.28564453125 0.6669921875 0.36328125 228834
-0.373046875 1.087890625 0.388671875 228912
-0.21044921875 1.12744140625 0.29248046875 229022
-0.21044921875 1.12744140625 0.29248046875 229022
-0.21044921875 1.12744140625 0.29248046875 229023
-0.21044921875 1.12744140625 0.29248046875 229023
-0.21044921875 1.12744140625 0.29248046875 229024
0.14990234375 1.0185546875 0.4912109375 229125
0.14990234375 1.0185546875 0.4912109375 229125
0.14990234375 1.0185546875 0.4912109375 229126
0.14990234375 1.0185546875 0.4912109375 229126
0.14990234375 1.0185546875 0.4912109375 229127
-0.13330078125 1.18212890625 0.2451171875 229227
-0.13330078125 1.18212890625 0.2451171875 229227
-0.13330078125 1.18212890625 0.2451171875 229227
-0.13330078125 1.18212890625 0.2451171875 229228
-0.13330078125 1.18212890625 0.2451171875 229228
-0.27099609375 1.10986328125 -0.18603515625 229329
-0.27099609375 1.10986328125 -0.18603515625 229330
-0.27099609375 1.10986328125 -0.18603515625 229331
-0.27099609375 1.10986328125 -0.18603515625 229331
-0.27099609375 1.10986328125 -0.18603515625 229331
-0.052734375 0.8984375 0.49951171875 229432
-0.052734375 0.8984375 0.49951171875 229432
-0.052734375 0.8984375 0.49951171875 229432
-0.052734375 0.8984375 0.49951171875 229433
-0.052734375 0.8984375 0.49951171875 229433
0.0068359375 0.73974609375 0.587890625 229534
0.0068359375 0.73974609375 0.587890625 229534
0.0068359375 0.73974609375 0.587890625 229535
0.0068359375 0.73974609375 0.587890625 229535
0.0068359375 0.73974609375 0.587890625 229535
0.08154296875 0.662109375 0.689453125 229637
0.08154296875 0.662109375 0.689453125 229637
0.08154296875 0.662109375 0.689453125 229638
0.08154296875 0.662109375 0.689453125 229638
0.08154296875 0.662109375 0.689453125 229639
0.10205078125 0.5966796875 0.7724609375 229715
0.11669921875 0.55908203125 0.7900390625 229831
0.11669921875 0.55908203125 0.7900390625 229832
0.11669921875 0.55908203125 0.7900390625 229832
0.11669921875 0.55908203125 0.7900390625 229833
0.11669921875 0.55908203125 0.7900390625 229833
0.14697265625 0.5595703125 0.822265625 229929
0.17236328125 0.55810546875 0.8310546875 230024
0.17236328125 0.55810546875 0.8310546875 230036
0.17236328125 0.55810546875 0.8310546875 230037
0.17236328125 0.55810546875 0.8310546875 230037
0.17236328125 0.55810546875 0.8310546875 230037
0.1357421875 0.50341796875 0.7490234375 230136
0.1357421875 0.50341796875 0.7490234375 230136
0.1103515625 0.42626953125 0.70751953125 230238
0.1103515625 0.42626953125 0.70751953125 230238
0.1103515625 0.42626953125 0.70751953125 230238
0.1103515625 0.42626953125 0.70751953125 230239
0.1103515625 0.42626953125 0.70751953125 230239
0.060546875 0.2890625 0.8662109375 230324
-0.0986328125 0.30810546875 0.83251953125 230428
-0.0986328125 0.30810546875 0.83251953125 230428
-0.0986328125 0.30810546875 0.83251953125 230428
-0.0986328125 0.30810546875 0.83251953125 230429
-0.0986328125 0.30810546875 0.83251953125 230429
-0.34814453125 0.53955078125 0.80078125 230531
-0.34814453125 0.53955078125 0.80078125 230531
-0.34814453125 0.53955078125 0.80078125 230532
-0.34814453125 0.53955078125 0.80078125 230532
-0.34814453125 0.53955078125 0.80078125 230533
-0.47265625 0.7421875 0.08642578125 230633
-0.47265625 0.7421875 0.08642578125 230633
-0.47265625 0.7421875 0.08642578125 230634
-0.47265625 0.7421875 0.08642578125 230634
-0.64306640625 1.0498046875 -0.3916015625 230738
-0.64306640625 1.0498046875 -0.3916015625 230738
-0.64306640625 1.0498046875 -0.3916015625 230738
-0.64306640625 1.0498046875 -0.3916015625 230739
-0.64306640625 1.0498046875 -0.3916015625 230739
-0.63916015625 0.6708984375 0.08154296875 230815
-0.4541015625 0.35791015625 0.58984375 230928
-0.4541015625 0.35791015625 0.58984375 230928
-0.4541015625 0.35791015625 0.58984375 230928
-0.4541015625 0.35791015625 0.58984375 230929
-0.4541015625 0.35791015625 0.58984375 230929
-0.36083984375 0.50927734375 0.62548828125 231031
-0.36083984375 0.50927734375 0.62548828125 231031
-0.36083984375 0.50927734375 0.62548828125 231032
-0.36083984375 0.50927734375 0.62548828125 231043
-0.36083984375 0.50927734375 0.62548828125 231044
-0.3369140625 0.62646484375 0.24560546875 231133
-0.3369140625 0.62646484375 0.24560546875 231133
-0.3369140625 0.62646484375 0.24560546875 231134
-0.3369140625 0.62646484375 0.24560546875 231134
-0.40869140625 1.00927734375 -0.0517578125 231236
-0.40869140625 1.00927734375 -0.0517578125 231236
-0.40869140625 1.00927734375 -0.0517578125 231236
-0.40869140625 1.00927734375 -0.0517578125 231237
-0.40869140625 1.00927734375 -0.0517578125 231237
-0.25732421875 1.12255859375 -0.1328125 231327
-0.1826171875 0.99755859375 0.2705078125 231428
-0.1826171875 0.99755859375 0.2705078125 231428
-0.1826171875 0.99755859375 0.2705078125 231429
-0.1826171875 0.99755859375 0.2705078125 231429
-0.1826171875 0.99755859375 0.2705078125 231429
-0.193359375 1.10888671875 -0.0947265625 231530
-0.193359375 1.10888671875 -0.0947265625 231530
-0.193359375 1.10888671875 -0.0947265625 231531
-0.193359375 1.10888671875 -0.0947265625 231531
-0.193359375 1.10888671875 -0.0947265625 231532
-0.0537109375 0.90625 0.0966796875 231634
-0.0537109375 0.90625 0.0966796875 231635
-0.0537109375 0.90625 0.0966796875 231635
-0.0537109375 0.90625 0.0966796875 231636
-0.0537109375 0.90625 0.0966796875 231636
-0.16064453125 0.98291015625 0.27392578125 231737
-0.16064453125 0.98291015625 0.27392578125 231737
-0.16064453125 0.98291015625 0.27392578125 231738
-0.16064453125 0.98291015625 0.27392578125 231738
-0.16064453125 0.98291015625 0.27392578125 231738
-0.07177734375 0.93603515625 0.49609375 231839
-0.07177734375 0.93603515625 0.49609375 231839
-0.07177734375 0.93603515625 0.49609375 231839
-0.07177734375 0.93603515625 0.49609375 231840
-0.07177734375 0.93603515625 0.49609375 231840
-0.00830078125 0.7373046875 0.64208984375 231918
0.02587890625 0.6123046875 0.70947265625 232031
0.02587890625 0.6123046875 0.70947265625 232031
0.02587890625 0.6123046875 0.70947265625 232031
0.02587890625 0.6123046875 0.70947265625 232032
0.02587890625 0.6123046875 0.70947265625 232032
-0.0107421875 0.56884765625 0.74755859375 232133
-0.0107421875 0.56884765625 0.74755859375 232133
-0.0107421875 0.56884765625 0.74755859375 232133
-0.0107421875 0.56884765625 0.74755859375 232134
-0.0107421875 0.56884765625 0.74755859375 232134
-0.01806640625 0.5390625 0.77294921875 232235
-0.01806640625 0.5390625 0.77294921875 232235
-0.01806640625 0.5390625 0.77294921875 232235
-0.01806640625 0.5390625 0.77294921875 232236
0.005859375 0.4921875 0.796875 232339
0.005859375 0.4921875 0.796875 232339
0.005859375 0.4921875 0.796875 232340
0.005859375 0.4921875 0.796875 232340
0.005859375 0.4921875 0.796875 232341
0.0029296875 0.55078125 0.84521484375 232442
0.0029296875 0.55078125 0.84521484375 232442
0.0029296875 0.55078125 0.84521484375 232443
0.0029296875 0.55078125 0.84521484375 232443
0.0029296875 0.55078125 0.84521484375 232443
-0.0009765625 0.546875 0.82373046875 232519
0.0390625 0.47900390625 0.73095703125 232629
0.0390625 0.47900390625 0.73095703125 232629
0.0390625 0.47900390625 0.73095703125 232630
0.0390625 0.47900390625 0.73095703125 232630
0.0390625 0.47900390625 0.73095703125 232632
-0.01220703125 0.41650390625 0.62841796875 232731
-0.01220703125 0.41650390625 0.62841796875 232731
-0.01220703125 0.41650390625 0.62841796875 232732
-0.01220703125 0.41650390625 0.62841796875 232732
-0.01220703125 0.41650390625 0.62841796875 232732
-0.05029296875 0.26513671875 0.783203125 232852
-0.05029296875 0.26513671875 0.783203125 232853
-0.05029296875 0.26513671875 0.783203125 232853
-0.05029296875 0.26513671875 0.783203125 232854
-0.05029296875 0.26513671875 0.783203125 232854
-0.23291015625 0.361328125 0.7001953125 232942
-0.4599609375 0.58154296875 0.6123046875 233029
-0.4599609375 0.58154296875 0.6123046875 233029
-0.4599609375 0.58154296875 0.6123046875 233030
-0.4599609375 0.58154296875 0.6123046875 233030
-0.4599609375 0.58154296875 0.6123046875 233030
-0.77197265625 1.10498046875 -0.2109375 233131
-0.77197265625 1.10498046875 -0.2109375 233131
-0.77197265625 1.10498046875 -0.2109375 233132
-0.77197265625 1.10498046875 -0.2109375 233132
-0.77197265625 1.10498046875 -0.2109375 233133
-0.6455078125 0.677734375 -0.19140625 233236
-0.6455078125 0.677734375 -0.19140625 233236
-0.6455078125 0.677734375 -0.19140625 233237
-0.6455078125 0.677734375 -0.19140625 233237
-0.6455078125 0.677734375 -0.19140625 233237
-0.55517578125 0.30908203125 0.4677734375 233339
-0.55517578125 0.30908203125 0.4677734375 233339
-0.55517578125 0.30908203125 0.4677734375 233339
-0.55517578125 0.30908203125 0.4677734375 233340
-0.55517578125 0.30908203125 0.4677734375 233340
-0.43310546875 0.52392578125 0.7587890625 233421
-0.3828125 0.65234375 0.3271484375 233533
-0.3828125 0.65234375 0.3271484375 233533
-0.3828125 0.65234375 0.3271484375 233534
-0.3828125 0.65234375 0.3271484375 233534
-0.3828125 0.65234375 0.3271484375 233535
-0.49658203125 0.998046875 0.15576171875 233636
-0.49658203125 0.998046875 0.15576171875 233636
-0.49658203125 0.998046875 0.15576171875 233637
-0.49658203125 0.998046875 0.15576171875 233637
-0.49658203125 0.998046875 0.15576171875 233638
-0.34814453125 0.98681640625 0.228515625 233738
-0.34814453125 0.98681640625 0.228515625 233739
-0.34814453125 0.98681640625 0.228515625 233739
-0.34814453125 0.98681640625 0.228515625 233740
-0.34814453125 0.98681640625 0.228515625 233741
-0.03076171875 0.7724609375 0.15576171875 233820
-0.123046875 0.9365234375 0.296875 233932
-0.123046875 0.9365234375 0.296875 233932
-0.123046875 0.9365234375 0.296875 233933
-0.123046875 0.9365234375 0.296875 233933
-0.123046875 0.9365234375 0.296875 233933
-0.31640625 1.1513671875 0.02392578125 234032
-0.19873046875 0.81982421875 0.22021484375 234134
-0.19873046875 0.81982421875 0.22021484375 234135
-0.19873046875 0.81982421875 0.22021484375 234135
-0.19873046875 0.81982421875 0.22021484375 234136
-0.19873046875 0.81982421875 0.22021484375 234137
-0.14892578125 0.81982421875 0.5419921875 234237
-0.14892578125 0.81982421875 0.5419921875 234237
-0.14892578125 0.81982421875 0.5419921875 234238
-0.14892578125 0.81982421875 0.5419921875 234238
-0.14892578125 0.81982421875 0.5419921875 234239
-0.07275390625 0.7978515625 0.5517578125 234341
-0.07275390625 0.7978515625 0.5517578125 234341
-0.07275390625 0.7978515625 0.5517578125 234342
-0.07275390625 0.7978515625 0.5517578125 234342
-0.07275390625 0.7978515625 0.5517578125 234343
-0.03759765625 0.68359375 0.6083984375 234443
-0.03759765625 0.68359375 0.6083984375 234443
-0.03759765625 0.68359375 0.6083984375 234443
-0.03759765625 0.68359375 0.6083984375 234444
-0.03759765625 0.68359375 0.6083984375 234444
0.01513671875 0.58935546875 0.70068359375 234523
0.14306640625 0.47607421875 0.80419921875 234634
0.14306640625 0.47607421875 0.80419921875 234635
0.14306640625 0.47607421875 0.80419921875 234635
0.14306640625 0.47607421875 0.80419921875 234636
0.14306640625 0.47607421875 0.80419921875 234637
0.18115234375 0.42333984375 0.892578125 234737
0.18115234375 0.42333984375 0.892578125 234737
0.18115234375 0.42333984375 0.892578125 234737
0.18115234375 0.42333984375 0.892578125 234738
0.18115234375 0.42333984375 0.892578125 234738
0.16015625 0.4248046875 0.8662109375 234839
0.16015625 0.4248046875 0.8662109375 234840
0.16015625 0.4248046875 0.8662109375 234840
0.16015625 0.4248046875 0.8662109375 234840
0.09619140625 0.47705078125 0.8330078125 234943
0.09619140625 0.47705078125 0.8330078125 234943
0.09619140625 0.47705078125 0.8330078125 234944
0.09619140625 0.47705078125 0.8330078125 234944
0.09619140625 0.47705078125 0.8330078125 234944
0.10107421875 0.53271484375 0.8017578125 235045
0.10107421875 0.53271484375 0.8017578125 235046
0.10107421875 0.53271484375 0.8017578125 235047
0.10107421875 0.53271484375 0.8017578125 235047
0.10107421875 0.53271484375 0.8017578125 235048
0.10986328125 0.51953125 0.7353515625 235125
0.08935546875 0.44921875 0.75048828125 235238
0.08935546875 0.44921875 0.75048828125 235239
0.08935546875 0.44921875 0.75048828125 235240
0.08935546875 0.44921875 0.75048828125 235240
0.08935546875 0.44921875 0.75048828125 235241
0.05224609375 0.31201171875 0.84033203125 235340
0.05224609375 0.31201171875 0.84033203125 235340
0.05224609375 0.31201171875 0.84033203125 235341
0.05224609375 0.31201171875 0.84033203125 235341
0.05224609375 0.31201171875 0.84033203125 235342
-0.02783203125 0.1865234375 0.7646484375 235444
-0.02783203125 0.1865234375 0.7646484375 235444
-0.02783203125 0.1865234375 0.7646484375 235445
-0.02783203125 0.1865234375 0.7646484375 235445
-0.02783203125 0.1865234375 0.7646484375 235446
-0.2548828125 0.47998046875 0.861328125 235523
-0.40673828125 0.6728515625 0.408203125 235634
-0.40673828125 0.6728515625 0.408203125 235634
-0.40673828125 0.6728515625 0.408203125 235635
-0.40673828125 0.6728515625 0.408203125 235635
-0.40673828125 0.6728515625 0.408203125 235635
-0.7802734375 1.228515625 -0.28857421875 235736
-0.7802734375 1.228515625 -0.28857421875 235736
-0.7802734375 1.228515625 -0.28857421875 235736
-0.7802734375 1.228515625 -0.28857421875 235737
-0.7802734375 1.228515625 -0.28857421875 235737
-0.64453125 0.7060546875 0.01611328125 235839
-0.64453125 0.7060546875 0.01611328125 235839
-0.64453125 0.7060546875 0.01611328125 235839
-0.64453125 0.7060546875 0.01611328125 235840
-0.64453125 0.7060546875 0.01611328125 235840
-0.49365234375 0.33154296875 0.57861328125 235942
-0.49365234375 0.33154296875 0.57861328125 235942
-0.49365234375 0.33154296875 0.57861328125 235942
-0.49365234375 0.33154296875 0.57861328125 235943
-0.49365234375 0.33154296875 0.57861328125 235943
-0.36279296875 0.52880859375 0.533203125 236044
-0.36279296875 0.52880859375 0.533203125 236044
-0.36279296875 0.52880859375 0.533203125 236044
-0.36279296875 0.52880859375 0.533203125 236045
-0.36279296875 0.52880859375 0.533203125 236045
-0.4345703125 0.70703125 0.35107421875 236146
-0.4345703125 0.70703125 0.35107421875 236146
-0.4345703125 0.70703125 0.35107421875 236147
-0.4345703125 0.70703125 0.35107421875 236147
-0.4345703125 0.70703125 0.35107421875 236147
-0.31884765625 0.9423828125 0.43310546875 236225
-0.38037109375 0.796875 0.361328125 236336
-0.38037109375 0.796875 0.361328125 236336
-0.38037109375 0.796875 0.361328125 236337
-0.38037109375 0.796875 0.361328125 236337
-0.38037109375 0.796875 0.361328125 236345
-0.462890625 0.892578125 0.3583984375 236444
-0.462890625 0.892578125 0.3583984375 236445
-0.462890625 0.892578125 0.3583984375 236445
-0.462890625 0.892578125 0.3583984375 236446
-0.462890625 0.892578125 0.3583984375 236447
-0.4072265625 1.02880859375 0.1982421875 236525
-0.3828125 0.67041015625 0.244140625 236637
-0.3828125 0.67041015625 0.244140625 236637
-0.3828125 0.67041015625 0.244140625 236638
-0.3828125 0.67041015625 0.244140625 236638
-0.3828125 0.67041015625 0.244140625 236638
-0.48974609375 0.6982421875 0.16748046875 236739
-0.48974609375 0.6982421875 0.16748046875 236739
-0.48974609375 0.6982421875 0.16748046875 236739
-0.48974609375 0.6982421875 0.16748046875 236740
-0.48974609375 0.6982421875 0.16748046875 236740
