-3.84521484375 14.2822265625 9.6435546875 175093
-3.84521484375 14.2822265625 9.6435546875 175093
-0.91552734375 4.150390625 0.1220703125 175094
-0.91552734375 4.150390625 0.1220703125 175095
-0.91552734375 4.150390625 0.1220703125 175095
-0.91552734375 4.150390625 0.1220703125 175095
10.009765625 7.50732421875 4.57763671875 175096
4.0283203125 5.06591796875 1.40380859375 175096
5.18798828125 4.5166015625 0.8544921875 175147
5.18798828125 4.5166015625 0.8544921875 175267
0.732421875 3.5400390625 -1.220703125 175267
0.732421875 3.5400390625 -1.220703125 175268
0.732421875 3.5400390625 -1.220703125 175268
0.732421875 3.5400390625 -1.220703125 175268
0.18310546875 4.39453125 1.52587890625 175352
0.18310546875 4.39453125 1.52587890625 175477
2.9296875 8.1787109375 4.0283203125 175478
2.9296875 8.1787109375 4.0283203125 175478
2.9296875 8.1787109375 4.0283203125 175478
2.9296875 8.1787109375 4.0283203125 175479
-4.7607421875 3.84521484375 6.34765625 175564
-4.7607421875 3.84521484375 6.34765625 175641
-5.7373046875 1.89208984375 13.3056640625 175642
-5.7373046875 1.89208984375 13.3056640625 175642
-5.7373046875 1.89208984375 13.3056640625 175643
-5.7373046875 1.89208984375 13.3056640625 175643
-5.7373046875 1.89208984375 13.3056640625 175744
-2.685546875 7.080078125 15.07568359375 175744
-2.685546875 7.080078125 15.07568359375 175744
-2.685546875 7.080078125 15.07568359375 175745
-2.685546875 7.080078125 15.07568359375 175745
-2.685546875 7.080078125 15.07568359375 175849
-7.01904296875 11.41357421875 14.58740234375 175849
-7.01904296875 11.41357421875 14.58740234375 175849
-7.01904296875 11.41357421875 14.58740234375 175850
-7.01904296875 11.41357421875 14.58740234375 175850
-7.01904296875 11.41357421875 14.58740234375 175952
-7.9345703125 9.94873046875 10.19287109375 175952
-7.9345703125 9.94873046875 10.19287109375 175952
-7.9345703125 9.94873046875 10.19287109375 175953
-7.9345703125 9.94873046875 10.19287109375 175953
-7.9345703125 9.94873046875 10.19287109375 176054
-1.953125 8.97216796875 9.521484375 176054
-1.953125 8.97216796875 9.521484375 176054
-1.953125 8.97216796875 9.521484375 176055
-1.953125 8.97216796875 9.521484375 176055
-1.953125 8.97216796875 9.521484375 176156
-3.35693359375 5.4931640625 8.48388671875 176157
-3.35693359375 5.4931640625 8.48388671875 176157
-3.35693359375 5.4931640625 8.48388671875 176158
-3.35693359375 5.4931640625 8.48388671875 176158
7.99560546875 18.12744140625 3.662109375 176235
7.99560546875 18.12744140625 3.662109375 176345
3.7841796875 11.474609375 -2.13623046875 176345
3.7841796875 11.474609375 -2.13623046875 176345
3.7841796875 11.474609375 -2.13623046875 176346
3.7841796875 11.474609375 -2.13623046875 176346
3.7841796875 11.474609375 -2.13623046875 176448
12.0849609375 19.4091796875 -6.8359375 176448
12.0849609375 19.4091796875 -6.8359375 176448
12.0849609375 19.4091796875 -6.8359375 176449
12.0849609375 19.4091796875 -6.8359375 176449
12.0849609375 19.4091796875 -6.8359375 176550
31.67724609375 22.52197265625 -26.611328125 176550
31.67724609375 22.52197265625 -26.611328125 176551
31.67724609375 22.52197265625 -26.611328125 176551
31.67724609375 22.52197265625 -26.611328125 176551
31.67724609375 22.52197265625 -26.611328125 176654
17.02880859375 22.94921875 -14.09912109375 176654
17.02880859375 22.94921875 -14.09912109375 176654
17.02880859375 22.94921875 -14.09912109375 176655
17.02880859375 22.94921875 -14.09912109375 176655
17.02880859375 22.94921875 -14.09912109375 176758
20.08056640625 44.61669921875 -28.4423828125 176758
20.08056640625 44.61669921875 -28.4423828125 176759
20.08056640625 44.61669921875 -28.4423828125 176759
20.08056640625 44.61669921875 -28.4423828125 176760
44.25048828125 46.875 -23.62060546875 176837
44.25048828125 46.875 -23.62060546875 176948
-7.99560546875 71.83837890625 100.2197265625 176948
-7.99560546875 71.83837890625 100.2197265625 176949
-7.99560546875 71.83837890625 100.2197265625 176949
-7.99560546875 71.83837890625 100.2197265625 176949
-7.99560546875 71.83837890625 100.2197265625 177054
-12.939453125 -19.775390625 39.306640625 177054
-12.939453125 -19.775390625 39.306640625 177054
-12.939453125 -19.775390625 39.306640625 177055
-12.939453125 -19.775390625 39.306640625 177055
-56.884765625 -107.91015625 23.98681640625 177137
-56.884765625 -107.91015625 23.98681640625 177248
-47.119140625 -38.75732421875 -25.81787109375 177248
-47.119140625 -38.75732421875 -25.81787109375 177248
-47.119140625 -38.75732421875 -25.81787109375 177249
-47.119140625 -38.75732421875 -25.81787109375 177249
-13.36669921875 -30.70068359375 -21.1181640625 177353
-13.36669921875 -30.70068359375 -21.1181640625 177353
-13.36669921875 -30.70068359375 -21.1181640625 177354
-13.36669921875 -30.70068359375 -21.1181640625 177354
-13.36669921875 -30.70068359375 -21.1181640625 177456
-65.3076171875 -62.43896484375 -7.4462890625 177456
-65.3076171875 -62.43896484375 -7.4462890625 177456
-65.3076171875 -62.43896484375 -7.4462890625 177457
-65.3076171875 -62.43896484375 -7.4462890625 177457
-83.92333984375 -97.900390625 -6.28662109375 177539
-83.92333984375 -97.900390625 -6.28662109375 177651
-46.7529296875 -32.89794921875 -22.216796875 177651
-46.7529296875 -32.89794921875 -22.216796875 177652
-46.7529296875 -32.89794921875 -22.216796875 177652
-46.7529296875 -32.89794921875 -22.216796875 177653
-46.7529296875 -32.89794921875 -22.216796875 177753
-9.6435546875 7.38525390625 -39.61181640625 177753
-9.6435546875 7.38525390625 -39.61181640625 177754
-9.6435546875 7.38525390625 -39.61181640625 177754
-9.6435546875 7.38525390625 -39.61181640625 177755
-9.6435546875 7.38525390625 -39.61181640625 177856
-7.99560546875 -3.2958984375 -42.90771484375 177856
-7.99560546875 -3.2958984375 -42.90771484375 177857
-7.99560546875 -3.2958984375 -42.90771484375 177857
-7.99560546875 -3.2958984375 -42.90771484375 177858
-7.99560546875 -3.2958984375 -42.90771484375 177958
-10.498046875 -13.73291015625 -49.6826171875 177958
-10.498046875 -13.73291015625 -49.6826171875 177959
-10.498046875 -13.73291015625 -49.6826171875 177959
-10.498046875 -13.73291015625 -49.6826171875 177960
-14.6484375 -27.7099609375 -67.07763671875 178037
-14.6484375 -27.7099609375 -67.07763671875 178148
3.2958984375 -23.98681640625 -77.63671875 178149
3.2958984375 -23.98681640625 -77.63671875 178149
3.2958984375 -23.98681640625 -77.63671875 178150
3.2958984375 -23.98681640625 -77.63671875 178151
3.2958984375 -23.98681640625 -77.63671875 178251
18.310546875 -29.1748046875 -79.77294921875 178251
18.310546875 -29.1748046875 -79.77294921875 178252
18.310546875 -29.1748046875 -79.77294921875 178252
18.310546875 -29.1748046875 -79.77294921875 178253
18.310546875 -29.1748046875 -79.77294921875 178354
40.95458984375 -33.02001953125 -63.3544921875 178355
40.95458984375 -33.02001953125 -63.3544921875 178355
40.95458984375 -33.02001953125 -63.3544921875 178355
40.95458984375 -33.02001953125 -63.3544921875 178356
40.95458984375 -33.02001953125 -63.3544921875 178458
91.9189453125 41.93115234375 -61.34033203125 178458
91.9189453125 41.93115234375 -61.34033203125 178459
91.9189453125 41.93115234375 -61.34033203125 178459
91.9189453125 41.93115234375 -61.34033203125 178460
91.9189453125 41.93115234375 -61.34033203125 178561
104.18701171875 209.04541015625 -37.4755859375 178561
104.18701171875 209.04541015625 -37.4755859375 178562
104.18701171875 209.04541015625 -37.4755859375 178562
104.18701171875 209.04541015625 -37.4755859375 178563
42.54150390625 299.560546875 43.27392578125 178640
42.54150390625 299.560546875 43.27392578125 178756
41.015625 119.07958984375 -22.705078125 178757
41.015625 119.07958984375 -22.705078125 178758
41.015625 119.07958984375 -22.705078125 178758
41.015625 119.07958984375 -22.705078125 178758
11.29150390625 -132.50732421875 -98.2666015625 178845
11.29150390625 -132.50732421875 -98.2666015625 178951
-111.083984375 -313.53759765625 -75.1953125 178951
-111.083984375 -313.53759765625 -75.1953125 178951
-111.083984375 -313.53759765625 -75.1953125 178952
-111.083984375 -313.53759765625 -75.1953125 178952
-111.083984375 -313.53759765625 -75.1953125 179055
-129.5166015625 -214.9658203125 62.8662109375 179055
-129.5166015625 -214.9658203125 62.8662109375 179055
-129.5166015625 -214.9658203125 62.8662109375 179056
-129.5166015625 -214.9658203125 62.8662109375 179056
-129.5166015625 -214.9658203125 62.8662109375 179159
-65.00244140625 25.08544921875 113.1591796875 179159
-65.00244140625 25.08544921875 113.1591796875 179160
-65.00244140625 25.08544921875 113.1591796875 179160
-65.00244140625 25.08544921875 113.1591796875 179161
-65.00244140625 25.08544921875 113.1591796875 179262
6.65283203125 91.4306640625 111.083984375 179263
6.65283203125 91.4306640625 111.083984375 179263
6.65283203125 91.4306640625 111.083984375 179263
6.65283203125 91.4306640625 111.083984375 179264
51.7578125 89.66064453125 104.248046875 179339
51.7578125 89.66064453125 104.248046875 179452
56.94580078125 120.66650390625 53.03955078125 179452
56.94580078125 120.66650390625 53.03955078125 179452
56.94580078125 120.66650390625 53.03955078125 179453
56.94580078125 120.66650390625 53.03955078125 179453
56.94580078125 120.66650390625 53.03955078125 179557
17.4560546875 49.9267578125 -0.732421875 179558
17.4560546875 49.9267578125 -0.732421875 179559
17.4560546875 49.9267578125 -0.732421875 179559
17.4560546875 49.9267578125 -0.732421875 179560
17.4560546875 49.9267578125 -0.732421875 179660
-49.49951171875 2.44140625 42.05322265625 179660
-49.49951171875 2.44140625 42.05322265625 179661
-49.49951171875 2.44140625 42.05322265625 179661
-49.49951171875 2.44140625 42.05322265625 179662
-67.138671875 -59.75341796875 82.8857421875 179739
-67.138671875 -59.75341796875 82.8857421875 179850
-38.330078125 -103.33251953125 10.55908203125 179850
-38.330078125 -103.33251953125 10.55908203125 179850
-38.330078125 -103.33251953125 10.55908203125 179851
-38.330078125 -103.33251953125 10.55908203125 179851
-38.330078125 -103.33251953125 10.55908203125 179953
-62.3779296875 -77.08740234375 -11.8408203125 179953
-62.3779296875 -77.08740234375 -11.8408203125 179954
-62.3779296875 -77.08740234375 -11.8408203125 179954
-62.3779296875 -77.08740234375 -11.8408203125 179954
-62.3779296875 -77.08740234375 -11.8408203125 180058
-51.6357421875 -41.748046875 -22.03369140625 180058
-51.6357421875 -41.748046875 -22.03369140625 180058
-51.6357421875 -41.748046875 -22.03369140625 180059
-51.6357421875 -41.748046875 -22.03369140625 180059
-51.6357421875 -41.748046875 -22.03369140625 180160
-57.55615234375 -49.8046875 -13.97705078125 180160
-57.55615234375 -49.8046875 -13.97705078125 180161
-57.55615234375 -49.8046875 -13.97705078125 180161
-57.55615234375 -49.8046875 -13.97705078125 180161
-57.55615234375 -49.8046875 -13.97705078125 180262
-41.1376953125 -36.07177734375 -14.70947265625 180262
-41.1376953125 -36.07177734375 -14.70947265625 180263
-41.1376953125 -36.07177734375 -14.70947265625 180263
-41.1376953125 -36.07177734375 -14.70947265625 180264
-23.86474609375 -20.20263671875 -4.7607421875 180341
-23.86474609375 -20.20263671875 -4.7607421875 180452
-4.82177734375 -1.3427734375 -14.22119140625 180452
-4.82177734375 -1.3427734375 -14.22119140625 180453
-4.82177734375 -1.3427734375 -14.22119140625 180453
-4.82177734375 -1.3427734375 -14.22119140625 180454
-4.82177734375 -1.3427734375 -14.22119140625 180554
-1.03759765625 3.90625 -12.451171875 180554
-1.03759765625 3.90625 -12.451171875 180555
-1.03759765625 3.90625 -12.451171875 180555
-1.03759765625 3.90625 -12.451171875 180556
-1.03759765625 3.90625 -12.451171875 180657
-5.4931640625 -0.79345703125 -6.04248046875 180657
-5.4931640625 -0.79345703125 -6.04248046875 180658
-5.4931640625 -0.79345703125 -6.04248046875 180658
-5.4931640625 -0.79345703125 -6.04248046875 180658
-5.4931640625 -0.79345703125 -6.04248046875 180760
-13.73291015625 -4.7607421875 -19.6533203125 180760
-13.73291015625 -4.7607421875 -19.6533203125 180760
-13.73291015625 -4.7607421875 -19.6533203125 180761
-13.73291015625 -4.7607421875 -19.6533203125 180761
-13.73291015625 -4.7607421875 -19.6533203125 180863
-21.240234375 -11.5966796875 -37.41455078125 180863
-21.240234375 -11.5966796875 -37.41455078125 180864
-21.240234375 -11.5966796875 -37.41455078125 180864
-21.240234375 -11.5966796875 -37.41455078125 180865
-16.54052734375 -14.46533203125 -55.35888671875 180943
-16.54052734375 -14.46533203125 -55.35888671875 181054
9.94873046875 -16.29638671875 -82.33642578125 181054
9.94873046875 -16.29638671875 -82.33642578125 181055
9.94873046875 -16.29638671875 -82.33642578125 181055
9.94873046875 -16.29638671875 -82.33642578125 181056
9.94873046875 -16.29638671875 -82.33642578125 181157
34.11865234375 -20.69091796875 -92.041015625 181157
34.11865234375 -20.69091796875 -92.041015625 181158
34.11865234375 -20.69091796875 -92.041015625 181158
34.11865234375 -20.69091796875 -92.041015625 181159
34.11865234375 -20.69091796875 -92.041015625 181261
85.5712890625 23.8037109375 -80.4443359375 181261
85.5712890625 23.8037109375 -80.4443359375 181262
85.5712890625 23.8037109375 -80.4443359375 181262
85.5712890625 23.8037109375 -80.4443359375 181263
85.5712890625 23.8037109375 -80.4443359375 181365
173.03466796875 191.22314453125 -58.04443359375 181365
173.03466796875 191.22314453125 -58.04443359375 181366
173.03466796875 191.22314453125 -58.04443359375 181366
173.03466796875 191.22314453125 -58.04443359375 181367
173.03466796875 191.22314453125 -58.04443359375 181466
98.7548828125 346.61865234375 19.83642578125 181467
98.7548828125 346.61865234375 19.83642578125 181467
98.7548828125 346.61865234375 19.83642578125 181468
98.7548828125 346.61865234375 19.83642578125 181468
2.13623046875 230.28564453125 26.91650390625 181552
2.13623046875 230.28564453125 26.91650390625 181656
61.82861328125 -80.810546875 -62.6220703125 181656
61.82861328125 -80.810546875 -62.6220703125 181657
61.82861328125 -80.810546875 -62.6220703125 181657
61.82861328125 -80.810546875 -62.6220703125 181658
61.82861328125 -80.810546875 -62.6220703125 181758
-80.87158203125 -294.12841796875 -90.75927734375 181758
-80.87158203125 -294.12841796875 -90.75927734375 181759
-80.87158203125 -294.12841796875 -90.75927734375 181759
-80.87158203125 -294.12841796875 -90.75927734375 181760
-80.87158203125 -294.12841796875 -90.75927734375 181861
-211.12060546875 -283.87451171875 8.7890625 181862
-211.12060546875 -283.87451171875 8.7890625 181862
-211.12060546875 -283.87451171875 8.7890625 181863
-211.12060546875 -283.87451171875 8.7890625 181863
-211.12060546875 -283.87451171875 8.7890625 181964
-82.6416015625 1.89208984375 141.9677734375 181964
-82.6416015625 1.89208984375 141.9677734375 181965
-82.6416015625 1.89208984375 141.9677734375 181965
-82.6416015625 1.89208984375 141.9677734375 181966
15.869140625 104.736328125 157.470703125 182045
15.869140625 104.736328125 157.470703125 182156
112.3046875 144.83642578125 111.14501953125 182156
112.3046875 144.83642578125 111.14501953125 182157
112.3046875 144.83642578125 111.14501953125 182157
112.3046875 144.83642578125 111.14501953125 182157
112.3046875 144.83642578125 111.14501953125 182257
73.66943359375 92.28515625 15.2587890625 182257
73.66943359375 92.28515625 15.2587890625 182258
73.66943359375 92.28515625 15.2587890625 182258
73.66943359375 92.28515625 15.2587890625 182259
-21.728515625 31.31103515625 71.71630859375 182360
-21.728515625 31.31103515625 71.71630859375 182360
-21.728515625 31.31103515625 71.71630859375 182361
-21.728515625 31.31103515625 71.71630859375 182361
-21.728515625 31.31103515625 71.71630859375 182464
-47.54638671875 -59.326171875 74.5849609375 182464
-47.54638671875 -59.326171875 74.5849609375 182465
-47.54638671875 -59.326171875 74.5849609375 182465
-47.54638671875 -59.326171875 74.5849609375 182466
-47.54638671875 -59.326171875 74.5849609375 182566
-66.83349609375 -115.90576171875 9.94873046875 182566
-66.83349609375 -115.90576171875 9.94873046875 182567
-66.83349609375 -115.90576171875 9.94873046875 182567
-66.83349609375 -115.90576171875 9.94873046875 182569
-91.30859375 -99.79248046875 -2.0751953125 182646
-91.30859375 -99.79248046875 -2.0751953125 182755
-54.443359375 -58.89892578125 -15.2587890625 182755
-54.443359375 -58.89892578125 -15.2587890625 182756
-54.443359375 -58.89892578125 -15.2587890625 182756
-54.443359375 -58.89892578125 -15.2587890625 182757
-54.443359375 -58.89892578125 -15.2587890625 182859
-60.4248046875 -45.654296875 -17.51708984375 182859
-60.4248046875 -45.654296875 -17.51708984375 182860
-60.4248046875 -45.654296875 -17.51708984375 182860
-60.4248046875 -45.654296875 -17.51708984375 182861
-60.4248046875 -45.654296875 -17.51708984375 182961
-45.95947265625 -33.02001953125 -18.12744140625 182961
-45.95947265625 -33.02001953125 -18.12744140625 182962
-45.95947265625 -33.02001953125 -18.12744140625 182962
-45.95947265625 -33.02001953125 -18.12744140625 182963
-45.95947265625 -33.02001953125 -18.12744140625 183064
-25.32958984375 -14.892578125 -23.13232421875 183064
-25.32958984375 -14.892578125 -23.13232421875 183065
-25.32958984375 -14.892578125 -23.13232421875 183066
-25.32958984375 -14.892578125 -23.13232421875 183068
-25.32958984375 -14.892578125 -23.13232421875 183167
-46.69189453125 -29.60205078125 -14.6484375 183168
-46.69189453125 -29.60205078125 -14.6484375 183168
-46.69189453125 -29.60205078125 -14.6484375 183169
-46.69189453125 -29.60205078125 -14.6484375 183169
-24.658203125 -20.01953125 -15.07568359375 183245
-24.658203125 -20.01953125 -15.07568359375 183402
-8.7890625 -3.72314453125 -31.8603515625 183402
-8.7890625 -3.72314453125 -31.8603515625 183402
-8.7890625 -3.72314453125 -31.8603515625 183403
-8.7890625 -3.72314453125 -31.8603515625 183403
8.4228515625 11.65771484375 -60.1806640625 183463
8.4228515625 11.65771484375 -60.1806640625 183567
6.04248046875 -5.18798828125 -70.556640625 183567
6.04248046875 -5.18798828125 -70.556640625 183567
6.04248046875 -5.18798828125 -70.556640625 183568
6.04248046875 -5.18798828125 -70.556640625 183568
6.04248046875 -5.18798828125 -70.556640625 183669
14.46533203125 -17.88330078125 -86.60888671875 183669
14.46533203125 -17.88330078125 -86.60888671875 183669
14.46533203125 -17.88330078125 -86.60888671875 183670
14.46533203125 -17.88330078125 -86.60888671875 183670
31.982421875 -14.892578125 -72.81494140625 183746
31.982421875 -14.892578125 -72.81494140625 183857
142.88330078125 90.51513671875 -61.4013671875 183857
142.88330078125 90.51513671875 -61.4013671875 183858
142.88330078125 90.51513671875 -61.4013671875 183858
142.88330078125 90.51513671875 -61.4013671875 183859
209.65576171875 280.57861328125 -37.353515625 183945
209.65576171875 280.57861328125 -37.353515625 184057
72.44873046875 257.99560546875 6.8359375 184058
72.44873046875 257.99560546875 6.8359375 184058
72.44873046875 257.99560546875 6.8359375 184059
72.44873046875 257.99560546875 6.8359375 184060
72.44873046875 257.99560546875 6.8359375 184160
52.8564453125 81.9091796875 -79.16259765625 184160
52.8564453125 81.9091796875 -79.16259765625 184161
52.8564453125 81.9091796875 -79.16259765625 184161
52.8564453125 81.9091796875 -79.16259765625 184162
52.8564453125 81.9091796875 -79.16259765625 184263
16.05224609375 -104.98046875 -50.10986328125 184264
16.05224609375 -104.98046875 -50.10986328125 184264
16.05224609375 -104.98046875 -50.10986328125 184265
16.05224609375 -104.98046875 -50.10986328125 184265
16.05224609375 -104.98046875 -50.10986328125 184365
-184.75341796875 -393.1884765625 -1.0986328125 184365
-184.75341796875 -393.1884765625 -1.0986328125 184366
-184.75341796875 -393.1884765625 -1.0986328125 184366
-184.75341796875 -393.1884765625 -1.0986328125 184366
-184.75341796875 -393.1884765625 -1.0986328125 184468
-128.90625 -52.734375 90.6982421875 184468
-128.90625 -52.734375 90.6982421875 184469
-128.90625 -52.734375 90.6982421875 184469
-128.90625 -52.734375 90.6982421875 184470
-128.90625 -52.734375 90.6982421875 184577
-41.68701171875 130.67626953125 143.4326171875 184578
-41.68701171875 130.67626953125 143.4326171875 184578
-41.68701171875 130.67626953125 143.4326171875 184578
-41.68701171875 130.67626953125 143.4326171875 184579
31.1279296875 129.5166015625 102.35595703125 184665
31.1279296875 129.5166015625 102.35595703125 184766
106.50634765625 116.8212890625 60.9130859375 184767
106.50634765625 116.8212890625 60.9130859375 184767
106.50634765625 116.8212890625 60.9130859375 184768
106.50634765625 116.8212890625 60.9130859375 184768
106.50634765625 116.8212890625 60.9130859375 184869
103.82080078125 58.04443359375 116.2109375 184870
103.82080078125 58.04443359375 116.2109375 184870
103.82080078125 58.04443359375 116.2109375 184870
103.82080078125 58.04443359375 116.2109375 184871
-10.8642578125 4.08935546875 77.94189453125 184947
-10.8642578125 4.08935546875 77.94189453125 185061
-114.68505859375 -41.07666015625 2.5634765625 185062
-114.68505859375 -41.07666015625 2.5634765625 185063
-114.68505859375 -41.07666015625 2.5634765625 185063
-114.68505859375 -41.07666015625 2.5634765625 185064
-114.68505859375 -41.07666015625 2.5634765625 185161
-69.76318359375 -98.876953125 2.86865234375 185161
-69.76318359375 -98.876953125 2.86865234375 185267
-62.5 -70.25146484375 1.52587890625 185268
-62.5 -70.25146484375 1.52587890625 185268
-62.5 -70.25146484375 1.52587890625 185269
-62.5 -70.25146484375 1.52587890625 185269
-89.17236328125 -71.4111328125 6.591796875 185351
-89.17236328125 -71.4111328125 6.591796875 185460
-76.72119140625 -49.072265625 -13.5498046875 185460
-76.72119140625 -49.072265625 -13.5498046875 185461
-76.72119140625 -49.072265625 -13.5498046875 185461
-76.72119140625 -49.072265625 -13.5498046875 185462
-76.72119140625 -49.072265625 -13.5498046875 185569
-50.6591796875 -29.4189453125 -12.939453125 185569
-50.6591796875 -29.4189453125 -12.939453125 185570
-50.6591796875 -29.4189453125 -12.939453125 185570
-50.6591796875 -29.4189453125 -12.939453125 185571
-50.6591796875 -29.4189453125 -12.939453125 185672
-16.90673828125 4.2724609375 -23.62060546875 185672
-16.90673828125 4.2724609375 -23.62060546875 185672
-16.90673828125 4.2724609375 -23.62060546875 185673
-16.90673828125 4.2724609375 -23.62060546875 185673
-24.59716796875 1.28173828125 -21.42333984375 185752
-24.59716796875 1.28173828125 -21.42333984375 185863
-39.12353515625 -19.53125 -22.64404296875 185863
-39.12353515625 -19.53125 -22.64404296875 185863
-39.12353515625 -19.53125 -22.64404296875 185864
-39.12353515625 -19.53125 -22.64404296875 185864
-39.12353515625 -19.53125 -22.64404296875 185966
-22.76611328125 -15.31982421875 -34.48486328125 185966
-22.76611328125 -15.31982421875 -34.48486328125 185967
-22.76611328125 -15.31982421875 -34.48486328125 185967
-22.76611328125 -15.31982421875 -34.48486328125 185968
-22.76611328125 -15.31982421875 -34.48486328125 186068
-4.82177734375 -11.3525390625 -57.18994140625 186068
-4.82177734375 -11.3525390625 -57.18994140625 186069
-4.82177734375 -11.3525390625 -57.18994140625 186069
-4.82177734375 -11.3525390625 -57.18994140625 186070
-4.82177734375 -11.3525390625 -57.18994140625 186170
20.32470703125 -4.0283203125 -79.58984375 186170
20.32470703125 -4.0283203125 -79.58984375 186171
20.32470703125 -4.0283203125 -79.58984375 186171
20.32470703125 -4.0283203125 -79.58984375 186171
20.32470703125 -4.0283203125 -79.58984375 186273
32.958984375 -5.18798828125 -96.8017578125 186273
32.958984375 -5.18798828125 -96.8017578125 186274
32.958984375 -5.18798828125 -96.8017578125 186274
32.958984375 -5.18798828125 -96.8017578125 186275
78.4912109375 52.978515625 -87.58544921875 186350
78.4912109375 52.978515625 -87.58544921875 186460
183.65478515625 162.53662109375 -67.138671875 186460
183.65478515625 162.53662109375 -67.138671875 186461
183.65478515625 162.53662109375 -67.138671875 186462
183.65478515625 162.53662109375 -67.138671875 186462
183.65478515625 162.53662109375 -67.138671875 186563
168.02978515625 363.58642578125 20.6298828125 186563
168.02978515625 363.58642578125 20.6298828125 186564
168.02978515625 363.58642578125 20.6298828125 186565
168.02978515625 363.58642578125 20.6298828125 186565
168.02978515625 363.58642578125 20.6298828125 186665
8.60595703125 252.9296875 -12.14599609375 186665
8.60595703125 252.9296875 -12.14599609375 186666
8.60595703125 252.9296875 -12.14599609375 186666
8.60595703125 252.9296875 -12.14599609375 186667
8.60595703125 252.9296875 -12.14599609375 186767
19.10400390625 -9.1552734375 -42.48046875 186768
19.10400390625 -9.1552734375 -42.48046875 186768
19.10400390625 -9.1552734375 -42.48046875 186772
19.10400390625 -9.1552734375 -42.48046875 186773
19.10400390625 -9.1552734375 -42.48046875 186870
-122.1923828125 -375.42724609375 -89.29443359375 186871
-122.1923828125 -375.42724609375 -89.29443359375 186871
-122.1923828125 -375.42724609375 -89.29443359375 186872
-122.1923828125 -375.42724609375 -89.29443359375 186972
-196.47216796875 -209.16748046875 80.2001953125 186972
-196.47216796875 -209.16748046875 80.2001953125 186973
-196.47216796875 -209.16748046875 80.2001953125 186973
-196.47216796875 -209.16748046875 80.2001953125 186974
-196.47216796875 -209.16748046875 80.2001953125 187101
-123.779296875 2.38037109375 131.591796875 187102
-123.779296875 2.38037109375 131.591796875 187103
-123.779296875 2.38037109375 131.591796875 187103
-123.779296875 2.38037109375 131.591796875 187103
-9.46044921875 84.47265625 130.92041015625 187162
-9.46044921875 84.47265625 130.92041015625 187264
39.0625 82.09228515625 62.8662109375 187264
39.0625 82.09228515625 62.8662109375 187265
39.0625 82.09228515625 62.8662109375 187265
39.0625 82.09228515625 62.8662109375 187266
39.0625 82.09228515625 62.8662109375 187366
43.8232421875 69.03076171875 42.236328125 187366
43.8232421875 69.03076171875 42.236328125 187367
43.8232421875 69.03076171875 42.236328125 187367
43.8232421875 69.03076171875 42.236328125 187368
43.8232421875 69.03076171875 42.236328125 187468
-26.2451171875 -71.35009765625 87.2802734375 187469
-26.2451171875 -71.35009765625 87.2802734375 187470
-26.2451171875 -71.35009765625 87.2802734375 187470
-26.2451171875 -71.35009765625 87.2802734375 187471
-26.2451171875 -71.35009765625 87.2802734375 187571
-15.0146484375 -44.3115234375 25.20751953125 187571
-15.0146484375 -44.3115234375 25.20751953125 187572
-15.0146484375 -44.3115234375 25.20751953125 187573
-15.0146484375 -44.3115234375 25.20751953125 187573
-15.0146484375 -44.3115234375 25.20751953125 187674
-45.34912109375 -76.59912109375 22.216796875 187674
-45.34912109375 -76.59912109375 22.216796875 187675
-45.34912109375 -76.59912109375 22.216796875 187675
-45.34912109375 -76.59912109375 22.216796875 187675
-94.7265625 -85.38818359375 17.2119140625 187752
-94.7265625 -85.38818359375 17.2119140625 187863
-51.513671875 -48.64501953125 -22.705078125 187863
-51.513671875 -48.64501953125 -22.705078125 187864
-51.513671875 -48.64501953125 -22.705078125 187864
-51.513671875 -48.64501953125 -22.705078125 187865
-51.513671875 -48.64501953125 -22.705078125 187967
-54.13818359375 -48.03466796875 -27.4658203125 187968
-54.13818359375 -48.03466796875 -27.4658203125 187968
-54.13818359375 -48.03466796875 -27.4658203125 187969
-54.13818359375 -48.03466796875 -27.4658203125 187969
-54.13818359375 -48.03466796875 -27.4658203125 188069
-54.5654296875 -27.099609375 -25.634765625 188069
-54.5654296875 -27.099609375 -25.634765625 188070
-54.5654296875 -27.099609375 -25.634765625 188070
-54.5654296875 -27.099609375 -25.634765625 188071
-54.5654296875 -27.099609375 -25.634765625 188172
-51.33056640625 -25.32958984375 -11.65771484375 188173
-51.33056640625 -25.32958984375 -11.65771484375 188173
-51.33056640625 -25.32958984375 -11.65771484375 188174
-51.33056640625 -25.32958984375 -11.65771484375 188174
-51.33056640625 -25.32958984375 -11.65771484375 188275
-20.01953125 -1.28173828125 -19.59228515625 188276
-20.01953125 -1.28173828125 -19.59228515625 188276
-20.01953125 -1.28173828125 -19.59228515625 188277
-20.01953125 -1.28173828125 -19.59228515625 188277
-6.34765625 7.62939453125 -23.01025390625 188358
-6.34765625 7.62939453125 -23.01025390625 188467
-6.2255859375 3.90625 -26.67236328125 188467
-6.2255859375 3.90625 -26.67236328125 188468
-6.2255859375 3.90625 -26.67236328125 188468
-6.2255859375 3.90625 -26.67236328125 188468
-10.55908203125 -2.74658203125 -43.212890625 188570
-10.55908203125 -2.74658203125 -43.212890625 188570
-10.55908203125 -2.74658203125 -43.212890625 188571
-10.55908203125 -2.74658203125 -43.212890625 188571
-10.55908203125 -2.74658203125 -43.212890625 188673
-10.1318359375 -9.3994140625 -60.302734375 188674
-10.1318359375 -9.3994140625 -60.302734375 188674
-10.1318359375 -9.3994140625 -60.302734375 188675
-10.1318359375 -9.3994140625 -60.302734375 188675
-10.1318359375 -9.3994140625 -60.302734375 188773
8.30078125 -16.54052734375 -80.87158203125 188773
29.78515625 -19.71435546875 -89.17236328125 188869
29.78515625 -19.71435546875 -89.17236328125 188869
29.78515625 -19.71435546875 -89.17236328125 188870
29.78515625 -19.71435546875 -89.17236328125 188870
29.78515625 -19.71435546875 -89.17236328125 188968
131.16455078125 69.091796875 -81.0546875 188968
131.16455078125 69.091796875 -81.0546875 189071
215.33203125 279.23583984375 -60.791015625 189071
215.33203125 279.23583984375 -60.791015625 189072
215.33203125 279.23583984375 -60.791015625 189072
215.33203125 279.23583984375 -60.791015625 189073
215.33203125 279.23583984375 -60.791015625 189174
72.509765625 283.87451171875 67.19970703125 189174
72.509765625 283.87451171875 67.19970703125 189175
72.509765625 283.87451171875 67.19970703125 189175
72.509765625 283.87451171875 67.19970703125 189175
80.13916015625 9.765625 -109.86328125 189255
80.13916015625 9.765625 -109.86328125 189365
-61.5234375 -149.90234375 -24.23095703125 189365
-61.5234375 -149.90234375 -24.23095703125 189366
-61.5234375 -149.90234375 -24.23095703125 189367
-61.5234375 -149.90234375 -24.23095703125 189368
-61.5234375 -149.90234375 -24.23095703125 189468
-229.30908203125 -280.517578125 22.8271484375 189468
-229.30908203125 -280.517578125 22.8271484375 189469
-229.30908203125 -280.517578125 22.8271484375 189470
-229.30908203125 -280.517578125 22.8271484375 189471
-229.30908203125 -280.517578125 22.8271484375 189577
-103.8818359375 -17.63916015625 100.9521484375 189578
-103.8818359375 -17.63916015625 100.9521484375 189579
-103.8818359375 -17.63916015625 100.9521484375 189579
-103.8818359375 -17.63916015625 100.9521484375 189580
18.310546875 126.0986328125 128.173828125 189655
18.310546875 126.0986328125 128.173828125 189767
67.3828125 139.83154296875 75.01220703125 189767
67.3828125 139.83154296875 75.01220703125 189768
67.3828125 139.83154296875 75.01220703125 189768
67.3828125 139.83154296875 75.01220703125 189770
67.3828125 139.83154296875 75.01220703125 189869
-1.8310546875 46.93603515625 18.61572265625 189870
-1.8310546875 46.93603515625 18.61572265625 189870
-1.8310546875 46.93603515625 18.61572265625 189870
-1.8310546875 46.93603515625 18.61572265625 189871
-1.8310546875 46.93603515625 18.61572265625 189971
-52.8564453125 -8.6669921875 14.6484375 189972
-52.8564453125 -8.6669921875 14.6484375 189972
-52.8564453125 -8.6669921875 14.6484375 189973
-52.8564453125 -8.6669921875 14.6484375 189973
-52.8564453125 -8.6669921875 14.6484375 190074
-66.71142578125 -71.4111328125 79.28466796875 190075
-66.71142578125 -71.4111328125 79.28466796875 190075
-66.71142578125 -71.4111328125 79.28466796875 190076
-66.71142578125 -71.4111328125 79.28466796875 190076
-66.71142578125 -71.4111328125 79.28466796875 190177
-60.72998046875 -93.994140625 18.61572265625 190177
-60.72998046875 -93.994140625 18.61572265625 190178
-60.72998046875 -93.994140625 18.61572265625 190178
-60.72998046875 -93.994140625 18.61572265625 190179
-60.72998046875 -93.994140625 18.61572265625 190282
-72.75390625 -94.6044921875 9.70458984375 190282
-72.75390625 -94.6044921875 9.70458984375 190283
-72.75390625 -94.6044921875 9.70458984375 190283
-72.75390625 -94.6044921875 9.70458984375 190283
-34.7900390625 -47.05810546875 -26.42822265625 190365
-34.7900390625 -47.05810546875 -26.42822265625 190466
-55.72509765625 -65.185546875 -8.36181640625 190468
-55.72509765625 -65.185546875 -8.36181640625 190469
-55.72509765625 -65.185546875 -8.36181640625 190469
-55.72509765625 -65.185546875 -8.36181640625 190470
-55.72509765625 -65.185546875 -8.36181640625 190569
-28.01513671875 -27.587890625 -18.5546875 190569
-28.01513671875 -27.587890625 -18.5546875 190570
-28.01513671875 -27.587890625 -18.5546875 190570
-28.01513671875 -27.587890625 -18.5546875 190570
-28.01513671875 -27.587890625 -18.5546875 190671
-22.64404296875 -15.380859375 -18.5546875 190671
-22.64404296875 -15.380859375 -18.5546875 190672
-22.64404296875 -15.380859375 -18.5546875 190672
-22.64404296875 -15.380859375 -18.5546875 190672
-22.64404296875 -15.380859375 -18.5546875 190774
-26.3671875 -17.333984375 -9.033203125 190775
-26.3671875 -17.333984375 -9.033203125 190776
-26.3671875 -17.333984375 -9.033203125 190776
-26.3671875 -17.333984375 -9.033203125 190776
-26.3671875 -17.333984375 -9.033203125 190876
-21.91162109375 -5.06591796875 -17.08984375 190876
-21.91162109375 -5.06591796875 -17.08984375 190877
-21.91162109375 -5.06591796875 -17.08984375 190878
-21.91162109375 -5.06591796875 -17.08984375 190878
-24.71923828125 -10.80322265625 -33.0810546875 190956
-24.71923828125 -10.80322265625 -33.0810546875 191067
-15.93017578125 -8.85009765625 -45.8984375 191067
-15.93017578125 -8.85009765625 -45.8984375 191068
-15.93017578125 -8.85009765625 -45.8984375 191068
-15.93017578125 -8.85009765625 -45.8984375 191069
-15.93017578125 -8.85009765625 -45.8984375 191170
-2.99072265625 -4.94384765625 -68.84765625 191170
-2.99072265625 -4.94384765625 -68.84765625 191171
-2.99072265625 -4.94384765625 -68.84765625 191172
-2.99072265625 -4.94384765625 -68.84765625 191172
-2.99072265625 -4.94384765625 -68.84765625 191273
17.63916015625 0.9765625 -83.984375 191273
17.63916015625 0.9765625 -83.984375 191274
17.63916015625 0.9765625 -83.984375 191274
17.63916015625 0.9765625 -83.984375 191275
17.63916015625 0.9765625 -83.984375 191375
58.89892578125 6.4697265625 -83.0078125 191376
58.89892578125 6.4697265625 -83.0078125 191376
58.89892578125 6.4697265625 -83.0078125 191377
58.89892578125 6.4697265625 -83.0078125 191377
58.89892578125 6.4697265625 -83.0078125 191478
108.21533203125 36.4990234375 -55.17578125 191478
108.21533203125 36.4990234375 -55.17578125 191479
108.21533203125 36.4990234375 -55.17578125 191479
108.21533203125 36.4990234375 -55.17578125 191480
108.21533203125 36.4990234375 -55.17578125 191580
213.56201171875 265.68603515625 -5.37109375 191580
213.56201171875 265.68603515625 -5.37109375 191581
213.56201171875 265.68603515625 -5.37109375 191581
213.56201171875 265.68603515625 -5.37109375 191582
150.32958984375 282.77587890625 89.17236328125 191659
150.32958984375 282.77587890625 89.17236328125 191771
42.236328125 39.6728515625 -48.7060546875 191772
42.236328125 39.6728515625 -48.7060546875 191772
42.236328125 39.6728515625 -48.7060546875 191773
42.236328125 39.6728515625 -48.7060546875 191773
42.236328125 39.6728515625 -48.7060546875 191873
-39.9169921875 -141.90673828125 -58.7158203125 191900
-39.9169921875 -141.90673828125 -58.7158203125 191900
-39.9169921875 -141.90673828125 -58.7158203125 191900
-39.9169921875 -141.90673828125 -58.7158203125 191901
-39.9169921875 -141.90673828125 -58.7158203125 191976
-294.49462890625 -261.29150390625 46.56982421875 191976
-294.49462890625 -261.29150390625 46.56982421875 192078
-88.0126953125 -3.662109375 136.474609375 192078
-88.0126953125 -3.662109375 136.474609375 192079
-88.0126953125 -3.662109375 136.474609375 192079
-88.0126953125 -3.662109375 136.474609375 192080
-88.0126953125 -3.662109375 136.474609375 192196
108.82568359375 106.93359375 111.02294921875 192197
108.82568359375 106.93359375 111.02294921875 192197
108.82568359375 106.93359375 111.02294921875 192197
108.82568359375 106.93359375 111.02294921875 192198
138.73291015625 49.1943359375 83.67919921875 192259
138.73291015625 49.1943359375 83.67919921875 192371
-10.19287109375 -6.103515625 46.56982421875 192371
-10.19287109375 -6.103515625 46.56982421875 192372
-10.19287109375 -6.103515625 46.56982421875 192372
-10.19287109375 -6.103515625 46.56982421875 192372
-10.19287109375 -6.103515625 46.56982421875 192482
-2.38037109375 27.40478515625 48.9501953125 192482
-2.38037109375 27.40478515625 48.9501953125 192483
-2.38037109375 27.40478515625 48.9501953125 192483
-2.38037109375 27.40478515625 48.9501953125 192483
-25.7568359375 -12.8173828125 9.27734375 192579
-25.7568359375 -12.8173828125 9.27734375 192680
-82.21435546875 -53.52783203125 -25.146484375 192690
-82.21435546875 -53.52783203125 -25.146484375 192690
-82.21435546875 -53.52783203125 -25.146484375 192691
-82.21435546875 -53.52783203125 -25.146484375 192691
-86.669921875 -56.2744140625 -38.9404296875 192760
-86.669921875 -56.2744140625 -38.9404296875 192871
-54.6875 -50.4150390625 -40.58837890625 192871
-54.6875 -50.4150390625 -40.58837890625 192871
-54.6875 -50.4150390625 -40.58837890625 192872
-54.6875 -50.4150390625 -40.58837890625 192872
-54.6875 -50.4150390625 -40.58837890625 192974
-19.53125 -10.92529296875 -30.2734375 192974
-19.53125 -10.92529296875 -30.2734375 192974
-19.53125 -10.92529296875 -30.2734375 192975
-19.53125 -10.92529296875 -30.2734375 192975
-19.53125 -10.92529296875 -30.2734375 193076
-59.50927734375 -39.00146484375 -19.47021484375 193076
-59.50927734375 -39.00146484375 -19.47021484375 193077
-59.50927734375 -39.00146484375 -19.47021484375 193077
-59.50927734375 -39.00146484375 -19.47021484375 193077
-59.50927734375 -39.00146484375 -19.47021484375 193179
-71.22802734375 -50.47607421875 -11.23046875 193179
-71.22802734375 -50.47607421875 -11.23046875 193179
-71.22802734375 -50.47607421875 -11.23046875 193180
-71.22802734375 -50.47607421875 -11.23046875 193180
-71.22802734375 -50.47607421875 -11.23046875 193281
-43.8232421875 -29.1748046875 -6.53076171875 193281
-43.8232421875 -29.1748046875 -6.53076171875 193282
-43.8232421875 -29.1748046875 -6.53076171875 193282
-43.8232421875 -29.1748046875 -6.53076171875 193282
-18.85986328125 0.8544921875 -22.705078125 193369
-18.85986328125 0.8544921875 -22.705078125 193487
-7.87353515625 2.50244140625 -44.7998046875 193488
-7.87353515625 2.50244140625 -44.7998046875 193488
-7.87353515625 2.50244140625 -44.7998046875 193488
-7.87353515625 2.50244140625 -44.7998046875 193489
21.1181640625 6.04248046875 -65.0634765625 193564
21.1181640625 6.04248046875 -65.0634765625 193672
27.64892578125 -8.11767578125 -84.65576171875 193672
27.64892578125 -8.11767578125 -84.65576171875 193673
27.64892578125 -8.11767578125 -84.65576171875 193673
27.64892578125 -8.11767578125 -84.65576171875 193673
27.64892578125 -8.11767578125 -84.65576171875 193775
62.01171875 4.150390625 -85.87646484375 193775
62.01171875 4.150390625 -85.87646484375 193775
62.01171875 4.150390625 -85.87646484375 193776
62.01171875 4.150390625 -85.87646484375 193776
62.01171875 4.150390625 -85.87646484375 193878
102.05078125 50.537109375 -78.55224609375 193878
102.05078125 50.537109375 -78.55224609375 193879
102.05078125 50.537109375 -78.55224609375 193880
102.05078125 50.537109375 -78.55224609375 193880
102.05078125 50.537109375 -78.55224609375 193978
182.92236328125 322.021484375 -42.41943359375 193979
182.92236328125 322.021484375 -42.41943359375 193980
182.92236328125 322.021484375 -42.41943359375 193980
182.92236328125 322.021484375 -42.41943359375 193981
182.92236328125 322.021484375 -42.41943359375 194080
45.22705078125 272.64404296875 57.43408203125 194081
45.22705078125 272.64404296875 57.43408203125 194081
45.22705078125 272.64404296875 57.43408203125 194082
45.22705078125 272.64404296875 57.43408203125 194082
45.22705078125 272.64404296875 57.43408203125 194184
78.06396484375 33.3251953125 -70.00732421875 194184
78.06396484375 33.3251953125 -70.00732421875 194185
78.06396484375 33.3251953125 -70.00732421875 194185
78.06396484375 33.3251953125 -70.00732421875 194186
-37.9638671875 -160.33935546875 -56.396484375 194263
-37.9638671875 -160.33935546875 -56.396484375 194372
-219.7265625 -327.45361328125 52.8564453125 194373
-219.7265625 -327.45361328125 52.8564453125 194373
-219.7265625 -327.45361328125 52.8564453125 194374
-219.7265625 -327.45361328125 52.8564453125 194374
-219.7265625 -327.45361328125 52.8564453125 194474
-121.337890625 20.32470703125 114.013671875 194475
-121.337890625 20.32470703125 114.013671875 194475
-121.337890625 20.32470703125 114.013671875 194476
-121.337890625 20.32470703125 114.013671875 194477
-121.337890625 20.32470703125 114.013671875 194578
0.8544921875 93.07861328125 101.6845703125 194578
0.8544921875 93.07861328125 101.6845703125 194579
0.8544921875 93.07861328125 101.6845703125 194579
0.8544921875 93.07861328125 101.6845703125 194580
0.8544921875 93.07861328125 101.6845703125 194680
112.85400390625 86.181640625 77.63671875 194681
112.85400390625 86.181640625 77.63671875 194681
112.85400390625 86.181640625 77.63671875 194682
112.85400390625 86.181640625 77.63671875 194682
41.44287109375 27.16064453125 -20.1416015625 194764
41.44287109375 27.16064453125 -20.1416015625 194880
-55.2978515625 32.04345703125 60.97412109375 194881
-55.2978515625 32.04345703125 60.97412109375 194881
-55.2978515625 32.04345703125 60.97412109375 194882
-55.2978515625 32.04345703125 60.97412109375 194882
-55.2978515625 32.04345703125 60.97412109375 194983
-33.87451171875 -12.51220703125 50.47607421875 194983
-33.87451171875 -12.51220703125 50.47607421875 194984
-33.87451171875 -12.51220703125 50.47607421875 194984
-33.87451171875 -12.51220703125 50.47607421875 194984
-33.87451171875 -12.51220703125 50.47607421875 195085
-105.89599609375 -137.451171875 2.197265625 195086
-105.89599609375 -137.451171875 2.197265625 195087
-105.89599609375 -137.451171875 2.197265625 195088
-105.89599609375 -137.451171875 2.197265625 195088
-64.51416015625 -82.6416015625 -22.8271484375 195162
-64.51416015625 -82.6416015625 -22.8271484375 195275
-81.60400390625 -77.81982421875 -33.447265625 195275
-81.60400390625 -77.81982421875 -33.447265625 195276
-81.60400390625 -77.81982421875 -33.447265625 195276
-81.60400390625 -77.81982421875 -33.447265625 195277
-81.60400390625 -77.81982421875 -33.447265625 195564
-66.40625 -55.5419921875 -29.4189453125 195564
-66.40625 -55.5419921875 -29.4189453125 195565
-66.40625 -55.5419921875 -29.4189453125 195565
-66.40625 -55.5419921875 -29.4189453125 195565
-35.21728515625 -7.75146484375 -23.5595703125 195565
-26.611328125 -2.9296875 -24.10888671875 195577
-26.611328125 -2.9296875 -24.10888671875 195687
-21.240234375 -1.89208984375 -31.73828125 195687
-21.240234375 -1.89208984375 -31.73828125 195688
-21.240234375 -1.89208984375 -31.73828125 195688
-21.240234375 -1.89208984375 -31.73828125 195688
-8.7890625 -3.662109375 -53.52783203125 195764
-8.7890625 -3.662109375 -53.52783203125 195874
23.49853515625 4.21142578125 -67.2607421875 195874
23.49853515625 4.21142578125 -67.2607421875 195874
23.49853515625 4.21142578125 -67.2607421875 195875
23.49853515625 4.21142578125 -67.2607421875 195875
23.49853515625 4.21142578125 -67.2607421875 195977
32.3486328125 -6.65283203125 -71.8994140625 195977
32.3486328125 -6.65283203125 -71.8994140625 195978
32.3486328125 -6.65283203125 -71.8994140625 195978
32.3486328125 -6.65283203125 -71.8994140625 195978
32.3486328125 -6.65283203125 -71.8994140625 196082
87.70751953125 37.7197265625 -73.8525390625 196082
87.70751953125 37.7197265625 -73.8525390625 196082
87.70751953125 37.7197265625 -73.8525390625 196083
87.70751953125 37.7197265625 -73.8525390625 196083
87.70751953125 37.7197265625 -73.8525390625 196187
173.9501953125 195.80078125 -52.30712890625 196187
173.9501953125 195.80078125 -52.30712890625 196188
173.9501953125 195.80078125 -52.30712890625 196188
173.9501953125 195.80078125 -52.30712890625 196188
135.3759765625 257.87353515625 17.27294921875 196263
135.3759765625 257.87353515625 17.27294921875 196378
-13.7939453125 137.87841796875 67.87109375 196380
-13.7939453125 137.87841796875 67.87109375 196380
-13.7939453125 137.87841796875 67.87109375 196381
-13.7939453125 137.87841796875 67.87109375 196381
-13.7939453125 137.87841796875 67.87109375 196480
42.29736328125 -43.27392578125 -63.8427734375 196480
42.29736328125 -43.27392578125 -63.8427734375 196481
42.29736328125 -43.27392578125 -63.8427734375 196481
42.29736328125 -43.27392578125 -63.8427734375 196482
42.29736328125 -43.27392578125 -63.8427734375 196585
-80.62744140625 -127.38037109375 -43.9453125 196586
-80.62744140625 -127.38037109375 -43.9453125 196586
-80.62744140625 -127.38037109375 -43.9453125 196587
-80.62744140625 -127.38037109375 -43.9453125 196587
-156.005859375 -85.38818359375 22.39990234375 196676
-156.005859375 -85.38818359375 22.39990234375 196787
-130.0048828125 8.97216796875 90.9423828125 196787
-130.0048828125 8.97216796875 90.9423828125 196788
-130.0048828125 8.97216796875 90.9423828125 196788
-130.0048828125 8.97216796875 90.9423828125 196789
-37.78076171875 66.40625 106.689453125 196864
-37.78076171875 66.40625 106.689453125 196979
104.1259765625 112.12158203125 123.53515625 196979
104.1259765625 112.12158203125 123.53515625 196980
104.1259765625 112.12158203125 123.53515625 196980
104.1259765625 112.12158203125 123.53515625 196981
105.89599609375 107.91015625 53.03955078125 197083
105.89599609375 107.91015625 53.03955078125 197083
105.89599609375 107.91015625 53.03955078125 197084
105.89599609375 107.91015625 53.03955078125 197084
105.89599609375 107.91015625 53.03955078125 197186
-10.25390625 66.46728515625 52.06298828125 197187
-10.25390625 66.46728515625 52.06298828125 197187
-10.25390625 66.46728515625 52.06298828125 197188
-10.25390625 66.46728515625 52.06298828125 197188
-10.25390625 66.46728515625 52.06298828125 197289
-108.70361328125 12.26806640625 54.13818359375 197289
-108.70361328125 12.26806640625 54.13818359375 197290
-108.70361328125 12.26806640625 54.13818359375 197291
-108.70361328125 12.26806640625 54.13818359375 197291
-95.8251953125 -153.9306640625 -1.3427734375 197367
-95.8251953125 -153.9306640625 -1.3427734375 197479
-97.35107421875 -121.88720703125 12.75634765625 197495
-97.35107421875 -121.88720703125 12.75634765625 197496
-97.35107421875 -121.88720703125 12.75634765625 197496
-97.35107421875 -121.88720703125 12.75634765625 197496
-97.35107421875 -121.88720703125 12.75634765625 197583
-70.73974609375 -83.984375 -33.5693359375 197583
-70.73974609375 -83.984375 -33.5693359375 197685
-39.24560546875 -43.45703125 -18.9208984375 197685
-39.24560546875 -43.45703125 -18.9208984375 197686
-39.24560546875 -43.45703125 -18.9208984375 197686
-39.24560546875 -43.45703125 -18.9208984375 197687
-39.24560546875 -43.45703125 -18.9208984375 197787
-49.6826171875 -34.11865234375 -30.70068359375 197787
-49.6826171875 -34.11865234375 -30.70068359375 197788
-49.6826171875 -34.11865234375 -30.70068359375 197788
-49.6826171875 -34.11865234375 -30.70068359375 197788
-49.6826171875 -34.11865234375 -30.70068359375 198192
-23.5595703125 -17.15087890625 -22.8271484375 198193
-23.5595703125 -17.15087890625 -22.8271484375 198193
-23.5595703125 -17.15087890625 -22.8271484375 198193
-23.5595703125 -17.15087890625 -22.8271484375 198194
-24.169921875 -7.14111328125 -16.9677734375 198194
-29.84619140625 -16.6015625 -19.1650390625 198194
-20.08056640625 -7.6904296875 -25.45166015625 198195
-6.591796875 0.732421875 -49.560546875 198286
-6.591796875 0.732421875 -49.560546875 198388
17.88330078125 1.8310546875 -76.0498046875 198388
17.88330078125 1.8310546875 -76.0498046875 198389
17.88330078125 1.8310546875 -76.0498046875 198389
17.88330078125 1.8310546875 -76.0498046875 198389
44.189453125 -4.638671875 -95.458984375 198476
44.189453125 -4.638671875 -95.458984375 198615
85.8154296875 10.31494140625 -82.275390625 198615
85.8154296875 10.31494140625 -82.275390625 198616
85.8154296875 10.31494140625 -82.275390625 198616
85.8154296875 10.31494140625 -82.275390625 198616
156.92138671875 102.96630859375 -72.81494140625 198682
156.92138671875 102.96630859375 -72.81494140625 198774
140.2587890625 228.57666015625 -18.98193359375 198785
140.2587890625 228.57666015625 -18.98193359375 198785
140.2587890625 228.57666015625 -18.98193359375 198785
140.2587890625 228.57666015625 -18.98193359375 198786
140.2587890625 228.57666015625 -18.98193359375 198889
21.3623046875 258.4228515625 13.97705078125 198889
21.3623046875 258.4228515625 13.97705078125 198890
21.3623046875 258.4228515625 13.97705078125 198890
21.3623046875 258.4228515625 13.97705078125 198891
56.884765625 27.34375 -55.96923828125 198987
56.884765625 27.34375 -55.96923828125 199070
-94.17724609375 -292.66357421875 -105.712890625 199071
-94.17724609375 -292.66357421875 -105.712890625 199071
-94.17724609375 -292.66357421875 -105.712890625 199072
-94.17724609375 -292.66357421875 -105.712890625 199073
-94.17724609375 -292.66357421875 -105.712890625 199181
-194.64111328125 -225.5859375 30.82275390625 199181
-194.64111328125 -225.5859375 30.82275390625 199182
-194.64111328125 -225.5859375 30.82275390625 199182
-194.64111328125 -225.5859375 30.82275390625 199182
-194.64111328125 -225.5859375 30.82275390625 199285
-120.60546875 18.24951171875 97.47314453125 199285
-120.60546875 18.24951171875 97.47314453125 199286
-120.60546875 18.24951171875 97.47314453125 199286
-120.60546875 18.24951171875 97.47314453125 199287
-120.60546875 18.24951171875 97.47314453125 199388
-18.98193359375 134.94873046875 88.623046875 199388
-18.98193359375 134.94873046875 88.623046875 199389
-18.98193359375 134.94873046875 88.623046875 199389
-18.98193359375 134.94873046875 88.623046875 199390
-18.98193359375 134.94873046875 88.623046875 199489
102.783203125 114.68505859375 126.953125 199489
102.783203125 114.68505859375 126.953125 199490
102.783203125 114.68505859375 126.953125 199490
102.783203125 114.68505859375 126.953125 199491
106.75048828125 72.8759765625 54.13818359375 199579
106.75048828125 72.8759765625 54.13818359375 199681
59.326171875 80.62744140625 38.51318359375 199682
59.326171875 80.62744140625 38.51318359375 199682
59.326171875 80.62744140625 38.51318359375 199683
59.326171875 80.62744140625 38.51318359375 199683
59.326171875 80.62744140625 38.51318359375 199783
-92.71240234375 -4.45556640625 76.23291015625 199784
-92.71240234375 -4.45556640625 76.23291015625 199784
-92.71240234375 -4.45556640625 76.23291015625 199785
-92.71240234375 -4.45556640625 76.23291015625 199785
-92.71240234375 -4.45556640625 76.23291015625 199887
-86.669921875 -76.171875 20.5078125 199887
-86.669921875 -76.171875 20.5078125 199888
-86.669921875 -76.171875 20.5078125 199888
-86.669921875 -76.171875 20.5078125 199889
-86.669921875 -76.171875 20.5078125 199993
-112.85400390625 -143.49365234375 25.08544921875 199993
-112.85400390625 -143.49365234375 25.08544921875 199994
-112.85400390625 -143.49365234375 25.08544921875 199994
-112.85400390625 -143.49365234375 25.08544921875 199995
-94.482421875 -93.56689453125 -16.845703125 200073
-94.482421875 -93.56689453125 -16.845703125 200182
-68.90869140625 -65.7958984375 -19.53125 200182
-68.90869140625 -65.7958984375 -19.53125 200183
-68.90869140625 -65.7958984375 -19.53125 200183
-68.90869140625 -65.7958984375 -19.53125 200184
-68.90869140625 -65.7958984375 -19.53125 200284
-58.10546875 -39.9169921875 -17.578125 200284
-58.10546875 -39.9169921875 -17.578125 200285
-58.10546875 -39.9169921875 -17.578125 200285
-58.10546875 -39.9169921875 -17.578125 200286
-12.20703125 -10.43701171875 -32.1044921875 200387
-12.20703125 -10.43701171875 -32.1044921875 200388
-12.20703125 -10.43701171875 -32.1044921875 200388
-12.20703125 -10.43701171875 -32.1044921875 200389
-12.20703125 -10.43701171875 -32.1044921875 200491
-12.87841796875 8.7890625 -32.470703125 200491
-12.87841796875 8.7890625 -32.470703125 200492
-12.87841796875 8.7890625 -32.470703125 200492
-12.87841796875 8.7890625 -32.470703125 200493
-22.52197265625 -1.52587890625 -29.84619140625 200571
-22.52197265625 -1.52587890625 -29.84619140625 200682
-17.88330078125 -11.77978515625 -29.052734375 200682
-17.88330078125 -11.77978515625 -29.052734375 200683
-17.88330078125 -11.77978515625 -29.052734375 200683
-17.88330078125 -11.77978515625 -29.052734375 200683
-17.88330078125 -11.77978515625 -29.052734375 200789
-10.009765625 -11.77978515625 -51.3916015625 200789
-10.009765625 -11.77978515625 -51.3916015625 200790
-10.009765625 -11.77978515625 -51.3916015625 200790
-10.009765625 -11.77978515625 -51.3916015625 200791
-10.009765625 -11.77978515625 -51.3916015625 200891
11.23046875 -16.2353515625 -65.61279296875 200891
11.23046875 -16.2353515625 -65.61279296875 200892
11.23046875 -16.2353515625 -65.61279296875 200892
11.23046875 -16.2353515625 -65.61279296875 200893
11.23046875 -16.2353515625 -65.61279296875 200994
27.52685546875 -15.68603515625 -79.16259765625 200994
27.52685546875 -15.68603515625 -79.16259765625 200995
27.52685546875 -15.68603515625 -79.16259765625 200995
27.52685546875 -15.68603515625 -79.16259765625 200996
85.9375 26.18408203125 -78.79638671875 201071
85.9375 26.18408203125 -78.79638671875 201186
133.48388671875 108.21533203125 -50.10986328125 201186
133.48388671875 108.21533203125 -50.10986328125 201187
133.48388671875 108.21533203125 -50.10986328125 201188
133.48388671875 108.21533203125 -50.10986328125 201188
133.48388671875 108.21533203125 -50.10986328125 201290
156.43310546875 255.18798828125 -8.36181640625 201290
156.43310546875 255.18798828125 -8.36181640625 201291
156.43310546875 255.18798828125 -8.36181640625 201291
156.43310546875 255.18798828125 -8.36181640625 201292
156.43310546875 255.18798828125 -8.36181640625 201394
66.650390625 236.99951171875 52.3681640625 201394
66.650390625 236.99951171875 52.3681640625 201395
66.650390625 236.99951171875 52.3681640625 201395
66.650390625 236.99951171875 52.3681640625 201396
49.25537109375 -27.64892578125 -77.5146484375 201472
49.25537109375 -27.64892578125 -77.5146484375 201584
-53.7109375 -73.3642578125 -25.57373046875 201584
-53.7109375 -73.3642578125 -25.57373046875 201585
-53.7109375 -73.3642578125 -25.57373046875 201585
-53.7109375 -73.3642578125 -25.57373046875 201586
-53.7109375 -73.3642578125 -25.57373046875 201686
-180.908203125 -178.40576171875 13.85498046875 201687
-180.908203125 -178.40576171875 13.85498046875 201687
-180.908203125 -178.40576171875 13.85498046875 201689
-180.908203125 -178.40576171875 13.85498046875 201690
-180.908203125 -178.40576171875 13.85498046875 201796
-160.7666015625 5.55419921875 96.61865234375 201796
-160.7666015625 5.55419921875 96.61865234375 201797
-160.7666015625 5.55419921875 96.61865234375 201797
-160.7666015625 5.55419921875 96.61865234375 201798
-37.90283203125 108.0322265625 116.27197265625 201882
-37.90283203125 108.0322265625 116.27197265625 201984
71.47216796875 142.2119140625 96.37451171875 201984
71.47216796875 142.2119140625 96.37451171875 201985
71.47216796875 142.2119140625 96.37451171875 201985
71.47216796875 142.2119140625 96.37451171875 201986
71.47216796875 142.2119140625 96.37451171875 202088
65.4296875 61.8896484375 58.10546875 202088
65.4296875 61.8896484375 58.10546875 202089
65.4296875 61.8896484375 58.10546875 202089
65.4296875 61.8896484375 58.10546875 202089
5.126953125 -102.47802734375 83.8623046875 202190
5.126953125 -102.47802734375 83.8623046875 202191
5.126953125 -102.47802734375 83.8623046875 202192
5.126953125 -102.47802734375 83.8623046875 202192
5.126953125 -102.47802734375 83.8623046875 202287
-132.26318359375 -110.77880859375 43.9453125 202288
-32.3486328125 -76.2939453125 3.11279296875 202386
-32.3486328125 -76.2939453125 3.11279296875 202386
-32.3486328125 -76.2939453125 3.11279296875 202387
-32.3486328125 -76.2939453125 3.11279296875 202387
-32.3486328125 -76.2939453125 3.11279296875 202599
-141.66259765625 -135.8642578125 3.96728515625 202600
-141.66259765625 -135.8642578125 3.96728515625 202600
-141.66259765625 -135.8642578125 3.96728515625 202600
-141.66259765625 -135.8642578125 3.96728515625 202601
-85.14404296875 -89.7216796875 -34.423828125 202615
-59.4482421875 -47.7294921875 -37.4755859375 202693
-59.4482421875 -47.7294921875 -37.4755859375 202785
-44.0673828125 -2.8076171875 -33.935546875 202785
-44.0673828125 -2.8076171875 -33.935546875 202786
-44.0673828125 -2.8076171875 -33.935546875 202786
-44.0673828125 -2.8076171875 -33.935546875 202786
-44.0673828125 -2.8076171875 -33.935546875 202887
-29.11376953125 -9.58251953125 -23.8037109375 202887
-29.11376953125 -9.58251953125 -23.8037109375 202888
-29.11376953125 -9.58251953125 -23.8037109375 202888
-29.11376953125 -9.58251953125 -23.8037109375 202888
-29.11376953125 -9.58251953125 -23.8037109375 202990
-14.09912109375 -4.8828125 -21.8505859375 202990
-14.09912109375 -4.8828125 -21.8505859375 202991
-14.09912109375 -4.8828125 -21.8505859375 202991
-14.09912109375 -4.8828125 -21.8505859375 202992
-14.09912109375 -4.8828125 -21.8505859375 203094
-40.83251953125 -31.1279296875 -14.70947265625 203099
-40.83251953125 -31.1279296875 -14.70947265625 203100
-40.83251953125 -31.1279296875 -14.70947265625 203101
-40.83251953125 -31.1279296875 -14.70947265625 203101
-40.83251953125 -31.1279296875 -14.70947265625 203195
-32.04345703125 -14.6484375 -26.30615234375 203195
-32.04345703125 -14.6484375 -26.30615234375 203300
-21.05712890625 -0.732421875 -47.36328125 203300
-21.05712890625 -0.732421875 -47.36328125 203301
-21.05712890625 -0.732421875 -47.36328125 203301
-21.05712890625 -0.732421875 -47.36328125 203302
-0.3662109375 4.2724609375 -72.8759765625 203379
-0.3662109375 4.2724609375 -72.8759765625 203487
31.18896484375 6.103515625 -85.99853515625 203487
31.18896484375 6.103515625 -85.99853515625 203488
31.18896484375 6.103515625 -85.99853515625 203488
31.18896484375 6.103515625 -85.99853515625 203488
31.18896484375 6.103515625 -85.99853515625 203591
61.70654296875 18.37158203125 -79.833984375 203591
61.70654296875 18.37158203125 -79.833984375 203591
61.70654296875 18.37158203125 -79.833984375 203592
61.70654296875 18.37158203125 -79.833984375 203592
116.3330078125 100.341796875 -57.31201171875 203693
116.3330078125 100.341796875 -57.31201171875 203693
116.3330078125 100.341796875 -57.31201171875 203693
116.3330078125 100.341796875 -57.31201171875 203694
116.3330078125 100.341796875 -57.31201171875 203797
170.71533203125 200.1953125 26.55029296875 203797
170.71533203125 200.1953125 26.55029296875 203797
170.71533203125 200.1953125 26.55029296875 203798
170.71533203125 200.1953125 26.55029296875 203798
66.162109375 182.67822265625 65.85693359375 203875
66.162109375 182.67822265625 65.85693359375 203988
41.56494140625 29.47998046875 -63.90380859375 203988
41.56494140625 29.47998046875 -63.90380859375 203989
41.56494140625 29.47998046875 -63.90380859375 203989
41.56494140625 29.47998046875 -63.90380859375 203990
41.56494140625 29.47998046875 -63.90380859375 204091
-19.71435546875 -67.87109375 -40.71044921875 204091
-19.71435546875 -67.87109375 -40.71044921875 204091
-19.71435546875 -67.87109375 -40.71044921875 204092
-19.71435546875 -67.87109375 -40.71044921875 204092
-19.71435546875 -67.87109375 -40.71044921875 204193
-229.6142578125 -273.13232421875 12.39013671875 204193
-229.6142578125 -273.13232421875 12.39013671875 204193
-229.6142578125 -273.13232421875 12.39013671875 204194
-229.6142578125 -273.13232421875 12.39013671875 204194
-229.6142578125 -273.13232421875 12.39013671875 204296
-130.4931640625 12.26806640625 70.73974609375 204296
-130.4931640625 12.26806640625 70.73974609375 204296
-130.4931640625 12.26806640625 70.73974609375 204297
-130.4931640625 12.26806640625 70.73974609375 204297
-130.4931640625 12.26806640625 70.73974609375 204399
-18.06640625 89.05029296875 116.14990234375 204399
-18.06640625 89.05029296875 116.14990234375 204400
-18.06640625 89.05029296875 116.14990234375 204400
-18.06640625 89.05029296875 116.14990234375 204400
58.77685546875 116.14990234375 100.7080078125 204477
58.77685546875 116.14990234375 100.7080078125 204588
57.4951171875 80.810546875 13.7939453125 204588
57.4951171875 80.810546875 13.7939453125 204589
57.4951171875 80.810546875 13.7939453125 204589
57.4951171875 80.810546875 13.7939453125 204589
57.4951171875 80.810546875 13.7939453125 204691
52.67333984375 78.30810546875 64.3310546875 204691
52.67333984375 78.30810546875 64.3310546875 204691
52.67333984375 78.30810546875 64.3310546875 204692
52.67333984375 78.30810546875 64.3310546875 204692
52.67333984375 78.30810546875 64.3310546875 204794
-108.3984375 -72.32666015625 94.54345703125 204794
-108.3984375 -72.32666015625 94.54345703125 204795
-108.3984375 -72.32666015625 94.54345703125 204795
-108.3984375 -72.32666015625 94.54345703125 204795
-108.3984375 -72.32666015625 94.54345703125 204896
-6.2255859375 -90.33203125 11.77978515625 204896
-6.2255859375 -90.33203125 11.77978515625 204896
-6.2255859375 -90.33203125 11.77978515625 204897
-6.2255859375 -90.33203125 11.77978515625 204897
-6.2255859375 -90.33203125 11.77978515625 204998
-99.9755859375 -106.62841796875 13.97705078125 204998
-99.9755859375 -106.62841796875 13.97705078125 204998
-99.9755859375 -106.62841796875 13.97705078125 204999
-99.9755859375 -106.62841796875 13.97705078125 204999
-80.9326171875 -67.68798828125 -6.103515625 205083
-80.9326171875 -67.68798828125 -6.103515625 205189
-79.9560546875 -85.75439453125 -16.05224609375 205189
-79.9560546875 -85.75439453125 -16.05224609375 205190
-79.9560546875 -85.75439453125 -16.05224609375 205190
-79.9560546875 -85.75439453125 -16.05224609375 205191
-79.9560546875 -85.75439453125 -16.05224609375 205291
-44.189453125 -36.4990234375 -37.65869140625 205291
-44.189453125 -36.4990234375 -37.65869140625 205292
-44.189453125 -36.4990234375 -37.65869140625 205292
-44.189453125 -36.4990234375 -37.65869140625 205293
-44.189453125 -36.4990234375 -37.65869140625 205393
-39.00146484375 -20.751953125 -36.9873046875 205393
-39.00146484375 -20.751953125 -36.9873046875 205393
-39.00146484375 -20.751953125 -36.9873046875 205394
-39.00146484375 -20.751953125 -36.9873046875 205394
-39.00146484375 -20.751953125 -36.9873046875 205496
-23.0712890625 2.25830078125 -24.96337890625 205496
-23.0712890625 2.25830078125 -24.96337890625 205496
-23.0712890625 2.25830078125 -24.96337890625 205497
-23.0712890625 2.25830078125 -24.96337890625 205497
-23.0712890625 2.25830078125 -24.96337890625 205599
-23.92578125 -2.44140625 -23.86474609375 205599
-23.92578125 -2.44140625 -23.86474609375 205599
-23.92578125 -2.44140625 -23.86474609375 205600
-23.92578125 -2.44140625 -23.86474609375 205600
-9.6435546875 5.18798828125 -30.57861328125 205678
-9.6435546875 5.18798828125 -30.57861328125 205990
-14.22119140625 -2.44140625 -35.5224609375 205991
-14.22119140625 -2.44140625 -35.5224609375 205991
-14.22119140625 -2.44140625 -35.5224609375 205992
-14.22119140625 -2.44140625 -35.5224609375 205992
-26.30615234375 -21.17919921875 -49.98779296875 205993
6.8359375 -17.02880859375 -68.54248046875 205994
6.8359375 -17.02880859375 -68.54248046875 206097
61.82861328125 -7.38525390625 -88.9892578125 206097
61.82861328125 -7.38525390625 -88.9892578125 206098
61.82861328125 -7.38525390625 -88.9892578125 206098
61.82861328125 -7.38525390625 -88.9892578125 206098
61.82861328125 -7.38525390625 -88.9892578125 206199
122.1923828125 49.1943359375 -82.51953125 206199
122.1923828125 49.1943359375 -82.51953125 206199
122.1923828125 49.1943359375 -82.51953125 206200
122.1923828125 49.1943359375 -82.51953125 206200
122.1923828125 49.1943359375 -82.51953125 206303
246.64306640625 301.20849609375 -65.61279296875 206303
246.64306640625 301.20849609375 -65.61279296875 206304
246.64306640625 301.20849609375 -65.61279296875 206304
246.64306640625 301.20849609375 -65.61279296875 206304
81.54296875 313.29345703125 99.12109375 206381
81.54296875 313.29345703125 99.12109375 206492
66.22314453125 26.4892578125 -88.8671875 206492
66.22314453125 26.4892578125 -88.8671875 206493
66.22314453125 26.4892578125 -88.8671875 206493
66.22314453125 26.4892578125 -88.8671875 206493
66.22314453125 26.4892578125 -88.8671875 206598
-96.00830078125 -115.17333984375 -29.47998046875 206598
-96.00830078125 -115.17333984375 -29.47998046875 206598
-96.00830078125 -115.17333984375 -29.47998046875 206599
-96.00830078125 -115.17333984375 -29.47998046875 206599
-96.00830078125 -115.17333984375 -29.47998046875 206704
-238.83056640625 -190.4296875 29.296875 206705
-238.83056640625 -190.4296875 29.296875 206705
-238.83056640625 -190.4296875 29.296875 206705
-238.83056640625 -190.4296875 29.296875 206706
-82.8857421875 76.23291015625 66.162109375 206780
-82.8857421875 76.23291015625 66.162109375 206895
7.9345703125 116.69921875 148.98681640625 206895
7.9345703125 116.69921875 148.98681640625 206895
7.9345703125 116.69921875 148.98681640625 206896
7.9345703125 116.69921875 148.98681640625 206896
7.9345703125 116.69921875 148.98681640625 206998
-54.3212890625 31.73828125 -24.658203125 207000
-54.3212890625 31.73828125 -24.658203125 207000
-54.3212890625 31.73828125 -24.658203125 207001
-54.3212890625 31.73828125 -24.658203125 207003
-54.3212890625 31.73828125 -24.658203125 207101
32.8369140625 17.9443359375 114.2578125 207101
32.8369140625 17.9443359375 114.2578125 207102
32.8369140625 17.9443359375 114.2578125 207102
32.8369140625 17.9443359375 114.2578125 207103
32.8369140625 17.9443359375 114.2578125 207204
95.3369140625 50.96435546875 106.201171875 207204
95.3369140625 50.96435546875 106.201171875 207204
95.3369140625 50.96435546875 106.201171875 207205
95.3369140625 50.96435546875 106.201171875 207205
-20.263671875 -42.90771484375 83.8623046875 207281
-20.263671875 -42.90771484375 83.8623046875 207433
-36.2548828125 -87.890625 55.5419921875 207433
-36.2548828125 -87.890625 55.5419921875 207434
-36.2548828125 -87.890625 55.5419921875 207434
-36.2548828125 -87.890625 55.5419921875 207434
-36.2548828125 -87.890625 55.5419921875 207555
-111.38916015625 -81.787109375 0 207555
-111.38916015625 -81.787109375 0 207556
-111.38916015625 -81.787109375 0 207556
-111.38916015625 -81.787109375 0 207557
-82.58056640625 -40.34423828125 -39.97802734375 207600
-82.58056640625 -40.34423828125 -39.97802734375 207702
-42.29736328125 -19.10400390625 -54.5654296875 207702
-42.29736328125 -19.10400390625 -54.5654296875 207703
-42.29736328125 -19.10400390625 -54.5654296875 207703
-42.29736328125 -19.10400390625 -54.5654296875 207703
-42.29736328125 -19.10400390625 -54.5654296875 207805
-56.0302734375 -34.1796875 -34.0576171875 207805
-56.0302734375 -34.1796875 -34.0576171875 207806
-56.0302734375 -34.1796875 -34.0576171875 207806
-56.0302734375 -34.1796875 -34.0576171875 207806
-65.7958984375 -40.771484375 -23.74267578125 207882
-65.7958984375 -40.771484375 -23.74267578125 207994
-79.58984375 -54.931640625 -15.68603515625 207994
-79.58984375 -54.931640625 -15.68603515625 207995
-79.58984375 -54.931640625 -15.68603515625 207995
-79.58984375 -54.931640625 -15.68603515625 207995
-79.58984375 -54.931640625 -15.68603515625 208102
-66.0400390625 -38.57421875 -21.30126953125 208120
-66.0400390625 -38.57421875 -21.30126953125 208121
-66.0400390625 -38.57421875 -21.30126953125 208121
-66.0400390625 -38.57421875 -21.30126953125 208121
-66.0400390625 -38.57421875 -21.30126953125 208205
-38.330078125 -22.0947265625 -31.06689453125 208205
-28.6865234375 -8.9111328125 -54.01611328125 208283
-28.6865234375 -8.9111328125 -54.01611328125 208283
-28.6865234375 -8.9111328125 -54.01611328125 208283
-28.6865234375 -8.9111328125 -54.01611328125 208284
-28.6865234375 -8.9111328125 -54.01611328125 208393
-7.62939453125 2.197265625 -81.787109375 208393
-7.62939453125 2.197265625 -81.787109375 208394
-7.62939453125 2.197265625 -81.787109375 208394
-7.62939453125 2.197265625 -81.787109375 208395
-7.62939453125 2.197265625 -81.787109375 208499
82.275390625 37.90283203125 -116.69921875 208499
82.275390625 37.90283203125 -116.69921875 208500
82.275390625 37.90283203125 -116.69921875 208500
82.275390625 37.90283203125 -116.69921875 208500
178.40576171875 111.51123046875 -84.28955078125 208600
178.40576171875 111.51123046875 -84.28955078125 208600
178.40576171875 111.51123046875 -84.28955078125 208704
154.84619140625 195.73974609375 -23.0712890625 208704
154.84619140625 195.73974609375 -23.0712890625 208705
154.84619140625 195.73974609375 -23.0712890625 208705
154.84619140625 195.73974609375 -23.0712890625 208705
154.84619140625 195.73974609375 -23.0712890625 208806
107.177734375 236.2060546875 48.4619140625 208806
107.177734375 236.2060546875 48.4619140625 208806
107.177734375 236.2060546875 48.4619140625 208807
107.177734375 236.2060546875 48.4619140625 208807
25.390625 17.08984375 -60.60791015625 208884
25.390625 17.08984375 -60.60791015625 208991
-41.68701171875 -159.85107421875 -91.61376953125 208991
-41.68701171875 -159.85107421875 -91.61376953125 208991
-41.68701171875 -159.85107421875 -91.61376953125 208992
-41.68701171875 -159.85107421875 -91.61376953125 208992
-41.68701171875 -159.85107421875 -91.61376953125 209093
-248.291015625 -252.50244140625 58.89892578125 209093
-248.291015625 -252.50244140625 58.89892578125 209093
-248.291015625 -252.50244140625 58.89892578125 209094
-248.291015625 -252.50244140625 58.89892578125 209094
-248.291015625 -252.50244140625 58.89892578125 209199
-70.9228515625 68.2373046875 129.0283203125 209199
-70.9228515625 68.2373046875 129.0283203125 209199
-70.9228515625 68.2373046875 129.0283203125 209200
-70.9228515625 68.2373046875 129.0283203125 209200
-70.9228515625 68.2373046875 129.0283203125 209308
-23.74267578125 79.28466796875 148.98681640625 209308
-23.74267578125 79.28466796875 148.98681640625 209308
-23.74267578125 79.28466796875 148.98681640625 209309
-23.74267578125 79.28466796875 148.98681640625 209309
51.1474609375 25.2685546875 96.923828125 209391
51.1474609375 25.2685546875 96.923828125 209496
6.34765625 34.60693359375 30.029296875 209496
6.34765625 34.60693359375 30.029296875 209497
6.34765625 34.60693359375 30.029296875 209497
6.34765625 34.60693359375 30.029296875 209497
6.34765625 34.60693359375 30.029296875 209598
-63.96484375 3.72314453125 80.01708984375 209598
-63.96484375 3.72314453125 80.01708984375 209598
-63.96484375 3.72314453125 80.01708984375 209599
-63.96484375 3.72314453125 80.01708984375 209599
-63.96484375 3.72314453125 80.01708984375 209703
-15.93017578125 -4.39453125 44.7998046875 209703
-15.93017578125 -4.39453125 44.7998046875 209704
-15.93017578125 -4.39453125 44.7998046875 209704
-15.93017578125 -4.39453125 44.7998046875 209704
-15.93017578125 -4.39453125 44.7998046875 209807
-40.83251953125 -43.3349609375 20.263671875 209808
-40.83251953125 -43.3349609375 20.263671875 209808
-40.83251953125 -43.3349609375 20.263671875 209809
-40.83251953125 -43.3349609375 20.263671875 209809
-69.03076171875 -80.2001953125 -25.146484375 209885
-69.03076171875 -80.2001953125 -25.146484375 209998
-67.19970703125 -92.28515625 -40.8935546875 209998
-67.19970703125 -92.28515625 -40.8935546875 209999
-67.19970703125 -92.28515625 -40.8935546875 209999
-67.19970703125 -92.28515625 -40.8935546875 210000
-67.19970703125 -92.28515625 -40.8935546875 210129
-62.255859375 -69.64111328125 -26.18408203125 210130
-62.255859375 -69.64111328125 -26.18408203125 210130
-62.255859375 -69.64111328125 -26.18408203125 210131
-62.255859375 -69.64111328125 -26.18408203125 210131
-38.330078125 -21.66748046875 -20.6298828125 210205
-38.330078125 -21.66748046875 -20.6298828125 210307
-24.10888671875 -6.04248046875 -22.15576171875 210307
-24.10888671875 -6.04248046875 -22.15576171875 210308
-24.10888671875 -6.04248046875 -22.15576171875 210308
-24.10888671875 -6.04248046875 -22.15576171875 210308
-24.10888671875 -6.04248046875 -22.15576171875 210471
-14.6484375 7.14111328125 -39.24560546875 210472
-14.6484375 7.14111328125 -39.24560546875 210472
-14.6484375 7.14111328125 -39.24560546875 210473
-14.6484375 7.14111328125 -39.24560546875 210473
-15.625 11.3525390625 -63.65966796875 210498
-15.625 11.3525390625 -63.65966796875 210757
-27.28271484375 -8.9111328125 -73.79150390625 210757
-27.28271484375 -8.9111328125 -73.79150390625 210757
-27.28271484375 -8.9111328125 -73.79150390625 210758
-27.28271484375 -8.9111328125 -73.79150390625 210758
-4.0283203125 -9.82666015625 -80.322265625 210758
93.68896484375 39.6728515625 -98.57177734375 210806
93.68896484375 39.6728515625 -98.57177734375 210908
179.19921875 140.869140625 -75.86669921875 210908
179.19921875 140.869140625 -75.86669921875 210908
179.19921875 140.869140625 -75.86669921875 210909
179.19921875 140.869140625 -75.86669921875 210909
225.4638671875 304.01611328125 9.33837890625 210987
225.4638671875 304.01611328125 9.33837890625 211098
97.900390625 199.64599609375 115.1123046875 211098
97.900390625 199.64599609375 115.1123046875 211099
97.900390625 199.64599609375 115.1123046875 211099
97.900390625 199.64599609375 115.1123046875 211100
97.900390625 199.64599609375 115.1123046875 211201
40.4052734375 3.84521484375 -52.978515625 211202
40.4052734375 3.84521484375 -52.978515625 211202
40.4052734375 3.84521484375 -52.978515625 211203
40.4052734375 3.84521484375 -52.978515625 211203
40.4052734375 3.84521484375 -52.978515625 211304
-68.17626953125 -91.00341796875 -47.607421875 211304
-68.17626953125 -91.00341796875 -47.607421875 211305
-68.17626953125 -91.00341796875 -47.607421875 211305
-68.17626953125 -91.00341796875 -47.607421875 211305
-68.17626953125 -91.00341796875 -47.607421875 211406
-221.0693359375 -240.41748046875 70.3125 211406
-221.0693359375 -240.41748046875 70.3125 211407
-221.0693359375 -240.41748046875 70.3125 211407
-221.0693359375 -240.41748046875 70.3125 211408
-221.0693359375 -240.41748046875 70.3125 211508
-114.92919921875 -3.35693359375 116.455078125 211508
-114.92919921875 -3.35693359375 116.455078125 211509
-114.92919921875 -3.35693359375 116.455078125 211509
-114.92919921875 -3.35693359375 116.455078125 211509
51.57470703125 113.95263671875 114.44091796875 211600
51.57470703125 113.95263671875 114.44091796875 211701
48.095703125 75.01220703125 95.64208984375 211701
48.095703125 75.01220703125 95.64208984375 211702
48.095703125 75.01220703125 95.64208984375 211702
48.095703125 75.01220703125 95.64208984375 211710
48.095703125 75.01220703125 95.64208984375 211803
66.7724609375 57.55615234375 34.48486328125 211803
66.7724609375 57.55615234375 34.48486328125 211804
66.7724609375 57.55615234375 34.48486328125 211804
66.7724609375 57.55615234375 34.48486328125 211805
66.7724609375 57.55615234375 34.48486328125 211905
-75.86669921875 29.9072265625 88.5009765625 211905
-75.86669921875 29.9072265625 88.5009765625 211906
-75.86669921875 29.9072265625 88.5009765625 211906
-75.86669921875 29.9072265625 88.5009765625 211907
-75.86669921875 29.9072265625 88.5009765625 212009
-26.18408203125 -31.67724609375 0.3662109375 212010
-26.18408203125 -31.67724609375 0.3662109375 212010
-26.18408203125 -31.67724609375 0.3662109375 212011
-26.18408203125 -31.67724609375 0.3662109375 212011
-95.52001953125 -97.47314453125 9.09423828125 212088
-95.52001953125 -97.47314453125 9.09423828125 212200
-66.7724609375 -78.43017578125 -15.869140625 212200
-66.7724609375 -78.43017578125 -15.869140625 212201
-66.7724609375 -78.43017578125 -15.869140625 212201
-66.7724609375 -78.43017578125 -15.869140625 212202
-66.7724609375 -78.43017578125 -15.869140625 212302
-55.6640625 -58.04443359375 -29.35791015625 212302
-55.6640625 -58.04443359375 -29.35791015625 212303
-55.6640625 -58.04443359375 -29.35791015625 212303
-55.6640625 -58.04443359375 -29.35791015625 212303
-55.6640625 -58.04443359375 -29.35791015625 212406
-29.1748046875 -29.47998046875 -16.41845703125 212406
-29.1748046875 -29.47998046875 -16.41845703125 212407
-29.1748046875 -29.47998046875 -16.41845703125 212407
-29.1748046875 -29.47998046875 -16.41845703125 212408
-29.1748046875 -29.47998046875 -16.41845703125 212508
-30.029296875 -15.19775390625 -32.1044921875 212508
-30.029296875 -15.19775390625 -32.1044921875 212509
-30.029296875 -15.19775390625 -32.1044921875 212509
-30.029296875 -15.19775390625 -32.1044921875 212509
-30.029296875 -15.19775390625 -32.1044921875 212611
-27.64892578125 -15.44189453125 -22.03369140625 212611
-27.64892578125 -15.44189453125 -22.03369140625 212612
-27.64892578125 -15.44189453125 -22.03369140625 212612
-27.64892578125 -15.44189453125 -22.03369140625 212613
-38.63525390625 -31.8603515625 -24.47509765625 212689
-38.63525390625 -31.8603515625 -24.47509765625 212859
-20.44677734375 -5.37109375 -46.0205078125 212859
-20.44677734375 -5.37109375 -46.0205078125 212860
-20.44677734375 -5.37109375 -46.0205078125 212860
-20.44677734375 -5.37109375 -46.0205078125 212860
-12.26806640625 -7.14111328125 -63.53759765625 212902
-12.26806640625 -7.14111328125 -63.53759765625 213011
3.2958984375 -8.48388671875 -81.84814453125 213011
3.2958984375 -8.48388671875 -81.84814453125 213011
3.2958984375 -8.48388671875 -81.84814453125 213012
3.2958984375 -8.48388671875 -81.84814453125 213012
42.48046875 12.3291015625 -94.66552734375 213107
42.48046875 12.3291015625 -94.66552734375 213210
127.685546875 72.6318359375 -82.8857421875 213210
127.685546875 72.6318359375 -82.8857421875 213210
127.685546875 72.6318359375 -82.8857421875 213211
127.685546875 72.6318359375 -82.8857421875 213211
127.685546875 72.6318359375 -82.8857421875 213328
162.9638671875 140.380859375 -53.64990234375 213328
162.9638671875 140.380859375 -53.64990234375 213329
162.9638671875 140.380859375 -53.64990234375 213329
162.9638671875 140.380859375 -53.64990234375 213329
153.564453125 301.20849609375 25.57373046875 213402
153.564453125 301.20849609375 25.57373046875 213511
105.95703125 185.546875 8.9111328125 213511
105.95703125 185.546875 8.9111328125 213519
105.95703125 185.546875 8.9111328125 213520
105.95703125 185.546875 8.9111328125 213520
105.95703125 185.546875 8.9111328125 213614
0.18310546875 -64.208984375 -60.97412109375 213614
0.18310546875 -64.208984375 -60.97412109375 213614
-122.55859375 -173.095703125 -42.29736328125 213704
-122.55859375 -173.095703125 -42.29736328125 213705
-122.55859375 -173.095703125 -42.29736328125 213705
-122.55859375 -173.095703125 -42.29736328125 213806
-146.240234375 -72.69287109375 80.6884765625 213806
-146.240234375 -72.69287109375 80.6884765625 213807
-146.240234375 -72.69287109375 80.6884765625 213807
-146.240234375 -72.69287109375 80.6884765625 213807
-146.240234375 -72.69287109375 80.6884765625 213907
-76.23291015625 54.5654296875 94.90966796875 213907
-76.23291015625 54.5654296875 94.90966796875 213907
23.01025390625 71.1669921875 140.0146484375 213993
23.01025390625 71.1669921875 140.0146484375 213993
23.01025390625 71.1669921875 140.0146484375 213994
23.01025390625 71.1669921875 140.0146484375 214105
64.14794921875 35.21728515625 46.2646484375 214105
64.14794921875 35.21728515625 46.2646484375 214106
64.14794921875 35.21728515625 46.2646484375 214106
64.14794921875 35.21728515625 46.2646484375 214107
64.14794921875 35.21728515625 46.2646484375 214206
66.83349609375 44.37255859375 38.6962890625 214207
66.83349609375 44.37255859375 38.6962890625 214207
66.83349609375 44.37255859375 38.6962890625 214208
66.83349609375 44.37255859375 38.6962890625 214208
66.83349609375 44.37255859375 38.6962890625 214310
-61.5234375 4.638671875 52.6123046875 214311
-61.5234375 4.638671875 52.6123046875 214313
-61.5234375 4.638671875 52.6123046875 214313
-61.5234375 4.638671875 52.6123046875 214314
-61.5234375 4.638671875 52.6123046875 214412
-36.80419921875 28.80859375 72.509765625 214412
-36.80419921875 28.80859375 72.509765625 214413
-36.80419921875 28.80859375 72.509765625 214413
-36.80419921875 28.80859375 72.509765625 214414
-36.80419921875 28.80859375 72.509765625 214514
-59.63134765625 -69.88525390625 10.25390625 214514
-59.63134765625 -69.88525390625 10.25390625 214514
-59.63134765625 -69.88525390625 10.25390625 214515
-59.63134765625 -69.88525390625 10.25390625 214515
-126.15966796875 -86.3037109375 -20.93505859375 214602
-126.15966796875 -86.3037109375 -20.93505859375 214706
-52.18505859375 -40.22216796875 -26.85546875 214706
-52.18505859375 -40.22216796875 -26.85546875 214706
-52.18505859375 -40.22216796875 -26.85546875 214707
-52.18505859375 -40.22216796875 -26.85546875 214707
-52.18505859375 -40.22216796875 -26.85546875 214808
-43.5791015625 -34.3017578125 -28.4423828125 214808
-43.5791015625 -34.3017578125 -28.4423828125 214809
-43.5791015625 -34.3017578125 -28.4423828125 214809
-43.5791015625 -34.3017578125 -28.4423828125 214809
-43.5791015625 -34.3017578125 -28.4423828125 214910
-49.25537109375 -29.1748046875 -31.982421875 214910
-49.25537109375 -29.1748046875 -31.982421875 214910
-49.25537109375 -29.1748046875 -31.982421875 214911
-49.25537109375 -29.1748046875 -31.982421875 214911
-49.25537109375 -29.1748046875 -31.982421875 215014
-48.64501953125 -22.216796875 -27.83203125 215014
-48.64501953125 -22.216796875 -27.83203125 215015
-48.64501953125 -22.216796875 -27.83203125 215015
-48.64501953125 -22.216796875 -27.83203125 215016
-48.64501953125 -22.216796875 -27.83203125 215116
-38.2080078125 -10.68115234375 -26.123046875 215116
-38.2080078125 -10.68115234375 -26.123046875 215117
-38.2080078125 -10.68115234375 -26.123046875 215118
-38.2080078125 -10.68115234375 -26.123046875 215118
-26.0009765625 -5.43212890625 -28.86962890625 215193
-26.0009765625 -5.43212890625 -28.86962890625 215307
-5.126953125 5.37109375 -54.6875 215307
-5.126953125 5.37109375 -54.6875 215308
-5.126953125 5.37109375 -54.6875 215308
-5.126953125 5.37109375 -54.6875 215308
-5.126953125 5.37109375 -54.6875 215410
-12.39013671875 -6.16455078125 -71.2890625 215410
-12.39013671875 -6.16455078125 -71.2890625 215411
-12.39013671875 -6.16455078125 -71.2890625 215411
-12.39013671875 -6.16455078125 -71.2890625 215411
-12.39013671875 -6.16455078125 -71.2890625 215512
-1.52587890625 -15.5029296875 -79.77294921875 215512
-1.52587890625 -15.5029296875 -79.77294921875 215513
-1.52587890625 -15.5029296875 -79.77294921875 215513
-1.52587890625 -15.5029296875 -79.77294921875 215514
-1.52587890625 -15.5029296875 -79.77294921875 215614
45.2880859375 -14.95361328125 -90.75927734375 215615
45.2880859375 -14.95361328125 -90.75927734375 215615
45.2880859375 -14.95361328125 -90.75927734375 215615
45.2880859375 -14.95361328125 -90.75927734375 215616
149.35302734375 87.158203125 -85.14404296875 215692
149.35302734375 87.158203125 -85.14404296875 215805
209.5947265625 217.4072265625 -36.07177734375 215805
209.5947265625 217.4072265625 -36.07177734375 215805
209.5947265625 217.4072265625 -36.07177734375 215806
209.5947265625 217.4072265625 -36.07177734375 215806
209.5947265625 217.4072265625 -36.07177734375 215907
129.0283203125 331.298828125 13.7939453125 215907
129.0283203125 331.298828125 13.7939453125 215908
129.0283203125 331.298828125 13.7939453125 215908
129.0283203125 331.298828125 13.7939453125 215909
129.0283203125 331.298828125 13.7939453125 216012
110.7177734375 170.5322265625 -24.96337890625 216020
110.7177734375 170.5322265625 -24.96337890625 216021
110.7177734375 170.5322265625 -24.96337890625 216021
110.7177734375 170.5322265625 -24.96337890625 216022
110.7177734375 170.5322265625 -24.96337890625 216115
-9.521484375 -84.65576171875 -56.57958984375 216115
-9.521484375 -84.65576171875 -56.57958984375 216217
-179.38232421875 -228.271484375 -29.84619140625 216217
-179.38232421875 -228.271484375 -29.84619140625 216218
-179.38232421875 -228.271484375 -29.84619140625 216218
-179.38232421875 -228.271484375 -29.84619140625 216218
-151.85546875 -75.0732421875 89.78271484375 216296
-151.85546875 -75.0732421875 89.78271484375 216408
-66.5283203125 42.3583984375 133.9111328125 216408
-66.5283203125 42.3583984375 133.9111328125 216409
-66.5283203125 42.3583984375 133.9111328125 216409
-66.5283203125 42.3583984375 133.9111328125 216410
-66.5283203125 42.3583984375 133.9111328125 216549
43.39599609375 88.31787109375 77.45361328125 216549
43.39599609375 88.31787109375 77.45361328125 216550
43.39599609375 88.31787109375 77.45361328125 216550
43.39599609375 88.31787109375 77.45361328125 216550
34.1796875 85.0830078125 22.4609375 216601
34.1796875 85.0830078125 22.4609375 216706
59.38720703125 82.82470703125 -6.4697265625 216706
59.38720703125 82.82470703125 -6.4697265625 216707
59.38720703125 82.82470703125 -6.4697265625 216707
59.38720703125 82.82470703125 -6.4697265625 216708
-54.13818359375 36.56005859375 75.13427734375 216812
-54.13818359375 36.56005859375 75.13427734375 216812
-54.13818359375 36.56005859375 75.13427734375 216813
-54.13818359375 36.56005859375 75.13427734375 216814
-54.13818359375 36.56005859375 75.13427734375 216896
-5.37109375 4.5166015625 16.66259765625 216896
-5.37109375 4.5166015625 16.66259765625 217008
-113.525390625 -157.71484375 4.21142578125 217008
-113.525390625 -157.71484375 4.21142578125 217009
-113.525390625 -157.71484375 4.21142578125 217009
-113.525390625 -157.71484375 4.21142578125 217009
-113.525390625 -157.71484375 4.21142578125 217113
-82.51953125 -75.0732421875 -17.7001953125 217113
-82.51953125 -75.0732421875 -17.7001953125 217114
-82.51953125 -75.0732421875 -17.7001953125 217114
-82.51953125 -75.0732421875 -17.7001953125 217115
-82.51953125 -75.0732421875 -17.7001953125 217219
-55.6640625 -48.9501953125 -27.099609375 217219
-55.6640625 -48.9501953125 -27.099609375 217220
-55.6640625 -48.9501953125 -27.099609375 217220
-55.6640625 -48.9501953125 -27.099609375 217220
-62.31689453125 -56.5185546875 -32.71484375 217296
-62.31689453125 -56.5185546875 -32.71484375 217410
-44.25048828125 -24.7802734375 -33.69140625 217410
-44.25048828125 -24.7802734375 -33.69140625 217411
-44.25048828125 -24.7802734375 -33.69140625 217411
-44.25048828125 -24.7802734375 -33.69140625 217412
-22.64404296875 -10.31494140625 -26.123046875 217514
-22.64404296875 -10.31494140625 -26.123046875 217514
-22.64404296875 -10.31494140625 -26.123046875 217515
-22.64404296875 -10.31494140625 -26.123046875 217516
-22.64404296875 -10.31494140625 -26.123046875 217617
-15.44189453125 -5.92041015625 -17.333984375 217617
-15.44189453125 -5.92041015625 -17.333984375 217618
-15.44189453125 -5.92041015625 -17.333984375 217618
-15.44189453125 -5.92041015625 -17.333984375 217619
-15.44189453125 -5.92041015625 -17.333984375 217720
-16.05224609375 -3.0517578125 -25.87890625 217720
-16.05224609375 -3.0517578125 -25.87890625 217721
-16.05224609375 -3.0517578125 -25.87890625 217722
-16.05224609375 -3.0517578125 -25.87890625 217722
-7.50732421875 -1.77001953125 -45.0439453125 217797
-7.50732421875 -1.77001953125 -45.0439453125 217909
-12.87841796875 -10.25390625 -56.396484375 217910
-12.87841796875 -10.25390625 -56.396484375 217910
-12.87841796875 -10.25390625 -56.396484375 217911
-12.87841796875 -10.25390625 -56.396484375 217911
-12.87841796875 -10.25390625 -56.396484375 218011
7.6904296875 -11.16943359375 -80.56640625 218011
7.6904296875 -11.16943359375 -80.56640625 218012
7.6904296875 -11.16943359375 -80.56640625 218013
7.6904296875 -11.16943359375 -80.56640625 218013
7.6904296875 -11.16943359375 -80.56640625 218113
64.5751953125 15.2587890625 -97.59521484375 218113
64.5751953125 15.2587890625 -97.59521484375 218114
64.5751953125 15.2587890625 -97.59521484375 218115
64.5751953125 15.2587890625 -97.59521484375 218115
64.5751953125 15.2587890625 -97.59521484375 218219
63.53759765625 15.0146484375 -61.46240234375 218219
63.53759765625 15.0146484375 -61.46240234375 218220
63.53759765625 15.0146484375 -61.46240234375 218220
63.53759765625 15.0146484375 -61.46240234375 218220
158.63037109375 146.8505859375 -51.94091796875 218297
158.63037109375 146.8505859375 -51.94091796875 218408
138.61083984375 314.208984375 6.34765625 218408
138.61083984375 314.208984375 6.34765625 218409
138.61083984375 314.208984375 6.34765625 218409
138.61083984375 314.208984375 6.34765625 218409
138.61083984375 314.208984375 6.34765625 218512
38.75732421875 175.78125 29.84619140625 218512
38.75732421875 175.78125 29.84619140625 218513
38.75732421875 175.78125 29.84619140625 218513
38.75732421875 175.78125 29.84619140625 218513
38.75732421875 175.78125 29.84619140625 218615
11.65771484375 -31.43310546875 -48.52294921875 218615
11.65771484375 -31.43310546875 -48.52294921875 218615
11.65771484375 -31.43310546875 -48.52294921875 218616
11.65771484375 -31.43310546875 -48.52294921875 218616
-51.7578125 -110.77880859375 -53.03955078125 218699
-51.7578125 -110.77880859375 -53.03955078125 218811
-179.50439453125 -200.25634765625 34.5458984375 218811
-179.50439453125 -200.25634765625 34.5458984375 218812
-179.50439453125 -200.25634765625 34.5458984375 218812
-179.50439453125 -200.25634765625 34.5458984375 218812
-179.50439453125 -200.25634765625 34.5458984375 218913
-137.8173828125 3.60107421875 117.12646484375 218913
-137.8173828125 3.60107421875 117.12646484375 218914
-137.8173828125 3.60107421875 117.12646484375 218914
-137.8173828125 3.60107421875 117.12646484375 218915
-24.5361328125 79.40673828125 111.083984375 219012
-24.5361328125 79.40673828125 111.083984375 219115
65.91796875 86.0595703125 93.26171875 219115
65.91796875 86.0595703125 93.26171875 219116
65.91796875 86.0595703125 93.26171875 219116
65.91796875 86.0595703125 93.26171875 219116
65.91796875 86.0595703125 93.26171875 219218
104.98046875 78.9794921875 39.1845703125 219218
104.98046875 78.9794921875 39.1845703125 219219
104.98046875 78.9794921875 39.1845703125 219219
104.98046875 78.9794921875 39.1845703125 219219
9.521484375 53.16162109375 53.466796875 219298
9.521484375 53.16162109375 53.466796875 219411
-34.912109375 69.9462890625 65.61279296875 219411
-34.912109375 69.9462890625 65.61279296875 219412
-34.912109375 69.9462890625 65.61279296875 219412
-34.912109375 69.9462890625 65.61279296875 219413
-34.912109375 69.9462890625 65.61279296875 219514
-109.2529296875 -94.1162109375 2.3193359375 219514
-109.2529296875 -94.1162109375 2.3193359375 219515
-109.2529296875 -94.1162109375 2.3193359375 219516
-109.2529296875 -94.1162109375 2.3193359375 219516
-109.2529296875 -94.1162109375 2.3193359375 219616
-109.43603515625 -143.73779296875 -6.28662109375 219616
-109.43603515625 -143.73779296875 -6.28662109375 219617
-109.43603515625 -143.73779296875 -6.28662109375 219617
-109.43603515625 -143.73779296875 -6.28662109375 219617
-109.43603515625 -143.73779296875 -6.28662109375 219718
-79.58984375 -89.90478515625 -20.6298828125 219718
-79.58984375 -89.90478515625 -20.6298828125 219718
-79.58984375 -89.90478515625 -20.6298828125 219719
-79.58984375 -89.90478515625 -20.6298828125 219719
-54.19921875 -41.259765625 -28.564453125 219802
-54.19921875 -41.259765625 -28.564453125 219912
-31.494140625 -19.04296875 -26.67236328125 219913
-31.494140625 -19.04296875 -26.67236328125 219913
-31.494140625 -19.04296875 -26.67236328125 219914
-31.494140625 -19.04296875 -26.67236328125 219914
-31.494140625 -19.04296875 -26.67236328125 220015
-20.32470703125 -18.1884765625 -31.06689453125 220015
-20.32470703125 -18.1884765625 -31.06689453125 220016
-20.32470703125 -18.1884765625 -31.06689453125 220016
-20.32470703125 -18.1884765625 -31.06689453125 220017
-20.32470703125 -18.1884765625 -31.06689453125 220123
-22.705078125 -21.3623046875 -24.90234375 220123
-22.705078125 -21.3623046875 -24.90234375 220124
-22.705078125 -21.3623046875 -24.90234375 220124
-22.705078125 -21.3623046875 -24.90234375 220125
-38.330078125 -24.5361328125 -23.3154296875 220205
-38.330078125 -24.5361328125 -23.3154296875 220315
-22.0947265625 -10.68115234375 -36.62109375 220316
-22.0947265625 -10.68115234375 -36.62109375 220316
-22.0947265625 -10.68115234375 -36.62109375 220316
-22.0947265625 -10.68115234375 -36.62109375 220317
-22.0947265625 -10.68115234375 -36.62109375 220418
-18.73779296875 -11.16943359375 -56.7626953125 220427
-18.73779296875 -11.16943359375 -56.7626953125 220427
-18.73779296875 -11.16943359375 -56.7626953125 220427
-18.73779296875 -11.16943359375 -56.7626953125 220428
-18.73779296875 -11.16943359375 -56.7626953125 220522
3.72314453125 -4.0283203125 -72.69287109375 220522
10.009765625 -16.17431640625 -81.97021484375 220604
10.009765625 -16.17431640625 -81.97021484375 220604
10.009765625 -16.17431640625 -81.97021484375 220605
10.009765625 -16.17431640625 -81.97021484375 220605
10.009765625 -16.17431640625 -81.97021484375 220712
41.68701171875 -2.3193359375 -81.54296875 220712
41.68701171875 -2.3193359375 -81.54296875 220713
41.68701171875 -2.3193359375 -81.54296875 220713
41.68701171875 -2.3193359375 -81.54296875 220713
41.68701171875 -2.3193359375 -81.54296875 220815
136.53564453125 83.8623046875 -74.76806640625 220815
136.53564453125 83.8623046875 -74.76806640625 220816
136.53564453125 83.8623046875 -74.76806640625 220816
136.53564453125 83.8623046875 -74.76806640625 220817
136.53564453125 83.8623046875 -74.76806640625 220919
225.52490234375 218.81103515625 -39.0625 220919
225.52490234375 218.81103515625 -39.0625 220920
225.52490234375 218.81103515625 -39.0625 220920
225.52490234375 218.81103515625 -39.0625 220921
225.52490234375 218.81103515625 -39.0625 221021
99.609375 258.11767578125 30.3955078125 221022
99.609375 258.11767578125 30.3955078125 221022
99.609375 258.11767578125 30.3955078125 221023
99.609375 258.11767578125 30.3955078125 221024
99.609375 258.11767578125 30.3955078125 221130
75.0732421875 66.46728515625 -110.4736328125 221131
75.0732421875 66.46728515625 -110.4736328125 221131
75.0732421875 66.46728515625 -110.4736328125 221131
75.0732421875 66.46728515625 -110.4736328125 221132
-82.82470703125 -148.193359375 -61.8896484375 221225
-82.82470703125 -148.193359375 -61.8896484375 221308
-232.11669921875 -213.43994140625 58.2275390625 221308
-232.11669921875 -213.43994140625 58.2275390625 221309
-232.11669921875 -213.43994140625 58.2275390625 221309
-232.11669921875 -213.43994140625 58.2275390625 221310
-232.11669921875 -213.43994140625 58.2275390625 221411
-97.71728515625 26.42822265625 109.86328125 221411
-97.71728515625 26.42822265625 109.86328125 221412
-97.71728515625 26.42822265625 109.86328125 221412
-97.71728515625 26.42822265625 109.86328125 221412
-97.71728515625 26.42822265625 109.86328125 221513
-23.8037109375 93.81103515625 88.07373046875 221513
-23.8037109375 93.81103515625 88.07373046875 221514
-23.8037109375 93.81103515625 88.07373046875 221514
-23.8037109375 93.81103515625 88.07373046875 221515
-23.8037109375 93.81103515625 88.07373046875 221633
60.36376953125 140.0146484375 58.59375 221634
60.36376953125 140.0146484375 58.59375 221634
60.36376953125 140.0146484375 58.59375 221634
60.36376953125 140.0146484375 58.59375 221636
76.66015625 92.6513671875 25.93994140625 221732
76.66015625 92.6513671875 25.93994140625 221880
45.47119140625 88.134765625 49.560546875 221881
45.47119140625 88.134765625 49.560546875 221881
45.47119140625 88.134765625 49.560546875 221882
45.47119140625 88.134765625 49.560546875 221882
-112.12158203125 -26.79443359375 79.2236328125 221939
-112.12158203125 -26.79443359375 79.2236328125 222025
-78.4912109375 -90.33203125 14.70947265625 222025
-78.4912109375 -90.33203125 14.70947265625 222026
-78.4912109375 -90.33203125 14.70947265625 222026
-78.4912109375 -90.33203125 14.70947265625 222027
-61.8896484375 -125.9765625 22.15576171875 222118
-61.8896484375 -125.9765625 22.15576171875 222210
-72.6318359375 -60.36376953125 -10.92529296875 222221
-72.6318359375 -60.36376953125 -10.92529296875 222221
-72.6318359375 -60.36376953125 -10.92529296875 222221
-72.6318359375 -60.36376953125 -10.92529296875 222222
-72.6318359375 -60.36376953125 -10.92529296875 222324
-68.9697265625 -68.115234375 -15.80810546875 222324
-68.9697265625 -68.115234375 -15.80810546875 222325
-68.9697265625 -68.115234375 -15.80810546875 222325
-68.9697265625 -68.115234375 -15.80810546875 222325
-68.9697265625 -68.115234375 -15.80810546875 222427
-52.3681640625 -63.5986328125 -20.44677734375 222427
-52.3681640625 -63.5986328125 -20.44677734375 222428
-52.3681640625 -63.5986328125 -20.44677734375 222428
-52.3681640625 -63.5986328125 -20.44677734375 222429
-38.26904296875 -43.9453125 -28.4423828125 222508
-38.26904296875 -43.9453125 -28.4423828125 222616
-36.68212890625 -28.25927734375 -20.08056640625 222616
-36.68212890625 -28.25927734375 -20.08056640625 222617
-36.68212890625 -28.25927734375 -20.08056640625 222617
-36.68212890625 -28.25927734375 -20.08056640625 222617
-36.68212890625 -28.25927734375 -20.08056640625 222718
-20.751953125 -2.62451171875 -34.85107421875 222718
-20.751953125 -2.62451171875 -34.85107421875 222719
-20.751953125 -2.62451171875 -34.85107421875 222719
-20.751953125 -2.62451171875 -34.85107421875 222719
-20.751953125 -2.62451171875 -34.85107421875 222821
-15.56396484375 4.82177734375 -39.48974609375 222821
-15.56396484375 4.82177734375 -39.48974609375 222821
-15.56396484375 4.82177734375 -39.48974609375 222822
-15.56396484375 4.82177734375 -39.48974609375 222822
-15.56396484375 4.82177734375 -39.48974609375 222923
-4.45556640625 7.568359375 -50.10986328125 222923
-4.45556640625 7.568359375 -50.10986328125 222924
-4.45556640625 7.568359375 -50.10986328125 222924
-4.45556640625 7.568359375 -50.10986328125 222924
-7.2021484375 -1.3427734375 -56.7626953125 223005
-7.2021484375 -1.3427734375 -56.7626953125 223116
-8.544921875 -13.7939453125 -64.02587890625 223116
-8.544921875 -13.7939453125 -64.02587890625 223116
-8.544921875 -13.7939453125 -64.02587890625 223117
-8.544921875 -13.7939453125 -64.02587890625 223117
-8.544921875 -13.7939453125 -64.02587890625 223221
18.310546875 -15.5029296875 -75.37841796875 223222
18.310546875 -15.5029296875 -75.37841796875 223222
18.310546875 -15.5029296875 -75.37841796875 223222
18.310546875 -15.5029296875 -75.37841796875 223223
66.95556640625 -0.42724609375 -73.8525390625 223322
66.95556640625 -0.42724609375 -73.8525390625 223322
66.95556640625 -0.42724609375 -73.8525390625 223323
66.95556640625 -0.42724609375 -73.8525390625 223323
66.95556640625 -0.42724609375 -73.8525390625 223406
117.49267578125 43.3349609375 -53.955078125 223406
117.49267578125 43.3349609375 -53.955078125 223519
192.5048828125 197.93701171875 -5.2490234375 223519
192.5048828125 197.93701171875 -5.2490234375 223519
192.5048828125 197.93701171875 -5.2490234375 223520
192.5048828125 197.93701171875 -5.2490234375 223520
192.5048828125 197.93701171875 -5.2490234375 223623
151.42822265625 261.90185546875 26.30615234375 223623
151.42822265625 261.90185546875 26.30615234375 223623
151.42822265625 261.90185546875 26.30615234375 223627
151.42822265625 261.90185546875 26.30615234375 223628
151.42822265625 261.90185546875 26.30615234375 223727
50.35400390625 83.67919921875 -56.15234375 223727
50.35400390625 83.67919921875 -56.15234375 223727
50.35400390625 83.67919921875 -56.15234375 223728
50.35400390625 83.67919921875 -56.15234375 223728
-43.3349609375 -110.83984375 -55.908203125 223808
-43.3349609375 -110.83984375 -55.908203125 223918
-276.3671875 -248.046875 45.0439453125 223918
-276.3671875 -248.046875 45.0439453125 223919
-276.3671875 -248.046875 45.0439453125 223919
-276.3671875 -248.046875 45.0439453125 223920
-276.3671875 -248.046875 45.0439453125 224018
-108.2763671875 -38.9404296875 114.6240234375 224019
-108.2763671875 -38.9404296875 114.6240234375 224019
-108.2763671875 -38.9404296875 114.6240234375 224019
-108.2763671875 -38.9404296875 114.6240234375 224019
-108.2763671875 -38.9404296875 114.6240234375 224121
31.79931640625 92.34619140625 134.521484375 224125
31.79931640625 92.34619140625 134.521484375 224126
31.79931640625 92.34619140625 134.521484375 224126
31.79931640625 92.34619140625 134.521484375 224127
31.79931640625 92.34619140625 134.521484375 224224
101.13525390625 109.0087890625 95.703125 224224
101.13525390625 109.0087890625 95.703125 224326
88.68408203125 48.095703125 64.51416015625 224326
88.68408203125 48.095703125 64.51416015625 224327
88.68408203125 48.095703125 64.51416015625 224327
88.68408203125 48.095703125 64.51416015625 224329
88.68408203125 48.095703125 64.51416015625 224428
-2.685546875 13.3056640625 99.54833984375 224428
-2.685546875 13.3056640625 99.54833984375 224429
-2.685546875 13.3056640625 99.54833984375 224429
-2.685546875 13.3056640625 99.54833984375 224429
-118.2861328125 -23.92578125 21.3623046875 224507
-118.2861328125 -23.92578125 21.3623046875 224620
-101.86767578125 -85.693359375 -13.5498046875 224620
-101.86767578125 -85.693359375 -13.5498046875 224621
-101.86767578125 -85.693359375 -13.5498046875 224621
-101.86767578125 -85.693359375 -13.5498046875 224621
-66.2841796875 -67.07763671875 -32.3486328125 224724
-66.2841796875 -67.07763671875 -32.3486328125 224724
-66.2841796875 -67.07763671875 -32.3486328125 224724
-66.2841796875 -67.07763671875 -32.3486328125 224725
-66.2841796875 -67.07763671875 -32.3486328125 224835
-23.74267578125 -28.4423828125 -38.330078125 224835
-23.74267578125 -28.4423828125 -38.330078125 224836
-23.74267578125 -28.4423828125 -38.330078125 224836
-23.74267578125 -28.4423828125 -38.330078125 224836
-48.64501953125 -35.09521484375 -29.84619140625 224923
-48.64501953125 -35.09521484375 -29.84619140625 225025
-49.1943359375 -28.80859375 -31.67724609375 225025
-49.1943359375 -28.80859375 -31.67724609375 225026
-49.1943359375 -28.80859375 -31.67724609375 225026
-49.1943359375 -28.80859375 -31.67724609375 225026
-49.1943359375 -28.80859375 -31.67724609375 225127
-44.189453125 -25.08544921875 -32.2265625 225127
-44.189453125 -25.08544921875 -32.2265625 225127
-44.189453125 -25.08544921875 -32.2265625 225128
-44.189453125 -25.08544921875 -32.2265625 225128
-44.189453125 -25.08544921875 -32.2265625 225234
-31.31103515625 -15.625 -26.30615234375 225235
-31.31103515625 -15.625 -26.30615234375 225235
-31.31103515625 -15.625 -26.30615234375 225236
-31.31103515625 -15.625 -26.30615234375 225237
-22.4609375 -5.37109375 -37.353515625 225313
-22.4609375 -5.37109375 -37.353515625 225421
-16.11328125 -12.02392578125 -56.21337890625 225421
-16.11328125 -12.02392578125 -56.21337890625 225422
-16.11328125 -12.02392578125 -56.21337890625 225422
-16.11328125 -12.02392578125 -56.21337890625 225422
-16.11328125 -12.02392578125 -56.21337890625 225523
4.57763671875 -17.39501953125 -81.9091796875 225523
4.57763671875 -17.39501953125 -81.9091796875 225524
4.57763671875 -17.39501953125 -81.9091796875 225524
4.57763671875 -17.39501953125 -81.9091796875 225525
38.57421875 -15.13671875 -105.1025390625 225626
38.57421875 -15.13671875 -105.1025390625 225626
38.57421875 -15.13671875 -105.1025390625 225627
38.57421875 -15.13671875 -105.1025390625 225627
38.57421875 -15.13671875 -105.1025390625 225731
138.48876953125 53.466796875 -93.75 225732
138.48876953125 53.466796875 -93.75 225732
138.48876953125 53.466796875 -93.75 225733
138.48876953125 53.466796875 -93.75 225733
183.2275390625 154.9072265625 -52.734375 225812
183.2275390625 154.9072265625 -52.734375 225921
98.32763671875 194.7021484375 -5.06591796875 225921
98.32763671875 194.7021484375 -5.06591796875 225922
98.32763671875 194.7021484375 -5.06591796875 225922
98.32763671875 194.7021484375 -5.06591796875 225922
98.32763671875 194.7021484375 -5.06591796875 226024
61.5234375 132.2021484375 16.6015625 226024
61.5234375 132.2021484375 16.6015625 226025
61.5234375 132.2021484375 16.6015625 226025
61.5234375 132.2021484375 16.6015625 226025
61.5234375 132.2021484375 16.6015625 226130
30.8837890625 37.59765625 -36.4990234375 226130
30.8837890625 37.59765625 -36.4990234375 226131
30.8837890625 37.59765625 -36.4990234375 226131
30.8837890625 37.59765625 -36.4990234375 226132
-22.15576171875 -62.5 -21.78955078125 226209
-22.15576171875 -62.5 -21.78955078125 226320
-196.044921875 -245.1171875 16.845703125 226320
-196.044921875 -245.1171875 16.845703125 226320
-196.044921875 -245.1171875 16.845703125 226321
-196.044921875 -245.1171875 16.845703125 226321
-196.044921875 -245.1171875 16.845703125 226423
-146.3623046875 -64.208984375 95.64208984375 226423
-146.3623046875 -64.208984375 95.64208984375 226423
-146.3623046875 -64.208984375 95.64208984375 226424
-146.3623046875 -64.208984375 95.64208984375 226424
-146.3623046875 -64.208984375 95.64208984375 226527
-23.92578125 122.55859375 104.55322265625 226527
-23.92578125 122.55859375 104.55322265625 226528
-23.92578125 122.55859375 104.55322265625 226528
-23.92578125 122.55859375 104.55322265625 226529
-23.92578125 122.55859375 104.55322265625 226632
73.8525390625 129.57763671875 139.70947265625 226632
73.8525390625 129.57763671875 139.70947265625 226632
73.8525390625 129.57763671875 139.70947265625 226633
73.8525390625 129.57763671875 139.70947265625 226633
182.55615234375 140.869140625 120.60546875 226710
182.55615234375 140.869140625 120.60546875 226823
89.7216796875 124.93896484375 79.9560546875 226823
89.7216796875 124.93896484375 79.9560546875 226823
89.7216796875 124.93896484375 79.9560546875 226824
89.7216796875 124.93896484375 79.9560546875 226824
89.7216796875 124.93896484375 79.9560546875 226929
-51.94091796875 -32.28759765625 -12.20703125 226929
-51.94091796875 -32.28759765625 -12.20703125 226930
-51.94091796875 -32.28759765625 -12.20703125 226930
-51.94091796875 -32.28759765625 -12.20703125 226931
-51.94091796875 -32.28759765625 -12.20703125 227032
-157.04345703125 -153.13720703125 17.39501953125 227032
-157.04345703125 -153.13720703125 17.39501953125 227032
-157.04345703125 -153.13720703125 17.39501953125 227033
-157.04345703125 -153.13720703125 17.39501953125 227033
-61.82861328125 -83.43505859375 -3.5400390625 227111
-61.82861328125 -83.43505859375 -3.5400390625 227222
-52.6123046875 -70.73974609375 -30.3955078125 227222
-52.6123046875 -70.73974609375 -30.3955078125 227223
-52.6123046875 -70.73974609375 -30.3955078125 227223
-52.6123046875 -70.73974609375 -30.3955078125 227223
-52.6123046875 -70.73974609375 -30.3955078125 227324
-37.78076171875 -56.09130859375 -41.44287109375 227324
-37.78076171875 -56.09130859375 -41.44287109375 227325
-37.78076171875 -56.09130859375 -41.44287109375 227325
-37.78076171875 -56.09130859375 -41.44287109375 227326
-37.78076171875 -56.09130859375 -41.44287109375 227426
-66.34521484375 -52.734375 -26.7333984375 227426
-66.34521484375 -52.734375 -26.7333984375 227427
-66.34521484375 -52.734375 -26.7333984375 227427
-66.34521484375 -52.734375 -26.7333984375 227428
-66.34521484375 -52.734375 -26.7333984375 227530
-59.4482421875 -28.80859375 -17.822265625 227530
-59.4482421875 -28.80859375 -17.822265625 227531
-59.4482421875 -28.80859375 -17.822265625 227531
-59.4482421875 -28.80859375 -17.822265625 227531
-59.4482421875 -28.80859375 -17.822265625 227633
-38.26904296875 -4.5166015625 -35.70556640625 227633
-38.26904296875 -4.5166015625 -35.70556640625 227634
-38.26904296875 -4.5166015625 -35.70556640625 227634
-38.26904296875 -4.5166015625 -35.70556640625 227635
-38.26904296875 -4.5166015625 -35.70556640625 227734
-18.24951171875 -1.5869140625 -69.76318359375 227734
-18.24951171875 -1.5869140625 -69.76318359375 227735
-18.24951171875 -1.5869140625 -69.76318359375 227735
-18.24951171875 -1.5869140625 -69.76318359375 227735
-6.28662109375 -18.73779296875 -87.2802734375 227812
-6.28662109375 -18.73779296875 -87.2802734375 227925
33.203125 -25.69580078125 -105.52978515625 227926
33.203125 -25.69580078125 -105.52978515625 227926
33.203125 -25.69580078125 -105.52978515625 227926
33.203125 -25.69580078125 -105.52978515625 227927
33.203125 -25.69580078125 -105.52978515625 228036
124.81689453125 77.33154296875 -102.60009765625 228037
124.81689453125 77.33154296875 -102.60009765625 228037
124.81689453125 77.33154296875 -102.60009765625 228038
124.81689453125 77.33154296875 -102.60009765625 228038
103.759765625 84.3505859375 -41.6259765625 228124
103.759765625 84.3505859375 -41.6259765625 228227
119.44580078125 175.23193359375 -15.625 228227
119.44580078125 175.23193359375 -15.625 228228
119.44580078125 175.23193359375 -15.625 228228
119.44580078125 175.23193359375 -15.625 228228
119.44580078125 175.23193359375 -15.625 228330
29.1748046875 182.2509765625 40.4052734375 228332
29.1748046875 182.2509765625 40.4052734375 228332
29.1748046875 182.2509765625 40.4052734375 228333
29.1748046875 182.2509765625 40.4052734375 228333
29.1748046875 182.2509765625 40.4052734375 228433
89.35546875 99.365234375 0.30517578125 228433
89.35546875 99.365234375 0.30517578125 228434
89.35546875 99.365234375 0.30517578125 228434
89.35546875 99.365234375 0.30517578125 228438
2.9296875 -68.42041015625 -66.162109375 228513
2.9296875 -68.42041015625 -66.162109375 228625
-219.970703125 -227.4169921875 -19.04296875 228625
-219.970703125 -227.4169921875 -19.04296875 228625
-219.970703125 -227.4169921875 -19.04296875 228626
-219.970703125 -227.4169921875 -19.04296875 228626
-219.970703125 -227.4169921875 -19.04296875 228727
-142.822265625 -83.92333984375 122.6806640625 228727
-142.822265625 -83.92333984375 122.6806640625 228727
-142.822265625 -83.92333984375 122.6806640625 228728
-142.822265625 -83.92333984375 122.6806640625 228728
-142.822265625 -83.92333984375 122.6806640625 228833
-45.7763671875 55.7861328125 125.6103515625 228833
-45.7763671875 55.7861328125 125.6103515625 228833
-45.7763671875 55.7861328125 125.6103515625 228834
-45.7763671875 55.7861328125 125.6103515625 228834
74.951171875 82.3974609375 114.44091796875 228912
74.951171875 82.3974609375 114.44091796875 229022
146.3623046875 67.0166015625 68.05419921875 229022
146.3623046875 67.0166015625 68.05419921875 229023
146.3623046875 67.0166015625 68.05419921875 229023
146.3623046875 67.0166015625 68.05419921875 229024
146.3623046875 67.0166015625 68.05419921875 229125
92.6513671875 85.693359375 71.533203125 229125
92.6513671875 85.693359375 71.533203125 229126
92.6513671875 85.693359375 71.533203125 229126
92.6513671875 85.693359375 71.533203125 229127
92.6513671875 85.693359375 71.533203125 229227
-45.0439453125 49.4384765625 70.49560546875 229227
-45.0439453125 49.4384765625 70.49560546875 229227
-45.0439453125 49.4384765625 70.49560546875 229228
-45.0439453125 49.4384765625 70.49560546875 229228
-45.0439453125 49.4384765625 70.49560546875 229329
-90.63720703125 -81.1767578125 13.3056640625 229330
-90.63720703125 -81.1767578125 13.3056640625 229331
-90.63720703125 -81.1767578125 13.3056640625 229331
-90.63720703125 -81.1767578125 13.3056640625 229331
-90.63720703125 -81.1767578125 13.3056640625 229432
-125.91552734375 -109.4970703125 -14.34326171875 229432
-125.91552734375 -109.4970703125 -14.34326171875 229432
-125.91552734375 -109.4970703125 -14.34326171875 229433
-125.91552734375 -109.4970703125 -14.34326171875 229433
-125.91552734375 -109.4970703125 -14.34326171875 229534
-77.63671875 -71.2890625 -19.4091796875 229534
-77.63671875 -71.2890625 -19.4091796875 229535
-77.63671875 -71.2890625 -19.4091796875 229535
-77.63671875 -71.2890625 -19.4091796875 229535
-77.63671875 -71.2890625 -19.4091796875 229637
-46.08154296875 -33.3251953125 -32.04345703125 229637
-46.08154296875 -33.3251953125 -32.04345703125 229638
-46.08154296875 -33.3251953125 -32.04345703125 229638
-46.08154296875 -33.3251953125 -32.04345703125 229639
-52.06298828125 -42.41943359375 -27.16064453125 229715
-52.06298828125 -42.41943359375 -27.16064453125 229831
-52.55126953125 -33.14208984375 -25.2685546875 229832
-52.55126953125 -33.14208984375 -25.2685546875 229832
-52.55126953125 -33.14208984375 -25.2685546875 229833
-52.55126953125 -33.14208984375 -25.2685546875 229833
-48.33984375 -19.22607421875 -33.0810546875 229929
-48.33984375 -19.22607421875 -33.0810546875 230024
-22.27783203125 6.9580078125 -60.24169921875 230036
-22.27783203125 6.9580078125 -60.24169921875 230037
-22.27783203125 6.9580078125 -60.24169921875 230037
-22.27783203125 6.9580078125 -60.24169921875 230037
-22.27783203125 6.9580078125 -60.24169921875 230136
-6.53076171875 5.126953125 -76.66015625 230136
-6.53076171875 5.126953125 -76.66015625 230238
36.9873046875 11.04736328125 -94.1162109375 230238
36.9873046875 11.04736328125 -94.1162109375 230238
36.9873046875 11.04736328125 -94.1162109375 230239
36.9873046875 11.04736328125 -94.1162109375 230239
74.52392578125 17.822265625 -85.3271484375 230324
74.52392578125 17.822265625 -85.3271484375 230428
118.2861328125 86.3037109375 -64.453125 230428
118.2861328125 86.3037109375 -64.453125 230428
118.2861328125 86.3037109375 -64.453125 230429
118.2861328125 86.3037109375 -64.453125 230429
118.2861328125 86.3037109375 -64.453125 230531
136.90185546875 147.39990234375 -13.73291015625 230531
136.90185546875 147.39990234375 -13.73291015625 230532
136.90185546875 147.39990234375 -13.73291015625 230532
136.90185546875 147.39990234375 -13.73291015625 230533
120.1171875 220.21484375 39.00146484375 230633
120.1171875 220.21484375 39.00146484375 230633
120.1171875 220.21484375 39.00146484375 230634
120.1171875 220.21484375 39.00146484375 230634
120.1171875 220.21484375 39.00146484375 230738
14.2822265625 60.1806640625 -43.3349609375 230738
14.2822265625 60.1806640625 -43.3349609375 230738
14.2822265625 60.1806640625 -43.3349609375 230739
14.2822265625 60.1806640625 -43.3349609375 230739
-1.953125 -96.19140625 -83.92333984375 230815
-1.953125 -96.19140625 -83.92333984375 230928
-211.669921875 -161.19384765625 -6.04248046875 230928
-211.669921875 -161.19384765625 -6.04248046875 230928
-211.669921875 -161.19384765625 -6.04248046875 230929
-211.669921875 -161.19384765625 -6.04248046875 230929
-211.669921875 -161.19384765625 -6.04248046875 231031
-153.86962890625 -21.42333984375 98.93798828125 231031
-153.86962890625 -21.42333984375 98.93798828125 231032
-153.86962890625 -21.42333984375 98.93798828125 231043
-153.86962890625 -21.42333984375 98.93798828125 231044
-153.86962890625 -21.42333984375 98.93798828125 231133
-31.3720703125 118.46923828125 94.78759765625 231133
-31.3720703125 118.46923828125 94.78759765625 231134
-31.3720703125 118.46923828125 94.78759765625 231134
-31.3720703125 118.46923828125 94.78759765625 231236
66.71142578125 150.81787109375 87.2802734375 231236
66.71142578125 150.81787109375 87.2802734375 231236
66.71142578125 150.81787109375 87.2802734375 231237
66.71142578125 150.81787109375 87.2802734375 231237
88.9892578125 97.83935546875 101.98974609375 231327
88.9892578125 97.83935546875 101.98974609375 231428
-9.94873046875 14.0380859375 62.255859375 231428
-9.94873046875 14.0380859375 62.255859375 231429
-9.94873046875 14.0380859375 62.255859375 231429
-9.94873046875 14.0380859375 62.255859375 231429
-9.94873046875 14.0380859375 62.255859375 231530
45.10498046875 10.68115234375 -2.01416015625 231530
45.10498046875 10.68115234375 -2.01416015625 231531
45.10498046875 10.68115234375 -2.01416015625 231531
45.10498046875 10.68115234375 -2.01416015625 231532
45.10498046875 10.68115234375 -2.01416015625 231634
-172.607421875 -98.876953125 4.57763671875 231635
-172.607421875 -98.876953125 4.57763671875 231635
-172.607421875 -98.876953125 4.57763671875 231636
-172.607421875 -98.876953125 4.57763671875 231636
-172.607421875 -98.876953125 4.57763671875 231737
-49.31640625 -52.1240234375 1.3427734375 231737
-49.31640625 -52.1240234375 1.3427734375 231738
-49.31640625 -52.1240234375 1.3427734375 231738
-49.31640625 -52.1240234375 1.3427734375 231738
-49.31640625 -52.1240234375 1.3427734375 231839
-80.87158203125 -83.43505859375 -34.60693359375 231839
-80.87158203125 -83.43505859375 -34.60693359375 231839
-80.87158203125 -83.43505859375 -34.60693359375 231840
-80.87158203125 -83.43505859375 -34.60693359375 231840
-68.359375 -64.27001953125 -39.48974609375 231918
-68.359375 -64.27001953125 -39.48974609375 232031
-46.69189453125 -40.4052734375 -42.29736328125 232031
-46.69189453125 -40.4052734375 -42.29736328125 232031
-46.69189453125 -40.4052734375 -42.29736328125 232032
-46.69189453125 -40.4052734375 -42.29736328125 232032
-46.69189453125 -40.4052734375 -42.29736328125 232133
-44.00634765625 -24.0478515625 -39.00146484375 232133
-44.00634765625 -24.0478515625 -39.00146484375 232133
-44.00634765625 -24.0478515625 -39.00146484375 232134
-44.00634765625 -24.0478515625 -39.00146484375 232134
-48.88916015625 -20.99609375 -25.20751953125 232235
-48.88916015625 -20.99609375 -25.20751953125 232235
-48.88916015625 -20.99609375 -25.20751953125 232235
-48.88916015625 -20.99609375 -25.20751953125 232236
-48.88916015625 -20.99609375 -25.20751953125 232339
-33.69140625 -11.90185546875 -21.484375 232339
-33.69140625 -11.90185546875 -21.484375 232340
-33.69140625 -11.90185546875 -21.484375 232340
-33.69140625 -11.90185546875 -21.484375 232341
-33.69140625 -11.90185546875 -21.484375 232442
-3.662109375 6.16455078125 -28.6865234375 232442
-3.662109375 6.16455078125 -28.6865234375 232443
-3.662109375 6.16455078125 -28.6865234375 232443
-3.662109375 6.16455078125 -28.6865234375 232443
-4.45556640625 -6.7138671875 -46.93603515625 232519
-4.45556640625 -6.7138671875 -46.93603515625 232629
-12.451171875 -23.92578125 -66.10107421875 232629
-12.451171875 -23.92578125 -66.10107421875 232630
-12.451171875 -23.92578125 -66.10107421875 232630
-12.451171875 -23.92578125 -66.10107421875 232632
-12.451171875 -23.92578125 -66.10107421875 232731
24.4140625 -12.14599609375 -86.36474609375 232731
24.4140625 -12.14599609375 -86.36474609375 232732
24.4140625 -12.14599609375 -86.36474609375 232732
24.4140625 -12.14599609375 -86.36474609375 232732
24.4140625 -12.14599609375 -86.36474609375 232852
147.15576171875 42.78564453125 -65.5517578125 232853
147.15576171875 42.78564453125 -65.5517578125 232853
147.15576171875 42.78564453125 -65.5517578125 232854
147.15576171875 42.78564453125 -65.5517578125 232854
185.9130859375 147.27783203125 -37.78076171875 232942
185.9130859375 147.27783203125 -37.78076171875 233029
202.81982421875 275.20751953125 -22.27783203125 233029
202.81982421875 275.20751953125 -22.27783203125 233030
202.81982421875 275.20751953125 -22.27783203125 233030
202.81982421875 275.20751953125 -22.27783203125 233030
202.81982421875 275.20751953125 -22.27783203125 233131
56.94580078125 167.66357421875 38.75732421875 233131
56.94580078125 167.66357421875 38.75732421875 233132
56.94580078125 167.66357421875 38.75732421875 233132
56.94580078125 167.66357421875 38.75732421875 233133
56.94580078125 167.66357421875 38.75732421875 233236
84.41162109375 -52.30712890625 -109.619140625 233236
84.41162109375 -52.30712890625 -109.619140625 233237
84.41162109375 -52.30712890625 -109.619140625 233237
84.41162109375 -52.30712890625 -109.619140625 233237
84.41162109375 -52.30712890625 -109.619140625 233339
-83.55712890625 -131.9580078125 -28.74755859375 233339
-83.55712890625 -131.9580078125 -28.74755859375 233339
-83.55712890625 -131.9580078125 -28.74755859375 233340
-83.55712890625 -131.9580078125 -28.74755859375 233340
-239.56298828125 -186.21826171875 88.2568359375 233421
-239.56298828125 -186.21826171875 88.2568359375 233533
-111.083984375 81.60400390625 96.37451171875 233533
-111.083984375 81.60400390625 96.37451171875 233534
-111.083984375 81.60400390625 96.37451171875 233534
-111.083984375 81.60400390625 96.37451171875 233535
-111.083984375 81.60400390625 96.37451171875 233636
-45.8984375 49.072265625 87.70751953125 233636
-45.8984375 49.072265625 87.70751953125 233637
-45.8984375 49.072265625 87.70751953125 233637
-45.8984375 49.072265625 87.70751953125 233638
-45.8984375 49.072265625 87.70751953125 233738
83.92333984375 77.63671875 52.490234375 233739
83.92333984375 77.63671875 52.490234375 233739
83.92333984375 77.63671875 52.490234375 233740
83.92333984375 77.63671875 52.490234375 233741
101.6845703125 91.85791015625 5.79833984375 233820
101.6845703125 91.85791015625 5.79833984375 233932
-48.7060546875 20.5078125 69.580078125 233932
-48.7060546875 20.5078125 69.580078125 233933
-48.7060546875 20.5078125 69.580078125 233933
-48.7060546875 20.5078125 69.580078125 233933
-66.89453125 -51.025390625 16.845703125 234032
-66.89453125 -51.025390625 16.845703125 234134
-89.29443359375 -134.27734375 8.9111328125 234135
-89.29443359375 -134.27734375 8.9111328125 234135
-89.29443359375 -134.27734375 8.9111328125 234136
-89.29443359375 -134.27734375 8.9111328125 234137
-89.29443359375 -134.27734375 8.9111328125 234237
-42.3583984375 -64.75830078125 -13.0615234375 234237
-42.3583984375 -64.75830078125 -13.0615234375 234238
-42.3583984375 -64.75830078125 -13.0615234375 234238
-42.3583984375 -64.75830078125 -13.0615234375 234239
-42.3583984375 -64.75830078125 -13.0615234375 234341
-41.32080078125 -48.33984375 -8.11767578125 234341
-41.32080078125 -48.33984375 -8.11767578125 234342
-41.32080078125 -48.33984375 -8.11767578125 234342
-41.32080078125 -48.33984375 -8.11767578125 234343
-41.32080078125 -48.33984375 -8.11767578125 234443
-62.3779296875 -65.97900390625 -31.43310546875 234443
-62.3779296875 -65.97900390625 -31.43310546875 234443
-62.3779296875 -65.97900390625 -31.43310546875 234444
-62.3779296875 -65.97900390625 -31.43310546875 234444
-94.05517578125 -103.33251953125 -11.71875 234523
-94.05517578125 -103.33251953125 -11.71875 234634
-56.94580078125 -63.3544921875 -17.39501953125 234635
-56.94580078125 -63.3544921875 -17.39501953125 234635
-56.94580078125 -63.3544921875 -17.39501953125 234636
-56.94580078125 -63.3544921875 -17.39501953125 234637
-56.94580078125 -63.3544921875 -17.39501953125 234737
-17.51708984375 -3.60107421875 -20.69091796875 234737
-17.51708984375 -3.60107421875 -20.69091796875 234737
-17.51708984375 -3.60107421875 -20.69091796875 234738
-17.51708984375 -3.60107421875 -20.69091796875 234738
-9.521484375 9.21630859375 -28.6865234375 234839
-9.521484375 9.21630859375 -28.6865234375 234840
-9.521484375 9.21630859375 -28.6865234375 234840
-9.521484375 9.21630859375 -28.6865234375 234840
-9.521484375 9.21630859375 -28.6865234375 234943
-14.5263671875 9.09423828125 -28.01513671875 234943
-14.5263671875 9.09423828125 -28.01513671875 234944
-14.5263671875 9.09423828125 -28.01513671875 234944
-14.5263671875 9.09423828125 -28.01513671875 234944
-14.5263671875 9.09423828125 -28.01513671875 235045
-14.5263671875 8.48388671875 -39.794921875 235046
-14.5263671875 8.48388671875 -39.794921875 235047
-14.5263671875 8.48388671875 -39.794921875 235047
-14.5263671875 8.48388671875 -39.794921875 235048
-17.333984375 -1.03759765625 -63.4765625 235125
-17.333984375 -1.03759765625 -63.4765625 235238
7.568359375 -16.4794921875 -96.3134765625 235239
7.568359375 -16.4794921875 -96.3134765625 235240
7.568359375 -16.4794921875 -96.3134765625 235240
7.568359375 -16.4794921875 -96.3134765625 235241
7.568359375 -16.4794921875 -96.3134765625 235340
66.83349609375 3.173828125 -108.0322265625 235340
66.83349609375 3.173828125 -108.0322265625 235341
66.83349609375 3.173828125 -108.0322265625 235341
66.83349609375 3.173828125 -108.0322265625 235342
66.83349609375 3.173828125 -108.0322265625 235444
139.0380859375 78.06396484375 -83.19091796875 235444
139.0380859375 78.06396484375 -83.19091796875 235445
139.0380859375 78.06396484375 -83.19091796875 235445
139.0380859375 78.06396484375 -83.19091796875 235446
161.92626953125 146.30126953125 -15.625 235523
161.92626953125 146.30126953125 -15.625 235634
98.81591796875 205.56640625 5.31005859375 235634
98.81591796875 205.56640625 5.31005859375 235635
98.81591796875 205.56640625 5.31005859375 235635
98.81591796875 205.56640625 5.31005859375 235635
98.81591796875 205.56640625 5.31005859375 235736
40.83251953125 151.91650390625 18.1884765625 235736
40.83251953125 151.91650390625 18.1884765625 235736
40.83251953125 151.91650390625 18.1884765625 235737
40.83251953125 151.91650390625 18.1884765625 235737
40.83251953125 151.91650390625 18.1884765625 235839
48.76708984375 -32.71484375 -86.24267578125 235839
48.76708984375 -32.71484375 -86.24267578125 235839
48.76708984375 -32.71484375 -86.24267578125 235840
48.76708984375 -32.71484375 -86.24267578125 235840
48.76708984375 -32.71484375 -86.24267578125 235942
-141.29638671875 -116.455078125 -24.169921875 235942
-141.29638671875 -116.455078125 -24.169921875 235942
-141.29638671875 -116.455078125 -24.169921875 235943
-141.29638671875 -116.455078125 -24.169921875 235943
-141.29638671875 -116.455078125 -24.169921875 236044
-239.74609375 -89.4775390625 103.271484375 236044
-239.74609375 -89.4775390625 103.271484375 236044
-239.74609375 -89.4775390625 103.271484375 236045
-239.74609375 -89.4775390625 103.271484375 236045
-239.74609375 -89.4775390625 103.271484375 236146
-125.54931640625 25.81787109375 90.39306640625 236146
-125.54931640625 25.81787109375 90.39306640625 236147
-125.54931640625 25.81787109375 90.39306640625 236147
-125.54931640625 25.81787109375 90.39306640625 236147
-7.75146484375 72.69287109375 62.255859375 236225
-7.75146484375 72.69287109375 62.255859375 236336
-43.15185546875 -18.5546875 27.77099609375 236336
-43.15185546875 -18.5546875 27.77099609375 236337
-43.15185546875 -18.5546875 27.77099609375 236337
-43.15185546875 -18.5546875 27.77099609375 236345
-43.15185546875 -18.5546875 27.77099609375 236444
59.326171875 34.60693359375 70.556640625 236445
59.326171875 34.60693359375 70.556640625 236445
59.326171875 34.60693359375 70.556640625 236446
59.326171875 34.60693359375 70.556640625 236447
-62.68310546875 -42.48046875 16.66259765625 236525
-62.68310546875 -42.48046875 16.66259765625 236637
19.22607421875 20.6298828125 -19.59228515625 236637
19.22607421875 20.6298828125 -19.59228515625 236638
19.22607421875 20.6298828125 -19.59228515625 236638
19.22607421875 20.6298828125 -19.59228515625 236638
19.22607421875 20.6298828125 -19.59228515625 236739
151.18408203125 154.47998046875 -2.44140625 236739
151.18408203125 154.47998046875 -2.44140625 236739
151.18408203125 154.47998046875 -2.44140625 236740
151.18408203125 154.47998046875 -2.44140625 236740
