-44.86083984375 -33.935546875 -54.01611328125 1789976
-44.86083984375 -33.935546875 -54.01611328125 1789976
-0.18310546875 0.1220703125 -0.67138671875 1790024
-0.18310546875 0.1220703125 -0.67138671875 1790026
-0.18310546875 0.1220703125 -0.67138671875 1790027
-0.18310546875 0.1220703125 -0.67138671875 1790028
-2.86865234375 1.46484375 -0.9765625 1790039
-2.86865234375 1.46484375 -0.9765625 1790101
0.1220703125 0 -2.13623046875 1790102
-0.244140625 -0.06103515625 -1.46484375 1790180
-0.244140625 -0.06103515625 -1.46484375 1790181
-0.244140625 -0.06103515625 -1.46484375 1790181
-0.244140625 -0.06103515625 -1.46484375 1790182
-0.244140625 -0.06103515625 -1.46484375 1790289
-0.3662109375 0.244140625 -1.89208984375 1790290
-0.3662109375 0.244140625 -1.89208984375 1790291
-0.3662109375 0.244140625 -1.89208984375 1790292
-0.3662109375 0.244140625 -1.89208984375 1790292
-0.18310546875 0.06103515625 -2.62451171875 1790385
-0.18310546875 0.06103515625 -2.62451171875 1790507
-1.03759765625 0.48828125 -1.52587890625 1790508
-1.03759765625 0.48828125 -1.52587890625 1790509
-1.03759765625 0.48828125 -1.52587890625 1790510
-1.03759765625 0.48828125 -1.52587890625 1790510
-1.52587890625 0.3662109375 -1.0986328125 1790594
-1.52587890625 0.3662109375 -1.0986328125 1790697
0.42724609375 0 -1.40380859375 1790698
0.42724609375 0 -1.40380859375 1790698
0.42724609375 0 -1.40380859375 1790710
0.42724609375 0 -1.40380859375 1790711
0.42724609375 0 -1.40380859375 1790799
-1.64794921875 0.79345703125 -1.28173828125 1790800
-1.64794921875 0.79345703125 -1.28173828125 1790801
-1.64794921875 0.79345703125 -1.28173828125 1790801
1.03759765625 -0.732421875 -2.9296875 1790877
1.03759765625 -0.732421875 -2.9296875 1790878
1.03759765625 -0.732421875 -2.9296875 1790989
-0.3662109375 0.91552734375 -1.5869140625 1790990
-0.3662109375 0.91552734375 -1.5869140625 1790991
-0.3662109375 0.91552734375 -1.5869140625 1790991
-0.3662109375 0.91552734375 -1.5869140625 1790992
-0.3662109375 0.91552734375 -1.5869140625 1791092
-1.64794921875 2.197265625 -1.8310546875 1791092
-1.64794921875 2.197265625 -1.8310546875 1791093
-1.64794921875 2.197265625 -1.8310546875 1791094
-1.64794921875 2.197265625 -1.8310546875 1791095
-1.64794921875 2.197265625 -1.8310546875 1791194
-0.3662109375 1.0986328125 -2.197265625 1791195
-0.3662109375 1.0986328125 -2.197265625 1791195
-0.3662109375 1.0986328125 -2.197265625 1791196
-0.3662109375 1.0986328125 -2.197265625 1791197
-0.3662109375 1.0986328125 -2.197265625 1791297
0.18310546875 -0.3662109375 -2.99072265625 1791298
0.18310546875 -0.3662109375 -2.99072265625 1791299
0.18310546875 -0.3662109375 -2.99072265625 1791300
0.18310546875 -0.3662109375 -2.99072265625 1791301
0.18310546875 -0.3662109375 -2.99072265625 1791399
0.732421875 -0.30517578125 -3.0517578125 1791399
0.732421875 -0.30517578125 -3.0517578125 1791400
0.732421875 -0.30517578125 -3.0517578125 1791401
0.732421875 -0.30517578125 -3.0517578125 1791402
-1.64794921875 0 -2.25830078125 1791477
-1.64794921875 0 -2.25830078125 1791589
-3.35693359375 2.5634765625 -2.5634765625 1791590
-3.35693359375 2.5634765625 -2.5634765625 1791591
-3.35693359375 2.5634765625 -2.5634765625 1791592
-3.35693359375 2.5634765625 -2.5634765625 1791593
-3.35693359375 2.5634765625 -2.5634765625 1791692
0.91552734375 -0.3662109375 -2.9296875 1791693
0.91552734375 -0.3662109375 -2.9296875 1791693
0.91552734375 -0.3662109375 -2.9296875 1791694
0.91552734375 -0.3662109375 -2.9296875 1791695
0.91552734375 -0.3662109375 -2.9296875 1791794
-1.15966796875 2.0751953125 -1.89208984375 1791795
-1.15966796875 2.0751953125 -1.89208984375 1791796
-1.15966796875 2.0751953125 -1.89208984375 1791798
-1.15966796875 2.0751953125 -1.89208984375 1791799
-1.15966796875 2.0751953125 -1.89208984375 1791899
-1.03759765625 1.28173828125 -1.46484375 1791900
-1.03759765625 1.28173828125 -1.46484375 1791900
-1.03759765625 1.28173828125 -1.46484375 1791901
-1.03759765625 1.28173828125 -1.46484375 1791902
0.3662109375 0.06103515625 -1.8310546875 1791977
0.3662109375 0.06103515625 -1.8310546875 1792087
-0.91552734375 0.91552734375 -0.6103515625 1792087
-0.91552734375 0.91552734375 -0.6103515625 1792088
-0.91552734375 0.91552734375 -0.6103515625 1792089
-0.91552734375 0.91552734375 -0.6103515625 1792089
-0.91552734375 0.91552734375 -0.6103515625 1792189
-1.89208984375 1.220703125 -1.3427734375 1792190
-1.89208984375 1.220703125 -1.3427734375 1792191
-1.89208984375 1.220703125 -1.3427734375 1792192
-1.89208984375 1.220703125 -1.3427734375 1792193
-1.89208984375 1.220703125 -1.3427734375 1792291
0.48828125 -0.54931640625 -1.64794921875 1792291
0.48828125 -0.54931640625 -1.64794921875 1792292
0.48828125 -0.54931640625 -1.64794921875 1792293
0.48828125 -0.54931640625 -1.64794921875 1792293
0.48828125 -0.54931640625 -1.64794921875 1792394
-1.953125 1.708984375 -1.708984375 1792395
-1.953125 1.708984375 -1.708984375 1792395
-1.953125 1.708984375 -1.708984375 1792396
-1.953125 1.708984375 -1.708984375 1792396
-1.953125 1.708984375 -1.708984375 1792497
0.18310546875 0.48828125 -2.5634765625 1792498
0.18310546875 0.48828125 -2.5634765625 1792498
0.18310546875 0.48828125 -2.5634765625 1792499
0.18310546875 0.48828125 -2.5634765625 1792499
-0.54931640625 0.79345703125 -2.9296875 1792575
-0.54931640625 0.79345703125 -2.9296875 1792687
-1.46484375 1.40380859375 -1.77001953125 1792687
-1.46484375 1.40380859375 -1.77001953125 1792688
-1.46484375 1.40380859375 -1.77001953125 1792689
-1.46484375 1.40380859375 -1.77001953125 1792689
-1.46484375 1.40380859375 -1.77001953125 1792792
0.06103515625 0.42724609375 -2.86865234375 1792792
0.06103515625 0.42724609375 -2.86865234375 1792793
0.06103515625 0.42724609375 -2.86865234375 1792794
0.06103515625 0.42724609375 -2.86865234375 1792794
0.06103515625 0.42724609375 -2.86865234375 1792894
-0.48828125 0.48828125 -1.64794921875 1792894
-0.48828125 0.48828125 -1.64794921875 1792895
-0.48828125 0.48828125 -1.64794921875 1792896
-0.48828125 0.48828125 -1.64794921875 1792896
-0.48828125 0.48828125 -1.64794921875 1792997
-0.91552734375 0.79345703125 -1.77001953125 1792998
-0.91552734375 0.79345703125 -1.77001953125 1792999
-0.91552734375 0.79345703125 -1.77001953125 1793000
-0.91552734375 0.79345703125 -1.77001953125 1793001
-0.732421875 0.42724609375 -1.52587890625 1793078
-0.732421875 0.42724609375 -1.52587890625 1793190
-1.40380859375 1.0986328125 -0.6103515625 1793191
-1.40380859375 1.0986328125 -0.6103515625 1793191
-1.40380859375 1.0986328125 -0.6103515625 1793192
-1.40380859375 1.0986328125 -0.6103515625 1793193
-0.3662109375 0.30517578125 -1.03759765625 1793293
-0.3662109375 0.30517578125 -1.03759765625 1793293
-0.3662109375 0.30517578125 -1.03759765625 1793294
-0.3662109375 0.30517578125 -1.03759765625 1793295
-0.3662109375 0.30517578125 -1.03759765625 1793396
-0.48828125 0.67138671875 -2.44140625 1793397
-0.48828125 0.67138671875 -2.44140625 1793397
-0.48828125 0.67138671875 -2.44140625 1793398
-0.48828125 0.67138671875 -2.44140625 1793399
0.3662109375 0.8544921875 -2.8076171875 1793479
0.3662109375 0.8544921875 -2.8076171875 1793590
-0.42724609375 0.67138671875 -1.953125 1793591
-0.42724609375 0.67138671875 -1.953125 1793591
-0.42724609375 0.67138671875 -1.953125 1793592
-0.42724609375 0.67138671875 -1.953125 1793592
-1.89208984375 1.0986328125 -1.3427734375 1793707
-1.89208984375 1.0986328125 -1.3427734375 1793708
-1.89208984375 1.0986328125 -1.3427734375 1793709
-1.89208984375 1.0986328125 -1.3427734375 1793710
-1.89208984375 1.0986328125 -1.3427734375 1793796
0.30517578125 -0.18310546875 -2.44140625 1793797
0 -0.1220703125 -2.25830078125 1793876
0 -0.1220703125 -2.25830078125 1793877
0 -0.1220703125 -2.25830078125 1793878
0 -0.1220703125 -2.25830078125 1793878
0 -0.1220703125 -2.25830078125 1793988
-3.2958984375 2.50244140625 -0.9765625 1793989
-3.2958984375 2.50244140625 -0.9765625 1793989
-3.2958984375 2.50244140625 -0.9765625 1793990
-3.2958984375 2.50244140625 -0.9765625 1793991
-3.2958984375 2.50244140625 -0.9765625 1794092
0.244140625 -0.42724609375 -2.3193359375 1794092
0.244140625 -0.42724609375 -2.3193359375 1794093
0.244140625 -0.42724609375 -2.3193359375 1794094
0.244140625 -0.42724609375 -2.3193359375 1794094
0.244140625 -0.42724609375 -2.3193359375 1794194
-1.5869140625 1.5869140625 -1.77001953125 1794195
-1.5869140625 1.5869140625 -1.77001953125 1794196
-1.5869140625 1.5869140625 -1.77001953125 1794197
-1.5869140625 1.5869140625 -1.77001953125 1794198
-1.5869140625 1.5869140625 -1.77001953125 1794296
-1.15966796875 0.18310546875 -1.3427734375 1794296
-1.15966796875 0.18310546875 -1.3427734375 1794297
-1.15966796875 0.18310546875 -1.3427734375 1794298
-1.15966796875 0.18310546875 -1.3427734375 1794298
-1.15966796875 0.18310546875 -1.3427734375 1794403
-1.77001953125 2.25830078125 -3.2958984375 1794404
-1.77001953125 2.25830078125 -3.2958984375 1794405
-1.77001953125 2.25830078125 -3.2958984375 1794407
-1.77001953125 2.25830078125 -3.2958984375 1794410
-4.82177734375 3.96728515625 -4.08935546875 1794486
-4.82177734375 3.96728515625 -4.08935546875 1794589
-3.2958984375 3.47900390625 -4.39453125 1794590
-3.2958984375 3.47900390625 -4.39453125 1794591
-3.2958984375 3.47900390625 -4.39453125 1794592
-3.2958984375 3.47900390625 -4.39453125 1794593
-3.2958984375 3.47900390625 -4.39453125 1794691
1.03759765625 -0.42724609375 -4.33349609375 1794692
1.03759765625 -0.42724609375 -4.33349609375 1794692
1.03759765625 -0.42724609375 -4.33349609375 1794693
1.03759765625 -0.42724609375 -4.33349609375 1794694
1.03759765625 -0.42724609375 -4.33349609375 1794794
1.52587890625 -0.91552734375 -3.0517578125 1794795
1.52587890625 -0.91552734375 -3.0517578125 1794795
1.52587890625 -0.91552734375 -3.0517578125 1794796
1.52587890625 -0.91552734375 -3.0517578125 1794797
1.52587890625 -0.91552734375 -3.0517578125 1794896
2.5634765625 -2.62451171875 -2.99072265625 1794896
2.5634765625 -2.62451171875 -2.99072265625 1794897
2.5634765625 -2.62451171875 -2.99072265625 1794898
2.5634765625 -2.62451171875 -2.99072265625 1794898
2.5634765625 -2.62451171875 -2.99072265625 1795050
-2.8076171875 1.28173828125 -6.8359375 1795051
-2.8076171875 1.28173828125 -6.8359375 1795052
-2.8076171875 1.28173828125 -6.8359375 1795053
-2.8076171875 1.28173828125 -6.8359375 1795054
1.953125 -5.79833984375 -10.31494140625 1795079
1.953125 -5.79833984375 -10.31494140625 1795190
-27.40478515625 -3.35693359375 7.9345703125 1795191
-27.40478515625 -3.35693359375 7.9345703125 1795192
-27.40478515625 -3.35693359375 7.9345703125 1795193
-27.40478515625 -3.35693359375 7.9345703125 1795194
-27.40478515625 -3.35693359375 7.9345703125 1795292
17.7001953125 9.58251953125 -32.53173828125 1795293
17.7001953125 9.58251953125 -32.53173828125 1795293
17.7001953125 9.58251953125 -32.53173828125 1795294
17.7001953125 9.58251953125 -32.53173828125 1795295
17.7001953125 9.58251953125 -32.53173828125 1795395
4.08935546875 37.53662109375 -25.32958984375 1795396
4.08935546875 37.53662109375 -25.32958984375 1795396
4.08935546875 37.53662109375 -25.32958984375 1795397
4.08935546875 37.53662109375 -25.32958984375 1795398
4.08935546875 37.53662109375 -25.32958984375 1795498
15.625 19.6533203125 -36.1328125 1795499
15.625 19.6533203125 -36.1328125 1795499
15.625 19.6533203125 -36.1328125 1795500
15.625 19.6533203125 -36.1328125 1795501
15.625 19.6533203125 -36.1328125 1795609
23.25439453125 -12.26806640625 -13.3056640625 1795610
23.25439453125 -12.26806640625 -13.3056640625 1795611
23.25439453125 -12.26806640625 -13.3056640625 1795612
23.25439453125 -12.26806640625 -13.3056640625 1795613
-34.912109375 -15.2587890625 14.6484375 1795689
-34.912109375 -15.2587890625 14.6484375 1795826
38.63525390625 -24.47509765625 1.5869140625 1795827
38.63525390625 -24.47509765625 1.5869140625 1795828
38.63525390625 -24.47509765625 1.5869140625 1795828
38.63525390625 -24.47509765625 1.5869140625 1795829
-1.52587890625 2.99072265625 -1.708984375 1795894
-1.52587890625 2.99072265625 -1.708984375 1795996
-2.9296875 -21.1181640625 16.6015625 1795997
-2.9296875 -21.1181640625 16.6015625 1795998
-2.9296875 -21.1181640625 16.6015625 1795998
-2.9296875 -21.1181640625 16.6015625 1795999
0.6103515625 -3.41796875 -5.67626953125 1796078
0.6103515625 -3.41796875 -5.67626953125 1796191
-8.4228515625 -20.01953125 -2.50244140625 1796192
-8.4228515625 -20.01953125 -2.50244140625 1796193
-8.4228515625 -20.01953125 -2.50244140625 1796194
-8.4228515625 -20.01953125 -2.50244140625 1796194
-8.4228515625 -20.01953125 -2.50244140625 1796293
0.3662109375 22.4609375 -10.8642578125 1796294
0.3662109375 22.4609375 -10.8642578125 1796295
0.3662109375 22.4609375 -10.8642578125 1796296
0.3662109375 22.4609375 -10.8642578125 1796296
0.3662109375 22.4609375 -10.8642578125 1796395
18.73779296875 -7.9345703125 -14.95361328125 1796396
18.73779296875 -7.9345703125 -14.95361328125 1796397
18.73779296875 -7.9345703125 -14.95361328125 1796397
18.73779296875 -7.9345703125 -14.95361328125 1796398
18.73779296875 -7.9345703125 -14.95361328125 1796497
-20.99609375 11.1083984375 19.83642578125 1796497
-20.99609375 11.1083984375 19.83642578125 1796498
-20.99609375 11.1083984375 19.83642578125 1796499
-20.99609375 11.1083984375 19.83642578125 1796499
20.3857421875 -31.67724609375 5.4931640625 1796576
20.3857421875 -31.67724609375 5.4931640625 1796687
-19.287109375 9.58251953125 0.30517578125 1796687
-19.287109375 9.58251953125 0.30517578125 1796688
-19.287109375 9.58251953125 0.30517578125 1796689
-19.287109375 9.58251953125 0.30517578125 1796690
-19.287109375 9.58251953125 0.30517578125 1796789
8.23974609375 -24.96337890625 -4.82177734375 1796790
8.23974609375 -24.96337890625 -4.82177734375 1796791
8.23974609375 -24.96337890625 -4.82177734375 1796792
8.23974609375 -24.96337890625 -4.82177734375 1796792
8.23974609375 -24.96337890625 -4.82177734375 1796905
-22.3388671875 32.958984375 -0.67138671875 1796906
-22.3388671875 32.958984375 -0.67138671875 1796907
-22.3388671875 32.958984375 -0.67138671875 1796908
-22.3388671875 32.958984375 -0.67138671875 1796909
-9.46044921875 11.77978515625 -9.09423828125 1796993
-9.46044921875 11.77978515625 -9.09423828125 1797095
-34.0576171875 31.25 -8.056640625 1797096
-34.0576171875 31.25 -8.056640625 1797096
-34.0576171875 31.25 -8.056640625 1797097
-34.0576171875 31.25 -8.056640625 1797098
-34.0576171875 31.25 -8.056640625 1797197
-2.44140625 -16.2353515625 -6.103515625 1797198
-2.44140625 -16.2353515625 -6.103515625 1797199
-2.44140625 -16.2353515625 -6.103515625 1797200
-2.44140625 -16.2353515625 -6.103515625 1797201
-11.77978515625 3.96728515625 -8.6669921875 1797277
-11.77978515625 3.96728515625 -8.6669921875 1797389
14.83154296875 -2.25830078125 -12.39013671875 1797390
14.83154296875 -2.25830078125 -12.39013671875 1797390
14.83154296875 -2.25830078125 -12.39013671875 1797391
14.83154296875 -2.25830078125 -12.39013671875 1797391
14.83154296875 -2.25830078125 -12.39013671875 1797491
5.92041015625 5.67626953125 -3.2958984375 1797492
5.92041015625 5.67626953125 -3.2958984375 1797492
5.92041015625 5.67626953125 -3.2958984375 1797493
5.92041015625 5.67626953125 -3.2958984375 1797494
5.92041015625 5.67626953125 -3.2958984375 1797594
-7.080078125 20.93505859375 -5.18798828125 1797595
-7.080078125 20.93505859375 -5.18798828125 1797596
-7.080078125 20.93505859375 -5.18798828125 1797597
-7.080078125 20.93505859375 -5.18798828125 1797597
-7.080078125 20.93505859375 -5.18798828125 1797697
7.99560546875 7.50732421875 -3.2958984375 1797698
7.99560546875 7.50732421875 -3.2958984375 1797699
7.99560546875 7.50732421875 -3.2958984375 1797700
7.99560546875 7.50732421875 -3.2958984375 1797701
7.99560546875 7.50732421875 -3.2958984375 1797808
6.2255859375 -1.28173828125 -2.01416015625 1797809
6.2255859375 -1.28173828125 -2.01416015625 1797810
6.2255859375 -1.28173828125 -2.01416015625 1797811
6.2255859375 -1.28173828125 -2.01416015625 1797811
-13.427734375 6.7138671875 -2.685546875 1797886
-13.427734375 6.7138671875 -2.685546875 1797989
11.41357421875 -1.77001953125 -5.92041015625 1797989
11.41357421875 -1.77001953125 -5.92041015625 1797990
11.41357421875 -1.77001953125 -5.92041015625 1797991
11.41357421875 -1.77001953125 -5.92041015625 1797992
11.41357421875 -1.77001953125 -5.92041015625 1798091
4.08935546875 5.126953125 -4.82177734375 1798092
4.08935546875 5.126953125 -4.82177734375 1798092
4.08935546875 5.126953125 -4.82177734375 1798093
4.08935546875 5.126953125 -4.82177734375 1798094
4.08935546875 5.126953125 -4.82177734375 1798193
5.92041015625 8.7890625 -11.90185546875 1798194
5.92041015625 8.7890625 -11.90185546875 1798195
5.92041015625 8.7890625 -11.90185546875 1798196
5.92041015625 8.7890625 -11.90185546875 1798197
-3.0517578125 0.42724609375 -10.43701171875 1798278
-3.0517578125 0.42724609375 -10.43701171875 1798390
1.46484375 -5.31005859375 -5.9814453125 1798390
1.46484375 -5.31005859375 -5.9814453125 1798391
1.46484375 -5.31005859375 -5.9814453125 1798392
1.46484375 -5.31005859375 -5.9814453125 1798392
1.46484375 -5.31005859375 -5.9814453125 1798492
-2.25830078125 14.404296875 -1.220703125 1798492
-2.25830078125 14.404296875 -1.220703125 1798493
-2.25830078125 14.404296875 -1.220703125 1798494
-2.25830078125 14.404296875 -1.220703125 1798494
-2.25830078125 14.404296875 -1.220703125 1798595
-2.74658203125 1.89208984375 -6.16455078125 1798596
-2.74658203125 1.89208984375 -6.16455078125 1798598
-2.74658203125 1.89208984375 -6.16455078125 1798599
-2.74658203125 1.89208984375 -6.16455078125 1798600
-2.74658203125 1.89208984375 -6.16455078125 1798697
2.38037109375 8.544921875 -2.0751953125 1798698
2.38037109375 8.544921875 -2.0751953125 1798698
2.38037109375 8.544921875 -2.0751953125 1798699
2.38037109375 8.544921875 -2.0751953125 1798699
-0.6103515625 -0.244140625 -5.31005859375 1798775
-0.6103515625 -0.244140625 -5.31005859375 1798884
10.31494140625 0.8544921875 -4.39453125 1798884
10.31494140625 0.8544921875 -4.39453125 1798885
10.31494140625 0.8544921875 -4.39453125 1798886
10.31494140625 0.8544921875 -4.39453125 1798886
10.31494140625 0.8544921875 -4.39453125 1798987
4.2724609375 -9.521484375 11.474609375 1798988
4.2724609375 -9.521484375 11.474609375 1798988
4.2724609375 -9.521484375 11.474609375 1798989
4.2724609375 -9.521484375 11.474609375 1798990
4.2724609375 -9.521484375 11.474609375 1799090
-2.3193359375 -49.4384765625 -2.197265625 1799090
-2.3193359375 -49.4384765625 -2.197265625 1799091
-2.3193359375 -49.4384765625 -2.197265625 1799092
-2.3193359375 -49.4384765625 -2.197265625 1799093
-2.3193359375 -49.4384765625 -2.197265625 1799192
1.220703125 4.638671875 29.47998046875 1799193
1.220703125 4.638671875 29.47998046875 1799194
1.220703125 4.638671875 29.47998046875 1799194
1.220703125 4.638671875 29.47998046875 1799195
1.220703125 4.638671875 29.47998046875 1799296
42.3583984375 -3.60107421875 -11.77978515625 1799296
42.3583984375 -3.60107421875 -11.77978515625 1799297
42.3583984375 -3.60107421875 -11.77978515625 1799298
42.3583984375 -3.60107421875 -11.77978515625 1799298
42.3583984375 -3.60107421875 -11.77978515625 1799398
10.1318359375 -8.11767578125 0.30517578125 1799399
10.1318359375 -8.11767578125 0.30517578125 1799400
10.1318359375 -8.11767578125 0.30517578125 1799401
10.1318359375 -8.11767578125 0.30517578125 1799402
-18.310546875 -0.30517578125 10.25390625 1799477
-18.310546875 -0.30517578125 10.25390625 1799584
-1.953125 -9.94873046875 -1.77001953125 1799585
-1.953125 -9.94873046875 -1.77001953125 1799585
-1.953125 -9.94873046875 -1.77001953125 1799586
-1.953125 -9.94873046875 -1.77001953125 1799587
-1.953125 -9.94873046875 -1.77001953125 1799688
0.06103515625 5.92041015625 -0.54931640625 1799689
0.06103515625 5.92041015625 -0.54931640625 1799690
0.06103515625 5.92041015625 -0.54931640625 1799691
0.06103515625 5.92041015625 -0.54931640625 1799692
0.06103515625 5.92041015625 -0.54931640625 1799790
21.6064453125 0.48828125 1.3427734375 1799791
21.6064453125 0.48828125 1.3427734375 1799791
21.6064453125 0.48828125 1.3427734375 1799792
21.6064453125 0.48828125 1.3427734375 1799792
21.6064453125 0.48828125 1.3427734375 1799893
-13.427734375 -9.6435546875 14.5263671875 1799893
-13.427734375 -9.6435546875 14.5263671875 1799894
-13.427734375 -9.6435546875 14.5263671875 1799895
-13.427734375 -9.6435546875 14.5263671875 1799896
-13.427734375 -9.6435546875 14.5263671875 1799995
9.70458984375 -13.24462890625 -3.11279296875 1799996
9.70458984375 -13.24462890625 -3.11279296875 1799997
9.70458984375 -13.24462890625 -3.11279296875 1799997
9.70458984375 -13.24462890625 -3.11279296875 1799998
1.5869140625 -8.72802734375 2.197265625 1800077
1.5869140625 -8.72802734375 2.197265625 1800190
-23.01025390625 6.2255859375 0.79345703125 1800191
-23.01025390625 6.2255859375 0.79345703125 1800191
-23.01025390625 6.2255859375 0.79345703125 1800192
-23.01025390625 6.2255859375 0.79345703125 1800193
-23.01025390625 6.2255859375 0.79345703125 1800293
24.23095703125 -15.56396484375 0.8544921875 1800293
24.23095703125 -15.56396484375 0.8544921875 1800294
24.23095703125 -15.56396484375 0.8544921875 1800295
24.23095703125 -15.56396484375 0.8544921875 1800295
24.23095703125 -15.56396484375 0.8544921875 1800395
29.052734375 53.40576171875 -20.44677734375 1800396
29.052734375 53.40576171875 -20.44677734375 1800396
29.052734375 53.40576171875 -20.44677734375 1800397
29.052734375 53.40576171875 -20.44677734375 1800397
16.4794921875 -51.26953125 33.447265625 1800477
16.4794921875 -51.26953125 33.447265625 1800588
23.4375 17.578125 -22.0947265625 1800589
23.4375 17.578125 -22.0947265625 1800590
23.4375 17.578125 -22.0947265625 1800590
23.4375 17.578125 -22.0947265625 1800591
-11.29150390625 40.71044921875 6.9580078125 1800691
-11.29150390625 40.71044921875 6.9580078125 1800692
-11.29150390625 40.71044921875 6.9580078125 1800692
-11.29150390625 40.71044921875 6.9580078125 1800693
-11.29150390625 40.71044921875 6.9580078125 1800795
-49.6826171875 -1.5869140625 35.33935546875 1800796
-49.6826171875 -1.5869140625 35.33935546875 1800797
-49.6826171875 -1.5869140625 35.33935546875 1800798
-49.6826171875 -1.5869140625 35.33935546875 1800799
-49.6826171875 -1.5869140625 35.33935546875 1800898
33.38623046875 38.14697265625 -67.0166015625 1800899
33.38623046875 38.14697265625 -67.0166015625 1800899
33.38623046875 38.14697265625 -67.0166015625 1800900
33.38623046875 38.14697265625 -67.0166015625 1800901
-78.18603515625 -75.0732421875 94.90966796875 1800975
-78.18603515625 -75.0732421875 94.90966796875 1801085
12.3291015625 58.4716796875 -62.43896484375 1801085
12.3291015625 58.4716796875 -62.43896484375 1801086
12.3291015625 58.4716796875 -62.43896484375 1801089
12.3291015625 58.4716796875 -62.43896484375 1801089
12.3291015625 58.4716796875 -62.43896484375 1801187
6.7138671875 -24.35302734375 54.99267578125 1801188
6.7138671875 -24.35302734375 54.99267578125 1801189
6.7138671875 -24.35302734375 54.99267578125 1801190
6.7138671875 -24.35302734375 54.99267578125 1801191
6.7138671875 -24.35302734375 54.99267578125 1801290
-67.07763671875 4.39453125 49.072265625 1801291
-67.07763671875 4.39453125 49.072265625 1801291
-67.07763671875 4.39453125 49.072265625 1801292
-67.07763671875 4.39453125 49.072265625 1801293
-67.07763671875 4.39453125 49.072265625 1801393
49.31640625 34.912109375 -40.4052734375 1801394
49.31640625 34.912109375 -40.4052734375 1801395
49.31640625 34.912109375 -40.4052734375 1801396
49.31640625 34.912109375 -40.4052734375 1801397
-52.3681640625 -10.31494140625 106.01806640625 1801476
-52.3681640625 -10.31494140625 106.01806640625 1801588
49.37744140625 67.93212890625 -56.45751953125 1801589
49.37744140625 67.93212890625 -56.45751953125 1801589
49.37744140625 67.93212890625 -56.45751953125 1801590
49.37744140625 67.93212890625 -56.45751953125 1801590
49.37744140625 67.93212890625 -56.45751953125 1801690
-10.3759765625 -4.33349609375 68.90869140625 1801690
-10.3759765625 -4.33349609375 68.90869140625 1801691
-10.3759765625 -4.33349609375 68.90869140625 1801692
-10.3759765625 -4.33349609375 68.90869140625 1801692
-10.3759765625 -4.33349609375 68.90869140625 1801792
-2.62451171875 44.677734375 13.48876953125 1801793
-2.62451171875 44.677734375 13.48876953125 1801794
-2.62451171875 44.677734375 13.48876953125 1801796
-2.62451171875 44.677734375 13.48876953125 1801797
-2.62451171875 44.677734375 13.48876953125 1801895
34.36279296875 9.521484375 -5.18798828125 1801895
34.36279296875 9.521484375 -5.18798828125 1801896
34.36279296875 9.521484375 -5.18798828125 1801897
34.36279296875 9.521484375 -5.18798828125 1801897
-53.52783203125 -15.80810546875 71.10595703125 1801974
-53.52783203125 -15.80810546875 71.10595703125 1802084
72.021484375 13.916015625 -56.21337890625 1802085
72.021484375 13.916015625 -56.21337890625 1802085
72.021484375 13.916015625 -56.21337890625 1802086
72.021484375 13.916015625 -56.21337890625 1802086
72.021484375 13.916015625 -56.21337890625 1802186
-10.92529296875 37.29248046875 19.83642578125 1802187
-10.92529296875 37.29248046875 19.83642578125 1802188
-10.92529296875 37.29248046875 19.83642578125 1802189
-10.92529296875 37.29248046875 19.83642578125 1802189
-10.92529296875 37.29248046875 19.83642578125 1802289
13.5498046875 -0.48828125 -2.38037109375 1802290
13.5498046875 -0.48828125 -2.38037109375 1802290
13.5498046875 -0.48828125 -2.38037109375 1802291
13.5498046875 -0.48828125 -2.38037109375 1802292
13.5498046875 -0.48828125 -2.38037109375 1802391
-9.1552734375 -44.3115234375 52.18505859375 1802392
-9.1552734375 -44.3115234375 52.18505859375 1802392
-9.1552734375 -44.3115234375 52.18505859375 1802393
-9.1552734375 -44.3115234375 52.18505859375 1802394
-9.1552734375 -44.3115234375 52.18505859375 1802494
-20.263671875 38.02490234375 -74.70703125 1802495
-20.263671875 38.02490234375 -74.70703125 1802495
-20.263671875 38.02490234375 -74.70703125 1802496
-20.263671875 38.02490234375 -74.70703125 1802497
-20.263671875 38.02490234375 -74.70703125 1802596
-27.34375 -10.498046875 77.20947265625 1802597
-27.34375 -10.498046875 77.20947265625 1802598
-27.34375 -10.498046875 77.20947265625 1802599
-27.34375 -10.498046875 77.20947265625 1802599
61.46240234375 3.11279296875 -3.23486328125 1802676
61.46240234375 3.11279296875 -3.23486328125 1802788
-28.076171875 17.39501953125 -25.87890625 1802788
-28.076171875 17.39501953125 -25.87890625 1802789
-28.076171875 17.39501953125 -25.87890625 1802790
-28.076171875 17.39501953125 -25.87890625 1802790
-28.076171875 17.39501953125 -25.87890625 1802890
-27.40478515625 -33.87451171875 45.0439453125 1802890
-27.40478515625 -33.87451171875 45.0439453125 1802891
-27.40478515625 -33.87451171875 45.0439453125 1802892
-27.40478515625 -33.87451171875 45.0439453125 1802892
-27.40478515625 -33.87451171875 45.0439453125 1802992
72.44873046875 9.27734375 -25.45166015625 1802993
72.44873046875 9.27734375 -25.45166015625 1802993
72.44873046875 9.27734375 -25.45166015625 1802994
72.44873046875 9.27734375 -25.45166015625 1802995
72.44873046875 9.27734375 -25.45166015625 1803096
-50.4150390625 -8.72802734375 14.46533203125 1803096
-50.4150390625 -8.72802734375 14.46533203125 1803097
-50.4150390625 -8.72802734375 14.46533203125 1803098
-50.4150390625 -8.72802734375 14.46533203125 1803098
25.81787109375 16.78466796875 -17.08984375 1803173
25.81787109375 16.78466796875 -17.08984375 1803285
31.79931640625 -10.43701171875 4.638671875 1803286
31.79931640625 -10.43701171875 4.638671875 1803287
31.79931640625 -10.43701171875 4.638671875 1803291
31.79931640625 -10.43701171875 4.638671875 1803293
31.79931640625 -10.43701171875 4.638671875 1803389
-57.12890625 4.94384765625 -4.21142578125 1803390
-57.12890625 4.94384765625 -4.21142578125 1803391
-57.12890625 4.94384765625 -4.21142578125 1803391
-57.12890625 4.94384765625 -4.21142578125 1803491
35.46142578125 -10.19287109375 3.84521484375 1803492
35.46142578125 -10.19287109375 3.84521484375 1803492
35.46142578125 -10.19287109375 3.84521484375 1803493
35.46142578125 -10.19287109375 3.84521484375 1803494
35.46142578125 -10.19287109375 3.84521484375 1803593
-15.07568359375 -4.8828125 -1.220703125 1803594
-15.07568359375 -4.8828125 -1.220703125 1803594
-15.07568359375 -4.8828125 -1.220703125 1803595
-15.07568359375 -4.8828125 -1.220703125 1803596
-15.07568359375 -4.8828125 -1.220703125 1803696
3.662109375 -1.52587890625 -4.39453125 1803697
3.662109375 -1.52587890625 -4.39453125 1803697
3.662109375 -1.52587890625 -4.39453125 1803698
3.662109375 -1.52587890625 -4.39453125 1803699
23.92578125 -14.22119140625 1.77001953125 1803774
23.92578125 -14.22119140625 1.77001953125 1803888
-25.45166015625 3.7841796875 -11.77978515625 1803889
-25.45166015625 3.7841796875 -11.77978515625 1803890
-25.45166015625 3.7841796875 -11.77978515625 1803890
-25.45166015625 3.7841796875 -11.77978515625 1803891
-25.45166015625 3.7841796875 -11.77978515625 1803993
9.033203125 7.4462890625 -11.65771484375 1803994
9.033203125 7.4462890625 -11.65771484375 1803995
9.033203125 7.4462890625 -11.65771484375 1803998
9.033203125 7.4462890625 -11.65771484375 1803999
9.033203125 7.4462890625 -11.65771484375 1804095
10.19287109375 0.54931640625 -3.84521484375 1804096
10.19287109375 0.54931640625 -3.84521484375 1804096
10.19287109375 0.54931640625 -3.84521484375 1804097
10.19287109375 0.54931640625 -3.84521484375 1804195
-3.2958984375 -4.150390625 1.46484375 1804196
-3.2958984375 -4.150390625 1.46484375 1804197
-3.2958984375 -4.150390625 1.46484375 1804198
-3.2958984375 -4.150390625 1.46484375 1804199
5.37109375 6.04248046875 -15.31982421875 1804284
5.37109375 6.04248046875 -15.31982421875 1804388
-4.638671875 -6.8359375 3.11279296875 1804389
-4.638671875 -6.8359375 3.11279296875 1804389
-4.638671875 -6.8359375 3.11279296875 1804390
-4.638671875 -6.8359375 3.11279296875 1804391
9.27734375 10.19287109375 -5.37109375 1804490
9.27734375 10.19287109375 -5.37109375 1804491
9.27734375 10.19287109375 -5.37109375 1804491
9.27734375 10.19287109375 -5.37109375 1804492
9.27734375 10.19287109375 -5.37109375 1804593
8.056640625 5.79833984375 -13.3056640625 1804594
8.056640625 5.79833984375 -13.3056640625 1804594
8.056640625 5.79833984375 -13.3056640625 1804595
8.056640625 5.79833984375 -13.3056640625 1804596
-1.0986328125 -22.8271484375 30.33447265625 1804674
-1.0986328125 -22.8271484375 30.33447265625 1804786
23.193359375 42.8466796875 -49.13330078125 1804787
23.193359375 42.8466796875 -49.13330078125 1804788
23.193359375 42.8466796875 -49.13330078125 1804789
23.193359375 42.8466796875 -49.13330078125 1804789
23.193359375 42.8466796875 -49.13330078125 1804889
-49.8046875 -51.025390625 71.4111328125 1804890
-49.8046875 -51.025390625 71.4111328125 1804890
-49.8046875 -51.025390625 71.4111328125 1804892
-49.8046875 -51.025390625 71.4111328125 1804893
-49.8046875 -51.025390625 71.4111328125 1804991
30.57861328125 58.16650390625 -76.72119140625 1804992
30.57861328125 58.16650390625 -76.72119140625 1804992
30.57861328125 58.16650390625 -76.72119140625 1804993
30.57861328125 58.16650390625 -76.72119140625 1804994
30.57861328125 58.16650390625 -76.72119140625 1805094
-46.2646484375 -65.3076171875 86.3037109375 1805095
-46.2646484375 -65.3076171875 86.3037109375 1805096
-46.2646484375 -65.3076171875 86.3037109375 1805097
-46.2646484375 -65.3076171875 86.3037109375 1805098
48.76708984375 52.18505859375 -111.2060546875 1805179
48.76708984375 52.18505859375 -111.2060546875 1805283
15.9912109375 -14.7705078125 75.3173828125 1805284
15.9912109375 -14.7705078125 75.3173828125 1805285
15.9912109375 -14.7705078125 75.3173828125 1805286
15.9912109375 -14.7705078125 75.3173828125 1805290
15.9912109375 -14.7705078125 75.3173828125 1805386
24.47509765625 7.4462890625 -37.29248046875 1805387
24.47509765625 7.4462890625 -37.29248046875 1805388
24.47509765625 7.4462890625 -37.29248046875 1805389
24.47509765625 7.4462890625 -37.29248046875 1805389
24.47509765625 7.4462890625 -37.29248046875 1805489
10.986328125 -1.03759765625 -5.55419921875 1805490
10.986328125 -1.03759765625 -5.55419921875 1805491
10.986328125 -1.03759765625 -5.55419921875 1805492
10.986328125 -1.03759765625 -5.55419921875 1805493
10.986328125 -1.03759765625 -5.55419921875 1805593
-34.48486328125 9.09423828125 10.55908203125 1805593
-34.48486328125 9.09423828125 10.55908203125 1805594
-34.48486328125 9.09423828125 10.55908203125 1805595
-34.48486328125 9.09423828125 10.55908203125 1805595
-34.48486328125 9.09423828125 10.55908203125 1805693
25.0244140625 -3.90625 -3.11279296875 1805694
25.0244140625 -3.90625 -3.11279296875 1805694
25.0244140625 -3.90625 -3.11279296875 1805695
25.0244140625 -3.90625 -3.11279296875 1805696
7.4462890625 13.36669921875 -16.4794921875 1805776
7.4462890625 13.36669921875 -16.4794921875 1805884
-27.89306640625 6.89697265625 14.83154296875 1805885
-27.89306640625 6.89697265625 14.83154296875 1805885
-27.89306640625 6.89697265625 14.83154296875 1805886
-27.89306640625 6.89697265625 14.83154296875 1805887
-27.89306640625 6.89697265625 14.83154296875 1805986
35.64453125 -18.37158203125 -9.8876953125 1805987
35.64453125 -18.37158203125 -9.8876953125 1805987
35.64453125 -18.37158203125 -9.8876953125 1805988
35.64453125 -18.37158203125 -9.8876953125 1805989
35.64453125 -18.37158203125 -9.8876953125 1806088
-50.9033203125 4.638671875 6.16455078125 1806089
-50.9033203125 4.638671875 6.16455078125 1806089
-50.9033203125 4.638671875 6.16455078125 1806090
-50.9033203125 4.638671875 6.16455078125 1806091
-50.9033203125 4.638671875 6.16455078125 1806191
36.2548828125 3.0517578125 -30.8837890625 1806192
36.2548828125 3.0517578125 -30.8837890625 1806193
36.2548828125 3.0517578125 -30.8837890625 1806194
36.2548828125 3.0517578125 -30.8837890625 1806195
36.2548828125 3.0517578125 -30.8837890625 1806294
3.72314453125 -12.51220703125 5.92041015625 1806294
3.72314453125 -12.51220703125 5.92041015625 1806295
3.72314453125 -12.51220703125 5.92041015625 1806296
3.72314453125 -12.51220703125 5.92041015625 1806296
-25.2685546875 26.0009765625 2.86865234375 1806378
-25.2685546875 26.0009765625 2.86865234375 1806483
51.81884765625 -34.72900390625 15.7470703125 1806484
51.81884765625 -34.72900390625 15.7470703125 1806484
51.81884765625 -34.72900390625 15.7470703125 1806485
51.81884765625 -34.72900390625 15.7470703125 1806486
51.81884765625 -34.72900390625 15.7470703125 1806588
-36.0107421875 29.96826171875 -39.1845703125 1806589
-36.0107421875 29.96826171875 -39.1845703125 1806590
-36.0107421875 29.96826171875 -39.1845703125 1806591
-36.0107421875 29.96826171875 -39.1845703125 1806592
-36.0107421875 29.96826171875 -39.1845703125 1806702
-42.1142578125 -3.41796875 41.68701171875 1806714
-42.1142578125 -3.41796875 41.68701171875 1806715
-42.1142578125 -3.41796875 41.68701171875 1806716
-42.1142578125 -3.41796875 41.68701171875 1806716
106.99462890625 32.16552734375 -19.22607421875 1806793
106.99462890625 32.16552734375 -19.22607421875 1806877
-35.64453125 -33.69140625 63.3544921875 1806878
-35.64453125 -33.69140625 63.3544921875 1806879
-35.64453125 -33.69140625 63.3544921875 1806880
-35.64453125 -33.69140625 63.3544921875 1806881
-35.64453125 -33.69140625 63.3544921875 1806989
-19.775390625 1.77001953125 16.7236328125 1806990
-19.775390625 1.77001953125 16.7236328125 1806991
-19.775390625 1.77001953125 16.7236328125 1806992
-19.775390625 1.77001953125 16.7236328125 1806993
-19.775390625 1.77001953125 16.7236328125 1807091
71.96044921875 54.0771484375 -39.9169921875 1807092
71.96044921875 54.0771484375 -39.9169921875 1807092
71.96044921875 54.0771484375 -39.9169921875 1807093
71.96044921875 54.0771484375 -39.9169921875 1807094
71.96044921875 54.0771484375 -39.9169921875 1807194
-76.96533203125 -18.798828125 109.375 1807195
-76.96533203125 -18.798828125 109.375 1807195
-76.96533203125 -18.798828125 109.375 1807196
-76.96533203125 -18.798828125 109.375 1807197
44.37255859375 -52.490234375 -53.52783203125 1807276
44.37255859375 -52.490234375 -53.52783203125 1807387
-31.8603515625 6.04248046875 -5.4931640625 1807388
-31.8603515625 6.04248046875 -5.4931640625 1807389
-31.8603515625 6.04248046875 -5.4931640625 1807390
-31.8603515625 6.04248046875 -5.4931640625 1807391
-31.8603515625 6.04248046875 -5.4931640625 1807489
2.8076171875 -26.18408203125 46.38671875 1807490
2.8076171875 -26.18408203125 46.38671875 1807490
2.8076171875 -26.18408203125 46.38671875 1807491
2.8076171875 -26.18408203125 46.38671875 1807492
2.8076171875 -26.18408203125 46.38671875 1807593
11.53564453125 25.5126953125 -37.17041015625 1807594
11.53564453125 25.5126953125 -37.17041015625 1807594
11.53564453125 25.5126953125 -37.17041015625 1807595
11.53564453125 25.5126953125 -37.17041015625 1807596
11.53564453125 25.5126953125 -37.17041015625 1807695
-4.8828125 -17.15087890625 46.875 1807696
-4.8828125 -17.15087890625 46.875 1807697
-4.8828125 -17.15087890625 46.875 1807698
-4.8828125 -17.15087890625 46.875 1807698
-4.8828125 -17.15087890625 46.875 1807798
13.0615234375 -10.19287109375 -10.68115234375 1807799
13.0615234375 -10.19287109375 -10.68115234375 1807800
13.0615234375 -10.19287109375 -10.68115234375 1807801
13.0615234375 -10.19287109375 -10.68115234375 1807802
-30.3955078125 18.6767578125 2.8076171875 1807874
-30.3955078125 18.6767578125 2.8076171875 1807987
32.40966796875 -23.98681640625 26.85546875 1807988
32.40966796875 -23.98681640625 26.85546875 1807989
32.40966796875 -23.98681640625 26.85546875 1807990
32.40966796875 -23.98681640625 26.85546875 1807990
32.40966796875 -23.98681640625 26.85546875 1808089
-50.35400390625 2.62451171875 -26.79443359375 1808089
-50.35400390625 2.62451171875 -26.79443359375 1808090
-50.35400390625 2.62451171875 -26.79443359375 1808091
-50.35400390625 2.62451171875 -26.79443359375 1808091
-50.35400390625 2.62451171875 -26.79443359375 1808191
2.3193359375 8.72802734375 22.76611328125 1808192
2.3193359375 8.72802734375 22.76611328125 1808192
2.3193359375 8.72802734375 22.76611328125 1808193
2.3193359375 8.72802734375 22.76611328125 1808194
2.3193359375 8.72802734375 22.76611328125 1808294
19.775390625 16.7236328125 -28.1982421875 1808294
19.775390625 16.7236328125 -28.1982421875 1808295
19.775390625 16.7236328125 -28.1982421875 1808296
19.775390625 16.7236328125 -28.1982421875 1808296
19.775390625 16.7236328125 -28.1982421875 1808410
-16.845703125 13.85498046875 14.5263671875 1808411
-16.845703125 13.85498046875 14.5263671875 1808411
-16.845703125 13.85498046875 14.5263671875 1808412
-16.845703125 13.85498046875 14.5263671875 1808413
39.12353515625 5.67626953125 -14.09912109375 1808484
39.12353515625 5.67626953125 -14.09912109375 1808586
-17.15087890625 -9.1552734375 21.17919921875 1808587
-17.15087890625 -9.1552734375 21.17919921875 1808588
-17.15087890625 -9.1552734375 21.17919921875 1808589
-17.15087890625 -9.1552734375 21.17919921875 1808590
-17.15087890625 -9.1552734375 21.17919921875 1808688
28.9306640625 3.0517578125 -48.4619140625 1808689
28.9306640625 3.0517578125 -48.4619140625 1808689
28.9306640625 3.0517578125 -48.4619140625 1808690
28.9306640625 3.0517578125 -48.4619140625 1808690
28.9306640625 3.0517578125 -48.4619140625 1808792
-14.404296875 -58.59375 73.8525390625 1808793
-14.404296875 -58.59375 73.8525390625 1808794
-14.404296875 -58.59375 73.8525390625 1808795
-14.404296875 -58.59375 73.8525390625 1808795
-5.9814453125 1.77001953125 5.859375 1808887
-5.9814453125 1.77001953125 5.859375 1808974
-3.60107421875 1.64794921875 10.68115234375 1808975
-3.60107421875 1.64794921875 10.68115234375 1808976
-3.60107421875 1.64794921875 10.68115234375 1808977
-3.60107421875 1.64794921875 10.68115234375 1808977
-3.60107421875 1.64794921875 10.68115234375 1809086
-12.3291015625 -19.83642578125 1.46484375 1809087
-12.3291015625 -19.83642578125 1.46484375 1809088
-12.3291015625 -19.83642578125 1.46484375 1809088
-12.3291015625 -19.83642578125 1.46484375 1809089
-12.3291015625 -19.83642578125 1.46484375 1809188
0.42724609375 -4.33349609375 -9.09423828125 1809189
0.42724609375 -4.33349609375 -9.09423828125 1809190
0.42724609375 -4.33349609375 -9.09423828125 1809191
0.42724609375 -4.33349609375 -9.09423828125 1809191
0.42724609375 -4.33349609375 -9.09423828125 1809290
-1.89208984375 9.6435546875 15.7470703125 1809291
-1.89208984375 9.6435546875 15.7470703125 1809291
-1.89208984375 9.6435546875 15.7470703125 1809292
-1.89208984375 9.6435546875 15.7470703125 1809292
-1.89208984375 9.6435546875 15.7470703125 1809392
-13.61083984375 -32.65380859375 20.81298828125 1809393
-13.61083984375 -32.65380859375 20.81298828125 1809394
-13.61083984375 -32.65380859375 20.81298828125 1809394
-13.61083984375 -32.65380859375 20.81298828125 1809395
-13.61083984375 -32.65380859375 20.81298828125 1809495
2.13623046875 18.85986328125 -15.13671875 1809496
2.13623046875 18.85986328125 -15.13671875 1809496
2.13623046875 18.85986328125 -15.13671875 1809497
2.13623046875 18.85986328125 -15.13671875 1809498
8.23974609375 4.7607421875 -1.5869140625 1809573
8.23974609375 4.7607421875 -1.5869140625 1809684
-4.5166015625 -0.18310546875 11.962890625 1809684
-4.5166015625 -0.18310546875 11.962890625 1809685
-4.5166015625 -0.18310546875 11.962890625 1809686
-4.5166015625 -0.18310546875 11.962890625 1809686
-4.5166015625 -0.18310546875 11.962890625 1809787
0.79345703125 1.64794921875 -7.9345703125 1809788
0.79345703125 1.64794921875 -7.9345703125 1809788
0.79345703125 1.64794921875 -7.9345703125 1809789
0.79345703125 1.64794921875 -7.9345703125 1809790
0.79345703125 1.64794921875 -7.9345703125 1809889
-19.34814453125 -7.62939453125 29.541015625 1809890
-19.34814453125 -7.62939453125 29.541015625 1809890
-19.34814453125 -7.62939453125 29.541015625 1809891
-19.34814453125 -7.62939453125 29.541015625 1809892
-19.34814453125 -7.62939453125 29.541015625 1809992
-2.44140625 0.732421875 -10.55908203125 1809993
-2.44140625 0.732421875 -10.55908203125 1809994
-2.44140625 0.732421875 -10.55908203125 1809995
-2.44140625 0.732421875 -10.55908203125 1809996
-2.44140625 0.732421875 -10.55908203125 1810095
-17.2119140625 1.220703125 28.74755859375 1810096
-17.2119140625 1.220703125 28.74755859375 1810097
-17.2119140625 1.220703125 28.74755859375 1810098
-17.2119140625 1.220703125 28.74755859375 1810099
-4.33349609375 -3.0517578125 -4.39453125 1810172
-4.33349609375 -3.0517578125 -4.39453125 1810283
1.64794921875 3.72314453125 -4.2724609375 1810284
1.64794921875 3.72314453125 -4.2724609375 1810284
1.64794921875 3.72314453125 -4.2724609375 1810285
1.64794921875 3.72314453125 -4.2724609375 1810286
1.64794921875 3.72314453125 -4.2724609375 1810386
-10.68115234375 -13.24462890625 20.6298828125 1810387
-10.68115234375 -13.24462890625 20.6298828125 1810387
-10.68115234375 -13.24462890625 20.6298828125 1810388
-10.68115234375 -13.24462890625 20.6298828125 1810389
10.07080078125 12.26806640625 -18.85986328125 1810489
10.07080078125 12.26806640625 -18.85986328125 1810489
10.07080078125 12.26806640625 -18.85986328125 1810490
10.07080078125 12.26806640625 -18.85986328125 1810491
10.07080078125 12.26806640625 -18.85986328125 1810592
-29.4189453125 13.7939453125 4.2724609375 1810593
-29.4189453125 13.7939453125 4.2724609375 1810594
-29.4189453125 13.7939453125 4.2724609375 1810595
-29.4189453125 13.7939453125 4.2724609375 1810596
-29.4189453125 13.7939453125 4.2724609375 1810695
-2.38037109375 -13.85498046875 0.9765625 1810696
-2.38037109375 -13.85498046875 0.9765625 1810696
-2.38037109375 -13.85498046875 0.9765625 1810697
-2.38037109375 -13.85498046875 0.9765625 1810698
-3.662109375 31.494140625 -9.58251953125 1810772
-3.662109375 31.494140625 -9.58251953125 1810882
19.95849609375 0.91552734375 -9.765625 1810883
19.95849609375 0.91552734375 -9.765625 1810883
19.95849609375 0.91552734375 -9.765625 1810884
19.95849609375 0.91552734375 -9.765625 1810884
19.95849609375 0.91552734375 -9.765625 1811092
-22.216796875 -21.54541015625 33.02001953125 1811092
-22.216796875 -21.54541015625 33.02001953125 1811093
-22.216796875 -21.54541015625 33.02001953125 1811094
-22.216796875 -21.54541015625 33.02001953125 1811095
-25.45166015625 -3.0517578125 -0.9765625 1811096
49.31640625 23.92578125 -15.68603515625 1811186
49.31640625 23.92578125 -15.68603515625 1811277
-40.1611328125 -4.2724609375 -2.13623046875 1811290
-40.1611328125 -4.2724609375 -2.13623046875 1811291
-40.1611328125 -4.2724609375 -2.13623046875 1811292
-40.1611328125 -4.2724609375 -2.13623046875 1811293
-40.1611328125 -4.2724609375 -2.13623046875 1811393
16.17431640625 4.33349609375 3.41796875 1811396
16.17431640625 4.33349609375 3.41796875 1811397
16.17431640625 4.33349609375 3.41796875 1811398
16.17431640625 4.33349609375 3.41796875 1811399
28.4423828125 8.72802734375 10.25390625 1811474
28.4423828125 8.72802734375 10.25390625 1811585
-60.1806640625 -16.9677734375 -19.83642578125 1811586
-60.1806640625 -16.9677734375 -19.83642578125 1811587
-60.1806640625 -16.9677734375 -19.83642578125 1811587
-60.1806640625 -16.9677734375 -19.83642578125 1811588
12.51220703125 -1.64794921875 7.568359375 1811688
12.51220703125 -1.64794921875 7.568359375 1811689
12.51220703125 -1.64794921875 7.568359375 1811689
12.51220703125 -1.64794921875 7.568359375 1811690
12.51220703125 -1.64794921875 7.568359375 1811793
-13.671875 4.69970703125 -4.82177734375 1811794
-13.671875 4.69970703125 -4.82177734375 1811794
-13.671875 4.69970703125 -4.82177734375 1811795
-13.671875 4.69970703125 -4.82177734375 1811796
-13.671875 4.69970703125 -4.82177734375 1811895
11.41357421875 16.54052734375 -12.939453125 1811896
11.41357421875 16.54052734375 -12.939453125 1811896
11.41357421875 16.54052734375 -12.939453125 1811897
11.41357421875 16.54052734375 -12.939453125 1811898
-11.23046875 -9.1552734375 12.8173828125 1811972
-11.23046875 -9.1552734375 12.8173828125 1812095
-30.82275390625 -0.67138671875 -18.61572265625 1812096
-30.82275390625 -0.67138671875 -18.61572265625 1812096
-30.82275390625 -0.67138671875 -18.61572265625 1812097
-30.82275390625 -0.67138671875 -18.61572265625 1812098
12.26806640625 -21.66748046875 23.8037109375 1812185
12.26806640625 -21.66748046875 23.8037109375 1812288
27.83203125 42.6025390625 -55.48095703125 1812289
27.83203125 42.6025390625 -55.48095703125 1812290
27.83203125 42.6025390625 -55.48095703125 1812293
27.83203125 42.6025390625 -55.48095703125 1812294
27.83203125 42.6025390625 -55.48095703125 1812391
-30.76171875 -18.1884765625 44.86083984375 1812392
-30.76171875 -18.1884765625 44.86083984375 1812392
-30.76171875 -18.1884765625 44.86083984375 1812393
-30.76171875 -18.1884765625 44.86083984375 1812394
43.8232421875 16.90673828125 -34.5458984375 1812473
43.8232421875 16.90673828125 -34.5458984375 1812585
-75.0732421875 -13.36669921875 33.50830078125 1812586
-75.0732421875 -13.36669921875 33.50830078125 1812586
-75.0732421875 -13.36669921875 33.50830078125 1812587
-75.0732421875 -13.36669921875 33.50830078125 1812588
-75.0732421875 -13.36669921875 33.50830078125 1812688
43.88427734375 -2.8076171875 -3.60107421875 1812689
43.88427734375 -2.8076171875 -3.60107421875 1812689
43.88427734375 -2.8076171875 -3.60107421875 1812690
43.88427734375 -2.8076171875 -3.60107421875 1812691
43.88427734375 -2.8076171875 -3.60107421875 1812790
-31.6162109375 7.568359375 -13.73291015625 1812791
-31.6162109375 7.568359375 -13.73291015625 1812792
-31.6162109375 7.568359375 -13.73291015625 1812792
-31.6162109375 7.568359375 -13.73291015625 1812793
-31.6162109375 7.568359375 -13.73291015625 1812913
5.55419921875 -1.8310546875 22.27783203125 1812914
5.55419921875 -1.8310546875 22.27783203125 1812915
5.55419921875 -1.8310546875 22.27783203125 1812916
5.55419921875 -1.8310546875 22.27783203125 1812917
7.6904296875 5.615234375 -23.86474609375 1812994
7.6904296875 5.615234375 -23.86474609375 1813075
-20.99609375 4.150390625 -3.41796875 1813076
-20.99609375 4.150390625 -3.41796875 1813077
-20.99609375 4.150390625 -3.41796875 1813078
-20.99609375 4.150390625 -3.41796875 1813078
-20.99609375 4.150390625 -3.41796875 1813185
9.521484375 -2.5634765625 16.90673828125 1813186
9.521484375 -2.5634765625 16.90673828125 1813186
9.521484375 -2.5634765625 16.90673828125 1813187
9.521484375 -2.5634765625 16.90673828125 1813188
9.521484375 -2.5634765625 16.90673828125 1813287
-31.92138671875 2.86865234375 -31.67724609375 1813288
-31.92138671875 2.86865234375 -31.67724609375 1813288
-31.92138671875 2.86865234375 -31.67724609375 1813289
-31.92138671875 2.86865234375 -31.67724609375 1813289
-31.92138671875 2.86865234375 -31.67724609375 1813390
17.08984375 -0.30517578125 19.287109375 1813391
17.08984375 -0.30517578125 19.287109375 1813391
17.08984375 -0.30517578125 19.287109375 1813392
17.08984375 -0.30517578125 19.287109375 1813392
17.08984375 -0.30517578125 19.287109375 1813492
7.2021484375 14.404296875 -34.48486328125 1813493
7.2021484375 14.404296875 -34.48486328125 1813494
7.2021484375 14.404296875 -34.48486328125 1813495
7.2021484375 14.404296875 -34.48486328125 1813496
-4.94384765625 4.39453125 44.49462890625 1813570
-4.94384765625 4.39453125 44.49462890625 1813683
2.9296875 -5.55419921875 -5.55419921875 1813684
2.9296875 -5.55419921875 -5.55419921875 1813684
2.9296875 -5.55419921875 -5.55419921875 1813685
2.9296875 -5.55419921875 -5.55419921875 1813686
2.9296875 -5.55419921875 -5.55419921875 1813785
-18.12744140625 10.43701171875 -17.63916015625 1813786
-18.12744140625 10.43701171875 -17.63916015625 1813788
-18.12744140625 10.43701171875 -17.63916015625 1813789
-18.12744140625 10.43701171875 -17.63916015625 1813790
-18.12744140625 10.43701171875 -17.63916015625 1813913
3.60107421875 6.28662109375 14.16015625 1813914
3.60107421875 6.28662109375 14.16015625 1813915
3.60107421875 6.28662109375 14.16015625 1813916
3.60107421875 6.28662109375 14.16015625 1813916
-7.50732421875 3.0517578125 -14.83154296875 1813992
-7.50732421875 3.0517578125 -14.83154296875 1814093
31.6162109375 12.0849609375 5.126953125 1814094
31.6162109375 12.0849609375 5.126953125 1814095
31.6162109375 12.0849609375 5.126953125 1814095
31.6162109375 12.0849609375 5.126953125 1814096
12.8173828125 28.6865234375 -30.6396484375 1814187
12.8173828125 28.6865234375 -30.6396484375 1814274
-5.92041015625 15.0146484375 9.58251953125 1814275
-5.92041015625 15.0146484375 9.58251953125 1814276
-5.92041015625 15.0146484375 9.58251953125 1814277
-5.92041015625 15.0146484375 9.58251953125 1814277
-5.92041015625 15.0146484375 9.58251953125 1814384
6.2255859375 20.01953125 -15.625 1814385
6.2255859375 20.01953125 -15.625 1814385
6.2255859375 20.01953125 -15.625 1814386
6.2255859375 20.01953125 -15.625 1814387
6.2255859375 20.01953125 -15.625 1814488
-3.0517578125 22.88818359375 -2.8076171875 1814488
-3.0517578125 22.88818359375 -2.8076171875 1814489
-3.0517578125 22.88818359375 -2.8076171875 1814490
-3.0517578125 22.88818359375 -2.8076171875 1814490
-3.0517578125 22.88818359375 -2.8076171875 1814590
20.93505859375 3.35693359375 -21.78955078125 1814591
20.93505859375 3.35693359375 -21.78955078125 1814592
20.93505859375 3.35693359375 -21.78955078125 1814593
20.93505859375 3.35693359375 -21.78955078125 1814593
20.93505859375 3.35693359375 -21.78955078125 1814692
-13.36669921875 -3.173828125 7.2021484375 1814693
-13.36669921875 -3.173828125 7.2021484375 1814693
-13.36669921875 -3.173828125 7.2021484375 1814694
-13.36669921875 -3.173828125 7.2021484375 1814695
3.7841796875 -27.28271484375 -0.48828125 1814772
3.7841796875 -27.28271484375 -0.48828125 1814882
-8.48388671875 -26.42822265625 -28.50341796875 1814883
-8.48388671875 -26.42822265625 -28.50341796875 1814883
-8.48388671875 -26.42822265625 -28.50341796875 1814884
-8.48388671875 -26.42822265625 -28.50341796875 1814884
-8.48388671875 -26.42822265625 -28.50341796875 1814985
44.677734375 -3.84521484375 21.6064453125 1814986
44.677734375 -3.84521484375 21.6064453125 1814986
44.677734375 -3.84521484375 21.6064453125 1814987
44.677734375 -3.84521484375 21.6064453125 1814987
44.677734375 -3.84521484375 21.6064453125 1815087
0.732421875 5.126953125 -19.287109375 1815088
0.732421875 5.126953125 -19.287109375 1815088
0.732421875 5.126953125 -19.287109375 1815089
0.732421875 5.126953125 -19.287109375 1815090
0.732421875 5.126953125 -19.287109375 1815190
22.705078125 16.54052734375 -67.138671875 1815191
22.705078125 16.54052734375 -67.138671875 1815191
22.705078125 16.54052734375 -67.138671875 1815192
22.705078125 16.54052734375 -67.138671875 1815193
22.705078125 16.54052734375 -67.138671875 1815292
69.7021484375 -3.0517578125 8.85009765625 1815293
69.7021484375 -3.0517578125 8.85009765625 1815293
69.7021484375 -3.0517578125 8.85009765625 1815294
69.7021484375 -3.0517578125 8.85009765625 1815295
-28.62548828125 -20.08056640625 -1.3427734375 1815371
-28.62548828125 -20.08056640625 -1.3427734375 1815482
19.22607421875 -2.5634765625 -13.3056640625 1815483
19.22607421875 -2.5634765625 -13.3056640625 1815484
19.22607421875 -2.5634765625 -13.3056640625 1815484
19.22607421875 -2.5634765625 -13.3056640625 1815485
19.22607421875 -2.5634765625 -13.3056640625 1815585
15.13671875 1.40380859375 20.751953125 1815586
15.13671875 1.40380859375 20.751953125 1815586
15.13671875 1.40380859375 20.751953125 1815587
15.13671875 1.40380859375 20.751953125 1815587
15.13671875 1.40380859375 20.751953125 1815687
-9.765625 6.40869140625 -28.86962890625 1815688
-9.765625 6.40869140625 -28.86962890625 1815689
-9.765625 6.40869140625 -28.86962890625 1815692
-9.765625 6.40869140625 -28.86962890625 1815693
-9.765625 6.40869140625 -28.86962890625 1815791
-2.01416015625 -15.31982421875 7.62939453125 1815792
-2.01416015625 -15.31982421875 7.62939453125 1815792
-2.01416015625 -15.31982421875 7.62939453125 1815793
-2.01416015625 -15.31982421875 7.62939453125 1815794
-2.01416015625 -15.31982421875 7.62939453125 1815893
-9.70458984375 3.60107421875 6.16455078125 1815894
-9.70458984375 3.60107421875 6.16455078125 1815895
-9.70458984375 3.60107421875 6.16455078125 1815895
-9.70458984375 3.60107421875 6.16455078125 1815896
-64.0869140625 -27.28271484375 12.51220703125 1815971
-64.0869140625 -27.28271484375 12.51220703125 1816081
13.73291015625 -8.85009765625 29.35791015625 1816082
13.73291015625 -8.85009765625 29.35791015625 1816082
13.73291015625 -8.85009765625 29.35791015625 1816083
13.73291015625 -8.85009765625 29.35791015625 1816084
13.73291015625 -8.85009765625 29.35791015625 1816186
-5.615234375 36.62109375 -62.56103515625 1816187
-5.615234375 36.62109375 -62.56103515625 1816187
-5.615234375 36.62109375 -62.56103515625 1816188
-5.615234375 36.62109375 -62.56103515625 1816189
-5.615234375 36.62109375 -62.56103515625 1816289
-9.033203125 -39.306640625 76.2939453125 1816290
-9.033203125 -39.306640625 76.2939453125 1816291
-9.033203125 -39.306640625 76.2939453125 1816292
-9.033203125 -39.306640625 76.2939453125 1816293
-9.033203125 -39.306640625 76.2939453125 1816390
20.81298828125 27.40478515625 -34.3017578125 1816391
20.81298828125 27.40478515625 -34.3017578125 1816391
20.81298828125 27.40478515625 -34.3017578125 1816392
20.81298828125 27.40478515625 -34.3017578125 1816392
20.81298828125 27.40478515625 -34.3017578125 1816494
-37.9638671875 7.4462890625 -24.59716796875 1816495
-37.9638671875 7.4462890625 -24.59716796875 1816496
-37.9638671875 7.4462890625 -24.59716796875 1816496
-37.9638671875 7.4462890625 -24.59716796875 1816497
36.376953125 -16.9677734375 45.59326171875 1816571
36.376953125 -16.9677734375 45.59326171875 1816681
-58.65478515625 29.11376953125 -65.3076171875 1816682
-58.65478515625 29.11376953125 -65.3076171875 1816682
-58.65478515625 29.11376953125 -65.3076171875 1816683
-58.65478515625 29.11376953125 -65.3076171875 1816684
-58.65478515625 29.11376953125 -65.3076171875 1816784
55.7861328125 28.1982421875 48.03466796875 1816784
55.7861328125 28.1982421875 48.03466796875 1816785
55.7861328125 28.1982421875 48.03466796875 1816786
55.7861328125 28.1982421875 48.03466796875 1816786
55.7861328125 28.1982421875 48.03466796875 1816886
24.0478515625 2.38037109375 -41.32080078125 1816887
24.0478515625 2.38037109375 -41.32080078125 1816889
24.0478515625 2.38037109375 -41.32080078125 1816890
24.0478515625 2.38037109375 -41.32080078125 1816891
24.0478515625 2.38037109375 -41.32080078125 1816988
-65.0634765625 -13.61083984375 27.52685546875 1816989
-65.0634765625 -13.61083984375 27.52685546875 1816989
-65.0634765625 -13.61083984375 27.52685546875 1816990
-65.0634765625 -13.61083984375 27.52685546875 1816991
-65.0634765625 -13.61083984375 27.52685546875 1817091
71.35009765625 21.1181640625 -28.564453125 1817092
71.35009765625 21.1181640625 -28.564453125 1817092
71.35009765625 21.1181640625 -28.564453125 1817093
71.35009765625 21.1181640625 -28.564453125 1817094
-85.5712890625 -6.591796875 -33.0810546875 1817170
-85.5712890625 -6.591796875 -33.0810546875 1817281
71.533203125 19.1650390625 40.83251953125 1817282
71.533203125 19.1650390625 40.83251953125 1817282
71.533203125 19.1650390625 40.83251953125 1817283
71.533203125 19.1650390625 40.83251953125 1817284
71.533203125 19.1650390625 40.83251953125 1817399
-35.888671875 -10.7421875 -27.099609375 1817399
-35.888671875 -10.7421875 -27.099609375 1817400
-35.888671875 -10.7421875 -27.099609375 1817401
-35.888671875 -10.7421875 -27.099609375 1817402
-50.4150390625 30.45654296875 -31.43310546875 1817472
-50.4150390625 30.45654296875 -31.43310546875 1817584
31.6162109375 -22.705078125 36.7431640625 1817584
31.6162109375 -22.705078125 36.7431640625 1817585
31.6162109375 -22.705078125 36.7431640625 1817586
31.6162109375 -22.705078125 36.7431640625 1817587
31.6162109375 -22.705078125 36.7431640625 1817686
-49.31640625 17.27294921875 -34.5458984375 1817687
-49.31640625 17.27294921875 -34.5458984375 1817688
-49.31640625 17.27294921875 -34.5458984375 1817689
-49.31640625 17.27294921875 -34.5458984375 1817690
-49.31640625 17.27294921875 -34.5458984375 1817788
27.89306640625 -28.1982421875 36.0107421875 1817789
27.89306640625 -28.1982421875 36.0107421875 1817790
27.89306640625 -28.1982421875 36.0107421875 1817791
27.89306640625 -28.1982421875 36.0107421875 1817792
27.89306640625 -28.1982421875 36.0107421875 1817890
43.0908203125 13.73291015625 -27.64892578125 1817891
43.0908203125 13.73291015625 -27.64892578125 1817891
43.0908203125 13.73291015625 -27.64892578125 1817892
43.0908203125 13.73291015625 -27.64892578125 1817893
-51.81884765625 11.1083984375 29.72412109375 1817973
-51.81884765625 11.1083984375 29.72412109375 1818082
62.56103515625 -9.33837890625 -6.77490234375 1818083
62.56103515625 -9.33837890625 -6.77490234375 1818084
62.56103515625 -9.33837890625 -6.77490234375 1818085
62.56103515625 -9.33837890625 -6.77490234375 1818086
62.56103515625 -9.33837890625 -6.77490234375 1818184
-63.96484375 10.986328125 -9.21630859375 1818185
-63.96484375 10.986328125 -9.21630859375 1818186
-63.96484375 10.986328125 -9.21630859375 1818187
-63.96484375 10.986328125 -9.21630859375 1818188
-63.96484375 10.986328125 -9.21630859375 1818288
13.5498046875 -0.8544921875 17.333984375 1818289
13.5498046875 -0.8544921875 17.333984375 1818290
13.5498046875 -0.8544921875 17.333984375 1818290
13.5498046875 -0.8544921875 17.333984375 1818291
13.5498046875 -0.8544921875 17.333984375 1818390
10.55908203125 8.23974609375 -12.87841796875 1818390
10.55908203125 8.23974609375 -12.87841796875 1818391
10.55908203125 8.23974609375 -12.87841796875 1818392
10.55908203125 8.23974609375 -12.87841796875 1818393
10.55908203125 8.23974609375 -12.87841796875 1818492
-54.3212890625 2.0751953125 12.75634765625 1818493
-54.3212890625 2.0751953125 12.75634765625 1818494
-54.3212890625 2.0751953125 12.75634765625 1818495
-54.3212890625 2.0751953125 12.75634765625 1818496
75.25634765625 8.85009765625 -29.23583984375 1818569
75.25634765625 8.85009765625 -29.23583984375 1818681
-52.8564453125 -1.89208984375 10.7421875 1818682
-52.8564453125 -1.89208984375 10.7421875 1818683
-52.8564453125 -1.89208984375 10.7421875 1818684
-52.8564453125 -1.89208984375 10.7421875 1818685
-52.8564453125 -1.89208984375 10.7421875 1818784
-1.89208984375 5.7373046875 13.7939453125 1818785
-1.89208984375 5.7373046875 13.7939453125 1818786
-1.89208984375 5.7373046875 13.7939453125 1818786
-1.89208984375 5.7373046875 13.7939453125 1818787
-1.89208984375 5.7373046875 13.7939453125 1818886
54.5654296875 -1.15966796875 -7.8125 1818887
54.5654296875 -1.15966796875 -7.8125 1818888
54.5654296875 -1.15966796875 -7.8125 1818888
54.5654296875 -1.15966796875 -7.8125 1818889
-59.38720703125 12.6953125 -3.5400390625 1818985
-59.38720703125 12.6953125 -3.5400390625 1819089
41.56494140625 5.0048828125 6.591796875 1819090
41.56494140625 5.0048828125 6.591796875 1819091
41.56494140625 5.0048828125 6.591796875 1819092
41.56494140625 5.0048828125 6.591796875 1819093
41.56494140625 5.0048828125 6.591796875 1819191
-24.0478515625 0.42724609375 27.89306640625 1819192
-24.0478515625 0.42724609375 27.89306640625 1819192
-24.0478515625 0.42724609375 27.89306640625 1819193
-24.0478515625 0.42724609375 27.89306640625 1819194
-24.0478515625 0.42724609375 27.89306640625 1819513
-7.2021484375 29.9072265625 -2.50244140625 1819514
-7.2021484375 29.9072265625 -2.50244140625 1819514
-7.2021484375 29.9072265625 -2.50244140625 1819515
-7.2021484375 29.9072265625 -2.50244140625 1819516
3.0517578125 -6.7138671875 -9.58251953125 1819517
-7.62939453125 34.24072265625 1.89208984375 1819517
-1.953125 -2.3193359375 -21.6064453125 1819591
-1.953125 -2.3193359375 -21.6064453125 1819683
-7.080078125 -8.60595703125 -1.220703125 1819683
-7.080078125 -8.60595703125 -1.220703125 1819684
-7.080078125 -8.60595703125 -1.220703125 1819685
-7.080078125 -8.60595703125 -1.220703125 1819685
-7.080078125 -8.60595703125 -1.220703125 1819817
18.06640625 2.25830078125 -13.7939453125 1819819
18.06640625 2.25830078125 -13.7939453125 1819820
18.06640625 2.25830078125 -13.7939453125 1819821
18.06640625 2.25830078125 -13.7939453125 1819822
-0.91552734375 -43.5791015625 -21.8505859375 1819911
-0.91552734375 -43.5791015625 -21.8505859375 1820007
-32.40966796875 17.578125 1.03759765625 1820008
-32.40966796875 17.578125 1.03759765625 1820009
-32.40966796875 17.578125 1.03759765625 1820010
-32.40966796875 17.578125 1.03759765625 1820011
94.42138671875 -5.9814453125 -34.11865234375 1820074
94.42138671875 -5.9814453125 -34.11865234375 1820213
2.50244140625 20.81298828125 -54.87060546875 1820214
2.50244140625 20.81298828125 -54.87060546875 1820215
2.50244140625 20.81298828125 -54.87060546875 1820215
2.50244140625 20.81298828125 -54.87060546875 1820216
2.50244140625 20.81298828125 -54.87060546875 1820343
8.60595703125 9.6435546875 15.19775390625 1820344
8.60595703125 9.6435546875 15.19775390625 1820346
8.60595703125 9.6435546875 15.19775390625 1820347
8.60595703125 9.6435546875 15.19775390625 1820347
36.56005859375 -2.5634765625 -6.9580078125 1820384
36.56005859375 -2.5634765625 -6.9580078125 1820492
-46.56982421875 -14.16015625 -8.056640625 1820493
-46.56982421875 -14.16015625 -8.056640625 1820494
-46.56982421875 -14.16015625 -8.056640625 1820495
-46.56982421875 -14.16015625 -8.056640625 1820495
51.8798828125 -8.48388671875 4.69970703125 1820585
51.8798828125 -8.48388671875 4.69970703125 1820674
-10.3759765625 -11.474609375 8.6669921875 1820674
-10.3759765625 -11.474609375 8.6669921875 1820675
-10.3759765625 -11.474609375 8.6669921875 1820676
-10.3759765625 -11.474609375 8.6669921875 1820677
-10.3759765625 -11.474609375 8.6669921875 1820781
20.5078125 17.9443359375 9.46044921875 1820782
20.5078125 17.9443359375 9.46044921875 1820782
20.5078125 17.9443359375 9.46044921875 1820783
20.5078125 17.9443359375 9.46044921875 1820784
20.5078125 17.9443359375 9.46044921875 1820885
21.97265625 -13.48876953125 2.86865234375 1820886
21.97265625 -13.48876953125 2.86865234375 1820887
21.97265625 -13.48876953125 2.86865234375 1820888
21.97265625 -13.48876953125 2.86865234375 1820888
-15.68603515625 -8.30078125 -1.64794921875 1820982
-15.68603515625 -8.30078125 -1.64794921875 1821085
2.8076171875 -9.1552734375 72.8759765625 1821086
2.8076171875 -9.1552734375 72.8759765625 1821086
2.8076171875 -9.1552734375 72.8759765625 1821087
2.8076171875 -9.1552734375 72.8759765625 1821088
2.8076171875 -9.1552734375 72.8759765625 1821264
15.07568359375 15.2587890625 -55.908203125 1821265
15.07568359375 15.2587890625 -55.908203125 1821266
15.07568359375 15.2587890625 -55.908203125 1821267
15.07568359375 15.2587890625 -55.908203125 1821286
-66.650390625 -24.0478515625 29.296875 1821298
-66.650390625 -24.0478515625 29.296875 1821369
30.09033203125 4.39453125 13.671875 1821370
30.09033203125 4.39453125 13.671875 1821370
30.09033203125 4.39453125 13.671875 1821371
30.09033203125 4.39453125 13.671875 1821372
30.09033203125 4.39453125 13.671875 1821481
-6.8359375 22.94921875 -44.0673828125 1821482
-6.8359375 22.94921875 -44.0673828125 1821483
-6.8359375 22.94921875 -44.0673828125 1821484
-6.8359375 22.94921875 -44.0673828125 1821484
-6.8359375 22.94921875 -44.0673828125 1821583
-45.41015625 -11.04736328125 37.78076171875 1821584
-45.41015625 -11.04736328125 37.78076171875 1821585
-45.41015625 -11.04736328125 37.78076171875 1821586
-45.41015625 -11.04736328125 37.78076171875 1821587
-45.41015625 -11.04736328125 37.78076171875 1821685
21.78955078125 -17.822265625 11.3525390625 1821701
21.78955078125 -17.822265625 11.3525390625 1821702
21.78955078125 -17.822265625 11.3525390625 1821703
21.78955078125 -17.822265625 11.3525390625 1821703
21.78955078125 -17.822265625 11.3525390625 1821791
-31.25 25.20751953125 -54.38232421875 1821792
11.41357421875 -18.1884765625 62.07275390625 1821868
11.41357421875 -18.1884765625 62.07275390625 1821869
11.41357421875 -18.1884765625 62.07275390625 1821870
11.41357421875 -18.1884765625 62.07275390625 1821870
11.41357421875 -18.1884765625 62.07275390625 1821979
9.58251953125 13.5498046875 -21.728515625 1821980
9.58251953125 13.5498046875 -21.728515625 1821981
9.58251953125 13.5498046875 -21.728515625 1821982
9.58251953125 13.5498046875 -21.728515625 1821983
9.58251953125 13.5498046875 -21.728515625 1822095
-19.59228515625 3.90625 3.11279296875 1822097
-19.59228515625 3.90625 3.11279296875 1822098
-19.59228515625 3.90625 3.11279296875 1822098
-19.59228515625 3.90625 3.11279296875 1822099
39.9169921875 -12.75634765625 28.74755859375 1822194
39.9169921875 -12.75634765625 28.74755859375 1822319
-60.60791015625 10.31494140625 -50.84228515625 1822320
-60.60791015625 10.31494140625 -50.84228515625 1822321
-60.60791015625 10.31494140625 -50.84228515625 1822321
-60.60791015625 10.31494140625 -50.84228515625 1822322
29.6630859375 12.14599609375 33.0810546875 1822368
29.6630859375 12.14599609375 33.0810546875 1822486
37.353515625 6.4697265625 -17.63916015625 1822487
37.353515625 6.4697265625 -17.63916015625 1822487
37.353515625 6.4697265625 -17.63916015625 1822488
37.353515625 6.4697265625 -17.63916015625 1822489
-86.12060546875 -5.31005859375 20.5078125 1822583
-86.12060546875 -5.31005859375 20.5078125 1822706
67.5048828125 9.58251953125 -22.64404296875 1822707
67.5048828125 9.58251953125 -22.64404296875 1822708
67.5048828125 9.58251953125 -22.64404296875 1822709
67.5048828125 9.58251953125 -22.64404296875 1822709
67.5048828125 9.58251953125 -22.64404296875 1822831
-61.1572265625 11.29150390625 -24.59716796875 1822832
-61.1572265625 11.29150390625 -24.59716796875 1822833
-61.1572265625 11.29150390625 -24.59716796875 1822834
-61.1572265625 11.29150390625 -24.59716796875 1822835
28.86962890625 -15.7470703125 36.376953125 1822891
28.86962890625 -15.7470703125 36.376953125 1823023
36.68212890625 14.34326171875 -29.541015625 1823024
36.68212890625 14.34326171875 -29.541015625 1823025
36.68212890625 14.34326171875 -29.541015625 1823025
36.68212890625 14.34326171875 -29.541015625 1823026
-57.7392578125 -1.8310546875 22.52197265625 1823106
-57.7392578125 -1.8310546875 22.52197265625 1823184
57.9833984375 -5.18798828125 -11.1083984375 1823185
57.9833984375 -5.18798828125 -11.1083984375 1823185
57.9833984375 -5.18798828125 -11.1083984375 1823186
57.9833984375 -5.18798828125 -11.1083984375 1823187
57.9833984375 -5.18798828125 -11.1083984375 1823301
-76.47705078125 1.953125 -14.22119140625 1823302
-76.47705078125 1.953125 -14.22119140625 1823303
-76.47705078125 1.953125 -14.22119140625 1823306
-76.47705078125 1.953125 -14.22119140625 1823307
64.208984375 7.4462890625 29.11376953125 1823400
64.208984375 7.4462890625 29.11376953125 1823471
2.197265625 5.31005859375 -31.73828125 1823473
2.197265625 5.31005859375 -31.73828125 1823473
2.197265625 5.31005859375 -31.73828125 1823474
2.197265625 5.31005859375 -31.73828125 1823475
2.197265625 5.31005859375 -31.73828125 1823587
-49.49951171875 8.9111328125 14.34326171875 1823588
-49.49951171875 8.9111328125 14.34326171875 1823589
-49.49951171875 8.9111328125 14.34326171875 1823590
-49.49951171875 8.9111328125 14.34326171875 1823590
74.27978515625 9.1552734375 -31.67724609375 1823686
74.27978515625 9.1552734375 -31.67724609375 1823788
-79.04052734375 -5.06591796875 10.986328125 1823789
-79.04052734375 -5.06591796875 10.986328125 1823789
-79.04052734375 -5.06591796875 10.986328125 1823790
-79.04052734375 -5.06591796875 10.986328125 1823791
69.15283203125 7.2021484375 -11.5966796875 1823874
69.15283203125 7.2021484375 -11.5966796875 1823984
-37.353515625 -3.84521484375 -5.18798828125 1823985
-37.353515625 -3.84521484375 -5.18798828125 1823986
-37.353515625 -3.84521484375 -5.18798828125 1823987
-37.353515625 -3.84521484375 -5.18798828125 1823988
-37.353515625 -3.84521484375 -5.18798828125 1824086
-22.5830078125 20.69091796875 -2.74658203125 1824087
-22.5830078125 20.69091796875 -2.74658203125 1824088
-22.5830078125 20.69091796875 -2.74658203125 1824091
-22.5830078125 20.69091796875 -2.74658203125 1824092
-22.5830078125 20.69091796875 -2.74658203125 1824188
15.380859375 -0.1220703125 -5.43212890625 1824189
15.380859375 -0.1220703125 -5.43212890625 1824190
15.380859375 -0.1220703125 -5.43212890625 1824191
15.380859375 -0.1220703125 -5.43212890625 1824192
15.380859375 -0.1220703125 -5.43212890625 1824291
-47.54638671875 19.83642578125 -27.52685546875 1824292
-47.54638671875 19.83642578125 -27.52685546875 1824292
-47.54638671875 19.83642578125 -27.52685546875 1824293
-47.54638671875 19.83642578125 -27.52685546875 1824294
0.244140625 -36.376953125 14.22119140625 1824369
0.244140625 -36.376953125 14.22119140625 1824480
2.13623046875 23.681640625 -16.845703125 1824481
2.13623046875 23.681640625 -16.845703125 1824481
2.13623046875 23.681640625 -16.845703125 1824482
2.13623046875 23.681640625 -16.845703125 1824483
2.13623046875 23.681640625 -16.845703125 1824582
15.80810546875 -7.14111328125 17.88330078125 1824583
15.80810546875 -7.14111328125 17.88330078125 1824584
15.80810546875 -7.14111328125 17.88330078125 1824585
15.80810546875 -7.14111328125 17.88330078125 1824586
15.80810546875 -7.14111328125 17.88330078125 1824694
10.986328125 1.220703125 -16.9677734375 1824696
10.986328125 1.220703125 -16.9677734375 1824697
10.986328125 1.220703125 -16.9677734375 1824698
10.986328125 1.220703125 -16.9677734375 1824699
-32.71484375 14.0380859375 9.70458984375 1824787
-32.71484375 14.0380859375 9.70458984375 1824933
18.85986328125 -1.953125 -12.0849609375 1824934
18.85986328125 -1.953125 -12.0849609375 1824935
18.85986328125 -1.953125 -12.0849609375 1824936
18.85986328125 -1.953125 -12.0849609375 1824937
-23.8037109375 5.859375 -2.38037109375 1824978
-23.8037109375 5.859375 -2.38037109375 1825088
9.6435546875 -0.9765625 7.99560546875 1825089
9.6435546875 -0.9765625 7.99560546875 1825090
9.6435546875 -0.9765625 7.99560546875 1825091
9.6435546875 -0.9765625 7.99560546875 1825092
9.6435546875 -0.9765625 7.99560546875 1825191
2.62451171875 0.244140625 2.5634765625 1825192
2.62451171875 0.244140625 2.5634765625 1825193
2.62451171875 0.244140625 2.5634765625 1825194
2.62451171875 0.244140625 2.5634765625 1825195
2.62451171875 0.244140625 2.5634765625 1825325
-18.85986328125 14.83154296875 4.638671875 1825327
-18.85986328125 14.83154296875 4.638671875 1825327
-18.85986328125 14.83154296875 4.638671875 1825328
-18.85986328125 14.83154296875 4.638671875 1825329
7.99560546875 12.3291015625 -16.66259765625 1825391
7.99560546875 12.3291015625 -16.66259765625 1825556
-17.08984375 20.44677734375 2.99072265625 1825558
-17.08984375 20.44677734375 2.99072265625 1825559
-17.08984375 20.44677734375 2.99072265625 1825560
-17.08984375 20.44677734375 2.99072265625 1825560
-1.220703125 -18.49365234375 -8.544921875 1825580
-1.220703125 -18.49365234375 -8.544921875 1825692
-12.75634765625 -16.29638671875 3.7841796875 1825693
-12.75634765625 -16.29638671875 3.7841796875 1825694
-12.75634765625 -16.29638671875 3.7841796875 1825695
-12.75634765625 -16.29638671875 3.7841796875 1825696
27.587890625 2.44140625 28.38134765625 1825790
27.587890625 2.44140625 28.38134765625 1825899
38.6962890625 -1.77001953125 -39.0625 1825900
38.6962890625 -1.77001953125 -39.0625 1825900
38.6962890625 -1.77001953125 -39.0625 1825901
38.6962890625 -1.77001953125 -39.0625 1825902
-60.11962890625 -10.55908203125 25.57373046875 1825995
-60.11962890625 -10.55908203125 25.57373046875 1826093
75.98876953125 23.8037109375 -41.9921875 1826094
75.98876953125 23.8037109375 -41.9921875 1826111
75.98876953125 23.8037109375 -41.9921875 1826112
75.98876953125 23.8037109375 -41.9921875 1826113
-38.26904296875 -5.92041015625 -8.6669921875 1826168
-38.26904296875 -5.92041015625 -8.6669921875 1826280
17.02880859375 4.45556640625 25.0244140625 1826281
17.02880859375 4.45556640625 25.0244140625 1826281
17.02880859375 4.45556640625 25.0244140625 1826282
17.02880859375 4.45556640625 25.0244140625 1826283
17.02880859375 4.45556640625 25.0244140625 1826382
34.0576171875 11.962890625 -32.16552734375 1826383
34.0576171875 11.962890625 -32.16552734375 1826383
34.0576171875 11.962890625 -32.16552734375 1826384
34.0576171875 11.962890625 -32.16552734375 1826385
34.0576171875 11.962890625 -32.16552734375 1826484
-70.068359375 -14.46533203125 6.40869140625 1826485
-70.068359375 -14.46533203125 6.40869140625 1826486
-70.068359375 -14.46533203125 6.40869140625 1826486
-70.068359375 -14.46533203125 6.40869140625 1826487
-70.068359375 -14.46533203125 6.40869140625 1826588
58.7158203125 11.41357421875 -10.009765625 1826588
58.7158203125 11.41357421875 -10.009765625 1826588
58.7158203125 11.41357421875 -10.009765625 1826589
58.7158203125 11.41357421875 -10.009765625 1826589
58.7158203125 11.41357421875 -10.009765625 1826690
-43.0908203125 16.29638671875 -24.96337890625 1826691
-43.0908203125 16.29638671875 -24.96337890625 1826691
-43.0908203125 16.29638671875 -24.96337890625 1826692
-43.0908203125 16.29638671875 -24.96337890625 1826692
48.64501953125 -16.90673828125 0.42724609375 1826770
48.64501953125 -16.90673828125 0.42724609375 1826882
32.04345703125 4.57763671875 -0.42724609375 1826883
32.04345703125 4.57763671875 -0.42724609375 1826884
32.04345703125 4.57763671875 -0.42724609375 1826884
32.04345703125 4.57763671875 -0.42724609375 1826885
32.04345703125 4.57763671875 -0.42724609375 1826987
-56.45751953125 -19.10400390625 -0.30517578125 1826988
-56.45751953125 -19.10400390625 -0.30517578125 1826989
-56.45751953125 -19.10400390625 -0.30517578125 1826990
-56.45751953125 -19.10400390625 -0.30517578125 1826990
61.767578125 2.99072265625 -27.77099609375 1827074
61.767578125 2.99072265625 -27.77099609375 1827180
-44.37255859375 -4.8828125 12.87841796875 1827181
-44.37255859375 -4.8828125 12.87841796875 1827182
-44.37255859375 -4.8828125 12.87841796875 1827183
-44.37255859375 -4.8828125 12.87841796875 1827184
-44.37255859375 -4.8828125 12.87841796875 1827282
42.236328125 9.033203125 -23.74267578125 1827283
42.236328125 9.033203125 -23.74267578125 1827284
42.236328125 9.033203125 -23.74267578125 1827285
42.236328125 9.033203125 -23.74267578125 1827286
42.236328125 9.033203125 -23.74267578125 1827385
-3.84521484375 2.25830078125 -5.0048828125 1827386
-3.84521484375 2.25830078125 -5.0048828125 1827386
-3.84521484375 2.25830078125 -5.0048828125 1827387
-3.84521484375 2.25830078125 -5.0048828125 1827388
-3.84521484375 2.25830078125 -5.0048828125 1827487
-10.009765625 -16.9677734375 19.95849609375 1827488
-10.009765625 -16.9677734375 19.95849609375 1827489
-10.009765625 -16.9677734375 19.95849609375 1827490
-10.009765625 -16.9677734375 19.95849609375 1827492
-10.009765625 -16.9677734375 19.95849609375 1827589
24.71923828125 8.056640625 -20.3857421875 1827590
24.71923828125 8.056640625 -20.3857421875 1827591
24.71923828125 8.056640625 -20.3857421875 1827592
24.71923828125 8.056640625 -20.3857421875 1827593
24.71923828125 8.056640625 -20.3857421875 1827713
-13.12255859375 -6.53076171875 -6.53076171875 1827714
-13.12255859375 -6.53076171875 -6.53076171875 1827715
-13.12255859375 -6.53076171875 -6.53076171875 1827716
-13.12255859375 -6.53076171875 -6.53076171875 1827717
33.75244140625 12.8173828125 -13.427734375 1827782
33.75244140625 12.8173828125 -13.427734375 1827885
-9.94873046875 -10.55908203125 5.55419921875 1827886
-9.94873046875 -10.55908203125 5.55419921875 1827886
-9.94873046875 -10.55908203125 5.55419921875 1827887
-9.94873046875 -10.55908203125 5.55419921875 1827888
-9.94873046875 -10.55908203125 5.55419921875 1827987
-21.66748046875 -10.55908203125 33.69140625 1827988
-21.66748046875 -10.55908203125 33.69140625 1827989
-21.66748046875 -10.55908203125 33.69140625 1827990
-21.66748046875 -10.55908203125 33.69140625 1828003
-21.66748046875 -10.55908203125 33.69140625 1828089
29.052734375 29.296875 -26.611328125 1828090
29.052734375 29.296875 -26.611328125 1828091
29.052734375 29.296875 -26.611328125 1828091
29.052734375 29.296875 -26.611328125 1828092
-29.052734375 -12.3291015625 8.97216796875 1828168
-29.052734375 -12.3291015625 8.97216796875 1828280
-20.99609375 -11.8408203125 55.2978515625 1828281
-20.99609375 -11.8408203125 55.2978515625 1828283
-20.99609375 -11.8408203125 55.2978515625 1828284
-20.99609375 -11.8408203125 55.2978515625 1828285
-20.99609375 -11.8408203125 55.2978515625 1828382
24.84130859375 27.40478515625 -55.7861328125 1828383
24.84130859375 27.40478515625 -55.7861328125 1828384
24.84130859375 27.40478515625 -55.7861328125 1828385
24.84130859375 27.40478515625 -55.7861328125 1828386
24.84130859375 27.40478515625 -55.7861328125 1828485
-61.34033203125 -41.8701171875 67.07763671875 1828486
-61.34033203125 -41.8701171875 67.07763671875 1828488
-61.34033203125 -41.8701171875 67.07763671875 1828489
-61.34033203125 -41.8701171875 67.07763671875 1828491
-61.34033203125 -41.8701171875 67.07763671875 1828587
28.74755859375 15.19775390625 -49.01123046875 1828589
28.74755859375 15.19775390625 -49.01123046875 1828590
28.74755859375 15.19775390625 -49.01123046875 1828592
28.74755859375 15.19775390625 -49.01123046875 1828593
28.74755859375 15.19775390625 -49.01123046875 1828690
-31.005859375 -1.28173828125 34.24072265625 1828691
-31.005859375 -1.28173828125 34.24072265625 1828693
-31.005859375 -1.28173828125 34.24072265625 1828694
-31.005859375 -1.28173828125 34.24072265625 1828695
-17.822265625 -32.71484375 19.775390625 1828768
-17.822265625 -32.71484375 19.775390625 1828880
4.0283203125 21.54541015625 -33.50830078125 1828881
4.0283203125 21.54541015625 -33.50830078125 1828883
4.0283203125 21.54541015625 -33.50830078125 1828884
4.0283203125 21.54541015625 -33.50830078125 1828885
11.23046875 17.9443359375 -6.103515625 1828970
11.23046875 17.9443359375 -6.103515625 1829080
-42.8466796875 -29.052734375 32.28759765625 1829081
-42.8466796875 -29.052734375 32.28759765625 1829082
-42.8466796875 -29.052734375 32.28759765625 1829084
-42.8466796875 -29.052734375 32.28759765625 1829085
-42.8466796875 -29.052734375 32.28759765625 1829183
27.7099609375 10.7421875 -0.18310546875 1829184
27.7099609375 10.7421875 -0.18310546875 1829185
27.7099609375 10.7421875 -0.18310546875 1829186
27.7099609375 10.7421875 -0.18310546875 1829188
27.7099609375 10.7421875 -0.18310546875 1829286
-43.39599609375 12.451171875 -35.82763671875 1829287
-43.39599609375 12.451171875 -35.82763671875 1829288
-43.39599609375 12.451171875 -35.82763671875 1829289
-43.39599609375 12.451171875 -35.82763671875 1829291
-43.39599609375 12.451171875 -35.82763671875 1829388
34.66796875 -4.08935546875 34.24072265625 1829389
34.66796875 -4.08935546875 34.24072265625 1829390
34.66796875 -4.08935546875 34.24072265625 1829392
34.66796875 -4.08935546875 34.24072265625 1829393
34.66796875 -4.08935546875 34.24072265625 1829490
2.13623046875 9.94873046875 -13.61083984375 1829491
2.13623046875 9.94873046875 -13.61083984375 1829492
2.13623046875 9.94873046875 -13.61083984375 1829494
2.13623046875 9.94873046875 -13.61083984375 1829495
-11.71875 4.94384765625 19.10400390625 1829568
-11.71875 4.94384765625 19.10400390625 1829679
33.99658203125 -5.06591796875 -8.056640625 1829680
33.99658203125 -5.06591796875 -8.056640625 1829681
33.99658203125 -5.06591796875 -8.056640625 1829682
33.99658203125 -5.06591796875 -8.056640625 1829683
33.99658203125 -5.06591796875 -8.056640625 1829781
-62.1337890625 12.26806640625 -24.96337890625 1829782
-62.1337890625 12.26806640625 -24.96337890625 1829783
-62.1337890625 12.26806640625 -24.96337890625 1829784
-62.1337890625 12.26806640625 -24.96337890625 1829784
-62.1337890625 12.26806640625 -24.96337890625 1829884
46.56982421875 -10.07080078125 18.6767578125 1829885
46.56982421875 -10.07080078125 18.6767578125 1829887
46.56982421875 -10.07080078125 18.6767578125 1829888
46.56982421875 -10.07080078125 18.6767578125 1829889
46.56982421875 -10.07080078125 18.6767578125 1829986
-12.75634765625 5.06591796875 -25.69580078125 1829987
-12.75634765625 5.06591796875 -25.69580078125 1829988
-12.75634765625 5.06591796875 -25.69580078125 1829988
-12.75634765625 5.06591796875 -25.69580078125 1830088
5.2490234375 7.50732421875 21.97265625 1830089
5.2490234375 7.50732421875 21.97265625 1830090
5.2490234375 7.50732421875 21.97265625 1830091
5.2490234375 7.50732421875 21.97265625 1830092
5.2490234375 7.50732421875 21.97265625 1830190
31.18896484375 -9.46044921875 23.98681640625 1830191
31.18896484375 -9.46044921875 23.98681640625 1830192
31.18896484375 -9.46044921875 23.98681640625 1830193
31.18896484375 -9.46044921875 23.98681640625 1830194
-69.9462890625 1.8310546875 -50.23193359375 1830273
-69.9462890625 1.8310546875 -50.23193359375 1830376
68.05419921875 6.65283203125 28.38134765625 1830377
68.05419921875 6.65283203125 28.38134765625 1830378
68.05419921875 6.65283203125 28.38134765625 1830379
68.05419921875 6.65283203125 28.38134765625 1830381
68.05419921875 6.65283203125 28.38134765625 1830478
-48.03466796875 0.30517578125 -55.908203125 1830479
-48.03466796875 0.30517578125 -55.908203125 1830480
-48.03466796875 0.30517578125 -55.908203125 1830481
-48.03466796875 0.30517578125 -55.908203125 1830482
-48.03466796875 0.30517578125 -55.908203125 1830581
44.0673828125 1.5869140625 55.17578125 1830582
44.0673828125 1.5869140625 55.17578125 1830583
44.0673828125 1.5869140625 55.17578125 1830584
44.0673828125 1.5869140625 55.17578125 1830585
44.0673828125 1.5869140625 55.17578125 1830683
34.48486328125 27.03857421875 -23.0712890625 1830684
34.48486328125 27.03857421875 -23.0712890625 1830685
34.48486328125 27.03857421875 -23.0712890625 1830685
34.48486328125 27.03857421875 -23.0712890625 1830686
34.48486328125 27.03857421875 -23.0712890625 1830786
-62.1337890625 -21.05712890625 -19.59228515625 1830787
-62.1337890625 -21.05712890625 -19.59228515625 1830788
-62.1337890625 -21.05712890625 -19.59228515625 1830789
-62.1337890625 -21.05712890625 -19.59228515625 1830792
-62.1337890625 -21.05712890625 -19.59228515625 1830889
59.9365234375 10.986328125 22.64404296875 1830890
59.9365234375 10.986328125 22.64404296875 1830891
59.9365234375 10.986328125 22.64404296875 1830891
59.9365234375 10.986328125 22.64404296875 1830892
-56.45751953125 -7.080078125 -18.98193359375 1830967
-56.45751953125 -7.080078125 -18.98193359375 1831078
31.73828125 16.2353515625 1.77001953125 1831079
31.73828125 16.2353515625 1.77001953125 1831080
31.73828125 16.2353515625 1.77001953125 1831083
31.73828125 16.2353515625 1.77001953125 1831084
31.73828125 16.2353515625 1.77001953125 1831181
49.62158203125 1.89208984375 -15.13671875 1831182
49.62158203125 1.89208984375 -15.13671875 1831183
49.62158203125 1.89208984375 -15.13671875 1831184
49.62158203125 1.89208984375 -15.13671875 1831185
49.62158203125 1.89208984375 -15.13671875 1831283
-67.32177734375 -11.1083984375 5.37109375 1831284
-67.32177734375 -11.1083984375 5.37109375 1831285
-67.32177734375 -11.1083984375 5.37109375 1831286
-67.32177734375 -11.1083984375 5.37109375 1831287
-67.32177734375 -11.1083984375 5.37109375 1831385
64.51416015625 6.2255859375 -1.15966796875 1831386
64.51416015625 6.2255859375 -1.15966796875 1831387
64.51416015625 6.2255859375 -1.15966796875 1831389
64.51416015625 6.2255859375 -1.15966796875 1831390
64.51416015625 6.2255859375 -1.15966796875 1831489
-69.39697265625 3.5400390625 -45.8984375 1831490
-69.39697265625 3.5400390625 -45.8984375 1831491
-69.39697265625 3.5400390625 -45.8984375 1831493
-69.39697265625 3.5400390625 -45.8984375 1831494
51.33056640625 -6.9580078125 57.6171875 1831567
51.33056640625 -6.9580078125 57.6171875 1831678
19.6533203125 1.0986328125 -30.3955078125 1831679
19.6533203125 1.0986328125 -30.3955078125 1831680
19.6533203125 1.0986328125 -30.3955078125 1831680
19.6533203125 1.0986328125 -30.3955078125 1831681
19.6533203125 1.0986328125 -30.3955078125 1831780
-77.08740234375 6.16455078125 -3.11279296875 1831781
-77.08740234375 6.16455078125 -3.11279296875 1831782
-77.08740234375 6.16455078125 -3.11279296875 1831784
-77.08740234375 6.16455078125 -3.11279296875 1831784
-77.08740234375 6.16455078125 -3.11279296875 1831883
72.021484375 -8.11767578125 20.8740234375 1831884
72.021484375 -8.11767578125 20.8740234375 1831907
72.021484375 -8.11767578125 20.8740234375 1831908
72.021484375 -8.11767578125 20.8740234375 1831910
72.021484375 -8.11767578125 20.8740234375 1831986
-91.00341796875 -1.03759765625 -21.66748046875 1831987
-91.00341796875 -1.03759765625 -21.66748046875 1831990
-91.00341796875 -1.03759765625 -21.66748046875 1832103
42.48046875 3.96728515625 24.0478515625 1832104
42.48046875 3.96728515625 24.0478515625 1832105
42.48046875 3.96728515625 24.0478515625 1832106
42.48046875 3.96728515625 24.0478515625 1832107
12.451171875 6.7138671875 -23.193359375 1832166
12.451171875 6.7138671875 -23.193359375 1832278
-71.35009765625 7.26318359375 0.79345703125 1832279
-71.35009765625 7.26318359375 0.79345703125 1832280
-71.35009765625 7.26318359375 0.79345703125 1832281
-71.35009765625 7.26318359375 0.79345703125 1832282
-71.35009765625 7.26318359375 0.79345703125 1832381
53.466796875 -7.14111328125 4.57763671875 1832382
53.466796875 -7.14111328125 4.57763671875 1832383
53.466796875 -7.14111328125 4.57763671875 1832384
53.466796875 -7.14111328125 4.57763671875 1832387
53.466796875 -7.14111328125 4.57763671875 1832483
-84.9609375 6.53076171875 -16.41845703125 1832484
-84.9609375 6.53076171875 -16.41845703125 1832485
-84.9609375 6.53076171875 -16.41845703125 1832486
-84.9609375 6.53076171875 -16.41845703125 1832488
-84.9609375 6.53076171875 -16.41845703125 1832585
65.673828125 -4.0283203125 -6.9580078125 1832587
65.673828125 -4.0283203125 -6.9580078125 1832588
65.673828125 -4.0283203125 -6.9580078125 1832589
65.673828125 -4.0283203125 -6.9580078125 1832591
65.673828125 -4.0283203125 -6.9580078125 1832713
-9.46044921875 2.50244140625 -1.52587890625 1832714
-9.46044921875 2.50244140625 -1.52587890625 1832715
-9.46044921875 2.50244140625 -1.52587890625 1832716
-9.46044921875 2.50244140625 -1.52587890625 1832717
-6.2255859375 12.51220703125 15.13671875 1832767
-6.2255859375 12.51220703125 15.13671875 1832878
42.6025390625 -5.67626953125 -7.01904296875 1832879
42.6025390625 -5.67626953125 -7.01904296875 1832880
42.6025390625 -5.67626953125 -7.01904296875 1832882
42.6025390625 -5.67626953125 -7.01904296875 1832883
42.6025390625 -5.67626953125 -7.01904296875 1832980
-78.0029296875 10.80322265625 -5.55419921875 1832981
-78.0029296875 10.80322265625 -5.55419921875 1832982
-78.0029296875 10.80322265625 -5.55419921875 1832983
-78.0029296875 10.80322265625 -5.55419921875 1832983
-78.0029296875 10.80322265625 -5.55419921875 1833108
54.62646484375 -5.4931640625 1.708984375 1833109
54.62646484375 -5.4931640625 1.708984375 1833110
54.62646484375 -5.4931640625 1.708984375 1833111
54.62646484375 -5.4931640625 1.708984375 1833112
-39.12353515625 2.0751953125 -14.46533203125 1833186
-39.12353515625 2.0751953125 -14.46533203125 1833288
27.83203125 5.4931640625 11.29150390625 1833289
27.83203125 5.4931640625 11.29150390625 1833290
27.83203125 5.4931640625 11.29150390625 1833292
27.83203125 5.4931640625 11.29150390625 1833293
11.16943359375 2.44140625 -11.16943359375 1833383
11.16943359375 2.44140625 -11.16943359375 1833472
-64.5751953125 5.4931640625 7.26318359375 1833473
-64.5751953125 5.4931640625 7.26318359375 1833474
-64.5751953125 5.4931640625 7.26318359375 1833475
-64.5751953125 5.4931640625 7.26318359375 1833476
-64.5751953125 5.4931640625 7.26318359375 1833578
54.38232421875 0.8544921875 -11.90185546875 1833579
54.38232421875 0.8544921875 -11.90185546875 1833580
54.38232421875 0.8544921875 -11.90185546875 1833581
54.38232421875 0.8544921875 -11.90185546875 1833582
54.38232421875 0.8544921875 -11.90185546875 1833680
-70.1904296875 8.30078125 -6.2255859375 1833681
-70.1904296875 8.30078125 -6.2255859375 1833682
-70.1904296875 8.30078125 -6.2255859375 1833683
-70.1904296875 8.30078125 -6.2255859375 1833684
-70.1904296875 8.30078125 -6.2255859375 1833784
51.20849609375 -10.1318359375 8.4228515625 1833785
51.20849609375 -10.1318359375 8.4228515625 1833786
51.20849609375 -10.1318359375 8.4228515625 1833787
51.20849609375 -10.1318359375 8.4228515625 1833788
51.20849609375 -10.1318359375 8.4228515625 1833886
18.6767578125 7.26318359375 -14.58740234375 1833887
18.6767578125 7.26318359375 -14.58740234375 1833888
18.6767578125 7.26318359375 -14.58740234375 1833889
18.6767578125 7.26318359375 -14.58740234375 1833890
5.31005859375 19.47021484375 -0.1220703125 1833968
5.31005859375 19.47021484375 -0.1220703125 1834079
8.72802734375 -7.568359375 -6.77490234375 1834080
8.72802734375 -7.568359375 -6.77490234375 1834081
8.72802734375 -7.568359375 -6.77490234375 1834082
8.72802734375 -7.568359375 -6.77490234375 1834083
8.72802734375 -7.568359375 -6.77490234375 1834182
-23.13232421875 30.45654296875 0.732421875 1834183
-23.13232421875 30.45654296875 0.732421875 1834184
-23.13232421875 30.45654296875 0.732421875 1834185
-23.13232421875 30.45654296875 0.732421875 1834185
-23.13232421875 30.45654296875 0.732421875 1834284
1.0986328125 0.67138671875 -5.37109375 1834285
1.0986328125 0.67138671875 -5.37109375 1834286
1.0986328125 0.67138671875 -5.37109375 1834287
1.0986328125 0.67138671875 -5.37109375 1834288
1.0986328125 0.67138671875 -5.37109375 1834387
-3.60107421875 5.126953125 1.03759765625 1834388
-3.60107421875 5.126953125 1.03759765625 1834389
-3.60107421875 5.126953125 1.03759765625 1834389
-3.60107421875 5.126953125 1.03759765625 1834390
-3.60107421875 5.126953125 1.03759765625 1834489
-5.67626953125 -9.82666015625 -8.72802734375 1834490
-5.67626953125 -9.82666015625 -8.72802734375 1834491
-5.67626953125 -9.82666015625 -8.72802734375 1834514
-5.67626953125 -9.82666015625 -8.72802734375 1834515
1.52587890625 -7.87353515625 -18.1884765625 1834567
1.52587890625 -7.87353515625 -18.1884765625 1834678
-11.65771484375 -4.7607421875 36.62109375 1834679
-11.65771484375 -4.7607421875 36.62109375 1834680
-11.65771484375 -4.7607421875 36.62109375 1834702
-11.65771484375 -4.7607421875 36.62109375 1834703
-11.65771484375 -4.7607421875 36.62109375 1834780
42.41943359375 15.19775390625 -65.3076171875 1834781
42.41943359375 15.19775390625 -65.3076171875 1834781
42.41943359375 15.19775390625 -65.3076171875 1834782
42.41943359375 15.19775390625 -65.3076171875 1834884
-10.80322265625 -15.68603515625 18.98193359375 1834885
-10.80322265625 -15.68603515625 18.98193359375 1834886
-10.80322265625 -15.68603515625 18.98193359375 1834887
-10.80322265625 -15.68603515625 18.98193359375 1834889
-10.80322265625 -15.68603515625 18.98193359375 1834986
15.9912109375 0.6103515625 -21.17919921875 1834987
15.9912109375 0.6103515625 -21.17919921875 1834990
15.9912109375 0.6103515625 -21.17919921875 1834991
15.9912109375 0.6103515625 -21.17919921875 1834992
15.9912109375 0.6103515625 -21.17919921875 1835088
0.732421875 15.80810546875 -44.98291015625 1835089
0.732421875 15.80810546875 -44.98291015625 1835090
0.732421875 15.80810546875 -44.98291015625 1835091
0.732421875 15.80810546875 -44.98291015625 1835092
5.615234375 -18.37158203125 34.7900390625 1835168
5.615234375 -18.37158203125 34.7900390625 1835280
52.91748046875 26.42822265625 -41.015625 1835281
52.91748046875 26.42822265625 -41.015625 1835282
52.91748046875 26.42822265625 -41.015625 1835284
52.91748046875 26.42822265625 -41.015625 1835285
52.91748046875 26.42822265625 -41.015625 1835383
-28.6865234375 2.01416015625 -4.39453125 1835384
-28.6865234375 2.01416015625 -4.39453125 1835385
-28.6865234375 2.01416015625 -4.39453125 1835386
-28.6865234375 2.01416015625 -4.39453125 1835387
-28.6865234375 2.01416015625 -4.39453125 1835509
28.076171875 -3.35693359375 -21.728515625 1835510
28.076171875 -3.35693359375 -21.728515625 1835511
28.076171875 -3.35693359375 -21.728515625 1835512
28.076171875 -3.35693359375 -21.728515625 1835513
12.451171875 -3.60107421875 -17.76123046875 1835588
12.451171875 -3.60107421875 -17.76123046875 1835671
7.080078125 1.220703125 14.0380859375 1835673
7.080078125 1.220703125 14.0380859375 1835675
7.080078125 1.220703125 14.0380859375 1835676
7.080078125 1.220703125 14.0380859375 1835677
7.080078125 1.220703125 14.0380859375 1835782
27.7099609375 -4.08935546875 -13.12255859375 1835783
27.7099609375 -4.08935546875 -13.12255859375 1835784
27.7099609375 -4.08935546875 -13.12255859375 1835785
27.7099609375 -4.08935546875 -13.12255859375 1835786
27.7099609375 -4.08935546875 -13.12255859375 1835885
-18.1884765625 1.220703125 -13.97705078125 1835886
-18.1884765625 1.220703125 -13.97705078125 1835887
-18.1884765625 1.220703125 -13.97705078125 1835888
-18.1884765625 1.220703125 -13.97705078125 1835889
-18.1884765625 1.220703125 -13.97705078125 1835986
7.6904296875 -8.1787109375 0.8544921875 1835987
7.6904296875 -8.1787109375 0.8544921875 1835988
7.6904296875 -8.1787109375 0.8544921875 1835988
7.6904296875 -8.1787109375 0.8544921875 1835989
7.6904296875 -8.1787109375 0.8544921875 1836090
-0.244140625 0.30517578125 -9.3994140625 1836091
-0.244140625 0.30517578125 -9.3994140625 1836093
-0.244140625 0.30517578125 -9.3994140625 1836094
-0.244140625 0.30517578125 -9.3994140625 1836095
-0.6103515625 7.32421875 16.29638671875 1836167
-0.6103515625 7.32421875 16.29638671875 1836278
8.48388671875 5.0048828125 -29.6630859375 1836279
8.48388671875 5.0048828125 -29.6630859375 1836281
8.48388671875 5.0048828125 -29.6630859375 1836282
8.48388671875 5.0048828125 -29.6630859375 1836283
8.48388671875 5.0048828125 -29.6630859375 1836381
-7.568359375 -3.96728515625 20.93505859375 1836383
-7.568359375 -3.96728515625 20.93505859375 1836384
-7.568359375 -3.96728515625 20.93505859375 1836385
-7.568359375 -3.96728515625 20.93505859375 1836386
-7.568359375 -3.96728515625 20.93505859375 1836483
3.11279296875 -11.8408203125 -24.71923828125 1836484
3.11279296875 -11.8408203125 -24.71923828125 1836485
3.11279296875 -11.8408203125 -24.71923828125 1836486
3.11279296875 -11.8408203125 -24.71923828125 1836487
3.11279296875 -11.8408203125 -24.71923828125 1836586
-17.88330078125 2.9296875 24.71923828125 1836587
-17.88330078125 2.9296875 24.71923828125 1836588
-17.88330078125 2.9296875 24.71923828125 1836589
-17.88330078125 2.9296875 24.71923828125 1836590
19.4091796875 5.18798828125 -32.2265625 1836673
19.4091796875 5.18798828125 -32.2265625 1836776
-13.427734375 -13.3056640625 10.25390625 1836777
-13.427734375 -13.3056640625 10.25390625 1836778
-13.427734375 -13.3056640625 10.25390625 1836779
-13.427734375 -13.3056640625 10.25390625 1836780
-13.427734375 -13.3056640625 10.25390625 1836878
19.10400390625 5.9814453125 -24.4140625 1836879
19.10400390625 5.9814453125 -24.4140625 1836880
19.10400390625 5.9814453125 -24.4140625 1836881
19.10400390625 5.9814453125 -24.4140625 1836882
19.10400390625 5.9814453125 -24.4140625 1836980
2.197265625 -9.70458984375 8.6669921875 1836981
2.197265625 -9.70458984375 8.6669921875 1836982
2.197265625 -9.70458984375 8.6669921875 1836982
2.197265625 -9.70458984375 8.6669921875 1836983
2.197265625 -9.70458984375 8.6669921875 1837083
-3.7841796875 -2.86865234375 -5.67626953125 1837084
-3.7841796875 -2.86865234375 -5.67626953125 1837085
-3.7841796875 -2.86865234375 -5.67626953125 1837086
-3.7841796875 -2.86865234375 -5.67626953125 1837087
-3.7841796875 -2.86865234375 -5.67626953125 1837187
9.58251953125 0.1220703125 -10.25390625 1837188
9.58251953125 0.1220703125 -10.25390625 1837189
9.58251953125 0.1220703125 -10.25390625 1837190
9.58251953125 0.1220703125 -10.25390625 1837191
-8.85009765625 -5.79833984375 7.62939453125 1837279
-8.85009765625 -5.79833984375 7.62939453125 1837400
4.33349609375 2.50244140625 -8.85009765625 1837402
4.33349609375 2.50244140625 -8.85009765625 1837404
4.33349609375 2.50244140625 -8.85009765625 1837405
4.33349609375 2.50244140625 -8.85009765625 1837406
4.33349609375 2.50244140625 -8.85009765625 1837568
-1.46484375 1.40380859375 -4.638671875 1837569
-1.46484375 1.40380859375 -4.638671875 1837570
-1.46484375 1.40380859375 -4.638671875 1837570
-1.46484375 1.40380859375 -4.638671875 1837571
3.0517578125 -6.40869140625 1.89208984375 1837623
3.0517578125 -6.40869140625 1.89208984375 1837687
-5.92041015625 0.54931640625 -13.427734375 1837688
-5.92041015625 0.54931640625 -13.427734375 1837689
-5.92041015625 0.54931640625 -13.427734375 1837690
-5.92041015625 0.54931640625 -13.427734375 1837691
-5.92041015625 0.54931640625 -13.427734375 1837955
6.8359375 9.70458984375 0 1837956
6.8359375 9.70458984375 0 1837957
6.8359375 9.70458984375 0 1837958
6.8359375 9.70458984375 0 1837959
2.62451171875 -1.52587890625 -3.35693359375 1837960
-3.173828125 -3.47900390625 -10.3759765625 1837971
-3.173828125 -3.47900390625 -10.3759765625 1838271
3.35693359375 0.67138671875 3.662109375 1838272
3.35693359375 0.67138671875 3.662109375 1838273
3.35693359375 0.67138671875 3.662109375 1838561
3.35693359375 0.67138671875 3.662109375 1838562
3.35693359375 0.67138671875 3.662109375 1838563
12.939453125 0.79345703125 -11.474609375 1838564
12.939453125 0.79345703125 -11.474609375 1838565
12.939453125 0.79345703125 -11.474609375 1838566
12.939453125 0.79345703125 -11.474609375 1838687
-16.4794921875 -11.90185546875 -9.27734375 1838689
-16.4794921875 -11.90185546875 -9.27734375 1838690
-16.4794921875 -11.90185546875 -9.27734375 1838691
-16.4794921875 -11.90185546875 -9.27734375 1838692
20.20263671875 10.19287109375 -11.8408203125 1838693
-10.80322265625 -14.83154296875 5.7373046875 1838694
-5.18798828125 -2.50244140625 -3.11279296875 1838695
7.62939453125 5.37109375 -4.2724609375 1838708
7.62939453125 5.37109375 -4.2724609375 1838787
-6.8359375 -0.79345703125 1.708984375 1838788
-4.33349609375 -4.5166015625 0.6103515625 1838871
-4.33349609375 -4.5166015625 0.6103515625 1838872
-4.33349609375 -4.5166015625 0.6103515625 1838873
-4.33349609375 -4.5166015625 0.6103515625 1838874
-4.33349609375 -4.5166015625 0.6103515625 1838988
6.2255859375 5.615234375 -5.18798828125 1838989
6.2255859375 5.615234375 -5.18798828125 1838990
6.2255859375 5.615234375 -5.18798828125 1838992
6.2255859375 5.615234375 -5.18798828125 1838993
-4.33349609375 -13.427734375 14.46533203125 1839067
-4.33349609375 -13.427734375 14.46533203125 1839178
-11.41357421875 -7.38525390625 -10.1318359375 1839180
-11.41357421875 -7.38525390625 -10.1318359375 1839181
-11.41357421875 -7.38525390625 -10.1318359375 1839182
-11.41357421875 -7.38525390625 -10.1318359375 1839183
-11.41357421875 -7.38525390625 -10.1318359375 1839280
5.859375 3.11279296875 7.87353515625 1839281
5.859375 3.11279296875 7.87353515625 1839282
5.859375 3.11279296875 7.87353515625 1839283
5.859375 3.11279296875 7.87353515625 1839284
-4.57763671875 -11.04736328125 0.67138671875 1839383
-4.57763671875 -11.04736328125 0.67138671875 1839384
-4.57763671875 -11.04736328125 0.67138671875 1839386
-4.57763671875 -11.04736328125 0.67138671875 1839388
-4.57763671875 -11.04736328125 0.67138671875 1839487
-12.0849609375 -3.47900390625 -11.16943359375 1839488
-12.0849609375 -3.47900390625 -11.16943359375 1839489
-12.0849609375 -3.47900390625 -11.16943359375 1839490
-12.0849609375 -3.47900390625 -11.16943359375 1839491
19.53125 20.01953125 -4.94384765625 1839573
19.53125 20.01953125 -4.94384765625 1839676
-30.8837890625 -24.71923828125 -8.4228515625 1839677
-30.8837890625 -24.71923828125 -8.4228515625 1839678
-30.8837890625 -24.71923828125 -8.4228515625 1839679
-30.8837890625 -24.71923828125 -8.4228515625 1839680
-30.8837890625 -24.71923828125 -8.4228515625 1839829
9.94873046875 10.3759765625 -1.03759765625 1839831
9.94873046875 10.3759765625 -1.03759765625 1839832
9.94873046875 10.3759765625 -1.03759765625 1839833
9.94873046875 10.3759765625 -1.03759765625 1839835
-2.5634765625 -8.36181640625 0.1220703125 1839872
-2.5634765625 -8.36181640625 0.1220703125 1839974
-3.72314453125 2.01416015625 -25.0244140625 1839975
-3.72314453125 2.01416015625 -25.0244140625 1839976
-3.72314453125 2.01416015625 -25.0244140625 1839977
-3.72314453125 2.01416015625 -25.0244140625 1839979
-3.72314453125 2.01416015625 -25.0244140625 1840076
6.4697265625 8.7890625 19.83642578125 1840077
6.4697265625 8.7890625 19.83642578125 1840078
6.4697265625 8.7890625 19.83642578125 1840079
6.4697265625 8.7890625 19.83642578125 1840081
6.4697265625 8.7890625 19.83642578125 1840203
-11.16943359375 -9.6435546875 -23.0712890625 1840205
-11.16943359375 -9.6435546875 -23.0712890625 1840206
-11.16943359375 -9.6435546875 -23.0712890625 1840207
-11.16943359375 -9.6435546875 -23.0712890625 1840208
3.90625 5.43212890625 6.28662109375 1840287
3.90625 5.43212890625 6.28662109375 1840384
10.8642578125 -9.3994140625 6.16455078125 1840385
10.8642578125 -9.3994140625 6.16455078125 1840386
10.8642578125 -9.3994140625 6.16455078125 1840388
10.8642578125 -9.3994140625 6.16455078125 1840389
10.8642578125 -9.3994140625 6.16455078125 1840488
-38.75732421875 -13.97705078125 -10.009765625 1840489
-38.75732421875 -13.97705078125 -10.009765625 1840490
-38.75732421875 -13.97705078125 -10.009765625 1840491
-38.75732421875 -13.97705078125 -10.009765625 1840492
39.48974609375 34.36279296875 7.4462890625 1840568
39.48974609375 34.36279296875 7.4462890625 1840679
-35.15625 -27.40478515625 14.83154296875 1840683
-35.15625 -27.40478515625 14.83154296875 1840684
-35.15625 -27.40478515625 14.83154296875 1840685
-35.15625 -27.40478515625 14.83154296875 1840686
-35.15625 -27.40478515625 14.83154296875 1840781
21.78955078125 18.49365234375 -24.5361328125 1840782
21.78955078125 18.49365234375 -24.5361328125 1840884
-23.92578125 -25.57373046875 33.99658203125 1840885
-23.92578125 -25.57373046875 33.99658203125 1840886
-23.92578125 -25.57373046875 33.99658203125 1840887
-23.92578125 -25.57373046875 33.99658203125 1840888
-23.92578125 -25.57373046875 33.99658203125 1840987
-0.3662109375 -1.52587890625 -33.935546875 1840988
-0.3662109375 -1.52587890625 -33.935546875 1840989
-0.3662109375 -1.52587890625 -33.935546875 1840990
-0.3662109375 -1.52587890625 -33.935546875 1840990
23.74267578125 26.79443359375 18.00537109375 1841066
23.74267578125 26.79443359375 18.00537109375 1841178
-15.07568359375 -5.9814453125 -23.3154296875 1841179
-15.07568359375 -5.9814453125 -23.3154296875 1841180
-15.07568359375 -5.9814453125 -23.3154296875 1841181
-15.07568359375 -5.9814453125 -23.3154296875 1841182
-15.07568359375 -5.9814453125 -23.3154296875 1841281
15.44189453125 18.85986328125 2.99072265625 1841282
15.44189453125 18.85986328125 2.99072265625 1841283
15.44189453125 18.85986328125 2.99072265625 1841284
15.44189453125 18.85986328125 2.99072265625 1841286
15.44189453125 18.85986328125 2.99072265625 1841383
-65.91796875 -63.41552734375 66.89453125 1841384
-65.91796875 -63.41552734375 66.89453125 1841385
-65.91796875 -63.41552734375 66.89453125 1841386
-65.91796875 -63.41552734375 66.89453125 1841387
-65.91796875 -63.41552734375 66.89453125 1841485
72.20458984375 71.6552734375 -71.35009765625 1841486
72.20458984375 71.6552734375 -71.35009765625 1841487
72.20458984375 71.6552734375 -71.35009765625 1841488
72.20458984375 71.6552734375 -71.35009765625 1841489
72.20458984375 71.6552734375 -71.35009765625 1841588
-48.76708984375 -33.203125 22.64404296875 1841589
-48.76708984375 -33.203125 22.64404296875 1841590
-48.76708984375 -33.203125 22.64404296875 1841591
-48.76708984375 -33.203125 22.64404296875 1841592
5.06591796875 2.8076171875 29.78515625 1841667
5.06591796875 2.8076171875 29.78515625 1841779
18.798828125 17.4560546875 -7.87353515625 1841780
18.798828125 17.4560546875 -7.87353515625 1841781
18.798828125 17.4560546875 -7.87353515625 1841782
18.798828125 17.4560546875 -7.87353515625 1841783
18.798828125 17.4560546875 -7.87353515625 1841882
-31.8603515625 -11.474609375 -16.11328125 1841885
-31.8603515625 -11.474609375 -16.11328125 1841886
-31.8603515625 -11.474609375 -16.11328125 1841887
-31.8603515625 -11.474609375 -16.11328125 1841887
-31.8603515625 -11.474609375 -16.11328125 1841984
12.51220703125 9.21630859375 49.62158203125 1841985
12.51220703125 9.21630859375 49.62158203125 1841986
12.51220703125 9.21630859375 49.62158203125 1841987
12.51220703125 9.21630859375 49.62158203125 1841988
12.51220703125 9.21630859375 49.62158203125 1842087
0.8544921875 15.869140625 -48.64501953125 1842088
0.8544921875 15.869140625 -48.64501953125 1842089
0.8544921875 15.869140625 -48.64501953125 1842090
0.8544921875 15.869140625 -48.64501953125 1842091
10.55908203125 5.4931640625 20.01953125 1842165
10.55908203125 5.4931640625 20.01953125 1842278
-16.9677734375 -1.40380859375 21.05712890625 1842280
-16.9677734375 -1.40380859375 21.05712890625 1842281
-16.9677734375 -1.40380859375 21.05712890625 1842282
-16.9677734375 -1.40380859375 21.05712890625 1842283
-16.9677734375 -1.40380859375 21.05712890625 1842379
11.1083984375 -11.77978515625 13.85498046875 1842380
11.1083984375 -11.77978515625 13.85498046875 1842382
11.1083984375 -11.77978515625 13.85498046875 1842383
11.1083984375 -11.77978515625 13.85498046875 1842384
11.1083984375 -11.77978515625 13.85498046875 1842482
1.40380859375 14.34326171875 -20.56884765625 1842483
1.40380859375 14.34326171875 -20.56884765625 1842484
1.40380859375 14.34326171875 -20.56884765625 1842484
1.40380859375 14.34326171875 -20.56884765625 1842485
1.40380859375 14.34326171875 -20.56884765625 1842584
-58.9599609375 4.08935546875 -0.79345703125 1842585
-58.9599609375 4.08935546875 -0.79345703125 1842608
-58.9599609375 4.08935546875 -0.79345703125 1842610
-58.9599609375 4.08935546875 -0.79345703125 1842611
-58.9599609375 4.08935546875 -0.79345703125 1842687
44.677734375 -9.58251953125 40.1611328125 1842695
44.677734375 -9.58251953125 40.1611328125 1842696
-35.888671875 -34.912109375 -1.52587890625 1842765
-35.888671875 -34.912109375 -1.52587890625 1842766
-35.888671875 -34.912109375 -1.52587890625 1842767
-35.888671875 -34.912109375 -1.52587890625 1842877
8.4228515625 30.8837890625 16.357421875 1842878
8.4228515625 30.8837890625 16.357421875 1842879
8.4228515625 30.8837890625 16.357421875 1842879
8.4228515625 30.8837890625 16.357421875 1842880
8.4228515625 30.8837890625 16.357421875 1842988
6.40869140625 -25.390625 -15.31982421875 1842989
6.40869140625 -25.390625 -15.31982421875 1842990
6.40869140625 -25.390625 -15.31982421875 1842991
6.40869140625 -25.390625 -15.31982421875 1842992
6.40869140625 -25.390625 -15.31982421875 1843098
-29.60205078125 22.39990234375 -14.22119140625 1843099
-29.60205078125 22.39990234375 -14.22119140625 1843100
-29.60205078125 22.39990234375 -14.22119140625 1843102
-29.60205078125 22.39990234375 -14.22119140625 1843103
0.42724609375 -1.8310546875 40.0390625 1843176
0.42724609375 -1.8310546875 40.0390625 1843278
15.07568359375 13.48876953125 -25.2685546875 1843279
15.07568359375 13.48876953125 -25.2685546875 1843280
15.07568359375 13.48876953125 -25.2685546875 1843281
15.07568359375 13.48876953125 -25.2685546875 1843283
15.07568359375 13.48876953125 -25.2685546875 1843380
-54.62646484375 -6.8359375 16.4794921875 1843381
-54.62646484375 -6.8359375 16.4794921875 1843382
-54.62646484375 -6.8359375 16.4794921875 1843383
-54.62646484375 -6.8359375 16.4794921875 1843384
-54.62646484375 -6.8359375 16.4794921875 1843482
53.89404296875 13.36669921875 3.11279296875 1843483
53.89404296875 13.36669921875 3.11279296875 1843484
53.89404296875 13.36669921875 3.11279296875 1843485
53.89404296875 13.36669921875 3.11279296875 1843486
53.89404296875 13.36669921875 3.11279296875 1843586
-42.66357421875 -0.18310546875 -15.5029296875 1843587
-42.66357421875 -0.18310546875 -15.5029296875 1843589
-42.66357421875 -0.18310546875 -15.5029296875 1843590
-42.66357421875 -0.18310546875 -15.5029296875 1843591
18.6767578125 10.498046875 13.916015625 1843666
18.6767578125 10.498046875 13.916015625 1843778
17.63916015625 3.47900390625 -5.92041015625 1843779
17.63916015625 3.47900390625 -5.92041015625 1843781
17.63916015625 3.47900390625 -5.92041015625 1843782
17.63916015625 3.47900390625 -5.92041015625 1843783
17.63916015625 3.47900390625 -5.92041015625 1843880
-45.41015625 -0.3662109375 -9.765625 1843883
-45.41015625 -0.3662109375 -9.765625 1843883
-45.41015625 -0.3662109375 -9.765625 1843884
-45.41015625 -0.3662109375 -9.765625 1843885
-45.41015625 -0.3662109375 -9.765625 1844014
66.46728515625 -0.244140625 0.42724609375 1844016
66.46728515625 -0.244140625 0.42724609375 1844018
66.46728515625 -0.244140625 0.42724609375 1844019
66.46728515625 -0.244140625 0.42724609375 1844020
-40.771484375 -4.21142578125 -17.822265625 1844088
-40.771484375 -4.21142578125 -17.822265625 1844166
-33.63037109375 -2.3193359375 31.92138671875 1844167
-33.63037109375 -2.3193359375 31.92138671875 1844168
-33.63037109375 -2.3193359375 31.92138671875 1844169
-33.63037109375 -2.3193359375 31.92138671875 1844170
-33.63037109375 -2.3193359375 31.92138671875 1844276
23.5595703125 -11.53564453125 -4.82177734375 1844278
23.5595703125 -11.53564453125 -4.82177734375 1844279
23.5595703125 -11.53564453125 -4.82177734375 1844281
23.5595703125 -11.53564453125 -4.82177734375 1844282
23.5595703125 -11.53564453125 -4.82177734375 1844379
-52.42919921875 30.45654296875 -44.49462890625 1844380
-52.42919921875 30.45654296875 -44.49462890625 1844381
-52.42919921875 30.45654296875 -44.49462890625 1844382
-52.42919921875 30.45654296875 -44.49462890625 1844383
41.6259765625 -7.38525390625 1.46484375 1844482
41.6259765625 -7.38525390625 1.46484375 1844483
41.6259765625 -7.38525390625 1.46484375 1844484
41.6259765625 -7.38525390625 1.46484375 1844485
41.6259765625 -7.38525390625 1.46484375 1844585
8.4228515625 6.591796875 -15.625 1844586
8.4228515625 6.591796875 -15.625 1844587
8.4228515625 6.591796875 -15.625 1844589
8.4228515625 6.591796875 -15.625 1844590
-35.70556640625 -2.25830078125 38.330078125 1844670
-35.70556640625 -2.25830078125 38.330078125 1844779
39.48974609375 26.611328125 -47.8515625 1844784
39.48974609375 26.611328125 -47.8515625 1844785
39.48974609375 26.611328125 -47.8515625 1844786
39.48974609375 26.611328125 -47.8515625 1844787
-34.66796875 -7.01904296875 30.82275390625 1844882
-34.66796875 -7.01904296875 30.82275390625 1844986
15.07568359375 21.1181640625 -1.77001953125 1844987
15.07568359375 21.1181640625 -1.77001953125 1844988
15.07568359375 21.1181640625 -1.77001953125 1844989
15.07568359375 21.1181640625 -1.77001953125 1844991
13.61083984375 23.3154296875 -20.99609375 1845065
13.61083984375 23.3154296875 -20.99609375 1845177
-55.48095703125 28.9306640625 24.7802734375 1845178
-55.48095703125 28.9306640625 24.7802734375 1845179
-55.48095703125 28.9306640625 24.7802734375 1845180
-55.48095703125 28.9306640625 24.7802734375 1845181
-55.48095703125 28.9306640625 24.7802734375 1845279
-4.21142578125 -19.83642578125 -24.169921875 1845280
-4.21142578125 -19.83642578125 -24.169921875 1845281
-4.21142578125 -19.83642578125 -24.169921875 1845282
-4.21142578125 -19.83642578125 -24.169921875 1845284
-39.794921875 -50.048828125 29.4189453125 1845381
-39.794921875 -50.048828125 29.4189453125 1845382
-39.794921875 -50.048828125 29.4189453125 1845383
-39.794921875 -50.048828125 29.4189453125 1845384
-39.794921875 -50.048828125 29.4189453125 1845486
113.6474609375 36.376953125 -110.65673828125 1845487
113.6474609375 36.376953125 -110.65673828125 1845488
113.6474609375 36.376953125 -110.65673828125 1845489
113.6474609375 36.376953125 -110.65673828125 1845490
113.6474609375 36.376953125 -110.65673828125 1845589
56.33544921875 -4.45556640625 0.54931640625 1845591
56.33544921875 -4.45556640625 0.54931640625 1845592
56.33544921875 -4.45556640625 0.54931640625 1845593
56.33544921875 -4.45556640625 0.54931640625 1845595
-46.875 -9.3994140625 13.85498046875 1845678
-46.875 -9.3994140625 13.85498046875 1845780
49.8046875 6.89697265625 -28.86962890625 1845781
49.8046875 6.89697265625 -28.86962890625 1845783
49.8046875 6.89697265625 -28.86962890625 1845784
49.8046875 6.89697265625 -28.86962890625 1845785
49.8046875 6.89697265625 -28.86962890625 1845883
-21.3623046875 -31.67724609375 3.7841796875 1845884
-21.3623046875 -31.67724609375 3.7841796875 1845885
-21.3623046875 -31.67724609375 3.7841796875 1845886
-21.3623046875 -31.67724609375 3.7841796875 1845887
-21.3623046875 -31.67724609375 3.7841796875 1845989
34.60693359375 4.5166015625 20.44677734375 1845990
34.60693359375 4.5166015625 20.44677734375 1845991
34.60693359375 4.5166015625 20.44677734375 1845992
34.60693359375 4.5166015625 20.44677734375 1845993
-2.25830078125 9.521484375 -23.681640625 1846067
-2.25830078125 9.521484375 -23.681640625 1846204
-13.24462890625 -2.38037109375 24.84130859375 1846205
-13.24462890625 -2.38037109375 24.84130859375 1846206
-13.24462890625 -2.38037109375 24.84130859375 1846207
-13.24462890625 -2.38037109375 24.84130859375 1846208
-5.31005859375 -0.06103515625 -13.85498046875 1846273
-5.31005859375 -0.06103515625 -13.85498046875 1846375
-16.05224609375 -7.32421875 9.58251953125 1846376
-16.05224609375 -7.32421875 9.58251953125 1846377
-16.05224609375 -7.32421875 9.58251953125 1846379
-16.05224609375 -7.32421875 9.58251953125 1846380
-16.05224609375 -7.32421875 9.58251953125 1846478
-33.99658203125 -23.681640625 76.171875 1846479
-33.99658203125 -23.681640625 76.171875 1846480
-33.99658203125 -23.681640625 76.171875 1846481
-33.99658203125 -23.681640625 76.171875 1846482
-33.99658203125 -23.681640625 76.171875 1846581
3.96728515625 21.8505859375 -65.5517578125 1846582
3.96728515625 21.8505859375 -65.5517578125 1846583
3.96728515625 21.8505859375 -65.5517578125 1846584
3.96728515625 21.8505859375 -65.5517578125 1846585
3.96728515625 21.8505859375 -65.5517578125 1846683
-18.73779296875 -12.6953125 48.9501953125 1846684
-18.73779296875 -12.6953125 48.9501953125 1846685
-18.73779296875 -12.6953125 48.9501953125 1846686
-18.73779296875 -12.6953125 48.9501953125 1846688
-18.73779296875 -12.6953125 48.9501953125 1846785
3.2958984375 -13.916015625 -15.7470703125 1846789
3.2958984375 -13.916015625 -15.7470703125 1846790
3.2958984375 -13.916015625 -15.7470703125 1846791
3.2958984375 -13.916015625 -15.7470703125 1846792
-9.46044921875 1.953125 8.4228515625 1846864
-9.46044921875 1.953125 8.4228515625 1846977
13.7939453125 3.72314453125 16.41845703125 1846978
13.7939453125 3.72314453125 16.41845703125 1846979
13.7939453125 3.72314453125 16.41845703125 1846980
13.7939453125 3.72314453125 16.41845703125 1846981
13.7939453125 3.72314453125 16.41845703125 1847079
-6.77490234375 -4.82177734375 -23.62060546875 1847082
-6.77490234375 -4.82177734375 -23.62060546875 1847083
-6.77490234375 -4.82177734375 -23.62060546875 1847084
-6.77490234375 -4.82177734375 -23.62060546875 1847085
-6.77490234375 -4.82177734375 -23.62060546875 1847181
-39.55078125 -8.97216796875 45.2880859375 1847182
-39.55078125 -8.97216796875 45.2880859375 1847183
-39.55078125 -8.97216796875 45.2880859375 1847184
-39.55078125 -8.97216796875 45.2880859375 1847185
-39.55078125 -8.97216796875 45.2880859375 1847285
48.583984375 2.86865234375 -39.24560546875 1847286
48.583984375 2.86865234375 -39.24560546875 1847287
48.583984375 2.86865234375 -39.24560546875 1847287
48.583984375 2.86865234375 -39.24560546875 1847288
48.583984375 2.86865234375 -39.24560546875 1847387
-58.2275390625 -6.65283203125 17.4560546875 1847388
-58.2275390625 -6.65283203125 17.4560546875 1847389
-58.2275390625 -6.65283203125 17.4560546875 1847390
-58.2275390625 -6.65283203125 17.4560546875 1847391
36.19384765625 18.4326171875 10.25390625 1847466
36.19384765625 18.4326171875 10.25390625 1847578
3.47900390625 -1.03759765625 -17.2119140625 1847579
3.47900390625 -1.03759765625 -17.2119140625 1847581
3.47900390625 -1.03759765625 -17.2119140625 1847582
3.47900390625 -1.03759765625 -17.2119140625 1847584
3.47900390625 -1.03759765625 -17.2119140625 1847681
-51.69677734375 -0.3662109375 8.23974609375 1847682
-51.69677734375 -0.3662109375 8.23974609375 1847682
-51.69677734375 -0.3662109375 8.23974609375 1847683
-51.69677734375 -0.3662109375 8.23974609375 1847684
-51.69677734375 -0.3662109375 8.23974609375 1847783
51.025390625 6.591796875 -16.78466796875 1847784
51.025390625 6.591796875 -16.78466796875 1847785
51.025390625 6.591796875 -16.78466796875 1847786
51.025390625 6.591796875 -16.78466796875 1847787
51.025390625 6.591796875 -16.78466796875 1847885
-44.98291015625 -3.60107421875 4.82177734375 1847886
-44.98291015625 -3.60107421875 4.82177734375 1847887
-44.98291015625 -3.60107421875 4.82177734375 1847888
-44.98291015625 -3.60107421875 4.82177734375 1847889
53.1005859375 7.2021484375 20.01953125 1847975
53.1005859375 7.2021484375 20.01953125 1848076
9.94873046875 5.92041015625 -29.1748046875 1848077
9.94873046875 5.92041015625 -29.1748046875 1848080
9.94873046875 5.92041015625 -29.1748046875 1848081
9.94873046875 5.92041015625 -29.1748046875 1848082
9.94873046875 5.92041015625 -29.1748046875 1848179
-34.85107421875 -5.18798828125 33.87451171875 1848180
-34.85107421875 -5.18798828125 33.87451171875 1848181
-34.85107421875 -5.18798828125 33.87451171875 1848182
-34.85107421875 -5.18798828125 33.87451171875 1848183
-34.85107421875 -5.18798828125 33.87451171875 1848281
27.9541015625 6.9580078125 -16.05224609375 1848282
27.9541015625 6.9580078125 -16.05224609375 1848284
27.9541015625 6.9580078125 -16.05224609375 1848285
27.9541015625 6.9580078125 -16.05224609375 1848286
27.9541015625 6.9580078125 -16.05224609375 1848384
-32.1044921875 -6.591796875 5.0048828125 1848385
-32.1044921875 -6.591796875 5.0048828125 1848386
-32.1044921875 -6.591796875 5.0048828125 1848387
-32.1044921875 -6.591796875 5.0048828125 1848388
-32.1044921875 -6.591796875 5.0048828125 1848487
32.28759765625 0.06103515625 15.5029296875 1848488
32.28759765625 0.06103515625 15.5029296875 1848489
32.28759765625 0.06103515625 15.5029296875 1848490
32.28759765625 0.06103515625 15.5029296875 1848491
-9.6435546875 0.8544921875 1.64794921875 1848564
-9.6435546875 0.8544921875 1.64794921875 1848675
-20.44677734375 7.32421875 4.33349609375 1848676
-20.44677734375 7.32421875 4.33349609375 1848677
-20.44677734375 7.32421875 4.33349609375 1848678
-20.44677734375 7.32421875 4.33349609375 1848679
-20.44677734375 7.32421875 4.33349609375 1848777
15.625 4.5166015625 -0.1220703125 1848778
15.625 4.5166015625 -0.1220703125 1848779
15.625 4.5166015625 -0.1220703125 1848780
15.625 4.5166015625 -0.1220703125 1848781
15.625 4.5166015625 -0.1220703125 1848881
-16.4794921875 -5.126953125 14.0380859375 1848882
-16.4794921875 -5.126953125 14.0380859375 1848884
-16.4794921875 -5.126953125 14.0380859375 1848885
-16.4794921875 -5.126953125 14.0380859375 1848886
-16.4794921875 -5.126953125 14.0380859375 1848983
23.681640625 3.2958984375 -28.99169921875 1848984
23.681640625 3.2958984375 -28.99169921875 1848985
23.681640625 3.2958984375 -28.99169921875 1848986
23.681640625 3.2958984375 -28.99169921875 1848987
-13.97705078125 -4.0283203125 -1.15966796875 1849081
-13.97705078125 -4.0283203125 -1.15966796875 1849185
28.4423828125 2.0751953125 3.47900390625 1849186
28.4423828125 2.0751953125 3.47900390625 1849187
28.4423828125 2.0751953125 3.47900390625 1849187
28.4423828125 2.0751953125 3.47900390625 1849188
34.97314453125 1.15966796875 -32.65380859375 1849265
34.97314453125 1.15966796875 -32.65380859375 1849389
-12.8173828125 1.5869140625 6.16455078125 1849391
-12.8173828125 1.5869140625 6.16455078125 1849392
-12.8173828125 1.5869140625 6.16455078125 1849393
-12.8173828125 1.5869140625 6.16455078125 1849394
39.55078125 10.31494140625 -26.18408203125 1849473
39.55078125 10.31494140625 -26.18408203125 1849576
3.90625 14.2822265625 -57.06787109375 1849577
3.90625 14.2822265625 -57.06787109375 1849578
3.90625 14.2822265625 -57.06787109375 1849579
3.90625 14.2822265625 -57.06787109375 1849580
3.90625 14.2822265625 -57.06787109375 1849704
24.0478515625 -4.7607421875 39.24560546875 1849705
24.0478515625 -4.7607421875 39.24560546875 1849706
24.0478515625 -4.7607421875 39.24560546875 1849707
24.0478515625 -4.7607421875 39.24560546875 1849708
39.85595703125 17.27294921875 -55.908203125 1849781
39.85595703125 17.27294921875 -55.908203125 1849886
-26.91650390625 -7.6904296875 20.1416015625 1849887
-26.91650390625 -7.6904296875 20.1416015625 1849888
-26.91650390625 -7.6904296875 20.1416015625 1849889
-26.91650390625 -7.6904296875 20.1416015625 1849890
11.23046875 -13.427734375 -1.3427734375 1849968
11.23046875 -13.427734375 -1.3427734375 1850075
15.2587890625 4.33349609375 -13.427734375 1850076
15.2587890625 4.33349609375 -13.427734375 1850077
15.2587890625 4.33349609375 -13.427734375 1850079
15.2587890625 4.33349609375 -13.427734375 1850080
15.2587890625 4.33349609375 -13.427734375 1850177
-21.3623046875 -8.97216796875 14.5263671875 1850201
-21.3623046875 -8.97216796875 14.5263671875 1850202
-21.3623046875 -8.97216796875 14.5263671875 1850203
-21.3623046875 -8.97216796875 14.5263671875 1850204
22.8271484375 18.61572265625 -8.6669921875 1850282
22.8271484375 18.61572265625 -8.6669921875 1850387
-42.41943359375 -3.35693359375 -12.75634765625 1850388
-42.41943359375 -3.35693359375 -12.75634765625 1850389
-42.41943359375 -3.35693359375 -12.75634765625 1850390
-42.41943359375 -3.35693359375 -12.75634765625 1850391
25.7568359375 -4.7607421875 35.09521484375 1850465
25.7568359375 -4.7607421875 35.09521484375 1850576
-5.2490234375 -1.46484375 0.67138671875 1850577
-5.2490234375 -1.46484375 0.67138671875 1850578
-5.2490234375 -1.46484375 0.67138671875 1850578
-5.2490234375 -1.46484375 0.67138671875 1850579
-5.2490234375 -1.46484375 0.67138671875 1850679
-7.75146484375 -1.5869140625 -11.90185546875 1850680
-7.75146484375 -1.5869140625 -11.90185546875 1850681
-7.75146484375 -1.5869140625 -11.90185546875 1850681
-7.75146484375 -1.5869140625 -11.90185546875 1850682
-7.75146484375 -1.5869140625 -11.90185546875 1850782
-14.09912109375 -9.46044921875 24.59716796875 1850783
-14.09912109375 -9.46044921875 24.59716796875 1850784
-14.09912109375 -9.46044921875 24.59716796875 1850785
-14.09912109375 -9.46044921875 24.59716796875 1850785
-14.09912109375 -9.46044921875 24.59716796875 1850884
9.27734375 19.04296875 -4.2724609375 1850885
9.27734375 19.04296875 -4.2724609375 1850886
9.27734375 19.04296875 -4.2724609375 1850887
9.27734375 19.04296875 -4.2724609375 1850888
9.27734375 19.04296875 -4.2724609375 1850996
5.126953125 0.54931640625 -15.56396484375 1850997
5.126953125 0.54931640625 -15.56396484375 1850998
5.126953125 0.54931640625 -15.56396484375 1850999
5.126953125 0.54931640625 -15.56396484375 1851000
-36.43798828125 -24.59716796875 15.56396484375 1851074
-36.43798828125 -24.59716796875 15.56396484375 1851177
-0.244140625 19.287109375 -5.0048828125 1851178
-0.244140625 19.287109375 -5.0048828125 1851179
-0.244140625 19.287109375 -5.0048828125 1851180
-0.244140625 19.287109375 -5.0048828125 1851182
-0.244140625 19.287109375 -5.0048828125 1851279
23.92578125 -1.89208984375 -16.4794921875 1851280
23.92578125 -1.89208984375 -16.4794921875 1851281
23.92578125 -1.89208984375 -16.4794921875 1851282
23.92578125 -1.89208984375 -16.4794921875 1851283
23.92578125 -1.89208984375 -16.4794921875 1851382
-103.02734375 -22.0947265625 56.2744140625 1851383
-103.02734375 -22.0947265625 56.2744140625 1851384
-103.02734375 -22.0947265625 56.2744140625 1851385
-103.02734375 -22.0947265625 56.2744140625 1851386
-103.02734375 -22.0947265625 56.2744140625 1851485
120.2392578125 19.8974609375 -37.17041015625 1851486
120.2392578125 19.8974609375 -37.17041015625 1851488
120.2392578125 19.8974609375 -37.17041015625 1851489
120.2392578125 19.8974609375 -37.17041015625 1851490
-120.05615234375 -22.64404296875 10.986328125 1851563
-120.05615234375 -22.64404296875 10.986328125 1851674
95.76416015625 26.85546875 -15.5029296875 1851675
95.76416015625 26.85546875 -15.5029296875 1851676
95.76416015625 26.85546875 -15.5029296875 1851677
95.76416015625 26.85546875 -15.5029296875 1851678
95.76416015625 26.85546875 -15.5029296875 1851776
-20.263671875 -29.11376953125 4.94384765625 1851777
-20.263671875 -29.11376953125 4.94384765625 1851778
-20.263671875 -29.11376953125 4.94384765625 1851780
-20.263671875 -29.11376953125 4.94384765625 1851781
-20.263671875 -29.11376953125 4.94384765625 1851882
-52.734375 -10.55908203125 -28.564453125 1851885
-52.734375 -10.55908203125 -28.564453125 1851886
-52.734375 -10.55908203125 -28.564453125 1851887
-52.734375 -10.55908203125 -28.564453125 1851888
-52.734375 -10.55908203125 -28.564453125 1851984
44.677734375 -10.55908203125 52.18505859375 1851985
44.677734375 -10.55908203125 52.18505859375 1851986
44.677734375 -10.55908203125 52.18505859375 1851987
44.677734375 -10.55908203125 52.18505859375 1851988
-51.57470703125 -3.11279296875 -39.48974609375 1852066
-51.57470703125 -3.11279296875 -39.48974609375 1852178
12.5732421875 4.8828125 17.39501953125 1852179
12.5732421875 4.8828125 17.39501953125 1852180
12.5732421875 4.8828125 17.39501953125 1852181
12.5732421875 4.8828125 17.39501953125 1852182
12.5732421875 4.8828125 17.39501953125 1852280
24.71923828125 10.68115234375 6.103515625 1852281
24.71923828125 10.68115234375 6.103515625 1852282
24.71923828125 10.68115234375 6.103515625 1852283
24.71923828125 10.68115234375 6.103515625 1852284
24.71923828125 10.68115234375 6.103515625 1852385
-70.3125 -14.09912109375 -12.6953125 1852386
-70.3125 -14.09912109375 -12.6953125 1852387
-70.3125 -14.09912109375 -12.6953125 1852408
-70.3125 -14.09912109375 -12.6953125 1852410
61.6455078125 7.6904296875 23.193359375 1852463
61.6455078125 7.6904296875 23.193359375 1852615
-57.92236328125 2.38037109375 -15.625 1852616
-57.92236328125 2.38037109375 -15.625 1852618
-57.92236328125 2.38037109375 -15.625 1852619
-57.92236328125 2.38037109375 -15.625 1852620
49.9267578125 -0.30517578125 -4.08935546875 1852673
49.9267578125 -0.30517578125 -4.08935546875 1854281
-4.45556640625 11.16943359375 16.29638671875 1854282
-4.45556640625 11.16943359375 16.29638671875 1854284
-4.45556640625 11.16943359375 16.29638671875 1854285
-4.45556640625 11.16943359375 16.29638671875 1854286
-54.50439453125 -27.28271484375 18.00537109375 1854287
47.54638671875 25.7568359375 -17.2119140625 1854288
-63.720703125 3.47900390625 8.7890625 1854289
80.01708984375 0.6103515625 -16.17431640625 1854291
-93.56689453125 8.30078125 -18.37158203125 1854292
69.76318359375 1.28173828125 40.6494140625 1854294
-8.1787109375 -6.77490234375 -12.8173828125 1854295
-54.50439453125 2.197265625 -7.38525390625 1854297
60.6689453125 -9.33837890625 11.5966796875 1854298
-80.56640625 -5.92041015625 -18.1884765625 1854299
78.30810546875 28.62548828125 22.52197265625 1854301
1.46484375 13.00048828125 -48.52294921875 1854313
-74.89013671875 -22.39990234375 51.025390625 1854314
82.82470703125 18.9208984375 -30.09033203125 1854315
-91.552734375 20.751953125 -6.2255859375 1854317
62.744140625 4.57763671875 -36.07177734375 1854363
62.744140625 4.57763671875 -36.07177734375 1855023
-29.47998046875 -1.52587890625 15.380859375 1855024
-29.47998046875 -1.52587890625 15.380859375 1855025
-29.47998046875 -1.52587890625 15.380859375 1855026
-29.47998046875 -1.52587890625 15.380859375 1855027
-0.8544921875 7.32421875 -20.69091796875 1855028
38.51318359375 2.685546875 12.14599609375 1855029
-62.3779296875 -0.732421875 4.33349609375 1855030
61.95068359375 6.40869140625 -28.4423828125 1855030
-57.6171875 -1.77001953125 28.50341796875 1855031
20.08056640625 21.97265625 -15.380859375 1855081
20.08056640625 21.97265625 -15.380859375 1855250
32.8369140625 -1.0986328125 10.1318359375 1855251
32.8369140625 -1.0986328125 10.1318359375 1855252
32.8369140625 -1.0986328125 10.1318359375 1855253
32.8369140625 -1.0986328125 10.1318359375 1855254
-54.443359375 -1.89208984375 -3.60107421875 1855266
-54.443359375 -1.89208984375 -3.60107421875 1855375
52.55126953125 10.6201171875 -11.29150390625 1855376
52.55126953125 10.6201171875 -11.29150390625 1855377
52.55126953125 10.6201171875 -11.29150390625 1855378
52.55126953125 10.6201171875 -11.29150390625 1855380
52.55126953125 10.6201171875 -11.29150390625 1855480
-14.22119140625 17.578125 3.96728515625 1855481
-14.22119140625 17.578125 3.96728515625 1855482
-14.22119140625 17.578125 3.96728515625 1855483
-14.22119140625 17.578125 3.96728515625 1855484
-14.22119140625 17.578125 3.96728515625 1855583
18.61572265625 -2.0751953125 0.91552734375 1855584
18.61572265625 -2.0751953125 0.91552734375 1855585
18.61572265625 -2.0751953125 0.91552734375 1855586
18.61572265625 -2.0751953125 0.91552734375 1855587
18.61572265625 -2.0751953125 0.91552734375 1855786
22.3388671875 24.4140625 -17.08984375 1855788
22.3388671875 24.4140625 -17.08984375 1855789
22.3388671875 24.4140625 -17.08984375 1855789
22.3388671875 24.4140625 -17.08984375 1855790
-5.67626953125 -1.953125 2.9296875 1855802
-5.67626953125 -1.953125 2.9296875 1855935
14.46533203125 1.52587890625 -0.18310546875 1855937
14.46533203125 1.52587890625 -0.18310546875 1855938
14.46533203125 1.52587890625 -0.18310546875 1855939
14.46533203125 1.52587890625 -0.18310546875 1855940
14.46533203125 1.52587890625 -0.18310546875 1856143
-12.8173828125 0.244140625 2.9296875 1856144
-12.8173828125 0.244140625 2.9296875 1856145
-12.8173828125 0.244140625 2.9296875 1856147
-12.8173828125 0.244140625 2.9296875 1856148
7.32421875 -10.986328125 -2.0751953125 1856149
-11.5966796875 4.94384765625 -63.78173828125 1856176
-11.5966796875 4.94384765625 -63.78173828125 1856312
32.3486328125 -14.58740234375 60.11962890625 1856314
32.3486328125 -14.58740234375 60.11962890625 1856315
32.3486328125 -14.58740234375 60.11962890625 1856316
32.3486328125 -14.58740234375 60.11962890625 1856317
19.8974609375 5.67626953125 -68.66455078125 1856410
19.8974609375 5.67626953125 -68.66455078125 1856516
-15.7470703125 6.9580078125 5.37109375 1856517
-15.7470703125 6.9580078125 5.37109375 1856518
-15.7470703125 6.9580078125 5.37109375 1856519
-15.7470703125 6.9580078125 5.37109375 1856542
36.31591796875 -27.40478515625 -7.14111328125 1856574
36.31591796875 -27.40478515625 -7.14111328125 1856676
24.658203125 26.9775390625 -54.38232421875 1856677
24.658203125 26.9775390625 -54.38232421875 1856678
24.658203125 26.9775390625 -54.38232421875 1856679
24.658203125 26.9775390625 -54.38232421875 1856680
-15.31982421875 -10.07080078125 42.41943359375 1856779
-15.31982421875 -10.07080078125 42.41943359375 1856780
-15.31982421875 -10.07080078125 42.41943359375 1856781
-15.31982421875 -10.07080078125 42.41943359375 1856782
-15.31982421875 -10.07080078125 42.41943359375 1856891
24.90234375 -16.90673828125 -23.3154296875 1856892
24.90234375 -16.90673828125 -23.3154296875 1856893
24.90234375 -16.90673828125 -23.3154296875 1856894
24.90234375 -16.90673828125 -23.3154296875 1856895
6.2255859375 8.60595703125 -7.4462890625 1856961
6.2255859375 8.60595703125 -7.4462890625 1857073
-14.7705078125 -14.46533203125 25.57373046875 1857074
-14.7705078125 -14.46533203125 25.57373046875 1857075
-14.7705078125 -14.46533203125 25.57373046875 1857076
-14.7705078125 -14.46533203125 25.57373046875 1857077
-14.7705078125 -14.46533203125 25.57373046875 1857178
32.470703125 17.76123046875 -32.28759765625 1857179
32.470703125 17.76123046875 -32.28759765625 1857180
32.470703125 17.76123046875 -32.28759765625 1857181
32.470703125 17.76123046875 -32.28759765625 1857182
32.470703125 17.76123046875 -32.28759765625 1857289
-50.29296875 -33.0810546875 73.486328125 1857294
-50.29296875 -33.0810546875 73.486328125 1857295
-50.29296875 -33.0810546875 73.486328125 1857296
-50.29296875 -33.0810546875 73.486328125 1857297
22.52197265625 13.12255859375 -32.5927734375 1857382
22.52197265625 13.12255859375 -32.5927734375 1857487
-15.56396484375 -3.35693359375 14.83154296875 1857489
-15.56396484375 -3.35693359375 14.83154296875 1857490
-15.56396484375 -3.35693359375 14.83154296875 1857491
-15.56396484375 -3.35693359375 14.83154296875 1857492
-9.1552734375 -2.38037109375 45.59326171875 1857576
-9.1552734375 -2.38037109375 45.59326171875 1857679
-2.8076171875 25.146484375 -43.76220703125 1857680
-2.8076171875 25.146484375 -43.76220703125 1857681
-2.8076171875 25.146484375 -43.76220703125 1857682
-2.8076171875 25.146484375 -43.76220703125 1857683
-2.8076171875 25.146484375 -43.76220703125 1857782
-38.6962890625 -17.822265625 38.0859375 1857783
-38.6962890625 -17.822265625 38.0859375 1857784
-38.6962890625 -17.822265625 38.0859375 1857785
-38.6962890625 -17.822265625 38.0859375 1857786
-38.6962890625 -17.822265625 38.0859375 1857893
45.47119140625 0.8544921875 -10.43701171875 1857894
45.47119140625 0.8544921875 -10.43701171875 1857895
45.47119140625 0.8544921875 -10.43701171875 1857896
45.47119140625 0.8544921875 -10.43701171875 1857897
-60.97412109375 -2.8076171875 -18.49365234375 1857976
-60.97412109375 -2.8076171875 -18.49365234375 1858078
32.958984375 3.84521484375 37.7197265625 1858079
32.958984375 3.84521484375 37.7197265625 1858080
32.958984375 3.84521484375 37.7197265625 1858081
32.958984375 3.84521484375 37.7197265625 1858083
32.958984375 3.84521484375 37.7197265625 1858181
15.68603515625 -1.77001953125 -21.240234375 1858182
15.68603515625 -1.77001953125 -21.240234375 1858183
15.68603515625 -1.77001953125 -21.240234375 1858183
15.68603515625 -1.77001953125 -21.240234375 1858184
15.68603515625 -1.77001953125 -21.240234375 1858284
-77.2705078125 4.69970703125 1.5869140625 1858285
-77.2705078125 4.69970703125 1.5869140625 1858286
-77.2705078125 4.69970703125 1.5869140625 1858287
-77.2705078125 4.69970703125 1.5869140625 1858288
73.2421875 -2.25830078125 -13.18359375 1858361
73.2421875 -2.25830078125 -13.18359375 1858473
-69.03076171875 -4.82177734375 20.263671875 1858474
-69.03076171875 -4.82177734375 20.263671875 1858475
-69.03076171875 -4.82177734375 20.263671875 1858476
-69.03076171875 -4.82177734375 20.263671875 1858477
-69.03076171875 -4.82177734375 20.263671875 1858576
22.15576171875 15.56396484375 8.85009765625 1858577
22.15576171875 15.56396484375 8.85009765625 1858578
22.15576171875 15.56396484375 8.85009765625 1858578
22.15576171875 15.56396484375 8.85009765625 1858579
22.15576171875 15.56396484375 8.85009765625 1858678
12.8173828125 3.72314453125 -16.357421875 1858679
12.8173828125 3.72314453125 -16.357421875 1858680
12.8173828125 3.72314453125 -16.357421875 1858681
12.8173828125 3.72314453125 -16.357421875 1858682
12.8173828125 3.72314453125 -16.357421875 1858780
-80.810546875 -3.662109375 6.2255859375 1858781
-80.810546875 -3.662109375 6.2255859375 1858786
-80.810546875 -3.662109375 6.2255859375 1858787
-80.810546875 -3.662109375 6.2255859375 1858788
-80.810546875 -3.662109375 6.2255859375 1858884
88.5009765625 -0.8544921875 -8.9111328125 1858885
88.5009765625 -0.8544921875 -8.9111328125 1858887
88.5009765625 -0.8544921875 -8.9111328125 1858888
88.5009765625 -0.8544921875 -8.9111328125 1858889
-60.1806640625 7.50732421875 -39.794921875 1858982
-60.1806640625 7.50732421875 -39.794921875 1859063
52.6123046875 25.7568359375 50.84228515625 1859071
52.6123046875 25.7568359375 50.84228515625 1859072
52.6123046875 25.7568359375 50.84228515625 1859074
52.6123046875 25.7568359375 50.84228515625 1859075
52.6123046875 25.7568359375 50.84228515625 1859175
27.34375 -8.36181640625 -32.53173828125 1859176
27.34375 -8.36181640625 -32.53173828125 1859177
27.34375 -8.36181640625 -32.53173828125 1859178
27.34375 -8.36181640625 -32.53173828125 1859179
27.34375 -8.36181640625 -32.53173828125 1859277
-88.31787109375 -7.9345703125 26.79443359375 1859278
-88.31787109375 -7.9345703125 26.79443359375 1859279
-88.31787109375 -7.9345703125 26.79443359375 1859281
-88.31787109375 -7.9345703125 26.79443359375 1859282
-88.31787109375 -7.9345703125 26.79443359375 1859380
88.2568359375 -2.74658203125 -21.42333984375 1859381
88.2568359375 -2.74658203125 -21.42333984375 1859382
88.2568359375 -2.74658203125 -21.42333984375 1859383
88.2568359375 -2.74658203125 -21.42333984375 1859384
88.2568359375 -2.74658203125 -21.42333984375 1859483
-101.50146484375 -11.71875 -0.67138671875 1859484
-101.50146484375 -11.71875 -0.67138671875 1859485
-101.50146484375 -11.71875 -0.67138671875 1859486
-101.50146484375 -11.71875 -0.67138671875 1859488
75.8056640625 26.611328125 23.13232421875 1859566
75.8056640625 26.611328125 23.13232421875 1859679
-21.3623046875 -12.20703125 -2.50244140625 1859680
-21.3623046875 -12.20703125 -2.50244140625 1859681
-21.3623046875 -12.20703125 -2.50244140625 1859682
-21.3623046875 -12.20703125 -2.50244140625 1859683
-21.3623046875 -12.20703125 -2.50244140625 1859782
-24.2919921875 3.2958984375 43.3349609375 1859783
-24.2919921875 3.2958984375 43.3349609375 1859784
-24.2919921875 3.2958984375 43.3349609375 1859785
-24.2919921875 3.2958984375 43.3349609375 1859785
-24.2919921875 3.2958984375 43.3349609375 1859884
62.98828125 11.29150390625 -35.70556640625 1859885
62.98828125 11.29150390625 -35.70556640625 1859886
62.98828125 11.29150390625 -35.70556640625 1859887
62.98828125 11.29150390625 -35.70556640625 1859887
-95.5810546875 -4.08935546875 14.0380859375 1859967
-95.5810546875 -4.08935546875 14.0380859375 1860071
84.47265625 8.60595703125 -16.7236328125 1860071
84.47265625 8.60595703125 -16.7236328125 1860072
84.47265625 8.60595703125 -16.7236328125 1860074
84.47265625 8.60595703125 -16.7236328125 1860075
84.47265625 8.60595703125 -16.7236328125 1860173
-27.83203125 -9.521484375 -0.8544921875 1860174
-27.83203125 -9.521484375 -0.8544921875 1860174
-27.83203125 -9.521484375 -0.8544921875 1860175
-27.83203125 -9.521484375 -0.8544921875 1860176
-27.83203125 -9.521484375 -0.8544921875 1860275
-25.0244140625 29.11376953125 5.2490234375 1860276
-25.0244140625 29.11376953125 5.2490234375 1860277
-25.0244140625 29.11376953125 5.2490234375 1860278
-25.0244140625 29.11376953125 5.2490234375 1860279
-25.0244140625 29.11376953125 5.2490234375 1860378
36.4990234375 -4.08935546875 -9.8876953125 1860379
36.4990234375 -4.08935546875 -9.8876953125 1860379
36.4990234375 -4.08935546875 -9.8876953125 1860380
36.4990234375 -4.08935546875 -9.8876953125 1860381
36.4990234375 -4.08935546875 -9.8876953125 1860481
-60.24169921875 14.7705078125 6.16455078125 1860482
-60.24169921875 14.7705078125 6.16455078125 1860483
-60.24169921875 14.7705078125 6.16455078125 1860483
-60.24169921875 14.7705078125 6.16455078125 1860485
-60.24169921875 14.7705078125 6.16455078125 1860583
20.3857421875 12.02392578125 -16.4794921875 1860584
20.3857421875 12.02392578125 -16.4794921875 1860585
20.3857421875 12.02392578125 -16.4794921875 1860585
20.3857421875 12.02392578125 -16.4794921875 1860586
-2.685546875 -10.1318359375 4.0283203125 1860663
-2.685546875 -10.1318359375 4.0283203125 1860774
-13.12255859375 11.41357421875 -17.88330078125 1860775
-13.12255859375 11.41357421875 -17.88330078125 1860776
-13.12255859375 11.41357421875 -17.88330078125 1860777
-13.12255859375 11.41357421875 -17.88330078125 1860778
-13.12255859375 11.41357421875 -17.88330078125 1860876
50.1708984375 -13.97705078125 -50.59814453125 1860877
50.1708984375 -13.97705078125 -50.59814453125 1860878
50.1708984375 -13.97705078125 -50.59814453125 1860879
50.1708984375 -13.97705078125 -50.59814453125 1860880
50.1708984375 -13.97705078125 -50.59814453125 1860979
-70.49560546875 -4.5166015625 31.494140625 1860980
-70.49560546875 -4.5166015625 31.494140625 1860981
-70.49560546875 -4.5166015625 31.494140625 1860982
-70.49560546875 -4.5166015625 31.494140625 1860982
-70.49560546875 -4.5166015625 31.494140625 1861083
63.5986328125 -7.080078125 -48.583984375 1861084
63.5986328125 -7.080078125 -48.583984375 1861085
63.5986328125 -7.080078125 -48.583984375 1861086
63.5986328125 -7.080078125 -48.583984375 1861087
38.2080078125 19.8974609375 -43.9453125 1861162
38.2080078125 19.8974609375 -43.9453125 1861276
-44.5556640625 -14.0380859375 38.818359375 1861277
-44.5556640625 -14.0380859375 38.818359375 1861278
-44.5556640625 -14.0380859375 38.818359375 1861278
-44.5556640625 -14.0380859375 38.818359375 1861279
-44.5556640625 -14.0380859375 38.818359375 1861378
83.55712890625 9.8876953125 -54.6875 1861379
83.55712890625 9.8876953125 -54.6875 1861380
83.55712890625 9.8876953125 -54.6875 1861381
83.55712890625 9.8876953125 -54.6875 1861382
83.55712890625 9.8876953125 -54.6875 1861481
-46.0205078125 -25.32958984375 -3.96728515625 1861482
-46.0205078125 -25.32958984375 -3.96728515625 1861483
-46.0205078125 -25.32958984375 -3.96728515625 1861483
-46.0205078125 -25.32958984375 -3.96728515625 1861484
38.2080078125 -15.13671875 -12.14599609375 1861567
38.2080078125 -15.13671875 -12.14599609375 1861691
21.6064453125 3.0517578125 -13.61083984375 1861692
21.6064453125 3.0517578125 -13.61083984375 1861693
21.6064453125 3.0517578125 -13.61083984375 1861694
21.6064453125 3.0517578125 -13.61083984375 1861695
-39.306640625 -19.04296875 38.4521484375 1861769
-39.306640625 -19.04296875 38.4521484375 1861875
12.939453125 -1.3427734375 -8.48388671875 1861876
12.939453125 -1.3427734375 -8.48388671875 1861876
12.939453125 -1.3427734375 -8.48388671875 1861877
12.939453125 -1.3427734375 -8.48388671875 1861878
12.939453125 -1.3427734375 -8.48388671875 1861975
-21.97265625 -3.41796875 -5.92041015625 1861976
-21.97265625 -3.41796875 -5.92041015625 1861976
-21.97265625 -3.41796875 -5.92041015625 1861977
-21.97265625 -3.41796875 -5.92041015625 1861978
-42.1142578125 -29.4189453125 87.82958984375 1862061
-42.1142578125 -29.4189453125 87.82958984375 1862185
45.8984375 12.26806640625 -51.57470703125 1862187
45.8984375 12.26806640625 -51.57470703125 1862188
45.8984375 12.26806640625 -51.57470703125 1862189
45.8984375 12.26806640625 -51.57470703125 1862190
-41.44287109375 3.35693359375 -5.615234375 1862280
-41.44287109375 3.35693359375 -5.615234375 1862365
8.48388671875 -2.86865234375 53.22265625 1862366
8.48388671875 -2.86865234375 53.22265625 1862366
8.48388671875 -2.86865234375 53.22265625 1862367
8.48388671875 -2.86865234375 53.22265625 1862368
8.48388671875 -2.86865234375 53.22265625 1862473
26.611328125 4.69970703125 -32.3486328125 1862474
26.611328125 4.69970703125 -32.3486328125 1862476
26.611328125 4.69970703125 -32.3486328125 1862477
26.611328125 4.69970703125 -32.3486328125 1862477
26.611328125 4.69970703125 -32.3486328125 1862578
-49.6826171875 6.591796875 -0.06103515625 1862579
-49.6826171875 6.591796875 -0.06103515625 1862580
-49.6826171875 6.591796875 -0.06103515625 1862580
-49.6826171875 6.591796875 -0.06103515625 1862581
-49.6826171875 6.591796875 -0.06103515625 1862688
38.9404296875 2.25830078125 20.44677734375 1862689
38.9404296875 2.25830078125 20.44677734375 1862690
38.9404296875 2.25830078125 20.44677734375 1862691
38.9404296875 2.25830078125 20.44677734375 1862691
-23.74267578125 0.1220703125 -26.3671875 1862778
-23.74267578125 0.1220703125 -26.3671875 1862889
-10.07080078125 16.54052734375 32.65380859375 1862890
-10.07080078125 16.54052734375 32.65380859375 1862896
-10.07080078125 16.54052734375 32.65380859375 1862897
-10.07080078125 16.54052734375 32.65380859375 1862898
4.638671875 -18.24951171875 -8.1787109375 1862979
4.638671875 -18.24951171875 -8.1787109375 1863067
-55.96923828125 10.92529296875 -25.0244140625 1863068
-55.96923828125 10.92529296875 -25.0244140625 1863069
-55.96923828125 10.92529296875 -25.0244140625 1863070
-55.96923828125 10.92529296875 -25.0244140625 1863071
-55.96923828125 10.92529296875 -25.0244140625 1863174
36.2548828125 -1.28173828125 9.70458984375 1863175
36.2548828125 -1.28173828125 9.70458984375 1863176
36.2548828125 -1.28173828125 9.70458984375 1863177
36.2548828125 -1.28173828125 9.70458984375 1863178
36.2548828125 -1.28173828125 9.70458984375 1863283
-24.5361328125 9.8876953125 -17.51708984375 1863284
-24.5361328125 9.8876953125 -17.51708984375 1863285
-24.5361328125 9.8876953125 -17.51708984375 1863285
-24.5361328125 9.8876953125 -17.51708984375 1863286
-27.4658203125 -0.8544921875 42.1142578125 1863364
-27.4658203125 -0.8544921875 42.1142578125 1863474
52.24609375 15.68603515625 -34.60693359375 1863475
52.24609375 15.68603515625 -34.60693359375 1863476
52.24609375 15.68603515625 -34.60693359375 1863476
52.24609375 15.68603515625 -34.60693359375 1863477
52.24609375 15.68603515625 -34.60693359375 1863578
-88.2568359375 -9.1552734375 12.02392578125 1863579
-88.2568359375 -9.1552734375 12.02392578125 1863580
-88.2568359375 -9.1552734375 12.02392578125 1863581
-88.2568359375 -9.1552734375 12.02392578125 1863581
-88.2568359375 -9.1552734375 12.02392578125 1863682
60.97412109375 3.72314453125 -21.728515625 1863683
60.97412109375 3.72314453125 -21.728515625 1863684
60.97412109375 3.72314453125 -21.728515625 1863685
60.97412109375 3.72314453125 -21.728515625 1863686
60.97412109375 3.72314453125 -21.728515625 1863785
-28.4423828125 7.568359375 -7.6904296875 1863786
-28.4423828125 7.568359375 -7.6904296875 1863787
-28.4423828125 7.568359375 -7.6904296875 1863788
-28.4423828125 7.568359375 -7.6904296875 1863789
22.15576171875 18.85986328125 18.310546875 1863868
22.15576171875 18.85986328125 18.310546875 1863976
44.189453125 1.8310546875 -21.05712890625 1863977
44.189453125 1.8310546875 -21.05712890625 1863978
44.189453125 1.8310546875 -21.05712890625 1863979
44.189453125 1.8310546875 -21.05712890625 1863980
44.189453125 1.8310546875 -21.05712890625 1864082
-104.30908203125 -24.0478515625 27.7099609375 1864083
-104.30908203125 -24.0478515625 27.7099609375 1864084
-104.30908203125 -24.0478515625 27.7099609375 1864085
-104.30908203125 -24.0478515625 27.7099609375 1864087
92.1630859375 25.0244140625 -39.1845703125 1864169
92.1630859375 25.0244140625 -39.1845703125 1864273
-65.36865234375 0.48828125 12.0849609375 1864274
-65.36865234375 0.48828125 12.0849609375 1864275
-65.36865234375 0.48828125 12.0849609375 1864275
-65.36865234375 0.48828125 12.0849609375 1864276
-65.36865234375 0.48828125 12.0849609375 1864375
13.61083984375 4.0283203125 -4.33349609375 1864376
13.61083984375 4.0283203125 -4.33349609375 1864377
13.61083984375 4.0283203125 -4.33349609375 1864378
13.61083984375 4.0283203125 -4.33349609375 1864379
13.61083984375 4.0283203125 -4.33349609375 1864483
27.89306640625 7.99560546875 14.09912109375 1864484
27.89306640625 7.99560546875 14.09912109375 1864485
27.89306640625 7.99560546875 14.09912109375 1864486
27.89306640625 7.99560546875 14.09912109375 1864488
-95.52001953125 -32.958984375 33.63037109375 1864565
-95.52001953125 -32.958984375 33.63037109375 1864705
105.89599609375 21.78955078125 -23.13232421875 1864706
105.89599609375 21.78955078125 -23.13232421875 1864707
105.89599609375 21.78955078125 -23.13232421875 1864708
105.89599609375 21.78955078125 -23.13232421875 1864709
-81.6650390625 -17.15087890625 24.96337890625 1864795
-81.6650390625 -17.15087890625 24.96337890625 1864877
38.0859375 21.91162109375 -36.2548828125 1864878
38.0859375 21.91162109375 -36.2548828125 1864879
38.0859375 21.91162109375 -36.2548828125 1864880
38.0859375 21.91162109375 -36.2548828125 1864881
38.0859375 21.91162109375 -36.2548828125 1864980
14.2822265625 11.23046875 -16.54052734375 1864981
14.2822265625 11.23046875 -16.54052734375 1864982
14.2822265625 11.23046875 -16.54052734375 1864983
14.2822265625 11.23046875 -16.54052734375 1864983
14.2822265625 11.23046875 -16.54052734375 1865107
-62.01171875 8.1787109375 6.4697265625 1865108
-62.01171875 8.1787109375 6.4697265625 1865109
-62.01171875 8.1787109375 6.4697265625 1865111
-62.01171875 8.1787109375 6.4697265625 1865112
74.40185546875 1.46484375 -22.8271484375 1865169
74.40185546875 1.46484375 -22.8271484375 1865285
-53.22265625 -34.66796875 58.837890625 1865286
-53.22265625 -34.66796875 58.837890625 1865287
-53.22265625 -34.66796875 58.837890625 1865288
-53.22265625 -34.66796875 58.837890625 1865289
-53.22265625 -34.66796875 58.837890625 1865387
96.435546875 14.16015625 -78.18603515625 1865388
96.435546875 14.16015625 -78.18603515625 1865389
96.435546875 14.16015625 -78.18603515625 1865392
96.435546875 14.16015625 -78.18603515625 1865394
-12.3291015625 -18.61572265625 1.89208984375 1865476
-12.3291015625 -18.61572265625 1.89208984375 1865609
-22.3388671875 21.30126953125 -5.43212890625 1865610
-22.3388671875 21.30126953125 -5.43212890625 1865611
-22.3388671875 21.30126953125 -5.43212890625 1865612
-22.3388671875 21.30126953125 -5.43212890625 1865612
76.904296875 14.404296875 -34.11865234375 1865662
76.904296875 14.404296875 -34.11865234375 1865806
-14.5263671875 22.94921875 -56.09130859375 1865807
-14.5263671875 22.94921875 -56.09130859375 1865808
-14.5263671875 22.94921875 -56.09130859375 1865809
-14.5263671875 22.94921875 -56.09130859375 1865810
32.71484375 -7.26318359375 33.447265625 1865874
32.71484375 -7.26318359375 33.447265625 1865981
42.6025390625 24.96337890625 -53.22265625 1865982
42.6025390625 24.96337890625 -53.22265625 1865983
42.6025390625 24.96337890625 -53.22265625 1865984
42.6025390625 24.96337890625 -53.22265625 1865985
-8.056640625 -7.080078125 35.94970703125 1866067
-8.056640625 -7.080078125 35.94970703125 1866169
19.71435546875 -6.89697265625 -21.78955078125 1866170
19.71435546875 -6.89697265625 -21.78955078125 1866171
19.71435546875 -6.89697265625 -21.78955078125 1866172
19.71435546875 -6.89697265625 -21.78955078125 1866173
19.71435546875 -6.89697265625 -21.78955078125 1866283
9.6435546875 12.939453125 -11.65771484375 1866284
9.6435546875 12.939453125 -11.65771484375 1866285
9.6435546875 12.939453125 -11.65771484375 1866286
9.6435546875 12.939453125 -11.65771484375 1866286
-32.77587890625 -32.28759765625 51.45263671875 1866363
-32.77587890625 -32.28759765625 51.45263671875 1866473
42.236328125 40.46630859375 -32.40966796875 1866474
42.236328125 40.46630859375 -32.40966796875 1866475
42.236328125 40.46630859375 -32.40966796875 1866476
42.236328125 40.46630859375 -32.40966796875 1866477
-39.12353515625 -8.72802734375 41.8701171875 1866561
-39.12353515625 -8.72802734375 41.8701171875 1866703
-20.20263671875 -38.57421875 34.24072265625 1866704
-20.20263671875 -38.57421875 34.24072265625 1866705
-20.20263671875 -38.57421875 34.24072265625 1866706
-20.20263671875 -38.57421875 34.24072265625 1866708
3.47900390625 21.78955078125 -32.470703125 1866781
3.47900390625 21.78955078125 -32.470703125 1866864
-21.97265625 9.58251953125 18.12744140625 1866866
-21.97265625 9.58251953125 18.12744140625 1866867
-21.97265625 9.58251953125 18.12744140625 1866868
-21.97265625 9.58251953125 18.12744140625 1866869
-21.97265625 9.58251953125 18.12744140625 1867039
50.29296875 7.32421875 -2.50244140625 1867040
50.29296875 7.32421875 -2.50244140625 1867041
50.29296875 7.32421875 -2.50244140625 1867042
50.29296875 7.32421875 -2.50244140625 1867044
-76.23291015625 -22.88818359375 -11.5966796875 1867067
-76.23291015625 -22.88818359375 -11.5966796875 1867175
33.87451171875 -0.54931640625 31.8603515625 1867176
33.87451171875 -0.54931640625 31.8603515625 1867177
33.87451171875 -0.54931640625 31.8603515625 1867178
33.87451171875 -0.54931640625 31.8603515625 1867179
33.87451171875 -0.54931640625 31.8603515625 1867277
8.30078125 -4.7607421875 -47.8515625 1867278
8.30078125 -4.7607421875 -47.8515625 1867279
8.30078125 -4.7607421875 -47.8515625 1867280
8.30078125 -4.7607421875 -47.8515625 1867281
8.30078125 -4.7607421875 -47.8515625 1867388
-65.185546875 13.73291015625 35.09521484375 1867389
-65.185546875 13.73291015625 35.09521484375 1867390
-65.185546875 13.73291015625 35.09521484375 1867391
-65.185546875 13.73291015625 35.09521484375 1867393
88.92822265625 -5.126953125 4.57763671875 1867466
88.92822265625 -5.126953125 4.57763671875 1867574
-131.77490234375 -11.41357421875 -10.009765625 1867575
-131.77490234375 -11.41357421875 -10.009765625 1867576
-131.77490234375 -11.41357421875 -10.009765625 1867576
-131.77490234375 -11.41357421875 -10.009765625 1867577
94.05517578125 -2.13623046875 -0.18310546875 1867660
94.05517578125 -2.13623046875 -0.18310546875 1867771
-69.4580078125 -13.427734375 -24.0478515625 1867772
-69.4580078125 -13.427734375 -24.0478515625 1867774
-69.4580078125 -13.427734375 -24.0478515625 1867775
-69.4580078125 -13.427734375 -24.0478515625 1867776
-69.4580078125 -13.427734375 -24.0478515625 1867879
-53.466796875 13.36669921875 12.14599609375 1867880
-53.466796875 13.36669921875 12.14599609375 1867881
-53.466796875 13.36669921875 12.14599609375 1867882
-53.466796875 13.36669921875 12.14599609375 1867883
76.416015625 -13.0615234375 -5.4931640625 1867964
76.416015625 -13.0615234375 -5.4931640625 1868075
-120.2392578125 1.5869140625 -14.22119140625 1868076
-120.2392578125 1.5869140625 -14.22119140625 1868077
-120.2392578125 1.5869140625 -14.22119140625 1868078
-120.2392578125 1.5869140625 -14.22119140625 1868079
-120.2392578125 1.5869140625 -14.22119140625 1868184
123.35205078125 11.04736328125 14.404296875 1868185
123.35205078125 11.04736328125 14.404296875 1868187
123.35205078125 11.04736328125 14.404296875 1868188
123.35205078125 11.04736328125 14.404296875 1868189
-34.7900390625 -12.3291015625 -7.99560546875 1868273
-34.7900390625 -12.3291015625 -7.99560546875 1868380
5.18798828125 23.98681640625 17.39501953125 1868381
5.18798828125 23.98681640625 17.39501953125 1868382
5.18798828125 23.98681640625 17.39501953125 1868383
5.18798828125 23.98681640625 17.39501953125 1868383
5.18798828125 23.98681640625 17.39501953125 1869041
54.50439453125 -16.7236328125 13.00048828125 1869042
54.50439453125 -16.7236328125 13.00048828125 1869043
54.50439453125 -16.7236328125 13.00048828125 1869044
54.50439453125 -16.7236328125 13.00048828125 1869045
-140.19775390625 1.708984375 -32.71484375 1869046
123.84033203125 -6.16455078125 14.58740234375 1869047
-70.61767578125 -8.11767578125 -10.986328125 1869048
-19.1650390625 11.04736328125 -5.37109375 1869049
61.82861328125 -6.591796875 15.07568359375 1869050
-117.98095703125 11.23046875 -8.60595703125 1869062
-117.98095703125 11.23046875 -8.60595703125 1869199
64.14794921875 4.2724609375 -26.67236328125 1869200
64.14794921875 4.2724609375 -26.67236328125 1869201
64.14794921875 4.2724609375 -26.67236328125 1869201
64.14794921875 4.2724609375 -26.67236328125 1869202
-60.11962890625 3.173828125 5.7373046875 1869296
-60.11962890625 3.173828125 5.7373046875 1869373
44.98291015625 10.92529296875 -12.51220703125 1869374
44.98291015625 10.92529296875 -12.51220703125 1869375
44.98291015625 10.92529296875 -12.51220703125 1869376
44.98291015625 10.92529296875 -12.51220703125 1869377
44.98291015625 10.92529296875 -12.51220703125 1869757
36.4990234375 2.3193359375 -9.1552734375 1869878
36.4990234375 2.3193359375 -9.1552734375 1869879
36.4990234375 2.3193359375 -9.1552734375 1869880
36.4990234375 2.3193359375 -9.1552734375 1869881
36.4990234375 2.3193359375 -9.1552734375 1869882
-39.36767578125 22.39990234375 15.380859375 1869882
81.11572265625 -0.6103515625 -4.0283203125 1869883
81.11572265625 -0.6103515625 -4.0283203125 1870008
-72.1435546875 3.11279296875 -13.671875 1870010
-72.1435546875 3.11279296875 -13.671875 1870011
-72.1435546875 3.11279296875 -13.671875 1870012
-72.1435546875 3.11279296875 -13.671875 1870013
67.138671875 4.82177734375 35.21728515625 1870014
-2.38037109375 2.86865234375 -13.73291015625 1870016
-2.38037109375 2.86865234375 -13.73291015625 1870143
-23.86474609375 2.62451171875 16.78466796875 1870144
-23.86474609375 2.62451171875 16.78466796875 1870146
-23.86474609375 2.62451171875 16.78466796875 1870147
-23.86474609375 2.62451171875 16.78466796875 1870148
-23.86474609375 2.62451171875 16.78466796875 1870245
56.70166015625 17.333984375 -27.77099609375 1870262
56.70166015625 17.333984375 -27.77099609375 1870263
56.70166015625 17.333984375 -27.77099609375 1870264
56.70166015625 17.333984375 -27.77099609375 1870265
-70.1904296875 -1.5869140625 5.4931640625 1870330
-70.1904296875 -1.5869140625 5.4931640625 1870438
-1.03759765625 28.9306640625 -22.4609375 1870439
-1.03759765625 28.9306640625 -22.4609375 1870440
-1.03759765625 28.9306640625 -22.4609375 1870441
-1.03759765625 28.9306640625 -22.4609375 1870442
-1.03759765625 28.9306640625 -22.4609375 1870549
24.23095703125 1.5869140625 -21.8505859375 1870550
24.23095703125 1.5869140625 -21.8505859375 1870551
24.23095703125 1.5869140625 -21.8505859375 1870552
24.23095703125 1.5869140625 -21.8505859375 1870553
-73.1201171875 27.83203125 23.3154296875 1870603
-73.1201171875 27.83203125 23.3154296875 1870675
18.6767578125 -18.85986328125 3.7841796875 1870676
18.6767578125 -18.85986328125 3.7841796875 1870678
18.6767578125 -18.85986328125 3.7841796875 1870679
18.6767578125 -18.85986328125 3.7841796875 1870680
-72.69287109375 4.7607421875 19.59228515625 1870766
-72.69287109375 4.7607421875 19.59228515625 1870875
13.73291015625 -13.36669921875 -10.68115234375 1870877
13.73291015625 -13.36669921875 -10.68115234375 1870878
13.73291015625 -13.36669921875 -10.68115234375 1870879
13.73291015625 -13.36669921875 -10.68115234375 1870880
13.73291015625 -13.36669921875 -10.68115234375 1870981
-17.9443359375 4.82177734375 10.7421875 1870982
-17.9443359375 4.82177734375 10.7421875 1870983
-17.9443359375 4.82177734375 10.7421875 1870984
-17.9443359375 4.82177734375 10.7421875 1870985
77.33154296875 -5.18798828125 -32.2265625 1871066
77.33154296875 -5.18798828125 -32.2265625 1871170
10.3759765625 0.06103515625 -69.64111328125 1871171
10.3759765625 0.06103515625 -69.64111328125 1871172
10.3759765625 0.06103515625 -69.64111328125 1871173
10.3759765625 0.06103515625 -69.64111328125 1871174
10.3759765625 0.06103515625 -69.64111328125 1871274
-37.109375 -2.01416015625 93.8720703125 1871275
-37.109375 -2.01416015625 93.8720703125 1871276
-37.109375 -2.01416015625 93.8720703125 1871277
-37.109375 -2.01416015625 93.8720703125 1871278
-37.109375 -2.01416015625 93.8720703125 1871380
105.65185546875 19.83642578125 -94.66552734375 1871381
105.65185546875 19.83642578125 -94.66552734375 1871382
105.65185546875 19.83642578125 -94.66552734375 1871383
105.65185546875 19.83642578125 -94.66552734375 1871384
-69.82421875 -15.31982421875 2.86865234375 1871460
-69.82421875 -15.31982421875 2.86865234375 1871571
45.0439453125 -15.80810546875 13.916015625 1871572
45.0439453125 -15.80810546875 13.916015625 1871573
45.0439453125 -15.80810546875 13.916015625 1871574
45.0439453125 -15.80810546875 13.916015625 1871575
18.4326171875 30.1513671875 -58.349609375 1871660
18.4326171875 30.1513671875 -58.349609375 1871785
11.41357421875 -24.90234375 31.06689453125 1871787
11.41357421875 -24.90234375 31.06689453125 1871788
11.41357421875 -24.90234375 31.06689453125 1871789
11.41357421875 -24.90234375 31.06689453125 1871790
22.39990234375 8.97216796875 -34.60693359375 1871882
22.39990234375 8.97216796875 -34.60693359375 1871968
-20.263671875 -5.9814453125 -5.37109375 1871970
-20.263671875 -5.9814453125 -5.37109375 1871971
-20.263671875 -5.9814453125 -5.37109375 1871972
-20.263671875 -5.9814453125 -5.37109375 1871973
-4.94384765625 -22.94921875 20.32470703125 1872061
-4.94384765625 -22.94921875 20.32470703125 1872175
11.23046875 35.33935546875 -29.72412109375 1872176
11.23046875 35.33935546875 -29.72412109375 1872177
11.23046875 35.33935546875 -29.72412109375 1872178
11.23046875 35.33935546875 -29.72412109375 1872179
11.23046875 35.33935546875 -29.72412109375 1872280
-8.85009765625 -9.8876953125 13.18359375 1872281
-8.85009765625 -9.8876953125 13.18359375 1872282
-8.85009765625 -9.8876953125 13.18359375 1872309
-8.85009765625 -9.8876953125 13.18359375 1872310
13.12255859375 -0.91552734375 12.87841796875 1872368
13.12255859375 -0.91552734375 12.87841796875 1872475
-17.7001953125 17.76123046875 0.9765625 1872476
-17.7001953125 17.76123046875 0.9765625 1872477
-17.7001953125 17.76123046875 0.9765625 1872478
-17.7001953125 17.76123046875 0.9765625 1872479
-17.7001953125 17.76123046875 0.9765625 1872580
9.46044921875 4.638671875 -20.1416015625 1872581
9.46044921875 4.638671875 -20.1416015625 1872582
9.46044921875 4.638671875 -20.1416015625 1872583
9.46044921875 4.638671875 -20.1416015625 1872584
-23.4375 -22.76611328125 47.91259765625 1872662
-23.4375 -22.76611328125 47.91259765625 1872772
-29.6630859375 -4.94384765625 7.26318359375 1872773
-29.6630859375 -4.94384765625 7.26318359375 1872774
-29.6630859375 -4.94384765625 7.26318359375 1872775
-29.6630859375 -4.94384765625 7.26318359375 1872776
-29.6630859375 -4.94384765625 7.26318359375 1872885
43.76220703125 34.66796875 -35.0341796875 1872887
43.76220703125 34.66796875 -35.0341796875 1872888
43.76220703125 34.66796875 -35.0341796875 1872889
43.76220703125 34.66796875 -35.0341796875 1872889
-57.06787109375 -37.353515625 49.86572265625 1872972
-57.06787109375 -37.353515625 49.86572265625 1873086
38.4521484375 11.3525390625 -29.6630859375 1873087
38.4521484375 11.3525390625 -29.6630859375 1873088
38.4521484375 11.3525390625 -29.6630859375 1873089
38.4521484375 11.3525390625 -29.6630859375 1873090
-44.86083984375 4.57763671875 1.77001953125 1873177
-44.86083984375 4.57763671875 1.77001953125 1873281
6.2255859375 -9.82666015625 -6.103515625 1873282
6.2255859375 -9.82666015625 -6.103515625 1873283
6.2255859375 -9.82666015625 -6.103515625 1873284
6.2255859375 -9.82666015625 -6.103515625 1873285
32.958984375 5.67626953125 17.76123046875 1873364
32.958984375 5.67626953125 17.76123046875 1873472
-83.8623046875 -6.591796875 -36.7431640625 1873473
-83.8623046875 -6.591796875 -36.7431640625 1873474
-83.8623046875 -6.591796875 -36.7431640625 1873475
-83.8623046875 -6.591796875 -36.7431640625 1873476
61.21826171875 3.35693359375 6.16455078125 1873563
61.21826171875 3.35693359375 6.16455078125 1873664
-54.3212890625 -15.93017578125 13.36669921875 1873676
-54.3212890625 -15.93017578125 13.36669921875 1873677
-54.3212890625 -15.93017578125 13.36669921875 1873678
-54.3212890625 -15.93017578125 13.36669921875 1873679
7.75146484375 4.57763671875 2.13623046875 1873760
7.75146484375 4.57763671875 2.13623046875 1873876
58.28857421875 1.3427734375 -0.9765625 1873877
58.28857421875 1.3427734375 -0.9765625 1873878
58.28857421875 1.3427734375 -0.9765625 1873879
58.28857421875 1.3427734375 -0.9765625 1873880
-98.6328125 -2.25830078125 8.72802734375 1873966
-98.6328125 -2.25830078125 8.72802734375 1874077
71.77734375 0.30517578125 0.48828125 1874078
71.77734375 0.30517578125 0.48828125 1874079
71.77734375 0.30517578125 0.48828125 1874080
71.77734375 0.30517578125 0.48828125 1874081
-73.66943359375 -4.8828125 -39.4287109375 1874161
-73.66943359375 -4.8828125 -39.4287109375 1874267
-6.28662109375 9.94873046875 80.38330078125 1874268
-6.28662109375 9.94873046875 80.38330078125 1874269
-6.28662109375 9.94873046875 80.38330078125 1874269
-6.28662109375 9.94873046875 80.38330078125 1874270
-6.28662109375 9.94873046875 80.38330078125 1874373
49.560546875 19.34814453125 -85.99853515625 1874374
49.560546875 19.34814453125 -85.99853515625 1874375
49.560546875 19.34814453125 -85.99853515625 1874376
49.560546875 19.34814453125 -85.99853515625 1874377
49.560546875 19.34814453125 -85.99853515625 1874477
-118.10302734375 -14.0380859375 85.5712890625 1874478
-118.10302734375 -14.0380859375 85.5712890625 1874479
-118.10302734375 -14.0380859375 85.5712890625 1874480
-118.10302734375 -14.0380859375 85.5712890625 1874481
122.25341796875 15.0146484375 -71.35009765625 1874560
122.25341796875 15.0146484375 -71.35009765625 1874672
-86.12060546875 -15.07568359375 39.36767578125 1874673
-86.12060546875 -15.07568359375 39.36767578125 1874674
-86.12060546875 -15.07568359375 39.36767578125 1874675
-86.12060546875 -15.07568359375 39.36767578125 1874676
-86.12060546875 -15.07568359375 39.36767578125 1874789
56.640625 23.74267578125 -12.26806640625 1874801
56.640625 23.74267578125 -12.26806640625 1874802
56.640625 23.74267578125 -12.26806640625 1874803
56.640625 23.74267578125 -12.26806640625 1874804
20.751953125 -14.404296875 16.9677734375 1874864
20.751953125 -14.404296875 16.9677734375 1874986
-92.34619140625 6.53076171875 -30.82275390625 1874990
-92.34619140625 6.53076171875 -30.82275390625 1874992
-92.34619140625 6.53076171875 -30.82275390625 1874993
-92.34619140625 6.53076171875 -30.82275390625 1874994
69.27490234375 -14.404296875 22.76611328125 1875076
69.27490234375 -14.404296875 22.76611328125 1875157
-98.20556640625 -16.29638671875 19.47021484375 1875158
-98.20556640625 -16.29638671875 19.47021484375 1875159
-98.20556640625 -16.29638671875 19.47021484375 1875160
-98.20556640625 -16.29638671875 19.47021484375 1875161
-98.20556640625 -16.29638671875 19.47021484375 1875273
85.51025390625 16.4794921875 7.14111328125 1875274
85.51025390625 16.4794921875 7.14111328125 1875275
85.51025390625 16.4794921875 7.14111328125 1875276
85.51025390625 16.4794921875 7.14111328125 1875278
10.6201171875 2.685546875 -3.35693359375 1875357
10.6201171875 2.685546875 -3.35693359375 1875482
-37.90283203125 14.09912109375 21.17919921875 1875483
-37.90283203125 14.09912109375 21.17919921875 1875484
-37.90283203125 14.09912109375 21.17919921875 1875485
-37.90283203125 14.09912109375 21.17919921875 1875486
65.3076171875 26.3671875 -26.85546875 1875573
65.3076171875 26.3671875 -26.85546875 1875660
-29.47998046875 -1.953125 1.64794921875 1875661
-29.47998046875 -1.953125 1.64794921875 1875662
-29.47998046875 -1.953125 1.64794921875 1875663
-29.47998046875 -1.953125 1.64794921875 1875664
-29.47998046875 -1.953125 1.64794921875 1875779
17.88330078125 3.47900390625 -1.15966796875 1875780
17.88330078125 3.47900390625 -1.15966796875 1875781
17.88330078125 3.47900390625 -1.15966796875 1875782
17.88330078125 3.47900390625 -1.15966796875 1875784
5.55419921875 -9.33837890625 1.708984375 1875866
5.55419921875 -9.33837890625 1.708984375 1875977
6.7138671875 0.244140625 5.06591796875 1875978
6.7138671875 0.244140625 5.06591796875 1875979
6.7138671875 0.244140625 5.06591796875 1875980
6.7138671875 0.244140625 5.06591796875 1875981
36.7431640625 -3.7841796875 -42.96875 1876077
36.7431640625 -3.7841796875 -42.96875 1876167
-56.94580078125 3.90625 -3.35693359375 1876168
-56.94580078125 3.90625 -3.35693359375 1876169
-56.94580078125 3.90625 -3.35693359375 1876170
-56.94580078125 3.90625 -3.35693359375 1876171
-56.94580078125 3.90625 -3.35693359375 1876270
41.32080078125 -21.240234375 -9.09423828125 1876271
41.32080078125 -21.240234375 -9.09423828125 1876272
41.32080078125 -21.240234375 -9.09423828125 1876273
41.32080078125 -21.240234375 -9.09423828125 1876274
41.32080078125 -21.240234375 -9.09423828125 1876416
11.41357421875 8.1787109375 -55.96923828125 1876417
11.41357421875 8.1787109375 -55.96923828125 1876417
11.41357421875 8.1787109375 -55.96923828125 1876418
11.41357421875 8.1787109375 -55.96923828125 1876419
41.3818359375 -1.5869140625 37.53662109375 1876476
41.3818359375 -1.5869140625 37.53662109375 1876563
14.0380859375 13.916015625 -60.36376953125 1876564
14.0380859375 13.916015625 -60.36376953125 1876565
14.0380859375 13.916015625 -60.36376953125 1876566
14.0380859375 13.916015625 -60.36376953125 1876567
14.0380859375 13.916015625 -60.36376953125 1876679
-11.04736328125 16.17431640625 10.80322265625 1876680
-11.04736328125 16.17431640625 10.80322265625 1876681
-11.04736328125 16.17431640625 10.80322265625 1876682
-11.04736328125 16.17431640625 10.80322265625 1876703
-3.0517578125 -17.88330078125 -17.02880859375 1876759
-3.0517578125 -17.88330078125 -17.02880859375 1876870
19.775390625 7.14111328125 -12.3291015625 1876871
19.775390625 7.14111328125 -12.3291015625 1876872
19.775390625 7.14111328125 -12.3291015625 1876873
19.775390625 7.14111328125 -12.3291015625 1876874
19.775390625 7.14111328125 -12.3291015625 1876975
-13.97705078125 -20.32470703125 0.30517578125 1876981
-13.97705078125 -20.32470703125 0.30517578125 1876982
-13.97705078125 -20.32470703125 0.30517578125 1876983
-13.97705078125 -20.32470703125 0.30517578125 1876984
-13.97705078125 -20.32470703125 0.30517578125 1877081
24.23095703125 3.60107421875 -9.94873046875 1877082
24.23095703125 3.60107421875 -9.94873046875 1877084
24.23095703125 3.60107421875 -9.94873046875 1877085
24.23095703125 3.60107421875 -9.94873046875 1877086
-21.91162109375 2.44140625 11.23046875 1877160
-21.91162109375 2.44140625 11.23046875 1877302
4.57763671875 -12.451171875 -3.5400390625 1877304
4.57763671875 -12.451171875 -3.5400390625 1877305
4.57763671875 -12.451171875 -3.5400390625 1877307
4.57763671875 -12.451171875 -3.5400390625 1877308
-11.77978515625 3.7841796875 4.638671875 1877370
-11.77978515625 3.7841796875 4.638671875 1877463
-6.34765625 -9.6435546875 -7.62939453125 1877464
-6.34765625 -9.6435546875 -7.62939453125 1877468
-6.34765625 -9.6435546875 -7.62939453125 1877469
-6.34765625 -9.6435546875 -7.62939453125 1877471
-6.34765625 -9.6435546875 -7.62939453125 1877571
-3.0517578125 -0.1220703125 32.8369140625 1877572
-3.0517578125 -0.1220703125 32.8369140625 1877572
-3.0517578125 -0.1220703125 32.8369140625 1877573
-3.0517578125 -0.1220703125 32.8369140625 1877574
-3.0517578125 -0.1220703125 32.8369140625 1877731
-38.87939453125 -9.033203125 26.67236328125 1877732
-38.87939453125 -9.033203125 26.67236328125 1877734
-38.87939453125 -9.033203125 26.67236328125 1877735
-38.87939453125 -9.033203125 26.67236328125 1877755
59.9365234375 30.33447265625 -25.08544921875 1877779
59.9365234375 30.33447265625 -25.08544921875 1877887
-75.13427734375 -50.47607421875 42.66357421875 1877888
-75.13427734375 -50.47607421875 42.66357421875 1877889
-75.13427734375 -50.47607421875 42.66357421875 1877890
-75.13427734375 -50.47607421875 42.66357421875 1877891
-11.77978515625 7.14111328125 -26.4892578125 1877969
-11.77978515625 7.14111328125 -26.4892578125 1878071
35.70556640625 5.18798828125 15.5029296875 1878072
35.70556640625 5.18798828125 15.5029296875 1878073
35.70556640625 5.18798828125 15.5029296875 1878074
35.70556640625 5.18798828125 15.5029296875 1878075
35.70556640625 5.18798828125 15.5029296875 1878181
-131.04248046875 -19.10400390625 -16.4794921875 1878183
-131.04248046875 -19.10400390625 -16.4794921875 1878184
-131.04248046875 -19.10400390625 -16.4794921875 1878185
-131.04248046875 -19.10400390625 -16.4794921875 1878186
75.74462890625 -14.404296875 20.6298828125 1878272
75.74462890625 -14.404296875 20.6298828125 1878361
-68.9697265625 5.79833984375 -58.53271484375 1878362
-68.9697265625 5.79833984375 -58.53271484375 1878363
-68.9697265625 5.79833984375 -58.53271484375 1878364
-68.9697265625 5.79833984375 -58.53271484375 1878365
-68.9697265625 5.79833984375 -58.53271484375 1878476
52.490234375 10.92529296875 70.9228515625 1878477
52.490234375 10.92529296875 70.9228515625 1878478
52.490234375 10.92529296875 70.9228515625 1878478
52.490234375 10.92529296875 70.9228515625 1878479
52.490234375 10.92529296875 70.9228515625 1878578
-7.4462890625 12.0849609375 -85.87646484375 1878579
-7.4462890625 12.0849609375 -85.87646484375 1878580
-7.4462890625 12.0849609375 -85.87646484375 1878581
-7.4462890625 12.0849609375 -85.87646484375 1878582
29.72412109375 34.3017578125 79.833984375 1878661
29.72412109375 34.3017578125 79.833984375 1878777
-23.49853515625 -43.9453125 -50.1708984375 1878778
-23.49853515625 -43.9453125 -50.1708984375 1878779
-23.49853515625 -43.9453125 -50.1708984375 1878780
-23.49853515625 -43.9453125 -50.1708984375 1878781
-23.49853515625 -43.9453125 -50.1708984375 1878943
-16.17431640625 16.90673828125 36.2548828125 1878944
-16.17431640625 16.90673828125 36.2548828125 1878945
-16.17431640625 16.90673828125 36.2548828125 1878946
-16.17431640625 16.90673828125 36.2548828125 1878946
46.81396484375 -18.6767578125 -34.24072265625 1878958
46.81396484375 -18.6767578125 -34.24072265625 1879083
-0.30517578125 10.009765625 6.591796875 1879085
-0.30517578125 10.009765625 6.591796875 1879086
-0.30517578125 10.009765625 6.591796875 1879087
-0.30517578125 10.009765625 6.591796875 1879088
8.23974609375 -1.64794921875 16.357421875 1879172
8.23974609375 -1.64794921875 16.357421875 1879274
15.13671875 0.67138671875 -24.59716796875 1879275
15.13671875 0.67138671875 -24.59716796875 1879276
15.13671875 0.67138671875 -24.59716796875 1879278
15.13671875 0.67138671875 -24.59716796875 1879279
-3.72314453125 13.36669921875 -2.38037109375 1879361
-3.72314453125 13.36669921875 -2.38037109375 1879483
-3.90625 -18.12744140625 -5.2490234375 1879484
-3.90625 -18.12744140625 -5.2490234375 1879485
-3.90625 -18.12744140625 -5.2490234375 1879486
-3.90625 -18.12744140625 -5.2490234375 1879487
-3.90625 -18.12744140625 -5.2490234375 1879586
-3.72314453125 20.93505859375 -14.6484375 1879587
-3.72314453125 20.93505859375 -14.6484375 1879588
-3.72314453125 20.93505859375 -14.6484375 1879589
-3.72314453125 20.93505859375 -14.6484375 1879590
-1.64794921875 8.97216796875 26.4892578125 1879679
-1.64794921875 8.97216796875 26.4892578125 1879757
20.1416015625 4.39453125 -13.5498046875 1879760
20.1416015625 4.39453125 -13.5498046875 1879761
20.1416015625 4.39453125 -13.5498046875 1879762
20.1416015625 4.39453125 -13.5498046875 1879763
20.1416015625 4.39453125 -13.5498046875 1879870
-32.1044921875 14.404296875 9.8876953125 1879871
-32.1044921875 14.404296875 9.8876953125 1879872
-32.1044921875 14.404296875 9.8876953125 1879873
-32.1044921875 14.404296875 9.8876953125 1879874
-32.1044921875 14.404296875 9.8876953125 1879976
-10.31494140625 -20.3857421875 -16.90673828125 1879977
-10.31494140625 -20.3857421875 -16.90673828125 1879978
-10.31494140625 -20.3857421875 -16.90673828125 1879979
-10.31494140625 -20.3857421875 -16.90673828125 1879980
-10.31494140625 -20.3857421875 -16.90673828125 1880110
28.86962890625 -5.06591796875 22.39990234375 1880111
28.86962890625 -5.06591796875 22.39990234375 1880112
28.86962890625 -5.06591796875 22.39990234375 1880113
28.86962890625 -5.06591796875 22.39990234375 1880114
-102.60009765625 0.6103515625 17.15087890625 1880169
-102.60009765625 0.6103515625 17.15087890625 1880260
113.83056640625 6.8359375 0.30517578125 1880261
113.83056640625 6.8359375 0.30517578125 1880262
113.83056640625 6.8359375 0.30517578125 1880263
113.83056640625 6.8359375 0.30517578125 1880264
113.83056640625 6.8359375 0.30517578125 1880372
-107.177734375 -26.9775390625 0.79345703125 1880373
-107.177734375 -26.9775390625 0.79345703125 1880374
-107.177734375 -26.9775390625 0.79345703125 1880375
-107.177734375 -26.9775390625 0.79345703125 1880376
67.68798828125 -13.00048828125 36.92626953125 1880458
67.68798828125 -13.00048828125 36.92626953125 1880575
-13.00048828125 19.04296875 -60.4248046875 1880576
-13.00048828125 19.04296875 -60.4248046875 1880578
-13.00048828125 19.04296875 -60.4248046875 1880579
-13.00048828125 19.04296875 -60.4248046875 1880580
20.01953125 11.41357421875 41.9921875 1880666
20.01953125 11.41357421875 41.9921875 1880800
21.78955078125 1.708984375 -21.66748046875 1880801
21.78955078125 1.708984375 -21.66748046875 1880802
21.78955078125 1.708984375 -21.66748046875 1880803
21.78955078125 1.708984375 -21.66748046875 1880805
-2.01416015625 47.2412109375 -23.193359375 1880899
-2.01416015625 47.2412109375 -23.193359375 1881017
12.51220703125 -11.29150390625 -10.25390625 1881018
12.51220703125 -11.29150390625 -10.25390625 1881019
12.51220703125 -11.29150390625 -10.25390625 1881020
12.51220703125 -11.29150390625 -10.25390625 1881021
-61.279296875 35.0341796875 5.55419921875 1881069
-61.279296875 35.0341796875 5.55419921875 1881504
67.68798828125 -38.4521484375 1.52587890625 1881505
67.68798828125 -38.4521484375 1.52587890625 1881506
67.68798828125 -38.4521484375 1.52587890625 1881508
67.68798828125 -38.4521484375 1.52587890625 1881540
-34.1796875 16.90673828125 -26.67236328125 1881542
64.27001953125 4.150390625 40.71044921875 1881543
-54.19921875 -18.98193359375 -12.939453125 1881544
24.5361328125 51.69677734375 21.78955078125 1881567
24.5361328125 51.69677734375 21.78955078125 1881763
5.79833984375 -32.5927734375 -13.18359375 1881764
5.79833984375 -32.5927734375 -13.18359375 1881766
5.79833984375 -32.5927734375 -13.18359375 1881767
5.79833984375 -32.5927734375 -13.18359375 1881768
-35.58349609375 17.39501953125 -3.23486328125 1881780
-35.58349609375 17.39501953125 -3.23486328125 1881874
-39.85595703125 4.33349609375 13.7939453125 1881875
-39.85595703125 4.33349609375 13.7939453125 1881876
-39.85595703125 4.33349609375 13.7939453125 1881877
-39.85595703125 4.33349609375 13.7939453125 1881878
-39.85595703125 4.33349609375 13.7939453125 1882185
77.45361328125 6.89697265625 -40.71044921875 1882186
77.45361328125 6.89697265625 -40.71044921875 1882239
77.45361328125 6.89697265625 -40.71044921875 1882240
77.45361328125 6.89697265625 -40.71044921875 1882241
-88.37890625 26.85546875 5.55419921875 1882242
28.564453125 -0.42724609375 -47.42431640625 1882243
-14.70947265625 3.35693359375 45.0439453125 1882272
-14.70947265625 3.35693359375 45.0439453125 1882375
20.99609375 -13.3056640625 15.7470703125 1882376
20.99609375 -13.3056640625 15.7470703125 1882377
20.99609375 -13.3056640625 15.7470703125 1882378
20.99609375 -13.3056640625 15.7470703125 1882379
20.99609375 -13.3056640625 15.7470703125 1882479
13.61083984375 3.84521484375 4.21142578125 1882480
13.61083984375 3.84521484375 4.21142578125 1882481
13.61083984375 3.84521484375 4.21142578125 1882482
13.61083984375 3.84521484375 4.21142578125 1882483
13.61083984375 3.84521484375 4.21142578125 1882584
-6.34765625 5.06591796875 11.29150390625 1882585
-6.34765625 5.06591796875 11.29150390625 1882616
-6.34765625 5.06591796875 11.29150390625 1882617
-6.34765625 5.06591796875 11.29150390625 1882618
-1.15966796875 7.99560546875 -21.54541015625 1882669
-1.15966796875 7.99560546875 -21.54541015625 1882769
-15.07568359375 1.46484375 10.7421875 1882770
-15.07568359375 1.46484375 10.7421875 1882771
-15.07568359375 1.46484375 10.7421875 1882772
-15.07568359375 1.46484375 10.7421875 1882773
29.4189453125 -8.7890625 -41.80908203125 1882858
29.4189453125 -8.7890625 -41.80908203125 1882972
-37.353515625 -7.32421875 32.3486328125 1882973
-37.353515625 -7.32421875 32.3486328125 1882974
-37.353515625 -7.32421875 32.3486328125 1882975
-37.353515625 -7.32421875 32.3486328125 1882976
69.2138671875 -8.97216796875 -60.60791015625 1883062
69.2138671875 -8.97216796875 -60.60791015625 1883164
-23.8037109375 -17.39501953125 30.09033203125 1883165
-23.8037109375 -17.39501953125 30.09033203125 1883166
-23.8037109375 -17.39501953125 30.09033203125 1883168
-23.8037109375 -17.39501953125 30.09033203125 1883169
-23.8037109375 -17.39501953125 30.09033203125 1883312
-17.822265625 15.869140625 -18.98193359375 1883313
-17.822265625 15.869140625 -18.98193359375 1883314
-17.822265625 15.869140625 -18.98193359375 1883315
-17.822265625 15.869140625 -18.98193359375 1883316
57.55615234375 -23.4375 17.39501953125 1883373
57.55615234375 -23.4375 17.39501953125 1883464
-65.5517578125 15.68603515625 -76.47705078125 1883465
-65.5517578125 15.68603515625 -76.47705078125 1883466
-65.5517578125 15.68603515625 -76.47705078125 1883467
-65.5517578125 15.68603515625 -76.47705078125 1883468
-65.5517578125 15.68603515625 -76.47705078125 1883576
90.2099609375 17.02880859375 25.2685546875 1883577
90.2099609375 17.02880859375 25.2685546875 1883600
90.2099609375 17.02880859375 25.2685546875 1883601
90.2099609375 17.02880859375 25.2685546875 1883602
90.2099609375 17.02880859375 25.2685546875 1883689
7.38525390625 8.1787109375 -79.65087890625 1883690
7.38525390625 8.1787109375 -79.65087890625 1883691
10.8642578125 13.7939453125 50.048828125 1883777
10.8642578125 13.7939453125 50.048828125 1883778
10.8642578125 13.7939453125 50.048828125 1883779
10.8642578125 13.7939453125 50.048828125 1883858
23.37646484375 1.64794921875 -48.4619140625 1883859
23.37646484375 1.64794921875 -48.4619140625 1883860
23.37646484375 1.64794921875 -48.4619140625 1883972
-19.71435546875 8.056640625 17.4560546875 1883973
-19.71435546875 8.056640625 17.4560546875 1883975
-19.71435546875 8.056640625 17.4560546875 1883976
-19.71435546875 8.056640625 17.4560546875 1883977
-19.71435546875 8.056640625 17.4560546875 1884095
7.99560546875 -17.27294921875 1.28173828125 1884096
7.99560546875 -17.27294921875 1.28173828125 1884097
7.99560546875 -17.27294921875 1.28173828125 1884098
7.99560546875 -17.27294921875 1.28173828125 1884099
-37.4755859375 6.77490234375 4.7607421875 1884159
-37.4755859375 6.77490234375 4.7607421875 1884279
3.41796875 -16.845703125 -14.58740234375 1884280
3.41796875 -16.845703125 -14.58740234375 1884281
3.41796875 -16.845703125 -14.58740234375 1884283
3.41796875 -16.845703125 -14.58740234375 1884284
20.3857421875 10.68115234375 -5.126953125 1884356
20.3857421875 10.68115234375 -5.126953125 1884477
-85.63232421875 -29.47998046875 32.28759765625 1884478
-85.63232421875 -29.47998046875 32.28759765625 1884479
-85.63232421875 -29.47998046875 32.28759765625 1884480
-85.63232421875 -29.47998046875 32.28759765625 1884481
-85.63232421875 -29.47998046875 32.28759765625 1884608
81.23779296875 4.7607421875 6.28662109375 1884609
81.23779296875 4.7607421875 6.28662109375 1884610
81.23779296875 4.7607421875 6.28662109375 1884611
81.23779296875 4.7607421875 6.28662109375 1884612
-77.33154296875 -15.625 -26.79443359375 1884676
-77.33154296875 -15.625 -26.79443359375 1884757
90.4541015625 33.3251953125 30.517578125 1884758
90.4541015625 33.3251953125 30.517578125 1884759
90.4541015625 33.3251953125 30.517578125 1884782
90.4541015625 33.3251953125 30.517578125 1884783
90.4541015625 33.3251953125 30.517578125 1884875
-55.5419921875 -20.751953125 -7.4462890625 1884876
-55.5419921875 -20.751953125 -7.4462890625 1884877
-55.5419921875 -20.751953125 -7.4462890625 1884878
-55.5419921875 -20.751953125 -7.4462890625 1884979
-8.48388671875 13.916015625 -10.19287109375 1884980
-8.48388671875 13.916015625 -10.19287109375 1884981
-8.48388671875 13.916015625 -10.19287109375 1884982
-8.48388671875 13.916015625 -10.19287109375 1884983
7.32421875 -6.34765625 22.03369140625 1885061
7.32421875 -6.34765625 22.03369140625 1885185
-18.85986328125 10.07080078125 -11.474609375 1885186
-18.85986328125 10.07080078125 -11.474609375 1885187
-18.85986328125 10.07080078125 -11.474609375 1885188
-18.85986328125 10.07080078125 -11.474609375 1885189
36.9873046875 -20.1416015625 17.9443359375 1885268
36.9873046875 -20.1416015625 17.9443359375 1885374
-26.3671875 11.8408203125 -55.48095703125 1885375
-26.3671875 11.8408203125 -55.48095703125 1885376
-26.3671875 11.8408203125 -55.48095703125 1885377
-26.3671875 11.8408203125 -55.48095703125 1885377
-26.3671875 11.8408203125 -55.48095703125 1885498
0.91552734375 -4.33349609375 62.744140625 1885499
0.91552734375 -4.33349609375 62.744140625 1885499
0.91552734375 -4.33349609375 62.744140625 1885500
0.91552734375 -4.33349609375 62.744140625 1885501
3.35693359375 -9.3994140625 -32.53173828125 1885557
3.35693359375 -9.3994140625 -32.53173828125 1885668
-61.5234375 2.50244140625 38.75732421875 1885669
-61.5234375 2.50244140625 38.75732421875 1885669
-61.5234375 2.50244140625 38.75732421875 1885670
-61.5234375 2.50244140625 38.75732421875 1885671
-61.5234375 2.50244140625 38.75732421875 1885806
58.04443359375 0.79345703125 -49.74365234375 1885806
58.04443359375 0.79345703125 -49.74365234375 1885807
58.04443359375 0.79345703125 -49.74365234375 1885807
58.04443359375 0.79345703125 -49.74365234375 1885808
-76.7822265625 3.72314453125 33.14208984375 1885874
-76.7822265625 3.72314453125 33.14208984375 1885961
62.6220703125 5.55419921875 -32.16552734375 1885962
62.6220703125 5.55419921875 -32.16552734375 1885964
62.6220703125 5.55419921875 -32.16552734375 1885965
62.6220703125 5.55419921875 -32.16552734375 1885966
-28.13720703125 -3.90625 28.1982421875 1886059
-28.13720703125 -3.90625 28.1982421875 1886173
-45.71533203125 8.72802734375 -11.8408203125 1886200
-45.71533203125 8.72802734375 -11.8408203125 1886201
-45.71533203125 8.72802734375 -11.8408203125 1886202
-45.71533203125 8.72802734375 -11.8408203125 1886203
67.81005859375 -2.74658203125 1.28173828125 1886273
67.81005859375 -2.74658203125 1.28173828125 1886359
-104.8583984375 4.39453125 6.2255859375 1886360
-104.8583984375 4.39453125 6.2255859375 1886361
-104.8583984375 4.39453125 6.2255859375 1886362
-104.8583984375 4.39453125 6.2255859375 1886363
-104.8583984375 4.39453125 6.2255859375 1886474
68.4814453125 -4.33349609375 -5.18798828125 1886475
68.4814453125 -4.33349609375 -5.18798828125 1886475
68.4814453125 -4.33349609375 -5.18798828125 1886476
68.4814453125 -4.33349609375 -5.18798828125 1886477
68.4814453125 -4.33349609375 -5.18798828125 1886579
-37.841796875 0.42724609375 -19.83642578125 1886580
-37.841796875 0.42724609375 -19.83642578125 1886581
-37.841796875 0.42724609375 -19.83642578125 1886583
-37.841796875 0.42724609375 -19.83642578125 1886584
61.34033203125 19.59228515625 31.73828125 1886661
61.34033203125 19.59228515625 31.73828125 1886757
17.76123046875 -1.64794921875 -34.912109375 1886759
17.76123046875 -1.64794921875 -34.912109375 1886760
17.76123046875 -1.64794921875 -34.912109375 1886761
17.76123046875 -1.64794921875 -34.912109375 1886762
17.76123046875 -1.64794921875 -34.912109375 1886870
-59.9365234375 4.45556640625 28.9306640625 1886871
-59.9365234375 4.45556640625 28.9306640625 1886871
-59.9365234375 4.45556640625 28.9306640625 1886872
-59.9365234375 4.45556640625 28.9306640625 1886873
53.28369140625 2.3193359375 -10.19287109375 1886959
53.28369140625 2.3193359375 -10.19287109375 1887072
-57.67822265625 -7.14111328125 -12.02392578125 1887074
-57.67822265625 -7.14111328125 -12.02392578125 1887075
-57.67822265625 -7.14111328125 -12.02392578125 1887076
-57.67822265625 -7.14111328125 -12.02392578125 1887077
-57.67822265625 -7.14111328125 -12.02392578125 1887174
53.28369140625 4.57763671875 44.7998046875 1887175
53.28369140625 4.57763671875 44.7998046875 1887176
53.28369140625 4.57763671875 44.7998046875 1887177
53.28369140625 4.57763671875 44.7998046875 1887178
12.51220703125 -6.16455078125 -36.2548828125 1887257
12.51220703125 -6.16455078125 -36.2548828125 1887356
-34.0576171875 9.27734375 58.16650390625 1887357
-34.0576171875 9.27734375 58.16650390625 1887358
-34.0576171875 9.27734375 58.16650390625 1887359
-34.0576171875 9.27734375 58.16650390625 1887360
-34.0576171875 9.27734375 58.16650390625 1887472
14.404296875 2.86865234375 -37.41455078125 1887473
14.404296875 2.86865234375 -37.41455078125 1887474
14.404296875 2.86865234375 -37.41455078125 1887475
14.404296875 2.86865234375 -37.41455078125 1887476
14.404296875 2.86865234375 -37.41455078125 1887580
-22.216796875 3.662109375 25.69580078125 1887581
-22.216796875 3.662109375 25.69580078125 1887582
-22.216796875 3.662109375 25.69580078125 1887583
-22.216796875 3.662109375 25.69580078125 1887584
7.99560546875 0 -4.7607421875 1887672
7.99560546875 0 -4.7607421875 1887803
-4.638671875 7.080078125 -7.62939453125 1887804
-4.638671875 7.080078125 -7.62939453125 1887805
-4.638671875 7.080078125 -7.62939453125 1887806
-4.638671875 7.080078125 -7.62939453125 1887807
2.5634765625 -2.74658203125 -5.7373046875 1887878
2.5634765625 -2.74658203125 -5.7373046875 1887957
8.85009765625 -10.80322265625 4.7607421875 1887958
8.85009765625 -10.80322265625 4.7607421875 1887959
8.85009765625 -10.80322265625 4.7607421875 1887961
8.85009765625 -10.80322265625 4.7607421875 1887962
8.85009765625 -10.80322265625 4.7607421875 1888065
-26.7333984375 -1.46484375 17.51708984375 1888066
-26.7333984375 -1.46484375 17.51708984375 1888067
-26.7333984375 -1.46484375 17.51708984375 1888069
-26.7333984375 -1.46484375 17.51708984375 1888069
0.1220703125 -1.03759765625 -97.5341796875 1888156
0.1220703125 -1.03759765625 -97.5341796875 1888271
-8.30078125 6.2255859375 61.09619140625 1888272
-8.30078125 6.2255859375 61.09619140625 1888273
-8.30078125 6.2255859375 61.09619140625 1888273
-8.30078125 6.2255859375 61.09619140625 1888274
-8.30078125 6.2255859375 61.09619140625 1888382
47.607421875 10.68115234375 -88.623046875 1888383
47.607421875 10.68115234375 -88.623046875 1888384
47.607421875 10.68115234375 -88.623046875 1888385
47.607421875 10.68115234375 -88.623046875 1888387
5.2490234375 -4.0283203125 -5.37109375 1888455
5.2490234375 -4.0283203125 -5.37109375 1888594
12.63427734375 -18.49365234375 4.21142578125 1888595
12.63427734375 -18.49365234375 4.21142578125 1888596
12.63427734375 -18.49365234375 4.21142578125 1888597
12.63427734375 -18.49365234375 4.21142578125 1888597
12.8173828125 17.822265625 -59.26513671875 1888656
12.8173828125 17.822265625 -59.26513671875 1888778
0.91552734375 -17.63916015625 40.46630859375 1888779
0.91552734375 -17.63916015625 40.46630859375 1888780
0.91552734375 -17.63916015625 40.46630859375 1888781
0.91552734375 -17.63916015625 40.46630859375 1888782
0.91552734375 -17.63916015625 40.46630859375 1888884
46.81396484375 15.31982421875 -37.90283203125 1888885
46.81396484375 15.31982421875 -37.90283203125 1888886
46.81396484375 15.31982421875 -37.90283203125 1888887
46.81396484375 15.31982421875 -37.90283203125 1888888
46.81396484375 15.31982421875 -37.90283203125 1888985
-44.25048828125 6.34765625 13.61083984375 1888986
-44.25048828125 6.34765625 13.61083984375 1888987
-44.25048828125 6.34765625 13.61083984375 1888988
-44.25048828125 6.34765625 13.61083984375 1888989
-44.25048828125 6.34765625 13.61083984375 1889131
16.845703125 -6.65283203125 -10.8642578125 1889132
16.845703125 -6.65283203125 -10.8642578125 1889133
16.845703125 -6.65283203125 -10.8642578125 1889135
16.845703125 -6.65283203125 -10.8642578125 1889136
-30.3955078125 8.6669921875 3.173828125 1889160
-30.3955078125 8.6669921875 3.173828125 1889260
-4.2724609375 -24.169921875 2.5634765625 1889261
-4.2724609375 -24.169921875 2.5634765625 1889262
-4.2724609375 -24.169921875 2.5634765625 1889263
-4.2724609375 -24.169921875 2.5634765625 1889264
-4.2724609375 -24.169921875 2.5634765625 1889376
31.06689453125 14.09912109375 13.12255859375 1889377
31.06689453125 14.09912109375 13.12255859375 1889378
31.06689453125 14.09912109375 13.12255859375 1889379
31.06689453125 14.09912109375 13.12255859375 1889380
-71.22802734375 -4.33349609375 3.47900390625 1889463
-71.22802734375 -4.33349609375 3.47900390625 1889580
65.73486328125 -5.859375 7.2021484375 1889582
65.73486328125 -5.859375 7.2021484375 1889583
65.73486328125 -5.859375 7.2021484375 1889584
65.73486328125 -5.859375 7.2021484375 1889585
-19.10400390625 -3.60107421875 17.02880859375 1889671
-19.10400390625 -3.60107421875 17.02880859375 1889803
-5.31005859375 15.56396484375 30.1513671875 1889804
-5.31005859375 15.56396484375 30.1513671875 1889805
-5.31005859375 15.56396484375 30.1513671875 1889806
-5.31005859375 15.56396484375 30.1513671875 1889807
11.1083984375 1.953125 -41.19873046875 1889864
11.1083984375 1.953125 -41.19873046875 1889982
-55.11474609375 -26.18408203125 40.4052734375 1889983
-55.11474609375 -26.18408203125 40.4052734375 1889987
-55.11474609375 -26.18408203125 40.4052734375 1889988
-55.11474609375 -26.18408203125 40.4052734375 1889989
44.61669921875 1.708984375 -43.701171875 1890059
44.61669921875 1.708984375 -43.701171875 1890177
-36.92626953125 2.38037109375 11.5966796875 1890178
-36.92626953125 2.38037109375 11.5966796875 1890179
-36.92626953125 2.38037109375 11.5966796875 1890180
-36.92626953125 2.38037109375 11.5966796875 1890181
-29.72412109375 -4.150390625 19.4091796875 1890257
-29.72412109375 -4.150390625 19.4091796875 1890369
28.076171875 0.1220703125 -22.5830078125 1890370
28.076171875 0.1220703125 -22.5830078125 1890371
28.076171875 0.1220703125 -22.5830078125 1890372
28.076171875 0.1220703125 -22.5830078125 1890373
-78.55224609375 32.5927734375 -22.27783203125 1890462
-78.55224609375 32.5927734375 -22.27783203125 1890567
37.841796875 -33.447265625 -49.6826171875 1890568
37.841796875 -33.447265625 -49.6826171875 1890569
37.841796875 -33.447265625 -49.6826171875 1890570
37.841796875 -33.447265625 -49.6826171875 1890570
-28.9306640625 -1.46484375 36.68212890625 1890658
-28.9306640625 -1.46484375 36.68212890625 1890785
50.35400390625 29.84619140625 -29.6630859375 1890786
50.35400390625 29.84619140625 -29.6630859375 1890787
50.35400390625 29.84619140625 -29.6630859375 1890788
50.35400390625 29.84619140625 -29.6630859375 1890790
-20.44677734375 -25.32958984375 13.916015625 1890868
-20.44677734375 -25.32958984375 13.916015625 1891004
-31.494140625 30.76171875 6.04248046875 1891006
-31.494140625 30.76171875 6.04248046875 1891007
-31.494140625 30.76171875 6.04248046875 1891008
-31.494140625 30.76171875 6.04248046875 1891010
32.16552734375 -46.32568359375 15.380859375 1891074
32.16552734375 -46.32568359375 15.380859375 1891179
-44.189453125 39.9169921875 -18.37158203125 1891180
-44.189453125 39.9169921875 -18.37158203125 1891181
-44.189453125 39.9169921875 -18.37158203125 1891182
-44.189453125 39.9169921875 -18.37158203125 1891183
53.89404296875 -7.6904296875 1.52587890625 1891262
53.89404296875 -7.6904296875 1.52587890625 1891368
-73.8525390625 -3.84521484375 7.38525390625 1891369
-73.8525390625 -3.84521484375 7.38525390625 1891370
-73.8525390625 -3.84521484375 7.38525390625 1891372
-73.8525390625 -3.84521484375 7.38525390625 1891373
79.28466796875 30.57861328125 24.5361328125 1891459
79.28466796875 30.57861328125 24.5361328125 1891571
-74.15771484375 -35.21728515625 -11.16943359375 1891572
-74.15771484375 -35.21728515625 -11.16943359375 1891573
-74.15771484375 -35.21728515625 -11.16943359375 1891574
-74.15771484375 -35.21728515625 -11.16943359375 1891575
-74.15771484375 -35.21728515625 -11.16943359375 1891673
-29.78515625 19.287109375 12.51220703125 1891674
-29.78515625 19.287109375 12.51220703125 1891675
-29.78515625 19.287109375 12.51220703125 1891676
-29.78515625 19.287109375 12.51220703125 1891677
52.42919921875 -11.04736328125 -7.9345703125 1891768
52.42919921875 -11.04736328125 -7.9345703125 1891871
-19.47021484375 16.11328125 -48.27880859375 1891872
-19.47021484375 16.11328125 -48.27880859375 1891873
-19.47021484375 16.11328125 -48.27880859375 1891874
-19.47021484375 16.11328125 -48.27880859375 1891875
-19.47021484375 16.11328125 -48.27880859375 1891975
28.9306640625 19.10400390625 66.7724609375 1891976
28.9306640625 19.10400390625 66.7724609375 1891977
28.9306640625 19.10400390625 66.7724609375 1891978
28.9306640625 19.10400390625 66.7724609375 1891999
54.50439453125 14.5263671875 -64.5751953125 1892063
54.50439453125 14.5263671875 -64.5751953125 1892169
-104.79736328125 -1.0986328125 46.93603515625 1892170
-104.79736328125 -1.0986328125 46.93603515625 1892171
-104.79736328125 -1.0986328125 46.93603515625 1892172
-104.79736328125 -1.0986328125 46.93603515625 1892173
-104.79736328125 -1.0986328125 46.93603515625 1892272
98.9990234375 16.2353515625 -40.1611328125 1892273
98.9990234375 16.2353515625 -40.1611328125 1892275
98.9990234375 16.2353515625 -40.1611328125 1892276
98.9990234375 16.2353515625 -40.1611328125 1892277
98.9990234375 16.2353515625 -40.1611328125 1892394
-102.4169921875 -2.99072265625 5.4931640625 1892395
-102.4169921875 -2.99072265625 5.4931640625 1892396
-102.4169921875 -2.99072265625 5.4931640625 1892397
-102.4169921875 -2.99072265625 5.4931640625 1892398
82.09228515625 15.625 2.13623046875 1892479
82.09228515625 15.625 2.13623046875 1892563
23.01025390625 1.3427734375 -21.8505859375 1892564
23.01025390625 1.3427734375 -21.8505859375 1892565
23.01025390625 1.3427734375 -21.8505859375 1892568
23.01025390625 1.3427734375 -21.8505859375 1892570
23.01025390625 1.3427734375 -21.8505859375 1892676
-41.015625 8.60595703125 21.05712890625 1892680
-41.015625 8.60595703125 21.05712890625 1892682
-41.015625 8.60595703125 21.05712890625 1892683
-41.015625 8.60595703125 21.05712890625 1892684
70.61767578125 9.82666015625 -25.146484375 1892761
70.61767578125 9.82666015625 -25.146484375 1892910
-86.48681640625 3.0517578125 -26.3671875 1892911
-86.48681640625 3.0517578125 -26.3671875 1892912
-86.48681640625 3.0517578125 -26.3671875 1892913
-86.48681640625 3.0517578125 -26.3671875 1892914
36.7431640625 -7.38525390625 64.51416015625 1892975
36.7431640625 -7.38525390625 64.51416015625 1893057
4.21142578125 -3.47900390625 -34.72900390625 1893058
4.21142578125 -3.47900390625 -34.72900390625 1893059
4.21142578125 -3.47900390625 -34.72900390625 1893060
4.21142578125 -3.47900390625 -34.72900390625 1893061
4.21142578125 -3.47900390625 -34.72900390625 1893168
-88.43994140625 34.72900390625 19.71435546875 1893169
-88.43994140625 34.72900390625 19.71435546875 1893170
-88.43994140625 34.72900390625 19.71435546875 1893171
-88.43994140625 34.72900390625 19.71435546875 1893172
23.5595703125 5.0048828125 -23.25439453125 1893258
23.5595703125 5.0048828125 -23.25439453125 1893372
-19.04296875 7.8125 -0.91552734375 1893373
-19.04296875 7.8125 -0.91552734375 1893374
-19.04296875 7.8125 -0.91552734375 1893375
-19.04296875 7.8125 -0.91552734375 1893376
-19.04296875 7.8125 -0.91552734375 1893490
19.95849609375 -24.658203125 -18.37158203125 1893491
19.95849609375 -24.658203125 -18.37158203125 1893492
19.95849609375 -24.658203125 -18.37158203125 1893492
19.95849609375 -24.658203125 -18.37158203125 1893493
2.50244140625 -26.79443359375 -34.24072265625 1893574
2.50244140625 -26.79443359375 -34.24072265625 1893658
-11.65771484375 -11.71875 33.99658203125 1893659
-11.65771484375 -11.71875 33.99658203125 1893660
-11.65771484375 -11.71875 33.99658203125 1893661
-11.65771484375 -11.71875 33.99658203125 1893662
-11.65771484375 -11.71875 33.99658203125 1893765
107.48291015625 38.63525390625 -114.56298828125 1893766
107.48291015625 38.63525390625 -114.56298828125 1893767
107.48291015625 38.63525390625 -114.56298828125 1893768
107.48291015625 38.63525390625 -114.56298828125 1893770
107.48291015625 38.63525390625 -114.56298828125 1893867
-92.95654296875 -46.93603515625 93.20068359375 1893868
-92.95654296875 -46.93603515625 93.20068359375 1893869
-92.95654296875 -46.93603515625 93.20068359375 1893870
-92.95654296875 -46.93603515625 93.20068359375 1893871
-92.95654296875 -46.93603515625 93.20068359375 1894003
67.32177734375 -9.70458984375 -68.84765625 1894004
67.32177734375 -9.70458984375 -68.84765625 1894029
67.32177734375 -9.70458984375 -68.84765625 1894030
67.32177734375 -9.70458984375 -68.84765625 1894031
1.46484375 -12.39013671875 -6.103515625 1894056
1.46484375 -12.39013671875 -6.103515625 1894191
-11.23046875 -0.91552734375 32.8369140625 1894193
-11.23046875 -0.91552734375 32.8369140625 1894196
-11.23046875 -0.91552734375 32.8369140625 1894197
-11.23046875 -0.91552734375 32.8369140625 1894198
23.13232421875 3.173828125 -44.00634765625 1894272
23.13232421875 3.173828125 -44.00634765625 1894357
2.0751953125 13.3056640625 14.95361328125 1894358
2.0751953125 13.3056640625 14.95361328125 1894359
2.0751953125 13.3056640625 14.95361328125 1894361
2.0751953125 13.3056640625 14.95361328125 1894362
2.0751953125 13.3056640625 14.95361328125 1894467
-11.1083984375 -43.39599609375 -5.18798828125 1894468
-11.1083984375 -43.39599609375 -5.18798828125 1894469
-11.1083984375 -43.39599609375 -5.18798828125 1894470
-11.1083984375 -43.39599609375 -5.18798828125 1894471
-11.1083984375 -43.39599609375 -5.18798828125 1894571
2.38037109375 9.033203125 4.150390625 1894573
2.38037109375 9.033203125 4.150390625 1894574
2.38037109375 9.033203125 4.150390625 1894575
2.38037109375 9.033203125 4.150390625 1894576
2.38037109375 9.033203125 4.150390625 1894673
-40.58837890625 -17.578125 26.91650390625 1894674
-40.58837890625 -17.578125 26.91650390625 1894675
-40.58837890625 -17.578125 26.91650390625 1894676
-40.58837890625 -17.578125 26.91650390625 1894677
-40.58837890625 -17.578125 26.91650390625 1894776
21.8505859375 48.095703125 -23.37646484375 1894777
21.8505859375 48.095703125 -23.37646484375 1894778
21.8505859375 48.095703125 -23.37646484375 1894779
21.8505859375 48.095703125 -23.37646484375 1894780
-63.96484375 15.80810546875 -34.60693359375 1894867
-63.96484375 15.80810546875 -34.60693359375 1894978
42.1142578125 -19.59228515625 51.025390625 1894979
42.1142578125 -19.59228515625 51.025390625 1894980
42.1142578125 -19.59228515625 51.025390625 1894981
42.1142578125 -19.59228515625 51.025390625 1894982
-23.13232421875 -1.8310546875 -21.05712890625 1895064
-23.13232421875 -1.8310546875 -21.05712890625 1895169
-28.9306640625 -4.82177734375 39.36767578125 1895170
-28.9306640625 -4.82177734375 39.36767578125 1895171
-28.9306640625 -4.82177734375 39.36767578125 1895173
-28.9306640625 -4.82177734375 39.36767578125 1895174
31.25 -1.64794921875 -25.57373046875 1895268
31.25 -1.64794921875 -25.57373046875 1895373
-32.1044921875 24.2919921875 42.78564453125 1895374
-32.1044921875 24.2919921875 42.78564453125 1895376
-32.1044921875 24.2919921875 42.78564453125 1895377
-32.1044921875 24.2919921875 42.78564453125 1895378
-32.1044921875 24.2919921875 42.78564453125 1895475
11.1083984375 0.42724609375 -76.66015625 1895476
11.1083984375 0.42724609375 -76.66015625 1895477
11.1083984375 0.42724609375 -76.66015625 1895477
11.1083984375 0.42724609375 -76.66015625 1895478
11.1083984375 0.42724609375 -76.66015625 1895583
-0.67138671875 88.31787109375 33.447265625 1895583
-0.67138671875 88.31787109375 33.447265625 1895584
-0.67138671875 88.31787109375 33.447265625 1895584
-0.67138671875 88.31787109375 33.447265625 1895585
-23.13232421875 -39.0625 -100.5859375 1895662
-23.13232421875 -39.0625 -100.5859375 1895764
53.03955078125 22.15576171875 96.00830078125 1895765
53.03955078125 22.15576171875 96.00830078125 1895766
53.03955078125 22.15576171875 96.00830078125 1895767
53.03955078125 22.15576171875 96.00830078125 1895768
53.03955078125 22.15576171875 96.00830078125 1895866
-14.58740234375 -9.8876953125 -71.59423828125 1895867
-14.58740234375 -9.8876953125 -71.59423828125 1895869
-14.58740234375 -9.8876953125 -71.59423828125 1895874
-14.58740234375 -9.8876953125 -71.59423828125 1895875
-14.58740234375 -9.8876953125 -71.59423828125 1895970
25.81787109375 -7.9345703125 31.55517578125 1895971
25.81787109375 -7.9345703125 31.55517578125 1895972
25.81787109375 -7.9345703125 31.55517578125 1895973
25.81787109375 -7.9345703125 31.55517578125 1896073
14.404296875 34.85107421875 8.11767578125 1896074
14.404296875 34.85107421875 8.11767578125 1896076
14.404296875 34.85107421875 8.11767578125 1896077
14.404296875 34.85107421875 8.11767578125 1896078
-2.685546875 -31.73828125 -6.40869140625 1896160
-2.685546875 -31.73828125 -6.40869140625 1896275
7.2021484375 39.97802734375 -60.36376953125 1896276
7.2021484375 39.97802734375 -60.36376953125 1896277
7.2021484375 39.97802734375 -60.36376953125 1896278
7.2021484375 39.97802734375 -60.36376953125 1896279
28.62548828125 -1.28173828125 44.7998046875 1896363
28.62548828125 -1.28173828125 44.7998046875 1896468
-38.818359375 -12.8173828125 -46.56982421875 1896469
-38.818359375 -12.8173828125 -46.56982421875 1896470
-38.818359375 -12.8173828125 -46.56982421875 1896470
-38.818359375 -12.8173828125 -46.56982421875 1896471
-38.818359375 -12.8173828125 -46.56982421875 1896570
90.51513671875 59.50927734375 48.88916015625 1896571
90.51513671875 59.50927734375 48.88916015625 1896572
90.51513671875 59.50927734375 48.88916015625 1896572
90.51513671875 59.50927734375 48.88916015625 1896573
90.51513671875 59.50927734375 48.88916015625 1896673
-32.71484375 -40.52734375 -6.89697265625 1896674
-32.71484375 -40.52734375 -6.89697265625 1896674
-32.71484375 -40.52734375 -6.89697265625 1896675
-32.71484375 -40.52734375 -6.89697265625 1896676
2.25830078125 42.96875 -27.16064453125 1896757
2.25830078125 42.96875 -27.16064453125 1896868
13.36669921875 3.0517578125 91.12548828125 1896869
13.36669921875 3.0517578125 91.12548828125 1896870
13.36669921875 3.0517578125 91.12548828125 1896870
13.36669921875 3.0517578125 91.12548828125 1896871
13.36669921875 3.0517578125 91.12548828125 1896973
4.5166015625 18.4326171875 -96.6796875 1896974
4.5166015625 18.4326171875 -96.6796875 1896979
4.5166015625 18.4326171875 -96.6796875 1896980
4.5166015625 18.4326171875 -96.6796875 1896981
4.5166015625 18.4326171875 -96.6796875 1897078
-12.02392578125 -7.080078125 99.853515625 1897079
-12.02392578125 -7.080078125 99.853515625 1897080
-12.02392578125 -7.080078125 99.853515625 1897082
-12.02392578125 -7.080078125 99.853515625 1897083
-21.1181640625 -38.39111328125 -101.13525390625 1897156
-21.1181640625 -38.39111328125 -101.13525390625 1897267
51.69677734375 36.56005859375 95.458984375 1897268
51.69677734375 36.56005859375 95.458984375 1897269
51.69677734375 36.56005859375 95.458984375 1897269
51.69677734375 36.56005859375 95.458984375 1897270
51.69677734375 36.56005859375 95.458984375 1897381
-3.60107421875 -40.283203125 -76.47705078125 1897383
-3.60107421875 -40.283203125 -76.47705078125 1897384
-3.60107421875 -40.283203125 -76.47705078125 1897385
-3.60107421875 -40.283203125 -76.47705078125 1897386
0.48828125 22.216796875 29.9072265625 1897471
0.48828125 22.216796875 29.9072265625 1897559
61.95068359375 6.34765625 -4.2724609375 1897560
61.95068359375 6.34765625 -4.2724609375 1897561
61.95068359375 6.34765625 -4.2724609375 1897562
61.95068359375 6.34765625 -4.2724609375 1897563
61.95068359375 6.34765625 -4.2724609375 1897670
-95.0927734375 -27.099609375 -33.87451171875 1897671
-95.0927734375 -27.099609375 -33.87451171875 1897672
-95.0927734375 -27.099609375 -33.87451171875 1897672
-95.0927734375 -27.099609375 -33.87451171875 1897673
107.84912109375 46.56982421875 32.16552734375 1897760
107.84912109375 46.56982421875 32.16552734375 1897868
-43.76220703125 -41.56494140625 -67.07763671875 1897869
-43.76220703125 -41.56494140625 -67.07763671875 1897870
-43.76220703125 -41.56494140625 -67.07763671875 1897870
-43.76220703125 -41.56494140625 -67.07763671875 1897871
-43.76220703125 -41.56494140625 -67.07763671875 1897971
6.89697265625 -21.8505859375 137.20703125 1897972
6.89697265625 -21.8505859375 137.20703125 1897973
6.89697265625 -21.8505859375 137.20703125 1897973
6.89697265625 -21.8505859375 137.20703125 1897974
6.89697265625 -21.8505859375 137.20703125 1898073
34.97314453125 4.82177734375 -95.8251953125 1898074
34.97314453125 4.82177734375 -95.8251953125 1898075
34.97314453125 4.82177734375 -95.8251953125 1898075
34.97314453125 4.82177734375 -95.8251953125 1898076
-2.50244140625 -3.96728515625 52.30712890625 1898156
-2.50244140625 -3.96728515625 52.30712890625 1898268
-30.21240234375 -31.005859375 -37.65869140625 1898269
-30.21240234375 -31.005859375 -37.65869140625 1898270
-30.21240234375 -31.005859375 -37.65869140625 1898271
-30.21240234375 -31.005859375 -37.65869140625 1898272
-30.21240234375 -31.005859375 -37.65869140625 1898373
8.1787109375 -20.01953125 -11.65771484375 1898374
8.1787109375 -20.01953125 -11.65771484375 1898375
8.1787109375 -20.01953125 -11.65771484375 1898376
8.1787109375 -20.01953125 -11.65771484375 1898377
8.1787109375 -20.01953125 -11.65771484375 1898475
-62.19482421875 2.0751953125 12.8173828125 1898476
-62.19482421875 2.0751953125 12.8173828125 1898478
-62.19482421875 2.0751953125 12.8173828125 1898479
-62.19482421875 2.0751953125 12.8173828125 1898480
45.34912109375 10.31494140625 -4.57763671875 1898554
45.34912109375 10.31494140625 -4.57763671875 1898666
-38.6962890625 14.892578125 11.04736328125 1898667
-38.6962890625 14.892578125 11.04736328125 1898668
-38.6962890625 14.892578125 11.04736328125 1898670
-38.6962890625 14.892578125 11.04736328125 1898671
27.52685546875 -16.4794921875 -13.671875 1898760
27.52685546875 -16.4794921875 -13.671875 1898863
4.33349609375 10.43701171875 -4.94384765625 1898875
4.33349609375 10.43701171875 -4.94384765625 1898876
4.33349609375 10.43701171875 -4.94384765625 1898877
4.33349609375 10.43701171875 -4.94384765625 1898878
4.33349609375 10.43701171875 -4.94384765625 1898978
-36.68212890625 -14.404296875 26.55029296875 1898980
-36.68212890625 -14.404296875 26.55029296875 1898981
-36.68212890625 -14.404296875 26.55029296875 1898982
-36.68212890625 -14.404296875 26.55029296875 1898983
-36.68212890625 -14.404296875 26.55029296875 1899089
67.93212890625 19.6533203125 1.52587890625 1899090
67.93212890625 19.6533203125 1.52587890625 1899091
67.93212890625 19.6533203125 1.52587890625 1899092
67.93212890625 19.6533203125 1.52587890625 1899093
-30.2734375 -35.33935546875 22.52197265625 1899182
-30.2734375 -35.33935546875 22.52197265625 1899263
46.630859375 2.5634765625 9.70458984375 1899264
46.630859375 2.5634765625 9.70458984375 1899265
46.630859375 2.5634765625 9.70458984375 1899265
46.630859375 2.5634765625 9.70458984375 1899266
46.630859375 2.5634765625 9.70458984375 1899397
-44.00634765625 -0.3662109375 8.72802734375 1899398
-44.00634765625 -0.3662109375 8.72802734375 1899399
-44.00634765625 -0.3662109375 8.72802734375 1899400
-44.00634765625 -0.3662109375 8.72802734375 1899402
9.6435546875 -10.1318359375 -20.751953125 1899476
9.6435546875 -10.1318359375 -20.751953125 1899583
4.0283203125 -15.869140625 -12.5732421875 1899585
4.0283203125 -15.869140625 -12.5732421875 1899586
4.0283203125 -15.869140625 -12.5732421875 1899587
4.0283203125 -15.869140625 -12.5732421875 1899588
-29.84619140625 -40.58837890625 49.74365234375 1899658
-29.84619140625 -40.58837890625 49.74365234375 1899765
24.658203125 28.1982421875 -45.41015625 1899766
24.658203125 28.1982421875 -45.41015625 1899768
24.658203125 28.1982421875 -45.41015625 1899769
24.658203125 28.1982421875 -45.41015625 1899770
24.658203125 28.1982421875 -45.41015625 1899868
24.90234375 12.14599609375 70.61767578125 1899869
24.90234375 12.14599609375 70.61767578125 1899871
24.90234375 12.14599609375 70.61767578125 1899872
24.90234375 12.14599609375 70.61767578125 1899873
24.90234375 12.14599609375 70.61767578125 1899973
-52.1240234375 -33.203125 -69.64111328125 1899974
-52.1240234375 -33.203125 -69.64111328125 1899975
-52.1240234375 -33.203125 -69.64111328125 1899976
-52.1240234375 -33.203125 -69.64111328125 1899977
-52.1240234375 -33.203125 -69.64111328125 1900075
29.6630859375 160.33935546875 26.7333984375 1900076
29.6630859375 160.33935546875 26.7333984375 1900077
29.6630859375 160.33935546875 26.7333984375 1900078
29.6630859375 160.33935546875 26.7333984375 1900079
-116.3330078125 -135.7421875 21.484375 1900154
-116.3330078125 -135.7421875 21.484375 1900266
119.0185546875 94.8486328125 13.916015625 1900267
119.0185546875 94.8486328125 13.916015625 1900268
119.0185546875 94.8486328125 13.916015625 1900269
119.0185546875 94.8486328125 13.916015625 1900270
119.0185546875 94.8486328125 13.916015625 1900369
5.55419921875 -98.9990234375 15.44189453125 1900370
5.55419921875 -98.9990234375 15.44189453125 1900371
5.55419921875 -98.9990234375 15.44189453125 1900372
5.55419921875 -98.9990234375 15.44189453125 1900373
-4.21142578125 48.583984375 -41.07666015625 1900492
-4.21142578125 48.583984375 -41.07666015625 1900494
-4.21142578125 48.583984375 -41.07666015625 1900495
-4.21142578125 48.583984375 -41.07666015625 1900496
-4.21142578125 48.583984375 -41.07666015625 1900559
-2.9296875 13.00048828125 48.88916015625 1900560
-2.9296875 13.00048828125 48.88916015625 1900668
-4.8828125 -5.0048828125 -77.392578125 1900669
-4.8828125 -5.0048828125 -77.392578125 1900670
-4.8828125 -5.0048828125 -77.392578125 1900671
-4.8828125 -5.0048828125 -77.392578125 1900672
-4.8828125 -5.0048828125 -77.392578125 1900770
11.8408203125 67.5048828125 12.39013671875 1900771
11.8408203125 67.5048828125 12.39013671875 1900772
11.8408203125 67.5048828125 12.39013671875 1900773
11.8408203125 67.5048828125 12.39013671875 1900774
11.8408203125 67.5048828125 12.39013671875 1900876
27.9541015625 -18.49365234375 -8.9111328125 1900877
27.9541015625 -18.49365234375 -8.9111328125 1900878
27.9541015625 -18.49365234375 -8.9111328125 1900879
27.9541015625 -18.49365234375 -8.9111328125 1900880
27.9541015625 -18.49365234375 -8.9111328125 1900981
-8.9111328125 18.9208984375 9.765625 1900982
-8.9111328125 18.9208984375 9.765625 1900983
-8.9111328125 18.9208984375 9.765625 1900984
-8.9111328125 18.9208984375 9.765625 1900985
24.84130859375 -24.4140625 -5.92041015625 1901058
24.84130859375 -24.4140625 -5.92041015625 1901168
-42.66357421875 -97.71728515625 1.03759765625 1901169
-42.66357421875 -97.71728515625 1.03759765625 1901170
-42.66357421875 -97.71728515625 1.03759765625 1901171
-42.66357421875 -97.71728515625 1.03759765625 1901172
-42.66357421875 -97.71728515625 1.03759765625 1901271
30.76171875 48.095703125 -17.822265625 1901272
30.76171875 48.095703125 -17.822265625 1901273
30.76171875 48.095703125 -17.822265625 1901274
30.76171875 48.095703125 -17.822265625 1901275
30.76171875 48.095703125 -17.822265625 1901373
-6.9580078125 -19.83642578125 -6.103515625 1901374
-6.9580078125 -19.83642578125 -6.103515625 1901375
-6.9580078125 -19.83642578125 -6.103515625 1901376
-6.9580078125 -19.83642578125 -6.103515625 1901377
-6.9580078125 -19.83642578125 -6.103515625 1901477
4.8828125 25.2685546875 -10.68115234375 1901478
4.8828125 25.2685546875 -10.68115234375 1901480
4.8828125 25.2685546875 -10.68115234375 1901481
4.8828125 25.2685546875 -10.68115234375 1901483
6.9580078125 -2.99072265625 -19.95849609375 1901556
6.9580078125 -2.99072265625 -19.95849609375 1901668
-7.8125 -20.08056640625 -12.63427734375 1901669
-7.8125 -20.08056640625 -12.63427734375 1901670
-7.8125 -20.08056640625 -12.63427734375 1901671
-7.8125 -20.08056640625 -12.63427734375 1901672
-7.8125 -20.08056640625 -12.63427734375 1901773
-4.08935546875 -6.53076171875 -2.74658203125 1901774
-4.08935546875 -6.53076171875 -2.74658203125 1901775
-4.08935546875 -6.53076171875 -2.74658203125 1901776
-4.08935546875 -6.53076171875 -2.74658203125 1901777
-4.08935546875 -6.53076171875 -2.74658203125 1901875
2.01416015625 26.123046875 -2.74658203125 1901876
2.01416015625 26.123046875 -2.74658203125 1901877
2.01416015625 26.123046875 -2.74658203125 1901878
2.01416015625 26.123046875 -2.74658203125 1901879
2.01416015625 26.123046875 -2.74658203125 1901978
7.9345703125 -0.3662109375 -14.09912109375 1901980
7.9345703125 -0.3662109375 -14.09912109375 1901981
7.9345703125 -0.3662109375 -14.09912109375 1901982
7.9345703125 -0.3662109375 -14.09912109375 1901983
0.30517578125 18.5546875 -4.2724609375 1902068
0.30517578125 18.5546875 -4.2724609375 1902170
-31.3720703125 -152.34375 -19.95849609375 1902171
-31.3720703125 -152.34375 -19.95849609375 1902172
-31.3720703125 -152.34375 -19.95849609375 1902173
-31.3720703125 -152.34375 -19.95849609375 1902175
0.3662109375 53.77197265625 17.51708984375 1902257
