29,1228801280,-1368,1456,-16188,4,-7,-193,-5889,18432,15615,10487,12302,-26967,1024,1024,1024,
29,1648231680,-1316,1560,-16348,32,1,-208,-5633,18688,15871,-14749,-16293,14728,1024,1024,1024,
29,2050884864,-1396,1536,-16228,56,-25,-210,-6145,18688,16895,-12125,10191,-12257,1024,1024,1024,
29,2453538048,-1360,1524,-16352,65,-1,-221,-6145,18176,15359,-11293,-29886,-24050,1024,1024,1024,
29,2872968448,-1376,1464,-16216,16,-35,-185,-6657,17664,15871,23149,-4615,-27512,1024,1024,1024,
29,3275621632,-1268,1420,-16228,-8,-26,-228,-6401,17920,15103,1699,-5150,31646,1024,1024,1024,
29,3695052032,-1284,1496,-16272,-3,-43,-195,-4609,18176,15359,-28425,23830,10129,1024,1024,1024,
29,4097705216,-1280,1412,-16392,27,-26,-194,-6145,16640,14847,26491,-31535,-13508,1024,1024,1024,
29,205456640,-1376,1404,-16232,41,-31,-229,-5889,18944,16127,-2313,-30847,-20776,1024,1024,1024,
29,608109824,-1244,1440,-16228,36,-60,-222,-5121,18176,15359,-1879,16281,-23264,1024,1024,1024,
29,1027540224,-1212,1496,-16056,19,-17,-184,-4865,17920,14079,29601,11457,32148,1024,1024,1024,
29,1446970624,-1212,1400,-16292,67,7,-223,-5633,17664,15871,16705,19324,30485,1024,1024,1024,
29,1849623808,-1168,1496,-16064,18,-32,-207,-6145,18688,16895,-7590,15011,22381,1024,1024,1024,
29,2252276992,-1312,1516,-16352,-22,-8,-204,-4865,17920,16127,30940,-31466,27250,1024,1024,1024,
29,2654930176,-1180,1396,-16088,23,-15,-225,-6145,17664,15359,-19785,-22871,11612,1024,1024,1024,
29,3074360576,-1436,1572,-16264,-40,-63,-164,-5633,17152,15871,16015,-10978,16371,1024,1024,1024,
29,3477013760,-1420,1436,-16192,-50,-31,-185,-6401,19456,15615,-19831,-5536,25862,1024,1024,1024,
29,3896444160,-1436,1608,-16428,88,-85,-208,-4609,17664,15359,11524,-24073,28354,1024,1024,1024,
29,20972800,-1320,1456,-16228,15,-52,-210,-6913,19456,15615,-14635,29779,-11208,1024,1024,1024,
29,406848768,-1340,1476,-16300,-20,-10,-179,-5633,17152,16383,-13027,21565,-17203,1024,1024,1024,
29,826279168,-1376,1564,-16276,12,-51,-210,-5633,17664,14847,20650,2439,-23548,1024,1024,1024,
29,1228932352,-1312,1468,-16396,89,-34,-194,-5889,16896,16127,-23022,31664,10424,1024,1024,1024,
29,1648362752,-1340,1388,-16208,18,-17,-208,-4609,19200,16383,2545,28653,-29991,1024,1024,1024,
29,2051015936,-1356,1484,-16428,7,-13,-201,-5633,18176,15871,18332,-30380,-2449,1024,1024,1024,
29,2453669120,-1252,1480,-16260,96,-4,-190,-4353,17920,16639,8108,-25674,-7933,1024,1024,1024,
29,2873099520,-1332,1548,-16228,-3,-37,-210,-6145,17664,15871,-15379,-24193,-16579,1024,1024,1024,
29,3275752704,-1300,1536,-16412,9,-40,-223,-6401,16896,15615,-9754,-17738,-22124,1024,1024,1024,
29,3695183104,-1268,1508,-16200,22,-28,-188,-5121,17664,15871,-16358,2741,-20793,1024,1024,1024,
29,207160576,-1284,1512,-16244,1,-38,-184,-5889,19456,16127,21509,19176,-26398,1024,1024,1024,
29,609813760,-1284,1560,-16180,60,-32,-202,-6401,19456,15615,-18494,-12429,11429,1024,1024,1024,
29,1029244160,-1288,1512,-16276,-7,-9,-218,-5889,19968,14591,-13062,24202,-1591,1024,1024,1024,
29,1448674560,-1164,1492,-16104,36,-38,-192,-5377,19968,15103,7809,-10498,-7611,1024,1024,1024,
29,3696755968,-1268,1516,-16232,-16,-41,-203,-6145,20224,13823,-24991,5294,-9309,1024,1024,1024,
29,2656634112,-1300,1516,-16320,47,-58,-187,-6401,19456,16127,21443,24006,-19301,1024,1024,1024,
29,3076064512,-1236,1464,-16228,31,-21,-186,-5889,19968,16639,-12560,-29022,20902,1024,1024,1024,
29,3478717696,-1284,1400,-16312,12,-53,-168,-6401,19968,15615,-16578,12064,5490,1024,1024,1024,
29,3898148096,-1244,1520,-16304,74,-23,-213,-5121,20224,14847,-26109,-12471,-6909,1024,1024,1024,
29,22676736,-1212,1492,-16352,50,-22,-183,-6145,19200,15359,17602,-8018,26010,1024,1024,1024,
29,2253980928,-1168,1608,-16272,34,-28,-200,-6145,19200,14847,8241,10015,10012,1024,1024,1024,
29,2656634112,-1300,1516,-16320,47,-58,-187,-6401,19456,16127,21443,24006,-19301,1024,1024,1024,
29,3076064512,-1236,1464,-16228,31,-21,-186,-5889,19968,16639,-12560,-29022,20902,1024,1024,1024,
29,3478717696,-1284,1400,-16312,12,-53,-168,-6401,19968,15615,-16578,12064,5490,1024,1024,1024,
29,3898148096,-1244,1520,-16304,74,-23,-213,-5121,20224,14847,-26109,-12471,-6909,1024,1024,1024,
29,22676736,-1212,1492,-16352,50,-22,-183,-6145,19200,15359,17602,-8018,26010,1024,1024,1024,
29,408552704,-1288,1524,-16320,4,-17,-186,-6657,20224,15359,-21139,31322,-5032,1024,1024,1024,
29,827983104,-1288,1720,-16248,43,-30,-190,-5377,19968,13567,16264,-13468,-22266,1024,1024,1024,
29,1230636288,-1284,1592,-16364,30,-21,-192,-4609,19200,15871,-5864,21357,22058,1024,1024,1024,
29,1650066688,-1212,1588,-16208,26,-18,-209,-6401,19968,15615,-22748,-14392,14807,1024,1024,1024,
29,2052719872,-1164,1576,-16204,47,-10,-226,-6401,18944,15103,-25996,-13948,9537,1024,1024,1024,
29,2455373056,-1180,1580,-16284,47,13,-218,-6913,19968,17151,-27050,31701,15467,1024,1024,1024,
29,2874803456,-1184,1596,-16280,34,-12,-222,-6657,21248,14847,-8481,11067,-7263,1024,1024,1024,
29,3277456640,-1224,1468,-16376,6,-19,-193,-6145,18688,15871,3990,-2218,26279,1024,1024,1024,
29,3696887040,-1180,1520,-16388,24,-66,-209,-5121,19712,16383,-25998,-10755,-29810,1024,1024,1024,
29,4099540224,-1264,1468,-16272,23,-11,-212,-6145,19712,15359,-24329,16939,22566,1024,1024,1024,
29,207291648,-1204,1468,-16280,-19,-40,-183,-3841,20992,15103,30470,1917,24296,1024,1024,1024,
29,609944832,-1204,1516,-16388,33,-53,-221,-6657,20224,15359,-22883,9115,-13913,1024,1024,1024,
29,1029375232,-1280,1572,-16208,-17,-34,-182,-6913,18944,15103,-30417,-29945,5417,1024,1024,1024,
29,1448805632,-1348,1584,-16292,30,-1,-206,-4097,19712,15871,31288,14131,-19680,1024,1024,1024,
29,1851458816,-1424,1572,-16368,38,-57,-202,-6913,19968,16127,-27536,-6592,-20940,1024,1024,1024,
29,2270889216,-1264,1564,-16224,37,-34,-237,-5633,21248,15359,-521,-23742,-12747,1024,1024,1024,
29,2656765184,-1200,1488,-16252,8,-54,-224,-6145,19712,15359,8988,-18743,-10327,1024,1024,1024,
29,3076195584,-1240,1468,-16228,3,-61,-173,-6145,20224,14847,12442,-26585,-15677,1024,1024,1024,
29,3478848768,-1304,1548,-16064,64,-41,-177,-4097,20224,15359,15005,-7208,-27570,1024,1024,1024,
29,3898279168,-1264,1592,-16352,32,-28,-188,-5377,18432,15615,-20317,-13999,-27004,1024,1024,1024,
29,22807808,-1220,1564,-16336,51,-35,-222,-6401,19968,15615,21196,-23492,29975,1024,1024,1024,
29,408683776,-1192,1536,-16256,12,-14,-217,-7425,19968,14591,-1103,19742,16489,1024,1024,1024,
29,828114176,-1152,1496,-16228,-2,-25,-209,-5633,19712,15359,-6756,-28269,21529,1024,1024,1024,
29,1230767360,-1260,1476,-16176,51,-36,-211,-5633,20224,15359,-1478,9548,-6654,1024,1024,1024,
29,1650197760,-1304,1572,-16264,21,-47,-175,-5377,20480,15103,14791,-5758,2577,1024,1024,1024,
29,2052850944,-1172,1560,-16296,69,-29,-192,-5121,20224,16383,8374,-12455,-3933,1024,1024,1024,
29,2455504128,-1348,1528,-16192,23,-34,-193,-5889,20480,15103,-420,32156,-9383,1024,1024,1024,
29,2874934528,-1264,1520,-16252,29,-25,-217,-6401,19456,17151,26124,25333,-29483,1024,1024,1024,
29,3277587712,-1240,1468,-16256,-11,-22,-197,-5121,19200,16383,1704,-18993,16036,1024,1024,1024,
29,3697018112,-1364,1468,-16304,-19,-38,-193,-4865,18432,15615,-18555,-29391,11086,1024,1024,1024,
29,4099671296,-1260,1608,-16316,24,-14,-200,-5633,19712,14847,19920,21773,7037,1024,1024,1024,
29,207422720,-1368,1520,-16396,19,-8,-211,-6657,19712,17407,-8899,-3858,18240,1024,1024,1024,
29,610075904,-1316,1500,-16276,11,-54,-179,-6145,21248,14847,-32400,-6783,-25089,1024,1024,1024,
29,1029506304,-1316,1592,-16364,24,-42,-197,-5121,20736,15359,29648,9228,-11531,1024,1024,1024,
29,1448936704,-1172,1552,-16308,24,-24,-198,-5377,19456,15615,-5808,-22389,22479,1024,1024,1024,
29,1851589888,-1312,1556,-16396,19,-36,-169,-5889,19456,16127,-26813,-16501,21679,1024,1024,1024,
29,2271020288,-1284,1444,-16292,-4,-33,-190,-5889,20992,15103,-1017,-6643,-31840,1024,1024,1024,
29,2656896256,-1236,1488,-16248,47,-50,-203,-6913,18944,15103,700,-22310,5458,1024,1024,1024,
29,3076326656,-1248,1436,-16356,-17,-46,-177,-4609,20224,15871,29423,26770,-31463,1024,1024,1024,
29,3478979840,-1472,1592,-16156,-86,-187,-37,-5633,20736,15871,13149,24462,-24214,1024,1024,1024,
29,3898410240,-1220,1312,-16216,64,-113,-86,-5377,20480,15615,-10371,26825,-21681,1024,1024,1024,
29,22938880,-1148,1512,-16180,86,-137,-146,-5633,20224,14847,26702,5940,-26296,1024,1024,1024,
29,408814848,-1140,1428,-16344,58,-77,-197,-6401,21504,16127,23958,29879,30550,1024,1024,1024,
29,828245248,-1296,1480,-16440,-12,-27,-224,-5633,18688,15359,3476,12138,7464,1024,1024,1024,
29,1230898432,-1224,1548,-16264,37,-32,-197,-5633,19200,15359,-4639,32573,20121,1024,1024,1024,
29,1650328832,-1228,1492,-16308,39,-40,-195,-5633,19712,15359,-9787,-13887,15694,1024,1024,1024,
29,2052982016,-1220,1600,-16216,14,-4,-227,-6401,19968,14591,3386,-31395,-24899,1024,1024,1024,
29,2455635200,-1312,1516,-16312,43,-24,-213,-5633,19712,15871,12971,-18342,14578,1024,1024,1024,
29,2875065600,-1280,1600,-16244,-45,-22,-185,-4865,18944,16127,-8987,-6342,18339,1024,1024,1024,
29,3277718784,-1284,1524,-16356,28,-65,-194,-5633,20224,15871,-7165,-18072,-31085,1024,1024,1024,
29,3697149184,-1272,1664,-16256,-7,-17,-188,-5633,20736,15359,9445,-4931,8071,1024,1024,1024,
29,4099802368,-1304,1544,-16308,17,-36,-212,-5121,19200,15871,3862,-27990,29745,1024,1024,1024,
29,207553792,-1296,1504,-16256,13,-24,-215,-4609,20224,14847,457,-4367,-21246,1024,1024,1024,
29,610206976,-1268,1476,-16268,19,-29,-187,-5889,19456,14591,28117,-26635,30015,1024,1024,1024,
29,1029637376,-1332,1604,-16240,8,-37,-209,-6145,20224,15359,-16802,10281,-7533,1024,1024,1024,
29,1449067776,-1200,1504,-16180,33,-29,-206,-4609,20736,13823,-12690,16027,-32022,1024,1024,1024,
29,1851720960,-1272,1584,-16272,2,-14,-192,-6145,19200,16383,28819,5122,18316,1024,1024,1024,
29,2271151360,-1280,1500,-16372,48,-49,-204,-6145,20224,15871,-2674,-1917,-26393,1024,1024,1024,
29,2657027328,-1212,1472,-16472,35,7,-204,-5633,20736,15359,-32362,12620,-21093,1024,1024,1024,
29,3076457728,-1244,1528,-16216,29,-40,-165,-7425,19968,14591,15994,-29839,-15995,1024,1024,1024,
29,3479110912,-1188,1372,-16284,33,-44,-194,-6401,20480,15615,-22877,14966,-10650,1024,1024,1024,
29,3898541312,-1292,1536,-16200,55,-70,-195,-6401,20480,15103,-5267,31374,19244,1024,1024,1024,
29,23069952,-1192,1476,-16436,58,-20,-225,-4865,18944,15103,30932,-3393,3971,1024,1024,1024,
29,408945920,-1196,1516,-16216,46,-9,-238,-6145,19712,15359,6732,9769,-747,1024,1024,1024,
29,828376320,-1328,1564,-16208,0,-17,-192,-4865,18432,15615,4993,-20110,18189,1024,1024,1024,
29,1231029504,-1180,1472,-16184,45,-44,-176,-5889,20480,15103,-2771,-25689,-1968,1024,1024,1024,
29,1650459904,-1248,1508,-16224,28,-39,-195,-5633,19712,16895,-3848,-9699,-16590,1024,1024,1024,
29,2053113088,-1244,1472,-16272,53,-23,-195,-5633,19200,14335,-28699,7063,6143,1024,1024,1024,
29,2455766272,-1252,1520,-16460,0,-51,-183,-5889,20480,16127,6742,-14324,-19825,1024,1024,1024,
29,2875196672,-1212,1492,-16328,52,-26,-190,-5121,19712,16383,26469,-11114,-6109,1024,1024,1024,
29,3277849856,-1332,1524,-16256,4,-8,-193,-5633,19712,16383,-32492,-8094,26347,1024,1024,1024,
29,3697280256,-1232,1552,-16236,29,-47,-215,-4609,20224,15871,-28167,-28260,-23815,1024,1024,1024,
29,4099933440,-1192,1472,-16204,62,-22,-219,-5633,18688,15871,-20895,31331,18666,1024,1024,1024,
29,207684864,-1156,1512,-16272,58,-16,-208,-5633,20736,15359,13761,-11622,-25675,1024,1024,1024,
29,610338048,-1316,1524,-16180,36,-16,-213,-7169,18176,15359,-22411,9888,1704,1024,1024,1024,
29,1029768448,-1288,1484,-16284,0,-28,-216,-6401,19968,15615,-16923,-24169,-10489,1024,1024,1024,
29,1449198848,-1352,1556,-16268,81,-36,-173,-6145,19712,14847,10712,27376,-31245,1024,1024,1024,
29,1851852032,-1360,1496,-16252,21,-26,-215,-5121,20224,14847,-19378,352,295,1024,1024,1024,
29,2254505216,-1312,1568,-16124,23,-28,-193,-5889,18432,15103,-9066,6076,-8514,1024,1024,1024,
29,2657158400,-1244,1568,-16324,-23,-33,-207,-4609,20224,16383,-21454,9844,14651,1024,1024,1024,
29,3076588800,-1296,1572,-16324,48,-36,-218,-5889,19456,15615,-32060,-27331,31539,1024,1024,1024,
29,3479241984,-1280,1504,-16276,38,-27,-169,-5377,18432,15615,8122,7751,-28557,1024,1024,1024,
29,3898672384,-1248,1556,-16276,14,-3,-197,-5121,20736,16383,-28647,-3897,-17945,1024,1024,1024,
29,23201024,-1264,1552,-16332,25,-48,-189,-5377,19968,15615,-30919,-19746,-20907,1024,1024,1024,
29,409076992,-1288,1540,-16308,-20,-51,-207,-6145,19200,15359,24674,3715,29766,1024,1024,1024,
29,828507392,-1240,1568,-16340,27,-43,-194,-6145,19712,15359,30366,16462,-2561,1024,1024,1024,
29,1231160576,-1356,1560,-16336,85,-51,-236,-5377,20480,16127,28838,29950,6231,1024,1024,1024,
29,1650590976,-1216,1480,-16272,53,-12,-211,-5633,20224,15871,-17132,2745,15357,1024,1024,1024,
29,2053244160,-1232,1516,-16232,-7,-24,-223,-6913,19456,16127,-26377,9679,28739,1024,1024,1024,
29,2455897344,-1280,1524,-16392,89,-36,-195,-7937,21504,15615,-25342,676,-27393,1024,1024,1024,
29,2875327744,-1284,1548,-16324,16,-14,-206,-5633,19712,15359,2978,-7103,-25743,1024,1024,1024,
29,3277980928,-1300,1596,-16308,2,-10,-202,-5889,18944,14591,-22645,10712,27760,1024,1024,1024,
29,3697411328,-1256,1480,-16264,7,-21,-197,-5633,20224,15359,27099,-6744,4959,1024,1024,1024,
29,4100064512,-1272,1576,-16464,35,-48,-203,-5121,20736,15359,-31824,9380,-14281,1024,1024,1024,
29,207815936,-1272,1572,-16148,22,-10,-196,-5377,20992,14591,10544,-14002,19693,1024,1024,1024,
29,610469120,-1256,1492,-16264,30,-39,-179,-5633,20224,15871,-27321,2244,9505,1024,1024,1024,
29,1029899520,-1256,1528,-16240,-15,-27,-187,-5377,19456,14591,22360,7421,21890,1024,1024,1024,
29,1449329920,-1232,1564,-16104,-19,-67,-196,-7169,19712,15871,-27263,-11723,-17338,1024,1024,1024,
29,1851983104,-1244,1468,-16216,7,-40,-179,-4353,19456,15615,14691,20166,26521,1024,1024,1024,
29,2254636288,-1292,1644,-16060,9,-60,-185,-5377,19456,16127,15434,-10289,32081,1024,1024,1024,
29,2657289472,-1192,1532,-16296,86,-95,-169,-5121,19712,14335,6352,-16181,25072,1024,1024,1024,
29,3076719872,-1252,1536,-16264,56,-13,-202,-5377,19968,16639,-24350,-4548,24706,1024,1024,1024,
29,3479373056,-1232,1472,-16100,18,-33,-227,-5377,19456,15615,-18401,3501,2972,1024,1024,1024,
29,3898803456,-1148,1504,-16412,32,-14,-218,-4609,20224,15871,21206,7649,-9087,1024,1024,1024,
29,23332096,-1252,1552,-16552,145,-84,-286,-5121,19712,15359,-17460,-5946,-14179,1024,1024,1024,
29,409208064,-1424,1604,-16064,-152,156,-267,-5889,19968,15615,-8710,-455,28940,1024,1024,1024,
29,828638464,-1344,1636,-16116,19,-466,-37,-6145,20224,15871,-25077,32135,2130,1024,1024,1024,
29,1231291648,-1412,1476,-16180,32,-230,-87,-5633,21248,15871,25320,-21336,25175,1024,1024,1024,
29,1650722048,-1312,1536,-16128,-11,-147,-63,-6657,19712,15359,-32020,-9667,31882,1024,1024,1024,
29,2053375232,-1300,1556,-16212,-17,-181,-61,-5633,19712,15359,9002,-13683,-31683,1024,1024,1024,
29,2456028416,-1316,1664,-16288,-50,-62,-146,-4353,19456,15615,-9969,32644,-1236,1024,1024,1024,
29,2875458816,-1268,1504,-16204,-47,-142,-112,-6145,19712,15871,15250,9392,19251,1024,1024,1024,
29,3278112000,-1260,1476,-16216,52,-154,-145,-6145,20224,15359,-18537,-15048,29999,1024,1024,1024,
29,3697542400,-1224,1620,-16356,114,-80,-170,-5633,20224,15359,-16794,-18433,-7615,1024,1024,1024,
29,4100195584,-1272,1508,-16276,-19,12,-173,-5377,19456,16127,17884,10693,479,1024,1024,1024,
29,207947008,-1236,1556,-16364,8,-114,-166,-5633,20224,15871,1208,-4243,-32094,1024,1024,1024,
29,610600192,-1680,-424,-16736,-4888,1785,3148,-6145,21248,14335,27395,24870,22025,1024,1024,1024,
29,1030030592,148,1312,-14824,4277,-1483,3026,-5633,20736,15359,-17695,-20838,-21883,1024,1024,1024,
29,1449460992,-2372,11392,-15704,686,1515,5300,-5889,20992,15615,-22390,-30741,25560,1024,1024,1024,
29,1852114176,-2044,-1100,-17496,-1106,-803,2166,-4865,20992,15615,15098,12985,-9298,1024,1024,1024,
29,2254767360,-1908,1600,-16904,-2139,1986,-9643,-7169,20224,15871,11935,4131,6634,1024,1024,1024,
29,2657420544,-2000,-312,-16152,-125,788,-5712,-6913,18944,15615,2365,17653,-5235,1024,1024,1024,
29,3076850944,-284,-1200,-16888,-587,1039,-5219,-4865,19456,15103,10566,29213,-26007,1024,1024,1024,
29,3479504128,-588,-272,-16148,-300,-84,-1911,-6913,19456,15103,-30336,20028,-26941,1024,1024,1024,
29,3898934528,-1284,2284,-14960,-660,829,-2929,-5889,18944,15103,-4165,-27087,418,1024,1024,1024,
29,6685952,-932,940,-15940,-424,112,-1318,-6913,19456,16127,-5248,22942,21821,1024,1024,1024,
29,409339136,-744,1308,-15964,-94,252,-412,-7681,18688,15871,24265,14106,15801,1024,1024,1024,
29,828769536,-1076,1332,-15812,123,-130,-207,-4865,17920,16127,32324,28924,-30221,1024,1024,1024,
29,1231422720,-1108,1468,-16280,200,-100,-244,-5633,21248,15871,-11738,-9595,-3825,1024,1024,1024,
29,1650853120,-1148,1620,-16384,-38,66,-168,-5633,20224,16383,-18840,2918,-29462,1024,1024,1024,
29,2053506304,-1132,1548,-16164,-13,31,-170,-6913,19968,16127,23130,1608,-27958,1024,1024,1024,
29,2456159488,-620,1552,-16620,-193,-136,-726,-5633,19712,16383,-25340,-1467,28853,1024,1024,1024,
29,2875589888,-3192,1412,-16340,-750,240,-188,-5377,17920,15615,14943,-1724,4810,1024,1024,1024,
29,3278243072,-1444,1148,-16904,-841,-145,3,-6401,18944,15103,-15102,-25991,-27649,1024,1024,1024,
29,3697673472,-2644,1904,-16992,96,170,-665,-6657,18176,15359,22498,-30112,14268,1024,1024,1024,
29,4100326656,-1328,1576,-17160,-77,-19,-319,-5889,18944,15103,21439,27657,895,1024,1024,1024,
29,208078080,-1040,1528,-16644,66,509,2549,-6401,20480,16127,-16502,8224,-13899,1024,1024,1024,
29,610731264,-2024,2000,-16560,9,561,931,-5121,18176,15359,14838,1043,-22193,1024,1024,1024,
29,1030161664,-4408,1044,-15736,1890,2505,-5050,-5889,17920,16127,-26623,28727,-3184,1024,1024,1024,
29,1449592064,-1648,1348,-15328,485,-2005,1035,-5889,18944,16127,-27117,16634,6481,1024,1024,1024,
29,1852245248,-772,1780,-16916,115,-58,-156,-5889,18944,16127,-15475,73,-6928,1024,1024,1024,
29,2254898432,-1496,1664,-16364,-317,-106,-93,-6145,18688,17407,-5012,18294,20321,1024,1024,1024,
29,2657551616,-1452,1408,-16436,-7,-145,-106,-7681,19200,13823,9193,-15448,-9192,1024,1024,1024,
29,3076982016,-1312,1632,-16324,32,35,-163,-5889,17920,15103,-10642,-31836,8800,1024,1024,1024,
29,3479635200,-1296,1524,-16360,-21,-66,-160,-5121,19712,16383,-27562,-20003,-16834,1024,1024,1024,
29,3899065600,-1212,1496,-16168,17,-103,-183,-5377,17920,16127,28578,14675,-17594,1024,1024,1024,
29,6817024,-1404,1560,-16276,-63,83,-247,-5377,19968,15103,-25910,22149,28140,1024,1024,1024,
29,409470208,-1172,1488,-16324,-31,-17,-175,-6145,18176,15359,-2600,-2638,12701,1024,1024,1024,
29,828900608,-1344,1592,-16088,16,-21,-239,-5633,17664,15359,-816,-6647,-28286,1024,1024,1024,
29,1231553792,-1264,1600,-16336,22,4,-214,-5377,19456,17151,-31196,10998,-19918,1024,1024,1024,
29,1650984192,-1224,1568,-16436,22,-14,-207,-7169,19712,16895,32198,7474,-1060,1024,1024,1024,
29,2036860160,-1208,1608,-16368,-6,-48,-232,-6913,19968,15615,20462,20843,4558,1024,1024,1024,
29,2456290560,-1192,1504,-16172,71,-41,-188,-5633,19200,14847,7107,20772,26762,1024,1024,1024,
29,2875720960,-1084,1540,-16040,89,-133,-123,-6401,19456,15615,6069,6524,-14848,1024,1024,1024,
29,3278374144,-1080,1480,-16160,41,14,-234,-5121,19200,16383,21298,11807,11598,1024,1024,1024,
29,3697804544,-992,1464,-16232,8,-11,-193,-6401,18432,15615,-26010,14343,6267,1024,1024,1024,
29,4100457728,-1204,1560,-16288,-1,-4,-212,-5889,17920,16639,28198,19299,2516,1024,1024,1024,
29,208209152,-1232,1652,-16216,75,36,-128,-5377,18432,14591,28372,28103,25123,1024,1024,1024,
29,610862336,-1260,1640,-16076,-17,23,-167,-4609,18688,16895,15295,-19966,17353,1024,1024,1024,
29,1030292736,-1252,1532,-16416,64,110,-142,-6401,20480,16639,1253,-1194,-3638,1024,1024,1024,
29,1449723136,-1260,1592,-16116,56,-115,-187,-5121,19712,14847,9938,-4553,1380,1024,1024,1024,
29,1852376320,-1180,1628,-16240,-59,-11,-174,-4865,19456,16127,6561,-13242,14550,1024,1024,1024,
29,2255029504,-1284,1604,-16256,-40,-88,-111,-4865,19456,15103,-26178,-25608,-12385,1024,1024,1024,
29,2657682688,-1184,1444,-16220,34,-63,-151,-5377,19968,16639,26416,18875,-10657,1024,1024,1024,
29,3077113088,-1108,1548,-16328,33,-84,-132,-4865,18944,14079,3730,-11307,29421,1024,1024,1024,
29,3479766272,-1248,1568,-16364,56,-29,-205,-5633,18688,15359,-3451,11920,-21007,1024,1024,1024,
29,3899196672,-1164,1524,-16180,46,-56,-217,-5889,19968,15615,16308,29630,-29653,1024,1024,1024,
29,6948096,-1188,1560,-16180,8,-17,-198,-4609,16640,16383,32341,-14340,-27268,1024,1024,1024,
29,409601280,-1336,1560,-16076,5,-88,-167,-5377,18944,15615,3311,-14887,21857,1024,1024,1024,
29,829031680,-1140,1508,-16244,67,-16,-204,-5889,19968,16127,-23149,-3746,-30143,1024,1024,1024,
29,1231684864,-1220,1544,-16276,39,-7,-216,-5121,20736,16383,14426,21039,22569,1024,1024,1024,
29,1651115264,-1192,1716,-16252,25,-14,-208,-7169,19712,15359,17267,25922,10457,1024,1024,1024,
29,2036991232,-1244,1608,-16068,54,-38,-237,-4353,18944,14591,-3073,9614,-12913,1024,1024,1024,
29,2456421632,-1188,1540,-16384,91,-10,-196,-4865,19456,14079,-31353,-3305,-30500,1024,1024,1024,
29,2875852032,-1260,1584,-16352,-13,41,-225,-4865,19968,15103,-22220,8149,-31991,1024,1024,1024,
29,3278505216,-1220,1592,-15936,73,-75,-116,-5889,18944,15103,25531,-12508,26072,1024,1024,1024,
29,3697935616,-1028,1472,-16156,106,-123,-154,-6401,18944,16639,4432,-10161,16730,1024,1024,1024,
29,4100588800,-1088,1608,-16460,48,-6,-234,-5633,18688,15359,-17845,-22222,-23256,1024,1024,1024,
29,208340224,-1088,1612,-16004,-24,13,-185,-6401,18432,15103,29693,-21253,10588,1024,1024,1024,
29,610993408,-1180,1652,-16256,104,93,-245,-5377,19968,15103,-28843,-19880,-12904,1024,1024,1024,
29,1030423808,-1300,1528,-16284,-2,-136,-175,-4609,20224,16895,-8607,26789,27190,1024,1024,1024,
29,1449854208,-1132,1520,-16196,77,9,-194,-5633,21760,15359,20508,5808,10981,1024,1024,1024,
29,1852507392,-1264,1568,-16116,31,-4,-194,-5377,20480,16127,-12371,6814,10080,1024,1024,1024,
29,2255160576,-1244,1540,-16176,-30,-92,-166,-5633,19200,15359,21385,572,24148,1024,1024,1024,
29,2657813760,-1228,1728,-16524,-14,-17,-169,-5889,19456,15103,10793,9615,32469,1024,1024,1024,
29,3077244160,-1156,1484,-16172,24,-24,-189,-5377,19456,14079,-24398,12102,-12762,1024,1024,1024,
29,3479897344,-1268,1576,-16268,16,-43,-192,-6401,19456,15103,-12795,-12055,-29447,1024,1024,1024,
29,3899327744,-1172,1520,-16232,40,-17,-202,-5633,19712,15359,-17835,17340,13255,1024,1024,1024,
29,7079168,-1268,1496,-16340,3,-11,-188,-6145,19200,15871,-25593,-24188,28343,1024,1024,1024,
29,409732352,-1188,1616,-16400,38,-9,-212,-4609,19712,14847,752,-31254,23366,1024,1024,1024,
29,829162752,-1324,1488,-16428,12,-22,-194,-5633,19712,15359,-30368,-32195,-27670,1024,1024,1024,
29,1231815936,-1108,1516,-16152,42,-14,-210,-6401,18944,16127,-32027,3634,8819,1024,1024,1024,
29,1651246336,-1252,1664,-16188,3,-39,-211,-5377,20992,15103,-2968,1910,30571,1024,1024,1024,
29,2037122304,-1356,1508,-16468,7,-21,-187,-6401,19968,15615,23773,-5300,-1476,1024,1024,1024,
29,2456552704,-1176,1588,-16504,41,-21,-219,-6401,18944,15615,-25728,-30405,2587,1024,1024,1024,
29,2875983104,-1212,1516,-16084,45,-22,-203,-6913,18944,14591,13500,26796,15365,1024,1024,1024,
29,3278636288,-1092,1456,-16196,61,-23,-199,-5377,19968,15615,-17655,26436,27833,1024,1024,1024,
29,3698066688,-1120,1568,-16276,34,1,-197,-4609,19712,14335,10840,-16145,-24431,1024,1024,1024,
29,4100719872,-1172,1500,-16256,21,-36,-192,-5377,19968,15103,6726,9769,-31333,1024,1024,1024,
29,208471296,-1252,1588,-16276,47,-38,-179,-6145,20736,17407,9040,2502,-8178,1024,1024,1024,
29,611124480,-1208,1484,-16304,22,-28,-196,-4865,18944,15615,-9860,-28810,6407,1024,1024,1024,
29,1030554880,-1328,1612,-16248,36,-31,-195,-5889,19968,15103,21744,-27596,-4559,1024,1024,1024,
29,1449985280,-1236,1636,-16312,30,2,-201,-5633,19200,15359,-1316,13436,-31436,1024,1024,1024,
29,1852638464,-1148,1564,-16184,25,-31,-211,-4865,19968,15615,11314,-19187,2760,1024,1024,1024,
29,2255291648,-1272,1452,-16436,17,-25,-210,-5377,19968,14591,31022,5144,29947,1024,1024,1024,
29,2657944832,-1208,1552,-16056,56,8,-200,-4097,19200,14847,-9759,-9055,28386,1024,1024,1024,
29,3077375232,-1168,1556,-16308,18,-34,-214,-5377,19456,15615,-27732,-23224,15110,1024,1024,1024,
29,3480028416,-1336,1644,-16136,9,-9,-205,-7169,19200,16383,15478,-19875,3676,1024,1024,1024,
29,3899458816,-1288,1604,-16468,9,-59,-204,-5121,18688,14847,-8438,-20483,7408,1024,1024,1024,
29,7210240,-1260,1608,-16148,13,-29,-196,-6145,19712,15359,-29590,8252,-3929,1024,1024,1024,
29,409863424,-1180,1608,-16284,21,-42,-187,-6145,18176,16383,2235,-3958,5532,1024,1024,1024,
29,829293824,-1132,1536,-16232,50,-21,-212,-7681,20224,16383,28420,-13712,11399,1024,1024,1024,
29,1231947008,-1252,1576,-16264,27,-46,-208,-5121,20224,14847,7060,-14792,13228,1024,1024,1024,
29,1651377408,-1220,1516,-16336,16,-20,-184,-5121,19200,14847,-23764,10009,-27798,1024,1024,1024,
29,2037253376,-1188,1584,-16232,31,-48,-181,-6145,19712,16895,-23152,-20032,-11026,1024,1024,1024,
29,2456683776,-1296,1576,-16312,20,-19,-186,-5121,20224,14847,322,16498,16527,1024,1024,1024,
29,2876114176,-1220,1576,-16392,42,-17,-175,-7169,19200,15871,-25141,4717,-8030,1024,1024,1024,
29,3278767360,-1168,1536,-16292,56,-41,-211,-7169,19712,15359,-7569,5602,-9436,1024,1024,1024,
29,3698197760,-1128,1524,-16348,19,-45,-204,-6401,19968,15615,-13142,22239,-27837,1024,1024,1024,
29,4100850944,-1248,1592,-16304,3,2,-176,-5121,19200,15359,7661,-8998,7886,1024,1024,1024,
29,208602368,-1200,1640,-16228,22,-18,-188,-5377,18944,14591,-23665,8389,-23615,1024,1024,1024,
29,611255552,-1280,1688,-16208,24,-16,-196,-6145,19200,15871,27379,16130,-11557,1024,1024,1024,
29,1030685952,-1288,1644,-16276,40,-16,-210,-6401,19968,14079,-16609,11966,-3912,1024,1024,1024,
29,1450116352,-1192,1620,-16372,13,-8,-206,-4865,19968,16127,-1513,12655,12522,1024,1024,1024,
29,1852769536,-1288,1536,-16328,19,-38,-223,-5633,19200,15871,-30013,4429,-28594,1024,1024,1024,
29,2255422720,-1264,1544,-16252,18,-69,-195,-5377,17920,15615,32478,27945,26967,1024,1024,1024,
29,2658075904,-1200,1548,-16148,75,-10,-227,-4097,18688,14335,10201,-9679,-3481,1024,1024,1024,
29,3077506304,-1172,1556,-16244,4,-21,-189,-5377,20992,15103,32191,-13358,-1421,1024,1024,1024,
29,3480159488,-1220,1516,-16200,40,1,-206,-6401,19456,16127,13645,-24292,19208,1024,1024,1024,
29,3899589888,-1200,1628,-16256,80,-44,-198,-6145,19712,17407,-16124,-32426,17486,1024,1024,1024,
29,7341312,-1156,1600,-16320,74,-7,-214,-5121,18688,15871,-20952,-10499,-23813,1024,1024,1024,
29,409994496,-1172,1572,-16296,4,-4,-196,-5889,19968,16127,-24415,18934,-5065,1024,1024,1024,
29,829424896,-1228,1500,-16204,31,23,-171,-5633,18176,15871,18029,22387,2416,1024,1024,1024,
29,1232078080,-1164,1464,-16216,54,-18,-214,-6145,19712,16895,21641,-17531,-18071,1024,1024,1024,
29,1651508480,-1176,1564,-16332,73,-12,-223,-7425,20480,15615,11106,-3036,-30202,1024,1024,1024,
29,2037384448,-1228,1448,-16092,-19,-41,-194,-5889,20480,16127,-24159,23446,7832,1024,1024,1024,
29,2456814848,-1208,1520,-16088,17,-38,-165,-7169,20736,15871,21504,-24389,-926,1024,1024,1024,
29,2876245248,-1020,1568,-16204,45,-83,-181,-5633,20224,14847,16759,-19368,5917,1024,1024,1024,
29,3278898432,-1184,1564,-16204,41,-35,-218,-6401,18432,15103,13093,29772,-4310,1024,1024,1024,
29,3698328832,-1276,1576,-16276,7,-25,-186,-7425,18944,15103,-11039,11113,12267,1024,1024,1024,
29,4100982016,-1268,1552,-16408,-49,-47,-175,-4865,18944,13567,13031,4299,-15944,1024,1024,1024,
29,208733440,-1288,1692,-16332,-28,-71,-174,-5889,19968,15103,12970,1412,-10113,1024,1024,1024,
29,611386624,-1288,1592,-16152,-13,-100,-169,-7169,19200,16895,-23289,-30665,26836,1024,1024,1024,
29,1030817024,-1268,1520,-16352,29,-46,-189,-4609,19200,15871,30028,-25674,24253,1024,1024,1024,
29,1450247424,-1256,1568,-16328,-25,-61,-164,-5633,19712,15359,-30427,-6776,-6000,1024,1024,1024,
29,1852900608,-1272,1528,-16272,17,-13,-197,-6657,17152,14847,27966,-11787,19024,1024,1024,1024,
29,2255553792,-1272,1652,-16240,24,-53,-179,-5633,19712,14335,5136,24907,-14835,1024,1024,1024,
29,2658206976,-1260,1528,-16300,40,-26,-175,-5633,20224,14847,7252,4698,2408,1024,1024,1024,
29,3077637376,-1268,1532,-16244,38,-15,-209,-5377,19456,15103,-13797,23568,-8541,1024,1024,1024,
29,3480290560,-1216,1644,-16256,26,-18,-208,-5121,19712,15871,-14967,-13224,17985,1024,1024,1024,
29,3899720960,-1276,1580,-16160,34,-2,-202,-5889,20992,16127,6982,22691,-29897,1024,1024,1024,
29,7472384,-1172,1528,-16288,24,-29,-204,-7681,19200,15871,-9736,20358,-25650,1024,1024,1024,
29,410125568,-1208,1504,-16180,4,-35,-201,-6913,17920,16127,3200,-5051,20222,1024,1024,1024,
29,829555968,-1308,1540,-16368,17,-31,-210,-6145,19200,15871,18695,15659,7149,1024,1024,1024,
29,1232209152,-1196,1520,-16080,55,0,-187,-5121,19200,15359,-29466,23305,-2170,1024,1024,1024,
29,1651639552,-1276,1568,-16276,22,-53,-209,-5121,19712,15359,-22690,-23655,9791,1024,1024,1024,
29,2037515520,-1260,1568,-16232,-12,-51,-191,-7425,19456,14591,-23415,-15597,-18053,1024,1024,1024,
29,2456945920,-1324,1500,-16344,14,-46,-161,-5121,20224,15359,-12225,29608,-9279,1024,1024,1024,
29,2876376320,-1232,1612,-16388,40,-9,-184,-5633,19712,14847,-28135,-20788,-2319,1024,1024,1024,
29,3279029504,-1312,1488,-16328,5,-25,-178,-6145,19200,14847,-31367,22082,22890,1024,1024,1024,
29,3698459904,-1292,1564,-16324,40,-29,-205,-6401,19456,15103,-31310,1094,20899,1024,1024,1024,
29,4101113088,-1348,1616,-16284,-12,-18,-190,-6145,19712,16383,-4983,16352,-10561,1024,1024,1024,
29,208864512,-1248,1536,-16300,24,-18,-206,-4353,19968,16639,-16831,-14572,-25308,1024,1024,1024,
29,611517696,-1256,1496,-16384,13,-42,-193,-6401,20480,16639,14905,-18876,21743,1024,1024,1024,
29,1030948096,-1228,1644,-16264,30,0,-188,-6657,18688,15359,21604,14087,30252,1024,1024,1024,
29,1450378496,-1200,1568,-16172,41,-39,-226,-6145,19712,14335,-25190,-3320,17070,1024,1024,1024,
29,1853031680,-1240,1620,-16356,25,-22,-225,-4097,20224,14335,28199,3841,-16945,1024,1024,1024,
29,2255684864,-1300,1452,-16196,24,-25,-208,-6657,19200,13311,31401,-20788,-1411,1024,1024,1024,
29,2658338048,-1272,1620,-16264,26,-34,-210,-6401,20480,15103,18185,-7827,28225,1024,1024,1024,
29,3077768448,-1212,1576,-16316,8,-40,-201,-5377,18432,15103,-16130,-2295,4217,1024,1024,1024,
29,3480421632,-1316,1560,-16296,44,-60,-201,-6401,19456,14079,11474,-15433,18214,1024,1024,1024,
29,3899852032,-1184,1524,-16200,87,8,-215,-6401,19456,16127,22944,-7542,459,1024,1024,1024,
29,7603456,-1220,1592,-16388,43,-12,-249,-6401,19456,16127,-6371,20469,8930,1024,1024,1024,
29,410256640,-1144,1572,-16312,39,14,-249,-5377,18944,16639,28081,-10689,27237,1024,1024,1024,
29,829687040,-1240,1540,-16364,51,13,-220,-6145,20224,15871,-7015,-20265,-32454,1024,1024,1024,
29,1232340224,-1208,1580,-16304,26,-13,-210,-5377,19968,15615,-24611,-2229,-30556,1024,1024,1024,
29,1651770624,-1156,1644,-16484,27,8,-233,-6657,20224,14847,24878,-5592,-26996,1024,1024,1024,
29,2054423808,-1332,1496,-16240,-16,-31,-197,-6657,19712,14335,-7317,-23768,15951,1024,1024,1024,
29,2457076992,-1312,1488,-16184,47,-5,-193,-6657,18176,16383,-2405,-8156,-29307,1024,1024,1024,
29,2876507392,-1312,1468,-16384,21,-30,-201,-5889,20480,16639,-21497,4913,15196,1024,1024,1024,
29,3279160576,-1324,1552,-16544,-25,58,-198,-4865,18944,15615,20870,1676,-1718,1024,1024,1024,
29,3698590976,-1184,1540,-16028,13,-35,-204,-6913,18944,15615,-30271,28512,-7612,1024,1024,1024,
29,4101244160,-1208,1524,-16336,-2,-15,-63,-5633,18688,15359,-548,-19725,2181,1024,1024,1024,
29,208995584,-1040,1532,-16164,113,-89,-221,-5121,20224,15359,-28141,-20969,-28503,1024,1024,1024,
29,611648768,-1104,1580,-16276,-4,29,-207,-6145,19200,14847,-9539,-14516,24910,1024,1024,1024,
29,1031079168,-1124,1656,-16232,74,1,-239,-6401,19456,16127,7961,23745,20149,1024,1024,1024,
29,1450509568,-1180,1576,-16180,48,12,-228,-4097,18176,15871,-31271,-30812,9581,1024,1024,1024,
29,1853162752,-1116,1480,-16428,16,-19,-214,-6145,20224,14847,-12646,2892,-10718,1024,1024,1024,
29,2255815936,-1112,1588,-16172,27,27,-226,-5121,20224,14847,27868,10066,-15685,1024,1024,1024,
29,2658469120,-1320,1636,-16284,34,0,-214,-6657,20736,16895,11906,-25079,-5473,1024,1024,1024,
29,3077899520,-1240,1544,-16228,71,-11,-219,-6657,18176,15359,5895,256,25089,1024,1024,1024,
29,3480552704,-1192,1564,-16224,-11,-26,-195,-5377,17920,15103,-469,28740,-11172,1024,1024,1024,
29,3899983104,-1248,1564,-16308,29,-25,-208,-5121,19712,15359,4624,-28308,-6425,1024,1024,1024,
29,7734528,-1196,1540,-16376,27,-20,-201,-4097,20736,14335,-5343,26352,-7891,1024,1024,1024,
29,410387712,-1256,1588,-16284,67,-42,-216,-5889,19968,16639,32664,-20641,9272,1024,1024,1024,
29,829818112,-1244,1556,-16344,24,-18,-208,-4865,18944,16127,-26166,-16286,-32145,1024,1024,1024,
29,1232471296,-1252,1492,-16252,79,-33,-183,-6657,19712,15359,-14148,-13539,29686,1024,1024,1024,
29,1651901696,-1160,1512,-16268,-7,-20,-201,-5633,18176,15359,-2231,-1171,-6619,1024,1024,1024,
29,2054554880,-1128,1480,-16028,13,-22,-191,-4865,18944,16127,14297,-17118,-22655,1024,1024,1024,
29,2457208064,-1256,1588,-16260,27,-13,-205,-6145,18688,14847,-28479,-2079,3916,1024,1024,1024,
29,2876638464,-1304,1556,-16276,-45,-32,-217,-6145,20224,15871,-29758,32470,-8500,1024,1024,1024,
29,3279291648,-1192,1600,-16188,36,-19,-192,-6145,21248,15871,21623,-29633,8143,1024,1024,1024,
29,3698722048,-1136,1632,-16292,22,-31,-215,-6401,19456,16639,-2009,-5924,27707,1024,1024,1024,
29,4101375232,-1156,1596,-16252,63,-33,-209,-4609,19200,15871,-9479,-21387,-9799,1024,1024,1024,
29,209126656,-1288,1668,-16352,42,-48,-194,-7169,19200,15871,10571,-15574,7428,1024,1024,1024,
29,611779840,-1184,1636,-16260,75,1,-221,-5889,19968,15103,-24888,29712,-24654,1024,1024,1024,
29,1031210240,-1264,1520,-16240,57,-9,-203,-6657,19712,15359,-2946,-20266,-8991,1024,1024,1024,
29,1450640640,-1108,1592,-16192,65,13,-219,-5889,19968,15103,-6721,-30812,-22170,1024,1024,1024,
29,1853293824,-1276,1520,-16288,46,-13,-200,-6145,20224,15871,29436,-14675,9941,1024,1024,1024,
29,2255947008,-1240,1648,-16308,63,-9,-217,-4609,19200,13823,6784,1391,-1339,1024,1024,1024,
29,2658600192,-1320,1636,-16284,16,-5,-195,-6657,20224,15359,-9692,9381,-32082,1024,1024,1024,
29,3078030592,-1240,1540,-16340,19,-54,-205,-5633,18176,16383,32723,14906,28879,1024,1024,1024,
29,3480683776,-1236,1568,-16216,15,-19,-203,-6401,19456,15615,-165,24430,-4557,1024,1024,1024,
29,3900114176,-1200,1528,-16384,44,-35,-201,-5377,18432,14591,-3076,-11665,-23588,1024,1024,1024,
29,7865600,-1184,1612,-16300,67,-32,-174,-4865,19456,15103,-8758,9867,-18368,1024,1024,1024,
29,410518784,-1280,1496,-16216,86,31,-245,-5377,19968,15103,-29121,-10161,-11719,1024,1024,1024,
29,829949184,-1248,1644,-16264,72,-35,-199,-5377,18944,16639,-18998,-1316,-16389,1024,1024,1024,
29,1232602368,-1380,1904,-16404,71,-107,-188,-5121,19712,14335,5691,-19492,-16141,1024,1024,1024,
29,1652032768,-1048,1472,-16052,161,278,-360,-5889,18944,15615,17129,-30622,-3281,1024,1024,1024,
29,2054685952,-1044,1404,-15976,27,-28,-213,-5889,19456,14591,17328,-23926,-17850,1024,1024,1024,
29,2457339136,-1236,1656,-16368,302,-249,-387,-4609,18688,15359,25743,-19080,-1420,1024,1024,1024,
29,2876769536,-1052,1636,-16152,73,106,-282,-5633,20224,15871,-29263,-5318,-11673,1024,1024,1024,
29,3279422720,-1180,1372,-16140,51,31,-271,-6657,20224,14847,-25917,2090,9917,1024,1024,1024,
29,3698853120,-1000,1452,-16328,181,-24,-213,-5889,19456,15103,-29259,29935,19502,1024,1024,1024,
29,4101506304,-1068,1548,-15908,-85,51,-168,-6145,19712,14335,6852,-1110,-1575,1024,1024,1024,
29,209257728,-1124,1592,-16276,82,96,-272,-5633,19200,15359,20404,32129,32564,1024,1024,1024,
29,611910912,-1180,1524,-16204,109,15,-255,-5377,19968,15615,-29212,31953,21609,1024,1024,1024,
29,1031341312,-1192,1536,-16156,34,-14,-208,-5633,19712,13823,3336,13040,28371,1024,1024,1024,
29,1450771712,-1284,1576,-16288,2,-8,-207,-5633,19712,16383,7180,4087,21330,1024,1024,1024,
29,1853424896,-1108,1544,-16056,34,-3,-215,-6145,20736,14335,31490,-26812,1116,1024,1024,1024,
29,2256078080,-1184,1532,-16224,64,-31,-200,-5889,18944,15103,25608,-31713,-25338,1024,1024,1024,
29,2658731264,-1212,1480,-16224,33,-6,-199,-5633,19200,14335,211,-11743,3149,1024,1024,1024,
29,3078161664,-1104,1508,-16148,61,-21,-203,-6401,18944,15103,14980,27650,15733,1024,1024,1024,
29,3480814848,-1228,1492,-16232,17,-21,-179,-4865,18432,16127,-29539,-25284,-8456,1024,1024,1024,
29,3900245248,-1204,1492,-16136,42,-19,-195,-5633,18176,14847,7430,9305,3379,1024,1024,1024,
29,7996672,-1224,1672,-16444,-378,1128,292,-5889,19456,15103,-12569,21282,9923,1024,1024,1024,
29,410649856,32,2124,-16092,217,387,623,-6145,20224,15359,-267,11392,14749,1024,1024,1024,
29,830080256,700,1184,-15496,395,-112,-436,-5633,18688,15359,8906,12174,-11431,1024,1024,1024,
29,1232733440,-1168,596,-18812,241,2871,-2448,-5889,18432,15615,-28603,-17086,20024,1024,1024,1024,
29,1652163840,-1612,1352,-16620,-46,666,-1063,-4865,19456,15615,3469,22623,31980,1024,1024,1024,
29,2054817024,-10416,612,-11168,6306,9600,-216,-7169,20736,14847,-18498,-13953,-11006,1024,1024,1024,
29,2457470208,-5264,3768,-16936,2220,-2573,-23605,-6145,19200,14847,3974,25370,5875,1024,1024,1024,
29,2876900608,-8564,208,-25316,-5767,-8715,-20951,-5889,20480,15103,-5910,982,3663,1024,1024,981,
29,3279553792,-8036,1380,-25528,-13776,-17818,-10798,-8449,20992,14079,-28083,-30939,-22040,1024,1024,913,
29,3698984192,4348,2644,-19404,-625,18799,-21823,-8193,19200,16383,19129,-32497,-30181,1024,1024,683,
29,4101637376,-2704,2416,-13840,-2714,-14723,-11086,-7169,21248,14847,816,31416,7526,1024,1024,622,
29,209388800,-19316,-2800,-18272,669,-1643,-3682,-7169,21248,13823,20502,-28206,4196,1024,1024,582,
29,612041984,-22228,1760,-10324,6669,-28362,1516,-9217,24832,16383,16518,28127,-24439,1024,1024,572,
29,1031472384,-7304,500,-21460,-1128,-32768,-1024,-7937,30720,16127,-23113,9351,-9502,1024,1024,576,
29,1450902784,-4312,18240,-17684,12945,-32768,13749,-8449,-31232,17663,-8852,4580,-15140,1024,1024,582,
29,1853555968,-2280,8720,-7956,-3852,-28944,12089,-9473,-27648,19199,-8928,2367,14524,1024,1024,608,
29,2256209152,-6648,-828,-6404,-6700,-27851,-2753,-8193,-25856,21503,30326,4612,-32618,1024,1024,645,
29,2658862336,-9760,-44,-6292,-823,-24944,-15802,-8961,-23552,24831,5947,20489,-11416,1024,1024,763,
29,3078292736,-12184,-1592,-5896,6015,-32768,-29933,-4609,-22784,26111,-2265,-15823,-16360,1024,1024,831,
29,3480945920,-11876,-380,-5708,19405,-32768,-32768,-513,-21760,31743,-29004,-5610,-31879,1024,1024,793,
29,3900376320,-8100,784,-4924,13169,-32768,-32768,3328,-23296,-30209,7664,13389,-1926,1024,1024,807,
29,8127744,-8312,-4900,-4288,7177,-10918,-31608,6656,-24576,-30465,-14456,-10445,32646,1024,1024,821,
29,410780928,-9560,-3684,-1108,5944,-504,-32768,8960,-25856,-30209,5531,10840,13208,1024,1024,841,
29,830211328,-11824,-2488,1596,3248,3656,-24399,9984,-28928,-28161,3009,27250,-23300,1024,1024,788,
29,1232864512,-7520,-3056,2932,1657,-3461,4259,9216,-27136,-28929,-22493,-23847,-7491,1024,1024,799,
29,1652294912,-6232,-8128,-5248,8791,7210,9746,9216,-27136,-29441,801,7407,-14606,1024,1024,790,
29,2054948096,-12284,-10816,-480,2281,17473,9548,8704,-26112,-28929,-12046,22066,-15854,1024,1024,776,
29,2457601280,-14480,-12624,-3768,13985,10049,16159,7424,-27392,-29185,19738,-25392,-16011,1024,1024,796,
29,2877031680,-3968,-3540,-4768,15345,4991,6172,8704,-26624,-28929,-31821,28158,62,1024,1024,823,
29,3279684864,-10872,-576,-6084,8299,22554,-9693,7936,-26880,-30209,-25771,-1443,-27791,1024,1024,866,
29,3699115264,-19152,-9276,-6700,4619,11466,1437,6656,-26112,-29953,28438,-6517,23063,1024,1024,867,
29,4101768448,-18792,-7548,-4668,10743,2002,2172,8960,-26368,-28673,28294,27036,21892,1024,1024,850,
29,209519872,-18480,-9168,-3796,9290,6029,-2312,8960,-27392,-28673,8575,17104,9576,1024,1024,835,
29,612173056,-22240,-9460,-524,7459,1991,-6589,9216,-28160,-29953,31774,-9641,-17045,1024,1024,822,
29,1031603456,-13540,-6160,-1472,8362,-7281,-14334,11264,-29184,-28417,25164,-22455,-2144,1024,1024,800,
29,1451033856,-17416,1096,-8948,3903,9733,-14310,11520,-30464,-27649,-6970,-20070,-28656,1024,1024,815,
29,1853687040,-13396,-13232,-3524,-8494,12032,7756,11264,-29696,-28929,-21622,-27021,26333,1024,1024,817,
29,2256340224,-19384,-10504,-2040,-966,11211,-1333,9984,-29952,-28161,30200,-14789,28882,1024,1024,852,
29,2658993408,-18392,-5020,-3080,-5273,2504,4355,10496,-29440,-29697,14768,5530,23516,1024,1024,883,
29,3078423808,-18368,1500,-5900,17054,-17627,5895,12032,-27904,-27137,6770,31079,11327,1024,1024,830,
29,3481076992,-13052,-4376,244,13568,-29019,3385,10240,-28672,-23809,-27116,-27031,-12818,1024,1024,784,
29,3900507392,-14000,-8540,-3188,11199,-28896,1175,10240,-26624,-20737,-6750,-25335,-11606,1024,1024,785,
29,8258816,-7588,-11264,-5628,-4068,6049,16471,8704,-24576,-21761,-17449,15601,-15586,1024,1024,895,
29,410912000,-15168,-7904,-968,2761,-270,2605,9728,-25600,-21249,32726,-26082,-19885,1024,1024,995,
29,830342400,-22452,-6956,-2084,677,1227,17954,7424,-23808,-19969,32244,-2550,-14956,1024,1024,1015,
29,1232995584,-14748,-7292,352,976,-1035,9760,8704,-24576,-21761,10277,22686,14240,1024,1024,968,
29,1652425984,-15876,-6796,392,-792,-457,5601,6912,-23296,-19969,11985,24613,23011,1024,1024,981,
29,2055079168,-14240,-4576,172,546,-387,4828,6144,-22528,-20225,-141,31656,6485,1024,1024,1024,
29,2457732352,-19264,-8440,1276,-582,-146,3898,5632,-20992,-21249,-12632,-26681,11365,1024,1024,1024,
29,2877162752,-13820,-3780,-2048,1107,-581,-260,6912,-23296,-20993,-11501,-21222,-27986,1024,1024,1024,
29,3279815936,-15268,-6184,2348,2815,947,24,8448,-23808,-20993,28857,19193,28795,1024,1024,1024,
29,3699246336,-14848,-6004,896,-150,665,230,6912,-22272,-21505,23313,31272,9656,1024,1024,1024,
29,4101899520,-15236,-5584,656,-42,-244,-230,5888,-22784,-20481,3638,-18988,-30509,1024,1024,1024,
29,209650944,-14952,-5808,664,79,-198,-393,5888,-23808,-21505,29297,-21285,-31265,1024,1024,1024,
29,612304128,-15400,-5644,640,40,146,-155,5888,-23808,-20481,2984,-1461,-684,1024,1024,1024,
29,1031734528,-15180,-5684,684,-26,-30,-93,8192,-22528,-22273,-16302,30793,17402,1024,1024,1024,
29,1451164928,-15168,-5640,688,30,-113,-290,6144,-22016,-21761,4766,28540,-2637,1024,1024,1024,
29,1853818112,-15236,-5640,636,21,5,-184,6912,-23296,-20993,-7579,-30272,7953,1024,1024,1024,
29,2256471296,-15080,-5728,696,-8,-21,-160,7168,-22016,-20225,-11590,-12589,-21815,1024,1024,1024,
29,2659124480,-15272,-5676,736,10,-31,-197,6144,-22016,-20737,5986,20353,29074,1024,1024,1024,
29,3078554880,-15340,-5692,732,24,-38,-198,6912,-23296,-20993,29606,28659,-29592,1024,1024,1024,
29,3481208064,-15224,-5756,756,33,-47,-196,6912,-22784,-20993,-27339,21995,29320,1024,1024,1024,
29,3900638464,-15244,-5688,628,31,-36,-269,5888,-22272,-19457,-31524,-28399,1788,1024,1024,1024,
29,8389888,-15216,-5656,544,54,-52,-153,5888,-23808,-19457,19286,-17502,13840,1024,1024,1024,
29,411043072,-15332,-5768,668,59,-36,-156,6400,-22784,-20993,-30657,-5411,3683,1024,1024,1024,
29,830473472,-15220,-5748,556,44,2,-198,6656,-22016,-21761,-18290,-28493,-8934,1024,1024,1024,
29,1233126656,-15304,-5720,712,41,-53,-142,6912,-22272,-20481,-32547,-15121,-12044,1024,1024,1024,
29,1652557056,-15408,-5808,652,62,-39,-206,6400,-22272,-20481,-2319,-2028,-23699,1024,1024,1024,
29,2055210240,-15204,-5788,792,46,-72,-201,6656,-24064,-20737,25120,26526,-32736,1024,1024,1024,
29,2457863424,-15200,-5720,584,29,-34,-183,6144,-22528,-21249,-13389,-1458,-18497,1024,1024,1024,
29,2877293824,-15184,-5628,528,20,-42,-179,6400,-21760,-20993,-5133,16768,29475,1024,1024,1024,
29,3279947008,-15216,-5724,688,5,-44,-190,6400,-23296,-20993,-10827,-29159,8650,1024,1024,1024,
29,3699377408,-15120,-5696,640,27,-10,-176,5376,-23296,-20993,32388,-12218,16546,1024,1024,1024,
29,4102030592,-15228,-5756,640,23,-35,-189,5632,-23552,-21761,455,-8820,-21245,1024,1024,1024,
29,209782016,-15196,-5676,492,33,-46,-198,7168,-23040,-20737,18626,-30049,-10569,1024,1024,1024,
29,612435200,-15260,-5732,584,8,-16,-192,7424,-22784,-20481,13363,13084,-20260,1024,1024,1024,
29,1031865600,-15360,-5748,724,34,-23,-188,6144,-24064,-20737,-14081,-1105,22339,1024,1024,1024,
29,1451296000,-15264,-5716,652,2,-42,-197,6912,-22272,-20481,-21446,11104,28395,1024,1024,1024,
29,1853949184,-15168,-5768,576,45,3,-207,6656,-21504,-22273,-11237,-5094,-13553,1024,1024,1024,
29,2256602368,-15136,-5700,892,17,-19,-209,6656,-24064,-20225,-9151,19262,2440,1024,1024,1024,
29,2659255552,-15292,-5600,656,37,-43,-190,6656,-23040,-20225,-5694,-1369,-25924,1024,1024,1024,
29,3078685952,-15248,-5660,692,50,9,-205,6144,-23040,-21249,-15063,10903,-6128,1024,1024,1024,
29,3481339136,-15280,-5708,516,25,-39,-202,5632,-23040,-20225,-21924,3966,22565,1024,1024,1024,
29,3900769536,-15196,-5724,732,5,8,-197,6656,-23040,-20737,-24750,-11073,32253,1024,1024,1024,
29,8520960,-15188,-5656,624,31,-16,-191,5888,-22272,-21505,-14244,-18317,8543,1024,1024,1024,
29,411174144,-15324,-5712,664,23,-14,-209,6656,-23040,-21249,7258,-28755,-19451,1024,1024,1024,
29,830604544,-15228,-5728,656,1,-42,-201,5632,-22528,-20737,23672,-30888,14981,1024,1024,1024,
29,1233257728,-15200,-5656,648,30,-15,-195,6144,-22528,-21761,-16984,-1920,-10227,1024,1024,1024,
29,1652688128,-15308,-5740,616,29,-35,-210,5376,-22272,-21505,-10722,-6404,20296,1024,1024,1024,
29,2055341312,-15152,-5668,524,47,-48,-189,7168,-22528,-20737,15310,8402,31221,1024,1024,1024,
29,2457994496,-15140,-5712,652,15,-18,-187,6400,-22272,-19969,-30959,-29306,-1783,1024,1024,1024,
29,2877424896,-15236,-5656,688,14,-32,-218,6144,-22528,-20737,-4773,-29108,-18071,1024,1024,1024,
29,3280078080,-15148,-5664,652,-11,-16,-195,6656,-23552,-20737,15302,-95,17595,1024,1024,1024,
29,3699508480,-15312,-5780,764,22,-37,-189,5376,-22784,-21505,7783,-22272,-12115,1024,1024,1024,
29,4102161664,-15184,-5676,740,33,-35,-189,6912,-22272,-20993,-21193,-27481,-1958,1024,1024,1024,
29,209913088,-15284,-5644,544,23,-18,-197,5376,-22784,-19969,-32049,-3722,11529,1024,1024,1024,
29,612566272,-15184,-5720,600,9,-19,-203,5632,-23040,-21761,26987,17789,18162,1024,1024,1024,
29,1031996672,-15144,-5784,716,44,6,-204,6144,-24576,-20737,2883,466,-22138,1024,1024,1024,
29,1451427072,-15276,-5856,784,38,-22,-193,7168,-22016,-21761,-17657,-8616,-32720,1024,1024,1024,
29,1854080256,-15228,-5764,536,56,-27,-211,6400,-23296,-20481,-10349,9501,-14324,1024,1024,1024,
29,2256733440,-15300,-5632,708,36,-27,-179,7424,-23296,-18945,13951,-27987,14960,1024,1024,1024,
29,2659386624,-15196,-5676,512,4,-28,-223,5632,-23552,-19713,-10337,-20252,-2639,1024,1024,1024,
29,3078817024,-15252,-5756,780,20,-25,-212,6656,-24576,-20737,-5553,3779,26552,1024,1024,1024,
29,3481470208,-15324,-5672,808,8,-26,-210,7424,-22784,-21505,-18993,-10617,26894,1024,1024,1024,
29,3900900608,-15232,-5652,728,37,-16,-221,7168,-23552,-21249,24784,12847,29816,1024,1024,1024,
29,8652032,-15288,-5680,796,38,-3,-199,5888,-23296,-20993,17279,31017,-13804,1024,1024,1024,
29,411305216,-15264,-5740,576,45,-19,-217,6912,-21760,-20993,844,12257,7692,1024,1024,1024,
29,830735616,-15144,-5668,680,6,-17,-186,6656,-22528,-20225,24804,25298,-24831,1024,1024,1024,
29,1233388800,-15204,-5612,708,51,-27,-189,5632,-22016,-21249,683,26853,23221,1024,1024,1024,
29,1652819200,-15288,-6392,584,74,33,-429,5888,-21760,-21505,-4185,-4955,31720,1024,1024,1024,
29,2055472384,-15216,-5952,808,-118,-127,83,7168,-22528,-19201,-31719,2299,-15465,1024,1024,1024,
29,2458125568,-15148,-5776,356,151,133,-292,6912,-22784,-20481,-28670,-31731,-29126,1024,1024,1024,
29,2877555968,-14624,-5668,628,145,-110,-135,6912,-21760,-20993,-28508,6891,32328,1024,1024,1024,
29,3280209152,-15404,-5420,580,-97,-292,-246,6144,-23040,-21249,180,23910,8236,1024,1024,1024,
29,3699639552,-15060,-5688,580,62,-73,-173,6144,-23552,-20225,-10626,-32607,-5900,1024,1024,1024,
29,4102292736,-15200,-5724,512,36,8,-219,5888,-23808,-19969,7718,-906,21840,1024,1024,1024,
29,210044160,-15148,-5688,844,40,-20,-179,5632,-22016,-20737,-17147,10904,4140,1024,1024,1024,
29,612697344,-15184,-5804,588,21,-31,-214,5888,-22272,-20993,-5214,1538,4018,1024,1024,1024,
29,1032127744,-15180,-5624,752,26,-62,-238,5376,-22784,-20481,5876,11468,18240,1024,1024,1024,
29,1451558144,-15284,-5756,676,48,-21,-225,6656,-23552,-21249,-1611,-29147,16216,1024,1024,1024,
29,1854211328,-15172,-5680,684,33,-59,-170,5632,-22528,-19713,-4008,-15887,19560,1024,1024,1024,
29,2256864512,-15120,-5656,800,-4,-14,-199,6144,-23552,-20225,30165,18163,-13319,1024,1024,1024,
29,2659517696,-15212,-5796,648,67,-16,-204,6912,-22784,-20993,-1287,-27479,28957,1024,1024,1024,
29,3078948096,-15260,-5688,700,71,-41,-182,5376,-23296,-19969,-3202,3539,20488,1024,1024,1024,
29,3481601280,-15220,-5640,760,-1,-6,-215,7680,-23040,-21249,-2816,2385,25649,1024,1024,1024,
29,3901031680,-15284,-5768,624,-15,-30,-207,6656,-22528,-20737,-25244,-26347,-14647,1024,1024,1024,
29,8783104,-15296,-5800,672,23,-61,-157,7424,-23296,-20993,20859,-20293,28636,1024,1024,1024,
29,411436288,-15208,-5692,620,16,-98,-215,5888,-22784,-20481,-21230,2951,-2583,1024,1024,1024,
29,830866688,-15236,-5696,504,36,-67,-211,5120,-23552,-20737,15860,-27451,-25780,1024,1024,1024,
29,1233519872,-15128,-5784,680,35,0,-193,6656,-23552,-20225,16917,-22407,12122,1024,1024,1024,
29,1652950272,-15056,-5644,564,22,-36,-209,6144,-23552,-19713,31615,7693,7503,1024,1024,1024,
29,2055603456,-15348,-5688,608,15,-46,-181,5888,-22272,-20993,22430,1428,24630,1024,1024,1024,
29,2458256640,-15284,-5628,760,27,-23,-227,7424,-22784,-19457,-17078,30088,-29948,1024,1024,1024,
29,2877687040,-15196,-5628,568,31,-27,-212,6656,-22528,-20225,-16351,-11306,13954,1024,1024,1024,
29,3280340224,-15180,-5732,524,21,-32,-195,6656,-21504,-21249,-9930,-32439,26676,1024,1024,1024,
29,3699770624,-15048,-5452,916,-8,-130,-349,5888,-22784,-20993,1345,-21991,26835,1024,1024,1024,
29,4102423808,-15296,-5728,628,46,-36,-174,6912,-20736,-20993,18301,8405,-19006,1024,1024,1024,
29,210175232,-15088,-5616,620,-25,-87,-230,7168,-23040,-19713,30087,13532,8232,1024,1024,1024,
29,612828416,-15140,-5588,584,13,-2,-229,6400,-24320,-20993,-13197,16859,-9354,1024,1024,1024,
29,1032258816,-15304,-5724,620,45,-31,-199,7424,-22784,-21505,17039,-750,22131,1024,1024,1024,
29,1451689216,-15176,-5288,712,81,-12,-355,6656,-23552,-20737,-5309,-25234,-20321,1024,1024,1024,
29,1854342400,-15184,-5668,740,-23,-104,-149,5632,-24576,-20737,-18071,13114,23484,1024,1024,1024,
29,2256995584,-15264,-5592,692,53,-28,-212,7936,-23296,-19969,-9425,-31634,24583,1024,1024,1024,
29,2659648768,-15156,-5668,704,32,-26,-199,5632,-23552,-19713,15417,-1030,-29898,1024,1024,1024,
29,3079079168,-15160,-5692,656,49,-50,-188,6656,-23552,-20225,-26761,7279,27744,1024,1024,1024,
29,3481732352,-15264,-5676,688,20,-41,-205,5632,-23552,-21249,22654,-31874,-13971,1024,1024,1024,
29,3901162752,-15204,-5704,556,40,-17,-201,6400,-23808,-20481,-19018,22476,-7613,1024,1024,1024,
29,8914176,-15308,-5688,676,30,7,-216,5888,-22784,-20481,21085,-27564,-18380,1024,1024,1024,
29,411567360,-15264,-5728,628,-2,-17,-220,5120,-23552,-20225,364,-28200,4628,1024,1024,1024,
29,830997760,-15200,-5752,676,42,-42,-203,5888,-22272,-21505,-30189,30469,12765,1024,1024,1024,
29,1233650944,-15280,-5740,600,63,-52,-220,7424,-21760,-19969,-6157,14678,2472,1024,1024,1024,
29,1653081344,-15228,-5768,808,-29,-96,-159,6400,-23296,-18945,-20928,-878,1365,1024,1024,1024,
29,2055734528,-15324,-5728,624,15,80,-202,6656,-22528,-20737,18395,-17919,13938,1024,1024,1024,
29,2458387712,-12932,-4756,2212,-1666,2626,1810,6400,-22784,-20481,10693,-30012,-9902,1024,1024,1024,
29,2877818112,-11800,-4936,5044,-566,8463,2412,7168,-23040,-21761,-20350,15000,-25860,1024,1024,1024,
29,3280471296,-14832,-4828,-788,-722,1154,-507,4864,-22272,-21505,-17705,-23356,24316,1024,1024,1024,
29,3699901696,-14056,-5860,-244,-1844,-1528,-733,7168,-23552,-19713,-17096,19694,-10989,1024,1024,1024,
29,4102554880,-14132,-8016,-2700,-1743,387,1800,5888,-22784,-19969,30178,-24267,-21057,1024,1024,1024,
29,210306304,-16356,-5228,-188,-560,930,1645,5888,-23296,-20481,-812,-4428,5155,1024,1024,1024,
29,612959488,-15012,-5156,-112,111,-132,-1592,6912,-22272,-19969,15167,25663,-18654,1024,1024,1024,
29,1032389888,-16172,-7488,408,-57,1056,-2150,6400,-23296,-20993,-14361,-22229,-10875,1024,1024,1024,
29,1451820288,-16236,-5780,-452,199,559,-3016,5632,-21504,-20225,12330,-12130,-12420,1024,1024,1024,
29,1854473472,-16780,-5560,696,-303,1885,166,5632,-23040,-21249,-539,-32229,-9857,1024,1024,1024,
29,2257126656,-14432,-5436,384,-403,2330,950,7168,-23040,-19713,-11722,30499,28568,1024,1024,1024,
29,2659779840,-13708,-3588,516,1014,1807,1928,6400,-21248,-21505,16232,276,-1985,1024,1024,1024,
29,3079210240,-12912,-3084,496,1472,945,2626,4096,-22016,-19713,5430,-19176,21048,1024,1024,1024,
29,3481863424,-13308,-4044,252,2346,-636,3818,5120,-21504,-20737,-22230,-26571,19856,1024,1024,1024,
29,3901293824,-13812,-4872,408,1559,-1466,4495,4608,-21504,-20737,26413,30790,31614,1024,1024,1024,
29,9045248,-25452,-6956,3792,3302,-6336,1200,5376,-22272,-22017,-12470,-21841,23831,1024,1024,1024,
29,411698432,-16684,-4196,-1036,2950,1814,-31,4864,-22272,-19969,19472,32543,-24552,1024,1024,1024,
29,831128832,-15820,-5176,156,100,-236,-567,5888,-22784,-19969,4239,-9653,-26880,1024,1024,1024,
29,1233782016,-14572,-4800,1256,-185,-1042,-244,4864,-21760,-21505,9680,11207,-12336,1024,1024,1024,
29,1653212416,-16344,-4968,-1124,466,-48,-442,4864,-21248,-20481,708,-11434,-8948,1024,1024,1024,
29,2055865600,-15452,-4860,488,278,250,-64,6656,-22528,-21761,23284,1341,9962,1024,1024,1024,
29,2458518784,-15292,-5440,604,694,301,-109,6144,-22016,-21761,31712,2711,-2673,1024,1024,1024,
29,2877949184,-15292,-5340,268,1326,323,-157,4864,-22784,-20993,9241,4608,-3646,1024,1024,1024,
29,3280602368,-15224,-5344,456,1691,260,-260,5120,-21504,-20737,-21788,-221,-1167,1024,1024,1024,
29,3700032768,-15564,-4700,212,930,203,-195,5632,-21504,-21249,29705,18283,-28512,1024,1024,1024,
29,4102685952,-15640,-4984,220,-11,-310,-296,5376,-21760,-20481,-30302,2732,19883,1024,1024,1024,
29,210437376,-15664,-5168,652,121,-84,-382,5632,-23040,-19713,-13181,-8170,31221,1024,1024,1024,
29,613090560,-15572,-4928,92,-24,-183,-255,4608,-22528,-20737,3030,16010,4526,1024,1024,1024,
29,1032520960,-15252,-5196,36,-378,-277,-831,6144,-22016,-20737,-1761,4891,-28437,1024,1024,1024,
29,1451951360,-15476,-5236,1060,-148,-555,-267,6400,-21760,-20481,16169,-8163,-21415,1024,1024,1024,
29,1854604544,-15744,-4964,324,-18,105,161,6656,-21504,-21249,8031,18258,2983,1024,1024,1024,
29,2257257728,-15384,-5248,72,32,-113,-260,5376,-22272,-20481,-19326,-6759,17188,1024,1024,1024,
29,2659910912,-15056,-5268,500,16,-24,-163,5376,-22272,-20993,-17883,-3284,-32420,1024,1024,1024,
29,3079341312,-15336,-5156,352,28,-48,-231,4864,-22272,-19969,-11504,-5059,-12370,1024,1024,1024,
29,3481994496,-15448,-5140,364,71,-104,-240,5120,-21504,-19713,-16396,23625,-30704,1024,1024,1024,
29,3901424896,-15092,-5112,388,104,-111,-273,6400,-20736,-19969,-3019,-921,-2023,1024,1024,1024,
29,9176320,-15440,-5184,336,-56,-130,-158,6400,-22272,-20481,-11591,-23629,-12043,1024,1024,1024,
29,411829504,-15304,-5080,392,55,171,-188,5376,-21760,-20993,-20527,-8750,-24323,1024,1024,1024,
29,831259904,-15428,-5312,384,23,12,-190,5632,-21504,-20737,23283,19788,-955,1024,1024,1024,
29,1233913088,-15260,-5116,268,-10,-88,-216,6144,-21504,-20737,14922,4655,4271,1024,1024,1024,
29,1653343488,-15424,-5148,380,7,-66,-196,5888,-22272,-20993,-27422,2463,-9004,1024,1024,1024,
29,2055996672,-15368,-5240,332,-11,-27,-192,4608,-23552,-21249,2136,-4176,14463,1024,1024,1024,
29,2458649856,-15456,-5128,256,16,0,-188,6400,-21760,-19457,21544,-6845,-14612,1024,1024,1024,
29,2878080256,-15420,-5284,308,33,-6,-189,5632,-22528,-21761,-10793,-14248,9269,1024,1024,1024,
29,3280733440,-15380,-5220,328,21,-10,-201,5632,-21504,-20737,-9318,-31001,11422,1024,1024,1024,
29,3700163840,-15428,-5192,420,59,-28,-190,4864,-21248,-19969,27547,23815,16529,1024,1024,1024,
29,4102817024,-15464,-5160,632,7,-57,-194,7424,-21760,-20481,16761,-16457,-20468,1024,1024,1024,
29,210568448,-15380,-5256,380,12,-16,-189,5120,-20992,-21249,-327,-12839,-29151,1024,1024,1024,
29,613221632,-15460,-5260,352,-10,-22,-217,5888,-22784,-19969,-20974,-18960,14028,1024,1024,1024,
29,1032652032,-15408,-5104,288,32,-26,-187,5120,-22528,-21249,16716,-23581,-24905,1024,1024,1024,
29,1452082432,-15460,-5140,392,53,-21,-201,5888,-22784,-22017,-26260,-29593,-15196,1024,1024,1024,
29,1854735616,-15464,-5120,236,73,-18,-199,5888,-21760,-20481,-28205,-12990,-17136,1024,1024,1024,
29,2257388800,-15420,-5156,292,-18,-30,-190,5120,-21504,-20737,-2407,-2658,5454,1024,1024,1024,
29,2660041984,-15308,-5168,408,6,-48,-190,5888,-22272,-20993,-6304,1534,6302,1024,1024,1024,
29,3079472384,-15616,-5192,172,24,1,-228,4864,-21760,-20993,27223,19953,17916,1024,1024,1024,
29,3482125568,-15476,-5132,468,59,-38,-216,4864,-21760,-20993,25302,-25043,-17767,1024,1024,1024,
29,3901555968,-15512,-5216,312,26,-60,-221,5888,-21760,-21505,11887,-15436,-4071,1024,1024,1024,
29,9307392,-15452,-5088,272,41,-58,-201,6656,-20992,-19713,11524,-25568,4310,1024,1024,1024,
29,411960576,-15396,-5344,316,37,-25,-225,5888,-22272,-21505,4258,-18442,-27599,1024,1024,1024,
29,831390976,-15332,-5136,384,-9,-28,-213,4608,-21504,-20737,9481,-18512,12208,1024,1024,1024,
29,1234044160,-16556,-5864,324,-403,96,141,6912,-22272,-20481,375,-8207,27779,1024,1024,1024,
29,1653474560,-14864,-4972,432,350,1152,-118,5376,-21760,-20481,-12472,8825,26125,1024,1024,1024,
29,2056127744,-15564,-5404,608,-28,-167,-96,4864,-22272,-20993,14739,8258,31292,1024,1024,1024,
29,2458780928,-15572,-5184,152,74,-99,-216,6144,-22528,-20225,22502,4687,9891,1024,1024,1024,
29,2878211328,-15568,-5312,376,26,196,-152,6656,-22528,-20737,-9119,601,-12679,1024,1024,1024,
29,3280864512,-15160,-5152,320,33,175,-192,5632,-22528,-20737,-32232,31289,-31909,1024,1024,1024,
29,3700294912,-15512,-5224,312,51,-57,-187,5120,-22528,-21249,20938,-7699,-17545,1024,1024,1024,
29,4102948096,-15388,-5204,416,-2,-91,-226,6656,-22016,-20737,8546,26985,16812,1024,1024,1024,
29,210699520,-15296,-5060,224,23,12,-174,7168,-21504,-20737,-14777,933,29902,1024,1024,1024,
29,613352704,-15520,-5244,372,25,5,-209,6144,-22016,-20737,-8331,12238,16789,1024,1024,1024,
29,1032783104,-15216,-5140,380,41,11,-207,5888,-21248,-19969,20456,16531,-15423,1024,1024,1024,
29,1452213504,-15516,-5244,324,41,-29,-187,5632,-20992,-20737,19415,19028,2088,1024,1024,1024,
29,1854866688,-15408,-5200,288,13,-65,-228,5888,-22272,-20481,12750,3135,-20607,1024,1024,1024,
29,2257519872,-15404,-5216,364,67,-16,-191,5632,-20992,-21249,-8480,-3677,-15821,1024,1024,1024,
29,2660173056,-15400,-5184,328,26,-8,-205,5120,-22016,-20737,18842,-7180,-8226,1024,1024,1024,
29,3079603456,-15380,-5256,400,27,-48,-178,5120,-22016,-20225,3150,-30752,-30792,1024,1024,1024,
29,3482256640,-15412,-5184,284,-18,-33,-198,5376,-21760,-19969,18596,-13007,-600,1024,1024,1024,
29,3901687040,-15432,-5204,300,7,-24,-199,6144,-22528,-21249,-14701,-1148,-15121,1024,1024,1024,
29,9438464,-15456,-5284,140,27,1,-194,6400,-22784,-20993,-10083,21861,-23055,1024,1024,1024,
29,412091648,-15404,-5128,348,62,-23,-180,4608,-22016,-20225,3790,9991,-935,1024,1024,1024,
29,831522048,-15492,-5140,468,36,-10,-200,6144,-22016,-20737,-9696,6259,28043,1024,1024,1024,
29,1234175232,-15404,-5264,300,24,-16,-202,4864,-21760,-22017,3191,-29483,-1006,1024,1024,1024,
29,1653605632,-15316,-5276,340,47,-19,-216,6400,-22272,-19457,-17676,-32507,28763,1024,1024,1024,
29,2039481600,-15416,-5208,376,4,-14,-194,5376,-24832,-20481,11523,19549,15973,1024,1024,1024,
29,2458912000,-15324,-5148,300,32,-33,-197,5376,-21248,-20481,3310,2937,-5617,1024,1024,1024,
29,2878342400,-15444,-5136,372,12,-65,-168,6912,-22272,-19969,13625,-3806,-26201,1024,1024,1024,
29,3280995584,-15340,-5172,468,21,-28,-206,5888,-21760,-20993,-17383,10002,-14324,1024,1024,1024,
29,3700425984,-15468,-5156,220,18,-13,-201,4608,-20992,-20225,-24704,-22893,8833,1024,1024,1024,
29,4103079168,-15452,-5184,396,49,-44,-213,6400,-22272,-21505,-170,3661,-30983,1024,1024,1024,
29,210830592,-15356,-5268,276,21,-19,-230,5120,-22528,-20737,25566,-8547,-15616,1024,1024,1024,
29,613483776,-15412,-5192,384,17,-11,-227,5120,-20992,-21249,-8491,7710,-30812,1024,1024,1024,
29,1032914176,-15408,-5160,412,30,-37,-191,6400,-22784,-20993,-17893,22464,-15148,1024,1024,1024,
29,1452344576,-15468,-5124,352,16,-38,-192,5632,-22016,-19713,21963,22905,27648,1024,1024,1024,
29,1854997760,-15440,-5128,380,17,-24,-207,4864,-21248,-22017,18653,26541,19390,1024,1024,1024,
29,2257650944,-15428,-5216,412,22,-27,-202,5376,-21248,-21505,-5602,-31251,-23555,1024,1024,1024,
29,2660304128,-15328,-5128,308,48,-20,-195,5888,-23296,-21505,23638,-13480,12409,1024,1024,1024,
29,3079734528,-15364,-5176,516,-5,-17,-213,6656,-20992,-21761,6578,-21772,1126,1024,1024,1024,
29,3482387712,-15360,-5164,272,67,-18,-197,4864,-21760,-20993,29044,17287,4332,1024,1024,1024,
29,3901818112,-15512,-5300,368,7,-48,-167,5888,-22784,-20481,-18522,-30679,-16064,1024,1024,1024,
29,9569536,-15408,-5128,268,32,14,-207,5120,-22528,-19713,-32317,17641,24585,1024,1024,1024,
29,412222720,-15496,-5164,348,44,-39,-199,5376,-21248,-20993,-14408,-25855,-4526,1024,1024,1024,
29,831653120,-15352,-5232,348,32,-20,-209,6144,-22528,-20225,-5301,15127,8405,1024,1024,1024,
29,1234306304,-15428,-5128,224,45,-47,-203,6144,-22528,-20737,16811,-3195,18358,1024,1024,1024,
29,1653736704,-15484,-5140,276,19,-36,-200,5120,-22528,-20737,-13065,6544,-1991,1024,1024,1024,
29,2039612672,-15352,-5116,520,8,-34,-199,4864,-22272,-20993,2458,-25510,-6181,1024,1024,1024,
29,2459043072,-15400,-5224,408,20,-25,-205,5632,-22528,-20225,-27068,22206,-29800,1024,1024,1024,
29,2878473472,-15444,-5232,288,39,-36,-200,4096,-21504,-20737,18278,16741,1935,1024,1024,1024,
29,3281126656,-15364,-5224,132,41,-46,-225,5120,-22016,-20737,-4850,22234,18547,1024,1024,1024,
29,3700557056,-15404,-5108,492,16,-27,-225,4608,-20992,-19201,-14342,7363,-4037,1024,1024,1024,
29,4103210240,-15448,-5156,184,10,-29,-201,5376,-20224,-20481,-6058,-28980,3672,1024,1024,1024,
29,210961664,-15408,-5152,452,57,-26,-205,4352,-21760,-20481,-7503,28656,16050,1024,1024,1024,
29,613614848,-15492,-5184,456,26,-7,-212,5888,-22272,-19969,-10810,21363,-5174,1024,1024,1024,
29,1033045248,-15496,-5180,336,58,-19,-205,5376,-22784,-20993,-16962,5838,23753,1024,1024,1024,
29,1452475648,-15352,-5160,432,-1,-9,-182,5376,-23296,-21505,-6811,810,27667,1024,1024,1024,
29,1855128832,-15400,-5184,372,-1,-39,-194,4352,-21248,-21505,7006,-6574,-20828,1024,1024,1024,
29,2257782016,-15408,-5140,392,16,-18,-227,4864,-21248,-21505,8728,3423,-955,1024,1024,1024,
29,2660435200,-15360,-5132,340,40,-23,-185,6912,-22272,-20481,16633,24975,17336,1024,1024,1024,
29,3079865600,-15536,-5420,120,45,-30,-115,4608,-21504,-21761,-23697,-9890,-12422,1024,1024,1024,
29,3482518784,-15436,-5212,388,13,8,-180,6144,-20992,-19713,31026,-24315,-9601,1024,1024,1024,
29,3901949184,-15400,-5236,412,51,-43,-223,6400,-22784,-20481,-2343,16940,3280,1024,1024,1024,
29,9700608,-15400,-5276,356,44,-52,-184,5632,-22528,-20225,28554,7546,-691,1024,1024,1024,
29,412353792,-15404,-5200,448,50,-16,-196,4352,-22784,-19969,28682,31542,-9474,1024,1024,1024,
29,831784192,-15472,-5212,324,25,-29,-183,4352,-22272,-20481,-331,22878,-955,1024,1024,1024,
29,1234437376,-15420,-5088,232,33,-37,-184,6144,-20992,-21761,-11172,4913,8115,1024,1024,1024,
29,1653867776,-15356,-5144,460,37,-20,-204,5888,-22784,-19457,20169,9076,22941,1024,1024,1024,
29,2039743744,-15484,-5212,232,41,13,-192,5120,-22016,-21249,10067,-1013,-7479,1024,1024,1024,
29,2459174144,-15464,-5156,292,15,-17,-207,5376,-20736,-18945,5594,-10955,10693,1024,1024,1024,
29,2878604544,-15328,-5180,316,39,1,-218,4608,-22016,-19201,28895,7707,-15892,1024,1024,1024,
29,3281257728,-15384,-5296,404,12,-38,-214,5888,-20736,-20481,3400,-20502,22232,1024,1024,1024,
29,3700688128,-15392,-5188,376,38,-23,-213,5376,-22272,-20993,15275,-27448,24312,1024,1024,1024,
29,4086564096,-15404,-5112,152,18,20,-206,6912,-22784,-19969,-19732,-18450,-28696,1024,1024,1024,
29,211092736,-15344,-5232,232,22,-1,-201,4096,-20992,-21249,-6848,-4071,10247,1024,1024,1024,
29,613745920,-15368,-5108,232,61,-46,-216,5376,-22272,-19969,9603,31871,-16025,1024,1024,1024,
29,1033176320,-15476,-5156,432,32,3,-196,5632,-22528,-20737,25857,31455,1776,1024,1024,1024,
29,1452606720,-15440,-5164,316,0,-31,-201,6656,-23040,-21761,-20721,-27664,5751,1024,1024,1024,
29,1855259904,-15400,-5208,452,-7,-6,-219,6400,-21248,-20481,9591,-10694,7960,1024,1024,1024,
29,2257913088,-15464,-5164,284,34,-32,-188,5632,-22528,-20225,-28351,-12720,2377,1024,1024,1024,
29,2660566272,-15344,-5244,400,-20,-17,-207,3840,-22272,-21505,19635,20503,21633,1024,1024,1024,
29,3079996672,-15376,-5164,328,24,-34,-198,5120,-22016,-20737,-21773,-11823,9187,1024,1024,1024,
29,3482649856,-15328,-5164,344,20,-35,-200,5888,-21760,-20993,16503,31776,-1593,1024,1024,1024,
29,3902080256,-15452,-5120,428,21,-31,-208,5120,-22528,-20225,12337,4358,25443,1024,1024,1024,
29,9831680,-15364,-5096,300,25,-29,-196,4864,-22272,-20481,16523,-25015,25342,1024,1024,1024,
29,412484864,-15380,-5260,492,22,-38,-190,4864,-22784,-22017,27508,-7877,-25453,1024,1024,1024,
29,831915264,-15476,-5192,392,48,10,-199,6144,-20480,-20737,-30252,20786,27470,1024,1024,1024,
29,1234568448,-15404,-5172,328,50,-15,-208,6656,-21504,-19713,-26028,-28271,19760,1024,1024,1024,
29,1653998848,-15360,-5224,292,52,-33,-219,6400,-21760,-20993,-16453,13482,-17486,1024,1024,1024,
29,2039874816,-15392,-5172,380,-3,-23,-220,5632,-22016,-20737,20381,5005,15928,1024,1024,1024,
29,2459305216,-15364,-5128,216,42,-15,-193,6656,-22016,-20737,-26659,-19191,30090,1024,1024,1024,
29,2878735616,-15452,-5176,368,20,-18,-209,5632,-23552,-20225,32617,4577,31082,1024,1024,1024,
29,3281388800,-15396,-5208,364,15,-29,-201,5376,-23808,-20481,-3212,-400,10348,1024,1024,1024,
29,3700819200,-15496,-5192,468,25,-39,-200,5888,-21248,-19969,726,22617,-28283,1024,1024,1024,
29,4086695168,-15332,-5232,372,14,-25,-183,4608,-22016,-20737,21493,14152,9293,1024,1024,1024,
29,211223808,-15408,-5108,296,27,-16,-197,4864,-22784,-19457,-1787,30174,7447,1024,1024,1024,
29,613876992,-15428,-5184,384,29,-17,-191,5888,-22784,-20993,5770,-6996,32183,1024,1024,1024,
29,1033307392,-15332,-5180,312,36,-18,-192,4608,-22016,-20225,-14882,1745,16628,1024,1024,1024,
29,1452737792,-15496,-5156,392,11,-21,-185,5376,-21760,-19457,-27184,-25819,-16151,1024,1024,1024,
29,1855390976,-15272,-5164,436,12,-36,-197,6656,-22528,-20225,6658,11699,-498,1024,1024,1024,
29,2258044160,-15300,-5252,276,22,-14,-224,4096,-22016,-20225,28467,-16068,25301,1024,1024,1024,
29,2660697344,-15428,-5188,460,48,-34,-204,5376,-21760,-21505,-8252,-7041,29714,1024,1024,1024,
29,3080127744,-15508,-5144,512,48,-27,-214,4864,-22272,-20481,2764,316,13544,1024,1024,1024,
29,3482780928,-15396,-5144,220,-2,-31,-189,5888,-23296,-18945,-20081,-15121,21075,1024,1024,1024,
29,3902211328,-15320,-5152,392,20,-10,-181,7424,-21760,-20993,146,-20912,-27237,1024,1024,1024,
29,9962752,-15352,-5212,360,15,-15,-206,5632,-22016,-20737,-28673,18502,-19495,1024,1024,1024,
29,412615936,-15384,-5220,244,6,-50,-193,5120,-21504,-21249,31365,29893,-31782,1024,1024,1024,
29,832046336,-15440,-5232,352,40,-23,-211,6656,-22016,-20225,-4663,-13345,-16676,1024,1024,1024,
29,1234699520,-15404,-5184,296,78,-35,-205,5888,-21760,-22017,-39,9801,-18889,1024,1024,1024,
29,1654129920,-15432,-5124,424,34,-47,-170,5120,-22528,-20225,25949,-27330,13139,1024,1024,1024,
29,2040005888,-15456,-5152,436,54,-13,-222,5120,-22528,-20737,17069,-23949,17809,1024,1024,1024,
29,2459436288,-15396,-5128,440,29,23,-207,5632,-20480,-19713,28752,-4898,2619,1024,1024,1024,
29,2878866688,-15200,-4400,-236,257,182,-284,5120,-22016,-20225,25339,9805,19554,1024,1024,1024,
29,3281519872,-15496,-5352,352,44,-55,-144,6144,-22016,-20225,2405,-3401,-2918,1024,1024,1024,
29,3700950272,-15500,-5196,236,46,-56,-202,6144,-22016,-20225,26038,-11894,27704,1024,1024,1024,
29,4086826240,-15380,-5108,248,3,-41,-230,5632,-23040,-19713,-21195,-26306,21908,1024,1024,1024,
29,211354880,-15408,-5180,416,46,-43,-216,4864,-22784,-19969,8083,-22347,-25457,1024,1024,1024,
29,614008064,-15444,-5092,332,5,6,-202,4352,-21760,-20481,-32031,-30488,-15370,1024,1024,1024,
29,1033438464,-15404,-5220,280,41,-36,-205,6144,-22528,-21249,28981,-24193,-22283,1024,1024,1024,
29,1452868864,-15428,-5140,308,11,-46,-167,5120,-22528,-20225,1273,9342,-31831,1024,1024,1024,
29,1838744832,-15444,-5168,448,6,-28,-217,5376,-21760,-20481,-10096,-215,-30,1024,1024,1024,
29,2258175232,-15344,-5128,312,9,-64,-217,5376,-22272,-22017,-30195,25836,-29672,1024,1024,1024,
29,2660828416,-15396,-5212,348,25,-23,-200,5632,-22016,-20225,5566,-27369,9760,1024,1024,1024,
29,3080258816,-15356,-5176,496,64,-5,-178,7168,-23040,-19713,-18733,31782,-2383,1024,1024,1024,
29,3482912000,-15268,-5260,516,42,106,-73,6144,-21504,-21249,5686,-8352,14548,1024,1024,1024,
29,3902342400,-15284,-5208,400,45,77,-224,5632,-22528,-21249,-20125,-30846,-943,1024,1024,1024,
29,10093824,-15252,-4884,100,114,255,-244,4352,-20224,-20993,-10467,24434,-2776,1024,1024,1024,
29,412747008,-15420,-5220,308,22,-38,-139,5632,-22528,-20737,-15623,-123,8866,1024,1024,1024,
29,832177408,-15448,-5072,352,43,0,-200,4864,-22272,-21505,28521,-21762,9006,1024,1024,1024,
29,1234830592,-15480,-5080,340,-21,-2,-181,6144,-22528,-20737,-10861,-14350,1638,1024,1024,1024,
29,1654260992,-15432,-5184,424,42,-15,-200,5376,-22784,-20481,-11549,19732,8371,1024,1024,1024,
29,2040136960,-15340,-5152,320,52,-4,-212,5376,-22784,-20993,2494,-11251,18696,1024,1024,1024,
29,2459567360,-15468,-5060,288,55,-38,-218,5888,-22784,-19969,28405,-7282,14446,1024,1024,1024,
29,2878997760,-15320,-5188,396,-11,-33,-124,5376,-20736,-22017,-30099,32710,-6617,1024,1024,1024,
29,3281650944,-15428,-5096,412,7,-135,-256,6144,-22528,-21249,-18266,18156,-128,1024,1024,1024,
29,3701081344,-15296,-5076,628,10,-246,-327,6400,-22272,-19457,22794,-3742,4588,1024,1024,1024,
29,4086957312,-15292,-5200,428,-2,-299,-252,7680,-23040,-21249,-9429,-482,-24966,1024,1024,1024,
29,211485952,-15236,-4788,556,78,-181,-296,5120,-22528,-20737,-167,23749,-11459,1024,1024,1024,
29,614139136,-15436,-5228,260,-33,-144,-161,5632,-22016,-22273,26711,27020,16872,1024,1024,1024,
29,1033569536,-15300,-5216,288,23,12,-178,4608,-22528,-20225,-22152,-20777,15471,1024,1024,1024,
29,1452999936,-15440,-5144,292,6,-20,-193,6144,-23552,-20737,-5254,-14258,-25120,1024,1024,1024,
29,1855653120,-15456,-5140,292,-15,-9,-200,6400,-22784,-20481,32166,26597,-22000,1024,1024,1024,
29,2258306304,-15424,-5180,296,43,19,-203,5888,-21760,-21505,9160,21899,27379,1024,1024,1024,
29,2660959488,-15388,-5272,392,-13,-38,-177,4864,-22272,-19457,-17573,-2327,26231,1024,1024,1024,
29,3080389888,-15472,-5124,368,26,-34,-208,5632,-23552,-21249,-10874,-3981,13424,1024,1024,1024,
29,3483043072,-15300,-5256,344,8,-20,-195,4608,-22528,-19713,26689,-14335,-10156,1024,1024,1024,
29,3902473472,-15512,-5196,428,40,-33,-215,7424,-22784,-19969,-22604,-16538,-10497,1024,1024,1024,
29,10224896,-15392,-5096,276,-24,-17,-212,6912,-20224,-21505,10558,24199,11034,1024,1024,1024,
29,412878080,-15424,-5228,324,9,-30,-187,5376,-22272,-20993,29098,-25822,29724,1024,1024,1024,
29,832308480,-15464,-5112,276,13,-34,-187,5376,-22784,-20993,-23741,5996,27691,1024,1024,1024,
29,1234961664,-15516,-5152,444,46,13,-243,6144,-21504,-21249,-13154,-13488,6751,1024,1024,1024,
29,1654392064,-15412,-5160,208,20,-32,-220,5120,-23040,-19713,1303,-5754,-1159,1024,1024,1024,
29,2040268032,-15408,-5160,396,35,-67,-189,6144,-22016,-21249,27431,-28717,-32348,1024,1024,1024,
29,2459698432,-15440,-5204,400,10,-45,-221,5632,-23040,-21249,-11870,-29190,12587,1024,1024,1024,
29,2879128832,-15456,-5028,452,43,-25,-215,5120,-22528,-21761,-13758,19107,19340,1024,1024,1024,
29,3281782016,-15428,-5100,364,54,7,-187,6144,-23040,-21249,-25161,-5916,-31929,1024,1024,1024,
29,3701212416,-15360,-5236,288,18,-13,-191,5376,-20736,-18945,-15820,4177,29550,1024,1024,1024,
29,4103865600,-15328,-5260,296,10,-29,-193,4352,-21760,-20993,5670,24585,-14155,1024,1024,1024,
29,211617024,-15440,-5296,356,41,-11,-214,4096,-22016,-21249,5580,-19663,-506,1024,1024,1024,
29,614270208,-15516,-5156,360,2,8,-215,6144,-22016,-19713,27383,-13494,32542,1024,1024,1024,
29,1033700608,-15332,-5192,404,7,-29,-197,5632,-22016,-20225,20343,-9663,-30216,1024,1024,1024,
29,1453131008,-15408,-5104,392,10,-51,-198,5632,-22016,-20737,3269,-28750,2254,1024,1024,1024,
29,1855784192,-15424,-5164,344,19,4,-204,5888,-23296,-20993,12410,-12076,-15803,1024,1024,1024,
29,2258437376,-15412,-5152,336,90,-28,-185,6400,-23808,-20481,25338,-9949,12205,1024,1024,1024,
29,2661090560,-15456,-5180,316,22,-30,-197,5632,-22528,-21761,18056,17537,12564,1024,1024,1024,
29,3080520960,-15384,-5164,348,22,-26,-185,6656,-22016,-19201,-13518,-5332,18848,1024,1024,1024,
29,3483174144,-15384,-5212,256,1,-31,-204,5376,-21760,-20481,27208,24186,-3701,1024,1024,1024,
29,3902604544,-15416,-5260,192,44,-20,-210,6912,-21760,-21505,4029,-3658,5505,1024,1024,1024,
29,10355968,-15452,-5140,328,46,-39,-202,5888,-22784,-19969,30349,25997,-14253,1024,1024,1024,
29,413009152,-15400,-5120,348,-5,-30,-194,5120,-22016,-20225,29519,4506,17342,1024,1024,1024,
29,832439552,-15432,-5216,260,19,-28,-205,4608,-22016,-20737,16768,-4265,-8298,1024,1024,1024,
29,1235092736,-15324,-5180,292,27,-17,-210,5632,-21504,-20737,-29519,-12975,6628,1024,1024,1024,
29,1654523136,-15388,-5060,432,8,-21,-195,5120,-20992,-20737,3766,-30647,2622,1024,1024,1024,
29,2040399104,-15348,-5244,352,27,-54,-211,4864,-21760,-20481,-27539,2015,30967,1024,1024,1024,
29,2459829504,-15448,-5196,364,38,-34,-198,7424,-22272,-19969,30692,-5705,9037,1024,1024,1024,
29,2879259904,-15408,-5080,304,52,-32,-200,6400,-21248,-20993,-12474,-25268,-3255,1024,1024,1024,
29,3281913088,-15316,-5144,256,4,11,-203,5376,-21760,-19969,-7633,12654,-6131,1024,1024,1024,
29,3701343488,-15356,-5140,320,26,-59,-221,5376,-22272,-18945,-6076,30725,-10857,1024,1024,1024,
29,4103996672,-15468,-5112,412,2,-13,-193,4608,-20480,-19713,-9866,-30298,2617,1024,1024,1024,
29,211748096,-15344,-5196,348,29,-31,-209,5376,-21760,-20993,25067,24898,-1944,1024,1024,1024,
29,614401280,-15408,-5252,392,31,-17,-203,6912,-21760,-19457,11216,11860,17142,1024,1024,1024,
29,1033831680,-15280,-5040,388,18,-12,-187,5120,-21504,-20737,-4963,-7206,-20567,1024,1024,1024,
29,1453262080,-15384,-5180,348,12,-31,-221,5888,-20736,-20481,-28553,2967,-26879,1024,1024,1024,
29,1855915264,-15324,-5188,412,25,-39,-199,6144,-21504,-20225,-11230,-24421,-14850,1024,1024,1024,
29,2258568448,-15476,-5148,332,66,-14,-192,6400,-22784,-20481,20570,6875,-8427,1024,1024,1024,
29,2661221632,-15384,-5212,260,72,-39,-235,6144,-22528,-20737,29900,23227,30537,1024,1024,1024,
29,3080652032,-15448,-5148,292,-33,-40,-213,6400,-21248,-19457,11902,2238,5676,1024,1024,1024,
29,3483305216,-15332,-5072,380,38,-38,-193,4352,-22272,-21505,20536,-11426,26029,1024,1024,1024,
29,3902735616,-15368,-5152,192,6,-32,-202,6144,-21504,-21249,2717,30386,-3099,1024,1024,1024,
29,10487040,-15388,-5176,348,53,-24,-220,4608,-22016,-21761,29359,-28098,14053,1024,1024,1024,
29,413140224,-15428,-5180,368,6,-23,-210,5120,-21504,-21249,-20147,19543,-26247,1024,1024,1024,
29,832570624,-15436,-5216,268,70,-23,-169,6144,-22528,-20225,26747,-21084,4373,1024,1024,1024,
29,1235223808,-15412,-5192,516,-10,-14,-201,6912,-21760,-19969,-21511,-31101,2872,1024,1024,1024,
29,1654654208,-15396,-5196,208,22,-29,-221,5888,-22784,-20993,-18006,-3276,-27157,1024,1024,1024,
29,2040530176,-15424,-5248,388,13,-5,-198,5888,-21248,-19969,3610,31751,29896,1024,1024,1024,
29,2459960576,-15412,-5220,388,23,-38,-212,6144,-23040,-20737,18171,-9541,22499,1024,1024,1024,
29,2879390976,-15500,-5088,408,44,-14,-192,4608,-21504,-22273,-13948,4282,23007,1024,1024,1024,
29,3282044160,-15392,-5128,388,0,-33,-213,5632,-22528,-21249,-29386,26657,-23758,1024,1024,1024,
29,3701474560,-15412,-5216,260,21,-45,-216,5120,-21504,-21761,13962,-8517,-5702,1024,1024,1024,
29,4104127744,-15368,-5144,356,45,-5,-205,6656,-20992,-21249,-6869,-30305,15795,1024,1024,1024,
29,211879168,-15472,-5184,268,-15,2,-205,5632,-22016,-21761,25935,31076,26405,1024,1024,1024,
29,614532352,-15384,-5300,244,17,-23,-196,5120,-21504,-21761,32149,-30398,24140,1024,1024,1024,
29,1033962752,-15372,-5088,288,12,-17,-209,5888,-22272,-20993,-22699,-6948,-14073,1024,1024,1024,
29,1453393152,-15348,-5208,368,38,-11,-203,6656,-22528,-20737,5098,7503,24981,1024,1024,1024,
29,1856046336,-15384,-5068,372,34,-40,-181,6144,-22016,-21249,19054,16823,-28497,1024,1024,1024,
29,2258699520,-15388,-5248,372,28,-14,-192,6912,-21760,-19457,29055,9569,-16356,1024,1024,1024,
29,2661352704,-15400,-5176,348,55,-14,-182,4864,-21248,-20993,-32729,2179,717,1024,1024,1024,
29,3080783104,-15444,-5212,224,50,-12,-210,6656,-22528,-20737,2906,-1043,15870,1024,1024,1024,
29,3483436288,-15400,-5180,220,36,-10,-192,6400,-19712,-21505,8265,-11295,-32242,1024,1024,1024,
29,3902866688,-15396,-5144,308,16,-16,-214,5888,-22272,-20993,27871,50,4492,1024,1024,1024,
29,10618112,-15340,-5092,476,14,-37,-208,5632,-23040,-20225,-20986,-19605,-12707,1024,1024,1024,
29,413271296,-15384,-5080,196,40,-16,-188,6400,-22784,-20481,21435,22832,-26600,1024,1024,1024,
29,832701696,-15416,-5208,364,52,-20,-202,5632,-22528,-20737,-4437,-15003,-31987,1024,1024,1024,
29,1235354880,-15384,-5124,392,31,-18,-177,5376,-23808,-20993,19382,-5771,-22278,1024,1024,1024,
29,1654785280,-15436,-5272,160,6,-17,-212,6144,-20992,-20737,-8313,19630,-3626,1024,1024,1024,
29,2040661248,-15412,-5248,284,15,-38,-207,5632,-22528,-20737,-13855,-31971,31423,1024,1024,1024,
29,2460091648,-15400,-5064,332,22,-13,-198,5888,-21760,-19969,-8517,-2376,18756,1024,1024,1024,
29,2879522048,-15420,-5220,288,20,-28,-176,5376,-21760,-19457,25066,8419,23495,1024,1024,1024,
29,3282175232,-15360,-5200,388,25,-43,-202,5888,-21760,-20481,13471,28849,-16424,1024,1024,1024,
29,3701605632,-15484,-5196,356,7,-42,-196,6400,-23296,-19457,-26604,27334,-14345,1024,1024,1024,
29,4104258816,-15428,-5180,404,50,-27,-194,6144,-20992,-20737,18988,-15429,-16819,1024,1024,1024,
29,212010240,-15376,-5216,308,2,-9,-209,4608,-20992,-20225,-15746,29965,-31237,1024,1024,1024,
29,614663424,-15400,-5176,384,16,-30,-185,7168,-22528,-21249,11255,-24101,22834,1024,1024,1024,
29,1034093824,-15468,-5216,384,-21,-24,-195,5888,-21760,-21505,-24571,18657,-4906,1024,1024,1024,
29,1453524224,-15392,-5140,536,22,-43,-198,5888,-22784,-19969,31685,3739,-22902,1024,1024,1024,
29,1856177408,-15496,-5140,296,20,-34,-209,5632,-23040,-20737,-14127,-16206,30536,1024,1024,1024,
29,2258830592,-15432,-5204,400,32,-39,-194,5376,-21760,-20993,22771,-30914,1139,1024,1024,1024,
29,2661483776,-15276,-5196,272,2,-47,-206,5376,-21760,-20993,16120,21525,28489,1024,1024,1024,
29,3080914176,-15396,-5156,148,14,-27,-184,6400,-21760,-20993,30904,-10841,-7034,1024,1024,1024,
29,3483567360,-15508,-5132,252,-12,-35,-182,5376,-21760,-21505,-17380,29494,15232,1024,1024,1024,
29,3902997760,-15424,-5156,396,33,-17,-195,5376,-22784,-19969,8331,15856,-29164,1024,1024,1024,
29,10749184,-15364,-5108,372,6,-6,-201,4608,-21504,-22273,-9281,29840,-7034,1024,1024,1024,
29,413402368,-15516,-5100,492,59,-34,-201,4864,-23296,-18433,15765,12851,31466,1024,1024,1024,
29,832832768,-15392,-5192,496,25,-50,-195,5376,-20736,-20993,-2340,-26722,-26249,1024,1024,1024,
29,1235485952,-15396,-5144,288,9,-16,-185,6656,-22016,-20737,30126,-15707,-31773,1024,1024,1024,
29,1654916352,-15444,-5184,424,16,-42,-199,5888,-20736,-20481,-19190,17162,-32054,1024,1024,1024,
29,2040792320,-15476,-5196,452,4,-38,-178,5632,-20992,-21249,-23638,1313,-5210,1024,1024,1024,
29,2460222720,-15492,-5236,296,19,-18,-188,4864,-21248,-19969,3551,-7163,11612,1024,1024,1024,
29,2879653120,-15380,-5148,332,37,-43,-187,7168,-22528,-20225,-19045,27809,-28061,1024,1024,1024,
29,3282306304,-15448,-5128,348,35,-32,-181,5632,-22528,-20737,17081,-18851,-15955,1024,1024,1024,
29,3701736704,-15420,-5124,412,5,-20,-186,4864,-22272,-20993,26865,29282,-11969,1024,1024,1024,
29,4104389888,-15360,-5076,380,52,-16,-180,5120,-22528,-19713,-21837,25681,19497,1024,1024,1024,
29,212141312,-15340,-5144,344,38,-20,-190,6656,-22528,-19713,19766,20251,-13715,1024,1024,1024,
29,614794496,-15356,-5216,136,13,-53,-203,5888,-20736,-21505,-11791,21957,-17456,1024,1024,1024,
29,1034224896,-15424,-5144,348,60,-17,-203,5376,-21248,-19457,-1805,-17578,-19300,1024,1024,1024,
29,1453655296,-15476,-5176,268,31,-58,-192,6144,-22016,-21761,-32230,-32367,29914,1024,1024,1024,
29,1856308480,-15476,-5176,200,46,-13,-189,5888,-22272,-20993,-10695,28066,-4879,1024,1024,1024,
29,2258961664,-15372,-5172,348,39,-3,-221,5632,-22016,-20225,-4396,-13165,-6056,1024,1024,1024,
29,2661614848,-15380,-5156,304,20,-40,-179,5632,-22528,-21761,5661,31896,13983,1024,1024,1024,
29,3081045248,-15352,-5108,352,33,-15,-197,6144,-22016,-21249,-19102,-12363,-24934,1024,1024,1024,
29,3483698432,-15400,-5116,160,25,-45,-194,5632,-21504,-20737,-21475,-15390,-16965,1024,1024,1024,
29,3903128832,-15516,-5188,312,13,-16,-195,4608,-20992,-20225,20485,13714,16936,1024,1024,1024,
29,10880256,-15400,-5220,504,-2,-56,-198,6144,-22016,-20225,5300,25424,23086,1024,1024,1024,
29,413533440,-15420,-5176,356,-10,4,-206,7936,-21248,-22017,-11728,28864,3996,1024,1024,1024,
29,832963840,-15288,-5164,376,37,-52,-193,5632,-22528,-21761,-28713,29052,-10549,1024,1024,1024,
29,1235617024,-15440,-5248,372,17,-8,-203,5632,-22016,-21249,-11579,-22412,-7286,1024,1024,1024,
29,1655047424,-15364,-5124,508,6,-30,-198,6656,-22528,-21249,7517,3484,12464,1024,1024,1024,
29,2040923392,-15428,-5276,280,42,7,-220,3840,-22272,-20481,-22166,-30535,-21246,1024,1024,1024,
29,2460353792,-15448,-5232,428,25,-15,-185,5888,-22272,-20481,-5436,-23366,16282,1024,1024,1024,
29,2879784192,-15388,-5252,444,40,-32,-175,4864,-21760,-20481,21033,-18097,3215,1024,1024,1024,
29,3282437376,-15388,-5040,444,49,-29,-189,5376,-22272,-20993,-15890,4145,11071,1024,1024,1024,
29,3701867776,-15484,-5168,428,75,-27,-192,5888,-22784,-20481,-2780,16038,19222,1024,1024,1024,
29,4087743744,-15408,-5172,196,14,-19,-201,5376,-22784,-20993,22005,1544,-18299,1024,1024,1024,
29,212272384,-15400,-5124,456,22,-22,-210,5632,-20480,-20225,17717,-11319,25452,1024,1024,1024,
29,614925568,-15392,-5180,344,14,-13,-212,6400,-21760,-20993,2817,11521,24652,1024,1024,1024,
29,1034355968,-15480,-5200,336,52,-32,-219,6144,-22528,-20225,23495,13804,24510,1024,1024,1024,
29,1453786368,-15380,-5132,428,23,-46,-186,6656,-22016,-20737,-31782,31936,-3315,1024,1024,1024,
29,1856439552,-15456,-5148,268,18,-10,-204,4352,-21760,-19457,-321,-10144,12268,1024,1024,1024,
29,2259092736,-15360,-5276,468,28,-24,-188,5120,-22528,-20225,29253,22463,2742,1024,1024,1024,
29,2661745920,-15468,-5220,428,19,-32,-193,5376,-22272,-22017,25184,25148,-27077,1024,1024,1024,
29,3081176320,-15424,-5192,264,33,-14,-208,5120,-21504,-19713,-28065,10836,-19909,1024,1024,1024,
29,3483829504,-15432,-5200,388,45,-20,-182,5632,-21504,-21249,-4908,783,30873,1024,1024,1024,
29,3903259904,-15432,-5164,404,-20,4,-204,5632,-22528,-20737,-12604,22499,-13563,1024,1024,1024,
29,11011328,-15380,-5152,220,7,-28,-228,5120,-22528,-20737,-14126,-4400,-15170,1024,1024,1024,
29,413664512,-15348,-5148,260,37,-19,-202,5376,-20736,-22017,-16477,30562,-31455,1024,1024,1024,
29,833094912,-15452,-5216,280,35,-63,-199,6656,-21504,-20737,23462,14742,-7720,1024,1024,1024,
29,1235748096,-15396,-5156,448,20,-18,-198,6400,-22272,-19969,23323,-28639,-30458,1024,1024,1024,
29,1655178496,-15360,-5144,296,6,-48,-205,5632,-21504,-19201,-5206,-31072,-30765,1024,1024,1024,
29,2041054464,-15436,-5152,356,-16,-43,-192,5632,-23552,-20225,15320,9558,-6089,1024,1024,1024,
29,2460484864,-15460,-5168,376,39,-32,-156,5376,-22784,-20993,-28896,-25658,-32721,1024,1024,1024,
29,2879915264,-15380,-5272,348,29,-40,-196,5632,-21504,-20225,-23497,-21379,22216,1024,1024,1024,
29,3282568448,-15444,-5080,396,47,-14,-213,5376,-21248,-19969,-18563,-27209,13732,1024,1024,1024,
29,3701998848,-15400,-5192,388,57,-60,-184,5888,-20736,-20993,-9599,-396,12869,1024,1024,1024,
29,4087874816,-15348,-5156,332,34,6,-214,5376,-23296,-20993,-28647,31582,10909,1024,1024,1024,
29,212403456,-15400,-5124,336,15,-7,-182,6656,-22016,-20225,-5666,5370,27614,1024,1024,1024,
29,615056640,-15432,-5152,344,32,-34,-205,5632,-21504,-20737,899,18453,-25430,1024,1024,1024,
29,1034487040,-15388,-5244,348,16,-27,-206,5376,-21760,-21505,26440,-1800,2386,1024,1024,1024,
29,1453917440,-15528,-5196,256,16,-40,-149,5632,-22016,-21249,-26581,-15021,24761,1024,1024,1024,
29,1856570624,-15388,-5072,276,-16,-60,-223,6912,-23296,-19969,25575,-28389,6627,1024,1024,1024,
29,2259223808,-15460,-5168,476,44,-57,-197,5632,-21504,-19713,19518,17448,21852,1024,1024,1024,
29,2661876992,-15332,-5192,452,5,7,-203,5120,-23040,-20737,23701,-1465,-32668,1024,1024,1024,
29,3081307392,-15280,-5268,148,-17,-119,-103,4608,-22528,-21249,17248,-27789,-1335,1024,1024,1024,
29,3483960576,-15364,-5324,352,32,27,-169,4608,-22528,-19713,24434,-4390,20459,1024,1024,1024,
29,3903390976,-15396,-5168,396,-16,-45,-184,4864,-22272,-20481,7089,-15511,-12012,1024,1024,1024,
29,11142400,-15408,-5140,412,30,-64,-187,5376,-20736,-20993,-25993,5768,-3473,1024,1024,1024,
29,413795584,-15400,-5180,404,9,-78,-185,6656,-22528,-22273,-30458,-29723,-3753,1024,1024,1024,
29,833225984,-15452,-5180,416,5,-19,-201,5376,-21760,-18945,-19807,5229,15704,1024,1024,1024,
29,1235879168,-15460,-5172,248,12,-46,-219,5632,-22016,-20225,-27226,20891,-11382,1024,1024,1024,
29,1655309568,-15488,-5208,352,28,-26,-206,5888,-21760,-22017,10662,-25468,-20434,1024,1024,1024,
29,2041185536,-15380,-5248,460,66,-48,-186,5120,-22528,-21249,-21577,8212,-18888,1024,1024,1024,
29,2460615936,-15448,-5216,420,16,-4,-196,6912,-21760,-20481,-20093,7264,6747,1024,1024,1024,
29,2880046336,-15476,-5168,268,37,6,-201,6912,-21248,-20481,1926,-20510,-19258,1024,1024,1024,
29,3282699520,-15400,-5284,404,18,-64,-221,4864,-22272,-20993,22665,22242,23607,1024,1024,1024,
29,3702129920,-15536,-5204,340,23,-41,-207,6144,-22016,-22273,27709,29774,30008,1024,1024,1024,
29,4088005888,-15376,-5076,344,17,-38,-208,6144,-23040,-19713,30093,22536,-17158,1024,1024,1024,
29,212534528,-15356,-5156,348,19,27,-191,5376,-22784,-21505,25448,-31766,32011,1024,1024,1024,
29,615187712,-15516,-5184,512,25,-11,-196,5120,-22016,-20737,12890,-6264,11797,1024,1024,1024,
29,1034618112,-15392,-5188,228,44,-66,-192,5888,-21760,-20993,-27729,-5123,-7516,1024,1024,1024,
29,1454048512,-15424,-5172,356,23,-30,-205,4864,-21248,-19969,-22228,13075,22620,1024,1024,1024,
29,1856701696,-15380,-5232,256,13,-48,-180,5888,-21760,-19969,20016,-1416,-28971,1024,1024,1024,
29,2259354880,-15556,-5596,404,35,57,-103,6144,-20480,-19713,20147,6419,-5958,1024,1024,1024,
29,2662008064,-15180,-5292,620,116,-130,-326,4352,-23296,-20481,-18936,-5197,-8048,1024,1024,1024,
29,3081438464,-15248,-5080,204,62,-150,-315,5632,-22528,-20225,9942,-6780,28020,1024,1024,1024,
29,3484091648,-15380,-5204,520,47,-22,-220,5888,-21760,-19457,-26316,-21515,-1227,1024,1024,1024,
29,3903522048,-15348,-5196,384,12,-7,-198,4352,-23296,-19969,4021,26004,-26128,1024,1024,1024,
29,11273472,-15388,-5156,512,30,-10,-203,6400,-22272,-19457,-1481,-10866,-27914,1024,1024,1024,
29,413926656,-15304,-5196,364,29,-79,-237,5120,-22016,-21249,-6629,8296,15492,1024,1024,1024,
29,833357056,-15424,-5132,428,35,-38,-218,5632,-22016,-21761,-13294,24333,10135,1024,1024,1024,
29,1236010240,-15468,-5184,292,11,-34,-198,7168,-19456,-21249,-3440,-31390,-972,1024,1024,1024,
29,1655440640,-15452,-5192,380,37,-23,-177,5120,-21504,-20737,27102,-21808,23226,1024,1024,1024,
29,2041316608,-15416,-5180,332,8,-39,-223,6400,-22272,-20481,14596,-5152,-3740,1024,1024,1024,
29,2460747008,-15468,-5068,372,25,-11,-198,5632,-21504,-19201,733,9256,-2316,1024,1024,1024,
29,2880177408,-15464,-5196,428,37,-29,-201,5376,-22784,-20481,-17892,5677,6011,1024,1024,1024,
29,3282830592,-15324,-5168,508,-3,-8,-167,6656,-22016,-20737,-17684,765,22983,1024,1024,1024,
29,3702260992,-15440,-5176,400,34,-9,-207,6144,-20480,-20225,-6816,11409,12049,1024,1024,1024,
29,4088136960,-15344,-5148,288,47,-6,-192,4352,-22784,-20993,-16211,16364,27184,1024,1024,1024,
29,212665600,-15384,-5252,228,66,-20,-198,5888,-21760,-19969,20748,11901,-9660,1024,1024,1024,
29,615318784,-15316,-5096,436,28,-23,-198,5888,-23296,-20481,19958,2405,1215,1024,1024,1024,
29,1034749184,-15432,-5176,116,27,-45,-199,4864,-21760,-22017,19370,-10144,11121,1024,1024,1024,
29,1454179584,-15472,-5220,356,4,-8,-196,3584,-22528,-19713,-11280,-12500,-32758,1024,1024,1024,
29,1856832768,-15484,-5172,408,30,-15,-212,6144,-22016,-20225,-25117,19070,25891,1024,1024,1024,
29,2259485952,-15388,-5148,332,33,-26,-204,5888,-21760,-20481,8536,-15821,-18160,1024,1024,1024,
29,2662139136,-15460,-5096,300,37,-21,-206,6400,-21760,-19457,27162,6353,28349,1024,1024,1024,
29,3081569536,-15508,-5032,312,-8,-34,-189,6400,-22272,-20481,291,-12904,-7641,1024,1024,1024,
29,3484222720,-15444,-5208,460,25,4,-210,5376,-21248,-19969,6188,14399,-3203,1024,1024,1024,
29,3903653120,-15388,-5120,400,39,-32,-213,6656,-22528,-20737,-13806,30651,25968,1024,1024,1024,
29,11404544,-15472,-5092,324,3,-21,-215,5376,-21248,-20481,-6145,-15142,23136,1024,1024,1024,
29,414057728,-15492,-5168,416,28,-14,-203,6144,-22528,-20225,-23387,-4620,-8360,1024,1024,1024,
29,833488128,-15352,-5248,372,6,19,-209,5888,-21248,-20993,-16646,-22039,3485,1024,1024,1024,
29,1236141312,-15416,-5136,352,45,-38,-188,5376,-22272,-19969,-2690,19723,18116,1024,1024,1024,
29,1655571712,-15404,-5180,288,27,-31,-202,4864,-21760,-19969,11795,-21184,27582,1024,1024,1024,
29,2041447680,-15492,-5196,364,41,-43,-209,5888,-22784,-20481,-12608,-18731,-3819,1024,1024,1024,
29,2460878080,-15404,-5140,336,4,-5,-181,4096,-21504,-20225,-10630,-26058,-10428,1024,1024,1024,
29,2880308480,-15364,-5224,392,20,-45,-186,5120,-23040,-20225,-9838,13004,11189,1024,1024,1024,
29,3282961664,-15416,-5176,396,-4,-32,-197,5376,-22784,-20481,14919,18138,-7407,1024,1024,1024,
29,3702392064,-15464,-5148,300,50,-16,-188,5632,-21504,-21249,-26369,13082,13968,1024,1024,1024,
29,4088268032,-15304,-5140,300,-17,-23,-212,6144,-21504,-21761,22943,5890,-13404,1024,1024,1024,
29,212796672,-15364,-5180,464,33,-39,-204,6144,-21504,-21249,-26650,7842,-8064,1024,1024,1024,
29,615449856,-15340,-5208,428,34,-15,-206,5376,-20736,-19969,-25881,-9899,4818,1024,1024,1024,
29,1034880256,-15436,-5112,284,-7,-40,-194,5376,-22784,-19457,-14611,-23725,-16812,1024,1024,1024,
29,1454310656,-15424,-5172,424,10,-13,-202,5632,-21504,-22785,10883,-17408,-17411,1024,1024,1024,
29,1840186624,-15444,-5256,340,31,-27,-198,6656,-20992,-20225,31647,18139,6461,1024,1024,1024,
29,2259617024,-15420,-5180,440,37,-16,-216,5888,-22272,-19969,-20832,8790,-4933,1024,1024,1024,
29,2662270208,-15404,-5172,320,21,-47,-199,6400,-21760,-19969,-27719,27383,-12365,1024,1024,1024,
29,3081700608,-15484,-5176,308,30,-9,-203,5120,-22528,-20225,5046,18057,4641,1024,1024,1024,
29,3484353792,-15560,-5224,308,9,-38,-220,5632,-23040,-20737,-4849,5802,-24246,1024,1024,1024,
29,3903784192,-15496,-5100,336,30,-38,-183,6400,-23296,-19969,-29159,10512,2762,1024,1024,1024,
29,11535616,-15472,-5148,368,21,-35,-225,5120,-24064,-20225,-30232,25020,-18455,1024,1024,1024,
29,414188800,-15484,-5172,372,40,-13,-220,5632,-22016,-20737,-13321,30887,-6385,1024,1024,1024,
29,833619200,-15448,-5252,196,9,0,-211,6144,-21504,-20737,-17886,15813,537,1024,1024,1024,
29,1236272384,-15392,-5124,424,47,-15,-184,5888,-21760,-20481,28887,-32077,19607,1024,1024,1024,
29,1655702784,-15420,-5184,212,9,-27,-195,6912,-22272,-20481,4955,-5412,-14379,1024,1024,1024,
29,2041578752,-15332,-5284,268,34,-23,-191,5632,-22528,-20737,-25054,-4994,-47,1024,1024,1024,
29,2461009152,-15392,-5144,400,89,-30,-206,6912,-21760,-20481,6888,7964,9179,1024,1024,1024,
29,2880439552,-15472,-5248,284,26,14,-195,5376,-23296,-22017,15965,3023,28052,1024,1024,1024,
29,3283092736,-15320,-5208,396,21,-11,-185,7424,-23296,-19969,-9329,-22464,3658,1024,1024,1024,
29,3702523136,-15324,-5120,272,23,-25,-231,5120,-22528,-21249,22205,21382,21328,1024,1024,1024,
29,4088399104,-15460,-5160,524,3,-38,-202,5632,-22528,-20225,-6808,10763,-2122,1024,1024,1024,
29,212927744,-15428,-5200,400,20,-32,-231,6400,-21760,-21505,-957,18774,-4527,1024,1024,1024,
29,615580928,-15556,-5164,316,42,-21,-195,5888,-23296,-18945,-20858,-498,31812,1024,1024,1024,
29,1035011328,-15352,-5212,492,19,-23,-216,5888,-20736,-21505,13765,21088,-5271,1024,1024,1024,
29,1454441728,-15440,-5244,304,40,-36,-205,6656,-22016,-20225,-8725,-25251,-7164,1024,1024,1024,
29,1840317696,-15452,-5132,380,8,-32,-193,5120,-20992,-20225,26210,-5408,14942,1024,1024,1024,
29,2259748096,-15412,-5208,400,3,-43,-201,6144,-22528,-22273,-22179,-18686,31044,1024,1024,1024,
29,2662401280,-15380,-5160,388,0,-21,-211,4864,-22784,-20481,11632,18868,-30671,1024,1024,1024,
29,3081831680,-15444,-5296,256,44,-15,-202,5120,-21504,-20737,-9556,-5640,20131,1024,1024,1024,
29,3484484864,-15396,-5184,344,24,1,-211,5120,-22528,-20225,-4284,4411,26467,1024,1024,1024,
29,3903915264,-15416,-5192,380,30,-40,-199,6400,-22784,-19969,25986,1152,-24710,1024,1024,1024,
29,11666688,-15332,-5180,376,48,-29,-190,4864,-21248,-20993,-29982,3458,-27368,1024,1024,1024,
29,414319872,-15456,-5216,404,39,6,-193,5120,-22016,-19713,28755,-18603,21500,1024,1024,1024,
29,833750272,-15428,-5236,420,14,-14,-213,6912,-22272,-20481,4671,7956,-31062,1024,1024,1024,
29,1236403456,-15364,-5228,316,4,-41,-188,5888,-22272,-19969,-31499,-3427,-14961,1024,1024,1024,
29,1655833856,-15328,-5200,328,23,-3,-219,7168,-21504,-20737,22086,22264,-2741,1024,1024,1024,
29,2041709824,-15460,-5184,268,57,-41,-184,6144,-24064,-19713,16989,-23611,29476,1024,1024,1024,
29,2461140224,-15412,-5076,532,17,-38,-204,6912,-22272,-21505,-27397,29664,-15056,1024,1024,1024,
29,2880570624,-15368,-5276,368,5,-36,-212,5888,-21760,-20993,-4191,22055,-8251,1024,1024,1024,
29,3283223808,-15324,-5108,464,54,2,-155,6400,-21760,-20993,-22780,-27935,-31675,1024,1024,1024,
29,3702654208,-15544,-5168,392,-7,75,-103,5376,-21248,-21505,27428,-10136,16256,1024,1024,1024,
29,4088530176,-15384,-5200,264,-5,79,-147,6144,-22528,-21249,-21361,30776,31624,1024,1024,1024,
29,213058816,-15348,-5220,468,15,129,-118,6400,-21248,-19457,-3120,-29811,-3556,1024,1024,1024,
29,615712000,-15384,-5192,328,-3,-77,-188,5888,-22272,-19969,-16561,-31858,-4482,1024,1024,1024,
29,1035142400,-15316,-5176,492,47,-28,-179,4608,-23040,-20737,-15243,666,-31950,1024,1024,1024,
29,1454572800,-15404,-5148,380,42,13,-179,7168,-22528,-20737,-7361,28917,15892,1024,1024,1024,
29,1840448768,-15416,-5108,188,13,11,-188,5120,-21504,-20225,22740,-30749,23121,1024,1024,1024,
29,2259879168,-15500,-5108,424,-17,-33,-202,6400,-22272,-20481,-16592,32726,-30093,1024,1024,1024,
29,2662532352,-15380,-5128,336,21,-30,-214,5120,-22528,-20737,-28110,-22387,-11989,1024,1024,1024,
29,3081962752,-15344,-5144,292,45,-34,-199,5888,-21248,-20481,-30671,-6817,29967,1024,1024,1024,
29,3484615936,-15372,-5200,392,-14,-25,-192,6656,-22016,-19713,32453,-27198,5054,1024,1024,1024,
29,3904046336,-15464,-5220,352,27,-28,-203,6656,-21504,-21249,23912,-22163,-10877,1024,1024,1024,
29,11797760,-15388,-5220,480,55,-9,-189,5120,-21504,-20737,-16708,15549,22109,1024,1024,1024,
29,414450944,-15400,-5096,280,26,-9,-195,5632,-22016,-20737,18693,-24596,-8796,1024,1024,1024,
29,833881344,-15400,-5204,392,38,-11,-192,6144,-21504,-19713,-8738,-19660,15090,1024,1024,1024,
29,1236534528,-15572,-5156,260,48,29,-212,5120,-22016,-20737,9308,-10332,29628,1024,1024,1024,
29,1655964928,-15296,-5180,464,39,-49,-175,6144,-20992,-20737,4214,25563,-28575,1024,1024,1024,
29,2041840896,-15436,-5212,208,24,-40,-219,5376,-22272,-20481,-5276,8952,-2207,1024,1024,1024,
29,2461271296,-15404,-5156,456,28,-6,-190,6400,-21760,-22017,-23969,-22077,20002,1024,1024,1024,
29,2880701696,-15472,-5164,348,46,-22,-203,6656,-22016,-19713,-11192,30120,15484,1024,1024,1024,
29,3283354880,-15420,-5188,312,17,-34,-199,6912,-21760,-20481,-23885,-22258,31921,1024,1024,1024,
29,3702785280,-15504,-5180,452,13,-40,-196,5888,-21760,-21505,7581,22355,-10896,1024,1024,1024,
29,4088661248,-15388,-5216,464,55,-27,-198,5888,-21760,-20993,24820,-3415,26496,1024,1024,1024,
29,213189888,-15440,-5184,368,73,-23,-209,6144,-23552,-21249,18588,-20867,14328,1024,1024,1024,
29,615843072,-15420,-5128,216,35,5,-224,4096,-22016,-20225,-19238,-2451,4909,1024,1024,1024,
29,1035273472,-15472,-5240,380,15,-36,-179,5120,-21504,-18689,-22781,-12364,-7636,1024,1024,1024,
29,1454703872,-15384,-5224,164,20,-19,-209,6144,-22528,-21249,-9104,29690,-6914,1024,1024,1024,
29,1840579840,-15364,-5208,288,3,-6,-207,4864,-20736,-20481,1306,11878,22659,1024,1024,1024,
29,2260010240,-15404,-5172,332,16,-23,-192,5376,-23296,-20993,-10345,8457,5232,1024,1024,1024,
29,2662663424,-15316,-5112,420,40,-11,-205,5632,-21504,-21249,-31792,-11584,20655,1024,1024,1024,
29,3082093824,-15396,-5208,200,35,-27,-202,6144,-22016,-20737,-10981,31911,3375,1024,1024,1024,
29,3484747008,-15448,-5248,280,8,-34,-199,6400,-21760,-20993,-13976,30999,12411,1024,1024,1024,
29,3904177408,-15400,-5192,504,12,-42,-197,6400,-22272,-20993,-27133,16953,28731,1024,1024,1024,
29,11928832,-15320,-5152,336,60,-29,-198,5376,-20736,-18945,-30327,-23662,-4180,1024,1024,1024,
29,414582016,-15412,-5156,452,38,-18,-197,5632,-22016,-20737,-18468,25584,26124,1024,1024,1024,
29,834012416,-15412,-5284,244,38,-27,-221,5376,-22272,-22017,23877,7493,23756,1024,1024,1024,
29,1236665600,-15376,-5180,316,85,-13,-200,6656,-22016,-21249,-26053,-18448,6012,1024,1024,1024,
29,1656096000,-15532,-5084,380,42,-2,-195,6144,-22528,-21249,32234,24394,-14322,1024,1024,1024,
29,2041971968,-15400,-5204,400,47,-1,-204,5632,-21504,-20225,15670,22608,-16965,1024,1024,1024,
29,2461402368,-15388,-5160,420,49,-43,-201,6144,-21504,-20737,21660,-24372,-17824,1024,1024,1024,
29,2880832768,-15324,-5164,280,52,-22,-181,4864,-21760,-20481,-27679,-18083,6373,1024,1024,1024,
29,3283485952,-15320,-5096,428,38,-15,-200,5376,-22272,-21505,8112,3862,-21712,1024,1024,1024,
29,3702916352,-15352,-5100,296,-15,-41,-206,5376,-22272,-20993,26911,15618,5351,1024,1024,1024,
29,4088792320,-15380,-5200,420,27,-23,-188,5632,-22016,-20737,-1284,-7864,25962,1024,1024,1024,
29,213320960,-15408,-5128,356,-1,-26,-205,5376,-21248,-19969,-5066,-526,-11103,1024,1024,1024,
29,615974144,-15388,-5176,236,15,-52,-216,5888,-21248,-19969,16956,13307,22604,1024,1024,1024,
29,1035404544,-15448,-5132,400,16,-13,-201,6144,-21504,-21761,10271,18575,-10245,1024,1024,1024,
29,1454834944,-15524,-5160,396,23,-13,-210,4608,-20992,-19713,20471,-20896,18783,1024,1024,1024,
29,1840710912,-15324,-5216,204,43,-20,-219,5120,-22528,-20225,13948,-11418,29306,1024,1024,1024,
29,2260141312,-15444,-5172,364,32,-23,-197,5376,-22272,-20481,-2768,-11696,-19376,1024,1024,1024,
29,2662794496,-15456,-5144,368,36,-12,-195,6400,-21760,-20481,6600,-16043,-8552,1024,1024,1024,
29,3082224896,-15392,-5196,424,48,-31,-204,4608,-22528,-21761,-2515,-23467,-9795,1024,1024,1024,
29,3484878080,-15424,-5180,220,29,-10,-215,5632,-22016,-20737,-18576,-15374,25568,1024,1024,1024,
29,3904308480,-15448,-5124,292,20,-45,-190,5632,-22528,-21249,-10825,-31094,21549,1024,1024,1024,
29,12059904,-15428,-5156,336,57,5,-194,5376,-23296,-19969,4898,24790,16764,1024,1024,1024,
29,414713088,-15376,-5152,408,19,-40,-198,6912,-21248,-22017,-5899,25031,-25560,1024,1024,1024,
29,834143488,-15448,-5080,436,32,-23,-191,5376,-21760,-20993,-21711,-19472,32169,1024,1024,1024,
29,1236796672,-15420,-5244,360,28,-17,-209,5376,-22272,-19969,9174,-4261,28928,1024,1024,1024,
29,1656227072,-15428,-5144,356,1,-37,-203,6656,-21504,-20737,3351,7583,-1352,1024,1024,1024,
29,2042103040,-15428,-5132,440,25,-30,-191,5632,-22016,-20225,28683,8268,3547,1024,1024,1024,
29,2461533440,-15328,-5184,456,52,-20,-214,6400,-21760,-21505,24357,-17451,-16999,1024,1024,1024,
29,2880963840,-15468,-5160,196,46,-14,-189,6144,-20480,-20737,10131,-10008,4607,1024,1024,1024,
29,3283617024,-15384,-5136,396,26,-32,-180,5888,-20736,-19457,-16739,-10705,-14302,1024,1024,1024,
29,3703047424,-15428,-5148,280,6,-14,-212,5120,-22016,-20225,-13700,15572,-13215,1024,1024,1024,
29,4088923392,-15420,-5220,348,15,-18,-210,5120,-23552,-20225,-24019,20877,-12931,1024,1024,1024,
29,213452032,-15536,-5176,268,37,-9,-193,5632,-23040,-20737,28212,29464,31057,1024,1024,1024,
29,616105216,-15344,-5220,316,29,-9,-214,6400,-23296,-20481,559,438,-32610,1024,1024,1024,
29,1035535616,-15496,-5184,356,51,-1,-207,5376,-21760,-20993,-23109,-19187,-28889,1024,1024,1024,
29,1454966016,-15424,-5124,488,11,-41,-187,6912,-22272,-19969,-5043,-4489,146,1024,1024,1024,
29,1857619200,-15496,-5192,344,-4,-41,-184,4864,-22272,-20993,5427,-31372,3996,1024,1024,1024,
29,2260272384,-15492,-5172,348,34,-19,-210,5120,-22016,-20737,1325,2014,17243,1024,1024,1024,
29,2662925568,-15396,-5148,372,-6,-42,-205,5376,-22272,-20481,-10095,-12875,-12649,1024,1024,1024,
29,3082355968,-15488,-5148,404,23,-26,-208,5888,-21760,-19457,19025,20578,10093,1024,1024,1024,
29,3485009152,-15412,-5144,392,44,-20,-182,5888,-20736,-19969,-22225,-5275,23677,1024,1024,1024,
29,3904439552,-15440,-5160,224,27,7,-189,5888,-22784,-20481,-9801,-20627,18290,1024,1024,1024,
29,12190976,-15408,-5208,368,18,-6,-197,5376,-21760,-19969,18757,-30278,-27065,1024,1024,1024,
29,414844160,-15416,-5176,336,37,-28,-217,5888,-24320,-20481,-26027,25932,14815,1024,1024,1024,
29,834274560,-15456,-5264,256,19,-47,-203,5888,-21248,-20993,-23594,19661,-3885,1024,1024,1024,
29,1236927744,-15440,-5232,268,40,-33,-203,5120,-22528,-19713,25018,15436,-8153,1024,1024,1024,
29,1656358144,-15344,-5188,292,12,3,-218,5120,-22528,-21761,-15234,-13454,23148,1024,1024,1024,
29,2042234112,-15360,-5316,336,29,-35,-194,5120,-21504,-20737,14801,1313,-8927,1024,1024,1024,
29,2461664512,-15448,-5192,384,65,-20,-219,6656,-23552,-20225,-13118,-31527,22261,1024,1024,1024,
29,2881094912,-15404,-5196,380,36,-39,-220,5376,-21760,-20481,-16697,-24437,9141,1024,1024,1024,
29,3283748096,-15428,-5148,392,24,-8,-209,5888,-21248,-20993,1837,-9745,2433,1024,1024,1024,
29,3703178496,-15416,-5132,372,14,-52,-186,6144,-23040,-20225,-21602,-17277,-12353,1024,1024,1024,
29,4089054464,-15416,-5088,408,10,-39,-209,5376,-22272,-20993,-24726,-2923,3945,1024,1024,1024,
29,213583104,-15320,-5168,468,48,-34,-200,7168,-22528,-20737,-1178,-31440,-21135,1024,1024,1024,
29,616236288,-15380,-5148,256,27,-27,-208,6656,-22016,-19201,27157,20590,12569,1024,1024,1024,
29,1035666688,-15448,-5160,400,29,-20,-204,4352,-21248,-20993,10402,-9273,2231,1024,1024,1024,
29,1455097088,-15320,-5196,364,5,-24,-195,6656,-21504,-20225,23288,-30372,376,1024,1024,1024,
29,1840973056,-15412,-5132,320,24,-37,-205,6400,-22272,-19457,-26904,-6552,21659,1024,1024,1024,
29,2260403456,-15448,-5176,428,28,-38,-202,5120,-21504,-20737,18594,19809,28328,1024,1024,1024,
29,2663056640,-15524,-5172,464,20,-39,-212,5376,-21248,-20993,13170,-14859,31566,1024,1024,1024,
29,3082487040,-15444,-5140,308,25,-17,-217,5376,-22272,-20481,-32654,-15504,-32100,1024,1024,1024,
29,3485140224,-15348,-5208,528,32,-33,-206,6144,-23040,-20737,25002,14630,7943,1024,1024,1024,
29,3904570624,-15424,-5136,328,15,-3,-202,6144,-22016,-20737,-16853,-22665,251,1024,1024,1024,
29,12322048,-15392,-5128,416,-14,-21,-205,6144,-22016,-20737,8131,27222,-31251,1024,1024,1024,
29,414975232,-15428,-5272,348,44,-27,-220,6144,-22016,-20737,9672,-22755,28762,1024,1024,1024,
29,834405632,-15424,-5120,432,19,1,-212,5888,-22272,-20481,26905,-20091,16104,1024,1024,1024,
29,1237058816,-15348,-5276,364,13,-33,-222,5632,-22016,-20737,9544,24021,4831,1024,1024,1024,
29,1656489216,-15416,-5168,360,-15,-17,-213,4352,-21248,-20481,-27289,9403,-21677,1024,1024,1024,
29,2042365184,-15504,-5112,424,0,-23,-194,5632,-20480,-21249,-7579,-2215,9442,1024,1024,1024,
29,2461795584,-15348,-5244,392,-1,-25,-213,5632,-23040,-20225,14527,19295,32715,1024,1024,1024,
29,2881225984,-15320,-5152,232,-10,-32,-193,6400,-21760,-19969,18327,18110,5866,1024,1024,1024,
29,3283879168,-15476,-5136,468,8,-14,-207,5632,-22528,-20225,-24037,-20637,-22470,1024,1024,1024,
29,3703309568,-15400,-5148,404,26,-38,-199,5632,-23040,-20225,-31288,10837,29780,1024,1024,1024,
29,4089185536,-15420,-5160,320,71,2,-193,5120,-23040,-19713,3542,-28512,1764,1024,1024,1024,
29,213714176,-15352,-5160,472,1,-30,-201,5888,-21248,-20993,6422,-23900,-8815,1024,1024,1024,
29,616367360,-15512,-5208,272,60,-44,-184,5632,-21504,-21249,3261,-3917,12399,1024,1024,1024,
29,1035797760,-15412,-5136,396,-15,1,-192,6144,-23040,-21249,-29008,19109,-12239,1024,1024,1024,
29,1455228160,-15456,-5196,416,32,-21,-203,6400,-21760,-20481,29084,-32474,-909,1024,1024,1024,
29,1857881344,-15448,-5160,292,31,-19,-201,5632,-23552,-20225,-27473,-30296,-480,1024,1024,1024,
29,2260534528,-15344,-5252,296,-18,-11,-185,6400,-22272,-21505,-23184,-31824,12615,1024,1024,1024,
29,2663187712,-15448,-5192,300,20,-40,-200,5120,-23040,-20225,-2839,-23497,14552,1024,1024,1024,
29,3082618112,-15448,-5176,252,11,-2,-188,4864,-20736,-19457,15063,-21746,-15194,1024,1024,1024,
29,3485271296,-15368,-5148,332,33,-33,-193,5888,-23296,-19457,-27247,-32553,12365,1024,1024,1024,
29,3904701696,-15484,-5200,324,-2,-34,-205,4352,-22272,-21505,-14852,19841,8850,1024,1024,1024,
29,12453120,-15900,-5412,844,-54,-243,-228,4608,-21504,-21761,-13171,28405,25669,1024,1024,1024,
29,415106304,-15352,-4988,168,63,15,-110,6656,-21504,-20737,-21009,19124,15546,1024,1024,1024,
29,834536704,-15416,-5300,540,-22,-99,-186,5632,-22528,-20737,-26415,-7228,4717,1024,1024,1024,
29,1237189888,-15344,-5180,356,12,-54,-202,6144,-22016,-21249,-9650,23372,8406,1024,1024,1024,
29,1656620288,-15468,-5172,304,24,-21,-192,5376,-21760,-20993,-1294,-13909,-23116,1024,1024,1024,
29,2042496256,-15304,-5184,412,45,-18,-212,4864,-21248,-19969,-2537,5456,30497,1024,1024,1024,
29,2461926656,-15356,-5264,500,21,-12,-168,5120,-22016,-20225,-4884,-22555,19116,1024,1024,1024,
29,2881357056,-15340,-5192,316,50,-1,-205,4608,-22528,-19713,-24895,-19367,-9121,1024,1024,1024,
29,3284010240,-15360,-5204,368,37,-46,-201,5376,-21248,-20993,-32719,-27154,23856,1024,1024,1024,
29,3703440640,-15324,-5296,404,29,-37,-192,5888,-22272,-19457,-17677,21121,23259,1024,1024,1024,
29,4089316608,-15424,-5192,368,54,-1,-202,4864,-20736,-20993,11539,-2306,20886,1024,1024,1024,
29,213845248,-15444,-5168,404,48,-67,-192,5888,-22272,-21505,1473,28021,26825,1024,1024,1024,
29,616498432,-15340,-5096,356,26,-35,-200,5120,-22528,-19713,11894,897,19085,1024,1024,1024,
29,1035928832,-15508,-5192,256,10,-37,-187,5376,-22784,-20481,15950,-19163,-19191,1024,1024,1024,
29,1455359232,-15368,-5160,224,21,-42,-183,7168,-22528,-20225,-30283,-4880,-17209,1024,1024,1024,
29,1858012416,-15420,-5196,428,-5,-42,-181,6144,-22528,-21249,18865,16596,-11920,1024,1024,1024,
29,2260665600,-15440,-5140,372,47,-12,-200,5632,-23040,-19713,10614,-14126,-2396,1024,1024,1024,
29,2663318784,-15440,-5108,508,25,-26,-211,5376,-21248,-20481,16543,18112,-23479,1024,1024,1024,
29,3082749184,-15296,-5176,308,25,-30,-198,4608,-22528,-20225,-12582,28903,-29374,1024,1024,1024,
29,3485402368,-15488,-5192,292,18,-29,-212,6144,-23552,-20737,3020,13539,24608,1024,1024,1024,
29,3904832768,-15404,-5188,452,-15,-34,-204,5632,-22528,-20737,-28206,-30144,1505,1024,1024,1024,
29,12584192,-15432,-5232,376,45,-43,-201,6144,-20992,-20225,7935,-23913,29448,1024,1024,1024,
29,415237376,-15412,-5256,532,26,-32,-203,6656,-22016,-20225,27741,9158,-12770,1024,1024,1024,
29,834667776,-15368,-5196,448,42,-18,-195,5632,-21504,-20737,12239,30664,15607,1024,1024,1024,
29,1237320960,-15384,-5140,304,55,-25,-201,6144,-22528,-21249,17382,-6727,31584,1024,1024,1024,
29,1656751360,-15520,-5132,440,11,-25,-206,5888,-22784,-22529,12041,-19245,-20820,1024,1024,1024,
29,2042627328,-15416,-5208,444,-2,-20,-183,5888,-21248,-20481,14015,30482,-28799,1024,1024,1024,
29,2462057728,-15348,-5140,292,-21,-45,-207,5888,-21248,-20993,29838,29400,3246,1024,1024,1024,
29,2881488128,-15424,-5192,376,35,-29,-170,6912,-22272,-20993,-22195,5830,20760,1024,1024,1024,
29,3284141312,-15380,-5248,312,18,-26,-199,6400,-22272,-20993,-14029,-7731,2188,1024,1024,1024,
29,3703571712,-15468,-5172,488,19,-29,-204,4608,-21504,-20225,22338,26846,-28422,1024,1024,1024,
29,4089447680,-15448,-5144,324,17,-27,-194,4864,-21760,-20993,7586,-19721,5695,1024,1024,1024,
29,213976320,-15504,-5140,364,-16,-44,-194,5120,-22016,-19713,-18757,19066,-7836,1024,1024,1024,
29,616629504,-15368,-5168,324,32,-6,-196,5632,-21504,-19713,7275,28835,-18709,1024,1024,1024,
29,1036059904,-15396,-5164,340,-16,-8,-185,4864,-21760,-19969,6889,30255,26468,1024,1024,1024,
29,1455490304,-15376,-5148,324,13,-11,-210,5888,-22272,-21505,-25787,28803,1635,1024,1024,1024,
29,1841366272,-15416,-5224,328,33,-21,-212,5632,-22016,-19201,-29960,-15513,-19970,1024,1024,1024,
29,2260796672,-15484,-5188,384,27,-6,-181,6144,-20992,-19713,15723,932,13712,1024,1024,1024,
29,2663449856,-15416,-5204,344,12,-4,-207,5120,-23040,-19201,16453,-16440,401,1024,1024,1024,
29,3082880256,-15460,-5228,336,14,-41,-203,4864,-22272,-21505,-1211,-27094,-16102,1024,1024,1024,
29,3485533440,-15436,-5180,384,33,14,-201,6656,-22528,-20225,16554,7864,-31725,1024,1024,1024,
29,3904963840,-15368,-5072,208,9,-3,-182,6144,-22528,-20737,4455,9872,-4362,1024,1024,1024,
29,12715264,-15508,-5108,344,19,-10,-212,7168,-22528,-19713,-28353,24505,15878,1024,1024,1024,
29,415368448,-15544,-5268,536,7,-34,-204,5632,-23040,-21249,-14021,-7242,-1570,1024,1024,1024,
29,834798848,-15452,-5256,252,13,-34,-208,4864,-21760,-21505,-25821,-21726,23770,1024,1024,1024,
29,1237452032,-15404,-5168,428,13,-15,-194,5632,-22528,-20225,9637,-23387,-7420,1024,1024,1024,
29,1656882432,-15384,-5260,336,46,-14,-207,5376,-22272,-19457,15852,1228,-22065,1024,1024,1024,
29,2042758400,-15372,-5128,392,35,-60,-191,5632,-22016,-21249,-5869,-29407,30203,1024,1024,1024,
29,2462188800,-15284,-5168,160,19,-37,-196,5120,-22528,-20225,951,-28753,14476,1024,1024,1024,
29,2881619200,-15464,-5128,376,12,-13,-198,5376,-23296,-20993,-20232,3534,-28909,1024,1024,1024,
29,3284272384,-15512,-5176,320,-14,-45,-196,6656,-22016,-20737,-19969,-2359,-19387,1024,1024,1024,
29,3703702784,-15440,-5164,308,-9,-21,-215,5632,-21504,-21249,-19607,-11689,28880,1024,1024,1024,
29,4089578752,-15440,-5284,464,-2,-26,-212,6400,-22272,-20481,-16676,30341,22357,1024,1024,1024,
29,214107392,-15396,-5240,260,36,19,-209,5888,-20736,-22017,24182,24877,3374,1024,1024,1024,
29,616760576,-15436,-5184,364,30,-12,-190,5888,-23808,-19457,29194,17548,1265,1024,1024,1024,
29,1036190976,-15348,-5108,464,16,-24,-193,5120,-21504,-21761,9632,-3716,14620,1024,1024,1024,
29,1455621376,-15488,-5204,356,35,-32,-201,5376,-20224,-20993,10273,15923,-18583,1024,1024,1024,
29,1841497344,-15480,-5256,424,17,-31,-198,5120,-22528,-20737,28473,-14267,-16533,1024,1024,1024,
29,2260927744,-15428,-5236,292,46,-20,-210,6912,-22272,-22017,-24876,6387,11003,1024,1024,1024,
29,2663580928,-15476,-5124,368,21,-49,-212,6656,-22016,-20225,1673,-16409,27022,1024,1024,1024,
29,3083011328,-15400,-5064,448,55,-27,-197,5376,-21760,-20993,9988,14186,20024,1024,1024,1024,
29,3485664512,-15460,-5136,360,19,-22,-202,4864,-22784,-20993,982,1210,-28981,1024,1024,1024,
29,3905094912,-15496,-5132,104,37,-21,-179,6144,-22016,-20737,14631,-6635,-26282,1024,1024,1024,
29,12846336,-15316,-5172,332,14,-11,-206,5888,-21760,-20993,-3847,4726,-20881,1024,1024,1024,
29,415499520,-15464,-5196,360,40,-26,-195,4864,-22784,-20993,-27265,27093,26601,1024,1024,1024,
29,834929920,-15352,-5220,292,28,-6,-205,5888,-21760,-20481,-18316,-7357,-4704,1024,1024,1024,
29,1237583104,-15448,-5168,456,21,-11,-189,5888,-21760,-20993,18065,-26164,-18942,1024,1024,1024,
29,1657013504,-15420,-5124,336,31,2,-192,4608,-22528,-19201,21624,-9085,-17999,1024,1024,1024,
29,2042889472,-14716,-5084,444,-41,-87,-223,4864,-21248,-20993,-22809,-24781,24737,1024,1024,1024,
29,2462319872,-15480,-5152,376,-7,-55,-193,6912,-22272,-19969,12373,23039,12408,1024,1024,1024,
29,2881750272,-15620,-5212,316,31,-6,-196,6400,-22272,-20993,19285,-2503,18469,1024,1024,1024,
29,3284403456,-15292,-5056,288,54,-27,-229,4608,-19968,-20737,14367,-21522,-23959,1024,1024,1024,
29,3703833856,-15544,-5312,452,32,-27,-200,5376,-21248,-22017,-19114,18026,-25306,1024,1024,1024,
29,4089709824,-15268,-5168,208,56,-45,-172,5888,-22272,-19457,19551,-17306,-2490,1024,1024,1024,
29,214238464,-15432,-5248,372,40,-33,-211,4096,-23040,-21761,-28604,27596,-3967,1024,1024,1024,
29,616891648,-15400,-5136,464,36,-54,-191,5632,-21504,-21249,-14080,-17294,-30356,1024,1024,1024,
29,1036322048,-15424,-5196,344,53,-35,-167,5888,-21248,-20993,-25979,-25057,4502,1024,1024,1024,
29,1455752448,-15544,-5248,564,19,-42,-195,6656,-22528,-20737,-16625,-29792,-17207,1024,1024,1024,
29,1858405632,-15408,-5240,260,-1,-39,-192,5376,-23296,-20481,16914,-8363,-1646,1024,1024,1024,
29,2261058816,-15408,-5184,276,42,-4,-196,5888,-21760,-20993,558,17825,5161,1024,1024,1024,
29,2663712000,-16644,-5452,2508,-860,-577,-53,5888,-22272,-21505,20354,-21907,30673,1024,1024,1024,
29,3083142400,-15840,-4704,556,366,349,-353,5632,-22528,-19713,32370,-19359,25294,1024,1024,1024,
29,3485795584,-16000,-5264,236,58,129,-261,6400,-21248,-21505,-31359,-7509,-1037,1024,1024,1024,
29,3905225984,-15524,-5160,424,109,59,-269,6656,-22016,-21249,18446,24438,-29541,1024,1024,1024,
29,12977408,-15316,-5168,268,71,7,-204,5888,-22272,-20481,12577,12048,-29464,1024,1024,1024,
29,415630592,-15400,-5124,368,10,-72,-216,6400,-23296,-18945,-3618,-11214,16766,1024,1024,1024,
29,835060992,-15352,-5260,404,38,-25,-215,5120,-21504,-19713,-32181,10891,-18435,1024,1024,1024,
29,1237714176,-15316,-5192,496,-30,-38,-213,5632,-21504,-20737,23021,-21056,-15346,1024,1024,1024,
29,1657144576,-15448,-5136,484,22,-27,-195,5632,-23040,-19713,2296,-1962,937,1024,1024,1024,
29,2043020544,-15416,-5236,268,66,-45,-200,4608,-22528,-20225,33,-25889,-20090,1024,1024,1024,
29,2462450944,-15292,-5088,360,5,19,-202,5376,-22272,-21505,30281,31564,-29278,1024,1024,1024,
29,2881881344,-15436,-5164,228,32,-38,-199,6400,-21248,-20993,7996,19844,-6924,1024,1024,1024,
29,3284534528,-15400,-5132,300,36,-6,-193,5632,-22528,-19713,1931,-7603,26093,1024,1024,1024,
29,3703964928,-15388,-5272,564,14,37,-149,5120,-22528,-20737,-628,-26044,-1156,1024,1024,1024,
29,4089840896,-15068,-10600,716,1529,-491,-847,6656,-22016,-21249,-18852,-7382,-32152,1024,1024,1024,
29,214369536,-15256,-4836,-36,-1967,-1141,-895,5888,-22784,-20993,-30634,24467,30845,1024,1024,1024,
29,617022720,-16304,-4308,1340,-851,1098,690,4864,-22784,-19969,9773,-25633,-6869,1024,1024,1024,
29,1036453120,-15716,-4564,116,-1413,-27,-319,7936,-22272,-20481,2553,29978,-15723,1024,1024,1024,
29,1455883520,-15720,-4164,-28,-536,-532,-104,7936,-22272,-20993,27914,28595,8969,1024,1024,1024,
29,1841759488,-15508,-5184,140,98,48,-260,5120,-22016,-21249,22251,12319,3241,1024,1024,1024,
29,2261189888,-15356,-5164,324,9,-87,-199,6144,-22528,-21249,-8698,31023,16697,1024,1024,1024,
29,2663843072,-15440,-5128,356,37,-35,-204,4864,-22784,-20993,-14426,31664,-17909,1024,1024,1024,
29,3083273472,-15356,-5212,448,51,-20,-201,5888,-22272,-19969,16304,-31258,19797,1024,1024,1024,
29,3485926656,-15404,-5148,364,-25,-23,-208,5632,-22528,-21761,-11870,-29617,12246,1024,1024,1024,
29,3905357056,-15428,-5136,408,63,-16,-190,5632,-22016,-20737,16294,-2273,-15310,1024,1024,1024,
29,13108480,-15324,-5236,380,40,-32,-199,4864,-21760,-20481,21793,-16706,-9311,1024,1024,1024,
29,415761664,-15364,-5212,180,18,8,-206,5120,-22528,-21249,-16754,28305,12152,1024,1024,1024,
29,835192064,-15464,-5132,448,35,-33,-217,5120,-21504,-19713,11298,6324,179,1024,1024,1024,
29,1237845248,-15548,-5196,440,15,-13,-209,4864,-22272,-21505,-27634,14716,-15701,1024,1024,1024,
29,1657275648,-15456,-5224,400,12,-23,-228,5632,-22016,-20737,596,-26177,22963,1024,1024,1024,
29,2043151616,-15384,-5220,412,8,-29,-211,6144,-22016,-20225,16603,-25279,-18620,1024,1024,1024,
29,2462582016,-15420,-5120,408,37,-23,-204,6912,-22272,-21505,-2523,8347,23998,1024,1024,1024,
29,2882012416,-15348,-5088,372,17,-6,-213,5888,-22784,-21505,8427,28062,28796,1024,1024,1024,
29,3284665600,-15424,-5208,304,60,-45,-203,5632,-22528,-20225,9533,-32368,-22520,1024,1024,1024,
29,3704096000,-15328,-5284,396,23,-13,-202,5120,-21504,-21249,-14195,16606,26446,1024,1024,1024,
29,4089971968,-15320,-5120,388,21,-37,-211,5376,-22272,-20993,-30229,-16578,-27795,1024,1024,1024,
29,214500608,-15392,-5160,340,7,-46,-201,5888,-19712,-20993,-8091,14720,-14178,1024,1024,1024,
29,617153792,-15336,-5204,480,48,-40,-204,5376,-23296,-20993,5791,21587,-5553,1024,1024,1024,
29,1036584192,-15408,-5200,396,11,-20,-183,6144,-22528,-20225,-27926,25276,29269,1024,1024,1024,
29,1456014592,-15484,-5232,392,45,-29,-172,4864,-22272,-19969,-4473,2471,-3137,1024,1024,1024,
29,1841890560,-15416,-5196,196,-2,6,-210,6656,-20992,-20225,9762,14629,-4839,1024,1024,1024,
29,2261320960,-15432,-5188,528,19,-21,-189,7168,-22016,-20737,12427,14019,31712,1024,1024,1024,
29,2663974144,-15428,-5228,468,13,-20,-199,5632,-22528,-20225,-30687,-17465,-24624,1024,1024,1024,
29,3083404544,-15360,-5176,460,-10,-23,-202,4608,-23552,-21761,10484,26676,29964,1024,1024,1024,
29,3486057728,-15472,-5236,476,8,-30,-204,6144,-21504,-20225,-22592,20842,16930,1024,1024,1024,
29,3905488128,-15388,-5184,312,-5,-21,-185,5376,-21248,-19457,4854,-29548,27210,1024,1024,1024,
29,13239552,-15392,-5208,280,34,-29,-196,6400,-21760,-19457,-8533,-13305,4443,1024,1024,1024,
29,415892736,-15400,-5232,320,-1,-2,-189,5632,-22016,-21761,7140,-13223,5329,1024,1024,1024,
29,835323136,-15396,-5196,376,-18,-17,-190,6144,-20992,-21761,21938,-7436,11411,1024,1024,1024,
29,1237976320,-15272,-5228,352,65,-14,-205,6144,-23040,-20737,-20474,-5289,-14742,1024,1024,1024,
29,1657406720,-15392,-5196,368,52,-28,-200,5888,-22272,-19457,868,-12170,3389,1024,1024,1024,
29,2043282688,-15472,-5136,412,45,3,-197,5632,-21504,-21761,-14075,4870,-26786,1024,1024,1024,
29,2462713088,-15380,-5208,304,42,-21,-189,6144,-22016,-21249,-22452,-23607,2698,1024,1024,1024,
29,2882143488,-15472,-5224,424,16,0,-184,6912,-21248,-20481,6047,-483,-15697,1024,1024,1024,
29,3284796672,-15344,-5168,428,52,-25,-206,5632,-23040,-22273,6140,-12809,17652,1024,1024,1024,
29,3704227072,-15396,-5180,304,19,-37,-202,5632,-22016,-20737,-21194,-13292,26762,1024,1024,1024,
29,4090103040,-15436,-5152,268,70,1,-196,7168,-22016,-20737,31128,14295,-14349,1024,1024,1024,
29,214631680,-15488,-5276,504,50,-51,-186,5120,-22016,-21761,-14932,14506,-3974,1024,1024,1024,
29,617284864,-15408,-5184,308,58,-27,-192,6144,-22016,-21249,-28208,-28768,29487,1024,1024,1024,
29,1036715264,-15564,-5184,428,36,-47,-197,5376,-22272,-22017,-4539,9290,-17712,1024,1024,1024,
29,1456145664,-15340,-5224,540,-16,-38,-206,6144,-22016,-21249,23248,-10186,26767,1024,1024,1024,
29,1842021632,-15472,-5160,248,25,-25,-207,7424,-21760,-21505,24194,32194,-28262,1024,1024,1024,
29,2261452032,-15580,-5156,404,49,4,-212,6144,-22528,-21249,10833,-5912,3131,1024,1024,1024,
29,2664105216,-15428,-5212,312,50,-43,-220,5888,-21248,-20481,-23294,-19624,32176,1024,1024,1024,
29,3083535616,-15392,-5196,184,37,1,-182,5120,-23040,-20225,-28972,5593,-27415,1024,1024,1024,
29,3486188800,-15360,-5144,448,21,-23,-182,6400,-22272,-19969,-9669,-29169,7705,1024,1024,1024,
29,3905619200,-15428,-5232,384,64,-20,-208,6912,-21248,-21505,12538,14003,28268,1024,1024,1024,
29,13370624,-15452,-5268,384,25,4,-200,5120,-19968,-21249,13942,16569,27312,1024,1024,1024,
29,416023808,-15372,-5240,368,63,-55,-190,5120,-20992,-20737,1462,-26955,-7957,1024,1024,1024,
29,835454208,-15368,-5240,324,43,-8,-192,4352,-22272,-20993,4847,13416,19613,1024,1024,1024,
29,1238107392,-15456,-5180,324,11,-29,-214,7168,-22016,-20225,8541,6314,-5816,1024,1024,1024,
29,1657537792,-15440,-5212,268,13,-32,-210,5888,-21248,-21505,-22650,-4282,4593,1024,1024,1024,
29,2043413760,-15460,-5128,360,35,-10,-180,5632,-22528,-20225,-26956,-25177,-7207,1024,1024,1024,
29,2462844160,-15544,-5272,396,12,-31,-203,6912,-22272,-20481,25521,20255,-15107,1024,1024,1024,
29,2882274560,-15472,-5156,368,30,-28,-185,4864,-22272,-20993,-8513,-2698,18993,1024,1024,1024,
29,3284927744,-15444,-5292,416,56,4,-193,5632,-22016,-22273,5032,10364,5353,1024,1024,1024,
29,3704358144,-15372,-5216,312,20,-20,-189,5120,-20992,-20225,32129,31128,-20796,1024,1024,1024,
29,4090234112,-15332,-5132,232,24,-35,-212,5632,-23040,-21249,-5579,24906,2376,1024,1024,1024,
29,214762752,-15488,-5180,324,17,-17,-196,4352,-22784,-20481,-32520,-20679,29420,1024,1024,1024,
29,617415936,-15348,-5140,308,65,-14,-214,6400,-21760,-20481,-20134,14288,-1118,1024,1024,1024,
29,1036846336,-15420,-5084,400,18,-14,-192,7168,-23040,-19201,30495,-6647,-28078,1024,1024,1024,
29,1456276736,-15356,-5168,376,-3,-42,-207,4864,-21760,-20993,-13318,12319,-3318,1024,1024,1024,
29,1842152704,-15432,-5168,308,-5,-40,-192,5632,-22016,-20737,17173,19170,2418,1024,1024,1024,
29,2261583104,-15428,-5248,364,58,-26,-198,6656,-22016,-20737,-16224,-4385,-24892,1024,1024,1024,
29,2664236288,-15356,-5124,360,66,-18,-216,5376,-22272,-20481,-4798,-20932,29447,1024,1024,1024,
29,3083666688,-15380,-5196,240,51,-11,-193,4096,-21504,-20737,-26587,-16285,-12975,1024,1024,1024,
29,3486319872,-15384,-5288,212,42,-42,-191,5376,-22272,-20993,-23561,-13243,-2601,1024,1024,1024,
29,3888973056,-15460,-5320,452,-1,-15,-202,5120,-22016,-21761,-21350,19705,15635,1024,1024,1024,
29,13501696,-15324,-5224,484,6,-54,-214,6400,-21760,-20481,30527,7947,15465,1024,1024,1024,
29,416154880,-15416,-5244,276,-8,-7,-207,4864,-22272,-20481,22222,-21325,-18315,1024,1024,1024,
29,835585280,-15352,-5144,416,8,-2,-195,5376,-22272,-19969,13967,-21133,29145,1024,1024,1024,
29,1238238464,-15308,-5244,296,-9,-16,-191,6912,-21248,-20993,13718,18038,-21783,1024,1024,1024,
29,1657668864,-15324,-5308,384,23,7,-209,5888,-23296,-19969,-15413,-8822,15707,1024,1024,1024,
29,2043544832,-15352,-5208,476,-17,-24,-214,6144,-21504,-22273,29252,-21752,12070,1024,1024,1024,
29,2462975232,-15412,-5128,416,6,-48,-189,6656,-22016,-21249,-22852,2760,-755,1024,1024,1024,
29,2882405632,-15452,-5300,344,66,-49,-199,5376,-21248,-20481,799,10029,18033,1024,1024,1024,
29,3285058816,-15384,-5168,248,32,-8,-204,5632,-22528,-22273,24181,8772,25983,1024,1024,1024,
29,3704489216,-15396,-5268,408,-33,-2,-189,5120,-22528,-20737,-20056,7358,10539,1024,1024,1024,
29,4090365184,-15516,-5236,460,23,-17,-189,3840,-22784,-20993,3112,-13802,-29501,1024,1024,1024,
29,214893824,-15488,-5152,384,-32,-11,-208,6400,-22272,-20993,-4659,21019,-23939,1024,1024,1024,
29,617547008,-15420,-5208,408,-1,-33,-189,6144,-22016,-21761,-14431,19752,14288,1024,1024,1024,
29,1036977408,-15476,-5196,376,58,-6,-221,6400,-21760,-20993,31361,-30075,16278,1024,1024,1024,
29,1456407808,-15400,-5276,348,9,-8,-202,6400,-22272,-20993,-12440,-7760,-24057,1024,1024,1024,
29,1842283776,-15352,-5224,292,44,-18,-198,5888,-21760,-18945,675,15733,1831,1024,1024,1024,
29,2261714176,-15436,-5164,440,33,-32,-192,6400,-22784,-19457,-17073,-18070,1382,1024,1024,1024,
29,2664367360,-15424,-5096,328,5,-10,-224,6656,-21504,-21761,7710,32588,-23910,1024,1024,1024,
29,3083797760,-15532,-5228,384,41,-2,-192,5376,-22272,-21505,-15871,-6006,27861,1024,1024,1024,
29,3486450944,-15400,-5152,412,17,-24,-188,6400,-21248,-20481,-11638,-27843,11194,1024,1024,1024,
29,3889104128,-15332,-5128,316,74,-8,-204,5376,-22784,-20481,-390,11098,-6857,1024,1024,1024,
29,13632768,-15428,-5156,452,35,-44,-196,5376,-23296,-21505,12634,21747,-4129,1024,1024,1024,
29,416285952,-15488,-5168,452,15,-17,-185,4608,-23040,-21249,15304,-29658,6913,1024,1024,1024,
29,835716352,-15404,-5132,396,45,7,-200,5888,-22272,-21505,7879,23450,-21040,1024,1024,1024,
29,1238369536,-15412,-5248,316,17,-29,-178,4864,-22272,-21505,17673,-30716,20159,1024,1024,1024,
29,1657799936,-15396,-5216,612,84,-4,-194,5888,-21248,-20993,-24593,-22143,-6398,1024,1024,1024,
29,2043675904,-15388,-5228,344,7,-29,-218,5376,-21760,-22017,-5286,7242,-1650,1024,1024,1024,
29,2463106304,-15448,-5236,292,65,-23,-199,5888,-22272,-20993,-29554,-15380,25472,1024,1024,1024,
29,2882536704,-15312,-5248,436,4,-28,-190,6400,-21760,-21505,9110,-30573,-3432,1024,1024,1024,
29,3285189888,-15448,-5148,352,37,-20,-192,6400,-22784,-21505,797,-25836,23841,1024,1024,1024,
29,3704620288,-15484,-5248,204,51,-41,-215,5888,-21248,-22017,-5818,4242,7512,1024,1024,1024,
29,4090496256,-15444,-5164,380,40,-31,-196,5632,-23552,-21249,-16128,30830,24027,1024,1024,1024,
29,215024896,-15452,-5232,348,-13,-8,-177,5888,-22272,-21505,-28376,29750,18584,1024,1024,1024,
29,617678080,-15424,-5200,244,38,-50,-192,4608,-20992,-20737,-18371,15593,9523,1024,1024,1024,
29,1037108480,-15364,-5152,400,22,-1,-188,6144,-23552,-19713,-5144,-939,-4837,1024,1024,1024,
29,1456538880,-15504,-5112,452,14,-43,-184,4608,-22528,-20737,11480,-11908,15603,1024,1024,1024,
29,1842414848,-15448,-5192,416,42,-32,-189,5376,-21760,-20993,12185,-25368,23080,1024,1024,1024,
29,2261845248,-15412,-5168,384,11,-3,-216,6656,-22016,-21761,-12585,-21359,-32359,1024,1024,1024,
29,2664498432,-15428,-5112,436,18,-37,-178,4608,-22016,-21761,166,18803,22941,1024,1024,1024,
29,3083928832,-15360,-5144,568,13,3,-201,5888,-22272,-19457,10757,26402,11471,1024,1024,1024,
29,3486582016,-15356,-5144,448,48,-17,-219,5632,-22016,-20737,-1980,-6241,-22068,1024,1024,1024,
29,3906012416,-15464,-5228,292,32,-28,-196,6912,-22784,-21505,-18617,12494,26946,1024,1024,1024,
29,13763840,-15504,-5208,492,38,-18,-214,7168,-22016,-20225,14013,32601,-2998,1024,1024,1024,
29,416417024,-15420,-5132,372,25,-25,-178,4352,-21760,-22529,-7768,5286,18145,1024,1024,1024,
29,835847424,-15440,-5128,392,14,-4,-195,6400,-21760,-20993,-23221,-5610,27275,1024,1024,1024,
29,1238500608,-15376,-5216,324,8,-39,-187,7424,-22784,-19969,5869,22327,-21299,1024,1024,1024,
29,1657931008,-15420,-5164,280,19,-13,-205,5376,-21760,-20481,-9448,-22288,12619,1024,1024,1024,
29,2043806976,-15444,-5256,208,47,-21,-182,5120,-21504,-22273,32048,13053,14410,1024,1024,1024,
29,2463237376,-15392,-5180,280,30,-18,-226,5120,-23040,-21249,13423,-26410,12393,1024,1024,1024,
29,2882667776,-15368,-5140,384,42,-26,-207,6400,-22784,-19969,1826,32321,-24855,1024,1024,1024,
29,3285320960,-15428,-5196,452,39,-41,-205,5888,-21248,-19969,-6084,-10745,741,1024,1024,1024,
29,3704751360,-15380,-5020,204,133,106,-218,5632,-22528,-20225,13008,12121,18047,1024,1024,1024,
29,4090627328,-15416,-5324,452,-8,-44,-193,4864,-22272,-19969,3164,5695,11162,1024,1024,1024,
29,215155968,-15440,-5160,260,72,12,-190,6144,-22016,-19713,-17691,-16484,17575,1024,1024,1024,
29,617809152,-15404,-5304,480,33,-50,-182,5376,-22272,-20993,-3227,-25218,20927,1024,1024,1024,
29,1037239552,-15324,-5208,400,4,-21,-204,4608,-22528,-21249,3082,-26762,-11654,1024,1024,1024,
29,1456669952,-15348,-5252,428,-5,-17,-200,5376,-23296,-19457,30734,12217,-9089,1024,1024,1024,
29,1842545920,-15444,-5152,364,57,38,-194,6144,-22016,-20737,-16398,-15115,-14087,1024,1024,1024,
29,2261976320,-15352,-5468,224,78,7,-110,6144,-23040,-20737,-3241,-3047,17074,1024,1024,1024,
29,2664629504,-15368,-5348,408,-8,-79,-205,6144,-21504,-20737,482,-13827,9560,1024,1024,1024,
29,3084059904,-15072,-5060,60,139,81,-242,6144,-23040,-20737,26889,-25558,-23482,1024,1024,1024,
29,3486713088,-15460,-5284,388,3,-86,-160,7424,-22784,-22017,-28995,15919,13242,1024,1024,1024,
29,3906143488,-15344,-5144,268,50,-38,-223,5376,-20736,-21505,-20302,-31399,-23234,1024,1024,1024,
29,13894912,-15436,-5128,364,41,-46,-175,5888,-21760,-22017,8258,5135,-21748,1024,1024,1024,
29,416548096,-15468,-5252,328,26,2,-199,6144,-22528,-21761,12498,30353,28271,1024,1024,1024,
29,835978496,-15368,-5268,340,49,-28,-203,5120,-22016,-21761,-28531,-23523,-29093,1024,1024,1024,
29,1238631680,-15368,-5248,440,58,-1,-204,5632,-22528,-20737,-26924,-12944,5637,1024,1024,1024,
29,1658062080,-15460,-5192,472,23,-7,-206,4864,-21760,-19457,-7836,-24304,-18805,1024,1024,1024,
29,2043938048,-15328,-5236,488,46,-43,-201,5120,-20992,-20737,29625,19495,25123,1024,1024,1024,
29,2463368448,-15368,-5168,384,13,-94,-251,6400,-23296,-19969,-17543,-25631,24186,1024,1024,1024,
29,2882798848,-15352,-5248,324,22,27,-135,5632,-23040,-21249,-2967,-17938,-10643,1024,1024,1024,
29,3285452032,-15432,-5320,284,43,30,-130,5376,-21760,-22017,-20774,5677,7720,1024,1024,1024,
29,3704882432,-15220,-5928,-260,-1238,-524,9,5888,-22272,-21505,-27535,4352,19809,1024,1024,1024,
29,4090758400,-15124,-5508,308,-1005,-449,-153,5376,-22784,-21505,-10301,23303,-2619,1024,1024,1024,
29,215287040,-15676,-4488,504,-960,-293,-177,5376,-23296,-21505,4542,326,-14491,1024,1024,1024,
29,617940224,-15248,-5340,376,51,-30,-241,5632,-21504,-20225,22103,8956,2924,1024,1024,1024,
29,1037370624,-15444,-5260,224,7,60,-144,4864,-22272,-22529,1055,-19818,16019,1024,1024,1024,
29,1456801024,-15420,-5084,456,68,74,-169,6656,-22016,-20737,-6495,-38,-6399,1024,1024,1024,
29,1842676992,-15396,-5124,344,46,-90,-201,5120,-23552,-20225,-27549,-27441,-21613,1024,1024,1024,
29,2262107392,-15384,-5228,352,-11,-38,-188,5632,-22016,-20737,-7772,-1926,16137,1024,1024,1024,
29,2664760576,-15396,-5244,340,-11,-9,-173,6656,-23552,-22273,-24877,15177,-6040,1024,1024,1024,
29,3084190976,-15424,-5176,392,27,-51,-206,5120,-22016,-21249,15225,20617,-27738,1024,1024,1024,
29,3486844160,-15452,-5172,380,46,-32,-212,6400,-20736,-22017,1927,-4738,3860,1024,1024,1024,
29,3906274560,-15456,-5156,416,30,-63,-185,7168,-21504,-20737,-27046,3950,-18405,1024,1024,1024,
29,14025984,-15272,-5200,240,14,-46,-200,4352,-22784,-19457,-30980,6540,25386,1024,1024,1024,
29,416679168,-15448,-5188,260,40,-17,-189,5632,-22016,-20737,10703,-25049,7787,1024,1024,1024,
29,836109568,-15488,-5172,400,26,-25,-180,6656,-21504,-20737,-19565,-25221,6432,1024,1024,1024,
29,1238762752,-15452,-5240,384,-7,2,-196,4608,-22528,-22273,-21712,-3263,-9231,1024,1024,1024,
29,1658193152,-15420,-5080,384,25,-35,-212,5632,-22528,-21761,19658,-23278,20810,1024,1024,1024,
29,2044069120,-15380,-5196,380,24,-28,-191,3840,-22784,-20481,-28620,-12858,11234,1024,1024,1024,
29,2463499520,-15284,-5124,412,61,-23,-185,6144,-23552,-21249,12639,-30581,24989,1024,1024,1024,
29,2882929920,-15280,-5076,304,131,69,-235,6656,-22016,-20225,-14824,-4391,6377,1024,1024,1024,
29,3285583104,-15320,-5104,396,74,-104,-215,6400,-21248,-20481,-21467,15820,22807,1024,1024,1024,
29,3705013504,-15496,-5080,168,52,31,-215,5888,-21760,-19457,-18842,-3010,-12219,1024,1024,1024,
29,4090889472,-15412,-5244,460,50,31,-187,5888,-22784,-22529,-2293,-24642,31583,1024,1024,1024,
29,215418112,-15348,-5116,332,8,-41,-205,5632,-21504,-20737,-2852,-16804,11178,1024,1024,1024,
29,618071296,-15380,-5240,300,22,-31,-181,6144,-20992,-20225,25557,187,-23418,1024,1024,1024,
29,1037501696,-15400,-5228,448,14,-23,-184,5120,-22016,-20737,27576,16635,20958,1024,1024,1024,
29,1456932096,-15440,-5116,340,57,-51,-202,5888,-22784,-20481,-1068,22225,-31222,1024,1024,1024,
29,1842808064,-15420,-5136,236,48,7,-217,6144,-22528,-21249,2961,764,-21765,1024,1024,1024,
29,2262238464,-15376,-5192,256,38,-3,-206,4352,-22272,-19969,-4172,-16713,2233,1024,1024,1024,
29,2664891648,-15404,-5172,368,86,-16,-213,7680,-22016,-20225,-8159,19728,3058,1024,1024,1024,
29,3084322048,-15440,-5244,284,26,-25,-186,5120,-20992,-20737,25856,11544,19394,1024,1024,1024,
29,3486975232,-15304,-5200,256,41,-29,-194,5120,-23040,-19713,-2424,595,-11142,1024,1024,1024,
29,3906405632,-15500,-5124,412,49,-20,-229,5888,-21760,-22017,17053,-26978,-4418,1024,1024,1024,
29,14157056,-15420,-5200,232,12,-16,-199,5888,-22784,-21505,7901,32442,11624,1024,1024,1024,
29,416810240,-15312,-5272,416,32,-25,-219,5632,-22016,-21761,-12074,10066,-15856,1024,1024,1024,
29,836240640,-15488,-5232,312,19,-22,-205,4608,-22528,-21249,-12201,8057,-2840,1024,1024,1024,
29,1238893824,-15392,-5180,556,1,-9,-194,6656,-22016,-21761,-5762,-1244,12678,1024,1024,1024,
29,1658324224,-15420,-5232,268,57,-16,-199,6144,-21504,-19713,5994,25768,-25595,1024,1024,1024,
29,2044200192,-15488,-5076,332,42,-15,-213,6144,-23040,-20737,-21455,22458,18023,1024,1024,1024,
29,2463630592,-15352,-5196,280,-33,-12,-201,5376,-21248,-20481,-7296,4761,-18050,1024,1024,1024,
29,2883060992,-15500,-5112,344,25,-19,-205,5376,-23808,-19969,-21620,7713,-14918,1024,1024,1024,
29,3285714176,-15480,-5088,252,20,-20,-180,6656,-23040,-20737,-12527,-31462,-1914,1024,1024,1024,
29,3705144576,-15428,-5216,232,58,-26,-191,5632,-22528,-20225,23619,32298,16798,1024,1024,1024,
29,4091020544,-15364,-5264,540,1,-16,-211,4608,-21504,-21249,-17353,-12331,-11991,1024,1024,1024,
29,215549184,-15404,-5256,136,37,-23,-193,5632,-22016,-20225,31612,-7095,4083,1024,1024,1024,
29,618202368,-15504,-5248,392,30,-14,-212,5376,-21760,-20993,-8363,28849,-17672,1024,1024,1024,
29,1037632768,-15360,-5236,156,52,-34,-195,6400,-21760,-21505,-28664,1923,25253,1024,1024,1024,
29,1457063168,-15452,-5188,220,59,-7,-197,4864,-20736,-21505,4394,2416,18599,1024,1024,1024,
29,1842939136,-15428,-5212,404,-2,-25,-179,7424,-22272,-21505,-27402,15013,27232,1024,1024,1024,
29,2262369536,-15464,-5184,300,-3,-38,-221,6400,-21760,-21505,-25481,-7064,-25576,1024,1024,1024,
29,2665022720,-15384,-5196,320,-2,-39,-205,5632,-23040,-19713,729,13928,10785,1024,1024,1024,
29,3084453120,-15420,-5192,400,0,-20,-201,5888,-21760,-20993,5048,21454,-13090,1024,1024,1024,
29,3487106304,-15400,-5224,468,60,-14,-193,5120,-22016,-21249,10307,-32156,-29626,1024,1024,1024,
29,3906536704,-15388,-5188,392,42,-26,-202,5376,-21248,-20993,-8697,-14661,-13544,1024,1024,1024,
29,14288128,-15528,-5124,336,44,-6,-211,5632,-22528,-20737,14959,5103,29483,1024,1024,1024,
29,416941312,-15324,-5196,288,45,-32,-183,5120,-22016,-20225,-10149,-10626,-27388,1024,1024,1024,
29,836371712,-15344,-5144,240,22,-18,-195,5632,-22528,-21249,20117,26340,16467,1024,1024,1024,
29,1239024896,-15480,-5252,444,31,-11,-193,5888,-23296,-20481,-17046,9704,-10135,1024,1024,1024,
29,1658455296,-15352,-5228,404,22,-21,-175,6912,-23296,-22017,-32003,17129,1552,1024,1024,1024,
29,2044331264,-15524,-5140,264,53,-40,-200,5888,-22272,-21505,12776,9912,-16555,1024,1024,1024,
29,2463761664,-15396,-5152,372,20,-17,-181,5888,-22272,-20481,3247,-3437,16693,1024,1024,1024,
29,2883192064,-15392,-5204,544,44,-37,-208,5120,-21504,-21249,-20157,17556,775,1024,1024,1024,
29,3285845248,-15396,-5292,336,-21,1,-196,6400,-22784,-20481,-5359,-7859,12419,1024,1024,1024,
29,3705275648,-15412,-5180,320,10,-37,-198,4864,-22272,-20481,8789,11252,-11219,1024,1024,1024,
29,4091151616,-15376,-5212,424,18,-34,-202,6656,-22016,-20737,-3790,-20060,11760,1024,1024,1024,
29,215680256,-15336,-5292,368,28,-14,-196,6400,-22784,-19969,6952,-28093,3332,1024,1024,1024,
29,618333440,-15464,-5192,272,7,-27,-184,5888,-21760,-20481,-15962,4850,3237,1024,1024,1024,
29,1037763840,-15420,-5304,308,19,-27,-194,6144,-21504,-20737,26848,-26113,-13908,1024,1024,1024,
29,1457194240,-15440,-5208,520,5,-34,-210,5376,-22272,-21505,27109,-1216,23986,1024,1024,1024,
29,1843070208,-15512,-5276,420,33,-20,-202,6400,-21760,-20481,-27443,12528,9876,1024,1024,1024,
29,2262500608,-15424,-5252,284,34,-4,-204,5888,-20224,-20481,-32620,30122,-17239,1024,1024,1024,
29,2665153792,-15308,-5184,336,50,-16,-215,5888,-22272,-19969,4471,24736,-3847,1024,1024,1024,
29,3084584192,-15288,-5144,268,16,-25,-187,5632,-21504,-22785,-26179,-4809,28999,1024,1024,1024,
29,3487237376,-15452,-5176,308,64,-17,-197,5120,-23040,-20225,-17649,27296,31475,1024,1024,1024,
29,3906667776,-15416,-5236,428,29,-29,-196,6400,-21760,-19969,16632,-28516,31470,1024,1024,1024,
29,14419200,-15468,-5124,404,87,-34,-207,7168,-22016,-20737,-6202,-26836,22952,1024,1024,1024,
29,417072384,-15528,-5180,384,11,-30,-188,6144,-22016,-21249,-4751,-13680,-11494,1024,1024,1024,
29,836502784,-15352,-5208,388,-17,-9,-187,6144,-23552,-20737,-461,32245,-23028,1024,1024,1024,
29,1239155968,-15424,-5224,376,6,-2,-198,6144,-23040,-20225,27341,-2599,-25996,1024,1024,1024,
29,1658586368,-15424,-5228,336,53,-46,-227,6656,-22528,-21249,-11777,29162,-28536,1024,1024,1024,
29,2044462336,-15424,-5140,468,34,-11,-203,4096,-22528,-20225,-3294,-3950,14734,1024,1024,1024,
29,2463892736,-15388,-5148,272,15,-27,-222,6656,-22528,-20225,-12535,-31226,1479,1024,1024,1024,
29,2883323136,-15396,-5196,440,29,-33,-176,5376,-23296,-19969,-31379,-15382,19189,1024,1024,1024,
29,3285976320,-15472,-5168,280,84,-18,-198,6400,-21760,-20481,20460,-7283,28302,1024,1024,1024,
29,3705406720,-15328,-5164,376,25,-53,-201,6400,-22272,-19457,31417,20950,-29401,1024,1024,1024,
29,4091282688,-15368,-5204,176,11,-21,-225,5376,-22272,-20993,-30952,20573,-8588,1024,1024,1024,
29,215811328,-15408,-5216,264,45,-28,-192,4864,-22272,-20993,16251,-4861,4820,1024,1024,1024,
29,618464512,-15384,-5244,332,-1,-23,-189,5376,-21248,-20481,-8682,4730,17354,1024,1024,1024,
29,1037894912,-15380,-5212,404,42,-32,-206,6144,-22528,-21249,-16083,-24577,-18375,1024,1024,1024,
29,1457325312,-15424,-5200,336,55,-26,-192,4608,-21504,-20737,18841,-28522,29856,1024,1024,1024,
29,1843201280,-15504,-5212,328,23,-43,-214,6400,-21760,-20481,-29163,9182,3449,1024,1024,1024,
29,2262631680,-15480,-5184,424,27,-52,-197,6656,-22528,-21249,11341,14942,-16311,1024,1024,1024,
29,2665284864,-15436,-5128,268,55,-17,-197,6656,-22528,-21249,-27988,31220,23876,1024,1024,1024,
29,3084715264,-15356,-5212,368,25,-29,-177,5888,-22272,-20993,-5801,2265,4464,1024,1024,1024,
29,3487368448,-15388,-5192,324,1,-31,-195,6400,-22272,-21505,30522,-13257,-13847,1024,1024,1024,
29,3890021632,-15492,-5216,348,38,-30,-201,4864,-21760,-21505,-31272,18800,-29126,1024,1024,1024,
29,14550272,-15568,-5156,400,34,-10,-212,5632,-22016,-20225,2609,16435,-27684,1024,1024,1024,
29,417203456,-15516,-5152,240,-22,-27,-207,5632,-22016,-21249,22105,10059,-6191,1024,1024,1024,
29,836633856,-15364,-5184,400,-5,-40,-209,5888,-21248,-19969,-4931,-27763,-26575,1024,1024,1024,
29,1239287040,-15448,-5160,496,37,-15,-179,5376,-21760,-21505,-12538,12107,6007,1024,1024,1024,
29,1658717440,-15388,-5156,440,35,-44,-206,6144,-22016,-22273,18113,-6813,-203,1024,1024,1024,
29,2044593408,-15288,-5244,360,33,-37,-198,5120,-22528,-21761,5267,28126,-14110,1024,1024,1024,
29,2464023808,-15388,-5176,412,45,-11,-212,6400,-20736,-19457,4351,-29933,6535,1024,1024,1024,
29,2883454208,-15360,-5088,396,1,-13,-199,6400,-21248,-20993,6386,28437,-23751,1024,1024,1024,
29,3286107392,-15444,-5236,372,21,-21,-202,5376,-22272,-22017,-29445,-10662,-12487,1024,1024,1024,
29,3705537792,-15396,-5164,576,-19,-21,-205,5120,-22016,-21761,-11658,-7653,-31795,1024,1024,1024,
29,4091413760,-15344,-5192,180,-6,-15,-183,5120,-21504,-20737,7390,-3519,15525,1024,1024,1024,
29,215942400,-15496,-5208,392,-19,-49,-207,5376,-22272,-22017,12229,-1674,25609,1024,1024,1024,
29,618595584,-15460,-5128,376,40,-12,-197,5632,-21504,-20225,20303,-30851,15568,1024,1024,1024,
29,1038025984,-15328,-5156,440,7,-27,-191,4352,-22272,-20993,-14923,-32550,28731,1024,1024,1024,
29,1457456384,-15436,-5164,268,60,-51,-193,4608,-21504,-19713,-4208,-31811,1601,1024,1024,1024,
29,1843332352,-15480,-4888,652,-126,-124,-271,5120,-22016,-20737,-17266,-24334,-30756,1024,1024,1024,
29,2262762752,-15420,-5160,288,72,-34,-169,5120,-20480,-20737,1637,-589,-23384,1024,1024,1024,
29,2665415936,-15320,-5056,456,12,-80,-217,6144,-21504,-20737,-21073,-7794,-6730,1024,1024,1024,
29,3084846336,-15384,-5232,192,21,-30,-214,5888,-21760,-20993,-20442,14022,16927,1024,1024,1024,
29,3487499520,-15460,-5236,488,36,-7,-205,5632,-23552,-21249,-17334,-17333,-3307,1024,1024,1024,
29,3890152704,-15404,-5140,348,22,-22,-194,4864,-20736,-19969,7434,9973,23418,1024,1024,1024,
29,14681344,-15324,-5132,432,34,-40,-218,5632,-22016,-21249,-3737,20961,-9898,1024,1024,1024,
29,417334528,-15484,-5216,384,41,-24,-203,4608,-23552,-20737,17195,-1233,1823,1024,1024,1024,
29,836764928,-17624,-5984,1700,-638,-434,66,6144,-22528,-21249,-22339,-23681,3144,1024,1024,1024,
29,1239418112,-15344,-5168,280,37,-39,-134,5888,-22272,-20993,32209,-32321,-18481,1024,1024,1024,
29,1658848512,-15492,-5244,344,6,-31,-225,6400,-21760,-20993,-23579,10650,28200,1024,1024,1024,
29,2044724480,-15388,-5180,300,-4,-71,-200,6144,-21504,-20737,-8849,23194,1788,1024,1024,1024,
29,2464154880,-15440,-5172,296,6,-9,-184,5632,-22528,-21761,17795,27417,2904,1024,1024,1024,
29,2883585280,-15428,-5248,376,19,-8,-208,4864,-21760,-19969,-2255,28145,9917,1024,1024,1024,
29,3286238464,-15444,-5264,240,28,-3,-207,5376,-21248,-20481,-935,29158,32025,1024,1024,1024,
29,3705668864,-15264,-5160,444,22,-21,-191,5888,-21760,-20993,-11897,7896,8686,1024,1024,1024,
29,4091544832,-15444,-5160,380,65,-6,-200,5888,-21760,-19969,-15477,31799,-16244,1024,1024,1024,
29,216073472,-15440,-5140,328,69,-15,-189,6656,-22528,-20225,20296,13702,8238,1024,1024,1024,
29,618726656,-15584,-5116,288,68,-74,-254,4864,-21248,-20993,26090,-19609,-13450,1024,1024,1024,
29,1038157056,-15520,-5228,260,60,82,-173,6656,-21504,-21761,-12007,-6865,-23849,1024,1024,1024,
29,1457587456,-15736,-5040,92,50,-71,-283,5632,-22528,-19713,-3229,-30371,22022,1024,1024,1024,
29,1843463424,-15332,-5512,172,196,-124,-396,5120,-21504,-20737,24821,13856,15860,1024,1024,1024,
29,2262893824,-15188,-5336,492,-71,-134,106,6400,-22272,-20993,-22318,-30355,-9424,1024,1024,1024,
29,2665547008,-15968,-3948,248,370,-526,-462,5888,-22784,-22017,-11232,-24937,21361,1024,1024,1024,
29,3084977408,-15552,-5264,352,76,-15,-168,5632,-22016,-19201,28829,12620,-16994,1024,1024,1024,
29,3487630592,-15448,-5180,336,80,61,-219,5888,-22272,-21505,28068,30449,-28936,1024,1024,1024,
29,3890283776,-15284,-5192,312,36,-40,-181,4608,-21504,-20225,-15709,-30100,19303,1024,1024,1024,
29,14812416,-15496,-5172,312,61,-36,-214,5632,-20480,-20737,4392,4978,-7083,1024,1024,1024,
29,417465600,-15324,-5164,432,22,30,-199,4864,-21760,-22017,-17770,-8902,14428,1024,1024,1024,
29,836896000,-15304,-5296,508,41,-34,-209,6656,-21504,-20737,-7488,25409,5747,1024,1024,1024,
29,1239549184,-15412,-5108,316,34,-49,-178,5888,-21760,-21505,-28410,-18796,22526,1024,1024,1024,
29,1658979584,-15432,-5180,476,31,-43,-211,6144,-22016,-20225,8353,-3462,-12183,1024,1024,1024,
29,2044855552,-15424,-5196,468,26,-34,-204,5632,-23040,-21249,16261,28524,25530,1024,1024,1024,
29,2464285952,-15432,-5292,444,14,-56,-209,5632,-22016,-21249,-31889,-29805,25370,1024,1024,1024,
29,2883716352,-15428,-5284,360,14,-44,-200,5888,-21248,-20993,4046,-10088,-31037,1024,1024,1024,
29,3286369536,-15368,-5168,292,20,-48,-199,5888,-21248,-20993,624,-18120,-18386,1024,1024,1024,
29,3705799936,-15404,-5216,288,37,-5,-197,5120,-23040,-21761,-6384,-2601,-24042,1024,1024,1024,
29,4091675904,-15412,-5176,320,-4,-45,-196,7424,-21248,-20993,27826,-3667,-17000,1024,1024,1024,
29,216204544,-15240,-5248,344,4,-22,-201,6656,-22528,-21761,25717,-30887,-4888,1024,1024,1024,
29,618857728,-15488,-5180,336,30,-24,-204,4864,-22272,-20993,-22732,-4368,-1477,1024,1024,1024,
29,1038288128,-15396,-5188,376,-7,-24,-186,5888,-22272,-21505,-8724,-13900,25408,1024,1024,1024,
29,1457718528,-15368,-5228,304,30,-30,-192,6912,-22272,-20481,21202,4864,8739,1024,1024,1024,
29,1843594496,-15420,-5212,432,59,-25,-199,5376,-22784,-20993,-10627,22003,-26914,1024,1024,1024,
29,2263024896,-15384,-5216,660,30,-22,-180,4864,-22784,-19969,-10053,-32175,-24594,1024,1024,1024,
29,2665678080,-15320,-5240,324,25,-31,-190,4608,-22528,-20737,-13225,6064,-6208,1024,1024,1024,
29,3085108480,-15496,-5232,356,32,-46,-221,5632,-23552,-21249,-28354,-26382,18042,1024,1024,1024,
29,3487761664,-15436,-5124,504,-22,-20,-209,6144,-22016,-20737,17120,12952,24581,1024,1024,1024,
29,3890414848,-15332,-5196,236,16,4,-216,5632,-22528,-21249,-18621,-21215,28179,1024,1024,1024,
29,14943488,-15420,-5148,420,26,-49,-208,5120,-22528,-20737,-2384,-12287,-31104,1024,1024,1024,
29,417596672,-15420,-5172,204,16,-17,-217,4864,-22784,-21505,-13088,11468,-13121,1024,1024,1024,
29,837027072,-15360,-5240,312,28,-11,-209,7680,-22016,-20225,-18494,19847,6254,1024,1024,1024,
29,1239680256,-15408,-5252,292,17,-19,-193,5376,-22784,-22529,-29295,16590,-11906,1024,1024,1024,
29,1642333440,-15444,-5268,416,35,-23,-204,5888,-22784,-20481,-16595,16223,12585,1024,1024,1024,
29,2044986624,-15320,-5204,412,-12,-25,-204,4608,-22528,-20225,15388,5249,-8892,1024,1024,1024,
29,2464417024,-15468,-5220,476,13,-19,-207,6144,-21504,-21761,17377,11307,-31758,1024,1024,1024,
29,2883847424,-15388,-5140,304,35,-36,-209,5376,-21760,-20481,5519,9743,26791,1024,1024,1024,
29,3286500608,-15556,-5208,360,11,-20,-220,4864,-20224,-19969,28156,3490,16427,1024,1024,1024,
29,3705931008,-15348,-5208,300,11,-9,-199,5632,-20480,-19713,5684,27029,-29513,1024,1024,1024,
29,4091806976,-15396,-5280,300,-21,-23,-201,5120,-21504,-20737,18233,-15811,-10922,1024,1024,1024,
29,216335616,-15400,-5212,456,5,-31,-189,4352,-23296,-21505,7880,6313,10584,1024,1024,1024,
29,618988800,-15288,-5176,392,32,-39,-197,5888,-22272,-22017,5653,-4232,-9411,1024,1024,1024,
29,1038419200,-15444,-5132,344,44,-34,-199,5888,-23296,-19969,12254,-13123,-24526,1024,1024,1024,
29,1457849600,-15384,-5252,304,28,-36,-180,6912,-22784,-20993,-13237,-3813,-11984,1024,1024,1024,
29,1843725568,-15516,-5240,520,3,-18,-201,5888,-22272,-20993,-16806,6768,28781,1024,1024,1024,
29,2263155968,-15444,-5224,332,47,-17,-195,6144,-22016,-20737,21553,7679,-29231,1024,1024,1024,
29,2665809152,-15496,-5220,352,-1,-42,-202,6144,-22528,-20737,6992,-12169,20587,1024,1024,1024,
29,3085239552,-15344,-5176,444,4,-39,-190,6144,-22528,-20737,24825,-14656,-26945,1024,1024,1024,
29,3487892736,-15400,-5124,264,11,-26,-187,6144,-20992,-20737,-8150,3949,32387,1024,1024,1024,
29,3890545920,-15384,-5244,324,27,-26,-196,6656,-22528,-20737,6887,-1284,29358,1024,1024,1024,
29,15074560,-15372,-5100,448,29,-21,-185,5632,-22016,-21249,-12986,23260,24141,1024,1024,1024,
29,417727744,-15400,-5260,360,-4,-21,-189,5888,-22272,-22017,27134,-5291,18713,1024,1024,1024,
29,837158144,-15332,-5112,444,40,-40,-196,6656,-22016,-20737,18676,22676,5979,1024,1024,1024,
29,1239811328,-15396,-5212,480,-2,-46,-207,6656,-23040,-19713,3881,-3699,-25219,1024,1024,1024,
29,1659241728,-15448,-5136,436,15,-9,-203,5632,-22528,-21249,-29793,-30989,-14945,1024,1024,1024,
29,2045117696,-15296,-5188,320,21,-22,-199,5376,-22272,-19969,24876,-12025,18773,1024,1024,1024,
29,2464548096,-15516,-5156,308,2,-21,-181,7168,-20992,-20737,15019,30565,24655,1024,1024,1024,
29,2883978496,-15296,-5204,524,38,-9,-209,6656,-21504,-21249,-24140,-12938,-26125,1024,1024,1024,
29,3286631680,-15504,-5132,360,17,-21,-188,5888,-22272,-22017,-17893,-4481,-29386,1024,1024,1024,
29,3706062080,-15392,-5208,280,-36,-24,-193,5376,-23296,-21505,-10187,-21290,10613,1024,1024,1024,
29,4091938048,-15552,-5084,444,-24,-24,-196,4864,-22784,-20481,-31536,-1377,-25718,1024,1024,1024,
29,216466688,-15436,-5144,364,35,-11,-216,6656,-21504,-21249,8321,-24625,-9967,1024,1024,1024,
29,619119872,-15532,-5240,264,13,-26,-203,5632,-22528,-20737,2297,21522,11091,1024,1024,1024,
29,1038550272,-15368,-5216,484,-4,4,-200,4608,-20480,-21249,-31222,5847,-17002,1024,1024,1024,
29,1457980672,-15408,-5188,312,10,-43,-210,6400,-21760,-20481,22075,-658,-7038,1024,1024,1024,
29,1843856640,-15472,-5160,368,12,-27,-206,5120,-21504,-19713,-17898,7804,-25413,1024,1024,1024,
29,2263287040,-15288,-5260,384,-11,-21,-196,4608,-22016,-22273,-13947,24825,21895,1024,1024,1024,
29,2665940224,-15396,-5208,328,15,-26,-196,6656,-22016,-21249,-12349,14450,4170,1024,1024,1024,
29,3085370624,-15388,-5172,392,41,-31,-203,6144,-22016,-21249,12146,-23065,31555,1024,1024,1024,
29,3488023808,-15300,-5280,344,10,-22,-174,4608,-20992,-21761,16654,19145,9812,1024,1024,1024,
29,3890676992,-15400,-5184,324,18,13,-207,5632,-22016,-20225,5223,8467,7842,1024,1024,1024,
29,15205632,-15364,-5180,416,6,-39,-203,5376,-21760,-19969,-13800,7733,27173,1024,1024,1024,
29,417858816,-15272,-5204,372,20,-34,-205,5888,-22784,-19969,-715,22350,-31627,1024,1024,1024,
29,837289216,-15504,-5164,452,47,-41,-188,6400,-22784,-21505,9406,-5116,10660,1024,1024,1024,
29,1239942400,-15456,-5152,512,14,-29,-196,5888,-21760,-20481,-28595,18295,9404,1024,1024,1024,
29,1659372800,-15468,-5192,320,97,-16,-200,5632,-20992,-20737,27074,4077,17869,1024,1024,1024,
29,2045248768,-15516,-5176,480,41,10,-186,4864,-22784,-20993,18839,-25331,-11205,1024,1024,1024,
29,2464679168,-15432,-5196,320,0,-28,-193,7424,-21760,-21505,4856,-27508,1958,1024,1024,1024,
29,2884109568,-15416,-5064,364,52,-13,-192,5888,-21248,-22017,25662,-6540,1128,1024,1024,1024,
29,3286762752,-15416,-5244,180,21,-16,-212,5888,-23296,-20481,-3559,26905,14223,1024,1024,1024,
29,3706193152,-15336,-5244,376,23,-35,-217,4608,-21504,-20225,17458,-5382,-2139,1024,1024,1024,
29,4092069120,-15476,-5324,268,43,-21,-206,5632,-23040,-21761,-26178,-23851,30112,1024,1024,1024,
29,216597760,-15388,-5208,416,24,-45,-176,7424,-22784,-21505,-25761,8085,-26349,1024,1024,1024,
29,619250944,-15472,-5168,428,32,-52,-185,6656,-21504,-20225,13834,-32615,-17075,1024,1024,1024,
29,1038681344,-15508,-5220,432,26,-9,-214,5888,-20736,-21505,14210,28819,3773,1024,1024,1024,
29,1458111744,-15400,-5080,340,-5,-34,-199,5632,-22528,-20737,-15117,-10525,-552,1024,1024,1024,
29,1843987712,-15428,-5288,368,48,-2,-200,5888,-22272,-20481,-22737,-30536,28947,1024,1024,1024,
29,2263418112,-15408,-5112,392,19,-9,-203,5888,-23296,-20481,27820,23256,21956,1024,1024,1024,
29,2666071296,-15428,-5204,472,50,-10,-199,5888,-21760,-21505,-3033,-11393,-8256,1024,1024,1024,
29,3085501696,-15440,-5252,276,-16,-25,-206,6656,-21504,-20737,-6845,-13841,6709,1024,1024,1024,
29,3488154880,-15420,-5156,380,13,-14,-192,5888,-21248,-20481,-10801,14543,24468,1024,1024,1024,
29,3890808064,-15492,-5192,396,13,-7,-202,5888,-21760,-20993,15210,-6169,6124,1024,1024,1024,
29,15336704,-15336,-5288,440,-4,-19,-192,6400,-22272,-21505,-20608,4128,-9756,1024,1024,1024,
29,417989888,-15396,-5232,308,11,-25,-186,7168,-22528,-21761,-20224,-29879,31075,1024,1024,1024,
29,837420288,-15372,-5168,400,43,-34,-193,5888,-20224,-20993,12036,-2659,16584,1024,1024,1024,
29,1240073472,-15384,-5172,396,37,17,-209,5632,-23040,-20737,-14096,-21005,-16228,1024,1024,1024,
29,1642726656,-15456,-5184,312,-6,-29,-180,5888,-22272,-20481,-11119,-20791,-24531,1024,1024,1024,
29,2045379840,-15440,-5180,312,21,-26,-201,4864,-22784,-20481,30127,-1308,-12646,1024,1024,1024,
29,2464810240,-15432,-5176,360,62,-10,-198,5376,-22784,-21505,-28115,26586,27414,1024,1024,1024,
29,2884240640,-15456,-5212,344,15,-46,-186,5376,-22784,-21505,-19693,-16345,-8614,1024,1024,1024,
29,3286893824,-15512,-5216,480,45,-16,-206,6400,-22272,-21505,-24806,-2683,-25263,1024,1024,1024,
29,3706324224,-15444,-5192,392,14,-46,-197,6144,-22528,-20737,-12804,-3574,9781,1024,1024,1024,
29,4092200192,-15452,-5180,428,18,-19,-181,3328,-21248,-20993,9344,-31746,-25929,1024,1024,1024,
29,216728832,-15408,-5244,312,70,-25,-195,5376,-22272,-20481,-30879,-2766,-10070,1024,1024,1024,
29,619382016,-15324,-5192,468,-9,-46,-200,4096,-22528,-20737,11012,-9896,14927,1024,1024,1024,
29,1038812416,-15400,-5128,300,31,-34,-195,5888,-21760,-21505,-8142,6442,18954,1024,1024,1024,
29,1458242816,-15368,-5172,452,3,-12,-192,5632,-21504,-21761,9334,29883,32740,1024,1024,1024,
29,1844118784,-15436,-5168,500,17,-20,-203,6144,-22528,-21249,-19844,-27605,10044,1024,1024,1024,
29,2263549184,-15468,-5280,456,-20,-43,-185,5888,-21760,-20993,7441,1630,-18397,1024,1024,1024,
29,2666202368,-15360,-5272,532,42,-7,-199,5376,-21248,-21505,-20678,8088,25790,1024,1024,1024,
29,3085632768,-15408,-5220,380,40,-29,-186,6400,-22272,-21505,-12027,-11996,-14597,1024,1024,1024,
29,3488285952,-15340,-5188,220,73,-45,-200,5632,-21504,-22273,13311,29805,-4910,1024,1024,1024,
29,3890939136,-15308,-5196,260,23,-13,-208,6144,-22016,-21249,28900,-6892,-24077,1024,1024,1024,
29,15467776,-15468,-5224,380,54,-42,-199,6656,-22016,-20225,28851,-11484,3600,1024,1024,1024,
29,418120960,-15376,-5104,440,14,-5,-194,6400,-22784,-20993,-7407,-29436,-30285,1024,1024,1024,
29,837551360,-15384,-5232,336,7,-17,-198,4352,-22272,-20993,-12091,-7014,24603,1024,1024,1024,
29,1240204544,-15548,-5312,376,25,-23,-197,5888,-21760,-20993,-12448,-16841,11090,1024,1024,1024,
29,1659634944,-15424,-5148,480,31,-12,-193,6400,-22272,-20993,22596,-21350,20629,1024,1024,1024,
29,2045510912,-15500,-5140,328,11,-25,-198,6656,-21504,-21249,13363,12373,24869,1024,1024,1024,
29,2464941312,-15320,-5108,412,8,-27,-199,5120,-23040,-21249,1059,19271,-4884,1024,1024,1024,
29,2884371712,-15436,-5168,468,-3,-20,-190,4864,-21760,-20993,-19967,30513,1755,1024,1024,1024,
29,3287024896,-15504,-5144,360,50,-21,-195,5888,-22272,-19457,21215,28699,16994,1024,1024,1024,
29,3706455296,-15356,-5196,436,34,-17,-191,6144,-22528,-20737,29443,4977,7883,1024,1024,1024,
29,4092331264,-15504,-5284,488,27,-35,-223,5120,-22528,-21761,-12105,20620,25649,1024,1024,1024,
29,216859904,-15388,-5160,364,69,-37,-185,6400,-21248,-21505,6584,16533,17246,1024,1024,1024,
29,619513088,-15380,-5220,324,28,-35,-187,6656,-22016,-21249,-30808,-20084,1487,1024,1024,1024,
29,1038943488,-15396,-5272,372,68,-10,-195,6400,-21760,-20993,2448,2866,-21701,1024,1024,1024,
29,1458373888,-15308,-5224,272,14,-37,-196,6144,-22016,-21249,20926,25481,-29147,1024,1024,1024,
29,1844249856,-15320,-5220,444,12,-6,-193,5120,-23040,-20737,-15690,23367,-13322,1024,1024,1024,
29,2263680256,-15448,-5184,376,62,-20,-208,5120,-21504,-21249,-26125,15916,1252,1024,1024,1024,
29,2666333440,-15436,-5212,400,45,8,-202,5632,-22528,-19713,20198,8759,30081,1024,1024,1024,
29,3085763840,-15356,-5212,388,24,-42,-208,4864,-20736,-19969,-15822,-29957,-5649,1024,1024,1024,
29,3488417024,-15448,-5168,424,29,-48,-174,5120,-22016,-21249,27454,1369,-11455,1024,1024,1024,
29,3907847424,-15336,-5192,444,38,-32,-208,6144,-21504,-20737,1498,20328,-30993,1024,1024,1024,
29,15598848,-15372,-5164,420,28,-15,-211,6400,-23296,-20993,14620,-27536,-9303,1024,1024,1024,
29,418252032,-15540,-5152,308,52,-41,-203,4608,-21504,-20225,-8406,-9023,13967,1024,1024,1024,
29,837682432,-15388,-5208,412,16,-16,-211,5376,-20224,-19969,-26353,14345,-30398,1024,1024,1024,
29,1240335616,-15384,-5128,580,-34,-39,-213,6400,-22272,-20993,-8944,28118,-12603,1024,1024,1024,
29,1659766016,-15364,-5272,328,18,-39,-204,5120,-22528,-20737,4509,-26606,26685,1024,1024,1024,
29,2045641984,-15472,-5196,256,5,-8,-209,5888,-22272,-19969,21701,6015,19082,1024,1024,1024,
29,2465072384,-15420,-5196,124,19,-34,-194,5376,-22272,-20993,-7058,-24194,-6134,1024,1024,1024,
29,2884502784,-15436,-5192,384,43,-31,-204,6656,-21504,-21761,8475,-22786,1356,1024,1024,1024,
29,3287155968,-15368,-5192,344,25,-25,-208,5120,-22016,-19713,27595,-25585,15103,1024,1024,1024,
29,3706586368,-15480,-5236,344,37,-9,-190,6912,-22272,-21505,31653,23005,1970,1024,1024,1024,
29,4092462336,-15384,-5136,288,40,-23,-190,6400,-21248,-19969,27909,15218,29899,1024,1024,1024,
29,216990976,-15488,-5212,304,29,-34,-184,5376,-21248,-20993,3964,19743,27035,1024,1024,1024,
29,619644160,-15368,-5156,312,5,-24,-196,5632,-23040,-20225,730,29325,23802,1024,1024,1024,
29,1039074560,-15452,-5204,364,50,-34,-190,6400,-22272,-20993,30867,-14745,-19245,1024,1024,1024,
29,1458504960,-15456,-5160,432,10,-19,-201,5888,-21248,-19457,-19492,17379,-17871,1024,1024,1024,
29,1844380928,-15448,-5176,504,82,-18,-197,5376,-23296,-21505,-32391,18984,21885,1024,1024,1024,
29,2263811328,-15388,-5268,408,3,-2,-204,5120,-22528,-21761,22809,-16903,-13936,1024,1024,1024,
29,2666464512,-15488,-5152,368,25,-35,-200,6400,-21760,-22017,15511,-21442,9897,1024,1024,1024,
29,3085894912,-15472,-5268,400,55,-43,-222,5632,-22016,-21761,26389,-9958,21090,1024,1024,1024,
29,3488548096,-15340,-5260,532,62,-41,-194,5888,-22784,-20481,30153,-18251,-24269,1024,1024,1024,
29,3891201280,-15504,-5196,324,38,-17,-217,6400,-22272,-21505,16385,-15182,-22143,1024,1024,1024,
29,15729920,-15368,-5200,420,31,-16,-179,5632,-21504,-20737,-4261,-1865,22287,1024,1024,1024,
29,418383104,-15456,-5196,372,32,-46,-190,5376,-21248,-21505,-3893,-11552,-28916,1024,1024,1024,
29,837813504,-15460,-5172,380,57,-38,-212,5632,-20480,-19713,-6549,-24323,-11668,1024,1024,1024,
29,1240466688,-15508,-5248,364,66,-51,-205,5888,-20736,-20993,-10120,24482,-16116,1024,1024,1024,
29,1659897088,-15464,-5060,428,29,-34,-208,5632,-22016,-20737,5302,-2889,-12279,1024,1024,1024,
29,2045773056,-15380,-5200,204,51,-34,-208,6400,-22784,-19969,-25527,6410,-29823,1024,1024,1024,
29,2465203456,-15428,-5160,256,45,-41,-197,6144,-22528,-20225,-8655,-28495,26821,1024,1024,1024,
29,2884633856,-15452,-5276,316,16,-22,-201,6400,-22784,-20481,14554,-20260,26318,1024,1024,1024,
29,3287287040,-15440,-5080,256,15,-31,-184,5632,-22016,-21249,-19683,24265,-22453,1024,1024,1024,
29,3706717440,-15452,-5120,492,39,-9,-193,6144,-22528,-21249,31427,-4162,21555,1024,1024,1024,
29,4092593408,-15420,-5220,372,-14,-34,-206,5888,-22272,-22017,-26881,-7598,8081,1024,1024,1024,
29,217122048,-15488,-5216,416,92,4,-206,5632,-22528,-20737,-25357,-20110,-15598,1024,1024,1024,
29,619775232,-15404,-5176,528,29,-30,-191,5120,-21504,-21761,25875,5690,-3658,1024,1024,1024,
29,1039205632,-15416,-5136,344,49,-22,-191,5376,-22272,-22529,2204,-3168,-19750,1024,1024,1024,
29,1458636032,-15408,-5232,324,27,-50,-192,6912,-22784,-20993,9148,-11346,-2824,1024,1024,1024,
29,1844512000,-15404,-5216,268,65,-31,-190,5632,-21504,-20737,-32178,27654,21161,1024,1024,1024,
29,2263942400,-15472,-5208,308,20,-9,-214,7424,-23296,-20993,10305,-31329,6419,1024,1024,1024,
29,2666595584,-15400,-5112,216,7,-33,-195,5632,-21504,-21249,-5003,4499,31457,1024,1024,1024,
29,3086025984,-15396,-5208,488,-9,5,-203,7680,-22528,-20225,-22648,-6690,32051,1024,1024,1024,
29,3488679168,-15440,-5128,268,30,-16,-214,4864,-22272,-20993,-32695,-12772,11925,1024,1024,1024,
29,3908109568,-15448,-5148,228,51,-31,-208,5376,-21248,-20993,-5760,-3246,-13738,1024,1024,1024,
29,15860992,-15368,-5244,332,9,-40,-212,5888,-21760,-22017,29052,21848,23136,1024,1024,1024,
29,418514176,-15376,-5164,324,47,-56,-205,6144,-22016,-21761,-25495,15953,29934,1024,1024,1024,
29,837944576,-15284,-5260,304,48,-34,-199,5376,-21760,-20993,-2318,14678,-31362,1024,1024,1024,
29,1240597760,-15464,-5224,312,30,5,-222,6144,-22528,-20737,-27390,21465,-30896,1024,1024,1024,
29,1660028160,-15348,-5172,500,27,-1,-211,6144,-22016,-20737,8181,19101,-9183,1024,1024,1024,
29,2045904128,-15408,-5216,564,-11,-26,-200,5632,-21504,-19713,8163,-25852,-20468,1024,1024,1024,
29,2465334528,-15472,-5160,464,44,-28,-206,6144,-22016,-20737,338,-10300,12942,1024,1024,1024,
29,2884764928,-15388,-5132,252,-12,-52,-201,5376,-22784,-19969,-11806,29059,6202,1024,1024,1024,
29,3287418112,-15420,-5228,428,57,-54,-223,6400,-20736,-20993,16280,-13875,21480,1024,1024,1024,
29,3706848512,-15376,-5144,396,49,-27,-208,5376,-22272,-22017,-4677,-15802,12547,1024,1024,1024,
29,4092724480,-15396,-5240,496,8,-46,-210,4864,-21760,-20993,27275,-24607,3377,1024,1024,1024,
29,217253120,-15440,-5208,332,19,-27,-216,6400,-21760,-19969,14390,-25911,4189,1024,1024,1024,
29,619906304,-15472,-5112,296,40,-19,-188,5120,-20992,-20225,144,-20685,-8734,1024,1024,1024,
29,1039336704,-15520,-6264,332,-22,-176,-273,5632,-22016,-21249,-12044,27045,-27243,1024,1024,1024,
29,1458767104,-15324,-5012,532,-39,-122,-179,6400,-23296,-22017,28931,-14350,30236,1024,1024,1024,
29,1844643072,-15216,-5188,524,52,-37,-159,5888,-22784,-20993,-831,7053,-30704,1024,1024,1024,
29,2264073472,-15392,-5216,452,39,-90,-192,6400,-21760,-20993,-6108,-13132,-10743,1024,1024,1024,
29,2666726656,-15400,-5160,468,50,-22,-193,6400,-22784,-18945,-26036,3195,8817,1024,1024,1024,
29,3086157056,-15464,-5144,420,50,-18,-195,5632,-21504,-20737,-9137,26458,-28426,1024,1024,1024,
29,3488810240,-15348,-5184,392,15,-40,-227,4608,-20480,-20225,-21803,-22237,-13086,1024,1024,1024,
29,3891463424,-15548,-5268,232,58,7,-183,5376,-20224,-22017,15656,-9142,-26707,1024,1024,1024,
29,15992064,-15344,-5200,260,114,85,-225,4608,-22528,-20737,30287,2649,-32749,1024,1024,1024,
29,418645248,-15448,-5216,384,-3,-3,-171,6144,-21504,-21761,-5778,-7936,-5806,1024,1024,1024,
29,838075648,-15376,-5196,440,69,-15,-191,5120,-23040,-21249,15734,18594,-18137,1024,1024,1024,
29,1240728832,-15388,-5184,544,43,-33,-193,5888,-21760,-19969,19347,23201,18539,1024,1024,1024,
29,1643382016,-15396,-5148,272,39,6,-168,5888,-21760,-20993,-24191,11195,-16126,1024,1024,1024,
29,2046035200,-15336,-5228,256,25,-32,-192,5888,-21760,-20481,861,1684,-24309,1024,1024,1024,
29,2465465600,-15396,-5108,484,13,-14,-201,5376,-23296,-19969,-6506,-19940,-6747,1024,1024,1024,
29,2884896000,-15400,-5268,352,33,-30,-209,6144,-22016,-20737,28130,-11669,2132,1024,1024,1024,
29,3287549184,-15392,-5048,364,13,-53,-215,5120,-22528,-21761,-4731,27459,19985,1024,1024,1024,
29,3706979584,-15564,-5416,392,4,-42,-194,5120,-21504,-19201,2150,3582,22895,1024,1024,1024,
29,4092855552,-15360,-5240,344,80,5,-193,6144,-22016,-20737,22843,-30910,-24940,1024,1024,1024,
29,217384192,-15396,-5168,320,22,-30,-199,5888,-21760,-19969,11393,-31844,-31213,1024,1024,1024,
29,620037376,-15400,-5196,336,71,-15,-192,5376,-22272,-19457,21215,-2430,29935,1024,1024,1024,
29,1039467776,-15544,-4896,440,-17,-18,-309,5888,-22272,-20993,15104,-17446,2964,1024,1024,1024,
29,1458898176,-15464,-5216,540,64,1,-158,6144,-22016,-20737,18377,-26301,1620,1024,1024,1024,
29,1844774144,-15524,-5120,520,-2,-71,-197,6144,-22016,-19713,-25373,-24331,23628,1024,1024,1024,
29,2264204544,-15464,-5208,508,66,3,-201,7424,-22784,-19969,20021,-18852,30362,1024,1024,1024,
29,2666857728,-15396,-5188,432,19,-11,-193,5888,-21760,-20993,21007,-21561,-22572,1024,1024,1024,
29,3086288128,-15404,-5224,420,22,3,-207,6144,-21504,-20225,26946,13770,5425,1024,1024,1024,
29,3488941312,-15368,-5248,292,28,-23,-203,5888,-21248,-20481,27494,16514,-14247,1024,1024,1024,
29,3891594496,-15592,-5232,388,50,-58,-162,6656,-22016,-21249,24952,-11600,-13560,1024,1024,1024,
29,16123136,-15596,-5180,280,39,111,-167,5888,-22272,-19969,5901,5097,-8588,1024,1024,1024,
29,418776320,-15492,-5284,376,32,34,-203,6912,-21248,-20481,-18879,4114,16740,1024,1024,1024,
29,838206720,-15372,-5276,328,29,81,-167,4352,-21760,-20481,-11468,-23181,15649,1024,1024,1024,
29,1240859904,-15388,-5216,240,54,-33,-217,5888,-20736,-20993,-28371,-14805,-7840,1024,1024,1024,
29,1643513088,-15376,-5152,292,36,19,-208,5376,-23296,-19969,6030,10106,-31210,1024,1024,1024,
29,2046166272,-15492,-5268,348,40,3,-211,6400,-21760,-20481,8429,-6490,-12561,1024,1024,1024,
29,2465596672,-15436,-5116,392,12,-79,-221,5120,-21504,-21249,24508,-5640,19219,1024,1024,1024,
29,2885027072,-15252,-5212,572,-27,-41,-183,6400,-22272,-21505,-28806,6622,27782,1024,1024,1024,
29,3287680256,-15208,-5136,420,15,-35,-195,5632,-22528,-19713,8937,13641,-1467,1024,1024,1024,
29,3707110656,-15480,-5212,408,15,-82,-204,6400,-20736,-21505,-31389,-15482,-19764,1024,1024,1024,
29,4092986624,-15384,-5192,276,47,-33,-225,5632,-21504,-20225,4724,-20065,-8409,1024,1024,1024,
29,217515264,-15368,-5204,368,12,-19,-202,6400,-21760,-22529,-26079,-28402,14357,1024,1024,1024,
29,620168448,-15344,-5148,556,19,-1,-206,6656,-22528,-20737,14139,-15707,3846,1024,1024,1024,
29,1039598848,-15400,-5204,300,-8,-23,-190,7168,-22016,-20225,-556,-29513,-8107,1024,1024,1024,
29,1459029248,-15384,-5140,384,54,-46,-192,5888,-22784,-20993,3851,21209,-2291,1024,1024,1024,
29,1844905216,-15312,-5268,416,17,-43,-219,5120,-22528,-21761,13276,-3993,6707,1024,1024,1024,
29,2264335616,-15360,-5284,472,23,-32,-208,5888,-21760,-19969,18952,7842,21211,1024,1024,1024,
29,2666988800,-15320,-5124,572,42,-26,-216,5888,-23808,-19457,30427,28332,-24591,1024,1024,1024,
29,3086419200,-15468,-5124,324,36,-22,-191,5376,-21248,-20481,10809,-16719,27307,1024,1024,1024,
29,3489072384,-15392,-5248,488,84,-39,-205,5888,-22272,-20993,18101,26551,-5872,1024,1024,1024,
29,3891725568,-15420,-5120,372,19,-52,-233,5632,-21504,-20225,-18530,-28134,-29127,1024,1024,1024,
29,16254208,-15268,-5260,392,29,66,-168,5632,-23040,-21249,-14377,-25306,12852,1024,1024,1024,
29,418907392,-15356,-5228,540,-5,72,-136,6400,-21248,-19457,-18292,-32709,8792,1024,1024,1024,
29,838337792,-15404,-5092,352,10,-3,-224,5632,-21504,-21249,29373,-25327,-10786,1024,1024,1024,
29,1240990976,-15348,-5268,484,85,54,-143,6144,-22528,-19201,5508,-16617,5221,1024,1024,1024,
29,1660421376,-15200,-5316,432,71,-196,-334,5120,-23552,-20737,-19856,30897,520,1024,1024,1024,
29,2046297344,-15384,-5332,624,-26,-36,-53,5376,-21760,-20993,32706,-1637,22535,1024,1024,1024,
29,2465727744,-14752,-5444,892,-219,62,286,5632,-20480,-20737,32131,28106,-18566,1024,1024,1024,
29,2885158144,-14704,-6872,352,-779,0,-352,5888,-21760,-20993,-16677,19296,-8376,1024,1024,1024,
29,3287811328,-15804,-4600,364,-1350,-714,-221,5632,-23040,-21249,-30029,-30344,-19125,1024,1024,1024,
29,3707241728,-14688,-4856,1368,1380,2076,-270,5888,-22272,-20993,-797,-17529,-20583,1024,1024,1024,
29,4093117696,-15652,-5016,908,831,129,-302,6144,-20480,-20225,1168,-17444,5315,1024,1024,1024,
29,217646336,-15400,-4852,364,169,-293,-411,5888,-21248,-21505,-12825,9875,-15866,1024,1024,1024,
29,620299520,-15088,-5052,596,-147,-607,-274,6144,-22016,-21249,-18458,-1102,3438,1024,1024,1024,
29,1039729920,-15716,-5064,-212,-42,182,-259,6144,-22016,-20737,-9730,-12023,21009,1024,1024,1024,
29,1459160320,-15436,-5284,412,-38,284,-161,5376,-21760,-21505,5983,8481,-20723,1024,1024,1024,
29,1845036288,-15388,-4784,572,12,-64,-266,5888,-22272,-19969,6432,18463,-20662,1024,1024,1024,
29,2264466688,-15472,-5136,408,36,-42,-217,4352,-21760,-20993,-20381,-9536,8888,1024,1024,1024,
29,2667119872,-15268,-5452,400,-63,-242,-236,6144,-21504,-21249,-23882,-32430,-12617,1024,1024,1024,
29,3086550272,-15332,-5444,568,821,-33,-596,6144,-22528,-20737,-5914,32440,-15590,1024,1024,1024,
29,3489203456,-15252,-5044,572,180,-276,-467,7168,-23040,-20225,-29343,-602,-16993,1024,1024,1024,
29,3891856640,-15532,-5180,204,-1235,-323,-185,5888,-22272,-19969,-18548,-8685,-12034,1024,1024,1024,
29,16385280,-14748,-4816,-12,-546,98,-200,5120,-22528,-21761,1905,-20118,-11594,1024,1024,1024,
29,419038464,-15728,-5024,448,-662,-110,88,6912,-22784,-20481,-9520,-20977,27469,1024,1024,1024,
29,838468864,-15540,-5124,140,130,-423,-670,6144,-22528,-21761,-12386,-18232,-5737,1024,1024,1024,
29,1241122048,-15800,-5204,4,163,-237,-471,5120,-23040,-21249,-8290,-25258,4821,1024,1024,1024,
29,1660552448,-15428,-5252,376,39,17,-193,5376,-22272,-20993,-27012,15032,19596,1024,1024,1024,
29,2046428416,-15416,-5196,304,48,-7,-188,5632,-21504,-21249,19474,-659,13222,1024,1024,1024,
29,2465858816,-15408,-5184,444,20,-16,-215,5632,-23040,-20225,-29727,28029,30808,1024,1024,1024,
29,2885289216,-15292,-5276,328,34,-62,-151,6400,-22272,-22529,14767,22288,6821,1024,1024,1024,
29,3287942400,-15348,-5320,456,25,-27,-192,7424,-22784,-21505,-31681,-6662,9350,1024,1024,1024,
29,3707372800,-15364,-5272,268,117,41,-197,5120,-20992,-21249,-25973,10512,-28798,1024,1024,1024,
29,4093248768,-15436,-5176,344,-5,32,-206,5888,-22272,-22529,11707,5027,24956,1024,1024,1024,
29,217777408,-15456,-5172,496,20,-6,-195,6656,-22528,-21249,-4534,-6473,9542,1024,1024,1024,
29,620430592,-13904,-6912,364,623,-3003,-2273,5376,-23296,-22529,-14770,19990,18040,1024,1024,1024,
29,1039860992,-15584,-5280,-2676,3094,207,38,5632,-21504,-21249,-19354,14200,25664,1024,1024,1024,
29,1459291392,-15424,-5332,1336,2649,472,70,5376,-21248,-21505,-2729,-15328,-19998,1024,1024,1024,
29,1845167360,-16956,-4788,-1328,1778,1135,286,5632,-22528,-21249,-32548,-29797,3914,1024,1024,1024,
29,2264597760,-15716,-4328,356,1140,633,-321,6144,-22528,-20737,29604,25133,19859,1024,1024,1024,
29,2667250944,-15448,-5136,452,-116,-29,-390,5632,-21504,-20225,12755,-13524,19982,1024,1024,1024,
29,3086681344,-15652,-5440,308,-171,490,370,6400,-21248,-20481,16252,-23424,-7795,1024,1024,1024,
29,3489334528,-15636,-5160,884,-361,-2501,-2920,4864,-23296,-20993,-26128,28110,14462,1024,1024,1024,
29,3891987712,-14284,-6168,308,306,344,-363,5888,-23296,-19457,-25539,31364,13047,1024,1024,1024,
29,16516352,-15896,-5316,644,-109,-170,-184,6656,-20992,-19713,14559,-3287,10624,1024,1024,1024,
29,419169536,-15364,-5180,448,13,20,-139,6400,-23296,-20993,-14941,-6920,32286,1024,1024,1024,
29,838599936,-15432,-5260,292,19,8,-195,6144,-22528,-20225,-17067,-16701,4073,1024,1024,1024,
29,1241253120,-15368,-5252,568,14,3,-184,6400,-22784,-20481,17465,18967,32325,1024,1024,1024,
29,1643906304,-15340,-5252,512,48,-29,-204,6912,-22272,-20993,-15200,-31584,12272,1024,1024,1024,
29,2046559488,-15396,-5340,544,33,-21,-208,5888,-22784,-20993,31065,-29912,3557,1024,1024,1024,
29,2465989888,-15284,-5336,384,18,-6,-182,6400,-22784,-20993,26116,-5334,15843,1024,1024,1024,
29,2885420288,-15424,-5340,484,3,-22,-200,7168,-23040,-21249,-12312,11525,-7204,1024,1024,1024,
29,3288073472,-15296,-5328,280,51,-13,-200,5376,-23808,-20481,-18972,-23872,-2802,1024,1024,1024,
29,3707503872,-15296,-5244,432,9,17,-185,6912,-21248,-20993,2845,-8594,-24478,1024,1024,1024,
29,4093379840,-15328,-5292,480,34,-37,-199,6656,-23040,-20225,6425,-8265,5673,1024,1024,1024,
29,217908480,-15268,-5336,344,62,-41,-203,6144,-21504,-19713,-31194,-16175,-4365,1024,1024,1024,
29,620561664,-15388,-5312,376,49,-14,-201,7168,-21504,-20737,-17316,-7077,-14642,1024,1024,1024,
29,1039992064,-15460,-5320,492,33,-33,-199,6400,-21760,-19457,-23225,-1765,5058,1024,1024,1024,
29,1459422464,-15408,-5308,452,75,-15,-203,4608,-20992,-20737,-6303,-17208,-28655,1024,1024,1024,
29,1845298432,-15360,-5268,492,29,12,-199,5888,-20736,-21505,-11748,21079,-28844,1024,1024,1024,
29,2264728832,-15300,-5244,420,24,-23,-202,6144,-23552,-19713,28476,-27759,8127,1024,1024,1024,
29,2667382016,-15356,-5284,288,18,-56,-203,5888,-21760,-21505,-7782,-5961,-397,1024,1024,1024,
29,3086812416,-15484,-5260,508,82,-16,-205,5632,-22528,-21249,-8110,-14894,29977,1024,1024,1024,
29,3489465600,-15456,-5332,264,88,-55,-213,6912,-22272,-19969,-32760,-23905,32397,1024,1024,1024,
29,3892118784,-15468,-5420,408,-10,100,-182,7424,-21760,-20993,-22582,26883,-31412,1024,1024,1024,
29,16647424,-15188,-5232,552,15,-53,-201,6400,-22784,-21505,-8622,1178,-14112,1024,1024,1024,
29,419300608,-15496,-5352,268,25,-69,-227,6144,-20992,-20737,3988,-566,-30832,1024,1024,1024,
29,838731008,-15348,-5292,328,-7,-21,-214,4864,-23808,-21505,-29437,-8717,12314,1024,1024,1024,
29,1241384192,-15384,-5292,340,9,0,-186,6912,-22272,-20481,-16334,-16398,22113,1024,1024,1024,
29,1644037376,-15376,-5340,476,-5,-10,-230,5888,-21760,-21505,-15126,-3275,21869,1024,1024,1024,
29,2046690560,-15376,-5288,424,65,-34,-183,5888,-23296,-19969,15545,19359,28576,1024,1024,1024,
29,2466120960,-15388,-5304,484,-12,-10,-205,6912,-22272,-20993,15225,-16309,8790,1024,1024,1024,
29,2885551360,-15272,-5292,432,7,-32,-214,6144,-21504,-19713,-2670,27640,-23034,1024,1024,1024,
29,3288204544,-15292,-5312,580,52,16,-187,5888,-22784,-20481,-8146,-23196,21198,1024,1024,1024,
29,3707634944,-15268,-5336,356,27,-45,-183,5632,-22528,-21761,-24139,5055,9455,1024,1024,1024,
29,4093510912,-15408,-5332,324,25,-27,-208,7168,-22016,-20737,-322,-28427,-11440,1024,1024,1024,
29,218039552,-15376,-5344,520,19,3,-215,5120,-22528,-21761,17121,-28125,-16088,1024,1024,1024,
29,620692736,-15220,-5288,380,29,-22,-250,4864,-22272,-20481,16754,-6041,-4214,1024,1024,1024,
29,1040123136,-15780,-5460,616,19,16,-142,7168,-23040,-20225,2125,-23918,12413,1024,1024,1024,
29,1459553536,-15196,-5312,356,28,-42,-229,7168,-22528,-20737,-29530,376,-26453,1024,1024,1024,
29,1845429504,-15200,-5304,440,72,-44,-189,6656,-23040,-21249,-27033,-7512,10913,1024,1024,1024,
29,2264859904,-15688,-5452,436,62,-16,-204,7168,-23552,-20225,24317,450,-27741,1024,1024,1024,
29,2667513088,-15064,-5204,464,32,-12,-208,6912,-21248,-19969,21940,-5056,4203,1024,1024,1024,
29,3086943488,-15444,-5340,360,28,-40,-208,6400,-22784,-20481,3506,-10690,14125,1024,1024,1024,
29,3489596672,-15228,-5328,456,39,-14,-182,5632,-23040,-21249,-24287,-23546,-25286,1024,1024,1024,
29,3892249856,-15492,-5296,412,13,-25,-198,6912,-22272,-19969,-4585,17982,-10608,1024,1024,1024,
29,1536,-15364,-5292,460,31,-47,-212,6144,-22016,-21761,13312,13242,10760,1024,1024,1024,
29,402654720,-15344,-5328,428,19,-6,-193,5632,-23552,-21249,10337,-15874,7492,1024,1024,1024,
29,822085120,-15456,-5372,564,12,-14,-201,6144,-22016,-20225,8342,8444,-15246,1024,1024,1024,
29,1224738304,-15356,-5236,380,41,-57,-213,6144,-22528,-20737,-17172,-15018,-18955,1024,1024,1024,
29,1627391488,-15476,-5280,516,53,-8,-208,6912,-21760,-19457,-219,32547,-24288,1024,1024,1024,
29,2030044672,-16184,-5460,344,-22,-53,-224,5632,-23040,-19713,-9816,-11398,8342,1024,1024,1024,
29,2449475072,-14860,-5124,276,54,233,-186,6144,-21504,-20225,-29003,7640,-26541,1024,1024,1024,
29,2868905472,-15536,-5476,496,19,-80,-190,6912,-21760,-20993,-29685,-16876,-18806,1024,1024,1024,
29,3271558656,-15280,-5280,320,78,-84,-205,4864,-22272,-20993,17141,10991,-3289,1024,1024,1024,
29,3674211840,-15504,-5380,500,-2,-9,-189,5632,-21504,-19713,12327,3561,-6392,1024,1024,1024,
29,4076865024,-15232,-5276,536,28,-35,-203,7424,-22784,-20993,-7290,10425,17241,1024,1024,1024,
29,201393664,-15512,-5216,388,33,-29,-189,5376,-23296,-19457,16903,9572,-31240,1024,1024,1024,
29,604046848,-15304,-5324,392,20,-16,-205,6400,-20736,-20481,-7647,5324,3019,1024,1024,1024,
29,1023477248,-15348,-5340,404,21,-22,-183,6656,-22016,-20737,-3925,5215,5648,1024,1024,1024,
29,1442907648,-15484,-5268,392,50,-10,-181,7168,-22528,-20225,15228,4254,11158,1024,1024,1024,
29,1828783616,-15228,-5256,424,64,-26,-221,6656,-21504,-21249,18969,-3593,-18328,1024,1024,1024,
29,2248214016,-15272,-5344,504,-8,-8,-214,6656,-21504,-20737,-12191,-16308,20905,1024,1024,1024,
29,2650867200,-15280,-5360,308,42,-20,-188,5632,-22528,-19713,875,4920,27740,1024,1024,1024,
29,3070297600,-15408,-5304,340,71,-19,-205,5120,-23040,-20225,-8479,11861,-28551,1024,1024,1024,
29,3472950784,-15320,-5260,488,16,-25,-201,7936,-23808,-18945,6235,15567,-31118,1024,1024,1024,
29,3875603968,-15328,-5336,520,17,-14,-201,6912,-23808,-20993,-19814,-19637,3793,1024,1024,1024,
29,132608,-15376,-5304,380,19,-21,-203,5632,-23552,-20225,25498,-7332,-12925,1024,1024,1024,
29,402785792,-15412,-5236,524,-2,-16,-187,5888,-22272,-19969,-1622,16166,6343,1024,1024,1024,
29,822216192,-15376,-5304,512,-3,-21,-202,6656,-23552,-21761,-5707,-28099,-3431,1024,1024,1024,
29,1224869376,-15408,-5348,512,21,-17,-200,6400,-22784,-20481,17477,22687,26507,1024,1024,1024,
29,1627522560,-15408,-5316,424,17,-40,-204,6400,-23296,-20993,-21485,-20443,25318,1024,1024,1024,
29,2030175744,-15312,-5336,448,18,-16,-214,6400,-22272,-19969,-20194,21620,-15398,1024,1024,1024,
29,2449606144,-15348,-5356,352,13,-37,-201,7424,-21760,-20993,14069,21300,14641,1024,1024,1024,
29,2869036544,-15416,-5288,536,3,-12,-197,5376,-22272,-19969,-29904,3771,-14998,1024,1024,1024,
29,3271689728,-15320,-5328,464,35,-33,-233,5888,-21760,-20993,-13009,28494,18278,1024,1024,1024,
29,3674342912,-15372,-5368,456,34,-3,-193,5376,-20736,-19969,15437,6206,19625,1024,1024,1024,
29,4076996096,-15280,-5208,332,42,-2,-219,7168,-23552,-20225,-18264,14569,5074,1024,1024,1024,
29,201524736,-15444,-5384,452,64,7,-194,6912,-21760,-21505,-32675,27843,-13340,1024,1024,1024,
29,604177920,-15240,-5272,568,26,-34,-212,4608,-21504,-20737,6626,131,17654,1024,1024,1024,
29,1023608320,-15320,-5340,340,8,-17,-194,6656,-24064,-21761,-19145,22630,-5974,1024,1024,1024,
29,1443038720,-15332,-5336,444,31,-9,-206,5632,-22528,-21761,-28623,-31212,11045,1024,1024,1024,
29,1828914688,-15336,-5280,496,22,-47,-208,6144,-23040,-21249,-16070,-5501,-4064,1024,1024,1024,
29,2248345088,-15420,-5336,376,39,-29,-218,5888,-23296,-20481,25738,29429,30940,1024,1024,1024,
29,2650998272,-15364,-5352,624,43,-39,-217,6400,-23296,-21505,-31433,30524,20476,1024,1024,1024,
29,3070428672,-15336,-5304,440,35,-10,-185,5120,-23552,-19713,30360,-12644,-1526,1024,1024,1024,
29,3473081856,-15372,-5340,324,-17,-35,-190,6400,-23296,-21505,25584,24642,-9721,1024,1024,1024,
29,3875735040,-15296,-5348,552,23,-28,-187,6144,-23040,-21249,11178,-11648,-4069,1024,1024,1024,
29,263680,-15252,-5260,400,27,-21,-203,6144,-22016,-21249,9530,11786,-16273,1024,1024,1024,
29,402916864,-15304,-5280,528,-5,-30,-203,6144,-22016,-20737,-7542,-3035,-13002,1024,1024,1024,
29,822347264,-15340,-5320,368,29,-24,-204,5888,-21760,-20993,-16313,5390,29601,1024,1024,1024,
29,1225000448,-15324,-5368,316,50,-9,-205,5632,-22528,-20737,-21139,-4970,8328,1024,1024,1024,
29,1627653632,-15396,-5276,304,20,-26,-193,6144,-22016,-22273,-1048,26832,1085,1024,1024,1024,
29,2030306816,-15352,-5296,356,23,-14,-233,6400,-21760,-20481,-3804,-27372,-9364,1024,1024,1024,
29,2449737216,-15408,-5384,320,4,-44,-208,7168,-22016,-22273,-19183,-32407,12004,1024,1024,1024,
29,2869167616,-15388,-5340,504,66,-10,-216,4864,-21248,-20481,-20091,14698,6590,1024,1024,1024,
29,3271820800,-15236,-5256,440,44,-35,-190,7424,-22272,-19969,-16230,27112,-15165,1024,1024,1024,
29,3674473984,-15332,-5368,404,48,-6,-212,5376,-21248,-21505,-1550,-18354,-25155,1024,1024,1024,
29,4077127168,-15376,-5348,324,68,-3,-218,5888,-21760,-20993,967,9886,-29984,1024,1024,1024,
29,201655808,-15392,-5344,364,49,-44,-207,5632,-23040,-20225,4859,21180,-31621,1024,1024,1024,
29,604308992,-15336,-5264,504,11,-39,-189,6400,-21760,-20481,15597,-20887,836,1024,1024,1024,
29,1023739392,-15380,-5284,508,19,-29,-198,5632,-23552,-19713,5529,14079,20185,1024,1024,1024,
29,1443169792,-15408,-5288,396,30,-18,-220,6400,-22784,-20993,22040,-32085,11080,1024,1024,1024,
29,1829045760,-15328,-5336,436,36,-24,-204,7168,-22016,-19713,15630,12024,18757,1024,1024,1024,
29,2248476160,-15420,-5356,420,40,-30,-222,5376,-23296,-20993,-28865,-1729,19367,1024,1024,1024,
29,2651129344,-15396,-5216,496,62,-26,-206,6656,-23040,-21249,31248,-13,24414,1024,1024,1024,
29,3070559744,-15396,-5364,468,37,-19,-185,6144,-22016,-20225,-6034,13960,22501,1024,1024,1024,
29,3473212928,-15396,-5280,552,6,-19,-194,5888,-21760,-20481,-12159,-4993,17016,1024,1024,1024,
29,3875866112,-15328,-5240,468,69,-22,-190,5888,-23808,-19969,6831,6513,829,1024,1024,1024,
29,394752,-15424,-5260,388,48,-13,-206,7168,-24064,-21761,-10219,-7842,-32221,1024,1024,1024,
29,403047936,-15396,-5360,408,50,-5,-209,6400,-22272,-21505,21564,-652,-5303,1024,1024,1024,
29,822478336,-15300,-5332,452,42,-23,-222,5120,-22528,-22785,-20582,-15064,24941,1024,1024,1024,
29,1225131520,-15380,-5308,340,0,-10,-186,6144,-23040,-20225,-30075,14805,-30562,1024,1024,1024,
29,1627784704,-15304,-5268,368,28,-52,-209,6656,-22016,-19201,-14214,25541,26397,1024,1024,1024,
29,2030437888,-15468,-5336,408,22,-18,-210,6656,-23040,-19713,25512,-5518,-30145,1024,1024,1024,
29,2449868288,-15300,-5408,332,18,-8,-202,5632,-22016,-19713,18677,-27322,13086,1024,1024,1024,
29,2869298688,-15452,-5396,456,60,-20,-208,6400,-22272,-19969,-17469,-26038,-2181,1024,1024,1024,
29,3271951872,-15380,-5380,496,43,-15,-206,7168,-23040,-21249,24021,-24499,-14327,1024,1024,1024,
29,3674605056,-15528,-5392,356,67,-34,-192,6656,-22528,-20737,-2231,-32698,-31251,1024,1024,1024,
29,4077258240,-15332,-5364,352,7,-8,-182,6144,-22528,-19713,9806,31728,-22815,1024,1024,1024,
29,201786880,-15324,-5316,640,8,-63,-207,5632,-23040,-20737,7748,16101,25826,1024,1024,1024,
29,604440064,-15348,-5340,468,-2,-18,-186,6912,-21760,-19969,27805,-29476,24253,1024,1024,1024,
