31,1450902784,-15096,-6880,-1592,-194,189,94,24064,-11264,-32001,-8852,4580,-15140,1012,1024,1024,
31,1853555968,-15028,-6732,-1796,-193,167,94,23552,-12800,-30465,-8928,2367,14524,1011,1024,1024,
31,2256209152,-15124,-6808,-1632,-184,203,94,24576,-12800,32511,30326,4612,-32618,1012,1024,1024,
31,2658862336,-14984,-6772,-1552,-179,181,84,23040,-11264,32511,5947,20489,-11416,1011,1024,1024,
31,3078292736,-15048,-6860,-1584,-194,185,81,23296,-13056,-31745,-2265,-15823,-16360,1012,1024,1024,
31,3480945920,-15120,-6844,-1712,-174,169,90,23296,-11520,-31745,-29004,-5610,-31879,1011,1024,1024,
31,3900376320,-15208,-6876,-1768,-182,171,89,23040,-10240,-30465,7664,13389,-1926,1011,1024,1024,
31,8127744,-15108,-6920,-1520,-187,178,99,23552,-11264,-30977,-14456,-10445,32646,1011,1024,1024,
31,410780928,-15096,-6828,-1608,-195,191,104,23296,-12032,-31745,5531,10840,13208,1012,1024,1024,
31,830211328,-15112,-6764,-1528,-207,177,100,23552,-12288,-32001,3009,27250,-23300,1011,1024,1024,
31,1232864512,-15120,-6856,-1568,-207,165,81,23296,-11520,-31745,-22493,-23847,-7491,1011,1024,1024,
31,1652294912,-15140,-6796,-1612,-192,189,67,22528,-11264,-30465,801,7407,-14606,1011,1024,1024,
31,2054948096,-15016,-6852,-1616,-214,175,89,24320,-12544,-31233,-12046,22066,-15854,1010,1024,1024,
31,2457601280,-15188,-6876,-1608,-187,199,105,24064,-10240,-31489,19738,-25392,-16011,1011,1024,1024,
31,2877031680,-15040,-6780,-1664,-191,202,79,23296,-12032,-31745,-31821,28158,62,1011,1024,1024,
31,3279684864,-15052,-6832,-1624,-184,174,102,25088,-11776,-32001,-25771,-1443,-27791,1011,1024,1024,
31,3699115264,-15160,-6840,-1412,-198,183,111,24576,-11264,-30977,28438,-6517,23063,1012,1024,1024,
31,4101768448,-15040,-6724,-1628,-194,202,94,23040,-12288,-30977,28294,27036,21892,1011,1024,1024,
31,209519872,-15020,-6820,-1664,-163,142,89,23296,-11520,-32257,8575,17104,9576,1011,1024,1024,
31,612173056,-15140,-6860,-1636,-185,177,81,22528,-12800,-31489,31774,-9641,-17045,1012,1024,1024,
31,1031603456,-15156,-6820,-1600,-176,174,105,23296,-12544,-31745,25164,-22455,-2144,1011,1024,1024,
31,1451033856,-15068,-6852,-1660,-182,203,79,23040,-11776,-32001,-6970,-20070,-28656,1012,1024,1024,
31,1853687040,-15148,-6876,-1484,-170,183,88,22272,-12032,-31233,-21622,-27021,26333,1011,1024,1024,
31,2256340224,-15208,-6896,-1624,-186,187,94,24064,-10752,-31489,30200,-14789,28882,1011,1024,1024,
31,2658993408,-15132,-6864,-1616,-187,173,91,23808,-11520,-31745,14768,5530,23516,1012,1024,1024,
31,3078423808,-15068,-6844,-1600,-188,184,103,23552,-10752,-32001,6770,31079,11327,1012,1024,1024,
31,3481076992,-15028,-6772,-1596,-188,199,86,23040,-11776,-32001,-27116,-27031,-12818,1011,1024,1024,
31,3900507392,-15136,-6864,-1604,-191,171,79,23808,-12544,-30721,-6750,-25335,-11606,1011,1024,1024,
31,8258816,-15080,-6732,-1632,-184,160,94,22528,-10752,-31489,-17449,15601,30090,1011,1024,1024,
31,2878735616,-15052,-6664,-1712,-172,181,96,24576,-13312,-30465,32617,4577,31082,1011,1024,1024,
31,3281388800,-14944,-6840,-1524,-197,203,92,25344,-13056,-30209,-3212,-400,10348,1011,1024,1024,
31,3700819200,-15152,-6780,-1508,-190,219,92,25856,-12544,-28673,726,22617,-28283,1011,1024,1024,
31,4086695168,-15076,-6780,-1564,-207,209,73,24832,-12544,-29185,21493,14152,9293,1011,1024,1024,
31,2039874816,-15088,-6872,-1572,-170,184,105,25600,-11264,-29441,20381,5005,15928,1011,1024,1024,
31,2459305216,-14988,-6836,-1644,-175,153,119,25600,-12800,-30465,-26659,-19191,30090,1011,1024,1024,
31,2878735616,-15052,-6664,-1712,-172,181,96,24576,-13312,-30465,32617,4577,31082,1011,1024,1024,
31,3281388800,-14944,-6840,-1524,-197,203,92,25344,-13056,-30209,-3212,-400,10348,1011,1024,1024,
31,3700819200,-15152,-6780,-1508,-190,219,92,25856,-12544,-28673,726,22617,-28283,1011,1024,1024,
31,4086695168,-15076,-6780,-1564,-207,209,73,24832,-12544,-29185,21493,14152,9293,1011,1024,1024,
31,211223808,-15076,-6756,-1524,-172,161,99,25088,-12288,-30465,-1787,30174,7447,1012,1024,1024,
31,613876992,-15176,-6924,-1512,-188,152,81,25600,-12800,-29441,5770,-6996,32183,1011,1024,1024,
31,1033307392,-15064,-6708,-1532,-189,192,82,24320,-11520,-30209,-14882,1745,16628,1011,1024,1024,
31,1452737792,-15008,-6820,-1572,-161,174,101,24064,-12800,-29441,-27184,-25819,-16151,1011,1024,1024,
31,1855390976,-15132,-6840,-1608,-190,138,109,25344,-12032,-28673,6658,11699,-498,1011,1024,1024,
31,2258044160,-15012,-6744,-1508,-189,161,87,26112,-12288,-30465,28467,-16068,25301,1011,1024,1024,
31,2660697344,-15084,-6708,-1524,-201,157,95,24320,-12544,-29697,-8252,-7041,29714,1011,1024,1024,
31,3080127744,-15088,-6752,-1524,-212,173,91,24576,-11776,-29953,2764,316,13544,1011,1024,1024,
31,3482780928,-15088,-6920,-1708,-183,193,117,24064,-12800,-28417,-20081,-15121,21075,1011,1024,1024,
31,3902211328,-14952,-6696,-1480,-210,195,75,24064,-13312,-30465,146,-20912,-27237,1011,1024,1024,
31,9962752,-15088,-6752,-1468,-176,156,87,25856,-13056,-30721,-28673,18502,-19495,1011,1024,1024,
31,412615936,-15076,-6892,-1604,-174,157,92,26112,-13824,-28417,31365,29893,-31782,1011,1024,1024,
31,832046336,-15096,-6724,-1528,-188,208,74,24320,-12544,-28161,-4663,-13345,-16676,1011,1024,1024,
31,1234699520,-15156,-6744,-1548,-181,197,92,25088,-11776,-30465,-39,9801,-18889,1011,1024,1024,
31,1654129920,-15208,-6804,-1544,-173,142,54,25344,-13568,-29697,25949,-27330,13139,1011,1024,1024,
31,2040005888,-15124,-6672,-1624,-178,151,67,24064,-11776,-30977,17069,-23949,17809,1011,1024,1024,
31,2459436288,-15060,-6964,-2000,-3103,-1042,401,25088,-13824,-29441,28752,-4898,2619,1011,1024,1024,
31,2878866688,-14884,-7040,-1236,-4925,-2038,732,24576,-12800,-30977,25339,9805,19554,1012,1024,1024,
31,3281519872,-14752,-7036,-1536,-3431,-1410,431,25856,-12032,-30209,2405,-3401,-2918,1011,1024,1024,
31,3700950272,-15120,-6772,-1428,-1179,-155,181,24064,-12288,-29953,26038,-11894,27704,1011,1024,1024,
31,4086826240,-15032,-7076,-1500,-469,43,103,24576,-13312,-30977,-21195,-26306,21908,1012,1024,1024,
31,211354880,-15132,-6856,-1560,-192,177,107,24832,-12032,-30209,8083,-22347,-25457,1012,1024,1024,
31,614008064,-15108,-6796,-1604,-201,194,93,24064,-12288,-29953,-32031,-30488,-15370,1011,1024,1024,
31,1033438464,-15100,-6840,-1564,-219,243,114,24832,-12544,-31233,28981,-24193,-22283,1012,1024,1024,
31,1452868864,-15072,-6744,-1560,-192,161,89,25088,-11264,-29953,1273,9342,-31831,1011,1024,1024,
31,1838744832,-15100,-6844,-1560,-174,175,95,25600,-13824,-30977,-10096,-215,-30,1012,1024,1024,
31,2258175232,-15092,-6816,-1628,-145,75,82,24832,-13056,-30209,-30195,25836,-29672,1012,1024,1024,
31,2660828416,-15132,-6816,-1612,-188,120,92,23808,-12032,-29697,5566,-27369,9760,1012,1024,1024,
31,3080258816,-15020,-6820,-1536,-187,190,90,24064,-11776,-28929,-18733,31782,-2383,1011,1024,1024,
31,3482912000,-14776,-6632,-1304,-204,64,133,24064,-11776,-30977,5686,-8352,14548,1011,1024,1024,
31,3902342400,-15108,-6760,-1660,-204,233,76,25088,-13312,-30465,-20125,-30846,-943,1011,1024,1024,
31,10093824,-15080,-6816,-1580,-200,196,85,23552,-12288,-30465,-10467,24434,-2776,1011,1024,1024,
31,412747008,-15056,-6740,-1412,-172,191,95,24320,-13568,-29697,-15623,-123,8866,1011,1024,1024,
31,832177408,-15064,-6828,-1552,-196,219,58,23296,-12544,-30721,28521,-21762,9006,1011,1024,1024,
31,1234830592,-15088,-6796,-1568,-188,211,82,25088,-12288,-30465,-10861,-14350,1638,1011,1024,1024,
31,1654260992,-15108,-6816,-1652,-197,222,91,23808,-12032,-30209,-11549,19732,8371,1011,1024,1024,
31,2040136960,-15124,-6816,-1696,-201,187,80,26112,-12288,-28417,2494,-11251,18696,1011,1024,1024,
31,2459567360,-15008,-6756,-1696,-200,134,114,24832,-12544,-30721,28405,-7282,14446,1010,1024,1024,
31,2878997760,-15188,-6808,-1648,-195,281,89,26368,-13568,-30721,-30099,32710,-6617,1011,1024,1024,
31,3281650944,-15076,-6712,-1512,-172,118,126,25344,-11520,-30721,-18266,18156,-128,1011,1024,1024,
31,3701081344,-15080,-6780,-1552,-183,209,78,24320,-12032,-30209,22794,-3742,4588,1012,1024,1024,
31,4086957312,-14972,-6856,-1696,-119,-197,138,25344,-13056,-30721,-9429,-482,-24966,1011,1024,1024,
31,211485952,-14796,-6784,-2416,-4663,-2453,834,25600,-11776,-30465,-167,23749,-11459,1011,1024,1024,
31,614139136,-15176,-7012,-1916,-349,276,-14,26368,-12544,-30721,26711,27020,16872,1011,1024,1024,
31,1033569536,-15096,-6800,-1736,-205,202,86,24832,-11008,-31233,-22152,-20777,15471,1011,1024,1024,
31,1452999936,-15268,-6748,-1720,-164,117,26,25344,-12544,-31745,-5254,-14258,-25120,1011,1024,1024,
31,1855653120,-14896,-6800,-1640,-227,187,133,23808,-13056,-30209,32166,26597,-22000,1012,1024,1024,
31,2258306304,-15096,-6776,-1636,-243,256,144,24576,-12800,-29953,9160,21899,27379,1011,1024,1024,
31,2660959488,-15084,-6744,-1584,-211,188,126,23552,-12288,-29953,-17573,-2327,26231,1012,1024,1024,
31,3080389888,-14964,-6884,-1652,-182,183,95,26368,-12032,-30209,-10874,-3981,13424,1011,1024,1024,
31,3483043072,-15080,-6784,-1656,-183,175,83,23296,-13568,-29697,26689,-14335,-10156,1012,1024,1024,
31,3902473472,-15060,-6884,-1560,-190,198,77,26368,-12544,-29697,-22604,-16538,-10497,1011,1024,1024,
31,10224896,-15136,-6724,-1640,-208,172,89,26624,-12288,-30977,10558,24199,11034,1011,1024,1024,
31,412878080,-15032,-6752,-1512,-200,173,86,25344,-12544,-30721,29098,-25822,29724,1011,1024,1024,
31,832308480,-15088,-6728,-1600,-196,183,90,24320,-13568,-29697,-23741,5996,27691,1011,1024,1024,
31,1234961664,-15072,-6828,-1572,-186,171,106,25344,-12544,-31745,-13154,-13488,6751,1011,1024,1024,
31,1654392064,-15052,-6804,-1708,-200,201,108,24832,-12032,-30209,1303,-5754,-1159,1011,1024,1024,
31,2040268032,-15080,-6820,-1588,-181,171,95,26112,-12288,-29953,27431,-28717,-32348,1011,1024,1024,
31,2459698432,-15080,-6884,-1616,-184,174,85,25344,-12032,-30721,-11870,-29190,12587,1011,1024,1024,
31,2879128832,-15052,-6820,-1572,-202,160,105,23808,-14080,-29185,-13758,19107,19340,1011,1024,1024,
31,3281782016,-15040,-6812,-1504,-181,171,96,25600,-11776,-29953,-25161,-5916,-31929,1011,1024,1024,
31,3701212416,-15092,-6888,-1608,-192,185,78,24064,-11264,-29441,-15820,4177,29550,1011,1024,1024,
31,4103865600,-14956,-6720,-1532,-188,193,98,24320,-12032,-30721,5670,24585,-14155,1010,1024,1024,
31,211617024,-14996,-6776,-1628,-177,188,88,25344,-12544,-29697,5580,-19663,-506,1011,1024,1024,
31,614270208,-15076,-6928,-1412,-205,243,96,27136,-12288,-30465,27383,-13494,32542,1011,1024,1024,
31,1033700608,-14916,-6868,-1384,-235,239,102,25344,-11520,-29185,20343,-9663,-30216,1011,1024,1024,
31,1453131008,-14884,-6640,-1476,-225,336,67,25856,-12032,-30209,3269,-28750,2254,1011,1024,1024,
31,1855784192,-15032,-6724,-1556,-193,212,49,25344,-12544,-30721,12410,-12076,-15803,1011,1024,1024,
31,2258437376,-15096,-6752,-1592,-182,191,61,26880,-12544,-30209,25338,-9949,12205,1011,1024,1024,
31,2661090560,-15088,-6832,-1640,-193,191,92,25600,-12800,-29953,18056,17537,12564,1011,1024,1024,
31,3080520960,-14984,-6736,-1600,-164,170,107,25856,-12544,-30209,-13518,-5332,18848,1011,1024,1024,
31,3483174144,-14980,-6844,-1584,-188,203,86,25344,-13056,-29697,27208,24186,-3701,1011,1024,1024,
31,3902604544,-15148,-6848,-1544,-190,176,91,26112,-11776,-30977,4029,-3658,5505,1011,1024,1024,
31,10355968,-15104,-6748,-1528,-184,168,94,25600,-11776,-29953,30349,25997,-14253,1011,1024,1024,
31,413009152,-14940,-6812,-1556,-196,159,83,26112,-13312,-30465,29519,4506,17342,1011,1024,1024,
31,832439552,-15120,-6864,-1600,-185,177,80,26368,-12544,-30209,16768,-4265,-8298,1011,1024,1024,
31,1235092736,-15100,-6788,-1712,-183,201,95,27136,-12800,-31489,-29519,-12975,6628,1011,1024,1024,
31,1654523136,-15088,-6828,-1596,-209,187,86,25344,-11520,-30209,3766,-30647,2622,1011,1024,1024,
31,2040399104,-15156,-6788,-1560,-176,161,84,24832,-12032,-29697,-27539,2015,30967,1012,1024,1024,
31,2459829504,-14996,-6736,-1608,-199,195,112,25856,-12032,-29185,30692,-5705,9037,1011,1024,1024,
31,2879259904,-15080,-6760,-1628,-187,193,98,24576,-12288,-29953,-12474,-25268,-3255,1012,1024,1024,
31,3281913088,-15024,-6912,-1564,-198,197,57,27136,-12800,-31489,-7633,12654,-6131,1011,1024,1024,
31,3701343488,-15080,-6892,-1664,-161,190,83,24576,-12288,-29441,-6076,30725,-10857,1012,1024,1024,
31,4103996672,-15084,-6852,-1464,-183,180,91,25344,-12544,-31233,-9866,-30298,2617,1011,1024,1024,
31,211748096,-15012,-6768,-1524,-188,229,145,24832,-12032,-29697,25067,24898,-1944,1012,1024,1024,
31,614401280,-15012,-6768,-1664,-181,148,95,23552,-12800,-31489,11216,11860,17142,1011,1024,1024,
31,1033831680,-15048,-6868,-1508,-187,179,99,24832,-13568,-31233,-4963,-7206,-20567,1011,1024,1024,
31,1453262080,-15024,-6844,-1508,-189,168,84,25856,-13568,-30721,-28553,2967,-26879,1011,1024,1024,
31,1855915264,-15104,-6852,-1636,-198,185,93,25856,-12032,-29697,-11230,-24421,-14850,1012,1024,1024,
31,2258568448,-15012,-6672,-1276,-225,258,192,26624,-11776,-30977,20570,6875,-8427,1011,1024,1024,
31,2661221632,-14836,-6824,-1324,-255,272,170,25344,-11008,-30209,29900,23227,30537,1011,1024,1024,
31,3080652032,-14924,-6712,-1504,-198,199,36,24576,-13824,-30465,11902,2238,5676,1011,1024,1024,
31,3483305216,-15108,-6728,-1524,-189,224,67,25856,-12032,-30209,20536,-11426,26029,1011,1024,1024,
31,3902735616,-15220,-6744,-1608,-180,152,115,24320,-13056,-31233,2717,30386,-3099,1011,1024,1024,
31,10487040,-15092,-6776,-1688,-193,165,85,25344,-11520,-29697,29359,-28098,14053,1010,1024,1024,
31,413140224,-14920,-6800,-1608,-192,174,67,25088,-12800,-30465,-20147,19543,-26247,1011,1024,1024,
31,832570624,-15088,-6760,-1608,-183,170,107,26624,-11776,-29441,26747,-21084,4373,1011,1024,1024,
31,1235223808,-15244,-6720,-1684,-179,162,94,25344,-14080,-30721,-21511,-31101,2872,1012,1024,1024,
31,1654654208,-15156,-6756,-1516,-187,170,131,26624,-11776,-29441,-18006,-3276,-27157,1011,1024,1024,
31,2040530176,-14972,-6932,-1604,-205,199,76,25600,-12288,-30465,3610,31751,29896,1011,1024,1024,
31,2459960576,-15156,-6792,-1588,-159,147,161,25856,-13568,-30209,18171,-9541,22499,1011,1024,1024,
31,2879390976,-15060,-6808,-1460,-165,133,135,26880,-13568,-30721,-13948,4282,23007,1011,1024,1024,
31,3282044160,-15028,-6828,-1540,-198,189,71,24832,-11520,-30209,-29386,26657,-23758,1011,1024,1024,
31,3701474560,-15136,-6760,-1644,-195,123,100,24320,-13056,-30209,13962,-8517,-5702,1012,1024,1024,
31,4104127744,-14488,-6608,-364,-4812,-5379,1613,25344,-12544,-30721,-6869,-30305,15795,1011,1024,1024,
31,211879168,-14944,-6992,-988,-1595,-517,168,25088,-12800,-30465,25935,31076,26405,1011,1024,1024,
31,614532352,-12224,-6796,-1344,-433,391,1108,24576,-13312,-29953,32149,-30398,24140,1011,1024,1024,
31,1033962752,-14476,-6616,-2144,-1512,-430,83,25600,-11776,-30465,-22699,-6948,-14073,1012,1024,1024,
31,1453393152,-16684,-6548,2396,-1528,1984,2439,25088,-11776,-32001,5098,7503,24981,1011,1024,1024,
31,1856046336,-13868,-9780,1164,-322,1846,4250,25088,-12288,-31489,19054,16823,-28497,1011,1024,1024,
31,2258699520,-19592,-7368,-5528,-2912,-805,-635,24320,-10496,-30721,29055,9569,-16356,1011,1024,1024,
31,2661352704,-15852,-6736,-3184,-5747,-2165,191,24320,-12544,-31233,-32729,2179,717,1011,1024,1024,
31,3080783104,-15428,-6168,-2160,-13,-323,-143,26368,-13056,-31745,2906,-1043,15870,1011,1024,1024,
31,3483436288,-15100,-7160,-1140,-26,-450,-260,25856,-13056,-30721,8265,-11295,-32242,1010,1024,1024,
31,3902866688,-15204,-6632,-1936,16,-451,-495,24576,-12800,-31489,27871,50,4492,1011,1024,1024,
31,10618112,-15700,-5464,-4076,3389,2084,-288,24832,-11008,-30721,-20986,-19605,-12707,1011,1024,1024,
31,413271296,-16424,-2924,-1044,11242,5696,-1312,25344,-11520,-30209,21435,22832,-26600,1011,1024,1024,
31,832701696,-15484,-3800,-3680,8359,1676,-348,26112,-11776,-29441,-4437,-15003,-31987,1011,1024,1024,
31,1235354880,-14700,-7700,-1324,7811,3947,-1249,23808,-12544,-28673,19382,-5771,-22278,1011,1024,1024,
31,1654785280,-15112,-5792,-2504,2642,1580,-65,25088,-12800,-30977,-8313,19630,-3626,1011,1024,1024,
31,2040661248,-15240,-7164,1152,1304,573,360,25344,-11520,-29697,-13855,-31971,31423,1009,1024,1024,
31,2460091648,-12440,-3960,-2916,-2112,-143,831,25344,-13056,-29697,-8517,-2376,18756,1005,1024,1024,
31,2879522048,-14748,-6136,-420,-4419,-796,370,24320,-12032,-30721,25066,8419,23495,1008,1024,1024,
31,3282175232,-14468,-6924,-920,-2702,-1235,380,24320,-11520,-29185,13471,28849,-16424,1012,1024,1024,
31,3701605632,-13996,-8588,-1308,-1095,-548,284,24832,-12544,-28673,-26604,27334,-14345,1011,1024,1024,
31,4104258816,-13888,-9448,-300,-1595,-574,322,24832,-11520,-29697,18988,-15429,-16819,1004,1024,1024,
31,212010240,-15308,-8072,-2056,706,-242,52,25088,-12288,-28929,-15746,29965,-31237,1012,1024,1024,
31,614663424,-14540,-6696,-3884,1464,790,190,24064,-12288,-30465,11255,-24101,22834,1012,1024,1024,
31,1034093824,-14492,-7604,-1552,2791,780,439,24832,-13056,-28673,-24571,18657,-4906,1007,1024,1024,
31,1453524224,-14432,-7900,-1500,4306,1601,680,24576,-11776,-28929,31685,3739,-22902,929,1024,1024,
31,1856177408,-14480,-7368,-1380,4586,1779,215,25600,-12800,-28417,-14127,-16206,30536,919,1024,1024,
31,2258830592,-14532,-8328,-2496,7241,2766,414,25088,-11776,-28929,22771,-30914,1139,940,1024,1024,
31,2661483776,-14992,-6048,-320,7116,3752,-67,25600,-12288,-27393,16120,21525,28489,1012,1024,1024,
31,3080914176,-14508,-6996,-1676,7675,4153,-1917,24320,-14080,-27137,30904,-10841,-7034,1012,1024,1024,
31,3483567360,-14800,-6864,-1504,9005,4197,-887,23552,-10752,-27393,-17380,29494,15232,1012,1024,1024,
31,3902997760,-16008,-5280,-1588,7695,3704,-426,25088,-12288,-27905,8331,15856,-29164,964,1024,1024,
31,10749184,-15824,-5648,-1688,3299,1989,-56,24832,-12544,-26113,-9281,29840,-7034,1012,1024,1024,
31,413402368,-14872,-6572,-1796,2066,696,219,24064,-12288,-27393,15765,12851,31466,1012,1024,1024,
31,832832768,-14424,-6664,-2064,-2186,557,-1339,25600,-12800,-25857,-2340,-26722,-26249,1011,1024,1024,
31,1235485952,-15488,-7684,-780,-4648,-1843,344,24064,-12288,-27905,30126,-15707,-31773,1012,1024,1024,
31,1654916352,-14696,-6468,-2196,-2915,-1023,723,25600,-11776,-27393,-19190,17162,-32054,1011,1024,1024,
31,2040792320,-23716,-15692,-1496,-5771,-1130,3358,23552,-11776,-26881,-23638,1313,-5210,1012,1024,1024,
31,2460222720,-14364,-8828,-144,-4247,-1112,-695,24064,-11264,-27905,3551,-7163,11612,1011,1024,1024,
31,2879653120,-15956,-5324,-928,-1410,-229,391,24320,-12032,-26625,-19045,27809,-28061,1011,1024,1024,
31,3282306304,-14940,-5016,-1076,-984,-134,-294,25600,-12800,-27905,17081,-18851,-15955,1012,1024,1024,
31,3701736704,-14920,-7252,-604,-4023,-1454,288,23552,-12800,-27905,26865,29282,-11969,1012,1024,1024,
31,4104389888,-14568,-6176,-12,-7374,-3267,742,24320,-13056,-28673,-21837,25681,19497,1012,1024,1024,
31,212141312,-14220,-7048,-1824,-5028,-2489,445,24576,-10752,-27905,19766,20251,-13715,1012,1024,1024,
31,614794496,-15048,-9580,-628,-1274,-927,28,25344,-12032,-29697,-11791,21957,-17456,1012,1024,1024,
31,1034224896,-15364,-9888,920,-2513,-1009,394,24832,-11520,-29185,-1805,-17578,-19300,1011,1024,1024,
31,1453655296,-12392,-7732,-1708,-5736,-1530,604,23808,-12032,-30209,-32230,-32367,29914,1011,1024,1024,
31,1856308480,-17336,-7184,-2692,-9271,-2875,1809,25088,-11264,-30977,-10695,28066,-4879,1012,1024,1024,
31,2258961664,-15208,-5328,2784,-14235,-5631,1011,23808,-12544,-30721,-4396,-13165,-6056,1011,1024,1024,
31,2661614848,-16276,-5104,764,-14463,-6622,1319,24064,-12800,-30977,5661,31896,13983,1012,1024,1024,
31,3081045248,-14904,-5896,-1292,-13404,-5557,1127,23552,-10752,-30465,-19102,-12363,-24934,1011,1024,1024,
31,3483698432,-14652,-5092,1976,-18107,-7942,1913,23552,-10752,-30465,-21475,-15390,-16965,1012,1024,1024,
31,3903128832,-15564,-4592,2044,-23589,-8657,1834,23808,-9984,-31233,20485,13714,16936,1012,1024,1024,
31,10880256,-17068,-7604,-2252,-10212,-4548,1177,23296,-11008,32767,5300,25424,23086,1011,1024,1024,
31,413533440,-16088,-7436,-3152,3222,2983,-236,23552,-9216,-31489,-11728,28864,3996,1012,1024,1024,
31,832963840,-14832,-7200,-4760,15655,7552,-1422,23040,-10752,32511,-28713,29052,-10549,1012,1024,1024,
31,1235617024,-17084,-7028,-14236,-3537,-145,39,22528,-11776,-32001,-11579,-22412,-7286,1011,1024,1024,
31,1655047424,-9096,-3304,-10084,-2918,-29,1107,23040,-10752,-31489,7517,3484,12464,1012,1024,1024,
31,2040923392,-13584,-9952,-3800,10759,5417,-1537,24576,-12288,-32513,-22166,-30535,-21246,1011,1024,1024,
31,2460353792,-13964,-15216,-2724,32767,20416,-3868,22528,-11264,-28929,-5436,-23366,16282,1011,1024,1024,
31,2879784192,-16148,-5152,-9368,32767,30058,-6121,23808,-13056,-25601,21033,-18097,3215,1012,1024,1024,
31,3282437376,-17244,-1168,-2884,32767,22549,-4668,24064,-12800,-24321,-15890,4145,11071,1012,1024,1024,
31,3701867776,-17524,-888,-3832,21519,8943,-819,24832,-12544,-23553,-2780,16038,19222,1011,1024,1024,
31,4087743744,-17288,-2828,2052,23551,8775,-5516,24320,-13056,-23041,22005,1544,-18299,1011,1024,1024,
31,212272384,-14108,-6016,-1200,9443,3387,-996,24576,-13312,-23297,17717,-11319,25452,1011,1024,1024,
31,614925568,-15128,-3088,-1584,2097,-9,-393,25344,-12032,-22017,2817,11521,24652,1012,1024,1024,
31,1034355968,-31156,-25376,-32768,-15197,-10950,-1393,24320,-12544,-22529,23495,13804,24510,1012,1024,1024,
31,1453786368,-13852,-9788,-6616,-8738,-4651,814,24576,-11776,-21761,-31782,31936,-3315,1012,1024,1024,
31,1856439552,-11912,-9964,-2284,1207,477,232,22272,-12544,-22529,-321,-10144,12268,1011,1024,1024,
31,2259092736,-13376,-9096,-420,2442,2634,-18,24576,-13824,-23297,29253,22463,2742,1011,1024,1024,
31,2661745920,-14292,-7764,-1648,5785,2652,-471,24320,-11520,-23041,25184,25148,-27077,1011,1024,1024,
31,3081176320,-14076,-8696,-1068,16092,6787,-1315,23040,-12800,-22785,-28065,10836,-19909,1012,1024,1024,
31,3483829504,-16512,-5608,-4376,16456,5827,-728,23296,-12544,-19969,-4908,783,30873,1011,1024,1024,
31,3903259904,-14044,-7160,1116,25262,12033,-2030,22272,-13056,-20993,-12604,22499,-13563,1012,1024,1024,
31,11011328,-13928,-8164,-6780,27467,12193,-5189,23296,-11008,-19457,-14126,-4400,-15170,1012,1024,1024,
31,413664512,-14252,-8564,-1368,22987,10862,-2022,20992,-12800,-17665,-16477,30562,-31455,1012,1024,1024,
31,833094912,-15048,-8752,4,8560,5578,-2673,20992,-12288,-19713,23462,14742,-7720,1012,1024,1024,
31,1235748096,-18652,-10948,2616,2281,-1351,-12506,22784,-13568,-16897,23323,-28639,-30458,1013,1024,1024,
31,1655178496,-16388,-8464,-396,1148,-6293,-14602,24320,-14080,-17409,-5206,-31072,-30765,1013,1024,1024,
31,2041054464,-12836,-11304,1904,7953,-11863,-16546,25600,-15360,-15617,15320,9558,-6089,1013,1024,1024,
31,2460484864,-16388,-8776,528,15453,-8084,-17519,25088,-19456,-15617,-28896,-25658,-32721,1013,1024,1024,
31,2879915264,-18092,-9916,1804,20182,-6466,-3523,23552,-18432,-13057,-23497,-21379,22216,1013,1024,1024,
31,3282568448,-14840,-8188,1340,20912,-12186,-1083,24064,-17408,-11009,-18563,-27209,13732,1013,1024,1024,
31,3701998848,-13988,-7200,3232,18559,-18164,1002,22784,-20736,-10241,-9599,-396,12869,1013,1024,1024,
31,4087874816,-14460,-16940,8884,7897,-21442,-12366,22272,-23296,-8705,-28647,31582,10909,1013,1024,1024,
31,212403456,-11600,-7008,9992,11392,-26084,-18943,22016,-27648,-5889,-5666,5370,27614,1012,1024,1024,
31,615056640,-10708,-5036,5388,21190,-30379,-12838,18432,-30208,-4353,899,18453,-25430,1013,1024,1024,
31,1034487040,-10224,-7988,-3728,19955,-17885,-859,18688,-30464,-3585,26440,-1800,2386,1012,1024,1024,
31,1453917440,-11940,-10856,1544,-2260,5905,1669,18944,-30208,-5377,-26581,-15021,24761,1011,1024,1024,
31,1856570624,-7812,-9528,8124,-12283,14010,-2929,19712,-29952,-4609,25575,-28389,6627,1012,1024,1024,
31,2259223808,-5520,-5428,8732,-7799,12192,-2609,21248,-27904,-5633,19518,17448,21852,1012,1024,1024,
31,2661876992,-5720,-6332,8596,-1536,2477,880,19968,-28160,-4353,23701,-1465,-32668,1012,1024,1024,
31,3081307392,-8924,-8620,7692,1865,-5269,1579,19968,-29696,-4865,17248,-27789,-1335,1011,1024,1024,
31,3483960576,-10068,-9304,4840,-1106,-2524,1228,20736,-27904,-5633,24434,-4390,20459,1012,1024,1024,
31,3903390976,-9176,-9132,4444,-3982,1951,246,20480,-29696,-4865,7089,-15511,-12012,1012,1024,1024,
31,11142400,-8452,-8696,6212,-4256,3113,802,19968,-28160,-5377,-25993,5768,-3473,1012,1024,1024,
31,413795584,-8292,-8792,6512,-2818,233,537,19968,-28672,-4865,-30458,-29723,-3753,1012,1024,1024,
31,833225984,-9356,-9176,5692,-1124,774,699,22528,-27648,-5377,-19807,5229,15704,1013,1024,1024,
31,1235879168,-9636,-9884,5584,-795,1377,223,22528,-28672,-6401,-27226,20891,-11382,1012,1024,1024,
31,1655309568,-9348,-9784,6140,-410,73,-1797,21248,-27904,-6145,10662,-25468,-20434,1013,1024,1024,
31,2041185536,-8528,-8556,4776,-747,1056,-877,22528,-28672,-6401,-21577,8212,-18888,1012,1024,1024,
31,2460615936,-8632,-8564,4676,-2576,4296,1524,20480,-27648,-6401,-20093,7264,6747,1013,1024,1024,
31,2880046336,-9040,-8868,5192,-2671,5487,2536,22016,-26624,-5889,1926,-20510,-19258,1012,1024,1024,
31,3282699520,-8964,-9084,5312,-2101,4654,2730,23040,-27136,-6913,22665,22242,23607,1012,1024,1024,
31,3702129920,-9652,-8608,4716,-1057,5708,2906,21760,-26368,-8193,27709,29774,30008,1012,1024,1024,
31,4088005888,-10420,-8812,4304,-2409,8598,4502,22016,-25088,-7425,30093,22536,-17158,1012,1024,1024,
31,212534528,-10600,-8908,5448,-2758,9701,4914,23296,-24320,-8705,25448,-31766,32011,1012,1024,1024,
31,615187712,-10720,-9676,7000,-94,5458,3250,22528,-24576,-7425,12890,-6264,11797,1013,1024,1024,
31,1034618112,-11312,-8552,5248,1345,2926,1867,21504,-23040,-6401,-27729,-5123,-7516,1012,1024,1024,
31,1454048512,-11880,-8372,3880,1762,6916,2422,20480,-20992,-6401,-22228,13075,22620,1012,1024,1024,
31,1856701696,-11444,-7852,3540,5813,6800,1127,20224,-21248,-7681,20016,-1416,-28971,1012,1024,1024,
31,2259354880,-13620,-9396,3896,4419,7314,1766,20736,-21248,-8193,20147,6419,-5958,1012,1024,1024,
31,2662008064,-13188,-9500,4932,2401,5879,-580,20992,-19968,-8449,-18936,-5197,-8048,1012,1024,1024,
31,3081438464,-12812,-7744,4904,307,5003,1250,19712,-20736,-8705,9942,-6780,28020,1012,1024,1024,
31,3484091648,-13504,-9052,5680,-232,4112,2684,20224,-20224,-7681,-26316,-21515,-1227,1012,1024,1024,
31,3903522048,-13648,-9748,4472,2543,2916,-95,20736,-19712,-8193,4021,26004,-26128,1012,1024,1024,
31,11273472,-15336,-10360,2504,5922,375,-4421,21248,-20736,-8193,-1481,-10866,-27914,1012,1024,1024,
31,413926656,-14908,-10720,1612,7227,824,-8296,18432,-19968,-7425,-6629,8296,15492,1011,1024,1024,
31,833357056,-12804,-7852,2180,3687,5566,-8813,18688,-20736,-9217,-13294,24333,10135,1012,1024,1024,
31,1236010240,-11808,-8232,4320,1232,5791,-3931,19968,-20992,-8449,-3440,-31390,-972,1012,1024,1024,
31,1655440640,-8748,-8124,504,16231,9306,-5528,18432,-19968,-8449,27102,-21808,23226,1011,1024,1024,
31,2041316608,-12288,-4852,4200,22820,7552,8667,15616,-19712,-8705,14596,-5152,-3740,1012,1024,1024,
31,2460747008,-11392,-6920,4096,18578,7384,10053,12800,-16896,-7425,733,9256,-2316,1012,1024,1024,
31,2880177408,-15428,-5920,4488,18031,9030,10508,12032,-18688,-5633,-17892,5677,6011,1011,1024,1024,
31,3282830592,-14400,-5136,5380,16310,-1061,-3386,11776,-18432,-5889,-17684,765,22983,1011,1024,1024,
31,3702260992,-13860,-2768,6104,19107,-473,-4575,8704,-18944,-4865,-6816,11409,12049,1012,1024,1024,
31,4088136960,-12956,-3176,5824,22092,6738,14287,8192,-16896,-5889,-16211,16364,27184,1011,1024,1024,
31,212665600,-13252,-6400,3892,12722,1306,-3611,6912,-17664,-3585,20748,11901,-9660,1012,1024,1024,
31,615318784,-14280,-3100,3236,16428,10621,12801,5632,-15360,-5377,19958,2405,1215,1011,1024,1024,
31,1034749184,-14476,-5616,3608,15717,15530,9218,4352,-14592,-6145,19370,-10144,11121,1012,1024,1024,
31,1454179584,-24404,-4272,15724,18712,1619,-885,1536,-14336,-5889,-11280,-12500,-32758,1012,1024,1024,
31,1856832768,-14396,216,6948,14758,1165,3272,-1,-14592,-5121,-25117,19070,25891,1012,1024,1024,
31,2259485952,-16636,-2656,6976,13489,-2066,6363,-769,-15360,-4865,8536,-15821,-18160,1012,1024,1024,
31,2662139136,-12716,-2592,12144,10901,-554,1387,-2049,-15104,-6657,27162,6353,28349,1012,1024,1024,
31,3081569536,-13388,252,3136,9266,7952,265,-2561,-13568,-6657,291,-12904,-7641,1012,1024,1024,
31,3484222720,-19668,-728,1424,8531,-530,7587,-3073,-15104,-6145,6188,14399,-3203,1013,1015,1024,
31,3903653120,-12228,612,3232,7142,1429,6325,-4353,-15360,-6401,-13806,30651,25968,1011,981,1024,
31,11404544,-16408,532,776,1058,287,2131,-3329,-16384,-7425,-6145,-15142,23136,1012,936,1024,
31,414057728,-14744,496,4512,3813,-584,-2603,-4609,-15616,-7681,-23387,-4620,-8360,1013,844,1024,
31,833488128,-14032,2144,5772,4145,7572,-3117,-4097,-14592,-7681,-16646,-22039,3485,1013,735,1024,
31,1236141312,-15492,1540,6436,7225,2678,-3856,-5377,-13824,-7937,-2690,19723,18116,1013,671,1024,
31,1655571712,-18144,460,9504,-463,16788,-32768,-2561,-13056,-9217,11795,-21184,27582,1013,586,1024,
31,2041447680,-15448,-644,4960,3389,6228,-24662,-1025,-11520,-10241,-12608,-18731,-3819,1013,602,1024,
31,2460878080,-14212,-2272,2428,3648,13106,-20175,0,-10752,-9985,-10630,-26058,-10428,1012,577,1024,
31,2880308480,-14480,28,5212,9280,11841,-9195,-769,-10240,-11521,-9838,13004,11189,1015,633,1024,
31,3282961664,-15708,-2780,-1288,29995,14475,-7007,-2561,-8448,-12289,14919,18138,-7407,1014,716,1024,
31,3702392064,-14988,-1244,4832,24583,5598,-2479,-2817,-7168,-13057,-26369,13082,13968,1013,695,1024,
31,4088268032,-16832,-4288,-2400,17761,12955,4347,-3329,-7680,-14081,22943,5890,-13404,1013,644,1024,
31,212796672,-14880,-3944,-2496,9432,16394,-569,-5633,-6912,-15873,-26650,7842,-8064,1013,557,1024,
31,615449856,-13404,-944,-1616,10185,17264,3390,-6145,-5376,-17921,-25881,-9899,4818,1013,571,1024,
31,1034880256,-9328,1888,1164,12415,6423,1488,-6401,-6144,-18689,-14611,-23725,-16812,1014,608,1024,
31,1454310656,-13300,808,896,15319,-9010,143,-7169,-5376,-17409,10883,-17408,-17411,1014,648,1024,
31,1840186624,-18192,-3792,-3208,11984,-11408,5418,-6657,-8448,-17921,31647,18139,6461,1014,660,1024,
31,2259617024,-15724,-3240,-652,3443,-6290,3318,-6401,-7680,-16641,-20832,8790,-4933,1013,542,1024,
31,2662270208,-15156,4920,1932,-930,-4768,-3909,-7169,-6912,-16385,-27719,27383,-12365,1013,606,1024,
31,3081700608,-14992,-1352,1056,500,-1247,-861,-5377,-7168,-15105,5046,18057,4641,1013,802,1024,
31,3484353792,-14504,-2564,-1124,-1530,6370,-2588,-5633,-6912,-17409,-4849,5802,-24246,1013,1024,1024,
31,3903784192,-16188,3072,-1292,6520,7940,-7956,-5633,-5888,-17921,-29159,10512,2762,1013,1024,1024,
31,11535616,-14984,4200,-1512,10995,6753,-2832,-6657,-5888,-18433,-30232,25020,-18455,1012,878,1024,
31,414188800,-9912,4880,-5256,11519,13013,6195,-7169,-5376,-20993,-13321,30887,-6385,1013,647,1024,
31,833619200,-11448,96,-3460,5602,20719,6010,-7169,-4864,-22017,-17886,15813,537,1012,637,1024,
31,1236272384,-13040,-3148,-1484,-621,23952,-2514,-8449,-4608,-24833,28887,-32077,19607,1012,652,1024,
31,1655702784,-20312,-5416,-3824,-5135,30757,-5223,-8193,-3840,-28161,4955,-5412,-14379,1011,598,1024,
31,2041578752,-24048,-4368,-2644,-1643,26637,-3762,-6657,-2304,-29185,-25054,-4994,-47,1012,619,1024,
31,2461009152,-22216,-4604,-1784,-5278,-130,-13455,-4353,-3584,-29953,6888,7964,9179,1012,691,1024,
31,2880439552,-17076,-2708,-2868,-10214,-9987,-21435,-2561,-3328,-28161,15965,3023,28052,1012,707,1024,
31,3283092736,-14784,-5684,-6972,-16600,-9813,-24601,256,-2304,-27137,-9329,-22464,3658,1013,675,1024,
31,3702523136,-15024,-12260,-3252,-3493,528,-14755,512,-2560,-27393,22205,21382,21328,1012,683,1024,
31,4088399104,-14944,-7880,-5716,2018,2788,-2307,-1,-2816,-27137,-6808,10763,-2122,1012,716,1024,
31,212927744,-15012,-1136,-5400,4651,5812,2683,-1,-1792,-26625,-957,18774,-4527,1012,834,1024,
31,615580928,-15632,-4356,-4472,-107,2520,4240,768,-1792,-29185,-20858,-498,31812,1012,891,1024,
31,1035011328,-15016,-6904,832,-18693,-1770,-2659,1024,-1536,-26881,13765,21088,-5271,1011,1007,1024,
31,1454441728,-17244,-5768,-6088,-19023,-6732,-424,1024,-3072,-27393,-8725,-25251,-7164,1012,1024,1024,
31,1840317696,-18868,-3932,-7700,-16912,-8076,-5590,2304,-3328,-26113,26210,-5408,14942,1012,1024,1024,
31,2259748096,-15596,-2280,-6468,-14475,-9029,-10490,2048,-3072,-23809,-22179,-18686,31044,1012,1024,1024,
31,2662401280,-15572,-3884,-6260,-5907,-13873,-14312,3584,-3072,-23297,11632,18868,-30671,1011,1024,1024,
31,3081831680,-14656,-5652,-4820,-607,-11782,-10295,4608,-2560,-21249,-9556,-5640,20131,1012,1024,1024,
31,3484484864,-14660,-6188,-2620,1892,-15657,-7750,6144,-5120,-20737,-4284,4411,26467,1011,1024,1024,
31,3903915264,-17908,-7732,-1120,5591,-18076,-6892,5376,-6400,-19457,25986,1152,-24710,1012,1024,1024,
31,11666688,-17308,-6576,264,7603,2283,7032,4608,-4608,-19201,-29982,3458,-27368,1012,1024,1024,
31,414319872,-11308,-940,-5176,7907,1341,-486,4608,-4608,-18689,28755,-18603,21500,1012,1024,1024,
31,833750272,-15308,-5588,-412,2743,1158,29,3584,-4096,-18689,4671,7956,-31062,1012,1024,1024,
31,1236403456,-15224,-7716,-1864,-156,809,556,5888,-4352,-18945,-31499,-3427,-14961,1012,1024,1024,
31,1655833856,-14468,-7428,-1368,8028,4208,-429,3328,-4864,-20481,22086,22264,-2741,1011,1024,1024,
31,2041709824,-14532,-7444,-1308,7276,3583,-1107,3584,-4608,-19201,16989,-23611,29476,1012,1024,1024,
31,2461140224,-15784,-5596,-2372,5558,2892,-1091,3072,-4096,-20225,-27397,29664,-15056,1012,1024,1024,
31,2880570624,-15832,-4996,-3308,2704,1153,-259,4608,-3584,-20225,-4191,22055,-8251,1012,1024,1024,
31,3283223808,-15264,-6052,-1500,196,-1046,-186,4352,-2816,-20481,-22780,-27935,-31675,1012,1024,1024,
31,3702654208,-15272,-6732,-2084,-329,427,108,3840,-3328,-19969,27428,-10136,16256,1013,1024,1024,
31,4088530176,-15160,-6584,-1488,-178,184,106,3840,-3840,-18945,-21361,30776,31624,1011,1024,1024,
31,213058816,-15208,-6484,-1544,-189,191,490,3840,-2816,-20481,-3120,-29811,-3556,1012,1024,1024,
31,615712000,-11860,-7472,-2520,2219,139,-68,3840,-2304,-20481,-16561,-31858,-4482,1012,1024,1024,
31,1035142400,-14324,-6852,-2756,123,276,321,4096,-3584,-20225,-15243,666,-31950,1012,1024,1024,
31,1454572800,-15356,-5888,-3168,1802,692,41,3072,-4096,-20225,-7361,28917,15892,1012,1024,1024,
31,1840448768,-15292,-7540,-2472,4170,22,-393,3072,-4096,-19713,22740,-30749,23121,1012,1024,1024,
31,2259879168,-14568,-7732,-4176,9120,4089,-572,2048,-3072,-20737,-16592,32726,-30093,1012,1024,1024,
31,2662532352,-15584,-6068,-1860,7967,3491,-667,3840,-4864,-23041,-28110,-22387,-11989,1012,1024,1024,
31,3081962752,-15732,-5124,-704,4455,2344,-416,3840,-3840,-19457,-30671,-6817,29967,1012,1024,1024,
31,3484615936,-15568,-5452,-664,1021,559,8,3584,-2560,-20737,32453,-27198,5054,1011,1024,1024,
31,3904046336,-15312,-6572,-1728,62,349,119,3584,-3584,-21249,23912,-22163,-10877,1012,1024,1024,
31,11797760,-15216,-6580,-1712,-57,182,78,2816,-5376,-20481,-16708,15549,22109,1012,1024,1024,
31,414450944,-15164,-6628,-1708,-297,153,51,3328,-3840,-20481,18693,-24596,-8796,1012,1024,1024,
31,833881344,-15180,-6620,-1728,-377,3,146,4096,-4096,-19713,-8738,-19660,15090,1012,1024,1024,
31,1236534528,-15120,-6412,-1804,-1080,-107,85,2048,-3584,-21761,9308,-10332,29628,1012,1024,1024,
31,1655964928,-15320,-6272,-1700,-1205,-48,160,3584,-3584,-20737,4214,25563,-28575,1012,1024,1024,
31,2041840896,-15320,-6820,-1588,-866,-177,272,3328,-3840,-20993,-5276,8952,-2207,1012,1024,1024,
31,2461271296,-15044,-6420,-1728,-805,-133,158,4352,-3328,-20993,-23969,-22077,20002,1013,1024,1024,
31,2880701696,-15172,-6504,-1588,-615,162,89,2560,-3072,-20737,-11192,30120,15484,1012,1024,1024,
31,3283354880,-15260,-6488,-1588,-467,270,118,3584,-4096,-21249,-23885,-22258,31921,1013,1024,1024,
31,3702785280,-15292,-6496,-1724,-216,231,88,3072,-4608,-19713,7581,22355,-10896,1013,1024,1024,
31,4088661248,-15148,-6588,-1664,-193,191,141,3584,-4608,-21249,24820,-3415,26496,1012,1024,1024,
31,213189888,-15240,-6508,-1624,-173,146,110,4608,-4096,-21761,18588,-20867,14328,1012,1024,1024,
31,615843072,-15204,-6524,-1676,-167,135,67,3584,-2560,-22273,-19238,-2451,4909,1012,1024,1024,
31,1035273472,-15200,-6568,-1748,-126,38,49,2560,-2560,-20225,-22781,-12364,-7636,1012,1024,1024,
31,1454703872,-15324,-6220,-1508,-668,72,104,3840,-3328,-20481,-9104,29690,-6914,1013,1024,1024,
31,1840579840,-15248,-6432,-1548,-258,194,118,3584,-3584,-20737,1306,11878,22659,1012,1024,1024,
31,2260010240,-15204,-6468,-1644,-252,341,101,3072,-3072,-21249,-10345,8457,5232,1012,1024,1024,
31,2662663424,-15232,-6432,-1724,-228,273,89,4352,-3328,-20993,-31792,-11584,20655,1013,1024,1024,
31,3082093824,-15244,-6496,-1684,-210,188,92,3328,-3840,-22017,-10981,31911,3375,1012,1024,1024,
31,3484747008,-15236,-6408,-1688,-148,91,76,2048,-3072,-21249,-13976,30999,12411,1012,1024,1024,
31,3904177408,-15304,-6544,-1764,-166,102,81,3328,-2304,-20993,-27133,16953,28731,1013,1024,1024,
31,11928832,-15044,-6352,-1624,-173,126,105,3072,-4096,-21249,-30327,-23662,-4180,1013,1024,1024,
31,414582016,-15144,-6496,-1764,-204,222,83,3072,-4608,-21761,-18468,25584,26124,1013,1024,1024,
31,834012416,-15280,-6568,-1688,-235,266,82,3072,-3584,-20737,23877,7493,23756,1013,1024,1024,
31,1236665600,-15140,-6468,-1584,-267,381,109,3840,-2816,-19969,-26053,-18448,6012,1012,1024,1024,
31,1656096000,-15112,-6540,-1736,-266,334,128,2816,-3328,-20481,32234,24394,-14322,1013,1024,1024,
31,2041971968,-15272,-6424,-1696,-268,293,94,3072,-3584,-19713,15670,22608,-16965,1013,1024,1024,
31,2461402368,-15236,-6496,-1764,-260,325,67,4608,-4608,-21249,21660,-24372,-17824,1013,1024,1024,
31,2880832768,-15100,-6516,-1776,-267,329,89,2816,-4352,-20481,-27679,-18083,6373,1012,1024,1024,
31,3283485952,-15300,-6544,-1656,-237,246,84,3328,-4352,-20993,8112,3862,-21712,1013,1024,1024,
31,3702916352,-15200,-6548,-1776,-155,117,92,4352,-4352,-21505,26911,15618,5351,1013,1024,1024,
31,4088792320,-15192,-6564,-1764,-123,41,103,3328,-2304,-19457,-1284,-7864,25962,1013,1024,1024,
31,213320960,-15264,-6488,-1612,-88,-14,74,3840,-4352,-23041,-5066,-526,-11103,1013,1024,1024,
31,615974144,-15192,-6628,-1720,-123,54,86,4096,-4608,-20225,16956,13307,22604,1013,1024,1024,
31,1035404544,-15136,-6480,-1668,-172,142,116,2816,-4864,-22017,10271,18575,-10245,1013,1024,1024,
31,1454834944,-15100,-6484,-1776,-213,211,78,2560,-4096,-20225,20471,-20896,18783,1013,1024,1024,
31,1840710912,-15196,-6476,-1716,-201,183,74,3840,-3328,-21505,13948,-11418,29306,1013,1024,1024,
31,2260141312,-15196,-6504,-1596,-180,164,74,1792,-2816,-20993,-2768,-11696,-19376,1013,1024,1024,
31,2662794496,-15276,-6552,-1592,-163,171,88,2816,-3328,-20481,6600,-16043,-8552,1013,1024,1024,
31,3082224896,-15236,-6564,-1668,-132,93,99,3584,-3072,-20225,-2515,-23467,-9795,1014,1024,1024,
31,3484878080,-15168,-6436,-1688,-143,56,80,3072,-3072,-21249,-18576,-15374,25568,1013,1024,1024,
31,3904308480,-15052,-6540,-1740,-171,98,75,3840,-2816,-20993,-10825,-31094,21549,1014,1024,1024,
31,12059904,-15064,-6560,-1816,-172,143,91,3328,-3840,-20993,4898,24790,16764,1012,1024,1024,
31,414713088,-15312,-6616,-1664,-161,94,57,3840,-4352,-21505,-5899,25031,-25560,1014,1024,1024,
31,834143488,-15224,-6528,-1648,-153,94,66,4352,-3328,-20993,-21711,-19472,32169,1013,1024,1024,
31,1236796672,-15068,-6504,-1688,-148,60,39,2304,-4352,-20481,9174,-4261,28928,1014,1024,1024,
31,1656227072,-15256,-6612,-1612,-220,215,98,3072,-4096,-19713,3351,7583,-1352,1013,1024,1024,
31,2042103040,-15128,-6452,-1584,-212,395,19,3840,-3840,-22017,28683,8268,3547,1014,1024,1024,
31,2461533440,-15156,-6544,-1696,-213,240,92,3328,-2816,-20993,24357,-17451,-16999,1013,1024,1024,
31,2880963840,-15280,-6616,-1832,-178,160,113,2048,-4096,-20737,10131,-10008,4607,1013,1024,1024,
31,3283617024,-15248,-6444,-1592,-148,101,71,3840,-3328,-20993,-16739,-10705,-14302,1012,1024,1024,
31,3703047424,-15128,-6496,-1684,-173,125,78,4352,-3840,-20993,-13700,15572,-13215,1013,1024,1024,
31,4088923392,-15120,-6584,-1556,-189,183,99,4608,-2560,-21761,-24019,20877,-12931,1013,1024,1024,
31,213452032,-15192,-6476,-1688,-192,163,92,2560,-3584,-20225,28212,29464,31057,1013,1024,1024,
31,616105216,-15308,-6500,-1620,-161,151,81,4352,-3328,-21505,559,438,-32610,1013,1024,1024,
31,1035535616,-15148,-6492,-1844,-203,168,103,3584,-4096,-21249,-23109,-19187,-28889,1012,1024,1024,
31,1454966016,-15124,-6476,-1676,-188,157,91,3072,-2048,-20225,-5043,-4489,146,1013,1024,1024,
31,1857619200,-15224,-6520,-1612,-189,182,107,2816,-3328,-21505,5427,-31372,3996,1013,1024,1024,
31,2260272384,-15228,-6496,-1748,-196,181,103,5376,-3840,-20481,1325,2014,17243,1013,1024,1024,
31,2662925568,-15184,-6512,-1688,-212,230,109,4352,-4352,-20993,-10095,-12875,-12649,1013,1024,1024,
31,3082355968,-15272,-6536,-1620,-189,181,74,2048,-3072,-20737,19025,20578,10093,1013,1024,1024,
31,3485009152,-15260,-6584,-1740,-161,136,91,1792,-3328,-20481,-22225,-5275,23677,1013,1024,1024,
31,3904439552,-15100,-6552,-1564,-158,82,111,3072,-2560,-20737,-9801,-20627,18290,1013,1024,1024,
31,12190976,-15224,-6432,-1600,-210,212,108,3328,-1792,-19969,18757,-30278,-27065,1013,1024,1024,
31,414844160,-15252,-6560,-1672,-180,191,99,3072,-4096,-20225,-26027,25932,14815,1013,1024,1024,
31,834274560,-15236,-6516,-1628,-168,127,120,3328,-2816,-21505,-23594,19661,-3885,1013,1024,1024,
31,1236927744,-15208,-6540,-1508,-181,110,127,2304,-3328,-20993,25018,15436,-8153,1012,1024,1024,
31,1656358144,-15664,-7408,-1184,-2033,-332,337,3072,-4096,-20225,-15234,-13454,23148,1013,1024,1024,
31,2042234112,-15108,-6504,-1712,-606,-90,171,2816,-3840,-21505,14801,1313,-8927,1013,1024,1024,
31,2461664512,-14976,-7280,-1832,-701,-132,145,3840,-2304,-22017,-13118,-31527,22261,1013,1024,1024,
31,2881094912,-14972,-7100,-1628,-487,156,43,3328,-2816,-19969,-16697,-24437,9141,1012,1024,1024,
31,3283748096,-15136,-7076,-1944,-193,562,-169,2048,-4096,-18689,1837,-9745,2433,1013,1024,1024,
31,3703178496,-18896,2784,-17984,7282,5068,-197,4352,-4352,-22017,-21602,-17277,-12353,1013,1024,1024,
31,4089054464,-9940,-4952,-6712,2745,-1405,1672,2048,-3072,-20225,-24726,-2923,3945,1012,1024,1024,
31,213583104,-15016,-6156,-112,-3415,-2596,-237,2560,-4096,-20225,-1178,-31440,-21135,1013,1024,1024,
31,616236288,-14560,-5648,-112,-4437,-834,628,3584,-4608,-21761,27157,20590,12569,1013,1024,1024,
31,1035666688,-13812,-7120,-6960,2656,-571,-468,4864,-3328,-21505,10402,-9273,2231,1013,1024,1024,
31,1455097088,-14888,-8328,-1448,1617,1493,-369,3072,-3584,-21249,23288,-30372,376,1013,1024,1024,
31,1840973056,-19932,-3400,-896,1321,834,196,3072,-4096,-21249,-26904,-6552,21659,1012,1024,1024,
31,2260403456,-15168,-6572,-2136,-408,222,-184,3584,-4096,-21249,18594,19809,28328,1013,1024,1024,
31,2663056640,-15220,-6412,-1632,-1476,-288,76,3072,-3072,-20737,13170,-14859,31566,1013,1024,1024,
31,3082487040,-15120,-6584,-1604,-165,225,48,3072,-4096,-21249,-32654,-15504,-32100,1013,1024,1024,
31,3485140224,-15380,-6388,-2244,253,645,254,2560,-4608,-19713,25002,14630,7943,1012,1024,1024,
31,3904570624,-15664,-7600,24,2912,2415,-367,4096,-4096,-21249,-16853,-22665,251,1012,1024,1024,
31,12322048,-15144,-5236,-3428,-366,486,-46,3328,-4352,-21505,8131,27222,-31251,1012,1024,1024,
31,414975232,-15116,-6596,-1496,-143,259,-23,3584,-4096,-22785,9672,-22755,28762,1013,1024,1024,
31,834405632,-14988,-6652,-1816,-144,55,41,3328,-3328,-20993,26905,-20091,16104,1013,1024,1024,
31,1237058816,-14788,-6488,-1516,14,-236,151,3584,-3072,-20737,9544,24021,4831,1012,1024,1024,
31,1656489216,-15240,-6544,-1672,-138,80,58,2304,-2816,-20993,-27289,9403,-21677,1013,1024,1024,
31,2042365184,-15188,-6608,-1656,-261,307,92,3584,-2560,-21761,-7579,-2215,9442,1013,1024,1024,
31,2461795584,-15144,-6428,-1648,-163,105,105,3328,-2816,-20481,14527,19295,32715,1013,1024,1024,
31,2881225984,-15212,-6536,-1740,-189,168,107,1792,-3840,-21505,18327,18110,5866,1013,1024,1024,
31,3283879168,-15112,-6640,-1792,-198,202,73,3584,-3584,-20225,-24037,-20637,-22470,1013,1024,1024,
31,3703309568,-15216,-6524,-1824,-195,190,101,3072,-4608,-20737,-31288,10837,29780,1012,1024,1024,
31,4089185536,-15264,-6648,-1732,-183,175,96,4352,-4352,-21505,3542,-28512,1764,1013,1024,1024,
31,213714176,-15244,-6608,-1804,-201,211,94,3840,-4352,-20993,6422,-23900,-8815,1012,1024,1024,
31,616367360,-15156,-6532,-1816,-187,161,92,2560,-4608,-20737,3261,-3917,12399,1013,1024,1024,
31,1035797760,-15364,-6588,-1624,-181,176,112,4096,-3072,-21249,-29008,19109,-12239,1013,1024,1024,
31,1455228160,-15164,-6524,-1700,-199,189,78,3072,-3584,-21249,29084,-32474,-909,1013,1024,1024,
31,1857881344,-15168,-6532,-1572,-200,224,91,2816,-3840,-21505,-27473,-30296,-480,1013,1024,1024,
31,2260534528,-15196,-6508,-1752,-187,206,100,2816,-3328,-20481,-23184,-31824,12615,1014,1024,1024,
31,2663187712,-15308,-6588,-1672,-180,177,93,3584,-3584,-21761,-2839,-23497,14552,1012,1024,1024,
31,3082618112,-15224,-6472,-1652,-180,162,89,4352,-4352,-20993,15063,-21746,-15194,1013,1024,1024,
31,3485271296,-15144,-6568,-1848,-193,168,89,3584,-3072,-21761,-27247,-32553,12365,1012,1024,1024,
31,3904701696,-15172,-6564,-1724,-192,181,95,3840,-4352,-20993,-14852,19841,8850,1013,1024,1024,
31,12453120,-15272,-6524,-1748,-150,200,94,4608,-2560,-20737,-13171,28405,25669,1012,1024,1024,
31,415106304,-15188,-6528,-1596,-181,165,90,3840,-3840,-22017,-21009,19124,15546,1011,1024,1024,
31,834536704,-15252,-6520,-1740,-187,169,88,2816,-3328,-21505,-26415,-7228,4717,1012,1024,1024,
31,1237189888,-15232,-6504,-1652,-185,190,97,4096,-3584,-22785,-9650,23372,8406,1013,1024,1024,
31,1656620288,-15248,-6460,-1704,-195,188,86,4096,-4096,-21249,-1294,-13909,-23116,1013,1024,1024,
31,2042496256,-15252,-6540,-1696,-193,168,109,4096,-3072,-20737,-2537,5456,30497,1013,1024,1024,
31,2461926656,-15152,-6516,-1800,-194,202,86,2560,-3584,-20225,-4884,-22555,19116,1013,1024,1024,
31,2881357056,-15120,-6440,-1788,-192,195,82,5120,-3072,-21249,-24895,-19367,-9121,1012,1024,1024,
31,3284010240,-15208,-6544,-1616,-186,188,98,4608,-3584,-20737,-32719,-27154,23856,1013,1024,1024,
31,3703440640,-15212,-6540,-1648,-191,198,79,3072,-3584,-20225,-17677,21121,23259,1012,1024,1024,
31,4089316608,-15196,-6460,-1784,-167,194,108,3328,-4352,-20993,11539,-2306,20886,1013,1024,1024,
31,213845248,-15256,-6624,-1800,-180,176,96,4096,-5632,-20225,1473,28021,26825,1012,1024,1024,
31,616498432,-15280,-6528,-1760,-181,195,108,4096,-2560,-20225,11894,897,19085,1012,1024,1024,
31,1035928832,-15172,-6516,-1744,-212,180,103,3328,-3840,-20993,15950,-19163,-19191,1012,1024,1024,
31,1455359232,-15136,-6508,-1668,-186,170,88,2816,-2304,-22529,-30283,-4880,-17209,1012,1024,1024,
31,1858012416,-15280,-6436,-1584,-188,175,82,4096,-3584,-21249,18865,16596,-11920,1012,1024,1024,
31,2260665600,-15244,-6460,-1708,-201,188,94,4608,-4096,-20225,10614,-14126,-2396,1012,1024,1024,
31,2663318784,-15244,-6472,-1740,-188,176,84,3072,-4096,-21249,16543,18112,-23479,1012,1024,1024,
31,3082749184,-15224,-6552,-1752,-186,194,90,2560,-4608,-20737,-12582,28903,-29374,1012,1024,1024,
31,3485402368,-15228,-6572,-1732,-181,162,94,4352,-3840,-20481,3020,13539,24608,1012,1024,1024,
31,3904832768,-15252,-6460,-1788,-186,189,92,3072,-3584,-22273,-28206,-30144,1505,1012,1024,1024,
31,12584192,-15108,-6516,-1816,-181,186,105,4352,-3328,-20481,7935,-23913,29448,1013,1024,1024,
31,415237376,-15128,-6576,-1780,-182,171,91,3840,-4352,-22017,27741,9158,-12770,1012,1024,1024,
31,834667776,-15272,-6492,-1796,-184,170,101,2816,-4864,-22017,12239,30664,15607,1012,1024,1024,
31,1237320960,-15108,-6588,-1756,-196,162,100,3840,-1792,-21505,17382,-6727,31584,1012,1024,1024,
31,1656751360,-15236,-6496,-1736,-171,199,105,3584,-5120,-21761,12041,-19245,-20820,1012,1024,1024,
31,2042627328,-15216,-6556,-1732,-190,171,74,3072,-4096,-22273,14015,30482,-28799,1012,1024,1024,
31,2462057728,-15232,-6620,-1720,-196,176,90,3840,-3328,-21505,29838,29400,3246,1013,1024,1024,
31,2881488128,-15188,-6648,-1708,-191,185,71,3584,-3072,-21761,-22195,5830,20760,1012,1024,1024,
31,3284141312,-15268,-6524,-1728,-183,176,94,3840,-3328,-20993,-14029,-7731,2188,1012,1024,1024,
31,3703571712,-15256,-6528,-1764,-186,183,98,3072,-2560,-21761,22338,26846,-28422,1012,1024,1024,
31,4089447680,-15220,-6564,-1816,-190,147,84,2560,-3072,-20225,7586,-19721,5695,1013,1024,1024,
31,213976320,-15156,-6484,-1788,-193,198,100,3328,-3840,-21505,-18757,19066,-7836,1013,1024,1024,
31,616629504,-15148,-6472,-1736,-189,173,100,3328,-3840,-20993,7275,28835,-18709,1012,1024,1024,
31,1036059904,-15268,-6528,-1716,-183,202,98,5120,-4096,-22785,6889,30255,26468,1013,1024,1024,
31,1455490304,-15280,-6560,-1744,-197,160,97,3328,-3328,-20481,-25787,28803,1635,1012,1024,1024,
31,1841366272,-15152,-6492,-1820,-179,163,98,2816,-3840,-20993,-29960,-15513,-19970,1013,1024,1024,
31,2260796672,-15256,-6668,-1760,-173,167,93,3072,-3584,-21761,15723,932,13712,1012,1024,1024,
31,2663449856,-15400,-6536,-1652,-172,-81,134,3584,-2560,-21249,16453,-16440,401,1012,1024,1024,
31,3082880256,-15164,-6428,-1580,-201,212,75,4608,-3072,-20737,-1211,-27094,-16102,1013,1024,1024,
31,3485533440,-14296,-6092,-1816,-170,92,91,3584,-3584,-21249,16554,7864,-31725,1013,1024,1024,
31,3904963840,-15012,-6524,-1384,-160,144,129,3584,-4608,-21761,4455,9872,-4362,1013,1024,1024,
31,12715264,-15184,-6640,-1716,-201,374,58,3072,-3072,-21249,-28353,24505,15878,1013,1024,1024,
31,415368448,-15452,-6692,-1612,-200,247,80,3072,-3584,-21249,-14021,-7242,-1570,1013,1024,1024,
31,834798848,-15224,-6416,-1824,-185,191,87,2560,-4096,-20737,-25821,-21726,23770,1013,1024,1024,
31,1237452032,-15196,-6628,-1660,-189,181,84,3328,-3840,-19969,9637,-23387,-7420,1012,1024,1024,
31,1656882432,-15304,-6616,-1808,-186,197,91,2304,-3840,-20481,15852,1228,-22065,1013,1024,1024,
31,2042758400,-15220,-6460,-1640,-183,189,93,5376,-2816,-20993,-5869,-29407,30203,1012,1024,1024,
31,2462188800,-15196,-6528,-1692,-188,197,99,2304,-4352,-21505,951,-28753,14476,1013,1024,1024,
31,2881619200,-15180,-6436,-1648,-195,179,111,2304,-4864,-20993,-20232,3534,-28909,1012,1024,1024,
31,3284272384,-15080,-6508,-1660,-197,183,78,1792,-3328,-19969,-19969,-2359,-19387,1012,1024,1024,
31,3703702784,-15160,-6504,-1624,-190,170,92,2304,-3840,-20993,-19607,-11689,28880,1012,1024,1024,
31,4089578752,-15220,-6564,-1584,-192,192,101,3840,-3840,-22529,-16676,30341,22357,1012,1024,1024,
31,214107392,-15204,-6560,-1692,-193,178,113,2048,-4608,-20225,24182,24877,3374,1012,1024,1024,
31,616760576,-15292,-6460,-1692,-174,175,96,3328,-3328,-20481,29194,17548,1265,1012,1024,1024,
31,1036190976,-14944,-6476,-1664,-188,198,86,3584,-2560,-21761,9632,-3716,14620,1013,1024,1024,
31,1455621376,-15252,-6520,-1736,-185,191,82,3328,-3328,-21505,10273,15923,-18583,1013,1024,1024,
31,1841497344,-15152,-6584,-1708,-198,158,79,3840,-3840,-21505,28473,-14267,-16533,1013,1024,1024,
31,2260927744,-15268,-6528,-1764,-194,188,111,4096,-3584,-21761,-24876,6387,11003,1012,1024,1024,
31,2663580928,-15204,-6600,-1652,-173,164,67,3584,-4096,-21249,1673,-16409,27022,1013,1024,1024,
31,3083011328,-15252,-6556,-1796,-186,156,100,2816,-4352,-22017,9988,14186,20024,1012,1024,1024,
31,3485664512,-15268,-6536,-1816,-194,171,91,2816,-4352,-20481,982,1210,-28981,1013,1024,1024,
31,3905094912,-15208,-6516,-1760,-202,212,97,4096,-4096,-21761,14631,-6635,-26282,1012,1024,1024,
31,12846336,-14748,-6416,-1760,-190,208,85,3584,-4096,-20737,-3847,4726,-20881,1012,1024,1024,
31,415499520,-15440,-6684,-1536,-182,284,86,3328,-2304,-18945,-27265,27093,26601,1012,1024,1024,
31,834929920,-15196,-6516,-1780,-187,126,93,5376,-4352,-21505,-18316,-7357,-4704,1013,1024,1024,
31,1237583104,-15244,-6492,-1764,-185,198,94,3328,-2816,-22017,18065,-26164,-18942,1012,1024,1024,
31,1657013504,-15232,-6488,-1744,-194,192,105,4352,-2304,-22017,21624,-9085,-17999,1012,1024,1024,
31,2042889472,-15264,-6556,-1584,-193,192,95,3840,-2816,-19969,-22809,-24781,24737,1012,1024,1024,
31,2462319872,-15324,-6676,-1704,-173,146,98,3072,-2560,-19201,12373,23039,12408,1012,1024,1024,
31,2881750272,-15276,-6520,-1772,-180,173,60,3584,-3584,-21249,19285,-2503,18469,1012,1024,1024,
31,3284403456,-15200,-6420,-1732,-183,157,89,3584,-4608,-21249,14367,-21522,-23959,1013,1024,1024,
31,3703833856,-15172,-6552,-1692,-195,183,101,3328,-4864,-21505,-19114,18026,-25306,1012,1024,1024,
31,4089709824,-15292,-6500,-1708,-189,194,100,3072,-3072,-21249,19551,-17306,-2490,1012,1024,1024,
31,214238464,-15204,-6552,-1688,-174,167,73,3584,-4096,-19713,-28604,27596,-3967,1012,1024,1024,
31,616891648,-15288,-6504,-1608,-189,181,84,4096,-3072,-21761,-14080,-17294,-30356,1012,1024,1024,
31,1036322048,-15180,-6584,-1684,-195,182,106,3072,-3584,-21761,-25979,-25057,4502,1012,1024,1024,
31,1455752448,-15256,-6488,-1808,-175,179,98,3840,-3840,-22529,-16625,-29792,-17207,1012,1024,1024,
31,1858405632,-15176,-6492,-1648,-199,176,94,2304,-3840,-22529,16914,-8363,-1646,1012,1024,1024,
31,2261058816,-15204,-6432,-1788,-189,171,96,3072,-3584,-20225,558,17825,5161,1012,1024,1024,
31,2663712000,-15328,-6580,-1804,-195,188,177,2560,-4096,-21761,20354,-21907,30673,1012,1024,1024,
31,3083142400,-15264,-6536,-1776,-199,172,103,4096,-3584,-22785,32370,-19359,25294,1013,1024,1024,
31,3485795584,-15392,-6644,-1988,-47,-162,211,3584,-4608,-21249,-31359,-7509,-1037,1013,1024,1024,
31,3905225984,-14120,-7184,2652,2810,4172,16,3072,-3584,-20737,18446,24438,-29541,1013,1024,1024,
31,12977408,-14480,-7996,48,-576,-127,811,3072,-3072,-22273,12577,12048,-29464,1012,1024,1024,
31,415630592,-15116,-6204,-72,-2269,-370,1910,4096,-3584,-21249,-3618,-11214,16766,1012,1024,1024,
31,835060992,-15864,-4284,84,-826,787,-701,3072,-3584,-21761,-32181,10891,-18435,1013,1024,1024,
31,1237714176,-13800,-8808,-288,-110,-649,-590,2816,-3840,-20481,23021,-21056,-15346,1013,1024,1024,
31,1657144576,-14596,-6676,2740,1205,-1968,2774,1792,-3328,-21505,2296,-1962,937,1012,1024,1024,
31,2043020544,-16972,-5800,-684,789,-533,2972,2304,-3840,-22017,33,-25889,-20090,1013,1024,1024,
31,2462450944,-15876,-6184,-600,1091,-1404,2422,3072,-3584,-20737,30281,31564,-29278,1013,1024,1024,
31,2881881344,-15800,-6288,-1284,785,-1617,-1246,2816,-3840,-19969,7996,19844,-6924,1013,1024,1024,
31,3284534528,-14028,-5492,-1568,696,-2297,-2392,2560,-3072,-21249,1931,-7603,26093,1013,1024,1024,
31,3703964928,-13124,-6556,-2004,583,-560,-3024,2816,-3840,-19969,-628,-26044,-1156,1013,1024,1024,
31,4089840896,-12868,-6224,-2252,1148,2512,-2396,2048,-3584,-20737,-18852,-7382,-32152,1014,1024,1024,
31,214369536,-12904,-6124,-1940,304,4218,-3040,3584,-3072,-20737,-30634,24467,30845,1013,1024,1024,
31,617022720,-14544,-5580,-1820,-594,4126,-2957,4608,-3072,-20737,9773,-25633,-6869,1013,1024,1024,
31,1036453120,-13692,-2104,-2372,1066,3586,-5,3584,-3072,-20737,2553,29978,-15723,1014,1024,1024,
31,1455883520,-14448,-7432,-1376,1667,964,-960,3072,-3072,-20225,27914,28595,8969,1013,1024,1024,
31,1841759488,-14816,-6916,-964,736,-87,712,3584,-2048,-20225,22251,12319,3241,1014,1024,1024,
31,2261189888,-16192,-6264,-2288,-203,-583,-282,3072,-2048,-20737,-8698,31023,16697,1013,1024,1024,
31,2663843072,-14732,-7648,-1632,-211,-45,333,3072,-4608,-21761,-14426,31664,-17909,1013,1024,1024,
31,3083273472,-15144,-6412,-1744,37,411,-26,3328,-3840,-21505,16304,-31258,19797,1013,1024,1024,
31,3485926656,-15580,-5824,-1632,593,376,145,3072,-4096,-21249,-11870,-29617,12246,1013,1024,1024,
31,3905357056,-15352,-6488,-1324,1076,687,-77,2048,-2560,-21249,16294,-2273,-15310,1013,1024,1024,
31,13108480,-15380,-6700,-1752,1319,760,-119,3328,-3840,-21505,21793,-16706,-9311,1013,1024,1024,
31,415761664,-15004,-7120,-1688,322,444,55,2304,-3840,-22017,-16754,28305,12152,1013,1024,1024,
31,835192064,-15264,-6488,-1720,-197,42,103,2048,-4096,-21761,11298,6324,179,1013,1024,1024,
31,1237845248,-15504,-6588,-1852,-187,-19,109,3328,-2816,-21505,-27634,14716,-15701,1012,1024,1024,
31,1657275648,-15228,-6620,-1552,-167,92,82,4864,-3328,-21505,596,-26177,22963,1013,1024,1024,
31,2043151616,-15136,-6548,-1524,-237,-72,703,3328,-4352,-20481,16603,-25279,-18620,1012,1024,1024,
31,2462582016,-14604,-6900,-1416,-1177,-401,341,1792,-3840,-21505,-2523,8347,23998,1013,1024,1024,
31,2882012416,-15108,-6348,-3332,-1358,429,-356,2560,-3072,-21761,8427,28062,28796,1013,1024,1024,
31,3284665600,-13996,-8644,-1116,-88,1427,-185,2048,-3072,-21761,9533,-32368,-22520,1013,1024,1024,
31,3704096000,-15180,-6468,-1400,-193,377,15,3840,-3328,-21505,-14195,16606,26446,1012,1024,1024,
31,4089971968,-15108,-6444,-1628,-179,190,98,2048,-2560,-22785,-30229,-16578,-27795,1013,1024,1024,
31,214500608,-15340,-6600,-1740,-172,159,93,2560,-2560,-22785,-8091,14720,-14178,1013,1024,1024,
31,617153792,-15076,-6408,-1684,-181,107,72,3840,-2816,-21505,5791,21587,-5553,1013,1024,1024,
31,1036584192,-15368,-6592,-1760,-196,265,70,3328,-4352,-21505,-27926,25276,29269,1013,1024,1024,
31,1456014592,-14984,-6508,-1824,-191,212,93,2816,-2816,-22017,-4473,2471,-3137,1013,1024,1024,
31,1841890560,-15304,-6540,-1688,-181,192,99,3840,-4864,-22017,9762,14629,-4839,1013,1024,1024,
31,2261320960,-15172,-6496,-1576,-218,182,88,3840,-2304,-22017,12427,14019,31712,1013,1024,1024,
31,2663974144,-15256,-6532,-1680,-191,189,82,2560,-3072,-21761,-30687,-17465,-24624,1012,1024,1024,
31,3083404544,-15224,-6448,-1824,-192,179,102,3328,-2816,-20993,10484,26676,29964,1013,1024,1024,
31,3486057728,-15252,-6524,-1736,-195,176,92,3072,-4096,-23297,-22592,20842,16930,1013,1024,1024,
31,3905488128,-15272,-6480,-1720,-208,187,92,3584,-3072,-22273,4854,-29548,27210,1013,1024,1024,
31,13239552,-15232,-6496,-1732,-185,169,101,3072,-2560,-21249,-8533,-13305,4443,1012,1024,1024,
31,415892736,-15240,-6572,-1708,-188,170,94,2048,-2560,-21249,7140,-13223,5329,1013,1024,1024,
31,835323136,-15272,-6460,-1604,-181,200,99,3072,-3072,-22273,21938,-7436,11411,1013,1024,1024,
31,1237976320,-15296,-6564,-1824,-188,171,102,3072,-3584,-21761,-20474,-5289,-14742,1013,1024,1024,
31,1657406720,-15180,-6516,-1712,-203,170,98,3840,-3840,-20481,868,-12170,3389,1012,1024,1024,
31,2043282688,-15196,-6444,-1752,-194,193,99,3072,-4608,-21249,-14075,4870,-26786,1013,1024,1024,
31,2462713088,-15196,-6496,-1756,-190,155,90,3840,-2816,-20993,-22452,-23607,2698,1013,1024,1024,
31,2882143488,-15292,-6528,-1788,-202,181,95,4608,-3072,-22273,6047,-483,-15697,1013,1024,1024,
31,3284796672,-15268,-6496,-1864,-182,186,82,2304,-2304,-22529,6140,-12809,17652,1013,1024,1024,
31,3704227072,-15340,-6608,-1700,-189,169,69,3328,-3328,-22529,-21194,-13292,26762,1013,1024,1024,
31,4090103040,-15284,-6548,-1812,-179,154,89,2048,-3072,-23297,31128,14295,-14349,1013,1024,1024,
31,214631680,-15280,-6576,-1640,-188,169,97,2560,-3072,-21761,-14932,14506,-3974,1012,1024,1024,
31,617284864,-15132,-6516,-1788,-185,170,78,3328,-3328,-22529,-28208,-28768,29487,1013,1024,1024,
31,1036715264,-15284,-6576,-1680,-183,189,83,4352,-3840,-20481,-4539,9290,-17712,1013,1024,1024,
31,1456145664,-15224,-6464,-1756,-169,176,92,4352,-3328,-22017,23248,-10186,26767,1013,1024,1024,
31,1842021632,-15192,-6480,-1784,-183,163,91,1280,-4864,-21505,24194,32194,-28262,1013,1024,1024,
31,2261452032,-16052,-6908,-1612,-246,679,78,3584,-2560,-22273,10833,-5912,3131,1013,1024,1024,
31,2664105216,-14148,-6220,-1968,-186,52,110,2816,-2816,-20993,-23294,-19624,32176,1013,1024,1024,
31,3083535616,-15336,-6588,-1616,-188,190,19,3840,-3328,-22017,-28972,5593,-27415,1013,1024,1024,
31,3486188800,-14868,-6440,-1820,-184,225,38,2816,-2816,-22529,-9669,-29169,7705,1013,1024,1024,
31,3905619200,-15316,-6628,-1776,-209,236,71,3840,-2816,-22017,12538,14003,28268,1013,1024,1024,
31,13370624,-15148,-6504,-1768,-185,184,95,3840,-3328,-22529,13942,16569,27312,1013,1024,1024,
31,416023808,-15300,-6604,-1708,-214,205,76,4096,-2560,-22273,1462,-26955,-7957,1013,1024,1024,
31,835454208,-15228,-6516,-1780,-179,164,99,4352,-2304,-21505,4847,13416,19613,1013,1024,1024,
31,1238107392,-15036,-6384,-1724,-213,190,70,3072,-3072,-21761,8541,6314,-5816,1013,1024,1024,
31,1657537792,-15292,-6568,-1728,-194,182,95,2816,-3328,-22017,-22650,-4282,4593,1013,1024,1024,
31,2043413760,-15140,-6516,-1708,-202,185,86,3584,-3072,-21249,-26956,-25177,-7207,1013,1024,1024,
31,2462844160,-15344,-6512,-1732,-202,193,77,1792,-3328,-23041,25521,20255,-15107,1012,1024,1024,
31,2882274560,-15216,-6444,-1652,-194,176,82,3328,-3840,-22017,-8513,-2698,18993,1013,1024,1024,
31,3284927744,-15180,-6552,-1732,-177,182,93,3584,-3584,-21761,5032,10364,5353,1012,1024,1024,
31,3704358144,-15212,-6440,-1760,-162,192,69,2048,-3584,-21249,32129,31128,-20796,1013,1024,1024,
31,4090234112,-15336,-6516,-1604,-168,197,93,3840,-2304,-21505,-5579,24906,2376,1013,1024,1024,
31,214762752,-15284,-6428,-1668,-175,183,97,3328,-3328,-20993,-32520,-20679,29420,1013,1024,1024,
31,617415936,-15268,-6440,-1816,-185,179,87,3584,-2560,-21761,-20134,14288,-1118,1013,1024,1024,
31,1036846336,-15156,-6540,-1700,-181,184,99,3584,-3072,-22273,30495,-6647,-28078,1013,1024,1024,
31,1456276736,-15240,-6548,-1680,-166,151,110,3328,-3840,-20993,-13318,12319,-3318,1013,1024,1024,
31,1842152704,-15204,-6460,-1628,-204,179,73,2048,-3072,-21249,17173,19170,2418,1013,1024,1024,
31,2261583104,-15148,-6524,-1760,-196,173,106,3584,-3072,-22785,-16224,-4385,-24892,1013,1024,1024,
31,2664236288,-15160,-6392,-1776,-195,217,82,3072,-3072,-21249,-4798,-20932,29447,1013,1024,1024,
31,3083666688,-15192,-6508,-1724,-190,185,101,2816,-3840,-20993,-26587,-16285,-12975,1013,1024,1024,
31,3486319872,-15144,-6460,-1744,-201,163,86,3840,-3328,-22017,-23561,-13243,-2601,1012,1024,1024,
31,3888973056,-15212,-6540,-1628,-171,185,102,2560,-3072,-22273,-21350,19705,15635,1013,1024,1024,
31,13501696,-15252,-6496,-1784,-171,168,86,2560,-2560,-20737,30527,7947,15465,1012,1024,1024,
31,416154880,-15184,-6560,-1740,-192,158,84,1536,-2560,-20737,22222,-21325,-18315,1012,1024,1024,
31,835585280,-15172,-6456,-1600,-186,177,94,3072,-3072,-20225,13967,-21133,29145,1013,1024,1024,
31,1238238464,-15256,-6520,-1704,-188,199,82,1792,-2816,-22529,13718,18038,-21783,1012,1024,1024,
31,1657668864,-15284,-6448,-1724,-198,166,88,2560,-3584,-20737,-15413,-8822,15707,1013,1024,1024,
31,2043544832,-15148,-6428,-1624,-207,170,114,4352,-2816,-21505,29252,-21752,12070,1012,1024,1024,
31,2462975232,-15144,-6492,-1840,-203,192,86,3584,-3584,-22785,-22852,2760,-755,1013,1024,1024,
31,2882405632,-15192,-6404,-1764,-184,184,85,3072,-2560,-20737,799,10029,18033,1012,1024,1024,
31,3285058816,-15336,-6456,-1852,-184,192,89,2560,-3072,-22273,24181,8772,25983,1013,1024,1024,
31,3704489216,-15204,-6532,-1708,-207,178,70,3328,-2304,-22017,-20056,7358,10539,1013,1024,1024,
31,4090365184,-15224,-6560,-1648,-193,177,109,3072,-4096,-22785,3112,-13802,-29501,1013,1024,1024,
31,214893824,-15236,-6592,-1808,-179,178,90,3072,-3584,-20737,-4659,21019,-23939,1013,1024,1024,
31,617547008,-15140,-6460,-1744,-195,212,108,4096,-3584,-22273,-14431,19752,14288,1013,1024,1024,
31,1036977408,-15260,-6604,-1688,-190,180,68,3072,-3584,-21761,31361,-30075,16278,1013,1024,1024,
31,1456407808,-15204,-6476,-1660,-184,155,75,3584,-4096,-21761,-12440,-7760,-24057,1013,1024,1024,
31,1842283776,-15204,-6512,-1736,-204,162,121,2816,-4352,-21505,675,15733,1831,1013,1024,1024,
31,2261714176,-15276,-6468,-1704,-189,184,91,3840,-3840,-22017,-17073,-18070,1382,1013,1024,1024,
31,2664367360,-15172,-6500,-1680,-195,214,69,2560,-3584,-20737,7710,32588,-23910,1013,1024,1024,
31,3083797760,-15228,-6516,-1740,-189,180,97,2816,-2304,-21505,-15871,-6006,27861,1013,1024,1024,
31,3486450944,-15216,-6516,-1696,-156,169,96,3584,-2560,-20737,-11638,-27843,11194,1013,1024,1024,
31,3889104128,-15224,-6500,-1688,-187,176,100,2816,-4352,-21505,-390,11098,-6857,1013,1024,1024,
31,13632768,-15136,-6516,-1748,-212,178,95,2560,-3072,-22785,12634,21747,-4129,1013,1024,1024,
31,416285952,-15252,-6448,-1648,-200,172,94,3840,-3840,-21505,15304,-29658,6913,1012,1024,1024,
31,835716352,-15208,-6504,-1780,-178,176,101,1024,-2560,-20737,7879,23450,-21040,1013,1024,1024,
31,1238369536,-15256,-6468,-1868,-175,187,81,2816,-2816,-20993,17673,-30716,20159,1013,1024,1024,
31,1657799936,-15224,-6504,-1756,-174,182,77,2816,-4864,-22529,-24593,-22143,-6398,1013,1024,1024,
31,2043675904,-15208,-6516,-1640,-181,185,99,3840,-2816,-22017,-5286,7242,-1650,1013,1024,1024,
31,2463106304,-15332,-6496,-1548,-166,164,74,2304,-2816,-20993,-29554,-15380,25472,1013,1024,1024,
31,2882536704,-15060,-6436,-1712,-192,183,97,3328,-2304,-22017,9110,-30573,-3432,1012,1024,1024,
31,3285189888,-15248,-6552,-1660,-191,149,94,3584,-3072,-22273,797,-25836,23841,1013,1024,1024,
31,3704620288,-15120,-6400,-1708,-177,211,106,3072,-2560,-21249,-5818,4242,7512,1012,1024,1024,
31,4090496256,-14840,-6460,-1712,-190,199,90,2816,-2816,-21505,-16128,30830,24027,1013,1024,1024,
31,215024896,-15276,-6504,-1760,-181,178,80,4352,-2816,-20481,-28376,29750,18584,1013,1024,1024,
31,617678080,-15204,-6512,-1792,-201,163,87,4096,-4096,-22273,-18371,15593,9523,1014,1024,1024,
31,1037108480,-15316,-6484,-1704,-198,206,100,2816,-2816,-22017,-5144,-939,-4837,1013,1024,1024,
31,1456538880,-15300,-6584,-1760,-188,179,94,2816,-3840,-22017,11480,-11908,15603,1013,1024,1024,
31,1842414848,-15172,-6540,-1784,-185,186,82,2560,-3584,-21249,12185,-25368,23080,1013,1024,1024,
31,2261845248,-15276,-6468,-1648,-192,193,77,2816,-3328,-22017,-12585,-21359,-32359,1013,1024,1024,
31,2664498432,-15232,-6492,-1676,-197,204,110,2560,-1536,-20737,166,18803,22941,1012,1024,1024,
31,3083928832,-15140,-6452,-1880,-194,189,87,3584,-3584,-21761,10757,26402,11471,1013,1024,1024,
31,3486582016,-15200,-6420,-1800,-186,176,103,3584,-4096,-21761,-1980,-6241,-22068,1013,1024,1024,
31,3906012416,-15180,-6524,-1744,-172,189,78,4096,-3072,-20737,-18617,12494,26946,1012,1024,1024,
31,13763840,-15364,-6448,-1784,-187,181,94,3584,-3072,-21249,14013,32601,-2998,1013,1024,1024,
31,416417024,-15252,-6476,-1680,-174,179,92,3072,-3584,-21761,-7768,5286,18145,1013,1024,1024,
31,835847424,-15236,-6452,-1684,-190,178,94,3328,-3840,-21505,-23221,-5610,27275,1013,1024,1024,
31,1238500608,-15136,-6504,-1628,-176,184,116,2304,-2816,-22017,5869,22327,-21299,1012,1024,1024,
31,1657931008,-15192,-6408,-1792,-191,170,71,1792,-2304,-22017,-9448,-22288,12619,1012,1024,1024,
31,2043806976,-15220,-6456,-1772,-180,194,92,3584,-3072,-21249,32048,13053,14410,1011,1024,1024,
31,2463237376,-15324,-6488,-1588,-190,174,105,2816,-2816,-22017,13423,-26410,12393,1012,1024,1024,
31,2882667776,-15152,-6444,-1652,-199,185,121,3584,-3584,-20737,1826,32321,-24855,1013,1024,1024,
31,3285320960,-15216,-6520,-1684,-190,176,79,4352,-2816,-22529,-6084,-10745,741,1013,1024,1024,
31,3704751360,-15320,-6508,-1676,-198,190,84,2304,-3840,-21505,13008,12121,18047,1013,1024,1024,
31,4090627328,-15200,-6520,-1724,-183,168,84,4352,-3328,-22017,3164,5695,11162,1012,1024,1024,
31,215155968,-15272,-6492,-1724,-194,196,82,2304,-2816,-22017,-17691,-16484,17575,1013,1024,1024,
31,617809152,-15196,-6540,-1808,-180,182,89,3584,-3072,-20737,-3227,-25218,20927,1013,1024,1024,
31,1037239552,-15304,-6452,-1728,-190,192,100,3584,-4096,-22273,3082,-26762,-11654,1013,1024,1024,
31,1456669952,-15264,-6568,-1708,-199,177,73,3328,-3840,-22529,30734,12217,-9089,1013,1024,1024,
31,1842545920,-15272,-6508,-1676,-184,173,94,3072,-4096,-21249,-16398,-15115,-14087,1013,1024,1024,
31,2261976320,-15272,-6432,-1724,-192,165,103,3328,-2816,-22529,-3241,-3047,17074,1013,1024,1024,
31,2664629504,-15252,-6552,-1736,-184,208,71,2816,-2816,-21505,482,-13827,9560,1013,1024,1024,
31,3084059904,-15220,-6472,-1632,-186,184,85,3328,-4352,-22529,26889,-25558,-23482,1012,1024,1024,
31,3486713088,-15124,-6560,-1764,-194,196,107,3840,-3328,-19969,-28995,15919,13242,1013,1024,1024,
31,3906143488,-15160,-6516,-1684,-186,162,80,2560,-4096,-21249,-20302,-31399,-23234,1012,1024,1024,
31,13894912,-15216,-6512,-1788,-187,188,93,3328,-3328,-23041,8258,5135,-21748,1013,1024,1024,
31,416548096,-15192,-6500,-1768,-206,198,91,3584,-3584,-22785,12498,30353,28271,1012,1024,1024,
31,835978496,-15224,-6532,-1684,-194,178,89,2816,-2304,-22017,-28531,-23523,-29093,1013,1024,1024,
31,1238631680,-15184,-6388,-1660,-190,190,95,2560,-4096,-22785,-26924,-12944,5637,1013,1024,1024,
31,1658062080,-15220,-6556,-1688,-192,199,80,3840,-1280,-22529,-7836,-24304,-18805,1013,1024,1024,
31,2043938048,-15332,-6560,-1684,-185,178,100,3584,-4096,-22273,29625,19495,25123,1013,1024,1024,
31,2463368448,-15220,-6532,-1680,-184,184,87,3328,-4352,-20993,-17543,-25631,24186,1013,1024,1024,
31,2882798848,-15244,-6472,-1776,-173,182,81,4352,-3328,-20993,-2967,-17938,-10643,1013,1024,1024,
31,3285452032,-15296,-6512,-1808,-192,172,76,4864,-4352,-22017,-20774,5677,7720,1013,1024,1024,
31,3704882432,-15112,-6376,-1716,-193,157,80,4352,-1792,-22529,-27535,4352,19809,1013,1024,1024,
31,4090758400,-15096,-6520,-1652,-196,196,79,3328,-3840,-22529,-10301,23303,-2619,1012,1024,1024,
31,215287040,-15176,-6544,-1708,-186,174,96,3328,-3840,-20481,4542,326,-14491,1013,1024,1024,
31,617940224,-15180,-6508,-1772,-195,174,99,3328,-2304,-20481,22103,8956,2924,1013,1024,1024,
31,1037370624,-15180,-6600,-1776,-180,173,89,4352,-3328,-23041,1055,-19818,16019,1013,1024,1024,
31,1456801024,-15244,-6512,-1704,-198,216,89,3072,-3584,-21249,-6495,-38,-6399,1013,1024,1024,
31,1842676992,-15196,-6524,-1680,-201,177,92,4864,-2304,-21505,-27549,-27441,-21613,1013,1024,1024,
31,2262107392,-15248,-6508,-1740,-197,192,105,2816,-3328,-20481,-7772,-1926,16137,1013,1024,1024,
31,2664760576,-15216,-6596,-1716,-205,175,102,3328,-2304,-21505,-24877,15177,-6040,1013,1024,1024,
31,3084190976,-15304,-6512,-1700,-180,179,100,2816,-3328,-20993,15225,20617,-27738,1013,1024,1024,
31,3486844160,-14988,-6424,-1852,-193,183,115,3840,-3328,-20993,1927,-4738,3860,1013,1024,1024,
31,3906274560,-15308,-6468,-1944,-160,112,120,2560,-2048,-21249,-27046,3950,-18405,1013,1024,1024,
31,14025984,-15072,-6500,-1584,-182,249,80,3072,-2560,-21761,-30980,6540,25386,1013,1024,1024,
31,416679168,-15276,-6568,-1712,-203,155,82,3328,-3328,-22017,10703,-25049,7787,1013,1024,1024,
31,836109568,-15264,-6548,-1736,-192,180,121,2816,-3328,-21505,-19565,-25221,6432,1013,1024,1024,
31,1238762752,-15224,-6452,-1616,-168,175,98,1792,-2816,-20993,-21712,-3263,-9231,1013,1024,1024,
31,1658193152,-15160,-6496,-1768,-200,184,115,2560,-4096,-21761,19658,-23278,20810,1013,1024,1024,
31,2044069120,-15240,-6564,-1700,-188,169,96,3840,-2816,-22017,-28620,-12858,11234,1013,1024,1024,
31,2463499520,-15300,-6512,-1728,-205,197,91,3072,-4096,-20737,12639,-30581,24989,1013,1024,1024,
31,2882929920,-15188,-6496,-1648,-183,179,102,3072,-3584,-21761,-14824,-4391,6377,1013,1024,1024,
31,3285583104,-15220,-6580,-1836,-207,160,81,3072,-3072,-22785,-21467,15820,22807,1013,1024,1024,
31,3705013504,-15196,-6564,-1720,-195,173,101,2816,-3840,-22529,-18842,-3010,-12219,1013,1024,1024,
31,4090889472,-15304,-6412,-1652,-224,158,34,2304,-4352,-22017,-2293,-24642,31583,1014,1024,1024,
31,215418112,-15340,-6424,-1564,-212,217,58,2816,-3840,-21505,-2852,-16804,11178,1013,1024,1024,
31,618071296,-15212,-6444,-1700,-173,135,74,3072,-3072,-21761,25557,187,-23418,1012,1024,1024,
31,1037501696,-14976,-6484,-1852,-212,201,80,3328,-3840,-20993,27576,16635,20958,1013,1024,1024,
31,1456932096,-15136,-6596,-1672,-198,215,77,2816,-4352,-21505,-1068,22225,-31222,1012,1024,1024,
31,1842808064,-15204,-6492,-1708,-181,167,72,3840,-3840,-20481,2961,764,-21765,1012,1024,1024,
31,2262238464,-15272,-6480,-1756,-189,187,68,3072,-4096,-21249,-4172,-16713,2233,1013,1024,1024,
31,2664891648,-15104,-6488,-1792,-189,176,105,2560,-2560,-21249,-8159,19728,3058,1013,1024,1024,
31,3084322048,-15272,-6544,-1720,-187,191,88,2816,-3840,-20993,25856,11544,19394,1013,1024,1024,
31,3486975232,-15300,-6560,-1724,-174,169,86,2816,-3328,-23041,-2424,595,-11142,1012,1024,1024,
31,3906405632,-15144,-6516,-1624,-241,258,67,1280,-2816,-22529,17053,-26978,-4418,1012,1024,1024,
31,14157056,-15292,-6540,-1696,-175,165,138,3840,-3328,-22017,7901,32442,11624,1012,1024,1024,
31,416810240,-15448,-6540,-1848,-141,68,144,1536,-3072,-21249,-12074,10066,-15856,1013,1024,1024,
31,836240640,-15280,-6412,-1588,-166,170,98,3328,-2816,-22529,-12201,8057,-2840,1013,1024,1024,
31,1238893824,-15208,-6624,-1476,-250,269,159,3328,-3840,-21505,-5762,-1244,12678,1013,1024,1024,
31,1658324224,-15172,-6548,-1688,-206,258,75,2560,-4096,-22273,5994,25768,-25595,1013,1024,1024,
31,2044200192,-15196,-6476,-1760,-200,207,67,4096,-1536,-22273,-21455,22458,18023,1012,1024,1024,
31,2463630592,-15168,-6520,-1732,-182,194,81,3584,-4096,-22273,-7296,4761,-18050,1012,1024,1024,
31,2883060992,-15352,-6588,-1652,-186,180,89,2304,-3840,-22017,-21620,7713,-14918,1013,1024,1024,
31,3285714176,-15212,-6448,-1676,-186,196,80,4352,-2816,-22017,-12527,-31462,-1914,1012,1024,1024,
31,3705144576,-15176,-6472,-1796,-188,174,92,3584,-2560,-21761,23619,32298,16798,1012,1024,1024,
31,4091020544,-15324,-6476,-1752,-195,206,77,4096,-3584,-21761,-17353,-12331,-11991,1012,1024,1024,
31,215549184,-15236,-6492,-1712,-196,208,84,2816,-3328,-20993,31612,-7095,4083,1012,1024,1024,
31,618202368,-15244,-6472,-1836,-189,187,88,2816,-2304,-22529,-8363,28849,-17672,1012,1024,1024,
31,1037632768,-15244,-6456,-1724,-182,193,83,2048,-4608,-21249,-28664,1923,25253,1013,1024,1024,
31,1457063168,-15220,-6512,-1864,-181,167,104,2304,-2816,-21505,4394,2416,18599,1012,1024,1024,
31,1842939136,-15176,-6556,-1596,-201,172,80,2560,-3584,-22785,-27402,15013,27232,1012,1024,1024,
31,2262369536,-15260,-6544,-1788,-178,134,101,2816,-2816,-20993,-25481,-7064,-25576,1012,1024,1024,
31,2665022720,-15228,-6488,-1820,-186,197,101,2560,-4096,-21761,729,13928,10785,1013,1024,1024,
31,3084453120,-15200,-6616,-1932,-205,212,99,3584,-3584,-20225,5048,21454,-13090,1013,1024,1024,
31,3487106304,-15160,-6552,-1656,-181,164,106,3840,-3328,-21505,10307,-32156,-29626,1013,1024,1024,
31,3906536704,-15232,-6456,-1788,-188,203,89,4096,-3072,-21249,-8697,-14661,-13544,1013,1024,1024,
31,14288128,-15292,-6456,-1796,-171,207,80,3328,-4352,-21505,14959,5103,29483,1012,1024,1024,
31,416941312,-15236,-6484,-1760,-187,162,90,3840,-2304,-23041,-10149,-10626,-27388,1013,1024,1024,
31,836371712,-15260,-6552,-1752,-182,165,90,2304,-2304,-22017,20117,26340,16467,1012,1024,1024,
31,1239024896,-15248,-6576,-1764,-197,165,81,2816,-4352,-22017,-17046,9704,-10135,1013,1024,1024,
31,1658455296,-15252,-6452,-1704,-190,178,77,2816,-3328,-21505,-32003,17129,1552,1013,1024,1024,
31,2044331264,-15072,-6508,-1772,-187,186,87,4096,-3584,-21249,12776,9912,-16555,1013,1024,1024,
31,2463761664,-15288,-6464,-1732,-183,184,80,2816,-3840,-21505,3247,-3437,16693,1013,1024,1024,
31,2883192064,-15208,-6608,-1764,-184,172,99,3072,-2560,-22785,-20157,17556,775,1013,1024,1024,
31,3285845248,-15232,-6564,-1720,-176,183,81,3072,-3584,-21761,-5359,-7859,12419,1013,1024,1024,
31,3705275648,-15184,-6440,-1744,-176,186,96,3072,-4608,-21249,8789,11252,-11219,1013,1024,1024,
31,4091151616,-15216,-6444,-1776,-194,190,98,1792,-3840,-21505,-3790,-20060,11760,1013,1024,1024,
31,215680256,-15260,-6488,-1692,-179,192,81,3840,-3840,-20993,6952,-28093,3332,1013,1024,1024,
31,618333440,-15248,-6508,-1660,-208,188,88,3328,-2816,-21505,-15962,4850,3237,1012,1024,1024,
31,1037763840,-15136,-6392,-1776,-196,169,98,1792,-4864,-22529,26848,-26113,-13908,1013,1024,1024,
31,1457194240,-15148,-6436,-1808,-193,184,82,3072,-2048,-21249,27109,-1216,23986,1013,1024,1024,
31,1843070208,-15224,-6460,-1756,-175,179,95,3328,-3328,-21505,-27443,12528,9876,1014,1024,1024,
31,2262500608,-15312,-6488,-1692,-198,159,80,3840,-2816,-22529,-32620,30122,-17239,1013,1024,1024,
31,2665153792,-15272,-6476,-1740,-176,182,107,2816,-3328,-22017,4471,24736,-3847,1014,1024,1024,
31,3084584192,-15164,-6560,-1724,-187,167,97,3328,-3328,-22017,-26179,-4809,28999,1013,1024,1024,
31,3487237376,-15200,-6524,-1724,-195,172,96,2816,-2304,-20993,-17649,27296,31475,1013,1024,1024,
31,3906667776,-15336,-6552,-1720,-203,168,95,2560,-2560,-22273,16632,-28516,31470,1013,1024,1024,
31,14419200,-15276,-6528,-1728,-191,173,104,4096,-4096,-20737,-6202,-26836,22952,1013,1024,1024,
31,417072384,-15264,-6560,-1708,-174,190,99,3840,-3328,-22017,-4751,-13680,-11494,1013,1024,1024,
31,836502784,-15192,-6476,-1768,-176,180,77,3584,-3072,-21249,-461,32245,-23028,1013,1024,1024,
31,1239155968,-15172,-6536,-1812,-176,184,78,2816,-3840,-21505,27341,-2599,-25996,1013,1024,1024,
31,1658586368,-15216,-6520,-1836,-198,168,106,4608,-2560,-20225,-11777,29162,-28536,1013,1024,1024,
31,2044462336,-15292,-6584,-1764,-203,179,86,3072,-3584,-21761,-3294,-3950,14734,1013,1024,1024,
31,2463892736,-15220,-6560,-1824,-198,169,94,3328,-3328,-22529,-12535,-31226,1479,1012,1024,1024,
31,2883323136,-15284,-6516,-1584,-192,185,106,3584,-3072,-20737,-31379,-15382,19189,1012,1024,1024,
31,3285976320,-15136,-6512,-1716,-187,184,85,2304,-2816,-21505,20460,-7283,28302,1013,1024,1024,
31,3705406720,-15252,-6372,-1672,-181,162,99,4096,-3072,-22785,31417,20950,-29401,1013,1024,1024,
31,4091282688,-15304,-6488,-1692,-206,201,81,1792,-2816,-22017,-30952,20573,-8588,1013,1024,1024,
31,215811328,-15220,-6476,-1640,-192,167,113,2048,-3072,-22273,16251,-4861,4820,1012,1024,1024,
31,618464512,-15244,-6528,-1848,-177,186,85,2816,-2304,-22529,-8682,4730,17354,1013,1024,1024,
31,1037894912,-15292,-6496,-1652,-198,169,103,3328,-3328,-20993,-16083,-24577,-18375,1013,1024,1024,
31,1457325312,-15188,-6480,-1676,-219,174,96,3328,-2304,-21505,18841,-28522,29856,1013,1024,1024,
31,1843201280,-15252,-6528,-1672,-188,187,82,1792,-2816,-22017,-29163,9182,3449,1013,1024,1024,
31,2262631680,-15140,-6508,-1780,-178,170,81,2816,-3328,-21505,11341,14942,-16311,1012,1024,1024,
31,2665284864,-15236,-6528,-1800,-188,181,107,2048,-2560,-22273,-27988,31220,23876,1012,1024,1024,
31,3084715264,-15168,-6456,-1708,-177,196,88,2304,-3840,-22017,-5801,2265,4464,1013,1024,1024,
31,3487368448,-15204,-6500,-1704,-201,177,87,3840,-3840,-22529,30522,-13257,-13847,1012,1024,1024,
31,3890021632,-15132,-6556,-1764,-196,179,82,3072,-3584,-21761,-31272,18800,-29126,1012,1024,1024,
31,14550272,-15244,-6480,-1776,-194,166,101,2560,-3584,-22273,2609,16435,-27684,1012,1024,1024,
31,417203456,-15204,-6432,-1748,-178,165,89,3072,-3584,-22273,22105,10059,-6191,1013,1024,1024,
31,836633856,-15292,-6508,-1832,-191,163,91,2560,-3072,-20737,-4931,-27763,-26575,1012,1024,1024,
31,1239287040,-15280,-6564,-1652,-183,199,89,3840,-3328,-22529,-12538,12107,6007,1012,1024,1024,
31,1658717440,-15208,-6504,-1736,-191,168,88,3072,-3584,-22785,18113,-6813,-203,1013,1024,1024,
31,2044593408,-15136,-6560,-1728,-186,179,79,3584,-3584,-21761,5267,28126,-14110,1013,1024,1024,
31,2464023808,-15140,-6488,-1724,-187,182,96,2560,-2560,-21249,4351,-29933,6535,1012,1024,1024,
31,2883454208,-15316,-6412,-1728,-177,164,94,3072,-3584,-21761,6386,28437,-23751,1013,1024,1024,
31,3286107392,-15124,-6516,-1784,-184,178,81,3328,-3328,-20993,-29445,-10662,-12487,1013,1024,1024,
31,3705537792,-15328,-6468,-1668,-213,169,103,3840,-2304,-22017,-11658,-7653,-31795,1013,1024,1024,
31,4091413760,-15204,-6488,-1700,-191,154,82,3584,-3072,-22273,7390,-3519,15525,1013,1024,1024,
31,215942400,-15212,-6500,-1632,-212,180,98,4352,-4864,-20993,12229,-1674,25609,1013,1024,1024,
31,618595584,-15172,-6508,-1684,-186,192,96,1792,-4352,-21505,20303,-30851,15568,1013,1024,1024,
31,1038025984,-15176,-6488,-1692,-183,189,103,3328,-3328,-22017,-14923,-32550,28731,1013,1024,1024,
31,1457456384,-15292,-6432,-1728,-181,177,83,3072,-4608,-21761,-4208,-31811,1601,1013,1024,1024,
31,1843332352,-15264,-6452,-1632,-180,171,58,3584,-3072,-22273,-17266,-24334,-30756,1013,1024,1024,
31,2262762752,-15236,-6448,-1676,-183,179,84,3072,-4608,-20737,1637,-589,-23384,1013,1024,1024,
31,2665415936,-15216,-6536,-1732,-169,191,80,4352,-3328,-22017,-21073,-7794,-6730,1012,1024,1024,
31,3084846336,-15212,-6496,-1624,-185,159,91,2816,-2304,-20481,-20442,14022,16927,1013,1024,1024,
31,3487499520,-15300,-6520,-1744,-192,181,81,3840,-2816,-21505,-17334,-17333,-3307,1013,1024,1024,
31,3890152704,-15108,-6512,-1656,-186,176,99,3840,-2304,-22017,7434,9973,23418,1013,1024,1024,
31,14681344,-15152,-6500,-1696,-187,192,87,2816,-2816,-22017,-3737,20961,-9898,1013,1024,1024,
31,417334528,-15224,-6496,-1816,-174,185,112,4352,-3328,-22529,17195,-1233,1823,1013,1024,1024,
31,836764928,-15272,-6536,-1704,-190,209,90,3584,-1536,-22785,-22339,-23681,3144,1012,1024,1024,
31,1239418112,-15272,-6504,-1672,-202,166,99,2560,-3072,-20737,32209,-32321,-18481,1013,1024,1024,
31,1658848512,-15220,-6560,-1828,-177,174,93,3584,-3584,-21249,-23579,10650,28200,1013,1024,1024,
31,2044724480,-15204,-6404,-1720,-193,192,79,4096,-3072,-23297,-8849,23194,1788,1013,1024,1024,
31,2464154880,-15280,-6452,-1636,-183,175,96,2048,-3584,-22785,17795,27417,2904,1012,1024,1024,
31,2883585280,-15228,-6512,-1672,-177,159,103,4352,-3328,-20993,-2255,28145,9917,1013,1024,1024,
31,3286238464,-15204,-6460,-1776,-193,159,86,3328,-3328,-22529,-935,29158,32025,1013,1024,1024,
31,3705668864,-15148,-6488,-1748,-190,178,86,2304,-3328,-20993,-11897,7896,8686,1013,1024,1024,
31,4091544832,-15324,-6448,-1808,-172,197,76,3840,-3840,-21505,-15477,31799,-16244,1013,1024,1024,
31,216073472,-15300,-6580,-1748,-188,185,81,2304,-3328,-23041,20296,13702,8238,1013,1024,1024,
31,618726656,-15128,-6536,-1736,-186,179,78,4352,-3328,-21505,26090,-19609,-13450,1012,1024,1024,
31,1038157056,-15208,-6408,-1752,-209,174,97,4352,-3328,-22017,-12007,-6865,-23849,1011,1024,1024,
31,1457587456,-15276,-6488,-1824,-181,180,81,2816,-3328,-22529,-3229,-30371,22022,1012,1024,1024,
31,1843463424,-15200,-6540,-1828,-186,165,102,2560,-4608,-22273,24821,13856,15860,1013,1024,1024,
31,2262893824,-15228,-6528,-1748,-197,191,80,2560,-3072,-22273,-22318,-30355,-9424,1012,1024,1024,
31,2665547008,-15120,-6440,-1636,-192,161,93,1280,-2816,-22017,-11232,-24937,21361,1013,1024,1024,
31,3084977408,-15284,-6536,-1732,-185,200,108,3328,-3328,-20993,28829,12620,-16994,1013,1024,1024,
31,3487630592,-15232,-6576,-1648,-184,174,91,3840,-3328,-19969,28068,30449,-28936,1013,1024,1024,
31,3890283776,-15180,-6504,-1716,-201,174,84,2560,-3072,-21249,-15709,-30100,19303,1013,1024,1024,
31,14812416,-15240,-6600,-1676,-200,190,88,2560,-2560,-22785,4392,4978,-7083,1013,1024,1024,
31,417465600,-15284,-6464,-1792,-192,179,80,3072,-3072,-21761,-17770,-8902,14428,1013,1024,1024,
31,836896000,-15248,-6492,-1712,-197,187,93,3072,-3584,-22785,-7488,25409,5747,1012,1024,1024,
31,1239549184,-15160,-6612,-1748,-188,183,94,3840,-3840,-21505,-28410,-18796,22526,1013,1024,1024,
31,1658979584,-15208,-6488,-1636,-180,170,100,2048,-3072,-22785,8353,-3462,-12183,1012,1024,1024,
31,2044855552,-15208,-6468,-1756,-183,198,84,3072,-2560,-23809,16261,28524,25530,1013,1024,1024,
31,2464285952,-15288,-6492,-1660,-175,191,79,2816,-2304,-22017,-31889,-29805,25370,1013,1024,1024,
31,2883716352,-15240,-6540,-1792,-180,178,98,3584,-3584,-21761,4046,-10088,-31037,1012,1024,1024,
31,3286369536,-15264,-6516,-1824,-204,170,105,3328,-2816,-22017,624,-18120,-18386,1013,1024,1024,
31,3705799936,-15144,-6512,-1636,-182,188,82,3072,-512,-21761,-6384,-2601,-24042,1012,1024,1024,
31,4091675904,-15236,-6608,-1604,-177,184,110,3584,-3072,-22273,27826,-3667,-17000,1012,1024,1024,
31,216204544,-15244,-6508,-1652,-187,185,81,2560,-3584,-23297,25717,-30887,-4888,1012,1024,1024,
31,618857728,-15184,-6564,-1736,-183,160,92,3072,-3584,-21761,-22732,-4368,-1477,1012,1024,1024,
31,1038288128,-15256,-6528,-1780,-177,193,91,3584,-3584,-22785,-8724,-13900,25408,1012,1024,1024,
31,1457718528,-15192,-6540,-1716,-189,179,100,4096,-2560,-22273,21202,4864,8739,1013,1024,1024,
31,1843594496,-15268,-6428,-1648,-199,175,107,2048,-3072,-21761,-10627,22003,-26914,1013,1024,1024,
31,2263024896,-15300,-6444,-1572,-179,193,106,1536,-3072,-20737,-10053,-32175,-24594,1012,1024,1024,
31,2665678080,-15156,-6528,-1708,-176,168,116,2304,-2816,-22017,-13225,6064,-6208,1013,1024,1024,
31,3085108480,-15308,-6528,-1736,-184,191,80,2560,-2560,-22785,-28354,-26382,18042,1013,1024,1024,
31,3487761664,-15232,-6496,-1744,-203,167,103,3328,-3328,-22017,17120,12952,24581,1013,1024,1024,
31,3890414848,-15156,-6548,-1648,-189,187,48,3072,-2048,-22273,-18621,-21215,28179,1013,1024,1024,
31,14943488,-15288,-6480,-1696,-204,195,78,3328,-1280,-22017,-2384,-12287,-31104,1013,1024,1024,
31,417596672,-15224,-6560,-1728,-171,176,72,3072,-4096,-21249,-13088,11468,-13121,1013,1024,1024,
31,837027072,-15176,-6480,-1812,-207,187,72,3840,-4352,-22017,-18494,19847,6254,1013,1024,1024,
31,1239680256,-15204,-6552,-1784,-189,165,91,2816,-3328,-20993,-29295,16590,-11906,1012,1024,1024,
31,1642333440,-15276,-6476,-1764,-191,193,101,1536,-3072,-23297,-16595,16223,12585,1013,1024,1024,
31,2044986624,-15164,-6452,-1636,-202,182,95,2304,-3840,-21505,15388,5249,-8892,1012,1024,1024,
31,2464417024,-15212,-6508,-1728,-189,169,104,3072,-3072,-22273,17377,11307,-31758,1013,1024,1024,
31,2883847424,-15264,-6412,-1800,-179,176,91,3328,-3840,-22529,5519,9743,26791,1013,1024,1024,
31,3286500608,-15192,-6572,-1732,-204,182,79,3584,-3072,-21249,28156,3490,16427,1013,1024,1024,
31,3705931008,-15288,-6544,-1788,-185,186,90,3072,-3584,-21761,5684,27029,-29513,1013,1024,1024,
31,4091806976,-15212,-6416,-1676,-190,191,96,2816,-4352,-21505,18233,-15811,-10922,1013,1024,1024,
31,216335616,-15364,-6464,-1656,-197,222,84,3840,-3328,-22017,7880,6313,10584,1013,1024,1024,
31,618988800,-15244,-6576,-1676,-193,195,106,2816,-3328,-22017,5653,-4232,-9411,1013,1024,1024,
31,1038419200,-15312,-6504,-1808,-185,174,96,2560,-3072,-22785,12254,-13123,-24526,1012,1024,1024,
31,1457849600,-15252,-6508,-1728,-171,190,103,3072,-1024,-20737,-13237,-3813,-11984,1013,1024,1024,
31,1843725568,-15196,-6536,-1704,-182,179,94,3328,-5376,-21505,-16806,6768,28781,1013,1024,1024,
31,2263155968,-15252,-6580,-1740,-181,179,93,4096,-3072,-22785,21553,7679,-29231,1013,1024,1024,
31,2665809152,-15200,-6492,-1740,-193,197,104,3328,-2816,-20481,6992,-12169,20587,1012,1024,1024,
31,3085239552,-15300,-6496,-1616,-203,164,88,2560,-4096,-22273,24825,-14656,-26945,1013,1024,1024,
31,3487892736,-15244,-6504,-1688,-193,173,66,2304,-3328,-21505,-8150,3949,32387,1012,1024,1024,
31,3890545920,-15320,-6436,-1640,-185,161,97,1792,-3328,-22529,6887,-1284,29358,1013,1024,1024,
31,15074560,-15132,-6496,-1652,-181,183,87,2048,-3584,-20225,-12986,23260,24141,1013,1024,1024,
31,417727744,-15248,-6460,-1736,-181,198,86,3840,-2304,-22017,27134,-5291,18713,1012,1024,1024,
31,837158144,-15216,-6488,-1776,-184,159,97,2560,-3584,-20225,18676,22676,5979,1012,1024,1024,
31,1239811328,-15232,-6560,-1728,-193,178,94,2304,-4352,-22017,3881,-3699,-25219,1013,1024,1024,
31,1659241728,-15196,-6484,-1756,-181,193,81,4096,-2560,-22273,-29793,-30989,-14945,1012,1024,1024,
31,2045117696,-15200,-6476,-1800,-178,170,84,4096,-3584,-20737,24876,-12025,18773,1013,1024,1024,
31,2464548096,-15112,-6424,-1756,-201,187,73,3584,-1536,-23297,15019,30565,24655,1013,1024,1024,
31,2883978496,-15220,-6436,-1768,-195,193,91,3840,-3328,-22017,-24140,-12938,-26125,1013,1024,1024,
31,3286631680,-15228,-6508,-1736,-190,195,85,3072,-3072,-21761,-17893,-4481,-29386,1012,1024,1024,
31,3706062080,-15192,-6468,-1728,-205,169,92,2560,-3072,-23297,-10187,-21290,10613,1013,1024,1024,
31,4091938048,-14956,-6392,-1676,-203,312,86,4352,-3328,-22529,-31536,-1377,-25718,1013,1024,1024,
31,216466688,-15056,-6476,-1744,-189,151,82,2816,-2304,-21505,8321,-24625,-9967,1013,1024,1024,
31,619119872,-15336,-6496,-1588,-201,169,96,2816,-2304,-20993,2297,21522,11091,1013,1024,1024,
31,1038550272,-15316,-6476,-1696,-211,205,83,3072,-2048,-20737,-31222,5847,-17002,1012,1024,1024,
31,1457980672,-15236,-6516,-1716,-197,201,81,4096,-2048,-22785,22075,-658,-7038,1013,1024,1024,
31,1843856640,-15148,-6496,-1620,-172,195,105,3328,-3840,-22017,-17898,7804,-25413,1013,1024,1024,
31,2263287040,-15196,-6532,-1776,-193,175,107,2048,-3072,-22273,-13947,24825,21895,1012,1024,1024,
31,2665940224,-15312,-6552,-1624,-173,195,87,3840,-2816,-20993,-12349,14450,4170,1013,1024,1024,
31,3085370624,-15188,-6440,-1808,-192,179,105,3072,-2560,-21249,12146,-23065,31555,1012,1024,1024,
31,3488023808,-15212,-6464,-1696,-191,173,99,2816,-4352,-22017,16654,19145,9812,1012,1024,1024,
31,3890676992,-15320,-6508,-1840,-207,212,94,3072,-3584,-22273,5223,8467,7842,1012,1024,1024,
31,15205632,-15212,-6584,-1652,-176,189,95,3072,-2560,-21761,-13800,7733,27173,1012,1024,1024,
31,417858816,-15252,-6520,-1692,-173,193,108,4096,-3072,-22273,-715,22350,-31627,1012,1024,1024,
31,837289216,-15184,-6492,-1812,-199,148,97,3072,-3584,-23297,9406,-5116,10660,1013,1024,1024,
31,1239942400,-15240,-6572,-1760,-194,173,85,2304,-2816,-22529,-28595,18295,9404,1012,1024,1024,
31,1659372800,-15264,-6452,-1620,-195,168,98,2304,-2304,-22529,27074,4077,17869,1013,1024,1024,
31,2045248768,-15236,-6492,-1744,-192,174,96,4096,-2048,-21761,18839,-25331,-11205,1012,1024,1024,
31,2464679168,-15240,-6528,-1640,-202,177,79,2560,-3072,-22273,4856,-27508,1958,1012,1024,1024,
31,2884109568,-15148,-6520,-1740,-190,164,88,3840,-4352,-22017,25662,-6540,1128,1013,1024,1024,
31,3286762752,-15616,-6600,-1888,-201,133,83,2048,-4608,-22273,-3559,26905,14223,1013,1024,1024,
31,3706193152,-15168,-6384,-1524,-160,163,67,3584,-3584,-22273,17458,-5382,-2139,1013,1024,1024,
31,4092069120,-15012,-6476,-1552,-142,126,120,3328,-2304,-21505,-26178,-23851,30112,1013,1024,1024,
31,216597760,-15204,-6464,-1604,-194,231,61,2560,-3072,-23297,-25761,8085,-26349,1013,1024,1024,
31,619250944,-15260,-6516,-1708,-193,182,91,3072,-2560,-22273,13834,-32615,-17075,1013,1024,1024,
31,1038681344,-15112,-6464,-1608,-201,184,102,3840,-3328,-22017,14210,28819,3773,1013,1024,1024,
31,1458111744,-15264,-6564,-1756,-171,148,86,3328,-3840,-19969,-15117,-10525,-552,1013,1024,1024,
31,1843987712,-15308,-6488,-1856,-165,165,99,4096,-3072,-20737,-22737,-30536,28947,1013,1024,1024,
31,2263418112,-15148,-6500,-1704,-172,157,111,2816,-4352,-22017,27820,23256,21956,1013,1024,1024,
31,2666071296,-15256,-6564,-1732,-196,182,98,3328,-4864,-22017,-3033,-11393,-8256,1013,1024,1024,
31,3085501696,-15284,-6460,-1744,-187,186,105,3328,-3840,-21505,-6845,-13841,6709,1012,1024,1024,
31,3488154880,-15180,-6532,-1788,-186,188,56,3584,-4096,-21249,-10801,14543,24468,1013,1024,1024,
31,3890808064,-15248,-6508,-1632,-166,198,129,2816,-3840,-20993,15210,-6169,6124,1013,1024,1024,
31,15336704,-15140,-6420,-1676,-202,205,94,2816,-2816,-21505,-20608,4128,-9756,1013,1024,1024,
31,417989888,-15272,-6484,-1744,-206,185,84,3584,-2560,-21249,-20224,-29879,31075,1013,1024,1024,
31,837420288,-15168,-6548,-1856,-195,199,74,2048,-3584,-21761,12036,-2659,16584,1013,1024,1024,
31,1240073472,-15216,-6528,-1636,-184,170,83,3072,-3584,-22273,-14096,-21005,-16228,1012,1024,1024,
31,1642726656,-15196,-6464,-1864,-196,164,89,4096,-3584,-22273,-11119,-20791,-24531,1014,1024,1024,
31,2045379840,-15248,-6496,-1700,-204,173,103,3328,-2816,-23041,30127,-1308,-12646,1013,1024,1024,
31,2464810240,-15196,-6476,-1684,-167,174,118,3072,-3072,-20737,-28115,26586,27414,1013,1024,1024,
31,2884240640,-15304,-6472,-1760,-190,188,90,3584,-3072,-21249,-19693,-16345,-8614,1013,1024,1024,
31,3286893824,-15276,-6420,-1580,-187,168,104,3072,-4096,-21761,-24806,-2683,-25263,1013,1024,1024,
31,3706324224,-15124,-6492,-1736,-199,185,86,3328,-3328,-22529,-12804,-3574,9781,1013,1024,1024,
31,4092200192,-15280,-6476,-1656,-210,165,58,1792,-4352,-22017,9344,-31746,-25929,1013,1024,1024,
31,216728832,-15156,-6472,-1640,-179,179,103,3840,-2816,-21505,-30879,-2766,-10070,1012,1024,1024,
31,619382016,-15236,-6544,-1872,-196,187,101,2304,-3328,-20993,11012,-9896,14927,1012,1024,1024,
31,1038812416,-15064,-6496,-1688,-187,160,100,2560,-4608,-22273,-8142,6442,18954,1012,1024,1024,
31,1458242816,-15136,-6512,-1668,-183,179,108,4096,-2560,-20225,9334,29883,32740,1013,1024,1024,
31,1844118784,-15200,-6548,-1716,-179,175,90,3584,-3584,-21761,-19844,-27605,10044,1012,1024,1024,
31,2263549184,-15264,-6540,-1584,-176,171,93,3328,-2304,-22017,7441,1630,-18397,1013,1024,1024,
31,2666202368,-15188,-6488,-1740,-166,187,89,3072,-3072,-22273,-20678,8088,25790,1013,1024,1024,
31,3085632768,-15264,-6492,-1780,-206,169,81,2304,-3328,-22017,-12027,-11996,-14597,1013,1024,1024,
31,3488285952,-15192,-6552,-1704,-187,196,123,3584,-4608,-21249,13311,29805,-4910,1012,1024,1024,
31,3890939136,-15180,-6424,-1656,-190,158,106,2816,-3328,-22017,28900,-6892,-24077,1012,1024,1024,
31,15467776,-15256,-6460,-1688,-191,181,92,2816,-3328,-21505,28851,-11484,3600,1012,1024,1024,
31,418120960,-15212,-6512,-1792,-185,161,81,3072,-3072,-22273,-7407,-29436,-30285,1013,1024,1024,
31,837551360,-15196,-6508,-1732,-210,184,99,2304,-3840,-20993,-12091,-7014,24603,1013,1024,1024,
31,1240204544,-15276,-6472,-1708,-197,163,84,3840,-3840,-20993,-12448,-16841,11090,1012,1024,1024,
31,1659634944,-15296,-6512,-1588,-200,180,80,2560,-3584,-22273,22596,-21350,20629,1013,1024,1024,
31,2045510912,-15208,-6544,-1664,-164,179,70,3072,-2048,-20737,13363,12373,24869,1013,1024,1024,
31,2464941312,-15208,-6472,-1808,-194,190,97,3840,-3328,-23041,1059,19271,-4884,1012,1024,1024,
31,2884371712,-15200,-6404,-1696,-192,204,103,3072,-3072,-23297,-19967,30513,1755,1012,1024,1024,
31,3287024896,-15256,-6548,-1672,-180,187,108,2048,-2560,-23297,21215,28699,16994,1013,1024,1024,
31,3706455296,-15284,-6612,-1708,-165,203,101,3072,-3584,-21249,29443,4977,7883,1013,1024,1024,
31,4092331264,-15304,-6496,-1732,-194,176,114,3328,-4864,-20481,-12105,20620,25649,1012,1024,1024,
31,216859904,-15240,-6400,-1720,-200,183,97,2304,-2304,-21505,6584,16533,17246,1013,1024,1024,
31,619513088,-15220,-6520,-1748,-188,170,87,3072,-4608,-22273,-30808,-20084,1487,1012,1024,1024,
31,1038943488,-15236,-6476,-1684,-188,191,99,3840,-3328,-22529,2448,2866,-21701,1013,1024,1024,
31,1458373888,-15232,-6504,-1592,-200,173,90,2304,-2816,-23041,20926,25481,-29147,1012,1024,1024,
31,1844249856,-15200,-6620,-1764,-192,182,92,2048,-3072,-21761,-15690,23367,-13322,1012,1024,1024,
31,2263680256,-15212,-6584,-1812,-201,169,94,2560,-3072,-21761,-26125,15916,1252,1013,1024,1024,
31,2666333440,-15172,-6540,-1696,-201,204,90,3328,-2816,-22017,20198,8759,30081,1012,1024,1024,
31,3085763840,-15196,-6512,-1724,-179,187,64,2816,-4352,-23041,-15822,-29957,-5649,1012,1024,1024,
31,3488417024,-15276,-6540,-1592,-183,174,90,1792,-3328,-23041,27454,1369,-11455,1012,1024,1024,
31,3907847424,-15180,-6520,-1660,-196,158,86,2816,-2816,-21505,1498,20328,-30993,1012,1024,1024,
31,15598848,-15236,-6572,-1760,-175,171,91,3328,-3328,-22017,14620,-27536,-9303,1012,1024,1024,
31,418252032,-15136,-6536,-1744,-174,175,102,2304,-2304,-21505,-8406,-9023,13967,1013,1024,1024,
31,837682432,-15176,-6544,-1780,-205,175,97,2304,-2816,-21505,-26353,14345,-30398,1013,1024,1024,
31,1240335616,-15236,-6492,-1796,-198,189,92,3840,-3840,-21505,-8944,28118,-12603,1013,1024,1024,
31,1659766016,-15276,-6500,-1520,-180,179,97,3840,-1792,-22017,4509,-26606,26685,1013,1024,1024,
31,2045641984,-15240,-6560,-1800,-172,181,97,3840,-3328,-20481,21701,6015,19082,1013,1024,1024,
31,2465072384,-15328,-6428,-1668,-183,179,87,2304,-3328,-23041,-7058,-24194,-6134,1013,1024,1024,
31,2884502784,-15356,-6424,-1808,-187,199,87,1792,-4352,-23553,8475,-22786,1356,1013,1024,1024,
31,3287155968,-15280,-6460,-1932,-181,175,89,2048,-3584,-21249,27595,-25585,15103,1012,1024,1024,
31,3706586368,-15180,-6520,-1748,-198,185,85,3840,-2816,-23041,31653,23005,1970,1013,1024,1024,
31,4092462336,-15248,-6440,-1708,-193,190,113,2560,-4096,-22273,27909,15218,29899,1012,1024,1024,
31,216990976,-15168,-6476,-1860,-179,185,88,3072,-3072,-21761,3964,19743,27035,1013,1024,1024,
31,619644160,-15232,-6508,-1804,-185,205,90,2304,-4352,-22017,730,29325,23802,1012,1024,1024,
31,1039074560,-15164,-6480,-1876,-200,147,80,2304,-3328,-22017,30867,-14745,-19245,1013,1024,1024,
31,1458504960,-15320,-6564,-1748,-186,171,123,3584,-3584,-21761,-19492,17379,-17871,1013,1024,1024,
31,1844380928,-15220,-6448,-1676,-189,167,91,3584,-4096,-21249,-32391,18984,21885,1013,1024,1024,
31,2263811328,-15248,-6584,-1744,-184,195,91,2816,-3840,-22529,22809,-16903,-13936,1013,1024,1024,
31,2666464512,-15216,-6504,-1536,-189,181,63,3584,-2048,-21249,15511,-21442,9897,1013,1024,1024,
31,3085894912,-15232,-6500,-1744,-189,159,97,2816,-3328,-21505,26389,-9958,21090,1013,1024,1024,
31,3488548096,-15120,-6492,-1772,-197,187,88,2560,-2048,-22785,30153,-18251,-24269,1014,1024,1024,
31,3891201280,-15168,-6564,-1792,-193,188,77,3328,-4352,-21505,16385,-15182,-22143,1013,1024,1024,
31,15729920,-15188,-6492,-1792,-190,195,80,3584,-2560,-22785,-4261,-1865,22287,1013,1024,1024,
31,418383104,-15164,-6564,-1656,-226,272,68,3840,-3840,-22017,-3893,-11552,-28916,1013,1024,1024,
31,837813504,-15148,-6504,-1744,-196,254,63,3328,-1280,-20993,-6549,-24323,-11668,1012,1024,1024,
31,1240466688,-15328,-6468,-1688,-214,269,56,2304,-2816,-21505,-10120,24482,-16116,1012,1024,1024,
31,1659897088,-15216,-6500,-1840,-199,199,80,2560,-3072,-22273,5302,-2889,-12279,1012,1024,1024,
31,2045773056,-15168,-6532,-1644,-199,202,75,2048,-3584,-22273,-25527,6410,-29823,1012,1024,1024,
31,2465203456,-15268,-6544,-1760,-198,191,84,4352,-3328,-22529,-8655,-28495,26821,1012,1024,1024,
31,2884633856,-15252,-6512,-1624,-181,189,88,2048,-3584,-21761,14554,-20260,26318,1013,1024,1024,
31,3287287040,-15268,-6588,-1712,-195,179,91,3584,-4096,-22273,-19683,24265,-22453,1013,1024,1024,
31,3706717440,-15104,-6564,-1812,-200,202,84,2816,-2816,-22017,31427,-4162,21555,1012,1024,1024,
31,4092593408,-15196,-6480,-1608,-189,182,85,2816,-3328,-20993,-26881,-7598,8081,1013,1024,1024,
31,217122048,-15268,-6420,-1700,-196,191,87,2816,-3328,-22017,-25357,-20110,-15598,1012,1024,1024,
31,619775232,-15244,-6544,-1780,-203,175,100,4096,-3584,-21761,25875,5690,-3658,1013,1024,1024,
31,1039205632,-15224,-6480,-1696,-186,164,86,3328,-3840,-22017,2204,-3168,-19750,1012,1024,1024,
31,1458636032,-15200,-6444,-1640,-186,180,94,2560,-4096,-21761,9148,-11346,-2824,1012,1024,1024,
31,1844512000,-15228,-6448,-1816,-191,185,91,3328,-2304,-22017,-32178,27654,21161,1012,1024,1024,
31,2263942400,-15184,-6424,-1756,-176,178,91,2304,-1792,-21505,10305,-31329,6419,1013,1024,1024,
31,2666595584,-15288,-6492,-1776,-164,166,104,2560,-3584,-21761,-5003,4499,31457,1013,1024,1024,
31,3086025984,-15184,-6580,-1680,-186,176,90,2304,-3840,-19969,-22648,-6690,32051,1013,1024,1024,
31,3488679168,-15204,-6504,-1744,-177,173,102,3328,-2816,-22529,-32695,-12772,11925,1013,1024,1024,
31,3908109568,-15236,-6568,-1592,-190,183,91,3328,-3328,-21505,-5760,-3246,-13738,1012,1024,1024,
31,15860992,-15212,-6528,-1728,-194,188,93,3072,-3072,-23297,29052,21848,23136,1013,1024,1024,
31,418514176,-15244,-6540,-1796,-200,200,80,3328,-3840,-22017,-25495,15953,29934,1013,1024,1024,
31,837944576,-15080,-6500,-1696,-195,172,88,2816,-1792,-20481,-2318,14678,-31362,1012,1024,1024,
31,1240597760,-15208,-6484,-1592,-193,169,77,2560,-3072,-22785,-27390,21465,-30896,1013,1024,1024,
31,1660028160,-15312,-6468,-1668,-188,185,92,2560,-4096,-21761,8181,19101,-9183,1012,1024,1024,
31,2045904128,-15188,-6488,-1704,-173,191,77,3584,-2560,-20737,8163,-25852,-20468,1013,1024,1024,
31,2465334528,-15228,-6504,-1628,-179,176,105,3328,-3840,-21505,338,-10300,12942,1013,1024,1024,
31,2884764928,-15196,-6548,-1748,-182,191,82,3584,-4096,-21249,-11806,29059,6202,1013,1024,1024,
31,3287418112,-15172,-6484,-1816,-191,178,84,3072,-2560,-21249,16280,-13875,21480,1013,1024,1024,
31,3706848512,-15104,-6508,-1820,-184,184,108,2816,-2816,-23553,-4677,-15802,12547,1012,1024,1024,
31,4092724480,-15196,-6512,-1760,-192,176,113,3328,-2816,-21505,27275,-24607,3377,1012,1024,1024,
31,217253120,-15228,-6472,-1748,-208,180,63,3328,-3840,-21505,14390,-25911,4189,1013,1024,1024,
31,619906304,-15224,-6524,-1564,-190,186,94,2560,-4608,-21249,144,-20685,-8734,1013,1024,1024,
31,1039336704,-15156,-6464,-1612,-178,159,77,4352,-3840,-22017,-12044,27045,-27243,1012,1024,1024,
31,1458767104,-15184,-6460,-1748,-192,204,91,1536,-2560,-22785,28931,-14350,30236,1013,1024,1024,
31,1844643072,-15152,-6528,-1804,-189,193,100,2560,-4096,-21761,-831,7053,-30704,1012,1024,1024,
31,2264073472,-15208,-6496,-1716,-175,174,120,2304,-2816,-23041,-6108,-13132,-10743,1013,1024,1024,
31,2666726656,-15172,-6488,-1692,-189,138,93,2816,-2816,-22017,-26036,3195,8817,1012,1024,1024,
31,3086157056,-15212,-6580,-1788,-181,172,84,3072,-3072,-20737,-9137,26458,-28426,1013,1024,1024,
31,3488810240,-15260,-6456,-1760,-196,191,105,3328,-4352,-22529,-21803,-22237,-13086,1012,1024,1024,
31,3891463424,-15244,-6572,-1552,-209,171,74,2560,-2560,-21761,15656,-9142,-26707,1013,1024,1024,
31,15992064,-15176,-6516,-1712,-184,189,80,3072,-4096,-21761,30287,2649,-32749,1012,1024,1024,
31,418645248,-15252,-6556,-1652,-197,184,117,2048,-3072,-22273,-5778,-7936,-5806,1013,1024,1024,
31,838075648,-15216,-6376,-1736,-192,153,102,2560,-2560,-21249,15734,18594,-18137,1013,1024,1024,
31,1240728832,-15196,-6508,-1836,-188,169,82,2816,-3840,-22529,19347,23201,18539,1013,1024,1024,
31,1643382016,-15272,-6552,-1736,-173,170,90,3840,-3840,-20993,-24191,11195,-16126,1012,1024,1024,
31,2046035200,-15140,-6500,-1700,-187,202,85,2816,-1792,-22529,861,1684,-24309,1013,1024,1024,
31,2465465600,-15188,-6496,-1508,-181,154,98,3584,-3072,-21249,-6506,-19940,-6747,1012,1024,1024,
31,2884896000,-15284,-6556,-1812,-169,185,90,3072,-2560,-22785,28130,-11669,2132,1013,1024,1024,
31,3287549184,-15236,-6484,-1724,-189,190,100,1536,-3072,-22785,-4731,27459,19985,1012,1024,1024,
31,3706979584,-15228,-6528,-1888,-185,190,105,3072,-3072,-21249,2150,3582,22895,1013,1024,1024,
31,4092855552,-15240,-6476,-1764,-188,193,92,3584,-3072,-22785,22843,-30910,-24940,1012,1024,1024,
31,217384192,-15248,-6492,-1732,-173,165,73,3072,-4608,-22273,11393,-31844,-31213,1013,1024,1024,
31,620037376,-15284,-6452,-1696,-210,179,92,3328,-3328,-20481,21215,-2430,29935,1012,1024,1024,
31,1039467776,-15184,-6532,-1780,-179,175,97,2816,-3840,-19969,15104,-17446,2964,1013,1024,1024,
31,1458898176,-15252,-6484,-1760,-182,193,90,3072,-4096,-23297,18377,-26301,1620,1012,1024,1024,
31,1844774144,-15252,-6512,-1664,-181,185,87,3584,-4096,-22273,-25373,-24331,23628,1012,1024,1024,
31,2264204544,-15200,-6392,-1652,-171,190,81,2560,-3072,-22273,20021,-18852,30362,1012,1024,1024,
31,2666857728,-15200,-6588,-1804,-200,186,84,3840,-3840,-22017,21007,-21561,-22572,1012,1024,1024,
31,3086288128,-15168,-6540,-1764,-201,161,82,2816,-2816,-22529,26946,13770,5425,1012,1024,1024,
31,3488941312,-15184,-6476,-1744,-183,193,100,2816,-3840,-22017,27494,16514,-14247,1013,1024,1024,
31,3891594496,-15280,-6508,-1740,-187,179,80,1536,-4096,-22273,24952,-11600,-13560,1012,1024,1024,
31,16123136,-15148,-6512,-1652,-189,173,90,2816,-3840,-20993,5901,5097,-8588,1012,1024,1024,
31,418776320,-15348,-6536,-1804,-198,179,96,3584,-4608,-21249,-18879,4114,16740,1012,1024,1024,
31,838206720,-15192,-6584,-1840,-184,187,81,3072,-2560,-21761,-11468,-23181,15649,1012,1024,1024,
31,1240859904,-15272,-6476,-1752,-177,176,103,3072,-4096,-22273,-28371,-14805,-7840,1012,1024,1024,
31,1643513088,-15236,-6424,-1612,-180,178,99,4352,-3328,-19969,6030,10106,-31210,1012,1024,1024,
31,2046166272,-15184,-6488,-1608,-196,178,95,2048,-4608,-21761,8429,-6490,-12561,1012,1024,1024,
31,2465596672,-15148,-6460,-1664,-184,182,97,2560,-3072,-21761,24508,-5640,19219,1013,1024,1024,
31,2885027072,-15316,-6488,-1680,-177,170,86,3840,-3840,-22529,-28806,6622,27782,1012,1024,1024,
31,3287680256,-15252,-6612,-1752,-177,179,97,1792,-3840,-21505,8937,13641,-1467,1013,1024,1024,
31,3707110656,-15200,-6584,-1720,-190,195,65,3072,-3584,-21761,-31389,-15482,-19764,1012,1024,1024,
31,4092986624,-15352,-6524,-1744,-188,172,91,3840,-3328,-22017,4724,-20065,-8409,1012,1024,1024,
31,217515264,-15204,-6564,-1688,-198,177,106,3584,-3072,-22785,-26079,-28402,14357,1012,1024,1024,
31,620168448,-15184,-6468,-1720,-195,182,96,3584,-3584,-21761,14139,-15707,3846,1012,1024,1024,
31,1039598848,-15132,-6532,-1764,-176,190,105,4352,-3840,-22017,-556,-29513,-8107,1012,1024,1024,
31,1459029248,-15188,-6436,-1820,-165,179,103,3328,-3840,-22017,3851,21209,-2291,1012,1024,1024,
31,1844905216,-15236,-6396,-1776,-150,182,97,2816,-2816,-22017,13276,-3993,6707,1012,1024,1024,
31,2264335616,-15216,-6560,-1664,-199,192,95,2560,-2560,-20225,18952,7842,21211,1012,1024,1024,
31,2666988800,-15164,-6532,-1756,-188,185,83,2560,-5120,-20737,30427,28332,-24591,1012,1024,1024,
31,3086419200,-15228,-6504,-1676,-183,172,96,2560,-2048,-22273,10809,-16719,27307,1012,1024,1024,
31,3489072384,-15244,-6504,-1876,-193,170,92,2816,-3328,-20993,18101,26551,-5872,1012,1024,1024,
31,3891725568,-15204,-6520,-1724,-191,185,83,2816,-4352,-21505,-18530,-28134,-29127,1012,1024,1024,
31,16254208,-15220,-6512,-1588,-196,204,81,2048,-2560,-22273,-14377,-25306,12852,1013,1024,1024,
31,418907392,-15308,-6516,-1860,-178,192,97,3328,-2816,-20481,-18292,-32709,8792,1013,1024,1024,
31,838337792,-15184,-6528,-1724,-185,164,101,2304,-2304,-22017,29373,-25327,-10786,1013,1024,1024,
31,1240990976,-15244,-6512,-1668,-195,179,82,1792,-2304,-22529,5508,-16617,5221,1012,1024,1024,
31,1660421376,-15288,-6528,-1788,-183,182,87,3328,-3840,-22529,-19856,30897,520,1013,1024,1024,
31,2046297344,-15200,-6504,-1740,-181,171,90,3328,-4352,-21505,32706,-1637,22535,1012,1024,1024,
31,2465727744,-15252,-6512,-1668,-195,191,78,2048,-3072,-21761,32131,28106,-18566,1013,1024,1024,
31,2885158144,-15212,-6464,-1772,-196,177,89,3072,-2560,-20737,-16677,19296,-8376,1012,1024,1024,
31,3287811328,-15140,-6508,-1808,-185,182,103,3328,-3328,-22529,-30029,-30344,-19125,1013,1024,1024,
31,3707241728,-15228,-6528,-1724,-197,173,86,2304,-2816,-20993,-797,-17529,-20583,1013,1024,1024,
31,4093117696,-15228,-6552,-1800,-177,198,102,2304,-4864,-21505,1168,-17444,5315,1013,1024,1024,
31,217646336,-15224,-6432,-1728,-201,165,92,2304,-1792,-22017,-12825,9875,-15866,1012,1024,1024,
31,620299520,-15180,-6548,-1752,-178,160,94,3328,-3328,-20993,-18458,-1102,3438,1013,1024,1024,
31,1039729920,-15192,-6496,-1756,-200,176,95,3584,-4096,-21249,-9730,-12023,21009,1013,1024,1024,
31,1459160320,-15296,-6528,-1740,-199,184,111,2560,-3584,-22273,5983,8481,-20723,1013,1024,1024,
31,1845036288,-15184,-6476,-1712,-195,186,99,3584,-3584,-22273,6432,18463,-20662,1013,1024,1024,
31,2264466688,-15168,-6512,-1640,-192,168,85,2816,-3328,-22017,-20381,-9536,8888,1013,1024,1024,
31,2667119872,-15172,-6488,-1824,-191,174,85,2816,-3328,-20993,-23882,-32430,-12617,1012,1024,1024,
31,3086550272,-15236,-6512,-1700,-188,200,58,3840,-4352,-20993,-5914,32440,-15590,1013,1024,1024,
31,3489203456,-15212,-6460,-1876,-197,208,103,3584,-4608,-20737,-29343,-602,-16993,1012,1024,1024,
31,3891856640,-15328,-6476,-1680,-199,177,72,4096,-3072,-22273,-18548,-8685,-12034,1013,1024,1024,
31,16385280,-15240,-6488,-1744,-184,159,82,2560,-3584,-21249,1905,-20118,-11594,1012,1024,1024,
31,419038464,-15144,-6532,-1772,-203,187,60,3328,-3840,-21505,-9520,-20977,27469,1013,1024,1024,
31,838468864,-15236,-6476,-1668,-194,187,82,4352,-2304,-21505,-12386,-18232,-5737,1012,1024,1024,
31,1241122048,-15176,-6504,-1692,-186,171,75,2816,-3328,-20993,-8290,-25258,4821,1012,1024,1024,
31,1660552448,-15160,-6428,-1704,-186,193,76,4096,-4608,-22273,-27012,15032,19596,1013,1024,1024,
31,2046428416,-15232,-6384,-1816,-180,201,76,3072,-3584,-21249,19474,-659,13222,1012,1024,1024,
31,2465858816,-15288,-6560,-1772,-182,175,103,2816,-3328,-22017,-29727,28029,30808,1012,1024,1024,
31,2885289216,-15248,-6564,-1712,-191,181,116,3072,-4608,-21761,14767,22288,6821,1013,1024,1024,
31,3287942400,-15196,-6476,-1624,-156,177,91,3072,-2560,-20225,-31681,-6662,9350,1012,1024,1024,
31,3707372800,-15212,-6484,-1672,-199,169,94,4352,-2816,-22529,-25973,10512,-28798,1012,1024,1024,
31,4093248768,-15280,-6468,-1720,-175,183,100,3328,-3840,-22529,11707,5027,24956,1013,1024,1024,
31,217777408,-15136,-6572,-1680,-198,189,111,2304,-3840,-23041,-4534,-6473,9542,1013,1024,1024,
31,620430592,-15268,-6532,-1828,-191,185,104,4096,-4096,-20737,-14770,19990,18040,1013,1024,1024,
31,1039860992,-15676,-6676,-1740,-120,96,73,2304,-2816,-22017,-19354,14200,25664,1013,1024,1024,
31,1459291392,-15376,-6608,-1748,-178,35,112,4352,-4352,-21505,-2729,-15328,-19998,1013,1024,1024,
31,1845167360,-15268,-6440,-1656,-183,164,76,3072,-3072,-22785,-32548,-29797,3914,1012,1024,1024,
31,2264597760,-15236,-6540,-1788,-223,172,102,2560,-3072,-21249,29604,25133,19859,1012,1024,1024,
31,2667250944,-15348,-6524,-1672,-196,169,104,2816,-3328,-22017,12755,-13524,19982,1012,1024,1024,
31,3086681344,-15212,-6508,-1744,-191,173,76,2304,-1792,-22017,16252,-23424,-7795,1013,1024,1024,
31,3489334528,-15260,-6468,-1720,-187,184,76,2560,-4096,-21761,-26128,28110,14462,1012,1024,1024,
31,3891987712,-15224,-6516,-1568,-181,188,73,2816,-4352,-21505,-25539,31364,13047,1012,1024,1024,
31,16516352,-15184,-6464,-1700,-186,190,85,2560,-2048,-22273,14559,-3287,10624,1012,1024,1024,
31,419169536,-15256,-6448,-1604,-173,161,90,2560,-3072,-22273,-14941,-6920,32286,1012,1024,1024,
31,838599936,-15108,-6524,-1724,-178,192,95,1536,-3584,-22273,-17067,-16701,4073,1012,1024,1024,
31,1241253120,-15244,-6508,-1572,-180,161,110,2816,-3328,-22529,17465,18967,32325,1012,1024,1024,
31,1643906304,-15156,-6536,-1628,-190,147,95,3840,-3840,-22529,-15200,-31584,12272,1012,1024,1024,
31,2046559488,-15240,-6516,-1800,-174,192,100,4352,-2816,-20993,31065,-29912,3557,1012,1024,1024,
31,2465989888,-15236,-6508,-1724,-178,194,95,3072,-3072,-22273,26116,-5334,15843,1012,1024,1024,
31,2885420288,-15160,-6508,-1820,-180,162,74,3072,-2560,-23297,-12312,11525,-7204,1012,1024,1024,
31,3288073472,-15224,-6584,-1772,-176,174,99,2304,-4352,-21505,-18972,-23872,-2802,1013,1024,1024,
31,3707503872,-15148,-6556,-1844,-182,150,92,2816,-4352,-21505,2845,-8594,-24478,1012,1024,1024,
31,4093379840,-15160,-6508,-1784,-160,191,86,3328,-2304,-21505,6425,-8265,5673,1013,1024,1024,
31,217908480,-15204,-6496,-1676,-196,166,72,3072,-3072,-20737,-31194,-16175,-4365,1013,1024,1024,
31,620561664,-15284,-6576,-1660,-195,167,89,3072,-3584,-22273,-17316,-7077,-14642,1012,1024,1024,
31,1039992064,-15288,-6532,-1692,-197,215,89,4096,-2560,-20225,-23225,-1765,5058,1013,1024,1024,
31,1459422464,-15240,-6504,-1788,-193,171,85,1536,-2048,-21249,-6303,-17208,-28655,1013,1024,1024,
31,1845298432,-15192,-6412,-1712,-175,180,97,2816,-3840,-22529,-11748,21079,-28844,1013,1024,1024,
31,2264728832,-15232,-6440,-1716,-191,140,95,3328,-3328,-22529,28476,-27759,8127,1012,1024,1024,
31,2667382016,-15192,-6484,-1780,-189,198,92,2816,-2816,-20993,-7782,-5961,-397,1013,1024,1024,
31,3086812416,-15168,-6412,-1800,-175,165,103,2304,-3840,-20993,-8110,-14894,29977,1012,1024,1024,
31,3489465600,-15136,-6544,-1816,-179,163,65,2560,-3072,-22273,-32760,-23905,32397,1013,1024,1024,
31,3892118784,-15180,-6524,-1668,-202,189,88,2048,-3584,-21249,-22582,26883,-31412,1012,1024,1024,
31,16647424,-15168,-6528,-1776,-202,180,103,2816,-1792,-21505,-8622,1178,-14112,1013,1024,1024,
31,419300608,-15328,-6532,-1780,-184,172,77,1280,-2816,-21505,3988,-566,-30832,1013,1024,1024,
31,838731008,-15228,-6452,-1820,-205,180,76,3840,-2304,-20993,-29437,-8717,12314,1013,1024,1024,
31,1241384192,-15136,-6496,-1748,-198,167,102,4352,-3840,-22017,-16334,-16398,22113,1012,1024,1024,
31,1644037376,-15136,-6424,-1676,-196,198,92,3328,-2816,-20993,-15126,-3275,21869,1013,1024,1024,
31,2046690560,-15272,-6512,-1808,-197,175,88,3584,-3072,-21249,15545,19359,28576,1013,1024,1024,
31,2466120960,-15156,-6556,-1760,-199,181,101,2560,-1536,-21249,15225,-16309,8790,1013,1024,1024,
31,2885551360,-15208,-6480,-1708,-183,173,109,2304,-4352,-21505,-2670,27640,-23034,1012,1024,1024,
31,3288204544,-15224,-6604,-1708,-188,175,102,3328,-3328,-20993,-8146,-23196,21198,1013,1024,1024,
31,3707634944,-15212,-6516,-1740,-194,166,94,2560,-3072,-21761,-24139,5055,9455,1012,1024,1024,
31,4093510912,-15184,-6532,-1720,-203,180,125,2048,-4096,-21761,-322,-28427,-11440,1013,1024,1024,
31,218039552,-15264,-6560,-1720,-172,176,80,2816,-3328,-23041,17121,-28125,-16088,1013,1024,1024,
31,620692736,-15220,-6484,-1788,-197,189,84,2048,-3584,-20225,16754,-6041,-4214,1012,1024,1024,
31,1040123136,-15168,-6444,-1720,-177,189,108,2048,-4608,-21761,2125,-23918,12413,1012,1024,1024,
31,1459553536,-15228,-6548,-1680,-195,190,99,2304,-2816,-20481,-29530,376,-26453,1013,1024,1024,
31,1845429504,-15236,-6476,-1608,-178,165,102,2304,-3840,-22017,-27033,-7512,10913,1012,1024,1024,
31,2264859904,-15164,-6380,-1632,-166,179,93,2816,-2816,-22017,24317,450,-27741,1012,1024,1024,
31,2667513088,-15288,-6484,-1708,-191,185,96,3840,-3840,-20993,21940,-5056,4203,1013,1024,1024,
31,3086943488,-15284,-6444,-1716,-179,182,102,2304,-3328,-22529,3506,-10690,14125,1013,1024,1024,
31,3489596672,-15208,-6560,-1724,-194,166,89,1536,-2560,-21249,-24287,-23546,-25286,1012,1024,1024,
31,3892249856,-15252,-6356,-1724,-173,167,87,2560,-4096,-21761,-4585,17982,-10608,1013,1024,1024,
31,1536,-15304,-6556,-1640,-178,193,117,4096,-3072,-21761,13312,13242,10760,1012,1024,1024,
31,402654720,-15160,-6492,-1700,-196,188,90,2816,-3328,-22529,10337,-15874,7492,1012,1024,1024,
31,822085120,-15212,-6468,-1736,-192,183,97,2048,-2048,-20737,8342,8444,-15246,1013,1024,1024,
31,1224738304,-15268,-6568,-1644,-191,182,102,3840,-4352,-21505,-17172,-15018,-18955,1013,1024,1024,
31,1627391488,-15232,-6464,-1668,-183,179,99,3072,-3584,-20225,-219,32547,-24288,1013,1024,1024,
31,2030044672,-15232,-6552,-1708,-188,190,101,3072,-3072,-20225,-9816,-11398,8342,1013,1024,1024,
31,2449475072,-15180,-6492,-1684,-196,164,76,2816,-3840,-21505,-29003,7640,-26541,1012,1024,1024,
31,2868905472,-15244,-6428,-1708,-188,166,95,2304,-3328,-23041,-29685,-16876,-18806,1013,1024,1024,
31,3271558656,-15096,-6524,-1680,-190,153,98,2816,-3840,-22529,17141,10991,-3289,1012,1024,1024,
31,3674211840,-15240,-6452,-1640,-179,192,86,2816,-2304,-20481,12327,3561,-6392,1013,1024,1024,
31,4076865024,-15248,-6468,-1692,-178,198,103,2048,-4096,-20737,-7290,10425,17241,1012,1024,1024,
31,201393664,-15200,-6464,-1532,-194,169,85,3328,-3328,-21505,16903,9572,-31240,1013,1024,1024,
31,604046848,-15260,-6472,-1684,-186,185,82,3328,-3328,-20993,-7647,5324,3019,1013,1024,1024,
31,1023477248,-15256,-6532,-1640,-203,177,100,2560,-2560,-22785,-3925,5215,5648,1012,1024,1024,
31,1442907648,-15152,-6460,-1844,-181,203,82,3584,-2560,-21761,15228,4254,11158,1012,1024,1024,
31,1828783616,-15264,-6444,-1696,-170,195,102,3328,-3328,-20993,18969,-3593,-18328,1013,1024,1024,
31,2248214016,-15200,-6504,-1652,-175,183,91,3328,-4352,-20993,-12191,-16308,20905,1012,1024,1024,
31,2650867200,-15196,-6504,-1736,-177,174,81,3328,-1792,-22529,875,4920,27740,1013,1024,1024,
31,3070297600,-14584,-6328,-1760,-181,150,142,2816,-3840,-20481,-8479,11861,-28551,1013,1024,1024,
31,3472950784,-15156,-6500,-1800,-234,312,93,3072,-3072,-22785,6235,15567,-31118,1012,1024,1024,
31,3875603968,-15396,-6580,-1764,-181,202,106,2304,-2304,-20481,-19814,-19637,3793,1013,1024,1024,
31,132608,-15032,-6492,-1752,-190,177,108,3840,-2304,-22529,25498,-7332,-12925,1013,1024,1024,
31,402785792,-15384,-6524,-1692,-184,183,88,3072,-4608,-23297,-1622,16166,6343,1013,1024,1024,
31,822216192,-15036,-6416,-1748,-185,170,93,3840,-3328,-22529,-5707,-28099,-3431,1013,1024,1024,
31,1224869376,-15492,-6496,-1656,-184,175,89,2560,-3072,-21761,17477,22687,26507,1013,1024,1024,
31,1627522560,-15044,-6388,-1688,-181,174,70,2304,-3328,-22529,-21485,-20443,25318,1013,1024,1024,
31,2030175744,-15308,-6500,-1696,-210,166,88,4096,-3584,-20737,-20194,21620,-15398,1013,1024,1024,
31,2449606144,-15076,-6476,-1792,-206,181,102,3072,-3072,-22273,14069,21300,14641,1012,1024,1024,
31,2869036544,-15160,-6472,-1748,-190,164,67,3328,-3328,-20993,-29904,3771,-14998,1013,1024,1024,
31,3271689728,-15260,-6492,-1852,-192,198,107,2816,-3328,-21505,-13009,28494,18278,1013,1024,1024,
31,3674342912,-12640,-5500,-2016,-143,112,287,2816,-3328,-19969,15437,6206,19625,1013,1024,1024,
31,4076996096,-14736,-6372,-2192,-203,87,134,3328,-3840,-20481,-18264,14569,5074,1013,1024,1024,
31,201524736,-15772,-6828,-1748,-181,223,100,2560,-2560,-20737,-32675,27843,-13340,1013,1024,1024,
31,604177920,-15224,-6580,-1752,-183,152,111,3584,-2560,-23297,6626,131,17654,1012,1024,1024,
31,1023608320,-15324,-6532,-1708,-162,115,98,3072,-3584,-22273,-19145,22630,-5974,1013,1024,1024,
31,1443038720,-15160,-6460,-1788,-178,139,112,2304,-3328,-20993,-28623,-31212,11045,1013,1024,1024,
31,1828914688,-15284,-6536,-1652,-197,193,110,2560,-4608,-21249,-16070,-5501,-4064,1014,1024,1024,
31,2248345088,-15108,-6496,-1784,-176,162,86,3840,-2816,-22017,25738,29429,30940,1012,1024,1024,
31,2650998272,-15236,-6536,-1764,-205,192,83,3072,-2048,-21249,-31433,30524,20476,1013,1024,1024,
31,3070428672,-15292,-6576,-1716,-179,172,93,1792,-3328,-20481,30360,-12644,-1526,1012,1024,1024,
31,3473081856,-15152,-6468,-1680,-200,163,79,3584,-3584,-21249,25584,24642,-9721,1012,1024,1024,
31,3875735040,-15224,-6468,-1748,-196,174,93,2816,-3328,-20993,11178,-11648,-4069,1012,1024,1024,
31,263680,-15348,-6584,-1784,-193,194,89,1280,-2816,-20993,9530,11786,-16273,1012,1024,1024,
31,402916864,-15156,-6452,-1624,-205,236,65,3072,-3584,-21761,-7542,-3035,-13002,1012,1024,1024,
31,822347264,-15460,-6628,-2240,-234,395,152,3584,-3072,-21761,-16313,5390,29601,1012,1024,1024,
31,1225000448,-14768,-6480,-1312,43,-208,34,4864,-3840,-22017,-21139,-4970,8328,1012,1024,1024,
31,1627653632,-15604,-7148,-1868,-3023,-426,281,4096,-2048,-21761,-1048,26832,1085,1012,1024,1024,
31,2030306816,-15500,-6148,-2204,-2123,-692,230,2048,-3072,-21249,-3804,-27372,-9364,1012,1024,1024,
31,2449737216,-15016,-7180,-1540,-572,-52,149,2816,-4352,-20481,-19183,-32407,12004,1012,1024,1024,
31,2869167616,-15132,-6564,-1640,-213,183,84,3328,-2816,-22017,-20091,14698,6590,1012,1024,1024,
31,3271820800,-15248,-6508,-1704,-183,195,108,2560,-3072,-21249,-16230,27112,-15165,1013,1024,1024,
31,3674473984,-15316,-6596,-1644,-185,211,72,1792,-4352,-22017,-1550,-18354,-25155,1013,1024,1024,
31,4077127168,-15264,-6552,-1692,-180,170,93,3072,-4096,-21761,967,9886,-29984,1012,1024,1024,
31,201655808,-15252,-6548,-1640,-174,183,89,2304,-3328,-22017,4859,21180,-31621,1012,1024,1024,
31,604308992,-15224,-6564,-1772,-189,165,86,1536,-3072,-20737,15597,-20887,836,1012,1024,1024,
31,1023739392,-15348,-6524,-1640,-193,180,71,3328,-2816,-21505,5529,14079,20185,1012,1024,1024,
31,1443169792,-15204,-6424,-1700,-194,187,92,2304,-3328,-21505,22040,-32085,11080,1012,1024,1024,
31,1829045760,-15212,-6424,-1608,-208,173,94,3328,-3840,-22529,15630,12024,18757,1012,1024,1024,
31,2248476160,-15188,-6516,-1704,-220,167,94,2048,-3072,-21249,-28865,-1729,19367,1013,1024,1024,
31,2651129344,-15284,-6540,-1660,-180,176,85,3584,-2560,-21249,31248,-13,24414,1012,1024,1024,
31,3070559744,-15192,-6528,-1744,-195,180,106,1536,-3072,-21249,-6034,13960,22501,1012,1024,1024,
31,3473212928,-15192,-6576,-1764,-186,161,91,3840,-2816,-21505,-12159,-4993,17016,1012,1024,1024,
31,3875866112,-15224,-6556,-1668,-187,161,91,2816,-2816,-20993,6831,6513,829,1012,1024,1024,
31,394752,-15216,-6468,-1644,-201,182,102,3584,-3584,-21249,-10219,-7842,-32221,1012,1024,1024,
31,403047936,-15244,-6508,-1756,-173,179,87,2816,-2816,-22017,21564,-652,-5303,1013,1024,1024,
31,822478336,-15200,-6584,-1668,-198,153,89,1792,-3840,-22017,-20582,-15064,24941,1013,1024,1024,
31,1225131520,-15236,-6556,-1692,-193,174,90,3328,-3840,-20993,-30075,14805,-30562,1013,1024,1024,
31,1627784704,-15256,-6536,-1564,-179,166,101,2560,-3072,-22273,-14214,25541,26397,1013,1024,1024,
31,2030437888,-15212,-6548,-1652,-168,194,84,2304,-3328,-21505,25512,-5518,-30145,1013,1024,1024,
31,2449868288,-15288,-6540,-1672,-172,172,108,2304,-2304,-22017,18677,-27322,13086,1013,1024,1024,
31,2869298688,-15156,-6396,-1792,-173,185,88,2816,-2816,-22017,-17469,-26038,-2181,1013,1024,1024,
31,3271951872,-15200,-6540,-1668,-179,181,97,3840,-3328,-22529,24021,-24499,-14327,1013,1024,1024,
31,3674605056,-15208,-6552,-1660,-196,177,84,3328,-4352,-20993,-2231,-32698,-31251,1013,1024,1024,
31,4077258240,-15148,-6444,-1868,-195,189,69,3072,-4096,-21249,9806,31728,-22815,1013,1024,1024,
31,201786880,-15304,-6416,-1640,-181,168,96,4096,-3584,-20737,7748,16101,25826,1013,1024,1024,
31,604440064,-15188,-6448,-1760,-180,186,93,2816,-3328,-22529,27805,-29476,24253,1013,1024,1024,
31,1023870464,-15264,-6512,-1764,-185,163,96,1280,-2304,-22529,2519,15566,15525,1012,1024,1024,
31,1409746432,-15108,-6492,-1676,-202,168,85,3584,-3584,-21249,-15315,32081,6394,1013,1024,1024,
31,1829176832,-15160,-6512,-1752,-191,192,73,2304,-3840,-22017,-1742,30435,-32215,1012,1024,1024,
31,2248607232,-15256,-6548,-1728,-202,179,114,2816,-2816,-22017,-9756,-18208,-29271,1013,1024,1024,
31,2651260416,-15172,-6420,-1756,-181,190,109,2560,-4096,-20225,24962,-6029,69,1013,1024,1024,
31,3070690816,-15244,-6508,-1780,-174,179,76,3328,-3328,-22017,24388,12699,29966,1013,1024,1024,
31,3473344000,-15224,-6520,-1676,-182,182,96,1792,-3840,-22529,-17898,9225,2468,1013,1024,1024,
31,3875997184,-15168,-6624,-1700,-194,169,91,3072,-2560,-20225,12565,4522,23968,1013,1024,1024,
31,525824,-15196,-6476,-1776,-188,182,71,2816,-3328,-22017,28704,3775,-9284,1013,1024,1024,
31,403179008,-15288,-6560,-1672,-201,182,116,2560,-4096,-20737,11536,-18696,31064,1013,1024,1024,
31,822609408,-15204,-6504,-1820,-181,208,79,4352,-3328,-21505,19476,-1204,28295,1013,1024,1024,
31,1225262592,-15280,-6484,-1688,-189,178,81,2048,-3072,-20737,-19978,-22047,-30210,1013,1024,1024,
31,1627915776,-15216,-6444,-1712,-198,185,87,2816,-3328,-21505,7684,-8450,-26145,1012,1024,1024,
31,2030568960,-15256,-6472,-1596,-192,161,83,1536,-2560,-21249,-23987,-29829,-14602,1014,1024,1024,
31,2449999360,-15228,-6456,-1668,-179,167,84,3328,-3840,-20993,-5385,-17871,-31533,1012,1024,1024,
31,2869429760,-15204,-6472,-1672,-176,180,94,3328,-2816,-22017,-9673,-2513,11122,1013,1024,1024,
31,3272082944,-15248,-6512,-1720,-186,179,79,2560,-4096,-21761,-28726,-25816,28988,1013,1024,1024,
31,3674736128,-15204,-6556,-1740,-197,170,91,3072,-4096,-21249,-5670,7465,-23338,1013,1024,1024,
31,4077389312,-15112,-6552,-1804,-165,169,85,4352,-2816,-21505,-3472,20015,10822,1012,1024,1024,
31,201917952,-15156,-6504,-1776,-189,184,87,2560,-3072,-21249,3975,4653,-4034,1011,1024,1024,
31,604571136,-15280,-6492,-1668,-203,166,123,4096,-2048,-21249,6636,2699,25517,1012,1024,1024,
31,1024001536,-15288,-6464,-1616,-203,165,94,2304,-3840,-20993,19569,19275,-5810,1013,1024,1024,
31,1443431936,-15244,-6472,-1692,-184,159,90,4096,-3584,-21761,-20863,-21035,2443,1012,1024,1024,
31,1829307904,-15248,-6524,-1636,-187,181,91,2560,-4608,-20225,11842,11745,-9699,1011,1024,1024,
31,2248738304,-15268,-6528,-1692,-191,190,65,3072,-3584,-20737,22314,-10096,3123,1013,1024,1024,
31,2651391488,-15240,-6536,-1656,-190,180,114,3584,-3072,-21761,7421,25984,1220,1012,1024,1024,
31,3070821888,-15276,-6648,-1744,-178,182,99,3328,-2816,-21505,-28652,11848,-14925,1013,1024,1024,
31,3473475072,-15224,-6484,-1692,-180,170,99,2048,-3584,-21761,-30150,-5583,28421,1013,1024,1024,
31,3876128256,-15364,-6492,-1700,-179,183,80,3072,-3072,-22785,-858,-19122,13796,1013,1024,1024,
31,656896,-15140,-6508,-1652,-192,178,85,3328,-3328,-21505,-17395,9697,-27326,1013,1024,1024,
31,403310080,-15228,-6512,-1784,-185,174,82,2816,-3328,-20993,10576,29093,-10905,1013,1024,1024,
31,822740480,-15264,-6520,-1640,-174,175,77,2560,-4096,-21761,-32745,-2027,-9285,1013,1024,1024,
31,1225393664,-15200,-6416,-1764,-172,178,92,2816,-2816,-20993,32097,-20897,29172,1013,1024,1024,
31,1628046848,-15204,-6568,-1768,-180,193,85,4608,-3584,-21761,10051,25412,20486,1013,1024,1024,
31,2030700032,-15300,-6432,-1716,-190,178,112,2816,-3840,-20993,3723,1491,-24627,1012,1024,1024,
31,2450130432,-15232,-6448,-1744,-187,187,74,3072,-4096,-21761,-6968,13983,-16311,1013,1024,1024,
31,2869560832,-15240,-6572,-1772,-182,190,83,2048,-3072,-21761,-27903,-16653,-5439,1012,1024,1024,
31,3272214016,-15252,-6536,-1724,-176,169,109,3072,-1536,-21249,-11922,13601,-12723,1013,1024,1024,
31,3674867200,-15276,-6552,-1748,-190,166,96,1792,-3328,-20481,16490,-22949,-18857,1012,1024,1024,
31,4077520384,-15244,-6532,-1692,-184,206,89,1792,-3840,-20993,14057,16807,-31524,1013,1024,1024,
31,202049024,-15288,-6532,-1668,-186,203,90,3584,-3584,-19713,4232,30963,27883,1012,1024,1024,
31,604702208,-15200,-6512,-1708,-185,179,102,2048,-3072,-19713,-32592,-17779,-20999,1013,1024,1024,
31,1024132608,-15188,-6504,-1768,-198,172,109,2816,-3328,-21505,-7861,9093,12348,1012,1024,1024,
31,1443563008,-15220,-6476,-1680,-177,204,95,4608,-3584,-21249,30773,10510,5171,1012,1024,1024,
31,1829438976,-15152,-6484,-1696,-196,177,73,3072,-4096,-21249,20775,6734,14227,1012,1024,1024,
31,2248869376,-15292,-6488,-1724,-191,189,68,3072,-2048,-21761,-12848,-14610,-11027,1012,1024,1024,
31,2651522560,-15232,-6516,-1772,-182,187,100,2816,-3840,-22017,14712,-20511,-30429,1012,1024,1024,
31,3070952960,-15196,-6492,-1664,-179,190,90,2560,-2560,-22273,-3092,-16025,30169,1013,1024,1024,
31,3473606144,-15264,-6484,-1680,-197,168,81,2304,-2816,-22017,16540,1523,21374,1012,1024,1024,
31,3876259328,-15152,-6516,-1724,-189,193,79,1792,-3328,-21505,-14047,-15194,8317,1012,1024,1024,
31,787968,-15188,-6532,-1724,-184,181,93,2304,-3328,-21505,13963,8303,4143,1013,1024,1024,
31,403441152,-15128,-6572,-1672,-181,199,99,3072,-3072,-21249,-18604,-32112,-12465,1013,1024,1024,
31,822871552,-15264,-6424,-1656,-199,163,97,2816,-2816,-21505,-3716,-16034,6058,1013,1024,1024,
31,1225524736,-15152,-6460,-1704,-189,161,87,3072,-3584,-21761,-10689,23264,-4228,1012,1024,1024,
31,1628177920,-15080,-6524,-1768,-195,180,96,3072,-2048,-20737,25830,-28079,-29946,1013,1024,1024,
31,2030831104,-15312,-6392,-1648,-184,149,101,1536,-3072,-20737,19572,-26042,-29223,1012,1024,1024,
31,2450261504,-15196,-6504,-1728,-198,190,87,1792,-3328,-20993,-16707,32083,-26902,1013,1024,1024,
31,2869691904,-15084,-6476,-1800,-198,186,95,1792,-2816,-20481,31352,-21604,-22908,1013,1024,1024,
31,3272345088,-15284,-6468,-1632,-217,170,124,3584,-1024,-20737,-17367,15090,7423,1013,1024,1024,
31,3674998272,-15280,-6500,-1848,-196,200,76,3072,-2048,-21761,28899,-26048,-31125,1012,1024,1024,
31,4077651456,-15264,-6504,-1620,-171,191,92,2816,-3328,-22017,-1935,25491,2001,1013,1024,1024,
31,202180096,-15216,-6432,-1732,-172,191,93,2816,-2304,-23041,-12533,-29358,9035,1013,1024,1024,
31,604833280,-15244,-6468,-1640,-189,186,93,3328,-2816,-20993,19201,-3274,-30698,1013,1024,1024,
31,1024263680,-15184,-6504,-1728,-208,192,79,3584,-3072,-21761,26679,17351,31937,1013,1024,1024,
31,1443694080,-15240,-6404,-1732,-184,174,95,3584,-2560,-22273,-20553,12861,4139,1013,1024,1024,
31,1829570048,-15240,-6440,-1724,-194,189,108,3072,-4096,-19713,12838,4770,32047,1013,1024,1024,
31,2249000448,-15176,-6564,-1800,-185,167,87,3328,-4352,-22017,30063,3289,-24883,1012,1024,1024,
31,2651653632,-15220,-6448,-1772,-175,176,112,2304,-3840,-20481,-18459,16230,3556,1013,1024,1024,
31,3071084032,-15216,-6452,-1772,-178,196,88,2816,-2816,-21505,-21957,-19695,14636,1013,1024,1024,
31,3473737216,-15268,-6484,-1832,-172,184,120,2048,-2560,-20737,-17462,-8603,-4653,1012,1024,1024,
31,3876390400,-15276,-6532,-1680,-183,165,101,2048,-3072,-21761,-9692,8763,4797,1013,1024,1024,
31,919040,-15240,-6500,-1704,-199,201,82,2048,-2048,-21249,-8342,-14197,-18184,1012,1024,1024,
31,403572224,-15168,-6504,-1728,-187,179,110,3072,-3584,-21761,17114,13601,-17176,1012,1024,1024,
31,823002624,-15108,-6476,-1760,-183,178,96,1792,-3328,-21505,15764,31746,-18886,1012,1024,1024,
31,1225655808,-15232,-6548,-1752,-179,151,69,3328,-3840,-22017,15030,-16200,-27681,1012,1024,1024,
31,1628308992,-15128,-6528,-1824,-192,175,90,3072,-3072,-22273,10558,-11726,27639,1012,1024,1024,
31,2030962176,-15204,-6504,-1760,-197,177,61,3840,-3328,-20993,28681,-22559,-17141,1012,1024,1024,
31,2450392576,-15216,-6400,-1780,-188,179,84,2560,-3072,-20737,-18023,-994,-11053,1012,1024,1024,
31,2869822976,-15212,-6424,-1732,-193,189,83,2304,-4352,-22017,3317,-11487,17316,1013,1024,1024,
31,3272476160,-15236,-6520,-1680,-172,187,100,4096,-4096,-21761,32289,32081,-22518,1012,1024,1024,
31,3675129344,-15104,-6472,-1676,-203,216,85,2560,-3072,-21761,-12534,14904,-5846,1013,1024,1024,
31,4077782528,-15280,-6468,-1652,-177,186,91,1536,-3072,-21761,28104,-16525,-18923,1013,1024,1024,
31,202311168,-15272,-6688,-1844,-188,190,99,3840,-3840,-21505,16148,-31540,-29170,1012,1024,1024,
31,604964352,-15260,-6556,-1792,-186,177,84,2816,-3328,-20993,22872,26630,-17089,1013,1024,1024,
31,1024394752,-15148,-6504,-1824,-196,180,106,2816,-3840,-19969,-24724,2530,3858,1012,1024,1024,
31,1443825152,-15272,-6536,-1688,-189,187,86,3584,-3072,-22273,3750,28843,-20127,1013,1024,1024,
31,1829701120,-15248,-6476,-1732,-203,168,94,2048,-3584,-21761,-4947,-32216,11285,1012,1024,1024,
31,2249131520,-15200,-6492,-1696,-172,173,98,3072,-2048,-20225,20181,-15003,-30565,1013,1024,1024,
31,2651784704,-15144,-6508,-1700,-198,154,80,3328,-3840,-21505,-1031,-11292,17534,1012,1024,1024,
31,3071215104,-15188,-6508,-1732,-185,186,102,3328,-2304,-20481,-1945,-8921,-8135,1013,1024,1024,
31,3473868288,-15336,-6532,-1568,-184,159,86,3328,-2816,-22017,28902,23687,27232,1013,1024,1024,
31,3876521472,-15156,-6580,-1704,-179,174,82,3840,-4352,-21505,8490,-29777,9019,1012,1024,1024,
31,1050112,-15196,-6524,-1712,-181,154,92,3072,-2560,-21249,15313,22993,-3126,1013,1024,1024,
31,403703296,-15524,-6540,-1688,-165,213,91,3584,-3072,-22273,-2148,-14193,17647,1012,1024,1024,
31,823133696,-15280,-6508,-1732,-189,204,79,2816,-2816,-20481,-5626,-6753,-9276,1013,1024,1024,
31,1225786880,-15188,-6448,-1640,-206,158,86,2560,-4096,-20737,-17860,-6570,15798,1012,1024,1024,
31,1628440064,-15220,-6436,-1636,-194,150,91,3584,-2560,-21249,-21642,-4594,896,1012,1024,1024,
31,2031093248,-15172,-6452,-1668,-194,186,111,3328,-3328,-22017,1963,12004,13954,1013,1024,1024,
31,2450523648,-15224,-6488,-1672,-187,173,99,3840,-2304,-20993,-11853,28548,-31424,1012,1024,1024,
31,2869954048,-15308,-6568,-1708,-196,199,86,2816,-3840,-20993,-15040,-27102,-23529,1012,1024,1024,
31,3272607232,-15468,-6592,-1780,-149,174,97,3328,-3328,-22017,-4423,26467,-8689,1012,1024,1024,
31,3675260416,-15052,-6540,-1720,-183,160,94,2560,-2048,-21761,17221,-23006,6117,1012,1024,1024,
31,4077913600,-15744,-6724,-1528,-185,191,90,3328,-3328,-20993,-4913,10728,-2862,1012,1024,1024,
31,202442240,-15236,-6476,-1692,-185,195,85,3328,-4864,-20481,11719,12130,-1242,1013,1024,1024,
31,605095424,-15204,-6484,-1760,-184,174,97,3328,-2816,-20993,-20616,3724,15974,1012,1024,1024,
31,1024525824,-15196,-6592,-1640,-196,194,95,2304,-3328,-20993,23379,-5167,7677,1013,1024,1024,
31,1443956224,-15292,-6520,-1836,-206,170,109,1536,-3584,-22273,-27,21284,-23283,1012,1024,1024,
31,1829832192,-15236,-6436,-1772,-196,193,102,3072,-3072,-21761,1312,-25513,-24193,1013,1024,1024,
31,2249262592,-15216,-6476,-1824,-194,190,93,3072,-3072,-21249,16647,768,-25015,1013,1024,1024,
31,2651915776,-15376,-6416,-1652,-174,198,80,3584,-4608,-22273,27849,20361,-6500,1013,1024,1024,
31,3071346176,-15080,-6508,-1744,-174,173,106,3072,-2560,-21761,17310,28721,-1298,1013,1024,1024,
31,3473999360,-15220,-6512,-1704,-189,157,99,4864,-3328,-22017,-9848,3548,8506,1013,1024,1024,
31,3876652544,-15292,-6540,-1732,-190,213,76,3584,-4608,-21761,-25359,-25208,-9618,1013,1024,1024,
31,1181184,-15204,-6540,-1732,-206,213,66,2304,-2816,-21505,5001,18493,24255,1013,1024,1024,
31,403834368,-15000,-6560,-1584,-269,346,152,3584,-3072,-22273,10010,22008,-11007,1013,1024,1024,
31,823264768,-16396,-5056,-1536,-2994,-727,341,2816,-3328,-22529,-6348,12395,-30635,1013,1024,1024,
31,1225917952,-15244,-6576,-1760,-2054,-694,287,4096,-2560,-20225,4975,-27896,-32619,1013,1024,1024,
31,1628571136,-14988,-7008,-1944,-158,-24,165,3584,-3072,-21761,19567,24607,21202,1013,1024,1024,
31,2031224320,-15320,-6580,-1780,-182,266,62,3840,-4352,-20481,-26387,-31141,18676,1013,1024,1024,
31,2450654720,-15328,-6560,-1740,-165,181,76,3584,-4096,-19713,21945,14133,13070,1014,1024,1024,
31,2870085120,-15252,-6496,-1796,-199,207,89,3328,-2304,-21505,-26447,12337,-23722,1013,1024,1024,
31,3272738304,-15276,-6484,-1980,-187,175,78,3840,-3840,-20993,-31976,15018,14539,1013,1024,1024,
31,3675391488,-15208,-6476,-1728,-189,183,69,2304,-3328,-19969,-10061,31965,-11760,1013,1024,1024,
31,4078044672,-15192,-6508,-1668,-186,183,90,2048,-3584,-21761,16794,8404,31165,1013,1024,1024,
31,202573312,-15244,-6528,-1824,-190,176,63,3840,-1280,-23041,16033,3215,-15669,1012,1024,1024,
31,605226496,-15240,-6428,-1828,-195,188,69,3840,-2304,-21505,16779,21943,8899,1013,1024,1024,
31,1024656896,-15256,-6592,-1600,-181,177,73,3072,-4096,-21761,24078,10795,7340,1013,1024,1024,
31,1444087296,-15224,-6540,-1756,-169,172,91,3072,-2048,-20737,7488,-162,-24708,1013,1024,1024,
31,1829963264,-15184,-6504,-1852,-186,181,98,3584,-2048,-21761,-25121,16831,-20378,1013,1024,1024,
31,2249393664,-15208,-6556,-1708,-190,168,82,2560,-4096,-21249,-27762,27402,-22328,1013,1024,1024,
31,2652046848,-15204,-6528,-1640,-198,182,84,3840,-3328,-20993,31196,-20190,17510,1012,1024,1024,
31,3071477248,-15180,-6452,-1656,-200,196,103,3328,-2816,-21505,19419,25288,-384,1013,1024,1024,
31,3474130432,-15252,-6432,-1760,-196,159,75,2560,-2048,-22273,-20044,13456,-23311,1012,1024,1024,
31,3876783616,-15164,-6512,-1904,-191,158,86,3584,-3072,-22785,-3338,-21056,14638,1013,1024,1024,
31,1312256,-15232,-6460,-1728,-177,219,74,2048,-2048,-20225,-21007,19659,27527,1012,1024,1024,
31,403965440,-15360,-6548,-1720,-181,173,89,3328,-3840,-20993,11318,20542,25055,1013,1024,1024,
31,823395840,-15168,-6512,-1864,-219,150,98,3072,-3072,-23297,-15516,28838,-1645,1013,1024,1024,
31,1226049024,-15276,-6552,-1744,-185,182,86,1280,-2816,-22529,23346,28190,-16684,1013,1024,1024,
31,1628702208,-15284,-6476,-1688,-176,176,82,1792,-3840,-22017,26648,-16535,-18664,1013,1024,1024,
31,2031355392,-15256,-6444,-1796,-206,185,92,2048,-4096,-20737,10663,-11499,12165,1012,1024,1024,
31,2450785792,-15120,-6540,-1800,-195,185,107,2560,-3584,-20737,30114,-20252,25813,1013,1024,1024,
31,2870216192,-15264,-6500,-1652,-196,159,75,3840,-2816,-22529,10244,-6915,-11603,1012,1024,1024,
31,3272869376,-15344,-6592,-1780,-202,180,53,3328,-2816,-20481,436,-31758,-27723,1012,1024,1024,
31,3675522560,-15300,-6436,-1668,-176,179,100,3072,-3584,-21249,-5869,-26471,29421,1012,1024,1024,
31,4078175744,-15196,-6420,-1644,-178,186,90,3328,-4352,-20993,31272,-25956,-29691,1012,1024,1024,
31,202704384,-15124,-6476,-1772,-178,177,100,1280,-2816,-20481,8070,23647,14414,1013,1024,1024,
31,605357568,-15292,-6580,-1800,-189,171,108,2560,-2560,-20737,21467,-25330,4051,1012,1024,1024,
31,1024787968,-15112,-6520,-1700,-188,188,95,2560,-4096,-21249,6543,11977,22854,1012,1024,1024,
31,1444218368,-15224,-6512,-1728,-199,185,101,3328,-2304,-22017,18787,-17581,-10761,1012,1024,1024,
31,1830094336,-15264,-6520,-1692,-189,179,86,1536,-2560,-21249,28656,-16876,12443,1012,1024,1024,
31,2249524736,-15104,-6440,-1700,-201,187,94,2816,-3328,-22017,-10228,12986,-25159,1012,1024,1024,
31,2652177920,-15232,-6492,-1648,-195,174,92,2560,-4096,-21249,-4542,-11425,8315,1012,1024,1024,
31,3071608320,-15216,-6432,-1724,-201,180,99,2816,-3840,-20481,7194,6689,-25902,1012,1024,1024,
31,3474261504,-15192,-6536,-1732,-196,172,104,3840,-2816,-20993,-6552,-5643,29517,1012,1024,1024,
31,3876914688,-15212,-6648,-1856,-190,173,81,4864,-4352,-21505,-30632,20189,24159,1012,1024,1024,
31,1443328,-15280,-6552,-1720,-190,184,94,2560,-3072,-21761,-32613,-13822,31729,1012,1024,1024,
31,404096512,-15304,-6444,-1892,-186,205,72,3328,-3328,-21505,22670,6402,-1334,1012,1024,1024,
31,823526912,-15208,-6492,-1616,-185,174,88,3072,-3072,-21249,-24635,25423,9388,1012,1024,1024,
31,1226180096,-15212,-6532,-1772,-197,148,108,2816,-4352,-21505,-10398,32053,-7084,1013,1024,1024,
31,1628833280,-15372,-6552,-1892,-194,170,92,2304,-3328,-21505,29311,13128,-5343,1013,1024,1024,
31,2031486464,-15204,-6456,-1744,-203,207,99,2304,-3328,-23041,25121,-20388,-29776,1013,1024,1024,
31,2450916864,-15204,-6520,-1764,-177,196,92,3840,-3328,-20993,27834,-32760,-26300,1013,1024,1024,
31,2870347264,-15216,-6564,-1856,-187,184,80,2816,-3328,-21505,22571,-17421,30981,1013,1024,1024,
31,3273000448,-15336,-6564,-1772,-175,204,93,3584,-3072,-21249,1996,-29622,24029,1013,1024,1024,
31,3675653632,-15268,-6528,-1688,-179,187,91,1792,-3328,-21505,10833,27914,-5883,1013,1024,1024,
31,4078306816,-15100,-6496,-1572,-197,177,87,3072,-4608,-23297,30037,-6830,-26883,1012,1024,1024,
31,202835456,-15224,-6560,-1792,-179,175,103,1792,-3840,-22017,-15026,-23698,-27552,1013,1024,1024,
31,605488640,-15264,-6512,-1760,-174,186,103,2816,-3328,-21505,-16977,21388,18504,1013,1024,1024,
31,1024919040,-15256,-6504,-1724,-193,188,89,2816,-2304,-21505,-16561,32452,16620,1013,1024,1024,
31,1444349440,-15148,-6492,-1752,-185,154,77,2816,-3328,-22529,-32499,1594,32632,1012,1024,1024,
31,1830225408,-15264,-6564,-1644,-187,176,93,2048,-3072,-21761,26454,4927,-14803,1013,1024,1024,
31,2249655808,-15152,-6528,-1708,-196,193,99,3072,-2560,-20737,22775,1102,-9300,1012,1024,1024,
31,2652308992,-15312,-6468,-1840,-186,188,107,3328,-2816,-20481,-24850,15639,30495,1013,1024,1024,
31,3071739392,-15172,-6496,-1700,-195,177,91,3072,-3584,-20737,24769,-2000,-14630,1013,1024,1024,
31,3474392576,-15196,-6580,-1624,-185,181,107,2816,-2304,-20993,-23273,7058,19961,1013,1024,1024,
31,3877045760,-15236,-6496,-1736,-183,205,100,2816,-3328,-20993,-11144,14966,-12687,1013,1024,1024,
31,1574400,-15232,-6540,-1708,-202,157,72,1280,-3328,-20993,-31633,6042,-15424,1013,1024,1024,
31,404227584,-15240,-6480,-1740,-190,184,90,3584,-2048,-20737,-27072,-9711,14608,1012,1024,1024,
31,823657984,-15148,-6500,-1792,-189,171,82,4352,-3328,-21505,-557,21193,23315,1012,1024,1024,
31,1226311168,-15280,-6472,-1748,-192,195,94,3328,-3840,-21505,32616,21693,6467,1012,1024,1024,
31,1628964352,-15280,-6568,-1740,-192,205,90,1792,-2816,-21505,-22637,-14082,-15358,1013,1024,1024,
31,2031617536,-15236,-6524,-1668,-196,175,76,4608,-2560,-20737,30900,-14506,760,1012,1024,1024,
31,2451047936,-15216,-6460,-1740,-201,179,92,1024,-2560,-20737,-26336,4078,-27793,1012,1024,1024,
31,2870478336,-15232,-6480,-1700,-184,178,79,3072,-4096,-21761,31597,-29301,-23220,1013,1024,1024,
31,3273131520,-15328,-6468,-1680,-209,173,97,4096,-2560,-21249,-19251,6019,-8675,1013,1024,1024,
31,3675784704,-15244,-6452,-1692,-172,167,71,2560,-3072,-21761,-8994,-26342,4119,1012,1024,1024,
31,4078437888,-15188,-6560,-1644,-184,179,75,2560,-4096,-20737,45,15513,-24163,1012,1024,1024,
31,202966528,-15224,-6464,-1752,-204,172,87,2816,-3328,-20993,21755,25942,-15679,1013,1024,1024,
31,605619712,-15268,-6496,-1720,-191,170,100,3328,-3328,-20481,8240,27373,10859,1012,1024,1024,
31,1025050112,-15216,-6548,-1760,-188,158,94,2048,-3072,-20737,2824,29649,-1296,1012,1024,1024,
31,1444480512,-15228,-6468,-1752,-195,179,98,2304,-3840,-20481,-13823,8204,-21760,1013,1024,1024,
31,1830356480,-15196,-6508,-1704,-190,193,101,2816,-3840,-21505,8269,-12886,29858,1012,1024,1024,
31,2249786880,-15252,-6548,-1736,-176,180,81,3072,-2560,-22273,-235,-8430,12635,1012,1024,1024,
31,2652440064,-15244,-6504,-1780,-199,181,63,3328,-1280,-20993,2654,19673,-29542,1013,1024,1024,
31,3071870464,-15252,-6488,-1704,-180,191,71,2816,-3840,-21505,25512,29256,11902,1012,1024,1024,
31,3474523648,-15260,-6564,-1780,-196,169,92,2048,-3072,-21249,-26816,-29377,-22839,1013,1024,1024,
31,3877176832,-15276,-6416,-1792,-197,170,92,2560,-2560,-22785,-5816,-21971,-31134,1012,1024,1024,
31,1705472,-15196,-6488,-1672,-188,185,92,4096,-4096,-21249,7453,-25419,15287,1012,1024,1024,
31,404358656,-15304,-6512,-1760,-186,201,105,2816,-3328,-22017,11961,-22742,-13990,1012,1024,1024,
31,823789056,-15220,-6512,-1712,-186,160,96,4608,-4096,-22785,20858,28583,1562,1012,1024,1024,
31,1226442240,-15260,-6448,-1728,-189,187,114,3840,-2816,-21505,15557,-9213,27153,1013,1024,1024,
31,1629095424,-15148,-6544,-1648,-193,167,99,3840,-2304,-22017,22161,3176,-16961,1013,1024,1024,
31,2031748608,-15280,-6564,-1728,-191,179,87,2816,-3840,-21505,24328,23952,22658,1013,1024,1024,
31,2451179008,-15252,-6584,-1724,-191,171,115,3584,-3072,-22785,-27594,-3443,-19985,1012,1024,1024,
31,2870609408,-15200,-6488,-1792,-188,179,87,2048,-3584,-20737,-7758,-26564,-25673,1012,1024,1024,
31,3273262592,-15172,-6448,-1868,-178,185,68,3328,-4352,-22017,13007,27988,-1722,1012,1024,1024,
31,3675915776,-15272,-6544,-1668,-181,165,84,3584,-2560,-20225,6377,6973,-2813,1012,1024,1024,
31,4078568960,-15308,-6512,-1816,-182,198,84,4352,-4352,-20993,-12720,-27438,32564,1012,1024,1024,
31,203097600,-15216,-6484,-1676,-191,170,92,4352,-3840,-20993,-2956,-29518,-29991,1012,1024,1024,
31,605750784,-15204,-6468,-1664,-176,188,76,4096,-3584,-22785,16918,-3112,-23818,1013,1024,1024,
31,1025181184,-15284,-6536,-1692,-174,159,91,3584,-1536,-20737,23241,-30451,-11930,1012,1024,1024,
31,1444611584,-15272,-6504,-1752,-180,182,64,1792,-2816,-21505,-27076,-10469,-15304,1012,1024,1024,
31,1830487552,-15176,-6548,-1744,-201,171,96,3840,-3328,-21505,24261,-25830,-7132,1012,1024,1024,
31,2249917952,-15140,-6452,-1772,-197,159,94,3584,-3584,-20225,12741,-16790,20691,1013,1024,1024,
31,2652571136,-15188,-6460,-1656,-183,189,68,3584,-4096,-22273,4927,21383,-29695,1012,1024,1024,
31,3072001536,-15284,-6544,-1760,-176,173,93,2304,-2304,-20481,-24491,17119,947,1013,1024,1024,
31,3474654720,-15296,-6460,-1660,-206,174,62,2560,-4096,-22785,-26108,-31608,740,1013,1024,1024,
31,3877307904,-15244,-6504,-1572,-177,181,84,2048,-3072,-21249,-1309,-32446,12204,1013,1024,1024,
31,1836544,-15268,-6492,-1660,-190,175,90,2304,-3328,-20993,1168,12361,16585,1012,1024,1024,
31,404489728,-15200,-6492,-1760,-182,186,95,3840,-2816,-22017,-29480,16921,14939,1013,1024,1024,
31,823920128,-15252,-6484,-1824,-191,178,81,3328,-2304,-20993,26254,-17697,-26842,1012,1024,1024,
31,1226573312,-15244,-6536,-1784,-185,178,80,3584,-3072,-20737,-6826,-28637,-31403,1013,1024,1024,
31,1629226496,-15204,-6624,-1636,-200,180,139,2304,-3328,-20481,-20799,3807,31325,1012,1024,1024,
31,2031879680,-15240,-6468,-1812,-194,163,88,4352,-2304,-21505,18154,30707,-13743,1013,1024,1024,
31,2451310080,-15172,-6568,-1760,-195,191,86,2560,-3072,-21249,14446,3538,1405,1012,1024,1024,
31,2870740480,-15436,-6328,-1740,-142,269,36,4352,-4864,-20993,-30942,-9006,5498,1013,1024,1024,
31,3273393664,-15176,-6452,-1728,-176,224,90,4096,-4096,-21761,-16820,-25430,30017,1013,1024,1024,
31,3676046848,-15228,-6476,-1664,-200,119,99,2560,-3584,-21249,20779,-24384,14445,1014,1024,1024,
31,4078700032,-15272,-6540,-1756,-169,159,108,3072,-2048,-21761,-13795,-6606,-1350,1013,1024,1024,
31,203228672,-15172,-6584,-1704,-178,160,103,1536,-3072,-22785,-2009,-31833,-10087,1013,1024,1024,
31,605881856,-15264,-6528,-1716,-181,172,95,3328,-2304,-23041,20298,-16828,916,1013,1024,1024,
31,1025312256,-15168,-6512,-1688,-187,180,84,2816,-2816,-20993,5475,22476,-7056,1013,1024,1024,
31,1444742656,-15244,-6476,-1808,-188,175,96,3584,-3072,-20737,11257,10930,-12217,1013,1024,1024,
31,1830618624,-14108,-6196,-2016,-166,220,123,2560,-3584,-21249,5949,-9216,-22212,1012,1024,1024,
31,2250049024,-15116,-6500,-1688,-189,242,104,2304,-3840,-22017,18771,11850,-14990,1012,1024,1024,
31,2652702208,-15216,-6588,-1756,-189,188,136,3840,-2816,-20481,-7254,20326,30545,1011,1024,1024,
31,3072132608,-15144,-6472,-1704,-191,200,81,4352,-4864,-20993,14809,-29757,18038,1012,1024,1024,
31,3474785792,-15176,-6412,-1864,-162,143,105,2816,-4352,-22017,-23008,-27079,-26078,1013,1024,1024,
31,3877438976,-15216,-6380,-1744,-190,174,91,2816,-2816,-21505,16635,28299,12063,1013,1024,1024,
31,1967616,-15284,-6588,-1816,-187,184,109,2304,-3328,-19969,-11920,-20780,2795,1013,1024,1024,
31,404620800,-15248,-6504,-1768,-192,159,89,4352,-2816,-21505,31096,-31622,-30996,1012,1024,1024,
31,824051200,-15396,-6500,-1752,-187,195,78,2560,-2560,-21761,946,19234,28884,1013,1024,1024,
31,1226704384,-15144,-6496,-1788,-188,193,100,3072,-3072,-21761,-19165,10070,-18012,1013,1024,1024,
31,1629357568,-15208,-6476,-1740,-193,168,105,3072,-3072,-21249,24414,-6894,8136,1011,1024,1024,
31,2032010752,-15228,-6136,-1156,-425,819,-753,3072,-4608,-20737,-20105,-22400,-1759,1012,1024,1024,
31,2451441152,-14784,-5868,-796,-698,799,191,2560,-3072,-21249,4266,-18978,9388,1013,1024,1024,
31,2870871552,-15292,-6464,-3008,-1401,243,-96,2560,-3072,-21761,-10972,23860,-16557,1013,1024,1024,
31,3273524736,-14100,-9696,-3652,-520,-81,118,3584,-2048,-21249,-3468,19671,827,1012,1024,1024,
31,3676177920,-15380,-6408,-1772,-156,136,100,4608,-3072,-21761,17296,24819,-16212,1012,1024,1024,
31,4078831104,-15156,-6556,-1756,-143,96,112,3072,-4096,-21249,-1919,3476,-24151,1013,1024,1024,
31,203359744,-15272,-6476,-1768,-191,184,111,2560,-4608,-20737,26848,-28490,-21240,1012,1024,1024,
31,606012928,-15168,-6492,-1844,-181,181,79,2048,-3072,-20737,3984,24078,-15975,1012,1024,1024,
31,1025443328,-15216,-6488,-1832,-191,171,71,2816,-3328,-20993,20637,-22092,29633,1012,1024,1024,
31,1444873728,-15248,-6432,-1796,-189,178,103,3328,-2816,-20481,-12907,-24549,25989,1013,1024,1024,
31,1830749696,-15220,-6460,-1712,-174,173,101,2048,-2560,-21249,-10941,-15168,-18556,1012,1024,1024,
31,2250180096,-15232,-6468,-1740,-188,179,109,4096,-3072,-20737,-10971,-30731,-32723,1012,1024,1024,
31,2652833280,-15192,-6460,-1752,-187,171,86,2048,-2048,-21249,-29265,31239,-19665,1012,1024,1024,
31,3072263680,-15188,-6460,-1836,-199,192,101,3072,-3072,-20737,-5568,14204,-8654,1012,1024,1024,
31,3474916864,-15120,-6496,-1720,-174,141,83,2816,-3840,-20481,19492,-30798,19582,1012,1024,1024,
31,3877570048,-15168,-6428,-1672,-172,158,96,3072,-3072,-20225,14170,-19410,-8153,1013,1024,1024,
31,2098688,-15280,-6416,-1660,-178,191,72,2816,-3328,-22017,21309,-25550,15846,1013,1024,1024,
31,404751872,-15300,-6472,-1752,-171,186,82,2560,-2560,-21761,5164,-914,15193,1012,1024,1024,
31,824182272,-15232,-6536,-1800,-195,189,76,2304,-2816,-19969,7784,31558,31468,1013,1024,1024,
31,1226835456,-15256,-6540,-1776,-173,162,90,3072,-3584,-21761,31914,-14571,21175,1012,1024,1024,
31,1629488640,-15276,-6640,-1620,-195,179,85,3840,-2816,-20481,11759,-9575,-26545,1013,1024,1024,
31,2032141824,-15156,-6616,-1852,-190,168,94,1792,-3840,-22529,3824,-6386,-1199,1012,1024,1024,
31,2451572224,-15108,-6524,-1736,-190,199,99,3328,-3328,-22017,-23788,952,25113,1013,1024,1024,
31,2871002624,-15296,-6436,-1812,-170,195,96,2304,-2816,-20993,-22325,-14954,5620,1013,1024,1024,
31,3273655808,-15132,-6484,-1764,-187,183,96,2304,-4352,-20993,-1838,-13082,12539,1013,1024,1024,
31,3676308992,-15128,-6544,-1784,-186,169,96,2816,-3328,-20481,31664,15582,22846,1012,1024,1024,
31,4078962176,-15196,-6580,-1692,-176,162,103,3584,-3072,-21761,-20831,29977,-29265,1013,1024,1024,
31,203490816,-15340,-6596,-1740,-194,174,97,3840,-2304,-20481,32734,-28389,-24461,1012,1024,1024,
31,606144000,-15152,-6388,-1720,-176,149,105,4352,-2304,-20481,-3110,7737,29751,1013,1024,1024,
31,1025574400,-15288,-6496,-1612,-185,183,80,4352,-3840,-20481,9279,-9829,-31090,1012,1024,1024,
31,1445004800,-15232,-6548,-1692,-188,190,88,2816,-3328,-19969,-8764,-26712,10759,1013,1024,1024,
31,1830880768,-15184,-6424,-1836,-195,181,101,2560,-3584,-20737,30057,145,-7030,1012,1024,1024,
31,2250311168,-15284,-6504,-1828,-201,163,85,2048,-2560,-20737,19481,19445,-29154,1013,1024,1024,
31,2652964352,-15284,-6424,-1712,-186,177,86,3328,-3328,-20993,-3509,19128,-16394,1011,1024,1024,
31,3072394752,-15236,-6512,-1736,-183,164,79,2048,-3584,-20737,24689,-6846,28612,1013,1024,1024,
31,3475047936,-15284,-6556,-1656,-178,200,89,4096,-3072,-20737,478,21553,5900,1013,1024,1024,
31,3877701120,-15240,-6420,-1664,-201,193,94,3328,-3328,-21505,-16425,26989,-15925,1013,1024,1024,
31,2229760,-15244,-6440,-1732,-181,163,88,4608,-3584,-20737,-23292,20276,-27617,1012,1024,1024,
31,404882944,-15168,-6492,-1696,-178,183,94,4352,-1792,-22017,-25746,-6789,-25519,1013,1024,1024,
31,824313344,-15128,-6472,-1736,-201,157,68,4096,-3584,-20737,8224,16364,23699,1012,1024,1024,
31,1226966528,-15168,-6480,-1900,-179,191,109,2304,-4352,-20481,-31632,22507,-11472,1013,1024,1024,
31,1629619712,-15200,-6620,-1688,-203,177,79,4352,-3328,-19969,9906,-19069,-9806,1012,1024,1024,
31,2032272896,-15304,-6544,-1748,-180,176,110,5376,-2816,-20481,-5910,-31055,-4491,1013,1024,1024,
31,2451703296,-15224,-6508,-1712,-192,165,88,3328,-3328,-20481,-4505,-8191,-26829,1012,1024,1024,
31,2871133696,-15236,-6492,-1704,-191,184,99,3072,-3072,-20737,13058,1257,-27377,1012,1024,1024,
31,3273786880,-15188,-6572,-1712,-187,165,90,3840,-3328,-20993,11153,29452,27102,1012,1024,1024,
31,3676440064,-15240,-6488,-1712,-181,173,111,2816,-3328,-19969,-18254,18333,-12321,1012,1024,1024,
31,4079093248,-15300,-6560,-1688,-191,188,95,3840,-3840,-20993,26748,-844,11756,1012,1024,1024,
31,203621888,-15284,-6564,-1720,-187,197,74,2560,-3072,-21249,-25337,-11909,4704,1012,1024,1024,
31,606275072,-15264,-6456,-1672,-170,197,83,2560,-2560,-20225,4830,24747,-15322,1013,1024,1024,
31,1025705472,-15360,-6500,-1692,-178,179,74,2816,-2304,-22017,17731,26270,-11032,1012,1024,1024,
31,1411581440,-15244,-6540,-1812,-185,170,84,4096,-3072,-21249,-2180,-27660,6119,1012,1024,1024,
31,1831011840,-15344,-6512,-1816,-176,191,101,2816,-3840,-21505,28622,4238,-27727,1012,1024,1024,
31,2250442240,-15228,-6472,-1792,-191,195,82,3584,-3072,-20737,-11159,24363,-13172,1013,1024,1024,
31,2653095424,-15176,-6576,-1788,-206,191,73,2816,-2816,-20481,-24439,-25687,-31437,1012,1024,1024,
31,3072525824,-15284,-6508,-1660,-179,174,82,2560,-2560,-22273,-9850,8470,24740,1013,1024,1024,
31,3475179008,-15236,-6500,-1688,-202,184,106,2816,-3328,-19969,-5092,17718,10062,1012,1024,1024,
31,3877832192,-15204,-6488,-1852,-187,182,90,2560,-3584,-21761,11312,-19238,30487,1012,1024,1024,
31,2360832,-15272,-6468,-1756,-187,162,87,4096,-4608,-20225,20396,-7133,-12287,1013,1024,1024,
31,405014016,-15284,-6504,-1764,-185,194,92,3328,-4352,-19457,-30894,10814,6250,1012,1024,1024,
31,824444416,-15212,-6576,-1716,-182,169,88,3072,-2560,-21761,-25099,-7472,-2187,1012,1024,1024,
31,1227097600,-15208,-6512,-1732,-164,167,88,4096,-2560,-21761,-9162,-29616,27854,1012,1024,1024,
31,1629750784,-15312,-6580,-1756,-181,178,101,3840,-3328,-19969,-27848,-13705,-3372,1012,1024,1024,
31,2032403968,-15236,-6492,-1668,-203,176,66,2816,-2816,-21505,30955,-7072,30974,1012,1024,1024,
31,2451834368,-15228,-6600,-1732,-160,176,86,2048,-3072,-20737,-14644,6608,21295,1013,1024,1024,
31,2871264768,-15280,-6544,-1644,-207,178,98,3328,-2816,-20993,1580,-2876,7155,1012,1024,1024,
31,3273917952,-15160,-6588,-1680,-166,186,106,3328,-2816,-20993,9321,7574,4391,1012,1024,1024,
31,3676571136,-15204,-6420,-1612,-170,179,90,2560,-1024,-21761,-15990,23859,-28045,1013,1024,1024,
31,4079224320,-15204,-6480,-1704,-204,201,118,2560,-1536,-21761,21592,8517,25971,1012,1024,1024,
31,203752960,-15172,-6528,-1744,-191,143,95,2816,-3328,-22529,-25577,-17017,-28126,1013,1024,1024,
31,606406144,-15292,-6592,-1752,-182,186,84,3072,-3072,-20737,6437,-31995,22763,1012,1024,1024,
31,1025836544,-15124,-6532,-1784,-198,189,86,3328,-3328,-19969,-5119,28644,8491,1013,1024,1024,
31,1411712512,-15272,-6548,-1768,-187,180,94,3072,-2560,-20737,-17567,30175,19409,1013,1024,1024,
31,1831142912,-15308,-6572,-1636,-185,143,96,3072,-3584,-22273,16159,15910,-6545,1013,1024,1024,
31,2250573312,-15240,-6420,-1748,-186,196,87,2816,-3840,-21505,-19396,-1095,26525,1012,1024,1024,
31,2653226496,-15308,-6524,-1512,-190,193,95,3840,-4352,-21505,-17780,20785,-20059,1013,1024,1024,
31,3072656896,-15196,-6576,-1720,-185,190,81,4096,-2560,-20225,-3585,-16552,-9783,1012,1024,1024,
31,3475310080,-15232,-6536,-1688,-186,194,92,2560,-2048,-19713,-19146,3954,18948,1013,1024,1024,
31,3877963264,-15184,-6520,-1756,-187,177,101,3584,-2560,-21249,5534,-4862,-14319,1012,1024,1024,
31,2491904,-15244,-6456,-1716,-170,184,89,3072,-3584,-21249,26438,-6293,18119,1013,1024,1024,
31,405145088,-15232,-6552,-1776,-182,177,93,2304,-3328,-20993,810,-3671,13285,1013,1024,1024,
31,824575488,-15296,-6564,-1700,-185,191,102,1536,-3072,-21249,17807,28842,-2918,1013,1024,1024,
31,1227228672,-15168,-6528,-1732,-188,180,109,3072,-2560,-20737,19102,6473,-16399,1012,1024,1024,
31,1629881856,-15248,-6440,-1724,-188,173,89,3328,-3328,-19457,-27513,-16146,-2707,1013,1024,1024,
31,2032535040,-15228,-6564,-1708,-171,189,103,2304,-3328,-20993,30311,-18948,21358,1013,1024,1024,
31,2451965440,-15276,-6472,-1804,-204,181,94,2304,-3328,-20481,-24474,-24383,-2780,1013,1024,1024,
31,2871395840,-15248,-6548,-1732,-183,170,122,3840,-2816,-21505,-18787,8485,14747,1012,1024,1024,
31,3274049024,-15188,-6460,-1840,-197,157,106,2816,-3840,-22017,9736,-31129,27234,1013,1024,1024,
31,3676702208,-15212,-6588,-1748,-188,183,91,4096,-3584,-21249,7065,8032,2979,1013,1024,1024,
31,4079355392,-15288,-6560,-1676,-197,194,115,2816,-3328,-20993,10174,-2780,-18367,1013,1024,1024,
31,203884032,-15160,-6440,-1700,-190,167,80,4096,-3072,-21761,-13556,12319,-29249,1013,1024,1024,
31,606537216,-15196,-6512,-1848,-185,204,108,4096,-4096,-21249,6225,-24008,-25308,1012,1024,1024,
31,1025967616,-15232,-6468,-1772,-188,176,103,2816,-3328,-19969,-14855,3248,-19570,1012,1024,1024,
31,1411843584,-15216,-6560,-1620,-195,185,105,3584,-3072,-20737,-9566,23726,28723,1012,1024,1024,
31,1831273984,-15224,-6428,-1760,-190,167,73,3328,-2304,-21505,31801,-12318,-22636,1013,1024,1024,
31,2250704384,-15292,-6464,-1768,-179,179,109,3584,-2560,-20225,30764,-5584,-26277,1011,1024,1024,
31,2653357568,-15196,-6436,-1808,-173,185,83,4096,-3584,-21249,17035,27109,-1475,1012,1024,1024,
31,3072787968,-15216,-6556,-1732,-185,182,81,2304,-2304,-20993,-3970,-32731,-27993,1012,1024,1024,
31,3458663936,-15112,-6448,-1644,-184,189,84,4096,-1536,-21761,6766,-4728,-19523,1013,1024,1024,
31,3878094336,-15144,-6428,-1748,-187,199,88,2816,-3840,-20993,-5881,1543,23431,1013,1024,1024,
31,2622976,-15132,-6596,-1808,-185,181,96,3072,-3072,-21761,-14893,-13417,-13820,1012,1024,1024,
31,405276160,-15196,-6492,-1780,-193,184,70,3840,-3328,-21505,-1076,15241,27388,1012,1024,1024,
31,824706560,-15388,-6580,-1696,-177,190,97,2560,-3072,-21761,-29501,23999,-3934,1012,1024,1024,
31,1227359744,-15192,-6436,-1732,-187,180,92,3072,-4096,-21761,14737,-27856,-15054,1013,1024,1024,
31,1630012928,-15248,-6456,-1688,-213,207,87,3072,-3072,-20225,-5438,-29027,-1509,1013,1024,1024,
31,2032666112,-15264,-6564,-1768,-193,183,90,2816,-4352,-20481,-17984,-29445,-15535,1012,1024,1024,
31,2452096512,-15080,-6580,-1720,-181,196,125,2304,-2816,-20993,4518,-12062,-16494,1012,1024,1024,
31,2871526912,-15216,-6468,-1752,-185,181,89,2304,-3328,-21505,12669,-14317,-1612,1013,1024,1024,
31,3274180096,-15260,-6620,-1664,-193,193,92,2816,-3840,-21505,22493,12547,29966,1012,1024,1024,
31,3676833280,-15216,-6504,-1740,-172,176,78,2816,-1792,-20993,-17201,-10823,1802,1012,1024,1024,
31,4079486464,-15308,-6556,-1744,-183,178,117,2816,-2816,-21505,17559,-10925,21088,1012,1024,1024,
31,204015104,-15296,-6580,-1688,-192,187,81,4096,-3072,-20737,22813,19354,11960,1013,1024,1024,
31,606668288,-15120,-6516,-1788,-197,183,86,3328,-3840,-21505,-2862,13257,-26139,1012,1024,1024,
31,1026098688,-15204,-6528,-1756,-206,181,105,2560,-3584,-19713,10722,-3418,3892,1013,1024,1024,
31,1411974656,-15172,-6484,-1760,-187,184,103,2304,-3328,-20993,19193,27526,-196,1012,1024,1024,
31,1831405056,-15140,-6408,-1800,-206,183,100,1792,-3840,-21505,-825,11550,-16007,1013,1024,1024,
31,2250835456,-15168,-6384,-1824,-182,152,114,4352,-2816,-20481,-25250,11115,18033,1013,1024,1024,
31,2653488640,-15152,-6580,-1684,-195,190,102,3072,-4608,-21249,28544,-28832,29697,1013,1024,1024,
31,3072919040,-15280,-6556,-1624,-194,138,98,3840,-3328,-21505,13193,-26425,-17227,1013,1024,1024,
31,3458795008,-15216,-6520,-1716,-180,182,95,3840,-2816,-20481,15238,3415,31766,1012,1024,1024,
31,3878225408,-15172,-6472,-1788,-176,186,65,2816,-3328,-22529,-6945,5318,3282,1013,1024,1024,
31,2754048,-15236,-6492,-1716,-210,181,101,2560,-3072,-20737,-7437,-7271,32074,1012,1024,1024,
31,405407232,-15172,-6532,-1764,-193,137,84,2816,-3328,-20993,24460,-21409,15270,1013,1024,1024,
31,824837632,-15228,-6540,-1648,-201,182,105,3072,-3584,-21761,-10786,31135,31283,1012,1024,1024,
31,1210713600,-15160,-6492,-1788,-193,188,114,3072,-2560,-19713,2777,24240,-14026,1013,1024,1024,
31,1630144000,-15236,-6464,-1772,-201,205,104,4096,-5632,-20737,-22404,2878,-11768,1012,1024,1024,
31,2032797184,-15220,-6496,-1820,-185,169,106,4096,-3584,-21249,-21017,12831,20509,1013,1024,1024,
31,2452227584,-15168,-6620,-1708,-182,201,61,1024,-2560,-21761,26343,-29754,-1211,1012,1024,1024,
31,2871657984,-15152,-6556,-1764,-181,173,90,3072,-3072,-21761,5197,3650,-13418,1013,1024,1024,
31,3274311168,-15216,-6504,-1720,-184,191,97,3584,-3584,-20225,2230,-27843,10151,1012,1024,1024,
31,3676964352,-15228,-6444,-1716,-178,199,95,3584,-2048,-20737,29241,-15196,-32702,1013,1024,1024,
31,4079617536,-15216,-6580,-1828,-177,169,81,3328,-3328,-22529,2898,-2041,-16499,1013,1024,1024,
31,204146176,-15292,-6472,-1592,-186,173,88,2816,-3328,-21505,27701,23498,-3923,1013,1024,1024,
31,606799360,-15220,-6476,-1712,-193,184,91,3328,-2304,-20993,-27721,-8852,-299,1012,1024,1024,
31,1026229760,-15188,-6508,-1676,-196,187,80,3072,-3072,-21249,-3277,-13740,-6723,1012,1024,1024,
31,1412105728,-15228,-6512,-1792,-189,164,91,3584,-2560,-20225,-32316,-32505,2290,1013,1024,1024,
31,1831536128,-15152,-6492,-1736,-188,177,93,2816,-3328,-20481,-2475,29100,-27582,1013,1024,1024,
31,2250966528,-15248,-6480,-1856,-190,183,97,2816,-2304,-22017,4623,-15893,18692,1012,1024,1024,
31,2653619712,-15272,-6556,-1756,-194,173,79,4096,-4096,-19713,-8790,-1514,-8096,1013,1024,1024,
31,3073050112,-15208,-6488,-1672,-191,165,98,2304,-1792,-20993,-8554,25172,-14993,1012,1024,1024,
31,3458926080,-15300,-6468,-1728,-200,167,94,4096,-3584,-21761,6580,15423,4706,1013,1024,1024,
31,3878356480,-15300,-6496,-1872,-191,195,81,3328,-2816,-20993,-28616,-10353,-27539,1012,1024,1024,
31,2885120,-15104,-6552,-1792,-187,178,94,3328,-2816,-21505,-30927,-20715,-20662,1012,1024,1024,
31,405538304,-15192,-6416,-1668,-200,184,111,3584,-3584,-20737,-16870,15116,-16118,1012,1024,1024,
31,824968704,-15212,-6540,-1700,-172,174,82,3072,-3072,-21249,-26493,19457,-27321,1013,1024,1024,
31,1210844672,-15332,-6552,-1540,-172,179,89,3840,-2304,-22017,-4577,21233,-29752,1013,1024,1024,
31,1630275072,-15252,-6524,-1764,-179,199,106,3072,-2560,-21249,1647,4098,9553,1012,1024,1024,
31,2032928256,-15168,-6600,-1680,-188,168,94,2304,-3328,-21505,-21314,-31878,17122,1013,1024,1024,
31,2452358656,-15300,-6428,-1816,-170,178,83,3072,-3584,-22273,-11345,13799,-31642,1013,1024,1024,
31,2871789056,-15224,-6444,-1612,-181,167,83,1792,-2816,-22017,21945,-18676,7251,1013,1024,1024,
31,3274442240,-15312,-6532,-1692,-193,161,93,3328,-4352,-20481,17709,-15275,16401,1013,1024,1024,
31,3677095424,-15244,-6508,-1736,-198,180,98,2816,-3328,-20993,-7480,28971,4800,1013,1024,1024,
31,4079748608,-15204,-6508,-1668,-183,167,84,3072,-3072,-20737,10690,-16713,-3366,1013,1024,1024,
31,204277248,-15216,-6548,-1624,-195,191,91,3072,-4608,-20225,29048,-17332,12615,1013,1024,1024,
31,606930432,-15204,-6452,-1716,-202,194,78,3328,-2816,-22017,-3867,26751,-17473,1012,1024,1024,
31,1026360832,-15252,-6456,-1696,-178,172,83,3072,-3584,-21761,-23833,30793,-16057,1013,1024,1024,
31,1412236800,-15224,-6484,-1684,-198,187,104,4096,-4096,-20737,17025,-7896,-19701,1012,1024,1024,
31,1831667200,-15248,-6552,-1756,-198,174,94,4096,-3072,-21761,-18735,24975,-19319,1012,1024,1024,
31,2251097600,-15252,-6444,-1828,-192,201,89,4352,-3840,-21505,13992,7625,-19588,1012,1024,1024,
31,2653750784,-15156,-6444,-1752,-191,189,110,3584,-4608,-21249,8555,8998,-12953,1012,1024,1024,
31,3073181184,-15308,-6568,-1812,-194,166,71,2560,-3072,-21249,-9925,24315,-31942,1012,1024,1024,
31,3459057152,-15292,-6512,-1712,-177,178,89,4352,-1792,-20993,24475,-2722,-26011,1012,1024,1024,
31,3878487552,-15260,-6556,-1608,-193,197,112,3584,-3072,-21249,-5529,19370,-15881,1012,1024,1024,
31,3016192,-15160,-6548,-1844,-175,198,103,2048,-3584,-21761,-9583,298,-27642,1012,1024,1024,
31,405669376,-15268,-6488,-1736,-179,177,96,3840,-3328,-22017,15218,29410,-27955,1013,1024,1024,
31,825099776,-15120,-6504,-1784,-182,159,94,3584,-4096,-21761,-3029,23612,16462,1012,1024,1024,
31,1210975744,-15296,-6468,-1712,-169,182,83,3328,-3840,-20481,3959,-1138,-10875,1012,1024,1024,
31,1630406144,-15264,-6524,-1752,-202,170,85,3584,-2560,-21249,-17941,611,22386,1012,1024,1024,
31,2033059328,-15184,-6440,-1700,-188,173,91,2048,-3072,-20225,-16910,31874,1570,1012,1024,1024,
31,2452489728,-15184,-6588,-1732,-182,187,92,4096,-3072,-20737,18827,32765,-28080,1013,1024,1024,
31,2871920128,-15136,-6496,-1688,-183,191,98,3072,-4096,-21249,-6684,578,-2019,1012,1024,1024,
31,3274573312,-15192,-6508,-1696,-183,170,72,3840,-3328,-19969,25637,30792,1242,1012,1024,1024,
31,3677226496,-15196,-6460,-1740,-216,193,89,2816,-4352,-22017,-18898,5151,17698,1012,1024,1024,
31,4079879680,-15164,-6520,-1496,-171,179,95,2560,-3072,-21249,31916,19070,25338,1013,1024,1024,
31,204408320,-15340,-6560,-1752,-204,177,90,3328,-3840,-22017,21791,-18609,19533,1012,1024,1024,
31,607061504,-15300,-6468,-1740,-197,181,85,2816,-3328,-20993,5989,-28905,14318,1012,1024,1024,
31,1026491904,-15272,-6512,-1748,-195,187,77,4608,-3584,-21249,-20429,1414,-14125,1012,1024,1024,
31,1412367872,-15312,-6448,-1808,-176,165,89,3072,-2560,-20225,11743,18931,-21595,1013,1024,1024,
31,1831798272,-15140,-6540,-1820,-176,174,115,2560,-3072,-21761,-31418,22024,-7901,1012,1024,1024,
31,2251228672,-15324,-6520,-1720,-197,184,79,2816,-3328,-19457,-6082,30821,2029,1013,1024,1024,
31,2653881856,-15168,-6528,-1736,-167,188,85,3072,-3072,-21761,5715,-7889,-30706,1012,1024,1024,
31,3073312256,-15176,-6568,-1624,-180,173,96,2048,-4096,-21761,-11195,-22730,-7519,1013,1024,1024,
31,3459188224,-15164,-6552,-1656,-172,190,105,3584,-3584,-21249,-4605,10669,-9713,1012,1024,1024,
31,3878618624,-15232,-6520,-1716,-173,178,98,3840,-3840,-22017,-17519,19221,6227,1013,1024,1024,
31,3147264,-15172,-6492,-1796,-183,175,94,3072,-3584,-21249,-22405,-13772,18021,1013,1024,1024,
31,405800448,-15136,-6492,-1720,-190,151,103,2816,-2304,-22017,22382,-15343,-9404,1013,1024,1024,
31,825230848,-15292,-6492,-1796,-200,159,100,3840,-1792,-20993,28795,23601,-10771,1012,1024,1024,
31,1211106816,-15208,-6472,-1640,-182,190,76,3584,-3584,-22273,27507,-27029,-9236,1013,1024,1024,
31,1630537216,-15184,-6512,-1696,-192,167,79,2304,-3328,-21505,31460,23763,-9322,1013,1024,1024,
31,2033190400,-17028,-7144,-1148,-158,143,6,3584,-3584,-21249,-3417,-8153,20586,1013,1024,1024,
31,2452620800,-15164,-6448,-1700,-161,156,82,3328,-3840,-20481,-23471,22170,-7726,1013,1024,1024,
31,2872051200,-15428,-6576,-1684,-193,179,86,3072,-2560,-21249,18628,32727,-14033,1013,1024,1024,
31,3274704384,-15244,-6544,-1752,-179,154,98,4352,-3840,-22529,18500,11288,4587,1012,1024,1024,
31,3677357568,-15224,-6560,-1768,-194,177,104,2816,-4352,-21505,2604,29230,-31569,1012,1024,1024,
31,4080010752,-15272,-6444,-1820,-185,179,78,3072,-5120,-21249,-25741,-18740,11867,1012,1024,1024,
31,204539392,-15264,-6568,-1744,-185,194,86,2304,-1792,-20481,5369,8340,1373,1012,1024,1024,
31,607192576,-15140,-6476,-1724,-200,184,76,2304,-2816,-22017,17496,-17827,20304,1012,1024,1024,
31,1026622976,-15092,-6572,-1736,-194,194,105,3840,-3328,-20481,20627,-21607,24683,1011,1024,1024,
31,1412498944,-15376,-6488,-1760,-203,138,116,2816,-3328,-22529,-11088,1366,-2790,1012,1024,1024,
31,1831929344,-15284,-6528,-1784,-186,180,94,2304,-3328,-22017,-21058,11132,-24263,1012,1024,1024,
31,2251359744,-15148,-6492,-1804,-200,177,83,2304,-4352,-21505,16920,32422,4884,1013,1024,1024,
31,2654012928,-15304,-6548,-1756,-190,165,102,2816,-3840,-20993,-20227,20741,28322,1012,1024,1024,
31,3073443328,-15260,-6452,-1728,-188,174,94,4096,-2560,-20737,-27572,5981,-31846,1013,1024,1024,
31,3459319296,-15216,-6536,-1832,-192,180,103,4352,-4352,-19969,1651,-24268,27204,1012,1024,1024,
31,3878749696,-15256,-6560,-1636,-200,169,93,2048,-3072,-21249,-9131,1506,-1865,1013,1024,1024,
31,3278336,-15172,-6496,-1672,-196,173,82,2816,-3328,-20481,-6733,29863,-14666,1012,1024,1024,
31,405931520,-15228,-6520,-1640,-187,186,99,2048,-3584,-22273,-2842,19497,22588,1013,1024,1024,
31,825361920,-15204,-6400,-1604,-181,220,99,4096,-4608,-21249,1961,-24169,-12248,1013,1024,1024,
31,1211237888,-15256,-6572,-1640,-190,155,101,4608,-2048,-20225,7889,-3468,-12325,1012,1024,1024,
31,1630668288,-15108,-6352,-1572,-174,191,91,2560,-3072,-20225,22639,12735,12354,1012,1024,1024,
31,2033321472,-15204,-6460,-1704,-181,277,89,4608,-3072,-21249,2264,-14068,20194,1012,1024,1024,
31,2452751872,-15184,-6548,-1892,-185,139,102,3840,-3840,-20993,-23330,-28084,-10264,1013,1024,1024,
31,2872182272,-15212,-6536,-1632,-178,186,91,3328,-4864,-22017,-2423,-15531,-23639,1012,1024,1024,
31,3274835456,-15236,-6648,-1580,-181,172,99,3072,-2560,-22273,-16207,14496,-11011,1013,1024,1024,
31,3677488640,-15264,-6528,-1744,-181,189,79,3072,-2560,-21249,23648,24977,-14251,1012,1024,1024,
31,4080141824,-15244,-6564,-1704,-173,172,63,3072,-3072,-20737,-4765,15201,-21318,1012,1024,1024,
31,204670464,-15212,-6472,-1632,-181,178,89,1792,-4352,-22017,2472,13702,10884,1012,1024,1024,
31,607323648,-15104,-6492,-1776,-170,154,112,3840,-4352,-20993,102,24159,-1914,1012,1024,1024,
31,1026754048,-15272,-6460,-1668,-203,177,107,3584,-4096,-20737,23787,373,-10534,1012,1024,1024,
31,1412630016,-15352,-6516,-1736,-192,274,83,3584,-2560,-21249,-18756,-31016,-5460,1012,1024,1024,
31,1832060416,-15128,-6404,-1720,-224,297,58,3584,-2560,-20737,23983,24936,12598,1012,1024,1024,
31,2251490816,-15292,-6540,-1816,-192,191,87,2560,-4096,-19713,1112,22635,5210,1012,1024,1024,
31,2654144000,-15256,-6508,-1876,-205,208,76,3840,-2816,-21505,-13875,-10851,-8697,1012,1024,1024,
31,3073574400,-15252,-6528,-1788,-168,177,82,3840,-3840,-22017,18285,178,-13034,1013,1024,1024,
31,3459450368,-15288,-6508,-1708,-206,197,96,1792,-3328,-19969,30067,-27099,28406,1012,1024,1024,
31,3878880768,-15196,-6496,-1880,-200,131,92,3072,-4096,-21761,-20587,31953,-9013,1013,1024,1024,
31,3409408,-15108,-6420,-1848,-172,94,93,1792,-3840,-21505,-19156,-31572,-17230,1013,1024,1024,
31,406062592,-15260,-6524,-1780,-199,234,76,3328,-3328,-23041,26773,-9230,5871,1012,1024,1024,
31,825492992,-15276,-6544,-1752,-171,162,108,2816,-3840,-22017,21770,-16509,-8515,1013,1024,1024,
31,1211368960,-15276,-6556,-1756,-190,192,106,2560,-2560,-21761,25440,-1634,-24515,1012,1024,1024,
31,1630799360,-15220,-6504,-1808,-184,184,97,3840,-3840,-20481,6624,-4974,1252,1012,1024,1024,
31,2033452544,-15264,-6532,-1832,-198,194,99,3328,-3328,-22017,-12394,-24931,24643,1013,1024,1024,
31,2452882944,-15216,-6432,-1808,-184,167,97,3840,-4352,-20993,-25105,-16431,19519,1013,1024,1024,
31,2872313344,-15220,-6548,-1692,-183,170,102,2048,-3584,-20225,536,-20144,9475,1013,1024,1024,
31,3274966528,-15148,-6464,-1732,-183,180,86,3328,-2304,-22017,12309,-2104,-21792,1013,1024,1024,
31,3677619712,-15136,-6536,-1724,-185,163,94,3328,-2816,-20993,27081,-6325,9301,1013,1024,1024,
31,4080272896,-15192,-6568,-1692,-186,187,80,3840,-2816,-21505,-30854,25913,-10099,1013,1024,1024,
31,204801536,-15308,-6620,-1772,-192,166,72,3328,-3840,-21505,14813,5173,-12035,1012,1024,1024,
31,607454720,-15184,-6384,-1800,-166,171,102,3840,-2304,-22017,-17053,-9236,-31655,1013,1024,1024,
31,1026885120,-14924,-6460,-1552,-231,260,66,3072,-3584,-21761,-2760,-12867,23539,1012,1024,1024,
31,1412761088,-15356,-6496,-1768,-165,103,84,2560,-4096,-21761,-1873,23826,-26322,1013,1024,1024,
31,1832191488,-14964,-6496,-1720,-197,199,25,2304,-3328,-22017,-18217,-12940,10835,1012,1024,1024,
31,2251621888,-15276,-6452,-1764,-189,153,96,3072,-3584,-22273,-9032,25710,18140,1012,1024,1024,
31,2654275072,-15240,-6580,-1868,-189,144,130,2560,-3584,-20737,-14191,-12977,10829,1012,1024,1024,
31,3073705472,-15364,-6444,-1788,-144,45,143,2304,-3840,-21505,-4665,-10595,4080,1012,1024,1024,
31,3459581440,-15236,-6472,-1808,11,-286,179,4096,-4096,-20737,-27805,24897,-14707,1012,1024,1024,
31,3879011840,-15600,-4100,-344,-931,-551,601,1024,-2048,-20737,27463,20993,-1156,1013,1024,1024,
31,3540480,-15348,-6644,-1928,-2572,-689,222,3584,-3584,-21761,-14552,-19649,289,1012,1024,1024,
31,406193664,-15208,-6428,-1572,-1159,-383,199,3584,-3584,-19201,23282,6151,-18056,1012,1024,1024,
31,825624064,-15088,-5980,-2020,-1720,-411,140,3072,-3072,-21761,-28102,13805,-25149,1013,1024,1024,
31,1211500032,-15132,-7064,-1716,-1087,-471,133,4096,-4096,-21249,275,15653,-29691,1012,1024,1024,
31,1630930432,-15396,-6536,-1660,-767,-34,123,3072,-4096,-20737,15689,-13834,-9227,1013,1024,1024,
31,2033583616,-15048,-6732,-1468,-367,244,87,2048,-1536,-20225,22672,6843,5967,1012,1024,1024,
31,2453014016,-15296,-6620,-1652,-169,159,182,2560,-3584,-20737,27793,24818,29962,1013,1024,1024,
31,2872444416,-14968,-6868,-1840,-256,185,96,2560,-2560,-20737,-20821,30365,-32355,1012,1024,1024,
31,3258320384,-15236,-6508,-1636,-195,190,99,3584,-3584,-22273,786,19261,22002,1013,1024,1024,
31,3677750784,-15264,-6540,-1552,-486,-167,196,3328,-2816,-19969,18052,18788,30723,1012,1024,1024,
31,4080403968,-15432,-6308,-1956,-1203,-680,271,3328,-2816,-20993,-7964,-17453,-21477,1013,1024,1024,
31,204932608,-15088,-6664,-1500,-1313,-520,115,3584,-3584,-21249,18024,3644,17935,1012,1024,1024,
31,607585792,-15440,-6556,-1744,-145,-50,120,3072,-3584,-20737,-14018,11627,-29958,1012,1024,1024,
31,1027016192,-15168,-6320,-1392,-306,378,-19,2816,-3840,-19969,-21508,17728,13391,1012,1024,1024,
31,1412892160,-15448,-6364,-1408,580,961,-48,3072,-2560,-20737,23798,-9183,6039,1012,1024,1024,
31,1832322560,-15288,-6400,-1820,796,813,62,3072,-3072,-19713,26708,-17954,15398,1013,1024,1024,
31,2251752960,-15136,-6948,-1504,-1,331,6,3584,-5120,-19713,10073,31948,-32237,1012,1024,1024,
31,2654406144,-15160,-6504,-1668,-202,272,80,2816,-3840,-20481,-15426,8403,-20635,1012,1024,1024,
31,3073836544,-15280,-6508,-1756,-200,154,99,3584,-3584,-21761,13512,27824,-6479,1012,1024,1024,
31,3459712512,-15164,-6476,-1744,-155,172,100,3072,-1536,-20737,-26491,-12660,-4739,1012,1024,1024,
31,3879142912,-15312,-6480,-1664,-202,234,60,4096,-2560,-21761,-6886,-21408,32464,1012,1024,1024,
31,3671552,-15248,-6580,-1596,-184,209,80,2816,-3840,-22017,20376,-16089,5007,1012,1024,1024,
31,406324736,-15136,-6376,-1832,-194,214,86,3328,-2816,-20993,15210,28128,-10543,1012,1024,1024,
31,825755136,-15092,-6544,-1716,-6,705,-15,3328,-2304,-22017,26254,16887,4131,1012,1024,1024,
31,1211631104,-14812,-6976,-1348,-584,573,27,2816,-3840,-22017,-24399,21700,22856,1012,1024,1024,
31,1631061504,-18976,-2064,-5064,1959,-1101,-318,3328,-3840,-20481,22645,14001,23347,1012,1024,1024,
31,2033714688,-15400,-6780,500,-3154,-3043,555,3840,-3840,-20481,-20674,-25025,22702,1012,1024,1024,
31,2453145088,-13740,-4792,-3492,-3466,-1623,347,3072,-4096,-20225,16576,16300,32318,1012,1024,1024,
31,2872575488,-15352,-7056,-512,-3112,-1297,76,4096,-3584,-20225,27243,-11435,8558,1012,1024,1024,
31,3258451456,-14788,-7600,-1152,-2393,-886,470,3072,-3584,-19713,-31839,-9050,-16603,1012,1024,1024,
31,3677881856,-14648,-7384,-1540,-324,346,132,2560,-3072,-20225,17113,-31440,-21615,1012,1024,1024,
31,4080535040,-15112,-6116,-1836,-53,660,124,3072,-3072,-19713,23644,-3578,-24602,1012,1024,1024,
31,205063680,-14104,-5072,-1276,-1944,2655,1949,3840,-3328,-20481,-16058,1454,1560,1012,1024,1024,
31,607716864,-15756,-6088,-2640,1137,1888,-8,3584,-2048,-19713,18180,3589,-26179,1012,1024,1024,
31,1027147264,-14844,-6348,-1600,677,278,62,3584,-2048,-20225,21186,-917,30304,1012,1024,1024,
31,1413023232,-15208,-6504,-1668,-197,194,109,3328,-2816,-22017,28935,-13834,26065,1012,1024,1024,
31,1832453632,-15192,-6644,-1656,-194,181,106,2304,-4352,-19969,-10439,4693,-13348,1013,1024,1024,
31,2251884032,-15228,-6544,-1672,-177,177,105,4096,-2560,-20737,30855,13454,-30519,1012,1024,1024,
31,2654537216,-15212,-6480,-1792,-185,171,98,2816,-2816,-20481,-6956,-13114,2102,1012,1024,1024,
31,3073967616,-15224,-6408,-1824,-201,173,81,4608,-4608,-19713,19724,-24838,-15555,1012,1024,1024,
31,3459843584,-15288,-6496,-1732,-177,207,87,4096,-3584,-20225,29928,-3173,27394,1012,1024,1024,
31,3879273984,-15348,-6504,-1816,-182,190,87,3328,-4352,-19457,-25472,-24379,2348,1012,1024,1024,
31,3802624,-15204,-6560,-1772,-172,189,95,4352,-4864,-20481,20050,-24227,27023,1013,1024,1024,
31,406455808,-15252,-6544,-1848,-168,183,102,3328,-2816,-20481,1548,-16314,-13147,1012,1024,1024,
31,825886208,-15216,-6496,-1700,-176,180,84,4352,-3840,-21505,-1395,30650,7892,1013,1024,1024,
31,1211762176,-15304,-6516,-1732,-202,172,92,3072,-4096,-21249,7862,30839,-23171,1012,1024,1024,
31,1631192576,-15180,-6520,-1720,-181,175,94,3840,-4352,-20481,-11312,-22878,-7928,1013,1024,1024,
31,2033845760,-15224,-6528,-1724,-163,185,90,3840,-3328,-21505,-31668,-18319,11236,1012,1024,1024,
31,2453276160,-15192,-6544,-1780,-184,170,104,2560,-3072,-20737,-19973,639,-28525,1012,1024,1024,
31,2872706560,-15212,-6476,-1752,-198,204,90,4096,-3584,-21761,-16050,1858,-19860,1012,1024,1024,
31,3258582528,-15280,-6504,-1804,-173,188,97,3840,-3840,-19969,-664,26673,-18091,1012,1024,1024,
31,3678012928,-15224,-6532,-1852,-189,199,107,2816,-3328,-20993,7656,9449,26881,1012,1024,1024,
31,4080666112,-15204,-6536,-1772,-176,169,102,3072,-3584,-20737,-29749,21302,-18939,1012,1024,1024,
31,205194752,-15284,-6504,-1856,-212,152,87,2816,-2816,-19457,-21185,10363,21036,1012,1024,1024,
31,607847936,-15272,-6472,-1692,-175,168,92,3072,-4096,-20225,2117,9142,-14673,1012,1024,1024,
31,1027278336,-15204,-6492,-1716,-212,187,94,3840,-4352,-20481,-19361,30082,-32531,1012,1024,1024,
31,1413154304,-15196,-6556,-1580,-202,173,76,3840,-4352,-19969,-9208,10540,19392,1012,1024,1024,
31,1832584704,-15144,-6456,-1720,-192,182,95,3072,-2560,-21249,-4566,-18456,29015,1013,1024,1024,
31,2252015104,-15332,-6404,-1844,-181,188,90,3840,-4352,-19969,25271,7749,1505,1012,1024,1024,
31,2654668288,-15136,-6520,-1708,-179,163,109,3840,-3328,-20481,-23175,-15385,4309,1012,1024,1024,
31,3074098688,-15312,-6604,-1640,-190,192,86,3584,-2560,-20737,-14383,-29920,-1230,1012,1024,1024,
31,3459974656,-15224,-6560,-1748,-203,180,103,3328,-2816,-20481,-17370,3845,-18079,1013,1024,1024,
31,3879405056,-15304,-6516,-1848,-198,189,79,2816,-2816,-19969,-20141,-8122,-17324,1012,1024,1024,
31,3933696,-15332,-6444,-1732,-197,175,84,3584,-3072,-22273,23837,-3709,30822,1013,1024,1024,
31,406586880,-15292,-6524,-1780,-193,172,121,3328,-3840,-19969,13427,7860,28907,1012,1024,1024,
31,826017280,-15192,-6500,-1696,-172,161,112,3328,-3328,-19457,-22630,-1132,23868,1013,1024,1024,
31,1211893248,-15148,-6376,-1708,-186,185,101,4864,-3840,-20993,20364,10582,31950,1012,1024,1024,
31,1631323648,-15008,-6456,-1772,-191,178,118,3072,-2560,-19713,6378,-5515,-15472,1012,1024,1024,
31,2033976832,-15840,-6752,-1648,-190,191,111,3584,-4096,-20225,-12652,27496,20598,1012,1024,1024,
31,2453407232,-14636,-6364,-1732,-166,185,88,3584,-2560,-20225,17870,8070,-10815,1012,1024,1024,
31,2872837632,-15392,-6520,-1728,-197,163,67,2816,-3840,-20993,7805,-12610,15299,1012,1024,1024,
31,3258713600,-15452,-6576,-1692,-170,148,125,3072,-4096,-21249,19586,-22368,16210,1012,1024,1024,
31,3678144000,-15132,-6404,-1608,-207,172,81,4608,-3584,-19201,24884,-7121,-32348,1012,1024,1024,
31,4080797184,-15428,-6520,-1732,-194,177,100,3328,-3840,-19969,-16716,-14053,-17499,1012,1024,1024,
31,205325824,-14972,-6464,-1844,-215,200,102,3072,-3072,-19713,30383,-19222,-28264,1012,1024,1024,
31,607979008,-15340,-6556,-1744,-182,186,79,2560,-3584,-19713,-23689,32498,1334,1012,1024,1024,
31,1010632192,-15144,-6476,-1740,-201,198,83,3072,-3072,-19713,18358,-17294,329,1013,1024,1024,
31,1413285376,-15324,-6596,-1720,-188,197,107,3584,-4096,-20225,8253,-17180,11697,1012,1024,1024,
31,1832715776,-15100,-6520,-1840,-168,150,91,3584,-3584,-20225,31307,-20933,17027,1013,1024,1024,
31,2252146176,-15308,-6508,-1680,-196,180,107,2816,-2816,-20481,-6110,17605,5837,1013,1024,1024,
31,2654799360,-15300,-6476,-1728,-183,177,87,3840,-4352,-20481,11916,-19580,-14750,1012,1024,1024,
31,3074229760,-14820,-6364,-1832,-140,113,103,4608,-2560,-20737,-2287,9058,9837,1013,1024,1024,
31,3460105728,-15004,-6400,-1680,-203,208,39,4608,-4608,-19201,30343,-3027,-5890,1012,1024,1024,
31,3879536128,-15420,-6580,-1820,-172,147,133,4096,-3072,-21249,-21271,6626,1989,1013,1024,1024,
31,4064768,-15040,-6444,-1816,-176,207,83,2560,-3584,-20225,-11089,17429,2277,1012,1024,1024,
31,406717952,-15320,-6484,-1660,-199,182,93,4096,-3072,-20737,8162,-9675,-2203,1013,1024,1024,
31,826148352,-15044,-6496,-1740,-200,183,88,3072,-3584,-19713,12806,-10114,-12555,1012,1024,1024,
31,1212024320,-15284,-6516,-1736,-176,178,89,3328,-3840,-20993,-8781,15614,-30375,1013,1024,1024,
31,1631454720,-15064,-6472,-1744,-207,182,70,2816,-4352,-20481,14868,13885,4559,1013,1024,1024,
31,2034107904,-15220,-6560,-1796,-187,170,101,3328,-3840,-20481,25340,23186,-5114,1013,1024,1024,
31,2453538304,-15204,-6536,-1768,-175,168,89,2560,-3584,-20737,-23190,28971,-29258,1012,1024,1024,
31,2872968704,-15196,-6512,-1872,-185,183,94,4096,-4096,-19713,-18740,9305,-989,1013,1024,1024,
31,3258844672,-15224,-6484,-1816,-183,178,96,3584,-2560,-21249,57,-10865,21511,1013,1024,1024,
31,3678275072,-15216,-6540,-1804,-180,177,72,3584,-3072,-20225,27352,19558,3018,1013,1024,1024,
31,4080928256,-15104,-6528,-1704,-201,191,61,3328,-3328,-20993,-16705,7751,3026,1012,1024,1024,
31,205456896,-15200,-6512,-1676,-196,191,85,3072,-3584,-20225,18111,-8517,-1724,1013,1024,1024,
31,608110080,-15252,-6472,-1716,-195,194,86,3840,-3328,-22017,6702,-31951,2060,1012,1024,1024,
31,1010763264,-15200,-6564,-1660,-194,179,107,3072,-4096,-20737,2519,14525,-14355,1013,1024,1024,
31,1413416448,-15308,-6476,-1664,-180,174,101,2560,-3072,-20225,-15381,-22342,22705,1012,1024,1024,
31,1832846848,-15240,-6428,-1724,-184,190,100,3584,-4608,-20737,6275,31939,-16221,1012,1024,1024,
31,2252277248,-15224,-6460,-1732,-184,187,88,2560,-3072,-20225,-18410,17231,15459,1012,1024,1024,
31,2654930432,-15268,-6496,-1844,-183,173,97,3840,-3840,-21505,-17998,-2370,-10685,1012,1024,1024,
31,3074360832,-15280,-6400,-1788,-186,175,88,3072,-3584,-21761,-8405,-21808,23565,1012,1024,1024,
31,3460236800,-15244,-6528,-1672,-188,189,93,3840,-4352,-20481,6778,-85,24991,1012,1024,1024,
31,3879667200,-15200,-6488,-1788,-192,180,120,2560,-3072,-20225,-6295,17287,2466,1013,1024,1024,
31,4195840,-15124,-6552,-1724,-196,179,95,3328,-3328,-20481,7676,-15604,-2859,1012,1024,1024,
31,406849024,-15316,-6468,-1720,-188,165,83,4096,-2048,-19713,2181,5648,13324,1013,1024,1024,
31,826279424,-15176,-6484,-1736,-186,197,78,3584,-3584,-20737,-17637,-950,-29436,1012,1024,1024,
31,1212155392,-15244,-6432,-1844,-185,150,110,3328,-3840,-20481,-29700,21912,10541,1013,1024,1024,
31,1631585792,-15252,-6544,-1672,-167,184,100,4352,-2816,-20481,30532,-4516,-2230,1012,1024,1024,
31,2034238976,-15228,-6468,-1840,-176,186,111,2560,-3584,-20225,-11560,-26869,-5782,1013,1024,1024,
31,2453669376,-15316,-6568,-1848,-206,175,102,2560,-4608,-19713,-11008,-26999,5451,1012,1024,1024,
31,2873099776,-15232,-6604,-1692,-196,179,120,2816,-3328,-20481,-26512,29206,-15266,1013,1024,1024,
31,3258975744,-15200,-6552,-1724,-188,154,81,3072,-4096,-20225,-29586,9253,16081,1012,1024,1024,
31,3678406144,-15192,-6528,-1732,-183,190,86,2560,-4608,-20737,-12299,-29013,-27481,1012,1024,1024,
31,4081059328,-15300,-6484,-1652,-212,187,107,2560,-3584,-20737,1546,-21159,-17120,1012,1024,1024,
31,205587968,-15204,-6560,-1784,-198,195,117,4096,-3584,-21249,-21389,18190,-19621,1012,1024,1024,
31,608241152,-15216,-6512,-1676,-184,152,84,5376,-2816,-18433,-20581,-29639,30156,1012,1024,1024,
31,1010894336,-15260,-6468,-1800,-197,162,74,2560,-4096,-21761,31723,20759,1388,1013,1024,1024,
31,1413547520,-15296,-6556,-1648,-189,177,97,3584,-4608,-21249,-22546,2539,-6890,1012,1024,1024,
31,1832977920,-15220,-6500,-1684,-178,171,101,3584,-2560,-20225,12658,-32409,-21826,1012,1024,1024,
31,2252408320,-15196,-6468,-1784,-215,192,90,4352,-2816,-20481,14680,553,-2939,1012,1024,1024,
31,2655061504,-15224,-6456,-1748,-196,183,102,3072,-3072,-21249,-596,-12865,-13120,1012,1024,1024,
31,3074491904,-15340,-6556,-1792,-193,192,107,3072,-3584,-19713,-5416,12294,-23453,1012,1024,1024,
31,3460367872,-15224,-6604,-1804,-185,179,87,3328,-2304,-19969,-1001,-932,-17683,1012,1024,1024,
31,3879798272,-15272,-6576,-1856,-195,159,101,3328,-4352,-19969,17490,6597,3417,1012,1024,1024,
31,4326912,-15196,-6448,-1752,-171,203,79,3328,-3328,-22017,-28382,-4960,12010,1012,1024,1024,
31,406980096,-15128,-6608,-1776,-198,164,92,3328,-2816,-20481,19927,-21304,10056,1012,1024,1024,
31,826410496,-15192,-6444,-1772,-185,167,87,3328,-3840,-20481,7530,18356,12668,1012,1024,1024,
31,1212286464,-15320,-6492,-1808,-193,181,70,3584,-5120,-19201,4600,-8965,-26260,1012,1024,1024,
31,1631716864,-15208,-6496,-1824,-203,210,85,3072,-3072,-21249,-27920,-10198,-9556,1013,1024,1024,
31,2034370048,-15204,-6484,-1688,-203,167,105,2048,-2560,-20737,27427,8208,-19127,1013,1024,1024,
31,2453800448,-15220,-6472,-1704,-179,172,89,3840,-2816,-20481,27458,-30151,-15159,1012,1024,1024,
31,2873230848,-15276,-6556,-1820,-189,181,84,4096,-2560,-21761,32219,5239,16489,1012,1024,1024,
31,3259106816,-15164,-6504,-1760,-202,177,101,3072,-4096,-20225,-5674,-29648,-14553,1012,1024,1024,
31,3678537216,-15188,-6436,-1724,-193,191,81,4096,-4608,-19713,32761,-31576,-13574,1012,1024,1024,
31,4081190400,-15284,-6524,-1752,-166,179,87,3840,-4352,-19457,-2208,-1490,989,1013,1024,1024,
31,205719040,-15200,-6472,-1804,-180,203,110,3584,-3584,-19713,23753,20157,9753,1012,1024,1024,
31,608372224,-15252,-6496,-1716,-186,198,106,3584,-4608,-20225,-5571,27560,-23976,1013,1024,1024,
31,1011025408,-15264,-6536,-1712,-196,166,90,4608,-3584,-20225,19738,11546,-13799,1013,1024,1024,
31,1413678592,-15120,-6588,-1732,-186,167,93,4352,-3328,-19969,22368,14017,28269,1013,1024,1024,
31,1833108992,-15288,-6596,-1740,-179,170,89,3328,-3328,-20993,30402,32620,27849,1013,1024,1024,
31,2252539392,-15212,-6488,-1808,-191,196,87,4096,-3584,-19713,-13565,25460,7033,1013,1024,1024,
31,2655192576,-15172,-6432,-1776,-182,183,89,4352,-3328,-22017,-12697,-539,28828,1013,1024,1024,
31,3074622976,-15296,-6520,-1684,-198,173,89,2304,-4352,-20993,21456,-16170,-15613,1013,1024,1024,
31,3460498944,-15252,-6516,-1864,-201,168,97,4096,-3584,-20737,-27604,-6190,-17423,1013,1024,1024,
31,3879929344,-15272,-6520,-1792,-201,185,98,3840,-3328,-19969,-2462,-12695,-4170,1013,1024,1024,
31,4457984,-15200,-6440,-1760,-183,177,85,4352,-4352,-20993,17877,-8078,1352,1012,1024,1024,
31,407111168,-15144,-6500,-1840,-169,170,92,3328,-4352,-20481,-4155,6735,25728,1013,1024,1024,
31,826541568,-15192,-6524,-1768,-173,175,79,2816,-4352,-20993,-10384,-26672,-8325,1013,1024,1024,
31,1212417536,-15156,-6428,-1652,-191,158,88,4864,-2304,-19457,15115,1202,28877,1012,1024,1024,
31,1631847936,-15248,-6500,-1676,-173,192,87,2304,-3840,-19457,-1586,-2724,-29720,1012,1024,1024,
31,2034501120,-15300,-6456,-1800,-184,203,93,2816,-3328,-19969,-18925,-22527,-1469,1013,1024,1024,
31,2453931520,-15244,-6528,-1584,-193,172,95,4864,-3328,-20993,877,-28499,23540,1012,1024,1024,
