26,2251622144,-8928,-1512,13708,-98,26,-227,-25601,16640,-14849,2515,13012,17477,1024,1021,1024,
26,2654275328,-8868,-1484,13660,-90,47,-199,-26113,16128,-14337,17745,2483,27189,1024,1022,1024,
26,3056928512,-8860,-1400,13844,-94,60,-206,-25089,16640,-13825,-26605,-21365,-31450,1024,1021,1024,
26,3459581696,-8776,-1456,13696,-91,41,-197,-24577,16128,-13825,-29162,26443,-20066,1024,1022,1024,
26,3879012096,-8952,-1372,13704,-110,48,-200,-25857,16896,-13569,3864,11855,-2166,1024,1022,1024,
26,3540736,-8848,-1484,13744,-111,12,-188,-26369,16896,-13569,-19239,11066,13018,1024,1022,1024,
26,406193920,-8856,-1412,13656,-108,45,-210,-26113,16128,-13313,-14848,-16083,4163,1024,1022,1024,
26,808847104,-8908,-1420,13824,-88,48,-200,-25601,16128,-13825,-7543,-14778,15987,1024,1022,1024,
26,1211500288,-8864,-1416,13624,-111,23,-228,-24833,16384,-14593,-21808,-13928,-16660,1024,1022,1024,
26,1630930688,-8928,-1448,13732,-109,51,-199,-25857,16384,-14081,-25764,-10638,-31497,1024,1022,1024,
26,2033583872,-8924,-1360,13716,-122,40,-225,-26369,16896,-13569,-472,-25193,-17269,1024,1022,1024,
26,2453014272,-8852,-1512,13660,-91,55,-214,-25345,15872,-15105,-6284,8567,-11230,1024,1022,1024,
26,2872444672,-9020,-1512,13676,-91,27,-206,-27137,15104,-13825,-19454,1283,14288,1024,1022,1024,
26,3258320640,-8808,-1376,13592,-95,41,-210,-24833,16896,-15617,29062,27718,16222,1024,1022,1024,
26,3677751040,-8844,-1436,13652,-123,35,-192,-24577,16128,-14849,-5835,-16223,-23045,1024,1022,1024,
26,4080404224,-8912,-1460,13728,-99,50,-206,-25345,16384,-13569,-24064,15006,-27407,1024,1022,1024,
26,204932864,-8920,-1360,13588,-111,33,-186,-26625,15616,-14337,-1404,11548,15545,1024,1022,1024,
26,607586048,-8872,-1440,13608,-121,35,-223,-26625,17152,-14337,20675,1820,-434,1024,1022,1024,
26,1010239232,-8920,-1428,13604,-96,67,-187,-25089,17152,-14849,-8080,31538,27394,1024,1022,1024,
26,1412892416,-8840,-1376,13724,-109,29,-222,-25089,16128,-15873,10601,-2961,-13767,1024,1022,1024,
26,1832322816,-8808,-1372,13716,-115,39,-212,-25857,16896,-14081,-30450,5344,-18757,1024,1023,1024,
26,2251753216,-8884,-1428,13840,-118,34,-222,-26369,15872,-14081,16364,-8284,-19374,1024,1022,1024,
26,2654406400,-8856,-1452,13684,-97,47,-236,-25601,15616,-14337,2738,21648,1222,1024,1021,1024,
26,3057059584,-8848,-1528,13708,-116,46,-190,-25345,16896,-15105,7019,-12772,15296,1024,1022,1024,
26,3459712768,-8880,-1436,13760,-101,28,-233,-25601,16128,-13313,-32113,-29867,32616,1024,1022,1024,
26,3879143168,-8904,-1504,13672,-101,-2,-201,-24321,16384,-13569,-11642,-29352,-27702,1024,1022,1024,
26,3671808,-8872,-1420,13724,-84,57,-213,-25857,16384,-14593,-13844,16954,12659,1024,1022,1024,
26,406324992,-8908,-1500,13540,-104,47,-200,-25345,17920,-13569,14666,-9975,-2840,1024,1022,1024,
26,808978176,-8824,-1520,13688,-86,33,-228,-24577,16128,-13313,-11499,-17638,16248,1024,1022,1024,
26,1211631360,-8840,-1480,13824,-88,32,-204,-25857,16384,-14593,5881,-7101,3339,1024,1022,1024,
26,1631061760,-8884,-1432,13592,-129,66,-207,-25089,16640,-13313,31364,15783,22591,1024,1022,1024,
26,2033714944,-9028,-1492,13708,-113,39,-217,-25345,15872,-15105,-9920,6679,-29330,1024,1022,1024,
26,2453145344,-8916,-1444,13728,-114,39,-222,-26113,16640,-13313,-11619,28091,19921,1024,1022,1024,
26,2839021312,-8880,-1432,13672,-84,24,-212,-25345,15872,-14593,7352,-18739,24024,1024,1022,1024,
26,3258451712,-8868,-1436,13716,-108,56,-202,-25089,16640,-14337,-9414,-9017,-21253,1024,1022,1024,
26,3677882112,-8880,-1436,13696,-117,33,-222,-24065,16640,-13825,11955,7084,25220,1024,1022,1024,
26,4080535296,-8928,-1424,13660,-92,59,-202,-26113,16640,-13313,6927,-20096,28508,1024,1021,1024,
26,205063936,-8868,-1388,13664,-110,30,-210,-25857,16384,-15105,18926,-826,-5666,1024,1022,1024,
26,607717120,-8876,-1564,13716,-103,24,-193,-24577,16128,-13825,-24633,22562,22846,1024,1022,1024,
26,1010370304,-8880,-1360,13788,-94,20,-214,-26625,16640,-14337,-21203,-2557,31718,1024,1022,1024,
26,1413023488,-9020,-1472,13564,-101,29,-213,-26113,17152,-14337,-31490,-14562,-22126,1024,1022,1024,
26,1832453888,-8852,-1508,13672,-99,43,-197,-25857,17920,-13057,-13228,-15579,-14104,1024,1022,1024,
26,2251884288,-8916,-1500,13644,-108,11,-214,-25089,16640,-13825,-29193,28017,28135,1024,1022,1024,
26,2654537472,-8872,-1420,13736,-103,46,-204,-26369,15360,-14593,-27169,32312,-9763,1024,1022,1024,
26,3057190656,-8852,-1592,13820,-105,39,-220,-24577,16128,-12289,-6796,16237,-12855,1024,1021,1024,
26,3459843840,-8968,-1448,13772,-112,37,-213,-25089,16128,-13313,-4096,17645,-2600,1024,1022,1024,
26,3879274240,-8848,-1508,13752,-108,34,-193,-26113,16128,-14337,-9865,-19999,16577,1024,1021,1024,
26,3802880,-8844,-1484,13728,-84,14,-208,-25857,16384,-15105,3904,-10142,-21621,1024,1022,1024,
26,406456064,-8856,-1412,13672,-111,47,-197,-24577,16640,-13313,-15589,20535,1681,1024,1022,1024,
26,809109248,-8980,-1568,13648,-81,33,-227,-25089,16640,-15361,23360,3673,14164,1024,1022,1024,
26,1211762432,-8928,-1480,13748,-106,41,-186,-25857,17920,-15105,12147,-5640,-14382,1024,1022,1024,
26,1631192832,-8932,-1480,13672,-109,40,-179,-25601,16128,-14337,20417,-16882,7698,1024,1021,1024,
26,2033846016,-8924,-1408,13672,-114,10,-212,-25857,17408,-13057,25533,26179,-30794,1024,1022,1024,
26,2453276416,-8964,-1512,13804,-107,4,-215,-24065,16640,-13825,-8790,-6088,21133,1024,1022,1024,
26,2839152384,-8912,-1416,13552,-114,21,-226,-26369,17408,-15105,-7785,-23447,3473,1024,1021,1024,
26,3258582784,-8884,-1416,13708,-113,26,-177,-25089,15616,-13313,27681,12547,29901,1024,1022,1024,
26,3678013184,-8740,-1448,13672,-111,39,-224,-25601,16640,-13313,-26345,-16333,541,1024,1021,1024,
26,4080666368,-8816,-1440,13784,-89,46,-172,-25345,16896,-13569,-8331,8844,-8478,1024,1022,1024,
26,205195008,-8916,-1460,13792,-93,12,-211,-25601,17152,-14337,30914,23876,-3680,1024,1021,1024,
26,607848192,-8840,-1408,13744,-124,34,-197,-25089,16128,-13825,-3715,32513,31721,1024,1021,1024,
26,1010501376,-8828,-1392,13640,-121,5,-194,-24577,16640,-13313,-13747,-20647,3428,1024,1021,1024,
26,1413154560,-8852,-1484,13652,-104,22,-230,-25089,17664,-13313,-7047,29242,-332,1024,1022,1024,
26,1832584960,-8864,-1424,13672,-136,29,-203,-23297,16896,-14081,-30679,23872,24838,1024,1022,1024,
26,2252015360,-8832,-1436,13752,-115,28,-208,-25089,16640,-13825,-25613,-2006,-17363,1024,1021,1024,
26,2654668544,-8896,-1416,13792,-118,20,-199,-24577,16128,-13825,-14479,27950,15230,1024,1021,1024,
26,3057321728,-8924,-1440,13728,-109,36,-221,-24833,15872,-14593,5072,25963,-27423,1024,1021,1024,
26,3459974912,-8880,-1456,13604,-117,59,-217,-24833,16896,-15617,-12159,-9712,31487,1024,1021,1024,
26,3879405312,-8884,-1424,13704,-91,51,-196,-25345,14848,-14593,18328,-28867,1396,1024,1021,1024,
26,3933952,-8860,-1480,13568,-88,34,-212,-25857,15360,-13057,-19622,-31272,-14806,1024,1021,1024,
26,406587136,-8816,-1488,13636,-105,11,-199,-25345,16384,-14593,8049,24950,-12028,1024,1021,1024,
26,809240320,-8884,-1472,13616,-104,18,-212,-25857,15872,-14081,-30415,3800,-14248,1024,1022,1024,
26,1211893504,-8896,-1392,13692,-77,53,-203,-25089,15104,-13825,9213,29781,18885,1024,1022,1024,
26,1631323904,-8964,-1432,13700,-89,33,-228,-25345,15872,-14081,29628,-27372,25386,1024,1021,1024,
26,2033977088,-8964,-1436,13724,-97,67,-214,-24321,16896,-13057,6608,-5238,23981,1024,1021,1024,
26,2453407488,-8860,-1404,13600,-94,48,-207,-24833,16896,-14593,-10564,-32667,28049,1024,1022,1024,
26,2839283456,-8800,-1452,13792,-90,41,-200,-25601,16128,-12801,-28542,25841,-9395,1024,1022,1024,
26,3258713856,-8932,-1432,13748,-86,35,-195,-26369,15360,-13569,-18882,17315,-13289,1024,1022,1024,
26,3678144256,-8816,-1460,13648,-113,23,-193,-25345,15872,-14081,8910,-14413,-10897,1024,1021,1024,
26,4080797440,-8908,-1496,13568,-84,45,-212,-25345,15360,-15105,4359,5025,27458,1024,1022,1024,
26,205326080,-8796,-1400,13512,-97,12,-189,-25601,15104,-13825,-27312,17339,25512,1024,1021,1024,
26,607979264,-9004,-1556,13680,-86,42,-193,-25857,16896,-14081,-1370,-9707,-16840,1024,1022,1024,
26,1010632448,-8808,-1492,13728,-99,33,-207,-25345,16384,-16129,-5503,-2968,4316,1024,1021,1024,
26,1413285632,-8764,-1456,13508,-85,27,-206,-25601,16128,-14849,-27786,18685,-21219,1024,1022,1024,
26,1832716032,-9012,-1496,13952,-101,48,-193,-25601,16640,-13825,-2951,23228,-16655,1024,1021,1024,
26,2252146432,-8772,-1524,13472,-67,54,-194,-25857,17920,-14081,28396,-24570,1350,1024,1021,1024,
26,2654799616,-8892,-1512,13624,-94,30,-216,-24321,15872,-14081,28472,4752,24727,1024,1022,1024,
26,3057452800,-8960,-1488,13552,-88,54,-239,-25345,15872,-14081,-24919,31501,-10348,1024,1022,1024,
26,3460105984,-8844,-1524,13692,-101,24,-165,-25601,16128,-14849,-11499,14331,-3697,1024,1021,1024,
26,3879536384,-8852,-1432,13780,-103,42,-201,-25601,16128,-13825,-25411,-14851,-30647,1024,1022,1024,
26,4065024,-8892,-1332,13580,-103,36,-186,-25601,16640,-14337,3875,32267,-9676,1024,1021,1024,
26,406718208,-8936,-1444,13716,-88,40,-212,-24833,16896,-14593,-20701,-14085,28817,1024,1021,1024,
26,809371392,-8828,-1428,13752,-111,50,-223,-26113,15616,-13313,5991,-25192,31142,1024,1022,1024,
26,1212024576,-8908,-1468,13668,-94,71,-199,-25089,18176,-13313,-8361,-1910,-7406,1024,1022,1024,
26,1631454976,-8804,-1552,13760,-97,55,-198,-23809,17408,-13569,24266,25181,-26061,1024,1021,1024,
26,2034108160,-8852,-1388,13856,-98,47,-218,-25857,15872,-14081,10273,-12912,-9948,1024,1022,1024,
26,2453538560,-8892,-1436,13652,-128,49,-216,-25601,16640,-15361,-5500,13861,452,1024,1022,1024,
26,2839414528,-8552,-1336,13944,-33,-4,-180,-25089,16128,-13825,6518,21992,13274,1024,1021,1024,
26,3258844928,-8724,-1568,13756,-111,18,-201,-25857,17920,-14593,24272,31112,-25804,1024,1022,1024,
26,3678275328,-8808,-1412,13572,-95,24,-221,-26113,16128,-15361,-30333,-28918,-6259,1024,1021,1024,
26,4080928512,-8736,-1516,13756,-109,44,-204,-26625,15616,-15361,-2700,-15758,28262,1024,1022,1024,
26,205457152,-8936,-1468,13588,-99,53,-192,-25857,17920,-13569,-16191,28178,9518,1024,1022,1024,
26,591333120,-8928,-1436,13700,-93,18,-169,-25601,17152,-14337,-18104,16074,29771,1024,1022,1024,
26,1010763520,-8812,-1504,13760,-91,38,-231,-24833,16896,-15617,11207,21045,25937,1024,1021,1024,
26,1413416704,-8992,-1424,13596,-68,10,-221,-25345,16384,-14081,26692,-23701,20400,1024,1022,1024,
26,1832847104,-8892,-1456,13624,-106,29,-196,-25089,16640,-14337,-32431,28894,16091,1024,1021,1024,
26,2252277504,-8952,-1464,13636,-86,57,-200,-26625,17152,-13313,-11828,-11845,-32686,1024,1021,1024,
26,2654930688,-8848,-1448,13720,-117,-9,-181,-25857,16896,-14081,3408,12740,2167,1024,1021,1024,
26,3057583872,-8916,-1380,13688,-109,53,-207,-25345,16384,-15105,-2394,-15173,-1081,1024,1022,1024,
26,3460237056,-8872,-1448,13740,-114,30,-177,-23553,16640,-14337,32103,-11681,941,1024,1021,1024,
26,3879667456,-8800,-1444,13800,-91,24,-212,-24577,15616,-14337,-28596,-31002,618,1024,1021,1024,
26,4196096,-8840,-1484,13708,-100,75,-222,-25857,16384,-13569,-23422,-5565,-31685,1024,1021,1024,
26,406849280,-8908,-1536,13708,-113,42,-218,-25345,15872,-14081,-14399,31660,14179,1024,1022,1024,
26,809502464,-8796,-1432,13800,-116,43,-203,-24321,17408,-14593,3223,-15404,14200,1024,1021,1024,
26,1212155648,-8908,-1556,13628,-105,46,-176,-26881,17408,-15105,26243,30442,22578,1024,1022,1024,
26,1631586048,-8912,-1572,13732,-114,47,-205,-26113,16128,-14849,711,32608,16400,1024,1022,1024,
26,2034239232,-8880,-1368,13716,-101,50,-222,-25345,15872,-13569,-21424,25558,20260,1024,1022,1024,
26,2453669632,-9000,-1420,13756,-105,61,-207,-25601,17152,-12801,4673,11041,-18696,1024,1021,1024,
26,2839545600,-8852,-1420,13768,-78,62,-221,-25857,16384,-13569,-2308,-14424,-32718,1024,1021,1024,
26,3258976000,-8848,-1420,13740,-105,22,-218,-23809,16896,-14593,27038,21559,7876,1024,1021,1024,
26,3678406400,-8980,-1472,13608,-107,24,-210,-26113,16640,-14337,-26414,4927,-11780,1024,1022,1024,
26,4081059584,-8768,-1516,13676,-110,43,-210,-25857,16384,-14593,4291,-21182,-5725,1024,1021,1024,
26,205588224,-8736,-1480,13740,-105,-1,-197,-24833,16384,-14081,-1014,-21325,14599,1024,1021,1024,
26,591464192,-8992,-1484,13728,-121,45,-246,-25601,15616,-14337,-15259,26401,-7252,1024,1022,1024,
26,1010894592,-8872,-1484,13736,-76,32,-184,-26113,17152,-15873,20602,18880,6478,1024,1022,1024,
26,1413547776,-8904,-1512,13668,-106,46,-217,-25089,17152,-14849,5288,19956,6193,1024,1022,1024,
26,1832978176,-8844,-1384,13644,-92,35,-205,-25345,16896,-14081,-4181,-2526,27838,1024,1022,1024,
26,2252408576,-8828,-1424,13752,-105,80,-220,-25345,15872,-14081,1418,20015,14279,1024,1021,1024,
26,2655061760,-8844,-1460,13544,-95,21,-196,-23553,17152,-14849,-24553,22994,15750,1024,1021,1024,
26,3057714944,-8892,-1432,13704,-122,12,-223,-25601,16640,-13313,-3117,21371,30807,1024,1022,1024,
26,3460368128,-8848,-1496,13728,-83,22,-230,-24321,14848,-14593,22727,-16260,-16943,1024,1021,1024,
26,3879798528,-8940,-1496,13520,-109,28,-212,-25089,16640,-14337,31827,-29794,-16796,1024,1021,1024,
26,4327168,-8900,-1472,13820,-107,45,-199,-25601,17152,-13313,12892,-32070,2052,1024,1021,1024,
26,406980352,-8896,-1432,13632,-88,23,-192,-25089,14592,-15361,-7383,15186,17638,1024,1021,1024,
26,809633536,-8932,-1404,13604,-107,18,-224,-25857,15360,-14081,-24253,16512,-8736,1024,1021,1024,
26,1212286720,-8940,-1460,13696,-112,18,-187,-26369,16384,-15105,17391,-11615,-4122,1024,1022,1024,
26,1631717120,-8928,-1492,13764,-107,61,-212,-25089,17152,-15361,-30153,-15848,22772,1024,1021,1024,
26,2034370304,-8888,-1468,13672,-113,53,-213,-25089,16128,-13825,21140,15258,17885,1024,1021,1024,
26,2453800704,-8884,-1504,13628,-113,36,-193,-22529,17152,-14337,29449,5318,-403,1024,1021,1024,
26,2839676672,-8952,-1444,13720,-94,18,-215,-25345,15872,-13569,23152,15900,-11957,1024,1021,1024,
26,3259107072,-8984,-1428,13680,-90,18,-213,-24577,16640,-15873,13567,4001,-16976,1024,1021,1024,
26,3678537472,-8852,-1392,13852,-96,51,-191,-24065,17152,-14337,-30680,-28176,11550,1024,1021,1024,
26,4081190656,-8856,-1488,13660,-75,41,-217,-25857,16384,-14081,-14962,8058,-18648,1024,1021,1024,
26,205719296,-8856,-1524,13744,-60,30,-204,-23809,16896,-14081,18010,29412,12412,1024,1022,1024,
26,591595264,-8848,-1484,13632,-101,49,-215,-26113,16128,-14337,20090,-7329,-22072,1024,1021,1024,
26,1011025664,-8856,-1424,13512,-103,29,-185,-26369,17408,-14081,-21370,7733,23787,1024,1021,1024,
26,1413678848,-8888,-1380,13880,-117,34,-223,-25345,17408,-14593,5021,-10833,605,1024,1021,1024,
26,1833109248,-8860,-1548,13872,-110,33,-203,-24833,16896,-14081,-12175,23159,-27911,1024,1022,1024,
26,2252539648,-8960,-1504,13756,-100,49,-212,-25089,15616,-14849,13029,-28554,19726,1024,1021,1024,
26,2655192832,-8920,-1496,13668,-100,44,-214,-26881,15872,-13057,2124,24597,15692,1024,1022,1024,
26,3057846016,-8848,-1468,13656,-108,59,-243,-24065,18176,-14337,2778,10470,-16492,1024,1021,1024,
26,3460499200,-8824,-1356,13656,-102,22,-217,-25345,16896,-15105,-23208,-15936,-18366,1024,1022,1024,
26,3879929600,-8880,-1384,13668,-126,30,-204,-26881,16896,-14593,6496,10342,29082,1024,1021,1024,
26,4458240,-8872,-1436,13780,-105,63,-190,-26113,16640,-14337,1435,-21705,21182,1024,1022,1024,
26,407111424,-8852,-1452,13776,-91,34,-195,-24833,17920,-14593,-1140,-15357,-13476,1024,1021,1024,
26,809764608,-8960,-1540,13800,-84,51,-209,-24577,16640,-13825,11324,24625,-31368,1024,1023,1024,
26,1212417792,-8764,-1452,13788,-118,38,-213,-26369,15360,-14081,4945,26784,15546,1024,1022,1024,
26,1631848192,-8892,-1436,13620,-128,56,-203,-25601,17152,-13313,-26313,32765,3908,1024,1022,1024,
26,2034501376,-8692,-1356,13496,-195,76,-223,-24577,17152,-14849,-6894,7270,-26760,1024,1022,1024,
26,2453931776,-8960,-1416,13940,-133,51,-207,-26369,16384,-14593,20880,-29988,-812,1024,1022,1024,
26,2839807744,-8776,-1840,13732,-41,75,-186,-25857,16384,-14081,32625,-19109,4555,1024,1023,1024,
26,3259238144,-8808,-1676,14208,-674,748,-1044,-25345,15360,-14593,-8382,-31562,-6303,1024,1022,1024,
26,3678668544,-8580,-3388,13360,647,-990,1177,-24833,16896,-13569,-15360,28025,25487,1024,1022,1024,
26,4081321728,-10036,-1844,13656,-704,613,-147,-25345,15872,-13569,-25641,23189,-17368,1024,1022,1024,
26,205850368,-8304,-1076,14284,854,49,-1077,-24321,17408,-15617,-29186,15345,3051,1024,1022,1024,
26,591726336,-9752,-1892,13980,2061,57,-2652,-25089,16128,-14337,9188,-28824,-27936,1024,1022,1024,
26,1011156736,-8332,4156,13700,-745,995,-381,-25089,15616,-13825,-11443,226,6269,1024,1022,1024,
26,1413809920,-8904,-1920,13500,-2190,-433,2824,-24833,16896,-15105,24915,20316,25437,1024,1022,1024,
26,1833240320,-9188,-3408,13540,-867,357,-922,-24833,17408,-14081,10819,20961,-9066,1024,1022,963,
26,2252670720,-9692,-2284,13460,149,188,-1418,-23553,16640,-15361,7646,-27982,-2731,1024,1022,958,
26,2655323904,-8760,-2756,13484,196,43,-288,-24321,17408,-13569,-12610,19035,23222,1024,1021,952,
26,3057977088,-9600,-1684,13328,581,-393,477,-24833,16896,-15617,7212,21337,18997,1024,1022,936,
26,3460630272,-8332,-1316,13400,-162,-605,1141,-25345,17408,-14593,11834,-22553,-15984,1024,1021,964,
26,3880060672,-8600,-1620,14020,-1482,-81,1596,-25089,15616,-15361,28897,-28266,-19595,1024,1022,989,
26,4589312,-9004,-780,13188,-697,-425,810,-26369,16384,-14593,-8137,-6238,29130,1024,1022,1015,
26,407242496,-9156,-1824,13544,-888,-128,1243,-25601,15104,-14337,25146,-26757,6335,1024,1022,1024,
26,809895680,-9172,-212,13872,757,-767,681,-25345,16896,-14081,20044,7400,30891,1024,1021,992,
26,1212548864,-8604,-900,13496,-744,-448,1074,-25089,16640,-14337,32567,-13924,18946,1024,1022,1014,
26,1631979264,-8812,-2184,13680,-1046,43,1524,-25345,16896,-14081,-31798,20733,-13597,1024,1022,998,
26,2034632448,-7880,-1952,14140,-1226,-591,2688,-27137,15104,-14849,6220,26727,7415,1024,1022,1024,
26,2454062848,-7560,-1744,13744,-2435,-139,2328,-25601,16640,-14849,21163,-26430,-4291,1024,1022,1024,
26,2839938816,-7984,-36,13672,-514,1539,-3420,-26625,16640,-14849,-18704,23454,14117,1024,1022,1024,
26,3259369216,-9520,-856,13724,455,588,-2347,-25601,16640,-14849,9686,-17489,32191,1024,1021,1024,
26,3678799616,-9036,-1332,13596,-20,350,-852,-25857,16896,-14593,21096,-1667,-23690,1024,1022,1024,
26,4081452800,-8844,-1820,13836,200,138,-772,-25601,15104,-13825,11204,2082,-20200,1024,1022,1024,
26,205981440,-8428,-1292,14284,386,147,-1162,-25089,17664,-14849,-20453,24511,-19210,1024,1022,1024,
26,591857408,-8216,-1508,13808,-136,640,-1191,-26113,16128,-13825,-25556,-26773,30702,1024,1021,1024,
26,1011287808,-8936,-2056,13632,-177,279,-222,-24833,15872,-14081,-32573,6279,3733,1024,1022,1024,
26,1413940992,-9168,-664,13836,716,271,-1469,-24833,15360,-14081,32495,-14677,-23471,1024,1021,1024,
26,1833371392,-7604,-2300,14024,325,-15,-1004,-24833,16384,-15617,-6347,100,-8955,1024,1022,1024,
26,2252801792,-8468,-1820,13512,455,68,-1235,-26369,16896,-16129,4086,6183,26643,1024,1021,1024,
26,2655454976,-8748,-1840,13100,56,-36,-558,-25089,15104,-14337,-29196,10573,13677,1024,1021,1024,
26,3058108160,-9536,-1628,13556,-263,46,321,-25345,15872,-15617,13985,-13647,17721,1024,1021,1024,
26,3460761344,-9428,-1412,13628,196,174,-646,-24065,16128,-15361,-10528,-19828,-23250,1024,1022,1024,
26,3880191744,-8872,-1440,13860,625,608,-1455,-25089,16640,-14337,1154,11237,4305,1024,1022,1024,
26,4720384,-9020,-1568,13472,-155,119,-217,-25857,15872,-14593,-14078,-15410,-17710,1024,1022,1024,
26,407373568,-8836,-1716,13884,-116,96,-191,-24833,17408,-14593,19605,-31420,-11583,1024,1021,1024,
26,810026752,-8904,-1708,13488,-91,39,-191,-26625,17664,-15361,-24317,24882,-10636,1024,1021,1024,
26,1212679936,-9072,-1544,13508,-129,-38,-167,-26113,16128,-14337,-31243,14709,24591,1024,1022,1024,
26,1632110336,-8832,-1552,13716,-181,28,-48,-25089,17152,-14849,-14509,19056,17730,1024,1022,1024,
26,2034763520,-8984,-1708,13616,-173,-42,3,-25089,17664,-15361,-21060,-18954,20999,1024,1021,1024,
26,2454193920,-9004,-1660,13476,-230,-10,5,-25089,15616,-13825,5465,17430,-16546,1024,1022,1024,
26,2840069888,-8912,-1544,13784,-146,30,-143,-25857,16896,-14593,24505,16375,-16635,1024,1022,1024,
26,3259500288,-8932,-1620,13548,-120,45,-151,-23809,15872,-15105,-28111,26740,-9342,1024,1022,1024,
26,3678930688,-8932,-1596,13816,-103,33,-201,-24065,16640,-14337,-10490,29421,30602,1024,1021,1024,
26,4081583872,-8924,-1628,13624,-97,47,-208,-25345,16384,-14593,24992,-25939,23291,1024,1021,1024,
26,206112512,-8932,-1560,13576,-70,30,-217,-25345,16384,-14593,-10931,-8603,26923,1024,1022,1024,
26,591988480,-9040,-1560,13632,-111,45,-199,-25601,16128,-14849,23304,-17016,23479,1024,1021,1024,
26,1011418880,-8960,-1612,13692,-109,50,-196,-24321,16384,-14593,1363,-16341,-2529,1024,1021,1024,
26,1414072064,-8980,-1644,13664,-112,34,-230,-26113,17152,-13313,6412,-30039,27109,1024,1021,1024,
26,1833502464,-8952,-1520,13760,-92,33,-192,-27137,17152,-15873,-29034,-23600,19320,1024,1021,1024,
26,2252932864,-8960,-1616,13680,-104,13,-188,-26113,16128,-14337,28548,-26990,22866,1024,1022,1024,
26,2655586048,-8908,-1544,13720,-111,68,-197,-24577,16640,-15361,-5462,-3799,28763,1024,1022,1024,
26,3058239232,-8932,-1612,13572,-83,47,-200,-25857,14848,-14081,-19887,-29845,13685,1024,1021,1024,
26,3460892416,-8528,-1584,13664,-272,69,73,-26625,16128,-13825,-11355,-29748,7126,1024,1021,1024,
26,3880322816,-9036,-1380,13596,-297,-23,59,-25857,15872,-14081,-15825,-17284,2453,1024,1021,1024,
26,4851456,-8968,-1576,13584,-131,36,-203,-24065,16640,-14337,-10866,31088,28591,1024,1021,1024,
26,407504640,-9044,-1736,13816,-174,87,-108,-25089,16128,-15361,6802,-20949,-21334,1024,1021,1024,
26,810157824,-9016,-1772,13608,-92,10,-188,-25089,16640,-15873,24816,-4990,26750,1024,1021,1024,
26,1212811008,-9284,-1688,13536,-156,-11,-62,-26113,15616,-14849,31657,-10852,3659,1024,1021,1024,
26,1632241408,-8764,-1660,13768,-496,-11,357,-25345,17408,-14081,-26136,28397,23623,1024,1021,1024,
26,2034894592,-8848,-1508,13608,-115,-3,-209,-25345,14848,-15105,-3027,-7424,-16652,1024,1021,1024,
26,2454324992,-8928,-1632,13700,-115,20,-170,-25601,15616,-14337,5609,-19149,21232,1024,1021,1024,
26,2840200960,-9896,-1844,13476,-242,-245,539,-25857,16896,-15105,-9239,21253,9186,1024,1022,1024,
26,3259631360,-8564,-1864,13884,-420,-1152,2762,-25601,16128,-14337,-27733,19656,9220,1024,1021,1024,
26,3679061760,-9036,-1204,13672,-263,223,-335,-24321,16384,-14593,-14988,25629,-2567,1024,1020,1024,
26,4081714944,-9000,-1560,13448,-1128,972,-732,-26369,15872,-14081,-10846,-19449,20910,1024,1022,1024,
26,206243584,-11036,-3664,13680,-208,62,-225,-24833,15872,-13569,-20539,-14853,-2521,1024,1021,1024,
26,592119552,-8924,-1600,13652,-106,26,-204,-25089,17152,-13825,10043,18663,-31653,1024,1022,1024,
26,1011549952,-8960,-1572,13688,-104,48,-197,-25089,16128,-15361,427,11035,-21622,1024,1022,1024,
26,1414203136,-8876,-1624,13628,-113,27,-228,-26369,15360,-14593,-27853,-25343,-16594,1024,1021,1024,
26,1833633536,-9016,-1596,13564,-101,60,-202,-25089,16640,-13313,-27974,-28925,-20773,1024,1022,1024,
26,2253063936,-8936,-1644,13648,-93,48,-208,-26113,16640,-14337,19761,5223,-24629,1024,1021,1024,
26,2655717120,-9012,-1584,13628,-104,44,-224,-25089,17152,-14337,-8539,-11520,23107,1024,1022,1024,
26,3058370304,-9008,-1588,13532,-108,50,-235,-25345,16896,-15105,11614,16104,-19073,1024,1021,1024,
26,3461023488,-9028,-1516,13800,-117,10,-214,-24833,16384,-14593,13405,-29217,16458,1024,1022,1024,
26,3880453888,-8856,-1596,13652,-125,34,-212,-25601,15616,-14849,-30829,-8029,-29762,1024,1022,1024,
26,4982528,-9040,-1572,13560,-81,53,-207,-26113,16128,-14849,4,11203,18955,1024,1022,1024,
26,407635712,-8968,-1548,13612,-107,53,-201,-25345,16384,-14081,26311,-9386,2343,1024,1021,1024,
26,810288896,-8896,-1536,13548,-88,34,-202,-24577,16640,-15361,1086,11425,13260,1024,1022,1024,
26,1212942080,-8952,-1552,13608,-107,35,-229,-25601,15104,-14337,-13740,29294,28201,1024,1021,1024,
26,1632372480,-8876,-1580,13560,-116,27,-194,-24321,15360,-14081,-31501,2764,-27823,1024,1022,1024,
26,2035025664,-8992,-1576,13632,-114,56,-231,-24833,15872,-14593,-15110,-22687,-9346,1024,1021,1024,
26,2454456064,-9004,-1596,13584,-106,59,-208,-24321,15872,-14593,18318,-39,-17364,1024,1022,1024,
26,2840332032,-8932,-1700,13596,-99,35,-203,-25857,16896,-13569,32704,-8330,-5350,1024,1022,1024,
26,3259762432,-8960,-1544,13612,-92,60,-200,-25089,16128,-15361,7669,-3169,-32577,1024,1022,1024,
26,3679192832,-9020,-1584,13672,-120,52,-197,-26625,16128,-14337,724,-6988,4965,1024,1021,1024,
26,4081846016,-8936,-1600,13692,-114,59,-227,-25089,15616,-13825,2173,30912,18618,1024,1021,1024,
26,206374656,-8948,-1528,13652,-133,30,-185,-26113,16128,-13313,28150,-122,23810,1024,1022,1024,
26,592250624,-8932,-1504,13584,-114,32,-218,-25345,16896,-14593,27538,-1009,24095,1024,1022,1024,
26,1011681024,-9028,-1548,13680,-100,18,-190,-26113,17664,-13825,2654,-8134,14217,1024,1021,1024,
26,1414334208,-9024,-1604,13776,-86,47,-237,-25857,15360,-14081,-17946,-14341,-10489,1024,1021,1024,
26,1833764608,-8908,-1544,13572,-93,26,-214,-24577,15104,-14337,-16083,-29901,-13657,1024,1022,1024,
26,2253195008,-8848,-1600,13812,-85,42,-198,-25089,16128,-13313,14840,3086,-28490,1024,1021,1024,
26,2655848192,-8976,-1572,13500,-98,42,-212,-25857,16384,-15617,9776,19233,6385,1024,1022,1024,
26,3058501376,-9048,-1512,13516,-86,25,-196,-25345,16384,-15105,15513,9725,20171,1024,1021,1024,
26,3461154560,-8904,-1584,13584,-98,44,-202,-24577,16640,-15873,-14989,9215,32016,1024,1022,1024,
26,3880584960,-9028,-1536,13636,-90,46,-203,-25345,17920,-15105,-3081,-1199,-19534,1024,1022,1024,
26,5113600,-8908,-1592,13584,-106,18,-219,-27137,16128,-14337,-29182,16485,-4400,1024,1022,1024,
26,407766784,-8992,-1568,13696,-111,42,-187,-26881,16384,-14081,20294,15907,12027,1024,1021,1024,
26,810419968,-9008,-1604,13760,-84,22,-206,-26113,15616,-15873,-23345,7561,-13540,1024,1021,1024,
26,1213073152,-8920,-1632,13568,-105,11,-213,-25601,15616,-15361,-19939,-23088,8140,1024,1022,1024,
26,1632503552,-8940,-1592,13708,-79,37,-221,-25345,16384,-14081,14142,-591,-26362,1024,1022,1024,
26,2035156736,-8956,-1576,13552,-92,38,-218,-25089,17152,-14337,27222,-1353,-20076,1024,1022,1024,
26,2454587136,-8960,-1524,13608,-91,42,-195,-24577,15104,-14337,2687,19096,5102,1024,1021,1024,
26,2840463104,-8936,-1648,13744,-99,36,-230,-25089,15616,-14337,-25114,2038,26053,1024,1022,1024,
26,3259893504,-9080,-1676,13696,-81,22,-211,-25601,15616,-15361,13313,30602,25524,1024,1022,1024,
26,3679323904,-8992,-1528,13468,-96,38,-212,-25089,16640,-15361,582,27401,29713,1024,1022,1024,
26,4081977088,-8808,-1492,13628,-75,23,-204,-25345,15872,-15617,-9938,-1868,-23536,1024,1022,1024,
26,206505728,-8888,-1656,13640,-111,56,-207,-27393,16384,-14081,-18149,18916,-13282,1024,1022,1024,
26,592381696,-8860,-1564,13584,-119,28,-188,-26881,15872,-15105,28987,-26464,20244,1024,1022,1024,
26,1011812096,-9020,-1676,13580,-87,35,-207,-25857,15872,-14593,-7018,-9609,23335,1024,1022,1024,
26,1414465280,-8912,-1648,13680,-87,53,-211,-25601,16128,-13825,7982,18207,2467,1024,1022,1024,
26,1833895680,-9096,-1564,13552,-90,23,-217,-26625,15616,-13825,26447,-14295,6551,1024,1022,1024,
26,2253326080,-8948,-1680,13620,-96,55,-201,-25601,16640,-15361,-18952,-13006,-21521,1024,1023,1024,
26,2655979264,-8904,-1600,13580,-112,39,-221,-25089,15104,-13825,-1983,-27760,28881,1024,1021,1024,
26,3058632448,-8944,-1568,13804,-118,17,-198,-25857,16384,-15105,-4102,15950,-15648,1024,1023,1024,
26,3461285632,-8980,-1468,13564,-116,56,-213,-24577,15104,-14849,-23879,13185,-29170,1024,1022,1024,
26,3880716032,-9000,-1656,13684,-74,44,-211,-25345,17920,-15105,-13678,-12113,-22938,1024,1022,1024,
26,5244672,-8976,-1604,13588,-91,50,-199,-25601,15616,-15361,-27655,-7849,15392,1024,1022,1024,
26,407897856,-9036,-1580,13596,-95,7,-201,-26113,15616,-14337,6762,20501,25027,1024,1022,1024,
26,810551040,-8860,-1632,13608,-101,33,-208,-26625,16128,-14849,4221,-20932,-1543,1024,1022,1024,
26,1213204224,-8928,-1548,13648,-72,45,-187,-26625,16128,-15361,28738,-12992,16649,1024,1022,1024,
26,1632634624,-8924,-1576,13604,-107,28,-212,-25601,16640,-13825,-3582,6618,32337,1024,1022,1024,
26,2035287808,-9008,-1632,13616,-111,21,-187,-25345,16384,-15105,18343,-6398,-5452,1024,1022,1024,
26,2454718208,-9032,-1480,13652,-94,27,-215,-25345,17408,-14593,-507,-22367,29254,1024,1022,1024,
26,2840594176,-9024,-1652,13572,-94,55,-204,-26625,16128,-14337,9747,29222,25988,1024,1022,1024,
26,3260024576,-8952,-1568,13516,-91,36,-174,-25857,16384,-14081,5329,23304,11250,1024,1022,1024,
26,3679454976,-8904,-1644,13708,-117,68,-192,-26625,16128,-14337,23009,-27991,-21073,1024,1022,1024,
26,4082108160,-8940,-1572,13664,-111,47,-239,-26881,17408,-14593,23813,-13562,-24180,1024,1022,1024,
26,206636800,-8976,-1608,13720,-111,27,-207,-25345,17408,-15617,1182,24406,22304,1024,1022,1024,
26,592512768,-9016,-1584,13580,-97,9,-216,-25601,17152,-14337,-13299,-31580,-19312,1024,1022,1024,
26,1011943168,-8932,-1624,13540,-82,44,-197,-25601,16128,-15361,-5931,12051,-15503,1024,1022,1024,
26,1414596352,-9028,-1540,13372,-108,48,-190,-24577,16640,-14337,-15679,8491,-12751,1024,1022,1024,
26,1834026752,-8880,-1640,13600,-87,68,-199,-23553,15616,-14849,2261,-29338,15858,1024,1022,1024,
26,2253457152,-8948,-1552,13744,-109,27,-210,-25345,16384,-14593,-22233,-11966,28145,1024,1022,1024,
26,2656110336,-8908,-1604,13676,-98,38,-224,-25089,15616,-15361,12029,-22390,-30956,1024,1022,1024,
26,3058763520,-8964,-1564,13628,-101,31,-196,-25345,15360,-14593,13757,-16125,19294,1024,1022,1024,
26,3461416704,-8904,-1524,13588,-96,30,-211,-26113,17664,-15873,23741,21544,-11284,1024,1022,1024,
26,3880847104,-8992,-1572,13644,-121,58,-224,-25345,15872,-15105,20806,-28098,10859,1024,1022,1024,
26,5375744,-8972,-1608,13488,-87,31,-220,-26881,16896,-13057,2687,17436,-9450,1024,1022,1024,
26,408028928,-9044,-1512,13624,-71,60,-208,-25345,15360,-15617,6564,-25562,6316,1024,1022,1024,
26,810682112,-8968,-1508,13564,-112,35,-224,-25345,15360,-14593,-30032,-19198,-16789,1024,1022,1024,
26,1213335296,-9052,-1540,13868,-107,33,-206,-26625,16128,-14849,-2224,-14119,16313,1024,1022,1024,
26,1632765696,-8904,-1564,13584,-119,34,-191,-25857,16384,-14593,16860,3418,16268,1024,1022,1024,
26,2035418880,-9168,-1584,13748,-87,13,-214,-25857,16896,-15105,-20022,27129,8018,1024,1022,1024,
26,2454849280,-9020,-1636,13836,-112,31,-196,-25857,16896,-14081,1778,11235,-1704,1024,1022,1024,
26,2840725248,-9000,-1488,13468,-103,71,-204,-25601,15104,-14849,13078,-25330,8727,1024,1021,1024,
26,3260155648,-8936,-1560,13604,-117,44,-220,-24833,15360,-14593,17307,10399,-24074,1024,1022,1024,
26,3679586048,-9036,-1632,13656,-85,54,-185,-25601,17152,-13825,16986,-8313,-18478,1024,1022,1024,
26,4082239232,-8960,-1576,13576,-111,23,-169,-25089,16128,-14849,20149,3157,-11950,1024,1022,1024,
26,206767872,-8956,-1540,13688,-137,20,-222,-25345,16896,-15105,-30105,29983,-25449,1024,1022,1024,
26,592643840,-9000,-1548,13776,-124,40,-213,-25089,16128,-15361,-25733,-19093,9089,1024,1022,1024,
26,1012074240,-8912,-1548,13564,-87,48,-201,-25345,15872,-14593,9380,18519,-31880,1024,1022,1024,
26,1414727424,-8948,-1636,13704,-137,29,-183,-25601,17664,-14337,-15251,-4930,-5647,1024,1022,1024,
26,1834157824,-8892,-1556,13648,-117,40,-201,-26369,16896,-14081,28714,8675,29432,1024,1022,1024,
26,2253588224,-9060,-1608,13680,-107,21,-202,-26369,16896,-15105,16289,-20511,-4170,1024,1022,1024,
26,2656241408,-8960,-1564,13760,-89,31,-195,-25345,15872,-14081,-12841,114,27492,1024,1022,1024,
26,3058894592,-8980,-1624,13692,-98,33,-190,-25857,15872,-14593,-19495,2664,23166,1024,1022,1024,
26,3461547776,-8092,-708,11752,-155,547,-167,-24833,15360,-14593,21747,22047,-10393,1024,1022,1024,
26,3880978176,-9216,-1316,14264,-121,174,-226,-25089,16128,-14849,17265,-482,1865,1024,1022,1024,
26,5506816,-8896,-1640,13468,-102,43,-195,-25601,17152,-14337,873,7116,-21024,1024,1022,1024,
26,408160000,-9056,-1652,13688,-108,47,-191,-24833,17408,-14593,25768,4535,-17069,1024,1022,1024,
26,810813184,-8948,-1572,13688,-101,50,-199,-25345,15872,-15105,9327,-21842,8726,1024,1022,1024,
26,1213466368,-8840,-1536,13592,-103,89,-218,-25857,16384,-14593,-27850,19506,7097,1024,1022,1024,
26,1632896768,-8568,-1068,12364,-126,162,-214,-25345,15360,-15105,22015,-25287,9792,1024,1022,1024,
26,2035549952,-9304,-1272,14112,-146,203,-240,-26113,17664,-15873,27605,-17596,-27962,1024,1022,1024,
26,2454980352,-8820,-1560,13472,-111,48,-176,-24833,15360,-14081,4350,-14871,-9863,1024,1022,1024,
26,2840856320,-8944,-1592,13544,-105,51,-186,-24321,16896,-13569,-18093,-26080,-16635,1024,1022,1024,
26,3260286720,-9144,-1672,13404,-78,-55,-212,-24833,16384,-13569,-1959,-10903,-28835,1024,1022,1024,
26,3679717120,-8960,-1560,13712,-108,79,-215,-26369,16896,-14081,11176,-11986,-11051,1024,1022,1024,
26,4082370304,-9016,-1572,13564,-110,42,-203,-26369,16384,-14081,-26221,7017,-13739,1024,1022,1024,
26,206898944,-8840,-2028,13004,-86,-63,-223,-24833,16384,-14593,10763,30076,-1412,1024,1022,1024,
26,592774912,-8952,-1656,13592,-104,1,-220,-25089,16128,-13313,4231,21579,20322,1024,1022,1024,
26,1012205312,-8924,-1568,13788,-114,34,-214,-25601,17152,-15361,-3427,-15342,-21613,1024,1022,1024,
26,1414858496,-9068,-1464,13644,-92,2,-211,-25601,15616,-14849,-12925,26899,-21000,1024,1022,1024,
26,1834288896,-8960,-1568,13636,-100,45,-162,-25089,17664,-15873,-28670,1255,-31136,1024,1022,1024,
26,2253719296,-9004,-1512,13548,-112,32,-245,-24833,16384,-14593,4919,-15677,-20594,1024,1022,1024,
26,2639595264,-8964,-1564,13792,-82,18,-188,-25601,17152,-14849,11133,25056,-1140,1024,1022,1024,
26,3059025664,-9016,-1596,13764,-100,60,-212,-23809,16384,-15105,-7964,14043,5905,1024,1022,1024,
26,3461678848,-8956,-1552,13684,-139,27,-222,-26369,15872,-14593,-24285,-28709,2863,1024,1022,1024,
26,3881109248,-8860,-1540,13584,-115,45,-203,-24577,15616,-15873,31868,-29241,-23774,1024,1022,1024,
26,5637888,-8916,-1648,13640,-108,27,-192,-25089,17664,-15361,12846,10933,-32592,1024,1022,1024,
26,408291072,-8936,-1572,13692,-94,19,-204,-25601,15104,-14849,-17698,26003,25420,1024,1022,1024,
26,810944256,-8896,-1564,13616,-109,22,-214,-25345,15872,-14593,24651,6505,29860,1024,1021,1024,
26,1213597440,-8908,-1572,13748,-90,60,-197,-25601,15616,-15873,4581,-32761,20066,1024,1022,1024,
26,1633027840,-8928,-1556,13664,-116,65,-200,-24577,16640,-14337,20767,7777,7342,1024,1022,1024,
26,2035681024,-8972,-1620,13764,-127,26,-208,-25601,16640,-13313,-22668,18143,-23285,1024,1021,1024,
26,2455111424,-9008,-1508,13540,-120,35,-197,-24833,16896,-13569,7524,-16927,10832,1024,1021,1024,
26,2840987392,-9148,-1556,13804,-87,33,-203,-25345,17920,-14593,-23367,31981,421,1024,1022,1024,
26,3260417792,-8924,-1516,13548,-131,37,-213,-24577,15104,-15873,12448,5896,-11180,1024,1021,1024,
26,3679848192,-8980,-1540,13524,-109,27,-207,-24833,17408,-14081,2585,7746,-19822,1024,1022,1024,
26,4082501376,-8904,-1576,13668,-117,38,-212,-26625,15616,-14337,7794,5447,-22699,1024,1021,1024,
26,207030016,-9128,-1596,13544,-106,53,-183,-26113,16128,-12801,25266,-9438,-14441,1024,1022,1024,
26,592905984,-8900,-1592,13560,-88,13,-191,-24577,15616,-15361,-17629,-31107,2214,1024,1022,1024,
26,1012336384,-8948,-1552,13580,-84,30,-206,-25089,15104,-13313,-291,-28171,31623,1024,1022,1024,
26,1414989568,-8960,-1668,13588,-105,20,-187,-25345,17408,-13569,7365,-3167,-29470,1024,1021,1024,
26,1834419968,-8964,-1556,13608,-112,42,-238,-25345,15872,-15105,27632,13607,23543,1024,1022,1024,
26,2253850368,-8992,-1596,13568,-103,20,-229,-25089,15616,-14849,-4091,-28051,-11811,1024,1022,1024,
26,2639726336,-8956,-1556,13592,-100,54,-203,-25857,15872,-14593,8006,25247,30010,1024,1022,1024,
26,3059156736,-9076,-1612,13772,-109,48,-209,-25089,17664,-13825,-1769,4112,-17118,1024,1022,1024,
26,3461809920,-8932,-1624,13592,-95,48,-222,-26369,17408,-15105,12240,-16387,6354,1024,1022,1024,
26,3881240320,-8936,-1644,13636,-113,23,-202,-25601,17664,-14849,-15084,15126,22783,1024,1022,1024,
26,5768960,-8968,-1576,13536,-95,40,-208,-26625,15616,-14337,-30481,6568,-25626,1024,1022,1024,
26,408422144,-9032,-1556,13712,-98,24,-193,-26369,15872,-13569,12958,28030,13659,1024,1022,1024,
26,811075328,-8944,-1552,13728,-99,28,-221,-25601,16640,-14849,-20806,18203,30097,1024,1022,1024,
26,1213728512,-8992,-1536,13580,-112,37,-227,-25601,16128,-13313,20429,-4946,-19773,1024,1023,1024,
26,1633158912,-8948,-1564,13576,-98,31,-208,-26113,14592,-14337,13970,27214,25817,1024,1022,1024,
26,2035812096,-8948,-1652,13440,-112,46,-181,-24321,16384,-13569,-19634,21276,-25784,1024,1022,1024,
26,2455242496,-8916,-1484,13708,-128,39,-225,-25089,15616,-14337,-20568,-9078,3027,1024,1022,1024,
26,2841118464,-8968,-1552,13760,-104,27,-221,-24065,15104,-14849,-3636,14581,10830,1024,1022,1024,
26,3260548864,-8992,-1504,13612,-109,44,-215,-25345,16384,-15617,-25057,-27388,20150,1024,1022,1024,
26,3679979264,-8968,-1616,13612,-110,56,-205,-25345,16384,-14081,-7464,-799,-11611,1024,1022,1024,
26,4082632448,-8992,-1596,13668,-83,22,-207,-26113,16640,-14849,-32010,-2083,-29750,1024,1022,1024,
26,207161088,-8912,-1560,13700,-102,29,-203,-25345,16896,-15105,3155,-10597,-1138,1024,1022,1024,
26,593037056,-8912,-1564,13724,-118,12,-201,-24577,17664,-15873,25371,16367,-23146,1024,1022,1024,
26,1012467456,-8952,-1560,13576,-104,28,-219,-25857,16896,-15617,-21138,13303,23467,1024,1022,1024,
26,1415120640,-8924,-1596,13556,-117,30,-225,-24577,16128,-14337,-29031,-32220,-23033,1024,1022,1024,
26,1834551040,-8912,-1520,13580,-87,70,-205,-26113,17152,-13825,-20224,-25077,-4525,1024,1023,1024,
26,2253981440,-8780,-1408,13516,-147,54,-203,-25345,15872,-14593,-22237,-10357,1306,1024,1022,1024,
26,2656634624,-8884,-1468,13564,-84,2,-194,-25601,15616,-14849,-20918,7286,-14165,1024,1022,1024,
26,3059287808,-8892,-1556,13552,-90,62,-206,-26113,16128,-13313,-6338,18195,30941,1024,1022,1024,
26,3461940992,-8864,-1552,13544,-110,54,-196,-25345,15872,-15617,15452,-1467,30876,1024,1022,1024,
26,3881371392,-8948,-1520,13560,-113,10,-220,-25601,16640,-13313,-27602,30073,14342,1024,1022,1024,
26,5900032,-8884,-1588,13572,-80,8,-196,-24833,16896,-14593,-15078,-13899,9541,1024,1022,1024,
26,408553216,-8936,-1580,13688,-106,10,-221,-25601,15616,-14337,-24564,1651,-25307,1024,1022,1024,
26,811206400,-8868,-1580,13668,-124,49,-210,-25601,16128,-14849,3348,-15735,-15960,1024,1022,1024,
26,1213859584,-8920,-1452,13736,-108,24,-203,-25345,16384,-16129,-25042,-32446,-20294,1024,1022,1024,
26,1633289984,-8960,-1460,13624,-113,46,-211,-24577,16128,-13825,-27842,-7772,2909,1024,1022,1024,
26,2035943168,-8920,-1576,13580,-67,19,-221,-24321,16896,-15105,16578,-18889,-4825,1024,1022,1024,
26,2455373568,-8992,-1676,13672,-113,15,-196,-25089,16640,-14337,19961,23630,19935,1024,1022,1024,
26,2841249536,-8972,-1448,13600,-96,57,-215,-25601,16128,-15873,-17404,16818,-14573,1024,1022,1024,
26,3260679936,-9408,-1400,14856,-205,96,-234,-25345,17408,-14081,21822,8221,4626,1024,1021,1024,
26,3680110336,-8904,-1484,13832,-135,45,-210,-26369,16384,-15105,-24219,-32105,5473,1024,1022,1024,
26,4082763520,-8864,-1540,13628,-99,43,-188,-24833,16896,-14593,20487,15343,-27714,1024,1022,1024,
26,207292160,-8964,-1648,13572,-100,-3,-198,-25857,17408,-15105,-17000,22396,-11697,1024,1023,1024,
26,593168128,-9004,-1648,13620,-96,42,-206,-25857,17408,-15105,24966,25790,-15369,1024,1022,1024,
26,1012598528,-9012,-1572,13604,-105,44,-206,-25601,16640,-15361,-18564,-16188,9100,1024,1022,1024,
26,1415251712,-8984,-1484,13788,-103,33,-206,-24321,17920,-14081,29063,12256,-6667,1024,1022,1024,
26,1834682112,-8916,-1552,13612,-75,35,-201,-26369,17408,-13569,-5745,22100,31544,1024,1022,1024,
26,2254112512,-8992,-1656,13708,-101,56,-204,-26113,17664,-14337,-4900,-30287,20760,1024,1022,1024,
26,2656765696,-8924,-1576,13544,-134,63,-232,-25089,17152,-15361,-14486,-20849,-13825,1024,1023,1024,
26,3059418880,-8996,-1556,13616,-120,37,-225,-25089,16128,-14337,-20736,14027,31042,1024,1022,1024,
26,3462072064,-8964,-1592,13484,-87,17,-170,-24833,17408,-16129,-19726,21667,-10892,1024,1023,1024,
26,3881502464,-8980,-1532,13712,-128,17,-214,-24065,16128,-14337,-6395,5936,5272,1024,1021,1024,
26,6031104,-8892,-1652,13576,-96,67,-215,-25345,16384,-15105,14476,8929,5256,1024,1023,1024,
26,408684288,-8908,-1584,13416,-95,39,-227,-25089,17152,-14849,-23445,30642,-29832,1024,1023,1024,
26,811337472,-8896,-1592,13568,-107,14,-201,-24577,17664,-14337,31665,25105,-29822,1024,1022,1024,
26,1213990656,-9036,-1500,13696,-116,37,-193,-25601,15616,-13825,8412,-977,11558,1024,1022,1024,
26,1633421056,-8972,-1564,13684,-79,29,-186,-25345,17920,-14593,-12765,-31412,17597,1024,1022,1024,
26,2036074240,-9056,-1844,13728,-84,32,-228,-25601,16640,-14337,-25607,-26626,-16692,1024,1022,1024,
26,2455504640,-8920,-1500,13632,-113,30,-214,-25601,15616,-14849,25274,-2089,26783,1024,1022,1024,
26,2841380608,-8916,-1556,13568,-109,14,-205,-25345,17408,-14593,-2509,-15005,-28887,1024,1022,1024,
26,3260811008,-9184,-1620,13556,-94,-25,-149,-25345,17920,-14593,25363,12379,27468,1024,1023,1024,
26,3680241408,-9160,-1856,13584,307,-353,38,-25857,16896,-15105,-29451,-15579,19004,1024,1022,1024,
26,4082894592,-8544,-1196,13832,-49,22,-173,-25601,15104,-14337,25928,9794,30998,1024,1023,1024,
26,207423232,-9080,-1832,13728,-87,65,-190,-23809,16384,-14081,-10297,25031,5810,1024,1022,1024,
26,610076416,-8956,-1544,13736,0,-55,-130,-27137,17152,-14849,-22120,19698,28831,1024,1022,1024,
26,1012729600,-8872,-1372,13728,112,-151,-101,-24833,16384,-14593,-27336,-22169,14504,1024,1022,1024,
26,1415382784,-8988,-1556,13644,-108,92,-196,-26113,17152,-15361,20011,12672,31056,1024,1022,1024,
26,1834813184,-8752,-1332,13720,-209,97,-282,-26113,16128,-14337,13288,29939,16913,1024,1022,1024,
26,2254243584,-8988,-1656,13532,-153,95,-231,-25601,16640,-15873,9527,-31193,-29967,1024,1023,1024,
26,2656896768,-8924,-1480,13752,-87,35,-233,-25857,16384,-15617,28635,23978,-28118,1024,1022,1024,
26,3059549952,-8916,-1536,13488,-99,10,-229,-25601,16128,-14337,-28438,31367,31636,1024,1022,1024,
26,3462203136,-8924,-1680,13692,-101,19,-225,-25857,16384,-14593,2301,21820,4620,1024,1022,1024,
26,3881633536,-8968,-1548,13652,-107,15,-195,-25089,15616,-14337,32054,-21741,3051,1024,1023,1024,
26,6162176,-9060,-1612,13800,-83,32,-188,-26113,16640,-14337,-24625,-9527,25852,1024,1022,1024,
26,408815360,-9044,-1568,13604,-118,43,-204,-27137,16128,-15361,9029,-20247,-23732,1024,1022,1024,
26,811468544,-8940,-1544,13664,-127,29,-219,-26113,15616,-13313,-2870,6871,19842,1024,1022,1024,
26,1214121728,-9004,-1548,13744,-96,28,-215,-26369,15872,-15105,-11385,-9233,-14963,1024,1022,1024,
26,1633552128,-8868,-1576,13604,-112,54,-214,-25857,15872,-14081,-14527,5275,-3273,1024,1022,1024,
26,2036205312,-8880,-1416,13768,-104,41,-220,-24065,16640,-14337,16311,-12002,-22430,1024,1022,1024,
26,2455635712,-8948,-1476,13704,-96,51,-219,-25601,17152,-14849,21334,-30522,-30410,1024,1022,1024,
26,2841511680,-8780,-1544,13648,-113,55,-213,-24577,16640,-14337,23004,15236,6297,1024,1022,1024,
26,3260942080,-8908,-1520,13744,-110,45,-191,-26113,16640,-15361,-25778,-22222,12097,1024,1023,1024,
26,3680372480,-8984,-1520,13608,-114,22,-182,-24577,16128,-14849,-30469,11936,14213,1024,1022,1024,
26,4083025664,-8952,-1544,13788,-130,0,-240,-25857,15872,-14081,-17070,-1972,29819,1024,1022,1024,
26,207554304,-8964,-1444,13568,-87,22,-225,-24833,16384,-15105,-31083,-16911,13224,1024,1022,1024,
26,593430272,-9012,-1416,13656,-109,64,-231,-26113,15616,-14337,-29694,-2192,-28582,1024,1022,1024,
26,1012860672,-8776,-1564,13684,-110,26,-195,-25089,16128,-14337,-26919,-25947,24411,1024,1022,1024,
26,1415513856,-8948,-1588,13664,-89,38,-192,-26625,16128,-13825,-26846,20662,-21838,1024,1022,1024,
26,1834944256,-9020,-1456,13632,-81,59,-212,-26369,14848,-14081,7629,-20086,-31674,1024,1022,1024,
26,2254374656,-8936,-1496,13648,-89,36,-194,-25857,16896,-16129,10418,985,-10973,1024,1022,1024,
26,2657027840,-8868,-1636,13612,-91,56,-204,-24577,15616,-14849,-29312,26939,29894,1024,1022,1024,
26,3059681024,-9064,-1540,13616,-70,5,-205,-24833,17920,-14081,18390,30564,-24276,1024,1022,1024,
26,3462334208,-9004,-1404,13672,-104,8,-242,-25345,15872,-14081,-9844,10253,13179,1024,1022,1024,
26,3881764608,-9020,-1592,13652,-83,83,-212,-25857,15872,-15105,6570,9950,31952,1024,1022,1024,
26,6293248,-8820,-1496,13612,-97,42,-200,-23809,16384,-13569,6676,-11259,-16382,1024,1022,1024,
26,408946432,-9000,-1400,13748,-89,53,-212,-25345,16384,-14593,-10858,-26775,-28465,1024,1022,1024,
26,811599616,-8960,-1576,13660,-92,-31,-212,-24833,16896,-15617,7961,21907,-8125,1024,1022,1024,
26,1214252800,-8952,-1516,13724,-110,40,-196,-25345,16384,-15105,-4367,-17841,-19109,1024,1022,1024,
26,1633683200,-8928,-1588,13540,-93,44,-199,-25089,17152,-14849,3756,28588,-14070,1024,1022,1024,
26,2036336384,-8956,-1564,13516,-110,35,-218,-24577,17664,-13825,-11343,-18726,18954,1024,1022,1024,
26,2455766784,-9040,-1524,13704,-119,41,-214,-25089,16640,-15361,6121,-4095,658,1024,1022,1024,
26,2841642752,-8896,-1460,13724,-134,7,-198,-25345,15360,-14593,31683,-28939,-1085,1024,1022,1024,
26,3261073152,-8964,-1560,13644,-106,56,-198,-25857,15872,-13569,26381,-14624,-15273,1024,1022,1024,
26,3680503552,-8936,-1552,13876,-90,39,-210,-26625,17152,-14849,-13053,-21322,634,1024,1022,1024,
26,4083156736,-9004,-1684,13580,-104,37,-212,-26113,17152,-15873,15340,-17041,-8726,1024,1021,1024,
26,207685376,-8880,-1564,13616,-96,26,-222,-25857,15872,-15105,-6799,2587,13093,1024,1022,1024,
26,610338560,-8836,-1748,13660,-162,6,-199,-24577,16640,-15361,2205,-22175,19118,1024,1022,1024,
26,1012991744,-9112,-1796,13520,-152,-24,-196,-26625,16128,-14849,-22768,11835,-10780,1024,1022,1024,
26,1415644928,-8872,-1500,13896,-106,74,-212,-25601,15104,-13825,-27886,-25853,27775,1024,1022,1024,
26,1835075328,-8880,-1560,13752,-88,40,-191,-25089,17152,-14337,22293,-8847,-15274,1024,1022,1024,
26,2254505728,-9036,-1516,13884,-90,33,-203,-25601,16640,-14849,6895,-3054,-30641,1024,1022,1024,
26,2657158912,-8940,-1600,13628,-101,36,-225,-25345,16384,-15617,-32548,-704,-26773,1024,1022,1024,
26,3059812096,-8768,-1416,13656,-81,27,-214,-24577,17152,-14337,2595,-22589,1689,1024,1022,1024,
26,3462465280,-8652,-1196,13776,-226,141,-266,-26369,17408,-14593,23072,-18418,-17091,1024,1022,1024,
26,3881895680,-8836,-1544,13568,-373,253,-376,-24577,15616,-15873,-26919,-28313,5811,1024,1022,1024,
26,6424320,-8856,-1608,13568,-93,23,-209,-24833,14848,-14593,31654,4078,754,1024,1022,1024,
26,409077504,-9008,-1656,13668,-113,34,-195,-25345,17408,-15105,-28987,-21188,27115,1024,1022,1024,
26,811730688,-8976,-1580,13668,-91,51,-189,-25857,15872,-15105,4237,-14634,15563,1024,1022,1024,
26,1214383872,-8920,-1512,13596,-104,41,-208,-25601,15104,-14337,31785,11005,-1638,1024,1022,1024,
26,1633814272,-9036,-1540,13680,-96,4,-217,-25601,15616,-15361,-22145,30106,-25070,1024,1022,1024,
26,2036467456,-9052,-1592,13756,-108,36,-211,-25857,15872,-15105,-10613,30150,-9315,1024,1022,1024,
26,2455897856,-8920,-1640,13700,-110,15,-202,-25601,17152,-14337,-17206,4542,-30257,1024,1022,1024,
26,2841773824,-9016,-1552,13548,-100,23,-204,-25345,15872,-12545,-110,30168,1807,1024,1022,1024,
26,3261204224,-9032,-1504,13700,-117,51,-228,-25345,15360,-14593,-26196,-28621,-28795,1024,1022,1024,
26,3680634624,-8960,-1596,13660,-91,24,-219,-26369,15360,-14593,1918,-31176,-9407,1024,1022,1024,
26,4083287808,-8956,-1556,13508,-87,33,-215,-27393,16384,-13057,15578,17954,-22106,1024,1022,1024,
26,207816448,-9040,-1580,13752,-73,55,-196,-24833,16384,-15105,-5713,4883,30391,1024,1022,1024,
26,610469632,-8924,-1548,13716,-95,44,-173,-26881,15360,-15105,-21531,26671,13031,1024,1022,1024,
26,1013122816,-8956,-1472,13568,-104,47,-192,-26113,15616,-13825,5828,19994,18322,1024,1022,1024,
26,1415776000,-8936,-1472,13660,-95,30,-204,-25345,16896,-15105,-30915,-15831,16547,1024,1022,1024,
26,1835206400,-8868,-1468,13704,-129,32,-221,-25345,16384,-14593,-16478,-15350,6628,1024,1022,1024,
26,2254636800,-8728,-1232,13620,-215,142,-262,-26369,16384,-15617,-2594,26084,10237,1024,1022,1024,
26,2657289984,-9284,-1972,13576,-46,-15,-169,-26625,15104,-14849,-26947,-3236,17638,1024,1022,1024,
26,3059943168,-9116,-1712,13492,299,-341,-4,-25857,15360,-14081,6001,-22870,1495,1024,1022,1024,
26,3462596352,-8744,-1332,13728,-20,-55,-161,-25601,16128,-14849,-22911,-202,-4744,1024,1022,1024,
26,3882026752,-8908,-1492,13592,-100,26,-209,-26369,15360,-15617,-147,-1204,-2920,1024,1022,1024,
26,6555392,-8956,-1464,13636,-100,5,-184,-26881,16896,-14081,23595,24962,24443,1024,1022,1024,
26,409208576,-8912,-1488,13584,-117,30,-200,-27137,15104,-12801,-12866,-22248,335,1024,1021,1024,
26,811861760,-8956,-1632,13608,-84,27,-206,-25601,15104,-14849,3767,18026,-26700,1024,1022,1024,
26,1214514944,-9056,-1620,13764,-98,26,-180,-24321,16384,-13569,-14508,-32724,22999,1024,1022,1024,
26,1633945344,-8960,-1564,13696,-136,-16,-206,-25089,17152,-15361,-32625,-13761,-28036,1024,1023,1024,
26,2036598528,-8820,-1420,13684,-81,45,-196,-25601,16128,-14337,-24192,26770,2720,1024,1022,1024,
26,2456028928,-9220,-1820,13632,18,-70,-149,-27137,15616,-13825,16052,22541,320,1024,1022,1024,
26,2841904896,-8744,-1120,13764,92,-147,-98,-26625,16640,-14849,-14462,-17257,-31961,1024,1022,1024,
26,3261335296,-8872,-1380,13624,-136,35,-218,-26625,16128,-15873,-27914,29407,23012,1024,1022,1024,
26,3680765696,-8928,-1612,13636,-99,64,-195,-25857,15872,-13057,-11055,-29811,28214,1024,1022,1024,
26,4083418880,-9052,-1556,13624,-81,2,-192,-25345,15360,-14081,30937,-17083,5664,1024,1023,1024,
26,207947520,-8964,-1732,13636,156,-208,-64,-26881,15872,-15105,-13008,15992,-30525,1024,1021,1024,
26,593823488,-8956,-1576,13668,-111,71,-185,-25601,15104,-13825,21970,-29531,-17553,1024,1022,1024,
26,1013253888,-9192,-1672,13656,-129,23,-234,-24833,16896,-13057,8336,1682,-30101,1024,1022,1024,
26,1415907072,-9032,-1392,13580,-282,205,-258,-24833,15872,-15617,-31368,2832,-30226,1024,1022,1024,
26,1835337472,-8944,-1508,13428,-106,54,-212,-25601,16128,-14849,-31385,12404,-15379,1024,1022,1024,
26,2254767872,-9256,-1928,13452,87,-136,-121,-24833,14848,-14081,-29015,-26574,1817,1024,1022,1024,
26,2657421056,-8628,-888,13848,203,-186,-39,-25857,17408,-14593,15081,-9750,13474,1024,1022,1024,
26,3060074240,-9328,-1712,13336,-148,3,-137,-25857,15872,-15105,16506,-10742,18914,1024,1022,1024,
26,3462727424,-7892,-1216,14108,-284,133,-116,-26113,15616,-14337,-10859,-14932,14320,1024,1022,1024,
26,3882157824,-9332,-2204,13168,19,-3,-233,-26113,16128,-12801,12527,-14100,4655,1024,1022,1024,
26,6686464,-9324,-1608,13604,148,-235,-360,-26113,16640,-13825,3633,29396,4231,1024,1022,1024,
26,409339648,-8660,-1596,13632,352,243,-1086,-26113,15616,-14849,-12986,17704,-29422,1024,1022,1024,
26,811992832,-8908,-744,13968,27,34,-224,-25345,16384,-14593,-19845,21039,-9776,1024,1022,1024,
26,1214646016,-9340,-1668,13548,23,-91,-169,-26369,15360,-14593,1250,-15812,8429,1024,1021,1024,
26,1634076416,-9036,-1804,13848,-110,-30,-142,-26369,15872,-14081,-5207,-9823,1355,1024,1022,1024,
26,2036729600,-8952,-1524,13736,-68,-84,-155,-25601,16128,-13313,-17875,-32079,-13969,1024,1022,1024,
26,2456160000,-8816,-1472,13752,-119,44,-228,-25089,15616,-14849,-14211,-25951,-6794,1024,1022,1024,
26,2842035968,-8984,-1552,13696,-125,50,-173,-26113,15104,-15873,-10327,20189,-10414,1024,1022,1024,
26,3261466368,-8808,-1460,13756,-124,47,-198,-26113,14080,-14337,27759,11833,-12690,1024,1022,1024,
26,3680896768,-8832,-1412,13672,-118,40,-204,-26369,16384,-13057,15654,-16261,23532,1024,1022,1024,
26,4083549952,-8912,-1444,13680,-116,-7,-181,-26625,15104,-13313,-20915,27848,3730,1024,1022,1024,
26,208078592,-8944,-1500,13616,-107,42,-194,-26881,15360,-15617,-18201,-7618,31352,1024,1022,1024,
26,593954560,-8836,-1380,13708,-104,-3,-225,-25345,15872,-13569,-17292,-745,7139,1024,1022,1024,
26,1013384960,-8928,-1520,13580,-101,23,-191,-24833,16384,-14081,6679,5730,15129,1024,1022,1024,
26,1416038144,-8900,-1476,13604,-100,45,-201,-25345,14336,-15617,-25780,15777,-12101,1024,1022,1024,
26,1835468544,-8884,-1444,13740,-122,27,-195,-26113,16640,-13825,-9690,8683,-30002,1024,1022,1024,
26,2254898944,-8828,-1464,13660,-85,26,-223,-25601,14592,-15361,-1462,-14051,16053,1024,1023,1024,
26,2657552128,-8928,-1488,13812,-79,11,-228,-26369,16896,-14081,-23621,25195,8241,1024,1022,1024,
26,3060205312,-8896,-1412,13860,-154,84,-254,-26113,16128,-14849,-23584,28181,-592,1024,1023,1024,
26,3462858496,-8872,-1444,13716,-93,63,-214,-24833,15360,-14081,25850,-26883,-8159,1024,1022,1024,
26,3882288896,-8944,-1504,13740,-94,24,-213,-26881,15872,-15105,-13249,-7914,-25718,1024,1023,1024,
26,6817536,-8800,-1396,13716,-128,72,-210,-25601,15616,-14337,-29694,27977,-24401,1024,1022,1024,
26,409470720,-8836,-1376,13856,-152,94,-226,-24833,15872,-14081,-12132,-9622,-25737,1024,1023,1024,
26,812123904,-9008,-1452,13628,-106,29,-205,-26881,15360,-15105,-17456,30391,-19747,1024,1022,1024,
26,1214777088,-8848,-1512,13656,-118,68,-197,-26113,15104,-12801,30223,-28052,-32544,1024,1022,1024,
26,1634207488,-8856,-1620,13768,-100,35,-180,-25345,16384,-13569,2354,-4646,11335,1024,1022,1024,
26,2036860672,-8940,-1520,13796,-105,36,-212,-25601,16640,-13313,-20358,-20641,-27669,1024,1023,1024,
26,2456291072,-8956,-1404,13788,-92,23,-216,-25601,16640,-14337,-14565,25623,-1745,1024,1021,1024,
26,2842167040,-8904,-1548,13764,-105,52,-207,-25601,16640,-13825,-22472,-24739,9892,1024,1022,1024,
26,3261597440,-8864,-1432,13772,-110,40,-200,-26881,15872,-13569,-29900,-29669,19851,1024,1022,1024,
26,3681027840,-8852,-1432,13688,-92,19,-234,-24833,16384,-14081,-22167,16238,5851,1024,1022,1024,
26,4083681024,-8976,-1432,13584,-131,24,-215,-26369,15360,-14593,16526,-3214,25512,1024,1023,1024,
26,208209664,-8824,-1396,13816,-101,60,-203,-26113,15616,-13313,-6332,-9482,1124,1024,1022,1024,
26,594085632,-8968,-1504,13756,-118,6,-227,-25345,15360,-13569,28485,-2329,-9523,1024,1022,1024,
26,1013516032,-8876,-1460,13804,-101,35,-212,-25857,16384,-14081,-2202,-3418,-22099,1024,1023,1024,
26,1416169216,-8956,-1520,13584,-81,23,-201,-25089,15616,-13313,-17308,-9480,-5775,1024,1023,1024,
26,1835599616,-8880,-1516,13852,-122,51,-223,-25857,15872,-15617,-21329,11435,-10961,1024,1022,1024,
26,2255030016,-8864,-1548,13684,-92,27,-197,-25601,16128,-14849,-25245,-8299,-6222,1024,1022,1024,
26,2657683200,-8812,-1508,13588,-100,32,-215,-26113,15616,-14337,-2834,22863,5425,1024,1023,1024,
26,3060336384,-8844,-1324,13628,-110,27,-221,-25857,14848,-13569,-962,-2711,-6492,1024,1023,1024,
26,3462989568,-8956,-1548,13628,-116,23,-217,-26369,16384,-14593,19251,17327,23855,1024,1023,1024,
26,3882419968,-8884,-1472,13692,-106,42,-196,-24577,16128,-13825,3086,-25258,-30504,1024,1022,1024,
26,6948608,-8912,-1500,13668,-91,24,-209,-25089,16640,-13825,-17012,18431,30766,1024,1023,1024,
26,409601792,-8896,-1456,13568,-112,30,-213,-25857,15360,-13569,-5262,-15765,-23770,1024,1022,1024,
26,812254976,-8956,-1544,13568,-89,62,-213,-26113,16128,-14849,14871,29872,5985,1024,1023,1024,
26,1214908160,-8916,-1536,13872,-97,53,-190,-25857,16384,-13569,5503,1970,26926,1024,1022,1024,
26,1634338560,-8856,-1428,13772,-81,72,-200,-25601,16640,-15361,-23590,22192,3769,1024,1023,1024,
26,2036991744,-8840,-1508,13644,-121,39,-208,-25089,15616,-13825,-16197,-14598,22946,1024,1022,1024,
26,2456422144,-8924,-1464,13612,-111,29,-210,-26369,15872,-13569,-6341,-548,8655,1024,1023,1024,
26,2842298112,-9044,-1560,13584,-77,21,-190,-26369,15360,-14593,-13548,-16720,-22447,1024,1022,1024,
26,3261728512,-8864,-1380,13704,-109,21,-186,-26113,15616,-14849,507,-15199,-10792,1024,1023,1024,
26,3681158912,-9028,-1404,13692,-126,26,-201,-25857,15872,-14081,-30678,-27500,-30674,1024,1022,1024,
26,4083812096,-8952,-1480,13592,-114,21,-233,-26113,15104,-13825,-23663,-21267,-30357,1024,1022,1024,
26,208340736,-8956,-1556,13684,-114,66,-188,-27393,16384,-13569,-6614,-2000,-18099,1024,1022,1024,
26,594216704,-8928,-1512,13676,-106,21,-209,-24833,16384,-13569,-718,4660,14707,1024,1022,1024,
26,1013647104,-8896,-1516,13728,-100,49,-205,-24577,15616,-12289,30064,-13244,7874,1024,1022,1024,
26,1416300288,-8868,-1416,13624,-80,63,-197,-24833,16384,-15105,1035,-21564,30752,1024,1022,1024,
26,1835730688,-8860,-1544,13736,-107,35,-210,-26369,15360,-13569,17734,-14471,-735,1024,1022,1024,
26,2255161088,-8812,-1536,13728,-87,23,-198,-25089,15616,-12801,10684,15441,14975,1024,1022,1024,
26,2657814272,-8832,-1484,13584,-101,45,-182,-25857,15872,-14593,-21048,17323,-8721,1024,1022,1024,
26,3060467456,-8936,-1472,13656,-97,58,-195,-25089,16128,-15361,4398,-24986,-14522,1024,1022,1024,
26,3463120640,-8864,-1512,13688,-82,36,-207,-25857,16384,-15105,-4720,-14980,30266,1024,1022,1024,
26,3882551040,-8988,-1368,13548,-90,39,-196,-27137,15104,-14337,14113,-28987,-13434,1024,1023,1024,
26,7079680,-8828,-1440,13708,-96,19,-200,-26113,15616,-14849,24280,3297,-20267,1024,1022,1024,
26,409732864,-8936,-1460,13616,-121,36,-204,-26625,17152,-15361,5230,-588,22373,1024,1022,1024,
26,812386048,-8848,-1528,13684,-95,50,-199,-27137,15616,-14337,24440,-27141,-18881,1024,1022,1024,
26,1215039232,-8972,-1540,13620,-85,27,-228,-25601,15616,-14337,-31564,-9479,10695,1024,1022,1024,
26,1634469632,-8864,-1460,13624,-116,22,-194,-25601,15616,-13825,-1019,-5440,-29679,1024,1022,1024,
26,2037122816,-8824,-1412,13780,-86,50,-189,-25089,16640,-13825,19893,24366,-29181,1024,1022,1024,
26,2456553216,-8852,-1456,13744,-97,30,-194,-25601,16128,-14337,-1201,15450,417,1024,1022,1024,
26,2842429184,-8876,-1516,13708,-115,44,-217,-25345,15360,-14081,7899,28688,-30856,1024,1022,1024,
26,3261859584,-8856,-1516,13528,-109,45,-227,-26625,16640,-14849,28756,30864,4385,1024,1022,1024,
26,3681289984,-8900,-1484,13760,-103,18,-193,-26369,16896,-13057,-11471,20384,25854,1024,1022,1024,
26,4083943168,-8892,-1348,13640,-123,41,-191,-25089,15616,-14337,7307,-21406,28051,1024,1022,1024,
26,208471808,-8908,-1352,13692,-140,36,-209,-23809,16384,-15105,3191,375,26366,1024,1022,1024,
26,594347776,-8904,-1476,13640,-110,13,-197,-25857,15872,-14593,-4136,2649,-27320,1024,1022,1024,
26,1013778176,-9588,-2232,15908,-224,-542,-326,-25089,16128,-13825,15684,30227,14618,1024,1022,1024,
26,1416431360,-8812,-1620,13772,-109,0,-243,-25857,15872,-14081,-27440,30586,12485,1024,1022,1024,
26,1835861760,-9004,-1556,13876,-84,31,-183,-25601,16128,-13825,-27640,-19236,471,1024,1022,1024,
26,2255292160,-8876,-1448,13580,-106,46,-210,-24833,15872,-13569,-32744,-20111,-31318,1024,1022,1024,
26,2657945344,-8896,-1444,13672,-88,42,-199,-25089,16128,-15361,30076,27335,368,1024,1022,1024,
26,3060598528,-8912,-1508,13748,-103,13,-212,-26369,16896,-13057,1111,11864,-9718,1024,1022,1024,
26,3463251712,-8916,-1472,13708,-103,39,-188,-25089,15616,-14337,-2994,-5834,-31346,1024,1021,1024,
26,3882682112,-9012,-1416,13788,-96,43,-226,-25345,16384,-13569,16094,5852,-1213,1024,1022,1024,
26,7210752,-8824,-1484,13708,-120,37,-208,-26113,16640,-14337,4844,-32569,5346,1024,1022,1024,
26,409863936,-8928,-1524,13680,-110,44,-221,-24833,15872,-16129,13222,-24196,-8819,1024,1022,1024,
26,812517120,-8852,-1392,13732,-113,33,-211,-26113,16640,-14337,-30140,5179,28547,1024,1022,1024,
26,1215170304,-8844,-1512,13628,-95,57,-217,-25345,15872,-13569,-16353,-11652,-4193,1024,1022,1024,
26,1634600704,-8864,-1448,13724,-99,40,-222,-25345,15872,-14593,-10783,-8879,-22606,1024,1022,1024,
26,2037253888,-8844,-1540,13720,-105,27,-200,-25089,15616,-13825,12256,-6983,25235,1024,1022,1024,
26,2456684288,-8852,-1440,13568,-112,38,-183,-25857,16384,-14593,-7579,-3090,-16999,1024,1022,1024,
26,2842560256,-8884,-1392,13788,-112,60,-229,-25857,15360,-15105,-22348,-10663,6442,1024,1022,1024,
26,3261990656,-8912,-1448,13724,-80,23,-199,-25345,15360,-13057,15419,1194,-3519,1024,1022,1024,
26,3681421056,-8840,-1456,13616,-124,35,-201,-25857,16384,-14593,-16151,6489,-6384,1024,1022,1024,
26,4084074240,-8904,-1484,13768,-102,41,-201,-25345,17408,-13569,26099,2522,-1678,1024,1022,1024,
26,208602880,-8940,-1432,13732,-94,69,-227,-27137,14592,-13825,22839,-6789,3019,1024,1022,1024,
26,594478848,-9020,-1536,13776,-133,38,-215,-26369,16384,-14081,-2301,1849,-10968,1024,1022,1024,
26,1013909248,-8884,-1392,13724,-89,50,-208,-25345,17408,-15105,20885,20053,-6878,1024,1022,1024,
26,1416562432,-8964,-1584,13580,-103,64,-213,-24065,16128,-14849,15250,15130,-8339,1024,1022,1024,
26,1835992832,-8904,-1536,13660,-90,38,-191,-24833,16896,-14081,-29380,-5326,-13682,1024,1022,1024,
26,2255423232,-8944,-1424,13832,-94,57,-214,-25857,15872,-13569,-9854,-30777,-20786,1024,1022,1024,
26,2641299200,-8832,-1448,13616,-89,40,-225,-26369,17408,-13057,26308,-30150,-4142,1024,1022,1024,
26,3060729600,-8824,-1360,13708,-114,-23,-198,-23809,15360,-13057,-715,23597,-14040,1024,1022,1024,
26,3463382784,-8840,-1364,13632,-99,51,-196,-25601,16640,-14849,1315,-6527,20959,1024,1022,1024,
26,3882813184,-8876,-1472,13712,-110,51,-215,-26369,14848,-13057,-9604,9478,-2384,1024,1023,1024,
26,7341824,-8876,-1456,13864,-113,47,-226,-24833,16384,-14081,18526,-13065,4339,1024,1022,1024,
26,409995008,-8976,-1412,13732,-99,46,-183,-26625,15616,-13825,-743,-20301,-8269,1024,1023,1024,
26,812648192,-8896,-1568,13812,-89,25,-199,-25089,16640,-13825,2578,18443,-26605,1024,1022,1024,
26,1215301376,-8864,-1516,13688,-97,12,-202,-25601,16128,-14849,6938,-1071,-32067,1024,1023,1024,
26,1634731776,-8928,-1448,13792,-118,49,-212,-25857,15872,-14081,-9562,29819,-31506,1024,1022,1024,
26,2037384960,-8880,-1508,13668,-111,53,-213,-25089,16640,-14337,-22445,29464,28260,1024,1022,1024,
26,2456815360,-8820,-1464,13628,-96,35,-200,-25857,14848,-13057,-21810,20516,16640,1024,1022,1024,
26,2842691328,-8836,-1496,13580,-103,17,-227,-26625,15616,-12801,13189,-25342,90,1024,1023,1024,
26,3262121728,-8828,-1492,13556,-97,7,-201,-25857,16384,-14593,15356,25464,-22641,1024,1022,1024,
26,3681552128,-8852,-1464,13696,-103,26,-201,-26369,15360,-14593,-22660,-7595,-7113,1024,1023,1024,
26,4084205312,-8908,-1428,13668,-111,44,-204,-24577,16128,-14337,-1231,-1461,2825,1024,1022,1024,
26,208733952,-8956,-1432,13524,-111,2,-213,-26625,15104,-14337,-17511,-11699,22920,1024,1022,1024,
26,594609920,-8924,-1504,13656,-87,40,-209,-25857,16896,-14593,17443,3555,22218,1024,1022,1024,
26,1014040320,-8912,-1520,13824,-70,15,-217,-24577,16640,-13825,11583,-14150,19015,1024,1022,1024,
26,1416693504,-8900,-1516,13696,-102,36,-188,-26113,15104,-13313,16014,10140,8652,1024,1022,1024,
26,1836123904,-8888,-1440,13676,-99,37,-183,-25089,15616,-13313,8763,6231,9985,1024,1022,1024,
26,2255554304,-8960,-1568,13820,-123,52,-200,-26113,16128,-14337,29874,-25670,-7973,1024,1022,1024,
26,2641430272,-8964,-1424,13696,-121,46,-229,-24833,16896,-15617,-5412,-14768,22694,1024,1022,1024,
26,3060860672,-8840,-1440,13708,-120,49,-202,-24833,16896,-13569,-13293,-25352,-32692,1024,1022,1024,
26,3463513856,-8888,-1460,13736,-107,50,-216,-24321,16384,-15105,-30082,-2836,-11487,1024,1023,1024,
26,3882944256,-8852,-1484,13708,-104,47,-212,-25345,15872,-14081,-13120,-2393,30888,1024,1022,1024,
26,7472896,-8932,-1516,13692,-119,63,-210,-25857,17408,-15617,-20978,17603,7594,1024,1023,1024,
26,393348864,-8900,-1420,13500,-96,47,-197,-26881,15872,-14081,18063,-29632,21581,1024,1022,1024,
26,812779264,-8856,-1496,13584,-115,48,-188,-25345,15872,-14081,-11458,9624,-14053,1024,1022,1024,
26,1215432448,-8852,-1408,13700,-91,54,-198,-24833,17920,-13569,-24683,-31862,-3739,1024,1022,1024,
26,1634862848,-8780,-1540,13724,-108,51,-202,-25089,16128,-13313,16798,10999,2265,1024,1022,1024,
26,2037516032,-8888,-1432,13772,-93,28,-214,-24577,16640,-13825,-28415,27658,-11052,1024,1022,1024,
26,2456946432,-8916,-1580,13804,-75,39,-200,-25601,16128,-13825,17146,27022,17873,1024,1022,1024,
26,2842822400,-8984,-1432,13620,-126,47,-216,-26625,17664,-13825,22733,-17946,-10259,1024,1022,1024,
26,3262252800,-8808,-1536,13632,-99,17,-205,-26113,15616,-14849,16332,-25077,-3923,1024,1023,1024,
26,3681683200,-8896,-1460,13640,-124,29,-215,-24321,16896,-12545,5639,-5072,-1626,1024,1022,1024,
26,4084336384,-8836,-1400,13520,-107,42,-201,-25857,15360,-13569,-22967,-21675,-31835,1024,1023,1024,
26,208865024,-8848,-1464,13760,-101,33,-209,-24321,17408,-15105,-7178,-14967,-13003,1024,1022,1024,
26,594740992,-8812,-1392,13692,-112,25,-195,-26113,15104,-14337,-2148,17854,-31165,1024,1022,1024,
26,1014171392,-8904,-1460,13648,-128,45,-214,-24321,15360,-13569,-21857,-18163,5693,1024,1022,1024,
26,1416824576,-8876,-1508,13648,-109,47,-200,-26625,14592,-14337,13061,21337,18059,1024,1022,1024,
26,1836254976,-8892,-1452,13656,-95,16,-200,-26881,16896,-14081,6420,-22693,-7536,1024,1022,1024,
26,2255685376,-8928,-1496,13600,-131,18,-223,-25089,16640,-13825,633,-26716,-22518,1024,1023,1024,
26,2641561344,-8824,-1444,13664,-132,53,-202,-26369,16384,-14081,15222,30912,25637,1024,1022,1024,
26,3060991744,-8936,-1468,13696,-96,13,-204,-26369,16384,-13569,-2726,5188,-15660,1024,1022,1024,
26,3463644928,-8872,-1496,13596,-102,42,-199,-23809,16384,-16129,4814,-11037,-22956,1024,1022,1024,
26,3883075328,-8880,-1444,13756,-91,35,-202,-26625,16640,-13313,-2312,13602,1433,1024,1023,1024,
26,7603968,-9024,-1496,13660,-95,39,-197,-25857,15872,-14081,-15706,15369,12139,1024,1022,1024,
26,393479936,-8896,-1436,13740,-104,39,-217,-26113,15616,-14849,23372,9141,31057,1024,1022,1024,
26,812910336,-8832,-1532,13680,-84,58,-220,-24833,15360,-13569,4600,-7018,27311,1024,1022,1024,
26,1215563520,-8888,-1416,13668,-92,27,-224,-25601,15616,-13825,23053,-7845,-17130,1024,1022,1024,
26,1634993920,-8888,-1484,13608,-97,21,-197,-25089,16128,-14337,5740,13540,11705,1024,1022,1024,
26,2037647104,-8804,-1432,13740,-119,6,-197,-25601,16640,-13825,1844,-23975,2790,1024,1022,1024,
26,2440300288,-8936,-1552,13812,-69,28,-197,-25345,17408,-13057,12857,-4955,-830,1024,1022,1024,
26,2842953472,-8952,-1524,13644,-72,24,-185,-25857,16896,-15617,-9582,18975,-2556,1024,1022,1024,
26,3262383872,-8920,-1400,13592,-121,36,-201,-24577,15616,-13825,14563,30408,1704,1024,1022,1024,
26,3681814272,-8840,-1520,13804,-123,55,-215,-25089,15616,-14337,-16838,-2197,-15045,1024,1022,1024,
26,4084467456,-8868,-1484,13676,-108,48,-209,-26113,17152,-14337,19620,23402,24278,1024,1022,1024,
26,208996096,-8896,-1392,13676,-106,49,-217,-27393,15872,-14593,899,12905,17544,1024,1022,1024,
26,594872064,-8924,-1476,13792,-81,19,-203,-25345,16384,-13569,1355,-16118,6108,1024,1022,1024,
26,1014302464,-8956,-1512,13788,-112,23,-225,-25857,16384,-14593,-25370,-7263,6435,1024,1022,1024,
26,1416955648,-8928,-1428,13736,-125,42,-211,-25857,14848,-14593,-3865,-409,-15784,1024,1022,1024,
26,1836386048,-8856,-1500,13744,-107,8,-192,-25089,16128,-13825,-15012,14030,-8721,1024,1022,1024,
26,2255816448,-8900,-1432,13588,-120,49,-226,-25345,16384,-14593,-28367,-18962,11707,1024,1022,1024,
26,2641692416,-8180,-752,12560,-64,270,-226,-25089,15616,-13825,32237,11067,29304,1024,1023,1024,
26,3061122816,-8896,-1144,13772,-76,46,-209,-25857,15872,-14593,-4781,7378,23058,1024,1022,1024,
26,3463776000,-8984,-1520,13680,-100,24,-210,-25857,15872,-14593,-27747,18092,1843,1024,1022,1024,
26,3883206400,-8992,-1524,13780,-106,66,-200,-25601,16640,-14849,-11852,-23160,-27396,1024,1022,1024,
26,7735040,-8872,-1316,13808,-121,42,-205,-25089,15104,-15873,-15952,-25819,16157,1024,1022,1024,
26,393611008,-8980,-1228,13580,-114,132,-162,-26369,16896,-14593,15973,10233,-30023,1024,1023,1024,
26,813041408,-8832,-1548,13640,-80,1,-198,-24577,16640,-12801,-27857,4416,-17426,1024,1022,1024,
26,1215694592,-8988,-1444,13708,-116,20,-212,-25601,15104,-14337,7294,-16844,-2060,1024,1023,1024,
26,1635124992,-8776,-1424,13628,-119,46,-185,-24321,17408,-13569,-4960,-25706,-22169,1024,1022,1024,
26,2037778176,-8768,-1552,13696,-120,-8,-221,-25601,15616,-14337,-18548,-8674,13776,1024,1023,1024,
26,2440431360,-8944,-1588,13884,-53,5,-194,-26113,16640,-14849,-22781,-14200,-29886,1024,1022,1024,
26,2843084544,-9072,-1740,13720,-82,-50,-199,-25601,17152,-14337,11261,14083,-9557,1024,1022,1024,
26,3262514944,-9012,-1512,13660,-80,92,-205,-25601,16128,-13313,16746,18680,-9863,1024,1022,1024,
26,3681945344,-9060,-1280,13916,-86,64,-190,-26113,16128,-13825,19704,-6827,-10869,1024,1023,1024,
26,4084598528,-9472,-868,14224,-239,151,-205,-25857,16384,-14081,17300,-7682,4214,1024,1022,1024,
26,192349952,-9208,-1452,14052,-201,74,-241,-26625,16128,-14337,30573,27858,-21477,1024,1023,1024,
26,595003136,-8908,-1516,13612,-58,14,-171,-25601,16640,-13825,15144,2405,28022,1024,1022,1024,
26,1014433536,-8908,-1548,13756,-121,32,-198,-26369,15872,-15105,12775,-2899,-19889,1024,1023,1024,
26,1417086720,-9032,-1568,13668,-60,-22,-181,-26369,15360,-14081,2609,-14119,-13457,1024,1022,1024,
26,1836517120,-8848,-1228,13832,-75,-6,-178,-25089,16128,-14849,-30810,12285,21556,1024,1023,1024,
26,2255947520,-8984,-1520,13624,-96,51,-146,-24321,15360,-14081,-3106,7925,-27878,1024,1022,1024,
26,2641823488,-9072,-1248,13612,-207,149,-250,-25857,15872,-13569,9959,20924,-13983,1024,1022,1024,
26,3061253888,-8884,-1752,13660,-127,135,-219,-26369,15872,-13057,-27692,-10323,13771,1024,1022,1024,
26,3463907072,-11752,-2968,13536,332,-1077,68,-25601,15616,-14337,-11745,7550,-2265,1024,1023,1024,
26,3883337472,-8816,-1324,13612,-225,68,-290,-24833,15872,-14593,-13647,-8834,-26816,1024,1022,1024,
26,7866112,-8992,-1560,13752,-57,14,-191,-23297,16896,-14081,30599,2946,-22231,1024,1023,1024,
26,393742080,-8928,-1480,13684,-133,38,-194,-24577,15616,-14337,20618,25795,-30535,1024,1022,1024,
26,813172480,-8800,-1360,13812,-117,11,-232,-24577,16640,-14849,-16870,12941,-2093,1024,1023,1024,
26,1215825664,-8896,-1580,13780,-64,4,-216,-25601,16128,-14337,-3187,25625,-7626,1024,1023,1024,
26,1635256064,-8756,-1540,13456,-104,8,-238,-26113,16128,-14337,-4343,-11056,20983,1024,1022,1024,
26,2037909248,-8852,-1472,13572,-112,12,-210,-24577,16128,-14849,-2050,32591,-6212,1024,1022,1024,
26,2440562432,-8912,-1420,13604,-108,23,-215,-26113,16640,-14849,-26893,-12778,10370,1024,1022,1024,
26,2843215616,-8936,-1508,13564,-85,61,-205,-25601,16640,-13313,-24718,-31661,538,1024,1023,1024,
26,3262646016,-8968,-1624,13728,-114,-20,-185,-24577,16640,-13825,-20270,-10423,-21880,1024,1023,1024,
26,3682076416,-8908,-1652,13664,-88,47,-200,-25345,15872,-14593,-5181,474,12767,1024,1022,1024,
26,4084729600,-8840,-1372,13776,-80,47,-205,-25601,15104,-13825,24242,-14983,8635,1024,1023,1024,
26,192481024,-8864,-1460,13468,-100,58,-216,-26369,16384,-14593,-20578,19766,-6333,1024,1023,1024,
26,595134208,-8844,-1468,13648,-89,33,-198,-26113,17152,-14337,2918,-31454,6010,1024,1023,1024,
26,1014564608,-9072,-1448,13780,-98,-32,-205,-24577,16640,-13825,-32173,-23925,24782,1024,1023,1024,
26,1417217792,-8856,-1516,13592,-119,48,-220,-26113,15616,-14849,-15788,-15334,12866,1024,1023,1024,
26,1836648192,-8856,-1516,13816,-98,35,-183,-25601,15616,-13313,17416,-22224,-24183,1024,1022,1024,
26,2256078592,-8756,-1508,13656,-104,38,-211,-26113,15104,-13313,13738,-3954,6540,1024,1023,1024,
26,2641954560,-8844,-1444,13548,-99,74,-209,-25345,16384,-15105,-3343,25681,16651,1024,1022,1024,
26,3061384960,-8900,-1356,13608,-118,37,-217,-25089,16640,-13825,-30804,-18960,13093,1024,1022,1024,
26,3464038144,-8904,-1456,13668,-101,12,-205,-27137,16640,-13825,1799,-29525,15080,1024,1022,1024,
26,3883468544,-8904,-1492,13612,-92,32,-185,-25601,16128,-14337,-24182,32461,1921,1024,1022,1024,
26,7997184,-8836,-1400,13720,-111,50,-163,-24577,15104,-13313,22195,-14150,17086,1024,1022,1024,
26,393873152,-8848,-1456,13576,-127,27,-228,-24833,16896,-14593,-30753,21175,9757,1024,1022,1024,
26,813303552,-8920,-1504,13696,-108,49,-202,-26113,15104,-13313,25961,-26897,14258,1024,1022,1024,
26,1215956736,-9000,-1524,13572,-95,30,-215,-26625,16640,-13825,-16669,-14777,32660,1024,1022,1024,
26,1635387136,-8888,-1420,13588,-96,37,-190,-25857,15872,-14081,-28435,16363,-27156,1024,1022,1024,
26,2038040320,-8820,-1536,13668,-99,30,-213,-26625,15616,-13313,17790,2880,19577,1024,1022,1024,
26,2440693504,-8864,-1516,13488,-117,27,-201,-27393,15360,-14593,22816,252,-13208,1024,1022,1024,
26,2843346688,-8836,-1464,13700,-89,34,-212,-26369,16384,-15105,26617,-13190,1255,1024,1022,1024,
26,3262777088,-8932,-1480,13660,-97,35,-212,-24833,15872,-14081,2539,26014,-20827,1024,1023,1024,
26,3682207488,-8852,-1492,13760,-93,35,-214,-25345,15872,-13569,-230,11003,28841,1024,1022,1024,
26,4084860672,-8944,-1492,13624,-88,60,-217,-25345,15360,-13569,16487,-2030,-28251,1024,1022,1024,
26,192612096,-8968,-1536,13720,-123,19,-198,-25345,16896,-15105,-227,28056,-4659,1024,1022,1024,
26,595265280,-8988,-1544,13544,-103,21,-194,-24833,16384,-14593,-9676,11725,11856,1024,1022,1024,
26,1014695680,-8896,-1484,13792,-95,52,-208,-24577,16128,-14337,13538,-24220,-13591,1024,1022,1024,
26,1417348864,-8892,-1480,13644,-123,33,-194,-25601,15616,-14849,9724,-30100,-10030,1024,1023,1024,
26,1836779264,-8920,-1420,13680,-99,45,-212,-25601,16128,-14849,-1600,-8860,30923,1024,1022,1024,
26,2256209664,-8928,-1484,13492,-93,20,-209,-27137,15616,-13825,-21559,-17443,-14552,1024,1022,1024,
26,2642085632,-8980,-1428,13748,-106,46,-210,-26113,14592,-13313,15909,-23871,14812,1024,1022,1024,
26,3061516032,-8852,-1452,13536,-94,46,-203,-26113,16640,-13825,24897,-16735,-11885,1024,1022,1024,
26,3464169216,-8904,-1448,13808,-128,24,-224,-26113,16640,-14337,-22486,31440,14175,1024,1022,1024,
26,3883599616,-9024,-1404,13740,-89,36,-193,-25089,16128,-14337,28544,32112,-24630,1024,1022,1024,
26,8128256,-8880,-1420,13808,-91,27,-190,-25089,15616,-13313,10215,-3357,-19400,1024,1022,1024,
26,394004224,-8892,-1408,13680,-83,25,-193,-25601,16128,-13825,28725,31409,-12709,1024,1022,1024,
26,813434624,-8904,-1452,13552,-96,23,-208,-26625,15616,-13825,-9729,7365,-31802,1024,1022,1024,
26,1216087808,-8900,-1440,13784,-76,27,-201,-25857,16384,-14081,-9812,-10897,3391,1024,1022,1024,
26,1635518208,-9020,-2132,13508,177,-183,-70,-26881,16384,-15617,23912,-26755,7238,1024,1022,1024,
26,2038171392,-8984,-1436,13776,-69,69,-191,-25345,15872,-14081,-4404,13979,13494,1024,1022,1024,
26,2440824576,-8868,-1324,13624,-112,21,-190,-24577,16128,-14337,21899,-5851,-22902,1024,1022,1024,
26,2843477760,-8936,-1444,13740,-129,27,-201,-25345,15360,-14081,18762,27994,2910,1024,1022,1024,
26,3262908160,-8968,-1500,13764,-125,48,-209,-25601,15616,-15361,3116,19275,-5852,1024,1021,1024,
26,3682338560,-8832,-1428,13872,-141,74,-242,-26113,15616,-13825,-6845,-18390,-4721,1024,1022,1024,
26,4084991744,-8916,-1348,13648,-68,43,-227,-24321,14336,-15105,32360,14717,32397,1024,1021,1024,
26,192743168,-8776,-1492,13700,-131,69,-225,-26625,14592,-12801,11376,-23354,26400,1024,1022,1024,
26,595396352,-9068,-1612,13596,-204,129,-247,-24065,16640,-14337,-21884,-12822,-7900,1024,1022,1024,
26,1014826752,-8876,-1532,13700,-82,53,-223,-23809,15360,-15105,-17833,19460,22075,1024,1022,1024,
26,1417479936,-8880,-1464,13696,-103,47,-235,-24321,17408,-13569,-32395,18583,-420,1024,1021,1024,
26,1836910336,-8980,-1368,13764,-109,66,-216,-25857,16384,-14081,383,-1680,25896,1024,1022,1024,
26,2256340736,-8964,-1352,13796,-116,25,-191,-24321,16384,-14593,-4031,23080,12933,1024,1021,1024,
26,2642216704,-8892,-1492,13580,-88,23,-182,-25601,17152,-14337,-3066,26398,-18858,1024,1022,1024,
26,3061647104,-8952,-1512,13440,-73,33,-202,-24065,16128,-14849,-7314,30896,-18873,1024,1021,1024,
26,3464300288,-8960,-1472,13724,-101,64,-203,-25601,15616,-14849,32081,-22283,-29291,1024,1022,1024,
26,3883730688,-9004,-1556,13636,-132,-21,-246,-24321,16384,-13569,-13457,30969,28589,1024,1021,1024,
26,8259328,-8968,-1536,13588,-91,52,-217,-24577,15616,-14337,-30726,-15880,10908,1024,1022,1024,
26,394135296,-8904,-1456,13748,-104,3,-215,-25857,15872,-14593,-23823,9453,32306,1024,1022,1024,
26,813565696,-9016,-1416,13704,-92,33,-222,-24577,16128,-14337,19598,21061,29934,1024,1022,1024,
26,1216218880,-8944,-1484,13644,-110,39,-227,-25601,16640,-13313,1575,-22180,29074,1024,1021,1024,
26,1635649280,-8880,-1484,13632,-90,38,-188,-25601,15104,-13825,-2236,19480,-30260,1024,1022,1024,
26,2038302464,-8892,-1472,13736,-94,39,-201,-24577,16640,-13825,-18547,14031,-28885,1024,1022,1024,
26,2440955648,-8932,-1476,13632,-115,51,-195,-25601,15616,-14337,-5834,-27653,20817,1024,1022,1024,
26,2843608832,-8856,-1500,13820,-99,45,-217,-24065,15616,-13313,-3433,17199,32638,1024,1022,1024,
26,3263039232,-8852,-1472,13640,-85,43,-211,-25601,17664,-13825,601,-12923,-30951,1024,1022,1024,
26,3682469632,-8900,-1476,13784,-99,23,-216,-24321,16384,-15617,4254,10111,16715,1024,1022,1024,
26,4085122816,-8916,-1408,13552,-107,34,-194,-25345,14848,-13569,-8067,-7465,11119,1024,1022,1024,
26,209651456,-8496,-904,13588,-178,43,-223,-26113,17152,-13313,16120,18180,-25491,1024,1022,1024,
26,595527424,-8880,-1544,13440,-120,39,-214,-25601,16128,-13313,19101,-16532,-3203,1024,1022,1024,
26,1014957824,-9044,-1352,13724,-111,30,-213,-26113,14080,-14849,-13601,-23030,1060,1024,1022,1024,
26,1417611008,-8936,-1496,13836,-92,36,-216,-26625,15104,-14337,6266,-23447,3027,1024,1022,1024,
26,1837041408,-8892,-1532,13668,-86,10,-216,-24833,15872,-14593,31752,20632,-4545,1024,1022,1024,
26,2256471808,-8860,-1284,13380,-144,-19,-212,-25345,15872,-13057,5931,-15972,5206,1024,1022,1024,
26,2642347776,-8956,-1556,13768,-135,23,-197,-26369,14848,-14081,-15691,9639,-20459,1024,1022,1024,
26,3061778176,-8904,-1480,13732,-104,50,-215,-25857,15872,-13057,21293,30938,262,1024,1022,1024,
26,3464431360,-8944,-1480,13568,-112,60,-211,-26113,17152,-14337,23958,-1016,-23274,1024,1022,1024,
26,3883861760,-8952,-1484,13596,-89,66,-206,-25345,15872,-13057,-7191,31950,-1265,1024,1022,1024,
26,8390400,-8880,-1472,13660,-110,50,-192,-25089,15616,-13313,-17057,15296,175,1024,1023,1024,
26,394266368,-8960,-1556,13628,-108,25,-202,-24833,15872,-14593,8008,25199,14012,1024,1022,1024,
26,813696768,-8908,-1488,13640,-106,63,-213,-25857,17408,-14081,-20897,30142,-11432,1024,1022,1024,
26,1216349952,-8968,-1548,13672,-98,59,-170,-24577,15104,-13313,23568,25603,-16169,1024,1022,1024,
26,1635780352,-8820,-1496,13548,-105,41,-186,-24321,16896,-15105,30480,-28700,-13931,1024,1022,1024,
26,2038433536,-8808,-1560,13804,-115,14,-191,-26881,15360,-14593,27736,18876,-27203,1024,1022,1024,
26,2441086720,-8864,-1564,13672,-89,47,-227,-26369,15360,-14593,13274,-9372,-21190,1024,1022,1024,
26,2843739904,-9108,-1372,13968,-150,66,-211,-25345,15872,-14593,-14630,13374,-28866,1024,1021,1024,
26,3263170304,-8876,-1428,13744,-112,10,-215,-25345,15872,-15105,-19448,-28865,-27541,1024,1022,1024,
26,3682600704,-8780,-1544,13592,-117,41,-226,-25601,16128,-14337,-31870,23775,1633,1024,1022,1024,
26,4085253888,-8944,-1444,13632,-130,32,-207,-24833,15360,-14081,-2447,6814,10586,1024,1022,1024,
26,209782528,-8848,-1440,13608,-92,36,-203,-26369,16384,-13569,-26978,-5677,21419,1024,1022,1024,
26,595658496,-8892,-1500,13536,-95,27,-188,-24833,14848,-13569,15700,9827,26539,1024,1022,1024,
26,1015088896,-8948,-1504,13660,-124,22,-225,-25857,16384,-14593,-11288,20353,-7877,1024,1022,1024,
26,1417742080,-8900,-1416,13816,-113,43,-199,-25857,15872,-13057,8491,-18330,19528,1024,1022,1024,
26,1837172480,-8872,-1524,13804,-89,51,-206,-24833,15360,-13569,21839,-32473,16482,1024,1022,1024,
26,2256602880,-8872,-1460,13728,-91,38,-189,-25089,17152,-14337,-19769,-18011,11274,1024,1022,1024,
26,2642478848,-8836,-1388,13620,-107,11,-189,-25345,16896,-13569,-3189,24445,-9318,1024,1022,1024,
26,3061909248,-9008,-1528,13692,-104,7,-193,-24833,16384,-14593,-28700,25188,-11703,1024,1022,1024,
26,3464562432,-8844,-1452,13664,-119,34,-167,-25089,15616,-13825,-11368,18272,-17981,1024,1022,1024,
26,3883992832,-8836,-1496,13720,-116,20,-178,-24321,16384,-12545,22156,16624,32635,1024,1022,1024,
26,8521472,-8836,-1484,13708,-104,55,-177,-24833,16384,-14081,-15000,-11206,-13027,1024,1022,1024,
26,394397440,-8884,-1432,13672,-91,69,-207,-24577,17152,-14849,-16240,-10544,9006,1024,1022,1024,
26,813827840,-8836,-1476,13672,-95,51,-207,-25089,16128,-13825,26538,4408,9244,1024,1022,1024,
26,1216481024,-8924,-1460,13740,-96,45,-198,-25345,16384,-14081,-4295,12402,-11194,1024,1022,1024,
26,1635911424,-9088,-1604,14200,-8,216,-190,-24065,16128,-15873,22999,-1526,-11021,1024,1022,1024,
26,2038564608,-9160,-1424,13668,-101,33,-217,-26881,15872,-13569,13781,27043,-29473,1024,1022,1024,
26,2441217792,-8888,-1500,13784,-96,9,-199,-25345,14848,-14593,10341,12142,10328,1024,1022,1024,
26,2843870976,-8860,-1528,13684,-106,49,-237,-25345,15360,-14593,-5634,16776,830,1024,1022,1024,
26,3263301376,-8832,-1396,13844,-114,30,-210,-24321,15872,-15105,5973,1855,30694,1024,1023,1024,
26,3682731776,-8976,-1520,13792,-89,39,-223,-25601,15104,-13313,-5655,-3163,30185,1024,1022,1024,
26,4085384960,-8956,-1468,13720,-90,38,-186,-24577,16128,-13825,-7571,1917,-15197,1024,1023,1024,
26,193136384,-8932,-1480,13744,-108,-19,-205,-25089,16640,-14849,19386,25329,558,1024,1022,1024,
26,595789568,-8924,-1576,13580,-90,29,-196,-26625,14080,-14337,-9235,21709,-20538,1024,1023,1024,
26,1015219968,-8924,-1440,13568,-104,53,-217,-25857,15872,-15105,-31169,6675,-28065,1024,1022,1024,
26,1417873152,-8840,-1512,13676,-120,38,-220,-24577,16640,-13825,14227,19171,15197,1024,1023,1024,
26,1837303552,-8960,-1516,13580,-92,15,-220,-25601,16640,-14849,9697,-26522,-10036,1024,1022,1024,
26,2256733952,-8904,-1572,13472,-114,41,-193,-24577,15104,-13825,23283,-15225,-25363,1024,1022,1024,
26,2642609920,-9032,-1444,13524,-130,29,-197,-23553,16128,-14337,12294,6603,-25545,1024,1022,1024,
26,3062040320,-8964,-1520,13668,-108,24,-206,-25601,17152,-15361,31342,-27770,-13574,1024,1022,1024,
26,3464693504,-8892,-1464,13720,-93,27,-213,-25857,15872,-13057,4779,-9779,-16476,1024,1022,1024,
26,3884123904,-8916,-1508,13664,-114,58,-193,-24833,15360,-14081,-11543,28132,-5221,1024,1022,1024,
26,8652544,-8928,-1408,13672,-95,11,-195,-24833,16384,-14081,-14400,-16047,-9867,1024,1022,1024,
26,394528512,-8956,-1452,13792,-111,11,-217,-24833,16896,-14593,-22599,28392,2554,1024,1022,1024,
26,813958912,-8844,-1456,13832,-92,18,-218,-24833,16384,-14593,-21840,11302,-18843,1024,1022,1024,
26,1216612096,-8784,-1476,13684,-86,66,-241,-24321,15872,-15105,19974,-17679,19234,1024,1023,1024,
26,1636042496,-8912,-1500,13752,-96,33,-230,-25089,15104,-13313,24426,29286,20316,1024,1022,1024,
26,2038695680,-8972,-1476,13612,-99,30,-186,-25601,15616,-13825,-8681,-11397,-12384,1024,1022,1024,
26,2441348864,-9004,-1472,13652,-88,48,-221,-25857,15872,-15105,-17310,22317,3505,1024,1022,1024,
26,2844002048,-9008,-1512,13628,-124,21,-196,-25345,15360,-14593,-26879,23382,13305,1024,1022,1024,
26,3263432448,-8848,-1536,13648,-90,32,-223,-25089,16640,-13825,-12586,22877,13256,1024,1022,1024,
26,3682862848,-8976,-1500,13692,-114,29,-188,-25345,15872,-14593,-9298,9975,25649,1024,1022,1024,
26,4085516032,-8860,-1516,13584,-95,28,-202,-24321,16384,-12545,-29131,-12805,19619,1024,1022,1024,
26,210044672,-8864,-1440,13568,-107,66,-206,-25089,16640,-13825,10983,24918,10764,1024,1022,1024,
26,595920640,-8896,-1428,13720,-109,34,-196,-24833,16384,-14593,-21499,7091,-16225,1024,1022,1024,
26,1015351040,-8888,-1452,13668,-96,32,-216,-25601,15104,-14337,9125,26370,-2008,1024,1022,1024,
26,1418004224,-8920,-1584,13744,-103,53,-234,-25345,15872,-15105,-19481,-21585,-29314,1024,1023,1024,
26,1837434624,-8904,-1444,13720,-81,56,-219,-26113,14592,-12801,-5613,9657,-14573,1024,1022,1024,
26,2256865024,-8864,-1364,13740,-107,34,-199,-23297,15360,-14593,20870,32198,10952,1024,1022,1024,
26,2642740992,-8852,-1508,13684,-98,41,-224,-25601,16640,-13825,24628,-20046,-19971,1024,1022,1024,
26,3062171392,-8792,-1488,13708,-90,21,-206,-26369,15360,-15105,-144,17118,19856,1024,1022,1024,
26,3464824576,-8864,-1464,13704,-127,19,-193,-25601,16640,-13825,-3239,-28712,-14108,1024,1022,1024,
26,3884254976,-8856,-1492,13748,-118,45,-218,-26625,15616,-13825,7161,14922,-30101,1024,1022,1024,
26,8783616,-8864,-1552,13808,-108,44,-225,-24833,16896,-14593,6106,6536,23004,1024,1022,1024,
26,394659584,-8884,-1412,13716,-95,36,-214,-25089,15104,-14849,21235,8377,-29864,1024,1023,1024,
26,814089984,-8848,-1476,13724,-83,32,-234,-26625,16128,-14337,17182,12883,-26791,1024,1022,1024,
26,1216743168,-8900,-1476,13756,-75,42,-204,-26369,15872,-14081,-3966,-28964,-24252,1024,1022,1024,
26,1636173568,-8848,-1464,13612,-92,48,-188,-25601,15104,-14849,6905,-27062,-7910,1024,1022,1024,
26,2038826752,-8940,-1456,13824,-93,16,-222,-25089,15104,-13825,-24371,-27887,-9115,1024,1022,1024,
26,2441479936,-8896,-1536,13584,-102,56,-188,-25601,15104,-14849,-25895,-22109,8590,1024,1022,1024,
26,2844133120,-8936,-1488,13716,-106,19,-192,-25601,16640,-14337,-18007,12630,-18674,1024,1022,1024,
26,3263563520,-8848,-1484,13684,-95,13,-200,-26113,17152,-14337,9982,-24112,-2171,1024,1022,1024,
26,3682993920,-8896,-1528,13788,-83,50,-199,-24577,16640,-15361,25201,-17096,21385,1024,1022,1024,
26,4085647104,-8840,-1512,13700,-115,-2,-194,-24321,15872,-15105,5123,-28243,1869,1024,1022,1024,
26,210175744,-8872,-1452,13668,-103,50,-209,-26113,16128,-13825,31369,362,-28701,1024,1022,1024,
26,596051712,-8936,-1544,13572,-103,40,-192,-24577,16128,-13825,-23916,-18918,-30053,1024,1022,1024,
26,1015482112,-8776,-1524,13572,-90,46,-202,-25601,15616,-14337,20543,3693,17631,1024,1022,1024,
26,1418135296,-9048,-1484,13748,-80,28,-189,-25601,16128,-13313,21993,31318,-32683,1024,1022,1024,
26,1837565696,-8864,-1376,13824,-125,38,-193,-25089,16640,-13825,27890,24677,-11709,1024,1022,1024,
26,2256996096,-8872,-1552,13624,-98,42,-207,-25089,16640,-14849,17162,31531,6449,1024,1022,1024,
26,2642872064,-8860,-1496,13712,-106,40,-213,-24833,15360,-13057,-27105,-9042,15698,1024,1022,1024,
26,3062302464,-8852,-1436,13776,-118,11,-210,-24065,15616,-13313,1137,-10677,339,1024,1022,1024,
26,3464955648,-8936,-1480,13756,-105,31,-178,-25345,16896,-13569,-27587,-10697,-8029,1024,1022,1024,
26,3884386048,-8844,-1476,13644,-113,51,-209,-25345,15360,-13569,9897,-10369,-1045,1024,1022,1024,
26,8914688,-8936,-1416,13796,-107,33,-222,-25601,16128,-15361,-18847,10622,-13605,1024,1022,1024,
26,394790656,-8924,-1488,13728,-117,28,-200,-25345,16384,-14081,8337,15919,13162,1024,1022,1024,
26,814221056,-8888,-1472,13700,-114,57,-217,-25857,16384,-13569,-17296,-31178,-11444,1024,1022,1024,
26,1216874240,-8912,-1388,13744,-86,70,-206,-26113,14592,-13313,18396,-30788,-9653,1024,1022,1024,
26,1636304640,-8820,-1504,13628,-87,23,-209,-25089,16640,-14337,8339,-10973,-27089,1024,1022,1024,
26,2038957824,-8920,-1460,13612,-100,50,-209,-24577,15104,-14849,-4583,24367,22345,1024,1021,1024,
26,2441611008,-8940,-1420,13580,-120,55,-225,-24833,16384,-14081,13972,32060,14263,1024,1022,1024,
26,2844264192,-8908,-1668,13564,-123,30,-204,-25857,16896,-13569,-31673,28316,6024,1024,1022,1024,
26,3263694592,-8884,-1516,13640,-78,27,-196,-25345,16384,-13569,-28961,24799,5911,1024,1022,1024,
26,3683124992,-8920,-1480,13632,-94,38,-196,-25857,15360,-15105,9597,27919,19012,1024,1022,1024,
26,4085778176,-8860,-1528,13716,-97,54,-194,-26113,17152,-13313,-31634,27901,10040,1024,1022,1024,
26,193529600,-8896,-1532,13656,-108,60,-197,-26113,14592,-14337,32447,-29393,4123,1024,1022,1024,
26,596182784,-8900,-1384,13572,-99,29,-231,-25345,15872,-13057,3804,-16058,27625,1024,1021,1024,
26,1015613184,-8872,-1564,13652,-113,48,-189,-24321,15872,-14593,-7728,20654,-27214,1024,1022,1024,
26,1418266368,-8960,-1544,13584,-79,54,-198,-26369,15872,-14081,-3442,26126,-2050,1024,1022,1024,
26,1837696768,-8964,-1516,13840,-104,14,-208,-26113,16128,-13825,27703,22943,-21566,1024,1022,1024,
26,2257127168,-8872,-1512,13720,-98,34,-226,-24577,16128,-14849,-8568,-7441,28952,1024,1022,1024,
26,2643003136,-8888,-1500,13680,-95,23,-198,-25345,15872,-14593,-20860,-4754,-265,1024,1022,1024,
26,3062433536,-8872,-1552,13688,-98,56,-224,-25089,15616,-13825,-18503,25646,-7673,1024,1022,1024,
26,3465086720,-8768,-1508,13640,-116,43,-181,-25601,15616,-14337,-6063,14588,24938,1024,1021,1024,
26,3884517120,-8768,-1512,13460,-53,-38,-234,-24833,15872,-13569,-17791,5120,21121,1024,1022,1024,
26,9045760,-8868,-1484,13780,-104,12,-204,-25857,16896,-13569,-9800,26007,26423,1024,1021,1024,
26,394921728,-8908,-1380,13588,-136,23,-195,-24577,17664,-14849,4987,-23311,-3324,1024,1022,1024,
26,814352128,-8872,-1516,13756,-98,36,-168,-23297,16384,-13569,10778,-16587,21868,1024,1021,1024,
26,1217005312,-8904,-1536,13672,-96,17,-200,-25601,15104,-14849,27414,-18189,-5283,1024,1022,1024,
26,1636435712,-8892,-1464,13796,-110,55,-214,-24833,15872,-13569,19881,25144,-30631,1024,1022,1024,
26,2039088896,-8792,-1480,13672,-103,48,-208,-25089,15616,-13825,6740,-17076,-8073,1024,1022,1024,
26,2441742080,-8936,-1456,13612,-77,37,-196,-24321,15360,-14081,-10072,-22141,29076,1024,1022,1024,
26,2844395264,-8840,-1444,13764,-122,41,-206,-25089,16128,-14337,2173,27473,-11585,1024,1022,1024,
26,3263825664,-8820,-1576,13616,-112,40,-184,-24321,16896,-14081,6282,-16449,-22348,1024,1022,1024,
26,3683256064,-8912,-1444,13568,-89,23,-222,-25857,15872,-13569,-13182,3306,-27542,1024,1022,1024,
26,4085909248,-8784,-1468,13560,-124,15,-199,-25345,16384,-12545,23468,-15727,-10780,1024,1022,1024,
26,193660672,-8864,-1464,13672,-93,75,-173,-25089,16128,-13825,2581,10389,2225,1024,1022,1024,
26,596313856,-8760,-1508,13720,-85,31,-181,-24577,17152,-14849,-13479,-6295,15400,1024,1022,1024,
26,1015744256,-8880,-1512,13712,-109,43,-196,-24577,16640,-14849,7216,-16702,25432,1024,1022,1024,
26,1418397440,-8828,-1428,13548,-110,43,-184,-25601,15616,-13313,-6179,-1151,-32175,1024,1022,1024,
26,1837827840,-8876,-1572,13684,-119,-12,-236,-25857,16384,-14081,-22281,6514,16406,1024,1022,1024,
26,2257258240,-8864,-1468,13692,-101,60,-185,-25345,15360,-14081,-23154,7469,13949,1024,1022,1024,
26,2643134208,-8920,-1424,13768,-105,41,-188,-25601,16128,-14849,-1963,18385,-22015,1024,1022,1024,
26,3062564608,-8848,-1544,13736,-109,40,-189,-24577,16640,-12801,20145,130,-32517,1024,1022,1024,
26,3465217792,-8804,-1516,13704,-123,27,-224,-25345,16384,-14081,-54,26288,-3197,1024,1022,1024,
26,3884648192,-8956,-1428,13760,-116,94,-195,-24577,16640,-14849,15604,-31484,26061,1024,1022,1024,
26,9176832,-8856,-1460,13692,-122,33,-199,-25345,16384,-14593,12850,-19024,-8301,1024,1022,1024,
26,395052800,-8888,-1480,13504,-130,26,-203,-25345,16384,-13569,-14172,-24108,-855,1024,1023,1024,
26,814483200,-8768,-1144,13744,-865,686,-640,-25345,15872,-15105,-3009,-2685,-29151,1024,1022,1024,
26,1217136384,-8856,-1208,13720,-110,27,-259,-23809,16384,-15617,12682,-26220,-13089,1024,1023,1024,
26,1636566784,-9004,-1516,13680,-93,47,-206,-26113,16128,-14337,-8754,10447,-2178,1024,1022,1024,
26,2039219968,-8968,-1592,13760,-77,55,-199,-25857,15360,-12545,-25946,-20869,-22993,1024,1022,1024,
26,2441873152,-8960,-1528,13700,-117,97,-223,-25601,15616,-14337,-4911,14361,8348,1024,1022,1024,
26,2844526336,-8964,-1592,13780,-102,19,-216,-24321,14848,-13569,7257,23306,-19300,1024,1023,1024,
26,3263956736,-9032,-1484,13660,-102,21,-211,-25089,16128,-14337,7169,-13781,-4373,1024,1022,1024,
26,3683387136,-9052,-1568,13596,-97,45,-208,-25601,16128,-14849,11994,-25648,-28322,1024,1023,1024,
26,4086040320,-8952,-1484,13632,-126,49,-202,-24833,15872,-13569,14405,-31463,13770,1024,1022,1024,
26,193791744,-8956,-1600,13724,-106,41,-224,-24577,16640,-13313,-21920,11047,-15266,1024,1023,1024,
26,596444928,-9016,-1492,13748,-95,44,-181,-25345,15360,-13569,-26840,21544,-7964,1024,1022,1024,
26,1015875328,-9080,-1508,13628,-100,18,-210,-25601,16640,-13313,-19935,-17911,18263,1024,1022,1024,
26,1418528512,-8952,-1540,13444,-96,34,-229,-25345,16384,-14081,24703,31417,-9694,1024,1022,1024,
26,1837958912,-8956,-1544,13608,-100,34,-226,-25857,15872,-13057,-29357,23326,-6806,1024,1022,1024,
26,2257389312,-8904,-1472,13844,-90,35,-192,-25089,16640,-13825,-15798,-24279,-21822,1024,1022,1024,
26,2643265280,-8956,-1512,13660,-102,22,-201,-25345,16384,-14081,15338,20643,15297,1024,1022,1024,
26,3062695680,-8880,-1552,13656,-116,46,-187,-24833,16896,-13057,17803,24816,26609,1024,1022,1024,
26,3465348864,-8992,-1472,13568,-76,22,-207,-23809,15360,-15105,-11084,-26743,16956,1024,1022,1024,
26,3884779264,-8860,-1544,13580,-121,27,-195,-25089,15616,-14849,11695,-5135,-13815,1024,1022,1024,
26,9307904,-8952,-1468,13752,-122,29,-191,-23809,15360,-13569,16126,-9421,8103,1024,1022,1024,
26,395183872,-8912,-1572,13556,-120,33,-216,-25857,16384,-13569,20966,-25244,-20694,1024,1021,1024,
26,814614272,-8876,-1592,13588,-103,38,-230,-25345,16384,-14081,5636,-26204,28318,1024,1022,1024,
26,1217267456,-8828,-1556,13684,-67,58,-197,-25089,15104,-13825,-26381,-29871,4639,1024,1022,1024,
26,1636697856,-8868,-1596,13696,-103,29,-194,-25857,17408,-14593,26705,-3474,17447,1024,1022,1024,
26,2039351040,-8920,-1504,13660,-121,50,-186,-26113,15104,-13825,-28408,17392,3810,1024,1022,1024,
26,2442004224,-8868,-1504,13648,-120,21,-191,-25857,16896,-15105,15648,-17265,-1775,1024,1022,1024,
26,2844657408,-9020,-1560,13676,-125,32,-209,-25345,15360,-13057,1507,12561,-30861,1024,1020,1024,
26,3264087808,-8948,-1508,13604,-109,68,-213,-25345,16384,-14081,-25495,-15085,4453,1024,1022,1024,
26,3683518208,-8940,-1568,13812,-100,42,-181,-26113,16128,-14337,15963,1412,18281,1024,1022,1024,
26,4086171392,-8852,-1596,13660,-95,18,-200,-24833,16384,-13569,1436,-950,-12,1024,1022,1024,
26,193922816,-8952,-1500,13588,-121,29,-204,-24577,16128,-13825,-29362,2835,14459,1024,1022,1024,
26,596576000,-8884,-1528,13520,-95,34,-225,-25345,16384,-15105,23348,2369,18489,1024,1022,1024,
26,1016006400,-9028,-1508,13844,-89,35,-211,-24833,15872,-15105,-12811,16825,-23017,1024,1023,1024,
26,1418659584,-8952,-1536,13636,-107,39,-222,-25345,16384,-12545,18480,832,1316,1024,1022,1024,
26,1838089984,-8972,-1544,13628,-92,55,-212,-25857,16896,-15105,-18359,28131,9928,1024,1023,1024,
26,2257520384,-8904,-1464,13584,-90,35,-205,-25089,16640,-13825,-11422,29931,-15810,1024,1022,1024,
26,2643396352,-9048,-1500,13700,-109,23,-215,-25345,17920,-13057,-28325,30554,-32154,1024,1023,1024,
26,3062826752,-8936,-1504,13720,-94,29,-200,-23297,16384,-14081,31775,10592,-27734,1024,1022,1024,
26,3465479936,-10388,-860,15476,-337,-105,-219,-25857,16384,-13569,8187,16937,-12918,1024,1023,1024,
26,3884910336,-8996,-1704,13788,-206,-6,-203,-26369,15360,-14081,-14015,-901,5155,1024,1022,1024,
26,9438976,-9132,-1508,13692,-34,119,-194,-25089,16128,-13313,-18675,-7491,-26213,1024,1023,1024,
26,395314944,-8824,-1624,13512,-90,23,-221,-24577,16640,-13825,-23713,-14429,-18085,1024,1022,1024,
26,814745344,-8936,-1636,13660,-122,40,-195,-24833,16896,-14593,-22728,-4407,-31184,1024,1023,1024,
26,1217398528,-8900,-1592,13740,-97,49,-195,-25345,16384,-15105,-14581,-15524,-4456,1024,1022,1024,
26,1636828928,-9020,-1528,13608,-112,46,-227,-25601,15104,-14849,23869,-29222,-2587,1024,1023,1024,
26,2039482112,-8932,-1568,13604,-109,59,-207,-25857,15360,-14081,-13721,-14298,22666,1024,1022,1024,
26,2442135296,-9036,-1432,13700,-106,50,-201,-25345,16384,-15105,-31537,-19246,-6763,1024,1022,1024,
26,2844788480,-8988,-1556,13696,-92,49,-188,-24833,16896,-13569,-18655,-1116,-32522,1024,1022,1024,
26,3264218880,-9100,-1572,13564,-110,38,-222,-25857,15360,-13057,6978,20807,23719,1024,1023,1024,
26,3683649280,-8860,-1572,13696,-82,27,-213,-26369,15360,-14593,11564,-9432,-18354,1024,1022,1024,
26,4086302464,-8904,-1504,13704,-87,44,-233,-26113,16128,-13825,8529,-27998,27365,1024,1022,1024,
26,194053888,-8880,-1600,13620,-125,35,-201,-25345,16896,-13569,-22920,8467,6767,1024,1022,1024,
26,596707072,-8884,-1544,13720,-101,38,-192,-26113,17152,-14849,-27117,-8569,-27265,1024,1022,1024,
26,1016137472,-8908,-1496,13708,-116,20,-218,-25345,16896,-14593,20248,-6384,26993,1024,1022,1024,
26,1418790656,-8880,-1596,13692,-118,23,-218,-25601,15104,-14849,15930,7646,-29730,1024,1023,1024,
26,1838221056,-8856,-1420,13588,-89,51,-213,-25089,16128,-14337,-16822,-27364,28844,1024,1022,1024,
26,2257651456,-8920,-1440,13580,-98,26,-205,-24577,16128,-13313,-3278,434,1380,1024,1022,1024,
26,2643527424,-8932,-1496,13536,-97,13,-207,-24065,16128,-13313,-28943,-1437,12440,1024,1022,1024,
26,3062957824,-8868,-1520,13768,-105,20,-188,-25089,16640,-14849,30983,1943,3557,1024,1022,1024,
26,3465611008,-9028,-1548,13644,-85,30,-207,-25089,15616,-15361,-6781,-19312,29583,1024,1022,1024,
26,3885041408,-8964,-1548,13608,-94,66,-205,-25601,15104,-14849,195,9970,-26025,1024,1022,1024,
26,9570048,-8952,-1556,13724,-81,40,-184,-25345,16384,-13569,-11027,-18193,28501,1024,1022,1024,
26,395446016,-8952,-1440,13612,-98,29,-206,-24833,15872,-13057,-30575,-30501,31054,1024,1022,1024,
26,814876416,-8960,-1444,13788,-91,48,-218,-24833,16896,-13057,18303,9465,5734,1024,1023,1024,
26,1217529600,-8996,-1492,13748,-114,47,-189,-25601,14592,-13313,-14764,-13896,32086,1024,1022,1024,
26,1636960000,-8964,-1500,13656,-113,44,-208,-24833,15872,-13569,-5025,-31827,-9085,1024,1022,1024,
26,2039613184,-8824,-1520,13624,-112,42,-215,-25089,16640,-15361,-17334,-15960,9304,1024,1022,1024,
26,2442266368,-8980,-1480,13684,-103,33,-223,-25345,16384,-14593,-16601,-20453,-10380,1024,1022,1024,
26,2844919552,-8908,-1444,13676,-105,23,-199,-25857,15872,-14081,-19254,18468,606,1024,1022,1024,
26,3264349952,-8952,-1568,13692,-119,51,-184,-24833,15872,-14593,5145,7957,-9527,1024,1023,1024,
26,3683780352,-8952,-1516,13748,-98,46,-224,-25089,16128,-15361,25982,3170,-25244,1024,1022,1024,
26,4086433536,-8916,-1576,13584,-112,2,-185,-25089,16128,-14849,8848,-14478,14449,1024,1023,1024,
26,194184960,-8876,-1576,13788,-104,37,-198,-25089,16640,-14337,-16246,16902,26240,1024,1022,1024,
26,596838144,-8940,-1516,13732,-100,28,-232,-25345,14848,-14081,12037,12311,-31965,1024,1022,1024,
26,1016268544,-8908,-1572,13552,-85,35,-215,-24321,15872,-13569,-31768,-30788,-6808,1024,1022,1024,
26,1418921728,-8964,-1504,13588,-74,35,-205,-25857,15360,-15105,13211,-13272,32086,1024,1022,1024,
26,1838352128,-8876,-1592,13728,-108,31,-209,-25857,16384,-13057,-5010,-11210,-14816,1024,1022,1024,
26,2257782528,-8764,-1468,13700,-96,31,-204,-26113,16640,-12801,-30385,13547,32229,1024,1022,1024,
26,2643658496,-9128,-1676,13720,-41,9,-196,-25601,17152,-15361,7273,-8193,-30067,1024,1022,1024,
26,3063088896,-8992,-1500,13676,-127,39,-195,-24577,16128,-13825,20466,-6333,-28028,1024,1022,1024,
26,3465742080,-7340,-192,14428,709,-562,257,-26369,16896,-14081,11567,8127,-6225,1024,1022,1024,
26,3885172480,-9564,-1556,13936,-71,-132,-166,-24833,16384,-14081,16893,767,22154,1024,1022,1024,
26,9701120,-8636,-1100,13624,-542,470,-451,-26625,16128,-12289,16650,-18513,-11300,1024,1022,1024,
26,395577088,-9128,-1604,13676,-1587,1339,-991,-23809,15872,-14593,-21724,22166,-7664,1024,1022,1024,
26,815007488,-9104,-1676,13552,52,-106,-114,-25601,16128,-12289,-18185,-2045,-21022,1024,1022,1024,
26,1217660672,-8960,-1608,13680,-110,37,-201,-26113,16128,-13825,31385,-26595,15115,1024,1022,1024,
26,1637091072,-8900,-1428,13724,-131,-45,-228,-26369,16384,-14081,6612,-6473,6602,1024,1022,1024,
26,2039744256,-9036,-1628,13644,-102,27,-203,-26369,17408,-14081,19662,-21278,19183,1024,1022,1024,
26,2442397440,-8916,-1576,13560,-89,36,-181,-25089,16128,-13313,-7676,-23421,-17572,1024,1021,1024,
26,2845050624,-8884,-1508,13552,-87,160,-198,-24833,15872,-14593,13487,2563,2305,1024,1022,1024,
26,3264481024,-8964,-1580,13576,-96,63,-220,-24065,17664,-13825,17658,-16339,30563,1024,1022,1024,
26,3683911424,-8928,-1596,13584,-103,30,-234,-23553,16640,-14337,-14130,28928,-28736,1024,1022,1024,
26,4086564608,-8892,-1716,13688,-76,95,-192,-25089,16640,-13825,-21865,-21782,-28416,1024,1021,1024,
26,194316032,-8980,-1592,13564,-93,95,-179,-25089,15616,-14337,-25671,7403,19652,1024,1022,1024,
26,596969216,-8884,-1632,13468,-116,11,-203,-24833,15872,-15105,-27053,-21827,32247,1024,1022,1024,
26,1016399616,-9148,-1684,13760,-90,37,-187,-24321,16896,-14593,-16086,-10759,-4221,1024,1022,1024,
26,1419052800,-8964,-1592,13716,-112,40,-206,-25345,15360,-13057,14014,-17999,13311,1024,1022,1024,
26,1838483200,-9048,-1584,13620,-97,9,-155,-24577,16640,-13825,23124,-31860,27922,1024,1022,1024,
26,2257913600,-7308,300,13668,57,79,-394,-25601,15104,-14849,-31574,-12676,18211,1024,1021,1024,
26,2643789568,-8428,-916,13836,-1443,1181,-909,-25345,18432,-15105,-31352,-22077,-8389,1024,1022,1024,
26,3063219968,-10884,-3124,13988,-766,377,-576,-25089,15616,-14337,15805,-30158,-6695,1024,1022,1024,
26,3465873152,-8984,-1392,13764,-102,37,-215,-26113,17152,-14337,15622,-30205,-5322,1024,1022,1024,
26,3885303552,-8936,-1748,13564,-108,76,-203,-24321,16384,-15105,24137,18176,4471,1024,1022,1024,
26,9832192,-8988,-1580,13584,-108,59,-197,-25601,17664,-16385,-12979,8375,2071,1024,1022,1024,
26,395708160,-8964,-1532,13684,-129,56,-178,-25601,16640,-13825,18838,24230,9855,1024,1022,1024,
26,815138560,-8976,-1584,13684,-118,33,-200,-25089,17152,-14337,-24632,-22857,17082,1024,1022,1024,
26,1217791744,-8872,-1492,13636,-97,49,-178,-25345,16384,-14081,1127,-18405,7539,1024,1022,1024,
26,1637222144,-9008,-1464,13716,-84,48,-195,-25601,17664,-15873,-26294,24094,15504,1024,1022,1024,
26,2039875328,-8964,-1516,13508,-83,36,-206,-25857,16896,-14593,-12898,27371,-17284,1024,1022,1024,
26,2442528512,-9064,-1608,13612,-113,42,-209,-25089,17152,-13825,-28530,25453,-9995,1024,1022,1024,
26,2845181696,-8992,-1572,13816,-92,26,-214,-24833,16384,-14081,-9781,21930,21618,1024,1022,1024,
26,3264612096,-9032,-1580,13612,-99,52,-230,-24577,16640,-13313,20916,-12479,23357,1024,1022,1024,
26,3684042496,-8888,-1572,13552,-107,43,-192,-24577,16640,-14337,-17208,-326,8143,1024,1022,1024,
26,4086695680,-8844,-1700,13528,-85,16,-184,-25601,17152,-14849,4508,23611,-6579,1024,1022,1024,
26,211224320,-8876,-1576,13676,-105,40,-206,-24833,15872,-14081,27694,-29691,10804,1024,1022,1024,
26,597100288,-9028,-1644,13668,-94,24,-197,-25601,16128,-14849,-2802,6312,-4406,1024,1022,1024,
26,1016530688,-8980,-1456,13728,-114,44,-205,-25601,15616,-15361,-15541,7489,22783,1024,1022,1024,
26,1419183872,-9008,-1620,13676,-96,67,-226,-25345,16896,-14593,-30690,32674,13094,1024,1022,1024,
26,1838614272,-8996,-1596,13636,-107,43,-217,-23809,16384,-13569,-13251,21303,-1143,1024,1022,1024,
26,2258044672,-8948,-1556,13808,-114,55,-223,-22785,15872,-14081,776,9200,9566,1024,1022,1024,
26,2643920640,-9036,-1652,13740,-90,29,-214,-24321,16896,-13569,-4956,9662,-30401,1024,1022,1024,
26,3063351040,-8972,-1640,13700,-78,16,-207,-25601,18176,-13825,6212,21438,7099,1024,1022,1024,
26,3466004224,-8908,-1648,13764,-96,55,-192,-25601,17152,-14337,22778,-11057,30772,1024,1022,1024,
26,3885434624,-9104,-1540,13684,-91,68,-219,-24577,16640,-15361,-3652,8078,-5200,1024,1022,1024,
26,9963264,-8920,-1648,13464,-75,54,-201,-25089,16128,-14849,5547,14058,-31956,1024,1022,1024,
26,395839232,-8900,-1560,13692,-127,27,-211,-24321,14336,-15105,19965,-9266,21743,1024,1022,1024,
26,815269632,-8980,-1668,13560,-120,12,-206,-25089,17152,-13825,27140,30675,5745,1024,1022,1024,
26,1217922816,-9004,-1576,13708,-125,26,-194,-25089,15616,-15361,3658,24413,6321,1024,1022,1024,
26,1637353216,-8992,-1608,13672,-116,25,-184,-25857,16384,-14081,-19244,-7541,14889,1024,1021,1024,
26,2040006400,-8980,-1496,13556,-98,26,-203,-24833,16384,-14081,5696,-31950,19600,1024,1022,1024,
26,2442659584,-9092,-1568,13712,-116,47,-214,-25345,16896,-15105,19788,-30497,30726,1024,1022,1024,
26,2845312768,-8888,-1564,13600,-101,37,-207,-25857,15872,-14081,4778,1039,-22628,1024,1021,1024,
26,3264743168,-9080,-1528,13740,-102,52,-209,-23809,15360,-13569,-28055,14824,-5715,1024,1022,1024,
26,3684173568,-9032,-1544,13540,-97,22,-183,-23809,15872,-14593,2056,-32485,11358,1024,1021,1024,
26,4086826752,-8944,-1420,13676,-107,28,-194,-25345,16896,-14593,-32432,14293,16994,1024,1022,1024,
26,211355392,-8924,-1596,13576,-86,44,-217,-25345,17920,-15105,184,27915,14175,1024,1021,1024,
26,597231360,-9008,-1536,13860,-103,103,-200,-24833,15360,-13057,28891,-1618,19082,1024,1022,1024,
26,1016661760,-9008,-1624,13764,-93,44,-210,-25089,17664,-15361,28356,23973,21618,1024,1022,1024,
26,1419314944,-9004,-1596,13572,-87,28,-196,-24065,17664,-13313,17301,15155,22943,1024,1022,1024,
26,1838745344,-8896,-1528,13744,-115,59,-207,-25601,15104,-14337,-21542,-29390,26208,1024,1022,1024,
26,2258175744,-8984,-1568,13892,-119,81,-212,-25345,16384,-13057,-109,-18235,14322,1024,1022,1024,
26,2644051712,-9204,-1524,13812,-176,93,-213,-25857,16896,-14593,13569,8146,-11910,1024,1022,1024,
26,3063482112,-8972,-1568,13788,-133,36,-220,-25089,14592,-13825,20544,-4451,8858,1024,1021,1024,
26,3466135296,-11120,-5116,13112,5455,-3334,1133,-25601,15104,-14849,-4201,-9606,-26815,1024,1022,1024,
26,3885565696,-8788,360,13852,4788,2139,-10659,-25857,17408,-15105,-18468,-6915,16951,1024,1022,1024,
26,10094336,-9260,144,14184,414,493,-1382,-25089,17152,-15361,-4999,14266,-15326,1024,1023,1024,
26,395970304,-8932,-1328,13924,-120,-49,-211,-24065,17152,-13825,-17852,22699,-1480,1024,1022,1024,
26,815400704,-8852,-1396,13744,-272,88,-276,-23297,16896,-16129,-25983,12056,2936,1024,1023,1024,
26,1218053888,-9008,-1720,13528,-898,760,-660,-23809,16384,-15105,-22703,23287,-10510,1024,1022,1024,
26,1637484288,-8964,-1536,13772,-100,57,-203,-25089,16640,-15873,20819,27928,4897,1024,1022,1024,
26,2040137472,-8888,-1500,13788,-116,28,-178,-24577,16128,-14849,7055,28977,5843,1024,1022,1024,
26,2442790656,-9032,-1516,13528,-115,48,-225,-24065,17152,-14849,-21123,-27233,32634,1024,1022,1024,
26,2845443840,-8844,-1556,13580,-109,4,-209,-25345,17408,-14081,-384,13545,-4662,1024,1021,1024,
26,3264874240,-8960,-1524,13632,-91,21,-199,-25089,17664,-13825,8128,13538,-21507,1024,1022,1024,
26,3684304640,-9036,-1556,13664,-120,47,-196,-25601,16128,-14849,-264,-29823,22364,1024,1022,1024,
26,4086957824,-8980,-1528,13708,-114,41,-202,-24577,17152,-14849,-22749,3324,12044,1024,1023,1024,
26,211486464,-9016,-1540,13552,-117,54,-224,-25089,18688,-14849,31938,-1984,21270,1024,1022,1024,
26,597362432,-8980,-1504,13588,-122,26,-206,-25089,17152,-13313,7893,-4198,7305,1024,1022,1024,
26,1016792832,-8964,-1500,13596,-99,40,-212,-24065,17152,-14337,5106,9076,-11209,1024,1022,1024,
26,1419446016,-9012,-1636,13676,-114,25,-216,-25345,18432,-15105,1818,24418,23928,1024,1023,1024,
26,1838876416,-8892,-1500,13616,-125,32,-189,-23809,17920,-15617,-16719,-31531,21684,1024,1022,1024,
26,2258306816,-8924,-1592,13676,-110,24,-203,-25089,15104,-14337,14525,-17400,21329,1024,1022,1024,
26,2644182784,-8916,-1556,13524,-104,37,-214,-23297,16384,-14081,8538,22323,-29054,1024,1022,1024,
26,3063613184,-8904,-1504,13624,-100,22,-201,-25601,17152,-15361,1748,29399,-13156,1024,1022,1024,
26,3466266368,-8964,-1568,13588,-91,32,-182,-23553,16128,-14337,18361,30419,-8288,1024,1022,1024,
26,3885696768,-8872,-1504,13716,-84,53,-223,-24321,17408,-15105,12375,25932,7676,1024,1022,1024,
26,10225408,-8972,-1500,13780,-114,53,-182,-24577,17152,-14849,17400,1935,-686,1024,1021,1024,
26,396101376,-8968,-1512,13692,-105,33,-201,-25601,17664,-15873,-13463,-29974,-28732,1024,1022,1024,
26,815531776,-9012,-1468,13584,-84,62,-183,-24321,18432,-14593,-22967,11012,23776,1024,1022,1024,
26,1218184960,-8960,-1544,13604,-89,54,-203,-24321,17408,-15105,-15700,-15496,-22470,1024,1022,1024,
26,1637615360,-8876,-1528,13628,-100,29,-204,-24577,16640,-14849,-26828,25325,29012,1024,1022,1024,
26,2040268544,-8808,-1568,13632,-83,37,-203,-25345,16384,-14593,-31657,31199,-8058,1024,1022,1024,
26,2442921728,-8960,-1564,13572,-95,36,-218,-24577,17152,-14849,9891,-8911,-9978,1024,1022,1024,
26,2845574912,-8988,-1556,13532,-88,71,-211,-25857,17920,-15617,13401,-603,954,1024,1022,1024,
26,3265005312,-9028,-1484,13592,-107,27,-219,-26113,15616,-14849,19729,-6810,-22140,1024,1022,1024,
26,3684435712,-8940,-1516,13544,-94,27,-215,-25601,16640,-14849,-20514,-23044,-5121,1024,1022,1024,
26,4087088896,-8880,-1536,13712,-119,60,-210,-23809,16896,-15617,24895,-17631,-30590,1024,1022,1024,
26,211617536,-8928,-1628,13676,-97,29,-201,-24833,16384,-14593,-23922,10899,22139,1024,1022,1024,
26,597493504,-8968,-1608,13704,-85,26,-205,-24321,15872,-15105,24759,-13947,-9386,1024,1021,1024,
26,1016923904,-8972,-1532,13696,-82,44,-191,-25089,17664,-15361,3619,-14248,-24879,1024,1022,1024,
26,1419577088,-9028,-1540,13588,-106,44,-202,-24833,17408,-14081,21224,-12109,14251,1024,1022,1024,
26,1839007488,-8900,-1556,13636,-87,45,-193,-25089,17152,-13313,-1486,2277,-24141,1024,1022,1024,
26,2258437888,-8976,-1608,13664,-95,15,-196,-24321,16896,-14081,5988,-5072,-2507,1024,1021,1024,
26,2644313856,-8952,-1572,13648,-108,41,-224,-25089,17152,-14337,19606,19328,-31984,1024,1022,1024,
26,3063744256,-8908,-1572,13676,-103,20,-187,-25857,16896,-15105,8462,20886,-31065,1024,1022,1024,
26,3466397440,-8976,-1500,13596,-109,17,-189,-25089,17152,-15361,-9404,27558,-22495,1024,1022,1024,
26,3885827840,-8988,-1652,13624,-68,29,-193,-25601,17152,-14337,-20092,25227,20930,1024,1022,1024,
26,10356480,-8828,-1516,13640,-108,16,-213,-25857,15360,-14593,-10552,-30673,-14396,1024,1022,1024,
26,396232448,-8968,-1520,13676,-110,40,-201,-25089,15616,-15361,15366,-4198,3954,1024,1022,1024,
26,815662848,-8964,-1536,13588,-113,24,-179,-24833,17408,-15617,-16938,17624,-2120,1024,1022,1024,
26,1218316032,-8984,-1620,13640,-120,35,-200,-26113,17152,-14849,30105,-5752,1484,1024,1022,1024,
26,1637746432,-8928,-1492,13548,-116,37,-208,-24833,17408,-15105,-18239,11498,31600,1024,1022,1024,
26,2040399616,-8936,-1556,13604,-107,38,-185,-24065,18688,-14849,-12939,25384,8444,1024,1022,1024,
26,2443052800,-8888,-1544,13652,-94,43,-211,-25345,17920,-15105,-15028,4965,1658,1024,1022,1024,
26,2845705984,-9020,-1500,13488,-104,28,-217,-24065,17152,-15873,-6046,-22521,-3617,1024,1022,1024,
26,3265136384,-8924,-1572,13700,-107,54,-195,-25345,18432,-15617,-26225,1854,-20486,1024,1022,1024,
26,3684566784,-8880,-1572,13780,-105,24,-226,-26113,16128,-15873,26504,23204,-25635,1024,1022,1024,
26,4087219968,-8964,-1524,13728,-88,24,-213,-24065,17152,-15361,22269,-18160,28636,1024,1022,1024,
26,211748608,-8900,-1556,13680,-110,56,-200,-25345,16896,-14593,4638,-21989,-4221,1024,1022,1024,
26,597624576,-8948,-1564,13512,-110,34,-214,-25345,16896,-16129,-19021,-28663,18162,1024,1022,1024,
26,1017054976,-8952,-1556,13680,-122,42,-214,-24577,16640,-15361,28670,-5941,8478,1024,1022,1024,
26,1419708160,-8952,-1572,13796,-117,35,-200,-25857,17408,-14081,-2561,-3985,12134,1024,1022,1024,
26,1839138560,-8980,-1552,13576,-125,59,-203,-25601,17152,-15361,-25434,31132,-17259,1024,1022,1024,
26,2258568960,-8812,-1536,13548,-96,43,-199,-23553,17152,-13313,31277,32320,32169,1024,1022,1024,
26,2644444928,-8980,-1588,13696,-105,46,-197,-25345,16384,-16129,-17375,-19718,-6531,1024,1022,1024,
26,3063875328,-8940,-1564,13804,-107,26,-221,-25345,16896,-14593,-18000,25277,-23557,1024,1021,1024,
26,3466528512,-8988,-1688,13760,-126,24,-196,-26369,15872,-14593,20093,-20841,-10240,1024,1022,1024,
26,3885958912,-8928,-1628,13552,-93,-1,-194,-25345,16384,-14593,5789,20506,-23284,1024,1021,1024,
26,10487552,-8964,-1580,13684,-120,59,-202,-24833,17920,-14593,18248,-29,-17094,1024,1022,1024,
26,396363520,-8892,-1608,13628,-115,42,-201,-24321,17920,-14593,-11159,23054,-25259,1024,1022,1024,
26,815793920,-8948,-1524,13608,-105,26,-195,-24833,16384,-13569,21122,8710,26103,1024,1022,1024,
26,1218447104,-8904,-1624,13720,-97,36,-207,-26625,16128,-13313,4316,4678,-5587,1024,1021,1024,
26,1637877504,-9112,-1524,13748,-142,10,-212,-26113,18176,-15873,23453,28448,-2868,1024,1022,1024,
26,2040530688,-8976,-1540,13552,-67,62,-195,-24577,16640,-13313,7997,5432,15543,1024,1021,1024,
26,2443183872,-9088,-1572,13528,-110,3,-231,-25601,17664,-14849,24715,-26459,-30193,1024,1022,1024,
26,2845837056,-8796,-1552,13632,-101,87,-224,-24577,16128,-14337,25088,-20429,-31851,1024,1021,1024,
26,3265267456,-8912,-1596,13576,-105,85,-195,-24833,16896,-14081,12636,15861,-6669,1024,1022,1024,
26,3684697856,-8876,-1448,13712,-95,18,-227,-23809,17408,-14081,25314,-24236,-19478,1024,1021,1024,
26,4087351040,-8868,-1544,13592,-93,16,-199,-24321,17408,-14081,-7821,-676,-11915,1024,1022,1024,
26,195102464,-8920,-1588,13696,-114,32,-199,-25345,17408,-13569,2225,-16166,22494,1024,1021,1024,
26,597755648,-8844,-1528,13728,-104,60,-225,-24833,16384,-15105,-229,-1875,-10225,1024,1022,1024,
26,1017186048,-8852,-1528,13820,-96,65,-191,-25601,16128,-15361,24272,30309,-16409,1024,1022,1024,
26,1419839232,-9032,-1600,13792,-102,42,-192,-27393,17408,-13569,971,-14989,8111,1024,1022,1024,
26,1839269632,-8944,-1420,13596,-119,42,-214,-25601,17152,-14849,-13915,8829,-32245,1024,1021,1024,
26,2258700032,-8992,-1580,13584,-99,44,-203,-24833,16896,-14593,10097,-23882,30440,1024,1022,1024,
26,2644576000,-8920,-1544,13748,-112,23,-210,-25857,17408,-15105,-10674,18645,-9901,1024,1022,1024,
26,3064006400,-8932,-1640,13680,-108,39,-193,-23297,16896,-15105,-32535,22303,3079,1024,1022,1024,
26,3466659584,-8932,-1600,13648,-90,28,-199,-24833,17920,-15105,-9199,6085,13316,1024,1022,1024,
26,3886089984,-9012,-1660,13604,-94,20,-216,-25601,16640,-14337,-23620,-23488,-191,1024,1022,1024,
26,10618624,-8912,-1484,13708,-104,26,-196,-25857,17920,-14593,12216,-28306,23442,1024,1022,1024,
26,396494592,-8928,-1596,13656,-105,57,-196,-23809,17408,-15617,-24448,-12371,32379,1024,1022,1024,
26,815924992,-9060,-1480,13636,-183,346,-201,-25857,15360,-14593,6566,7627,9409,1024,1022,1024,
26,1218578176,-8808,-1536,13520,-83,62,-216,-24065,16128,-13825,-16323,2608,-29739,1024,1022,1024,
26,1638008576,-8792,-1612,13640,-112,9,-205,-25089,18688,-15873,-8055,-3435,-17890,1024,1022,1024,
26,2040661760,-8776,-1584,13492,-103,64,-202,-24577,17664,-14849,-21686,10490,-6510,1024,1022,1024,
26,2443314944,-8976,-1608,13660,-90,0,-214,-24833,16384,-13569,-26929,1283,14056,1024,1022,1024,
26,2845968128,-8848,-1264,13380,-31,-26,-238,-25345,16896,-14081,27696,-32011,13654,1024,1022,1024,
26,3265398528,-8888,-1456,13580,-62,82,-180,-25345,16896,-14593,21875,11365,-9131,1024,1022,1024,
26,3684828928,-8952,-1516,13672,-103,38,-206,-24833,16384,-15105,-3505,-10004,-24034,1024,1022,1024,
26,4087482112,-9016,-1540,13584,-97,59,-206,-25089,16128,-14849,-3677,-23573,-17997,1024,1022,1024,
26,212010752,-8948,-1556,13476,-118,55,-228,-24833,17920,-14593,11246,22045,19925,1024,1022,1024,
26,597886720,-8976,-1532,13616,-81,24,-180,-24833,17920,-14593,11902,32624,-5084,1024,1022,1024,
26,1017317120,-8908,-1476,13624,-118,30,-182,-24833,17920,-14081,-5528,-29988,-31111,1024,1022,1024,
26,1419970304,-8804,-1612,13672,-112,32,-234,-25089,18176,-15361,1536,-28899,21185,1024,1022,1024,
26,1839400704,-9004,-1560,13568,-91,28,-230,-25601,16640,-15361,20606,17005,-12711,1024,1022,1024,
26,2258831104,-8892,-1676,13648,-83,44,-217,-24833,17920,-14593,19796,2725,-26314,1024,1022,1024,
26,2644707072,-8976,-1488,13456,-88,1,-201,-24833,15872,-14081,-18842,2958,16758,1024,1022,1024,
26,3064137472,-8844,-1724,13676,-116,5,-195,-24833,16896,-14593,-4395,1197,14990,1024,1022,1024,
26,3466790656,-8964,-1544,13592,-111,51,-210,-24577,17152,-14849,-29713,7058,-15627,1024,1022,1024,
26,3886221056,-9140,-1548,13856,-122,70,-204,-23553,17152,-12801,-32528,10138,12408,1024,1022,1024,
26,10749696,-8924,-1476,13724,-69,159,-202,-25601,17152,-15361,21644,2335,4345,1024,1022,1024,
26,396625664,-9120,-1504,13672,-94,74,-204,-24065,16640,-14337,644,26272,22719,1024,1023,1024,
26,816056064,-9000,-1628,13580,-80,-4,-217,-24321,18432,-14593,7443,-29310,24728,1024,1022,1024,
26,1218709248,-8896,-1560,13672,-80,52,-200,-25601,17152,-14337,-7494,-10126,18174,1024,1022,1024,
26,1638139648,-8968,-1624,13656,-93,17,-204,-24833,17408,-14081,270,29674,-8979,1024,1022,1024,
26,2040792832,-9036,-1588,13704,-91,44,-207,-25089,17664,-13825,26610,-31242,-3378,1024,1022,1024,
26,2443446016,-8904,-1540,13676,-88,25,-233,-24065,17152,-14337,-12086,-26742,274,1024,1022,1024,
26,2846099200,-8944,-1472,13728,-112,55,-178,-25601,17152,-15873,26266,22148,-16691,1024,1022,1024,
26,3265529600,-8940,-1644,13600,-103,16,-212,-24065,17664,-14849,-24524,16041,-31891,1024,1022,1024,
26,3684960000,-9052,-1408,13792,-132,85,-209,-25345,16384,-13569,2342,-8583,-29131,1024,1022,1024,
26,4087613184,-9036,-1532,13468,-109,9,-206,-25345,16384,-14593,-13998,18134,16502,1024,1021,1024,
26,195364608,-9008,-1660,13572,-135,51,-224,-24833,17920,-14593,21672,-20888,17262,1024,1022,1024,
26,598017792,-8976,-1592,13472,-90,41,-201,-24321,16384,-15105,-22354,-8280,16787,1024,1021,1024,
26,1017448192,-8920,-1492,13704,-132,2,-185,-23553,16640,-14849,-10528,16500,18386,1024,1022,1024,
26,1420101376,-8916,-1536,13692,-100,27,-224,-26113,16128,-15873,28164,7909,-30418,1024,1022,1024,
26,1839531776,-8856,-1584,13756,-101,70,-200,-26113,17664,-14849,19651,-9923,-5988,1024,1022,1024,
26,2258962176,-8924,-1528,13672,-117,41,-194,-26113,17664,-13825,31116,10397,-26563,1024,1021,1024,
26,2644838144,-8952,-1596,13540,-104,17,-177,-25345,16896,-14081,-5413,28908,22105,1024,1022,1024,
26,3064268544,-8884,-1520,13548,-150,50,-192,-23553,17152,-14849,10088,-6345,-376,1024,1022,1024,
26,3466921728,-8964,-1500,13680,-104,55,-221,-24321,17408,-14081,-18388,30292,18963,1024,1021,1024,
26,3886352128,-8900,-1664,13560,-101,34,-222,-25857,16384,-15617,-8763,-13962,-244,1024,1022,1024,
26,10880768,-8912,-1600,13728,-111,27,-207,-24833,16896,-14593,11373,-9403,-20506,1024,1022,1024,
26,396756736,-8928,-1592,13532,-121,24,-226,-24577,17152,-14337,19280,-16036,-25316,1024,1022,1024,
26,816187136,-8952,-1648,13640,-110,46,-198,-25089,17152,-13313,15477,23280,2375,1024,1022,1024,
26,1218840320,-8940,-1516,13448,-91,60,-212,-25345,16896,-14081,-13853,29333,22767,1024,1023,1024,
26,1638270720,-8992,-1512,13624,-98,23,-220,-23297,15872,-15105,-1091,-7790,-9372,1024,1022,1024,
26,2040923904,-8992,-1568,13824,-106,34,-189,-25345,16896,-14081,7519,-29505,-9518,1024,1023,1024,
26,2443577088,-8836,-1624,13592,-98,61,-219,-24577,17152,-14849,14397,29416,10123,1024,1022,1024,
26,2846230272,-9044,-1556,13608,-118,12,-222,-25601,17152,-15361,-8995,-10744,-15098,1024,1023,1024,
26,3265660672,-8984,-1568,13608,-126,39,-206,-25089,17664,-15361,-17385,-20039,31564,1024,1021,1024,
26,3685091072,-8960,-1644,13816,-119,26,-223,-25089,16128,-13825,-28592,3526,27847,1024,1023,1024,
26,4087744256,-8984,-1568,13660,-96,18,-210,-24321,17920,-14081,22210,-25844,15853,1024,1022,1024,
26,212272896,-8912,-1520,13652,-107,24,-210,-24065,18176,-14337,20993,30931,-22181,1024,1023,1024,
26,598148864,-8908,-1572,13708,-102,69,-188,-23297,16896,-15617,8789,9592,6996,1024,1022,1024,
26,1017579264,-9020,-1508,13620,-103,40,-208,-24065,16640,-14849,27888,17875,-7977,1024,1022,1024,
26,1420232448,-8828,-1556,13596,-100,7,-226,-25601,16640,-13825,-3626,-12358,26554,1024,1022,1024,
26,1839662848,-9012,-1576,13616,-107,47,-205,-25089,17152,-14849,-18768,28865,-10163,1024,1022,1024,
26,2259093248,-8888,-1524,13508,-102,14,-229,-25601,17152,-13313,-11889,-20827,25896,1024,1022,1024,
26,2644969216,-8940,-1552,13764,-71,-4,-194,-25345,16896,-14593,-7532,6997,-20249,1024,1022,1024,
26,3064399616,-8884,-1520,13684,-108,37,-183,-23297,17408,-14081,10883,-15308,20696,1024,1023,1024,
26,3467052800,-8884,-1564,13652,-120,30,-194,-24833,16896,-14593,20243,-18366,-31847,1024,1022,1024,
26,3886483200,-8912,-1556,13648,-105,5,-239,-25345,16384,-15105,13796,16928,-30388,1024,1022,1024,
26,11011840,-8936,-1548,13648,-129,76,-203,-24833,16384,-14593,29895,1173,3970,1024,1022,1024,
26,396887808,-9016,-1476,13572,-121,14,-218,-23553,16640,-13313,-11316,-22076,-24489,1024,1022,1024,
26,816318208,-9060,-1528,13716,-101,42,-208,-24833,16896,-14081,-11490,29227,-22860,1024,1022,1024,
26,1218971392,-8580,-1280,13544,-125,48,-206,-25089,17664,-14849,4934,-29112,-17846,1024,1022,1024,
26,1638401792,-9020,-1600,13692,-105,46,-195,-23553,16640,-14337,-4259,-8346,-14204,1024,1022,1024,
26,2041054976,-8924,-1524,13544,-99,51,-177,-24065,17152,-14337,-2034,6661,27030,1024,1022,1024,
26,2443708160,-8928,-1528,13588,-116,52,-190,-24577,16640,-15361,-14593,13925,-11956,1024,1022,1024,
26,2846361344,-8924,-1568,13512,-126,25,-217,-24321,16896,-14081,30518,-11850,-24965,1024,1022,1024,
26,3265791744,-8896,-1540,13596,-97,61,-204,-26369,16384,-14593,-20356,17096,-21766,1024,1022,1024,
26,3685222144,-8948,-1548,13700,-110,31,-203,-24577,17664,-14337,4767,-15570,-24771,1024,1022,1024,
26,4087875328,-8892,-1576,13560,-105,41,-195,-24833,16384,-14081,26717,-32721,9226,1024,1022,1024,
26,212403968,-8920,-1484,13696,-109,20,-192,-25857,15872,-14081,-13385,31400,-29916,1024,1022,1024,
26,598279936,-8956,-1624,13692,-122,66,-227,-25857,17408,-14593,-32738,17666,18623,1024,1022,1024,
26,1017710336,-8904,-1592,13668,-121,24,-180,-24833,17408,-15105,17836,28654,-18878,1024,1022,1024,
26,1420363520,-8996,-1584,13600,-99,50,-224,-24321,17920,-13569,20249,15528,-30471,1024,1022,1024,
26,1839793920,-8948,-1576,13584,-90,59,-201,-24833,18432,-14593,-26774,-13308,-20011,1024,1022,1024,
26,2259224320,-9032,-1512,13660,-117,55,-211,-25857,17408,-14593,-17881,29233,15597,1024,1022,1024,
26,2645100288,-8940,-1592,13716,-102,32,-214,-24833,14848,-15617,12496,-4989,-20410,1024,1023,1024,
26,3064530688,-9080,-1588,13648,-103,65,-208,-24577,18176,-13825,21254,25891,12898,1024,1022,1024,
26,3467183872,-8980,-1540,13744,-84,39,-217,-24577,17152,-13825,-821,-23189,-17443,1024,1022,1024,
26,3886614272,-8936,-1560,13628,-90,23,-224,-24833,16896,-14081,18500,11826,7792,1024,1022,1024,
26,11142912,-9008,-1500,13756,-117,22,-223,-26113,17152,-14337,3114,19617,10322,1024,1022,1024,
26,397018880,-8924,-1552,13708,-88,27,-210,-24321,17920,-14081,26534,5726,9804,1024,1022,1024,
26,816449280,-8912,-1580,13556,-108,16,-198,-24065,17664,-14337,-32538,5731,418,1024,1022,1024,
26,1219102464,-8972,-1540,13692,-116,46,-199,-25857,17920,-15105,-6917,-11396,6111,1024,1022,1024,
26,1638532864,-8980,-1608,13768,-105,21,-188,-24577,17664,-14849,27704,5941,16247,1024,1022,1024,
26,2041186048,-9016,-1524,13656,-92,57,-203,-24321,16384,-14081,-5895,27234,7101,1024,1022,1024,
26,2443839232,-8848,-1468,13396,-110,58,-205,-24321,17408,-15105,21640,28693,17089,1024,1022,1024,
26,2846492416,-8912,-1584,13712,-95,31,-194,-23809,17408,-14081,16468,3072,5654,1024,1022,1024,
26,3265922816,-8868,-1560,13592,-110,20,-211,-24321,16896,-15105,-19103,-25923,-31228,1024,1022,1024,
26,3685353216,-8924,-1580,13504,-94,30,-219,-24833,16896,-13569,-1389,-1771,-3873,1024,1022,1024,
26,4088006400,-8860,-1500,13752,-100,27,-194,-25089,17664,-13825,30776,29078,-4388,1024,1022,1024,
26,195757824,-8960,-1528,13664,-118,42,-202,-25089,16128,-13825,-10322,-1497,21256,1024,1022,1024,
26,598411008,-8852,-1548,13628,-96,24,-205,-25089,17152,-14337,-590,-7955,2852,1024,1022,1024,
26,1017841408,-8956,-1560,13632,-101,25,-215,-25089,16128,-13825,9382,-17721,32218,1024,1022,1024,
26,1420494592,-8972,-1448,13684,-99,34,-220,-25601,18176,-15361,19573,-5568,14008,1024,1022,1024,
26,1839924992,-8904,-1544,13720,-82,15,-202,-24833,17920,-16129,7898,10236,21345,1024,1022,1024,
26,2259355392,-8984,-1552,13568,-94,55,-211,-25345,15360,-15617,-14305,4837,-17512,1024,1022,1024,
26,2645231360,-8936,-1540,13692,-92,19,-214,-25345,17920,-14593,3229,21884,3765,1024,1022,1024,
26,3064661760,-8964,-1528,13532,-101,40,-216,-25089,17664,-13825,15991,-22168,-29013,1024,1022,1024,
26,3467314944,-8940,-1572,13596,-91,37,-175,-24833,16896,-14593,1657,12873,-23850,1024,1021,1024,
26,3886745344,-8960,-1528,13740,-78,60,-232,-24833,15872,-14593,6626,3032,-12263,1024,1022,1024,
26,11273984,-8932,-1656,13620,-97,35,-190,-24577,16640,-14337,18964,13093,-32327,1024,1021,1024,
26,397149952,-8992,-1512,13652,-114,30,-196,-23809,17920,-14593,-25829,8625,-21836,1024,1022,1024,
26,816580352,-8980,-1620,13620,-116,22,-218,-24065,17152,-14337,-19994,421,14253,1024,1022,1024,
26,1219233536,-8992,-1568,13492,-95,52,-197,-24065,16640,-14849,-1871,19958,-30850,1024,1022,1024,
26,1638663936,-9012,-1444,13688,-115,42,-197,-24065,17152,-14849,-4843,14084,-21696,1024,1021,1024,
26,2041317120,-8904,-1572,13612,-109,38,-223,-24577,17152,-14337,528,6402,-28191,1024,1022,1024,
26,2443970304,-9016,-1528,13536,-114,30,-212,-25857,15872,-14593,26201,-25830,26086,1024,1021,1024,
26,2846623488,-8836,-1580,13640,-101,36,-194,-25601,17664,-13825,-20670,-21936,691,1024,1022,1024,
26,3266053888,-8804,-1544,13648,-89,9,-184,-25601,17152,-14337,-10170,4748,23072,1024,1021,1024,
26,3685484288,-8992,-1524,13820,-116,44,-187,-24833,17408,-14081,11109,-20744,-21311,1024,1022,1024,
26,4088137472,-8960,-1540,13512,-91,27,-186,-24065,15616,-13313,20738,4277,6479,1024,1021,1024,
26,212666112,-9040,-1596,13612,-124,18,-215,-24833,17408,-14593,21911,29112,17235,1024,1022,1024,
26,598542080,-8968,-1588,13608,-119,49,-205,-25089,16640,-13313,18807,29335,-7077,1024,1021,1024,
26,1017972480,-8904,-1508,13732,-101,13,-216,-25089,16128,-14849,15574,20374,-18717,1024,1021,1024,
26,1420625664,-8876,-1584,13688,-95,55,-196,-25857,16896,-14081,-31319,10040,1635,1024,1021,1024,
26,1840056064,-8904,-1488,13576,-120,42,-188,-26369,17920,-14081,2576,20198,10595,1024,1021,1024,
26,2259486464,-9012,-1616,13744,-101,21,-234,-24577,17152,-13313,28184,13332,-17060,1024,1021,1024,
26,2645362432,-8988,-1608,13592,-112,36,-217,-23553,18176,-14849,-859,26364,-2350,1024,1022,1024,
26,3064792832,-8972,-1492,13588,-110,6,-198,-24321,17408,-13569,-32746,-16801,-1435,1024,1021,1024,
26,3467446016,-8944,-1556,13588,-114,40,-189,-26113,17664,-14337,-22527,-432,23019,1024,1022,1024,
26,3886876416,-8892,-1620,13640,-134,28,-213,-24833,17408,-14081,-23364,19078,29744,1024,1022,1024,
26,11405056,-8984,-1544,13704,-93,33,-191,-25345,16384,-13569,17268,-22201,-30236,1024,1022,1024,
26,397281024,-8992,-1564,13620,-112,22,-200,-24321,17920,-14593,-8861,-21492,27443,1024,1022,1024,
26,816711424,-8892,-1592,13728,-112,33,-196,-24065,16640,-13313,-23687,-218,19305,1024,1022,1024,
26,1219364608,-9016,-1516,13652,-114,29,-211,-23553,16640,-14849,-27808,-25465,29401,1024,1022,1024,
26,1638795008,-8976,-1500,13688,-96,55,-198,-24833,17408,-14081,-14623,-32425,-30503,1024,1022,1024,
26,2041448192,-9008,-1544,13604,-106,54,-226,-24321,16384,-14081,29916,22430,6488,1024,1022,1024,
26,2444101376,-8884,-1584,13532,-98,59,-216,-24833,16384,-14081,4055,10729,17825,1024,1022,1024,
26,2846754560,-9008,-1600,13708,-117,33,-207,-24321,16896,-14593,-28953,25713,29238,1024,1022,1024,
26,3266184960,-8924,-1536,13700,-103,26,-193,-25601,16640,-14337,-29308,29305,14272,1024,1022,1024,
26,3685615360,-8988,-1560,13692,-94,50,-190,-25345,18432,-13057,-10040,21151,-29290,1024,1022,1024,
26,4088268544,-8864,-1564,13584,-89,36,-185,-26113,15616,-13825,-1269,-19332,-7503,1024,1022,1024,
26,212797184,-8960,-1488,13560,-80,63,-224,-23809,16896,-15617,-4310,26578,-13527,1024,1022,1024,
26,598673152,-8968,-1528,13592,-117,58,-203,-25089,16128,-14337,-28986,-32341,7435,1024,1022,1024,
26,1018103552,-9052,-1640,13700,-94,19,-184,-26369,16896,-13057,26629,31538,22807,1024,1022,1024,
26,1420756736,-8960,-1460,13680,-88,45,-206,-25089,16640,-13825,16617,-19751,-9668,1024,1022,1024,
26,1840187136,-8980,-1464,13612,-115,27,-221,-25345,16896,-15105,-17591,20975,-1949,1024,1022,1024,
26,2259617536,-9040,-1604,13716,-106,31,-220,-24577,17152,-14849,-11593,-27119,-14519,1024,1022,1024,
26,2645493504,-8940,-1580,13620,-111,31,-212,-24321,16896,-13057,-20254,-4587,-14413,1024,1023,1024,
26,3064923904,-9060,-1564,13592,-99,61,-200,-25345,16896,-14081,-5804,11205,-9193,1024,1022,1024,
26,3467577088,-8908,-1572,13612,-100,18,-185,-23553,17664,-15361,-27166,12814,-5255,1024,1022,1024,
26,3887007488,-8868,-1496,13584,-89,52,-206,-24833,17408,-13569,-31535,17452,27888,1024,1022,1024,
26,11536128,-8900,-1512,13840,-108,40,-213,-24833,16384,-14081,-14670,26208,32740,1024,1021,1024,
26,397412096,-8972,-1424,13368,-104,38,-225,-24577,17664,-13825,8930,-9189,-24089,1024,1022,1024,
26,816842496,-8972,-1560,13600,-103,6,-208,-24065,16640,-14337,21908,-24066,-13528,1024,1022,1024,
26,1219495680,-8944,-1624,13604,-96,30,-211,-26113,17664,-14849,-8417,9391,-29355,1024,1021,1024,
26,1638926080,-8912,-1568,13696,-113,35,-196,-24833,17408,-14593,21643,11667,-10375,1024,1022,1024,
26,2041579264,-8944,-1640,13692,-82,56,-198,-23809,17408,-13569,-7114,16977,-23196,1024,1022,1024,
26,2444232448,-8936,-1628,13488,-100,31,-212,-24577,18176,-14337,-4559,32122,-20271,1024,1021,1024,
26,2846885632,-8916,-1628,13672,-110,66,-228,-25089,17152,-13313,-1686,23441,19686,1024,1022,1024,
26,3266316032,-9008,-1556,13736,-109,19,-210,-24321,16896,-15105,-11059,-1035,12721,1024,1022,1024,
26,3685746432,-8888,-1480,13736,-128,51,-204,-25857,17408,-14593,8979,30280,19057,1024,1021,1024,
26,4088399616,-8892,-1532,13736,-93,53,-208,-25089,17152,-14849,4591,4196,-9918,1024,1022,1024,
26,212928256,-8944,-1612,13572,-87,73,-197,-25089,16640,-14337,-24140,-11850,-18052,1024,1022,1024,
26,598804224,-8972,-1624,13608,-120,46,-206,-25089,18176,-13825,-24807,-20499,-27284,1024,1022,1024,
26,1018234624,-8968,-1576,13720,-115,42,-224,-25601,16640,-13825,-1576,-32518,13951,1024,1022,1024,
26,1420887808,-8996,-1628,13556,-107,27,-181,-24833,16896,-14081,-933,26038,26147,1024,1022,1024,
26,1840318208,-8996,-1568,13708,-83,42,-210,-24321,16384,-14593,21529,-4410,-19010,1024,1022,1024,
26,2259748608,-9040,-1616,13640,-96,47,-179,-25345,16384,-13569,31499,-9685,22821,1024,1022,1024,
26,2645624576,-8996,-1528,13668,-113,21,-185,-25089,15616,-13825,23536,-19842,5229,1024,1023,1024,
26,3065054976,-8996,-1620,13680,-94,55,-214,-24065,16640,-13313,-16903,-11688,-19592,1024,1022,1024,
26,3467708160,-9004,-1620,13564,-132,53,-215,-25345,16896,-14593,-25353,-20629,16717,1024,1022,1024,
26,3887138560,-9000,-1676,13596,-57,5,-205,-23809,18944,-14081,28618,32430,-27215,1024,1022,1024,
26,11667200,-8960,-1672,13736,-77,41,-193,-25345,17920,-14593,15598,27610,-3416,1024,1022,1024,
26,397543168,-9024,-1556,13756,-101,16,-190,-25601,14592,-15361,-25520,-8667,29311,1024,1022,1024,
26,816973568,-8928,-1596,13516,-98,31,-217,-23809,16384,-13569,17508,16461,-16202,1024,1022,1024,
26,1219626752,-9016,-1476,13636,-99,45,-214,-24321,18432,-15105,-28768,24763,22031,1024,1022,1024,
26,1639057152,-8988,-1644,13568,-123,52,-226,-24321,16896,-14081,-15654,-25993,2341,1024,1023,1024,
26,2041710336,-9020,-1444,13684,-88,35,-216,-24833,16896,-14081,754,-27493,22693,1024,1022,1024,
26,2444363520,-8988,-1520,13672,-103,-11,-217,-24577,17664,-13825,-521,-25396,14920,1024,1022,1024,
26,2847016704,-8860,-1580,13712,-110,13,-200,-25345,16384,-13569,-28469,1702,-19605,1024,1022,1024,
26,3266447104,-8928,-1632,13596,-106,39,-197,-24577,17152,-15361,-15372,-5079,6615,1024,1022,1024,
26,3685877504,-9032,-1548,13632,-75,44,-225,-23553,17152,-14337,-21145,28843,11050,1024,1022,1024,
26,4088530688,-8964,-1548,13692,-93,73,-209,-25345,17920,-15105,6003,-16114,-24414,1024,1023,1024,
26,213059328,-8888,-1444,13568,-113,39,-232,-24833,17920,-13569,-2417,25435,11257,1024,1022,1024,
26,598935296,-8980,-1544,13636,-134,30,-212,-23553,16128,-14337,10762,11088,16530,1024,1022,1024,
26,1018365696,-8940,-1536,13492,-93,32,-172,-25345,16384,-14081,27664,27093,30658,1024,1022,1024,
26,1421018880,-8940,-1552,13800,-124,30,-209,-25345,17920,-14593,16396,6792,-27519,1024,1022,1024,
26,1840449280,-8992,-1696,13644,-109,35,-200,-25857,17408,-14593,15131,-21141,23422,1024,1022,1024,
26,2259879680,-8956,-1560,13672,-84,29,-216,-23553,17152,-15361,-701,28546,-25329,1024,1022,1024,
26,2645755648,-9032,-1568,13612,-94,43,-199,-24321,16896,-15105,22619,30479,-17771,1024,1022,1024,
26,3065186048,-8908,-1560,13584,-111,24,-232,-24577,16640,-13825,11238,17027,25081,1024,1022,1024,
26,3467839232,-8944,-1452,13644,-118,16,-202,-23041,17664,-13825,27621,23482,19092,1024,1022,1024,
26,3887269632,-8992,-1528,13632,-117,34,-196,-25345,17408,-14081,-1655,-20028,22934,1024,1022,1024,
26,11798272,-8792,-1556,13608,-101,30,-241,-25089,17152,-14337,-12578,-462,14224,1024,1022,1024,
26,397674240,-9108,-1652,13608,-84,44,-217,-24577,17664,-14337,-28283,14693,18871,1024,1022,1024,
26,817104640,-8960,-1608,13604,-114,77,-218,-23809,16896,-14081,-11374,12405,2123,1024,1022,1024,
26,1219757824,-8908,-1596,13672,-84,54,-205,-23553,16640,-14849,10010,24282,-32451,1024,1022,1024,
26,1639188224,-8960,-1528,13540,-90,24,-221,-24321,17920,-13569,-7908,-25264,-29092,1024,1022,1024,
26,2041841408,-9080,-1544,13620,-98,22,-193,-26113,16640,-14849,-11045,9610,-16450,1024,1022,1024,
26,2444494592,-8952,-1492,13804,-115,61,-206,-25089,16128,-15361,30093,22048,-27526,1024,1022,1024,
26,2847147776,-9016,-1512,13616,-107,29,-204,-25345,17408,-14081,28170,7188,-28807,1024,1022,1024,
26,3266578176,-8880,-1512,13676,-80,3,-201,-23041,17152,-14337,-9370,-23497,-17024,1024,1022,1024,
26,3686008576,-8948,-1596,13452,-109,23,-200,-25857,16384,-14593,-17933,4033,31659,1024,1022,1024,
26,4088661760,-8852,-1544,13784,-104,30,-216,-24833,16384,-13569,28583,2358,-3290,1024,1022,1024,
26,213190400,-8812,-1600,13568,-116,38,-208,-24833,18944,-14081,28618,-2054,-2668,1024,1022,1024,
26,599066368,-8916,-1676,13616,-115,10,-189,-25089,16128,-15361,-1140,18216,-12537,1024,1022,1024,
26,1018496768,-8944,-1592,13712,-115,33,-196,-25089,17152,-13313,31008,-2853,30534,1024,1022,1024,
26,1421149952,-8976,-1532,13660,-117,27,-190,-25601,16640,-14337,-10395,-15155,3593,1024,1022,1024,
26,1840580352,-8892,-1504,13612,-105,6,-167,-25089,16128,-16385,6150,30658,-22420,1024,1022,1024,
26,2260010752,-8948,-1572,13704,-135,21,-191,-27137,15104,-14849,-7962,14845,24240,1024,1022,1024,
26,2645886720,-8956,-1516,13640,-100,40,-189,-25089,18176,-13313,16605,-21514,-20175,1024,1022,1024,
26,3065317120,-8912,-1460,13684,-99,31,-206,-25089,16640,-14337,-27264,11206,-31993,1024,1022,1024,
26,3467970304,-8952,-1440,13772,-113,37,-184,-25345,17408,-13569,21304,-16282,6367,1024,1022,1024,
26,3887400704,-8872,-1504,13628,-98,59,-190,-25089,17152,-15873,-29431,-5921,-21817,1024,1023,1024,
26,11929344,-8932,-1576,13488,-102,32,-206,-24321,18432,-14593,-418,-32334,-9570,1024,1022,1024,
26,397805312,-8996,-1592,13632,-76,45,-176,-23297,18432,-14081,-4988,-4073,-19826,1024,1022,1024,
26,817235712,-8912,-1616,13700,-107,25,-225,-25089,16640,-14849,-20224,-27560,-18200,1024,1022,1024,
26,1219888896,-8968,-1580,13560,-125,32,-190,-24833,17920,-14593,10035,-16646,-22274,1024,1022,1024,
26,1639319296,-8972,-1620,13636,-100,12,-225,-25857,16896,-13569,20242,25671,-17092,1024,1022,1024,
26,2041972480,-9012,-1584,13628,-122,37,-222,-25857,17408,-15105,-15136,25996,-24227,1024,1022,1024,
26,2444625664,-9432,-3456,13304,211,-162,-68,-25601,16640,-15361,-32713,-20325,8181,1024,1022,1024,
26,2847278848,-9780,-2880,14064,2394,-1074,-780,-26625,17152,-14337,19515,29170,1327,1024,1022,1024,
26,3266709248,-9568,-1656,14128,1520,475,-3183,-25857,16896,-14081,449,-8883,-26493,1024,1022,1024,
26,3686139648,-10248,-3212,14320,3579,1411,-8358,-24321,18432,-14593,-14135,13230,-21469,1024,1022,1024,
26,4088792832,-7860,2844,13468,817,979,-3920,-24833,18432,-14593,17906,25497,10336,1024,1022,1024,
26,213321472,-8896,-1292,13592,-1594,1333,-1004,-25089,17152,-13825,30266,-18994,2978,1024,1022,1024,
26,599197440,-9680,-2468,13456,-166,132,-233,-25857,17920,-14593,30283,31026,-24590,1024,1022,1024,
26,1018627840,-8972,-1624,13524,-108,15,-192,-25089,17664,-14337,22888,-2635,-5111,1024,1022,1024,
26,1421281024,-8996,-1532,13636,-96,18,-228,-23809,19456,-15105,-864,-27945,26164,1024,1021,1024,
26,1840711424,-8924,-1508,13676,-132,48,-191,-25089,17664,-14337,7731,-10827,31844,1024,1022,1024,
26,2260141824,-8912,-1592,13744,-86,-6,-208,-23041,17152,-14849,-13217,-27015,-3167,1024,1021,1024,
26,2646017792,-8860,-1680,13552,-102,51,-191,-25601,17152,-15873,29804,11409,10201,1024,1022,1024,
26,3065448192,-9032,-1508,13652,-100,40,-209,-25089,18688,-14849,-7356,-20871,8369,1024,1022,1024,
26,3468101376,-8888,-1500,13656,-85,25,-208,-25601,17152,-13825,-31285,-7790,24534,1024,1021,1024,
26,3887531776,-8984,-1528,13652,-129,26,-203,-24321,17408,-15105,-20028,-8428,-13934,1024,1021,1024,
26,12060416,-8860,-1476,13540,-102,38,-212,-25857,17408,-13569,-17738,-23086,7670,1024,1022,1024,
26,397936384,-8968,-1536,13464,-102,37,-206,-25089,18176,-15361,18471,-18761,-16043,1024,1021,1024,
26,817366784,-8944,-1500,13708,-119,57,-211,-24321,16896,-15617,-13036,3819,9187,1024,1022,1024,
26,1220019968,-8972,-1568,13568,-99,15,-199,-24321,17920,-15105,21698,-15377,-24628,1024,1021,1024,
26,1639450368,-8900,-1552,13628,-86,40,-186,-25089,16128,-15361,-24503,13072,7625,1024,1021,1024,
26,2042103552,-8920,-1580,13588,-99,38,-205,-24321,18432,-15617,15959,32740,-23570,1024,1022,1024,
26,2461533952,-8964,-1596,13732,-98,57,-205,-24833,17920,-15617,-2835,-20932,-31435,1024,1022,1024,
26,2847409920,-8936,-1528,13628,-118,50,-206,-24833,16384,-15617,30860,31509,-6204,1024,1022,1024,
26,3266840320,-8896,-1560,13616,-118,34,-201,-23809,15872,-14593,-21545,-12770,-14903,1024,1022,1024,
26,3686270720,-8948,-1516,13736,-113,48,-205,-24577,16640,-13825,11427,-18525,-17047,1024,1022,1024,
26,4088923904,-8896,-1608,13548,-96,20,-209,-25089,18176,-14849,18901,-31044,11081,1024,1022,1024,
26,213452544,-8852,-1456,13664,-125,50,-210,-26369,17920,-15105,32411,-19314,-4880,1024,1022,1024,
26,599328512,-8952,-1488,13580,-125,18,-206,-24833,17408,-14593,14150,-31501,-1100,1024,1022,1024,
26,1018758912,-9032,-1516,13672,-103,27,-185,-23297,18944,-15105,-23886,-5456,27069,1024,1022,1024,
26,1421412096,-8940,-1488,13716,-114,44,-195,-25345,17920,-14593,16738,-16352,5819,1024,1022,1024,
26,1840842496,-8944,-1496,13556,-112,48,-228,-24577,16640,-15361,-32263,-31486,-8915,1024,1022,1024,
26,2260272896,-8960,-1524,13644,-95,26,-218,-25089,17664,-14849,-12749,6146,24524,1024,1022,1024,
26,2646148864,-8896,-1560,13592,-124,24,-198,-25089,17664,-14337,3533,-15871,26015,1024,1022,1024,
26,3065579264,-8892,-1512,13720,-112,25,-235,-25601,18688,-13825,-1843,-30220,-32120,1024,1022,1024,
26,3468232448,-8952,-1456,13564,-116,52,-198,-23553,16640,-14849,-17819,19592,12839,1024,1022,1024,
26,3887662848,-8944,-1568,13540,-120,48,-198,-24833,17408,-13569,20170,-1516,25318,1024,1022,1024,
26,12191488,-8964,-1488,13628,-92,46,-206,-25857,18432,-14593,-16402,14614,-27696,1024,1022,1024,
26,398067456,-8868,-1500,13680,-94,20,-202,-25089,17152,-13825,-14039,-12660,-7917,1024,1022,1024,
26,817497856,-8960,-1532,13844,-101,77,-197,-25601,18176,-15361,21038,4257,30790,1024,1023,1024,
26,1220151040,-9016,-1568,13544,-106,32,-222,-23809,17408,-14593,-31540,31057,-28545,1024,1022,1024,
26,1639581440,-8892,-1552,13640,-128,41,-208,-25857,17920,-15617,-23142,11077,-31811,1024,1022,1024,
26,2042234624,-8876,-1568,13620,-115,46,-218,-24577,15616,-13313,1965,-20045,-900,1024,1022,1024,
26,2461665024,-8848,-1584,13576,-93,55,-225,-25345,17920,-14081,-6448,-29091,-28736,1024,1022,1024,
26,2847540992,-8916,-1508,13596,-103,46,-205,-25857,15872,-13569,-28286,-31992,-31380,1024,1022,1024,
26,3266971392,-8940,-1480,13656,-109,40,-207,-25089,17152,-14849,32545,-21869,16993,1024,1022,1024,
26,3686401792,-8872,-1472,13544,-107,26,-233,-25345,17408,-14593,10431,19594,14418,1024,1022,1024,
26,4089054976,-8980,-1596,13584,-103,48,-202,-24321,18432,-15105,-13007,-2289,7978,1024,1022,1024,
26,213583616,-8932,-1492,13512,-102,33,-200,-25601,17664,-15873,17967,-4300,-3694,1024,1022,1024,
26,599459584,-8880,-1536,13708,-76,27,-214,-25345,16384,-15105,-13043,-17676,3691,1024,1022,1024,
26,1018889984,-8912,-1488,13700,-94,49,-214,-24577,18176,-13313,15033,2754,-1330,1024,1021,1024,
26,1421543168,-8988,-1496,13704,-95,21,-213,-24577,15104,-14849,10315,3868,13286,1024,1022,1024,
26,1840973568,-8988,-1544,13684,-118,64,-190,-24833,18432,-15617,-32705,11922,-23897,1024,1022,1024,
26,2260403968,-8964,-1444,13688,-95,35,-234,-24577,17152,-14337,10082,23013,-28551,1024,1022,1024,
26,2646279936,-8828,-1548,13636,-108,47,-199,-24833,15872,-14081,-31654,13185,-29463,1024,1022,1024,
26,3065710336,-8992,-1692,13604,-86,17,-209,-24833,17920,-14081,-25071,-870,-30707,1024,1021,1024,
26,3468363520,-8936,-1512,13652,-108,32,-197,-23809,18432,-15105,-26113,-16708,22863,1024,1022,1024,
26,3887793920,-9012,-1596,13688,-135,57,-208,-24065,16640,-13825,8650,-26546,13428,1024,1021,1024,
26,12322560,-8896,-1540,13596,-104,11,-196,-24065,16640,-14849,-7014,21898,5227,1024,1022,1024,
26,398198528,-9044,-1540,13624,-98,65,-198,-24577,18688,-13825,-20935,16281,-30776,1024,1021,1024,
26,817628928,-8908,-1504,13692,-107,40,-226,-24577,17664,-13825,25131,-19564,24339,1024,1022,1024,
26,1220282112,-9044,-1524,13564,-95,39,-176,-23809,17920,-15617,5214,-12508,27931,1024,1022,1024,
26,1639712512,-8916,-1656,13740,-116,32,-225,-24577,18176,-13825,25697,-5620,-9043,1024,1022,1024,
26,2042365696,-8924,-1548,13540,-111,56,-202,-25345,17408,-15105,-32182,25425,-20849,1024,1022,1024,
26,2445018880,-8884,-1552,13584,-91,51,-232,-24577,17152,-15361,22130,8203,-5026,1024,1022,1024,
26,2847672064,-8832,-1492,13548,-90,23,-207,-24833,16896,-15105,16706,-27459,3439,1024,1021,1024,
26,3267102464,-9008,-1536,13656,-100,23,-202,-24065,17664,-14849,12620,13579,5118,1024,1021,1024,
26,3686532864,-8984,-1468,13672,-83,29,-201,-25089,18176,-14849,15037,32410,3230,1024,1022,1024,
26,4089186048,-9000,-1472,13552,-116,45,-194,-23553,18176,-14337,-25274,-614,13428,1024,1022,1024,
26,213714688,-8880,-1596,13552,-112,29,-173,-23041,18688,-15873,24028,22349,14644,1024,1022,1024,
26,599590656,-8960,-1532,13556,-96,20,-195,-24065,17664,-14849,-14319,1274,29601,1024,1022,1024,
26,1019021056,-8872,-1512,13652,-88,28,-181,-25345,19456,-14081,8217,37,14305,1024,1021,1024,
26,1421674240,-8956,-1552,13712,-133,39,-221,-23553,18688,-13825,-14899,-19126,7178,1024,1022,1024,
26,1841104640,-8948,-1412,13476,-115,25,-211,-24833,17408,-14081,1618,7449,-31649,1024,1022,1024,
26,2260535040,-9032,-1528,13664,-107,56,-199,-25857,17920,-15617,6389,9269,-14079,1024,1023,1024,
26,2646411008,-8956,-1636,13728,-84,68,-211,-23297,16896,-15617,1798,-15212,32,1024,1022,1024,
26,3065841408,-8948,-1508,13736,-91,68,-211,-25857,17920,-15105,29590,-15494,-28566,1024,1022,1024,
26,3468494592,-8872,-1452,13648,-86,51,-195,-24833,17408,-16129,12265,7785,-19123,1024,1022,1024,
26,3887924992,-8912,-1536,13692,-80,33,-201,-24833,17408,-15617,-3535,4765,15999,1024,1022,1024,
26,12453632,-8976,-1444,13552,-85,42,-206,-25089,17152,-13825,-13430,29912,20514,1024,1022,1024,
26,398329600,-8900,-1572,13608,-98,23,-191,-24833,16384,-16129,12846,10588,2852,1024,1023,1024,
26,817760000,-8928,-1580,13548,-100,46,-197,-22785,17920,-14593,-27173,29790,6679,1024,1022,1024,
26,1220413184,-8892,-1560,13608,-112,37,-216,-24833,16384,-14081,-24504,30261,-5301,1024,1023,1024,
26,1639843584,-8880,-1540,13592,-106,39,-230,-25089,16128,-13825,-16838,-5300,-6485,1024,1022,1024,
26,2042496768,-8980,-1552,13656,-113,33,-204,-26369,17408,-16129,-32153,19298,-9025,1024,1022,1024,
26,2445149952,-8888,-1544,13716,-120,20,-216,-24321,17408,-15617,13183,3504,-13321,1024,1022,1024,
26,2847803136,-8964,-1564,13676,-112,21,-189,-26113,16128,-14849,-4078,25866,-18751,1024,1023,1024,
26,3267233536,-8900,-1552,13636,-105,30,-187,-23553,19712,-15361,-7594,8739,-5267,1024,1022,1024,
26,3686663936,-8932,-1512,13696,-94,51,-219,-24833,17408,-15617,-1874,2801,-1979,1024,1023,1024,
26,4089317120,-8888,-1568,13816,-100,62,-191,-25345,16896,-15105,12652,-9326,28702,1024,1022,1024,
26,197068544,-28356,-23992,6188,8020,-7402,5002,-26113,17152,-13825,4473,-7054,4945,1024,1023,1024,
26,599721728,-10596,-11052,8960,-2290,-3496,-3188,-24833,18432,-16129,-7478,28580,-15428,1024,1022,1024,
26,1019152128,-6372,-1048,11284,-1242,3278,801,-23809,17408,-13569,32340,4974,-9979,1024,1023,1024,
26,1421805312,-8084,-2456,12932,1203,-1340,625,-24577,18176,-14337,1502,-7872,22864,1024,1022,1024,
26,1841235712,-8532,-812,13816,424,-421,69,-25345,18432,-15105,22761,30314,27428,1024,1022,1024,
26,2260666112,-8788,-1136,13748,-1045,891,-723,-25601,17152,-14337,-14719,21389,-27204,1024,1022,1024,
26,2646542080,-9448,-2100,13284,-761,581,-574,-25089,18176,-15361,30935,11437,21830,1024,1023,1024,
26,3065972480,-9368,-2024,13420,480,-476,116,-25089,18176,-15361,10120,7250,3579,1024,1022,1024,
26,3468625664,-8736,-1348,13672,376,-393,34,-26369,17920,-16641,6433,-2815,-15551,1024,1023,1024,
26,3888056064,-8752,-1380,13584,-433,354,-418,-25601,16128,-14849,251,4987,10126,1024,1022,1024,
26,12584704,-9180,-1900,13548,-465,342,-398,-24065,17152,-15361,-30125,23042,-29098,1024,1022,1024,
26,398460672,-9176,-1740,13608,116,-137,-62,-25857,17920,-14593,21531,3314,6039,1024,1021,1024,
26,817891072,-8948,-1440,13524,112,-158,-68,-24833,17408,-15105,32663,-3570,12488,1024,1023,1024,
26,1220544256,-8964,-1476,13608,-269,152,-272,-24833,16896,-15105,-12382,11895,-17450,1024,1022,1024,
26,1639974656,-9144,-1664,13552,-243,167,-290,-25089,18688,-14849,-1564,-27065,10227,1024,1023,1024,
26,2042627840,-9200,-1660,13744,6,-68,-134,-23809,17920,-15105,30018,4944,-27202,1024,1023,1024,
26,2445281024,-9008,-1500,13552,-28,-24,-194,-23809,17408,-14593,1240,-19247,-23330,1024,1022,1024,
26,2847934208,-8940,-1468,13660,-185,88,-264,-25345,17408,-14593,-1375,-29277,24586,1024,1023,1024,
26,3267364608,-9040,-1656,13472,-162,88,-222,-25601,17664,-14849,-2731,21384,19484,1024,1023,1024,
26,3686795008,-9024,-1572,13532,-51,14,-167,-24321,18944,-15617,437,-16874,11275,1024,1022,1024,
26,4089448192,-9104,-1596,13744,-64,27,-172,-25089,17152,-14337,21056,-22003,21063,1024,1023,1024,
26,197199616,-9072,-1612,13460,-152,74,-250,-24577,17664,-13313,29740,-13654,1452,1024,1022,1024,
26,599852800,-8992,-1680,13696,-102,32,-207,-24577,17152,-14337,-24540,14023,-28394,1024,1023,1024,
26,1019283200,-9036,-1644,13540,-77,-2,-192,-25857,17408,-14593,-14990,-6759,-12459,1024,1022,1024,
26,1421936384,-9044,-1636,13460,-92,57,-192,-24321,17920,-15617,-32569,3452,-4410,1024,1023,1024,
26,1841366784,-9064,-1604,13548,-126,59,-196,-24833,17920,-16129,11818,4620,2011,1024,1022,1024,
26,2260797184,-9072,-1540,13616,-91,57,-178,-24321,17408,-14593,-2441,-19672,13308,1024,1023,1024,
26,2646673152,-8916,-1648,13420,-126,22,-190,-25089,17664,-13825,11834,-25221,-28685,1024,1022,1024,
26,3066103552,-8956,-1620,13704,-87,42,-200,-26113,17664,-14849,10476,26216,-31967,1024,1023,1024,
26,3468756736,-9012,-1516,13528,-95,17,-222,-26369,16896,-14593,30122,13254,21605,1024,1022,1024,
26,3888187136,-9064,-1584,13540,-113,36,-213,-24321,18432,-15105,-31231,18783,-12412,1024,1023,1024,
26,12715776,-8996,-1492,13636,-118,46,-187,-25345,17408,-13569,-28731,22719,9472,1024,1022,1024,
26,398591744,-9052,-1652,13720,-105,46,-211,-24065,18176,-14337,-5489,-29361,20026,1024,1022,1024,
26,818022144,-9028,-1612,13692,-106,33,-226,-23809,16896,-16129,30977,-1320,-25387,1024,1023,1024,
26,1220675328,-9040,-1736,13568,-103,23,-200,-23553,17152,-15873,-30040,-22310,-29416,1024,1022,1024,
26,1640105728,-8972,-1620,13692,-77,51,-207,-25345,16896,-14593,-22446,17014,7503,1024,1022,1024,
26,2042758912,-9068,-1500,13760,-124,21,-197,-25345,17920,-14593,23541,32663,-6897,1024,1022,1024,
26,2445412096,-9152,-1596,13624,-117,35,-190,-23809,18432,-15105,-6231,-19704,27400,1024,1022,1024,
26,2848065280,-8988,-1580,13536,-94,35,-217,-23809,17920,-14593,-21452,5760,26777,1024,1022,1024,
26,3267495680,-9092,-1664,13608,-108,57,-215,-23809,16896,-16129,23634,23741,-18178,1024,1022,1024,
26,3686926080,-9076,-1568,13528,-108,19,-201,-24833,16896,-14593,20116,-28513,-17425,1024,1022,1024,
26,4089579264,-9052,-1640,13608,-100,49,-211,-24577,19200,-13825,-8210,11363,-7333,1024,1022,1024,
26,197330688,-9008,-1596,13620,-78,65,-213,-25345,17408,-16129,-24307,-31444,-25626,1024,1022,1024,
26,599983872,-9088,-1624,13580,-88,5,-212,-23553,18688,-15873,12564,18032,-23073,1024,1022,1024,
26,1019414272,-9008,-1620,13616,-108,63,-208,-24321,17408,-14593,31494,-27541,5219,1024,1022,1024,
26,1422067456,-9000,-1616,13596,-97,50,-216,-24065,17152,-14337,8809,-8024,-11839,1024,1022,1024,
26,1841497856,-9124,-1564,13548,-95,-11,-208,-24065,18688,-14849,28464,-32626,-2441,1024,1022,1024,
26,2260928256,-9012,-1600,13744,-90,35,-202,-24833,16896,-15105,12324,15643,-356,1024,1022,1024,
26,2646804224,-9120,-1556,13464,-106,60,-211,-25089,17664,-14849,-10046,-16541,8276,1024,1022,1024,
26,3066234624,-9020,-1556,13572,-112,61,-205,-23553,18176,-15873,6415,-11743,-24999,1024,1022,1024,
26,3468887808,-8968,-1580,13648,-91,23,-223,-25857,18432,-14593,-692,10423,19779,1024,1022,1024,
26,3888318208,-8976,-1604,13544,-95,24,-202,-24833,19456,-15617,12043,-14445,-26094,1024,1022,1024,
26,12846848,-9060,-1572,13540,-105,37,-203,-24321,17408,-15105,9691,4241,21658,1024,1022,1024,
26,398722816,-9008,-1672,13592,-101,21,-187,-25345,16384,-14081,-32019,-19136,10242,1024,1022,1024,
26,818153216,-9028,-1596,13672,-102,61,-201,-24321,17408,-15105,25357,13289,-17387,1024,1022,1024,
26,1220806400,-8944,-1540,13456,-94,36,-241,-23809,17920,-15617,-21076,-31239,16406,1024,1022,1024,
26,1640236800,-9016,-1664,13680,-84,60,-214,-24321,18432,-14593,-25455,-30444,4415,1024,1022,1024,
26,2042889984,-8992,-1528,13680,-119,61,-195,-25089,18176,-15873,30510,-13978,27077,1024,1022,1024,
26,2445543168,-8964,-1536,13588,-104,32,-213,-25345,17408,-16129,-15385,-25240,11806,1024,1021,1024,
26,2848196352,-9044,-1584,13664,-122,22,-193,-24065,17152,-14337,30595,-32059,22896,1024,1022,1024,
26,3267626752,-8936,-1580,13520,-105,11,-219,-24321,16896,-15105,-30961,28121,-28261,1024,1022,1024,
26,3687057152,-9076,-1612,13512,-99,48,-206,-24065,17664,-15873,-2555,-4353,22234,1024,1022,1024,
26,4089710336,-9012,-1588,13532,-101,26,-205,-23297,18432,-15105,-14343,-14558,-23273,1024,1022,1024,
26,197461760,-9024,-1540,13548,-81,30,-203,-24833,18432,-14593,6009,20303,7672,1024,1022,1024,
26,600114944,-9036,-1608,13520,-103,38,-202,-24321,18944,-14081,-13838,-13277,-16661,1024,1022,1024,
26,1019545344,-9028,-1608,13604,-112,51,-219,-25857,17920,-15617,-7474,-898,27902,1024,1022,1024,
26,1422198528,-8968,-1624,13460,-115,51,-198,-25345,16384,-16129,-6236,-2546,-14089,1024,1021,1024,
26,1841628928,-9012,-1552,13552,-98,31,-183,-25857,17920,-15105,-49,10210,11052,1024,1022,1024,
26,2261059328,-9008,-1584,13520,-111,58,-206,-24577,17152,-14337,-26599,-26333,26987,1024,1022,1024,
26,2646935296,-9032,-1576,13724,-96,-13,-215,-24577,17664,-14337,-19653,4802,-18829,1024,1022,1024,
26,3066365696,-9008,-1660,13544,-103,55,-194,-24321,17408,-15105,-11242,-29205,23298,1024,1022,1024,
26,3469018880,-9076,-1564,13532,-98,43,-221,-23553,17664,-13825,-22876,430,-5640,1024,1022,1024,
26,3888449280,-9076,-1664,13460,-87,38,-210,-25089,17664,-15361,-13853,-4784,-14976,1024,1021,1024,
26,12977920,-9084,-1528,13660,-95,42,-232,-25345,16384,-15105,-934,-21454,-23174,1024,1022,1024,
26,398853888,-8944,-1536,13572,-120,32,-198,-23297,17920,-13057,-30597,18048,17150,1024,1021,1024,
26,818284288,-9072,-1608,13460,-122,50,-210,-24833,17408,-14081,-600,-14952,-22249,1024,1022,1024,
26,1220937472,-9020,-1612,13504,-102,35,-205,-24833,16384,-13569,-14531,-28427,20342,1024,1021,1024,
26,1640367872,-9068,-1572,13696,-108,33,-202,-24577,16640,-15361,5057,3474,12295,1024,1022,1024,
26,2043021056,-9060,-1660,13484,-86,51,-189,-25857,16384,-15105,20302,18823,-28639,1024,1022,1024,
26,2445674240,-8952,-1592,13692,-113,42,-184,-25345,18432,-14593,-4371,13542,9460,1024,1022,1024,
26,2848327424,-8928,-1512,13604,-106,56,-209,-24065,17664,-15873,22407,13558,20442,1024,1022,1024,
26,3267757824,-9004,-1604,13460,-116,31,-200,-25345,17920,-14081,-21333,-20606,7369,1024,1022,1024,
26,3687188224,-9088,-1616,13484,-101,15,-196,-25345,18432,-14081,-26667,14329,-30458,1024,1022,1024,
26,4089841408,-9100,-1624,13500,-84,41,-187,-23809,18432,-14593,-4532,-4437,-14827,1024,1022,1024,
26,197592832,-9188,-1636,13568,-106,47,-185,-25601,18176,-15873,8478,30695,15003,1024,1022,1024,
26,600246016,-9196,-1540,13692,-111,-12,-228,-24321,18432,-15105,26163,31205,-4205,1024,1022,1024,
26,1019676416,-9048,-1632,13632,-94,65,-212,-24321,18432,-14593,-13417,-13942,7328,1024,1022,1024,
26,1422329600,-9064,-1652,13772,-88,66,-215,-25601,16640,-13825,-31411,-30811,31775,1024,1022,1024,
26,1841760000,-9124,-1676,13696,-119,15,-224,-24577,16640,-14337,-23302,-18361,20685,1024,1023,1024,
26,2261190400,-9012,-1664,13656,-103,109,-188,-26369,18432,-14593,-28655,22677,29607,1024,1022,1024,
26,2647066368,-9040,-1620,13688,-140,18,-224,-26113,17152,-14337,11552,19119,-1302,1024,1022,1024,
26,3066496768,-9032,-1556,13624,-142,10,-214,-24321,16384,-15105,19667,28144,32755,1024,1022,1024,
26,3469149952,-9032,-1632,13552,-152,28,-209,-24833,17920,-15617,31452,19902,-16289,1024,1023,1024,
26,3888580352,-8620,-1600,13172,98,311,-165,-23553,18176,-13825,-18931,11804,24398,1024,1022,1024,
26,13108992,-9196,-1596,13744,-93,63,-203,-23809,18432,-15105,18504,-23170,4261,1024,1023,1024,
26,398984960,-9036,-1516,13464,-93,63,-182,-24577,16128,-14849,26294,-28323,-29354,1024,1022,1024,
26,818415360,-9076,-1624,13468,-88,25,-208,-26113,16640,-15361,6510,-18988,4186,1024,1022,1024,
26,1221068544,-8964,-1616,13540,-125,22,-209,-24321,18944,-15617,-19642,-9030,-6501,1024,1022,1024,
26,1640498944,-8984,-1604,13580,-139,44,-216,-25345,17408,-16641,-5346,14211,17020,1024,1023,1024,
26,2043152128,-9068,-1600,13568,-98,54,-212,-24065,17152,-13825,-27169,-4842,24516,1024,1022,1024,
26,2445805312,-9052,-1576,13588,-104,43,-208,-25601,18176,-15873,-27408,9339,20450,1024,1022,1024,
26,2848458496,-9056,-1696,13524,-87,-6,-219,-25345,16384,-15617,-13824,27536,-1977,1024,1022,1024,
26,3267888896,-8960,-1672,13592,-105,22,-224,-24577,17664,-14849,-21826,-17443,-9736,1024,1022,1024,
26,3687319296,-8964,-1584,13548,-99,14,-217,-24321,17920,-14081,-16315,-31842,32250,1024,1022,1024,
26,4089972480,-9040,-1484,13500,-103,27,-205,-25089,17664,-14849,2064,-29331,-31421,1024,1022,1024,
26,197723904,-9124,-1564,13552,-82,-16,-212,-24065,17152,-14337,1161,25801,-29629,1024,1022,1024,
26,600377088,-9064,-1616,13560,-123,12,-190,-24321,17920,-14081,8949,19026,-28979,1024,1022,1024,
26,1019807488,-9008,-1592,13568,-107,16,-211,-23297,16384,-14081,16608,26218,-28895,1024,1022,1024,
26,1422460672,-8992,-1640,13460,-83,26,-214,-24321,19456,-14593,23585,16878,12820,1024,1022,1024,
26,1841891072,-8984,-1604,13660,-120,48,-201,-25857,18432,-14593,28397,-7327,8109,1024,1021,1024,
26,2261321472,-8956,-1616,13648,-118,37,-213,-24833,18432,-16129,-16254,13236,13938,1024,1022,1024,
26,2647197440,-9004,-1544,13536,-105,70,-205,-24321,17920,-15105,13052,-29484,-16018,1024,1021,1024,
26,3066627840,-9088,-1516,13532,-90,39,-199,-24833,18432,-15105,-16334,-20198,13643,1024,1022,1024,
26,3469281024,-8996,-1716,13544,-94,37,-203,-24833,17920,-14081,-25457,5366,-13444,1024,1022,1024,
26,3888711424,-9024,-1600,13424,-108,48,-210,-23809,17920,-15105,23534,14307,-7345,1024,1022,1024,
26,13240064,-8980,-1588,13616,-106,50,-197,-23809,17920,-15105,-944,-23322,4947,1024,1022,1024,
26,399116032,-9084,-1608,13608,-101,25,-189,-24833,16384,-15617,22521,25167,-887,1024,1022,1024,
26,818546432,-9016,-1564,13504,-116,37,-199,-24577,16640,-15361,-16271,21788,28973,1024,1022,1024,
26,1221199616,-9020,-1632,13584,-107,41,-195,-23809,16896,-13057,6026,10412,24688,1024,1022,1024,
26,1640630016,-9064,-1584,13612,-121,45,-199,-25089,18176,-15361,8700,27775,19857,1024,1023,1024,
26,2043283200,-9016,-1704,13564,-101,16,-217,-24065,18688,-15361,-20182,-6733,31177,1024,1022,1024,
26,2445936384,-8980,-1620,13452,-104,57,-205,-24833,18944,-13569,-10368,12797,-26970,1024,1022,1024,
26,2848589568,-8956,-1620,13548,-119,50,-218,-23041,18176,-15873,3979,7395,11995,1024,1022,1024,
26,3268019968,-8948,-1596,13660,-103,6,-214,-24833,18432,-16641,-6295,20802,6398,1024,1023,1024,
26,3687450368,-9096,-1664,13572,-108,41,-206,-24321,17920,-16129,-30408,22931,-29948,1024,1022,1024,
26,4090103552,-9084,-1612,13404,-93,49,-202,-24833,17920,-15617,18320,1965,9311,1024,1023,1024,
26,197854976,-9064,-1708,13504,-91,71,-205,-24577,17152,-15361,-24350,24288,-27913,1024,1022,1024,
26,600508160,-8952,-1564,13516,-85,45,-190,-23553,17664,-14337,8298,17749,7739,1024,1023,1024,
26,1019938560,-8988,-1572,13584,-126,42,-210,-25857,18432,-14081,-7082,32519,1563,1024,1022,1024,
26,1422591744,-9004,-1616,13692,-108,36,-227,-23809,17920,-14593,5700,1368,-29591,1024,1023,1024,
26,1842022144,-9028,-1548,13544,-95,57,-215,-24065,17152,-15873,-14359,-17813,28120,1024,1022,1024,
26,2261452544,-8924,-1624,13648,-112,11,-212,-25089,17152,-14337,-12636,4818,-10689,1024,1023,1024,
26,2647328512,-9092,-1696,13704,-91,36,-223,-24577,18176,-15873,24635,6669,326,1024,1023,1024,
26,3066758912,-9052,-1836,13428,-108,31,-189,-23553,17664,-15873,17869,25969,12192,1024,1023,1024,
26,3469412096,-9004,-1464,13540,-92,33,-221,-25089,16640,-13313,24668,32696,-10223,1024,1022,1024,
26,3888842496,-9120,-1648,13408,-84,49,-216,-24321,18432,-14593,25625,-7713,-23719,1024,1023,1024,
26,13371136,-9108,-1608,13560,-113,52,-212,-23809,19456,-14593,16790,5176,10792,1024,1023,1024,
26,399247104,-9068,-1580,13524,-91,44,-215,-24321,18432,-13569,-7620,-4512,-31321,1024,1022,1024,
26,818677504,-8968,-1648,13656,-122,21,-220,-24833,18432,-14593,10766,14928,-24954,1024,1023,1024,
26,1221330688,-9016,-1540,13452,-120,42,-228,-24577,16640,-14849,-1585,-22309,-11093,1024,1022,1024,
26,1640761088,-9136,-1592,13428,-100,16,-208,-24065,18688,-14849,18298,25031,-22208,1024,1022,1024,
26,2043414272,-8996,-1504,13568,-102,36,-192,-24065,18688,-15361,-19504,13491,-30136,1024,1022,1024,
26,2446067456,-9128,-1564,13728,-88,43,-225,-25089,17152,-14337,-32276,14666,-9538,1024,1023,1024,
26,2848720640,-9024,-1596,13508,-117,28,-211,-25089,17152,-14849,-26697,31331,-17688,1024,1023,1024,
26,3268151040,-9004,-1736,13516,-105,22,-235,-23553,17152,-13825,28311,16544,-185,1024,1022,1024,
26,3687581440,-8980,-1600,13536,-115,57,-215,-25601,18176,-13825,18554,5162,-28408,1024,1023,1024,
26,4090234624,-8948,-1592,13724,-102,9,-197,-24833,17920,-14081,-14402,-22866,32759,1024,1022,1024,
26,197986048,-8992,-1576,13572,-81,68,-233,-23553,17152,-14849,1650,26132,32640,1024,1023,1024,
26,600639232,-8968,-1576,13616,-80,44,-206,-24321,18944,-14081,30069,-21306,4974,1024,1022,1024,
26,1020069632,-8976,-1580,13908,-95,9,-214,-24577,16640,-15361,-9857,17245,-10738,1024,1023,1024,
26,1422722816,-9000,-1536,13500,-109,64,-217,-24065,18176,-15361,-14530,-7895,-2270,1024,1022,1024,
26,1842153216,-9028,-1556,13560,-90,26,-220,-25857,17408,-15617,6004,378,10438,1024,1023,1024,
26,2261583616,-9040,-1544,13508,-98,36,-213,-24321,19456,-15105,-27888,-29243,2353,1024,1022,1024,
26,2647459584,-9036,-1560,13512,-105,29,-190,-24833,17920,-14081,-20488,23940,-12598,1024,1022,1024,
26,3066889984,-9028,-1616,13484,-108,26,-203,-24577,17664,-13825,-9279,-253,-14066,1024,1022,1024,
26,3469543168,-9020,-1548,13548,-104,53,-228,-25345,16896,-14593,-11539,-7939,-17759,1024,1022,1024,
26,3888973568,-9052,-1576,13576,-108,36,-209,-24833,17408,-13569,-15530,-5094,21644,1024,1023,1024,
26,13502208,-9004,-1608,13656,-111,28,-215,-24321,17408,-15105,1352,31072,25705,1024,1022,1024,
26,399378176,-9044,-1624,13492,-116,64,-205,-24833,16896,-14593,26077,19546,31345,1024,1022,1024,
26,818808576,-9044,-1624,13540,-85,36,-217,-25345,16896,-14593,-7094,-10938,-31844,1024,1022,1024,
26,1221461760,-9072,-1496,13728,-131,43,-189,-24321,18432,-15617,-32338,19371,-29973,1024,1022,1024,
26,1640892160,-8892,-1528,13484,-108,61,-176,-23553,17664,-15873,-6048,-25851,29282,1024,1022,1024,
26,2043545344,-9132,-1524,13616,-96,62,-189,-24065,17152,-13313,-9643,-20273,-28704,1024,1022,1024,
26,2446198528,-9036,-1520,13528,-116,46,-216,-25089,17664,-15361,18078,-6486,-13833,1024,1022,1024,
26,2848851712,-8876,-1604,13548,-118,54,-228,-25857,16896,-14593,-23720,-1863,-3654,1024,1022,1024,
26,3268282112,-9012,-1520,13624,-109,41,-192,-24065,17152,-14337,4320,10117,18679,1024,1022,1024,
26,3687712512,-9044,-1640,13736,-74,91,-185,-25345,18432,-15105,-24029,-13584,29794,1024,1022,1024,
26,4090365696,-8932,-1600,13504,-89,75,-209,-24321,17408,-14081,-23145,-48,-10516,1024,1022,1024,
26,198117120,-9108,-1584,13680,-95,61,-180,-25089,18688,-15361,-18643,4094,6423,1024,1023,1024,
26,600770304,-8968,-1628,13696,-102,56,-199,-23297,17920,-14593,-5122,-26512,1062,1024,1022,1024,
26,1020200704,-9040,-1576,13608,-107,24,-202,-25857,17408,-14593,5257,21661,24388,1024,1023,1024,
26,1422853888,-9024,-1680,13420,-108,34,-221,-23809,17408,-14593,-23460,-17734,10781,1024,1022,1024,
26,1842284288,-8972,-1572,13640,-103,20,-202,-24321,17920,-15617,-29747,-7819,28415,1024,1022,1024,
26,2261714688,-8968,-1580,13592,-144,39,-223,-25345,16384,-16129,655,-18860,-4577,1024,1022,1024,
26,2647590656,-9000,-1692,13652,-99,41,-217,-23809,18432,-14593,-8639,9345,-13436,1024,1022,1024,
26,3067021056,-9084,-1664,13608,-87,63,-216,-25345,18432,-13569,24369,-7654,20241,1024,1022,1024,
26,3469674240,-8748,-1400,13768,215,-308,-28,-25345,17920,-14593,-25955,19138,-13451,1024,1022,1024,
26,3889104640,-9016,-1584,13748,-306,224,-318,-25089,18176,-14849,1265,-27646,-19661,1024,1022,1024,
26,13633280,-9012,-1772,13528,-367,237,-361,-24833,17408,-14081,-4595,18841,5759,1024,1022,1024,
26,399509248,-9176,-1800,13584,-30,-26,-200,-24065,18176,-14849,-20358,14687,-10094,1024,1021,1024,
26,818939648,-8964,-1420,13640,39,-69,-150,-25857,18432,-15105,-31776,-4516,5255,1024,1022,1024,
26,1221592832,-9044,-1512,13672,-236,161,-265,-24065,17152,-13313,-5222,-31701,-18188,1024,1022,1024,
26,1641023232,-9168,-1676,13632,-203,97,-273,-26113,17664,-14849,17741,30730,-24328,1024,1022,1024,
26,2043676416,-9124,-1632,13560,-24,-51,-169,-24321,18944,-15105,7058,-15876,13620,1024,1021,1024,
26,2446329600,-8864,-1556,13732,-47,13,-198,-24321,16896,-15617,12197,15992,28715,1024,1022,1024,
26,2848982784,-8940,-1508,13592,-180,125,-255,-24321,16384,-15105,22310,-16406,17068,1024,1021,1024,
26,3268413184,-9100,-1724,13476,-108,13,-207,-25345,18432,-15105,28975,1351,7541,1024,1022,1024,
26,3687843584,-9040,-1604,13476,-70,18,-171,-24577,18688,-14849,-23867,-9232,7745,1024,1022,1024,
26,4090496768,-8996,-1544,13452,-132,48,-216,-23809,17920,-15105,-5466,24426,32549,1024,1022,1024,
26,198248192,-9116,-1656,13676,-110,63,-230,-23809,18944,-14593,14364,26633,31952,1024,1022,1024,
26,600901376,-8916,-1620,13616,-54,-7,-176,-24321,17920,-14081,-29977,23834,-22157,1024,1022,1024,
26,1020331776,-8988,-1592,13536,-77,17,-205,-24833,18432,-14081,-11125,7421,22304,1024,1022,1024,
26,1422984960,-9032,-1616,13528,-118,74,-231,-24577,17152,-14337,15400,-26567,23992,1024,1022,1024,
26,1842415360,-9112,-1612,13740,-102,46,-197,-25857,17920,-14593,10966,-32258,-8540,1024,1021,1024,
26,2261845760,-9032,-1612,13620,-65,4,-180,-25857,17408,-15105,5199,2307,18788,1024,1022,1024,
26,2647721728,-9060,-1536,13564,-111,39,-199,-25345,17920,-14081,5446,-5105,30907,1024,1022,1024,
26,3067152128,-8992,-1568,13620,-103,42,-204,-24577,18688,-15361,1844,4859,-10155,1024,1022,1024,
26,3469805312,-9056,-1536,13604,-108,29,-195,-25857,17920,-13569,22070,17423,-2505,1024,1021,1024,
26,3889235712,-8980,-1516,13684,-102,17,-199,-25089,18176,-14337,17384,-30939,5696,1024,1022,1024,
26,13764352,-9012,-1572,13576,-111,52,-182,-24833,17408,-16641,-30295,17794,9196,1024,1022,1024,
26,399640320,-9080,-1664,13528,-123,9,-219,-25601,17664,-14849,6463,-19089,-22662,1024,1022,1024,
26,819070720,-8940,-1520,13468,-110,45,-196,-26113,17152,-14337,21550,-9754,10578,1024,1022,1024,
26,1221723904,-9116,-1596,13596,-98,44,-189,-24065,17152,-15873,31468,-1704,12321,1024,1022,1024,
26,1641154304,-9140,-1612,13416,-107,48,-247,-25089,19200,-15873,-30835,15565,1692,1024,1023,1024,
26,2043807488,-9036,-1572,13668,-101,27,-210,-24577,18176,-14849,3973,3826,22600,1024,1022,1024,
26,2446460672,-9136,-1592,13696,-139,11,-227,-25089,17664,-16385,-19119,-5492,-21752,1024,1022,1024,
26,2849113856,-9204,-1596,13628,-117,-33,-276,-23809,18432,-14081,12508,27446,29573,1024,1022,1024,
26,3268544256,-9048,-1556,13508,-97,35,-204,-25857,18944,-15105,-3515,-17758,2274,1024,1022,1024,
26,3687974656,-9080,-1648,13740,-124,15,-222,-23809,17920,-14593,28032,18351,27088,1024,1022,1024,
26,4090627840,-9112,-1640,13604,-87,67,-206,-24321,17920,-15617,-22488,851,28452,1024,1022,1024,
26,198379264,-9048,-1688,13640,-108,51,-214,-23809,18432,-14593,-7226,3590,-5315,1024,1022,1024,
26,601032448,-9128,-1492,13732,-92,29,-199,-23809,18944,-14081,9762,16705,-7135,1024,1022,1024,
26,1020462848,-9052,-1576,13608,-121,54,-202,-24833,16896,-14081,-7866,-11164,8236,1024,1022,1024,
26,1423116032,-9236,-1568,13376,1230,-1007,513,-25089,16640,-14337,24807,11148,-21716,1024,1022,1024,
26,1842546432,-7900,-344,14024,-443,243,-375,-24833,15872,-14593,-3157,-29891,-8282,1024,1021,1024,
26,2261976832,-9256,-1720,13572,-1036,944,-773,-25601,17664,-14337,-16204,-28459,13516,1024,1022,1024,
26,2647852800,-9276,-2068,13496,524,-554,102,-24065,18688,-15873,31900,-14712,-17832,1024,1022,1024,
26,3067283200,-8752,-1028,13524,599,-577,222,-25857,17408,-14593,-30667,-8943,9514,1024,1022,1024,
26,3469936384,-8408,-1084,13736,-1243,1024,-816,-25345,17920,-14081,-26727,-9557,16958,1024,1022,1024,
26,3889366784,-9540,-2168,13620,-1105,917,-758,-24065,18176,-15873,-16929,11148,-20852,1024,1023,1024,
26,13895424,-9360,-2080,13436,539,-514,137,-24065,17664,-14337,30242,31670,15758,1024,1022,1024,
26,399771392,-8720,-1228,13684,582,-588,186,-25089,17152,-15361,-4406,19203,28139,1024,1022,1024,
26,819201792,-8692,-1216,13700,-467,344,-396,-24065,17664,-14337,12776,-18962,16432,1024,1021,1024,
26,1221854976,-9140,-1864,13436,-656,538,-502,-24321,17920,-15105,-9860,-28789,-602,1024,1022,1024,
26,1641285376,-9220,-1868,13544,107,-135,-95,-23809,18944,-13569,20421,25137,-14818,1024,1022,1024,
26,2043938560,-8944,-1428,13712,246,-273,-37,-27393,18432,-15105,-2802,8772,-9583,1024,1022,1024,
26,2446591744,-8808,-1408,13592,-254,163,-288,-25089,17664,-15873,1559,1942,-15355,1024,1022,1024,
26,2849244928,-9104,-1724,13552,-340,233,-341,-24577,18176,-15361,-15110,9704,-8230,1024,1022,1024,
26,3268675328,-9140,-1708,13620,7,-73,-151,-23809,18432,-15105,-29949,-27555,-3259,1024,1022,1024,
26,3688105728,-8900,-1592,13536,15,-73,-149,-25857,16896,-14593,25720,23964,30873,1024,1023,1024,
26,4090758912,-9012,-1624,13480,-184,122,-234,-24833,16896,-14081,23141,23226,-19390,1024,1022,1024,
26,198510336,-9076,-1584,13624,-178,105,-222,-24065,18688,-15361,-31513,-7845,14229,1024,1023,1024,
26,601163520,-9116,-1648,13664,-26,-25,-153,-25345,17920,-15105,20909,28612,-261,1024,1022,1024,
26,1020593920,-8908,-1544,13644,-64,24,-192,-23553,17152,-15361,-14226,-15548,-10844,1024,1022,1024,
26,1423247104,-9100,-1596,13584,-158,100,-228,-23041,17664,-15361,-20038,-17248,-9614,1024,1022,1024,
26,1842677504,-9000,-1640,13444,-116,41,-232,-25345,16896,-15105,-28486,-18843,14069,1024,1022,1024,
26,2262107904,-8984,-1564,13536,-72,2,-188,-24321,17408,-14593,17689,8625,13397,1024,1021,1024,
26,2647983872,-9012,-1612,13700,-124,39,-202,-23553,18176,-14849,-4503,-11573,-18393,1024,1022,1024,
26,3067414272,-9028,-1580,13664,-111,61,-215,-24833,16896,-14081,-18535,-17572,9778,1024,1022,1024,
26,3470067456,-9064,-1576,13608,-92,43,-169,-24577,18176,-14337,25517,16586,17717,1024,1022,1024,
26,3889497856,-9012,-1540,13576,-91,66,-199,-24577,18688,-14337,-12400,-21464,6866,1024,1023,1024,
26,14026496,-9016,-1628,13612,-103,51,-246,-24833,18944,-14081,4630,-28232,26347,1024,1022,1024,
26,399902464,-3912,4748,13056,-1033,1081,1642,-26113,16640,-15361,-28566,10919,26074,1024,1023,1024,
26,819332864,-11360,576,8140,1048,-1963,4278,-24065,18176,-14337,-24770,14338,21305,1024,1022,1024,
26,1221986048,-9040,-276,14508,-6933,-384,10042,-25345,16384,-13057,-27148,-11372,18086,1024,1022,1024,
26,1641416448,-8752,-772,14864,-3861,-493,5878,-24065,16640,-14849,32742,6194,10509,1024,1022,1024,
26,2044069632,-10116,-3860,12976,-1902,-1641,4396,-25601,16640,-12289,-10797,14209,14422,1024,1023,1024,
26,2446722816,-9668,-1428,13788,-1902,-424,1941,-24065,16640,-13825,19127,28045,1979,1024,1022,1024,
26,2849376000,-8976,-2812,14192,-1317,-283,1028,-24833,16384,-13569,-18663,-2052,-546,1024,1023,1024,
26,3268806400,-9524,-2112,13580,-369,-446,0,-24065,17152,-13825,-19064,-27892,1656,1024,1023,1024,
26,3688236800,-9544,-792,13784,-465,170,427,-25089,16128,-13825,28292,-4184,8447,1024,1023,1024,
26,4090889984,-9252,-136,15588,111,772,230,-25601,16128,-13825,28500,-17861,-25927,1024,1022,1024,
26,215418624,-8460,-408,14700,-2,151,-597,-24577,17152,-14849,-3987,16194,-16738,1024,1023,1024,
26,601294592,-7900,-444,15496,577,253,-636,-25345,17408,-13057,-25444,-6502,12834,1024,1023,1024,
26,1020724992,-8752,-1168,13636,-19,-117,-377,-24321,16896,-12545,-31517,21832,10379,1024,1023,1024,
26,1423378176,-7908,-664,13824,-39,129,-983,-24577,18176,-14849,30169,-17241,2543,1024,1023,1024,
26,1842808576,-7440,112,14228,-370,-62,-3,-24833,17408,-13569,24394,17280,16627,1024,1023,1024,
26,2262238976,-9508,-2252,13580,-203,121,-275,-24321,16896,-13057,-9563,-17735,-9792,1024,1022,1024,
26,2648114944,-8296,-692,13772,-484,417,-379,-24577,16640,-15361,28434,19373,1189,1024,1023,1024,
26,3067545344,-10256,-3144,13280,-984,849,-652,-25345,16384,-14081,12015,-30127,27758,1024,1022,1024,
26,3470198528,-8900,-1440,13516,-105,31,-211,-24833,17920,-14081,-4881,-7572,-11257,1024,1023,1024,
26,3889628928,-8964,-1624,13628,-81,32,-210,-24833,16384,-13057,14419,-27976,-2762,1024,1022,1024,
26,14157568,-9060,-1652,13616,-103,42,-202,-25601,16640,-12801,25036,25715,-636,1024,1023,1024,
26,400033536,-9056,-1516,13636,-94,61,-214,-24321,16896,-15105,3038,19412,-31796,1024,1022,1024,
26,819463936,-9016,-1608,13604,-117,57,-224,-24833,16896,-14081,21030,496,-3433,1024,1023,1024,
26,1222117120,-9072,-1564,13668,-112,57,-197,-24577,17152,-13313,-16565,-926,-16657,1024,1022,1024,
26,1641547520,-9072,-1632,13664,-113,45,-212,-25345,16896,-13057,24571,-24421,-17256,1024,1023,1024,
26,2044200704,-8924,-1524,13560,-108,35,-213,-25345,16896,-15105,17702,-28813,-10247,1024,1022,1024,
26,2446853888,-9048,-1548,13740,-87,56,-191,-25089,16640,-13825,16065,14213,-14439,1024,1022,1024,
26,2849507072,-9000,-1576,13416,-170,102,-279,-25601,17152,-13313,-24430,29799,28982,1024,1022,1024,
26,3268937472,-9000,-1720,13624,-634,515,-501,-26369,17408,-14593,-12772,-16813,22199,1024,1022,1024,
26,3688367872,-9284,-1920,13708,-2,-69,-158,-25857,16896,-15105,23834,11477,8461,1024,1023,1024,
26,4091021056,-8708,-1132,13704,13,-125,-152,-24577,16640,-13825,5651,-2683,7315,1024,1022,1024,
26,215549696,-9080,-1500,13528,-177,79,-241,-24577,17664,-12801,8889,24346,-3362,1024,1022,1024,
26,601425664,-9056,-1648,13652,-105,16,-206,-24577,16640,-14337,-31542,45,-19802,1024,1022,1024,
26,1020856064,-8964,-1572,13580,-64,-41,-146,-23041,16640,-13825,22863,-25026,-32114,1024,1023,1024,
26,1423509248,-8956,-1660,13612,-69,55,-219,-26369,17920,-13569,17843,10809,-15034,1024,1022,1024,
26,1842939648,-8980,-1612,13656,30,-47,-147,-24833,16384,-15617,5510,20807,-13097,1024,1022,1024,
26,2262370048,-8976,-1504,13668,-188,86,-251,-24577,17152,-14337,-11983,-25712,8899,1024,1022,1024,
26,2648246016,-8984,-1604,13616,-523,317,-415,-24577,16640,-15361,-2256,7141,3104,1024,1022,1024,
26,3067676416,-9188,-1816,13224,87,-103,-102,-24833,17408,-13057,12595,17260,-23754,1024,1022,1024,
26,3470329600,-9196,-1416,14040,-37,-32,-144,-23809,15872,-14593,14472,6318,29066,1024,1022,1024,
26,3889760000,-8944,-1584,13592,-280,193,-297,-25089,17152,-14337,25999,24670,-2716,1024,1022,1024,
26,14288640,-9324,-1736,13684,-35,-35,-159,-25857,17408,-13569,12441,22753,-8965,1024,1022,1024,
26,400164608,-8912,-1480,13572,-89,32,-215,-24833,17408,-14081,-26824,-3397,3692,1024,1021,1024,
26,819595008,-9040,-1616,13616,-128,81,-240,-25601,17152,-15361,4480,9236,-7889,1024,1022,1024,
26,1222248192,-9084,-1652,13696,-102,33,-193,-25601,16640,-13313,31626,-32294,-22706,1024,1022,1024,
26,1641678592,-8996,-1608,13552,-132,38,-210,-24833,16384,-13569,-27928,-11069,31564,1024,1022,1024,
26,2044331776,-9000,-1704,13740,-70,81,-217,-25857,16384,-14593,-25873,26305,-15300,1024,1022,1024,
26,2463762176,-8996,-1480,13560,-93,43,-188,-24833,15360,-14081,-8351,4663,-29227,1024,1022,1024,
26,2849638144,-8980,-1612,13580,-90,54,-195,-23553,16128,-13825,14900,31016,-3183,1024,1021,1024,
26,3269068544,-9020,-1672,13532,-85,85,-209,-24065,16640,-15361,26771,18522,19179,1024,1022,1024,
26,3688498944,-9032,-1620,13532,-100,12,-180,-24577,17152,-13825,-13872,-29045,19997,1024,1021,1024,
26,4091152128,-8980,-1656,13732,-102,48,-175,-24577,16640,-14337,-22921,26862,14229,1024,1022,1024,
26,215680768,-8908,-1576,13592,-85,45,-198,-25601,17152,-14337,-7098,19960,-23146,1024,1021,1024,
26,601556736,-9108,-1548,13576,-117,35,-213,-25089,17152,-15361,-16769,-23470,6830,1024,1022,1024,
26,1020987136,-9152,-1684,13568,-115,21,-239,-24833,16896,-13569,22206,-24924,-16850,1024,1021,1024,
26,1423640320,-9108,-1656,13492,-122,31,-175,-23297,16384,-14081,27357,-20512,11648,1024,1022,1024,
26,1843070720,-9060,-1616,13624,-130,51,-207,-25089,16640,-14337,24561,-31938,26777,1024,1021,1024,
26,2262501120,-9128,-1716,13472,100,-164,-112,-25345,16896,-14081,22520,-26449,11145,1024,1022,1024,
26,2648377088,-9212,-1752,13824,-124,-85,-253,-24833,16384,-14081,-7239,-24373,-29800,1024,1021,1024,
26,3067807488,-9124,-1656,13648,-74,26,-191,-24321,17408,-14593,-21607,-10499,-25122,1024,1022,1024,
26,3470460672,-8736,-1420,13348,-104,121,-188,-25345,15872,-13569,576,23719,-21174,1024,1021,1024,
26,3889891072,-8920,-1488,13648,-208,119,-256,-25857,16896,-14081,-5276,10960,166,1024,1022,1024,
26,14419712,-8996,-1616,13668,-89,43,-181,-25345,17408,-14593,13559,-32262,-9481,1024,1022,1024,
26,400295680,-9056,-1444,13596,-168,50,-240,-25601,16128,-12289,-22025,10669,-11071,1024,1022,1024,
26,819726080,-8912,-1560,13508,-234,168,-265,-23809,15872,-13569,27565,29517,-26904,1024,1022,1024,
26,1222379264,-8752,-1392,13464,-622,459,-454,-24577,18176,-13313,25590,-922,13162,1024,1022,1024,
26,1641809664,-9176,-1548,13592,-968,683,-658,-25601,16640,-14337,-19152,-721,-13781,1024,1022,1024,
26,2044462848,-9440,-2684,13404,-316,104,-209,-25601,17152,-14849,27910,-3567,28797,1024,1022,1024,
26,2463893248,-9076,-1636,13740,-79,47,-187,-23809,16384,-13569,24430,-31381,13956,1024,1022,1024,
26,2849769216,-9280,-1840,13428,636,-519,175,-25857,16384,-14593,18119,-1455,-27976,1024,1022,1024,
26,3269199616,-8940,-1356,13620,861,-945,279,-26113,16640,-15361,-3302,24427,15727,1024,1022,1024,
26,3688630016,-9064,-1636,13892,-290,244,-308,-25345,17408,-13057,-30690,-29985,15216,1024,1022,1024,
26,4091283200,-9064,-1532,13804,-85,40,-238,-25089,17152,-13825,31250,-1550,13661,1024,1022,1024,
26,215811840,-8924,-1472,13468,-137,112,-213,-24065,16640,-12801,14155,27495,-30118,1024,1022,1024,
26,601687808,-8840,-1480,13588,-233,25,-280,-24577,16128,-13313,15684,30834,-10993,1024,1022,1024,
26,1021118208,-9580,-1796,13480,-131,-74,-231,-25089,16128,-14337,-2465,-29503,29763,1024,1022,1024,
26,1423771392,-9272,-2248,14228,-100,-392,-315,-26113,17152,-13313,-25758,-9158,-25942,1024,1022,1024,
26,1843201792,-8868,-1628,13656,11,-20,-131,-24577,15616,-13825,7078,28496,-19328,1024,1022,1024,
26,2262632192,-9112,-1740,13580,-216,53,-249,-25601,16128,-14337,-4686,-3335,-6264,1024,1022,1024,
26,2648508160,-8876,-1596,13516,-104,40,-232,-25345,18432,-13057,17175,20733,-11702,1024,1022,1024,
26,3067938560,-9096,-1580,13596,-232,191,-275,-24833,16384,-13569,-28752,32223,6295,1024,1022,1024,
26,3470591744,-9104,-1772,13588,-102,37,-194,-25089,16640,-13313,8617,2714,-16983,1024,1022,1024,
26,3890022144,-9004,-1596,13616,-81,-13,-181,-26113,15616,-13825,18369,-31558,28725,1024,1023,1024,
26,14550784,-8872,-1436,13680,-92,-13,-208,-24833,17920,-14593,32520,14216,-480,1024,1022,1024,
26,400426752,-8880,-1560,13472,-206,156,-301,-25089,16128,-13825,3183,-749,7594,1024,1023,1024,
26,819857152,-9148,-1684,13792,-161,102,-236,-24577,17152,-14849,-17540,30980,14476,1024,1022,1024,
26,1222510336,-8936,-1448,13596,-93,44,-194,-24321,16896,-14081,8949,18084,-743,1024,1022,1024,
26,1641940736,-8984,-1636,13696,-42,112,-134,-24577,16640,-14337,5521,5839,-24113,1024,1022,1024,
26,2044593920,-7676,-664,12724,-1387,496,-938,-24833,17920,-14081,15816,-9168,30183,1024,1022,1024,
26,2464024320,-8768,-2600,12508,1465,106,561,-23809,17920,-15105,26572,21279,21113,1024,1022,1024,
26,2849900288,-8116,-1448,12892,227,159,224,-24321,17920,-14593,-10236,8789,14483,1024,1022,1024,
26,3269330688,-9228,-1572,13804,-589,512,-474,-24577,18176,-14337,-31662,16757,-20333,1024,1022,1024,
26,3688761088,-9276,-1764,13652,18,8,-129,-25089,18176,-13825,7408,3208,29649,1024,1022,1024,
26,4091414272,-8944,-1476,13540,-108,-12,-190,-23553,17152,-14337,26120,-11548,9126,1024,1022,1024,
26,215942912,-8980,-1992,13468,-467,382,-416,-23553,17152,-14337,-25396,15258,-20760,1024,1022,1024,
26,601818880,-9332,-1804,13532,474,-471,81,-25601,17152,-14849,6034,14546,6073,1024,1022,1024,
26,1021249280,-8672,-1104,13684,-194,125,-276,-24321,17408,-14593,7020,5231,13747,1024,1022,1024,
26,1423902464,-9272,-1792,13532,-118,88,-218,-25089,16640,-15361,16829,-22027,8370,1024,1022,1024,
26,1843332864,-9084,-1796,13612,-65,33,-189,-25345,16384,-14081,18992,-11918,14998,1024,1022,1024,
26,2262763264,-9128,-1692,13436,-151,58,-229,-24577,17152,-14849,-26699,31414,-25160,1024,1022,1024,
26,2648639232,-9056,-1592,13536,-108,46,-218,-26113,17152,-15361,-17141,15167,-4080,1024,1022,1024,
26,3068069632,-9036,-1624,13552,-127,37,-195,-25089,18176,-13825,21491,13608,5984,1024,1022,1024,
26,3470722816,-9164,-1560,13580,-158,-9,-212,-24577,16640,-13313,19403,-14353,-18777,1024,1022,1024,
26,3890153216,-15040,-3872,7792,1731,-2441,-376,-23809,17920,-15105,15485,30345,-4923,1024,1022,1024,
26,14681856,-9340,-1964,13276,-358,191,-217,-25857,17920,-13569,-21653,3917,16551,1024,1022,1024,
26,400557824,-9148,-1568,13596,-98,-7,-202,-23297,17408,-14593,-13738,31733,24995,1024,1022,1024,
26,819988224,-9008,-1724,13540,-35,33,-177,-24321,16384,-15105,-6419,31143,1165,1024,1022,1024,
26,1222641408,-9156,-1644,13320,-39,-26,-171,-24577,17152,-15873,29912,24041,-22947,1024,1022,1024,
26,1642071808,-9516,-2088,13388,439,-439,87,-25345,16384,-14081,13353,-18230,25748,1024,1022,1024,
26,2044724992,-8760,-1180,13524,865,-843,321,-23553,17152,-14849,1175,-27479,32760,1024,1022,1024,
26,2464155392,-8864,-1284,13556,-468,334,-406,-24833,18432,-14081,-12855,24082,-19441,1024,1022,1024,
26,2850031360,-9272,-1824,13628,-412,322,-358,-24577,16640,-13825,-4843,7783,14890,1024,1023,1024,
26,3269461760,-9116,-1752,13572,199,-223,-50,-25601,16640,-13825,25996,-27471,1594,1024,1022,1024,
26,3688892160,-8808,-1384,13704,89,-148,-100,-25345,16384,-14593,31863,10666,2949,1024,1023,1024,
26,4091545344,-8896,-1496,13612,-291,194,-314,-24065,18688,-14337,-30916,30346,12289,1024,1022,1024,
26,216073984,-8804,-1804,13356,-127,245,-240,-25345,16896,-13569,20623,-22074,-24007,1024,1023,1024,
26,601949952,-9136,-1628,13764,87,33,-72,-23809,17920,-16129,-6991,-12020,6857,1024,1022,1024,
26,1021380352,-9080,-1420,13604,-125,-129,-216,-25345,16384,-15105,16005,-12845,28965,1024,1023,1024,
26,1424033536,-9080,-1552,13496,-197,154,-263,-25089,15616,-13313,-31513,-3837,-20648,1024,1022,1024,
26,1843463936,-9240,-1912,13348,6,-125,-183,-25089,16640,-13825,24552,18833,4717,1024,1023,1024,
26,2262894336,-7836,-440,14088,3706,-3254,2001,-24577,17152,-14849,29423,27291,10636,1024,1021,1024,
26,2648770304,-9036,-296,12352,-3311,1791,-1805,-25345,16896,-13569,25929,-9057,27658,1024,1023,1024,
26,3068200704,-11440,-3748,14108,-1571,435,-1324,-24065,17152,-13825,19941,13543,-6834,1024,1022,1024,
26,3470853888,-9856,-1100,14240,1816,-1432,788,-26369,16896,-13569,-28010,15638,-17245,1024,1023,1024,
26,3890284288,-8152,-524,13840,-54,-8,-151,-26369,17920,-14081,-26698,-18565,5992,1024,1022,1024,
26,14812928,-8988,-1572,13696,-1355,1141,-903,-25345,16384,-14593,24252,-9135,-32658,1024,1022,1024,
26,400688896,-9564,-2284,13496,-329,275,-338,-25857,16384,-15105,16421,3102,14335,1024,1022,1024,
26,820119296,-9080,-1664,13604,755,-715,269,-24577,15616,-14849,-31692,-29545,9158,1024,1022,1024,
26,1222772480,-8608,-1184,13792,112,-180,-76,-25857,17920,-14593,24585,-17924,-1330,1024,1022,1024,
26,1642202880,-8948,-1456,13524,-652,513,-510,-26369,15872,-14593,-23969,-26097,-8009,1024,1022,1024,
26,2044856064,-9260,-1952,13592,-320,203,-323,-25857,16896,-12033,17859,-13815,-21427,1024,1022,1024,
26,2464286464,-9124,-1648,13472,237,-292,18,-26625,16128,-14337,-29955,29372,25222,1024,1022,1024,
26,2850162432,-8840,-1332,13668,-3,-65,-114,-25089,17152,-12289,-24242,-20608,-23841,1024,1022,1024,
26,3269592832,-8864,-1628,13616,-347,262,-341,-24577,16640,-14849,-3086,16842,-3579,1024,1022,1024,
26,3689023232,-9248,-1716,13584,-159,94,-236,-25601,16640,-13313,18223,10245,-27175,1024,1022,1024,
26,4091676416,-7444,-1604,12404,48,265,-29,-24321,16384,-13569,-8394,28995,13033,1024,1022,1024,
26,216205056,-9324,-1408,14080,-258,-27,-201,-25857,15872,-14593,-25817,-17681,18287,1024,1022,1024,
26,602081024,-9156,-1740,13720,-230,53,-282,-26369,16896,-12545,-28504,-24901,-26856,1024,1022,1024,
26,1021511424,-9036,-1632,13616,-82,18,-196,-23809,16384,-14593,-16705,-26779,29543,1024,1022,1024,
26,1424164608,-8760,-1640,13312,0,21,-187,-23809,15872,-14593,-15672,32082,-9653,1024,1022,1024,
26,1843595008,-8988,-1496,13708,-131,73,-190,-25345,16384,-13057,-30176,-11789,-14850,1024,1022,1024,
26,2263025408,-8944,-1720,13560,-113,85,-229,-25601,14592,-14337,-13324,-20830,-20688,1024,1022,1024,
26,2648901376,-9056,-1592,13644,-51,19,-172,-25345,16384,-14593,2047,8597,1449,1024,1023,1024,
26,3068331776,-8960,-1548,13768,-84,47,-201,-24833,17408,-16129,-9954,26725,790,1024,1022,1024,
26,3470984960,-9044,-1596,13608,-125,51,-221,-25345,16384,-15105,17066,30365,-58,1024,1022,1024,
26,3890415360,-9136,-1588,13640,-90,20,-195,-25601,16640,-14849,-11398,-31062,1588,1024,1022,1024,
26,14944000,-9028,-1560,13604,-89,4,-188,-24833,16384,-15617,-2522,-7102,-12755,1024,1022,1024,
26,400819968,-9068,-1612,13580,-114,56,-205,-24577,16640,-14849,1317,-1361,6000,1024,1022,1024,
26,820250368,-8976,-1616,13704,-107,21,-219,-25089,16128,-13313,26992,-584,23787,1024,1021,1024,
26,1222903552,-9020,-1584,13648,-106,49,-214,-23809,16384,-14593,-28430,-24486,2814,1024,1022,1024,
26,1642333952,-8952,-1652,13504,-82,31,-199,-24833,15360,-13057,25706,-19174,-5212,1024,1022,1024,
26,2044987136,-9140,-1564,13476,-119,20,-221,-24321,16896,-15617,-30449,-12026,31338,1024,1022,1024,
26,2447640320,-9032,-1588,13576,-94,14,-209,-25089,15616,-15361,1407,3313,24696,1024,1022,1024,
26,2850293504,-9036,-1580,13536,-116,32,-210,-25601,16128,-13313,12881,-25578,2454,1024,1022,1024,
26,3269723904,-8936,-1684,13556,-56,-5,-188,-25601,16128,-13825,5584,18733,30524,1024,1021,1024,
26,3689154304,-8872,-1320,13760,-360,220,-366,-25857,16384,-14081,-7243,8123,-9670,1024,1022,1024,
26,4091807488,-9236,-1772,13508,23,-62,-159,-25089,16640,-14337,-16997,9956,31575,1024,1022,1024,
26,216336128,-9772,-2320,13508,1501,-1417,656,-25089,16640,-13313,-7320,25987,19473,1024,1022,1024,
26,602212096,-8944,-704,13312,-1510,514,633,-26113,17664,-14337,-22758,-15426,-30442,1024,1022,1024,
26,1021642496,-7876,-1792,14152,-473,148,76,-24833,16384,-13569,-30925,-22222,9819,1024,1022,1024,
26,1424295680,-8940,-1592,13564,-140,42,-242,-25345,16896,-14593,24625,2549,23045,1024,1022,1024,
26,1843726080,-8944,-1552,13688,-607,486,-473,-25345,15360,-14081,-18335,4729,-30810,1024,1022,1024,
26,2263156480,-9000,-1480,13704,-83,56,-216,-26113,16128,-13825,-20480,-877,-17653,1024,1022,1024,
26,2649032448,-8856,-1580,13520,103,-91,-103,-26113,17152,-12801,27143,-17141,-16596,1024,1022,1024,
26,3068462848,-8648,-1232,13676,-678,580,-520,-25345,16384,-13057,-29196,11859,31059,1024,1022,1024,
26,3471116032,-9268,-1956,13568,-827,662,-574,-24833,15360,-14081,1045,8365,27385,1024,1022,1024,
26,3890546432,-9260,-2020,13564,371,-374,49,-24065,16128,-14337,-15071,-23704,-28896,1024,1022,1024,
26,15075072,-8836,-1324,13828,204,-237,-43,-24577,16128,-14337,898,29265,354,1024,1021,1024,
26,400951040,-8904,-1456,13588,-445,343,-407,-24577,15616,-12289,30279,32439,26348,1024,1022,1024,
26,820381440,-9104,-1804,13584,-322,225,-314,-25345,16896,-14593,-11307,31388,-6897,1024,1022,1024,
26,1223034624,-9024,-1668,13596,216,-246,-49,-25089,15616,-13313,-4699,6731,-5820,1024,1022,1024,
26,1642465024,-8824,-1428,13700,-63,-2,-192,-25345,16896,-14081,10525,30384,-3953,1024,1021,1024,
26,2045118208,-9048,-1808,13448,-22,-32,-173,-26625,16640,-12801,-7674,-24171,-14353,1024,1022,1024,
26,2464548608,-8936,-1624,13552,-67,-7,-166,-25345,16384,-13569,-17391,5611,-17641,1024,1021,1024,
26,2850424576,-9116,-1740,13576,80,-142,-87,-24065,16640,-13313,-2083,28854,-27655,1024,1022,1024,
26,3269854976,-8836,-1412,13632,7,-110,-129,-26113,16640,-13313,-10251,-16816,6780,1024,1021,1024,
26,3689285376,-9028,-1700,13552,-120,17,-212,-24321,17408,-14593,29770,28371,-21067,1024,1022,1024,
26,4091938560,-9764,-2520,13300,582,-674,232,-24833,16384,-15105,24291,23133,19231,1024,1022,1024,
26,216467200,-8780,-232,13368,-619,271,24,-26369,15872,-15105,8842,20566,-31557,1024,1022,1024,
26,602343168,-8568,-1564,13860,-184,29,159,-23553,17152,-14849,-20298,-26723,27463,1024,1021,1024,
26,1021773568,-8600,-1492,13744,-286,30,66,-24577,16640,-14337,-12034,27803,28944,1024,1022,1024,
26,1424426752,-9204,-1576,13448,-250,-23,4,-26113,17152,-14337,-24693,-4968,-28710,1024,1021,1024,
26,1843857152,-8852,-1516,13552,-152,0,-88,-25601,16640,-13313,-13809,14348,-10013,1024,1022,1024,
26,2263287552,-10704,-1124,12696,-445,-73,335,-26625,16128,-14337,16780,-28560,-21003,1024,1021,1024,
26,2649163520,-8808,-1228,13824,-768,72,686,-24577,17152,-13825,-15048,-29264,-20459,1024,1022,1024,
26,3068593920,-7700,-2068,14652,-846,-347,709,-25857,16384,-15105,17079,16883,-3233,1024,1021,1024,
26,3471247104,-7424,-1952,14440,-282,13,57,-24321,16384,-14593,-26470,-15147,-21221,1024,1022,1024,
26,3890677504,-9288,-1716,13512,-389,259,-356,-23297,15360,-13569,-8408,-4259,-7771,1024,1022,1024,
26,15206144,-9048,-1592,13668,-121,67,-225,-25601,17152,-14337,19850,24925,31310,1024,1022,1024,
26,401082112,-8956,-1448,13692,-173,113,-273,-24321,16896,-14593,26929,-10482,30999,1024,1022,1024,
26,820512512,-8956,-1524,13556,-244,192,-305,-25601,16640,-13313,10770,-13330,-27704,1024,1022,1024,
26,1223165696,-9080,-1456,13548,-557,419,-443,-24833,16896,-13569,-18570,14080,12354,1024,1022,1024,
26,1642596096,-8936,-1588,13596,-520,388,-429,-23809,16384,-14593,-3900,1964,-11719,1024,1022,1024,
26,2045249280,-9172,-1888,13624,-185,112,-244,-24833,15872,-14081,-12055,-30068,-32678,1024,1023,1024,
26,2447902464,-9072,-1660,13508,107,-149,-96,-26369,17408,-14081,-25929,-32356,12762,1024,1022,1024,
26,2850555648,-8900,-1300,13532,-68,-15,-158,-24833,15872,-13057,-27471,31783,16104,1024,1022,1024,
26,3269986048,-9060,-1584,13576,-255,168,-292,-25345,16896,-14593,-17380,26921,20142,1024,1022,1024,
26,3689416448,-9080,-1604,13444,-151,73,-215,-26625,16128,-14849,16726,12729,-22167,1024,1022,1024,
26,4092069632,-9008,-1552,13652,-24,-33,-137,-25089,16128,-12801,22291,28343,1860,1024,1022,1024,
26,216598272,-8872,-1540,13620,-87,38,-195,-24833,16896,-13569,13794,-10365,29505,1024,1022,1024,
26,602474240,-9040,-1632,13680,-177,98,-250,-26369,15872,-14593,3431,-23651,9908,1024,1022,1024,
26,1021904640,-9028,-1656,13392,-127,80,-221,-25857,17408,-13569,-16864,16676,-9259,1024,1022,1024,
26,1424557824,-9044,-1628,13692,-72,4,-163,-24577,16128,-13313,-27172,-21918,10707,1024,1022,1024,
26,1843988224,-9024,-1536,13588,-112,39,-222,-25345,16384,-14081,7351,-1223,-31150,1024,1022,1024,
26,2263418624,-9004,-1632,13676,-127,52,-220,-24577,16640,-13825,3558,-21534,-27819,1024,1022,1024,
26,2649294592,-9080,-1688,13620,-94,26,-222,-24833,16896,-14593,-11696,13953,-32568,1024,1022,1024,
26,3068724992,-9036,-1556,13560,-90,29,-195,-24833,15360,-15105,25390,-24068,20249,1024,1022,1024,
26,3471378176,-9132,-1532,13468,-128,31,-207,-26369,15872,-14081,12010,-11970,25857,1024,1022,1024,
26,3890808576,-8984,-1664,13596,-131,59,-218,-25601,14592,-13313,-5526,29109,-7465,1024,1022,1024,
26,15337216,-9048,-1780,13572,-83,26,-219,-24321,15872,-13569,-15267,-6232,25993,1024,1022,1024,
26,401213184,-9060,-1580,13640,-95,22,-211,-25345,16896,-14081,23940,-16527,9661,1024,1022,1024,
26,820643584,-9052,-1672,13520,-105,26,-170,-24577,16128,-15873,19907,-28396,19275,1024,1022,1024,
26,1223296768,-8944,-1556,13652,-124,62,-253,-25601,16640,-14337,28346,20985,31485,1024,1021,1024,
26,1642727168,-9008,-1520,13548,-95,27,-200,-25089,14592,-13313,21791,-23069,735,1024,1022,1024,
26,2045380352,-9000,-1612,13548,-86,25,-220,-24321,16896,-14593,-18002,-8735,2685,1024,1022,1024,
26,2448033536,-8964,-1584,13576,-121,58,-205,-24577,16640,-14337,14986,-3597,-18591,1024,1022,1024,
26,2850686720,-8988,-1568,13504,-104,42,-221,-23553,15616,-14337,23415,-21837,28060,1024,1022,1024,
26,3270117120,-9056,-1572,13788,-70,23,-219,-24065,15616,-14337,-4225,11593,16885,1024,1022,1024,
26,3689547520,-9028,-1640,13576,-99,37,-203,-24321,16384,-13569,-30700,30295,-29393,1024,1022,1024,
26,4092200704,-9088,-1628,13588,-128,29,-199,-24833,16896,-15617,9675,25482,-12794,1024,1022,1024,
26,216729344,-9020,-1676,13496,-114,21,-216,-26625,15104,-14337,-27532,-11728,-4006,1024,1022,1024,
26,602605312,-9020,-1604,13636,-110,24,-218,-25345,17408,-13569,20918,-11888,29006,1024,1021,1024,
26,1022035712,-9040,-1604,13576,-123,32,-200,-25089,15616,-13313,3406,-23530,-14902,1024,1022,1024,
26,1424688896,-8996,-1624,13572,-121,46,-194,-25857,16384,-15105,29839,-26537,-27398,1024,1021,1024,
26,1844119296,-8992,-1584,13552,-97,28,-197,-24833,16384,-14593,11896,-30264,16808,1024,1022,1024,
26,2263549696,-9092,-1540,13692,-113,37,-189,-25345,16384,-13057,-14505,-16288,30688,1024,1021,1024,
26,2649425664,-9048,-1668,13720,-113,43,-197,-24833,16896,-13057,23209,-14080,-17535,1024,1022,1024,
26,3068856064,-9008,-1672,13616,-98,45,-197,-24577,17152,-13313,-18741,-2026,-29354,1024,1022,1024,
26,3471509248,-9024,-1544,13520,-93,19,-205,-25345,16896,-13569,11016,21987,-4297,1024,1020,1024,
26,3890939648,-8960,-1668,13604,-122,70,-197,-24833,17920,-13057,-21560,32032,4373,1024,1022,1024,
26,15468288,-9072,-1548,13552,-119,37,-175,-24577,16128,-14849,15001,25088,14305,1024,1021,1024,
26,401344256,-9032,-1616,13540,-125,63,-217,-25089,17664,-14849,-11150,12033,-19226,1024,1022,1024,
26,820774656,-9040,-1608,13552,-95,19,-215,-24577,16640,-13313,-30944,24627,32718,1024,1022,1024,
26,1223427840,-9020,-1564,13500,-104,61,-186,-25601,17152,-13825,-1959,-12905,6701,1024,1022,1024,
26,1642858240,-8948,-1692,13668,-105,34,-185,-25857,15872,-13569,-21944,-1552,-21334,1024,1022,1024,
26,2045511424,-9104,-1624,13624,-132,89,-236,-24577,16640,-12801,25736,-2070,-10359,1024,1022,1024,
26,2448164608,-9008,-1612,13568,-96,33,-219,-24833,15872,-13569,2013,25245,31332,1024,1022,1024,
26,2850817792,-8976,-1652,13528,-115,11,-185,-25089,17152,-13313,-31276,-22541,-9315,1024,1021,1024,
26,3270248192,-8996,-1664,13484,-103,34,-216,-25089,15616,-13825,17053,5321,22189,1024,1022,1024,
26,3689678592,-9020,-1612,13596,-88,39,-190,-24577,18176,-14849,16574,-16550,17097,1024,1021,1024,
26,4092331776,-9012,-1676,13588,-95,33,-195,-24833,16384,-14081,-6159,-19538,29790,1024,1022,1024,
26,216860416,-8912,-1516,13692,-102,19,-233,-24577,17152,-14337,-25152,16274,-11844,1024,1022,1024,
26,602736384,-9024,-1556,13676,-107,43,-226,-24833,16896,-15617,-20648,-12474,8462,1024,1022,1024,
26,1022166784,-8944,-1640,13440,-97,45,-203,-25089,16128,-14337,-14353,18148,22941,1024,1022,1024,
26,1424819968,-9028,-1600,13600,-126,46,-210,-25601,15616,-13825,-23319,18625,16256,1024,1022,1024,
26,1844250368,-9128,-1644,13536,-95,27,-196,-25345,16896,-15105,14678,3222,32040,1024,1022,1024,
26,2263680768,-9036,-1716,13568,-119,43,-204,-25089,16640,-14849,11900,4412,12215,1024,1022,1024,
26,2649556736,-9012,-1536,13528,-115,32,-202,-23809,16384,-14593,-10164,32237,-22060,1024,1022,1024,
26,3068987136,-9048,-1620,13632,-111,32,-196,-25857,15360,-14593,11363,-8525,24216,1024,1022,1024,
26,3471640320,-9044,-1540,13652,-111,33,-193,-24833,16896,-13569,-25190,31243,17974,1024,1022,1024,
26,3891070720,-9068,-1648,13680,-89,45,-181,-25089,16640,-14337,19957,-13584,-2652,1024,1022,1024,
26,15599360,-8976,-1520,13604,-108,43,-211,-25601,16128,-14849,3621,-7471,12048,1024,1022,1024,
26,401475328,-9032,-1568,13624,-91,41,-216,-24833,16384,-13057,-380,-17013,4683,1024,1022,1024,
26,820905728,-9084,-1588,13760,-89,35,-218,-25089,16128,-13825,-17656,11446,6639,1024,1022,1024,
26,1223558912,-9020,-1612,13608,-95,18,-203,-23809,15360,-13057,-10206,-16719,-1840,1024,1023,1024,
26,1642989312,-8972,-1624,13620,-107,21,-199,-24065,16128,-14337,19756,-18146,-31347,1024,1022,1024,
26,2045642496,-8936,-1612,13516,-90,39,-196,-24577,17152,-13313,1388,13343,9404,1024,1023,1024,
26,2448295680,-9024,-1588,13772,-112,31,-190,-24065,16640,-14337,-7428,-15258,-20102,1024,1022,1024,
26,2850948864,-9068,-1632,13416,-100,31,-206,-25089,16128,-15361,-9041,-28766,-5339,1024,1022,1024,
26,3270379264,-9036,-1648,13660,-97,46,-212,-25345,16896,-12545,32291,32716,32052,1024,1022,1024,
26,3689809664,-9100,-1660,13544,-116,28,-197,-24833,16384,-14081,-17855,5763,7258,1024,1023,1024,
26,4092462848,-8968,-1536,13476,-101,53,-199,-25601,15616,-13313,-30384,-32443,-4161,1024,1021,1024,
26,200214272,-9044,-1672,13656,-121,57,-220,-25857,16384,-13569,-27185,-4834,-4198,1024,1022,1024,
26,602867456,-8948,-1596,13516,-90,7,-221,-25601,17152,-14337,-27490,-25622,15116,1024,1021,1024,
26,1022297856,-9044,-1592,13572,-93,32,-205,-25601,16640,-15361,-14091,32692,-11342,1024,1022,1024,
26,1424951040,-8988,-1564,13684,-112,26,-218,-26113,16640,-14337,-6701,12626,-15717,1024,1022,1024,
26,1844381440,-8892,-1632,13608,-97,15,-190,-24833,16384,-12545,32103,-17175,31560,1024,1022,1024,
26,2263811840,-8968,-1652,13764,-79,38,-219,-25345,15360,-13569,1274,30587,-32323,1024,1022,1024,
26,2649687808,-8984,-1656,13528,-106,25,-214,-24065,15104,-14337,9948,31008,1158,1024,1022,1024,
26,3069118208,-9008,-1664,13648,-102,33,-190,-25345,17408,-13569,-22466,-29307,9313,1024,1022,1024,
26,3471771392,-8948,-1480,13420,-117,27,-221,-24833,16384,-13057,3998,30419,-7849,1024,1022,1024,
26,3891201792,-9132,-1660,13556,-101,58,-205,-24833,16384,-14593,14379,20712,32264,1024,1022,1024,
26,15730432,-9084,-1572,13572,-84,57,-187,-26369,15872,-14081,-29630,22879,-17288,1024,1022,1024,
26,401606400,-8992,-1656,13556,-93,50,-206,-25345,16384,-13057,-28617,11842,12540,1024,1022,1024,
26,821036800,-9048,-1656,13616,-127,42,-224,-24833,16384,-12033,-17329,-30884,16623,1024,1022,1024,
26,1223689984,-9016,-1516,13672,-99,47,-218,-24065,15616,-14849,22077,32766,20686,1024,1022,1024,
26,1643120384,-8992,-1640,13612,-94,30,-222,-25089,17664,-15361,16969,-1820,29804,1024,1022,1024,
26,2045773568,-9088,-1540,13480,-121,34,-205,-25089,17664,-14337,-19629,8868,-5826,1024,1022,1024,
26,2448426752,-9096,-1644,13572,-114,43,-185,-25089,16128,-12801,1340,-9670,15959,1024,1022,1024,
26,2851079936,-9020,-1680,13688,-115,46,-212,-25601,16128,-15361,32247,-21839,-3786,1024,1021,1024,
26,3270510336,-9052,-1532,13580,-85,31,-191,-24321,15872,-13057,12353,17343,-3825,1024,1022,1024,
26,3689940736,-8944,-1596,13580,-105,19,-197,-23809,15872,-13569,16213,11594,-30949,1024,1022,1024,
26,4092593920,-8968,-1696,13672,-89,35,-232,-24065,16128,-14337,-26350,-30451,-16022,1024,1022,1024,
26,217122560,-8932,-1528,13632,-103,40,-217,-25345,17408,-14081,16000,-79,25234,1024,1023,1024,
26,602998528,-9008,-1612,13600,-133,45,-205,-23041,16128,-13825,14389,23524,-26689,1024,1022,1024,
26,1022428928,-9032,-1628,13504,-112,57,-226,-24577,17152,-14337,-29416,10271,19867,1024,1022,1024,
26,1425082112,-9032,-1516,13504,-108,33,-214,-25601,16640,-14849,12279,11939,-31402,1024,1022,1024,
26,1844512512,-9020,-1596,13628,-104,41,-202,-24577,17664,-13825,21448,-15006,-11065,1024,1022,1024,
26,2263942912,-9008,-1620,13612,-100,70,-216,-26369,16384,-13569,485,6908,-12259,1024,1022,1024,
26,2649818880,-9080,-1640,13556,-92,16,-201,-25089,17152,-14337,-16641,691,-2824,1024,1022,1024,
26,3069249280,-9056,-1568,13628,-107,45,-210,-25089,15104,-13825,-2841,-24151,29930,1024,1022,1024,
26,3471902464,-9036,-1592,13528,-105,27,-196,-24321,15360,-14081,31184,-25671,5861,1024,1022,1024,
26,3891332864,-8956,-1700,13652,-103,27,-200,-25089,16128,-13313,-15352,31587,393,1024,1022,1024,
26,15861504,-9012,-1552,13544,-95,49,-198,-25345,17408,-14081,30210,22562,-8345,1024,1022,1024,
26,401737472,-9088,-1588,13604,-88,53,-209,-24833,16896,-14593,5858,4558,-25964,1024,1022,1024,
26,821167872,-9024,-1532,13672,-124,39,-182,-24065,17664,-14849,810,-2109,-13038,1024,1022,1024,
26,1223821056,-9004,-1548,13628,-88,40,-202,-24833,16896,-13057,-2115,-15789,-125,1024,1022,1024,
26,1643251456,-9028,-1600,13636,-120,56,-210,-26881,16896,-14081,8630,-8313,-17546,1024,1022,1024,
26,2045904640,-8880,-1596,13540,-103,10,-205,-25089,15104,-13825,24732,23648,-5618,1024,1022,1024,
26,2448557824,-9036,-1564,13732,-119,50,-223,-25089,16128,-13825,-10153,-5516,7554,1024,1022,1024,
26,2851211008,-8948,-1536,13604,-131,47,-210,-25601,16128,-15361,29095,-11149,29034,1024,1021,1024,
26,3270641408,-9028,-1616,13672,-111,23,-178,-25601,16128,-13313,10365,-11676,-13562,1024,1022,1024,
26,3690071808,-9020,-1584,13496,-108,23,-197,-24833,15872,-14081,6691,5983,-23335,1024,1022,1024,
26,4092724992,-9096,-1688,13548,-121,46,-233,-24833,17920,-14081,16525,8115,-12645,1024,1022,1024,
26,217253632,-9116,-1512,13596,-93,16,-198,-25089,16640,-14849,-17411,30656,-23214,1024,1021,1024,
26,603129600,-8988,-1680,13752,-108,20,-221,-25345,16384,-14593,17636,4592,21484,1024,1022,1024,
26,1022560000,-8884,-1676,13156,-154,-77,-205,-25601,16128,-13313,-6843,-20523,-9751,1024,1021,1024,
26,1425213184,-8916,-1620,13600,-122,87,-213,-24833,15360,-13569,26913,16405,-9862,1024,1022,1024,
26,1844643584,-9032,-1564,13728,-132,30,-219,-25345,16384,-13569,-28941,63,19347,1024,1021,1024,
26,2264073984,-9028,-1688,13644,-105,55,-247,-24065,16128,-13825,-10345,11422,32754,1024,1022,1024,
26,2649949952,-9020,-1536,13568,-59,39,-181,-26113,17152,-14337,11092,18327,15897,1024,1021,1024,
26,3069380352,-8952,-1592,13544,-123,30,-200,-25601,15616,-13825,-23888,-3155,-28283,1024,1022,1024,
26,3472033536,-9016,-1536,13468,-107,42,-204,-24833,16384,-13057,-13155,-4414,14083,1024,1021,1024,
26,3891463936,-9004,-1620,13692,-120,20,-179,-24833,16384,-13057,-11008,4545,19646,1024,1022,1024,
26,15992576,-9092,-1496,13612,-87,52,-228,-25089,16128,-14337,6485,22004,22990,1024,1021,1024,
26,401868544,-8924,-1552,13404,-110,43,-222,-25857,15872,-14593,14510,27280,-12216,1024,1022,1024,
26,821298944,-8964,-1632,13672,-106,28,-209,-25857,15360,-14593,22987,22766,-17271,1024,1021,1024,
26,1223952128,-8976,-1660,13660,-109,31,-214,-24833,17408,-13057,29873,-5944,17498,1024,1022,1024,
26,1643382528,-9060,-1572,13536,-104,45,-211,-24577,17152,-13825,-23534,11649,-21381,1024,1021,1024,
26,2046035712,-9136,-1540,13520,-147,-63,-211,-24321,17920,-13057,21098,-5918,524,1024,1022,1024,
26,2448688896,-9028,-1556,13632,-128,44,-222,-23553,17152,-14337,-28097,-31427,1140,1024,1021,1024,
26,2851342080,-9008,-1584,13584,-89,31,-222,-25601,16640,-14337,-26233,500,-6143,1024,1022,1024,
26,3270772480,-9044,-1532,13588,-98,48,-207,-24833,16896,-13569,20375,5360,-13075,1024,1021,1024,
26,3690202880,-9052,-1596,13480,-99,29,-219,-24065,16640,-14337,-30550,-4057,-17581,1024,1022,1024,
26,4092856064,-9004,-1552,13592,-97,60,-233,-26113,16640,-13825,-5945,5052,-8096,1024,1022,1024,
26,217384704,-9016,-1668,13640,-101,11,-216,-25089,16640,-14337,-5596,1854,14740,1024,1022,1024,
26,603260672,-9016,-1600,13624,-97,27,-193,-26113,17664,-15361,23923,-1941,-5314,1024,1022,1024,
26,1022691072,-9084,-1568,13512,-71,38,-187,-24833,15360,-13057,-7001,12732,-5125,1024,1022,1024,
26,1425344256,-9048,-1580,13680,-119,25,-208,-25601,17664,-13825,24206,-30661,27436,1024,1022,1024,
26,1844774656,-9048,-1624,13552,-109,39,-213,-25089,17152,-14337,21968,-24556,-26605,1024,1022,1024,
26,2264205056,-9044,-1628,13688,-95,37,-205,-25601,16640,-14849,9280,-22874,-1154,1024,1022,1024,
26,2650081024,-9048,-1572,13576,-102,56,-205,-25345,16896,-13569,-14423,22059,25976,1024,1022,1024,
26,3069511424,-9104,-1632,13692,-85,44,-182,-25601,17152,-13313,31899,-962,28721,1024,1022,1024,
26,3472164608,-9068,-1600,13676,-87,29,-195,-25089,16640,-13825,-3781,-27833,-21707,1024,1022,1024,
26,3891595008,-9016,-1596,13596,-105,31,-190,-26369,16384,-15105,-12812,-862,8777,1024,1022,1024,
26,16123648,-8912,-1616,13440,-93,48,-213,-25857,16896,-13569,-25542,12597,-12564,1024,1022,1024,
26,401999616,-9000,-1592,13548,-116,39,-193,-24833,15872,-15105,1429,7811,22358,1024,1022,1024,
26,821430016,-9052,-1604,13492,-132,58,-216,-25089,17152,-13825,-24326,2592,-7775,1024,1022,1024,
26,1224083200,-8976,-1548,13608,-101,49,-190,-26369,15872,-14081,-16128,2736,-12621,1024,1022,1024,
26,1643513600,-9080,-1580,13544,-93,43,-215,-25601,16128,-13825,-7399,14110,21356,1024,1022,1024,
26,2046166784,-8948,-1568,13604,-121,3,-197,-24577,15104,-14337,10277,-9081,18464,1024,1022,1024,
26,2448819968,-8968,-1620,13660,-89,51,-198,-25857,16384,-13569,32182,30975,-31875,1024,1022,1024,
26,2851473152,-8976,-1528,13704,-96,29,-219,-26369,16896,-14081,-27673,15962,14718,1024,1021,1024,
26,3270903552,-9004,-1596,13600,-98,16,-211,-25089,17152,-13825,-14753,13852,12728,1024,1022,1024,
26,3690333952,-8980,-1544,13560,-109,52,-219,-25857,17408,-15105,29238,-1699,384,1024,1022,1024,
26,4092987136,-9008,-1588,13688,-103,17,-217,-24577,16128,-13825,-18530,-1763,1065,1024,1022,1024,
26,217515776,-8876,-1656,13628,-93,1,-189,-25345,18432,-14593,-8451,-11180,-31252,1024,1022,1024,
26,603391744,-9068,-1520,13668,-94,47,-185,-24833,16896,-13057,-9050,-15700,21850,1024,1022,1024,
26,1022822144,-9048,-1604,13560,-108,9,-220,-25089,16128,-13313,-15504,8109,19497,1024,1022,1024,
26,1425475328,-8988,-1544,13408,-126,34,-181,-24577,16640,-14337,27725,-3497,25972,1024,1022,1024,
26,1844905728,-8944,-1592,13488,-77,52,-216,-24577,16128,-14337,-5013,3319,-4403,1024,1022,1024,
26,2264336128,-8988,-1604,13648,-131,6,-235,-26113,16128,-14337,-833,-31783,-20481,1024,1022,1024,
26,2650212096,-8996,-1564,13584,-98,47,-203,-24833,15872,-13569,6895,-26,-32767,1024,1022,1024,
26,3069642496,-9052,-1600,13664,-109,40,-199,-25857,16896,-13057,-10383,-6489,-31688,1024,1022,1024,
26,3472295680,-9024,-1624,13484,-94,69,-197,-25857,15872,-15105,-29119,-9196,-8900,1024,1023,1024,
26,3891726080,-8936,-1556,13468,-112,30,-181,-25345,16896,-13057,15646,13836,3406,1024,1022,1024,
26,16254720,-9060,-1636,13524,-134,35,-187,-24577,16640,-13313,-19393,16804,-21768,1024,1022,1024,
26,402130688,-9064,-1580,13668,-89,51,-197,-26881,16896,-13569,-28374,25065,-12693,1024,1022,1024,
26,821561088,-9016,-1560,13484,-86,40,-205,-24577,16640,-13825,5,-1358,-1083,1024,1022,1024,
26,1224214272,-8968,-1620,13540,-127,36,-214,-24577,17152,-13825,-1025,19400,-2189,1024,1022,1024,
26,1643644672,-9020,-1564,13516,-101,63,-227,-24833,16896,-14593,-9723,5969,28546,1024,1022,1024,
26,2046297856,-9020,-1512,13472,-125,-5,-198,-24833,14848,-13569,2021,-29948,17148,1024,1023,1024,
26,2465728256,-8964,-1628,13544,-111,32,-225,-26113,16640,-14849,-2219,-27268,7398,1024,1022,1024,
26,2851604224,-8996,-1620,13656,-109,49,-207,-25601,15616,-13825,32602,-16231,8498,1024,1023,1024,
26,3271034624,-8980,-1552,13628,-114,69,-215,-25857,16384,-13569,4257,27905,7777,1024,1022,1024,
26,3690465024,-8972,-1524,13560,-98,37,-188,-24577,16640,-14849,-20056,10318,-11065,1024,1023,1024,
26,4093118208,-9036,-1600,13668,-130,45,-231,-25601,16640,-13825,1547,25469,-5508,1024,1022,1024,
26,217646848,-9160,-1524,13564,-82,31,-199,-25345,16384,-15617,-22816,-10569,13266,1024,1023,1024,
26,603522816,-8948,-1588,13604,-85,5,-185,-25089,17152,-13313,22217,24998,-26197,1024,1022,1024,
26,1022953216,-9028,-1660,13624,-111,47,-179,-25857,16896,-14081,19014,-2780,-14331,1024,1023,1024,
26,1425606400,-9084,-1580,13708,-91,54,-184,-25601,15104,-13825,23855,-29736,-21523,1024,1022,1024,
26,1845036800,-9024,-1700,13636,-103,30,-213,-23809,15360,-13569,28860,-24674,20179,1024,1023,1024,
26,2264467200,-9020,-1652,13672,-107,42,-218,-24065,15616,-13313,17025,-4392,19646,1024,1022,1024,
26,2650343168,-9016,-1612,13552,-84,20,-207,-24833,16384,-13569,-24125,-22972,-12806,1024,1022,1024,
26,3069773568,-9116,-1476,13568,-86,40,-222,-25601,16128,-13313,2175,108,-8820,1024,1022,1024,
26,3472426752,-9032,-1612,13572,-92,104,-201,-24065,16128,-14337,15986,-536,12897,1024,1022,1024,
26,3891857152,-9128,-1636,13416,-118,18,-208,-26369,16384,-13057,15827,-25507,-20187,1024,1022,1024,
26,16385792,-9092,-1624,13452,-91,50,-201,-25857,16384,-14593,6332,6903,-28828,1024,1022,1024,
26,402261760,-9080,-1632,13536,-92,47,-220,-24577,16640,-13313,380,6526,25586,1024,1022,1024,
26,821692160,-9064,-1628,13548,-114,47,-181,-25345,16896,-14593,26817,-20163,11282,1024,1022,1024,
26,1224345344,-9048,-1596,13528,-119,-29,-212,-24833,16384,-14081,598,-30285,-13934,1024,1022,1024,
26,1643775744,-8912,-1632,13496,-116,-7,-218,-24833,15872,-13569,13889,-25710,9883,1024,1022,1024,
26,2046428928,-9084,-1460,13568,-84,28,-207,-25089,16640,-12801,-16780,22242,19003,1024,1022,1024,
26,2449082112,-9064,-1600,13708,-112,66,-217,-25857,16896,-14081,11394,-15522,25230,1024,1022,1024,
26,2851735296,-9336,-1692,14468,59,555,-109,-24833,16896,-13569,4855,23379,28979,1024,1022,1024,
26,3271165696,-9032,-1676,13740,-90,37,-194,-25345,16384,-14593,-28889,-12380,-18502,1024,1022,1024,
26,3690596096,-9112,-1620,13612,-113,34,-207,-26113,16640,-12801,-20297,23812,1283,1024,1022,1024,
26,4093249280,-9012,-1568,13420,-100,20,-206,-25089,16128,-14337,-17017,-31230,2066,1024,1022,1024,
26,217777920,-8904,-1660,13616,-92,21,-208,-25345,16896,-14081,5792,6340,-25259,1024,1022,1024,
26,603653888,-8908,-1580,13492,-101,-26,-207,-23809,17408,-13569,-13364,-5535,15904,1024,1022,1024,
26,1023084288,-9096,-1620,13524,-98,48,-194,-25345,16384,-13057,-9267,-30490,19136,1024,1022,1024,
26,1425737472,-9144,-1624,13760,-114,36,-197,-26625,16640,-12801,15393,-6694,31039,1024,1022,1024,
26,1845167872,-9180,-1624,13684,-123,18,-207,-25089,15616,-14849,28408,-22336,-4416,1024,1022,1024,
26,2264598272,-9176,-1576,13592,-119,32,-226,-24065,15616,-13825,-17843,-15571,-5500,1024,1022,1024,
26,2650474240,-8976,-1632,13600,-94,24,-213,-25857,15872,-13057,8016,-32619,14497,1024,1022,1024,
26,3069904640,-9092,-1652,13592,-111,27,-221,-26113,15616,-14337,3845,-13952,7306,1024,1022,1024,
26,3472557824,-9092,-1636,13568,-108,24,-211,-25089,15616,-13313,-9549,-15470,-14725,1024,1022,1024,
26,3891988224,-9012,-1600,13532,-135,38,-193,-24833,15872,-15105,19562,971,12440,1024,1022,1024,
26,16516864,-9040,-1744,13648,-118,44,-216,-25345,15872,-12545,5142,-3442,272,1024,1022,1024,
26,402392832,-9036,-1640,13520,-105,58,-202,-26625,16640,-14337,30576,14867,32454,1024,1022,1024,
26,821823232,-9080,-1552,13704,-113,41,-206,-25345,16896,-13569,-10452,-18341,55,1024,1022,1024,
26,1224476416,-8964,-1608,13604,-95,27,-230,-25089,17152,-14337,-9221,-5377,10027,1024,1022,1024,
26,1643906816,-9028,-1552,13644,-101,15,-216,-25601,15104,-13825,-18320,-4526,-1754,1024,1022,1024,
26,2046560000,-9040,-1568,13532,-100,27,-204,-25345,16384,-14593,-7838,1105,3375,1024,1022,1024,
26,2449213184,-9020,-1548,13560,-114,32,-199,-25345,16896,-13569,19862,32268,-23744,1024,1022,1024,
26,2851866368,-9052,-1648,13568,-93,22,-183,-25857,15872,-14593,18927,9431,-6145,1024,1022,1024,
26,3271296768,-9088,-1620,13556,-112,39,-212,-24833,15872,-14593,-18392,-4613,-24391,1024,1022,1024,
26,3690727168,-9044,-1580,13660,-83,63,-201,-26113,16128,-13313,-5094,16988,-5204,1024,1022,1024,
26,4093380352,-9108,-1572,13512,-111,21,-231,-26113,17152,-13825,-26934,17454,28634,1024,1021,1024,
26,201131776,-9036,-1660,13660,-112,37,-201,-25857,17408,-14593,5686,-6077,-22423,1024,1022,1024,
26,603784960,-8992,-1620,13648,-127,30,-211,-25345,15360,-15617,-20950,24378,4895,1024,1022,1024,
26,1023215360,-9004,-1580,13720,-121,39,-187,-25601,16640,-13825,2212,2571,4069,1024,1022,1024,
26,1425868544,-9008,-1580,13652,-99,30,-195,-25345,16896,-13569,18403,21526,-22364,1024,1021,1024,
26,1845298944,-8952,-1592,13600,-84,28,-188,-26113,17152,-13825,20088,27179,31589,1024,1022,1024,
26,2264729344,-8992,-1560,13636,-110,33,-212,-26369,17920,-15617,30366,17448,26744,1024,1022,1024,
26,2650605312,-8968,-1556,13520,-92,41,-188,-25089,16640,-14337,30741,-3853,6978,1024,1022,1024,
26,3070035712,-8952,-1620,13572,-103,11,-213,-24321,17920,-14081,-13297,-32198,12529,1024,1022,1024,
26,3472688896,-9136,-1516,13700,-119,-29,-246,-25345,16896,-13569,-7569,-28696,27068,1024,1022,1024,
26,3892119296,-9016,-1596,13544,-94,23,-210,-24321,15872,-12545,-3212,-2839,4206,1024,1022,1024,
26,16647936,-9080,-1636,13744,-95,72,-198,-25089,17152,-14337,23079,-32434,14906,1024,1022,1024,
26,402523904,-9040,-1592,13692,-124,-24,-238,-24065,15616,-14337,-2748,-1851,-2542,1024,1022,1024,
26,821954304,-8632,-1692,13612,-6,384,-170,-25601,15616,-14337,15665,-28769,-21118,1024,1022,1024,
26,1224607488,-8796,-1780,13312,60,204,-217,-23297,16896,-14593,15976,21106,-28434,1024,1023,1024,
26,1644037888,-9148,-1592,13700,-65,107,-174,-25601,15104,-13313,-32153,17859,-15253,1024,1022,1024,
26,2046691072,-8956,-1660,13560,-123,21,-228,-25345,15872,-14081,-1794,5321,-9708,1024,1022,1024,
26,2449344256,-9040,-1568,13644,-103,15,-214,-26625,17152,-13825,2510,-7373,-11830,1024,1022,1024,
26,2851997440,-8944,-1464,13612,-86,18,-213,-25857,15872,-14081,-14522,-7531,-12268,1024,1022,1024,
26,3271427840,-8976,-1660,13668,-93,39,-189,-25089,16128,-13825,-717,23198,-2591,1024,1022,1024,
26,3690858240,-9016,-1692,13560,-106,43,-221,-25345,17408,-15105,11777,1242,-20133,1024,1022,1024,
26,4093511424,-8944,-1640,13548,-105,52,-205,-24065,16640,-12801,-2153,1838,-31710,1024,1022,1024,
26,201262848,-9064,-1732,13740,-97,27,-215,-24833,16896,-14081,27541,23060,-26468,1024,1022,1024,
26,603916032,-9000,-1632,13568,-124,30,-184,-25089,16640,-13825,-20403,-17589,-14052,1024,1022,1024,
26,1023346432,-8980,-1528,13520,-111,28,-184,-25345,16896,-14081,-2003,-1096,3584,1024,1022,1024,
26,1425999616,-8996,-1560,13552,-114,26,-198,-25601,14592,-14337,-12681,6705,-20262,1024,1022,1024,
26,1845430016,-8948,-1472,13624,-87,22,-191,-23809,16896,-13569,21777,9237,-23650,1024,1022,1024,
26,2264860416,-9020,-1592,13552,-102,37,-187,-24833,16384,-15105,29281,32158,22628,1024,1022,1024,
26,2650736384,-9024,-1644,13544,-126,61,-218,-24833,17408,-15105,-12876,-1945,23822,1024,1022,1024,
26,3070166784,-8980,-1488,13572,-95,45,-195,-24833,15872,-14593,4067,-21498,-10077,1024,1021,1024,
26,3472819968,-9060,-1576,13604,-128,34,-202,-25345,16384,-15617,-10308,7832,-13927,1024,1022,1024,
26,3892250368,-9144,-1628,13548,-89,24,-216,-23809,16384,-13569,-29352,-24416,-944,1024,1022,1024,
26,2048,-9084,-1648,13724,-101,40,-204,-25089,17152,-13825,-29871,2309,-6744,1024,1022,1024,
26,385878016,-9032,-1568,13596,-108,49,-233,-26113,16128,-13313,-25571,22806,30890,1024,1021,1024,
26,805308416,-8952,-1592,13548,-91,27,-200,-25857,18432,-15105,9390,23459,32492,1024,1022,1024,
26,1207961600,-8996,-1608,13676,-103,19,-229,-26113,16640,-14849,-30629,-24219,-2306,1024,1022,1024,
26,1627392000,-9016,-1688,13584,-109,19,-228,-25601,16640,-13825,-16856,24183,4401,1024,1022,1024,
26,2030045184,-8972,-1580,13676,-110,34,-202,-25857,15872,-13569,27547,26530,3113,1024,1021,1024,
26,2432698368,-9072,-1688,13624,-120,52,-213,-25601,16128,-13313,-29325,7429,-7140,1024,1022,1024,
26,2835351552,-8932,-1684,13644,-78,63,-207,-25345,15872,-14593,-29133,21939,8229,1024,1021,1024,
26,3254781952,-8996,-1640,13672,-111,51,-193,-25857,16384,-14081,2325,-32274,-14267,1024,1022,1024,
26,3674212352,-9104,-1568,13516,-111,49,-206,-24321,16896,-14081,18719,-9487,8352,1024,1021,1024,
26,4076865536,-9104,-1588,13504,-102,14,-197,-24833,17408,-14081,-26315,-31692,-171,1024,1022,1024,
26,184616960,-9044,-1632,13516,-91,54,-188,-26113,17664,-13825,20969,27035,4450,1024,1021,1024,
26,587270144,-9052,-1584,13608,-99,24,-195,-24833,16896,-14081,27871,25611,-11070,1024,1022,1024,
26,1006700544,-8896,-1492,13576,-97,26,-199,-24577,15104,-13825,-21666,13621,-6970,1024,1021,1024,
26,1409353728,-8964,-1648,13880,-123,55,-213,-26369,16384,-14081,-17593,-11502,23984,1024,1022,1024,
26,1828784128,-9060,-1600,13600,-113,29,-200,-26369,17408,-14593,-23691,-6476,27801,1024,1022,1024,
26,2248214528,-9092,-1556,13532,-101,56,-207,-24321,16896,-14081,31215,-31597,25384,1024,1022,1024,
26,2634090496,-9056,-1568,13572,-101,58,-215,-25089,15616,-14337,12040,-1172,-24597,1024,1022,1024,
26,3053520896,-9100,-1564,13612,-111,24,-197,-27137,15104,-13825,-24813,-23668,-14470,1024,1022,1024,
26,3456174080,-8948,-1584,13524,-105,63,-228,-24321,16384,-15105,17997,7888,4941,1024,1022,1024,
26,3875604480,-9024,-1568,13700,-93,63,-214,-25089,17152,-13825,20925,-23757,31605,1024,1022,1024,
26,133120,-9000,-1580,13560,-107,53,-208,-25601,15104,-14337,-32317,-18031,2780,1024,1022,1024,
26,386009088,-8924,-1700,13808,-119,8,-214,-27393,16384,-13569,10814,32709,-23825,1024,1022,1024,
26,805439488,-9012,-1596,13448,-103,2,-196,-24577,16640,-13313,-28657,-10441,3722,1024,1022,1024,
26,1208092672,-9136,-1568,13608,-96,51,-183,-24577,15104,-13825,15769,16562,-19686,1024,1022,1024,
26,1627523072,-9096,-1664,13552,-114,66,-193,-24065,17152,-14337,6910,-15821,-19330,1024,1022,1024,
26,2030176256,-9016,-1556,13524,-111,36,-192,-25857,15872,-14081,-12386,12019,-31306,1024,1022,1024,
26,2432829440,-8976,-1572,13532,-79,17,-229,-25345,15872,-15105,-263,16234,3350,1024,1022,1024,
26,2835482624,-9000,-1592,13472,-123,50,-200,-25089,16640,-14337,17339,-6228,29444,1024,1022,1024,
26,3254913024,-8980,-1540,13660,-116,37,-187,-25857,16384,-14593,-11184,-5292,-29569,1024,1022,1024,
26,3674343424,-9092,-1564,13612,-101,54,-217,-25857,16384,-14081,-30804,19413,22416,1024,1022,1024,
26,4076996608,-9020,-1608,13604,-113,37,-211,-25601,16128,-14337,-5517,23992,-25583,1024,1022,1024,
26,184748032,-8980,-1592,13488,-100,77,-197,-25345,17920,-14081,-16683,11105,11877,1024,1022,1024,
26,587401216,-9128,-1556,13540,-95,24,-219,-25857,15872,-13057,13680,661,-16602,1024,1022,1024,
26,1006831616,-9048,-1616,13572,-105,22,-209,-25601,17664,-13825,-526,-9250,312,1024,1022,1024,
26,1409484800,-8864,-1604,13496,-106,21,-217,-24577,16128,-14337,13440,29349,2933,1024,1022,1024,
26,1828915200,-9064,-1652,13684,-91,26,-213,-24833,15872,-13057,25098,-12067,-29452,1024,1022,1024,
26,2248345600,-8964,-1616,13628,-119,10,-209,-25089,16128,-13825,-1372,-11007,-12724,1024,1022,1024,
26,2634221568,-8964,-1652,13536,-124,63,-217,-25857,16896,-14593,-1499,14744,24038,1024,1022,1024,
26,3053651968,-9104,-1652,13564,-86,35,-199,-25601,17152,-14337,-1414,730,30371,1024,1022,1024,
26,3456305152,-9004,-1608,13576,-74,56,-212,-25601,15616,-14337,-28262,-22921,30318,1024,1021,1024,
26,3875735552,-9192,-1592,13604,-92,50,-210,-25601,16640,-13825,1228,-22259,-20371,1024,1021,1024,
26,264192,-9124,-1552,13684,-100,71,-202,-24833,15360,-14081,-4426,-26796,8421,1024,1021,1024,
26,386140160,-9028,-1568,13456,-94,48,-216,-26369,16896,-14593,19312,28706,5270,1024,1021,1024,
26,805570560,-8896,-1668,13624,-72,65,-192,-24833,15872,-13057,-14425,-16714,15172,1024,1021,1024,
26,1208223744,-9068,-1580,13468,-117,75,-217,-25601,17152,-14337,-24601,-26262,-24080,1024,1022,1024,
26,1627654144,-9164,-1564,13668,-118,51,-194,-25345,16384,-14593,-25353,14025,3347,1024,1021,1024,
26,2030307328,-9060,-1612,13672,-123,53,-195,-25345,15872,-13569,3477,-5896,6726,1024,1022,1024,
26,2432960512,-8992,-1628,13716,-94,13,-199,-25601,17664,-13825,-28187,-3185,20467,1024,1022,1024,
26,2835613696,-9052,-1640,13692,-101,40,-209,-25089,17152,-14337,-28654,-21743,30664,1024,1022,1024,
26,3255044096,-8908,-1636,13556,-119,13,-210,-25345,15872,-15617,-20934,2734,-5964,1024,1021,1024,
26,3674474496,-9016,-1548,13640,-114,60,-236,-25345,16384,-15105,12643,-25220,-11560,1024,1021,1024,
26,4077127680,-9092,-1680,13488,-109,-3,-204,-25857,16384,-14593,-27848,-12705,-7768,1024,1021,1024,
26,184879104,-9036,-1508,13688,-103,55,-221,-25601,16128,-13825,1633,2000,-26059,1024,1022,1024,
26,587532288,-8944,-1608,13540,-101,34,-202,-25089,17664,-14849,-23758,20598,-14961,1024,1022,1024,
26,1006962688,-7968,-328,13920,-1224,966,-797,-25345,17920,-13057,20477,-23598,16153,1024,1022,1024,
26,1409615872,-12064,-208,15512,674,52,143,-25601,16640,-15361,-16748,-27360,-2272,1024,1022,1024,
26,1829046272,-8552,-1484,13584,-358,68,-226,-25601,16640,-14337,-1346,-31811,-1456,1024,1022,1024,
26,2248476672,-9172,-1716,13592,-88,25,-214,-26625,17664,-14849,22091,6473,13450,1024,1023,1024,
26,2634352640,-9404,-1820,13752,46,-32,-148,-25345,14848,-14081,-90,-25969,18402,1024,1022,1024,
26,3053783040,-9288,-1928,13640,815,-751,322,-26113,15104,-13313,31730,-25287,6225,1024,1023,1024,
26,3456436224,-8640,-1148,13720,558,-548,138,-26113,16128,-14849,13595,16521,-24883,1024,1022,1024,
26,3875866624,-8880,-1368,13640,-519,425,-440,-25601,16640,-15873,13304,-24189,13188,1024,1022,1024,
26,395264,-9236,-1892,13656,-439,342,-395,-24065,15616,-15361,-6640,-14756,-7093,1024,1022,1024,
26,386271232,-9012,-1684,13632,65,-90,-106,-24321,16384,-14081,6335,20459,-30999,1024,1023,1024,
26,805701632,-9044,-1652,13576,-190,113,-237,-25089,16640,-14337,16782,-29825,-13354,1024,1022,1024,
26,1208354816,-9064,-1716,13516,-12,-41,-135,-26113,17152,-14337,-4779,4842,-31593,1024,1023,1024,
26,1627785216,-8908,-1556,13776,-30,-49,-148,-25601,17152,-14849,22499,17135,10552,1024,1022,1024,
26,2030438400,-8904,-1500,13620,-185,103,-248,-26625,16128,-13825,21036,-27925,4295,1024,1023,1024,
26,2433091584,-9148,-1664,13620,-127,46,-238,-25857,15360,-14081,12123,-16905,20823,1024,1022,1024,
26,2835744768,-8744,-1288,13512,-388,265,-341,-25089,15616,-13313,29048,21696,20218,1024,1023,1024,
26,3255175168,-9076,-1624,13632,-976,822,-705,-25089,16640,-13825,15555,-5175,-2840,1024,1022,1024,
26,3674605568,-8044,-1172,13328,-130,-150,-140,-25089,15616,-14337,23700,14416,-11983,1024,1023,1024,
26,4077258752,-9444,-1732,13604,-157,166,-263,-24065,16640,-14337,-26780,13654,-5407,1024,1022,1024,
26,185010176,-9024,-1664,13492,-103,9,-207,-25601,17152,-14337,-1962,3905,-19026,1024,1023,1024,
26,587663360,-9012,-1692,13436,-94,41,-211,-25601,15616,-13825,19199,-6438,5640,1024,1022,1024,
26,1007093760,-8988,-1684,13636,-103,27,-228,-25089,15616,-14849,6452,-13078,-18866,1024,1022,1024,
26,1409746944,-9044,-1732,13496,-124,57,-203,-24321,16384,-14593,25631,-2481,-9438,1024,1022,1024,
26,1829177344,-9028,-1748,13736,-80,0,-202,-26113,17664,-15873,-16611,12754,3881,1024,1022,1024,
26,2248607744,-9124,-1644,13572,-104,18,-182,-25345,16384,-13057,-978,23421,-22687,1024,1022,1024,
26,2634483712,-9212,-1700,13536,94,-139,-90,-25089,16640,-14337,28623,22004,-9923,1024,1022,1024,
26,3053914112,-8892,-1520,13612,-33,-4,-172,-24833,16896,-15617,23899,-11511,3733,1024,1023,1024,
26,3456567296,-9192,-1844,13668,-131,79,-205,-24833,15872,-14081,2940,10681,-8140,1024,1022,1024,
26,3875997696,-9004,-1676,13496,176,-177,-45,-25601,16128,-13825,-22396,-713,20592,1024,1022,1024,
26,526336,-9036,-1512,13628,0,-88,-162,-25089,16128,-14337,14831,10715,11769,1024,1022,1024,
26,386402304,-8952,-1580,13752,-249,174,-292,-24577,17152,-13825,-32541,14850,-27974,1024,1022,1024,
26,805832704,-9228,-1656,13512,-246,180,-291,-25601,16640,-13825,-2304,21900,8346,1024,1022,1024,
26,1208485888,-9036,-1776,13416,-60,23,-195,-25089,16640,-13825,-25132,28941,23777,1024,1023,1024,
26,1627916288,-9128,-1548,13416,90,-261,-165,-24321,15872,-14081,-30045,-10628,-715,1024,1022,1024,
26,2030569472,-8840,-1568,13588,-6,-37,-180,-24065,16128,-14337,25301,-11792,-31539,1024,1022,1024,
26,2433222656,-9064,-1772,13464,-15,-61,-145,-26113,16640,-14337,-15370,-4000,-10135,1024,1022,1024,
26,2835875840,-9000,-1452,13440,5,-31,-162,-25345,16384,-14593,-3253,32220,-16712,1024,1022,1024,
26,3255306240,-8952,-1560,13684,-167,58,-205,-25345,16896,-14593,20826,16506,16355,1024,1022,1024,
26,3674736640,-9100,-1560,13616,-205,168,-280,-25857,16896,-14081,-28010,15706,-21914,1024,1022,1024,
26,4077389824,-8944,-1648,13496,-177,116,-266,-25089,15616,-13825,13783,31972,11999,1024,1022,1024,
26,185141248,-9120,-1712,13536,-101,60,-201,-25345,15360,-14593,-7723,6162,-3195,1024,1022,1024,
26,587794432,-8880,-1488,13644,-199,159,-288,-25089,16640,-14337,16865,25830,2147,1024,1022,1024,
26,1007224832,-9200,-1812,13684,-402,267,-366,-23809,17920,-15617,22222,-22801,-18314,1024,1022,1024,
26,1409878016,-8980,-1680,13408,-153,96,-218,-24065,16640,-15361,30068,-5782,26673,1024,1022,1024,
26,1829308416,-9128,-1652,13568,-180,72,-220,-24065,17152,-14337,-22658,-6268,15361,1024,1022,1024,
26,2248738816,-9028,-1784,13416,-110,25,-229,-24321,15872,-14593,5859,18781,13923,1024,1022,1024,
26,2634614784,-9072,-1836,13512,19,-70,-124,-24577,16128,-13825,21348,-28488,13299,1024,1022,1024,
26,3054045184,-9020,-1576,13516,146,-188,-61,-26113,15616,-13825,-12095,21614,16785,1024,1022,1024,
26,3456698368,-9032,-1712,13456,-6,-59,-149,-26369,15360,-13569,23636,24543,28614,1024,1022,1024,
26,3876128768,-9244,-1792,13528,496,-537,116,-23809,16896,-12545,3479,-3580,7614,1024,1022,1024,
26,657408,-8600,-1124,13812,249,-294,-17,-25089,17152,-14337,23786,17501,-5029,1024,1022,1024,
26,386533376,-8848,-1424,13808,-617,499,-510,-24833,16896,-13569,27427,-23751,-32001,1024,1022,1024,
26,805963776,-9212,-1948,13544,-346,272,-371,-25601,17152,-14849,-16189,24414,-5908,1024,1022,1024,
26,1208616960,-9156,-1712,13472,279,-317,-3,-25345,15360,-14593,-28094,-18202,9332,1024,1022,1024,
26,1628047360,-8872,-1352,13628,46,-86,-144,-25345,16384,-15105,-1012,-24667,-21154,1024,1023,1024,
26,2030700544,-9052,-1520,13536,-336,269,-321,-25857,17408,-14593,6560,7836,-14515,1024,1022,1024,
26,2433353728,-9056,-1816,13544,-193,120,-246,-24321,15872,-13569,14539,18662,16156,1024,1022,1024,
26,2836006912,-9128,-1612,13572,98,-133,-110,-24833,16896,-13569,32426,-28138,-512,1024,1022,1024,
26,3255437312,-8940,-1408,13776,-72,-4,-191,-24833,16896,-13057,24437,17978,23680,1024,1022,1024,
26,3674867712,-9020,-1628,13716,-201,115,-269,-25345,15360,-14081,11082,15414,-17747,1024,1022,1024,
26,4077520896,-9100,-1752,13708,-108,15,-187,-25345,16384,-13569,18218,19016,3037,1024,1022,1024,
26,185272320,-8992,-1720,13428,-21,-21,-176,-25601,17152,-13825,-30128,10707,-22999,1024,1022,1024,
26,587925504,-8880,-1536,13796,-132,17,-237,-24065,16128,-14337,-5313,12620,11296,1024,1022,1024,
26,1007355904,-9040,-1640,13624,-139,59,-242,-26113,16640,-12801,-25991,-30791,-29962,1024,1022,1024,
26,1410009088,-9044,-1664,13728,-79,33,-194,-25345,16384,-13569,13259,1770,-26539,1024,1022,1024,
26,1829439488,-9036,-1708,13536,-88,48,-210,-26113,16640,-14337,-27653,-11905,-31264,1024,1022,1024,
26,2232092672,-8976,-1584,13604,-123,75,-253,-25089,17152,-15361,16758,-9225,-7033,1024,1022,1024,
26,2634745856,-9096,-1648,13540,-93,60,-204,-25601,17664,-14337,-28100,-21781,-12779,1024,1022,1024,
26,3054176256,-9044,-1612,13652,-108,41,-186,-25345,15360,-12545,-4432,526,8198,1024,1022,1024,
26,3456829440,-8868,-1324,13712,-178,40,-285,-25857,16896,-13569,6208,-13460,18895,1024,1021,1024,
26,3876259840,-8916,-1572,13412,-453,275,-436,-25089,16640,-14337,31590,-18045,23108,1024,1022,1024,
26,788480,-8368,-1156,13496,-1343,1067,-961,-24577,16640,-13313,27864,-20204,11441,1024,1022,1024,
26,386664448,-9352,-2064,13364,-62,-330,-76,-25345,16384,-13569,25385,-3134,27889,1024,1022,1024,
26,806094848,-8572,-2076,13420,396,-536,13,-25089,15616,-13313,-31415,-32186,23215,1024,1022,1024,
26,1208748032,-10344,-980,14156,-620,450,-566,-24065,16640,-13825,26721,31163,13005,1024,1022,1024,
26,1628178432,-9332,-1672,13900,-105,-180,-277,-24577,16640,-13825,-2552,12299,-10879,1024,1021,1024,
26,2030831616,-8948,-1600,13376,-183,-37,-203,-24321,15360,-14593,-16846,23900,6561,1024,1022,1024,
26,2433484800,-9024,-1672,13512,-68,18,-199,-25089,15616,-15361,23376,-21221,-4607,1024,1022,1024,
26,2836137984,-9308,-2052,13572,141,-204,-61,-25601,17664,-14849,12831,19311,-24268,1024,1022,1024,
26,3255568384,-8936,-1504,13616,782,-738,248,-25857,16384,-14081,-3149,-27865,2296,1024,1021,1024,
26,3674998784,-8708,-1564,13392,-26,-18,-157,-24833,17920,-14593,-28374,-6617,-19264,1024,1022,1024,
26,4077651968,-9012,-1680,13532,-130,-30,-210,-24833,16896,-14593,15646,13912,-27175,1024,1023,1024,
26,185403392,-9024,-1584,13656,-127,72,-173,-26625,16128,-14849,26966,23983,18597,1024,1022,1024,
26,588056576,-9024,-1592,13740,-200,124,-247,-25089,16128,-12801,5405,-8612,-25052,1024,1022,1024,
26,1007486976,-9000,-1600,13528,-111,26,-223,-25345,15872,-13569,-8153,18427,-4356,1024,1022,1024,
26,1410140160,-9036,-1556,13536,-30,-43,-165,-24065,16128,-14337,7713,-20029,6590,1024,1022,1024,
26,1829570560,-8940,-1452,13596,2,1,-191,-25857,15872,-13057,19050,16486,-26131,1024,1022,1024,
26,2249000960,-8904,-1612,13672,-110,73,-217,-24833,16896,-14081,-21363,31473,12303,1024,1022,1024,
26,2634876928,-9032,-1392,13596,-253,149,-291,-25089,15616,-13825,30330,-28202,-27792,1024,1022,1024,
26,3054307328,-9232,-1404,13956,-412,259,-288,-25089,17152,-14337,-21804,26746,24811,1024,1022,1024,
26,3456960512,-8924,-1364,13768,-414,338,-349,-23809,16896,-14081,14532,-30620,-6909,1024,1022,1024,
26,3876390912,-8804,-1444,13808,-654,512,-527,-23553,16128,-14849,-11746,-10480,-31616,1024,1022,1024,
26,919552,-9148,-988,13868,-99,221,-296,-25345,15872,-15617,32628,28646,-18080,1024,1022,1024,
26,386795520,-9268,-1792,13404,-148,2,-171,-24833,17408,-14593,-6905,18714,-30842,1024,1022,1024,
26,806225920,-8840,-1628,13972,-242,-41,-287,-25089,15104,-13825,528,8797,-14055,1024,1022,1024,
26,1208879104,-9532,-448,13304,918,246,-1883,-26113,16640,-14849,-19736,17868,10136,1024,1022,1024,
26,1628309504,-8824,-2152,13344,1661,416,-2934,-25089,16640,-14849,-25263,-10478,30758,1024,1022,1024,
26,2030962688,-8628,-1916,13408,982,223,-1788,-25345,16896,-14081,20931,7925,7537,1024,1022,1024,
26,2433615872,-8964,-1760,13712,760,195,-1551,-25089,16128,-13825,5522,24651,7162,1024,1022,1024,
26,2836269056,-8924,-2076,13508,146,137,-711,-26113,16640,-13825,29854,21,2026,1024,1022,1024,
26,3255699456,-8964,-2064,13164,67,-57,-81,-25345,16384,-12545,-14351,19897,25088,1024,1022,1024,
26,3675129856,-9044,-1740,13616,-151,90,-249,-24833,17920,-14593,15580,-10957,-25005,1024,1022,1024,
26,4077783040,-9476,-1768,13484,-45,79,-221,-24833,16384,-14081,-5842,-840,-19115,1024,1022,1024,
26,185534464,-9200,-1768,13528,-111,45,-182,-25857,15360,-13057,29632,8375,2225,1024,1023,1024,
26,588187648,-8844,-1440,13704,-195,147,-189,-24833,16384,-14081,16304,-29404,-16684,1024,1022,1024,
26,1007618048,-9164,-1868,13472,-95,-11,-188,-24065,16128,-15361,-2994,22215,-8255,1024,1023,1024,
26,1410271232,-9136,-1736,13696,-71,19,-217,-25601,17152,-14337,-21193,-32238,1501,1024,1022,1024,
26,1829701632,-9192,-1844,13536,-58,-1,-211,-25345,16896,-13569,9791,-20148,-31052,1024,1022,1024,
26,2249132032,-9076,-1668,13572,-106,28,-192,-26113,16640,-14337,11457,-2874,9589,1024,1022,1024,
26,2635008000,-9060,-1664,13536,-98,44,-209,-25345,16896,-13569,26835,12966,-8377,1024,1023,1024,
26,3054438400,-9068,-1712,13472,-113,59,-210,-25345,16384,-15105,-6329,-27497,23703,1024,1022,1024,
26,3457091584,-9148,-1572,13616,-107,43,-181,-24321,15360,-13569,-31971,28870,13531,1024,1022,1024,
26,3876521984,-9012,-1724,13520,-95,38,-211,-25089,17664,-13313,-12055,-27230,19657,1024,1022,1024,
26,1050624,-9028,-1592,13480,-106,6,-210,-25601,17152,-13825,24156,14251,32496,1024,1022,1024,
26,386926592,-9032,-1616,13824,-129,-34,-250,-26113,17152,-13313,-27394,18536,26490,1024,1022,1024,
26,806356992,-9228,-2052,13844,-177,-28,-228,-25345,17408,-15105,-14299,-28404,14702,1024,1022,1024,
26,1209010176,-8616,-1808,13260,78,-58,-206,-25089,16640,-15873,12190,-4883,29441,1024,1022,1024,
26,1628440576,-9040,-2060,13256,-68,26,-272,-25089,15104,-13825,-23372,17279,-136,1024,1022,1024,
26,2031093760,-8156,-628,12324,-35,-71,-296,-25601,17664,-12801,-12809,-14376,18895,1024,1022,1024,
26,2433746944,-9460,-2684,13972,-58,-135,-338,-24833,16896,-16129,-32620,3442,-2690,1024,1022,1024,
26,2836400128,-8872,-1568,13768,-129,33,-156,-25089,17152,-14337,22793,-26485,23307,1024,1022,1024,
26,3255830528,-9296,-1368,13180,-171,119,-157,-23297,18432,-13057,-4776,-13161,25416,1024,1022,1024,
26,3675260928,-9084,-1544,13832,-261,168,-235,-24833,16384,-14081,19643,-13992,17461,1024,1022,1024,
26,4077914112,-9068,-1732,13576,-154,59,-211,-24577,17664,-14337,-19221,19173,20747,1024,1022,1024,
26,185665536,-9028,-1712,13508,-110,34,-223,-25601,17152,-15873,28934,-26076,14566,1024,1022,1024,
26,588318720,-9108,-1620,13616,-113,37,-214,-23553,16640,-14337,19482,-29385,-21290,1024,1022,1024,
26,1007749120,-9076,-1648,13672,-116,51,-212,-26369,16384,-14593,-23986,-13281,-18849,1024,1022,1024,
26,1410402304,-9048,-1684,13452,-96,14,-224,-25857,17408,-15617,17560,7547,-18285,1024,1022,1024,
26,1829832704,-9136,-1280,13328,-155,63,-196,-25601,16128,-14337,23041,20260,-28774,1024,1022,1024,
26,2232485888,-9244,-1588,13496,-177,10,-188,-24833,17408,-14593,-7805,-30299,16604,1024,1021,1024,
26,2635139072,-8860,-1708,13400,-107,85,-163,-24577,16640,-14849,-8958,-7875,-27626,1024,1021,1024,
26,3054569472,-9084,-1676,13540,-107,59,-185,-24321,16384,-13569,-10930,3437,8445,1024,1022,1024,
26,3457222656,-9140,-1716,13516,-108,34,-212,-24833,15360,-14593,-4264,6131,2385,1024,1022,1024,
26,3876653056,-8892,-1596,13516,-104,50,-183,-25345,17408,-13057,-8602,4979,-24132,1024,1022,1024,
26,1181696,-9136,-1652,13420,-136,50,-172,-25601,17664,-14337,-6444,1486,15822,1024,1022,1024,
26,387057664,-9168,-1664,13604,-117,59,-221,-24833,17920,-13569,22078,-18322,-10451,1024,1022,1024,
26,806488064,-9124,-1600,13580,-66,-5,-234,-24577,17152,-14849,25823,17727,-5927,1024,1022,1024,
26,1209141248,-9080,-1708,13592,-96,30,-198,-25857,16384,-13569,-24649,15795,-421,1024,1022,1024,
26,1628571648,-9080,-1764,13512,-99,43,-210,-26369,16384,-15105,-15577,-10011,22710,1024,1022,1024,
26,2031224832,-9060,-1688,13440,-112,25,-228,-25857,16384,-14593,-7012,-2119,15392,1024,1022,1024,
26,2433878016,-9120,-1812,13432,-108,23,-219,-24065,17152,-14337,2777,-11142,13522,1024,1023,1024,
26,2836531200,-9048,-1612,13556,-109,22,-237,-25345,16896,-15617,-27380,-10122,-14873,1024,1022,1024,
26,3255961600,-8760,-1652,13324,-119,116,-179,-26113,16640,-13825,-4891,-9022,30187,1024,1023,1024,
26,3675392000,-8620,-1708,13100,-101,-194,-290,-23809,17920,-14593,-9903,-1206,25423,1024,1022,1024,
26,4078045184,-9148,-1592,13624,-61,133,-189,-24577,17152,-13825,6202,19291,3056,1024,1023,1024,
26,185796608,-9044,-1608,13684,-89,26,-224,-24577,17152,-14849,31890,10719,8869,1024,1021,1024,
26,588449792,-9264,-1652,13572,-74,12,-200,-25345,16896,-14081,-19606,-25222,15681,1024,1023,1024,
26,1007880192,-8996,-1640,13528,-121,-23,-235,-26625,16640,-14337,-19613,-13004,-23244,1024,1022,1024,
26,1410533376,-9132,-1588,13568,-108,78,-174,-24321,18432,-13569,-29003,6537,10304,1024,1023,1024,
26,1829963776,-9124,-1640,13632,-106,41,-195,-25345,16896,-13569,-17040,12193,15120,1024,1022,1024,
26,2232616960,-9228,-1672,13496,-128,64,-205,-26113,16640,-14849,-14395,-1655,-18887,1024,1023,1024,
26,2635270144,-9288,-1872,13604,-138,14,-212,-24321,16896,-14593,1411,-30807,32079,1024,1022,1024,
26,3054700544,-8704,-1120,13548,-111,-31,-222,-25345,15360,-13057,8136,16555,-6654,1024,1023,1024,
26,3457353728,-9384,-2024,13640,-178,71,-198,-25089,16128,-13825,17167,17101,-7800,1024,1022,1024,
26,3876784128,-9316,-1776,13484,-131,42,-209,-24321,16896,-14081,21267,-9557,-15177,1024,1023,1024,
26,1312768,-8868,-1364,13376,-60,-28,-252,-24321,17408,-16641,-4733,21723,-19829,1024,1022,1024,
26,387188736,-8976,-1708,13520,-86,63,-206,-26625,15616,-13825,-8948,-2626,16152,1024,1022,1024,
26,806619136,-9152,-1620,13812,-108,25,-194,-23809,16384,-14081,30996,23952,-6179,1024,1023,1024,
26,1209272320,-9076,-1748,13412,-107,18,-189,-25857,18944,-14593,3474,9899,-11075,1024,1022,1024,
26,1628702720,-8972,-1688,13732,-88,33,-245,-25345,17408,-15105,-1510,31385,-25483,1024,1022,1024,
26,2031355904,-9048,-1720,13708,-104,44,-222,-25601,17152,-14849,22203,-8164,-31104,1024,1023,1024,
26,2434009088,-9064,-1568,13636,-93,46,-196,-24577,17152,-13313,24492,-6943,-23296,1024,1022,1024,
26,2836662272,-9036,-1720,13668,-104,8,-215,-25857,15872,-14593,-17564,16897,-26904,1024,1022,1024,
26,3256092672,-9108,-1708,13596,-116,46,-195,-25345,16896,-14081,30973,2673,10256,1024,1022,1024,
26,3675523072,-9164,-1696,13484,-110,48,-219,-25089,16640,-14849,-1952,9669,-8136,1024,1022,1024,
26,4078176256,-8916,-1672,13572,-98,41,-196,-26113,16128,-14849,11970,30815,32429,1024,1022,1024,
26,185927680,-9016,-1688,13548,-113,30,-178,-25345,16896,-14593,28971,-28363,16219,1024,1022,1024,
26,588580864,-9160,-1892,13560,-49,27,-199,-25857,16896,-14081,11355,-11181,-20991,1024,1022,1024,
26,1008011264,-8960,-1568,13616,-176,55,-189,-24833,16896,-14593,-5374,-5171,-30389,1024,1022,1024,
26,1410664448,-8884,-1388,13496,-67,1,-222,-25601,16640,-12289,-21583,5581,29899,1024,1022,1024,
26,1830094848,-8980,-1600,13472,-68,22,-228,-24065,17664,-14849,-10,5289,-25907,1024,1022,1024,
26,2232748032,-9080,-1820,13600,-103,-8,-237,-24833,17408,-16129,-22243,-13072,-15863,1024,1022,1024,
26,2635401216,-9208,-2036,13596,-77,29,-192,-23809,16384,-14081,29215,-26755,-21093,1024,1022,1024,
26,3054831616,-9064,-1672,13696,-95,12,-232,-24577,18176,-14337,-17389,13064,-30831,1024,1022,1024,
26,3457484800,-9148,-1640,13528,-86,32,-224,-26113,17664,-13825,-15023,-6050,-27101,1024,1022,1024,
26,3876915200,-9036,-1716,13484,-121,41,-190,-25345,16384,-15105,-2222,-10415,9041,1024,1022,1024,
26,1443840,-9168,-1732,13416,-103,22,-193,-24833,17408,-13569,-10452,16104,17101,1024,1022,1024,
26,387319808,-9080,-1688,13452,-121,31,-195,-25345,16384,-14593,-3650,-22116,-10837,1024,1022,1024,
26,806750208,-9112,-1732,13564,-105,58,-161,-25345,16896,-14593,-4197,20570,-30164,1024,1022,1024,
26,1209403392,-9032,-1692,13536,-104,-12,-223,-23809,16384,-14593,23523,-6729,-865,1024,1022,1024,
26,1628833792,-9104,-1628,13608,-93,16,-207,-24577,17152,-14849,20580,-27523,14618,1024,1022,1024,
26,2031486976,-9072,-1724,13444,-127,56,-219,-24577,16640,-14337,-22163,-13550,-17310,1024,1022,1024,
26,2434140160,-9052,-1516,13452,-117,120,-257,-26113,17664,-13825,26222,5387,-15153,1024,1022,1024,
26,2836793344,-9184,-1680,13364,-105,2,-180,-25089,17664,-14337,1238,-20135,30355,1024,1022,1024,
26,3256223744,-9032,-1688,13564,-99,61,-210,-26625,16640,-13825,-29701,5127,-31394,1024,1022,1024,
26,3675654144,-9124,-1700,13592,-121,29,-206,-23809,17408,-13057,26471,24654,25673,1024,1022,1024,
26,4078307328,-9120,-1652,13608,-113,50,-225,-24065,16640,-14849,18006,2059,-18056,1024,1022,1024,
26,186058752,-9020,-1740,13520,-108,26,-207,-24577,16640,-12801,1147,19376,18739,1024,1022,1024,
26,588711936,-9240,-1172,13696,-292,28,-211,-25601,17152,-13313,-4262,-20367,24736,1024,1022,1024,
26,1008142336,-8552,-1364,13204,-38,36,-200,-25089,16640,-14337,-668,-4095,-29739,1024,1022,1024,
26,1410795520,-9036,-1668,13708,-128,15,-202,-26625,16640,-15361,25253,5794,8849,1024,1022,1024,
26,1830225920,-10108,-2220,14748,-258,70,-282,-25089,16128,-13825,5658,12893,12035,1024,1022,1024,
26,2232879104,-9096,-2244,14644,-189,-103,-344,-25857,16384,-14593,-21357,2817,12641,1024,1022,1024,
26,2635532288,-9112,44,13804,-1899,-294,2778,-24065,16640,-13825,-26940,14597,-21417,1024,1022,1024,
26,3054962688,-8820,-2552,13692,-2335,-456,3109,-25089,16640,-12289,-21544,-25400,13712,1024,1022,1024,
26,3457615872,-9324,-2140,13736,-1467,-229,2046,-24833,17408,-15105,16418,15650,16197,1024,1022,1024,
26,3877046272,-9284,-1352,13752,-1056,-119,1175,-25345,16384,-15105,-28574,-26737,-16017,1024,1021,1024,
26,1574912,-8964,-2116,13476,-478,8,560,-25857,16384,-13569,1969,7718,31726,1024,1022,1024,
26,387450880,-8880,-2472,13648,-373,-45,282,-24833,17408,-13569,-30047,24952,-9606,1024,1021,1024,
26,806881280,-8936,-2172,13540,-158,51,-179,-24833,16384,-14593,-23184,376,-27514,1024,1022,1024,
26,1209534464,-9164,-1780,13600,-56,-5,-169,-25345,17408,-15105,104,27247,29407,1024,1022,1024,
26,1628964864,-9488,-2028,13624,793,-768,272,-24833,16896,-13569,-10353,-26883,17361,1024,1022,1024,
26,2031618048,-8588,-968,13896,492,-514,96,-26369,16384,-12545,6758,19545,9953,1024,1021,1024,
26,2434271232,-9344,-1964,13272,597,-589,181,-25089,15616,-14849,18314,-4973,23836,1024,1022,1024,
26,2836924416,-8608,-1016,13648,269,-236,-16,-25089,16640,-13825,-25100,-29142,28135,1024,1022,1024,
26,3256354816,-8956,-1608,13448,-274,193,-299,-25345,17408,-13569,10324,-9785,15916,1024,1022,1024,
26,3675785216,-9168,-1860,13752,-1152,990,-745,-24577,15616,-13825,28833,-24096,4904,1024,1022,1024,
26,4078438400,-9520,-2292,13444,21,-128,-132,-25601,17152,-13313,23563,-22945,-11920,1024,1022,1024,
26,186189824,-8816,-1236,13696,197,-291,-26,-25345,17408,-14081,-21291,-6588,8912,1024,1021,1024,
26,588843008,-9004,-1652,13604,-687,550,-515,-26625,17152,-13313,15945,23468,-18866,1024,1022,1024,
26,1008273408,-9196,-1708,13532,-289,213,-303,-24577,16128,-14849,-7208,-25387,29428,1024,1022,1024,
26,1410926592,-8948,-1360,13604,-38,-15,-174,-24577,17152,-13825,-15411,24483,-31823,1024,1022,1024,
26,1830356992,-9020,-1528,13500,-389,277,-342,-25857,15360,-14081,27679,10207,25688,1024,1021,1024,
26,2233010176,-9032,-1708,13636,-522,412,-442,-24321,16896,-14593,3087,22100,-7209,1024,1022,1024,
26,2635663360,-9164,-1848,13672,-264,183,-304,-24577,16640,-13825,29164,101,6492,1024,1021,1024,
26,3055093760,-9048,-1828,13508,96,-182,-70,-24833,15360,-14593,-22827,-30301,19785,1024,1022,1024,
26,3457746944,-8968,-1576,13588,173,-230,-37,-24577,16640,-13313,11257,10789,4910,1024,1022,1024,
26,3877177344,-8944,-1624,13476,-8,-86,-162,-26113,16640,-13825,-5144,-32685,-7622,1024,1022,1024,
26,4263053312,-9004,-1596,13624,73,-135,-90,-25601,16128,-13825,30354,-18348,15993,1024,1021,1024,
26,387581952,-8876,-1496,13564,-92,32,-207,-25601,17664,-14337,15935,-12959,20399,1024,1022,1024,
26,807012352,-9000,-1632,13620,-212,104,-254,-24833,16384,-13569,8307,-25232,-16343,1024,1021,1024,
26,1209665536,-9152,-1708,13500,-92,18,-205,-25089,16640,-12289,-5227,-22649,-19633,1024,1022,1024,
26,1629095936,-9008,-1596,13592,-42,9,-148,-26369,14848,-14081,-24052,19713,17631,1024,1022,1024,
26,2031749120,-9024,-1668,13476,-127,80,-215,-25345,16384,-13569,19708,-1505,-14445,1024,1022,1024,
26,2434402304,-9076,-1612,13664,-127,95,-206,-25345,16896,-14081,9125,26116,-9296,1024,1022,1024,
26,2837055488,-9020,-1628,13652,-26,51,-171,-25857,15872,-13057,-21095,-23670,-10950,1024,1022,1024,
26,3256485888,-9056,-1592,13624,-94,30,-219,-25089,17152,-12801,-30831,-9157,15702,1024,1021,1024,
26,3675916288,-9012,-1548,13468,-130,52,-243,-23553,15616,-14849,-28394,-11906,-10906,1024,1022,1024,
26,4078569472,-9024,-1616,13464,-135,53,-252,-24577,16640,-14849,-15421,-8764,-27389,1024,1022,1024,
26,186320896,-8968,-1600,13644,-83,5,-168,-24577,16640,-14849,-30520,-28861,-27260,1024,1022,1024,
26,588974080,-9048,-1584,13520,-188,116,-227,-24577,17664,-14337,-23594,17769,12964,1024,1022,1024,
26,1008404480,-9056,-1748,13620,-131,54,-224,-25345,17920,-13569,29734,-14732,-180,1024,1022,1024,
26,1411057664,-8932,-1572,13648,-48,-7,-184,-25601,16128,-13825,-30991,16195,-31373,1024,1022,1024,
26,1830488064,-8980,-1636,13580,-147,35,-200,-25089,16128,-14849,-13015,-4067,8167,1024,1022,1024,
26,2233141248,-8972,-1496,13788,-273,180,-313,-25601,16640,-13313,11327,5752,19868,1024,1022,1024,
26,2635794432,-9020,-1652,13524,-266,175,-308,-25345,15872,-13569,-31113,-28632,-15112,1024,1022,1024,
26,3055224832,-9072,-1668,13616,-163,55,-239,-25345,15872,-13057,8482,-4524,-2876,1024,1022,1024,
26,3457878016,-9040,-1348,13692,-61,127,-166,-25089,16128,-13825,4235,15193,-27743,1024,1022,1024,
26,3877308416,-9156,-1628,13620,61,-92,-117,-24833,16896,-12033,-16877,-3556,14414,1024,1022,1024,
26,4263184384,-9056,-1504,13576,-294,183,-315,-26369,17920,-14593,-18118,-18795,-29106,1024,1022,1024,
26,387713024,-9016,-1624,13444,-311,185,-326,-24321,16896,-13569,-18200,9217,-3721,1024,1022,1024,
26,807143424,-9144,-1756,13400,-85,-14,-215,-25601,16640,-12801,30777,-15603,-24381,1024,1022,1024,
26,1209796608,-9076,-1696,13464,217,-253,-15,-25089,17152,-14337,32721,-17506,7042,1024,1022,1024,
26,1629227008,-8912,-1524,13408,132,-169,-74,-24833,16384,-14081,-22770,10857,265,1024,1021,1024,
26,2031880192,-8924,-1468,13576,54,-170,-121,-24065,15616,-13825,10205,-6026,19830,1024,1023,1024,
26,2434533376,-8928,-1488,13588,-18,-41,-135,-25089,16640,-14337,-16453,8850,24981,1024,1022,1024,
26,2837186560,-9132,-1740,13628,-170,118,-254,-25857,15872,-13569,-11984,-17278,-26967,1024,1022,1024,
26,3256616960,-9084,-1588,13480,-96,31,-197,-25857,16896,-13569,18499,-8470,-1880,1024,1022,1024,
26,3676047360,-9212,-1680,13676,-88,61,-215,-26369,15872,-15105,-25460,21341,-15809,1024,1022,1024,
26,4078700544,-9080,-1704,13632,-42,-2,-157,-25345,15872,-14593,23687,30234,-2985,1024,1022,1024,
26,186451968,-8984,-1552,13592,-128,49,-205,-24321,16384,-15617,-17971,25396,-16127,1024,1021,1024,
26,589105152,-9008,-1620,13584,-86,4,-196,-25601,16640,-13825,-12485,-14358,1506,1024,1022,1024,
26,1008535552,-8912,-1564,13576,-260,157,-273,-25857,16384,-15105,-8805,3896,23597,1024,1022,1024,
26,1411188736,-9144,-1604,13592,-354,240,-327,-25601,16128,-13825,-14334,-27319,-28786,1024,1022,1024,
26,1830619136,-8900,-1492,13596,-725,592,-515,-25345,16384,-13057,-14158,20410,4688,1024,1022,1024,
26,2233272320,-8544,-1360,12776,43,-79,2,-25857,17920,-13569,-1079,29738,14690,1024,1022,1024,
26,2635925504,-8980,-1892,12024,176,171,25,-25601,15616,-13825,1300,-29476,19984,1024,1022,1024,
26,3055355904,-9580,-2168,13552,-212,190,-325,-25601,16640,-13313,-12111,-18859,-24826,1024,1022,1024,
26,3458009088,-9236,-1700,14128,-164,23,-292,-23297,16896,-14081,-12388,13218,-28262,1024,1022,1024,
26,3877439488,-9108,-1724,13544,-135,27,-202,-24577,18176,-13825,7983,-31452,-31011,1024,1022,1024,
26,4263315456,-9084,-1676,13512,-70,6,-190,-24577,16640,-14337,10164,-7903,22561,1024,1022,1024,
26,387844096,-8864,-1568,13532,-24,-37,-166,-24577,17152,-13825,-22642,31034,-28102,1024,1022,1024,
26,807274496,-9108,-1692,13600,-171,85,-240,-25345,16896,-14081,15164,-24535,-1278,1024,1022,1024,
26,1209927680,-9036,-1768,13500,-75,-22,-183,-24065,16640,-13313,-4432,7454,-8404,1024,1022,1024,
26,1629358080,-9028,-1556,13536,-19,-63,-157,-25345,17408,-14593,28417,-32029,-23476,1024,1022,1024,
26,2032011264,-8960,-1440,13572,-92,2,-235,-25345,16384,-14081,4800,-20984,7718,1024,1021,1024,
26,2434664448,-8952,-1616,13628,-54,-41,-183,-25601,17152,-13313,-31366,-29098,21554,1024,1022,1024,
26,2837317632,-9032,-1668,13636,-62,30,-200,-25345,17408,-14081,26476,14194,-6007,1024,1022,1024,
26,3256748032,-9076,-1504,13764,-180,88,-271,-23809,15872,-15105,10071,-4310,26512,1024,1022,1024,
26,3676178432,-9048,-1584,13456,28,-61,-146,-23809,16384,-14081,25623,-2463,-28182,1024,1022,1024,
26,4078831616,-8984,-1680,13616,-135,44,-218,-25345,15872,-14081,-22750,-15068,-4194,1024,1022,1024,
26,186583040,-9056,-1628,13488,-58,32,-227,-25601,17152,-13313,-25303,30406,5936,1024,1023,1024,
26,589236224,-9124,-1728,13424,-225,196,-277,-25089,17152,-12801,-28019,-880,2688,1024,1022,1024,
26,1008666624,-9024,-1640,13400,-144,99,-248,-24833,15872,-15105,1818,29706,1292,1024,1023,1024,
26,1411319808,-9092,-1480,13672,-221,89,-265,-25089,16128,-14337,-30424,-19547,-22210,1024,1022,1024,
26,1830750208,-9920,-3496,13016,-9,-42,-70,-25089,16640,-14849,12507,17333,-5198,1024,1023,1024,
26,2233403392,-8856,-1292,13952,-290,87,-289,-24833,16384,-15105,11549,1598,30348,1024,1022,1024,
26,2636056576,-9124,-1640,13660,-146,-27,-250,-24321,16384,-15105,-19040,-19574,-17189,1024,1022,1024,
26,3055486976,-9024,-1540,13036,-241,31,-131,-24833,16384,-13057,30777,11348,27766,1024,1022,1024,
26,3458140160,-9088,-1896,13808,-137,-67,-282,-25601,17664,-13825,3744,-5829,17078,1024,1023,1024,
26,3877570560,-9660,-2280,13548,-372,309,-200,-26113,16128,-13825,3008,10236,22198,1024,1022,1024,
26,2099200,-8932,-1452,13544,-198,-38,-225,-25089,16128,-13313,6215,-31243,-19839,1024,1022,1024,
26,387975168,-9016,-1732,13736,-61,29,-202,-25345,16896,-15617,20157,-28014,20720,1024,1023,1024,
26,807405568,-9220,-1612,13448,-88,36,-193,-24321,17408,-14593,2324,11227,27454,1024,1022,1024,
26,1210058752,-8892,-1520,13752,-81,11,-197,-24833,17408,-12033,31522,-16674,29289,1024,1023,1024,
26,1629489152,-8796,-1472,13624,-66,-38,-224,-25345,17408,-14081,7328,31437,30746,1024,1022,1024,
26,2032142336,-8424,-1080,13540,159,-226,-159,-25601,16128,-14337,16146,375,20883,1024,1022,1024,
26,2434795520,-9120,-1604,13472,-58,-37,-169,-24833,17408,-14081,-13242,-24934,-25348,1024,1022,1024,
26,2837448704,-9072,-1700,13476,-43,-26,-132,-25601,16128,-14337,-2782,-13924,20716,1024,1023,1024,
26,3256879104,-9128,-1732,13684,-236,112,-256,-25089,14592,-14337,1145,-13885,-11570,1024,1022,1024,
26,3676309504,-8836,-1412,13696,-165,101,-246,-24321,17408,-14081,28903,9533,-810,1024,1022,1024,
26,4078962688,-9040,-1444,13776,-485,324,-393,-25345,17408,-14081,-4948,-20431,1773,1024,1022,1024,
26,186714112,-8876,-1440,13360,-47,23,-177,-24065,16128,-13313,24380,-24674,-13611,1024,1022,1024,
26,589367296,-8944,-1660,13596,-75,34,-194,-25345,15872,-14081,-1741,16775,16477,1024,1022,1024,
26,1008797696,-8796,-1464,13584,-62,18,-214,-24833,15360,-13057,-13500,-29828,32612,1024,1022,1024,
26,1411450880,-9248,-1752,13516,-126,43,-209,-24577,16640,-13313,24703,31759,5753,1024,1022,1024,
26,1830881280,-9036,-1560,13596,-82,88,-170,-26113,16640,-13825,-30094,-14708,16508,1024,1022,1024,
26,2233534464,-9044,-1656,13536,-103,-33,-207,-25089,15616,-13825,-12798,543,30787,1024,1022,1024,
26,2636187648,-8828,-1428,13772,-105,82,-198,-24321,17408,-14081,-11485,-16046,-30847,1024,1022,1024,
26,3055618048,-9224,-1660,13672,-102,7,-193,-24577,15616,-14337,-18194,-24081,30515,1024,1022,1024,
26,3458271232,-8992,-1676,13496,-92,-3,-204,-25857,16896,-14593,-670,-6425,-5546,1024,1022,1024,
26,3877701632,-9268,-1700,13348,1,-77,-123,-25601,16128,-14337,-12246,10478,-8325,1024,1022,1024,
26,2230272,-8964,-1456,13600,-229,150,-273,-25345,16384,-13569,13711,28419,-1896,1024,1022,1024,
26,388106240,-9280,-2004,13540,-126,-13,-204,-24577,15616,-14849,-5173,532,9550,1024,1022,1024,
26,807536640,-9092,-1584,13788,-46,60,-235,-24065,16640,-14849,27956,-15460,26455,1024,1023,1024,
26,1210189824,-9048,-1636,13600,-112,23,-200,-25345,16384,-13569,-13659,-17813,-2826,1024,1022,1024,
26,1629620224,-9016,-1668,13500,-114,34,-196,-24577,16128,-13825,-2383,6935,15259,1024,1022,1024,
26,2032273408,-9312,-1848,13280,-123,51,-241,-24577,16128,-15361,32686,15421,5500,1024,1022,1024,
26,2434926592,-9012,-1772,13760,-100,15,-202,-25601,15616,-13825,-15682,-5410,16243,1024,1022,1024,
26,2837579776,-9044,-1660,13456,-127,10,-233,-25857,15872,-15105,25168,-19257,-31625,1024,1022,1024,
26,3257010176,-8740,-1316,13348,-71,-27,-157,-24577,16128,-12801,11394,16469,24137,1024,1022,1024,
26,3676440576,-8968,-1728,13360,-118,119,-162,-25857,16896,-13057,22494,27465,23944,1024,1022,1024,
26,4079093760,-8880,-1600,13424,-64,12,-264,-24833,15872,-13569,17952,8689,-26518,1024,1022,1024,
26,186845184,-9340,-1700,13624,-151,9,-201,-25089,16128,-14337,-5582,-21430,18411,1024,1022,1024,
26,589498368,-9116,-1720,13604,-115,37,-223,-25345,14848,-13569,23813,17884,14675,1024,1022,1024,
26,1008928768,-8772,-1360,13596,-121,36,-220,-24321,16384,-13057,-19600,-22259,-21918,1024,1022,1024,
26,1411581952,-9048,-1680,13552,-58,36,-222,-24833,16384,-14081,-23021,20163,7233,1024,1022,1024,
26,1831012352,-8988,-1692,13648,61,-107,-106,-25345,16896,-14081,-19509,29336,11163,1024,1022,1024,
26,2233665536,-9132,-1708,13660,16,-46,-157,-24833,16384,-13057,-1018,-23111,-17669,1024,1022,1024,
26,2636318720,-8992,-1532,13648,-82,19,-186,-24321,17408,-13569,-13723,-14432,1677,1024,1022,1024,
26,3055749120,-9036,-1596,13492,-312,204,-304,-24577,16128,-13825,-11379,-3474,13791,1024,1022,1024,
26,3458402304,-9128,-1748,13644,-280,228,-338,-24833,15872,-15105,-30740,-20417,-30846,1024,1022,1024,
26,3877832704,-9068,-1888,13440,-115,-66,-152,-24577,17152,-13825,28854,6878,10644,1024,1022,1024,
26,2361344,-9364,-1872,13324,-183,20,-168,-24833,15872,-13569,27179,428,359,1024,1022,1024,
26,388237312,-9096,-1656,13556,-114,48,-197,-24577,15104,-14849,-19666,8495,23753,1024,1022,1024,
26,807667712,-9160,-1808,13512,-111,54,-213,-24577,18176,-14337,21683,-1721,22336,1024,1022,1024,
26,1210320896,-9044,-1812,13668,-99,45,-198,-25089,15616,-14337,-6247,-25121,13419,1024,1022,1024,
26,1629751296,-9400,-1952,13720,-146,82,-197,-25857,16896,-14081,8776,26999,16261,1024,1022,1024,
26,2032404480,-8924,-1624,13292,-138,61,-148,-25345,14848,-13569,-4899,-9828,-17851,1024,1022,1024,
26,2435057664,-9088,-1556,13772,-72,-6,-276,-26369,15360,-13569,7842,-14616,-10395,1024,1022,1024,
26,2837710848,-9428,-1848,13484,-172,47,-213,-25857,15872,-13569,16159,-14632,13655,1024,1022,1024,
26,3257141248,-9084,-1700,13636,-126,107,-191,-24065,17664,-14337,10049,-13399,-9950,1024,1021,1024,
26,3676571648,-8968,-1760,13532,-116,68,-175,-26369,16896,-14593,-6417,-2145,-24421,1024,1022,1024,
26,4079224832,-8876,-1376,13256,-55,33,-198,-24065,17152,-15873,16518,-10010,3800,1024,1021,1024,
26,186976256,-9308,-2892,13472,306,-108,-265,-23809,16896,-14081,14103,2258,-12137,1024,1022,1024,
26,589629440,-9528,-2120,14080,678,-888,293,-25601,15616,-14337,5322,3919,15352,1024,1021,1024,
26,1009059840,-9000,-1468,12936,1232,-1593,740,-26113,15616,-13313,20296,-17289,22175,1024,1022,1024,
26,1411713024,-7348,-88,12880,-914,768,-768,-25601,15104,-14337,-20136,12725,-28386,1024,1021,1024,
26,1831143424,-9112,-1812,13636,-1789,1584,-1194,-25601,16128,-13825,26272,24990,4122,1024,1022,1024,
26,2233796608,-9984,-3036,13096,12,2,-93,-25857,16384,-14081,-8315,18357,31390,1024,1021,1024,
26,2636449792,-8948,-1604,13628,1053,-1012,442,-25345,14848,-15617,26002,-26812,1120,1024,1022,1024,
26,3055880192,-8524,-956,13816,-70,-3,-205,-25857,15872,-14593,24725,-20766,3489,1024,1022,1024,
26,3458533376,-8984,-1608,13572,-920,741,-639,-25345,15872,-14593,-67,30343,26272,1024,1022,1024,
26,3877963776,-9744,-1796,14208,36,291,-77,-25345,16896,-12545,-11792,1090,16401,1024,1022,1024,
26,2492416,-9300,-1888,13556,158,-261,-86,-24577,17152,-14337,27887,643,6764,1024,1022,1024,
26,388368384,-8988,-1612,13660,21,-32,-131,-25345,16384,-13057,-8345,-29953,-31174,1024,1022,1024,
26,807798784,-8968,-2252,13656,526,-581,114,-25601,17152,-14337,22402,25066,-30996,1024,1022,1024,
26,1210451968,-8552,-1112,13860,1004,-920,392,-25089,16128,-14337,-181,-12781,24631,1024,1022,1024,
26,1629882368,-9072,-1668,13708,-313,230,-329,-25345,17408,-14081,3488,10750,-21507,1024,1022,1024,
26,2032535552,-8744,-1316,13612,-184,92,-221,-25089,16128,-13825,-31751,-4652,-19009,1024,1022,1024,
26,2435188736,-9064,-1652,13640,-400,281,-368,-24833,16384,-15105,11333,6824,20669,1024,1022,1024,
26,2837841920,-8980,-1584,13684,-22,-35,-133,-25345,16896,-13569,28457,-16024,12323,1024,1022,1024,
26,3257272320,-8820,-1344,13612,-404,327,-374,-24833,15360,-15105,5325,22864,-10850,1024,1022,1024,
26,3676702720,-9176,-1428,13932,-635,323,-432,-24833,17408,-14081,-27335,-3423,19394,1024,1022,1024,
26,4079355904,-8988,-1604,13640,-883,742,-621,-25345,16896,-13569,-4963,-6748,-27286,1024,1022,1024,
26,187107328,-9296,-2004,13552,-297,233,-297,-25857,15872,-12545,-3797,-7175,5545,1024,1022,1024,
26,589760512,-9176,-1676,13612,396,-393,51,-24833,16384,-14081,16365,-25252,-22271,1024,1022,1024,
26,1009190912,-8632,-1364,13572,-42,-81,-145,-24577,17152,-14337,5631,20861,-23133,1024,1022,1024,
26,1411844096,-8916,-1568,13508,-421,322,-416,-24577,16640,-14337,-30450,-590,-11693,1024,1022,1024,
26,1831274496,-9232,-1752,13548,-146,93,-236,-25089,16128,-14337,25960,19108,5730,1024,1022,1024,
26,2233927680,-9028,-1688,13476,103,-161,-67,-24065,16640,-14337,12058,-31187,-29237,1024,1022,1024,
26,2636580864,-9016,-1476,13612,-115,40,-219,-26113,17664,-14337,9679,-6009,7495,1024,1022,1024,
26,3056011264,-8980,-1536,13652,-266,163,-279,-24833,16896,-13569,-9007,-14732,-107,1024,1022,1024,
26,3458664448,-9108,-1728,13524,-66,30,-180,-25345,16384,-14593,-14992,27582,-7935,1024,1022,1024,
26,3878094848,-8956,-1500,13684,-9,-34,-150,-25857,14848,-13569,14466,9150,21527,1024,1022,1024,
26,4263970816,-9044,-1648,13676,-139,81,-244,-25345,16896,-14081,26939,25395,-203,1024,1022,1024,
26,388499456,-9080,-1616,13548,-134,73,-242,-25601,15104,-13825,-21345,-27529,-20842,1024,1022,1024,
26,807929856,-9164,-1560,13696,-75,16,-170,-26113,15616,-14337,-29101,-29540,28730,1024,1022,1024,
26,1210583040,-9000,-1528,13544,-81,33,-205,-25089,16640,-13825,13330,-11218,13985,1024,1022,1024,
26,1630013440,-9000,-1576,13652,-142,54,-245,-24577,16640,-13825,17530,28671,5574,1024,1022,1024,
26,2032666624,-9084,-1636,13588,-89,51,-220,-25345,17920,-14593,10008,19687,-23943,1024,1022,1024,
26,2435319808,-9032,-1508,13620,-101,17,-196,-26113,16128,-15361,20292,16098,8302,1024,1023,1024,
26,2837972992,-9064,-1608,13656,-104,61,-233,-24833,17920,-13569,-16414,11899,-9916,1024,1022,1024,
26,3257403392,-9128,-1536,13572,-148,33,-199,-25857,16896,-13057,-25394,-24089,24323,1024,1022,1024,
26,3676833792,-8916,-1732,13552,-77,33,-182,-25345,16896,-14081,2898,-3995,-22607,1024,1022,1024,
26,4079486976,-8996,-1632,13580,-116,7,-228,-25857,16896,-14081,-3656,8577,23812,1024,1022,1024,
26,187238400,-8916,-1568,13616,-117,54,-208,-25345,15872,-14081,-3147,-23038,23612,1024,1022,1024,
26,589891584,-9000,-1548,13580,-119,45,-224,-24833,16384,-13569,11163,-27672,29245,1024,1022,1024,
26,1009321984,-9100,-1612,13616,-97,17,-213,-25601,16128,-13825,-13748,28935,-10978,1024,1022,1024,
26,1411975168,-9068,-1648,13588,-106,38,-206,-25857,15872,-13569,-13098,3352,21990,1024,1022,1024,
26,1831405568,-9088,-1512,13496,-131,46,-215,-25089,15616,-14337,16010,-23883,-22956,1024,1022,1024,
26,2234058752,-9004,-1504,13696,-108,35,-215,-26625,15616,-13825,29691,14172,11137,1024,1021,1024,
26,2636711936,-9076,-1740,13668,-115,29,-218,-25089,16128,-14337,-8412,-5811,28576,1024,1022,1024,
26,3056142336,-9064,-1596,13500,-102,16,-212,-26113,15616,-12801,-15718,-24179,21119,1024,1022,1024,
26,3458795520,-9112,-1680,13688,-113,52,-198,-24065,16640,-14337,-8010,-1650,-895,1024,1021,1024,
26,3878225920,-8956,-1556,13684,-104,-5,-202,-25601,16640,-13313,-18782,24107,5294,1024,1022,1024,
26,4264101888,-8996,-1524,13744,-91,41,-197,-26369,15872,-14593,21908,-20052,-19116,1024,1022,1024,
26,388630528,-9040,-1544,13716,-107,50,-204,-25345,16896,-14081,15651,2571,32012,1024,1022,1024,
26,808060928,-9024,-1564,13720,-119,40,-235,-26113,16128,-13313,26531,-9883,-23792,1024,1022,1024,
26,1210714112,-8960,-1624,13740,-97,56,-205,-25857,16384,-13057,-28500,-21911,28397,1024,1022,1024,
26,1630144512,-8952,-1604,13648,-129,21,-229,-25089,15616,-13313,-7670,-24579,16516,1024,1021,1024,
26,2032797696,-9072,-1564,13568,-97,32,-223,-25857,15360,-16129,-8845,19097,14121,1024,1021,1024,
26,2435450880,-9148,-1636,13412,-116,81,-206,-25601,16128,-12801,5063,-26536,-13011,1024,1022,1024,
26,2838104064,-8980,-1604,13612,-104,48,-236,-25089,17152,-12801,-7717,-23246,-24772,1024,1022,1024,
26,3257534464,-8964,-1608,13520,-115,27,-236,-25857,16896,-13569,10883,-21881,-26655,1024,1021,1024,
26,3676964864,-9024,-1660,13520,-90,33,-219,-24321,16896,-14081,22864,25492,21988,1024,1022,1024,
26,4079618048,-8956,-1624,13528,-92,59,-188,-26113,15616,-14337,9113,-9304,2984,1024,1023,1024,
26,187369472,-9024,-1612,13572,-94,29,-198,-25345,16384,-13057,28382,30218,-13782,1024,1022,1024,
26,590022656,-8960,-1648,13520,-113,45,-228,-25601,14592,-14849,16175,27967,4420,1024,1022,1024,
26,1009453056,-9092,-1696,13640,-97,31,-195,-24321,15360,-14081,12261,-27974,-30392,1024,1022,1024,
26,1412106240,-9008,-1604,13540,-97,35,-201,-24321,16384,-14081,27471,25723,7274,1024,1022,1024,
26,1831536640,-9028,-1612,13604,-101,46,-194,-26113,16640,-14849,-23363,-30346,-16181,1024,1022,1024,
26,2234189824,-9116,-1544,13532,-110,29,-223,-25857,16896,-14593,-2617,3267,3716,1024,1022,1024,
26,2636843008,-9100,-1552,13612,-95,54,-188,-25345,17920,-14593,13190,-5635,5099,1024,1022,1024,
26,3056273408,-9156,-1696,13380,-106,49,-209,-25345,14848,-14081,23436,-26045,11146,1024,1022,1024,
26,3458926592,-9060,-1660,13512,-110,14,-182,-25089,17152,-13313,-18150,-1350,-5867,1024,1022,1024,
26,3878356992,-9052,-1516,13636,-121,22,-205,-24833,15872,-14081,-27065,11983,22507,1024,1023,1024,
26,4264232960,-9004,-1612,13584,-106,27,-212,-25089,16640,-15873,-15200,195,-18747,1024,1022,1024,
26,388761600,-8960,-1704,13428,-96,23,-201,-25601,16640,-13313,-5075,-18037,26988,1024,1023,1024,
26,808192000,-9024,-1664,13560,-130,46,-196,-26113,16128,-14337,-2349,17277,4551,1024,1022,1024,
26,1210845184,-8836,-1640,13588,-120,35,-204,-25345,15872,-14593,20182,-31283,-7761,1024,1022,1024,
26,1630275584,-9024,-1632,13456,-115,39,-211,-25089,16640,-13825,19343,23954,22071,1024,1022,1024,
26,2016151552,-9048,-1528,13432,-109,10,-199,-25601,15616,-13313,1497,-23816,21078,1024,1023,1024,
26,2435581952,-8964,-1612,13640,-112,8,-223,-25089,17152,-15361,17277,-30675,-14315,1024,1022,1024,
26,2838235136,-9100,-1668,13596,-106,7,-212,-25345,15872,-14081,-30897,22424,-1612,1024,1023,1024,
26,3257665536,-9084,-1572,13580,-119,34,-185,-25601,15616,-13313,-14113,21523,-7548,1024,1022,1024,
26,3677095936,-9020,-1652,13536,-94,53,-210,-25601,16640,-14849,28132,-8439,-3511,1024,1023,1024,
26,4079749120,-9040,-1628,13580,-93,16,-217,-24833,15872,-13057,-19035,3223,-12640,1024,1022,1024,
26,187500544,-8972,-1556,13712,-101,55,-176,-26625,15616,-15361,-27930,-9337,-24243,1024,1022,1024,
26,590153728,-9020,-1584,13496,-118,27,-207,-24065,16640,-14337,27994,-1186,-31391,1024,1022,1024,
26,1009584128,-9072,-1500,13608,-93,7,-212,-25089,16128,-13825,9975,-6460,-3276,1024,1023,1024,
26,1412237312,-9108,-1652,13672,-113,35,-203,-26369,16896,-14081,121,13509,15776,1024,1022,1024,
26,1831667712,-9064,-1636,13556,-96,60,-226,-24577,17152,-13313,1561,4557,-10863,1024,1022,1024,
26,2234320896,-9120,-1568,13556,-87,88,-214,-26881,15872,-14081,21285,-6678,3664,1024,1023,1024,
26,2636974080,-9028,-1624,13680,-104,37,-213,-25089,15616,-14337,21823,-4662,-26651,1024,1023,1024,
26,3056404480,-8940,-1612,13540,-128,74,-199,-25857,17408,-13569,20668,12304,-21616,1024,1022,1024,
26,3459057664,-9100,-1528,13640,-110,20,-209,-24577,16640,-14337,-30682,-27307,9430,1024,1022,1024,
26,3878488064,-9032,-1636,13676,-109,29,-197,-25345,15872,-13057,2838,-1096,-24785,1024,1023,1024,
26,4264364032,-9028,-1624,13552,-137,47,-229,-26113,16128,-13313,24548,-21394,-27895,1024,1022,1024,
26,388892672,-9068,-1620,13636,-112,38,-188,-25089,16640,-14337,-10215,-4264,6144,1024,1022,1024,
26,808323072,-8956,-1488,13504,-101,28,-211,-25089,15616,-14849,-7169,8957,-14971,1024,1022,1024,
26,1210976256,-9008,-1612,13692,-83,18,-235,-23809,16384,-14081,14243,31793,14569,1024,1022,1024,
26,1630406656,-8980,-1664,13568,-112,51,-215,-23809,15872,-14081,3439,-22351,-29157,1024,1022,1024,
26,2016282624,-9092,-1604,13544,-104,45,-170,-24321,16384,-14593,7853,-23648,-2614,1024,1022,1024,
26,2435713024,-9012,-1644,13588,-110,31,-212,-25601,14592,-14337,-13687,-842,16277,1024,1022,1024,
26,2838366208,-9036,-1596,13484,-94,32,-230,-25089,17152,-12801,-25697,-2712,8149,1024,1022,1024,
26,3257796608,-8980,-1588,13644,-91,54,-220,-26113,15616,-14337,3343,-30218,31481,1024,1022,1024,
26,3677227008,-9060,-1636,13592,-121,23,-189,-24833,15872,-13057,-16137,-15171,-6079,1024,1022,1024,
26,4063102976,-8916,-1600,13524,-118,55,-197,-27393,15872,-12033,9373,28004,1342,1024,1023,1024,
26,187631616,-8936,-1604,13560,-93,5,-210,-25089,17152,-13825,-7796,20036,4949,1024,1022,1024,
26,590284800,-8980,-1624,13672,-102,63,-202,-26113,16128,-13825,25996,2716,12579,1024,1023,1024,
26,1009715200,-9056,-1632,13536,-109,45,-191,-25345,14848,-14593,-22412,-2319,-4807,1024,1022,1024,
26,1412368384,-9088,-1636,13576,-82,40,-198,-25089,16128,-12801,21961,16912,31437,1024,1022,1024,
26,1831798784,-9080,-1644,13560,-90,48,-201,-24577,16640,-15361,28496,16768,-29951,1024,1022,1024,
26,2234451968,-8932,-1524,13704,-125,15,-227,-26113,17152,-13825,29481,-12160,-22606,1024,1022,1024,
26,2637105152,-8972,-1608,13576,-124,30,-216,-25601,16128,-14849,16515,-25069,3529,1024,1022,1024,
26,3056535552,-9072,-1604,13428,-99,39,-207,-26113,15104,-14337,-14043,18717,24131,1024,1022,1024,
26,3459188736,-9064,-1624,13620,-115,7,-211,-25089,16128,-15873,-13503,19036,8913,1024,1022,1024,
26,3878619136,-8952,-1620,13472,-98,53,-206,-23809,15360,-14593,29998,28031,-5233,1024,1022,1024,
26,4264495104,-9036,-1628,13728,-112,32,-216,-24833,16896,-14081,11423,11045,-11713,1024,1022,1024,
26,389023744,-9028,-1592,13576,-112,44,-175,-25601,15104,-15361,-15479,28009,-6797,1024,1022,1024,
26,808454144,-8996,-1608,13468,-110,49,-233,-26113,15616,-13825,-30123,27585,9231,1024,1023,1024,
26,1211107328,-8936,-1580,13564,-90,19,-202,-25857,16896,-13569,-27387,6276,13898,1024,1022,1024,
26,1630537728,-8984,-1576,13496,-125,30,-229,-25089,15616,-13825,30504,10426,1672,1024,1022,1024,
26,2016413696,-9100,-1564,13684,-91,68,-204,-25601,15616,-14849,-29569,31557,13687,1024,1022,1024,
26,2435844096,-9024,-1588,13596,-115,47,-217,-25089,17152,-14337,26260,-11131,4565,1024,1022,1024,
26,2838497280,-9116,-1628,13652,-118,11,-218,-23809,16384,-14593,30882,5656,11516,1024,1022,1024,
26,3257927680,-8996,-1676,13596,-102,52,-207,-25345,16384,-12545,1034,-6920,1031,1024,1022,1024,
26,3677358080,-9016,-1620,13596,-104,19,-205,-25345,16384,-15105,-27607,9663,25694,1024,1022,1024,
26,4080011264,-9100,-1552,13760,-97,27,-189,-24321,16384,-13569,-24202,25597,13389,1024,1022,1024,
26,187762688,-8996,-1716,13484,-99,66,-213,-24577,14592,-14849,-6509,-5013,-24296,1024,1022,1024,
26,590415872,-9008,-1544,13436,-88,29,-208,-26369,16384,-14593,15066,-29966,10197,1024,1022,1024,
26,1009846272,-8992,-1616,13488,-111,28,-190,-25345,16384,-14081,-10854,-29475,-28654,1024,1022,1024,
26,1412499456,-9048,-1600,13660,-99,22,-192,-24833,15360,-14593,-19917,-8260,25632,1024,1022,1024,
26,1831929856,-8908,-1636,13548,-112,25,-185,-24321,15360,-13569,-13445,6103,-6122,1024,1021,1024,
26,2234583040,-9008,-1624,13680,-104,17,-242,-25345,15872,-12545,-23524,17096,-29519,1024,1022,1024,
26,2637236224,-8932,-1596,13564,-110,22,-204,-25857,14336,-14081,-16545,2121,-21848,1024,1022,1024,
26,3056666624,-9104,-1556,13568,-116,30,-219,-25345,16384,-14081,6430,-18766,941,1024,1022,1024,
26,3459319808,-9060,-1616,13616,-86,30,-193,-25345,16384,-13057,-27741,15379,14791,1024,1022,1024,
26,3878750208,-8936,-1624,13716,-93,26,-196,-25089,16640,-13825,-1111,17805,-5767,1024,1022,1024,
26,4264626176,-9060,-1624,13540,-108,34,-194,-24833,16384,-14081,-20962,-12376,-15478,1024,1021,1024,
26,389154816,-8952,-1640,13692,-98,38,-232,-25089,17152,-15361,14083,24324,-11530,1024,1022,1024,
26,808585216,-8976,-1524,13680,-101,46,-190,-25345,14848,-13569,13382,-27594,28726,1024,1022,1024,
26,1211238400,-9052,-1616,13468,-98,22,-218,-24065,17152,-13825,-15976,30671,-27572,1024,1022,1024,
26,1630668800,-9104,-1636,13496,-119,30,-187,-25089,16640,-12801,-23902,18519,-29522,1024,1022,1024,
26,2016544768,-9056,-1580,13540,-113,29,-219,-24833,15872,-13569,5114,12979,-13950,1024,1022,1024,
26,2435975168,-9056,-1552,13640,-98,33,-229,-24833,16384,-14593,-26089,-6114,-15712,1024,1021,1024,
26,2838628352,-9028,-1552,13648,-112,54,-193,-24577,16640,-14337,-21723,-26745,-22655,1024,1022,1024,
26,3258058752,-9088,-1684,13620,-103,7,-200,-25345,15872,-14081,9608,18233,-19781,1024,1021,1024,
26,3677489152,-8964,-1648,13652,-108,23,-193,-25345,15360,-13057,10819,23412,27196,1024,1022,1024,
26,4080142336,-9008,-1596,13364,-110,50,-219,-24577,16640,-14849,-14634,-17519,-13987,1024,1022,1024,
26,187893760,-8992,-1608,13660,-105,35,-207,-25601,17152,-13825,-25948,6105,20276,1024,1022,1024,
26,590546944,-8916,-1524,13660,-112,33,-204,-25345,15872,-14593,-24384,16750,23236,1024,1021,1024,
26,1009977344,-8980,-1676,13504,-90,32,-224,-26369,15872,-14593,-18893,-4996,30076,1024,1022,1024,
26,1412630528,-9128,-1672,13708,-106,25,-202,-24577,16640,-13313,-6071,-16969,-13872,1024,1021,1024,
26,1832060928,-8980,-1680,13712,-94,13,-223,-25601,16128,-14337,10592,3703,22946,1024,1022,1024,
26,2234714112,-9016,-1688,13652,-115,34,-220,-25857,16896,-13057,22310,21962,-31355,1024,1022,1024,
26,2637367296,-8984,-1692,13660,-115,25,-203,-24321,16384,-14593,25994,-31365,26249,1024,1022,1024,
26,3056797696,-9012,-1528,13524,-94,44,-207,-24577,15616,-13825,-3200,-30192,-23460,1024,1022,1024,
26,3459450880,-8996,-1552,13660,-104,11,-216,-25345,15360,-12545,-22672,-14126,-2893,1024,1022,1024,
26,3878881280,-8988,-1652,13480,-102,41,-214,-24833,16384,-13057,-17921,14222,31485,1024,1022,1024,
26,4264757248,-9040,-1640,13444,-116,61,-204,-25345,16896,-14081,-13751,10492,-3799,1024,1022,1024,
26,389285888,-9188,-1664,13672,-98,26,-223,-24577,16640,-13825,25345,8436,-20268,1024,1023,1024,
26,808716288,-9072,-1672,13552,-121,45,-218,-25089,16128,-13825,-15444,30530,26349,1024,1022,1024,
26,1211369472,-8992,-1544,13592,-92,10,-217,-25857,15872,-14081,-25990,19926,-6225,1024,1022,1024,
26,1630799872,-9128,-1596,13612,-95,31,-183,-26113,15616,-14337,15989,11557,5483,1024,1022,1024,
26,2016675840,-9116,-1552,13632,-135,16,-216,-25601,16128,-14337,-7654,-18661,-5767,1024,1022,1024,
26,2436106240,-8952,-1664,13600,-90,63,-211,-24321,15872,-15105,-16228,-10540,8070,1024,1022,1024,
26,2838759424,-8960,-1544,13472,-77,52,-218,-25345,16384,-13569,21383,-29728,13623,1024,1022,1024,
26,3258189824,-8996,-1572,13592,-141,34,-210,-24065,16640,-13313,-6391,10541,-32472,1024,1022,1024,
26,3677620224,-8984,-1652,13540,-100,47,-199,-24577,16128,-13313,282,-32739,2142,1024,1022,1024,
26,4063496192,-9060,-1604,13528,-104,35,-190,-25601,15616,-14337,1962,-8790,31043,1024,1022,1024,
26,188024832,-8980,-1600,13552,-115,55,-193,-25345,15872,-14593,-3541,4672,22121,1024,1022,1024,
26,590678016,-9060,-1612,13628,-121,36,-218,-25345,17408,-14081,-10705,21439,-3470,1024,1022,1024,
26,1010108416,-9056,-1572,13552,-114,59,-215,-23809,15360,-14081,-17218,3396,7729,1024,1022,1024,
26,1412761600,-8936,-1672,13652,-110,9,-178,-25089,16128,-13825,22539,4415,31989,1024,1022,1024,
26,1832192000,-8964,-1584,13576,-105,38,-209,-24577,16128,-13825,-32102,21188,3511,1024,1022,1024,
26,2234845184,-8984,-1736,13668,-115,20,-192,-24577,15616,-13313,5427,-3966,-26445,1024,1022,1024,
26,2637498368,-9004,-1588,13540,-94,32,-213,-24577,15616,-13313,-21116,-15669,16199,1024,1022,1024,
26,3056928768,-9056,-1600,13632,-117,27,-243,-26369,15872,-13569,-28469,-29742,-23979,1024,1022,1024,
26,3459581952,-9016,-1696,13528,-91,39,-226,-25089,15616,-14337,-25888,-2021,-6108,1024,1022,1024,
26,3879012352,-9112,-1592,13604,-84,26,-215,-25601,16128,-13825,-19560,-10568,-1375,1024,1022,1024,
26,4264888320,-9064,-1632,13560,-97,54,-193,-25857,15360,-15105,1047,-17751,-16084,1024,1022,1024,
26,389416960,-9092,-1528,13720,-109,57,-242,-24065,16128,-14337,20779,12726,-7530,1024,1022,1024,
26,808847360,-9068,-1536,13496,-108,39,-211,-25345,16384,-14081,7993,-28800,10041,1024,1023,1024,
26,1211500544,-9068,-1604,13640,-130,50,-218,-24833,15872,-13569,18828,-11960,-3001,1024,1022,1024,
26,1630930944,-9032,-1640,13528,-79,55,-196,-24577,15616,-14337,-28000,21012,28463,1024,1021,1024,
26,2016806912,-8992,-1564,13500,-86,61,-198,-23809,16384,-14593,14566,-18935,6364,1024,1022,1024,
26,2436237312,-8964,-1564,13540,-111,19,-195,-24833,15360,-13569,19969,-8292,-26224,1024,1022,1024,
26,2838890496,-9096,-1520,13672,-99,39,-221,-27137,15616,-13825,-15239,-29623,5300,1024,1022,1024,
26,3258320896,-9084,-1600,13460,-96,34,-189,-24321,16896,-14081,28274,15859,22414,1024,1022,1024,
26,3677751296,-9004,-1648,13572,-110,29,-186,-25089,16128,-13825,28173,25043,-19098,1024,1022,1024,
26,4063627264,-9004,-1592,13636,-122,54,-214,-25345,16384,-13569,22722,-3222,21875,1024,1022,1024,
26,188155904,-8992,-1552,13604,-110,25,-220,-25857,14336,-14081,18290,-11920,16500,1024,1022,1024,
26,590809088,-9032,-1640,13504,-98,37,-188,-24577,16128,-14337,20454,19013,-18262,1024,1022,1024,
26,1010239488,-8892,-1528,13584,-107,33,-226,-24833,17408,-15105,-12243,-5416,-20183,1024,1022,1024,
26,1412892672,-8992,-1688,13536,-106,39,-193,-24321,16384,-14081,6063,10311,5358,1024,1022,1024,
26,1832323072,-9064,-1648,13536,-92,44,-210,-24577,14592,-14337,18116,-19806,-17831,1024,1022,1024,
26,2234976256,-8996,-1556,13540,-111,28,-201,-25601,15104,-14337,18977,-29577,-2589,1024,1021,1024,
26,2637629440,-8992,-1644,13712,-112,57,-218,-25857,14848,-14081,16085,19250,86,1024,1022,1024,
26,3057059840,-8976,-1588,13528,-107,39,-209,-26113,16640,-14337,14500,24522,-26843,1024,1022,1024,
26,3459713024,-9052,-1636,13716,-84,16,-195,-26369,16384,-13057,4185,28007,-8096,1024,1021,1024,
26,3879143424,-9040,-1604,13600,-104,4,-234,-25345,15360,-14593,-4456,-8452,-28983,1024,1022,1024,
26,4265019392,-9012,-1584,13656,-96,42,-201,-25601,16128,-13825,-18680,-29781,-29117,1024,1021,1024,
26,389548032,-9056,-1576,13588,-119,-17,-188,-24577,15616,-14337,-3288,-1893,-22409,1024,1022,1024,
26,808978432,-9032,-1588,13520,-102,33,-219,-24065,16128,-15361,14701,-8814,-11696,1024,1021,1024,
26,1211631616,-9068,-1544,13664,-120,44,-232,-25345,15872,-14081,-22564,30265,-5733,1024,1022,1024,
26,1631062016,-8968,-1528,13608,-108,48,-201,-24321,17408,-13057,-6535,18381,6004,1024,1022,1024,
26,2016937984,-8980,-1552,13584,-101,66,-218,-26625,16128,-13313,-5164,25786,16970,1024,1022,1024,
26,2436368384,-8940,-1532,13648,-106,31,-197,-26113,16128,-12801,22223,31844,21847,1024,1022,1024,
26,2839021568,-9040,-1548,13648,-108,53,-204,-25089,16128,-14849,-29607,11436,3981,1024,1022,1024,
26,3258451968,-9084,-1532,13532,-119,17,-202,-26113,15616,-15361,-23632,-29791,-30800,1024,1022,1024,
26,3677882368,-9048,-1668,13460,-116,31,-199,-24833,15872,-14593,19549,-21144,7213,1024,1022,1024,
26,4063758336,-9084,-1636,13588,-108,59,-233,-24833,16384,-14593,-32002,4009,-10372,1024,1023,1024,
26,188286976,-3748,10992,17584,-2771,1315,-1519,-24321,15872,-14081,-21756,10607,30274,1024,1021,1024,
26,590940160,-9668,-4220,12828,-3112,654,4201,-25345,15360,-14081,-18409,-27153,1666,1024,1023,1024,
26,1010370560,-9936,-3968,12680,-120,-9,-169,-23809,16384,-13569,32757,3188,-11409,1024,1022,1024,
26,1413023744,-8544,-2020,13456,-56,168,-125,-23809,16896,-13057,-19582,-21653,2840,1024,1023,1024,
26,1832454144,-8656,-1524,13944,-464,405,-453,-25089,15104,-14337,5830,-6750,3163,1024,1022,1024,
26,2235107328,-9292,-1680,13452,2,-108,-128,-25601,16128,-13313,22058,12926,13437,1024,1023,1024,
26,2637760512,-8940,-1516,13704,-90,30,-216,-25601,17152,-12289,15814,17932,31398,1024,1022,1024,
26,3057190912,-9560,-2472,13420,-63,-16,-199,-25089,15104,-13825,31931,-20376,7214,1024,1023,1024,
26,3459844096,-8856,-1532,13600,1091,-1156,457,-25345,16896,-13057,-12534,18037,-1629,1024,1023,1024,
26,3879274496,-8540,-1040,13648,-179,76,-259,-26625,16128,-15361,27640,9273,-7451,1024,1022,1024,
26,4265150464,-9156,-1716,13584,-912,755,-631,-25345,15360,-14081,-8646,27151,-17075,1024,1022,1024,
26,389679104,-9180,-2064,13200,-37,1,-162,-26369,16384,-13057,11190,-3588,-29266,1024,1023,1024,
26,809109504,-9216,-1524,14080,502,-266,120,-24833,17408,-14081,15555,26601,17032,1024,1022,1024,
26,1211762688,-8804,-1332,13632,-194,134,-244,-25857,15360,-13569,-22652,24811,16021,1024,1022,1024,
26,1631193088,-9024,-1700,13524,-419,323,-366,-25345,15360,-14081,29670,-13459,749,1024,1023,1024,
26,2017069056,-8856,-1716,13424,214,-259,-41,-25089,15616,-13825,-17710,17404,-26744,1024,1022,1024,
26,2436499456,-8932,-1404,13788,-78,57,-236,-25601,15616,-13313,1364,-28755,18052,1024,1022,1024,
26,2839152640,-9056,-1636,13580,-305,238,-326,-25345,15872,-13569,-14166,10146,-18616,1024,1023,1024,
26,3258583040,-9148,-1780,13432,-44,-68,-190,-25857,16896,-13057,941,-32021,-20751,1024,1023,1024,
26,3678013440,-9016,-1592,13756,20,-65,-128,-24577,17664,-13313,29811,416,-9053,1024,1023,1024,
26,4063889408,-8972,-1540,13624,-182,106,-277,-24577,16640,-13313,-5469,9166,23852,1024,1022,1024,
26,188418048,-9052,-1620,13496,-148,98,-246,-24321,15360,-13569,-18703,-23765,28169,1024,1022,1024,
26,591071232,-8896,-1700,13576,-44,-27,-171,-25857,15360,-15105,-12199,-24291,-25608,1024,1022,1024,
26,1010501632,-9040,-1612,13700,-79,21,-212,-25089,17152,-12801,23229,-4076,-6714,1024,1022,1024,
26,1413154816,-9008,-1596,13600,-137,75,-224,-25601,16128,-13313,22650,-5565,3339,1024,1022,1024,
26,1815808000,-8992,-1640,13524,-102,48,-184,-24833,15872,-14081,3051,-23165,-14618,1024,1022,1024,
26,2235238400,-8964,-1580,13524,-101,26,-196,-25601,16640,-13825,14747,-20619,-18809,1024,1022,1024,
26,2637891584,-9116,-1644,13584,-120,35,-214,-26625,16128,-13313,-6213,24163,32326,1024,1022,1024,
26,3057321984,-9052,-1676,13636,-109,-3,-205,-25089,15104,-14337,27524,28154,-146,1024,1022,1024,
26,3459975168,-9096,-1612,13536,-99,8,-216,-24833,15872,-13057,19030,7942,32112,1024,1023,1024,
26,3879405568,-8996,-1632,13788,-107,63,-198,-25601,17152,-13825,-24340,-30114,15963,1024,1022,1024,
26,4265281536,-9068,-1676,13656,-134,58,-213,-25345,17408,-14593,-28139,14299,19706,1024,1022,1024,
26,389810176,-9104,-1620,13436,-96,40,-193,-25345,16896,-12033,-5911,16354,-16089,1024,1022,1024,
26,809240576,-9088,-1540,13560,-77,-47,-243,-25601,17664,-13313,-27291,14464,-28594,1024,1022,1024,
26,1211893760,-9040,-1628,13704,-128,38,-223,-25601,17152,-14849,-2448,-5544,21253,1024,1023,1024,
26,1631324160,-8972,-1680,13592,-121,60,-204,-26113,15104,-14337,10217,-2112,-28401,1024,1022,1024,
26,2017200128,-9028,-1612,13464,-92,36,-215,-23041,16128,-13825,-30968,-24022,-63,1024,1022,1024,
26,2436630528,-9040,-1600,13596,-92,60,-194,-26369,16896,-14081,1344,-9661,5833,1024,1022,1024,
26,2839283712,-9020,-1584,13520,-102,58,-225,-24833,16896,-14081,-29374,1689,-13090,1024,1022,1024,
26,3258714112,-9092,-1640,13592,-117,40,-198,-24577,16128,-12801,13230,9384,-16864,1024,1022,1024,
26,3678144512,-8968,-1592,13492,-86,29,-210,-23809,16384,-15105,-18717,-31668,-23479,1024,1022,1024,
26,4064020480,-8976,-1584,13700,-110,32,-227,-25089,16640,-13313,21989,28042,-15722,1024,1022,1024,
26,188549120,-9064,-1632,13684,-98,36,-192,-26625,15616,-13825,10482,-5492,-17302,1024,1022,1024,
26,591202304,-9012,-1672,13624,-100,37,-207,-25345,15872,-13569,31357,-4694,-4645,1024,1022,1024,
26,1010632704,-9008,-1636,13564,-97,41,-208,-25089,16640,-15873,85,1862,-18526,1024,1023,1024,
26,1413285888,-9008,-1656,13468,-126,40,-180,-25857,16896,-13569,6387,-19970,18104,1024,1022,1024,
26,1815939072,-9080,-1720,13628,-110,12,-205,-25601,14592,-12801,-25386,-17751,-12781,1024,1022,1024,
26,2235369472,-9016,-1576,13608,-128,47,-206,-24577,15616,-13313,-9525,-5593,23765,1024,1022,1024,
26,2638022656,-9060,-1612,13540,-112,28,-246,-25345,16896,-14081,24680,3160,-26409,1024,1022,1024,
26,3057453056,-9032,-1608,13604,-102,35,-168,-25345,15872,-13569,22062,-23153,26811,1024,1022,1024,
26,3460106240,-9004,-1572,13692,-96,16,-194,-24833,15360,-14593,8806,-26060,28551,1024,1022,1024,
26,3879536640,-8996,-1656,13560,-107,34,-205,-24833,16384,-13057,-9872,-1490,6652,1024,1022,1024,
26,4265412608,-9020,-1584,13584,-86,42,-222,-25089,15616,-12801,11217,-3543,-25891,1024,1022,1024,
26,389941248,-9064,-1596,13792,-120,35,-189,-25345,13824,-14593,-19788,-3348,3523,1024,1022,1024,
26,809371648,-8952,-1680,13588,-111,41,-201,-23809,15872,-12033,-23165,18861,15316,1024,1022,1024,
26,1212024832,-8936,-1596,13600,-114,38,-220,-25089,15104,-12801,5751,-26866,7847,1024,1022,1024,
26,1631455232,-9044,-1528,13536,-102,7,-224,-25601,16128,-14337,-21327,-15226,-10172,1024,1022,1024,
26,2017331200,-9024,-1536,13528,-103,52,-219,-25345,15872,-13057,29711,-7591,26182,1024,1022,1024,
26,2436761600,-8988,-1628,13440,-103,64,-209,-27393,15360,-15105,20408,-2987,6383,1024,1022,1024,
26,2839414784,-9060,-1552,13796,-102,30,-198,-23809,15872,-15105,14320,-19490,19031,1024,1022,1024,
26,3258845184,-9036,-1596,13628,-94,24,-210,-25345,14848,-13569,26176,18999,-22714,1024,1022,1024,
26,3678275584,-9032,-1576,13600,-96,25,-227,-25857,15872,-14081,-32025,-22830,-13850,1024,1022,1024,
26,4064151552,-8948,-1584,13536,-97,31,-207,-25857,15360,-14081,13195,7880,5002,1024,1022,1024,
26,188680192,-9020,-1604,13648,-125,33,-228,-24833,15360,-15105,-31674,8969,-9502,1024,1022,1024,
26,591333376,-9032,-1620,13588,-137,27,-205,-25601,14592,-13825,24230,8964,-27706,1024,1022,1024,
26,1010763776,-9096,-1672,13656,-92,41,-204,-24321,16896,-12545,18807,23334,-10871,1024,1022,1024,
26,1413416960,-8964,-1640,13668,-88,42,-181,-25345,16384,-15105,18191,-8191,4675,1024,1022,1024,
26,1816070144,-8992,-1596,13604,-96,26,-212,-26113,15616,-14337,-26860,-19158,30692,1024,1022,1024,
26,2235500544,-9028,-1544,13540,-78,46,-224,-26113,16128,-13825,28292,-4327,32480,1024,1022,1024,
26,2638153728,-9132,-1648,13384,-95,41,-225,-26113,17152,-13313,-79,32335,14988,1024,1021,1024,
26,3057584128,-8944,-1620,13624,-95,48,-176,-24833,15872,-12545,-2685,9514,11847,1024,1022,1024,
26,3460237312,-9040,-1572,13592,-119,49,-217,-25089,14592,-13313,-4738,-26947,-7176,1024,1021,1024,
26,3879667712,-9072,-1656,13604,-114,38,-203,-24577,15616,-14337,-9069,-5945,-30799,1024,1022,1024,
26,4265543680,-9004,-1580,13680,-114,2,-189,-25857,16384,-13569,-28096,14117,-24661,1024,1021,1024,
26,390072320,-9052,-1628,13672,-94,41,-200,-25857,15872,-13057,-17807,31615,-23714,1024,1022,1024,
26,809502720,-9084,-1580,13536,-97,20,-207,-26369,15872,-14081,-27247,-2413,-11758,1024,1022,1024,
26,1212155904,-9076,-1532,13616,-100,5,-213,-26113,15616,-12801,-12628,-23715,17595,1024,1022,1024,
26,1631586304,-9028,-1552,13556,-119,41,-230,-25345,16384,-12545,-28107,27778,4439,1024,1021,1024,
26,2017462272,-9088,-1628,13568,-98,25,-212,-25345,15872,-13057,9433,23600,3675,1024,1022,1024,
26,2436892672,-8992,-1644,13572,-101,25,-204,-24577,15616,-13313,8314,-9552,30084,1024,1021,1024,
26,2839545856,-8904,-1636,13604,-80,53,-216,-24833,15872,-13057,-2045,-19494,21625,1024,1022,1024,
26,3258976256,-9036,-1588,13548,-104,38,-212,-24065,17152,-12801,-29986,-29531,14057,1024,1023,1024,
26,3678406656,-9048,-1544,13636,-113,36,-202,-25601,17152,-13313,-20929,16164,9045,1024,1022,1024,
26,4064282624,-9108,-1504,13692,-127,38,-227,-26625,15104,-13313,-13152,-16852,21991,1024,1022,1024,
26,188811264,-9200,-1628,13372,-84,55,-189,-25345,15360,-14081,-1049,-21126,-19915,1024,1022,1024,
26,591464448,-8980,-1636,13508,-105,26,-216,-24321,17408,-13057,19747,-31978,8091,1024,1022,1024,
26,1010894848,-9036,-1568,13604,-97,24,-206,-25089,16640,-14849,12031,-22178,26700,1024,1022,1024,
26,1413548032,-9024,-1680,13568,-92,72,-179,-25089,16128,-13825,-24108,-2790,-17840,1024,1022,1024,
26,1816201216,-8988,-1616,13476,-121,42,-214,-24065,16640,-13313,28701,19501,-11199,1024,1022,1024,
26,2235631616,-8892,-1576,13480,-159,38,-201,-25089,17152,-13313,5005,-11504,22890,1024,1022,1024,
26,2638284800,-9024,-1692,13504,-106,12,-186,-24577,15104,-13313,-31868,-10629,22446,1024,1022,1024,
26,3057715200,-8980,-1568,13560,-98,20,-209,-24577,15104,-14337,12012,-10985,-32651,1024,1022,1024,
26,3460368384,-8980,-1660,13416,-113,44,-223,-26625,15616,-13825,2301,-10918,-19681,1024,1022,1024,
26,3863021568,-9032,-1572,13728,-111,41,-212,-26113,17152,-13825,-12175,17692,-3470,1024,1022,1024,
26,4265674752,-8908,-1688,13784,-126,17,-207,-24833,17408,-13057,21225,-27314,-15163,1024,1022,1024,
26,390203392,-8928,-1668,13476,-98,46,-226,-25857,16896,-12545,-30345,26426,-7799,1024,1022,1024,
26,809633792,-9108,-1596,13716,-87,34,-211,-24833,17408,-13057,5397,19715,-12586,1024,1022,1024,
26,1212286976,-9036,-1500,13584,-113,30,-194,-24833,15872,-13057,-4781,-27412,-19769,1024,1022,1024,
26,1631717376,-9008,-1596,13596,-109,37,-225,-26881,15360,-14081,14734,20879,-11344,1024,1022,1024,
26,2017593344,-8988,-1632,13628,-109,44,-225,-25345,16896,-14081,30348,9809,-11902,1024,1022,1024,
26,2437023744,-9172,-1524,13752,-113,25,-186,-25089,15616,-14337,-13706,7336,-26355,1024,1022,1024,
26,2839676928,-9016,-1608,13504,-104,60,-206,-24833,15872,-14081,-20645,-22296,14683,1024,1022,1024,
26,3259107328,-9072,-1628,13592,-85,33,-200,-24833,15872,-13057,-14699,30115,-7073,1024,1022,1024,
26,3678537728,-8944,-1664,13592,-111,7,-190,-23809,17920,-13057,-15902,-4255,26845,1024,1022,1024,
26,4064413696,-9036,-1592,13592,-95,31,-210,-25857,15360,-14593,-14607,-22089,21418,1024,1022,1024,
26,188942336,-9056,-1604,13564,-89,18,-218,-25345,16896,-14081,385,-4483,-30799,1024,1022,1024,
26,591595520,-8988,-1592,13620,-121,45,-220,-26113,17152,-13313,2282,-7808,16941,1024,1022,1024,
26,1011025920,-9080,-1604,13512,-108,40,-226,-25857,16896,-13569,-8040,-11806,-32289,1024,1022,1024,
26,1413679104,-9020,-1584,13576,-74,40,-230,-24065,15104,-13825,26435,8681,31367,1024,1022,1024,
26,1816332288,-9124,-1656,13620,-103,63,-226,-25089,16640,-14849,4791,26342,20159,1024,1022,1024,
26,2235762688,-9360,-2780,13716,1091,-812,304,-24577,15616,-13825,-25980,-9673,32111,1024,1023,1024,
26,2638415872,-7316,408,14356,2438,-1751,1301,-25857,15360,-14081,17743,-1630,-20301,1024,1023,1024,
26,3057846272,-2236,3940,16644,-1520,2561,-1946,-25345,16896,-14593,-13543,28590,25683,1024,1023,1024,
26,3460499456,-8476,248,13740,-1170,943,-597,-26625,16640,-12801,19315,-22258,-4827,1024,1022,1024,
26,3863152640,-10324,-3060,13336,2407,-2302,1162,-26369,16384,-14593,16443,5781,16388,1024,1023,1024,
26,4265805824,-11096,504,13088,-5810,-2197,9961,-26113,14592,-13825,-28036,-25844,19073,1024,1023,1024,
26,390334464,-8224,-12,13012,-7852,-2686,12789,-27137,15104,-13825,7508,10629,4395,1024,1024,1024,
26,809764864,-10132,-1500,13488,-8570,-1776,14519,-25089,13568,-13825,22729,-14933,29678,1024,1024,1024,
26,1212418048,-10356,-316,12344,-12697,-3277,21284,-26625,13056,-12289,22166,25925,-7846,1024,1024,1024,
26,1631848448,-8848,-3056,14412,-13564,-2391,22683,-25345,13312,-12033,-28133,13593,13476,1024,1023,1024,
26,2017724416,-9352,-260,15716,-11116,-3937,19586,-25345,11264,-11009,16864,-28010,19840,1024,1024,1024,
26,2437154816,-10308,100,14120,-10853,-8387,19433,-25601,9472,-8705,19295,748,31365,1024,1024,1024,
26,2839808000,-11092,-4984,14568,-10977,-9441,20205,-24833,8192,-9985,-31415,-27281,16391,1024,1023,1024,
26,3259238400,-8084,-1616,9288,-11333,-882,21254,-25345,6144,-9473,17133,-29705,-29390,1024,1023,1024,
26,3678668800,-3924,16,11820,-12331,8595,21264,-24321,8192,-9473,24101,4937,-11974,1024,1023,1024,
26,4064544768,-8700,4060,7540,-20270,20346,23585,-22785,9728,-9473,-9537,21814,1998,1024,1023,1024,
26,189073408,-6200,-4604,14964,-12372,-2349,23471,-20225,6144,-9473,2324,-19805,-29963,1024,1023,1024,
26,591726592,-6644,-8816,15104,-11827,-3137,20749,-19969,7936,-9217,-3316,20815,-11059,1024,1023,1024,
26,1011156992,-6072,-5436,15848,-3817,-428,5548,-19457,7424,-8193,4568,-21058,-16557,1024,1023,1024,
26,1413810176,-10980,-1520,12964,-1140,970,-529,-20737,8704,-9473,-956,-32343,-26890,1024,1021,1024,
26,1816463360,-9464,-2268,13540,759,-756,277,-19457,7424,-9729,-32575,6964,-25871,1024,1022,1024,
26,2235893760,-8728,-1148,13736,789,-766,303,-20737,6656,-7937,24361,19201,-942,1024,1021,1024,
26,2638546944,-8580,-1076,13636,-507,348,-416,-20993,7424,-8193,4465,17478,-31615,1024,1021,1024,
26,3057977344,-9132,-1708,13580,-855,690,-615,-20737,6144,-8449,-18771,-20688,5544,1024,1021,1024,
26,3460630528,-9204,-1916,13436,-5,-52,-121,-19713,7680,-8449,1415,7668,10095,1024,1020,1024,
26,3863283712,-8864,-1528,13680,385,-415,66,-21249,7680,-10497,-27446,31802,-30531,1024,1021,1024,
26,4265936896,-7604,-2640,12796,230,239,-251,-20481,6400,-10241,-12949,-14309,1939,1024,1021,1024,
26,390465536,-11800,3232,10792,-2949,-4058,8761,-19713,7168,-8449,-4264,10798,-6637,1024,1021,1024,
26,809895936,-8316,2512,15608,-18733,-3476,22425,-20481,6912,-8193,7967,-10910,-14361,1024,1022,973,
26,1212549120,-896,6940,19904,-22211,-3485,32767,-17153,5632,-7937,13848,5350,-17597,1024,1021,817,
26,1615202304,-8256,-652,13840,-32768,-6616,32767,-15361,6400,-9729,-16064,32183,-11408,1024,1022,963,
26,2017855488,-8396,-160,14888,-32768,-6928,32767,-13313,4352,-7169,-28599,-18076,31535,1024,1022,1024,
26,2437285888,-10524,4532,13500,-32768,-8573,32767,-8961,4608,-7937,-28095,-1109,-14298,1024,1022,1024,
26,2839939072,-17000,-2096,12212,-32768,-7280,32767,-5377,7168,-11009,20192,3031,2887,1024,1021,1024,
26,3259369472,-14672,-10748,16336,-19334,-3682,28066,-6401,6144,-9473,6415,27038,21845,1024,1022,1024,
26,3678799872,-13188,-3856,11392,-9117,-1761,12730,-5889,8192,-10497,-27260,-26049,15157,1024,1022,1024,
26,4064675840,-10644,-2188,12328,-1572,-290,2173,-5633,6912,-9729,24297,-9556,-3198,1024,1023,1024,
26,189204480,-9132,-2232,13424,381,-528,115,-5377,7680,-11009,-28928,24351,-19622,1024,1021,1024,
26,591857664,-9216,-2180,13616,2803,-2520,1376,-6913,6656,-9473,26783,-9096,-197,1024,1022,1024,
26,1011288064,-9860,-1240,12992,-1603,472,585,-5121,6400,-10241,12967,-21450,-24533,1024,1022,1024,
26,1413941248,-8504,2912,13100,-5383,-105,7450,-5377,6656,-11009,28559,-7856,-3791,1024,1023,1024,
26,1816594432,-7064,-4696,15068,-2767,1450,346,-5121,7424,-10241,-4857,-26075,1574,1024,1022,1024,
26,2236024832,-9156,-2176,13704,-45,-47,-116,-5889,9216,-9985,-8635,-21599,-7234,1024,1022,1024,
26,2638678016,-8896,-1448,13500,572,-344,112,-6145,6912,-9729,-32269,31964,4234,1024,1021,1024,
26,3058108416,-8624,-1384,13772,-175,98,-254,-5377,6656,-10497,4979,4416,15747,1024,1022,1024,
26,3460761600,-13688,-7072,12232,3307,-4622,1823,-5377,7680,-11009,10334,-4798,17093,1024,1021,1024,
26,3863414784,-10044,-380,12836,-1985,975,398,-5121,6400,-8705,-10276,-12814,24511,1024,1021,1024,
26,4266067968,-10220,7964,14964,-9657,-2602,10912,-5377,7168,-10497,13039,12524,-29341,1024,1021,1024,
26,390596608,-12464,-6300,10328,-17581,-1597,24261,-4097,7424,-10241,-32602,-23483,22122,1024,1022,1024,
26,810027008,-11992,200,9724,-18013,-5454,32767,-2817,10240,-11009,1204,-32568,-10025,1024,1021,1024,
26,1212680192,-5324,-5152,15324,-15623,-1799,22869,-3329,11264,-13057,-23941,24530,-24164,1024,1022,1024,
26,1615333376,-7180,-3236,15260,-15049,-1794,22445,-2561,9984,-12289,11329,8338,4677,1024,1022,1024,
26,2017986560,-9544,-1208,15032,-18508,-2910,28943,-1793,11264,-14081,9470,-9303,25055,1024,1022,1024,
26,2437416960,-10108,-2012,13456,-15368,-3191,25279,-2049,12544,-12801,-15258,-21671,-5100,1024,1022,1024,
26,2840070144,-6852,-4216,14500,-17441,-1626,25169,-1025,13568,-14337,18781,11695,-566,1024,1022,1024,
26,3259500544,-6420,-4484,14360,-20965,-986,27509,-2049,16128,-15361,6133,3675,-16977,1024,1021,1024,
26,3678930944,-7128,-844,14124,-20910,-3578,32016,-1281,14848,-15617,18388,-5385,13878,1024,1022,1024,
26,4064806912,-6548,256,15404,-8733,-1372,12368,-2049,16128,-15873,22974,-26343,20435,1024,1022,1024,
26,189335552,-9312,-680,13312,-5403,-1019,8082,-2305,16896,-17665,-9151,-11914,-19727,1024,1022,1024,
26,591988736,-9656,-5456,13112,-249,-13,244,-2817,16896,-15105,-29069,-21596,18426,1024,1022,1024,
26,1011419136,-12456,-4084,12596,2535,-1897,417,-1025,15616,-15361,-19627,9556,27768,1024,1022,1024,
26,1414072320,-9216,2408,10924,374,1029,-2923,-2049,15616,-15873,-31312,27038,23020,1024,1022,1024,
26,1816725504,-4148,2312,14576,-897,2138,-2312,-1537,16128,-15361,24336,-12025,17656,1024,1022,1024,
26,2236155904,-4616,-2532,13972,1986,-646,-2432,-1793,15360,-17153,11410,-7851,13559,1024,1022,1024,
26,2638809088,-8540,-2296,14092,-220,51,-322,-2305,15360,-15617,32651,19660,-25253,1024,1022,1024,
26,3058239488,-10244,916,12940,-554,39,352,-1025,16640,-15873,-11784,-27236,-11592,1024,1021,1024,
26,3460892672,-7880,-3848,13796,-907,-41,1112,-513,16128,-16385,-7518,-24473,26472,1024,1022,1024,
26,3863545856,-8852,-1536,14040,-94,44,-148,-2817,16384,-15105,13333,840,-22564,1024,1021,1024,
26,4266199040,-9108,-2128,13572,15,-81,-142,-1537,17152,-16385,1837,-9585,-27727,1024,1022,1024,
26,390727680,-12940,-2180,11688,4429,-3792,1731,-3329,15360,-16129,27475,21968,2286,1024,1022,1024,
26,810158080,-9952,-3000,9092,-1069,834,5839,-2305,16384,-15617,-4065,8737,-8782,1024,1022,1024,
26,1212811264,-7696,-4588,15568,-5472,-135,8418,-2817,17408,-16129,-5079,9466,21636,1024,1021,1024,
26,1615464448,-6924,-1112,15368,-4505,286,5912,-3841,16896,-16129,30952,-27828,31345,1024,1022,1024,
26,2018117632,-7452,-240,14204,-5441,1449,3963,-1793,18432,-16641,22200,-24578,28354,1024,1022,1024,
26,2437548032,-9168,-2608,17104,-2240,-529,2756,-2305,18432,-17665,-15913,10632,-9141,1024,1022,1024,
26,2840201216,-9700,-3708,13628,-546,-673,1731,-2817,16896,-15617,-10152,-21423,5977,1024,1022,1024,
26,3259631616,-7080,-3252,15108,-618,-2108,4298,-3585,18176,-17921,5237,20076,-10876,1024,1022,1024,
26,3679062016,-10068,-3816,12240,-658,-1290,4299,-1537,17152,-15873,-6946,19397,-14846,1024,1022,1024,
26,4064937984,-8036,-6656,12296,5487,197,-8775,-2305,16896,-14593,17904,-14187,-12060,1024,1022,1024,
26,189466624,-9096,-1348,15456,7752,1735,-14657,-3073,16128,-15361,-15280,2108,18268,1024,1021,1024,
26,592119808,-7040,-804,13936,5655,709,-9036,-2817,16896,-16641,9956,2450,256,1024,1022,1024,
26,1011550208,-8980,-940,13752,2771,-60,-3270,-2305,16384,-15617,21478,-6485,6506,1024,1022,1024,
26,1414203392,-8560,496,13952,-48,116,-1052,-1793,16384,-15617,-19446,8049,-924,1024,1023,1024,
26,1816856576,-8696,-1436,13688,-1150,931,-782,-2049,16128,-15361,-20687,-8426,-12074,1024,1022,1024,
26,2236286976,-9524,-2256,13660,-393,237,-355,-2561,17152,-16385,11420,29625,15340,1024,1022,1024,
26,2638940160,-8684,-1600,13888,470,-611,70,-2049,16128,-15361,-17697,12831,23255,1024,1022,1024,
26,3058370560,-13300,-2696,11720,1909,-973,-827,-2049,16640,-16897,-22591,-29040,-26586,1024,1022,1024,
26,3461023744,-7736,-3224,14708,4518,833,-7518,-1537,15616,-15361,989,23801,-21487,1024,1021,1024,
26,3863676928,-8008,-2468,14496,7417,2372,-14171,-1025,14592,-14849,11516,-30926,43,1024,1022,1024,
26,4266330112,-6476,-3224,13640,15534,5496,-30155,-2305,14848,-15105,14176,14639,32077,1024,1022,1024,
26,390858752,-9636,-2892,14344,17230,2965,-27696,-769,12800,-15105,-23376,-19500,17241,1024,1022,1024,
26,810289152,-9504,-1900,13088,11903,1992,-17907,-2049,12032,-13825,-15958,4892,16222,1024,1022,1024,
26,1212942336,-9464,-3424,13676,4519,-4188,2425,-2305,13312,-13569,29513,-27208,31230,1024,1022,1024,
26,1615595520,-10076,-4088,12480,-629,1407,-2167,-1793,13312,-13057,-11079,-10005,-14749,1024,1022,1024,
26,2018248704,-8468,-2560,14416,-1896,555,1033,-513,13056,-13313,12030,-7600,7672,1024,1022,1024,
26,2437679104,-7088,-640,15996,-4015,1558,617,-1025,12032,-14849,-18167,-25003,28629,1024,1022,1024,
26,2840332288,-9744,1532,12152,-3213,-1227,4866,-1025,12032,-13825,-7940,-4534,26884,1024,1022,1024,
26,3259762688,-8872,-2048,13760,2560,-2276,1239,-769,12800,-14593,22825,-10293,-31237,1024,1022,1024,
26,3662415872,-8068,-3504,12492,1303,540,-3304,-513,12544,-12801,12531,26100,-13470,1024,1021,1024,
26,4065069056,-8740,-1208,13684,510,37,-1267,-769,12288,-13057,16161,20288,12818,1024,1022,1024,
26,189597696,-9444,-860,14016,-587,-114,1168,-1793,13312,-14081,1998,-28018,15728,1024,1021,1024,
26,592250880,-9448,-828,13932,-1637,423,477,-1025,14592,-13825,-13083,26599,-14819,1024,1021,1024,
26,1011681280,-8720,-1488,13540,-1244,-91,1530,-2561,12544,-15361,-13812,-29904,1961,1024,1021,1024,
26,1414334464,-8704,-2432,13248,-3682,648,3237,-1537,13568,-14849,-23589,9707,5754,1024,1022,1024,
26,1816987648,-8528,-2712,14260,-1128,485,162,0,12800,-13569,26850,9048,-26360,1024,1021,1024,
26,2236418048,-8648,-2360,14420,1389,-474,-900,-769,13312,-13057,-4895,-11538,-22385,1024,1021,1024,
26,2639071232,-8600,-2548,12992,1881,-154,-2202,-1793,11776,-13057,-7186,15777,23831,1024,1021,1024,
26,3058501632,-9920,-2568,14536,991,753,-2866,-2049,13568,-13825,-12533,-2508,-2958,1024,1022,1024,
26,3461154816,-10060,-1628,13068,644,465,-2863,-1,14080,-15361,-24983,2937,-2412,1024,1021,1024,
26,3863808000,-9120,-1980,13204,2050,471,-3796,-1793,11776,-14081,-29097,-2361,16136,1024,1021,1024,
26,4266461184,-9644,-1644,14244,2206,1431,-5679,-2049,12032,-13825,30438,13737,14168,1024,1021,1024,
26,390989824,-8568,-2284,13540,3082,481,-4992,-1537,13568,-13825,-21640,-6906,6291,1024,1021,1024,
26,810420224,-8632,-1320,13680,2565,-452,-2134,-2049,13056,-14337,-25009,-8562,26130,1024,1022,1024,
26,1213073408,-10440,640,13036,198,-326,11,-1793,12800,-14081,-6772,26075,21530,1024,1022,1024,
26,1615726592,-8748,-1752,13652,95,-191,-51,-1793,11776,-13569,-18888,14150,7263,1024,1021,1024,
26,2018379776,-8784,-1676,13792,-4,-111,-121,-1025,13056,-12801,-9354,-13425,14730,1024,1021,1024,
26,2437810176,-8784,-1632,13652,-138,88,-211,-1025,12032,-13825,17118,-18564,17866,1024,1021,1024,
26,2840463360,-8428,-1028,13780,-824,683,-628,-2305,12800,-13057,2335,-32661,-1209,1024,1021,1024,
26,3259893760,-13088,-4468,15336,-1922,463,-1785,-1537,12544,-13825,-27623,-28706,21307,1024,1021,1024,
26,3679324160,-8708,-1704,13568,-9,118,-229,0,12288,-13569,-27915,6594,-16539,1024,1021,1024,
26,4065200128,-8980,-1884,13604,-97,44,-186,-1793,12800,-14081,9174,-1624,15922,1024,1022,1024,
26,189728768,-9092,-1920,13580,-22,-35,-163,-1025,12544,-13313,-269,17391,13246,1024,1021,1024,
26,592381952,-8892,-1912,13532,-109,37,-185,-1537,13056,-14849,14177,-32371,28643,1024,1022,1024,
26,1011812352,-9064,-1900,13696,-102,37,-192,-1,12032,-12801,-1695,29965,1084,1024,1021,1024,
26,1414465536,-8884,-1884,13468,-88,34,-206,-1025,12544,-14337,-17441,16752,21155,1024,1021,1024,
26,1817118720,-8908,-1924,13680,-95,59,-211,-769,12288,-14081,-25062,19018,-241,1024,1021,1024,
26,2236549120,-8964,-1752,13564,-82,21,-183,256,12032,-14337,24325,4534,30652,1024,1022,1024,
26,2639202304,-8972,-1932,13604,-112,33,-180,-769,12800,-13569,-23748,23623,1710,1024,1021,1024,
26,3058632704,-8892,-1840,13524,-98,60,-219,-2049,12544,-13825,-15091,-31676,11679,1024,1021,1024,
26,3461285888,-8916,-1796,13628,-105,11,-194,-1537,12032,-14337,22676,8587,23796,1024,1021,1024,
26,3863939072,-9176,-2228,13564,2194,-1957,1064,-1025,12544,-13825,20894,-24787,-6527,1024,1021,1024,
26,4266592256,-9164,-1500,13476,-88,38,-196,-2049,12544,-13313,-11461,-1946,4406,1024,1021,1024,
26,391120896,-9140,-1764,13728,-1,-409,507,-1537,12032,-13313,13047,15236,-23233,1024,1022,1024,
26,810551296,-9388,-2324,13676,-97,-86,84,-769,12800,-14593,28766,-5275,-5666,1024,1021,1024,
26,1213204480,-9340,-528,13312,-160,-882,1805,-2305,11264,-14081,-24362,23723,-20577,1024,1022,1024,
26,1632634880,-8644,-2100,14168,-859,-347,1431,-1537,11520,-14337,-27980,1866,-19404,1024,1021,1024,
26,2018510848,-8268,-2536,13696,-249,5,132,-1793,11776,-14593,25072,3788,-21592,1024,1021,1024,
26,2437941248,-8788,-1704,13612,-131,30,-200,-769,11264,-13569,-14198,29040,-13347,1024,1021,1024,
26,2840594432,-8704,-1616,13580,-98,69,-238,-2049,11520,-13825,14400,-19734,12044,1024,1021,1024,
26,3260024832,-7792,196,14052,-1577,1335,-954,-1537,13056,-13825,2096,12812,27493,1024,1021,1024,
26,3679455232,-9724,-2944,13300,-1108,876,-717,-2305,12800,-14593,-30705,4842,29175,1024,1021,1024,
26,4065331200,-8864,-1848,13540,-113,37,-222,-1537,12544,-13313,-6758,-29923,-19922,1024,1021,1024,
26,189859840,-9048,-1784,13616,-78,18,-211,-769,11776,-14081,-29578,-21188,-9411,1024,1021,1024,
26,592513024,-8856,-1736,13592,-100,36,-227,-3073,13056,-14337,-22561,13166,-16429,1024,1021,1024,
26,1011943424,-8896,-1872,13692,-139,25,-195,-1537,13056,-13825,24031,-23920,15208,1024,1021,1024,
26,1414596608,-8848,-1776,13740,-73,24,-205,-2049,14080,-12801,28930,-27831,12315,1024,1021,1024,
26,1817249792,-8892,-1852,13820,-121,14,-203,768,12544,-12801,2283,11592,-29897,1024,1021,1024,
26,2236680192,-8936,-1744,13624,-94,48,-195,-1025,12032,-13313,25757,19821,-6862,1024,1021,1024,
26,2639333376,-8908,-1752,13628,-100,40,-212,-769,12288,-14081,20685,-29620,23441,1024,1021,1024,
26,3058763776,-8888,-1776,13520,-104,49,-215,-2049,12544,-14337,-14394,14814,-7197,1024,1021,1024,
26,3461416960,-8804,-1872,13616,-109,46,-196,-769,12288,-14081,552,18720,-23233,1024,1020,1024,
26,3864070144,-8976,-1768,13644,-129,72,-200,-1537,11520,-13313,-6316,23281,16025,1024,1021,1024,
26,4266723328,-8936,-1760,13620,-121,36,-186,-1793,11776,-14081,-1996,16373,-24072,1024,1021,1024,
26,391251968,-8972,-1668,13724,-88,29,-199,-1793,13312,-14081,-14141,-22843,24830,1024,1022,1024,
26,810682368,-8860,-1848,13680,-102,37,-213,-769,12288,-14593,-27467,-32461,-12835,1024,1022,1024,
26,1213335552,-8928,-1820,13464,-111,52,-216,-257,11776,-13569,-29345,-4163,3323,1024,1022,1024,
26,1615988736,-8964,-1804,13528,-83,44,-215,-769,12288,-13057,29334,-23771,29210,1024,1021,1024,
26,2018641920,-8888,-1716,13600,-78,46,-198,-2049,13056,-14849,24173,4581,-31846,1024,1022,1024,
26,2438072320,-8988,-1888,13784,-118,43,-196,-1537,12032,-13313,-1992,-12007,22970,1024,1021,1024,
26,2840725504,-8924,-1896,13832,-132,53,-247,-1,11008,-13825,4508,-14595,13398,1024,1022,1024,
26,3260155904,-8916,-1796,13516,-124,13,-207,-769,12800,-14081,15686,31430,-17443,1024,1021,1024,
26,3679586304,-8932,-1896,13612,-118,52,-231,-2305,11264,-13569,-10945,18497,-4576,1024,1022,1024,
26,4065462272,-8892,-1872,13504,-126,18,-192,-769,12288,-14081,-20770,-28475,-27845,1024,1021,1024,
26,189990912,-8896,-1812,13676,-95,55,-199,-2305,13312,-13569,-22288,-14876,8632,1024,1022,1024,
26,592644096,-8896,-1764,13544,-121,33,-219,-1025,13568,-13825,29103,-5642,18719,1024,1021,1024,
26,1012074496,-8908,-1784,13564,-106,43,-221,-3073,12544,-14849,-7342,-14140,-5392,1024,1022,1024,
26,1414727680,-8804,-1844,13420,-83,36,-203,-1281,11776,-13057,-11758,19422,-25115,1024,1022,1024,
26,1817380864,-9184,-1772,13944,-87,27,-191,-2561,12544,-14849,11576,27497,-27361,1024,1022,1024,
26,2236811264,-8924,-1816,13752,-111,33,-215,-1281,13312,-14081,-16788,-11238,8413,1024,1022,1024,
26,2639464448,-8860,-1748,13692,-93,6,-223,-1281,12800,-14081,14444,-557,-10824,1024,1022,1024,
26,3058894848,-8908,-1772,13748,-105,35,-234,-1025,13056,-13313,-13399,-3390,-10737,1024,1022,1024,
26,3461548032,-8928,-1748,13612,-103,48,-218,-769,12288,-13569,-30333,32235,-25467,1024,1022,1024,
26,3864201216,-9036,-1792,13688,-94,37,-209,-1281,12800,-14081,-3622,-14277,15359,1024,1021,1024,
26,4266854400,-8836,-1784,13684,-103,34,-204,-2561,12544,-13825,4924,281,17336,1024,1022,1024,
26,391383040,-9052,-1800,13720,-109,26,-194,-769,13312,-14081,10152,-19889,280,1024,1022,1024,
26,810813440,-8944,-1868,13776,-115,21,-201,-2049,12544,-13825,2440,30716,1897,1024,1022,1024,
26,1213466624,-8976,-1788,13556,-110,54,-215,-1,11520,-14849,-22425,-23282,-10058,1024,1022,1024,
26,1632897024,-8892,-1780,13648,-117,17,-200,-2817,11776,-14593,15445,15026,-21045,1024,1022,1024,
26,2018772992,-8880,-1816,13664,-116,45,-215,-1537,11008,-14337,1841,24680,-27571,1024,1021,1024,
26,2438203392,-8896,-1900,13564,-96,62,-201,-1537,12032,-14337,-8663,-2125,14225,1024,1021,1024,
26,2840856576,-8880,-1776,13684,-121,58,-195,-1281,12288,-13569,-15635,775,-7012,1024,1021,1024,
26,3260286976,-8976,-1732,13740,-106,50,-209,-1537,12544,-14849,24118,-279,-21272,1024,1022,1024,
26,3679717376,-8956,-1776,13652,-95,22,-197,-257,12288,-14081,-13336,909,19257,1024,1021,1024,
26,4065593344,-8980,-1796,13580,-100,78,-201,-513,12032,-13313,24477,-2131,-24672,1024,1022,1024,
26,190121984,-8828,-1804,13644,-103,58,-218,-513,13568,-13313,-9674,-18863,-23616,1024,1021,1024,
26,592775168,-8908,-1776,13616,-123,42,-188,-1793,12800,-14593,-24195,-18624,27597,1024,1022,1024,
26,1012205568,-8896,-1764,13604,-119,58,-184,-2049,13056,-13313,-22839,30977,31018,1024,1022,1024,
26,1414858752,-8900,-1832,13588,-114,39,-215,-1281,13312,-13569,-31752,6551,-15112,1024,1021,1024,
26,1817511936,-8928,-1828,13664,-111,16,-194,-1537,12544,-14337,8189,25471,25118,1024,1022,1024,
26,2236942336,-8868,-1808,13720,-106,20,-193,-1025,12544,-12289,26523,18882,10515,1024,1021,1024,
26,2639595520,-8816,-1888,13652,-92,45,-210,-257,13824,-13569,-6323,10054,11884,1024,1022,1024,
26,3059025920,-9052,-1772,13640,-87,20,-182,-769,11776,-14081,31538,27870,-17771,1024,1021,1024,
26,3461679104,-8880,-1832,13712,-110,8,-207,-1537,11520,-13313,10260,-5423,-3712,1024,1021,1024,
26,3864332288,-8920,-1724,13664,-99,28,-219,-1793,11264,-12545,18066,24326,-17291,1024,1021,1024,
26,4266985472,-8860,-1716,13744,-116,18,-201,-2049,12032,-14337,-15685,-26255,-4476,1024,1021,1024,
26,391514112,-8844,-1792,13536,-119,32,-206,-2561,11008,-13825,-9914,-22643,12453,1024,1021,1024,
26,810944512,-8988,-1828,13720,-106,61,-183,-1793,12800,-15105,-5406,19345,22060,1024,1021,1024,
26,1213597696,-8804,-1876,13680,-95,36,-211,-2305,11776,-13569,12332,20146,-9702,1024,1021,1024,
26,1633028096,-8932,-1788,13624,-101,27,-198,-1281,12288,-13569,-1370,-6398,23532,1024,1021,1024,
26,2018904064,-8988,-1872,13700,-114,4,-232,-769,12800,-14081,13354,28576,14004,1024,1021,1024,
26,2438334464,-8984,-1756,13676,-98,33,-188,-257,12800,-14593,-20237,19232,-8392,1024,1021,1024,
26,2840987648,-8896,-1868,13632,-93,27,-204,-1281,12800,-14081,-4212,-31086,-5930,1024,1022,1024,
26,3260418048,-8844,-1836,13580,-98,22,-216,-257,11776,-13057,29361,-26344,-28667,1024,1021,1024,
26,3679848448,-8944,-1944,13596,-122,62,-223,-1025,12032,-13825,-10342,28397,-13267,1024,1021,1024,
26,4065724416,-8980,-1876,13880,-89,43,-212,-1281,12288,-13569,-14116,-27083,-27866,1024,1022,1024,
26,190253056,-8912,-1840,13532,-126,0,-221,-1537,12544,-13825,-17347,-4402,14837,1024,1021,1024,
26,592906240,-8908,-1896,13668,-105,51,-197,-1793,12288,-13057,21187,20911,876,1024,1021,1024,
26,1012336640,-8980,-1824,13640,-104,3,-190,-769,13312,-13569,24289,-16348,-21482,1024,1021,1024,
26,1414989824,-8892,-1724,13672,-113,20,-204,-1281,12800,-13569,27213,14412,-15704,1024,1021,1024,
26,1817643008,-8852,-1860,13648,-108,32,-199,-1537,13056,-13825,20113,21817,-12617,1024,1021,1024,
26,2237073408,-8876,-1732,13612,-107,28,-199,-1537,12032,-14337,31164,28742,-8569,1024,1021,1024,
26,2639726592,-8956,-1892,13548,-91,44,-195,-769,12800,-14081,-29624,24030,24491,1024,1021,1024,
26,3059156992,-8960,-1788,13628,-88,31,-205,-1281,11776,-12033,5238,3051,8085,1024,1021,1024,
26,3461810176,-8956,-1848,13724,-123,52,-247,-1,12032,-13825,12331,-23299,32655,1024,1021,1024,
26,3864463360,-8912,-1840,13596,-105,41,-218,-769,12288,-13569,-13926,14675,13810,1024,1021,1024,
26,4267116544,-8820,-1792,13712,-87,27,-225,-1793,11776,-12545,26963,4012,7079,1024,1020,1024,
26,391645184,-8852,-1768,13648,-112,45,-225,-513,13056,-14337,-26304,23380,-24530,1024,1021,1024,
26,811075584,-8952,-1812,13676,-118,43,-216,-769,12800,-13569,14791,32052,12276,1024,1021,1024,
26,1213728768,-8872,-1788,13648,-89,13,-212,-1793,11776,-14081,-1068,-13147,4895,1024,1021,1024,
26,1633159168,-8912,-1760,13640,-89,38,-187,-769,14336,-13057,-27436,31869,-14689,1024,1020,1024,
26,2019035136,-8916,-1776,13628,-104,34,-190,-1537,12544,-14337,-28731,-9672,-15791,1024,1021,1024,
26,2438465536,-8892,-2320,14960,-740,-414,-422,-1537,11520,-13313,-6006,28213,8068,1024,1020,1024,
26,2841118720,-8940,-1732,13472,-217,-11,-177,-1025,12544,-14337,-13225,-30531,15647,1024,1021,1024,
26,3260549120,-8988,-2012,13732,-158,17,-212,-2305,12800,-13569,31773,12550,-17471,1024,1021,1024,
26,3679979520,-8824,-1740,13704,-68,35,-187,-513,13056,-12289,11064,6794,-32263,1024,1021,1024,
26,4065855488,-9048,-1984,13684,96,-143,-98,-1281,12288,-13569,8309,-28626,23198,1024,1021,1024,
26,190384128,-8800,-1764,13276,-69,64,-305,-1793,13312,-13569,3882,-11919,-31868,1024,1021,1024,
26,593037312,-8936,-1860,13700,-176,7,-255,-1025,12032,-13825,20716,-31296,782,1024,1021,1024,
26,1012467712,-8624,-1804,13340,-158,55,-239,-769,12288,-14081,17448,-8399,-16265,1024,1021,1024,
26,1415120896,-8832,-1928,12716,-216,-173,-217,-769,12288,-13569,-9492,-8625,18719,1024,1021,1024,
26,1817774080,-9284,-1500,13832,-183,31,-249,-1025,12544,-13825,-6605,-12842,14586,1024,1021,1024,
26,2237204480,-8616,-1680,13748,-74,67,-212,-1793,11776,-13057,26268,25092,-15655,1024,1021,1024,
26,2639857664,-8724,-1804,13604,-74,59,-188,-1793,12800,-13569,-14434,-3396,15167,1024,1021,1024,
26,3059288064,-8784,-1812,13452,-61,67,-195,-1025,12032,-14337,26052,-5177,1946,1024,1021,1024,
26,3461941248,-8988,-1792,13708,-84,23,-192,-769,11264,-13057,20814,-21520,-22334,1024,1021,1024,
26,3864594432,-8772,-1788,13408,-101,32,-215,-769,12800,-13569,31111,-7213,-6655,1024,1021,1024,
26,4267247616,-9044,-1740,13644,-113,50,-202,-1025,12544,-14337,356,-29873,2539,1024,1021,1024,
26,391776256,-8836,-1736,13668,-91,57,-201,-513,12544,-13313,22093,-23489,-14968,1024,1021,1024,
26,811206656,-9020,-1884,13636,-97,43,-184,-1537,12032,-13825,-31656,-19599,27399,1024,1021,1024,
26,1213859840,-8940,-1744,13784,-112,37,-207,-1025,11520,-14337,-10718,31954,7547,1024,1022,1024,
26,1633290240,-8876,-1812,13432,-113,10,-189,-2305,12288,-15105,-21740,-16562,-21371,1024,1021,1024,
26,2019166208,-8976,-1876,13816,-82,25,-205,-1281,11776,-13057,23876,-6920,1252,1024,1021,1024,
26,2438596608,-8908,-1744,13652,-98,40,-207,-2049,13568,-13825,22105,12527,19634,1024,1021,1024,
26,2841249792,-9044,-1804,13628,-104,14,-198,-769,12800,-13569,-31472,-8423,-32502,1024,1021,1024,
26,3260680192,-8936,-1700,13628,-99,55,-213,-769,11776,-14081,-11088,-30152,-3326,1024,1021,1024,
26,3680110592,-8864,-1780,13740,-108,10,-213,-1537,11520,-14337,-18937,-21567,-18537,1024,1022,1024,
26,4065986560,-8940,-1728,13700,-96,59,-215,-1281,10752,-14593,-16237,-24973,8415,1024,1021,1024,
26,190515200,-8952,-1832,13572,-91,19,-213,-769,11264,-13569,19467,12827,-10815,1024,1021,1024,
26,593168384,-8876,-1828,13684,-117,28,-218,-769,11776,-14593,8996,-17149,16319,1024,1021,1024,
26,1012598784,-8916,-1820,13356,-44,-35,-153,-1537,13056,-12289,-14125,-16763,11179,1024,1021,1024,
26,1415251968,-8600,-1468,13680,-270,220,-300,-1281,13312,-14081,-25080,14104,-10967,1024,1021,1024,
26,1817905152,-6252,-1304,14872,-2155,811,807,-1281,12288,-14081,6674,18179,20827,1024,1022,1024,
26,2237335552,-8744,-2572,14340,-1847,-313,2042,-1537,13056,-12801,-2284,31662,13542,1024,1021,1024,
26,2639988736,-11820,-604,12220,1597,221,-2572,-1,11520,-13825,-26058,-6242,25922,1024,1021,1024,
26,3059419136,-9280,-632,13948,-421,-15,507,-769,13312,-14593,-28097,-3684,-6065,1024,1021,1024,
26,3462072320,-9904,-1280,13600,117,329,-818,-513,12544,-13313,20458,-10380,9963,1024,1021,1024,
26,3864725504,-8668,-2608,12848,-5034,-1499,8697,-1537,12544,-13825,-14599,-19057,-12957,1024,1021,1024,
26,4267378688,-8996,-1988,13084,-3436,-840,3962,-1537,12032,-13825,20093,14361,-16146,1024,1021,1024,
26,391907328,-7628,-3576,13164,153,-261,122,-769,13312,-14081,29281,-31124,12503,1024,1021,1024,
26,811337728,-9404,-2408,13140,-359,-209,1528,-2561,12544,-12801,-21122,20994,20314,1024,1021,835,
26,1213990912,-8464,-2900,13360,486,-144,-216,-2049,14592,-14849,29475,22214,-26284,1024,1021,682,
26,1633421312,-9388,-3712,13460,1425,659,-1938,-513,12032,-14337,-536,-17996,794,1024,1021,570,
26,2019297280,-7808,-1332,13372,1197,523,-1861,-1537,13056,-13825,22822,3814,23650,1024,1021,534,
26,2438727680,-8944,-1600,13496,150,176,-952,-513,12032,-13825,26290,-32231,16799,1024,1021,507,
26,2841380864,-9116,-1596,13008,24,152,-443,-769,13312,-13057,-4722,12645,7163,1024,1021,489,
26,3260811264,-9036,-1696,13740,-123,57,-738,-769,13824,-13569,10431,-9798,-8507,1024,1021,464,
26,3680241664,-8976,-1648,13680,-111,60,-285,-769,13312,-14081,-3922,22386,17231,1024,1021,448,
26,4066117632,-8776,-3036,14152,143,77,-306,-1,13056,-14337,-16740,2294,-29338,1024,1021,430,
26,190646272,-8736,-1816,13736,345,-73,-346,-769,13824,-13569,-16343,-3655,25132,1024,1021,414,
26,593299456,-8712,-1868,14100,433,136,-1066,-257,12288,-15105,-32208,-24578,32687,1024,1021,420,
26,1012729856,-8940,-1236,13612,206,121,-815,-1281,11776,-14081,-759,-31719,-30354,1024,1021,424,
26,1415383040,-8476,-1724,13772,231,105,-768,-1537,12032,-14337,-22104,28856,1581,1024,1022,449,
26,1818036224,-8412,-1896,14164,77,-98,-578,-3073,13568,-13313,8457,-32612,-24928,1024,1021,493,
26,2237466624,-9380,-1724,13432,78,-178,-376,-769,12800,-14593,14389,21331,-15158,1024,1022,549,
26,2640119808,-9156,-2024,13440,69,-171,-298,0,12800,-14081,22176,-4757,14628,1024,1021,669,
26,3059550208,-9004,-2356,13956,81,-129,-112,-513,12544,-13825,8968,4354,24521,1024,1021,999,
26,3462203392,-9452,-1812,13512,-156,-230,209,-1025,13056,-13313,-10804,30074,23578,1024,1022,1024,
26,3864856576,-8840,-2260,13860,-47,-249,484,-1,11520,-15361,158,-17789,1125,1024,1022,1024,
26,4267509760,-9116,-2292,13788,-903,610,-483,-1281,12800,-14081,12949,2767,19221,1024,1022,1024,
26,392038400,-8844,-1704,13492,-125,69,-231,-1281,11776,-14081,3074,1938,13509,1024,1022,1024,
26,811468800,-9100,-1816,13652,-148,36,-185,-513,14080,-13825,14634,10154,14043,1024,1022,1024,
26,1214121984,-8992,-2052,13372,-252,171,-276,-513,13568,-14337,9812,7768,25262,1024,1022,1024,
26,1616775168,-8964,-1800,13752,-108,36,-216,-1025,11520,-14337,20386,-10439,-1611,1024,1023,1024,
26,2019428352,-8888,-1844,13560,-118,60,-219,-1537,12032,-14337,32741,-3408,-19189,1024,1021,1024,
26,2438858752,-8880,-1852,13696,-90,20,-213,-513,13056,-14337,1692,3737,3342,1024,1022,1024,
26,2841511936,-8848,-1744,13672,-100,61,-218,-513,14080,-15873,17459,-17747,22496,1024,1022,1024,
26,3260942336,-8920,-1796,13476,-113,22,-198,-1281,12800,-13569,29285,-29469,-23525,1024,1023,1024,
26,3680372736,-8900,-1768,13740,-89,34,-192,-2049,13056,-13313,31123,31957,20845,1024,1022,1024,
26,4066248704,-8864,-1776,13672,-103,44,-197,-1281,12288,-14081,-26006,12038,-8071,1024,1022,1024,
26,190777344,-9000,-1872,13688,-119,41,-220,-1281,12800,-14081,21036,-343,-14138,1024,1022,1024,
26,593430528,-8888,-1792,13668,-119,9,-190,-2049,13056,-14337,25754,1215,-12625,1024,1022,1024,
26,1012860928,-8888,-1808,13684,-121,39,-190,-769,12800,-14081,-8169,15303,-11426,1024,1021,1024,
26,1415514112,-8928,-1920,13600,-99,14,-217,-1537,12544,-13825,25581,-23383,-3774,1024,1022,1024,
26,1818167296,-8952,-1744,13612,-102,45,-200,-257,12288,-14081,-11677,4968,20342,1024,1021,1024,
26,2237597696,-8820,-1800,13796,-121,30,-236,-1025,11520,-13825,-24840,13385,28363,1024,1022,1024,
26,2640250880,-8836,-1832,13676,-102,13,-202,-2561,12032,-13313,9519,-5304,-2092,1024,1022,1024,
26,3059681280,-8880,-1772,13708,-104,37,-223,-1025,12544,-12289,14319,-1768,-11358,1024,1022,1024,
26,3462334464,-8864,-1860,13700,-103,40,-222,-1537,12544,-14337,-9784,31212,14788,1024,1022,1024,
26,3864987648,-8892,-1840,13628,-96,29,-221,-1025,12032,-13313,-21493,-21732,20348,1024,1022,1024,
26,4267640832,-8892,-1832,13720,-92,22,-213,-2049,11520,-13825,-28821,-12702,7742,1024,1020,1024,
26,392169472,-8952,-1792,13604,-127,60,-228,-769,12800,-14081,-18577,975,-17432,1024,1022,1024,
26,811599872,-8980,-1828,13636,-105,47,-212,-1281,13312,-13569,10017,-21223,-5454,1024,1021,1024,
26,1214253056,-8856,-1868,13592,-125,41,-228,-1793,12288,-14081,-1820,-4387,-25077,1024,1022,1024,
26,1616906240,-8852,-1808,13724,-112,46,-226,-513,12032,-13825,-3097,-4741,-11470,1024,1022,1024,
26,2019559424,-8928,-1820,13592,-125,38,-217,-1537,12032,-12289,8600,-21549,-12908,1024,1022,1024,
26,2438989824,-8896,-1756,13588,-117,39,-224,-769,11776,-14081,-14445,13244,-14517,1024,1021,1024,
26,2841643008,-8952,-1792,13568,-106,48,-206,-1793,12288,-14081,8159,-26390,19169,1024,1022,1024,
26,3261073408,-8900,-1712,13732,-93,60,-213,-2817,11776,-14081,-13491,-10167,-11612,1024,1021,1024,
26,3680503808,-8972,-1820,13660,-122,41,-207,-1537,12544,-14849,-21690,-27172,14648,1024,1022,1024,
26,4066379776,-8972,-1868,13572,-115,6,-205,-769,12288,-13057,17463,-16555,976,1024,1021,1024,
26,190908416,-8980,-1792,13640,-112,44,-208,-2049,14080,-12801,-4426,-29062,-28815,1024,1022,1024,
26,593561600,-8864,-1844,13628,-118,45,-199,-513,12032,-12801,-6018,23007,5318,1024,1021,1024,
26,1012992000,-8932,-1800,13680,-100,24,-206,-2049,12544,-15873,1814,-4891,-10052,1024,1022,1024,
26,1415645184,-8844,-1796,13520,-96,35,-221,-1281,12800,-13057,-10961,6121,795,1024,1022,1024,
26,1818298368,-8916,-1820,13828,-115,60,-218,-769,12800,-14081,-26783,-4942,21546,1024,1021,1024,
26,2237728768,-8908,-1780,13648,-97,41,-209,-1537,13056,-13825,25315,-2659,19675,1024,1022,1024,
26,2640381952,-8920,-1724,13648,-108,41,-219,-1537,12544,-13313,4139,13943,-30361,1024,1022,1024,
26,3059812352,-8932,-1848,13524,-103,44,-227,-1281,11776,-14081,-11896,-9846,10720,1024,1021,1024,
26,3462465536,-9008,-1748,13692,-87,36,-191,-1025,13056,-13825,-1484,-26248,-19587,1024,1022,1024,
26,3865118720,-8868,-1772,13608,-95,19,-210,-1025,14080,-14337,-4062,28059,-23170,1024,1021,1024,
26,4267771904,-8940,-1760,13576,-116,31,-187,-513,13056,-12801,4300,-2368,-8413,1024,1022,1024,
26,392300544,-8940,-1800,13744,-103,56,-214,-769,12800,-13057,-23670,-9435,30188,1024,1021,1024,
26,811730944,-8896,-1736,13808,-88,25,-192,-2049,11520,-13825,10668,-24023,21521,1024,1022,1024,
26,1214384128,-8940,-1820,13632,-102,71,-218,-2049,14080,-12801,26529,16799,29635,1024,1022,1024,
26,1617037312,-8940,-1832,13524,-128,26,-223,-1025,13056,-13313,21532,-17682,1044,1024,1021,1024,
26,2019690496,-8888,-1692,13612,-121,25,-210,-1793,12800,-14081,25962,27833,15166,1024,1022,1024,
26,2439120896,-8968,-1832,13768,-98,32,-214,-769,12800,-15105,9394,26377,-9316,1024,1022,1024,
26,2841774080,-8952,-1880,13600,-91,42,-198,-1281,12800,-14081,-32247,14658,-5752,1024,1022,1024,
26,3261204480,-8908,-1900,13684,-109,34,-196,-1025,12544,-12801,-27315,4004,-29528,1024,1021,1024,
26,3680634880,-8832,-1792,13660,-95,41,-213,-769,12288,-13057,1108,23294,12682,1024,1022,1024,
26,4066510848,-9060,-1832,13624,-70,43,-232,-1537,12032,-13313,-22276,-11412,30890,1024,1022,1024,
26,191039488,-8888,-1764,13628,-98,19,-195,-1025,12544,-14337,11726,-3485,-6538,1024,1022,1024,
26,593692672,-8896,-1812,13548,-87,87,-203,-513,13056,-14337,29796,7787,14052,1024,1022,1024,
26,1013123072,-8832,-1752,13708,-116,43,-213,-513,12544,-12289,-32276,-15836,-5070,1024,1021,1024,
26,1415776256,-8904,-1848,13744,-125,55,-179,-1793,13312,-13057,-1367,4262,-17736,1024,1022,1024,
26,1818429440,-8860,-1816,13688,-113,37,-194,-769,13312,-14081,-20696,4721,-7729,1024,1021,1024,
26,2237859840,-8828,-1796,13696,-111,36,-204,-769,12800,-15617,-27853,-27221,12252,1024,1022,1024,
26,2640513024,-8980,-1808,13680,-106,82,-201,-1281,12800,-14081,-12972,-3899,14560,1024,1021,1024,
26,3059943424,-9000,-1848,13804,-99,52,-189,-2817,13824,-13057,-20188,22895,-13077,1024,1022,1024,
26,3462596608,-8864,-1804,13644,-107,-2,-214,-1793,12800,-13569,-2257,-5667,-9733,1024,1022,1024,
