21.97265625 85.02197265625 15.80810546875 942726
21.97265625 85.02197265625 15.80810546875 942726
-1.3427734375 3.96728515625 1.220703125 942728
-1.3427734375 3.96728515625 1.220703125 942729
-1.3427734375 3.96728515625 1.220703125 942730
-1.3427734375 3.96728515625 1.220703125 942731
4.33349609375 7.32421875 -6.04248046875 942731
-4.33349609375 -3.23486328125 -3.72314453125 942786
-4.33349609375 -3.23486328125 -3.72314453125 942885
-4.21142578125 2.74658203125 -1.40380859375 942932
-4.21142578125 2.74658203125 -1.40380859375 942933
-4.21142578125 2.74658203125 -1.40380859375 942934
-4.21142578125 2.74658203125 -1.40380859375 942935
0.79345703125 0.244140625 -4.21142578125 942947
0.79345703125 0.244140625 -4.21142578125 943054
0.1220703125 2.50244140625 -5.2490234375 943056
0.1220703125 2.50244140625 -5.2490234375 943057
0.1220703125 2.50244140625 -5.2490234375 943058
0.1220703125 2.50244140625 -5.2490234375 943059
-2.9296875 0.3662109375 -3.84521484375 943131
-2.9296875 0.3662109375 -3.84521484375 943241
4.69970703125 1.5869140625 -3.47900390625 943242
4.69970703125 1.5869140625 -3.47900390625 943243
4.69970703125 1.5869140625 -3.47900390625 943244
4.69970703125 1.5869140625 -3.47900390625 943245
4.69970703125 1.5869140625 -3.47900390625 943347
2.197265625 4.45556640625 -4.21142578125 943348
2.197265625 4.45556640625 -4.21142578125 943350
2.197265625 4.45556640625 -4.21142578125 943351
2.197265625 4.45556640625 -4.21142578125 943352
2.197265625 4.45556640625 -4.21142578125 943450
0.67138671875 3.35693359375 -2.685546875 943451
0.67138671875 3.35693359375 -2.685546875 943452
0.67138671875 3.35693359375 -2.685546875 943453
0.67138671875 3.35693359375 -2.685546875 943454
0.67138671875 3.35693359375 -2.685546875 943555
-1.28173828125 4.39453125 -1.708984375 943556
-1.28173828125 4.39453125 -1.708984375 943557
-1.28173828125 4.39453125 -1.708984375 943558
-1.28173828125 4.39453125 -1.708984375 943559
-6.04248046875 6.591796875 -3.173828125 943634
-6.04248046875 6.591796875 -3.173828125 943744
-1.953125 8.85009765625 -2.01416015625 943745
-1.953125 8.85009765625 -2.01416015625 943746
-1.953125 8.85009765625 -2.01416015625 943747
-1.953125 8.85009765625 -2.01416015625 943748
-1.953125 8.85009765625 -2.01416015625 943847
-3.5400390625 6.28662109375 -2.5634765625 943848
-3.5400390625 6.28662109375 -2.5634765625 943849
-3.5400390625 6.28662109375 -2.5634765625 943850
-3.5400390625 6.28662109375 -2.5634765625 943852
-3.5400390625 6.28662109375 -2.5634765625 943949
-5.9814453125 6.103515625 -1.3427734375 943950
-5.9814453125 6.103515625 -1.3427734375 943952
-5.9814453125 6.103515625 -1.3427734375 943953
-5.9814453125 6.103515625 -1.3427734375 943955
-5.9814453125 6.103515625 -1.3427734375 944051
-3.0517578125 5.9814453125 -2.62451171875 944053
-3.0517578125 5.9814453125 -2.62451171875 944054
-3.0517578125 5.9814453125 -2.62451171875 944056
-3.0517578125 5.9814453125 -2.62451171875 944057
-3.0517578125 5.9814453125 -2.62451171875 944155
-1.953125 5.43212890625 -2.5634765625 944156
-1.953125 5.43212890625 -2.5634765625 944157
-1.953125 5.43212890625 -2.5634765625 944158
-1.953125 5.43212890625 -2.5634765625 944160
1.46484375 6.77490234375 12.02392578125 944232
1.46484375 6.77490234375 12.02392578125 944342
-5.9814453125 -1.77001953125 -3.5400390625 944343
-5.9814453125 -1.77001953125 -3.5400390625 944344
-5.9814453125 -1.77001953125 -3.5400390625 944345
-5.9814453125 -1.77001953125 -3.5400390625 944346
-5.9814453125 -1.77001953125 -3.5400390625 944445
5.7373046875 3.173828125 0.42724609375 944446
5.7373046875 3.173828125 0.42724609375 944447
5.7373046875 3.173828125 0.42724609375 944447
5.7373046875 3.173828125 0.42724609375 944448
10.55908203125 15.68603515625 -10.31494140625 944550
10.55908203125 15.68603515625 -10.31494140625 944551
10.55908203125 15.68603515625 -10.31494140625 944552
10.55908203125 15.68603515625 -10.31494140625 944553
10.55908203125 15.68603515625 -10.31494140625 944636
28.9306640625 48.583984375 -18.85986328125 944637
28.9306640625 48.583984375 -18.85986328125 944746
90.63720703125 136.5966796875 -17.08984375 944747
90.63720703125 136.5966796875 -17.08984375 944748
90.63720703125 136.5966796875 -17.08984375 944750
90.63720703125 136.5966796875 -17.08984375 944751
90.63720703125 136.5966796875 -17.08984375 944849
66.5283203125 114.1357421875 4.57763671875 944850
66.5283203125 114.1357421875 4.57763671875 944851
66.5283203125 114.1357421875 4.57763671875 944852
66.5283203125 114.1357421875 4.57763671875 944853
66.5283203125 114.1357421875 4.57763671875 944951
28.74755859375 75.5615234375 12.939453125 944952
28.74755859375 75.5615234375 12.939453125 944953
28.74755859375 75.5615234375 12.939453125 944954
28.74755859375 75.5615234375 12.939453125 944955
28.74755859375 75.5615234375 12.939453125 945054
-7.99560546875 -14.46533203125 5.92041015625 945055
-7.99560546875 -14.46533203125 5.92041015625 945056
-7.99560546875 -14.46533203125 5.92041015625 945056
-7.99560546875 -14.46533203125 5.92041015625 945057
-27.099609375 -57.7392578125 13.671875 945132
-27.099609375 -57.7392578125 13.671875 945244
-77.08740234375 -134.033203125 29.9072265625 945245
-77.08740234375 -134.033203125 29.9072265625 945246
-77.08740234375 -134.033203125 29.9072265625 945247
-77.08740234375 -134.033203125 29.9072265625 945248
-77.08740234375 -134.033203125 29.9072265625 945347
-73.3642578125 -142.822265625 47.9736328125 945348
-73.3642578125 -142.822265625 47.9736328125 945349
-73.3642578125 -142.822265625 47.9736328125 945350
-73.3642578125 -142.822265625 47.9736328125 945351
-73.3642578125 -142.822265625 47.9736328125 945475
-49.37744140625 -127.13623046875 60.60791015625 945476
-49.37744140625 -127.13623046875 60.60791015625 945477
-49.37744140625 -127.13623046875 60.60791015625 945478
-49.37744140625 -127.13623046875 60.60791015625 945479
-55.35888671875 -67.9931640625 52.8564453125 945553
-55.35888671875 -67.9931640625 52.8564453125 945635
-65.36865234375 -22.88818359375 28.9306640625 945636
-65.36865234375 -22.88818359375 28.9306640625 945637
-65.36865234375 -22.88818359375 28.9306640625 945637
-65.36865234375 -22.88818359375 28.9306640625 945638
-65.36865234375 -22.88818359375 28.9306640625 945748
-1.03759765625 23.86474609375 -9.27734375 945749
-1.03759765625 23.86474609375 -9.27734375 945750
-1.03759765625 23.86474609375 -9.27734375 945751
-1.03759765625 23.86474609375 -9.27734375 945752
44.0673828125 53.52783203125 -17.7001953125 945850
44.0673828125 53.52783203125 -17.7001953125 945851
44.0673828125 53.52783203125 -17.7001953125 945852
44.0673828125 53.52783203125 -17.7001953125 945853
44.0673828125 53.52783203125 -17.7001953125 945954
14.7705078125 33.935546875 7.6904296875 945955
14.7705078125 33.935546875 7.6904296875 945956
14.7705078125 33.935546875 7.6904296875 945958
14.7705078125 33.935546875 7.6904296875 945959
14.7705078125 33.935546875 7.6904296875 946057
-13.671875 20.69091796875 29.1748046875 946058
-13.671875 20.69091796875 29.1748046875 946059
-13.671875 20.69091796875 29.1748046875 946060
-13.671875 20.69091796875 29.1748046875 946060
-14.2822265625 -2.38037109375 41.259765625 946134
-14.2822265625 -2.38037109375 41.259765625 946245
-14.95361328125 2.86865234375 33.14208984375 946246
-14.95361328125 2.86865234375 33.14208984375 946247
-14.95361328125 2.86865234375 33.14208984375 946247
-14.95361328125 2.86865234375 33.14208984375 946248
-14.95361328125 2.86865234375 33.14208984375 946347
0.6103515625 12.87841796875 24.35302734375 946348
0.6103515625 12.87841796875 24.35302734375 946350
0.6103515625 12.87841796875 24.35302734375 946351
0.6103515625 12.87841796875 24.35302734375 946353
0.6103515625 12.87841796875 24.35302734375 946470
6.4697265625 11.41357421875 17.15087890625 946471
6.4697265625 11.41357421875 17.15087890625 946472
6.4697265625 11.41357421875 17.15087890625 946472
6.4697265625 11.41357421875 17.15087890625 946473
20.3857421875 22.76611328125 -7.26318359375 946556
20.3857421875 22.76611328125 -7.26318359375 946636
35.70556640625 55.72509765625 -15.80810546875 946637
35.70556640625 55.72509765625 -15.80810546875 946638
35.70556640625 55.72509765625 -15.80810546875 946638
35.70556640625 55.72509765625 -15.80810546875 946639
35.70556640625 55.72509765625 -15.80810546875 946747
47.54638671875 56.94580078125 -19.47021484375 946748
47.54638671875 56.94580078125 -19.47021484375 946749
47.54638671875 56.94580078125 -19.47021484375 946750
47.54638671875 56.94580078125 -19.47021484375 946752
47.54638671875 56.94580078125 -19.47021484375 946849
52.734375 62.744140625 -38.4521484375 946850
52.734375 62.744140625 -38.4521484375 946851
52.734375 62.744140625 -38.4521484375 946852
52.734375 62.744140625 -38.4521484375 946853
52.734375 62.744140625 -38.4521484375 946953
61.767578125 27.2216796875 -37.841796875 946954
61.767578125 27.2216796875 -37.841796875 946955
61.767578125 27.2216796875 -37.841796875 946956
61.767578125 27.2216796875 -37.841796875 946958
61.767578125 27.2216796875 -37.841796875 947057
-73.1201171875 -113.70849609375 18.1884765625 947058
-73.1201171875 -113.70849609375 18.1884765625 947059
-73.1201171875 -113.70849609375 18.1884765625 947060
-73.1201171875 -113.70849609375 18.1884765625 947061
-105.52978515625 -144.83642578125 6.77490234375 947136
-105.52978515625 -144.83642578125 6.77490234375 947246
37.29248046875 31.18896484375 -84.41162109375 947247
37.29248046875 31.18896484375 -84.41162109375 947248
37.29248046875 31.18896484375 -84.41162109375 947248
37.29248046875 31.18896484375 -84.41162109375 947250
37.29248046875 31.18896484375 -84.41162109375 947349
119.5068359375 153.076171875 -68.115234375 947350
119.5068359375 153.076171875 -68.115234375 947351
119.5068359375 153.076171875 -68.115234375 947353
119.5068359375 153.076171875 -68.115234375 947354
115.41748046875 174.560546875 -59.6923828125 947451
115.41748046875 174.560546875 -59.6923828125 947452
115.41748046875 174.560546875 -59.6923828125 947453
115.41748046875 174.560546875 -59.6923828125 947454
115.41748046875 174.560546875 -59.6923828125 947554
77.7587890625 90.63720703125 -16.90673828125 947555
77.7587890625 90.63720703125 -16.90673828125 947556
77.7587890625 90.63720703125 -16.90673828125 947557
77.7587890625 90.63720703125 -16.90673828125 947559
77.7587890625 90.63720703125 -16.90673828125 947658
-19.59228515625 -1.40380859375 5.06591796875 947659
-19.59228515625 -1.40380859375 5.06591796875 947660
-19.59228515625 -1.40380859375 5.06591796875 947661
-19.59228515625 -1.40380859375 5.06591796875 947662
-19.59228515625 -1.40380859375 5.06591796875 947787
-15.80810546875 -18.00537109375 5.859375 947805
-15.80810546875 -18.00537109375 5.859375 947806
-15.80810546875 -18.00537109375 5.859375 947807
-15.80810546875 -18.00537109375 5.859375 947808
-15.80810546875 -18.00537109375 5.859375 947973
-55.6640625 -97.47314453125 13.36669921875 948080
-55.6640625 -97.47314453125 13.36669921875 948081
-55.6640625 -97.47314453125 13.36669921875 948082
-55.6640625 -97.47314453125 13.36669921875 948083
-55.6640625 -97.47314453125 13.36669921875 948095
-103.271484375 -195.98388671875 53.52783203125 948096
-71.1669921875 -142.9443359375 57.373046875 948097
-60.1806640625 -76.72119140625 47.91259765625 948153
-60.1806640625 -76.72119140625 47.91259765625 948255
-46.81396484375 -17.08984375 7.99560546875 948256
-46.81396484375 -17.08984375 7.99560546875 948257
-46.81396484375 -17.08984375 7.99560546875 948258
-46.81396484375 -17.08984375 7.99560546875 948259
-46.81396484375 -17.08984375 7.99560546875 948358
-15.31982421875 16.2353515625 -8.48388671875 948359
-15.31982421875 16.2353515625 -8.48388671875 948360
-15.31982421875 16.2353515625 -8.48388671875 948361
-15.31982421875 16.2353515625 -8.48388671875 948362
0.732421875 13.7939453125 -7.2021484375 948436
0.732421875 13.7939453125 -7.2021484375 948547
7.32421875 14.46533203125 -8.85009765625 948548
7.32421875 14.46533203125 -8.85009765625 948549
7.32421875 14.46533203125 -8.85009765625 948550
7.32421875 14.46533203125 -8.85009765625 948554
7.32421875 14.46533203125 -8.85009765625 948650
3.5400390625 19.8974609375 -4.69970703125 948651
3.5400390625 19.8974609375 -4.69970703125 948652
3.5400390625 19.8974609375 -4.69970703125 948653
3.5400390625 19.8974609375 -4.69970703125 948654
3.5400390625 19.8974609375 -4.69970703125 948755
-2.9296875 13.916015625 8.72802734375 948756
-2.9296875 13.916015625 8.72802734375 948757
-2.9296875 13.916015625 8.72802734375 948758
-2.9296875 13.916015625 8.72802734375 948759
-2.9296875 13.916015625 8.72802734375 948859
-14.58740234375 5.92041015625 21.8505859375 948860
-14.58740234375 5.92041015625 21.8505859375 948861
-14.58740234375 5.92041015625 21.8505859375 948863
-14.58740234375 5.92041015625 21.8505859375 948863
-22.3388671875 9.70458984375 21.8505859375 948936
-22.3388671875 9.70458984375 21.8505859375 949047
-13.5498046875 6.53076171875 25.08544921875 949048
-13.5498046875 6.53076171875 25.08544921875 949049
-13.5498046875 6.53076171875 25.08544921875 949051
-13.5498046875 6.53076171875 25.08544921875 949052
-13.5498046875 6.53076171875 25.08544921875 949175
-9.1552734375 4.21142578125 26.123046875 949176
-9.1552734375 4.21142578125 26.123046875 949177
-9.1552734375 4.21142578125 26.123046875 949178
-9.1552734375 4.21142578125 26.123046875 949180
1.708984375 10.19287109375 21.17919921875 949253
1.708984375 10.19287109375 21.17919921875 949359
1.89208984375 5.43212890625 21.91162109375 949360
1.89208984375 5.43212890625 21.91162109375 949362
1.89208984375 5.43212890625 21.91162109375 949363
1.89208984375 5.43212890625 21.91162109375 949364
21.97265625 10.80322265625 18.61572265625 949458
21.97265625 10.80322265625 18.61572265625 949536
62.5 56.09130859375 -22.705078125 949538
62.5 56.09130859375 -22.705078125 949539
62.5 56.09130859375 -22.705078125 949539
62.5 56.09130859375 -22.705078125 949540
62.5 56.09130859375 -22.705078125 949647
69.27490234375 83.251953125 -41.93115234375 949648
69.27490234375 83.251953125 -41.93115234375 949649
69.27490234375 83.251953125 -41.93115234375 949650
69.27490234375 83.251953125 -41.93115234375 949651
69.27490234375 83.251953125 -41.93115234375 949751
76.0498046875 88.623046875 -91.00341796875 949752
76.0498046875 88.623046875 -91.00341796875 949754
76.0498046875 88.623046875 -91.00341796875 949755
76.0498046875 88.623046875 -91.00341796875 949756
-23.193359375 -100.09765625 -5.55419921875 949854
-23.193359375 -100.09765625 -5.55419921875 949855
-23.193359375 -100.09765625 -5.55419921875 949856
-23.193359375 -100.09765625 -5.55419921875 949857
-23.193359375 -100.09765625 -5.55419921875 949958
-89.9658203125 -91.796875 -16.66259765625 949959
-89.9658203125 -91.796875 -16.66259765625 949960
-89.9658203125 -91.796875 -16.66259765625 949961
-89.9658203125 -91.796875 -16.66259765625 949962
84.89990234375 35.888671875 -72.509765625 950036
84.89990234375 35.888671875 -72.509765625 950147
149.169921875 167.48046875 -42.90771484375 950148
149.169921875 167.48046875 -42.90771484375 950149
149.169921875 167.48046875 -42.90771484375 950150
149.169921875 167.48046875 -42.90771484375 950151
149.169921875 167.48046875 -42.90771484375 950250
-3.41796875 57.18994140625 -8.11767578125 950251
-3.41796875 57.18994140625 -8.11767578125 950252
-3.41796875 57.18994140625 -8.11767578125 950253
-3.41796875 57.18994140625 -8.11767578125 950253
-3.41796875 57.18994140625 -8.11767578125 950352
11.962890625 32.16552734375 -10.6201171875 950353
11.962890625 32.16552734375 -10.6201171875 950354
11.962890625 32.16552734375 -10.6201171875 950355
11.962890625 32.16552734375 -10.6201171875 950355
11.962890625 32.16552734375 -10.6201171875 950455
-4.638671875 4.7607421875 6.8359375 950456
-4.638671875 4.7607421875 6.8359375 950457
-4.638671875 4.7607421875 6.8359375 950458
-4.638671875 4.7607421875 6.8359375 950459
-4.638671875 4.7607421875 6.8359375 950557
-39.36767578125 -55.6640625 18.61572265625 950558
-39.36767578125 -55.6640625 18.61572265625 950559
-39.36767578125 -55.6640625 18.61572265625 950561
-39.36767578125 -55.6640625 18.61572265625 950562
-39.36767578125 -55.6640625 18.61572265625 950660
-82.82470703125 -126.8310546875 22.3388671875 950661
-82.82470703125 -126.8310546875 22.3388671875 950662
-82.82470703125 -126.8310546875 22.3388671875 950663
-82.82470703125 -126.8310546875 22.3388671875 950664
-109.375 -182.9833984375 77.63671875 950737
-109.375 -182.9833984375 77.63671875 950848
-54.87060546875 -43.39599609375 9.27734375 950849
-54.87060546875 -43.39599609375 9.27734375 950850
-54.87060546875 -43.39599609375 9.27734375 950851
-54.87060546875 -43.39599609375 9.27734375 950852
-54.87060546875 -43.39599609375 9.27734375 950952
-25.5126953125 -7.080078125 1.64794921875 950953
-25.5126953125 -7.080078125 1.64794921875 950954
-25.5126953125 -7.080078125 1.64794921875 950955
-25.5126953125 -7.080078125 1.64794921875 950957
-25.5126953125 -7.080078125 1.64794921875 951056
-8.6669921875 -1.8310546875 -4.21142578125 951057
-8.6669921875 -1.8310546875 -4.21142578125 951058
-8.6669921875 -1.8310546875 -4.21142578125 951059
-8.6669921875 -1.8310546875 -4.21142578125 951060
6.65283203125 10.80322265625 -9.09423828125 951148
6.65283203125 10.80322265625 -9.09423828125 951251
-12.6953125 -0.79345703125 6.7138671875 951252
-12.6953125 -0.79345703125 6.7138671875 951253
-12.6953125 -0.79345703125 6.7138671875 951254
-12.6953125 -0.79345703125 6.7138671875 951255
-12.6953125 -0.79345703125 6.7138671875 951354
-2.62451171875 14.46533203125 -1.28173828125 951355
-2.62451171875 14.46533203125 -1.28173828125 951356
-2.62451171875 14.46533203125 -1.28173828125 951357
-2.62451171875 14.46533203125 -1.28173828125 951358
-2.62451171875 14.46533203125 -1.28173828125 951456
6.40869140625 24.59716796875 -4.8828125 951457
6.40869140625 24.59716796875 -4.8828125 951458
6.40869140625 24.59716796875 -4.8828125 951459
6.40869140625 24.59716796875 -4.8828125 951459
6.40869140625 24.59716796875 -4.8828125 951558
12.451171875 17.08984375 3.0517578125 951559
12.451171875 17.08984375 3.0517578125 951560
12.451171875 17.08984375 3.0517578125 951561
12.451171875 17.08984375 3.0517578125 951562
-13.73291015625 4.21142578125 22.39990234375 951638
-13.73291015625 4.21142578125 22.39990234375 951750
-12.39013671875 7.9345703125 29.47998046875 951751
-12.39013671875 7.9345703125 29.47998046875 951752
-12.39013671875 7.9345703125 29.47998046875 951753
-12.39013671875 7.9345703125 29.47998046875 951754
-12.39013671875 7.9345703125 29.47998046875 951852
-15.31982421875 2.74658203125 32.53173828125 951853
-15.31982421875 2.74658203125 32.53173828125 951854
-15.31982421875 2.74658203125 32.53173828125 951855
-15.31982421875 2.74658203125 32.53173828125 951856
-15.31982421875 2.74658203125 32.53173828125 951955
1.3427734375 3.41796875 24.71923828125 951956
1.3427734375 3.41796875 24.71923828125 951957
1.3427734375 3.41796875 24.71923828125 951958
1.3427734375 3.41796875 24.71923828125 951959
1.3427734375 3.41796875 24.71923828125 952058
-10.31494140625 4.0283203125 31.982421875 952059
-10.31494140625 4.0283203125 31.982421875 952060
-10.31494140625 4.0283203125 31.982421875 952061
-10.31494140625 4.0283203125 31.982421875 952062
14.95361328125 13.24462890625 19.04296875 952139
14.95361328125 13.24462890625 19.04296875 952250
45.10498046875 32.8369140625 -7.8125 952251
45.10498046875 32.8369140625 -7.8125 952252
45.10498046875 32.8369140625 -7.8125 952252
45.10498046875 32.8369140625 -7.8125 952253
45.10498046875 32.8369140625 -7.8125 952352
84.04541015625 100.5859375 -56.21337890625 952353
84.04541015625 100.5859375 -56.21337890625 952354
84.04541015625 100.5859375 -56.21337890625 952355
84.04541015625 100.5859375 -56.21337890625 952356
84.04541015625 100.5859375 -56.21337890625 952456
74.15771484375 70.4345703125 -87.46337890625 952457
74.15771484375 70.4345703125 -87.46337890625 952458
74.15771484375 70.4345703125 -87.46337890625 952459
74.15771484375 70.4345703125 -87.46337890625 952460
74.15771484375 70.4345703125 -87.46337890625 952559
-63.41552734375 -82.21435546875 -36.1328125 952560
-63.41552734375 -82.21435546875 -36.1328125 952561
-63.41552734375 -82.21435546875 -36.1328125 952562
-63.41552734375 -82.21435546875 -36.1328125 952563
56.57958984375 -3.84521484375 -56.0302734375 952638
56.57958984375 -3.84521484375 -56.0302734375 952750
118.896484375 105.224609375 -42.54150390625 952751
118.896484375 105.224609375 -42.54150390625 952752
118.896484375 105.224609375 -42.54150390625 952753
118.896484375 105.224609375 -42.54150390625 952754
118.896484375 105.224609375 -42.54150390625 952867
11.53564453125 44.00634765625 8.48388671875 952868
11.53564453125 44.00634765625 8.48388671875 952870
11.53564453125 44.00634765625 8.48388671875 952871
11.53564453125 44.00634765625 8.48388671875 952872
3.41796875 23.86474609375 -0.48828125 952953
3.41796875 23.86474609375 -0.48828125 953045
-16.6015625 -12.939453125 14.16015625 953058
-16.6015625 -12.939453125 14.16015625 953059
-16.6015625 -12.939453125 14.16015625 953060
-16.6015625 -12.939453125 14.16015625 953061
-16.6015625 -12.939453125 14.16015625 953160
-46.69189453125 -60.05859375 27.89306640625 953161
-46.69189453125 -60.05859375 27.89306640625 953162
-46.69189453125 -60.05859375 27.89306640625 953163
-46.69189453125 -60.05859375 27.89306640625 953165
-46.69189453125 -60.05859375 27.89306640625 953262
-77.94189453125 -109.43603515625 11.474609375 953263
-77.94189453125 -109.43603515625 11.474609375 953264
-77.94189453125 -109.43603515625 11.474609375 953265
-77.94189453125 -109.43603515625 11.474609375 953266
-95.947265625 -110.83984375 27.9541015625 953340
-95.947265625 -110.83984375 27.9541015625 953453
-48.15673828125 -45.8984375 17.27294921875 953454
-48.15673828125 -45.8984375 17.27294921875 953455
-48.15673828125 -45.8984375 17.27294921875 953456
-48.15673828125 -45.8984375 17.27294921875 953459
-48.15673828125 -45.8984375 17.27294921875 953580
-25.20751953125 -14.34326171875 6.28662109375 953581
-25.20751953125 -14.34326171875 6.28662109375 953582
-25.20751953125 -14.34326171875 6.28662109375 953583
-25.20751953125 -14.34326171875 6.28662109375 953584
-15.56396484375 0.1220703125 2.25830078125 953641
-15.56396484375 0.1220703125 2.25830078125 953751
-6.40869140625 1.89208984375 -1.40380859375 953752
-6.40869140625 1.89208984375 -1.40380859375 953753
-6.40869140625 1.89208984375 -1.40380859375 953753
-6.40869140625 1.89208984375 -1.40380859375 953754
-6.40869140625 1.89208984375 -1.40380859375 953855
-5.67626953125 4.33349609375 -3.96728515625 953856
-5.67626953125 4.33349609375 -3.96728515625 953857
-5.67626953125 4.33349609375 -3.96728515625 953857
-5.67626953125 4.33349609375 -3.96728515625 953858
-5.67626953125 4.33349609375 -3.96728515625 953957
1.8310546875 11.65771484375 -3.72314453125 953958
1.8310546875 11.65771484375 -3.72314453125 953959
1.8310546875 11.65771484375 -3.72314453125 953961
1.8310546875 11.65771484375 -3.72314453125 953962
1.8310546875 11.65771484375 -3.72314453125 954060
-3.47900390625 4.2724609375 3.84521484375 954061
-3.47900390625 4.2724609375 3.84521484375 954062
-3.47900390625 4.2724609375 3.84521484375 954063
-3.47900390625 4.2724609375 3.84521484375 954063
-3.47900390625 4.2724609375 3.84521484375 954162
-4.2724609375 7.568359375 4.69970703125 954163
-4.2724609375 7.568359375 4.69970703125 954164
-4.2724609375 7.568359375 4.69970703125 954164
-4.2724609375 7.568359375 4.69970703125 954165
-7.9345703125 11.71875 5.06591796875 954239
-7.9345703125 11.71875 5.06591796875 954351
4.57763671875 15.31982421875 6.9580078125 954352
4.57763671875 15.31982421875 6.9580078125 954353
4.57763671875 15.31982421875 6.9580078125 954354
4.57763671875 15.31982421875 6.9580078125 954355
4.57763671875 15.31982421875 6.9580078125 954453
-16.6015625 -4.5166015625 22.3388671875 954454
-16.6015625 -4.5166015625 22.3388671875 954455
-16.6015625 -4.5166015625 22.3388671875 954455
-16.6015625 -4.5166015625 22.3388671875 954456
-16.6015625 -4.5166015625 22.3388671875 954556
-11.41357421875 -2.99072265625 25.390625 954557
-11.41357421875 -2.99072265625 25.390625 954558
-11.41357421875 -2.99072265625 25.390625 954558
-11.41357421875 -2.99072265625 25.390625 954559
-11.41357421875 -2.99072265625 25.390625 954659
-9.1552734375 2.3193359375 18.12744140625 954660
-9.1552734375 2.3193359375 18.12744140625 954661
-9.1552734375 2.3193359375 18.12744140625 954662
-9.1552734375 2.3193359375 18.12744140625 954664
-9.1552734375 2.3193359375 18.12744140625 954762
1.5869140625 5.2490234375 13.671875 954766
1.5869140625 5.2490234375 13.671875 954768
1.5869140625 5.2490234375 13.671875 954769
1.5869140625 5.2490234375 13.671875 954770
4.82177734375 12.20703125 8.85009765625 954840
4.82177734375 12.20703125 8.85009765625 954951
24.23095703125 25.390625 3.84521484375 954982
24.23095703125 25.390625 3.84521484375 954983
24.23095703125 25.390625 3.84521484375 954984
24.23095703125 25.390625 3.84521484375 954985
24.23095703125 25.390625 3.84521484375 955054
36.80419921875 29.9072265625 -6.7138671875 955055
36.80419921875 29.9072265625 -6.7138671875 955156
58.41064453125 59.6923828125 -32.3486328125 955157
58.41064453125 59.6923828125 -32.3486328125 955158
58.41064453125 59.6923828125 -32.3486328125 955160
58.41064453125 59.6923828125 -32.3486328125 955161
58.41064453125 59.6923828125 -32.3486328125 955258
61.21826171875 64.453125 -59.2041015625 955259
61.21826171875 64.453125 -59.2041015625 955260
61.21826171875 64.453125 -59.2041015625 955261
61.21826171875 64.453125 -59.2041015625 955262
61.21826171875 64.453125 -59.2041015625 955362
-40.34423828125 -63.78173828125 13.0615234375 955363
-40.34423828125 -63.78173828125 13.0615234375 955364
-40.34423828125 -63.78173828125 13.0615234375 955365
-40.34423828125 -63.78173828125 13.0615234375 955369
-76.2939453125 -93.20068359375 -9.6435546875 955441
-76.2939453125 -93.20068359375 -9.6435546875 955552
19.1650390625 -21.66748046875 -53.8330078125 955553
19.1650390625 -21.66748046875 -53.8330078125 955554
19.1650390625 -21.66748046875 -53.8330078125 955555
19.1650390625 -21.66748046875 -53.8330078125 955556
163.57421875 121.7041015625 -76.72119140625 955641
163.57421875 121.7041015625 -76.72119140625 955764
37.59765625 88.7451171875 -13.3056640625 955765
37.59765625 88.7451171875 -13.3056640625 955766
37.59765625 88.7451171875 -13.3056640625 955767
37.59765625 88.7451171875 -13.3056640625 955768
16.54052734375 41.07666015625 -1.64794921875 955856
16.54052734375 41.07666015625 -1.64794921875 955947
-17.822265625 -16.54052734375 15.31982421875 955959
-17.822265625 -16.54052734375 15.31982421875 955960
-17.822265625 -16.54052734375 15.31982421875 955961
-17.822265625 -16.54052734375 15.31982421875 955962
-17.822265625 -16.54052734375 15.31982421875 956065
-37.7197265625 -47.2412109375 23.92578125 956066
-37.7197265625 -47.2412109375 23.92578125 956067
-37.7197265625 -47.2412109375 23.92578125 956068
-37.7197265625 -47.2412109375 23.92578125 956068
-72.998046875 -119.44580078125 35.94970703125 956154
-72.998046875 -119.44580078125 35.94970703125 956256
-94.42138671875 -135.68115234375 55.48095703125 956257
-94.42138671875 -135.68115234375 55.48095703125 956258
-94.42138671875 -135.68115234375 55.48095703125 956258
-94.42138671875 -135.68115234375 55.48095703125 956259
-94.42138671875 -135.68115234375 55.48095703125 956362
-50.6591796875 -32.16552734375 12.451171875 956363
-50.6591796875 -32.16552734375 12.451171875 956366
-50.6591796875 -32.16552734375 12.451171875 956367
-50.6591796875 -32.16552734375 12.451171875 956369
-33.0810546875 -15.07568359375 2.62451171875 956442
-33.0810546875 -15.07568359375 2.62451171875 956554
-6.40869140625 -2.74658203125 -0.244140625 956555
-6.40869140625 -2.74658203125 -0.244140625 956557
-6.40869140625 -2.74658203125 -0.244140625 956558
-6.40869140625 -2.74658203125 -0.244140625 956559
-6.40869140625 -2.74658203125 -0.244140625 956661
1.220703125 -0.91552734375 -2.3193359375 956662
1.220703125 -0.91552734375 -2.3193359375 956663
1.220703125 -0.91552734375 -2.3193359375 956663
1.220703125 -0.91552734375 -2.3193359375 956664
1.220703125 -0.91552734375 -2.3193359375 956763
-0.42724609375 3.173828125 -3.662109375 956764
-0.42724609375 3.173828125 -3.662109375 956765
-0.42724609375 3.173828125 -3.662109375 956767
-0.42724609375 3.173828125 -3.662109375 956768
-0.42724609375 3.173828125 -3.662109375 956865
-4.94384765625 0.18310546875 5.18798828125 956866
-4.94384765625 0.18310546875 5.18798828125 956867
-4.94384765625 0.18310546875 5.18798828125 956868
-4.94384765625 0.18310546875 5.18798828125 956869
-1.708984375 11.23046875 5.9814453125 956942
-1.708984375 11.23046875 5.9814453125 957054
-3.84521484375 6.591796875 10.25390625 957055
-3.84521484375 6.591796875 10.25390625 957055
-3.84521484375 6.591796875 10.25390625 957056
-3.84521484375 6.591796875 10.25390625 957057
-3.84521484375 6.591796875 10.25390625 957156
-10.3759765625 4.39453125 14.58740234375 957157
-10.3759765625 4.39453125 14.58740234375 957158
-10.3759765625 4.39453125 14.58740234375 957160
-10.3759765625 4.39453125 14.58740234375 957161
-10.3759765625 4.39453125 14.58740234375 957260
-14.0380859375 11.1083984375 13.916015625 957261
-14.0380859375 11.1083984375 13.916015625 957262
-14.0380859375 11.1083984375 13.916015625 957263
-14.0380859375 11.1083984375 13.916015625 957263
-14.0380859375 11.1083984375 13.916015625 957363
-12.02392578125 5.7373046875 22.8271484375 957364
-12.02392578125 5.7373046875 22.8271484375 957365
-12.02392578125 5.7373046875 22.8271484375 957366
-12.02392578125 5.7373046875 22.8271484375 957366
2.3193359375 13.0615234375 15.869140625 957442
2.3193359375 13.0615234375 15.869140625 957554
-10.80322265625 7.080078125 19.6533203125 957555
-10.80322265625 7.080078125 19.6533203125 957556
-10.80322265625 7.080078125 19.6533203125 957557
-10.80322265625 7.080078125 19.6533203125 957558
-10.80322265625 7.080078125 19.6533203125 957656
0.48828125 7.50732421875 22.216796875 957657
0.48828125 7.50732421875 22.216796875 957658
0.48828125 7.50732421875 22.216796875 957661
0.48828125 7.50732421875 22.216796875 957662
0.48828125 7.50732421875 22.216796875 957759
3.84521484375 13.73291015625 17.51708984375 957760
3.84521484375 13.73291015625 17.51708984375 957761
3.84521484375 13.73291015625 17.51708984375 957763
3.84521484375 13.73291015625 17.51708984375 957763
3.84521484375 13.73291015625 17.51708984375 957862
18.1884765625 22.52197265625 7.87353515625 957863
18.1884765625 22.52197265625 7.87353515625 957864
18.1884765625 22.52197265625 7.87353515625 957866
18.1884765625 22.52197265625 7.87353515625 957867
18.1884765625 22.52197265625 7.87353515625 957965
36.56005859375 37.65869140625 -11.8408203125 957966
36.56005859375 37.65869140625 -11.8408203125 957967
36.56005859375 37.65869140625 -11.8408203125 957968
36.56005859375 37.65869140625 -11.8408203125 957969
56.2744140625 50.23193359375 -25.20751953125 958043
56.2744140625 50.23193359375 -25.20751953125 958155
56.15234375 60.48583984375 -30.3955078125 958156
56.15234375 60.48583984375 -30.3955078125 958157
56.15234375 60.48583984375 -30.3955078125 958158
56.15234375 60.48583984375 -30.3955078125 958159
56.15234375 60.48583984375 -30.3955078125 958258
38.14697265625 44.98291015625 -39.6728515625 958259
38.14697265625 44.98291015625 -39.6728515625 958260
38.14697265625 44.98291015625 -39.6728515625 958261
38.14697265625 44.98291015625 -39.6728515625 958262
38.14697265625 44.98291015625 -39.6728515625 958360
-0.30517578125 -33.14208984375 -15.19775390625 958361
-0.30517578125 -33.14208984375 -15.19775390625 958362
-0.30517578125 -33.14208984375 -15.19775390625 958363
-0.30517578125 -33.14208984375 -15.19775390625 958364
-0.30517578125 -33.14208984375 -15.19775390625 958464
-92.83447265625 -92.4072265625 -12.75634765625 958465
-92.83447265625 -92.4072265625 -12.75634765625 958465
-92.83447265625 -92.4072265625 -12.75634765625 958466
-92.83447265625 -92.4072265625 -12.75634765625 958467
-92.83447265625 -92.4072265625 -12.75634765625 958567
-11.962890625 -65.673828125 -22.03369140625 958568
-11.962890625 -65.673828125 -22.03369140625 958569
-11.962890625 -65.673828125 -22.03369140625 958569
-11.962890625 -65.673828125 -22.03369140625 958592
188.232421875 121.03271484375 -91.9189453125 958644
188.232421875 121.03271484375 -91.9189453125 958755
56.82373046875 89.66064453125 -14.58740234375 958756
56.82373046875 89.66064453125 -14.58740234375 958758
56.82373046875 89.66064453125 -14.58740234375 958759
56.82373046875 89.66064453125 -14.58740234375 958760
56.82373046875 89.66064453125 -14.58740234375 958857
24.5361328125 19.8974609375 -6.103515625 958858
24.5361328125 19.8974609375 -6.103515625 958861
24.5361328125 19.8974609375 -6.103515625 958862
24.5361328125 19.8974609375 -6.103515625 958863
24.5361328125 19.8974609375 -6.103515625 958960
-20.56884765625 -11.5966796875 2.13623046875 958961
-20.56884765625 -11.5966796875 2.13623046875 958962
-20.56884765625 -11.5966796875 2.13623046875 958963
-20.56884765625 -11.5966796875 2.13623046875 958964
-20.56884765625 -11.5966796875 2.13623046875 959062
-29.96826171875 -30.09033203125 13.671875 959063
-29.96826171875 -30.09033203125 13.671875 959064
-29.96826171875 -30.09033203125 13.671875 959064
-29.96826171875 -30.09033203125 13.671875 959065
-29.96826171875 -30.09033203125 13.671875 959165
-41.80908203125 -65.00244140625 31.06689453125 959166
-41.80908203125 -65.00244140625 31.06689453125 959167
-41.80908203125 -65.00244140625 31.06689453125 959169
-41.80908203125 -65.00244140625 31.06689453125 959170
-41.80908203125 -65.00244140625 31.06689453125 959266
-38.818359375 -74.8291015625 40.1611328125 959268
-38.818359375 -74.8291015625 40.1611328125 959269
-38.818359375 -74.8291015625 40.1611328125 959270
-38.818359375 -74.8291015625 40.1611328125 959271
-76.0498046875 -100.830078125 33.8134765625 959356
-76.0498046875 -100.830078125 33.8134765625 959458
-49.25537109375 -51.33056640625 18.73779296875 959459
-49.25537109375 -51.33056640625 18.73779296875 959460
-49.25537109375 -51.33056640625 18.73779296875 959461
-49.25537109375 -51.33056640625 18.73779296875 959462
-39.00146484375 -19.83642578125 7.4462890625 959561
-39.00146484375 -19.83642578125 7.4462890625 959562
-39.00146484375 -19.83642578125 7.4462890625 959564
-39.00146484375 -19.83642578125 7.4462890625 959565
-39.00146484375 -19.83642578125 7.4462890625 959664
-9.58251953125 0.3662109375 -0.30517578125 959665
-9.58251953125 0.3662109375 -0.30517578125 959666
-9.58251953125 0.3662109375 -0.30517578125 959668
-9.58251953125 0.3662109375 -0.30517578125 959670
-9.58251953125 0.3662109375 -0.30517578125 959767
9.33837890625 15.19775390625 -5.126953125 959768
9.33837890625 15.19775390625 -5.126953125 959769
9.33837890625 15.19775390625 -5.126953125 959771
9.33837890625 15.19775390625 -5.126953125 959772
7.75146484375 13.18359375 -1.52587890625 959848
7.75146484375 13.18359375 -1.52587890625 959957
6.16455078125 8.23974609375 1.77001953125 959958
6.16455078125 8.23974609375 1.77001953125 959960
6.16455078125 8.23974609375 1.77001953125 959961
6.16455078125 8.23974609375 1.77001953125 959962
6.16455078125 8.23974609375 1.77001953125 960063
-7.75146484375 11.23046875 6.4697265625 960064
-7.75146484375 11.23046875 6.4697265625 960065
-7.75146484375 11.23046875 6.4697265625 960066
-7.75146484375 11.23046875 6.4697265625 960067
-7.75146484375 11.23046875 6.4697265625 960165
-6.89697265625 8.23974609375 13.36669921875 960166
-6.89697265625 8.23974609375 13.36669921875 960167
-6.89697265625 8.23974609375 13.36669921875 960168
-6.89697265625 8.23974609375 13.36669921875 960169
-6.89697265625 8.23974609375 13.36669921875 960267
0.9765625 7.62939453125 12.75634765625 960268
0.9765625 7.62939453125 12.75634765625 960269
0.9765625 7.62939453125 12.75634765625 960270
0.9765625 7.62939453125 12.75634765625 960271
2.3193359375 3.2958984375 17.578125 960345
2.3193359375 3.2958984375 17.578125 960457
-8.9111328125 0 23.4375 960458
-8.9111328125 0 23.4375 960459
-8.9111328125 0 23.4375 960460
-8.9111328125 0 23.4375 960461
-8.9111328125 0 23.4375 960559
-11.04736328125 4.69970703125 18.1884765625 960564
-11.04736328125 4.69970703125 18.1884765625 960565
-11.04736328125 4.69970703125 18.1884765625 960566
-11.04736328125 4.69970703125 18.1884765625 960568
-11.04736328125 4.69970703125 18.1884765625 960661
2.25830078125 4.39453125 12.5732421875 960662
2.25830078125 4.39453125 12.5732421875 960763
10.80322265625 17.4560546875 3.7841796875 960764
10.80322265625 17.4560546875 3.7841796875 960765
10.80322265625 17.4560546875 3.7841796875 960766
10.80322265625 17.4560546875 3.7841796875 960768
10.80322265625 17.4560546875 3.7841796875 960866
26.06201171875 32.65380859375 3.72314453125 960867
26.06201171875 32.65380859375 3.72314453125 960868
26.06201171875 32.65380859375 3.72314453125 960869
26.06201171875 32.65380859375 3.72314453125 960870
24.2919921875 28.50341796875 -0.9765625 960949
24.2919921875 28.50341796875 -0.9765625 961056
41.9921875 31.55517578125 -22.27783203125 961057
41.9921875 31.55517578125 -22.27783203125 961059
41.9921875 31.55517578125 -22.27783203125 961060
41.9921875 31.55517578125 -22.27783203125 961061
41.9921875 31.55517578125 -22.27783203125 961158
62.19482421875 71.59423828125 -49.560546875 961176
62.19482421875 71.59423828125 -49.560546875 961178
62.19482421875 71.59423828125 -49.560546875 961179
62.19482421875 71.59423828125 -49.560546875 961180
62.19482421875 71.59423828125 -49.560546875 961263
14.34326171875 -21.240234375 -21.54541015625 961264
14.34326171875 -21.240234375 -21.54541015625 961366
-51.45263671875 -39.306640625 -55.72509765625 961367
-51.45263671875 -39.306640625 -55.72509765625 961368
-51.45263671875 -39.306640625 -55.72509765625 961369
-51.45263671875 -39.306640625 -55.72509765625 961369
-51.45263671875 -39.306640625 -55.72509765625 961469
52.6123046875 -26.42822265625 9.27734375 961470
52.6123046875 -26.42822265625 9.27734375 961471
52.6123046875 -26.42822265625 9.27734375 961471
52.6123046875 -26.42822265625 9.27734375 961472
40.58837890625 14.70947265625 -12.0849609375 961546
40.58837890625 14.70947265625 -12.0849609375 961674
18.310546875 22.88818359375 -11.29150390625 961675
18.310546875 22.88818359375 -11.29150390625 961676
18.310546875 22.88818359375 -11.29150390625 961677
18.310546875 22.88818359375 -11.29150390625 961678
10.1318359375 24.23095703125 0.18310546875 961761
10.1318359375 24.23095703125 0.18310546875 961864
31.25 43.39599609375 -6.89697265625 961865
31.25 43.39599609375 -6.89697265625 961866
31.25 43.39599609375 -6.89697265625 961867
31.25 43.39599609375 -6.89697265625 961867
31.25 43.39599609375 -6.89697265625 961967
4.0283203125 2.0751953125 14.0380859375 961968
4.0283203125 2.0751953125 14.0380859375 961969
4.0283203125 2.0751953125 14.0380859375 961970
4.0283203125 2.0751953125 14.0380859375 961971
4.0283203125 2.0751953125 14.0380859375 962069
-10.55908203125 -9.1552734375 13.61083984375 962073
-10.55908203125 -9.1552734375 13.61083984375 962074
-10.55908203125 -9.1552734375 13.61083984375 962075
-10.55908203125 -9.1552734375 13.61083984375 962076
-42.17529296875 -47.2412109375 14.16015625 962146
-42.17529296875 -47.2412109375 14.16015625 962257
-76.904296875 -104.4921875 27.7099609375 962258
-76.904296875 -104.4921875 27.7099609375 962259
-76.904296875 -104.4921875 27.7099609375 962260
-76.904296875 -104.4921875 27.7099609375 962261
-76.904296875 -104.4921875 27.7099609375 962360
-75.0732421875 -86.669921875 21.91162109375 962361
-75.0732421875 -86.669921875 21.91162109375 962362
-75.0732421875 -86.669921875 21.91162109375 962364
-75.0732421875 -86.669921875 21.91162109375 962365
-75.0732421875 -86.669921875 21.91162109375 962468
-76.59912109375 -74.89013671875 27.77099609375 962469
-76.59912109375 -74.89013671875 27.77099609375 962470
-76.59912109375 -74.89013671875 27.77099609375 962471
-76.59912109375 -74.89013671875 27.77099609375 962472
-54.0771484375 -50.29296875 26.611328125 962554
-54.0771484375 -50.29296875 26.611328125 962646
-18.73779296875 -14.95361328125 14.34326171875 962647
-18.73779296875 -14.95361328125 14.34326171875 962648
-18.73779296875 -14.95361328125 14.34326171875 962649
-18.73779296875 -14.95361328125 14.34326171875 962650
-18.73779296875 -14.95361328125 14.34326171875 962757
4.2724609375 7.9345703125 0.06103515625 962758
4.2724609375 7.9345703125 0.06103515625 962759
4.2724609375 7.9345703125 0.06103515625 962761
4.2724609375 7.9345703125 0.06103515625 962762
4.2724609375 7.9345703125 0.06103515625 962865
-2.44140625 11.41357421875 -4.82177734375 962866
-2.44140625 11.41357421875 -4.82177734375 962867
-2.44140625 11.41357421875 -4.82177734375 962867
-2.44140625 11.41357421875 -4.82177734375 962868
-2.44140625 11.41357421875 -4.82177734375 962967
-1.3427734375 8.60595703125 0 962968
-1.3427734375 8.60595703125 0 962969
-1.3427734375 8.60595703125 0 962971
-1.3427734375 8.60595703125 0 962974
-1.3427734375 8.60595703125 0 963070
7.75146484375 12.75634765625 1.15966796875 963071
7.75146484375 12.75634765625 1.15966796875 963072
7.75146484375 12.75634765625 1.15966796875 963073
7.75146484375 12.75634765625 1.15966796875 963073
7.01904296875 15.93017578125 4.2724609375 963149
7.01904296875 15.93017578125 4.2724609375 963264
-8.544921875 12.0849609375 15.625 963265
-8.544921875 12.0849609375 15.625 963266
-8.544921875 12.0849609375 15.625 963266
-8.544921875 12.0849609375 15.625 963267
-8.544921875 12.0849609375 15.625 963366
-14.892578125 5.31005859375 26.7333984375 963367
-14.892578125 5.31005859375 26.7333984375 963369
-14.892578125 5.31005859375 26.7333984375 963370
-14.892578125 5.31005859375 26.7333984375 963371
-14.892578125 5.31005859375 26.7333984375 963469
-11.65771484375 5.55419921875 30.8837890625 963470
-11.65771484375 5.55419921875 30.8837890625 963471
-11.65771484375 5.55419921875 30.8837890625 963473
-11.65771484375 5.55419921875 30.8837890625 963474
-5.55419921875 9.521484375 26.18408203125 963547
-5.55419921875 9.521484375 26.18408203125 963658
28.4423828125 28.99169921875 2.86865234375 963659
28.4423828125 28.99169921875 2.86865234375 963660
28.4423828125 28.99169921875 2.86865234375 963661
28.4423828125 28.99169921875 2.86865234375 963662
28.4423828125 28.99169921875 2.86865234375 963761
49.01123046875 34.97314453125 -1.708984375 963762
49.01123046875 34.97314453125 -1.708984375 963764
49.01123046875 34.97314453125 -1.708984375 963766
49.01123046875 34.97314453125 -1.708984375 963767
49.01123046875 34.97314453125 -1.708984375 963864
58.89892578125 58.2275390625 -25.81787109375 963865
58.89892578125 58.2275390625 -25.81787109375 963866
58.89892578125 58.2275390625 -25.81787109375 963866
58.89892578125 58.2275390625 -25.81787109375 963966
48.52294921875 52.18505859375 -32.71484375 963967
48.52294921875 52.18505859375 -32.71484375 963968
48.52294921875 52.18505859375 -32.71484375 963969
48.52294921875 52.18505859375 -32.71484375 963970
48.52294921875 52.18505859375 -32.71484375 964068
40.83251953125 39.24560546875 -32.8369140625 964071
40.83251953125 39.24560546875 -32.8369140625 964072
40.83251953125 39.24560546875 -32.8369140625 964073
40.83251953125 39.24560546875 -32.8369140625 964074
40.83251953125 39.24560546875 -32.8369140625 964171
26.67236328125 3.72314453125 -43.8232421875 964180
26.67236328125 3.72314453125 -43.8232421875 964181
26.67236328125 3.72314453125 -43.8232421875 964182
26.67236328125 3.72314453125 -43.8232421875 964182
-87.09716796875 -92.4072265625 -20.81298828125 964258
-87.09716796875 -92.4072265625 -20.81298828125 964362
-3.173828125 -48.095703125 -32.958984375 964363
-3.173828125 -48.095703125 -32.958984375 964364
-3.173828125 -48.095703125 -32.958984375 964365
-3.173828125 -48.095703125 -32.958984375 964366
-3.173828125 -48.095703125 -32.958984375 964465
81.4208984375 48.88916015625 -53.955078125 964466
81.4208984375 48.88916015625 -53.955078125 964467
81.4208984375 48.88916015625 -53.955078125 964468
81.4208984375 48.88916015625 -53.955078125 964469
81.4208984375 48.88916015625 -53.955078125 964569
60.36376953125 65.85693359375 -7.4462890625 964570
60.36376953125 65.85693359375 -7.4462890625 964572
60.36376953125 65.85693359375 -7.4462890625 964573
60.36376953125 65.85693359375 -7.4462890625 964574
46.9970703125 62.92724609375 8.97216796875 964648
46.9970703125 62.92724609375 8.97216796875 964761
-23.4375 -7.14111328125 24.35302734375 964762
-23.4375 -7.14111328125 24.35302734375 964763
-23.4375 -7.14111328125 24.35302734375 964765
-23.4375 -7.14111328125 24.35302734375 964766
-23.4375 -7.14111328125 24.35302734375 964868
-8.48388671875 -11.5966796875 9.6435546875 964870
-8.48388671875 -11.5966796875 9.6435546875 964871
-8.48388671875 -11.5966796875 9.6435546875 964872
-8.48388671875 -11.5966796875 9.6435546875 964874
-6.34765625 -3.90625 9.33837890625 964966
-6.34765625 -3.90625 9.33837890625 965048
-30.70068359375 -23.4375 10.68115234375 965049
-30.70068359375 -23.4375 10.68115234375 965050
-30.70068359375 -23.4375 10.68115234375 965051
-30.70068359375 -23.4375 10.68115234375 965053
-30.70068359375 -23.4375 10.68115234375 965159
-22.0947265625 -30.2734375 22.216796875 965160
-22.0947265625 -30.2734375 22.216796875 965161
-22.0947265625 -30.2734375 22.216796875 965162
-22.0947265625 -30.2734375 22.216796875 965164
-22.0947265625 -30.2734375 22.216796875 965263
-18.798828125 -54.50439453125 19.47021484375 965264
-18.798828125 -54.50439453125 19.47021484375 965265
-18.798828125 -54.50439453125 19.47021484375 965266
-18.798828125 -54.50439453125 19.47021484375 965267
-18.798828125 -54.50439453125 19.47021484375 965365
-46.0205078125 -70.4345703125 5.31005859375 965366
-46.0205078125 -70.4345703125 5.31005859375 965367
-46.0205078125 -70.4345703125 5.31005859375 965369
-46.0205078125 -70.4345703125 5.31005859375 965370
-46.0205078125 -70.4345703125 5.31005859375 965467
-57.18994140625 -69.82421875 9.33837890625 965468
-57.18994140625 -69.82421875 9.33837890625 965469
-57.18994140625 -69.82421875 9.33837890625 965470
-57.18994140625 -69.82421875 9.33837890625 965471
-57.18994140625 -69.82421875 9.33837890625 965569
-46.0205078125 -49.62158203125 8.23974609375 965570
-46.0205078125 -49.62158203125 8.23974609375 965571
-46.0205078125 -49.62158203125 8.23974609375 965572
-46.0205078125 -49.62158203125 8.23974609375 965573
-46.0205078125 -49.62158203125 8.23974609375 965672
-12.02392578125 -18.37158203125 3.173828125 965673
-12.02392578125 -18.37158203125 3.173828125 965674
-12.02392578125 -18.37158203125 3.173828125 965675
-12.02392578125 -18.37158203125 3.173828125 965675
8.23974609375 -2.50244140625 -2.685546875 965755
8.23974609375 -2.50244140625 -2.685546875 965857
2.38037109375 -5.18798828125 -1.0986328125 965858
2.38037109375 -5.18798828125 -1.0986328125 965859
2.38037109375 -5.18798828125 -1.0986328125 965861
2.38037109375 -5.18798828125 -1.0986328125 965862
2.38037109375 -5.18798828125 -1.0986328125 965959
-10.19287109375 -0.67138671875 4.0283203125 965960
-10.19287109375 -0.67138671875 4.0283203125 965961
-10.19287109375 -0.67138671875 4.0283203125 965962
-10.19287109375 -0.67138671875 4.0283203125 965963
-10.19287109375 -0.67138671875 4.0283203125 966062
-19.775390625 -2.74658203125 13.427734375 966063
-19.775390625 -2.74658203125 13.427734375 966064
-19.775390625 -2.74658203125 13.427734375 966065
-19.775390625 -2.74658203125 13.427734375 966066
-19.775390625 -2.74658203125 13.427734375 966167
-2.685546875 12.87841796875 2.25830078125 966204
-2.685546875 12.87841796875 2.25830078125 966205
-2.685546875 12.87841796875 2.25830078125 966206
-2.685546875 12.87841796875 2.25830078125 966207
-2.685546875 12.87841796875 2.25830078125 966269
10.7421875 20.5078125 0.91552734375 966270
-7.080078125 15.07568359375 10.19287109375 966354
-7.080078125 15.07568359375 10.19287109375 966355
-7.080078125 15.07568359375 10.19287109375 966356
-7.080078125 15.07568359375 10.19287109375 966357
-7.080078125 15.07568359375 10.19287109375 966461
-17.333984375 2.25830078125 31.06689453125 966462
-17.333984375 2.25830078125 31.06689453125 966463
-17.333984375 2.25830078125 31.06689453125 966464
-17.333984375 2.25830078125 31.06689453125 966465
-17.333984375 2.25830078125 31.06689453125 966564
-12.51220703125 1.8310546875 31.18896484375 966565
-12.51220703125 1.8310546875 31.18896484375 966566
-12.51220703125 1.8310546875 31.18896484375 966567
-12.51220703125 1.8310546875 31.18896484375 966568
-12.51220703125 1.8310546875 31.18896484375 966669
-1.8310546875 7.6904296875 20.44677734375 966670
-1.8310546875 7.6904296875 20.44677734375 966671
-1.8310546875 7.6904296875 20.44677734375 966672
-1.8310546875 7.6904296875 20.44677734375 966674
-1.8310546875 7.6904296875 20.44677734375 966775
29.9072265625 22.5830078125 3.173828125 966776
29.9072265625 22.5830078125 3.173828125 966777
29.9072265625 22.5830078125 3.173828125 966779
29.9072265625 22.5830078125 3.173828125 966780
41.93115234375 35.21728515625 0.6103515625 966850
41.93115234375 35.21728515625 0.6103515625 966961
32.1044921875 25.93994140625 -6.8359375 966962
32.1044921875 25.93994140625 -6.8359375 966963
32.1044921875 25.93994140625 -6.8359375 966964
32.1044921875 25.93994140625 -6.8359375 966965
32.1044921875 25.93994140625 -6.8359375 967063
41.1376953125 56.5185546875 -24.5361328125 967064
41.1376953125 56.5185546875 -24.5361328125 967065
41.1376953125 56.5185546875 -24.5361328125 967066
41.1376953125 56.5185546875 -24.5361328125 967067
41.1376953125 56.5185546875 -24.5361328125 967166
51.57470703125 52.42919921875 -42.78564453125 967167
51.57470703125 52.42919921875 -42.78564453125 967170
51.57470703125 52.42919921875 -42.78564453125 967172
51.57470703125 52.42919921875 -42.78564453125 967173
51.57470703125 52.42919921875 -42.78564453125 967268
11.3525390625 -17.76123046875 -23.5595703125 967269
11.3525390625 -17.76123046875 -23.5595703125 967270
11.3525390625 -17.76123046875 -23.5595703125 967271
11.3525390625 -17.76123046875 -23.5595703125 967371
-22.3388671875 -43.9453125 -61.58447265625 967372
-22.3388671875 -43.9453125 -61.58447265625 967373
-22.3388671875 -43.9453125 -61.58447265625 967374
-22.3388671875 -43.9453125 -61.58447265625 967374
51.08642578125 -9.521484375 -39.6728515625 967449
51.08642578125 -9.521484375 -39.6728515625 967561
103.94287109375 64.453125 -24.84130859375 967562
103.94287109375 64.453125 -24.84130859375 967564
103.94287109375 64.453125 -24.84130859375 967565
103.94287109375 64.453125 -24.84130859375 967566
103.94287109375 64.453125 -24.84130859375 967665
29.296875 27.83203125 -2.44140625 967666
29.296875 27.83203125 -2.44140625 967671
29.296875 27.83203125 -2.44140625 967672
29.296875 27.83203125 -2.44140625 967673
-14.83154296875 -13.0615234375 7.99560546875 967767
-14.83154296875 -13.0615234375 7.99560546875 967768
-14.83154296875 -13.0615234375 7.99560546875 967871
-5.9814453125 -5.615234375 -0.91552734375 967872
-5.9814453125 -5.615234375 -0.91552734375 967873
-5.9814453125 -5.615234375 -0.91552734375 967876
-5.9814453125 -5.615234375 -0.91552734375 967877
-5.9814453125 -5.615234375 -0.91552734375 967974
-12.451171875 -7.87353515625 12.75634765625 967975
-12.451171875 -7.87353515625 12.75634765625 967976
-12.451171875 -7.87353515625 12.75634765625 967978
-12.451171875 -7.87353515625 12.75634765625 967983
-23.62060546875 -27.4658203125 13.61083984375 968051
-23.62060546875 -27.4658203125 13.61083984375 968162
-8.60595703125 -16.9677734375 10.498046875 968163
-8.60595703125 -16.9677734375 10.498046875 968164
-8.60595703125 -16.9677734375 10.498046875 968165
-8.60595703125 -16.9677734375 10.498046875 968187
-8.60595703125 -16.9677734375 10.498046875 968265
-28.74755859375 -41.56494140625 18.85986328125 968266
-28.74755859375 -41.56494140625 18.85986328125 968267
-28.74755859375 -41.56494140625 18.85986328125 968268
-28.74755859375 -41.56494140625 18.85986328125 968269
-28.74755859375 -41.56494140625 18.85986328125 968367
-42.3583984375 -44.73876953125 -1.953125 968368
-42.3583984375 -44.73876953125 -1.953125 968369
-42.3583984375 -44.73876953125 -1.953125 968370
-42.3583984375 -44.73876953125 -1.953125 968370
-42.3583984375 -44.73876953125 -1.953125 968470
-31.55517578125 -33.02001953125 -0.6103515625 968471
-31.55517578125 -33.02001953125 -0.6103515625 968472
-31.55517578125 -33.02001953125 -0.6103515625 968473
-31.55517578125 -33.02001953125 -0.6103515625 968473
-31.55517578125 -33.02001953125 -0.6103515625 968572
-47.42431640625 -62.6220703125 14.34326171875 968573
-47.42431640625 -62.6220703125 14.34326171875 968574
-47.42431640625 -62.6220703125 14.34326171875 968575
-47.42431640625 -62.6220703125 14.34326171875 968576
-22.15576171875 -33.38623046875 5.37109375 968654
-22.15576171875 -33.38623046875 5.37109375 968763
-2.197265625 -8.36181640625 -0.67138671875 968764
-2.197265625 -8.36181640625 -0.67138671875 968766
-2.197265625 -8.36181640625 -0.67138671875 968767
-2.197265625 -8.36181640625 -0.67138671875 968768
-2.197265625 -8.36181640625 -0.67138671875 968868
0.6103515625 3.0517578125 -5.43212890625 968869
0.6103515625 3.0517578125 -5.43212890625 968870
0.6103515625 3.0517578125 -5.43212890625 968872
0.6103515625 3.0517578125 -5.43212890625 968872
-9.033203125 0.1220703125 2.197265625 968955
-9.033203125 0.1220703125 2.197265625 969062
-2.8076171875 7.62939453125 0.42724609375 969063
-2.8076171875 7.62939453125 0.42724609375 969064
-2.8076171875 7.62939453125 0.42724609375 969065
-2.8076171875 7.62939453125 0.42724609375 969066
-2.8076171875 7.62939453125 0.42724609375 969164
-2.9296875 8.11767578125 2.86865234375 969165
-2.9296875 8.11767578125 2.86865234375 969166
-2.9296875 8.11767578125 2.86865234375 969167
-2.9296875 8.11767578125 2.86865234375 969170
-2.9296875 8.11767578125 2.86865234375 969267
10.43701171875 21.30126953125 -2.0751953125 969268
10.43701171875 21.30126953125 -2.0751953125 969269
10.43701171875 21.30126953125 -2.0751953125 969270
10.43701171875 21.30126953125 -2.0751953125 969271
10.43701171875 21.30126953125 -2.0751953125 969370
-10.92529296875 12.451171875 13.36669921875 969372
-10.92529296875 12.451171875 13.36669921875 969373
-10.92529296875 12.451171875 13.36669921875 969375
-10.92529296875 12.451171875 13.36669921875 969376
-10.92529296875 12.451171875 13.36669921875 969472
-18.5546875 3.173828125 24.90234375 969473
-18.5546875 3.173828125 24.90234375 969474
-18.5546875 3.173828125 24.90234375 969475
-18.5546875 3.173828125 24.90234375 969476
-13.97705078125 7.2021484375 21.54541015625 969551
-13.97705078125 7.2021484375 21.54541015625 969663
-8.36181640625 9.46044921875 18.61572265625 969664
-8.36181640625 9.46044921875 18.61572265625 969665
-8.36181640625 9.46044921875 18.61572265625 969666
-8.36181640625 9.46044921875 18.61572265625 969667
-8.36181640625 9.46044921875 18.61572265625 969766
16.6015625 18.85986328125 10.3759765625 969767
16.6015625 18.85986328125 10.3759765625 969768
16.6015625 18.85986328125 10.3759765625 969769
16.6015625 18.85986328125 10.3759765625 969770
16.6015625 18.85986328125 10.3759765625 969871
18.00537109375 26.85546875 4.2724609375 969872
18.00537109375 26.85546875 4.2724609375 969873
18.00537109375 26.85546875 4.2724609375 969874
18.00537109375 26.85546875 4.2724609375 969875
18.00537109375 26.85546875 4.2724609375 969973
32.04345703125 37.29248046875 -8.7890625 969974
32.04345703125 37.29248046875 -8.7890625 969976
32.04345703125 37.29248046875 -8.7890625 969977
32.04345703125 37.29248046875 -8.7890625 969978
52.1240234375 53.466796875 -24.90234375 970052
52.1240234375 53.466796875 -24.90234375 970164
46.875 72.44873046875 -40.58837890625 970188
46.875 72.44873046875 -40.58837890625 970189
46.875 72.44873046875 -40.58837890625 970190
46.875 72.44873046875 -40.58837890625 970191
46.875 72.44873046875 -40.58837890625 970266
31.1279296875 17.51708984375 -54.13818359375 970267
31.1279296875 17.51708984375 -54.13818359375 970368
-65.12451171875 -61.6455078125 -54.87060546875 970369
-65.12451171875 -61.6455078125 -54.87060546875 970371
-65.12451171875 -61.6455078125 -54.87060546875 970372
-65.12451171875 -61.6455078125 -54.87060546875 970373
-65.12451171875 -61.6455078125 -54.87060546875 970475
74.3408203125 -14.16015625 -50.72021484375 970476
74.3408203125 -14.16015625 -50.72021484375 970477
74.3408203125 -14.16015625 -50.72021484375 970478
74.3408203125 -14.16015625 -50.72021484375 970479
20.8740234375 -16.11328125 28.564453125 970552
20.8740234375 -16.11328125 28.564453125 970665
87.46337890625 58.16650390625 -25.93994140625 970667
87.46337890625 58.16650390625 -25.93994140625 970669
87.46337890625 58.16650390625 -25.93994140625 970670
87.46337890625 58.16650390625 -25.93994140625 970671
87.46337890625 58.16650390625 -25.93994140625 970767
-11.474609375 2.86865234375 -0.48828125 970768
-11.474609375 2.86865234375 -0.48828125 970769
-11.474609375 2.86865234375 -0.48828125 970770
-11.474609375 2.86865234375 -0.48828125 970771
-11.474609375 2.86865234375 -0.48828125 970871
-5.92041015625 -3.0517578125 -0.6103515625 970872
-5.92041015625 -3.0517578125 -0.6103515625 970873
-5.92041015625 -3.0517578125 -0.6103515625 970874
-5.92041015625 -3.0517578125 -0.6103515625 970875
-5.92041015625 -3.0517578125 -0.6103515625 970973
-1.03759765625 -3.96728515625 -0.67138671875 970974
-1.03759765625 -3.96728515625 -0.67138671875 970975
-1.03759765625 -3.96728515625 -0.67138671875 970976
-1.03759765625 -3.96728515625 -0.67138671875 970977
-3.84521484375 -0.48828125 -3.47900390625 971053
-3.84521484375 -0.48828125 -3.47900390625 971163
-25.0244140625 -18.798828125 6.40869140625 971164
-25.0244140625 -18.798828125 6.40869140625 971165
-25.0244140625 -18.798828125 6.40869140625 971167
-25.0244140625 -18.798828125 6.40869140625 971168
-25.0244140625 -18.798828125 6.40869140625 971268
-30.517578125 -50.47607421875 20.1416015625 971269
-30.517578125 -50.47607421875 20.1416015625 971270
-30.517578125 -50.47607421875 20.1416015625 971270
-30.517578125 -50.47607421875 20.1416015625 971271
-30.517578125 -50.47607421875 20.1416015625 971370
-46.20361328125 -67.68798828125 18.9208984375 971371
-46.20361328125 -67.68798828125 18.9208984375 971372
-46.20361328125 -67.68798828125 18.9208984375 971373
-46.20361328125 -67.68798828125 18.9208984375 971374
-46.20361328125 -67.68798828125 18.9208984375 971472
-64.0869140625 -63.65966796875 26.0009765625 971473
-64.0869140625 -63.65966796875 26.0009765625 971474
-64.0869140625 -63.65966796875 26.0009765625 971475
-64.0869140625 -63.65966796875 26.0009765625 971476
-64.0869140625 -63.65966796875 26.0009765625 971574
-34.0576171875 -29.541015625 13.24462890625 971575
-34.0576171875 -29.541015625 13.24462890625 971577
-34.0576171875 -29.541015625 13.24462890625 971578
-34.0576171875 -29.541015625 13.24462890625 971580
-22.216796875 -17.9443359375 12.63427734375 971657
-22.216796875 -17.9443359375 12.63427734375 971768
-6.7138671875 -4.45556640625 4.8828125 971781
-6.7138671875 -4.45556640625 4.8828125 971783
-6.7138671875 -4.45556640625 4.8828125 971784
-6.7138671875 -4.45556640625 4.8828125 971785
-6.7138671875 -4.45556640625 4.8828125 971872
1.220703125 2.3193359375 0.1220703125 971873
1.220703125 2.3193359375 0.1220703125 971975
3.90625 7.080078125 -2.9296875 971976
3.90625 7.080078125 -2.9296875 971977
3.90625 7.080078125 -2.9296875 971978
3.90625 7.080078125 -2.9296875 971979
-6.4697265625 7.080078125 3.72314453125 972067
-6.4697265625 7.080078125 3.72314453125 972153
-15.625 1.708984375 18.4326171875 972154
-15.625 1.708984375 18.4326171875 972156
-15.625 1.708984375 18.4326171875 972157
-15.625 1.708984375 18.4326171875 972159
-15.625 1.708984375 18.4326171875 972266
-5.9814453125 7.75146484375 12.5732421875 972267
-5.9814453125 7.75146484375 12.5732421875 972268
-5.9814453125 7.75146484375 12.5732421875 972269
-5.9814453125 7.75146484375 12.5732421875 972271
-5.9814453125 7.75146484375 12.5732421875 972367
-8.056640625 6.8359375 15.44189453125 972368
-8.056640625 6.8359375 15.44189453125 972369
-8.056640625 6.8359375 15.44189453125 972370
-8.056640625 6.8359375 15.44189453125 972372
-8.056640625 6.8359375 15.44189453125 972470
-10.43701171875 5.92041015625 18.49365234375 972471
-10.43701171875 5.92041015625 18.49365234375 972472
-10.43701171875 5.92041015625 18.49365234375 972473
-10.43701171875 5.92041015625 18.49365234375 972474
-10.43701171875 5.92041015625 18.49365234375 972572
-2.86865234375 9.58251953125 15.625 972573
-2.86865234375 9.58251953125 15.625 972574
-2.86865234375 9.58251953125 15.625 972588
-2.86865234375 9.58251953125 15.625 972590
-2.86865234375 9.58251953125 15.625 972674
-11.1083984375 3.11279296875 22.3388671875 972675
-11.1083984375 3.11279296875 22.3388671875 972676
-11.1083984375 3.11279296875 22.3388671875 972677
17.578125 19.53125 0.91552734375 972771
17.578125 19.53125 0.91552734375 972772
17.578125 19.53125 0.91552734375 972866
21.17919921875 23.193359375 -3.47900390625 972867
21.17919921875 23.193359375 -3.47900390625 972869
21.17919921875 23.193359375 -3.47900390625 972870
21.17919921875 23.193359375 -3.47900390625 972968
39.97802734375 38.14697265625 -14.2822265625 972969
39.97802734375 38.14697265625 -14.2822265625 972970
39.97802734375 38.14697265625 -14.2822265625 972972
39.97802734375 38.14697265625 -14.2822265625 972973
39.97802734375 38.14697265625 -14.2822265625 973073
48.52294921875 46.875 -23.0712890625 973074
48.52294921875 46.875 -23.0712890625 973075
48.52294921875 46.875 -23.0712890625 973076
48.52294921875 46.875 -23.0712890625 973077
48.52294921875 46.875 -23.0712890625 973176
45.71533203125 62.68310546875 -52.8564453125 973177
45.71533203125 62.68310546875 -52.8564453125 973179
45.71533203125 62.68310546875 -52.8564453125 973180
45.71533203125 62.68310546875 -52.8564453125 973181
-8.11767578125 -27.2216796875 -8.544921875 973258
-8.11767578125 -27.2216796875 -8.544921875 973372
-47.66845703125 -67.138671875 -13.36669921875 973373
-47.66845703125 -67.138671875 -13.36669921875 973375
-47.66845703125 -67.138671875 -13.36669921875 973376
-47.66845703125 -67.138671875 -13.36669921875 973377
-46.38671875 -64.8193359375 -21.240234375 973455
-46.38671875 -64.8193359375 -21.240234375 973567
28.74755859375 0.9765625 -35.15625 973568
28.74755859375 0.9765625 -35.15625 973569
28.74755859375 0.9765625 -35.15625 973570
28.74755859375 0.9765625 -35.15625 973571
28.74755859375 0.9765625 -35.15625 973669
67.5048828125 74.64599609375 -47.05810546875 973670
67.5048828125 74.64599609375 -47.05810546875 973671
67.5048828125 74.64599609375 -47.05810546875 973672
67.5048828125 74.64599609375 -47.05810546875 973673
33.447265625 57.43408203125 -3.41796875 973772
33.447265625 57.43408203125 -3.41796875 973773
33.447265625 57.43408203125 -3.41796875 973774
33.447265625 57.43408203125 -3.41796875 973776
33.447265625 57.43408203125 -3.41796875 973876
40.46630859375 77.81982421875 -25.87890625 973877
40.46630859375 77.81982421875 -25.87890625 973879
40.46630859375 77.81982421875 -25.87890625 973880
40.46630859375 77.81982421875 -25.87890625 973881
40.46630859375 77.81982421875 -25.87890625 974020
13.671875 58.349609375 -10.31494140625 974021
13.671875 58.349609375 -10.31494140625 974022
13.671875 58.349609375 -10.31494140625 974023
13.671875 58.349609375 -10.31494140625 974024
12.26806640625 23.01025390625 2.01416015625 974074
12.26806640625 23.01025390625 2.01416015625 974155
-26.42822265625 -37.109375 11.474609375 974156
-26.42822265625 -37.109375 11.474609375 974157
-26.42822265625 -37.109375 11.474609375 974158
-26.42822265625 -37.109375 11.474609375 974159
-26.42822265625 -37.109375 11.474609375 974267
-46.08154296875 -61.8896484375 17.27294921875 974268
-46.08154296875 -61.8896484375 17.27294921875 974269
-46.08154296875 -61.8896484375 17.27294921875 974270
-46.08154296875 -61.8896484375 17.27294921875 974271
-46.08154296875 -61.8896484375 17.27294921875 974371
-27.4658203125 -62.6220703125 20.8740234375 974372
-27.4658203125 -62.6220703125 20.8740234375 974373
-27.4658203125 -62.6220703125 20.8740234375 974374
-27.4658203125 -62.6220703125 20.8740234375 974376
-27.4658203125 -62.6220703125 20.8740234375 974476
-65.0634765625 -117.67578125 37.78076171875 974477
-65.0634765625 -117.67578125 37.78076171875 974478
-65.0634765625 -117.67578125 37.78076171875 974480
-65.0634765625 -117.67578125 37.78076171875 974481
-71.96044921875 -83.67919921875 30.517578125 974562
-71.96044921875 -83.67919921875 30.517578125 974675
-37.109375 -24.10888671875 11.16943359375 974676
-37.109375 -24.10888671875 11.16943359375 974677
-37.109375 -24.10888671875 11.16943359375 974679
-37.109375 -24.10888671875 11.16943359375 974680
-37.109375 -24.10888671875 11.16943359375 974777
-13.85498046875 -0.3662109375 1.15966796875 974778
-13.85498046875 -0.3662109375 1.15966796875 974779
-13.85498046875 -0.3662109375 1.15966796875 974780
-13.85498046875 -0.3662109375 1.15966796875 974781
-13.85498046875 -0.3662109375 1.15966796875 974879
-5.0048828125 0.06103515625 -1.77001953125 974880
-5.0048828125 0.06103515625 -1.77001953125 974881
-5.0048828125 0.06103515625 -1.77001953125 974882
-5.0048828125 0.06103515625 -1.77001953125 974883
-4.7607421875 -1.28173828125 3.41796875 974957
-4.7607421875 -1.28173828125 3.41796875 975074
-3.2958984375 0.42724609375 -0.67138671875 975075
-3.2958984375 0.42724609375 -0.67138671875 975076
-3.2958984375 0.42724609375 -0.67138671875 975077
-3.2958984375 0.42724609375 -0.67138671875 975078
-3.2958984375 0.42724609375 -0.67138671875 975178
-4.39453125 3.11279296875 -1.52587890625 975179
-4.39453125 3.11279296875 -1.52587890625 975180
-4.39453125 3.11279296875 -1.52587890625 975181
-4.39453125 3.11279296875 -1.52587890625 975182
2.5634765625 11.77978515625 -3.47900390625 975269
2.5634765625 11.77978515625 -3.47900390625 975356
5.9814453125 10.986328125 1.64794921875 975357
5.9814453125 10.986328125 1.64794921875 975358
5.9814453125 10.986328125 1.64794921875 975360
5.9814453125 10.986328125 1.64794921875 975361
5.9814453125 10.986328125 1.64794921875 975467
-10.25390625 -0.18310546875 12.87841796875 975468
-10.25390625 -0.18310546875 12.87841796875 975469
-10.25390625 -0.18310546875 12.87841796875 975470
-10.25390625 -0.18310546875 12.87841796875 975471
-10.25390625 -0.18310546875 12.87841796875 975569
-1.03759765625 -0.3662109375 19.1650390625 975570
-1.03759765625 -0.3662109375 19.1650390625 975571
-1.03759765625 -0.3662109375 19.1650390625 975572
-1.03759765625 -0.3662109375 19.1650390625 975574
-1.03759765625 -0.3662109375 19.1650390625 975671
3.2958984375 7.26318359375 16.7236328125 975672
3.2958984375 7.26318359375 16.7236328125 975673
3.2958984375 7.26318359375 16.7236328125 975674
3.2958984375 7.26318359375 16.7236328125 975675
3.2958984375 7.26318359375 16.7236328125 975775
-9.58251953125 8.60595703125 19.287109375 975776
-9.58251953125 8.60595703125 19.287109375 975777
-9.58251953125 8.60595703125 19.287109375 975779
-9.58251953125 8.60595703125 19.287109375 975780
-9.58251953125 8.60595703125 19.287109375 975877
-4.638671875 11.90185546875 15.44189453125 975878
-4.638671875 11.90185546875 15.44189453125 975879
-4.638671875 11.90185546875 15.44189453125 975880
-4.638671875 11.90185546875 15.44189453125 975881
8.7890625 24.47509765625 4.94384765625 975963
8.7890625 24.47509765625 4.94384765625 976068
19.4091796875 26.7333984375 1.40380859375 976069
19.4091796875 26.7333984375 1.40380859375 976070
19.4091796875 26.7333984375 1.40380859375 976072
19.4091796875 26.7333984375 1.40380859375 976073
19.4091796875 26.7333984375 1.40380859375 976171
29.9072265625 31.6162109375 -11.8408203125 976172
29.9072265625 31.6162109375 -11.8408203125 976173
29.9072265625 31.6162109375 -11.8408203125 976180
29.9072265625 31.6162109375 -11.8408203125 976182
29.9072265625 31.6162109375 -11.8408203125 976274
46.81396484375 59.87548828125 -31.67724609375 976275
46.81396484375 59.87548828125 -31.67724609375 976276
46.81396484375 59.87548828125 -31.67724609375 976277
46.81396484375 59.87548828125 -31.67724609375 976379
42.90771484375 27.9541015625 -47.05810546875 976380
42.90771484375 27.9541015625 -47.05810546875 976382
42.90771484375 27.9541015625 -47.05810546875 976383
42.90771484375 27.9541015625 -47.05810546875 976384
-50.537109375 -54.0771484375 10.92529296875 976460
-50.537109375 -54.0771484375 10.92529296875 976570
-0.79345703125 -76.59912109375 -12.51220703125 976571
-0.79345703125 -76.59912109375 -12.51220703125 976572
-0.79345703125 -76.59912109375 -12.51220703125 976572
-0.79345703125 -76.59912109375 -12.51220703125 976573
-0.79345703125 -76.59912109375 -12.51220703125 976672
49.49951171875 12.6953125 -57.7392578125 976673
49.49951171875 12.6953125 -57.7392578125 976674
49.49951171875 12.6953125 -57.7392578125 976675
49.49951171875 12.6953125 -57.7392578125 976676
83.55712890625 95.703125 -39.794921875 976770
83.55712890625 95.703125 -39.794921875 976875
46.7529296875 90.14892578125 -28.1982421875 976876
46.7529296875 90.14892578125 -28.1982421875 976877
46.7529296875 90.14892578125 -28.1982421875 976878
46.7529296875 90.14892578125 -28.1982421875 976879
46.7529296875 90.14892578125 -28.1982421875 976977
-10.3759765625 6.34765625 14.16015625 976978
-10.3759765625 6.34765625 14.16015625 976979
-10.3759765625 6.34765625 14.16015625 976980
-10.3759765625 6.34765625 14.16015625 976981
-3.662109375 -12.14599609375 13.61083984375 977056
-3.662109375 -12.14599609375 13.61083984375 977168
-9.82666015625 -8.6669921875 3.2958984375 977170
-9.82666015625 -8.6669921875 3.2958984375 977171
-9.82666015625 -8.6669921875 3.2958984375 977172
-9.82666015625 -8.6669921875 3.2958984375 977174
-9.82666015625 -8.6669921875 3.2958984375 977272
-4.638671875 -5.31005859375 5.0048828125 977273
-4.638671875 -5.31005859375 5.0048828125 977274
-4.638671875 -5.31005859375 5.0048828125 977276
-4.638671875 -5.31005859375 5.0048828125 977278
-19.6533203125 -21.484375 5.126953125 977376
-19.6533203125 -21.484375 5.126953125 977443
-19.6533203125 -21.484375 5.126953125 977444
-19.6533203125 -21.484375 5.126953125 977445
-19.6533203125 -21.484375 5.126953125 977479
-20.32470703125 -39.0625 14.7705078125 977480
-20.32470703125 -39.0625 14.7705078125 977481
-60.4248046875 -89.4775390625 23.86474609375 977556
-60.4248046875 -89.4775390625 23.86474609375 977557
-60.4248046875 -89.4775390625 23.86474609375 977558
-60.4248046875 -89.4775390625 23.86474609375 977668
-48.15673828125 -69.39697265625 16.29638671875 977669
-48.15673828125 -69.39697265625 16.29638671875 977697
-48.15673828125 -69.39697265625 16.29638671875 977698
-48.15673828125 -69.39697265625 16.29638671875 977701
-48.15673828125 -69.39697265625 16.29638671875 977771
-27.2216796875 -36.92626953125 9.1552734375 977772
-27.2216796875 -36.92626953125 9.1552734375 977773
-27.2216796875 -36.92626953125 9.1552734375 977873
-11.71875 -10.009765625 -1.220703125 977874
-11.71875 -10.009765625 -1.220703125 977875
-11.71875 -10.009765625 -1.220703125 977877
-11.71875 -10.009765625 -1.220703125 977878
-11.71875 -10.009765625 -1.220703125 977981
1.708984375 2.0751953125 -4.82177734375 977982
1.708984375 2.0751953125 -4.82177734375 977985
1.708984375 2.0751953125 -4.82177734375 977986
1.708984375 2.0751953125 -4.82177734375 977987
8.97216796875 7.4462890625 -7.2021484375 978080
8.97216796875 7.4462890625 -7.2021484375 978160
12.26806640625 11.474609375 -11.41357421875 978166
12.26806640625 11.474609375 -11.41357421875 978201
12.26806640625 11.474609375 -11.41357421875 978211
12.26806640625 11.474609375 -11.41357421875 978224
12.26806640625 11.474609375 -11.41357421875 978269
5.37109375 14.7705078125 -5.43212890625 978270
5.37109375 14.7705078125 -5.43212890625 978271
5.37109375 14.7705078125 -5.43212890625 978372
-12.39013671875 7.99560546875 4.7607421875 978373
-12.39013671875 7.99560546875 4.7607421875 978374
-12.39013671875 7.99560546875 4.7607421875 978375
-12.39013671875 7.99560546875 4.7607421875 978376
-12.39013671875 7.99560546875 4.7607421875 978474
-6.53076171875 10.19287109375 3.23486328125 978475
-6.53076171875 10.19287109375 3.23486328125 978476
-6.53076171875 10.19287109375 3.23486328125 978477
-6.53076171875 10.19287109375 3.23486328125 978491
-6.53076171875 10.19287109375 3.23486328125 978579
-2.74658203125 13.7939453125 -1.708984375 978580
-2.74658203125 13.7939453125 -1.708984375 978581
-2.74658203125 13.7939453125 -1.708984375 978582
-2.74658203125 13.7939453125 -1.708984375 978583
-5.79833984375 9.58251953125 9.6435546875 978657
-5.79833984375 9.58251953125 9.6435546875 978770
-15.2587890625 -2.86865234375 23.681640625 978771
-15.2587890625 -2.86865234375 23.681640625 978772
-15.2587890625 -2.86865234375 23.681640625 978774
-15.2587890625 -2.86865234375 23.681640625 978775
-15.2587890625 -2.86865234375 23.681640625 978872
-11.1083984375 -2.197265625 23.3154296875 978873
-11.1083984375 -2.197265625 23.3154296875 978877
-11.1083984375 -2.197265625 23.3154296875 978878
-11.1083984375 -2.197265625 23.3154296875 978879
-11.1083984375 -2.197265625 23.3154296875 978974
-9.94873046875 0 24.59716796875 978975
-9.94873046875 0 24.59716796875 978976
-9.94873046875 0 24.59716796875 979076
12.8173828125 9.82666015625 16.11328125 979077
12.8173828125 9.82666015625 16.11328125 979079
12.8173828125 9.82666015625 16.11328125 979080
12.8173828125 9.82666015625 16.11328125 979081
12.8173828125 9.82666015625 16.11328125 979181
28.6865234375 20.20263671875 2.50244140625 979182
28.6865234375 20.20263671875 2.50244140625 979183
28.6865234375 20.20263671875 2.50244140625 979184
28.6865234375 20.20263671875 2.50244140625 979186
36.68212890625 23.37646484375 4.39453125 979259
36.68212890625 23.37646484375 4.39453125 979370
48.7060546875 50.9033203125 -17.822265625 979371
48.7060546875 50.9033203125 -17.822265625 979373
48.7060546875 50.9033203125 -17.822265625 979374
48.7060546875 50.9033203125 -17.822265625 979375
48.7060546875 50.9033203125 -17.822265625 979473
42.90771484375 63.53759765625 -35.82763671875 979474
42.90771484375 63.53759765625 -35.82763671875 979478
42.90771484375 63.53759765625 -35.82763671875 979479
42.90771484375 63.53759765625 -35.82763671875 979480
42.90771484375 63.53759765625 -35.82763671875 979576
39.12353515625 20.263671875 -49.31640625 979577
39.12353515625 20.263671875 -49.31640625 979578
39.12353515625 20.263671875 -49.31640625 979678
-38.26904296875 -44.73876953125 -11.77978515625 979679
-38.26904296875 -44.73876953125 -11.77978515625 979682
-38.26904296875 -44.73876953125 -11.77978515625 979683
-38.26904296875 -44.73876953125 -11.77978515625 979684
-38.26904296875 -44.73876953125 -11.77978515625 979780
10.6201171875 -2.74658203125 -49.86572265625 979781
10.6201171875 -2.74658203125 -49.86572265625 979782
10.6201171875 -2.74658203125 -49.86572265625 979782
116.51611328125 56.94580078125 -52.001953125 979858
116.51611328125 56.94580078125 -52.001953125 979860
116.51611328125 56.94580078125 -52.001953125 979971
73.73046875 76.23291015625 -9.033203125 979972
73.73046875 76.23291015625 -9.033203125 979973
73.73046875 76.23291015625 -9.033203125 979974
73.73046875 76.23291015625 -9.033203125 979975
73.73046875 76.23291015625 -9.033203125 980074
-5.615234375 9.1552734375 12.39013671875 980075
-5.615234375 9.1552734375 12.39013671875 980076
-5.615234375 9.1552734375 12.39013671875 980077
-5.615234375 9.1552734375 12.39013671875 980077
-5.615234375 9.1552734375 12.39013671875 980177
-8.6669921875 -14.7705078125 7.32421875 980178
-8.6669921875 -14.7705078125 7.32421875 980179
-8.6669921875 -14.7705078125 7.32421875 980181
-8.6669921875 -14.7705078125 7.32421875 980182
-8.6669921875 -14.7705078125 7.32421875 980286
-16.7236328125 -17.27294921875 -0.54931640625 980287
-16.7236328125 -17.27294921875 -0.54931640625 980289
-16.7236328125 -17.27294921875 -0.54931640625 980291
-16.7236328125 -17.27294921875 -0.54931640625 980292
-37.04833984375 -36.7431640625 9.46044921875 980366
-37.04833984375 -36.7431640625 9.46044921875 980470
-31.8603515625 -50.35400390625 19.04296875 980471
-31.8603515625 -50.35400390625 19.04296875 980472
-31.8603515625 -50.35400390625 19.04296875 980473
-31.8603515625 -50.35400390625 19.04296875 980474
-31.8603515625 -50.35400390625 19.04296875 980575
-59.38720703125 -82.763671875 38.818359375 980576
-59.38720703125 -82.763671875 38.818359375 980577
-59.38720703125 -82.763671875 38.818359375 980578
-59.38720703125 -82.763671875 38.818359375 980579
-59.38720703125 -82.763671875 38.818359375 980678
-89.599609375 -114.3798828125 57.6171875 980679
-89.599609375 -114.3798828125 57.6171875 980680
-89.599609375 -114.3798828125 57.6171875 980681
-89.599609375 -114.3798828125 57.6171875 980682
-89.599609375 -114.3798828125 57.6171875 980781
-55.23681640625 -53.40576171875 22.3388671875 980782
-55.23681640625 -53.40576171875 22.3388671875 980783
-55.23681640625 -53.40576171875 22.3388671875 980787
-55.23681640625 -53.40576171875 22.3388671875 980789
-31.55517578125 -16.17431640625 8.97216796875 980860
-31.55517578125 -16.17431640625 8.97216796875 980970
5.55419921875 3.23486328125 -3.72314453125 980971
5.55419921875 3.23486328125 -3.72314453125 980972
5.55419921875 3.23486328125 -3.72314453125 980974
5.55419921875 3.23486328125 -3.72314453125 980975
5.55419921875 3.23486328125 -3.72314453125 981074
7.4462890625 4.57763671875 -8.6669921875 981075
7.4462890625 4.57763671875 -8.6669921875 981076
7.4462890625 4.57763671875 -8.6669921875 981077
7.4462890625 4.57763671875 -8.6669921875 981078
7.4462890625 4.57763671875 -8.6669921875 981182
0.6103515625 4.39453125 -4.150390625 981183
0.6103515625 4.39453125 -4.150390625 981184
0.6103515625 4.39453125 -4.150390625 981185
0.6103515625 4.39453125 -4.150390625 981187
-4.39453125 4.5166015625 -3.2958984375 981260
-4.39453125 4.5166015625 -3.2958984375 981372
1.8310546875 8.85009765625 -2.99072265625 981373
1.8310546875 8.85009765625 -2.99072265625 981374
1.8310546875 8.85009765625 -2.99072265625 981374
1.8310546875 8.85009765625 -2.99072265625 981375
1.8310546875 8.85009765625 -2.99072265625 981475
3.5400390625 9.82666015625 1.0986328125 981479
3.5400390625 9.82666015625 1.0986328125 981480
3.5400390625 9.82666015625 1.0986328125 981482
3.5400390625 9.82666015625 1.0986328125 981483
3.5400390625 9.82666015625 1.0986328125 981577
1.0986328125 9.765625 7.6904296875 981578
1.0986328125 9.765625 7.6904296875 981679
3.84521484375 14.5263671875 7.50732421875 981680
3.84521484375 14.5263671875 7.50732421875 981681
3.84521484375 14.5263671875 7.50732421875 981681
3.84521484375 14.5263671875 7.50732421875 981682
3.84521484375 14.5263671875 7.50732421875 981782
-9.27734375 10.25390625 15.5029296875 981783
-9.27734375 10.25390625 15.5029296875 981784
-9.27734375 10.25390625 15.5029296875 981786
-9.27734375 10.25390625 15.5029296875 981788
-9.70458984375 7.14111328125 19.53125 981860
-9.70458984375 7.14111328125 19.53125 981972
-6.40869140625 4.39453125 24.90234375 981973
-6.40869140625 4.39453125 24.90234375 981974
-6.40869140625 4.39453125 24.90234375 981975
-6.40869140625 4.39453125 24.90234375 981976
-6.40869140625 4.39453125 24.90234375 982074
-0.18310546875 6.65283203125 21.6064453125 982075
-0.18310546875 6.65283203125 21.6064453125 982076
-0.18310546875 6.65283203125 21.6064453125 982077
-0.18310546875 6.65283203125 21.6064453125 982077
-0.18310546875 6.65283203125 21.6064453125 982177
21.30126953125 19.34814453125 0.3662109375 982178
21.30126953125 19.34814453125 0.3662109375 982179
21.30126953125 19.34814453125 0.3662109375 982180
21.30126953125 19.34814453125 0.3662109375 982181
21.30126953125 19.34814453125 0.3662109375 982281
19.95849609375 27.2216796875 0.3662109375 982282
19.95849609375 27.2216796875 0.3662109375 982283
19.95849609375 27.2216796875 0.3662109375 982284
19.95849609375 27.2216796875 0.3662109375 982284
19.95849609375 27.2216796875 0.3662109375 982384
39.24560546875 42.1142578125 -20.08056640625 982385
39.24560546875 42.1142578125 -20.08056640625 982387
39.24560546875 42.1142578125 -20.08056640625 982389
39.24560546875 42.1142578125 -20.08056640625 982391
37.841796875 66.89453125 -31.43310546875 982461
37.841796875 66.89453125 -31.43310546875 982572
52.3681640625 68.05419921875 -69.82421875 982573
52.3681640625 68.05419921875 -69.82421875 982575
52.3681640625 68.05419921875 -69.82421875 982576
52.3681640625 68.05419921875 -69.82421875 982577
52.3681640625 68.05419921875 -69.82421875 982674
-47.30224609375 -48.33984375 3.11279296875 982675
-47.30224609375 -48.33984375 3.11279296875 982676
-47.30224609375 -48.33984375 3.11279296875 982677
-47.30224609375 -48.33984375 3.11279296875 982678
-47.30224609375 -48.33984375 3.11279296875 982777
36.2548828125 -25.2685546875 -49.01123046875 982778
36.2548828125 -25.2685546875 -49.01123046875 982779
36.2548828125 -25.2685546875 -49.01123046875 982780
36.2548828125 -25.2685546875 -49.01123046875 982781
36.2548828125 -25.2685546875 -49.01123046875 982880
59.02099609375 42.29736328125 -46.44775390625 982881
59.02099609375 42.29736328125 -46.44775390625 982882
59.02099609375 42.29736328125 -46.44775390625 982883
59.02099609375 42.29736328125 -46.44775390625 982884
59.02099609375 42.29736328125 -46.44775390625 982982
26.79443359375 34.85107421875 -3.72314453125 982983
26.79443359375 34.85107421875 -3.72314453125 982985
26.79443359375 34.85107421875 -3.72314453125 982986
26.79443359375 34.85107421875 -3.72314453125 982987
2.99072265625 20.20263671875 2.50244140625 983062
2.99072265625 20.20263671875 2.50244140625 983173
-36.7431640625 -15.80810546875 14.83154296875 983174
-36.7431640625 -15.80810546875 14.83154296875 983175
-36.7431640625 -15.80810546875 14.83154296875 983177
-36.7431640625 -15.80810546875 14.83154296875 983178
-36.7431640625 -15.80810546875 14.83154296875 983279
-13.5498046875 -9.27734375 7.26318359375 983280
-13.5498046875 -9.27734375 7.26318359375 983282
-13.5498046875 -9.27734375 7.26318359375 983283
-13.5498046875 -9.27734375 7.26318359375 983284
-13.5498046875 -9.27734375 7.26318359375 983381
-6.28662109375 -3.84521484375 6.53076171875 983382
-6.28662109375 -3.84521484375 6.53076171875 983385
-6.28662109375 -3.84521484375 6.53076171875 983386
-6.28662109375 -3.84521484375 6.53076171875 983387
-6.28662109375 -3.84521484375 6.53076171875 983483
-6.89697265625 -10.68115234375 4.45556640625 983484
-6.89697265625 -10.68115234375 4.45556640625 983485
-6.89697265625 -10.68115234375 4.45556640625 983486
-6.89697265625 -10.68115234375 4.45556640625 983487
-6.89697265625 -10.68115234375 4.45556640625 983583
-21.8505859375 -29.9072265625 7.568359375 983584
-21.8505859375 -29.9072265625 7.568359375 983585
-21.8505859375 -29.9072265625 7.568359375 983586
-21.8505859375 -29.9072265625 7.568359375 983587
-41.68701171875 -56.94580078125 14.7705078125 983673
-41.68701171875 -56.94580078125 14.7705078125 983776
-52.734375 -75.439453125 21.484375 983777
-52.734375 -75.439453125 21.484375 983778
-52.734375 -75.439453125 21.484375 983779
-52.734375 -75.439453125 21.484375 983780
-52.734375 -75.439453125 21.484375 983878
-42.3583984375 -51.20849609375 18.6767578125 983879
-42.3583984375 -51.20849609375 18.6767578125 983880
-42.3583984375 -51.20849609375 18.6767578125 983881
-42.3583984375 -51.20849609375 18.6767578125 983882
-42.3583984375 -51.20849609375 18.6767578125 983980
-22.94921875 -44.12841796875 26.06201171875 983981
-22.94921875 -44.12841796875 26.06201171875 983982
-22.94921875 -44.12841796875 26.06201171875 983983
-22.94921875 -44.12841796875 26.06201171875 983984
-22.94921875 -44.12841796875 26.06201171875 984083
-19.47021484375 -29.052734375 17.9443359375 984084
-19.47021484375 -29.052734375 17.9443359375 984085
-19.47021484375 -29.052734375 17.9443359375 984087
-19.47021484375 -29.052734375 17.9443359375 984088
-19.47021484375 -29.052734375 17.9443359375 984185
2.0751953125 -5.615234375 4.69970703125 984187
2.0751953125 -5.615234375 4.69970703125 984188
2.0751953125 -5.615234375 4.69970703125 984192
2.0751953125 -5.615234375 4.69970703125 984193
3.96728515625 -6.16455078125 7.14111328125 984264
3.96728515625 -6.16455078125 7.14111328125 984374
15.07568359375 0.48828125 -1.708984375 984375
15.07568359375 0.48828125 -1.708984375 984378
15.07568359375 0.48828125 -1.708984375 984379
15.07568359375 0.48828125 -1.708984375 984381
15.07568359375 0.48828125 -1.708984375 984477
2.0751953125 3.96728515625 -2.5634765625 984478
2.0751953125 3.96728515625 -2.5634765625 984479
2.0751953125 3.96728515625 -2.5634765625 984480
2.0751953125 3.96728515625 -2.5634765625 984481
2.0751953125 3.96728515625 -2.5634765625 984579
0.8544921875 6.53076171875 0.79345703125 984580
0.8544921875 6.53076171875 0.79345703125 984581
0.8544921875 6.53076171875 0.79345703125 984582
0.8544921875 6.53076171875 0.79345703125 984583
0.8544921875 6.53076171875 0.79345703125 984682
8.4228515625 14.34326171875 -0.1220703125 984683
8.4228515625 14.34326171875 -0.1220703125 984684
8.4228515625 14.34326171875 -0.1220703125 984685
8.4228515625 14.34326171875 -0.1220703125 984686
8.4228515625 14.34326171875 -0.1220703125 984785
1.40380859375 21.78955078125 6.8359375 984786
1.40380859375 21.78955078125 6.8359375 984787
1.40380859375 21.78955078125 6.8359375 984789
1.40380859375 21.78955078125 6.8359375 984790
-22.64404296875 9.6435546875 20.93505859375 984868
-22.64404296875 9.6435546875 20.93505859375 984979
-2.44140625 6.8359375 23.5595703125 984980
-2.44140625 6.8359375 23.5595703125 984982
-2.44140625 6.8359375 23.5595703125 984983
-2.44140625 6.8359375 23.5595703125 984984
-2.44140625 6.8359375 23.5595703125 985081
-12.87841796875 7.2021484375 22.03369140625 985082
-12.87841796875 7.2021484375 22.03369140625 985083
-12.87841796875 7.2021484375 22.03369140625 985085
-12.87841796875 7.2021484375 22.03369140625 985086
-12.87841796875 7.2021484375 22.03369140625 985185
2.86865234375 16.4794921875 14.34326171875 985186
2.86865234375 16.4794921875 14.34326171875 985187
2.86865234375 16.4794921875 14.34326171875 985188
2.86865234375 16.4794921875 14.34326171875 985189
28.076171875 32.71484375 1.3427734375 985263
28.076171875 32.71484375 1.3427734375 985374
11.41357421875 33.0810546875 -0.54931640625 985375
11.41357421875 33.0810546875 -0.54931640625 985376
11.41357421875 33.0810546875 -0.54931640625 985377
11.41357421875 33.0810546875 -0.54931640625 985378
11.41357421875 33.0810546875 -0.54931640625 985479
26.611328125 32.28759765625 -10.498046875 985480
26.611328125 32.28759765625 -10.498046875 985481
26.611328125 32.28759765625 -10.498046875 985482
26.611328125 32.28759765625 -10.498046875 985484
26.611328125 32.28759765625 -10.498046875 985583
31.43310546875 40.71044921875 -21.54541015625 985584
31.43310546875 40.71044921875 -21.54541015625 985585
31.43310546875 40.71044921875 -21.54541015625 985586
31.43310546875 40.71044921875 -21.54541015625 985588
31.43310546875 40.71044921875 -21.54541015625 985685
32.8369140625 50.9033203125 -56.7626953125 985686
32.8369140625 50.9033203125 -56.7626953125 985687
32.8369140625 50.9033203125 -56.7626953125 985688
32.8369140625 50.9033203125 -56.7626953125 985689
-15.869140625 -24.84130859375 -24.84130859375 985777
-15.869140625 -24.84130859375 -24.84130859375 985875
-49.4384765625 -24.0478515625 -65.00244140625 985876
-49.4384765625 -24.0478515625 -65.00244140625 985877
-49.4384765625 -24.0478515625 -65.00244140625 985878
-49.4384765625 -24.0478515625 -65.00244140625 985879
-49.4384765625 -24.0478515625 -65.00244140625 985978
59.38720703125 8.056640625 -42.66357421875 985979
59.38720703125 8.056640625 -42.66357421875 985980
59.38720703125 8.056640625 -42.66357421875 986003
59.38720703125 8.056640625 -42.66357421875 986004
59.38720703125 8.056640625 -42.66357421875 986081
69.3359375 47.66845703125 -12.26806640625 986082
69.3359375 47.66845703125 -12.26806640625 986089
69.3359375 47.66845703125 -12.26806640625 986090
69.3359375 47.66845703125 -12.26806640625 986183
54.6875 59.08203125 -11.1083984375 986184
54.6875 59.08203125 -11.1083984375 986185
54.6875 59.08203125 -11.1083984375 986186
54.6875 59.08203125 -11.1083984375 986286
31.43310546875 28.62548828125 -6.16455078125 986287
31.43310546875 28.62548828125 -6.16455078125 986288
31.43310546875 28.62548828125 -6.16455078125 986289
31.43310546875 28.62548828125 -6.16455078125 986291
21.728515625 15.13671875 -10.43701171875 986364
21.728515625 15.13671875 -10.43701171875 986476
-8.97216796875 -4.45556640625 -2.86865234375 986477
-8.97216796875 -4.45556640625 -2.86865234375 986478
-8.97216796875 -4.45556640625 -2.86865234375 986479
-8.97216796875 -4.45556640625 -2.86865234375 986480
-8.97216796875 -4.45556640625 -2.86865234375 986578
-3.5400390625 -9.58251953125 2.5634765625 986579
-3.5400390625 -9.58251953125 2.5634765625 986580
-3.5400390625 -9.58251953125 2.5634765625 986581
-3.5400390625 -9.58251953125 2.5634765625 986582
-3.5400390625 -9.58251953125 2.5634765625 986681
-2.3193359375 -14.892578125 5.4931640625 986682
-2.3193359375 -14.892578125 5.4931640625 986683
-2.3193359375 -14.892578125 5.4931640625 986684
-2.3193359375 -14.892578125 5.4931640625 986685
-2.3193359375 -14.892578125 5.4931640625 986788
-10.55908203125 -9.82666015625 2.99072265625 986789
-10.55908203125 -9.82666015625 2.99072265625 986790
-10.55908203125 -9.82666015625 2.99072265625 986791
-10.55908203125 -9.82666015625 2.99072265625 986807
-15.13671875 -28.4423828125 13.5498046875 986874
-15.13671875 -28.4423828125 13.5498046875 986976
-22.5830078125 -33.5693359375 6.77490234375 986977
-22.5830078125 -33.5693359375 6.77490234375 986979
-22.5830078125 -33.5693359375 6.77490234375 986980
-22.5830078125 -33.5693359375 6.77490234375 986981
-22.5830078125 -33.5693359375 6.77490234375 987079
-53.955078125 -77.2705078125 20.5078125 987080
-53.955078125 -77.2705078125 20.5078125 987081
-53.955078125 -77.2705078125 20.5078125 987082
-53.955078125 -77.2705078125 20.5078125 987082
-55.72509765625 -67.87109375 18.1884765625 987182
-55.72509765625 -67.87109375 18.1884765625 987183
-55.72509765625 -67.87109375 18.1884765625 987184
-55.72509765625 -67.87109375 18.1884765625 987185
-55.72509765625 -67.87109375 18.1884765625 987285
-37.841796875 -42.236328125 15.2587890625 987286
-37.841796875 -42.236328125 15.2587890625 987287
-37.841796875 -42.236328125 15.2587890625 987288
-37.841796875 -42.236328125 15.2587890625 987289
-37.841796875 -42.236328125 15.2587890625 987389
-21.1181640625 -26.06201171875 8.30078125 987390
-21.1181640625 -26.06201171875 8.30078125 987392
-21.1181640625 -26.06201171875 8.30078125 987393
-21.1181640625 -26.06201171875 8.30078125 987395
-19.34814453125 -18.85986328125 11.53564453125 987467
-19.34814453125 -18.85986328125 11.53564453125 987577
-9.21630859375 -10.80322265625 10.25390625 987578
-9.21630859375 -10.80322265625 10.25390625 987580
-9.21630859375 -10.80322265625 10.25390625 987581
-9.21630859375 -10.80322265625 10.25390625 987582
-0.06103515625 -0.732421875 1.28173828125 987665
-0.06103515625 -0.732421875 1.28173828125 987777
3.2958984375 6.04248046875 -4.33349609375 987778
3.2958984375 6.04248046875 -4.33349609375 987779
3.2958984375 6.04248046875 -4.33349609375 987780
3.2958984375 6.04248046875 -4.33349609375 987780
3.2958984375 6.04248046875 -4.33349609375 987879
2.25830078125 8.30078125 -0.30517578125 987880
2.25830078125 8.30078125 -0.30517578125 987881
2.25830078125 8.30078125 -0.30517578125 987882
2.25830078125 8.30078125 -0.30517578125 987882
2.25830078125 8.30078125 -0.30517578125 987982
-10.68115234375 8.23974609375 14.46533203125 988036
-10.68115234375 8.23974609375 14.46533203125 988037
-10.68115234375 8.23974609375 14.46533203125 988038
-10.68115234375 8.23974609375 14.46533203125 988039
-10.68115234375 8.23974609375 14.46533203125 988085
-7.01904296875 7.75146484375 15.13671875 988088
-7.01904296875 7.75146484375 15.13671875 988189
-4.638671875 8.7890625 15.07568359375 988190
-4.638671875 8.7890625 15.07568359375 988191
-4.638671875 8.7890625 15.07568359375 988192
-4.638671875 8.7890625 15.07568359375 988193
-10.19287109375 5.67626953125 27.2216796875 988266
-10.19287109375 5.67626953125 27.2216796875 988377
-2.86865234375 9.8876953125 29.35791015625 988378
-2.86865234375 9.8876953125 29.35791015625 988379
-2.86865234375 9.8876953125 29.35791015625 988380
-2.86865234375 9.8876953125 29.35791015625 988381
-2.86865234375 9.8876953125 29.35791015625 988480
5.2490234375 19.287109375 20.99609375 988481
5.2490234375 19.287109375 20.99609375 988483
5.2490234375 19.287109375 20.99609375 988484
5.2490234375 19.287109375 20.99609375 988486
5.2490234375 19.287109375 20.99609375 988582
23.01025390625 24.59716796875 11.5966796875 988583
23.01025390625 24.59716796875 11.5966796875 988584
23.01025390625 24.59716796875 11.5966796875 988585
23.01025390625 24.59716796875 11.5966796875 988586
23.01025390625 24.59716796875 11.5966796875 988684
45.8984375 43.701171875 -17.9443359375 988685
45.8984375 43.701171875 -17.9443359375 988686
45.8984375 43.701171875 -17.9443359375 988687
45.8984375 43.701171875 -17.9443359375 988688
45.8984375 43.701171875 -17.9443359375 988788
38.9404296875 64.94140625 -29.296875 988789
38.9404296875 64.94140625 -29.296875 988791
38.9404296875 64.94140625 -29.296875 988792
38.9404296875 64.94140625 -29.296875 988793
40.52734375 54.13818359375 -69.4580078125 988865
40.52734375 54.13818359375 -69.4580078125 988977
-26.55029296875 -25.20751953125 -41.68701171875 988978
-26.55029296875 -25.20751953125 -41.68701171875 988979
-26.55029296875 -25.20751953125 -41.68701171875 988980
-26.55029296875 -25.20751953125 -41.68701171875 988981
-26.55029296875 -25.20751953125 -41.68701171875 989079
53.3447265625 15.93017578125 -81.54296875 989080
53.3447265625 15.93017578125 -81.54296875 989081
53.3447265625 15.93017578125 -81.54296875 989082
53.3447265625 15.93017578125 -81.54296875 989083
53.3447265625 15.93017578125 -81.54296875 989181
57.80029296875 22.64404296875 -22.03369140625 989182
57.80029296875 22.64404296875 -22.03369140625 989183
57.80029296875 22.64404296875 -22.03369140625 989184
57.80029296875 22.64404296875 -22.03369140625 989185
57.80029296875 22.64404296875 -22.03369140625 989285
20.99609375 46.56982421875 -3.11279296875 989286
20.99609375 46.56982421875 -3.11279296875 989287
20.99609375 46.56982421875 -3.11279296875 989288
20.99609375 46.56982421875 -3.11279296875 989289
20.99609375 46.56982421875 -3.11279296875 989387
-36.92626953125 -10.92529296875 12.20703125 989388
-36.92626953125 -10.92529296875 12.20703125 989393
-36.92626953125 -10.92529296875 12.20703125 989394
-36.92626953125 -10.92529296875 12.20703125 989395
-36.92626953125 -10.92529296875 12.20703125 989489
-9.521484375 -12.451171875 13.916015625 989490
-9.521484375 -12.451171875 13.916015625 989491
-3.662109375 -8.60595703125 4.7607421875 989566
-3.662109375 -8.60595703125 4.7607421875 989567
-3.662109375 -8.60595703125 4.7607421875 989569
-3.662109375 -8.60595703125 4.7607421875 989678
-0.48828125 1.28173828125 5.18798828125 989679
-0.48828125 1.28173828125 5.18798828125 989680
-0.48828125 1.28173828125 5.18798828125 989681
-0.48828125 1.28173828125 5.18798828125 989681
-0.48828125 1.28173828125 5.18798828125 989781
-15.44189453125 -13.48876953125 5.43212890625 989782
-15.44189453125 -13.48876953125 5.43212890625 989784
-15.44189453125 -13.48876953125 5.43212890625 989785
-15.44189453125 -13.48876953125 5.43212890625 989787
-15.44189453125 -13.48876953125 5.43212890625 989883
-12.3291015625 -19.6533203125 6.77490234375 989884
-12.3291015625 -19.6533203125 6.77490234375 989885
-12.3291015625 -19.6533203125 6.77490234375 989886
-12.3291015625 -19.6533203125 6.77490234375 989887
-12.3291015625 -19.6533203125 6.77490234375 990023
-2.74658203125 -17.51708984375 8.23974609375 990024
-2.74658203125 -17.51708984375 8.23974609375 990025
-2.74658203125 -17.51708984375 8.23974609375 990026
-2.74658203125 -17.51708984375 8.23974609375 990026
-16.05224609375 -28.50341796875 8.23974609375 990074
-16.05224609375 -28.50341796875 8.23974609375 990177
-40.95458984375 -65.12451171875 34.0576171875 990178
-40.95458984375 -65.12451171875 34.0576171875 990179
-40.95458984375 -65.12451171875 34.0576171875 990180
-40.95458984375 -65.12451171875 34.0576171875 990181
-40.95458984375 -65.12451171875 34.0576171875 990281
-49.560546875 -64.697265625 29.78515625 990282
-49.560546875 -64.697265625 29.78515625 990283
-49.560546875 -64.697265625 29.78515625 990283
-49.560546875 -64.697265625 29.78515625 990284
-57.55615234375 -55.7861328125 22.705078125 990384
-57.55615234375 -55.7861328125 22.705078125 990385
-57.55615234375 -55.7861328125 22.705078125 990386
-57.55615234375 -55.7861328125 22.705078125 990387
-57.55615234375 -55.7861328125 22.705078125 990513
-34.60693359375 -32.16552734375 16.9677734375 990514
-34.60693359375 -32.16552734375 16.9677734375 990515
-34.60693359375 -32.16552734375 16.9677734375 990517
-34.60693359375 -32.16552734375 16.9677734375 990518
-0.30517578125 -4.57763671875 0.79345703125 990590
-0.30517578125 -4.57763671875 0.79345703125 990669
1.953125 0 1.220703125 990670
1.953125 0 1.220703125 990671
1.953125 0 1.220703125 990672
1.953125 0 1.220703125 990673
1.953125 0 1.220703125 990780
6.2255859375 4.69970703125 -3.7841796875 990781
6.2255859375 4.69970703125 -3.7841796875 990782
6.2255859375 4.69970703125 -3.7841796875 990783
6.2255859375 4.69970703125 -3.7841796875 990784
6.2255859375 4.69970703125 -3.7841796875 990882
1.03759765625 5.2490234375 -0.244140625 990883
1.03759765625 5.2490234375 -0.244140625 990884
1.03759765625 5.2490234375 -0.244140625 990885
1.03759765625 5.2490234375 -0.244140625 990886
1.03759765625 5.2490234375 -0.244140625 990984
-8.48388671875 1.953125 5.79833984375 990985
-8.48388671875 1.953125 5.79833984375 990986
-8.48388671875 1.953125 5.79833984375 990987
-8.48388671875 1.953125 5.79833984375 990988
-8.48388671875 1.953125 5.79833984375 991086
-11.23046875 2.9296875 7.9345703125 991087
-11.23046875 2.9296875 7.9345703125 991088
-11.23046875 2.9296875 7.9345703125 991089
-11.23046875 2.9296875 7.9345703125 991090
-11.23046875 2.9296875 7.9345703125 991190
-1.28173828125 7.87353515625 5.9814453125 991191
-1.28173828125 7.87353515625 5.9814453125 991192
-1.28173828125 7.87353515625 5.9814453125 991193
-1.28173828125 7.87353515625 5.9814453125 991194
-8.97216796875 8.23974609375 12.451171875 991268
-8.97216796875 8.23974609375 12.451171875 991379
-2.13623046875 11.65771484375 15.2587890625 991380
-2.13623046875 11.65771484375 15.2587890625 991381
-2.13623046875 11.65771484375 15.2587890625 991404
-2.13623046875 11.65771484375 15.2587890625 991405
-2.13623046875 11.65771484375 15.2587890625 991481
-2.25830078125 9.33837890625 23.37646484375 991482
-2.25830078125 9.33837890625 23.37646484375 991483
-2.25830078125 9.33837890625 23.37646484375 991484
-2.25830078125 9.33837890625 23.37646484375 991584
-1.03759765625 17.51708984375 16.6015625 991585
-1.03759765625 17.51708984375 16.6015625 991586
-1.03759765625 17.51708984375 16.6015625 991587
-1.03759765625 17.51708984375 16.6015625 991588
-1.03759765625 17.51708984375 16.6015625 991687
15.07568359375 26.3671875 7.87353515625 991688
15.07568359375 26.3671875 7.87353515625 991689
15.07568359375 26.3671875 7.87353515625 991690
15.07568359375 26.3671875 7.87353515625 991691
25.7568359375 28.4423828125 6.53076171875 991785
25.7568359375 28.4423828125 6.53076171875 991908
44.5556640625 36.62109375 -15.13671875 991909
44.5556640625 36.62109375 -15.13671875 991910
44.5556640625 36.62109375 -15.13671875 991911
44.5556640625 36.62109375 -15.13671875 991912
38.39111328125 49.4384765625 -27.9541015625 991974
38.39111328125 49.4384765625 -27.9541015625 992080
29.11376953125 28.4423828125 -30.3955078125 992081
29.11376953125 28.4423828125 -30.3955078125 992082
29.11376953125 28.4423828125 -30.3955078125 992083
29.11376953125 28.4423828125 -30.3955078125 992089
29.11376953125 28.4423828125 -30.3955078125 992182
5.18798828125 -26.4892578125 -32.5927734375 992183
5.18798828125 -26.4892578125 -32.5927734375 992184
5.18798828125 -26.4892578125 -32.5927734375 992185
5.18798828125 -26.4892578125 -32.5927734375 992186
10.009765625 -18.49365234375 -68.7255859375 992288
10.009765625 -18.49365234375 -68.7255859375 992289
10.009765625 -18.49365234375 -68.7255859375 992290
10.009765625 -18.49365234375 -68.7255859375 992291
10.009765625 -18.49365234375 -68.7255859375 992389
13.916015625 -31.8603515625 -34.3017578125 992390
13.916015625 -31.8603515625 -34.3017578125 992391
13.916015625 -31.8603515625 -34.3017578125 992392
13.916015625 -31.8603515625 -34.3017578125 992393
13.916015625 -31.8603515625 -34.3017578125 992491
41.9921875 23.01025390625 -43.51806640625 992492
41.9921875 23.01025390625 -43.51806640625 992493
41.9921875 23.01025390625 -43.51806640625 992494
41.9921875 23.01025390625 -43.51806640625 992496
73.1201171875 36.43798828125 -24.2919921875 992569
73.1201171875 36.43798828125 -24.2919921875 992670
4.45556640625 24.96337890625 -2.3193359375 992671
4.45556640625 24.96337890625 -2.3193359375 992672
4.45556640625 24.96337890625 -2.3193359375 992673
4.45556640625 24.96337890625 -2.3193359375 992675
4.45556640625 24.96337890625 -2.3193359375 992781
25.45166015625 30.1513671875 -4.8828125 992782
25.45166015625 30.1513671875 -4.8828125 992784
25.45166015625 30.1513671875 -4.8828125 992785
25.45166015625 30.1513671875 -4.8828125 992786
25.45166015625 30.1513671875 -4.8828125 992883
11.1083984375 30.94482421875 -5.67626953125 992884
11.1083984375 30.94482421875 -5.67626953125 992885
11.1083984375 30.94482421875 -5.67626953125 992886
11.1083984375 30.94482421875 -5.67626953125 992887
11.1083984375 30.94482421875 -5.67626953125 992985
-11.41357421875 -2.685546875 7.87353515625 992986
-11.41357421875 -2.685546875 7.87353515625 992987
-11.41357421875 -2.685546875 7.87353515625 992989
-11.41357421875 -2.685546875 7.87353515625 992990
-11.41357421875 -2.685546875 7.87353515625 993088
-2.197265625 -5.92041015625 9.09423828125 993089
-2.197265625 -5.92041015625 9.09423828125 993090
-2.197265625 -5.92041015625 9.09423828125 993093
-2.197265625 -5.92041015625 9.09423828125 993094
-2.197265625 -5.92041015625 9.09423828125 993190
-17.27294921875 -22.64404296875 13.48876953125 993191
-17.27294921875 -22.64404296875 13.48876953125 993192
-17.27294921875 -22.64404296875 13.48876953125 993193
-17.27294921875 -22.64404296875 13.48876953125 993194
-14.95361328125 -18.798828125 6.04248046875 993274
-14.95361328125 -18.798828125 6.04248046875 993380
-28.62548828125 -43.88427734375 22.8271484375 993384
-28.62548828125 -43.88427734375 22.8271484375 993385
-28.62548828125 -43.88427734375 22.8271484375 993386
-28.62548828125 -43.88427734375 22.8271484375 993387
-28.62548828125 -43.88427734375 22.8271484375 993483
-42.724609375 -60.302734375 18.98193359375 993484
-42.724609375 -60.302734375 18.98193359375 993585
-50.47607421875 -58.7158203125 25.45166015625 993592
-50.47607421875 -58.7158203125 25.45166015625 993592
-50.47607421875 -58.7158203125 25.45166015625 993593
-50.47607421875 -58.7158203125 25.45166015625 993594
-50.47607421875 -58.7158203125 25.45166015625 993688
-30.09033203125 -36.07177734375 15.13671875 993689
-30.09033203125 -36.07177734375 15.13671875 993791
-15.2587890625 -13.61083984375 7.87353515625 993792
-15.2587890625 -13.61083984375 7.87353515625 993793
-15.2587890625 -13.61083984375 7.87353515625 993794
-15.2587890625 -13.61083984375 7.87353515625 993796
-16.357421875 -13.61083984375 10.498046875 993869
-16.357421875 -13.61083984375 10.498046875 993980
-9.521484375 -4.08935546875 0.91552734375 993981
-9.521484375 -4.08935546875 0.91552734375 993982
-9.521484375 -4.08935546875 0.91552734375 993983
-9.521484375 -4.08935546875 0.91552734375 993984
-9.521484375 -4.08935546875 0.91552734375 994082
-14.6484375 -3.41796875 3.35693359375 994083
-14.6484375 -3.41796875 3.35693359375 994086
-14.6484375 -3.41796875 3.35693359375 994087
-14.6484375 -3.41796875 3.35693359375 994088
-14.6484375 -3.41796875 3.35693359375 994186
1.28173828125 4.8828125 -2.8076171875 994187
1.28173828125 4.8828125 -2.8076171875 994189
1.28173828125 4.8828125 -2.8076171875 994190
1.28173828125 4.8828125 -2.8076171875 994191
1.28173828125 4.8828125 -2.8076171875 994288
-5.06591796875 8.11767578125 -1.40380859375 994289
-5.06591796875 8.11767578125 -1.40380859375 994290
-5.06591796875 8.11767578125 -1.40380859375 994292
-5.06591796875 8.11767578125 -1.40380859375 994293
-5.06591796875 8.11767578125 -1.40380859375 994392
-15.07568359375 9.033203125 3.173828125 994393
-15.07568359375 9.033203125 3.173828125 994394
-15.07568359375 9.033203125 3.173828125 994395
-15.07568359375 9.033203125 3.173828125 994396
-5.18798828125 16.54052734375 -3.173828125 994469
-5.18798828125 16.54052734375 -3.173828125 994582
-6.591796875 11.71875 10.1318359375 994583
-6.591796875 11.71875 10.1318359375 994584
-6.591796875 11.71875 10.1318359375 994586
-6.591796875 11.71875 10.1318359375 994587
-6.591796875 11.71875 10.1318359375 994684
-19.59228515625 3.173828125 22.64404296875 994685
-19.59228515625 3.173828125 22.64404296875 994686
-19.59228515625 3.173828125 22.64404296875 994687
-19.59228515625 3.173828125 22.64404296875 994688
-19.59228515625 3.173828125 22.64404296875 994786
-16.17431640625 8.30078125 25.57373046875 994787
-16.17431640625 8.30078125 25.57373046875 994789
-16.17431640625 8.30078125 25.57373046875 994790
-16.17431640625 8.30078125 25.57373046875 994792
-16.17431640625 8.30078125 25.57373046875 994891
-5.0048828125 9.94873046875 21.8505859375 994892
-5.0048828125 9.94873046875 21.8505859375 994894
-5.0048828125 9.94873046875 21.8505859375 994895
-5.0048828125 9.94873046875 21.8505859375 994896
-5.0048828125 9.94873046875 21.8505859375 994999
20.08056640625 28.25927734375 4.94384765625 995008
20.08056640625 28.25927734375 4.94384765625 995034
20.08056640625 28.25927734375 4.94384765625 995037
20.08056640625 28.25927734375 4.94384765625 995038
24.96337890625 38.0859375 -5.859375 995082
24.96337890625 38.0859375 -5.859375 995185
45.95947265625 44.677734375 -14.892578125 995186
45.95947265625 44.677734375 -14.892578125 995187
45.95947265625 44.677734375 -14.892578125 995188
45.95947265625 44.677734375 -14.892578125 995189
45.95947265625 44.677734375 -14.892578125 995291
30.70068359375 46.44775390625 -18.5546875 995292
30.70068359375 46.44775390625 -18.5546875 995293
30.70068359375 46.44775390625 -18.5546875 995294
30.70068359375 46.44775390625 -18.5546875 995295
30.70068359375 46.44775390625 -18.5546875 995393
45.22705078125 59.87548828125 -68.17626953125 995394
45.22705078125 59.87548828125 -68.17626953125 995395
45.22705078125 59.87548828125 -68.17626953125 995396
45.22705078125 59.87548828125 -68.17626953125 995397
20.1416015625 3.47900390625 -84.53369140625 995470
20.1416015625 3.47900390625 -84.53369140625 995581
82.94677734375 31.43310546875 -45.10498046875 995582
82.94677734375 31.43310546875 -45.10498046875 995583
82.94677734375 31.43310546875 -45.10498046875 995585
82.94677734375 31.43310546875 -45.10498046875 995586
71.8994140625 57.0068359375 -10.8642578125 995672
71.8994140625 57.0068359375 -10.8642578125 995783
27.89306640625 10.92529296875 6.53076171875 995784
27.89306640625 10.92529296875 6.53076171875 995785
27.89306640625 10.92529296875 6.53076171875 995786
27.89306640625 10.92529296875 6.53076171875 995787
27.89306640625 10.92529296875 6.53076171875 995885
-11.04736328125 -27.4658203125 11.1083984375 995886
-11.04736328125 -27.4658203125 11.1083984375 995887
-11.04736328125 -27.4658203125 11.1083984375 995888
-11.04736328125 -27.4658203125 11.1083984375 995889
-11.04736328125 -27.4658203125 11.1083984375 995988
-17.88330078125 -52.30712890625 1.953125 995989
-17.88330078125 -52.30712890625 1.953125 995990
-17.88330078125 -52.30712890625 1.953125 995991
-17.88330078125 -52.30712890625 1.953125 995992
-17.88330078125 -52.30712890625 1.953125 996092
-30.8837890625 -73.974609375 24.96337890625 996093
-30.8837890625 -73.974609375 24.96337890625 996095
-30.8837890625 -73.974609375 24.96337890625 996096
-30.8837890625 -73.974609375 24.96337890625 996097
-30.8837890625 -73.974609375 24.96337890625 996194
-5.37109375 -18.310546875 18.37158203125 996195
-5.37109375 -18.310546875 18.37158203125 996196
-5.37109375 -18.310546875 18.37158203125 996197
-5.37109375 -18.310546875 18.37158203125 996198
-2.99072265625 -11.474609375 6.77490234375 996271
-2.99072265625 -11.474609375 6.77490234375 996387
-9.6435546875 -11.71875 6.53076171875 996388
-9.6435546875 -11.71875 6.53076171875 996390
-9.6435546875 -11.71875 6.53076171875 996392
-9.6435546875 -11.71875 6.53076171875 996394
-24.59716796875 -20.81298828125 10.25390625 996473
-24.59716796875 -20.81298828125 10.25390625 996587
-10.3759765625 -17.578125 5.4931640625 996588
-10.3759765625 -17.578125 5.4931640625 996589
-10.3759765625 -17.578125 5.4931640625 996590
-10.3759765625 -17.578125 5.4931640625 996592
-10.3759765625 -17.578125 5.4931640625 996689
-6.40869140625 -15.5029296875 -1.5869140625 996690
-6.40869140625 -15.5029296875 -1.5869140625 996691
-6.40869140625 -15.5029296875 -1.5869140625 996692
-6.40869140625 -15.5029296875 -1.5869140625 996693
-6.40869140625 -15.5029296875 -1.5869140625 996792
-32.8369140625 -35.400390625 8.4228515625 996793
-32.8369140625 -35.400390625 8.4228515625 996794
-32.8369140625 -35.400390625 8.4228515625 996795
-32.8369140625 -35.400390625 8.4228515625 996796
-32.8369140625 -35.400390625 8.4228515625 996894
-47.79052734375 -38.39111328125 12.87841796875 996895
-47.79052734375 -38.39111328125 12.87841796875 996896
-47.79052734375 -38.39111328125 12.87841796875 996897
-47.79052734375 -38.39111328125 12.87841796875 996899
-47.79052734375 -38.39111328125 12.87841796875 997015
-15.31982421875 -18.61572265625 8.48388671875 997017
-15.31982421875 -18.61572265625 8.48388671875 997018
-15.31982421875 -18.61572265625 8.48388671875 997019
-15.31982421875 -18.61572265625 8.48388671875 997020
-15.31982421875 -18.61572265625 8.48388671875 997174
-4.94384765625 -0.18310546875 1.89208984375 997175
-4.94384765625 -0.18310546875 1.89208984375 997177
-4.94384765625 -0.18310546875 1.89208984375 997178
-4.94384765625 -0.18310546875 1.89208984375 997180
1.708984375 3.84521484375 5.0048828125 997192
1.708984375 3.84521484375 5.0048828125 997337
2.38037109375 12.51220703125 -2.5634765625 997338
2.38037109375 12.51220703125 -2.5634765625 997339
2.38037109375 12.51220703125 -2.5634765625 997340
2.38037109375 12.51220703125 -2.5634765625 997341
0.9765625 26.18408203125 -2.01416015625 997393
0.9765625 26.18408203125 -2.01416015625 997495
-15.56396484375 15.9912109375 10.43701171875 997497
-15.56396484375 15.9912109375 10.43701171875 997498
-15.56396484375 15.9912109375 10.43701171875 997499
-15.56396484375 15.9912109375 10.43701171875 997500
-31.18896484375 5.43212890625 21.97265625 997573
-31.18896484375 5.43212890625 21.97265625 997684
-7.8125 12.0849609375 15.80810546875 997685
-7.8125 12.0849609375 15.80810546875 997686
-7.8125 12.0849609375 15.80810546875 997687
-7.8125 12.0849609375 15.80810546875 997688
-7.8125 12.0849609375 15.80810546875 997786
-2.685546875 13.7939453125 12.51220703125 997787
-2.685546875 13.7939453125 12.51220703125 997788
-2.685546875 13.7939453125 12.51220703125 997789
-2.685546875 13.7939453125 12.51220703125 997790
-2.685546875 13.7939453125 12.51220703125 997889
-5.2490234375 13.427734375 20.01953125 997890
-5.2490234375 13.427734375 20.01953125 997891
-5.2490234375 13.427734375 20.01953125 997892
-5.2490234375 13.427734375 20.01953125 997893
-5.2490234375 13.427734375 20.01953125 997992
23.681640625 26.611328125 0.18310546875 997993
23.681640625 26.611328125 0.18310546875 997994
23.681640625 26.611328125 0.18310546875 997995
23.681640625 26.611328125 0.18310546875 997996
23.681640625 26.611328125 0.18310546875 998094
30.45654296875 35.64453125 2.38037109375 998095
30.45654296875 35.64453125 2.38037109375 998096
30.45654296875 35.64453125 2.38037109375 998118
30.45654296875 35.64453125 2.38037109375 998120
20.01953125 45.22705078125 -6.40869140625 998175
20.01953125 45.22705078125 -6.40869140625 998286
42.724609375 57.373046875 -13.427734375 998287
42.724609375 57.373046875 -13.427734375 998288
42.724609375 57.373046875 -13.427734375 998289
42.724609375 57.373046875 -13.427734375 998290
42.724609375 57.373046875 -13.427734375 998390
45.2880859375 63.96484375 -37.9638671875 998391
45.2880859375 63.96484375 -37.9638671875 998392
45.2880859375 63.96484375 -37.9638671875 998393
45.2880859375 63.96484375 -37.9638671875 998394
45.2880859375 63.96484375 -37.9638671875 998493
45.7763671875 16.357421875 -71.044921875 998494
45.7763671875 16.357421875 -71.044921875 998495
45.7763671875 16.357421875 -71.044921875 998496
45.7763671875 16.357421875 -71.044921875 998498
45.7763671875 16.357421875 -71.044921875 998595
-16.6015625 -49.25537109375 -52.18505859375 998596
-16.6015625 -49.25537109375 -52.18505859375 998597
-16.6015625 -49.25537109375 -52.18505859375 998598
-16.6015625 -49.25537109375 -52.18505859375 998599
26.18408203125 -25.7568359375 -24.90234375 998673
26.18408203125 -25.7568359375 -24.90234375 998784
54.62646484375 15.07568359375 -21.728515625 998786
54.62646484375 15.07568359375 -21.728515625 998787
54.62646484375 15.07568359375 -21.728515625 998788
54.62646484375 15.07568359375 -21.728515625 998789
54.62646484375 15.07568359375 -21.728515625 998887
68.2373046875 46.2646484375 -19.83642578125 998888
68.2373046875 46.2646484375 -19.83642578125 998889
68.2373046875 46.2646484375 -19.83642578125 998890
68.2373046875 46.2646484375 -19.83642578125 998891
11.3525390625 -8.60595703125 19.6533203125 998990
11.3525390625 -8.60595703125 19.6533203125 998991
11.3525390625 -8.60595703125 19.6533203125 998992
11.3525390625 -8.60595703125 19.6533203125 999016
11.3525390625 -8.60595703125 19.6533203125 999094
-1.5869140625 -14.83154296875 -2.685546875 999095
-1.5869140625 -14.83154296875 -2.685546875 999096
-1.5869140625 -14.83154296875 -2.685546875 999097
-1.5869140625 -14.83154296875 -2.685546875 999099
-1.5869140625 -14.83154296875 -2.685546875 999196
-5.2490234375 -15.68603515625 4.57763671875 999215
-5.2490234375 -15.68603515625 4.57763671875 999216
-5.2490234375 -15.68603515625 4.57763671875 999218
-5.2490234375 -15.68603515625 4.57763671875 999219
-10.009765625 -17.578125 18.6767578125 999276
-10.009765625 -17.578125 18.6767578125 999386
-24.2919921875 -26.67236328125 15.13671875 999387
-24.2919921875 -26.67236328125 15.13671875 999388
-24.2919921875 -26.67236328125 15.13671875 999389
-24.2919921875 -26.67236328125 15.13671875 999390
-24.2919921875 -26.67236328125 15.13671875 999490
-7.38525390625 -14.09912109375 8.056640625 999492
-7.38525390625 -14.09912109375 8.056640625 999492
-7.38525390625 -14.09912109375 8.056640625 999493
-7.38525390625 -14.09912109375 8.056640625 999494
-7.38525390625 -14.09912109375 8.056640625 999591
-7.080078125 -5.92041015625 5.18798828125 999592
-7.080078125 -5.92041015625 5.18798828125 999593
-7.080078125 -5.92041015625 5.18798828125 999593
-7.080078125 -5.92041015625 5.18798828125 999594
-5.92041015625 -6.2255859375 2.62451171875 999674
-5.92041015625 -6.2255859375 2.62451171875 999786
-16.41845703125 -24.71923828125 8.544921875 999788
-16.41845703125 -24.71923828125 8.544921875 999791
-16.41845703125 -24.71923828125 8.544921875 999791
-16.41845703125 -24.71923828125 8.544921875 999791
-16.41845703125 -24.71923828125 8.544921875 999888
-38.51318359375 -46.9970703125 15.380859375 999889
-38.51318359375 -46.9970703125 15.380859375 999890
-38.51318359375 -46.9970703125 15.380859375 999990
-33.69140625 -43.27392578125 15.80810546875 999991
-33.69140625 -43.27392578125 15.80810546875 999992
-33.69140625 -43.27392578125 15.80810546875 999993
-33.69140625 -43.27392578125 15.80810546875 999993
-33.69140625 -43.27392578125 15.80810546875 1000092
-24.71923828125 -20.93505859375 12.02392578125 1000093
-24.71923828125 -20.93505859375 12.02392578125 1000094
-24.71923828125 -20.93505859375 12.02392578125 1000095
-24.71923828125 -20.93505859375 12.02392578125 1000097
-24.71923828125 -20.93505859375 12.02392578125 1000196
-28.99169921875 -20.81298828125 14.5263671875 1000197
-28.99169921875 -20.81298828125 14.5263671875 1000198
-28.99169921875 -20.81298828125 14.5263671875 1000199
-28.99169921875 -20.81298828125 14.5263671875 1000200
-11.474609375 -11.77978515625 6.2255859375 1000274
-11.474609375 -11.77978515625 6.2255859375 1000385
-13.18359375 -7.14111328125 8.7890625 1000386
-13.18359375 -7.14111328125 8.7890625 1000387
-13.18359375 -7.14111328125 8.7890625 1000389
-13.18359375 -7.14111328125 8.7890625 1000390
-13.18359375 -7.14111328125 8.7890625 1000487
-16.7236328125 -3.2958984375 8.6669921875 1000488
-16.7236328125 -3.2958984375 8.6669921875 1000489
-16.7236328125 -3.2958984375 8.6669921875 1000490
-16.7236328125 -3.2958984375 8.6669921875 1000511
-16.7236328125 -3.2958984375 8.6669921875 1000590
-10.43701171875 6.2255859375 15.0146484375 1000591
-10.43701171875 6.2255859375 15.0146484375 1000592
-10.43701171875 6.2255859375 15.0146484375 1000593
-10.43701171875 6.2255859375 15.0146484375 1000594
-10.43701171875 6.2255859375 15.0146484375 1000693
-11.5966796875 7.568359375 18.310546875 1000694
-11.5966796875 7.568359375 18.310546875 1000695
-11.5966796875 7.568359375 18.310546875 1000696
-11.5966796875 7.568359375 18.310546875 1000697
-11.5966796875 7.568359375 18.310546875 1000795
-7.62939453125 11.474609375 23.49853515625 1000796
-7.62939453125 11.474609375 23.49853515625 1000797
-7.62939453125 11.474609375 23.49853515625 1000798
-7.62939453125 11.474609375 23.49853515625 1000799
-7.62939453125 11.474609375 23.49853515625 1000897
-5.67626953125 7.14111328125 35.46142578125 1000898
-5.67626953125 7.14111328125 35.46142578125 1000899
-5.67626953125 7.14111328125 35.46142578125 1000901
-5.67626953125 7.14111328125 35.46142578125 1000902
-10.31494140625 12.14599609375 25.93994140625 1000976
-10.31494140625 12.14599609375 25.93994140625 1001087
2.38037109375 20.6298828125 13.12255859375 1001088
2.38037109375 20.6298828125 13.12255859375 1001089
2.38037109375 20.6298828125 13.12255859375 1001090
2.38037109375 20.6298828125 13.12255859375 1001092
2.38037109375 20.6298828125 13.12255859375 1001189
25.5126953125 28.1982421875 0.9765625 1001190
25.5126953125 28.1982421875 0.9765625 1001191
25.5126953125 28.1982421875 0.9765625 1001192
25.5126953125 28.1982421875 0.9765625 1001193
25.5126953125 28.1982421875 0.9765625 1001293
29.96826171875 38.330078125 -0.244140625 1001295
29.96826171875 38.330078125 -0.244140625 1001296
29.96826171875 38.330078125 -0.244140625 1001297
29.96826171875 38.330078125 -0.244140625 1001298
29.96826171875 38.330078125 -0.244140625 1001397
25.69580078125 34.72900390625 -14.34326171875 1001398
25.69580078125 34.72900390625 -14.34326171875 1001399
25.69580078125 34.72900390625 -14.34326171875 1001401
25.69580078125 34.72900390625 -14.34326171875 1001402
25.69580078125 34.72900390625 -14.34326171875 1001521
40.22216796875 56.57958984375 -34.7900390625 1001522
40.22216796875 56.57958984375 -34.7900390625 1001523
40.22216796875 56.57958984375 -34.7900390625 1001524
40.22216796875 56.57958984375 -34.7900390625 1001525
65.85693359375 55.5419921875 -92.10205078125 1001587
65.85693359375 55.5419921875 -92.10205078125 1001691
-70.3125 -70.80078125 -16.17431640625 1001692
-70.3125 -70.80078125 -16.17431640625 1001694
-70.3125 -70.80078125 -16.17431640625 1001695
-70.3125 -70.80078125 -16.17431640625 1001696
-65.7958984375 -76.35498046875 -16.4794921875 1001793
-65.7958984375 -76.35498046875 -16.4794921875 1001794
-65.7958984375 -76.35498046875 -16.4794921875 1001795
-65.7958984375 -76.35498046875 -16.4794921875 1001796
-65.7958984375 -76.35498046875 -16.4794921875 1001896
29.84619140625 -6.40869140625 -72.08251953125 1001897
29.84619140625 -6.40869140625 -72.08251953125 1001899
29.84619140625 -6.40869140625 -72.08251953125 1001900
29.84619140625 -6.40869140625 -72.08251953125 1001901
29.84619140625 -6.40869140625 -72.08251953125 1002006
72.69287109375 36.376953125 -31.55517578125 1002007
72.69287109375 36.376953125 -31.55517578125 1002009
72.69287109375 36.376953125 -31.55517578125 1002010
72.69287109375 36.376953125 -31.55517578125 1002011
12.51220703125 32.04345703125 5.79833984375 1002077
12.51220703125 32.04345703125 5.79833984375 1002188
15.2587890625 6.40869140625 23.0712890625 1002189
15.2587890625 6.40869140625 23.0712890625 1002190
15.2587890625 6.40869140625 23.0712890625 1002193
15.2587890625 6.40869140625 23.0712890625 1002194
15.2587890625 6.40869140625 23.0712890625 1002290
11.16943359375 11.8408203125 10.31494140625 1002291
11.16943359375 11.8408203125 10.31494140625 1002293
11.16943359375 11.8408203125 10.31494140625 1002294
11.16943359375 11.8408203125 10.31494140625 1002295
11.16943359375 11.8408203125 10.31494140625 1002392
-4.39453125 -2.01416015625 3.2958984375 1002393
-4.39453125 -2.01416015625 3.2958984375 1002394
-4.39453125 -2.01416015625 3.2958984375 1002396
-4.39453125 -2.01416015625 3.2958984375 1002397
-4.39453125 -2.01416015625 3.2958984375 1002496
4.150390625 -3.35693359375 3.662109375 1002497
4.150390625 -3.35693359375 3.662109375 1002498
4.150390625 -3.35693359375 3.662109375 1002499
4.150390625 -3.35693359375 3.662109375 1002500
4.150390625 -3.35693359375 3.662109375 1002598
-4.33349609375 -5.4931640625 3.173828125 1002599
-4.33349609375 -5.4931640625 3.173828125 1002603
-4.33349609375 -5.4931640625 3.173828125 1002604
-4.33349609375 -5.4931640625 3.173828125 1002605
-7.6904296875 -10.7421875 9.765625 1002677
-7.6904296875 -10.7421875 9.765625 1002878
-9.82666015625 -9.70458984375 5.126953125 1002879
-9.82666015625 -9.70458984375 5.126953125 1002918
-9.82666015625 -9.70458984375 5.126953125 1002920
-9.82666015625 -9.70458984375 5.126953125 1002921
-9.82666015625 -9.70458984375 5.126953125 1003071
-3.173828125 -4.2724609375 0.732421875 1003073
-3.173828125 -4.2724609375 0.732421875 1003074
-3.173828125 -4.2724609375 0.732421875 1003075
-3.173828125 -4.2724609375 0.732421875 1003076
-22.0947265625 -32.3486328125 8.97216796875 1003076
-39.12353515625 -43.9453125 12.5732421875 1003088
-39.12353515625 -43.9453125 12.5732421875 1003183
-20.1416015625 -14.58740234375 4.33349609375 1003196
-20.1416015625 -14.58740234375 4.33349609375 1003197
-20.1416015625 -14.58740234375 4.33349609375 1003198
-20.1416015625 -14.58740234375 4.33349609375 1003199
-20.1416015625 -14.58740234375 4.33349609375 1003298
-13.0615234375 -5.4931640625 -0.54931640625 1003299
-13.0615234375 -5.4931640625 -0.54931640625 1003300
-13.0615234375 -5.4931640625 -0.54931640625 1003301
-13.0615234375 -5.4931640625 -0.54931640625 1003302
-13.0615234375 -5.4931640625 -0.54931640625 1003400
-16.05224609375 -9.27734375 7.01904296875 1003401
-16.05224609375 -9.27734375 7.01904296875 1003402
-16.05224609375 -9.27734375 7.01904296875 1003403
-16.05224609375 -9.27734375 7.01904296875 1003404
-7.4462890625 -13.73291015625 5.37109375 1003478
-7.4462890625 -13.73291015625 5.37109375 1003589
-5.859375 -2.9296875 1.40380859375 1003590
-5.859375 -2.9296875 1.40380859375 1003591
-5.859375 -2.9296875 1.40380859375 1003592
-5.859375 -2.9296875 1.40380859375 1003593
-5.859375 -2.9296875 1.40380859375 1003694
-6.89697265625 -0.8544921875 12.0849609375 1003695
-6.89697265625 -0.8544921875 12.0849609375 1003696
-6.89697265625 -0.8544921875 12.0849609375 1003697
-6.89697265625 -0.8544921875 12.0849609375 1003699
-6.89697265625 -0.8544921875 12.0849609375 1003795
-6.8359375 0.18310546875 18.00537109375 1003796
-6.8359375 0.18310546875 18.00537109375 1003798
-6.8359375 0.18310546875 18.00537109375 1003799
-6.8359375 0.18310546875 18.00537109375 1003801
-6.8359375 0.18310546875 18.00537109375 1003897
-14.22119140625 5.79833984375 15.07568359375 1003898
-14.22119140625 5.79833984375 15.07568359375 1003899
-14.22119140625 5.79833984375 15.07568359375 1003900
-14.22119140625 5.79833984375 15.07568359375 1003901
-14.22119140625 5.79833984375 15.07568359375 1004000
-16.6015625 19.4091796875 15.7470703125 1004001
-16.6015625 19.4091796875 15.7470703125 1004002
-16.6015625 19.4091796875 15.7470703125 1004004
-16.6015625 19.4091796875 15.7470703125 1004005
-15.5029296875 22.705078125 12.3291015625 1004078
-15.5029296875 22.705078125 12.3291015625 1004189
-17.7001953125 18.61572265625 19.8974609375 1004190
-17.7001953125 18.61572265625 19.8974609375 1004191
-17.7001953125 18.61572265625 19.8974609375 1004192
-17.7001953125 18.61572265625 19.8974609375 1004193
-17.7001953125 18.61572265625 19.8974609375 1004291
5.9814453125 18.73779296875 16.9677734375 1004292
5.9814453125 18.73779296875 16.9677734375 1004293
5.9814453125 18.73779296875 16.9677734375 1004294
5.9814453125 18.73779296875 16.9677734375 1004296
5.9814453125 18.73779296875 16.9677734375 1004394
21.1181640625 21.97265625 1.5869140625 1004395
21.1181640625 21.97265625 1.5869140625 1004396
21.1181640625 21.97265625 1.5869140625 1004397
21.1181640625 21.97265625 1.5869140625 1004398
21.1181640625 21.97265625 1.5869140625 1004496
26.55029296875 21.240234375 8.48388671875 1004503
26.55029296875 21.240234375 8.48388671875 1004530
26.55029296875 21.240234375 8.48388671875 1004531
26.55029296875 21.240234375 8.48388671875 1004533
26.55029296875 21.240234375 8.48388671875 1004598
42.236328125 37.9638671875 -5.92041015625 1004599
41.8701171875 71.4111328125 -39.6728515625 1004681
41.8701171875 71.4111328125 -39.6728515625 1004682
41.8701171875 71.4111328125 -39.6728515625 1004683
41.8701171875 71.4111328125 -39.6728515625 1004685
41.8701171875 71.4111328125 -39.6728515625 1004790
67.07763671875 56.09130859375 -96.13037109375 1004791
67.07763671875 56.09130859375 -96.13037109375 1004792
67.07763671875 56.09130859375 -96.13037109375 1004793
67.07763671875 56.09130859375 -96.13037109375 1004794
67.07763671875 56.09130859375 -96.13037109375 1004892
13.12255859375 -27.16064453125 -78.857421875 1004893
13.12255859375 -27.16064453125 -78.857421875 1004894
13.12255859375 -27.16064453125 -78.857421875 1004895
13.12255859375 -27.16064453125 -78.857421875 1004896
13.12255859375 -27.16064453125 -78.857421875 1004995
35.7666015625 -46.9970703125 -9.27734375 1004996
35.7666015625 -46.9970703125 -9.27734375 1004997
35.7666015625 -46.9970703125 -9.27734375 1004998
35.7666015625 -46.9970703125 -9.27734375 1004999
35.7666015625 -46.9970703125 -9.27734375 1005098
41.6259765625 -19.8974609375 -3.41796875 1005102
41.6259765625 -19.8974609375 -3.41796875 1005103
41.6259765625 -19.8974609375 -3.41796875 1005104
41.6259765625 -19.8974609375 -3.41796875 1005105
41.6259765625 -19.8974609375 -3.41796875 1005200
-13.73291015625 -25.0244140625 26.42822265625 1005201
-7.080078125 -11.23046875 1.8310546875 1005292
-7.080078125 -11.23046875 1.8310546875 1005294
-7.080078125 -11.23046875 1.8310546875 1005295
-7.080078125 -11.23046875 1.8310546875 1005295
-7.080078125 -11.23046875 1.8310546875 1005390
8.60595703125 5.615234375 -15.44189453125 1005391
8.60595703125 5.615234375 -15.44189453125 1005494
5.43212890625 2.74658203125 -6.28662109375 1005495
5.43212890625 2.74658203125 -6.28662109375 1005496
5.43212890625 2.74658203125 -6.28662109375 1005498
5.43212890625 2.74658203125 -6.28662109375 1005499
5.43212890625 2.74658203125 -6.28662109375 1005596
8.60595703125 2.86865234375 1.3427734375 1005597
8.60595703125 2.86865234375 1.3427734375 1005598
8.60595703125 2.86865234375 1.3427734375 1005599
8.60595703125 2.86865234375 1.3427734375 1005600
8.60595703125 2.86865234375 1.3427734375 1005701
3.662109375 -0.54931640625 -2.3193359375 1005702
3.662109375 -0.54931640625 -2.3193359375 1005703
3.662109375 -0.54931640625 -2.3193359375 1005704
3.662109375 -0.54931640625 -2.3193359375 1005705
3.662109375 -0.54931640625 -2.3193359375 1005802
6.04248046875 -2.9296875 0.3662109375 1005803
6.04248046875 -2.9296875 0.3662109375 1005804
6.04248046875 -2.9296875 0.3662109375 1005805
6.04248046875 -2.9296875 0.3662109375 1005806
-1.953125 -2.86865234375 3.96728515625 1005880
-1.953125 -2.86865234375 3.96728515625 1005990
-5.06591796875 -4.150390625 1.03759765625 1005991
-5.06591796875 -4.150390625 1.03759765625 1005992
-5.06591796875 -4.150390625 1.03759765625 1005992
-5.06591796875 -4.150390625 1.03759765625 1005993
-5.06591796875 -4.150390625 1.03759765625 1006098
-8.85009765625 -8.97216796875 8.85009765625 1006122
-8.85009765625 -8.97216796875 8.85009765625 1006123
-8.85009765625 -8.97216796875 8.85009765625 1006124
-8.85009765625 -8.97216796875 8.85009765625 1006125
-8.85009765625 -8.97216796875 8.85009765625 1006202
-10.68115234375 -13.427734375 7.32421875 1006203
-5.9814453125 -9.3994140625 5.4931640625 1006279
-5.9814453125 -9.3994140625 5.4931640625 1006280
-5.9814453125 -9.3994140625 5.4931640625 1006281
-5.9814453125 -9.3994140625 5.4931640625 1006283
-5.9814453125 -9.3994140625 5.4931640625 1006390
-5.55419921875 -5.92041015625 3.662109375 1006391
-5.55419921875 -5.92041015625 3.662109375 1006392
-5.55419921875 -5.92041015625 3.662109375 1006393
-5.55419921875 -5.92041015625 3.662109375 1006394
-5.55419921875 -5.92041015625 3.662109375 1006492
-42.05322265625 -46.38671875 26.123046875 1006493
-42.05322265625 -46.38671875 26.123046875 1006494
-42.05322265625 -46.38671875 26.123046875 1006496
-42.05322265625 -46.38671875 26.123046875 1006497
-42.05322265625 -46.38671875 26.123046875 1006595
-39.794921875 -39.0625 17.08984375 1006596
-39.794921875 -39.0625 17.08984375 1006597
-39.794921875 -39.0625 17.08984375 1006598
-39.794921875 -39.0625 17.08984375 1006599
-39.794921875 -39.0625 17.08984375 1006699
-53.77197265625 -42.6025390625 33.3251953125 1006700
-53.77197265625 -42.6025390625 33.3251953125 1006701
-53.77197265625 -42.6025390625 33.3251953125 1006702
-53.77197265625 -42.6025390625 33.3251953125 1006703
-29.296875 -28.74755859375 20.751953125 1006798
-29.296875 -28.74755859375 20.751953125 1006902
-3.5400390625 2.86865234375 -0.79345703125 1006903
-3.5400390625 2.86865234375 -0.79345703125 1006904
-3.5400390625 2.86865234375 -0.79345703125 1006905
-3.5400390625 2.86865234375 -0.79345703125 1006905
-4.638671875 9.82666015625 0.91552734375 1006981
-4.638671875 9.82666015625 0.91552734375 1007091
-13.18359375 13.18359375 12.5732421875 1007092
-13.18359375 13.18359375 12.5732421875 1007093
-13.18359375 13.18359375 12.5732421875 1007094
-13.18359375 13.18359375 12.5732421875 1007095
-13.18359375 13.18359375 12.5732421875 1007194
-13.916015625 26.0009765625 12.3291015625 1007195
-13.916015625 26.0009765625 12.3291015625 1007196
-13.916015625 26.0009765625 12.3291015625 1007196
-13.916015625 26.0009765625 12.3291015625 1007197
-13.916015625 26.0009765625 12.3291015625 1007296
-9.58251953125 24.10888671875 25.81787109375 1007297
-9.58251953125 24.10888671875 25.81787109375 1007298
-9.58251953125 24.10888671875 25.81787109375 1007299
-9.58251953125 24.10888671875 25.81787109375 1007300
-9.58251953125 24.10888671875 25.81787109375 1007399
-4.45556640625 23.4375 29.47998046875 1007400
-4.45556640625 23.4375 29.47998046875 1007401
-4.45556640625 23.4375 29.47998046875 1007402
-4.45556640625 23.4375 29.47998046875 1007403
-4.45556640625 23.4375 29.47998046875 1007501
-0.6103515625 30.70068359375 18.85986328125 1007502
-0.6103515625 30.70068359375 18.85986328125 1007503
-0.6103515625 30.70068359375 18.85986328125 1007506
-0.6103515625 30.70068359375 18.85986328125 1007508
34.85107421875 40.52734375 -5.92041015625 1007579
34.85107421875 40.52734375 -5.92041015625 1007679
36.43798828125 53.40576171875 -21.05712890625 1007680
36.43798828125 53.40576171875 -21.05712890625 1007682
36.43798828125 53.40576171875 -21.05712890625 1007683
36.43798828125 53.40576171875 -21.05712890625 1007684
36.43798828125 53.40576171875 -21.05712890625 1007791
48.40087890625 68.115234375 -27.099609375 1007792
48.40087890625 68.115234375 -27.099609375 1007793
48.40087890625 68.115234375 -27.099609375 1007794
48.40087890625 68.115234375 -27.099609375 1007795
48.40087890625 68.115234375 -27.099609375 1007907
48.4619140625 86.181640625 -67.5048828125 1007909
48.4619140625 86.181640625 -67.5048828125 1007909
48.4619140625 86.181640625 -67.5048828125 1007911
48.4619140625 86.181640625 -67.5048828125 1007912
32.16552734375 0.54931640625 -39.73388671875 1007993
32.16552734375 0.54931640625 -39.73388671875 1008097
-46.56982421875 -113.525390625 -36.4990234375 1008098
-46.56982421875 -113.525390625 -36.4990234375 1008100
-46.56982421875 -113.525390625 -36.4990234375 1008101
-46.56982421875 -113.525390625 -36.4990234375 1008102
-46.56982421875 -113.525390625 -36.4990234375 1008199
24.5361328125 -113.1591796875 -7.568359375 1008202
24.5361328125 -113.1591796875 -7.568359375 1008203
24.5361328125 -113.1591796875 -7.568359375 1008204
24.5361328125 -113.1591796875 -7.568359375 1008205
24.5361328125 -113.1591796875 -7.568359375 1008302
31.55517578125 -47.30224609375 -24.2919921875 1008303
31.55517578125 -47.30224609375 -24.2919921875 1008305
31.55517578125 -47.30224609375 -24.2919921875 1008306
31.55517578125 -47.30224609375 -24.2919921875 1008307
-13.916015625 -21.30126953125 24.90234375 1008380
-13.916015625 -21.30126953125 24.90234375 1008493
10.1318359375 16.29638671875 6.53076171875 1008494
10.1318359375 16.29638671875 6.53076171875 1008495
10.1318359375 16.29638671875 6.53076171875 1008497
10.1318359375 16.29638671875 6.53076171875 1008498
10.1318359375 16.29638671875 6.53076171875 1008595
32.8369140625 29.23583984375 0.30517578125 1008596
32.8369140625 29.23583984375 0.30517578125 1008597
32.8369140625 29.23583984375 0.30517578125 1008598
32.8369140625 29.23583984375 0.30517578125 1008599
32.8369140625 29.23583984375 0.30517578125 1008697
-4.94384765625 -0.6103515625 6.7138671875 1008698
-4.94384765625 -0.6103515625 6.7138671875 1008699
-4.94384765625 -0.6103515625 6.7138671875 1008700
-4.94384765625 -0.6103515625 6.7138671875 1008701
-4.94384765625 -0.6103515625 6.7138671875 1008800
4.150390625 0.48828125 4.5166015625 1008804
4.150390625 0.48828125 4.5166015625 1008805
4.150390625 0.48828125 4.5166015625 1008806
4.150390625 0.48828125 4.5166015625 1008807
4.150390625 0.48828125 4.5166015625 1008903
-4.150390625 -2.13623046875 1.52587890625 1008904
-3.23486328125 -5.2490234375 5.615234375 1008983
-3.23486328125 -5.2490234375 5.615234375 1008985
-3.23486328125 -5.2490234375 5.615234375 1008986
-3.23486328125 -5.2490234375 5.615234375 1008987
-3.23486328125 -5.2490234375 5.615234375 1009095
3.84521484375 1.220703125 1.15966796875 1009096
3.84521484375 1.220703125 1.15966796875 1009097
3.84521484375 1.220703125 1.15966796875 1009098
3.84521484375 1.220703125 1.15966796875 1009098
3.84521484375 1.220703125 1.15966796875 1009198
0 -0.30517578125 1.28173828125 1009199
0 -0.30517578125 1.28173828125 1009200
0 -0.30517578125 1.28173828125 1009201
0 -0.30517578125 1.28173828125 1009202
0 -0.30517578125 1.28173828125 1009300
2.44140625 2.13623046875 1.708984375 1009301
2.44140625 2.13623046875 1.708984375 1009302
2.44140625 2.13623046875 1.708984375 1009303
2.44140625 2.13623046875 1.708984375 1009304
2.44140625 2.13623046875 1.708984375 1009402
-0.18310546875 -0.67138671875 -2.5634765625 1009403
-0.18310546875 -0.67138671875 -2.5634765625 1009404
-0.18310546875 -0.67138671875 -2.5634765625 1009404
-0.18310546875 -0.67138671875 -2.5634765625 1009405
-0.18310546875 -0.67138671875 -2.5634765625 1009504
-14.83154296875 -9.3994140625 0.91552734375 1009505
-14.83154296875 -9.3994140625 0.91552734375 1009506
-14.83154296875 -9.3994140625 0.91552734375 1009507
-14.83154296875 -9.3994140625 0.91552734375 1009508
-6.77490234375 -3.11279296875 -3.84521484375 1009593
-6.77490234375 -3.11279296875 -3.84521484375 1009695
-25.390625 -14.22119140625 6.103515625 1009696
-25.390625 -14.22119140625 6.103515625 1009697
-25.390625 -14.22119140625 6.103515625 1009698
-25.390625 -14.22119140625 6.103515625 1009699
-25.390625 -14.22119140625 6.103515625 1009797
-34.912109375 -23.0712890625 16.78466796875 1009798
-34.912109375 -23.0712890625 16.78466796875 1009799
-34.912109375 -23.0712890625 16.78466796875 1009800
-34.912109375 -23.0712890625 16.78466796875 1009801
-34.912109375 -23.0712890625 16.78466796875 1009901
-12.02392578125 -5.79833984375 6.65283203125 1009902
-12.02392578125 -5.79833984375 6.65283203125 1009903
-12.02392578125 -5.79833984375 6.65283203125 1009904
-12.02392578125 -5.79833984375 6.65283203125 1009905
-12.02392578125 -5.79833984375 6.65283203125 1010004
-10.986328125 -4.69970703125 9.3994140625 1010005
-10.986328125 -4.69970703125 9.3994140625 1010006
-10.986328125 -4.69970703125 9.3994140625 1010007
-10.986328125 -4.69970703125 9.3994140625 1010008
-7.87353515625 -1.64794921875 7.87353515625 1010084
-7.87353515625 -1.64794921875 7.87353515625 1010194
-15.380859375 -4.94384765625 14.22119140625 1010195
-15.380859375 -4.94384765625 14.22119140625 1010196
-15.380859375 -4.94384765625 14.22119140625 1010197
-15.380859375 -4.94384765625 14.22119140625 1010198
-15.380859375 -4.94384765625 14.22119140625 1010296
-21.97265625 -2.01416015625 18.9208984375 1010297
-21.97265625 -2.01416015625 18.9208984375 1010299
-21.97265625 -2.01416015625 18.9208984375 1010300
-21.97265625 -2.01416015625 18.9208984375 1010301
-21.97265625 -2.01416015625 18.9208984375 1010399
-17.822265625 2.197265625 20.81298828125 1010400
-17.822265625 2.197265625 20.81298828125 1010401
-17.822265625 2.197265625 20.81298828125 1010402
-17.822265625 2.197265625 20.81298828125 1010425
-17.822265625 2.197265625 20.81298828125 1010501
-14.70947265625 14.70947265625 20.8740234375 1010502
-14.70947265625 14.70947265625 20.8740234375 1010503
-14.70947265625 14.70947265625 20.8740234375 1010504
-14.70947265625 14.70947265625 20.8740234375 1010505
-14.70947265625 14.70947265625 20.8740234375 1010605
-12.3291015625 14.09912109375 34.5458984375 1010606
-12.3291015625 14.09912109375 34.5458984375 1010607
-12.3291015625 14.09912109375 34.5458984375 1010607
-12.3291015625 14.09912109375 34.5458984375 1010608
3.0517578125 20.93505859375 27.16064453125 1010682
3.0517578125 20.93505859375 27.16064453125 1010794
20.99609375 28.25927734375 5.4931640625 1010795
20.99609375 28.25927734375 5.4931640625 1010796
20.99609375 28.25927734375 5.4931640625 1010797
20.99609375 28.25927734375 5.4931640625 1010797
20.99609375 28.25927734375 5.4931640625 1010896
37.04833984375 44.921875 -22.8271484375 1010897
37.04833984375 44.921875 -22.8271484375 1010898
37.04833984375 44.921875 -22.8271484375 1010899
37.04833984375 44.921875 -22.8271484375 1010900
37.04833984375 44.921875 -22.8271484375 1010998
39.794921875 53.8330078125 -31.79931640625 1010999
39.794921875 53.8330078125 -31.79931640625 1011000
39.794921875 53.8330078125 -31.79931640625 1011001
39.794921875 53.8330078125 -31.79931640625 1011001
39.794921875 53.8330078125 -31.79931640625 1011107
51.81884765625 77.5146484375 -71.8994140625 1011109
51.81884765625 77.5146484375 -71.8994140625 1011110
51.81884765625 77.5146484375 -71.8994140625 1011127
51.81884765625 77.5146484375 -71.8994140625 1011128
-23.37646484375 -35.09521484375 -12.3291015625 1011194
-23.37646484375 -35.09521484375 -12.3291015625 1011296
18.6767578125 -37.90283203125 -58.28857421875 1011297
18.6767578125 -37.90283203125 -58.28857421875 1011298
18.6767578125 -37.90283203125 -58.28857421875 1011299
18.6767578125 -37.90283203125 -58.28857421875 1011300
18.6767578125 -37.90283203125 -58.28857421875 1011398
59.6923828125 -21.240234375 -38.39111328125 1011399
59.6923828125 -21.240234375 -38.39111328125 1011400
59.6923828125 -21.240234375 -38.39111328125 1011401
59.6923828125 -21.240234375 -38.39111328125 1011402
59.6923828125 -21.240234375 -38.39111328125 1011501
64.453125 13.61083984375 1.8310546875 1011502
64.453125 13.61083984375 1.8310546875 1011503
64.453125 13.61083984375 1.8310546875 1011504
64.453125 13.61083984375 1.8310546875 1011505
64.453125 13.61083984375 1.8310546875 1011605
16.2353515625 -4.8828125 12.63427734375 1011648
16.2353515625 -4.8828125 12.63427734375 1011651
16.2353515625 -4.8828125 12.63427734375 1011652
16.2353515625 -4.8828125 12.63427734375 1011653
