0.13134765625 0.31884765625 0.85693359375 774713
0.13134765625 0.31884765625 0.85693359375 774713
0.13134765625 0.31884765625 0.85693359375 774717
0.13134765625 0.31884765625 0.85693359375 774719
0.13134765625 0.31884765625 0.85693359375 774720
0.13134765625 0.31884765625 0.85693359375 774722
0.12451171875 0.31689453125 0.861328125 774723
0.1318359375 0.314453125 0.865234375 774765
0.1357421875 0.3212890625 0.86572265625 774826
0.1357421875 0.3212890625 0.86572265625 774827
0.1357421875 0.3212890625 0.86572265625 774828
0.1357421875 0.3212890625 0.86572265625 774829
0.1357421875 0.3212890625 0.86572265625 774829
0.130859375 0.32763671875 0.85498046875 774929
0.130859375 0.32763671875 0.85498046875 774930
0.130859375 0.32763671875 0.85498046875 774931
0.130859375 0.32763671875 0.85498046875 774932
0.130859375 0.32763671875 0.85498046875 774933
0.13671875 0.31494140625 0.865234375 775031
0.13671875 0.31494140625 0.865234375 775032
0.13671875 0.31494140625 0.865234375 775033
0.13671875 0.31494140625 0.865234375 775034
0.13671875 0.31494140625 0.865234375 775034
0.1396484375 0.31591796875 0.8642578125 775139
0.1396484375 0.31591796875 0.8642578125 775141
0.1396484375 0.31591796875 0.8642578125 775142
0.1396484375 0.31591796875 0.8642578125 775143
0.1396484375 0.31591796875 0.8642578125 775144
0.13134765625 0.31396484375 0.86181640625 775214
0.1279296875 0.30712890625 0.87158203125 775334
0.1279296875 0.30712890625 0.87158203125 775336
0.1279296875 0.30712890625 0.87158203125 775336
0.1279296875 0.30712890625 0.87158203125 775337
0.1279296875 0.30712890625 0.87158203125 775338
0.12841796875 0.28662109375 0.88037109375 775427
0.10400390625 0.2939453125 0.865234375 775533
0.10400390625 0.2939453125 0.865234375 775535
0.10400390625 0.2939453125 0.865234375 775536
0.10400390625 0.2939453125 0.865234375 775537
0.10400390625 0.2939453125 0.865234375 775538
0.09716796875 0.2724609375 0.89892578125 775634
0.09716796875 0.2724609375 0.89892578125 775635
0.08642578125 0.2958984375 0.89453125 775711
0.08642578125 0.2958984375 0.89453125 775713
0.08642578125 0.2958984375 0.89453125 775714
0.08642578125 0.2958984375 0.89453125 775715
-0.00634765625 0.4404296875 0.74658203125 775822
-0.00634765625 0.4404296875 0.74658203125 775824
-0.00634765625 0.4404296875 0.74658203125 775825
-0.00634765625 0.4404296875 0.74658203125 775825
-0.00634765625 0.4404296875 0.74658203125 775826
-0.02734375 0.42529296875 0.6865234375 775924
-0.02734375 0.42529296875 0.6865234375 775926
-0.02734375 0.42529296875 0.6865234375 775927
-0.02734375 0.42529296875 0.6865234375 775928
-0.02734375 0.42529296875 0.6865234375 775929
0.1083984375 0.44287109375 0.77685546875 776027
0.1083984375 0.44287109375 0.77685546875 776029
0.1083984375 0.44287109375 0.77685546875 776030
0.1083984375 0.44287109375 0.77685546875 776031
0.1083984375 0.44287109375 0.77685546875 776032
0.22265625 0.4765625 0.8759765625 776129
0.22265625 0.4765625 0.8759765625 776131
0.22265625 0.4765625 0.8759765625 776132
0.22265625 0.4765625 0.8759765625 776133
0.22265625 0.4765625 0.8759765625 776134
0.220703125 0.45263671875 0.869140625 776232
0.220703125 0.45263671875 0.869140625 776234
0.220703125 0.45263671875 0.869140625 776235
0.220703125 0.45263671875 0.869140625 776235
0.220703125 0.45263671875 0.869140625 776236
0.1533203125 0.46240234375 0.83154296875 776310
0.12548828125 0.4853515625 0.83740234375 776423
0.12548828125 0.4853515625 0.83740234375 776425
0.12548828125 0.4853515625 0.83740234375 776426
0.12548828125 0.4853515625 0.83740234375 776427
0.12548828125 0.4853515625 0.83740234375 776428
0.03857421875 0.45263671875 0.791015625 776525
0.03857421875 0.45263671875 0.791015625 776526
0.03857421875 0.45263671875 0.791015625 776527
0.03857421875 0.45263671875 0.791015625 776528
0.03857421875 0.45263671875 0.791015625 776529
0.01171875 0.41748046875 0.77490234375 776633
0.01171875 0.41748046875 0.77490234375 776634
0.01171875 0.41748046875 0.77490234375 776635
0.01171875 0.41748046875 0.77490234375 776635
0.01171875 0.41748046875 0.77490234375 776636
-0.04541015625 0.43994140625 0.77783203125 776712
0.00390625 0.4248046875 0.79541015625 776824
0.00390625 0.4248046875 0.79541015625 776825
0.00390625 0.4248046875 0.79541015625 776826
0.00390625 0.4248046875 0.79541015625 776827
0.00390625 0.4248046875 0.79541015625 776828
0.07958984375 0.39404296875 0.86572265625 776926
0.07958984375 0.39404296875 0.86572265625 776927
0.07958984375 0.39404296875 0.86572265625 776928
0.07958984375 0.39404296875 0.86572265625 776929
0.07958984375 0.39404296875 0.86572265625 776929
0.0771484375 0.4033203125 0.837890625 777028
0.0771484375 0.4033203125 0.837890625 777029
0.0771484375 0.4033203125 0.837890625 777030
0.0771484375 0.4033203125 0.837890625 777030
0.0771484375 0.4033203125 0.837890625 777031
0.08056640625 0.40185546875 0.81982421875 777132
0.08056640625 0.40185546875 0.81982421875 777133
0.08056640625 0.40185546875 0.81982421875 777134
0.08056640625 0.40185546875 0.81982421875 777135
0.08056640625 0.40185546875 0.81982421875 777136
0.0771484375 0.43896484375 0.81689453125 777250
0.0771484375 0.43896484375 0.81689453125 777251
0.0771484375 0.43896484375 0.81689453125 777252
0.0771484375 0.43896484375 0.81689453125 777253
0.0771484375 0.43896484375 0.81689453125 777254
0.08251953125 0.421875 0.81689453125 777312
0.091796875 0.4140625 0.8076171875 777425
0.091796875 0.4140625 0.8076171875 777426
0.091796875 0.4140625 0.8076171875 777427
0.091796875 0.4140625 0.8076171875 777428
0.091796875 0.4140625 0.8076171875 777429
0.09423828125 0.43994140625 0.82861328125 777528
0.09423828125 0.43994140625 0.82861328125 777529
0.09423828125 0.43994140625 0.82861328125 777530
0.09423828125 0.43994140625 0.82861328125 777531
0.09423828125 0.43994140625 0.82861328125 777532
0.08251953125 0.4296875 0.806640625 777630
0.08251953125 0.4296875 0.806640625 777631
0.08251953125 0.4296875 0.806640625 777632
0.08251953125 0.4296875 0.806640625 777633
0.08251953125 0.4296875 0.806640625 777634
0.11328125 0.4111328125 0.8388671875 777732
0.11328125 0.4111328125 0.8388671875 777733
0.11328125 0.4111328125 0.8388671875 777734
0.11328125 0.4111328125 0.8388671875 777735
0.11328125 0.4111328125 0.8388671875 777736
0.09423828125 0.4248046875 0.82177734375 777834
0.09423828125 0.4248046875 0.82177734375 777835
0.09423828125 0.4248046875 0.82177734375 777837
0.09423828125 0.4248046875 0.82177734375 777838
0.09423828125 0.4248046875 0.82177734375 777839
0.09228515625 0.43359375 0.81884765625 777912
0.0869140625 0.43701171875 0.8271484375 778023
0.0869140625 0.43701171875 0.8271484375 778024
0.0869140625 0.43701171875 0.8271484375 778026
0.0869140625 0.43701171875 0.8271484375 778027
0.0869140625 0.43701171875 0.8271484375 778028
0.0966796875 0.41796875 0.8134765625 778126
0.0966796875 0.41796875 0.8134765625 778127
0.0966796875 0.41796875 0.8134765625 778128
0.0966796875 0.41796875 0.8134765625 778129
0.0966796875 0.41796875 0.8134765625 778129
0.10009765625 0.42578125 0.8173828125 778228
0.10009765625 0.42578125 0.8173828125 778230
0.10009765625 0.42578125 0.8173828125 778231
0.10009765625 0.42578125 0.8173828125 778232
0.10009765625 0.42578125 0.8173828125 778234
0.1005859375 0.419921875 0.833984375 778330
0.1005859375 0.419921875 0.833984375 778331
0.1005859375 0.419921875 0.833984375 778332
0.1005859375 0.419921875 0.833984375 778333
0.1005859375 0.419921875 0.833984375 778334
0.08740234375 0.431640625 0.81591796875 778477
0.08740234375 0.431640625 0.81591796875 778479
0.08740234375 0.431640625 0.81591796875 778480
0.08740234375 0.431640625 0.81591796875 778481
0.08740234375 0.431640625 0.81591796875 778482
0.08349609375 0.43310546875 0.81689453125 778528
0.06982421875 0.4375 0.84814453125 778631
0.06982421875 0.4375 0.84814453125 778632
0.06982421875 0.4375 0.84814453125 778633
0.06982421875 0.4375 0.84814453125 778634
0.06982421875 0.4375 0.84814453125 778635
-0.0400390625 0.50390625 0.810546875 778736
-0.0400390625 0.50390625 0.810546875 778738
-0.0400390625 0.50390625 0.810546875 778739
-0.0400390625 0.50390625 0.810546875 778740
-0.0400390625 0.50390625 0.810546875 778741
-0.26806640625 0.59228515625 0.5693359375 778817
-0.490234375 0.658203125 0.248046875 778925
-0.490234375 0.658203125 0.248046875 778926
-0.490234375 0.658203125 0.248046875 778927
-0.490234375 0.658203125 0.248046875 778928
-0.490234375 0.658203125 0.248046875 778930
-0.56396484375 0.7236328125 -0.0166015625 779027
-0.56396484375 0.7236328125 -0.0166015625 779029
-0.56396484375 0.7236328125 -0.0166015625 779030
-0.56396484375 0.7236328125 -0.0166015625 779031
-0.56396484375 0.7236328125 -0.0166015625 779032
-0.548828125 0.7646484375 -0.04541015625 779130
-0.548828125 0.7646484375 -0.04541015625 779131
-0.548828125 0.7646484375 -0.04541015625 779132
-0.548828125 0.7646484375 -0.04541015625 779133
-0.548828125 0.7646484375 -0.04541015625 779134
-0.513671875 0.80224609375 -0.0126953125 779232
-0.513671875 0.80224609375 -0.0126953125 779233
-0.513671875 0.80224609375 -0.0126953125 779234
-0.513671875 0.80224609375 -0.0126953125 779235
-0.513671875 0.80224609375 -0.0126953125 779237
-0.3896484375 0.8349609375 0.234375 779335
-0.3896484375 0.8349609375 0.234375 779336
-0.3896484375 0.8349609375 0.234375 779337
-0.3896484375 0.8349609375 0.234375 779338
-0.3896484375 0.8349609375 0.234375 779339
-0.044921875 0.67529296875 0.7080078125 779419
0.1337890625 0.638671875 0.7890625 779528
0.1337890625 0.638671875 0.7890625 779529
0.1337890625 0.638671875 0.7890625 779530
0.1337890625 0.638671875 0.7890625 779531
0.1337890625 0.638671875 0.7890625 779532
0.2509765625 0.53564453125 0.828125 779631
0.2509765625 0.53564453125 0.828125 779632
0.2509765625 0.53564453125 0.828125 779633
0.2509765625 0.53564453125 0.828125 779634
0.25439453125 0.48779296875 0.849609375 779734
0.25439453125 0.48779296875 0.849609375 779735
0.25439453125 0.48779296875 0.849609375 779736
0.25439453125 0.48779296875 0.849609375 779738
0.25439453125 0.48779296875 0.849609375 779739
0.24072265625 0.431640625 0.84912109375 779836
0.24072265625 0.431640625 0.84912109375 779837
0.24072265625 0.431640625 0.84912109375 779839
0.24072265625 0.431640625 0.84912109375 779840
0.24072265625 0.431640625 0.84912109375 779841
0.1826171875 0.40869140625 0.8212890625 779913
0.169921875 0.4013671875 0.78857421875 780024
0.169921875 0.4013671875 0.78857421875 780025
0.169921875 0.4013671875 0.78857421875 780026
0.169921875 0.4013671875 0.78857421875 780028
0.169921875 0.4013671875 0.78857421875 780029
0.13818359375 0.44091796875 0.80078125 780127
0.13818359375 0.44091796875 0.80078125 780128
0.13818359375 0.44091796875 0.80078125 780129
0.13818359375 0.44091796875 0.80078125 780130
0.13818359375 0.44091796875 0.80078125 780131
0.1484375 0.4287109375 0.8076171875 780230
0.1484375 0.4287109375 0.8076171875 780231
0.1484375 0.4287109375 0.8076171875 780232
0.1484375 0.4287109375 0.8076171875 780233
0.1484375 0.4287109375 0.8076171875 780234
0.16064453125 0.41455078125 0.83154296875 780332
0.16064453125 0.41455078125 0.83154296875 780333
0.16064453125 0.41455078125 0.83154296875 780334
0.16064453125 0.41455078125 0.83154296875 780335
0.16064453125 0.41455078125 0.83154296875 780336
0.1318359375 0.4287109375 0.82568359375 780437
0.1318359375 0.4287109375 0.82568359375 780438
0.1318359375 0.4287109375 0.82568359375 780439
0.1318359375 0.4287109375 0.82568359375 780440
0.1318359375 0.4287109375 0.82568359375 780440
0.14453125 0.408203125 0.82763671875 780515
0.14013671875 0.4052734375 0.818359375 780626
0.14013671875 0.4052734375 0.818359375 780627
0.14013671875 0.4052734375 0.818359375 780628
0.14013671875 0.4052734375 0.818359375 780629
0.14013671875 0.4052734375 0.818359375 780629
0.134765625 0.4052734375 0.830078125 780728
0.134765625 0.4052734375 0.830078125 780729
0.134765625 0.4052734375 0.830078125 780730
0.134765625 0.4052734375 0.830078125 780732
0.134765625 0.4052734375 0.830078125 780733
0.14404296875 0.40576171875 0.83447265625 780831
0.14404296875 0.40576171875 0.83447265625 780832
0.14404296875 0.40576171875 0.83447265625 780833
0.14404296875 0.40576171875 0.83447265625 780834
0.14404296875 0.40576171875 0.83447265625 780835
0.16015625 0.3955078125 0.83251953125 780934
0.16015625 0.3955078125 0.83251953125 780935
0.16015625 0.3955078125 0.83251953125 780936
0.16015625 0.3955078125 0.83251953125 780937
0.16015625 0.3955078125 0.83251953125 780958
0.15869140625 0.39501953125 0.83935546875 781036
0.15869140625 0.39501953125 0.83935546875 781037
0.15869140625 0.39501953125 0.83935546875 781038
0.15869140625 0.39501953125 0.83935546875 781040
0.15869140625 0.39501953125 0.83935546875 781041
0.150390625 0.3984375 0.8251953125 781157
0.150390625 0.3984375 0.8251953125 781158
0.150390625 0.3984375 0.8251953125 781159
0.150390625 0.3984375 0.8251953125 781160
0.150390625 0.3984375 0.8251953125 781161
0.15673828125 0.3935546875 0.83447265625 781226
0.15771484375 0.39697265625 0.8291015625 781328
0.15771484375 0.39697265625 0.8291015625 781329
0.15771484375 0.39697265625 0.8291015625 781330
0.15771484375 0.39697265625 0.8291015625 781332
0.15771484375 0.39697265625 0.8291015625 781332
0.17919921875 0.38720703125 0.84716796875 781431
0.17919921875 0.38720703125 0.84716796875 781432
0.17919921875 0.38720703125 0.84716796875 781433
0.17919921875 0.38720703125 0.84716796875 781434
0.17919921875 0.38720703125 0.84716796875 781435
0.169921875 0.40576171875 0.83447265625 781533
0.169921875 0.40576171875 0.83447265625 781534
0.169921875 0.40576171875 0.83447265625 781535
0.169921875 0.40576171875 0.83447265625 781536
0.169921875 0.40576171875 0.83447265625 781537
0.16796875 0.400390625 0.8271484375 781643
0.16796875 0.400390625 0.8271484375 781644
0.16796875 0.400390625 0.8271484375 781645
0.16796875 0.400390625 0.8271484375 781646
0.16796875 0.400390625 0.8271484375 781646
0.16650390625 0.4013671875 0.82763671875 781728
0.18701171875 0.3974609375 0.8447265625 781831
0.18701171875 0.3974609375 0.8447265625 781832
0.18701171875 0.3974609375 0.8447265625 781833
0.18701171875 0.3974609375 0.8447265625 781835
0.18701171875 0.3974609375 0.8447265625 781836
0.1708984375 0.40576171875 0.83349609375 781933
0.1708984375 0.40576171875 0.83349609375 781934
0.1708984375 0.40576171875 0.83349609375 781935
0.1708984375 0.40576171875 0.83349609375 781936
0.1708984375 0.40576171875 0.83349609375 781938
0.1728515625 0.40478515625 0.82373046875 782036
0.1728515625 0.40478515625 0.82373046875 782037
0.1728515625 0.40478515625 0.82373046875 782038
0.1728515625 0.40478515625 0.82373046875 782039
0.1728515625 0.40478515625 0.82373046875 782040
0.177734375 0.40185546875 0.8310546875 782138
0.177734375 0.40185546875 0.8310546875 782140
0.177734375 0.40185546875 0.8310546875 782141
0.177734375 0.40185546875 0.8310546875 782142
0.177734375 0.40185546875 0.8310546875 782144
0.1796875 0.40283203125 0.8408203125 782216
0.17626953125 0.40576171875 0.83056640625 782327
0.17626953125 0.40576171875 0.83056640625 782328
0.17626953125 0.40576171875 0.83056640625 782329
0.17626953125 0.40576171875 0.83056640625 782330
0.17626953125 0.40576171875 0.83056640625 782331
0.181640625 0.3994140625 0.83740234375 782430
0.181640625 0.3994140625 0.83740234375 782434
0.181640625 0.3994140625 0.83740234375 782435
0.181640625 0.3994140625 0.83740234375 782436
0.181640625 0.3994140625 0.83740234375 782436
0.18505859375 0.40673828125 0.83837890625 782534
0.18505859375 0.40673828125 0.83837890625 782535
0.18505859375 0.40673828125 0.83837890625 782536
0.18505859375 0.40673828125 0.83837890625 782537
0.18505859375 0.40673828125 0.83837890625 782539
0.1689453125 0.40625 0.81640625 782635
0.1689453125 0.40625 0.81640625 782636
0.1689453125 0.40625 0.81640625 782637
0.1689453125 0.40625 0.81640625 782638
0.1689453125 0.40625 0.81640625 782640
0.19140625 0.400390625 0.84130859375 782737
0.19140625 0.400390625 0.84130859375 782738
0.19140625 0.400390625 0.84130859375 782739
0.19140625 0.400390625 0.84130859375 782741
0.19140625 0.400390625 0.84130859375 782742
0.1796875 0.404296875 0.83154296875 782817
0.1748046875 0.40625 0.828125 782942
0.1748046875 0.40625 0.828125 782943
0.1748046875 0.40625 0.828125 782945
0.1748046875 0.40625 0.828125 782946
0.1748046875 0.40625 0.828125 782947
0.17333984375 0.40478515625 0.8271484375 783034
0.17333984375 0.3994140625 0.82861328125 783136
0.17333984375 0.3994140625 0.82861328125 783137
0.17333984375 0.3994140625 0.82861328125 783138
0.17333984375 0.3994140625 0.82861328125 783139
0.17333984375 0.3994140625 0.82861328125 783140
0.17236328125 0.4052734375 0.830078125 783238
0.17236328125 0.4052734375 0.830078125 783239
0.17236328125 0.4052734375 0.830078125 783240
0.17236328125 0.4052734375 0.830078125 783241
0.17236328125 0.4052734375 0.830078125 783242
0.18115234375 0.400390625 0.8427734375 783317
0.1669921875 0.40625 0.82275390625 783427
0.1669921875 0.40625 0.82275390625 783428
0.1669921875 0.40625 0.82275390625 783429
0.1669921875 0.40625 0.82275390625 783430
0.1669921875 0.40625 0.82275390625 783431
0.1826171875 0.39990234375 0.8408203125 783529
0.1826171875 0.39990234375 0.8408203125 783530
0.1826171875 0.39990234375 0.8408203125 783531
0.1826171875 0.39990234375 0.8408203125 783533
0.1826171875 0.39990234375 0.8408203125 783534
0.16943359375 0.40576171875 0.830078125 783633
0.16943359375 0.40576171875 0.830078125 783634
0.16943359375 0.40576171875 0.830078125 783637
0.16943359375 0.40576171875 0.830078125 783639
0.16943359375 0.40576171875 0.830078125 783640
0.18115234375 0.39404296875 0.83837890625 783737
0.18115234375 0.39404296875 0.83837890625 783738
0.18115234375 0.39404296875 0.83837890625 783739
0.18115234375 0.39404296875 0.83837890625 783740
0.18115234375 0.39404296875 0.83837890625 783742
0.169921875 0.408203125 0.837890625 783838
0.169921875 0.408203125 0.837890625 783839
0.169921875 0.408203125 0.837890625 783840
0.169921875 0.408203125 0.837890625 783841
0.169921875 0.408203125 0.837890625 783842
0.1728515625 0.39453125 0.8291015625 783920
0.17138671875 0.39990234375 0.83544921875 784029
0.17138671875 0.39990234375 0.83544921875 784030
0.17138671875 0.39990234375 0.83544921875 784031
0.17138671875 0.39990234375 0.83544921875 784032
0.17138671875 0.39990234375 0.83544921875 784032
0.16650390625 0.40234375 0.8330078125 784131
0.16650390625 0.40234375 0.8330078125 784132
0.16650390625 0.40234375 0.8330078125 784133
0.16650390625 0.40234375 0.8330078125 784135
0.16650390625 0.40234375 0.8330078125 784136
0.166015625 0.40234375 0.83056640625 784233
0.166015625 0.40234375 0.83056640625 784234
0.166015625 0.40234375 0.83056640625 784235
0.166015625 0.40234375 0.83056640625 784237
0.166015625 0.40234375 0.83056640625 784238
0.17236328125 0.40283203125 0.83447265625 784336
0.17236328125 0.40283203125 0.83447265625 784337
0.17236328125 0.40283203125 0.83447265625 784339
0.17236328125 0.40283203125 0.83447265625 784340
0.17236328125 0.40283203125 0.83447265625 784341
0.17578125 0.3994140625 0.84033203125 784439
0.17578125 0.3994140625 0.84033203125 784440
0.17578125 0.3994140625 0.84033203125 784441
0.17578125 0.3994140625 0.84033203125 784442
0.17578125 0.3994140625 0.84033203125 784444
0.1669921875 0.40185546875 0.83154296875 784518
0.17138671875 0.390625 0.83251953125 784628
0.17138671875 0.390625 0.83251953125 784629
0.17138671875 0.390625 0.83251953125 784630
0.17138671875 0.390625 0.83251953125 784631
0.17138671875 0.390625 0.83251953125 784632
0.16748046875 0.40283203125 0.83447265625 784731
0.16748046875 0.40283203125 0.83447265625 784732
0.16748046875 0.40283203125 0.83447265625 784733
0.16748046875 0.40283203125 0.83447265625 784734
0.16748046875 0.40283203125 0.83447265625 784735
0.171875 0.39404296875 0.83544921875 784844
0.171875 0.39404296875 0.83544921875 784846
0.171875 0.39404296875 0.83544921875 784847
0.171875 0.39404296875 0.83544921875 784849
0.171875 0.39404296875 0.83544921875 784850
0.1689453125 0.40087890625 0.83544921875 784928
0.171875 0.39697265625 0.83544921875 785031
0.171875 0.39697265625 0.83544921875 785032
0.171875 0.39697265625 0.83544921875 785034
0.171875 0.39697265625 0.83544921875 785035
0.171875 0.39697265625 0.83544921875 785036
0.16796875 0.40234375 0.8408203125 785133
0.16796875 0.40234375 0.8408203125 785134
0.16796875 0.40234375 0.8408203125 785135
0.16796875 0.40234375 0.8408203125 785136
0.16796875 0.40234375 0.8408203125 785137
0.17041015625 0.39013671875 0.8330078125 785236
0.17041015625 0.39013671875 0.8330078125 785237
0.17041015625 0.39013671875 0.8330078125 785239
0.17041015625 0.39013671875 0.8330078125 785240
0.17041015625 0.39013671875 0.8330078125 785241
0.17138671875 0.39794921875 0.8408203125 785338
0.17138671875 0.39794921875 0.8408203125 785339
0.17138671875 0.39794921875 0.8408203125 785340
0.17138671875 0.39794921875 0.8408203125 785341
0.17138671875 0.39794921875 0.8408203125 785342
0.16845703125 0.396484375 0.83544921875 785451
0.16845703125 0.396484375 0.83544921875 785452
0.16845703125 0.396484375 0.83544921875 785453
0.16845703125 0.396484375 0.83544921875 785454
0.16845703125 0.396484375 0.83544921875 785455
0.1640625 0.39892578125 0.833984375 785521
0.16796875 0.39599609375 0.83544921875 785630
0.16796875 0.39599609375 0.83544921875 785631
0.16796875 0.39599609375 0.83544921875 785632
0.16796875 0.39599609375 0.83544921875 785633
0.16796875 0.39599609375 0.83544921875 785634
0.17138671875 0.392578125 0.8369140625 785732
0.17138671875 0.392578125 0.8369140625 785733
0.17138671875 0.392578125 0.8369140625 785735
0.17138671875 0.392578125 0.8369140625 785736
0.17138671875 0.392578125 0.8369140625 785738
0.173828125 0.3896484375 0.8359375 785834
0.173828125 0.3896484375 0.8359375 785835
0.173828125 0.3896484375 0.8359375 785836
0.173828125 0.3896484375 0.8359375 785837
0.173828125 0.3896484375 0.8359375 785838
0.1708984375 0.39013671875 0.83740234375 785937
0.1708984375 0.39013671875 0.83740234375 785938
0.1708984375 0.39013671875 0.83740234375 785940
0.1708984375 0.39013671875 0.83740234375 785941
0.1708984375 0.39013671875 0.83740234375 785962
0.169921875 0.39599609375 0.84033203125 786040
0.169921875 0.39599609375 0.84033203125 786041
0.169921875 0.39599609375 0.84033203125 786042
0.169921875 0.39599609375 0.84033203125 786043
0.169921875 0.39599609375 0.84033203125 786044
0.16552734375 0.38671875 0.828125 786149
0.16552734375 0.38671875 0.828125 786151
0.16552734375 0.38671875 0.828125 786152
0.16552734375 0.38671875 0.828125 786152
0.16552734375 0.38671875 0.828125 786153
0.1728515625 0.392578125 0.8486328125 786232
0.171875 0.39208984375 0.84130859375 786335
0.171875 0.39208984375 0.84130859375 786336
0.171875 0.39208984375 0.84130859375 786337
0.171875 0.39208984375 0.84130859375 786339
0.171875 0.39208984375 0.84130859375 786340
0.16455078125 0.390625 0.833984375 786437
0.16455078125 0.390625 0.833984375 786438
0.16455078125 0.390625 0.833984375 786439
0.16455078125 0.390625 0.833984375 786440
0.16455078125 0.390625 0.833984375 786441
0.17578125 0.38525390625 0.83642578125 786542
0.17578125 0.38525390625 0.83642578125 786543
0.17578125 0.38525390625 0.83642578125 786545
0.17578125 0.38525390625 0.83642578125 786546
0.17578125 0.38525390625 0.83642578125 786548
0.1748046875 0.38525390625 0.83935546875 786619
0.1748046875 0.3876953125 0.8388671875 786731
0.1748046875 0.3876953125 0.8388671875 786732
0.1748046875 0.3876953125 0.8388671875 786733
0.1748046875 0.3876953125 0.8388671875 786734
0.1748046875 0.3876953125 0.8388671875 786735
0.17333984375 0.38525390625 0.84619140625 786835
0.17333984375 0.38525390625 0.84619140625 786836
0.17333984375 0.38525390625 0.84619140625 786837
0.17333984375 0.38525390625 0.84619140625 786838
0.17333984375 0.38525390625 0.84619140625 786839
0.17138671875 0.39208984375 0.84375 786937
0.17138671875 0.39208984375 0.84375 786938
0.17138671875 0.39208984375 0.84375 786939
0.17138671875 0.39208984375 0.84375 786942
0.17138671875 0.39208984375 0.84375 786944
0.16650390625 0.38427734375 0.83251953125 787040
0.16650390625 0.38427734375 0.83251953125 787041
0.16650390625 0.38427734375 0.83251953125 787042
0.16650390625 0.38427734375 0.83251953125 787044
0.16650390625 0.38427734375 0.83251953125 787045
0.1787109375 0.38720703125 0.85546875 787142
0.1787109375 0.38720703125 0.85546875 787143
0.1787109375 0.38720703125 0.85546875 787144
0.1787109375 0.38720703125 0.85546875 787146
0.1787109375 0.38720703125 0.85546875 787147
0.171875 0.38623046875 0.8369140625 787220
0.171875 0.388671875 0.837890625 787331
0.171875 0.388671875 0.837890625 787332
0.171875 0.388671875 0.837890625 787333
0.171875 0.388671875 0.837890625 787334
0.171875 0.388671875 0.837890625 787336
0.16943359375 0.38916015625 0.83984375 787434
0.16943359375 0.38916015625 0.83984375 787435
0.16943359375 0.38916015625 0.83984375 787437
0.16943359375 0.38916015625 0.83984375 787438
0.16943359375 0.38916015625 0.83984375 787439
0.17431640625 0.38037109375 0.8427734375 787536
0.17431640625 0.38037109375 0.8427734375 787537
0.17431640625 0.38037109375 0.8427734375 787538
0.17431640625 0.38037109375 0.8427734375 787540
0.17431640625 0.38037109375 0.8427734375 787541
0.17529296875 0.3876953125 0.845703125 787638
0.17529296875 0.3876953125 0.845703125 787639
0.17529296875 0.3876953125 0.845703125 787640
0.17529296875 0.3876953125 0.845703125 787641
0.17529296875 0.3876953125 0.845703125 787642
0.16748046875 0.3876953125 0.82861328125 787740
0.16748046875 0.3876953125 0.82861328125 787741
0.16748046875 0.3876953125 0.82861328125 787743
0.16748046875 0.3876953125 0.82861328125 787744
0.16748046875 0.3876953125 0.82861328125 787745
0.17431640625 0.38916015625 0.8447265625 787874
0.17431640625 0.38916015625 0.8447265625 787875
0.17431640625 0.38916015625 0.8447265625 787877
0.17431640625 0.38916015625 0.8447265625 787878
0.17431640625 0.38916015625 0.8447265625 787879
0.16748046875 0.38232421875 0.8330078125 787931
0.17626953125 0.388671875 0.845703125 788064
0.17626953125 0.388671875 0.845703125 788066
0.17626953125 0.388671875 0.845703125 788067
0.17626953125 0.388671875 0.845703125 788069
0.17626953125 0.388671875 0.845703125 788070
0.17138671875 0.38330078125 0.8359375 788128
0.17529296875 0.38134765625 0.8388671875 788233
0.17529296875 0.38134765625 0.8388671875 788234
0.17529296875 0.38134765625 0.8388671875 788235
0.17529296875 0.38134765625 0.8388671875 788236
0.17529296875 0.38134765625 0.8388671875 788237
0.173828125 0.38818359375 0.8408203125 788333
0.173828125 0.38818359375 0.8408203125 788334
0.173828125 0.38818359375 0.8408203125 788335
0.173828125 0.38818359375 0.8408203125 788337
0.173828125 0.38818359375 0.8408203125 788338
0.181640625 0.3759765625 0.84326171875 788436
0.181640625 0.3759765625 0.84326171875 788437
0.181640625 0.3759765625 0.84326171875 788438
0.181640625 0.3759765625 0.84326171875 788439
0.181640625 0.3759765625 0.84326171875 788440
0.173828125 0.38525390625 0.8388671875 788538
0.173828125 0.38525390625 0.8388671875 788539
0.173828125 0.38525390625 0.8388671875 788540
0.173828125 0.38525390625 0.8388671875 788541
0.173828125 0.38525390625 0.8388671875 788543
0.17333984375 0.38671875 0.8369140625 788641
0.17333984375 0.38671875 0.8369140625 788642
0.17333984375 0.38671875 0.8369140625 788643
0.17333984375 0.38671875 0.8369140625 788645
0.17333984375 0.38671875 0.8369140625 788646
0.18359375 0.37939453125 0.84619140625 788744
0.18359375 0.37939453125 0.84619140625 788746
0.18359375 0.37939453125 0.84619140625 788747
0.18359375 0.37939453125 0.84619140625 788748
0.18359375 0.37939453125 0.84619140625 788749
0.177734375 0.38916015625 0.8427734375 788822
0.18017578125 0.38232421875 0.8408203125 788933
0.18017578125 0.38232421875 0.8408203125 788934
0.18017578125 0.38232421875 0.8408203125 788935
0.18017578125 0.38232421875 0.8408203125 788937
0.18017578125 0.38232421875 0.8408203125 788938
0.1865234375 0.38818359375 0.837890625 789040
0.1865234375 0.38818359375 0.837890625 789041
0.1865234375 0.38818359375 0.837890625 789042
0.1865234375 0.38818359375 0.837890625 789043
0.1865234375 0.38818359375 0.837890625 789044
0.1845703125 0.39599609375 0.8505859375 789142
0.1845703125 0.39599609375 0.8505859375 789143
0.1845703125 0.39599609375 0.8505859375 789145
0.1845703125 0.39599609375 0.8505859375 789146
0.1845703125 0.39599609375 0.8505859375 789148
0.1923828125 0.3720703125 0.83203125 789221
0.20263671875 0.38037109375 0.8232421875 789333
0.20263671875 0.38037109375 0.8232421875 789334
0.20263671875 0.38037109375 0.8232421875 789336
0.20263671875 0.38037109375 0.8232421875 789337
0.20263671875 0.38037109375 0.8232421875 789338
0.205078125 0.3896484375 0.814453125 789439
0.205078125 0.3896484375 0.814453125 789441
0.205078125 0.3896484375 0.814453125 789442
0.205078125 0.3896484375 0.814453125 789443
0.205078125 0.3896484375 0.814453125 789444
0.20947265625 0.361328125 0.80126953125 789544
0.20947265625 0.361328125 0.80126953125 789545
0.20947265625 0.361328125 0.80126953125 789546
0.20947265625 0.361328125 0.80126953125 789547
0.20947265625 0.361328125 0.80126953125 789548
0.20654296875 0.34326171875 0.80517578125 789636
0.19677734375 0.36865234375 0.8515625 789728
0.19677734375 0.36865234375 0.8515625 789740
0.19677734375 0.36865234375 0.8515625 789741
0.19677734375 0.36865234375 0.8515625 789742
0.19677734375 0.36865234375 0.8515625 789743
0.18359375 0.37451171875 0.91162109375 789842
0.18359375 0.37451171875 0.91162109375 789843
0.18359375 0.37451171875 0.91162109375 789845
0.18359375 0.37451171875 0.91162109375 789846
0.18359375 0.37451171875 0.91162109375 789848
0.14208984375 0.3876953125 0.90966796875 789959
0.14208984375 0.3876953125 0.90966796875 789961
0.14208984375 0.3876953125 0.90966796875 789962
0.14208984375 0.3876953125 0.90966796875 789962
0.14208984375 0.3876953125 0.90966796875 789963
-0.0751953125 0.5146484375 0.80859375 790025
-0.353515625 0.6572265625 0.55517578125 790140
-0.353515625 0.6572265625 0.55517578125 790141
-0.353515625 0.6572265625 0.55517578125 790142
-0.353515625 0.6572265625 0.55517578125 790144
-0.353515625 0.6572265625 0.55517578125 790145
-0.5478515625 0.65234375 0.06201171875 790244
-0.5478515625 0.65234375 0.06201171875 790245
-0.5478515625 0.65234375 0.06201171875 790246
-0.5478515625 0.65234375 0.06201171875 790247
-0.5478515625 0.65234375 0.06201171875 790248
-0.51904296875 0.5166015625 -0.47705078125 790321
-0.4716796875 0.513671875 -0.79296875 790434
-0.4716796875 0.513671875 -0.79296875 790435
-0.4716796875 0.513671875 -0.79296875 790436
-0.4716796875 0.513671875 -0.79296875 790437
-0.4716796875 0.513671875 -0.79296875 790438
-0.5341796875 0.69091796875 -0.140625 790524
-0.0302734375 0.5419921875 0.853515625 790637
-0.0302734375 0.5419921875 0.853515625 790638
-0.0302734375 0.5419921875 0.853515625 790639
-0.0302734375 0.5419921875 0.853515625 790640
-0.0302734375 0.5419921875 0.853515625 790641
0.388671875 0.322265625 1.11865234375 790745
0.388671875 0.322265625 1.11865234375 790746
0.388671875 0.322265625 1.11865234375 790747
0.388671875 0.322265625 1.11865234375 790749
0.388671875 0.322265625 1.11865234375 790750
0.20654296875 0.4169921875 0.9619140625 790823
0.044921875 0.462890625 0.6201171875 790934
0.044921875 0.462890625 0.6201171875 790935
0.044921875 0.462890625 0.6201171875 790936
0.044921875 0.462890625 0.6201171875 790937
0.044921875 0.462890625 0.6201171875 790938
-0.0009765625 0.48828125 0.6669921875 791036
-0.0009765625 0.48828125 0.6669921875 791037
-0.0009765625 0.48828125 0.6669921875 791039
-0.0009765625 0.48828125 0.6669921875 791040
-0.0009765625 0.48828125 0.6669921875 791041
0.06689453125 0.525390625 0.71826171875 791138
0.06689453125 0.525390625 0.71826171875 791139
0.06689453125 0.525390625 0.71826171875 791140
0.06689453125 0.525390625 0.71826171875 791141
0.06689453125 0.525390625 0.71826171875 791142
0.16650390625 0.48876953125 0.81298828125 791242
0.16650390625 0.48876953125 0.81298828125 791243
0.16650390625 0.48876953125 0.81298828125 791244
0.16650390625 0.48876953125 0.81298828125 791245
0.16650390625 0.48876953125 0.81298828125 791246
0.22705078125 0.482421875 0.8310546875 791328
0.1767578125 0.49560546875 0.81494140625 791431
0.1767578125 0.49560546875 0.81494140625 791432
0.1767578125 0.49560546875 0.81494140625 791434
0.1767578125 0.49560546875 0.81494140625 791435
0.1767578125 0.49560546875 0.81494140625 791437
0.14453125 0.4833984375 0.84423828125 791535
0.14453125 0.4833984375 0.84423828125 791538
0.14453125 0.4833984375 0.84423828125 791540
0.14453125 0.4833984375 0.84423828125 791541
0.14453125 0.4833984375 0.84423828125 791542
-0.03466796875 0.49951171875 0.7939453125 791638
-0.03466796875 0.49951171875 0.7939453125 791639
-0.03466796875 0.49951171875 0.7939453125 791641
-0.03466796875 0.49951171875 0.7939453125 791642
-0.03466796875 0.49951171875 0.7939453125 791644
-0.34423828125 0.64208984375 0.4814453125 791741
-0.34423828125 0.64208984375 0.4814453125 791743
-0.34423828125 0.64208984375 0.4814453125 791744
-0.34423828125 0.64208984375 0.4814453125 791745
-0.34423828125 0.64208984375 0.4814453125 791746
-0.53759765625 0.72021484375 -0.10791015625 791845
-0.53759765625 0.72021484375 -0.10791015625 791846
-0.53759765625 0.72021484375 -0.10791015625 791847
-0.53759765625 0.72021484375 -0.10791015625 791849
-0.53759765625 0.72021484375 -0.10791015625 791850
-0.49951171875 0.75439453125 -0.17724609375 791927
-0.474609375 0.84228515625 0.09326171875 792034
-0.474609375 0.84228515625 0.09326171875 792036
-0.474609375 0.84228515625 0.09326171875 792037
-0.474609375 0.84228515625 0.09326171875 792038
-0.474609375 0.84228515625 0.09326171875 792039
-0.24560546875 0.771484375 0.42138671875 792137
-0.24560546875 0.771484375 0.42138671875 792139
-0.24560546875 0.771484375 0.42138671875 792140
-0.24560546875 0.771484375 0.42138671875 792141
-0.24560546875 0.771484375 0.42138671875 792143
0.07080078125 0.666015625 0.814453125 792239
0.07080078125 0.666015625 0.814453125 792241
0.07080078125 0.666015625 0.814453125 792242
0.07080078125 0.666015625 0.814453125 792243
0.07080078125 0.666015625 0.814453125 792244
0.1904296875 0.53271484375 0.83837890625 792342
0.1904296875 0.53271484375 0.83837890625 792343
0.1904296875 0.53271484375 0.83837890625 792344
0.1904296875 0.53271484375 0.83837890625 792345
0.1904296875 0.53271484375 0.83837890625 792347
0.185546875 0.49853515625 0.81298828125 792444
0.185546875 0.49853515625 0.81298828125 792445
0.185546875 0.49853515625 0.81298828125 792446
0.185546875 0.49853515625 0.81298828125 792447
0.185546875 0.49853515625 0.81298828125 792448
0.22314453125 0.4501953125 0.8212890625 792543
0.2099609375 0.43212890625 0.84130859375 792635
0.2099609375 0.43212890625 0.84130859375 792636
0.2099609375 0.43212890625 0.84130859375 792637
0.2099609375 0.43212890625 0.84130859375 792639
0.2099609375 0.43212890625 0.84130859375 792640
0.2119140625 0.4189453125 0.81201171875 792737
0.2119140625 0.4189453125 0.81201171875 792738
0.2119140625 0.4189453125 0.81201171875 792739
0.2119140625 0.4189453125 0.81201171875 792740
0.2119140625 0.4189453125 0.81201171875 792740
0.2177734375 0.40625 0.80517578125 792839
0.2177734375 0.40625 0.80517578125 792840
0.2177734375 0.40625 0.80517578125 792841
0.2177734375 0.40625 0.80517578125 792842
0.2177734375 0.40625 0.80517578125 792843
0.20166015625 0.41796875 0.81396484375 792942
0.20166015625 0.41796875 0.81396484375 792943
0.20166015625 0.41796875 0.81396484375 792944
0.20166015625 0.41796875 0.81396484375 792945
0.20166015625 0.41796875 0.81396484375 792946
0.19873046875 0.4111328125 0.8271484375 793045
0.19873046875 0.4111328125 0.8271484375 793046
0.19873046875 0.4111328125 0.8271484375 793047
0.19873046875 0.4111328125 0.8271484375 793048
0.19873046875 0.4111328125 0.8271484375 793049
0.18994140625 0.40185546875 0.82421875 793126
0.1865234375 0.40673828125 0.83203125 793235
0.1865234375 0.40673828125 0.83203125 793258
0.1865234375 0.40673828125 0.83203125 793260
0.1865234375 0.40673828125 0.83203125 793261
0.1865234375 0.40673828125 0.83203125 793262
0.181640625 0.40185546875 0.830078125 793344
0.181640625 0.40185546875 0.830078125 793345
0.17041015625 0.40283203125 0.830078125 793441
0.17041015625 0.40283203125 0.830078125 793442
0.17041015625 0.40283203125 0.830078125 793467
0.17041015625 0.40283203125 0.830078125 793469
0.16015625 0.40234375 0.83056640625 793544
0.16015625 0.40234375 0.83056640625 793545
0.16015625 0.40234375 0.83056640625 793546
0.16015625 0.40234375 0.83056640625 793548
0.162109375 0.39404296875 0.8349609375 793647
0.162109375 0.39404296875 0.8349609375 793648
0.162109375 0.39404296875 0.8349609375 793649
0.162109375 0.39404296875 0.8349609375 793650
0.162109375 0.39404296875 0.8349609375 793652
0.16015625 0.390625 0.8330078125 793725
0.1630859375 0.39306640625 0.83837890625 793836
0.1630859375 0.39306640625 0.83837890625 793837
0.1630859375 0.39306640625 0.83837890625 793838
0.1630859375 0.39306640625 0.83837890625 793839
0.1630859375 0.39306640625 0.83837890625 793840
0.1591796875 0.396484375 0.83544921875 793938
0.1591796875 0.396484375 0.83544921875 793939
0.1591796875 0.396484375 0.83544921875 793940
0.1591796875 0.396484375 0.83544921875 793941
0.1591796875 0.396484375 0.83544921875 793943
0.1572265625 0.39892578125 0.8359375 794040
0.1572265625 0.39892578125 0.8359375 794041
0.1572265625 0.39892578125 0.8359375 794042
0.1572265625 0.39892578125 0.8359375 794044
0.1572265625 0.39892578125 0.8359375 794045
0.17431640625 0.39013671875 0.8427734375 794143
0.17431640625 0.39013671875 0.8427734375 794145
0.17431640625 0.39013671875 0.8427734375 794146
0.17431640625 0.39013671875 0.8427734375 794148
0.17431640625 0.39013671875 0.8427734375 794149
0.1650390625 0.39453125 0.826171875 794245
0.1650390625 0.39453125 0.826171875 794246
0.1650390625 0.39453125 0.826171875 794247
0.1650390625 0.39453125 0.826171875 794248
0.1650390625 0.39453125 0.826171875 794249
0.1689453125 0.3974609375 0.84765625 794328
0.1767578125 0.3857421875 0.8349609375 794446
0.1767578125 0.3857421875 0.8349609375 794447
0.1767578125 0.3857421875 0.8349609375 794448
0.1767578125 0.3857421875 0.8349609375 794449
0.1767578125 0.3857421875 0.8349609375 794450
0.1572265625 0.40185546875 0.83251953125 794549
0.1572265625 0.40185546875 0.83251953125 794550
0.1572265625 0.40185546875 0.83251953125 794551
0.1572265625 0.40185546875 0.83251953125 794553
0.1572265625 0.40185546875 0.83251953125 794554
0.171875 0.39794921875 0.84912109375 794632
0.166015625 0.396484375 0.8349609375 794734
0.166015625 0.396484375 0.8349609375 794736
0.166015625 0.396484375 0.8349609375 794737
0.166015625 0.396484375 0.8349609375 794738
0.166015625 0.396484375 0.8349609375 794739
0.166015625 0.3984375 0.8359375 794836
0.166015625 0.3984375 0.8359375 794837
0.166015625 0.3984375 0.8359375 794839
0.166015625 0.3984375 0.8359375 794840
0.166015625 0.3984375 0.8359375 794841
0.16064453125 0.400390625 0.8310546875 794939
0.16064453125 0.400390625 0.8310546875 794941
0.16064453125 0.400390625 0.8310546875 794942
0.16064453125 0.400390625 0.8310546875 794943
0.16064453125 0.400390625 0.8310546875 794944
0.16259765625 0.40087890625 0.84033203125 795042
0.16259765625 0.40087890625 0.84033203125 795043
0.16259765625 0.40087890625 0.84033203125 795044
0.16259765625 0.40087890625 0.84033203125 795045
0.15869140625 0.39453125 0.82861328125 795146
0.15869140625 0.39453125 0.82861328125 795148
0.15869140625 0.39453125 0.82861328125 795149
0.15869140625 0.39453125 0.82861328125 795150
0.15869140625 0.39453125 0.82861328125 795151
0.16796875 0.3984375 0.84912109375 795234
0.17138671875 0.39208984375 0.8349609375 795336
0.17138671875 0.39208984375 0.8349609375 795338
0.17138671875 0.39208984375 0.8349609375 795339
0.17138671875 0.39208984375 0.8349609375 795340
0.17138671875 0.39208984375 0.8349609375 795341
0.1611328125 0.39990234375 0.8330078125 795439
0.1611328125 0.39990234375 0.8330078125 795440
0.1611328125 0.39990234375 0.8330078125 795441
0.1611328125 0.39990234375 0.8330078125 795442
0.1611328125 0.39990234375 0.8330078125 795443
0.1630859375 0.39990234375 0.83642578125 795542
0.1630859375 0.39990234375 0.83642578125 795543
0.1630859375 0.39990234375 0.83642578125 795545
0.1630859375 0.39990234375 0.83642578125 795546
0.1630859375 0.39990234375 0.83642578125 795548
0.17138671875 0.392578125 0.8369140625 795647
0.17138671875 0.392578125 0.8369140625 795648
0.17138671875 0.392578125 0.8369140625 795650
0.17138671875 0.392578125 0.8369140625 795651
0.17138671875 0.392578125 0.8369140625 795652
0.16259765625 0.39990234375 0.8330078125 795725
0.16455078125 0.3974609375 0.8388671875 795837
0.16455078125 0.3974609375 0.8388671875 795838
0.16455078125 0.3974609375 0.8388671875 795839
0.16455078125 0.3974609375 0.8388671875 795840
0.16455078125 0.3974609375 0.8388671875 795842
0.1748046875 0.39208984375 0.84423828125 795939
0.1748046875 0.39208984375 0.84423828125 795940
0.1748046875 0.39208984375 0.84423828125 795941
0.1748046875 0.39208984375 0.84423828125 795942
0.1748046875 0.39208984375 0.84423828125 795943
0.16162109375 0.39404296875 0.82958984375 796052
0.16162109375 0.39404296875 0.82958984375 796053
0.16162109375 0.39404296875 0.82958984375 796055
0.16162109375 0.39404296875 0.82958984375 796056
0.16162109375 0.39404296875 0.82958984375 796057
0.1669921875 0.39697265625 0.84619140625 796148
0.169921875 0.3916015625 0.837890625 796247
0.169921875 0.3916015625 0.837890625 796262
0.169921875 0.3916015625 0.837890625 796263
0.169921875 0.3916015625 0.837890625 796264
0.169921875 0.3916015625 0.837890625 796265
0.17919921875 0.3828125 0.84033203125 796326
0.1708984375 0.39404296875 0.84326171875 796438
0.1708984375 0.39404296875 0.84326171875 796439
0.1708984375 0.39404296875 0.84326171875 796440
0.1708984375 0.39404296875 0.84326171875 796441
0.1708984375 0.39404296875 0.84326171875 796442
0.169921875 0.392578125 0.84375 796540
0.169921875 0.392578125 0.84375 796541
0.169921875 0.392578125 0.84375 796542
0.169921875 0.392578125 0.84375 796543
0.169921875 0.392578125 0.84375 796544
0.17724609375 0.38232421875 0.8466796875 796643
0.17724609375 0.38232421875 0.8466796875 796644
0.17724609375 0.38232421875 0.8466796875 796645
0.17724609375 0.38232421875 0.8466796875 796646
0.16650390625 0.38525390625 0.833984375 796747
0.16650390625 0.38525390625 0.833984375 796748
0.16650390625 0.38525390625 0.833984375 796749
0.16650390625 0.38525390625 0.833984375 796750
0.16650390625 0.38525390625 0.833984375 796751
0.16357421875 0.39404296875 0.83837890625 796849
0.16357421875 0.39404296875 0.83837890625 796850
0.16357421875 0.39404296875 0.83837890625 796851
0.16357421875 0.39404296875 0.83837890625 796852
0.16357421875 0.39404296875 0.83837890625 796854
0.1630859375 0.38671875 0.83740234375 796927
0.16943359375 0.39208984375 0.85009765625 797036
0.16943359375 0.39208984375 0.85009765625 797037
0.16943359375 0.39208984375 0.85009765625 797038
0.16943359375 0.39208984375 0.85009765625 797040
0.16943359375 0.39208984375 0.85009765625 797041
0.169921875 0.38134765625 0.82958984375 797140
0.169921875 0.38134765625 0.82958984375 797141
0.169921875 0.38134765625 0.82958984375 797143
0.169921875 0.38134765625 0.82958984375 797144
0.169921875 0.38134765625 0.82958984375 797145
0.16845703125 0.38525390625 0.84228515625 797242
0.16845703125 0.38525390625 0.84228515625 797243
0.16845703125 0.38525390625 0.84228515625 797244
0.16845703125 0.38525390625 0.84228515625 797246
0.16845703125 0.38525390625 0.84228515625 797247
0.162109375 0.39697265625 0.84228515625 797344
0.162109375 0.39697265625 0.84228515625 797345
0.162109375 0.39697265625 0.84228515625 797346
0.162109375 0.39697265625 0.84228515625 797348
0.162109375 0.39697265625 0.84228515625 797349
0.173828125 0.37890625 0.837890625 797448
0.173828125 0.37890625 0.837890625 797455
0.173828125 0.37890625 0.837890625 797456
0.173828125 0.37890625 0.837890625 797457
0.173828125 0.37890625 0.837890625 797458
0.16552734375 0.38525390625 0.8447265625 797550
0.16552734375 0.38525390625 0.8447265625 797551
0.1630859375 0.384765625 0.8330078125 797670
0.1630859375 0.384765625 0.8330078125 797671
0.1630859375 0.384765625 0.8330078125 797673
0.1630859375 0.384765625 0.8330078125 797674
0.1630859375 0.384765625 0.8330078125 797676
0.169921875 0.38818359375 0.84423828125 797728
0.1689453125 0.38720703125 0.84765625 797839
0.1689453125 0.38720703125 0.84765625 797840
0.1689453125 0.38720703125 0.84765625 797841
0.1689453125 0.38720703125 0.84765625 797842
0.1689453125 0.38720703125 0.84765625 797843
0.17578125 0.3779296875 0.85107421875 797941
0.17578125 0.3779296875 0.85107421875 797942
0.17578125 0.3779296875 0.85107421875 797944
0.17578125 0.3779296875 0.85107421875 797966
0.17578125 0.3779296875 0.85107421875 797968
0.158203125 0.39013671875 0.8349609375 798043
0.158203125 0.39013671875 0.8349609375 798044
0.158203125 0.39013671875 0.8349609375 798045
0.158203125 0.39013671875 0.8349609375 798046
0.17138671875 0.38134765625 0.84375 798145
0.17138671875 0.38134765625 0.84375 798146
0.17138671875 0.38134765625 0.84375 798148
0.17138671875 0.38134765625 0.84375 798149
0.17138671875 0.38134765625 0.84375 798151
0.1650390625 0.39453125 0.8369140625 798248
0.1650390625 0.39453125 0.8369140625 798249
0.1650390625 0.39453125 0.8369140625 798251
0.1650390625 0.39453125 0.8369140625 798252
0.1650390625 0.39453125 0.8369140625 798254
0.16943359375 0.3837890625 0.83349609375 798327
0.173828125 0.38330078125 0.84521484375 798438
0.173828125 0.38330078125 0.84521484375 798439
0.173828125 0.38330078125 0.84521484375 798440
0.173828125 0.38330078125 0.84521484375 798442
0.173828125 0.38330078125 0.84521484375 798443
0.1728515625 0.3828125 0.84814453125 798540
0.1728515625 0.3828125 0.84814453125 798541
0.1728515625 0.3828125 0.84814453125 798542
0.1728515625 0.3828125 0.84814453125 798543
0.1728515625 0.3828125 0.84814453125 798544
0.171875 0.3837890625 0.837890625 798643
0.171875 0.3837890625 0.837890625 798644
0.171875 0.3837890625 0.837890625 798645
0.171875 0.3837890625 0.837890625 798646
0.171875 0.3837890625 0.837890625 798648
0.1796875 0.37841796875 0.845703125 798746
0.1796875 0.37841796875 0.845703125 798747
0.1796875 0.37841796875 0.845703125 798748
0.1796875 0.37841796875 0.845703125 798749
0.1796875 0.37841796875 0.845703125 798750
0.16748046875 0.380859375 0.8310546875 798848
0.16748046875 0.380859375 0.8310546875 798874
0.16748046875 0.380859375 0.8310546875 798875
0.16748046875 0.380859375 0.8310546875 798877
0.16748046875 0.380859375 0.8310546875 798878
0.173828125 0.38720703125 0.84619140625 798951
0.173828125 0.38720703125 0.84619140625 798996
0.173828125 0.38720703125 0.84619140625 798997
0.173828125 0.38720703125 0.84619140625 798998
0.173828125 0.38720703125 0.84619140625 798999
0.17919921875 0.37939453125 0.84228515625 799028
0.17724609375 0.38134765625 0.84228515625 799141
0.17724609375 0.38134765625 0.84228515625 799142
0.17724609375 0.38134765625 0.84228515625 799144
0.17724609375 0.38134765625 0.84228515625 799145
0.17724609375 0.38134765625 0.84228515625 799146
0.17578125 0.3818359375 0.83837890625 799244
0.17578125 0.3818359375 0.83837890625 799245
0.17578125 0.3818359375 0.83837890625 799246
0.17578125 0.3818359375 0.83837890625 799248
0.17578125 0.3818359375 0.83837890625 799249
0.18017578125 0.38525390625 0.84521484375 799346
0.18017578125 0.38525390625 0.84521484375 799347
0.18017578125 0.38525390625 0.84521484375 799348
0.18017578125 0.38525390625 0.84521484375 799350
0.18017578125 0.38525390625 0.84521484375 799351
0.17578125 0.38720703125 0.8427734375 799428
0.18310546875 0.3798828125 0.84228515625 799540
0.18310546875 0.3798828125 0.84228515625 799541
0.18310546875 0.3798828125 0.84228515625 799542
0.18310546875 0.3798828125 0.84228515625 799543
0.18310546875 0.3798828125 0.84228515625 799545
0.17236328125 0.3984375 0.84130859375 799645
0.17236328125 0.3984375 0.84130859375 799646
0.17236328125 0.3984375 0.84130859375 799647
0.17236328125 0.3984375 0.84130859375 799671
0.17236328125 0.3984375 0.84130859375 799673
0.181640625 0.376953125 0.83349609375 799751
0.181640625 0.376953125 0.83349609375 799752
0.181640625 0.376953125 0.83349609375 799753
0.181640625 0.376953125 0.83349609375 799754
0.17626953125 0.388671875 0.841796875 799828
0.17626953125 0.388671875 0.841796875 799829
0.18701171875 0.384765625 0.84619140625 799939
0.18701171875 0.384765625 0.84619140625 799940
0.18701171875 0.384765625 0.84619140625 799941
0.18701171875 0.384765625 0.84619140625 799943
0.18701171875 0.384765625 0.84619140625 799944
0.17236328125 0.3857421875 0.830078125 800043
0.17236328125 0.3857421875 0.830078125 800044
0.17236328125 0.3857421875 0.830078125 800045
0.17236328125 0.3857421875 0.830078125 800047
0.17236328125 0.3857421875 0.830078125 800048
0.17626953125 0.388671875 0.83984375 800146
0.17626953125 0.388671875 0.83984375 800147
0.17626953125 0.388671875 0.83984375 800148
0.17626953125 0.388671875 0.83984375 800149
0.1845703125 0.38427734375 0.84375 800249
0.1845703125 0.38427734375 0.84375 800250
0.1845703125 0.38427734375 0.84375 800252
0.1845703125 0.38427734375 0.84375 800253
0.1845703125 0.38427734375 0.84375 800254
0.177734375 0.392578125 0.83935546875 800352
0.177734375 0.392578125 0.83935546875 800353
0.177734375 0.392578125 0.83935546875 800354
0.177734375 0.392578125 0.83935546875 800355
0.177734375 0.392578125 0.83935546875 800356
0.181640625 0.3857421875 0.83740234375 800430
0.18505859375 0.38623046875 0.84130859375 800541
0.18505859375 0.38623046875 0.84130859375 800542
0.18505859375 0.38623046875 0.84130859375 800543
0.18505859375 0.38623046875 0.84130859375 800544
0.18505859375 0.38623046875 0.84130859375 800545
0.17578125 0.388671875 0.82568359375 800643
0.17578125 0.388671875 0.82568359375 800644
0.17578125 0.388671875 0.82568359375 800645
0.17578125 0.388671875 0.82568359375 800646
0.17578125 0.388671875 0.82568359375 800647
0.18017578125 0.3896484375 0.84765625 800746
0.18017578125 0.3896484375 0.84765625 800747
0.18017578125 0.3896484375 0.84765625 800748
0.18017578125 0.3896484375 0.84765625 800749
0.18017578125 0.3896484375 0.84765625 800750
0.18603515625 0.3828125 0.84130859375 800848
0.18603515625 0.3828125 0.84130859375 800849
0.18603515625 0.3828125 0.84130859375 800850
0.18603515625 0.3828125 0.84130859375 800851
0.18603515625 0.3828125 0.84130859375 800852
0.18017578125 0.38330078125 0.83251953125 800929
0.181640625 0.384765625 0.84375 801041
0.181640625 0.384765625 0.84375 801042
0.181640625 0.384765625 0.84375 801043
0.181640625 0.384765625 0.84375 801044
0.181640625 0.384765625 0.84375 801045
0.1845703125 0.3798828125 0.8427734375 801144
0.1845703125 0.3798828125 0.8427734375 801145
0.1845703125 0.3798828125 0.8427734375 801146
0.1845703125 0.3798828125 0.8427734375 801147
0.1845703125 0.3798828125 0.8427734375 801148
0.1796875 0.3876953125 0.8369140625 801245
0.1796875 0.3876953125 0.8369140625 801246
0.1796875 0.3876953125 0.8369140625 801247
0.1796875 0.3876953125 0.8369140625 801248
0.1796875 0.3876953125 0.8369140625 801249
0.18505859375 0.38671875 0.8427734375 801350
0.18505859375 0.38671875 0.8427734375 801351
0.18505859375 0.38671875 0.8427734375 801352
0.18505859375 0.38671875 0.8427734375 801353
0.18505859375 0.38671875 0.8427734375 801354
0.1796875 0.3955078125 0.84033203125 801450
0.1796875 0.3955078125 0.84033203125 801451
0.1796875 0.3955078125 0.84033203125 801452
0.1796875 0.3955078125 0.84033203125 801453
0.1796875 0.3955078125 0.84033203125 801455
0.17724609375 0.38818359375 0.82958984375 801529
0.18896484375 0.38916015625 0.86083984375 801640
0.18896484375 0.38916015625 0.86083984375 801642
0.18896484375 0.38916015625 0.86083984375 801643
0.18896484375 0.38916015625 0.86083984375 801644
0.18896484375 0.38916015625 0.86083984375 801645
0.18701171875 0.3828125 0.83154296875 801743
0.18701171875 0.3828125 0.83154296875 801744
0.18701171875 0.3828125 0.83154296875 801745
0.18701171875 0.3828125 0.83154296875 801746
0.18701171875 0.3828125 0.83154296875 801747
0.1826171875 0.38671875 0.8349609375 801845
0.1826171875 0.38671875 0.8349609375 801846
0.1826171875 0.38671875 0.8349609375 801847
0.1826171875 0.38671875 0.8349609375 801848
0.1826171875 0.38671875 0.8349609375 801849
0.18359375 0.39013671875 0.84619140625 801948
0.18359375 0.39013671875 0.84619140625 801949
0.18359375 0.39013671875 0.84619140625 801950
0.18359375 0.39013671875 0.84619140625 801952
0.18359375 0.39013671875 0.84619140625 801953
0.1796875 0.38525390625 0.8349609375 802029
0.18212890625 0.39013671875 0.83544921875 802398
0.18212890625 0.39013671875 0.83544921875 802400
0.18212890625 0.39013671875 0.83544921875 802401
0.18212890625 0.39013671875 0.83544921875 802402
0.18212890625 0.39013671875 0.83544921875 802403
0.18310546875 0.3837890625 0.841796875 802404
0.18408203125 0.390625 0.83837890625 802406
0.1884765625 0.3876953125 0.8271484375 802477
0.19970703125 0.396484375 0.853515625 802553
0.19970703125 0.396484375 0.853515625 802554
0.19970703125 0.396484375 0.853515625 802556
0.19970703125 0.396484375 0.853515625 802557
0.19970703125 0.396484375 0.853515625 802558
0.19091796875 0.39306640625 0.8486328125 802638
0.1962890625 0.37451171875 0.82861328125 802786
0.1962890625 0.37451171875 0.82861328125 802788
0.1962890625 0.37451171875 0.82861328125 802789
0.1962890625 0.37451171875 0.82861328125 802790
0.1962890625 0.37451171875 0.82861328125 802791
0.193359375 0.3623046875 0.81884765625 802847
0.18017578125 0.3505859375 0.80419921875 802949
0.18017578125 0.3505859375 0.80419921875 802950
0.18017578125 0.3505859375 0.80419921875 802952
0.18017578125 0.3505859375 0.80419921875 802953
0.18017578125 0.3505859375 0.80419921875 802954
0.1806640625 0.3701171875 0.8291015625 803052
0.1806640625 0.3701171875 0.8291015625 803053
0.1806640625 0.3701171875 0.8291015625 803055
0.1806640625 0.3701171875 0.8291015625 803056
0.1806640625 0.3701171875 0.8291015625 803057
0.17041015625 0.38818359375 0.89501953125 803131
0.15087890625 0.38623046875 0.91357421875 803241
0.15087890625 0.38623046875 0.91357421875 803242
0.15087890625 0.38623046875 0.91357421875 803243
0.15087890625 0.38623046875 0.91357421875 803245
0.15087890625 0.38623046875 0.91357421875 803246
-0.06884765625 0.544921875 0.8193359375 803345
-0.06884765625 0.544921875 0.8193359375 803375
-0.06884765625 0.544921875 0.8193359375 803376
-0.06884765625 0.544921875 0.8193359375 803377
-0.06884765625 0.544921875 0.8193359375 803378
-0.33984375 0.69384765625 0.55224609375 803447
-0.33984375 0.69384765625 0.55224609375 803448
-0.54541015625 0.7197265625 0.1884765625 803554
-0.54541015625 0.7197265625 0.1884765625 803555
-0.54541015625 0.7197265625 0.1884765625 803556
-0.54541015625 0.7197265625 0.1884765625 803557
-0.54541015625 0.7197265625 0.1884765625 803558
-0.5888671875 0.6904296875 -0.3642578125 803652
-0.46484375 0.51806640625 -0.7890625 803745
-0.46484375 0.51806640625 -0.7890625 803746
-0.46484375 0.51806640625 -0.7890625 803747
-0.46484375 0.51806640625 -0.7890625 803748
-0.46484375 0.51806640625 -0.7890625 803749
-0.4384765625 0.59814453125 -0.47607421875 803843
-0.3076171875 0.70654296875 0.630859375 803945
-0.3076171875 0.70654296875 0.630859375 803946
-0.3076171875 0.70654296875 0.630859375 803948
-0.3076171875 0.70654296875 0.630859375 803949
-0.3076171875 0.70654296875 0.630859375 803951
0.08935546875 0.4150390625 1.04541015625 804048
0.08935546875 0.4150390625 1.04541015625 804049
0.08935546875 0.4150390625 1.04541015625 804050
0.08935546875 0.4150390625 1.04541015625 804051
0.08935546875 0.4150390625 1.04541015625 804052
0.005859375 0.40234375 0.84033203125 804155
0.005859375 0.40234375 0.84033203125 804156
0.005859375 0.40234375 0.84033203125 804158
0.005859375 0.40234375 0.84033203125 804159
0.005859375 0.40234375 0.84033203125 804160
-0.1171875 0.51123046875 0.59423828125 804232
-0.31103515625 0.70458984375 0.3046875 804343
-0.31103515625 0.70458984375 0.3046875 804344
-0.31103515625 0.70458984375 0.3046875 804345
-0.31103515625 0.70458984375 0.3046875 804346
-0.31103515625 0.70458984375 0.3046875 804348
-0.42431640625 0.833984375 -0.03369140625 804446
-0.42431640625 0.833984375 -0.03369140625 804447
-0.42431640625 0.833984375 -0.03369140625 804448
-0.42431640625 0.833984375 -0.03369140625 804449
-0.42431640625 0.833984375 -0.03369140625 804450
-0.4951171875 0.85302734375 -0.2958984375 804551
-0.4951171875 0.85302734375 -0.2958984375 804552
-0.4951171875 0.85302734375 -0.2958984375 804554
-0.4951171875 0.85302734375 -0.2958984375 804555
-0.4951171875 0.85302734375 -0.2958984375 804557
-0.51708984375 0.865234375 -0.2666015625 804634
-0.41259765625 0.7998046875 0.12548828125 804744
-0.41259765625 0.7998046875 0.12548828125 804745
-0.41259765625 0.7998046875 0.12548828125 804746
-0.41259765625 0.7998046875 0.12548828125 804747
-0.41259765625 0.7998046875 0.12548828125 804748
-0.07763671875 0.666015625 0.64599609375 804847
-0.07763671875 0.666015625 0.64599609375 804848
-0.07763671875 0.666015625 0.64599609375 804850
-0.07763671875 0.666015625 0.64599609375 804851
-0.07763671875 0.666015625 0.64599609375 804852
0.12841796875 0.58447265625 0.8037109375 804951
0.12841796875 0.58447265625 0.8037109375 804953
0.12841796875 0.58447265625 0.8037109375 804954
0.12841796875 0.58447265625 0.8037109375 804955
0.12841796875 0.58447265625 0.8037109375 804956
0.263671875 0.498046875 0.8095703125 805074
0.263671875 0.498046875 0.8095703125 805076
0.263671875 0.498046875 0.8095703125 805077
0.263671875 0.498046875 0.8095703125 805078
0.263671875 0.498046875 0.8095703125 805081
0.20068359375 0.48486328125 0.81201171875 805153
0.22412109375 0.43212890625 0.8212890625 805372
0.22412109375 0.43212890625 0.8212890625 805373
0.22412109375 0.43212890625 0.8212890625 805374
0.22412109375 0.43212890625 0.8212890625 805376
0.22412109375 0.43212890625 0.8212890625 805377
0.21337890625 0.43212890625 0.8203125 805378
0.20654296875 0.41748046875 0.82666015625 805450
0.1884765625 0.42431640625 0.8359375 805582
0.1884765625 0.42431640625 0.8359375 805583
0.1884765625 0.42431640625 0.8359375 805585
0.1884765625 0.42431640625 0.8359375 805586
0.1884765625 0.42431640625 0.8359375 805587
0.1875 0.408203125 0.8271484375 805657
0.16748046875 0.39794921875 0.810546875 805733
0.16748046875 0.39794921875 0.810546875 805734
0.16748046875 0.39794921875 0.810546875 805735
0.16748046875 0.39794921875 0.810546875 805736
0.16748046875 0.39794921875 0.810546875 805737
0.14990234375 0.40087890625 0.82666015625 805844
0.14990234375 0.40087890625 0.82666015625 805846
0.14990234375 0.40087890625 0.82666015625 805847
0.14990234375 0.40087890625 0.82666015625 805848
0.14990234375 0.40087890625 0.82666015625 805849
0.15771484375 0.3935546875 0.83447265625 805983
0.15771484375 0.3935546875 0.83447265625 805984
0.15771484375 0.3935546875 0.83447265625 805985
0.15771484375 0.3935546875 0.83447265625 805986
0.15771484375 0.3935546875 0.83447265625 805987
0.1396484375 0.40576171875 0.82861328125 806048
0.15869140625 0.400390625 0.83837890625 806150
0.15869140625 0.400390625 0.83837890625 806151
0.15869140625 0.400390625 0.83837890625 806153
0.15869140625 0.400390625 0.83837890625 806154
0.15869140625 0.400390625 0.83837890625 806155
0.1416015625 0.41064453125 0.82373046875 806253
0.1416015625 0.41064453125 0.82373046875 806254
0.1416015625 0.41064453125 0.82373046875 806255
0.1416015625 0.41064453125 0.82373046875 806256
0.1416015625 0.41064453125 0.82373046875 806257
0.15869140625 0.39697265625 0.83642578125 806356
0.15869140625 0.39697265625 0.83642578125 806374
0.15869140625 0.39697265625 0.83642578125 806375
0.15869140625 0.39697265625 0.83642578125 806376
0.15869140625 0.39697265625 0.83642578125 806377
0.15380859375 0.39599609375 0.8369140625 806433
0.142578125 0.40869140625 0.8291015625 806554
0.142578125 0.40869140625 0.8291015625 806555
0.142578125 0.40869140625 0.8291015625 806556
0.142578125 0.40869140625 0.8291015625 806558
0.142578125 0.40869140625 0.8291015625 806559
0.1484375 0.40478515625 0.83203125 806646
0.14697265625 0.40087890625 0.8251953125 806749
0.14697265625 0.40087890625 0.8251953125 806750
0.14697265625 0.40087890625 0.8251953125 806751
0.14697265625 0.40087890625 0.8251953125 806752
0.14697265625 0.40087890625 0.8251953125 806753
0.140625 0.412109375 0.8271484375 806854
0.140625 0.412109375 0.8271484375 806855
0.140625 0.412109375 0.8271484375 806857
0.140625 0.412109375 0.8271484375 806858
0.140625 0.412109375 0.8271484375 806859
0.1484375 0.40283203125 0.82958984375 806956
0.1484375 0.40283203125 0.82958984375 806957
0.1484375 0.40283203125 0.82958984375 806958
0.1484375 0.40283203125 0.82958984375 806959
0.1484375 0.40283203125 0.82958984375 806960
0.14599609375 0.4169921875 0.84130859375 807036
0.1533203125 0.40087890625 0.828125 807146
0.1533203125 0.40087890625 0.828125 807147
0.1533203125 0.40087890625 0.828125 807148
0.1533203125 0.40087890625 0.828125 807149
0.1533203125 0.40087890625 0.828125 807150
0.1513671875 0.41015625 0.83544921875 807248
0.1513671875 0.41015625 0.83544921875 807249
0.1513671875 0.41015625 0.83544921875 807250
0.1513671875 0.41015625 0.83544921875 807251
0.1513671875 0.41015625 0.83544921875 807253
0.14404296875 0.412109375 0.8251953125 807353
0.14404296875 0.412109375 0.8251953125 807354
0.14404296875 0.412109375 0.8251953125 807355
0.14404296875 0.412109375 0.8251953125 807356
0.14404296875 0.412109375 0.8251953125 807356
0.14990234375 0.412109375 0.8330078125 807456
0.14990234375 0.412109375 0.8330078125 807457
0.14990234375 0.412109375 0.8330078125 807458
0.14990234375 0.412109375 0.8330078125 807459
0.14990234375 0.412109375 0.8330078125 807460
0.1455078125 0.41162109375 0.8232421875 807535
0.140625 0.41552734375 0.82470703125 807645
0.140625 0.41552734375 0.82470703125 807646
0.140625 0.41552734375 0.82470703125 807647
0.140625 0.41552734375 0.82470703125 807649
0.140625 0.41552734375 0.82470703125 807650
0.146484375 0.4140625 0.833984375 807750
0.146484375 0.4140625 0.833984375 807752
0.146484375 0.4140625 0.833984375 807752
0.146484375 0.4140625 0.833984375 807753
0.146484375 0.4140625 0.833984375 807754
0.14404296875 0.40576171875 0.82666015625 807851
0.14404296875 0.40576171875 0.82666015625 807852
0.150390625 0.4091796875 0.8408203125 807956
0.150390625 0.4091796875 0.8408203125 807958
0.150390625 0.4091796875 0.8408203125 807959
0.150390625 0.4091796875 0.8408203125 807960
0.150390625 0.4091796875 0.8408203125 807962
0.14453125 0.40771484375 0.82958984375 808034
0.1416015625 0.4072265625 0.82470703125 808145
0.1416015625 0.4072265625 0.82470703125 808147
0.1416015625 0.4072265625 0.82470703125 808148
0.1416015625 0.4072265625 0.82470703125 808149
0.1416015625 0.4072265625 0.82470703125 808151
0.138671875 0.41015625 0.82763671875 808248
0.138671875 0.41015625 0.82763671875 808249
0.138671875 0.41015625 0.82763671875 808250
0.138671875 0.41015625 0.82763671875 808251
0.138671875 0.41015625 0.82763671875 808253
0.142578125 0.4052734375 0.8271484375 808350
0.142578125 0.4052734375 0.8271484375 808351
0.142578125 0.4052734375 0.8271484375 808352
0.142578125 0.4052734375 0.8271484375 808354
0.142578125 0.4052734375 0.8271484375 808355
0.1396484375 0.41015625 0.83837890625 808454
0.1396484375 0.41015625 0.83837890625 808455
0.1396484375 0.41015625 0.83837890625 808456
0.1396484375 0.41015625 0.83837890625 808457
0.1396484375 0.41015625 0.83837890625 808459
0.13818359375 0.4052734375 0.822265625 808558
0.13818359375 0.4052734375 0.822265625 808559
0.13818359375 0.4052734375 0.822265625 808560
0.13818359375 0.4052734375 0.822265625 808561
0.13818359375 0.4052734375 0.822265625 808562
0.1416015625 0.408203125 0.84130859375 808636
0.13427734375 0.4072265625 0.82763671875 808747
0.13427734375 0.4072265625 0.82763671875 808748
0.13427734375 0.4072265625 0.82763671875 808749
0.13427734375 0.4072265625 0.82763671875 808751
0.13427734375 0.4072265625 0.82763671875 808752
0.14306640625 0.40380859375 0.83837890625 808849
0.14306640625 0.40380859375 0.83837890625 808850
0.14306640625 0.40380859375 0.83837890625 808852
0.14306640625 0.40380859375 0.83837890625 808853
0.14306640625 0.40380859375 0.83837890625 808854
0.14404296875 0.400390625 0.83544921875 808952
0.14404296875 0.400390625 0.83544921875 808953
0.14404296875 0.400390625 0.83544921875 808954
0.14404296875 0.400390625 0.83544921875 808955
0.1416015625 0.40185546875 0.8310546875 809055
0.1416015625 0.40185546875 0.8310546875 809056
0.1416015625 0.40185546875 0.8310546875 809057
0.1416015625 0.40185546875 0.8310546875 809058
0.1416015625 0.40185546875 0.8310546875 809059
0.13623046875 0.41357421875 0.8271484375 809186
0.13623046875 0.41357421875 0.8271484375 809187
0.13623046875 0.41357421875 0.8271484375 809188
0.13623046875 0.41357421875 0.8271484375 809189
0.13623046875 0.41357421875 0.8271484375 809190
0.13818359375 0.4072265625 0.83251953125 809254
0.150390625 0.39990234375 0.84326171875 809349
0.150390625 0.39990234375 0.84326171875 809350
0.150390625 0.39990234375 0.84326171875 809351
0.150390625 0.39990234375 0.84326171875 809352
0.150390625 0.39990234375 0.84326171875 809353
0.1357421875 0.404296875 0.82861328125 809451
0.1357421875 0.404296875 0.82861328125 809452
0.1357421875 0.404296875 0.82861328125 809453
0.1357421875 0.404296875 0.82861328125 809455
0.1357421875 0.404296875 0.82861328125 809456
0.142578125 0.404296875 0.83837890625 809555
0.142578125 0.404296875 0.83837890625 809579
0.142578125 0.404296875 0.83837890625 809580
0.142578125 0.404296875 0.83837890625 809581
0.142578125 0.404296875 0.83837890625 809583
0.138671875 0.39599609375 0.8271484375 809653
0.14111328125 0.4033203125 0.845703125 809755
0.14111328125 0.4033203125 0.845703125 809756
0.14111328125 0.4033203125 0.845703125 809758
0.14111328125 0.4033203125 0.845703125 809759
0.14111328125 0.4033203125 0.845703125 809760
0.14599609375 0.3984375 0.83203125 809880
0.14599609375 0.3984375 0.83203125 809882
0.14599609375 0.3984375 0.83203125 809883
0.14599609375 0.3984375 0.83203125 809884
0.14599609375 0.3984375 0.83203125 809885
0.13720703125 0.40869140625 0.8271484375 809936
0.1396484375 0.4052734375 0.83447265625 810047
0.1396484375 0.4052734375 0.83447265625 810048
0.1396484375 0.4052734375 0.83447265625 810049
0.1396484375 0.4052734375 0.83447265625 810050
0.1396484375 0.4052734375 0.83447265625 810051
0.1357421875 0.404296875 0.83154296875 810149
0.1357421875 0.404296875 0.83154296875 810150
0.1357421875 0.404296875 0.83154296875 810152
0.1357421875 0.404296875 0.83154296875 810153
0.1357421875 0.404296875 0.83154296875 810155
0.13916015625 0.40087890625 0.828125 810252
0.13916015625 0.40087890625 0.828125 810253
0.13916015625 0.40087890625 0.828125 810255
0.13916015625 0.40087890625 0.828125 810257
0.13916015625 0.40087890625 0.828125 810258
0.14208984375 0.39794921875 0.83251953125 810354
0.14208984375 0.39794921875 0.83251953125 810355
0.14208984375 0.39794921875 0.83251953125 810357
0.14208984375 0.39794921875 0.83251953125 810358
0.14208984375 0.39794921875 0.83251953125 810359
0.14501953125 0.40087890625 0.83447265625 810457
0.14501953125 0.40087890625 0.83447265625 810458
0.14501953125 0.40087890625 0.83447265625 810459
0.14501953125 0.40087890625 0.83447265625 810460
0.14501953125 0.40087890625 0.83447265625 810461
0.1357421875 0.40234375 0.82958984375 810536
0.1513671875 0.3984375 0.8466796875 810648
0.1513671875 0.3984375 0.8466796875 810649
0.1513671875 0.3984375 0.8466796875 810650
0.1513671875 0.3984375 0.8466796875 810651
0.1513671875 0.3984375 0.8466796875 810652
0.14013671875 0.3994140625 0.83447265625 810750
0.14013671875 0.3994140625 0.83447265625 810752
0.14013671875 0.3994140625 0.83447265625 810756
0.14013671875 0.3994140625 0.83447265625 810757
0.14013671875 0.3994140625 0.83447265625 810759
0.142578125 0.39990234375 0.83251953125 810853
0.142578125 0.39990234375 0.83251953125 810854
0.142578125 0.39990234375 0.83251953125 810855
0.1494140625 0.39794921875 0.8408203125 810956
0.1494140625 0.39794921875 0.8408203125 810957
0.1494140625 0.39794921875 0.8408203125 810958
0.1494140625 0.39794921875 0.8408203125 810959
0.1494140625 0.39794921875 0.8408203125 810960
0.14013671875 0.3984375 0.828125 811060
0.14013671875 0.3984375 0.828125 811061
0.14013671875 0.3984375 0.828125 811062
0.14013671875 0.3984375 0.828125 811064
0.14013671875 0.3984375 0.828125 811065
0.1416015625 0.3984375 0.8359375 811138
0.142578125 0.4013671875 0.83544921875 811249
0.142578125 0.4013671875 0.83544921875 811250
0.142578125 0.4013671875 0.83544921875 811251
0.142578125 0.4013671875 0.83544921875 811253
0.142578125 0.4013671875 0.83544921875 811254
0.14599609375 0.39599609375 0.83642578125 811352
0.14599609375 0.39599609375 0.83642578125 811353
0.14599609375 0.39599609375 0.83642578125 811354
0.14599609375 0.39599609375 0.83642578125 811355
0.14599609375 0.39599609375 0.83642578125 811356
0.140625 0.4013671875 0.83203125 811454
0.140625 0.4013671875 0.83203125 811455
0.140625 0.4013671875 0.83203125 811457
0.140625 0.4013671875 0.83203125 811458
0.140625 0.4013671875 0.83203125 811459
0.1435546875 0.39599609375 0.8447265625 811557
0.1435546875 0.39599609375 0.8447265625 811558
0.1435546875 0.39599609375 0.8447265625 811559
0.1435546875 0.39599609375 0.8447265625 811560
0.1435546875 0.39599609375 0.8447265625 811561
0.14404296875 0.396484375 0.833984375 811659
0.14404296875 0.396484375 0.833984375 811660
0.14404296875 0.396484375 0.833984375 811662
0.14404296875 0.396484375 0.833984375 811663
0.14404296875 0.396484375 0.833984375 811665
0.13671875 0.40185546875 0.83056640625 811739
0.14208984375 0.3994140625 0.83740234375 811848
0.14208984375 0.3994140625 0.83740234375 811849
0.14208984375 0.3994140625 0.83740234375 811851
0.14208984375 0.3994140625 0.83740234375 811852
0.14208984375 0.3994140625 0.83740234375 811853
0.14453125 0.396484375 0.83740234375 811950
0.14453125 0.396484375 0.83740234375 811951
0.14453125 0.396484375 0.83740234375 811952
0.14453125 0.396484375 0.83740234375 811953
0.14453125 0.396484375 0.83740234375 811954
0.13720703125 0.40185546875 0.83349609375 812052
0.13720703125 0.40185546875 0.83349609375 812054
0.13720703125 0.40185546875 0.83349609375 812054
0.13720703125 0.40185546875 0.83349609375 812055
0.13720703125 0.40185546875 0.83349609375 812056
0.14453125 0.39404296875 0.84130859375 812155
0.14453125 0.39404296875 0.84130859375 812156
0.14453125 0.39404296875 0.84130859375 812157
0.14453125 0.39404296875 0.84130859375 812159
0.14453125 0.39404296875 0.84130859375 812160
0.14013671875 0.3994140625 0.83544921875 812258
0.14013671875 0.3994140625 0.83544921875 812259
0.14013671875 0.3994140625 0.83544921875 812260
0.14013671875 0.3994140625 0.83544921875 812260
0.14013671875 0.3994140625 0.83544921875 812261
0.14306640625 0.3935546875 0.83544921875 812400
0.14306640625 0.3935546875 0.83544921875 812401
0.14306640625 0.3935546875 0.83544921875 812402
0.14306640625 0.3935546875 0.83544921875 812403
0.14306640625 0.3935546875 0.83544921875 812404
0.14013671875 0.39599609375 0.8330078125 812447
0.1416015625 0.39697265625 0.84228515625 812549
0.1416015625 0.39697265625 0.84228515625 812550
0.1416015625 0.39697265625 0.84228515625 812551
0.1416015625 0.39697265625 0.84228515625 812552
0.1416015625 0.39697265625 0.84228515625 812554
0.14990234375 0.38623046875 0.8310546875 812651
0.14990234375 0.38623046875 0.8310546875 812652
0.14990234375 0.38623046875 0.8310546875 812653
0.14990234375 0.38623046875 0.8310546875 812654
0.14990234375 0.38623046875 0.8310546875 812655
0.1474609375 0.39453125 0.84326171875 812755
0.1474609375 0.39453125 0.84326171875 812759
0.1474609375 0.39453125 0.84326171875 812760
0.1474609375 0.39453125 0.84326171875 812761
0.1474609375 0.39453125 0.84326171875 812762
0.14306640625 0.3955078125 0.8388671875 812859
0.14306640625 0.3955078125 0.8388671875 812860
0.14306640625 0.3955078125 0.8388671875 812861
0.14306640625 0.3955078125 0.8388671875 812862
0.14306640625 0.3955078125 0.8388671875 812864
0.14501953125 0.3896484375 0.8369140625 813003
0.14501953125 0.3896484375 0.8369140625 813004
0.14501953125 0.3896484375 0.8369140625 813005
0.14501953125 0.3896484375 0.8369140625 813007
0.14501953125 0.3896484375 0.8369140625 813008
0.14599609375 0.392578125 0.84619140625 813049
0.13720703125 0.3955078125 0.833984375 813152
0.13720703125 0.3955078125 0.833984375 813153
0.13720703125 0.3955078125 0.833984375 813154
0.13720703125 0.3955078125 0.833984375 813155
0.13720703125 0.3955078125 0.833984375 813157
0.1494140625 0.38671875 0.8408203125 813254
0.1494140625 0.38671875 0.8408203125 813255
0.1494140625 0.38671875 0.8408203125 813256
0.1494140625 0.38671875 0.8408203125 813260
0.1494140625 0.38671875 0.8408203125 813263
0.134765625 0.396484375 0.8291015625 813356
0.134765625 0.396484375 0.8291015625 813357
0.134765625 0.396484375 0.8291015625 813358
0.134765625 0.396484375 0.8291015625 813359
0.1494140625 0.38671875 0.84765625 813459
0.1494140625 0.38671875 0.84765625 813460
0.1494140625 0.38671875 0.84765625 813461
0.1494140625 0.38671875 0.84765625 813463
0.1494140625 0.38671875 0.84765625 813464
0.14013671875 0.39306640625 0.83740234375 813538
0.14501953125 0.39306640625 0.83349609375 813649
0.14501953125 0.39306640625 0.83349609375 813650
0.14501953125 0.39306640625 0.83349609375 813651
0.14501953125 0.39306640625 0.83349609375 813652
0.14501953125 0.39306640625 0.83349609375 813653
0.14404296875 0.4013671875 0.84033203125 813754
0.14404296875 0.4013671875 0.84033203125 813802
0.14404296875 0.4013671875 0.84033203125 813804
0.14404296875 0.4013671875 0.84033203125 813806
0.14404296875 0.4013671875 0.84033203125 813808
0.14453125 0.39306640625 0.8349609375 813864
0.14453125 0.39306640625 0.8349609375 813865
0.14208984375 0.3994140625 0.84033203125 813959
0.14208984375 0.3994140625 0.84033203125 814001
0.14208984375 0.3994140625 0.84033203125 814002
0.14208984375 0.3994140625 0.84033203125 814003
0.14599609375 0.39013671875 0.8310546875 814061
0.14599609375 0.39013671875 0.8310546875 814062
0.14599609375 0.39013671875 0.8310546875 814063
0.14501953125 0.39990234375 0.8408203125 814139
0.14501953125 0.39990234375 0.8408203125 814140
0.14501953125 0.39990234375 0.8408203125 814142
0.1474609375 0.390625 0.82568359375 814249
0.1474609375 0.390625 0.82568359375 814250
0.1474609375 0.390625 0.82568359375 814251
0.1474609375 0.390625 0.82568359375 814252
0.1474609375 0.390625 0.82568359375 814253
0.14697265625 0.40087890625 0.8486328125 814353
0.14697265625 0.40087890625 0.8486328125 814354
0.14697265625 0.40087890625 0.8486328125 814355
0.14697265625 0.40087890625 0.8486328125 814356
0.14697265625 0.40087890625 0.8486328125 814357
0.142578125 0.3974609375 0.837890625 814455
0.142578125 0.3974609375 0.837890625 814456
0.142578125 0.3974609375 0.837890625 814458
0.142578125 0.3974609375 0.837890625 814462
0.142578125 0.3974609375 0.837890625 814463
0.14208984375 0.39501953125 0.830078125 814558
0.14208984375 0.39501953125 0.830078125 814559
0.14208984375 0.39501953125 0.830078125 814560
0.14208984375 0.39501953125 0.830078125 814562
0.14599609375 0.39404296875 0.8408203125 814660
0.14599609375 0.39404296875 0.8408203125 814661
0.14599609375 0.39404296875 0.8408203125 814663
0.14599609375 0.39404296875 0.8408203125 814664
0.14599609375 0.39404296875 0.8408203125 814665
0.14208984375 0.39501953125 0.8369140625 814768
0.14208984375 0.39501953125 0.8369140625 814769
0.14208984375 0.39501953125 0.8369140625 814770
0.14208984375 0.39501953125 0.8369140625 814771
0.14208984375 0.39501953125 0.8369140625 814772
0.14501953125 0.39453125 0.84375 814850
0.1376953125 0.3935546875 0.83203125 814953
0.1376953125 0.3935546875 0.83203125 814954
0.1376953125 0.3935546875 0.83203125 814955
0.1376953125 0.3935546875 0.83203125 814956
0.1376953125 0.3935546875 0.83203125 814957
0.142578125 0.3955078125 0.83544921875 815080
0.142578125 0.3955078125 0.83544921875 815081
0.142578125 0.3955078125 0.83544921875 815082
0.142578125 0.3955078125 0.83544921875 815084
0.142578125 0.3955078125 0.83544921875 815085
0.14208984375 0.38916015625 0.833984375 815157
0.1435546875 0.390625 0.84228515625 815261
0.1435546875 0.390625 0.84228515625 815262
0.1435546875 0.390625 0.84228515625 815263
0.1435546875 0.390625 0.84228515625 815264
0.1435546875 0.390625 0.84228515625 815266
0.14306640625 0.3916015625 0.841796875 815345
0.146484375 0.38916015625 0.8349609375 815458
0.146484375 0.38916015625 0.8349609375 815460
0.146484375 0.38916015625 0.8349609375 815461
0.146484375 0.38916015625 0.8349609375 815462
0.146484375 0.38916015625 0.8349609375 815463
0.146484375 0.39501953125 0.83984375 815562
0.146484375 0.39501953125 0.83984375 815563
0.146484375 0.39501953125 0.83984375 815564
0.146484375 0.39501953125 0.83984375 815565
0.146484375 0.39501953125 0.83984375 815566
0.14453125 0.39208984375 0.833984375 815647
0.15478515625 0.38818359375 0.84326171875 815750
0.15478515625 0.38818359375 0.84326171875 815752
0.15478515625 0.38818359375 0.84326171875 815753
0.15478515625 0.38818359375 0.84326171875 815754
0.15478515625 0.38818359375 0.84326171875 815755
0.1513671875 0.390625 0.8330078125 815852
0.1513671875 0.390625 0.8330078125 815854
0.1513671875 0.390625 0.8330078125 815855
0.1513671875 0.390625 0.8330078125 815856
0.1513671875 0.390625 0.8330078125 815857
0.173828125 0.39013671875 0.84619140625 815955
0.173828125 0.39013671875 0.84619140625 815956
0.173828125 0.39013671875 0.84619140625 815958
0.173828125 0.39013671875 0.84619140625 815959
0.173828125 0.39013671875 0.84619140625 815960
0.15966796875 0.412109375 0.8232421875 816057
0.15966796875 0.412109375 0.8232421875 816059
0.15966796875 0.412109375 0.8232421875 816060
0.15966796875 0.412109375 0.8232421875 816061
0.15966796875 0.412109375 0.8232421875 816062
0.1611328125 0.40576171875 0.837890625 816160
0.1611328125 0.40576171875 0.837890625 816163
0.1611328125 0.40576171875 0.837890625 816164
0.1611328125 0.40576171875 0.837890625 816165
0.1611328125 0.40576171875 0.837890625 816167
0.17578125 0.3896484375 0.82568359375 816249
0.17236328125 0.36376953125 0.8203125 816351
0.17236328125 0.36376953125 0.8203125 816377
0.17236328125 0.36376953125 0.8203125 816378
0.17236328125 0.36376953125 0.8203125 816379
0.17236328125 0.36376953125 0.8203125 816381
0.1611328125 0.36376953125 0.80908203125 816454
0.1611328125 0.36376953125 0.80908203125 816455
0.1591796875 0.376953125 0.83154296875 816556
0.1591796875 0.376953125 0.83154296875 816558
0.1591796875 0.376953125 0.83154296875 816595
0.1591796875 0.376953125 0.83154296875 816596
0.1591796875 0.376953125 0.83154296875 816597
0.1611328125 0.37255859375 0.8701171875 816659
0.1611328125 0.37255859375 0.8701171875 816660
0.1611328125 0.37255859375 0.8701171875 816661
0.07080078125 0.41455078125 0.95849609375 816761
0.07080078125 0.41455078125 0.95849609375 816763
0.07080078125 0.41455078125 0.95849609375 816764
0.07080078125 0.41455078125 0.95849609375 816791
0.07080078125 0.41455078125 0.95849609375 816794
-0.169921875 0.5361328125 0.74267578125 816841
-0.4423828125 0.62890625 0.36279296875 816953
-0.4423828125 0.62890625 0.36279296875 816954
-0.4423828125 0.62890625 0.36279296875 816955
-0.4423828125 0.62890625 0.36279296875 816979
-0.4423828125 0.62890625 0.36279296875 816980
-0.5439453125 0.59033203125 -0.24267578125 817058
-0.5439453125 0.59033203125 -0.24267578125 817073
-0.5439453125 0.59033203125 -0.24267578125 817074
-0.49365234375 0.54931640625 -0.82421875 817140
-0.49365234375 0.54931640625 -0.82421875 817141
-0.49365234375 0.54931640625 -0.82421875 817142
-0.47802734375 0.5908203125 -0.79248046875 817252
-0.47802734375 0.5908203125 -0.79248046875 817253
-0.47802734375 0.5908203125 -0.79248046875 817254
-0.47802734375 0.5908203125 -0.79248046875 817256
-0.47802734375 0.5908203125 -0.79248046875 817257
-0.345703125 0.54931640625 0.4462890625 817380
-0.345703125 0.54931640625 0.4462890625 817381
-0.345703125 0.54931640625 0.4462890625 817382
-0.345703125 0.54931640625 0.4462890625 817383
-0.345703125 0.54931640625 0.4462890625 817384
-0.0224609375 0.42919921875 0.95751953125 817458
-0.0283203125 0.39794921875 0.82666015625 817563
-0.0283203125 0.39794921875 0.82666015625 817564
-0.0283203125 0.39794921875 0.82666015625 817565
-0.0283203125 0.39794921875 0.82666015625 817567
-0.0283203125 0.39794921875 0.82666015625 817568
-0.125 0.49951171875 0.66796875 817645
-0.2998046875 0.6201171875 0.4365234375 817753
-0.2998046875 0.6201171875 0.4365234375 817754
-0.2998046875 0.6201171875 0.4365234375 817780
-0.2998046875 0.6201171875 0.4365234375 817782
-0.2998046875 0.6201171875 0.4365234375 817784
-0.45751953125 0.77880859375 0.12841796875 817897
-0.45751953125 0.77880859375 0.12841796875 817899
-0.45751953125 0.77880859375 0.12841796875 817900
-0.45751953125 0.77880859375 0.12841796875 817901
-0.45751953125 0.77880859375 0.12841796875 817902
-0.5146484375 0.79052734375 -0.14990234375 817957
-0.5078125 0.7998046875 -0.25146484375 818060
-0.5078125 0.7998046875 -0.25146484375 818062
-0.5078125 0.7998046875 -0.25146484375 818063
-0.5078125 0.7998046875 -0.25146484375 818064
-0.5078125 0.7998046875 -0.25146484375 818065
-0.44580078125 0.84423828125 -0.00390625 818162
-0.44580078125 0.84423828125 -0.00390625 818164
-0.44580078125 0.84423828125 -0.00390625 818165
-0.44580078125 0.84423828125 -0.00390625 818166
-0.44580078125 0.84423828125 -0.00390625 818167
-0.21875 0.798828125 0.49169921875 818241
0.07861328125 0.68212890625 0.763671875 818352
0.07861328125 0.68212890625 0.763671875 818353
0.07861328125 0.68212890625 0.763671875 818354
0.07861328125 0.68212890625 0.763671875 818355
0.07861328125 0.68212890625 0.763671875 818356
0.181640625 0.537109375 0.822265625 818521
0.181640625 0.537109375 0.822265625 818522
0.181640625 0.537109375 0.822265625 818524
0.181640625 0.537109375 0.822265625 818525
0.181640625 0.537109375 0.822265625 818526
0.1708984375 0.50439453125 0.81201171875 818558
0.17822265625 0.453125 0.84033203125 818662
0.17822265625 0.453125 0.84033203125 818663
0.17822265625 0.453125 0.84033203125 818665
0.17822265625 0.453125 0.84033203125 818666
0.17822265625 0.453125 0.84033203125 818667
0.17431640625 0.4287109375 0.828125 818763
0.17431640625 0.4287109375 0.828125 818764
0.17431640625 0.4287109375 0.828125 818765
0.17431640625 0.4287109375 0.828125 818767
0.17431640625 0.4287109375 0.828125 818768
0.1728515625 0.41357421875 0.82421875 818847
0.18408203125 0.4140625 0.8369140625 818950
0.18408203125 0.4140625 0.8369140625 818953
0.18408203125 0.4140625 0.8369140625 818954
0.18408203125 0.4140625 0.8369140625 818955
0.18408203125 0.4140625 0.8369140625 818956
0.158203125 0.41796875 0.80908203125 819052
0.158203125 0.41796875 0.80908203125 819054
0.158203125 0.41796875 0.80908203125 819058
0.158203125 0.41796875 0.80908203125 819059
0.158203125 0.41796875 0.80908203125 819061
0.14697265625 0.416015625 0.80712890625 819156
0.14697265625 0.416015625 0.80712890625 819158
0.14697265625 0.416015625 0.80712890625 819159
0.14697265625 0.416015625 0.80712890625 819160
0.14697265625 0.416015625 0.80712890625 819162
0.14208984375 0.4228515625 0.828125 819259
0.14208984375 0.4228515625 0.828125 819260
0.14208984375 0.4228515625 0.828125 819261
0.14208984375 0.4228515625 0.828125 819262
0.14599609375 0.42138671875 0.845703125 819362
0.14599609375 0.42138671875 0.845703125 819364
0.14599609375 0.42138671875 0.845703125 819366
0.14599609375 0.42138671875 0.845703125 819367
0.14599609375 0.42138671875 0.845703125 819368
0.14501953125 0.40869140625 0.841796875 819442
0.1396484375 0.3857421875 0.82080078125 819553
0.1396484375 0.3857421875 0.82080078125 819554
0.1396484375 0.3857421875 0.82080078125 819555
0.1396484375 0.3857421875 0.82080078125 819556
0.1396484375 0.3857421875 0.82080078125 819557
0.1376953125 0.38134765625 0.8232421875 819655
0.1376953125 0.38134765625 0.8232421875 819656
0.1376953125 0.38134765625 0.8232421875 819657
0.1376953125 0.38134765625 0.8232421875 819658
0.1376953125 0.38134765625 0.8232421875 819659
0.12548828125 0.38720703125 0.84033203125 819758
0.12548828125 0.38720703125 0.84033203125 819759
0.12548828125 0.38720703125 0.84033203125 819760
0.12548828125 0.38720703125 0.84033203125 819762
0.12548828125 0.38720703125 0.84033203125 819763
0.12451171875 0.38916015625 0.83984375 819860
0.12451171875 0.38916015625 0.83984375 819861
0.12451171875 0.38916015625 0.83984375 819862
0.12451171875 0.38916015625 0.83984375 819884
0.12451171875 0.38916015625 0.83984375 819885
0.12939453125 0.373046875 0.83544921875 819962
0.12939453125 0.373046875 0.83544921875 819963
0.12939453125 0.373046875 0.83544921875 819965
0.12939453125 0.373046875 0.83544921875 819967
0.12890625 0.36962890625 0.8349609375 820065
0.12890625 0.36962890625 0.8349609375 820066
0.12890625 0.36962890625 0.8349609375 820068
0.12890625 0.36962890625 0.8349609375 820069
0.12890625 0.36962890625 0.8349609375 820070
0.125 0.3623046875 0.83447265625 820143
0.125 0.36376953125 0.84326171875 820254
0.125 0.36376953125 0.84326171875 820255
0.125 0.36376953125 0.84326171875 820257
0.125 0.36376953125 0.84326171875 820258
0.125 0.36376953125 0.84326171875 820259
0.11669921875 0.373046875 0.85205078125 820356
0.11669921875 0.373046875 0.85205078125 820358
0.11669921875 0.373046875 0.85205078125 820359
0.11669921875 0.373046875 0.85205078125 820360
0.11669921875 0.373046875 0.85205078125 820361
0.12353515625 0.35791015625 0.84375 820459
0.12353515625 0.35791015625 0.84375 820460
0.12353515625 0.35791015625 0.84375 820461
0.12353515625 0.35791015625 0.84375 820462
0.12353515625 0.35791015625 0.84375 820463
0.1220703125 0.36376953125 0.849609375 820562
0.1220703125 0.36376953125 0.849609375 820565
0.1220703125 0.36376953125 0.849609375 820567
0.1220703125 0.36376953125 0.849609375 820568
0.1220703125 0.36376953125 0.849609375 820569
0.12548828125 0.36376953125 0.85302734375 820692
0.12548828125 0.36376953125 0.85302734375 820694
0.12548828125 0.36376953125 0.85302734375 820724
0.12548828125 0.36376953125 0.85302734375 820725
0.12548828125 0.36376953125 0.85302734375 820727
0.1123046875 0.37353515625 0.84375 820750
0.12939453125 0.36083984375 0.84423828125 820854
0.12939453125 0.36083984375 0.84423828125 820855
0.12939453125 0.36083984375 0.84423828125 820857
0.12939453125 0.36083984375 0.84423828125 820858
0.12939453125 0.36083984375 0.84423828125 820859
0.138671875 0.36474609375 0.85595703125 820957
0.138671875 0.36474609375 0.85595703125 820958
0.138671875 0.36474609375 0.85595703125 820959
0.138671875 0.36474609375 0.85595703125 820960
0.138671875 0.36474609375 0.85595703125 820961
0.1240234375 0.365234375 0.84375 821058
0.1240234375 0.365234375 0.84375 821060
0.1240234375 0.365234375 0.84375 821061
0.1240234375 0.365234375 0.84375 821064
0.1240234375 0.365234375 0.84375 821065
0.12744140625 0.36865234375 0.83984375 821161
0.12744140625 0.36865234375 0.83984375 821163
0.12744140625 0.36865234375 0.83984375 821164
0.12744140625 0.36865234375 0.83984375 821165
0.12744140625 0.36865234375 0.83984375 821167
0.12939453125 0.36572265625 0.83984375 821265
0.12939453125 0.36572265625 0.83984375 821266
0.12939453125 0.36572265625 0.83984375 821268
0.12939453125 0.36572265625 0.83984375 821269
0.12939453125 0.36572265625 0.83984375 821270
0.1298828125 0.37158203125 0.849609375 821359
0.13916015625 0.36669921875 0.85888671875 821453
0.13916015625 0.36669921875 0.85888671875 821455
0.13916015625 0.36669921875 0.85888671875 821456
0.13916015625 0.36669921875 0.85888671875 821457
0.13916015625 0.36669921875 0.85888671875 821458
0.138671875 0.359375 0.8359375 821560
0.138671875 0.359375 0.8359375 821562
0.138671875 0.359375 0.8359375 821563
0.138671875 0.359375 0.8359375 821564
0.138671875 0.359375 0.8359375 821565
0.1435546875 0.369140625 0.85009765625 821658
0.14501953125 0.36865234375 0.84130859375 821761
0.14501953125 0.36865234375 0.84130859375 821763
0.14501953125 0.36865234375 0.84130859375 821764
0.14501953125 0.36865234375 0.84130859375 821765
0.14501953125 0.36865234375 0.84130859375 821766
0.1533203125 0.36669921875 0.84423828125 821866
0.1533203125 0.36669921875 0.84423828125 821868
0.1533203125 0.36669921875 0.84423828125 821869
0.1533203125 0.36669921875 0.84423828125 821870
0.1533203125 0.36669921875 0.84423828125 821872
0.1455078125 0.373046875 0.84130859375 821998
0.1455078125 0.373046875 0.84130859375 822003
0.1455078125 0.373046875 0.84130859375 822013
0.1455078125 0.373046875 0.84130859375 822014
0.1455078125 0.373046875 0.84130859375 822015
0.15625 0.36767578125 0.8525390625 822047
0.1513671875 0.38037109375 0.84765625 822155
0.1513671875 0.38037109375 0.84765625 822156
0.1513671875 0.38037109375 0.84765625 822157
0.1513671875 0.38037109375 0.84765625 822158
0.1513671875 0.38037109375 0.84765625 822180
0.15771484375 0.36572265625 0.8427734375 822262
0.15771484375 0.36572265625 0.8427734375 822263
0.15771484375 0.36572265625 0.8427734375 822264
0.15771484375 0.36572265625 0.8427734375 822265
0.15771484375 0.36572265625 0.8427734375 822266
0.15771484375 0.37548828125 0.8486328125 822465
0.15771484375 0.37548828125 0.8486328125 822467
0.15771484375 0.37548828125 0.8486328125 822468
0.15771484375 0.37548828125 0.8486328125 822469
0.15771484375 0.37548828125 0.8486328125 822470
0.14306640625 0.37744140625 0.8251953125 822483
0.1669921875 0.373046875 0.85107421875 822565
0.1669921875 0.373046875 0.85107421875 822566
0.158203125 0.37890625 0.83935546875 822654
0.158203125 0.37890625 0.83935546875 822655
0.158203125 0.37890625 0.83935546875 822656
0.158203125 0.37890625 0.83935546875 822657
0.16259765625 0.376953125 0.84619140625 822747
0.16259765625 0.376953125 0.84619140625 822749
0.15869140625 0.375 0.8408203125 822858
0.15869140625 0.375 0.8408203125 822859
0.15869140625 0.375 0.8408203125 822860
0.15869140625 0.375 0.8408203125 822861
0.15869140625 0.375 0.8408203125 822862
0.1591796875 0.3740234375 0.84375 822964
0.1591796875 0.3740234375 0.84375 822965
0.1591796875 0.3740234375 0.84375 823012
0.1591796875 0.3740234375 0.84375 823013
0.1591796875 0.3740234375 0.84375 823014
0.16015625 0.3759765625 0.84326171875 823065
0.16015625 0.3759765625 0.84326171875 823066
0.16015625 0.3759765625 0.84326171875 823067
0.16357421875 0.3818359375 0.85009765625 823196
0.16357421875 0.3818359375 0.85009765625 823197
0.16357421875 0.3818359375 0.85009765625 823199
0.16357421875 0.3818359375 0.85009765625 823200
0.16357421875 0.3818359375 0.85009765625 823202
0.16064453125 0.37939453125 0.8388671875 823255
0.15625 0.380859375 0.833984375 823361
0.15625 0.380859375 0.833984375 823362
0.15625 0.380859375 0.833984375 823363
0.15625 0.380859375 0.833984375 823364
0.15625 0.380859375 0.833984375 823367
0.1640625 0.3818359375 0.84521484375 823460
0.16259765625 0.37548828125 0.84130859375 823565
0.16259765625 0.37548828125 0.84130859375 823566
0.16259765625 0.37548828125 0.84130859375 823567
0.16259765625 0.37548828125 0.84130859375 823568
0.16259765625 0.37548828125 0.84130859375 823570
0.15771484375 0.3818359375 0.841796875 823665
0.15771484375 0.3818359375 0.841796875 823666
0.15771484375 0.3818359375 0.841796875 823668
0.15771484375 0.3818359375 0.841796875 823669
0.15771484375 0.3818359375 0.841796875 823670
0.162109375 0.380859375 0.84521484375 823767
0.162109375 0.380859375 0.84521484375 823768
0.162109375 0.380859375 0.84521484375 823769
0.162109375 0.380859375 0.84521484375 823771
0.162109375 0.380859375 0.84521484375 823777
0.15966796875 0.3779296875 0.8369140625 823845
0.15576171875 0.3798828125 0.84326171875 823959
0.15576171875 0.3798828125 0.84326171875 823960
0.15576171875 0.3798828125 0.84326171875 823963
0.15576171875 0.3798828125 0.84326171875 823964
0.15576171875 0.3798828125 0.84326171875 823965
0.16748046875 0.37255859375 0.84521484375 824059
0.16748046875 0.37255859375 0.84521484375 824060
0.16748046875 0.37255859375 0.84521484375 824061
0.1689453125 0.37841796875 0.84423828125 824161
0.1689453125 0.37841796875 0.84423828125 824162
0.1689453125 0.37841796875 0.84423828125 824164
0.1689453125 0.37841796875 0.84423828125 824166
0.1689453125 0.37841796875 0.84423828125 824167
0.1611328125 0.38232421875 0.837890625 824264
0.1611328125 0.38232421875 0.837890625 824265
0.1611328125 0.38232421875 0.837890625 824266
0.1611328125 0.38232421875 0.837890625 824268
0.1611328125 0.38232421875 0.837890625 824269
0.1748046875 0.37548828125 0.85400390625 824367
0.1748046875 0.37548828125 0.85400390625 824368
0.1748046875 0.37548828125 0.85400390625 824370
0.1748046875 0.37548828125 0.85400390625 824371
0.1748046875 0.37548828125 0.85400390625 824372
0.1630859375 0.3837890625 0.83984375 824445
0.16064453125 0.3798828125 0.83447265625 824558
0.16064453125 0.3798828125 0.83447265625 824559
0.16064453125 0.3798828125 0.83447265625 824561
0.16064453125 0.3798828125 0.83447265625 824562
0.16064453125 0.3798828125 0.83447265625 824563
0.16552734375 0.38427734375 0.84814453125 824656
0.1640625 0.37744140625 0.83984375 824758
0.1640625 0.37744140625 0.83984375 824759
0.1640625 0.37744140625 0.83984375 824766
0.1640625 0.37744140625 0.83984375 824767
0.1640625 0.37744140625 0.83984375 824768
0.1650390625 0.3798828125 0.8427734375 824860
0.1650390625 0.3798828125 0.8427734375 824861
0.1650390625 0.3798828125 0.8427734375 824862
0.16455078125 0.37890625 0.84716796875 824962
0.16455078125 0.37890625 0.84716796875 824963
0.16455078125 0.37890625 0.84716796875 824964
0.16455078125 0.37890625 0.84716796875 824966
0.16455078125 0.37890625 0.84716796875 824967
0.171875 0.3759765625 0.8466796875 825065
0.171875 0.3759765625 0.8466796875 825069
0.171875 0.3759765625 0.8466796875 825070
0.171875 0.3759765625 0.8466796875 825071
0.171875 0.3759765625 0.8466796875 825073
0.16552734375 0.37548828125 0.83984375 825167
0.16552734375 0.37548828125 0.83984375 825168
0.1728515625 0.37451171875 0.84765625 825247
0.1728515625 0.37451171875 0.84765625 825248
0.1728515625 0.37451171875 0.84765625 825250
0.1728515625 0.37451171875 0.84765625 825251
0.16650390625 0.37646484375 0.83984375 825357
0.16650390625 0.37646484375 0.83984375 825358
0.16650390625 0.37646484375 0.83984375 825359
0.16650390625 0.37646484375 0.83984375 825360
0.16650390625 0.37646484375 0.83984375 825361
0.1611328125 0.3798828125 0.8369140625 825460
0.1611328125 0.3798828125 0.8369140625 825461
0.1611328125 0.3798828125 0.8369140625 825462
0.1611328125 0.3798828125 0.8369140625 825463
0.1611328125 0.3798828125 0.8369140625 825465
0.17236328125 0.38037109375 0.84619140625 825563
0.17236328125 0.38037109375 0.84619140625 825564
0.17236328125 0.38037109375 0.84619140625 825565
0.17236328125 0.38037109375 0.84619140625 825566
0.17041015625 0.3779296875 0.83837890625 825666
0.17041015625 0.3779296875 0.83837890625 825668
0.17041015625 0.3779296875 0.83837890625 825670
0.17041015625 0.3779296875 0.83837890625 825671
0.17041015625 0.3779296875 0.83837890625 825672
0.16162109375 0.38671875 0.837890625 825769
0.16162109375 0.38671875 0.837890625 825770
0.16162109375 0.38671875 0.837890625 825771
0.16162109375 0.38671875 0.837890625 825773
0.16162109375 0.38671875 0.837890625 825774
0.1708984375 0.37890625 0.84228515625 825848
0.1630859375 0.38427734375 0.83642578125 825957
0.1630859375 0.38427734375 0.83642578125 825958
0.1630859375 0.38427734375 0.83642578125 825959
0.1630859375 0.38427734375 0.83642578125 825960
0.1630859375 0.38427734375 0.83642578125 825961
0.171875 0.38134765625 0.8408203125 826061
0.171875 0.38134765625 0.8408203125 826062
0.171875 0.38134765625 0.8408203125 826063
0.171875 0.38134765625 0.8408203125 826065
0.171875 0.38134765625 0.8408203125 826066
0.1748046875 0.37890625 0.85302734375 826164
0.1748046875 0.37890625 0.85302734375 826166
0.1748046875 0.37890625 0.85302734375 826167
0.1748046875 0.37890625 0.85302734375 826168
0.1748046875 0.37890625 0.85302734375 826169
0.1640625 0.38623046875 0.8369140625 826267
0.1640625 0.38623046875 0.8369140625 826268
0.1640625 0.38623046875 0.8369140625 826270
0.1640625 0.38623046875 0.8369140625 826271
0.1640625 0.38623046875 0.8369140625 826272
0.1669921875 0.37890625 0.83837890625 826369
0.1669921875 0.37890625 0.83837890625 826370
0.1669921875 0.37890625 0.83837890625 826371
0.1669921875 0.37890625 0.83837890625 826372
0.1669921875 0.37890625 0.83837890625 826374
0.16650390625 0.3896484375 0.84326171875 826446
0.1796875 0.3779296875 0.845703125 826558
0.1796875 0.3779296875 0.845703125 826559
0.1796875 0.3779296875 0.845703125 826560
0.1796875 0.3779296875 0.845703125 826562
0.1796875 0.3779296875 0.845703125 826563
0.16845703125 0.38427734375 0.84228515625 826660
0.16845703125 0.38427734375 0.84228515625 826661
0.16845703125 0.38427734375 0.84228515625 826662
0.16845703125 0.38427734375 0.84228515625 826663
0.16845703125 0.38427734375 0.84228515625 826664
0.1669921875 0.38232421875 0.841796875 826763
0.1669921875 0.38232421875 0.841796875 826764
0.1669921875 0.38232421875 0.841796875 826765
0.1669921875 0.38232421875 0.841796875 826766
0.1669921875 0.38232421875 0.841796875 826767
0.169921875 0.38037109375 0.8466796875 826865
0.169921875 0.38037109375 0.8466796875 826866
0.169921875 0.38037109375 0.8466796875 826867
0.169921875 0.38037109375 0.8466796875 826869
0.169921875 0.38037109375 0.8466796875 826870
0.162109375 0.390625 0.83544921875 826968
0.162109375 0.390625 0.83544921875 826969
0.162109375 0.390625 0.83544921875 826970
0.162109375 0.390625 0.83544921875 826971
0.162109375 0.390625 0.83544921875 826972
0.17236328125 0.3818359375 0.8447265625 827046
0.166015625 0.3896484375 0.84423828125 827158
0.166015625 0.3896484375 0.84423828125 827159
0.166015625 0.3896484375 0.84423828125 827160
0.166015625 0.3896484375 0.84423828125 827162
0.166015625 0.3896484375 0.84423828125 827163
0.17578125 0.37548828125 0.83740234375 827262
0.17578125 0.37548828125 0.83740234375 827263
0.17578125 0.37548828125 0.83740234375 827264
0.17578125 0.37548828125 0.83740234375 827265
0.17578125 0.37548828125 0.83740234375 827266
0.17333984375 0.38427734375 0.84716796875 827364
0.17333984375 0.38427734375 0.84716796875 827365
0.17333984375 0.38427734375 0.84716796875 827366
0.17333984375 0.38427734375 0.84716796875 827368
0.169921875 0.3779296875 0.83837890625 827467
0.169921875 0.3779296875 0.83837890625 827468
0.169921875 0.3779296875 0.83837890625 827470
0.169921875 0.3779296875 0.83837890625 827471
0.169921875 0.3779296875 0.83837890625 827472
0.16748046875 0.3876953125 0.84228515625 827570
0.16748046875 0.3876953125 0.84228515625 827575
0.16748046875 0.3876953125 0.84228515625 827576
0.16748046875 0.3876953125 0.84228515625 827577
0.16748046875 0.3876953125 0.84228515625 827579
0.173828125 0.3818359375 0.8427734375 827648
0.166015625 0.38818359375 0.83837890625 827758
0.166015625 0.38818359375 0.83837890625 827759
0.166015625 0.38818359375 0.83837890625 827761
0.166015625 0.38818359375 0.83837890625 827762
0.166015625 0.38818359375 0.83837890625 827763
0.1708984375 0.380859375 0.83984375 827860
0.1708984375 0.380859375 0.83984375 827861
0.1708984375 0.380859375 0.83984375 827862
0.1708984375 0.380859375 0.83984375 827863
0.1708984375 0.380859375 0.83984375 827864
0.17431640625 0.38623046875 0.8466796875 827962
0.17431640625 0.38623046875 0.8466796875 827963
0.17431640625 0.38623046875 0.8466796875 827967
0.17431640625 0.38623046875 0.8466796875 827968
0.17431640625 0.38623046875 0.8466796875 827970
0.15966796875 0.39111328125 0.83447265625 828065
0.15966796875 0.39111328125 0.83447265625 828074
0.15966796875 0.39111328125 0.83447265625 828082
0.15966796875 0.39111328125 0.83447265625 828083
0.15966796875 0.39111328125 0.83447265625 828084
0.17333984375 0.38623046875 0.84033203125 828169
0.17333984375 0.38623046875 0.84033203125 828170
0.173828125 0.38671875 0.83544921875 828272
0.173828125 0.38671875 0.83544921875 828274
0.173828125 0.38671875 0.83544921875 828274
0.173828125 0.38671875 0.83544921875 828275
0.173828125 0.38671875 0.83544921875 828276
0.1669921875 0.38720703125 0.84228515625 828387
0.1669921875 0.38720703125 0.84228515625 828388
0.1669921875 0.38720703125 0.84228515625 828389
0.1669921875 0.38720703125 0.84228515625 828390
0.1669921875 0.38720703125 0.84228515625 828391
0.17138671875 0.3828125 0.84326171875 828448
0.1611328125 0.38623046875 0.83251953125 828559
0.1611328125 0.38623046875 0.83251953125 828560
0.1611328125 0.38623046875 0.83251953125 828561
0.1611328125 0.38623046875 0.83251953125 828562
0.1611328125 0.38623046875 0.83251953125 828563
0.17431640625 0.37939453125 0.8447265625 828668
0.17431640625 0.37939453125 0.8447265625 828670
0.17431640625 0.37939453125 0.8447265625 828672
0.17431640625 0.37939453125 0.8447265625 828673
0.17431640625 0.37939453125 0.8447265625 828674
0.1689453125 0.38720703125 0.83740234375 828764
0.17626953125 0.380859375 0.84619140625 828866
0.17626953125 0.380859375 0.84619140625 828867
0.17626953125 0.380859375 0.84619140625 828868
0.17626953125 0.380859375 0.84619140625 828870
0.17626953125 0.380859375 0.84619140625 828871
0.1669921875 0.388671875 0.83984375 828969
0.1669921875 0.388671875 0.83984375 828970
0.1669921875 0.388671875 0.83984375 828971
0.1669921875 0.388671875 0.83984375 828995
0.1669921875 0.388671875 0.83984375 828996
0.17578125 0.38134765625 0.83984375 829049
0.17578125 0.3798828125 0.83984375 829159
0.17578125 0.3798828125 0.83984375 829160
0.17578125 0.3798828125 0.83984375 829161
0.17578125 0.3798828125 0.83984375 829162
0.17578125 0.3798828125 0.83984375 829163
0.16796875 0.38720703125 0.841796875 829261
0.16796875 0.38720703125 0.841796875 829262
0.16796875 0.38720703125 0.841796875 829264
0.16796875 0.38720703125 0.841796875 829265
0.16796875 0.38720703125 0.841796875 829266
0.181640625 0.3818359375 0.84521484375 829363
0.181640625 0.3818359375 0.84521484375 829365
0.181640625 0.3818359375 0.84521484375 829366
0.181640625 0.3818359375 0.84521484375 829366
0.181640625 0.3818359375 0.84521484375 829367
0.185546875 0.38525390625 0.84814453125 829466
0.185546875 0.38525390625 0.84814453125 829467
0.185546875 0.38525390625 0.84814453125 829468
0.185546875 0.38525390625 0.84814453125 829469
0.185546875 0.38525390625 0.84814453125 829471
0.1884765625 0.37841796875 0.83984375 829568
0.1884765625 0.37841796875 0.83984375 829569
0.1884765625 0.37841796875 0.83984375 829570
0.1884765625 0.37841796875 0.83984375 829571
0.1884765625 0.37841796875 0.83984375 829572
0.20361328125 0.38037109375 0.8369140625 829671
0.20361328125 0.38037109375 0.8369140625 829672
0.20361328125 0.38037109375 0.8369140625 829673
0.20361328125 0.38037109375 0.8369140625 829674
0.20361328125 0.38037109375 0.8369140625 829675
0.19873046875 0.39501953125 0.82958984375 829749
0.20849609375 0.36962890625 0.8203125 829860
0.20849609375 0.36962890625 0.8203125 829861
0.20849609375 0.36962890625 0.8203125 829862
0.20849609375 0.36962890625 0.8203125 829863
0.20849609375 0.36962890625 0.8203125 829865
0.22509765625 0.3466796875 0.82958984375 829986
0.22509765625 0.3466796875 0.82958984375 829988
0.22509765625 0.3466796875 0.82958984375 829989
0.22509765625 0.3466796875 0.82958984375 829990
0.22509765625 0.3466796875 0.82958984375 829991
0.1962890625 0.35986328125 0.85009765625 830065
0.18408203125 0.36083984375 0.896484375 830167
0.18408203125 0.36083984375 0.896484375 830169
0.18408203125 0.36083984375 0.896484375 830170
0.18408203125 0.36083984375 0.896484375 830172
0.18408203125 0.36083984375 0.896484375 830173
0.09912109375 0.3857421875 0.9150390625 830281
0.09912109375 0.3857421875 0.9150390625 830282
0.09912109375 0.3857421875 0.9150390625 830283
0.09912109375 0.3857421875 0.9150390625 830284
0.09912109375 0.3857421875 0.9150390625 830285
-0.13232421875 0.48876953125 0.7333984375 830367
-0.52001953125 0.6728515625 0.33642578125 830470
-0.52001953125 0.6728515625 0.33642578125 830471
-0.52001953125 0.6728515625 0.33642578125 830472
-0.52001953125 0.6728515625 0.33642578125 830497
-0.52001953125 0.6728515625 0.33642578125 830502
-0.60009765625 0.685546875 -0.2724609375 830562
-0.53076171875 0.56884765625 -0.62109375 830661
-0.53076171875 0.56884765625 -0.62109375 830662
-0.53076171875 0.56884765625 -0.62109375 830663
-0.53076171875 0.56884765625 -0.62109375 830664
-0.53076171875 0.56884765625 -0.62109375 830665
-0.482421875 0.5888671875 -0.23681640625 830764
-0.482421875 0.5888671875 -0.23681640625 830766
-0.482421875 0.5888671875 -0.23681640625 830767
-0.482421875 0.5888671875 -0.23681640625 830768
-0.482421875 0.5888671875 -0.23681640625 830769
-0.341796875 0.6982421875 0.75 830866
-0.341796875 0.6982421875 0.75 830867
-0.341796875 0.6982421875 0.75 830868
-0.341796875 0.6982421875 0.75 830869
0.1845703125 0.35888671875 1.09423828125 830969
0.1845703125 0.35888671875 1.09423828125 830970
0.1845703125 0.35888671875 1.09423828125 830971
0.1845703125 0.35888671875 1.09423828125 830972
0.1845703125 0.35888671875 1.09423828125 830974
0.14453125 0.3017578125 0.87353515625 831049
0.03955078125 0.44677734375 0.75927734375 831160
0.03955078125 0.44677734375 0.75927734375 831161
0.03955078125 0.44677734375 0.75927734375 831162
0.03955078125 0.44677734375 0.75927734375 831163
0.03955078125 0.44677734375 0.75927734375 831164
-0.23095703125 0.646484375 0.48583984375 831262
-0.23095703125 0.646484375 0.48583984375 831263
-0.23095703125 0.646484375 0.48583984375 831264
-0.23095703125 0.646484375 0.48583984375 831265
-0.23095703125 0.646484375 0.48583984375 831266
-0.373046875 0.7890625 0.21435546875 831364
-0.373046875 0.7890625 0.21435546875 831365
-0.373046875 0.7890625 0.21435546875 831366
-0.373046875 0.7890625 0.21435546875 831367
-0.373046875 0.7890625 0.21435546875 831369
-0.478515625 0.8525390625 -0.09619140625 831468
-0.478515625 0.8525390625 -0.09619140625 831469
-0.478515625 0.8525390625 -0.09619140625 831470
-0.478515625 0.8525390625 -0.09619140625 831471
-0.478515625 0.8525390625 -0.09619140625 831472
-0.5068359375 0.791015625 -0.3544921875 831570
-0.5068359375 0.791015625 -0.3544921875 831572
-0.5068359375 0.791015625 -0.3544921875 831573
-0.5068359375 0.791015625 -0.3544921875 831575
-0.5068359375 0.791015625 -0.3544921875 831576
-0.51220703125 0.8544921875 -0.09814453125 831672
-0.51220703125 0.8544921875 -0.09814453125 831674
-0.51220703125 0.8544921875 -0.09814453125 831675
-0.51220703125 0.8544921875 -0.09814453125 831676
-0.51220703125 0.8544921875 -0.09814453125 831677
-0.29150390625 0.7685546875 0.35302734375 831750
0.1064453125 0.63671875 0.74951171875 831861
0.1064453125 0.63671875 0.74951171875 831862
0.1064453125 0.63671875 0.74951171875 831863
0.1064453125 0.63671875 0.74951171875 831864
0.1064453125 0.63671875 0.74951171875 831866
0.2109375 0.5830078125 0.857421875 831964
0.2109375 0.5830078125 0.857421875 831966
0.2109375 0.5830078125 0.857421875 831967
0.2109375 0.5830078125 0.857421875 831968
0.2109375 0.5830078125 0.857421875 831970
0.1728515625 0.52294921875 0.80908203125 832066
0.1728515625 0.52294921875 0.80908203125 832067
0.1728515625 0.52294921875 0.80908203125 832068
0.1728515625 0.52294921875 0.80908203125 832069
0.1728515625 0.52294921875 0.80908203125 832070
0.16357421875 0.49853515625 0.78271484375 832169
0.16357421875 0.49853515625 0.78271484375 832170
0.16357421875 0.49853515625 0.78271484375 832171
0.16357421875 0.49853515625 0.78271484375 832193
0.16357421875 0.49853515625 0.78271484375 832194
0.16357421875 0.4775390625 0.79931640625 832272
0.16357421875 0.4775390625 0.79931640625 832273
0.16357421875 0.4775390625 0.79931640625 832275
0.16357421875 0.4775390625 0.79931640625 832276
0.17578125 0.45751953125 0.8212890625 832350
0.17578125 0.45751953125 0.8212890625 832352
0.15673828125 0.4462890625 0.81689453125 832461
0.15673828125 0.4462890625 0.81689453125 832463
0.15673828125 0.4462890625 0.81689453125 832464
0.15673828125 0.4462890625 0.81689453125 832465
0.15673828125 0.4462890625 0.81689453125 832467
0.13525390625 0.4521484375 0.81884765625 832563
0.13525390625 0.4521484375 0.81884765625 832564
0.13525390625 0.4521484375 0.81884765625 832566
0.13525390625 0.4521484375 0.81884765625 832567
0.13525390625 0.4521484375 0.81884765625 832568
0.13232421875 0.42529296875 0.8046875 832666
0.13232421875 0.42529296875 0.8046875 832667
0.13232421875 0.42529296875 0.8046875 832669
0.13232421875 0.42529296875 0.8046875 832670
0.13232421875 0.42529296875 0.8046875 832671
0.12255859375 0.41162109375 0.79541015625 832768
0.12255859375 0.41162109375 0.79541015625 832793
0.12255859375 0.41162109375 0.79541015625 832804
0.12255859375 0.41162109375 0.79541015625 832805
0.12255859375 0.41162109375 0.79541015625 832806
0.1015625 0.42041015625 0.8173828125 832872
0.1015625 0.42041015625 0.8173828125 832873
0.1064453125 0.4169921875 0.810546875 832950
0.1064453125 0.4169921875 0.810546875 832951
0.1064453125 0.4169921875 0.810546875 832952
0.1064453125 0.4169921875 0.810546875 832953
0.1220703125 0.41259765625 0.8232421875 833061
0.1220703125 0.41259765625 0.8232421875 833062
0.1220703125 0.41259765625 0.8232421875 833063
0.1220703125 0.41259765625 0.8232421875 833064
0.1220703125 0.41259765625 0.8232421875 833065
0.1357421875 0.40478515625 0.8369140625 833164
0.1357421875 0.40478515625 0.8369140625 833166
0.1357421875 0.40478515625 0.8369140625 833167
0.1357421875 0.40478515625 0.8369140625 833169
0.1357421875 0.40478515625 0.8369140625 833170
0.13525390625 0.39208984375 0.83154296875 833266
0.13525390625 0.39208984375 0.83154296875 833267
0.13525390625 0.39208984375 0.83154296875 833268
0.13525390625 0.39208984375 0.83154296875 833270
0.13525390625 0.39208984375 0.83154296875 833271
0.1328125 0.3916015625 0.8408203125 833369
0.1328125 0.3916015625 0.8408203125 833370
0.1328125 0.3916015625 0.8408203125 833372
0.1328125 0.3916015625 0.8408203125 833373
0.1328125 0.3916015625 0.8408203125 833374
0.14453125 0.3779296875 0.84716796875 833499
0.14453125 0.3779296875 0.84716796875 833500
0.14453125 0.3779296875 0.84716796875 833501
0.14453125 0.3779296875 0.84716796875 833502
0.14453125 0.3779296875 0.84716796875 833502
0.1376953125 0.38525390625 0.84619140625 833585
0.13720703125 0.38232421875 0.84521484375 833670
0.13720703125 0.38232421875 0.84521484375 833671
0.13720703125 0.38232421875 0.84521484375 833672
0.13720703125 0.38232421875 0.84521484375 833674
0.13720703125 0.38232421875 0.84521484375 833675
0.1279296875 0.3837890625 0.845703125 833772
0.1279296875 0.3837890625 0.845703125 833773
0.1279296875 0.3837890625 0.845703125 833774
0.1279296875 0.3837890625 0.845703125 833775
0.1279296875 0.3837890625 0.845703125 833797
0.12841796875 0.375 0.83251953125 833861
0.13623046875 0.3740234375 0.84033203125 833963
0.13623046875 0.3740234375 0.84033203125 833964
0.13623046875 0.3740234375 0.84033203125 833966
0.13623046875 0.3740234375 0.84033203125 833967
0.13623046875 0.3740234375 0.84033203125 833972
0.1357421875 0.37939453125 0.85595703125 834065
0.1357421875 0.37939453125 0.85595703125 834066
0.1357421875 0.37939453125 0.85595703125 834067
0.1357421875 0.37939453125 0.85595703125 834068
0.1357421875 0.37939453125 0.85595703125 834070
0.13037109375 0.37158203125 0.83837890625 834193
0.13037109375 0.37158203125 0.83837890625 834194
0.13037109375 0.37158203125 0.83837890625 834195
0.13037109375 0.37158203125 0.83837890625 834196
0.13037109375 0.37158203125 0.83837890625 834197
0.13818359375 0.37548828125 0.84765625 834271
0.13720703125 0.37548828125 0.84033203125 834374
0.13720703125 0.37548828125 0.84033203125 834375
0.13720703125 0.37548828125 0.84033203125 834376
0.13720703125 0.37548828125 0.84033203125 834378
0.13720703125 0.37548828125 0.84033203125 834379
0.1396484375 0.37548828125 0.84033203125 834454
0.13720703125 0.3798828125 0.8505859375 834566
0.13720703125 0.3798828125 0.8505859375 834567
0.13720703125 0.3798828125 0.8505859375 834569
0.13720703125 0.3798828125 0.8505859375 834570
0.13720703125 0.3798828125 0.8505859375 834571
0.140625 0.37353515625 0.84423828125 834672
0.140625 0.37353515625 0.84423828125 834673
0.140625 0.37353515625 0.84423828125 834674
0.140625 0.37353515625 0.84423828125 834675
0.13525390625 0.37841796875 0.84228515625 834772
0.13525390625 0.37841796875 0.84228515625 834773
0.13525390625 0.37841796875 0.84228515625 834774
0.13525390625 0.37841796875 0.84228515625 834776
0.13525390625 0.37841796875 0.84228515625 834777
0.1474609375 0.37109375 0.85302734375 834875
0.1474609375 0.37109375 0.85302734375 834876
0.1474609375 0.37109375 0.85302734375 834877
0.1474609375 0.37109375 0.85302734375 834878
0.1474609375 0.37109375 0.85302734375 834879
0.1416015625 0.37646484375 0.84521484375 834955
0.1376953125 0.3662109375 0.83935546875 835064
0.1376953125 0.3662109375 0.83935546875 835065
0.1376953125 0.3662109375 0.83935546875 835066
0.1376953125 0.3662109375 0.83935546875 835067
0.1376953125 0.3662109375 0.83935546875 835068
0.14208984375 0.375 0.8486328125 835166
0.14208984375 0.375 0.8486328125 835167
0.14208984375 0.375 0.8486328125 835169
0.14208984375 0.375 0.8486328125 835170
0.14208984375 0.375 0.8486328125 835171
0.14306640625 0.37255859375 0.8349609375 835269
0.14306640625 0.37255859375 0.8349609375 835270
0.14306640625 0.37255859375 0.8349609375 835271
0.14306640625 0.37255859375 0.8349609375 835272
0.14306640625 0.37255859375 0.8349609375 835274
0.1484375 0.37646484375 0.8486328125 835371
0.1484375 0.37646484375 0.8486328125 835372
0.1484375 0.37646484375 0.8486328125 835373
0.1484375 0.37646484375 0.8486328125 835374
0.1484375 0.37646484375 0.8486328125 835376
0.1435546875 0.38037109375 0.8447265625 835475
0.1435546875 0.38037109375 0.8447265625 835478
0.1435546875 0.38037109375 0.8447265625 835478
0.1435546875 0.38037109375 0.8447265625 835479
0.1435546875 0.38037109375 0.8447265625 835480
0.14990234375 0.37353515625 0.8408203125 835552
0.14404296875 0.38134765625 0.8447265625 835663
0.14404296875 0.38134765625 0.8447265625 835664
0.14404296875 0.38134765625 0.8447265625 835665
0.14404296875 0.38134765625 0.8447265625 835666
0.14404296875 0.38134765625 0.8447265625 835667
0.15234375 0.37255859375 0.85107421875 835766
0.15234375 0.37255859375 0.85107421875 835767
0.15234375 0.37255859375 0.85107421875 835768
0.15234375 0.37255859375 0.85107421875 835769
0.15234375 0.37255859375 0.85107421875 835770
0.14599609375 0.384765625 0.84130859375 835870
0.14599609375 0.384765625 0.84130859375 835871
0.14599609375 0.384765625 0.84130859375 835872
0.14599609375 0.384765625 0.84130859375 835873
0.14599609375 0.384765625 0.84130859375 835873
0.14990234375 0.3740234375 0.8388671875 835973
0.14990234375 0.3740234375 0.8388671875 835974
0.14990234375 0.3740234375 0.8388671875 835975
0.14990234375 0.3740234375 0.8388671875 835976
0.14990234375 0.3740234375 0.8388671875 835977
0.1455078125 0.38232421875 0.8486328125 836075
0.1455078125 0.38232421875 0.8486328125 836076
0.1455078125 0.38232421875 0.8486328125 836078
0.1455078125 0.38232421875 0.8486328125 836079
0.1455078125 0.38232421875 0.8486328125 836080
0.154296875 0.376953125 0.84326171875 836155
0.154296875 0.3837890625 0.84521484375 836265
0.154296875 0.3837890625 0.84521484375 836266
0.154296875 0.3837890625 0.84521484375 836268
0.154296875 0.3837890625 0.84521484375 836269
0.154296875 0.3837890625 0.84521484375 836270
0.14794921875 0.375 0.8388671875 836367
0.14794921875 0.375 0.8388671875 836368
0.14794921875 0.375 0.8388671875 836370
0.14794921875 0.375 0.8388671875 836371
0.14794921875 0.375 0.8388671875 836372
0.1513671875 0.3828125 0.84130859375 836472
0.1513671875 0.3828125 0.84130859375 836473
0.1513671875 0.3828125 0.84130859375 836475
0.1513671875 0.3828125 0.84130859375 836476
0.1513671875 0.3828125 0.84130859375 836496
0.15234375 0.37548828125 0.84130859375 836575
0.15234375 0.37548828125 0.84130859375 836576
0.15234375 0.37548828125 0.84130859375 836578
0.15234375 0.37548828125 0.84130859375 836579
0.15234375 0.37548828125 0.84130859375 836580
0.15478515625 0.38525390625 0.845703125 836696
0.15478515625 0.38525390625 0.845703125 836698
0.15478515625 0.38525390625 0.845703125 836699
0.15478515625 0.38525390625 0.845703125 836700
0.15478515625 0.38525390625 0.845703125 836701
0.14697265625 0.380859375 0.8310546875 836766
0.1533203125 0.3779296875 0.84765625 836869
0.1533203125 0.3779296875 0.84765625 836870
0.1533203125 0.3779296875 0.84765625 836871
0.1533203125 0.3779296875 0.84765625 836872
0.1533203125 0.3779296875 0.84765625 836873
0.14501953125 0.37841796875 0.83837890625 836997
0.14501953125 0.37841796875 0.83837890625 836998
0.14501953125 0.37841796875 0.83837890625 836999
0.14501953125 0.37841796875 0.83837890625 837000
0.14501953125 0.37841796875 0.83837890625 837001
0.14599609375 0.3779296875 0.8349609375 837074
0.158203125 0.375 0.84619140625 837176
0.158203125 0.375 0.84619140625 837177
0.158203125 0.375 0.84619140625 837178
0.158203125 0.375 0.84619140625 837179
0.158203125 0.375 0.84619140625 837180
0.15234375 0.37890625 0.845703125 837254
0.14990234375 0.36865234375 0.8408203125 837364
0.14990234375 0.36865234375 0.8408203125 837365
0.14990234375 0.36865234375 0.8408203125 837366
0.14990234375 0.36865234375 0.8408203125 837367
0.14990234375 0.36865234375 0.8408203125 837368
0.1513671875 0.37451171875 0.84375 837468
0.1513671875 0.37451171875 0.84375 837469
0.1513671875 0.37451171875 0.84375 837470
0.1513671875 0.37451171875 0.84375 837472
0.1513671875 0.37451171875 0.84375 837473
0.15478515625 0.37158203125 0.8427734375 837570
0.15478515625 0.37158203125 0.8427734375 837571
0.15478515625 0.37158203125 0.8427734375 837572
0.15478515625 0.37158203125 0.8427734375 837573
0.15478515625 0.37158203125 0.8427734375 837574
0.14599609375 0.376953125 0.83447265625 837672
0.14599609375 0.376953125 0.83447265625 837673
0.14599609375 0.376953125 0.83447265625 837674
0.14599609375 0.376953125 0.83447265625 837676
0.14599609375 0.376953125 0.83447265625 837677
0.15576171875 0.380859375 0.8583984375 837775
0.15576171875 0.380859375 0.8583984375 837806
0.15576171875 0.380859375 0.8583984375 837808
0.15576171875 0.380859375 0.8583984375 837809
0.15576171875 0.380859375 0.8583984375 837811
0.15625 0.37060546875 0.8427734375 837859
0.15771484375 0.37255859375 0.84326171875 837965
0.15771484375 0.37255859375 0.84326171875 837966
0.15771484375 0.37255859375 0.84326171875 837967
0.15771484375 0.37255859375 0.84326171875 837968
0.15771484375 0.37255859375 0.84326171875 837969
0.15234375 0.38134765625 0.849609375 838072
0.15234375 0.38134765625 0.849609375 838073
0.15234375 0.38134765625 0.849609375 838074
0.15234375 0.38134765625 0.849609375 838076
0.15234375 0.38134765625 0.849609375 838077
0.15185546875 0.3798828125 0.841796875 838175
0.15185546875 0.3798828125 0.841796875 838181
0.15185546875 0.3798828125 0.841796875 838182
0.15185546875 0.3798828125 0.841796875 838183
0.15185546875 0.3798828125 0.841796875 838184
0.15283203125 0.3779296875 0.84130859375 838277
0.15283203125 0.3779296875 0.84130859375 838278
0.158203125 0.36767578125 0.84375 838355
0.158203125 0.36767578125 0.84375 838356
0.158203125 0.36767578125 0.84375 838357
0.158203125 0.36767578125 0.84375 838359
0.15771484375 0.38037109375 0.84814453125 838466
0.15771484375 0.38037109375 0.84814453125 838467
0.15771484375 0.38037109375 0.84814453125 838468
0.15771484375 0.38037109375 0.84814453125 838470
0.15771484375 0.38037109375 0.84814453125 838471
0.14306640625 0.373046875 0.82763671875 838569
0.14306640625 0.373046875 0.82763671875 838570
0.14306640625 0.373046875 0.82763671875 838571
0.14306640625 0.373046875 0.82763671875 838572
0.14306640625 0.373046875 0.82763671875 838573
0.15771484375 0.37646484375 0.85400390625 838672
0.15771484375 0.37646484375 0.85400390625 838698
0.15771484375 0.37646484375 0.85400390625 838699
0.15771484375 0.37646484375 0.85400390625 838701
0.15771484375 0.37646484375 0.85400390625 838702
0.15283203125 0.37158203125 0.837890625 838812
0.15283203125 0.37158203125 0.837890625 838813
0.15283203125 0.37158203125 0.837890625 838815
0.15283203125 0.37158203125 0.837890625 838816
0.15283203125 0.37158203125 0.837890625 838817
0.158203125 0.37744140625 0.84326171875 838877
0.15283203125 0.38134765625 0.84912109375 838958
0.15283203125 0.38134765625 0.84912109375 838959
0.15283203125 0.38134765625 0.84912109375 838960
0.15283203125 0.38134765625 0.84912109375 838962
0.15283203125 0.38134765625 0.84912109375 838982
0.15771484375 0.37744140625 0.8466796875 839067
0.15771484375 0.37744140625 0.8466796875 839068
0.15771484375 0.37744140625 0.8466796875 839069
0.15771484375 0.37744140625 0.8466796875 839071
0.15771484375 0.37744140625 0.8466796875 839072
0.16064453125 0.37646484375 0.8466796875 839170
0.16064453125 0.37646484375 0.8466796875 839171
0.16064453125 0.37646484375 0.8466796875 839172
0.16064453125 0.37646484375 0.8466796875 839173
0.16064453125 0.37646484375 0.8466796875 839174
0.15576171875 0.37841796875 0.84033203125 839274
0.15576171875 0.37841796875 0.84033203125 839276
0.15576171875 0.37841796875 0.84033203125 839277
0.15576171875 0.37841796875 0.84033203125 839278
0.15576171875 0.37841796875 0.84033203125 839279
0.15283203125 0.3857421875 0.84130859375 839375
0.15283203125 0.3857421875 0.84130859375 839376
0.15283203125 0.3857421875 0.84130859375 839378
0.15283203125 0.3857421875 0.84130859375 839379
0.15283203125 0.3857421875 0.84130859375 839380
0.1513671875 0.37451171875 0.8369140625 839509
0.1513671875 0.37451171875 0.8369140625 839510
0.1513671875 0.37451171875 0.8369140625 839511
0.1513671875 0.37451171875 0.8369140625 839512
0.1513671875 0.37451171875 0.8369140625 839513
0.15576171875 0.3837890625 0.85107421875 839568
0.15625 0.3779296875 0.8349609375 839669
0.15625 0.3779296875 0.8349609375 839670
0.15625 0.3779296875 0.8349609375 839671
0.15625 0.3779296875 0.8349609375 839672
0.15625 0.3779296875 0.8349609375 839673
0.158203125 0.3818359375 0.84619140625 839771
0.158203125 0.3818359375 0.84619140625 839772
0.158203125 0.3818359375 0.84619140625 839773
0.158203125 0.3818359375 0.84619140625 839774
0.158203125 0.3818359375 0.84619140625 839776
0.16259765625 0.3779296875 0.84228515625 839916
0.16259765625 0.3779296875 0.84228515625 839918
0.16259765625 0.3779296875 0.84228515625 839919
0.16259765625 0.3779296875 0.84228515625 839920
0.16259765625 0.3779296875 0.84228515625 839921
0.1591796875 0.38134765625 0.841796875 839978
0.1611328125 0.37939453125 0.84521484375 840070
0.1611328125 0.37939453125 0.84521484375 840071
0.1611328125 0.37939453125 0.84521484375 840072
0.1611328125 0.37939453125 0.84521484375 840073
0.1611328125 0.37939453125 0.84521484375 840075
0.162109375 0.37548828125 0.84130859375 840173
0.162109375 0.37548828125 0.84130859375 840174
0.162109375 0.37548828125 0.84130859375 840175
0.162109375 0.37548828125 0.84130859375 840176
0.162109375 0.37548828125 0.84130859375 840177
0.1591796875 0.37890625 0.84130859375 840275
0.1591796875 0.37890625 0.84130859375 840276
0.1591796875 0.37890625 0.84130859375 840278
0.1591796875 0.37890625 0.84130859375 840303
0.1591796875 0.37890625 0.84130859375 840304
0.1591796875 0.373046875 0.84912109375 840377
0.1591796875 0.373046875 0.84912109375 840378
0.1591796875 0.373046875 0.84912109375 840379
0.1591796875 0.373046875 0.84912109375 840380
0.1552734375 0.3798828125 0.8359375 840532
0.1552734375 0.3798828125 0.8359375 840533
0.1552734375 0.3798828125 0.8359375 840535
0.1552734375 0.3798828125 0.8359375 840536
0.1552734375 0.3798828125 0.8359375 840537
0.1640625 0.37939453125 0.8408203125 840567
0.16748046875 0.38330078125 0.84814453125 840670
0.16748046875 0.38330078125 0.84814453125 840671
0.16748046875 0.38330078125 0.84814453125 840672
0.16748046875 0.38330078125 0.84814453125 840673
0.16748046875 0.38330078125 0.84814453125 840674
0.15869140625 0.3759765625 0.83935546875 840773
0.15869140625 0.3759765625 0.83935546875 840774
0.15869140625 0.3759765625 0.83935546875 840776
0.15869140625 0.3759765625 0.83935546875 840777
0.15869140625 0.3759765625 0.83935546875 840778
0.17041015625 0.3720703125 0.8505859375 840875
0.17041015625 0.3720703125 0.8505859375 840876
0.17041015625 0.3720703125 0.8505859375 840877
0.17041015625 0.3720703125 0.8505859375 840878
0.17041015625 0.3720703125 0.8505859375 840879
0.15771484375 0.37939453125 0.837890625 840977
0.15771484375 0.37939453125 0.837890625 840978
0.15771484375 0.37939453125 0.837890625 840979
0.15771484375 0.37939453125 0.837890625 840980
0.15771484375 0.37939453125 0.837890625 840982
0.16845703125 0.380859375 0.8466796875 841064
0.158203125 0.38134765625 0.83056640625 841168
0.158203125 0.38134765625 0.83056640625 841169
0.158203125 0.38134765625 0.83056640625 841171
0.158203125 0.38134765625 0.83056640625 841172
0.158203125 0.38134765625 0.83056640625 841173
0.16455078125 0.38037109375 0.8505859375 841272
0.16455078125 0.38037109375 0.8505859375 841273
0.16455078125 0.38037109375 0.8505859375 841274
0.16455078125 0.38037109375 0.8505859375 841275
0.16455078125 0.38037109375 0.8505859375 841276
0.16259765625 0.38330078125 0.84423828125 841374
0.16259765625 0.38330078125 0.84423828125 841375
0.16259765625 0.38330078125 0.84423828125 841377
0.16259765625 0.38330078125 0.84423828125 841378
0.16259765625 0.38330078125 0.84423828125 841379
0.16162109375 0.3798828125 0.83349609375 841477
0.16162109375 0.3798828125 0.83349609375 841478
0.16162109375 0.3798828125 0.83349609375 841479
0.16162109375 0.3798828125 0.83349609375 841480
0.16162109375 0.3798828125 0.83349609375 841481
0.17333984375 0.38037109375 0.85107421875 841580
0.17333984375 0.38037109375 0.85107421875 841581
0.17333984375 0.38037109375 0.85107421875 841583
0.17333984375 0.38037109375 0.85107421875 841585
0.17333984375 0.38037109375 0.85107421875 841586
0.158203125 0.38525390625 0.8359375 841657
0.16455078125 0.376953125 0.84423828125 841767
0.16455078125 0.376953125 0.84423828125 841768
0.16455078125 0.376953125 0.84423828125 841770
0.16455078125 0.376953125 0.84423828125 841771
0.16455078125 0.376953125 0.84423828125 841772
0.1640625 0.38037109375 0.84814453125 841870
0.1640625 0.38037109375 0.84814453125 841871
0.1640625 0.38037109375 0.84814453125 841872
0.1640625 0.38037109375 0.84814453125 841873
0.1640625 0.38037109375 0.84814453125 841874
0.1611328125 0.37451171875 0.8427734375 841974
0.1611328125 0.37451171875 0.8427734375 841975
0.1611328125 0.37451171875 0.8427734375 841976
0.1611328125 0.37451171875 0.8427734375 841978
0.1611328125 0.37451171875 0.8427734375 841979
0.158203125 0.37548828125 0.83447265625 842076
0.158203125 0.37548828125 0.83447265625 842077
0.158203125 0.37548828125 0.83447265625 842078
0.158203125 0.37548828125 0.83447265625 842079
0.158203125 0.37548828125 0.83447265625 842079
0.15625 0.38671875 0.84912109375 842178
0.15625 0.38671875 0.84912109375 842179
0.15625 0.38671875 0.84912109375 842180
0.15625 0.38671875 0.84912109375 842181
0.15625 0.38671875 0.84912109375 842182
0.1650390625 0.376953125 0.84228515625 842272
0.16357421875 0.373046875 0.8408203125 842369
0.16357421875 0.373046875 0.8408203125 842370
0.16357421875 0.373046875 0.8408203125 842372
0.16357421875 0.373046875 0.8408203125 842373
0.16357421875 0.373046875 0.8408203125 842374
0.1611328125 0.38134765625 0.84814453125 842471
0.1611328125 0.38134765625 0.84814453125 842472
0.1611328125 0.38134765625 0.84814453125 842473
0.1611328125 0.38134765625 0.84814453125 842474
0.1611328125 0.38134765625 0.84814453125 842475
0.1572265625 0.38134765625 0.84423828125 842573
0.1572265625 0.38134765625 0.84423828125 842575
0.1572265625 0.38134765625 0.84423828125 842576
0.1572265625 0.38134765625 0.84423828125 842577
0.1572265625 0.38134765625 0.84423828125 842578
0.158203125 0.37841796875 0.83740234375 842676
0.158203125 0.37841796875 0.83740234375 842677
0.158203125 0.37841796875 0.83740234375 842679
0.158203125 0.37841796875 0.83740234375 842680
0.158203125 0.37841796875 0.83740234375 842681
0.16455078125 0.38037109375 0.84912109375 842778
0.16455078125 0.38037109375 0.84912109375 842780
0.16455078125 0.38037109375 0.84912109375 842781
0.16455078125 0.38037109375 0.84912109375 842782
0.16455078125 0.38037109375 0.84912109375 842784
0.16064453125 0.37939453125 0.84033203125 842860
0.16796875 0.3720703125 0.849609375 842968
0.16796875 0.3720703125 0.849609375 842970
0.16796875 0.3720703125 0.849609375 842971
0.16796875 0.3720703125 0.849609375 842972
0.16796875 0.3720703125 0.849609375 842973
0.1650390625 0.3828125 0.84912109375 843100
0.1650390625 0.3828125 0.84912109375 843102
0.1650390625 0.3828125 0.84912109375 843104
0.1650390625 0.3828125 0.84912109375 843105
0.1650390625 0.3828125 0.84912109375 843106
0.1650390625 0.3828125 0.8359375 843167
0.16455078125 0.38818359375 0.830078125 843278
0.16455078125 0.38818359375 0.830078125 843280
0.16455078125 0.38818359375 0.830078125 843281
0.16455078125 0.38818359375 0.830078125 843282
0.16455078125 0.38818359375 0.830078125 843283
0.171875 0.39111328125 0.84033203125 843372
0.1845703125 0.3740234375 0.83984375 843464
0.1845703125 0.3740234375 0.83984375 843476
0.1845703125 0.3740234375 0.83984375 843477
0.1845703125 0.3740234375 0.83984375 843478
0.1845703125 0.3740234375 0.83984375 843479
0.1767578125 0.35888671875 0.81640625 843578
0.1767578125 0.35888671875 0.81640625 843580
0.1767578125 0.35888671875 0.81640625 843581
0.1767578125 0.35888671875 0.81640625 843582
0.1767578125 0.35888671875 0.81640625 843584
0.16943359375 0.35546875 0.80224609375 843680
0.16943359375 0.35546875 0.80224609375 843681
0.16943359375 0.35546875 0.80224609375 843682
0.16943359375 0.35546875 0.80224609375 843684
0.16943359375 0.35546875 0.80224609375 843685
0.15869140625 0.36376953125 0.83447265625 843760
0.12890625 0.3828125 0.89453125 843871
0.12890625 0.3828125 0.89453125 843872
0.12890625 0.3828125 0.89453125 843874
0.12890625 0.3828125 0.89453125 843875
0.12890625 0.3828125 0.89453125 843876
-0.02685546875 0.47216796875 0.84912109375 843973
-0.02685546875 0.47216796875 0.84912109375 843975
-0.02685546875 0.47216796875 0.84912109375 843976
-0.02685546875 0.47216796875 0.84912109375 843977
-0.02685546875 0.47216796875 0.84912109375 843978
-0.359375 0.7265625 0.62060546875 844077
-0.359375 0.7265625 0.62060546875 844078
-0.359375 0.7265625 0.62060546875 844080
-0.359375 0.7265625 0.62060546875 844081
-0.359375 0.7265625 0.62060546875 844082
-0.51318359375 0.64794921875 0.099609375 844180
-0.51318359375 0.64794921875 0.099609375 844181
-0.51318359375 0.64794921875 0.099609375 844182
-0.51318359375 0.64794921875 0.099609375 844184
-0.51318359375 0.64794921875 0.099609375 844185
-0.58837890625 0.66650390625 -0.5029296875 844259
-0.4638671875 0.55029296875 -0.7138671875 844369
-0.4638671875 0.55029296875 -0.7138671875 844370
-0.4638671875 0.55029296875 -0.7138671875 844371
-0.4638671875 0.55029296875 -0.7138671875 844372
-0.4638671875 0.55029296875 -0.7138671875 844374
-0.46923828125 0.6201171875 0.41796875 844538
-0.46923828125 0.6201171875 0.41796875 844540
-0.46923828125 0.6201171875 0.41796875 844541
-0.46923828125 0.6201171875 0.41796875 844542
-0.46923828125 0.6201171875 0.41796875 844543
-0.0146484375 0.45703125 0.97705078125 844575
-0.001953125 0.39892578125 0.83056640625 844677
-0.001953125 0.39892578125 0.83056640625 844678
-0.001953125 0.39892578125 0.83056640625 844680
-0.001953125 0.39892578125 0.83056640625 844681
-0.001953125 0.39892578125 0.83056640625 844682
-0.1357421875 0.58984375 0.5234375 844779
-0.1357421875 0.58984375 0.5234375 844780
-0.1357421875 0.58984375 0.5234375 844781
-0.1357421875 0.58984375 0.5234375 844782
-0.1357421875 0.58984375 0.5234375 844784
-0.3046875 0.802734375 0.2041015625 844858
-0.43408203125 0.8388671875 -0.16357421875 844970
-0.43408203125 0.8388671875 -0.16357421875 844971
-0.43408203125 0.8388671875 -0.16357421875 844972
-0.43408203125 0.8388671875 -0.16357421875 844974
-0.43408203125 0.8388671875 -0.16357421875 844975
-0.4658203125 0.87841796875 0.005859375 845073
-0.4658203125 0.87841796875 0.005859375 845074
-0.4658203125 0.87841796875 0.005859375 845076
-0.4658203125 0.87841796875 0.005859375 845079
-0.4658203125 0.87841796875 0.005859375 845081
-0.373046875 0.845703125 0.30322265625 845176
-0.373046875 0.845703125 0.30322265625 845177
-0.373046875 0.845703125 0.30322265625 845178
-0.087890625 0.78564453125 0.7099609375 845280
-0.087890625 0.78564453125 0.7099609375 845281
-0.087890625 0.78564453125 0.7099609375 845282
-0.087890625 0.78564453125 0.7099609375 845283
-0.087890625 0.78564453125 0.7099609375 845284
