0.31640625 0.470703125 0.818359375 2537154
0.31640625 0.470703125 0.818359375 2537154
0.31640625 0.470703125 0.818359375 2537445
0.31640625 0.470703125 0.818359375 2537446
0.31640625 0.470703125 0.818359375 2537473
0.31640625 0.470703125 0.818359375 2537475
0.6953125 0.30810546875 0.791015625 2537476
0.6953125 0.30810546875 0.791015625 2537477
0.6728515625 0.3388671875 0.7666015625 2537478
0.6103515625 0.41552734375 0.71728515625 2537501
0.6064453125 0.52978515625 0.728515625 2537503
0.48095703125 0.49658203125 0.67724609375 2537504
0.4990234375 0.56591796875 0.7666015625 2537516
0.48779296875 0.53369140625 0.7216796875 2537597
0.48779296875 0.53369140625 0.7216796875 2537598
0.48779296875 0.53369140625 0.7216796875 2537600
0.48779296875 0.53369140625 0.7216796875 2537601
0.48779296875 0.53369140625 0.7216796875 2537602
0.5126953125 0.53076171875 0.72119140625 2537732
0.5126953125 0.53076171875 0.72119140625 2537733
0.5126953125 0.53076171875 0.72119140625 2537734
0.5126953125 0.53076171875 0.72119140625 2537735
0.5126953125 0.53076171875 0.72119140625 2537737
0.517578125 0.50634765625 0.76953125 2537810
0.58154296875 0.4912109375 0.7822265625 2537902
0.58154296875 0.4912109375 0.7822265625 2537914
0.58154296875 0.4912109375 0.7822265625 2537915
0.58154296875 0.4912109375 0.7822265625 2537916
0.58154296875 0.4912109375 0.7822265625 2537917
0.55859375 0.5009765625 0.72802734375 2538000
0.53466796875 0.4853515625 0.71728515625 2538111
0.53466796875 0.4853515625 0.71728515625 2538112
0.53466796875 0.4853515625 0.71728515625 2538113
0.53466796875 0.4853515625 0.71728515625 2538114
0.53466796875 0.4853515625 0.71728515625 2538115
0.56689453125 0.5029296875 0.7412109375 2538213
0.56689453125 0.5029296875 0.7412109375 2538214
0.56689453125 0.5029296875 0.7412109375 2538216
0.56689453125 0.5029296875 0.7412109375 2538217
0.5654296875 0.50244140625 0.74951171875 2538316
0.5654296875 0.50244140625 0.74951171875 2538317
0.5654296875 0.50244140625 0.74951171875 2538318
0.5654296875 0.50244140625 0.74951171875 2538319
0.5654296875 0.50244140625 0.74951171875 2538320
0.5732421875 0.48291015625 0.73046875 2538419
0.5732421875 0.48291015625 0.73046875 2538420
0.5732421875 0.48291015625 0.73046875 2538421
0.5732421875 0.48291015625 0.73046875 2538423
0.5732421875 0.48291015625 0.73046875 2538424
0.55615234375 0.49462890625 0.7265625 2538497
0.517578125 0.52978515625 0.70703125 2538608
0.517578125 0.52978515625 0.70703125 2538609
0.517578125 0.52978515625 0.70703125 2538610
0.517578125 0.52978515625 0.70703125 2538612
0.517578125 0.52978515625 0.70703125 2538613
0.44140625 0.537109375 0.78759765625 2538711
0.44140625 0.537109375 0.78759765625 2538712
0.44140625 0.537109375 0.78759765625 2538713
0.44140625 0.537109375 0.78759765625 2538713
0.44140625 0.537109375 0.78759765625 2538714
0.27978515625 0.5791015625 0.8203125 2538813
0.27978515625 0.5791015625 0.8203125 2538857
0.27978515625 0.5791015625 0.8203125 2538859
0.27978515625 0.5791015625 0.8203125 2538860
0.27978515625 0.5791015625 0.8203125 2538861
0.1220703125 0.61376953125 0.802734375 2538916
0.1220703125 0.61376953125 0.802734375 2538917
0.00634765625 0.58642578125 0.75146484375 2539018
0.00634765625 0.58642578125 0.75146484375 2539019
0.00634765625 0.58642578125 0.75146484375 2539020
0.00634765625 0.58642578125 0.75146484375 2539021
0.00634765625 0.58642578125 0.75146484375 2539022
0.00244140625 0.60498046875 0.70947265625 2539097
-0.08154296875 0.58740234375 0.685546875 2539208
-0.08154296875 0.58740234375 0.685546875 2539221
-0.08154296875 0.58740234375 0.685546875 2539222
-0.08154296875 0.58740234375 0.685546875 2539223
-0.08154296875 0.58740234375 0.685546875 2539224
-0.1357421875 0.61474609375 0.71533203125 2539312
-0.1357421875 0.61474609375 0.71533203125 2539313
-0.26318359375 0.642578125 0.62109375 2539414
-0.26318359375 0.642578125 0.62109375 2539415
-0.26318359375 0.642578125 0.62109375 2539417
-0.26318359375 0.642578125 0.62109375 2539418
-0.2138671875 0.55908203125 0.73583984375 2539518
-0.2138671875 0.55908203125 0.73583984375 2539519
-0.2138671875 0.55908203125 0.73583984375 2539520
-0.2138671875 0.55908203125 0.73583984375 2539521
-0.2138671875 0.55908203125 0.73583984375 2539522
-0.12255859375 0.5361328125 0.76025390625 2539621
-0.12255859375 0.5361328125 0.76025390625 2539622
-0.12255859375 0.5361328125 0.76025390625 2539623
-0.12255859375 0.5361328125 0.76025390625 2539624
-0.12255859375 0.5361328125 0.76025390625 2539625
-0.1201171875 0.54296875 0.6982421875 2539698
-0.08837890625 0.58740234375 0.728515625 2539808
-0.08837890625 0.58740234375 0.728515625 2539809
-0.08837890625 0.58740234375 0.728515625 2539810
-0.08837890625 0.58740234375 0.728515625 2539811
-0.08837890625 0.58740234375 0.728515625 2539812
-0.00634765625 0.61669921875 0.75634765625 2539911
-0.00634765625 0.61669921875 0.75634765625 2539912
-0.00634765625 0.61669921875 0.75634765625 2539914
-0.00634765625 0.61669921875 0.75634765625 2539915
-0.00634765625 0.61669921875 0.75634765625 2539916
0.0185546875 0.60498046875 0.7587890625 2540013
0.0185546875 0.60498046875 0.7587890625 2540014
0.0185546875 0.60498046875 0.7587890625 2540015
0.0185546875 0.60498046875 0.7587890625 2540016
0.0185546875 0.60498046875 0.7587890625 2540017
-0.017578125 0.6142578125 0.75830078125 2540115
-0.017578125 0.6142578125 0.75830078125 2540116
-0.017578125 0.6142578125 0.75830078125 2540117
-0.017578125 0.6142578125 0.75830078125 2540118
-0.017578125 0.6142578125 0.75830078125 2540118
-0.08642578125 0.59912109375 0.69384765625 2540219
-0.08642578125 0.59912109375 0.69384765625 2540220
-0.08642578125 0.59912109375 0.69384765625 2540221
-0.08642578125 0.59912109375 0.69384765625 2540222
-0.08642578125 0.59912109375 0.69384765625 2540223
-0.25537109375 0.60986328125 0.70849609375 2540323
-0.25537109375 0.60986328125 0.70849609375 2540324
-0.25537109375 0.60986328125 0.70849609375 2540325
-0.25537109375 0.60986328125 0.70849609375 2540325
-0.25537109375 0.60986328125 0.70849609375 2540326
-0.37646484375 0.47900390625 0.4306640625 2540409
-0.69482421875 0.490234375 0.38427734375 2540512
-0.69482421875 0.490234375 0.38427734375 2540513
-0.69482421875 0.490234375 0.38427734375 2540514
-0.69482421875 0.490234375 0.38427734375 2540514
-0.69482421875 0.490234375 0.38427734375 2540515
-0.5859375 0.5234375 0.189453125 2540615
-0.5859375 0.5234375 0.189453125 2540616
-0.5859375 0.5234375 0.189453125 2540617
-0.5859375 0.5234375 0.189453125 2540618
-0.5859375 0.5234375 0.189453125 2540619
-0.6318359375 0.51171875 0.0947265625 2540717
-0.6318359375 0.51171875 0.0947265625 2540718
-0.6318359375 0.51171875 0.0947265625 2540719
-0.6318359375 0.51171875 0.0947265625 2540720
-0.6318359375 0.51171875 0.0947265625 2540721
-0.7119140625 0.51611328125 0.0458984375 2540819
-0.7119140625 0.51611328125 0.0458984375 2540820
-0.7119140625 0.51611328125 0.0458984375 2540821
-0.7119140625 0.51611328125 0.0458984375 2540823
-0.7119140625 0.51611328125 0.0458984375 2540824
-0.734375 0.52099609375 0.0458984375 2540898
-0.69091796875 0.5224609375 0.10888671875 2541010
-0.69091796875 0.5224609375 0.10888671875 2541011
-0.69091796875 0.5224609375 0.10888671875 2541012
-0.69091796875 0.5224609375 0.10888671875 2541013
-0.69091796875 0.5224609375 0.10888671875 2541014
-0.62353515625 0.50244140625 0.25439453125 2541112
-0.62353515625 0.50244140625 0.25439453125 2541113
-0.62353515625 0.50244140625 0.25439453125 2541114
-0.62353515625 0.50244140625 0.25439453125 2541119
-0.62353515625 0.50244140625 0.25439453125 2541120
-0.58056640625 0.51171875 0.28271484375 2541214
-0.58056640625 0.51171875 0.28271484375 2541215
-0.58056640625 0.51171875 0.28271484375 2541216
-0.58056640625 0.51171875 0.28271484375 2541217
-0.4697265625 0.5380859375 0.3505859375 2541317
-0.4697265625 0.5380859375 0.3505859375 2541318
-0.4697265625 0.5380859375 0.3505859375 2541319
-0.4697265625 0.5380859375 0.3505859375 2541319
-0.4697265625 0.5380859375 0.3505859375 2541320
-0.34619140625 0.548828125 0.5048828125 2541419
-0.34619140625 0.548828125 0.5048828125 2541420
-0.34619140625 0.548828125 0.5048828125 2541421
-0.34619140625 0.548828125 0.5048828125 2541422
-0.34619140625 0.548828125 0.5048828125 2541423
-0.33447265625 0.6298828125 0.5830078125 2541522
-0.33447265625 0.6298828125 0.5830078125 2541523
-0.33447265625 0.6298828125 0.5830078125 2541524
-0.33447265625 0.6298828125 0.5830078125 2541525
-0.33447265625 0.6298828125 0.5830078125 2541526
-0.29443359375 0.63623046875 0.4453125 2541601
-0.26025390625 0.7705078125 0.53564453125 2541714
-0.26025390625 0.7705078125 0.53564453125 2541715
-0.26025390625 0.7705078125 0.53564453125 2541716
-0.26025390625 0.7705078125 0.53564453125 2541717
-0.26025390625 0.7705078125 0.53564453125 2541718
-0.21826171875 0.76220703125 0.505859375 2541816
-0.21826171875 0.76220703125 0.505859375 2541817
-0.21826171875 0.76220703125 0.505859375 2541818
-0.21826171875 0.76220703125 0.505859375 2541818
-0.21826171875 0.76220703125 0.505859375 2541819
-0.1748046875 0.77880859375 0.529296875 2541918
-0.1748046875 0.77880859375 0.529296875 2541919
-0.1748046875 0.77880859375 0.529296875 2541920
-0.1748046875 0.77880859375 0.529296875 2541921
-0.1748046875 0.77880859375 0.529296875 2541922
-0.18408203125 0.8173828125 0.59423828125 2542001
-0.1328125 0.765625 0.5498046875 2542112
-0.1328125 0.765625 0.5498046875 2542113
-0.1328125 0.765625 0.5498046875 2542115
-0.1328125 0.765625 0.5498046875 2542116
-0.1328125 0.765625 0.5498046875 2542117
-0.099609375 0.7548828125 0.56201171875 2542214
-0.099609375 0.7548828125 0.56201171875 2542215
-0.099609375 0.7548828125 0.56201171875 2542216
-0.099609375 0.7548828125 0.56201171875 2542217
-0.099609375 0.7548828125 0.56201171875 2542218
-0.0068359375 0.77197265625 0.615234375 2542318
-0.0068359375 0.77197265625 0.615234375 2542319
-0.0068359375 0.77197265625 0.615234375 2542320
-0.0068359375 0.77197265625 0.615234375 2542321
-0.0068359375 0.77197265625 0.615234375 2542322
0.1806640625 0.67822265625 0.81884765625 2542421
0.1806640625 0.67822265625 0.81884765625 2542422
0.1806640625 0.67822265625 0.81884765625 2542423
0.1806640625 0.67822265625 0.81884765625 2542425
0.1806640625 0.67822265625 0.81884765625 2542426
0.28466796875 0.54345703125 0.8662109375 2542499
0.2490234375 0.494140625 0.865234375 2542610
0.2490234375 0.494140625 0.865234375 2542611
0.2490234375 0.494140625 0.865234375 2542612
0.2490234375 0.494140625 0.865234375 2542613
0.2490234375 0.494140625 0.865234375 2542615
0.25146484375 0.47314453125 0.87060546875 2542713
0.25146484375 0.47314453125 0.87060546875 2542714
0.25146484375 0.47314453125 0.87060546875 2542715
0.25146484375 0.47314453125 0.87060546875 2542715
0.25146484375 0.47314453125 0.87060546875 2542716
0.2197265625 0.47021484375 0.8544921875 2542815
0.2197265625 0.47021484375 0.8544921875 2542816
0.2197265625 0.47021484375 0.8544921875 2542817
0.2197265625 0.47021484375 0.8544921875 2542818
0.2197265625 0.47021484375 0.8544921875 2542820
0.22802734375 0.46435546875 0.85546875 2542918
0.22802734375 0.46435546875 0.85546875 2542919
0.22802734375 0.46435546875 0.85546875 2542920
0.22802734375 0.46435546875 0.85546875 2542921
0.22802734375 0.46435546875 0.85546875 2542921
0.2255859375 0.4482421875 0.87255859375 2543021
0.2255859375 0.4482421875 0.87255859375 2543022
0.2255859375 0.4482421875 0.87255859375 2543023
0.2255859375 0.4482421875 0.87255859375 2543024
0.2255859375 0.4482421875 0.87255859375 2543025
0.19482421875 0.4755859375 0.85400390625 2543123
0.19482421875 0.4755859375 0.85400390625 2543124
0.19482421875 0.4755859375 0.85400390625 2543125
0.19482421875 0.4755859375 0.85400390625 2543126
0.19482421875 0.4755859375 0.85400390625 2543127
0.18994140625 0.44189453125 0.849609375 2543201
0.2080078125 0.45556640625 0.87158203125 2543312
0.2080078125 0.45556640625 0.87158203125 2543313
0.2080078125 0.45556640625 0.87158203125 2543314
0.2080078125 0.45556640625 0.87158203125 2543315
0.2080078125 0.45556640625 0.87158203125 2543318
0.17431640625 0.4404296875 0.8466796875 2543415
0.17431640625 0.4404296875 0.8466796875 2543416
0.17431640625 0.4404296875 0.8466796875 2543417
0.17431640625 0.4404296875 0.8466796875 2543418
0.17431640625 0.4404296875 0.8466796875 2543419
0.1611328125 0.4443359375 0.85009765625 2543525
0.1611328125 0.4443359375 0.85009765625 2543526
0.1611328125 0.4443359375 0.85009765625 2543527
0.1611328125 0.4443359375 0.85009765625 2543528
0.1611328125 0.4443359375 0.85009765625 2543529
0.1669921875 0.4609375 0.85693359375 2543612
0.16552734375 0.45556640625 0.8515625 2543714
0.16552734375 0.45556640625 0.8515625 2543715
0.16552734375 0.45556640625 0.8515625 2543716
0.16552734375 0.45556640625 0.8515625 2543717
0.16552734375 0.45556640625 0.8515625 2543717
0.17626953125 0.44580078125 0.8505859375 2543817
0.17626953125 0.44580078125 0.8505859375 2543818
0.17626953125 0.44580078125 0.8505859375 2543819
0.17626953125 0.44580078125 0.8505859375 2543821
0.17626953125 0.44580078125 0.8505859375 2543822
0.1708984375 0.439453125 0.8408203125 2543919
0.1708984375 0.439453125 0.8408203125 2543920
0.1708984375 0.439453125 0.8408203125 2543921
0.1708984375 0.439453125 0.8408203125 2543921
0.1708984375 0.439453125 0.8408203125 2543922
0.181640625 0.4423828125 0.875 2544021
0.181640625 0.4423828125 0.875 2544022
0.181640625 0.4423828125 0.875 2544023
0.181640625 0.4423828125 0.875 2544024
0.181640625 0.4423828125 0.875 2544026
0.20849609375 0.4296875 0.8916015625 2544100
0.17236328125 0.421875 0.88232421875 2544212
0.17236328125 0.421875 0.88232421875 2544213
0.17236328125 0.421875 0.88232421875 2544214
0.17236328125 0.421875 0.88232421875 2544215
0.17236328125 0.421875 0.88232421875 2544215
0.18310546875 0.412109375 0.861328125 2544314
0.18310546875 0.412109375 0.861328125 2544315
0.18310546875 0.412109375 0.861328125 2544316
0.18310546875 0.412109375 0.861328125 2544317
0.18310546875 0.412109375 0.861328125 2544318
0.1953125 0.400390625 0.88720703125 2544416
0.1953125 0.400390625 0.88720703125 2544417
0.1953125 0.400390625 0.88720703125 2544418
0.1953125 0.400390625 0.88720703125 2544420
0.1953125 0.400390625 0.88720703125 2544421
0.17431640625 0.40625 0.8515625 2544549
0.17431640625 0.40625 0.8515625 2544551
0.17431640625 0.40625 0.8515625 2544553
0.17431640625 0.40625 0.8515625 2544554
0.17431640625 0.40625 0.8515625 2544555
0.142578125 0.3798828125 0.78515625 2544643
0.14990234375 0.3642578125 0.7783203125 2544724
0.14990234375 0.3642578125 0.7783203125 2544728
0.14990234375 0.3642578125 0.7783203125 2544729
0.14990234375 0.3642578125 0.7783203125 2544730
0.14990234375 0.3642578125 0.7783203125 2544732
0.177734375 0.39013671875 0.830078125 2544813
0.1240234375 0.412109375 0.830078125 2544916
0.1240234375 0.412109375 0.830078125 2544917
0.1240234375 0.412109375 0.830078125 2544918
0.1240234375 0.412109375 0.830078125 2544919
0.1240234375 0.412109375 0.830078125 2544920
0.16748046875 0.40966796875 0.8798828125 2545018
0.16748046875 0.40966796875 0.8798828125 2545019
0.16748046875 0.40966796875 0.8798828125 2545020
0.16748046875 0.40966796875 0.8798828125 2545021
0.16748046875 0.40966796875 0.8798828125 2545022
0.1962890625 0.40478515625 0.88916015625 2545120
0.1962890625 0.40478515625 0.88916015625 2545121
0.1962890625 0.40478515625 0.88916015625 2545122
0.1962890625 0.40478515625 0.88916015625 2545123
0.1962890625 0.40478515625 0.88916015625 2545125
0.18017578125 0.41650390625 0.8642578125 2545223
0.18017578125 0.41650390625 0.8642578125 2545224
0.18017578125 0.41650390625 0.8642578125 2545226
0.18017578125 0.41650390625 0.8642578125 2545227
0.18017578125 0.41650390625 0.8642578125 2545228
0.18115234375 0.41748046875 0.87353515625 2545302
0.18701171875 0.41162109375 0.896484375 2545413
0.18701171875 0.41162109375 0.896484375 2545414
0.18701171875 0.41162109375 0.896484375 2545415
0.18701171875 0.41162109375 0.896484375 2545416
0.18701171875 0.41162109375 0.896484375 2545417
0.1728515625 0.4130859375 0.88134765625 2545516
0.1728515625 0.4130859375 0.88134765625 2545517
0.1728515625 0.4130859375 0.88134765625 2545518
0.1728515625 0.4130859375 0.88134765625 2545519
0.1728515625 0.4130859375 0.88134765625 2545521
0.15625 0.40234375 0.859375 2545619
0.15625 0.40234375 0.859375 2545620
0.15625 0.40234375 0.859375 2545621
0.15625 0.40234375 0.859375 2545622
0.16259765625 0.412109375 0.88720703125 2545723
0.16259765625 0.412109375 0.88720703125 2545724
0.16259765625 0.412109375 0.88720703125 2545725
0.16259765625 0.412109375 0.88720703125 2545726
0.16259765625 0.412109375 0.88720703125 2545727
0.17236328125 0.4013671875 0.8779296875 2545825
0.17236328125 0.4013671875 0.8779296875 2545826
0.17236328125 0.4013671875 0.8779296875 2545828
0.17236328125 0.4013671875 0.8779296875 2545829
0.17236328125 0.4013671875 0.8779296875 2545830
0.17333984375 0.39697265625 0.8994140625 2545903
0.1875 0.392578125 0.9189453125 2546014
0.1875 0.392578125 0.9189453125 2546015
0.1875 0.392578125 0.9189453125 2546016
0.1875 0.392578125 0.9189453125 2546017
0.1875 0.392578125 0.9189453125 2546018
0.1787109375 0.38818359375 0.90234375 2546122
0.1787109375 0.38818359375 0.90234375 2546123
0.1787109375 0.38818359375 0.90234375 2546124
0.1787109375 0.38818359375 0.90234375 2546125
0.1787109375 0.38818359375 0.90234375 2546126
0.14208984375 0.38232421875 0.8681640625 2546224
0.14208984375 0.38232421875 0.8681640625 2546225
0.14208984375 0.38232421875 0.8681640625 2546226
0.14208984375 0.38232421875 0.8681640625 2546227
0.14208984375 0.38232421875 0.8681640625 2546228
0.13232421875 0.357421875 0.869140625 2546302
0.13720703125 0.33447265625 0.84521484375 2546415
0.13720703125 0.33447265625 0.84521484375 2546416
0.13720703125 0.33447265625 0.84521484375 2546418
0.13720703125 0.33447265625 0.84521484375 2546419
0.13720703125 0.33447265625 0.84521484375 2546420
0.19677734375 0.29541015625 0.89453125 2546517
0.19677734375 0.29541015625 0.89453125 2546518
0.19677734375 0.29541015625 0.89453125 2546519
0.19677734375 0.29541015625 0.89453125 2546520
0.19677734375 0.29541015625 0.89453125 2546521
0.1845703125 0.28857421875 0.88916015625 2546619
0.1845703125 0.28857421875 0.88916015625 2546620
0.1845703125 0.28857421875 0.88916015625 2546621
0.1845703125 0.28857421875 0.88916015625 2546622
0.1845703125 0.28857421875 0.88916015625 2546623
0.1630859375 0.2958984375 0.86767578125 2546722
0.1630859375 0.2958984375 0.86767578125 2546723
0.1630859375 0.2958984375 0.86767578125 2546724
0.1630859375 0.2958984375 0.86767578125 2546725
0.1630859375 0.2958984375 0.86767578125 2546726
0.18017578125 0.26904296875 0.8779296875 2546809
0.18359375 0.2958984375 0.89404296875 2546912
0.18359375 0.2958984375 0.89404296875 2546913
0.18359375 0.2958984375 0.89404296875 2546914
0.18359375 0.2958984375 0.89404296875 2546915
0.18359375 0.2958984375 0.89404296875 2546915
0.19287109375 0.28564453125 0.90234375 2547014
0.19287109375 0.28564453125 0.90234375 2547015
0.19287109375 0.28564453125 0.90234375 2547016
0.19287109375 0.28564453125 0.90234375 2547016
0.19287109375 0.28564453125 0.90234375 2547017
0.19189453125 0.31591796875 0.92919921875 2547117
0.19189453125 0.31591796875 0.92919921875 2547118
0.19189453125 0.31591796875 0.92919921875 2547119
0.19189453125 0.31591796875 0.92919921875 2547120
0.19189453125 0.31591796875 0.92919921875 2547120
0.14990234375 0.345703125 0.89404296875 2547219
0.14990234375 0.345703125 0.89404296875 2547221
0.14990234375 0.345703125 0.89404296875 2547222
0.14990234375 0.345703125 0.89404296875 2547224
0.14990234375 0.345703125 0.89404296875 2547225
0.11083984375 0.38232421875 0.876953125 2547322
0.11083984375 0.38232421875 0.876953125 2547323
0.11083984375 0.38232421875 0.876953125 2547324
0.11083984375 0.38232421875 0.876953125 2547325
0.11083984375 0.38232421875 0.876953125 2547326
0.091796875 0.40380859375 0.84912109375 2547425
0.091796875 0.40380859375 0.84912109375 2547427
0.091796875 0.40380859375 0.84912109375 2547428
0.091796875 0.40380859375 0.84912109375 2547432
0.091796875 0.40380859375 0.84912109375 2547433
0.03369140625 0.427734375 0.8134765625 2547503
-0.0146484375 0.4306640625 0.6923828125 2547615
-0.0146484375 0.4306640625 0.6923828125 2547616
-0.0146484375 0.4306640625 0.6923828125 2547617
-0.0146484375 0.4306640625 0.6923828125 2547618
-0.0146484375 0.4306640625 0.6923828125 2547619
0.21533203125 0.2939453125 0.81494140625 2547718
0.21533203125 0.2939453125 0.81494140625 2547719
0.21533203125 0.2939453125 0.81494140625 2547720
0.21533203125 0.2939453125 0.81494140625 2547721
0.21533203125 0.2939453125 0.81494140625 2547722
0.33447265625 0.25390625 0.8505859375 2547821
0.33447265625 0.25390625 0.8505859375 2547822
0.33447265625 0.25390625 0.8505859375 2547823
0.33447265625 0.25390625 0.8505859375 2547825
0.33447265625 0.25390625 0.8505859375 2547826
0.33203125 0.224609375 0.8681640625 2547923
0.33203125 0.224609375 0.8681640625 2547924
0.33203125 0.224609375 0.8681640625 2547925
0.33203125 0.224609375 0.8681640625 2547926
0.33203125 0.224609375 0.8681640625 2547927
0.333984375 0.28125 0.8837890625 2548025
0.333984375 0.28125 0.8837890625 2548026
0.333984375 0.28125 0.8837890625 2548027
0.333984375 0.28125 0.8837890625 2548028
0.333984375 0.28125 0.8837890625 2548028
0.34326171875 0.25439453125 0.83203125 2548104
0.349609375 0.2216796875 0.80908203125 2548216
0.349609375 0.2216796875 0.80908203125 2548217
0.349609375 0.2216796875 0.80908203125 2548218
0.349609375 0.2216796875 0.80908203125 2548219
0.349609375 0.2216796875 0.80908203125 2548220
0.30419921875 0.22998046875 0.8212890625 2548319
0.30419921875 0.22998046875 0.8212890625 2548320
0.30419921875 0.22998046875 0.8212890625 2548322
0.30419921875 0.22998046875 0.8212890625 2548323
0.30419921875 0.22998046875 0.8212890625 2548324
0.34765625 0.1923828125 0.80712890625 2548420
0.34765625 0.1923828125 0.80712890625 2548421
0.34765625 0.1923828125 0.80712890625 2548422
0.34765625 0.1923828125 0.80712890625 2548423
0.34765625 0.1923828125 0.80712890625 2548424
0.3876953125 0.20068359375 0.89013671875 2548523
0.3876953125 0.20068359375 0.89013671875 2548524
0.3876953125 0.20068359375 0.89013671875 2548525
0.3876953125 0.20068359375 0.89013671875 2548526
0.3876953125 0.20068359375 0.89013671875 2548527
0.37451171875 0.26171875 0.93994140625 2548651
0.37451171875 0.26171875 0.93994140625 2548653
0.37451171875 0.26171875 0.93994140625 2548654
0.37451171875 0.26171875 0.93994140625 2548655
0.37451171875 0.26171875 0.93994140625 2548656
0.31298828125 0.2685546875 0.92626953125 2548705
0.2802734375 0.29443359375 0.9150390625 2548816
0.2802734375 0.29443359375 0.9150390625 2548817
0.2802734375 0.29443359375 0.9150390625 2548818
0.2802734375 0.29443359375 0.9150390625 2548819
0.2802734375 0.29443359375 0.9150390625 2548820
0.2626953125 0.25927734375 0.9423828125 2548919
0.2626953125 0.25927734375 0.9423828125 2548928
0.2626953125 0.25927734375 0.9423828125 2548930
0.2626953125 0.25927734375 0.9423828125 2548931
0.2626953125 0.25927734375 0.9423828125 2548932
0.1953125 0.27880859375 0.90625 2549011
0.1708984375 0.2939453125 0.8828125 2549117
0.1708984375 0.2939453125 0.8828125 2549118
0.1708984375 0.2939453125 0.8828125 2549119
0.1708984375 0.2939453125 0.8828125 2549120
0.1708984375 0.2939453125 0.8828125 2549123
0.1650390625 0.31005859375 0.93115234375 2549222
0.1650390625 0.31005859375 0.93115234375 2549223
0.1650390625 0.31005859375 0.93115234375 2549225
0.1650390625 0.31005859375 0.93115234375 2549226
0.1650390625 0.31005859375 0.93115234375 2549227
0.11572265625 0.353515625 0.90771484375 2549324
0.11572265625 0.353515625 0.90771484375 2549325
0.11572265625 0.353515625 0.90771484375 2549326
0.11572265625 0.353515625 0.90771484375 2549326
0.11572265625 0.353515625 0.90771484375 2549327
0.08251953125 0.3544921875 0.90673828125 2549427
0.08251953125 0.3544921875 0.90673828125 2549428
0.08251953125 0.3544921875 0.90673828125 2549430
0.08251953125 0.3544921875 0.90673828125 2549431
0.08251953125 0.3544921875 0.90673828125 2549432
0.02734375 0.38232421875 0.85888671875 2549505
-0.05908203125 0.3671875 0.81201171875 2549617
-0.05908203125 0.3671875 0.81201171875 2549618
-0.05908203125 0.3671875 0.81201171875 2549619
-0.05908203125 0.3671875 0.81201171875 2549620
-0.05908203125 0.3671875 0.81201171875 2549621
-0.12939453125 0.47705078125 0.78857421875 2549719
-0.12939453125 0.47705078125 0.78857421875 2549720
-0.12939453125 0.47705078125 0.78857421875 2549721
-0.12939453125 0.47705078125 0.78857421875 2549721
-0.12939453125 0.47705078125 0.78857421875 2549722
-0.1494140625 0.5244140625 0.798828125 2549821
-0.1494140625 0.5244140625 0.798828125 2549822
-0.1494140625 0.5244140625 0.798828125 2549823
-0.1494140625 0.5244140625 0.798828125 2549824
-0.1494140625 0.5244140625 0.798828125 2549825
-0.189453125 0.546875 0.755859375 2549924
-0.189453125 0.546875 0.755859375 2549925
-0.189453125 0.546875 0.755859375 2549926
-0.189453125 0.546875 0.755859375 2549927
-0.189453125 0.546875 0.755859375 2549928
-0.224609375 0.55615234375 0.765625 2550009
-0.240234375 0.56884765625 0.65673828125 2550118
-0.240234375 0.56884765625 0.65673828125 2550119
-0.240234375 0.56884765625 0.65673828125 2550121
-0.240234375 0.56884765625 0.65673828125 2550122
-0.240234375 0.56884765625 0.65673828125 2550123
-0.22998046875 0.62255859375 0.6162109375 2550220
-0.22998046875 0.62255859375 0.6162109375 2550221
-0.22998046875 0.62255859375 0.6162109375 2550222
-0.22998046875 0.62255859375 0.6162109375 2550223
-0.22998046875 0.62255859375 0.6162109375 2550223
-0.21826171875 0.693359375 0.59423828125 2550322
-0.21826171875 0.693359375 0.59423828125 2550323
-0.21826171875 0.693359375 0.59423828125 2550324
-0.21826171875 0.693359375 0.59423828125 2550324
-0.21826171875 0.693359375 0.59423828125 2550325
-0.18115234375 0.7431640625 0.59619140625 2550427
-0.18115234375 0.7431640625 0.59619140625 2550428
-0.18115234375 0.7431640625 0.59619140625 2550429
-0.18115234375 0.7431640625 0.59619140625 2550430
-0.18115234375 0.7431640625 0.59619140625 2550431
-0.130859375 0.810546875 0.61328125 2550530
-0.130859375 0.810546875 0.61328125 2550531
-0.130859375 0.810546875 0.61328125 2550532
-0.130859375 0.810546875 0.61328125 2550533
-0.130859375 0.810546875 0.61328125 2550534
-0.01123046875 0.67724609375 0.47509765625 2550609
0.11083984375 0.68310546875 0.75390625 2550720
0.11083984375 0.68310546875 0.75390625 2550721
0.11083984375 0.68310546875 0.75390625 2550722
0.11083984375 0.68310546875 0.75390625 2550723
0.11083984375 0.68310546875 0.75390625 2550724
0.1455078125 0.59130859375 0.83544921875 2550822
0.1455078125 0.59130859375 0.83544921875 2550823
0.1455078125 0.59130859375 0.83544921875 2550824
0.1455078125 0.59130859375 0.83544921875 2550825
0.1455078125 0.59130859375 0.83544921875 2550826
0.18310546875 0.52880859375 0.81201171875 2550924
0.18310546875 0.52880859375 0.81201171875 2550925
0.18310546875 0.52880859375 0.81201171875 2550926
0.18310546875 0.52880859375 0.81201171875 2550927
0.18310546875 0.52880859375 0.81201171875 2550928
0.21337890625 0.48388671875 0.81884765625 2551027
0.21337890625 0.48388671875 0.81884765625 2551028
0.21337890625 0.48388671875 0.81884765625 2551029
0.21337890625 0.48388671875 0.81884765625 2551029
0.21337890625 0.48388671875 0.81884765625 2551030
0.2080078125 0.45947265625 0.8193359375 2551130
0.2080078125 0.45947265625 0.8193359375 2551131
0.2080078125 0.45947265625 0.8193359375 2551132
0.2080078125 0.45947265625 0.8193359375 2551133
0.2080078125 0.45947265625 0.8193359375 2551134
0.21337890625 0.4677734375 0.80029296875 2551207
0.20263671875 0.447265625 0.771484375 2551318
0.20263671875 0.447265625 0.771484375 2551319
0.20263671875 0.447265625 0.771484375 2551320
0.20263671875 0.447265625 0.771484375 2551320
0.20263671875 0.447265625 0.771484375 2551321
0.166015625 0.46484375 0.748046875 2551420
0.166015625 0.46484375 0.748046875 2551421
0.166015625 0.46484375 0.748046875 2551422
0.166015625 0.46484375 0.748046875 2551423
0.166015625 0.46484375 0.748046875 2551423
0.1640625 0.5302734375 0.90087890625 2551523
0.1640625 0.5302734375 0.90087890625 2551524
0.1640625 0.5302734375 0.90087890625 2551525
0.1640625 0.5302734375 0.90087890625 2551525
0.1640625 0.5302734375 0.90087890625 2551526
0.14453125 0.52978515625 0.9208984375 2551625
0.14453125 0.52978515625 0.9208984375 2551626
0.14453125 0.52978515625 0.9208984375 2551627
0.14453125 0.52978515625 0.9208984375 2551627
0.14453125 0.52978515625 0.9208984375 2551628
0.1259765625 0.4990234375 0.81591796875 2551727
0.1259765625 0.4990234375 0.81591796875 2551728
0.1259765625 0.4990234375 0.81591796875 2551729
0.1259765625 0.4990234375 0.81591796875 2551729
0.1259765625 0.4990234375 0.81591796875 2551730
0.150390625 0.48046875 0.8427734375 2551843
0.150390625 0.48046875 0.8427734375 2551844
0.150390625 0.48046875 0.8427734375 2551845
0.150390625 0.48046875 0.8427734375 2551846
0.150390625 0.48046875 0.8427734375 2551847
0.1591796875 0.49755859375 0.87060546875 2551930
0.125 0.4921875 0.8974609375 2552101
0.125 0.4921875 0.8974609375 2552102
0.125 0.4921875 0.8974609375 2552103
0.125 0.4921875 0.8974609375 2552104
0.125 0.4921875 0.8974609375 2552105
0.1376953125 0.484375 0.89501953125 2552117
0.205078125 0.45556640625 0.9306640625 2552224
0.205078125 0.45556640625 0.9306640625 2552225
0.205078125 0.45556640625 0.9306640625 2552226
0.205078125 0.45556640625 0.9306640625 2552227
0.205078125 0.45556640625 0.9306640625 2552227
0.166015625 0.43994140625 0.90576171875 2552326
0.166015625 0.43994140625 0.90576171875 2552327
0.166015625 0.43994140625 0.90576171875 2552328
0.166015625 0.43994140625 0.90576171875 2552329
0.166015625 0.43994140625 0.90576171875 2552330
0.16162109375 0.39892578125 0.880859375 2552430
0.16162109375 0.39892578125 0.880859375 2552431
0.16162109375 0.39892578125 0.880859375 2552432
0.16162109375 0.39892578125 0.880859375 2552433
0.16162109375 0.39892578125 0.880859375 2552435
0.12890625 0.38671875 0.845703125 2552514
0.13671875 0.37744140625 0.83056640625 2552619
0.13671875 0.37744140625 0.83056640625 2552620
0.13671875 0.37744140625 0.83056640625 2552621
0.13671875 0.37744140625 0.83056640625 2552622
0.13671875 0.37744140625 0.83056640625 2552623
0.15576171875 0.38818359375 0.8466796875 2552721
0.15576171875 0.38818359375 0.8466796875 2552722
0.15576171875 0.38818359375 0.8466796875 2552723
0.15576171875 0.38818359375 0.8466796875 2552724
0.15576171875 0.38818359375 0.8466796875 2552725
0.1220703125 0.404296875 0.80419921875 2552827
0.1220703125 0.404296875 0.80419921875 2552828
0.1220703125 0.404296875 0.80419921875 2552829
0.1220703125 0.404296875 0.80419921875 2552830
0.1220703125 0.404296875 0.80419921875 2552831
0.134765625 0.40380859375 0.8271484375 2552930
0.134765625 0.40380859375 0.8271484375 2552931
0.134765625 0.40380859375 0.8271484375 2552932
0.134765625 0.40380859375 0.8271484375 2552933
0.134765625 0.40380859375 0.8271484375 2552934
0.1357421875 0.41162109375 0.876953125 2553013
0.16943359375 0.3720703125 0.90283203125 2553123
0.16943359375 0.3720703125 0.90283203125 2553125
0.16943359375 0.3720703125 0.90283203125 2553126
0.16943359375 0.3720703125 0.90283203125 2553127
0.16943359375 0.3720703125 0.90283203125 2553128
0.134765625 0.380859375 0.87841796875 2553212
0.14697265625 0.3544921875 0.85986328125 2553323
0.14697265625 0.3544921875 0.85986328125 2553324
0.14697265625 0.3544921875 0.85986328125 2553325
0.14697265625 0.3544921875 0.85986328125 2553326
0.14697265625 0.3544921875 0.85986328125 2553327
0.13720703125 0.353515625 0.8369140625 2553410
0.1611328125 0.33984375 0.86962890625 2553521
0.1611328125 0.33984375 0.86962890625 2553522
0.1611328125 0.33984375 0.86962890625 2553523
0.1611328125 0.33984375 0.86962890625 2553524
0.1611328125 0.33984375 0.86962890625 2553525
0.13916015625 0.34619140625 0.86181640625 2553628
0.13916015625 0.34619140625 0.86181640625 2553629
0.13916015625 0.34619140625 0.86181640625 2553630
0.13916015625 0.34619140625 0.86181640625 2553631
0.13916015625 0.34619140625 0.86181640625 2553632
0.1650390625 0.3466796875 0.87158203125 2553730
0.1650390625 0.3466796875 0.87158203125 2553775
0.1650390625 0.3466796875 0.87158203125 2553776
0.1650390625 0.3466796875 0.87158203125 2553777
0.1650390625 0.3466796875 0.87158203125 2553779
0.169921875 0.33837890625 0.8681640625 2553809
0.15576171875 0.333984375 0.87841796875 2553924
0.15576171875 0.333984375 0.87841796875 2553927
0.15576171875 0.333984375 0.87841796875 2553928
0.15576171875 0.333984375 0.87841796875 2553930
0.15576171875 0.333984375 0.87841796875 2553931
0.169921875 0.33203125 0.90185546875 2554026
0.169921875 0.33203125 0.90185546875 2554027
0.17822265625 0.326171875 0.91748046875 2554129
0.17822265625 0.326171875 0.91748046875 2554130
0.17822265625 0.326171875 0.91748046875 2554131
0.17822265625 0.326171875 0.91748046875 2554132
0.17822265625 0.326171875 0.91748046875 2554133
0.1337890625 0.341796875 0.8671875 2554230
0.1337890625 0.341796875 0.8671875 2554231
0.1337890625 0.341796875 0.8671875 2554232
0.1337890625 0.341796875 0.8671875 2554233
0.1337890625 0.341796875 0.8671875 2554234
0.10400390625 0.37109375 0.89453125 2554342
0.10400390625 0.37109375 0.89453125 2554343
0.10400390625 0.37109375 0.89453125 2554346
0.10400390625 0.37109375 0.89453125 2554347
0.10400390625 0.37109375 0.89453125 2554348
0.02294921875 0.41455078125 0.84716796875 2554420
-0.07470703125 0.4365234375 0.7109375 2554522
-0.07470703125 0.4365234375 0.7109375 2554523
-0.07470703125 0.4365234375 0.7109375 2554524
-0.07470703125 0.4365234375 0.7109375 2554526
-0.07470703125 0.4365234375 0.7109375 2554527
-0.01171875 0.37255859375 0.6630859375 2554625
-0.01171875 0.37255859375 0.6630859375 2554626
-0.01171875 0.37255859375 0.6630859375 2554628
-0.01171875 0.37255859375 0.6630859375 2554633
-0.01171875 0.37255859375 0.6630859375 2554634
0.15576171875 0.39111328125 0.80517578125 2554728
0.15576171875 0.39111328125 0.80517578125 2554729
0.15576171875 0.39111328125 0.80517578125 2554730
0.15576171875 0.39111328125 0.80517578125 2554731
0.2978515625 0.263671875 0.7685546875 2554830
0.2978515625 0.263671875 0.7685546875 2554831
0.2978515625 0.263671875 0.7685546875 2554832
0.2978515625 0.263671875 0.7685546875 2554834
0.2978515625 0.263671875 0.7685546875 2554835
0.1943359375 0.28515625 0.66943359375 2554933
0.1943359375 0.28515625 0.66943359375 2554934
0.1943359375 0.28515625 0.66943359375 2554935
0.1943359375 0.28515625 0.66943359375 2554936
0.1943359375 0.28515625 0.66943359375 2554937
0.26904296875 0.17529296875 0.76220703125 2555010
0.35302734375 0.2734375 0.95361328125 2555123
0.35302734375 0.2734375 0.95361328125 2555124
0.35302734375 0.2734375 0.95361328125 2555125
0.35302734375 0.2734375 0.95361328125 2555126
0.35302734375 0.2734375 0.95361328125 2555127
0.30810546875 0.4365234375 1.17919921875 2555225
0.30810546875 0.4365234375 1.17919921875 2555226
0.30810546875 0.4365234375 1.17919921875 2555226
0.30810546875 0.4365234375 1.17919921875 2555227
0.30810546875 0.4365234375 1.17919921875 2555228
-0.04638671875 0.59521484375 0.86767578125 2555327
-0.04638671875 0.59521484375 0.86767578125 2555328
-0.04638671875 0.59521484375 0.86767578125 2555329
-0.04638671875 0.59521484375 0.86767578125 2555331
-0.04638671875 0.59521484375 0.86767578125 2555332
-0.07177734375 0.591796875 0.798828125 2555430
-0.07177734375 0.591796875 0.798828125 2555431
-0.07177734375 0.591796875 0.798828125 2555432
-0.07177734375 0.591796875 0.798828125 2555433
-0.07177734375 0.591796875 0.798828125 2555434
-0.05712890625 0.62890625 0.77685546875 2555532
-0.05712890625 0.62890625 0.77685546875 2555533
-0.05712890625 0.62890625 0.77685546875 2555534
-0.05712890625 0.62890625 0.77685546875 2555535
-0.05712890625 0.62890625 0.77685546875 2555535
-0.04345703125 0.62744140625 0.71337890625 2555613
-0.04443359375 0.67578125 0.7119140625 2555723
-0.04443359375 0.67578125 0.7119140625 2555724
-0.04443359375 0.67578125 0.7119140625 2555725
-0.04443359375 0.67578125 0.7119140625 2555726
-0.04443359375 0.67578125 0.7119140625 2555727
-0.0556640625 0.6845703125 0.69873046875 2555825
-0.0556640625 0.6845703125 0.69873046875 2555826
-0.0556640625 0.6845703125 0.69873046875 2555827
-0.0556640625 0.6845703125 0.69873046875 2555827
-0.0556640625 0.6845703125 0.69873046875 2555828
-0.07373046875 0.71142578125 0.62744140625 2555927
-0.07373046875 0.71142578125 0.62744140625 2555928
-0.07373046875 0.71142578125 0.62744140625 2555929
-0.07373046875 0.71142578125 0.62744140625 2555930
-0.1025390625 0.748046875 0.6181640625 2556032
-0.1025390625 0.748046875 0.6181640625 2556033
-0.1025390625 0.748046875 0.6181640625 2556034
-0.1025390625 0.748046875 0.6181640625 2556034
-0.1025390625 0.748046875 0.6181640625 2556035
-0.09716796875 0.72509765625 0.61376953125 2556134
-0.09716796875 0.72509765625 0.61376953125 2556135
-0.09716796875 0.72509765625 0.61376953125 2556136
-0.09716796875 0.72509765625 0.61376953125 2556136
-0.09716796875 0.72509765625 0.61376953125 2556137
-0.0859375 0.73583984375 0.64501953125 2556213
-0.06396484375 0.736328125 0.6162109375 2556322
-0.06396484375 0.736328125 0.6162109375 2556323
-0.06396484375 0.736328125 0.6162109375 2556325
-0.06396484375 0.736328125 0.6162109375 2556326
-0.06396484375 0.736328125 0.6162109375 2556327
-0.04736328125 0.7607421875 0.6025390625 2556434
-0.04736328125 0.7607421875 0.6025390625 2556435
-0.04736328125 0.7607421875 0.6025390625 2556436
-0.04736328125 0.7607421875 0.6025390625 2556437
-0.04736328125 0.7607421875 0.6025390625 2556438
0.04833984375 0.70556640625 0.6904296875 2556512
0.0791015625 0.701171875 0.7783203125 2556622
0.0791015625 0.701171875 0.7783203125 2556623
0.0791015625 0.701171875 0.7783203125 2556623
0.0791015625 0.701171875 0.7783203125 2556624
0.0791015625 0.701171875 0.7783203125 2556625
0.18359375 0.57177734375 0.83056640625 2556725
0.18359375 0.57177734375 0.83056640625 2556726
0.18359375 0.57177734375 0.83056640625 2556728
0.18359375 0.57177734375 0.83056640625 2556730
0.18359375 0.57177734375 0.83056640625 2556731
0.15625 0.5556640625 0.8203125 2556828
0.15625 0.5556640625 0.8203125 2556829
0.15625 0.5556640625 0.8203125 2556830
0.15625 0.5556640625 0.8203125 2556831
0.15625 0.5556640625 0.8203125 2556833
0.1611328125 0.52783203125 0.8134765625 2556930
0.1611328125 0.52783203125 0.8134765625 2556931
0.1611328125 0.52783203125 0.8134765625 2556932
0.1611328125 0.52783203125 0.8134765625 2556933
0.1611328125 0.52783203125 0.8134765625 2556935
0.1728515625 0.513671875 0.8271484375 2557034
0.1728515625 0.513671875 0.8271484375 2557035
0.1728515625 0.513671875 0.8271484375 2557036
0.1728515625 0.513671875 0.8271484375 2557037
0.1728515625 0.513671875 0.8271484375 2557037
0.181640625 0.51611328125 0.87255859375 2557112
0.17626953125 0.5185546875 0.8671875 2557223
0.17626953125 0.5185546875 0.8671875 2557224
0.17626953125 0.5185546875 0.8671875 2557225
0.17626953125 0.5185546875 0.8671875 2557225
0.17626953125 0.5185546875 0.8671875 2557226
0.18017578125 0.5009765625 0.85009765625 2557325
0.18017578125 0.5009765625 0.85009765625 2557326
0.18017578125 0.5009765625 0.85009765625 2557327
0.18017578125 0.5009765625 0.85009765625 2557328
0.18017578125 0.5009765625 0.85009765625 2557329
0.1611328125 0.49365234375 0.806640625 2557427
0.1611328125 0.49365234375 0.806640625 2557428
0.1611328125 0.49365234375 0.806640625 2557429
0.1611328125 0.49365234375 0.806640625 2557430
0.1611328125 0.49365234375 0.806640625 2557430
0.1708984375 0.49853515625 0.84716796875 2557531
0.1708984375 0.49853515625 0.84716796875 2557532
0.1708984375 0.49853515625 0.84716796875 2557533
0.1708984375 0.49853515625 0.84716796875 2557534
0.1708984375 0.49853515625 0.84716796875 2557535
0.17578125 0.47998046875 0.859375 2557633
0.17578125 0.47998046875 0.859375 2557634
0.17578125 0.47998046875 0.859375 2557634
0.17578125 0.47998046875 0.859375 2557635
0.17578125 0.47998046875 0.859375 2557636
0.17529296875 0.4560546875 0.837890625 2557735
0.17529296875 0.4560546875 0.837890625 2557736
0.17529296875 0.4560546875 0.837890625 2557737
0.17529296875 0.4560546875 0.837890625 2557738
0.17529296875 0.4560546875 0.837890625 2557739
0.1728515625 0.43115234375 0.83544921875 2557812
0.19921875 0.431640625 0.873046875 2557925
0.19921875 0.431640625 0.873046875 2557926
0.19921875 0.431640625 0.873046875 2557928
0.19921875 0.431640625 0.873046875 2557929
0.19921875 0.431640625 0.873046875 2557930
0.21044921875 0.4189453125 0.873046875 2558027
0.21044921875 0.4189453125 0.873046875 2558028
0.21044921875 0.4189453125 0.873046875 2558029
0.21044921875 0.4189453125 0.873046875 2558030
0.21044921875 0.4189453125 0.873046875 2558031
0.21142578125 0.42431640625 0.8876953125 2558129
0.21142578125 0.42431640625 0.8876953125 2558130
0.21142578125 0.42431640625 0.8876953125 2558131
0.21142578125 0.42431640625 0.8876953125 2558132
0.21142578125 0.42431640625 0.8876953125 2558132
0.1806640625 0.42041015625 0.8681640625 2558243
0.1806640625 0.42041015625 0.8681640625 2558244
0.1806640625 0.42041015625 0.8681640625 2558245
0.1806640625 0.42041015625 0.8681640625 2558246
0.1806640625 0.42041015625 0.8681640625 2558247
0.1689453125 0.412109375 0.865234375 2558329
0.16455078125 0.3916015625 0.83203125 2558431
0.16455078125 0.3916015625 0.83203125 2558432
0.16455078125 0.3916015625 0.83203125 2558433
0.16455078125 0.3916015625 0.83203125 2558434
0.16455078125 0.3916015625 0.83203125 2558434
0.16943359375 0.41845703125 0.85400390625 2558535
0.16943359375 0.41845703125 0.85400390625 2558537
0.16943359375 0.41845703125 0.85400390625 2558538
0.16943359375 0.41845703125 0.85400390625 2558539
0.16943359375 0.41845703125 0.85400390625 2558540
0.1806640625 0.4111328125 0.86767578125 2558637
0.1806640625 0.4111328125 0.86767578125 2558638
0.1806640625 0.4111328125 0.86767578125 2558638
0.16845703125 0.416015625 0.845703125 2558714
0.16845703125 0.416015625 0.845703125 2558715
0.16845703125 0.416015625 0.845703125 2558716
0.16796875 0.419921875 0.84033203125 2558824
0.16796875 0.419921875 0.84033203125 2558825
0.16796875 0.419921875 0.84033203125 2558826
0.16796875 0.419921875 0.84033203125 2558826
0.16796875 0.419921875 0.84033203125 2558827
0.17041015625 0.404296875 0.83984375 2558926
0.17041015625 0.404296875 0.83984375 2558927
0.17041015625 0.404296875 0.83984375 2558928
0.17041015625 0.404296875 0.83984375 2558929
0.17041015625 0.404296875 0.83984375 2558929
0.16796875 0.4052734375 0.83154296875 2559017
0.189453125 0.38427734375 0.8505859375 2559126
0.189453125 0.38427734375 0.8505859375 2559127
0.189453125 0.38427734375 0.8505859375 2559128
0.189453125 0.38427734375 0.8505859375 2559129
0.189453125 0.38427734375 0.8505859375 2559130
0.17919921875 0.39306640625 0.85107421875 2559229
0.17919921875 0.39306640625 0.85107421875 2559230
0.17919921875 0.39306640625 0.85107421875 2559231
0.17919921875 0.39306640625 0.85107421875 2559231
0.17919921875 0.39306640625 0.85107421875 2559232
0.18408203125 0.3935546875 0.87890625 2559332
0.18408203125 0.3935546875 0.87890625 2559333
0.18408203125 0.3935546875 0.87890625 2559334
0.18408203125 0.3935546875 0.87890625 2559335
0.18408203125 0.3935546875 0.87890625 2559336
0.2275390625 0.3642578125 0.90087890625 2559435
0.2275390625 0.3642578125 0.90087890625 2559436
0.2275390625 0.3642578125 0.90087890625 2559437
0.2275390625 0.3642578125 0.90087890625 2559437
0.2275390625 0.3642578125 0.90087890625 2559438
0.234375 0.35498046875 0.89599609375 2559562
0.234375 0.35498046875 0.89599609375 2559566
0.234375 0.35498046875 0.89599609375 2559568
0.234375 0.35498046875 0.89599609375 2559569
0.234375 0.35498046875 0.89599609375 2559570
0.158203125 0.39453125 0.85888671875 2559634
0.1015625 0.42236328125 0.8427734375 2559834
0.1015625 0.42236328125 0.8427734375 2559835
0.1015625 0.42236328125 0.8427734375 2559836
0.1015625 0.42236328125 0.8427734375 2559837
0.1015625 0.42236328125 0.8427734375 2559838
0.02978515625 0.47900390625 0.84912109375 2559839
-0.09521484375 0.48291015625 0.69384765625 2559926
-0.0703125 0.46728515625 0.69921875 2560029
-0.0703125 0.46728515625 0.69921875 2560030
-0.0703125 0.46728515625 0.69921875 2560031
-0.0703125 0.46728515625 0.69921875 2560032
-0.0703125 0.46728515625 0.69921875 2560033
0.1875 0.3408203125 0.79736328125 2560134
0.1875 0.3408203125 0.79736328125 2560135
0.1875 0.3408203125 0.79736328125 2560136
0.1875 0.3408203125 0.79736328125 2560136
0.29296875 0.248046875 0.744140625 2560215
0.29296875 0.248046875 0.744140625 2560216
0.23583984375 0.21728515625 0.66455078125 2560327
0.23583984375 0.21728515625 0.66455078125 2560328
0.23583984375 0.21728515625 0.66455078125 2560329
0.23583984375 0.21728515625 0.66455078125 2560329
0.23583984375 0.21728515625 0.66455078125 2560330
0.11572265625 0.28515625 0.615234375 2560429
0.11572265625 0.28515625 0.615234375 2560430
0.11572265625 0.28515625 0.615234375 2560431
0.11572265625 0.28515625 0.615234375 2560432
0.11572265625 0.28515625 0.615234375 2560433
0.12841796875 0.27099609375 0.65625 2560531
0.12841796875 0.27099609375 0.65625 2560532
0.12841796875 0.27099609375 0.65625 2560533
0.12841796875 0.27099609375 0.65625 2560534
0.12841796875 0.27099609375 0.65625 2560534
0.0517578125 0.5 0.8984375 2560633
0.0517578125 0.5 0.8984375 2560634
0.0517578125 0.5 0.8984375 2560636
0.0517578125 0.5 0.8984375 2560636
0.0517578125 0.5 0.8984375 2560637
0.1044921875 0.8466796875 1.21435546875 2560737
0.1044921875 0.8466796875 1.21435546875 2560738
0.1044921875 0.8466796875 1.21435546875 2560739
0.1044921875 0.8466796875 1.21435546875 2560740
0.1044921875 0.8466796875 1.21435546875 2560740
-0.0068359375 0.826171875 1 2560839
-0.0068359375 0.826171875 1 2560840
-0.0068359375 0.826171875 1 2560842
-0.0068359375 0.826171875 1 2560843
-0.0068359375 0.826171875 1 2560844
-0.044921875 0.712890625 0.74951171875 2560926
-0.0537109375 0.76318359375 0.70068359375 2561029
-0.0537109375 0.76318359375 0.70068359375 2561030
-0.0537109375 0.76318359375 0.70068359375 2561031
-0.0537109375 0.76318359375 0.70068359375 2561032
-0.0537109375 0.76318359375 0.70068359375 2561033
-0.06640625 0.76708984375 0.60986328125 2561133
-0.06640625 0.76708984375 0.60986328125 2561135
-0.06640625 0.76708984375 0.60986328125 2561136
-0.06640625 0.76708984375 0.60986328125 2561137
-0.05224609375 0.74072265625 0.57080078125 2561236
-0.05224609375 0.74072265625 0.57080078125 2561237
-0.05224609375 0.74072265625 0.57080078125 2561238
-0.05224609375 0.74072265625 0.57080078125 2561239
-0.05224609375 0.74072265625 0.57080078125 2561240
-0.0087890625 0.7529296875 0.6123046875 2561338
-0.0087890625 0.7529296875 0.6123046875 2561339
-0.0087890625 0.7529296875 0.6123046875 2561340
-0.0087890625 0.7529296875 0.6123046875 2561341
-0.0087890625 0.7529296875 0.6123046875 2561341
-0.0078125 0.79443359375 0.67333984375 2561485
-0.0078125 0.79443359375 0.67333984375 2561486
-0.0078125 0.79443359375 0.67333984375 2561487
-0.0078125 0.79443359375 0.67333984375 2561488
-0.0078125 0.79443359375 0.67333984375 2561490
0.14599609375 0.64892578125 0.7177734375 2561528
0.20849609375 0.61328125 0.80810546875 2561640
0.20849609375 0.61328125 0.80810546875 2561642
0.20849609375 0.61328125 0.80810546875 2561643
0.20849609375 0.61328125 0.80810546875 2561644
0.20849609375 0.61328125 0.80810546875 2561645
0.1884765625 0.59228515625 0.828125 2561732
0.1796875 0.54931640625 0.81982421875 2561835
0.1796875 0.54931640625 0.81982421875 2561836
0.1796875 0.54931640625 0.81982421875 2561837
0.1796875 0.54931640625 0.81982421875 2561838
0.1796875 0.54931640625 0.81982421875 2561840
0.201171875 0.52587890625 0.83056640625 2561938
0.201171875 0.52587890625 0.83056640625 2561939
0.201171875 0.52587890625 0.83056640625 2561940
0.201171875 0.52587890625 0.83056640625 2561941
0.201171875 0.52587890625 0.83056640625 2561942
0.21875 0.51171875 0.84814453125 2562018
0.19775390625 0.50439453125 0.83154296875 2562127
0.19775390625 0.50439453125 0.83154296875 2562128
0.19775390625 0.50439453125 0.83154296875 2562129
0.19775390625 0.50439453125 0.83154296875 2562130
0.19775390625 0.50439453125 0.83154296875 2562132
0.177734375 0.49755859375 0.81201171875 2562230
0.177734375 0.49755859375 0.81201171875 2562231
0.177734375 0.49755859375 0.81201171875 2562232
0.177734375 0.49755859375 0.81201171875 2562233
0.177734375 0.49755859375 0.81201171875 2562234
0.18603515625 0.50048828125 0.8525390625 2562333
0.18603515625 0.50048828125 0.8525390625 2562334
0.18603515625 0.50048828125 0.8525390625 2562335
0.18603515625 0.50048828125 0.8525390625 2562336
0.18603515625 0.50048828125 0.8525390625 2562337
0.16796875 0.5078125 0.853515625 2562435
0.16796875 0.5078125 0.853515625 2562436
0.16796875 0.5078125 0.853515625 2562437
0.16796875 0.5078125 0.853515625 2562437
0.16796875 0.5078125 0.853515625 2562438
0.17578125 0.48828125 0.86572265625 2562556
0.17578125 0.48828125 0.86572265625 2562558
0.17578125 0.48828125 0.86572265625 2562559
0.17578125 0.48828125 0.86572265625 2562560
0.17578125 0.48828125 0.86572265625 2562561
0.17626953125 0.494140625 0.8544921875 2562640
0.18212890625 0.4560546875 0.87548828125 2562722
0.18212890625 0.4560546875 0.87548828125 2562724
0.18212890625 0.4560546875 0.87548828125 2562725
0.18212890625 0.4560546875 0.87548828125 2562726
0.18212890625 0.4560546875 0.87548828125 2562727
0.173828125 0.45263671875 0.8759765625 2562842
0.173828125 0.45263671875 0.8759765625 2562843
0.173828125 0.45263671875 0.8759765625 2562844
0.173828125 0.45263671875 0.8759765625 2562846
0.173828125 0.45263671875 0.8759765625 2562847
0.1650390625 0.43115234375 0.84326171875 2562935
0.13525390625 0.42919921875 0.82568359375 2563038
0.13525390625 0.42919921875 0.82568359375 2563040
0.13525390625 0.42919921875 0.82568359375 2563041
0.13525390625 0.42919921875 0.82568359375 2563042
0.13525390625 0.42919921875 0.82568359375 2563043
0.1640625 0.42431640625 0.87646484375 2563140
0.1640625 0.42431640625 0.87646484375 2563141
0.1640625 0.42431640625 0.87646484375 2563142
0.1640625 0.42431640625 0.87646484375 2563143
0.1640625 0.42431640625 0.87646484375 2563144
0.15234375 0.4267578125 0.86328125 2563217
0.125 0.4453125 0.85693359375 2563329
0.125 0.4453125 0.85693359375 2563330
0.125 0.4453125 0.85693359375 2563331
0.125 0.4453125 0.85693359375 2563332
0.125 0.4453125 0.85693359375 2563333
0.13330078125 0.45458984375 0.87939453125 2563433
0.13330078125 0.45458984375 0.87939453125 2563434
0.13330078125 0.45458984375 0.87939453125 2563435
0.13330078125 0.45458984375 0.87939453125 2563436
0.13330078125 0.45458984375 0.87939453125 2563437
0.11669921875 0.43701171875 0.83544921875 2563535
0.11669921875 0.43701171875 0.83544921875 2563536
0.11669921875 0.43701171875 0.83544921875 2563537
0.11669921875 0.43701171875 0.83544921875 2563539
0.11669921875 0.43701171875 0.83544921875 2563540
0.16748046875 0.39111328125 0.86767578125 2563637
0.16748046875 0.39111328125 0.86767578125 2563638
0.16748046875 0.39111328125 0.86767578125 2563639
0.16748046875 0.39111328125 0.86767578125 2563641
0.16748046875 0.39111328125 0.86767578125 2563642
0.2060546875 0.3408203125 0.8642578125 2563740
0.2060546875 0.3408203125 0.8642578125 2563741
0.2060546875 0.3408203125 0.8642578125 2563742
0.2060546875 0.3408203125 0.8642578125 2563743
0.2060546875 0.3408203125 0.8642578125 2563744
0.1455078125 0.353515625 0.8037109375 2563860
0.1455078125 0.353515625 0.8037109375 2563861
0.1455078125 0.353515625 0.8037109375 2563863
0.1455078125 0.353515625 0.8037109375 2563864
0.1455078125 0.353515625 0.8037109375 2563865
0.158203125 0.365234375 0.8056640625 2563929
0.1767578125 0.36083984375 0.84619140625 2564031
0.1767578125 0.36083984375 0.84619140625 2564033
0.1767578125 0.36083984375 0.84619140625 2564034
0.1767578125 0.36083984375 0.84619140625 2564035
0.1767578125 0.36083984375 0.84619140625 2564036
0.21826171875 0.37548828125 0.865234375 2564135
0.21826171875 0.37548828125 0.865234375 2564136
0.21826171875 0.37548828125 0.865234375 2564137
0.21826171875 0.37548828125 0.865234375 2564137
0.12158203125 0.4140625 0.83642578125 2564239
0.12158203125 0.4140625 0.83642578125 2564240
0.12158203125 0.4140625 0.83642578125 2564241
0.12158203125 0.4140625 0.83642578125 2564242
0.12158203125 0.4140625 0.83642578125 2564243
-0.01953125 0.46728515625 0.80224609375 2564341
-0.01953125 0.46728515625 0.80224609375 2564342
-0.01953125 0.46728515625 0.80224609375 2564343
-0.01953125 0.46728515625 0.80224609375 2564344
-0.01953125 0.46728515625 0.80224609375 2564346
-0.0537109375 0.50537109375 0.81494140625 2564443
-0.0537109375 0.50537109375 0.81494140625 2564445
-0.0537109375 0.50537109375 0.81494140625 2564446
-0.0537109375 0.50537109375 0.81494140625 2564447
-0.0537109375 0.50537109375 0.81494140625 2564448
-0.1220703125 0.458984375 0.6416015625 2564530
0.021484375 0.4521484375 0.78076171875 2564647
0.021484375 0.4521484375 0.78076171875 2564649
0.021484375 0.4521484375 0.78076171875 2564650
0.021484375 0.4521484375 0.78076171875 2564650
0.021484375 0.4521484375 0.78076171875 2564651
0.2197265625 0.21240234375 0.5849609375 2564729
0.22607421875 0.21630859375 0.62548828125 2564832
0.22607421875 0.21630859375 0.62548828125 2564833
0.22607421875 0.21630859375 0.62548828125 2564834
0.22607421875 0.21630859375 0.62548828125 2564835
0.22607421875 0.21630859375 0.62548828125 2564839
0.20263671875 0.24658203125 0.66748046875 2564934
0.20263671875 0.24658203125 0.66748046875 2564935
0.20263671875 0.24658203125 0.66748046875 2564937
0.20263671875 0.24658203125 0.66748046875 2564938
0.20263671875 0.24658203125 0.66748046875 2564939
0.33544921875 0.26318359375 0.875 2565040
0.33544921875 0.26318359375 0.875 2565041
0.33544921875 0.26318359375 0.875 2565042
0.33544921875 0.26318359375 0.875 2565043
0.33544921875 0.26318359375 0.875 2565044
0.521484375 0.216796875 1.14599609375 2565118
0.4091796875 0.34228515625 1.1884765625 2565230
0.4091796875 0.34228515625 1.1884765625 2565231
0.4091796875 0.34228515625 1.1884765625 2565232
0.4091796875 0.34228515625 1.1884765625 2565233
0.4091796875 0.34228515625 1.1884765625 2565234
0.22509765625 0.47314453125 1.03466796875 2565332
0.22509765625 0.47314453125 1.03466796875 2565333
0.22509765625 0.47314453125 1.03466796875 2565334
0.22509765625 0.47314453125 1.03466796875 2565335
0.22509765625 0.47314453125 1.03466796875 2565336
0.1142578125 0.46630859375 0.9560546875 2565435
0.1142578125 0.46630859375 0.9560546875 2565436
0.1142578125 0.46630859375 0.9560546875 2565437
0.1142578125 0.46630859375 0.9560546875 2565438
0.1142578125 0.46630859375 0.9560546875 2565438
0.0380859375 0.5751953125 0.88671875 2565538
0.0380859375 0.5751953125 0.88671875 2565539
0.0380859375 0.5751953125 0.88671875 2565540
0.0380859375 0.5751953125 0.88671875 2565541
0.0380859375 0.5751953125 0.88671875 2565542
-0.12353515625 0.6474609375 0.76708984375 2565640
-0.12353515625 0.6474609375 0.76708984375 2565641
-0.12353515625 0.6474609375 0.76708984375 2565642
-0.12353515625 0.6474609375 0.76708984375 2565644
-0.12353515625 0.6474609375 0.76708984375 2565645
-0.181640625 0.6708984375 0.703125 2565743
-0.181640625 0.6708984375 0.703125 2565744
-0.181640625 0.6708984375 0.703125 2565745
-0.181640625 0.6708984375 0.703125 2565746
-0.181640625 0.6708984375 0.703125 2565747
-0.19482421875 0.65478515625 0.59033203125 2565820
-0.1806640625 0.6591796875 0.60400390625 2565932
-0.1806640625 0.6591796875 0.60400390625 2565933
-0.1806640625 0.6591796875 0.60400390625 2565936
-0.1806640625 0.6591796875 0.60400390625 2565937
-0.1806640625 0.6591796875 0.60400390625 2565938
-0.19970703125 0.6865234375 0.5703125 2566030
-0.1650390625 0.69482421875 0.59228515625 2566132
-0.1650390625 0.69482421875 0.59228515625 2566133
-0.1650390625 0.69482421875 0.59228515625 2566134
-0.1650390625 0.69482421875 0.59228515625 2566135
-0.1650390625 0.69482421875 0.59228515625 2566136
-0.134765625 0.7041015625 0.5908203125 2566235
-0.134765625 0.7041015625 0.5908203125 2566236
-0.134765625 0.7041015625 0.5908203125 2566238
-0.134765625 0.7041015625 0.5908203125 2566239
-0.134765625 0.7041015625 0.5908203125 2566240
-0.12890625 0.7353515625 0.60205078125 2566338
-0.12890625 0.7353515625 0.60205078125 2566339
-0.12890625 0.7353515625 0.60205078125 2566340
-0.12890625 0.7353515625 0.60205078125 2566341
-0.16748046875 0.82275390625 0.6533203125 2566441
-0.16748046875 0.82275390625 0.6533203125 2566442
-0.16748046875 0.82275390625 0.6533203125 2566443
-0.16748046875 0.82275390625 0.6533203125 2566444
-0.16748046875 0.82275390625 0.6533203125 2566445
-0.03564453125 0.74169921875 0.59130859375 2566558
-0.03564453125 0.74169921875 0.59130859375 2566559
-0.03564453125 0.74169921875 0.59130859375 2566560
-0.03564453125 0.74169921875 0.59130859375 2566561
-0.03564453125 0.74169921875 0.59130859375 2566562
0.07763671875 0.66552734375 0.71044921875 2566622
0.1220703125 0.6123046875 0.85205078125 2566733
0.1220703125 0.6123046875 0.85205078125 2566734
0.1220703125 0.6123046875 0.85205078125 2566735
0.1220703125 0.6123046875 0.85205078125 2566736
0.1220703125 0.6123046875 0.85205078125 2566738
0.17529296875 0.556640625 0.86083984375 2566835
0.17529296875 0.556640625 0.86083984375 2566836
0.17529296875 0.556640625 0.86083984375 2566837
0.17529296875 0.556640625 0.86083984375 2566838
0.17529296875 0.556640625 0.86083984375 2566838
0.181640625 0.5126953125 0.86572265625 2566937
0.181640625 0.5126953125 0.86572265625 2566938
0.181640625 0.5126953125 0.86572265625 2566939
0.181640625 0.5126953125 0.86572265625 2566940
0.181640625 0.5126953125 0.86572265625 2566942
0.1904296875 0.4697265625 0.85888671875 2567041
0.1904296875 0.4697265625 0.85888671875 2567042
0.1904296875 0.4697265625 0.85888671875 2567064
0.1904296875 0.4697265625 0.85888671875 2567065
0.1904296875 0.4697265625 0.85888671875 2567066
0.1826171875 0.46337890625 0.86279296875 2567143
0.1826171875 0.46337890625 0.86279296875 2567144
0.1826171875 0.46337890625 0.86279296875 2567145
0.18505859375 0.48388671875 0.88525390625 2567221
0.18505859375 0.48388671875 0.88525390625 2567222
0.18505859375 0.48388671875 0.88525390625 2567224
0.16552734375 0.4677734375 0.86865234375 2567332
0.16552734375 0.4677734375 0.86865234375 2567333
0.16552734375 0.4677734375 0.86865234375 2567334
0.16552734375 0.4677734375 0.86865234375 2567335
0.16552734375 0.4677734375 0.86865234375 2567336
0.16357421875 0.50048828125 0.87353515625 2567436
0.16357421875 0.50048828125 0.87353515625 2567437
0.16357421875 0.50048828125 0.87353515625 2567438
0.16357421875 0.50048828125 0.87353515625 2567439
0.16357421875 0.50048828125 0.87353515625 2567440
0.18701171875 0.47314453125 0.87890625 2567538
0.18701171875 0.47314453125 0.87890625 2567539
0.18701171875 0.47314453125 0.87890625 2567540
0.18701171875 0.47314453125 0.87890625 2567541
0.18701171875 0.47314453125 0.87890625 2567542
0.17578125 0.44189453125 0.8388671875 2567640
0.17578125 0.44189453125 0.8388671875 2567641
0.17578125 0.44189453125 0.8388671875 2567643
0.17578125 0.44189453125 0.8388671875 2567644
0.17578125 0.44189453125 0.8388671875 2567645
0.1787109375 0.39599609375 0.83837890625 2567742
0.1787109375 0.39599609375 0.83837890625 2567743
0.1787109375 0.39599609375 0.83837890625 2567744
0.1787109375 0.39599609375 0.83837890625 2567745
0.1787109375 0.39599609375 0.83837890625 2567746
0.15185546875 0.39990234375 0.83349609375 2567843
0.15185546875 0.39990234375 0.83349609375 2567845
0.15185546875 0.39990234375 0.83349609375 2567846
0.15185546875 0.39990234375 0.83349609375 2567848
0.15185546875 0.39990234375 0.83349609375 2567849
0.21142578125 0.376953125 0.88427734375 2567927
0.23291015625 0.37255859375 0.89453125 2568030
0.23291015625 0.37255859375 0.89453125 2568031
0.23291015625 0.37255859375 0.89453125 2568033
0.23291015625 0.37255859375 0.89453125 2568034
0.23291015625 0.37255859375 0.89453125 2568036
0.2001953125 0.37353515625 0.88134765625 2568132
0.2001953125 0.37353515625 0.88134765625 2568133
0.2001953125 0.37353515625 0.88134765625 2568134
0.2001953125 0.37353515625 0.88134765625 2568134
0.2001953125 0.37353515625 0.88134765625 2568135
0.2001953125 0.365234375 0.8486328125 2568235
0.2001953125 0.365234375 0.8486328125 2568236
0.2001953125 0.365234375 0.8486328125 2568237
0.2001953125 0.365234375 0.8486328125 2568238
0.2001953125 0.365234375 0.8486328125 2568240
0.18896484375 0.3662109375 0.8427734375 2568338
0.18896484375 0.3662109375 0.8427734375 2568339
0.18896484375 0.3662109375 0.8427734375 2568340
0.18896484375 0.3662109375 0.8427734375 2568341
0.18896484375 0.3662109375 0.8427734375 2568342
0.19482421875 0.3720703125 0.83935546875 2568440
0.19482421875 0.3720703125 0.83935546875 2568441
0.19482421875 0.3720703125 0.83935546875 2568442
0.19482421875 0.3720703125 0.83935546875 2568444
0.19482421875 0.3720703125 0.83935546875 2568445
0.20556640625 0.35400390625 0.8466796875 2568543
0.20556640625 0.35400390625 0.8466796875 2568545
0.20556640625 0.35400390625 0.8466796875 2568546
0.20556640625 0.35400390625 0.8466796875 2568546
0.20556640625 0.35400390625 0.8466796875 2568547
0.2138671875 0.3359375 0.841796875 2568637
0.21337890625 0.33203125 0.83544921875 2568735
0.21337890625 0.33203125 0.83544921875 2568736
0.21337890625 0.33203125 0.83544921875 2568737
0.21337890625 0.33203125 0.83544921875 2568738
0.21337890625 0.33203125 0.83544921875 2568739
0.20556640625 0.34423828125 0.86376953125 2568837
0.20556640625 0.34423828125 0.86376953125 2568838
0.20556640625 0.34423828125 0.86376953125 2568839
0.20556640625 0.34423828125 0.86376953125 2568840
0.20556640625 0.34423828125 0.86376953125 2568841
0.22802734375 0.333984375 0.8642578125 2568940
0.22802734375 0.333984375 0.8642578125 2568941
0.22802734375 0.333984375 0.8642578125 2568952
0.22802734375 0.333984375 0.8642578125 2568954
0.22802734375 0.333984375 0.8642578125 2568956
0.20458984375 0.35791015625 0.87890625 2569043
0.20458984375 0.35791015625 0.87890625 2569044
0.20458984375 0.35791015625 0.87890625 2569045
0.20654296875 0.34765625 0.85888671875 2569145
0.20654296875 0.34765625 0.85888671875 2569146
0.20654296875 0.34765625 0.85888671875 2569147
0.20654296875 0.34765625 0.85888671875 2569149
0.20654296875 0.34765625 0.85888671875 2569150
0.14501953125 0.37646484375 0.86279296875 2569222
0.09130859375 0.423828125 0.85595703125 2569334
0.09130859375 0.423828125 0.85595703125 2569335
0.09130859375 0.423828125 0.85595703125 2569336
0.09130859375 0.423828125 0.85595703125 2569340
0.09130859375 0.423828125 0.85595703125 2569341
0.00830078125 0.46337890625 0.81591796875 2569436
0.00830078125 0.46337890625 0.81591796875 2569437
0.00830078125 0.46337890625 0.81591796875 2569438
0.00830078125 0.46337890625 0.81591796875 2569439
-0.09326171875 0.501953125 0.7255859375 2569538
-0.09326171875 0.501953125 0.7255859375 2569539
-0.09326171875 0.501953125 0.7255859375 2569540
-0.09326171875 0.501953125 0.7255859375 2569541
-0.09326171875 0.501953125 0.7255859375 2569542
-0.0927734375 0.46044921875 0.654296875 2569641
-0.0927734375 0.46044921875 0.654296875 2569642
-0.0927734375 0.46044921875 0.654296875 2569644
-0.0927734375 0.46044921875 0.654296875 2569645
-0.0927734375 0.46044921875 0.654296875 2569649
0.1240234375 0.3193359375 0.72802734375 2569758
0.1240234375 0.3193359375 0.72802734375 2569760
0.1240234375 0.3193359375 0.72802734375 2569761
0.1240234375 0.3193359375 0.72802734375 2569762
0.1240234375 0.3193359375 0.72802734375 2569764
0.283203125 0.24462890625 0.7490234375 2569825
0.36376953125 0.11181640625 0.70849609375 2569935
0.36376953125 0.11181640625 0.70849609375 2569936
0.36376953125 0.11181640625 0.70849609375 2569937
0.36376953125 0.11181640625 0.70849609375 2569938
0.36376953125 0.11181640625 0.70849609375 2569939
0.37158203125 0.1689453125 0.78076171875 2570037
0.37158203125 0.1689453125 0.78076171875 2570038
0.37158203125 0.1689453125 0.78076171875 2570040
0.37158203125 0.1689453125 0.78076171875 2570041
0.37158203125 0.1689453125 0.78076171875 2570042
0.46875 0.22412109375 0.87646484375 2570140
0.46875 0.22412109375 0.87646484375 2570141
0.46875 0.22412109375 0.87646484375 2570142
0.46875 0.22412109375 0.87646484375 2570143
0.46875 0.22412109375 0.87646484375 2570144
0.4365234375 0.46875 1.0361328125 2570242
0.4365234375 0.46875 1.0361328125 2570243
0.4365234375 0.46875 1.0361328125 2570244
0.4365234375 0.46875 1.0361328125 2570246
0.4365234375 0.46875 1.0361328125 2570247
0.3212890625 0.6484375 1.06982421875 2570345
0.3212890625 0.6484375 1.06982421875 2570346
0.3212890625 0.6484375 1.06982421875 2570349
0.3212890625 0.6484375 1.06982421875 2570350
0.3212890625 0.6484375 1.06982421875 2570351
0.06396484375 0.775390625 0.95361328125 2570431
-0.0556640625 0.75244140625 0.66357421875 2570535
-0.0556640625 0.75244140625 0.66357421875 2570536
-0.0556640625 0.75244140625 0.66357421875 2570537
-0.0556640625 0.75244140625 0.66357421875 2570541
-0.0556640625 0.75244140625 0.66357421875 2570542
-0.04833984375 0.83203125 0.6767578125 2570637
-0.04833984375 0.83203125 0.6767578125 2570638
-0.04833984375 0.83203125 0.6767578125 2570639
-0.04833984375 0.83203125 0.6767578125 2570640
-0.0361328125 0.78173828125 0.58740234375 2570739
-0.0361328125 0.78173828125 0.58740234375 2570740
-0.0361328125 0.78173828125 0.58740234375 2570741
-0.0361328125 0.78173828125 0.58740234375 2570742
-0.0361328125 0.78173828125 0.58740234375 2570743
-0.0087890625 0.77099609375 0.6533203125 2570843
-0.0087890625 0.77099609375 0.6533203125 2570844
-0.0087890625 0.77099609375 0.6533203125 2570847
-0.0087890625 0.77099609375 0.6533203125 2570848
-0.0087890625 0.77099609375 0.6533203125 2570849
-0.00048828125 0.76025390625 0.6025390625 2570945
-0.00048828125 0.76025390625 0.6025390625 2570946
-0.00048828125 0.76025390625 0.6025390625 2570947
-0.00048828125 0.76025390625 0.6025390625 2570948
-0.00048828125 0.76025390625 0.6025390625 2570948
0.02978515625 0.759765625 0.57177734375 2571047
0.02978515625 0.759765625 0.57177734375 2571048
0.02978515625 0.759765625 0.57177734375 2571050
0.02978515625 0.759765625 0.57177734375 2571051
0.02978515625 0.759765625 0.57177734375 2571053
0.02880859375 0.7734375 0.578125 2571128
0.134765625 0.81201171875 0.75244140625 2571238
0.134765625 0.81201171875 0.75244140625 2571239
0.134765625 0.81201171875 0.75244140625 2571240
0.134765625 0.81201171875 0.75244140625 2571241
0.134765625 0.81201171875 0.75244140625 2571242
0.19384765625 0.66845703125 0.79248046875 2571340
0.19384765625 0.66845703125 0.79248046875 2571341
0.19384765625 0.66845703125 0.79248046875 2571342
0.19384765625 0.66845703125 0.79248046875 2571343
0.19384765625 0.66845703125 0.79248046875 2571343
0.19140625 0.58056640625 0.81298828125 2571442
0.19140625 0.58056640625 0.81298828125 2571443
0.19140625 0.58056640625 0.81298828125 2571447
0.19140625 0.58056640625 0.81298828125 2571448
0.19140625 0.58056640625 0.81298828125 2571449
0.171875 0.564453125 0.82568359375 2571545
0.171875 0.564453125 0.82568359375 2571546
0.171875 0.564453125 0.82568359375 2571547
0.171875 0.564453125 0.82568359375 2571548
0.171875 0.564453125 0.82568359375 2571549
0.15966796875 0.51904296875 0.81005859375 2571648
0.15966796875 0.51904296875 0.81005859375 2571649
0.15966796875 0.51904296875 0.81005859375 2571651
0.15966796875 0.51904296875 0.81005859375 2571652
0.15966796875 0.51904296875 0.81005859375 2571653
0.1591796875 0.517578125 0.82373046875 2571726
0.15673828125 0.52099609375 0.8291015625 2571837
0.15673828125 0.52099609375 0.8291015625 2571838
0.15673828125 0.52099609375 0.8291015625 2571839
0.15673828125 0.52099609375 0.8291015625 2571840
0.15673828125 0.52099609375 0.8291015625 2571841
0.138671875 0.5146484375 0.830078125 2571940
0.138671875 0.5146484375 0.830078125 2571941
0.138671875 0.5146484375 0.830078125 2571943
0.138671875 0.5146484375 0.830078125 2571944
0.138671875 0.5146484375 0.830078125 2571946
0.119140625 0.49658203125 0.82666015625 2572054
0.119140625 0.49658203125 0.82666015625 2572056
0.119140625 0.49658203125 0.82666015625 2572056
0.119140625 0.49658203125 0.82666015625 2572057
0.119140625 0.49658203125 0.82666015625 2572058
0.12451171875 0.4814453125 0.82177734375 2572140
0.11962890625 0.482421875 0.82958984375 2572248
0.11962890625 0.482421875 0.82958984375 2572249
0.11962890625 0.482421875 0.82958984375 2572250
0.11962890625 0.482421875 0.82958984375 2572252
0.11962890625 0.482421875 0.82958984375 2572253
0.1162109375 0.46826171875 0.83447265625 2572347
0.0966796875 0.4697265625 0.83349609375 2572449
0.0966796875 0.4697265625 0.83349609375 2572450
0.0966796875 0.4697265625 0.83349609375 2572452
0.0966796875 0.4697265625 0.83349609375 2572453
0.0966796875 0.4697265625 0.83349609375 2572454
0.10205078125 0.45751953125 0.8447265625 2572526
0.08447265625 0.47998046875 0.83251953125 2572637
0.08447265625 0.47998046875 0.83251953125 2572638
0.08447265625 0.47998046875 0.83251953125 2572639
0.08447265625 0.47998046875 0.83251953125 2572640
0.08447265625 0.47998046875 0.83251953125 2572641
0.08935546875 0.466796875 0.826171875 2572740
0.08935546875 0.466796875 0.826171875 2572741
0.08935546875 0.466796875 0.826171875 2572742
0.08935546875 0.466796875 0.826171875 2572743
0.08935546875 0.466796875 0.826171875 2572744
0.12255859375 0.45849609375 0.86328125 2572842
0.12255859375 0.45849609375 0.86328125 2572843
0.12255859375 0.45849609375 0.86328125 2572844
0.12255859375 0.45849609375 0.86328125 2572845
0.12255859375 0.45849609375 0.86328125 2572846
0.10546875 0.46923828125 0.86279296875 2572959
0.10546875 0.46923828125 0.86279296875 2572960
0.10546875 0.46923828125 0.86279296875 2572961
0.10546875 0.46923828125 0.86279296875 2572962
0.10546875 0.46923828125 0.86279296875 2572963
0.11181640625 0.45068359375 0.8564453125 2573048
0.13232421875 0.4423828125 0.865234375 2573126
0.13232421875 0.4423828125 0.865234375 2573127
0.13232421875 0.4423828125 0.865234375 2573128
0.13232421875 0.4423828125 0.865234375 2573129
0.13232421875 0.4423828125 0.865234375 2573130
0.1484375 0.4775390625 0.89111328125 2573237
0.1484375 0.4775390625 0.89111328125 2573238
0.1484375 0.4775390625 0.89111328125 2573239
0.1484375 0.4775390625 0.89111328125 2573240
0.1484375 0.4775390625 0.89111328125 2573241
0.12744140625 0.44677734375 0.88037109375 2573339
0.12744140625 0.44677734375 0.88037109375 2573340
0.12744140625 0.44677734375 0.88037109375 2573341
0.12744140625 0.44677734375 0.88037109375 2573342
0.12744140625 0.44677734375 0.88037109375 2573343
0.1298828125 0.42236328125 0.869140625 2573443
0.1298828125 0.42236328125 0.869140625 2573444
0.1298828125 0.42236328125 0.869140625 2573445
0.1298828125 0.42236328125 0.869140625 2573446
0.1298828125 0.42236328125 0.869140625 2573447
0.1611328125 0.41015625 0.86865234375 2573545
0.1611328125 0.41015625 0.86865234375 2573546
0.1611328125 0.41015625 0.86865234375 2573547
0.1611328125 0.41015625 0.86865234375 2573549
0.1611328125 0.41015625 0.86865234375 2573550
0.18896484375 0.40625 0.9033203125 2573647
0.18896484375 0.40625 0.9033203125 2573648
0.18896484375 0.40625 0.9033203125 2573649
0.18896484375 0.40625 0.9033203125 2573650
0.18896484375 0.40625 0.9033203125 2573651
0.158203125 0.421875 0.87158203125 2573750
0.158203125 0.421875 0.87158203125 2573751
0.158203125 0.421875 0.87158203125 2573753
0.158203125 0.421875 0.87158203125 2573754
0.158203125 0.421875 0.87158203125 2573755
0.146484375 0.40625 0.85400390625 2573828
0.17333984375 0.375 0.853515625 2573939
0.17333984375 0.375 0.853515625 2573940
0.17333984375 0.375 0.853515625 2573941
0.17333984375 0.375 0.853515625 2573942
0.17333984375 0.375 0.853515625 2573943
0.1806640625 0.35107421875 0.8662109375 2574041
0.1806640625 0.35107421875 0.8662109375 2574042
0.1806640625 0.35107421875 0.8662109375 2574043
0.1806640625 0.35107421875 0.8662109375 2574044
0.1806640625 0.35107421875 0.8662109375 2574044
0.20458984375 0.3544921875 0.873046875 2574143
0.20458984375 0.3544921875 0.873046875 2574144
0.20458984375 0.3544921875 0.873046875 2574145
0.20458984375 0.3544921875 0.873046875 2574145
0.20458984375 0.3544921875 0.873046875 2574146
0.2001953125 0.365234375 0.8603515625 2574246
0.2001953125 0.365234375 0.8603515625 2574247
0.2001953125 0.365234375 0.8603515625 2574249
0.2001953125 0.365234375 0.8603515625 2574250
0.2001953125 0.365234375 0.8603515625 2574251
0.2021484375 0.3525390625 0.8505859375 2574329
0.20849609375 0.35791015625 0.85400390625 2574438
0.20849609375 0.35791015625 0.85400390625 2574439
0.20849609375 0.35791015625 0.85400390625 2574440
0.20849609375 0.35791015625 0.85400390625 2574441
0.20849609375 0.35791015625 0.85400390625 2574442
0.20458984375 0.34423828125 0.853515625 2574541
0.20458984375 0.34423828125 0.853515625 2574542
0.20458984375 0.34423828125 0.853515625 2574543
0.20458984375 0.34423828125 0.853515625 2574544
0.20458984375 0.34423828125 0.853515625 2574545
0.21630859375 0.3271484375 0.85498046875 2574644
0.21630859375 0.3271484375 0.85498046875 2574645
0.21630859375 0.3271484375 0.85498046875 2574646
0.21630859375 0.3271484375 0.85498046875 2574647
0.21630859375 0.3271484375 0.85498046875 2574648
0.23779296875 0.32080078125 0.87841796875 2574746
0.23779296875 0.32080078125 0.87841796875 2574747
0.23779296875 0.32080078125 0.87841796875 2574748
0.23779296875 0.32080078125 0.87841796875 2574749
0.23779296875 0.32080078125 0.87841796875 2574750
0.236328125 0.3291015625 0.87841796875 2574840
0.1640625 0.3935546875 0.916015625 2574939
0.1640625 0.3935546875 0.916015625 2574940
0.1640625 0.3935546875 0.916015625 2574941
0.1640625 0.3935546875 0.916015625 2574942
0.1640625 0.3935546875 0.916015625 2574943
0.02587890625 0.412109375 0.822265625 2575041
0.02587890625 0.412109375 0.822265625 2575042
0.02587890625 0.412109375 0.822265625 2575044
0.02587890625 0.412109375 0.822265625 2575045
0.02587890625 0.412109375 0.822265625 2575046
-0.0986328125 0.4599609375 0.765625 2575144
-0.0986328125 0.4599609375 0.765625 2575145
-0.0986328125 0.4599609375 0.765625 2575146
-0.0986328125 0.4599609375 0.765625 2575147
-0.0986328125 0.4599609375 0.765625 2575148
-0.19140625 0.46630859375 0.67578125 2575246
-0.19140625 0.46630859375 0.67578125 2575247
-0.19140625 0.46630859375 0.67578125 2575248
-0.19140625 0.46630859375 0.67578125 2575249
-0.19140625 0.46630859375 0.67578125 2575250
-0.18603515625 0.45361328125 0.60205078125 2575350
-0.18603515625 0.45361328125 0.60205078125 2575351
-0.18603515625 0.45361328125 0.60205078125 2575352
-0.18603515625 0.45361328125 0.60205078125 2575353
-0.18603515625 0.45361328125 0.60205078125 2575354
0.05126953125 0.30029296875 0.67333984375 2575428
0.23291015625 0.12744140625 0.62060546875 2575540
0.23291015625 0.12744140625 0.62060546875 2575541
0.23291015625 0.12744140625 0.62060546875 2575542
0.23291015625 0.12744140625 0.62060546875 2575543
0.23291015625 0.12744140625 0.62060546875 2575544
0.3125 0.1806640625 0.7265625 2575642
0.3125 0.1806640625 0.7265625 2575643
0.3125 0.1806640625 0.7265625 2575645
0.3125 0.1806640625 0.7265625 2575646
0.3125 0.1806640625 0.7265625 2575649
0.384765625 0.2294921875 0.86767578125 2575745
0.384765625 0.2294921875 0.86767578125 2575791
0.384765625 0.2294921875 0.86767578125 2575792
0.384765625 0.2294921875 0.86767578125 2575793
0.384765625 0.2294921875 0.86767578125 2575794
0.529296875 0.2041015625 0.9208984375 2575872
0.529296875 0.2041015625 0.9208984375 2575873
0.47705078125 0.361328125 0.94482421875 2575950
0.47705078125 0.361328125 0.94482421875 2575951
0.47705078125 0.361328125 0.94482421875 2575952
0.47705078125 0.361328125 0.94482421875 2575953
0.15478515625 0.48388671875 0.98681640625 2576028
0.15478515625 0.48388671875 0.98681640625 2576029
0.009765625 0.515625 0.98291015625 2576140
0.009765625 0.515625 0.98291015625 2576141
0.009765625 0.515625 0.98291015625 2576142
0.009765625 0.515625 0.98291015625 2576143
0.009765625 0.515625 0.98291015625 2576145
-0.00244140625 0.63623046875 0.861328125 2576244
-0.00244140625 0.63623046875 0.861328125 2576245
-0.00244140625 0.63623046875 0.861328125 2576246
-0.00244140625 0.63623046875 0.861328125 2576247
-0.00244140625 0.63623046875 0.861328125 2576248
-0.033203125 0.6875 0.7490234375 2576346
-0.033203125 0.6875 0.7490234375 2576347
-0.033203125 0.6875 0.7490234375 2576348
-0.033203125 0.6875 0.7490234375 2576351
-0.033203125 0.6875 0.7490234375 2576353
-0.052734375 0.7236328125 0.70654296875 2576475
-0.052734375 0.7236328125 0.70654296875 2576476
-0.052734375 0.7236328125 0.70654296875 2576477
-0.052734375 0.7236328125 0.70654296875 2576478
-0.052734375 0.7236328125 0.70654296875 2576480
-0.072265625 0.69970703125 0.6162109375 2576554
-0.0849609375 0.73876953125 0.63427734375 2576630
-0.0849609375 0.73876953125 0.63427734375 2576631
-0.0849609375 0.73876953125 0.63427734375 2576632
-0.0849609375 0.73876953125 0.63427734375 2576633
-0.0849609375 0.73876953125 0.63427734375 2576634
-0.0576171875 0.72265625 0.6318359375 2576741
-0.0576171875 0.72265625 0.6318359375 2576742
-0.0576171875 0.72265625 0.6318359375 2576743
-0.0576171875 0.72265625 0.6318359375 2576744
-0.0576171875 0.72265625 0.6318359375 2576744
-0.02880859375 0.732421875 0.60546875 2576848
-0.02880859375 0.732421875 0.60546875 2576850
-0.02880859375 0.732421875 0.60546875 2576851
-0.02880859375 0.732421875 0.60546875 2576853
-0.02880859375 0.732421875 0.60546875 2576854
0.037109375 0.708984375 0.6005859375 2576946
0.154296875 0.67529296875 0.67578125 2577049
0.154296875 0.67529296875 0.67578125 2577050
0.154296875 0.67529296875 0.67578125 2577052
0.154296875 0.67529296875 0.67578125 2577053
0.154296875 0.67529296875 0.67578125 2577054
0.24755859375 0.61767578125 0.7939453125 2577151
0.24755859375 0.61767578125 0.7939453125 2577152
0.24755859375 0.61767578125 0.7939453125 2577153
0.24755859375 0.61767578125 0.7939453125 2577153
0.24755859375 0.61767578125 0.7939453125 2577154
0.24853515625 0.49072265625 0.892578125 2577230
0.21484375 0.42578125 0.900390625 2577341
0.21484375 0.42578125 0.900390625 2577342
0.21484375 0.42578125 0.900390625 2577343
0.21484375 0.42578125 0.900390625 2577344
0.21484375 0.42578125 0.900390625 2577345
0.2265625 0.39794921875 0.89404296875 2577443
0.2265625 0.39794921875 0.89404296875 2577444
0.2265625 0.39794921875 0.89404296875 2577445
0.2265625 0.39794921875 0.89404296875 2577446
0.2265625 0.39794921875 0.89404296875 2577447
0.2255859375 0.38232421875 0.86767578125 2577553
0.2255859375 0.38232421875 0.86767578125 2577554
0.2255859375 0.38232421875 0.86767578125 2577555
0.2255859375 0.38232421875 0.86767578125 2577556
0.2255859375 0.38232421875 0.86767578125 2577557
0.22265625 0.37109375 0.86328125 2577674
0.22265625 0.37109375 0.86328125 2577676
0.22265625 0.37109375 0.86328125 2577677
0.22265625 0.37109375 0.86328125 2577678
0.22265625 0.37109375 0.86328125 2577678
0.22119140625 0.38525390625 0.85546875 2577742
0.2099609375 0.39599609375 0.85498046875 2577878
0.2099609375 0.39599609375 0.85498046875 2577879
0.2099609375 0.39599609375 0.85498046875 2577880
0.2099609375 0.39599609375 0.85498046875 2577881
0.2099609375 0.39599609375 0.85498046875 2577882
0.208984375 0.40625 0.8505859375 2577948
0.2265625 0.3974609375 0.86083984375 2578033
0.2265625 0.3974609375 0.86083984375 2578034
0.2265625 0.3974609375 0.86083984375 2578035
0.2265625 0.3974609375 0.86083984375 2578037
0.2265625 0.3974609375 0.86083984375 2578038
0.2353515625 0.3984375 0.8671875 2578145
0.2353515625 0.3984375 0.8671875 2578146
0.2353515625 0.3984375 0.8671875 2578147
0.2353515625 0.3984375 0.8671875 2578148
0.2353515625 0.3984375 0.8671875 2578149
0.23974609375 0.41015625 0.865234375 2578272
0.23974609375 0.41015625 0.865234375 2578273
0.23974609375 0.41015625 0.865234375 2578274
0.23974609375 0.41015625 0.865234375 2578275
0.23974609375 0.41015625 0.865234375 2578276
0.25634765625 0.390625 0.8681640625 2578350
0.27490234375 0.37548828125 0.87451171875 2578452
0.27490234375 0.37548828125 0.87451171875 2578453
0.27490234375 0.37548828125 0.87451171875 2578454
0.27490234375 0.37548828125 0.87451171875 2578455
0.27490234375 0.37548828125 0.87451171875 2578456
0.2919921875 0.3837890625 0.89111328125 2578531
0.32568359375 0.4072265625 0.93115234375 2578642
0.32568359375 0.4072265625 0.93115234375 2578643
0.32568359375 0.4072265625 0.93115234375 2578644
0.32568359375 0.4072265625 0.93115234375 2578645
0.32568359375 0.4072265625 0.93115234375 2578646
0.34765625 0.4169921875 0.9443359375 2578745
0.34765625 0.4169921875 0.9443359375 2578746
0.34765625 0.4169921875 0.9443359375 2578747
0.34765625 0.4169921875 0.9443359375 2578748
0.34765625 0.4169921875 0.9443359375 2578749
0.3427734375 0.39794921875 0.8984375 2578847
0.3427734375 0.39794921875 0.8984375 2578848
0.3427734375 0.39794921875 0.8984375 2578849
0.3427734375 0.39794921875 0.8984375 2578850
0.3427734375 0.39794921875 0.8984375 2578851
0.3251953125 0.376953125 0.86328125 2578950
0.3251953125 0.376953125 0.86328125 2578951
0.3251953125 0.376953125 0.86328125 2578952
0.3251953125 0.376953125 0.86328125 2578953
0.3251953125 0.376953125 0.86328125 2578955
0.29931640625 0.39111328125 0.86865234375 2579052
0.29931640625 0.39111328125 0.86865234375 2579053
0.29931640625 0.39111328125 0.86865234375 2579055
0.29931640625 0.39111328125 0.86865234375 2579074
0.29931640625 0.39111328125 0.86865234375 2579076
0.271484375 0.39306640625 0.87646484375 2579155
0.271484375 0.39306640625 0.87646484375 2579156
0.271484375 0.39306640625 0.87646484375 2579157
0.271484375 0.39306640625 0.87646484375 2579158
0.2470703125 0.39013671875 0.8701171875 2579232
0.2470703125 0.39013671875 0.8701171875 2579233
0.232421875 0.39306640625 0.85498046875 2579358
0.232421875 0.39306640625 0.85498046875 2579359
0.232421875 0.39306640625 0.85498046875 2579360
0.232421875 0.39306640625 0.85498046875 2579361
0.232421875 0.39306640625 0.85498046875 2579362
0.2265625 0.39404296875 0.8388671875 2579447
0.25537109375 0.37744140625 0.84326171875 2579550
0.25537109375 0.37744140625 0.84326171875 2579551
0.25537109375 0.37744140625 0.84326171875 2579554
0.25537109375 0.37744140625 0.84326171875 2579555
0.25537109375 0.37744140625 0.84326171875 2579556
0.232421875 0.361328125 0.82470703125 2579652
0.232421875 0.361328125 0.82470703125 2579653
0.232421875 0.361328125 0.82470703125 2579654
0.232421875 0.361328125 0.82470703125 2579656
0.232421875 0.361328125 0.82470703125 2579676
0.24951171875 0.35986328125 0.8681640625 2579754
0.24951171875 0.35986328125 0.8681640625 2579755
0.24951171875 0.35986328125 0.8681640625 2579756
0.24951171875 0.35986328125 0.8681640625 2579757
0.24951171875 0.35986328125 0.8681640625 2579758
0.25537109375 0.37255859375 0.8603515625 2579833
0.24072265625 0.38232421875 0.84521484375 2579944
0.24072265625 0.38232421875 0.84521484375 2579945
0.24072265625 0.38232421875 0.84521484375 2579946
0.24072265625 0.38232421875 0.84521484375 2579947
0.24072265625 0.38232421875 0.84521484375 2579947
0.24560546875 0.37939453125 0.86474609375 2580046
0.24560546875 0.37939453125 0.86474609375 2580047
0.24560546875 0.37939453125 0.86474609375 2580049
0.24560546875 0.37939453125 0.86474609375 2580053
0.24560546875 0.37939453125 0.86474609375 2580054
0.2421875 0.3798828125 0.87255859375 2580148
0.2421875 0.3798828125 0.87255859375 2580149
0.2421875 0.3798828125 0.87255859375 2580150
0.2421875 0.3798828125 0.87255859375 2580152
0.24365234375 0.3486328125 0.875 2580251
0.24365234375 0.3486328125 0.875 2580254
0.24365234375 0.3486328125 0.875 2580255
0.24365234375 0.3486328125 0.875 2580256
0.24365234375 0.3486328125 0.875 2580257
0.26513671875 0.3115234375 0.86865234375 2580353
0.26513671875 0.3115234375 0.86865234375 2580354
0.26513671875 0.3115234375 0.86865234375 2580355
0.26513671875 0.3115234375 0.86865234375 2580356
0.26513671875 0.3115234375 0.86865234375 2580357
0.23876953125 0.3623046875 0.86572265625 2580456
0.23876953125 0.3623046875 0.86572265625 2580457
0.23876953125 0.3623046875 0.86572265625 2580458
0.23876953125 0.3623046875 0.86572265625 2580459
0.23876953125 0.3623046875 0.86572265625 2580460
0.2001953125 0.38037109375 0.87939453125 2580533
0.111328125 0.431640625 0.82763671875 2580645
0.111328125 0.431640625 0.82763671875 2580646
0.111328125 0.431640625 0.82763671875 2580647
0.111328125 0.431640625 0.82763671875 2580649
0.111328125 0.431640625 0.82763671875 2580650
0.06787109375 0.451171875 0.81884765625 2580754
0.06787109375 0.451171875 0.81884765625 2580755
0.06787109375 0.451171875 0.81884765625 2580756
0.06787109375 0.451171875 0.81884765625 2580757
0.06787109375 0.451171875 0.81884765625 2580758
-0.01904296875 0.48291015625 0.71923828125 2580833
0.060546875 0.38818359375 0.71484375 2580944
0.060546875 0.38818359375 0.71484375 2580945
0.060546875 0.38818359375 0.71484375 2580946
0.060546875 0.38818359375 0.71484375 2580948
0.060546875 0.38818359375 0.71484375 2580949
0.2578125 0.30712890625 0.787109375 2581047
0.2578125 0.30712890625 0.787109375 2581049
0.2578125 0.30712890625 0.787109375 2581050
0.2578125 0.30712890625 0.787109375 2581051
0.2578125 0.30712890625 0.787109375 2581052
0.32177734375 0.27099609375 0.82275390625 2581150
0.32177734375 0.27099609375 0.82275390625 2581151
0.32177734375 0.27099609375 0.82275390625 2581153
0.32177734375 0.27099609375 0.82275390625 2581154
0.32177734375 0.27099609375 0.82275390625 2581155
0.380859375 0.21875 0.81591796875 2581253
0.380859375 0.21875 0.81591796875 2581254
0.380859375 0.21875 0.81591796875 2581255
0.380859375 0.21875 0.81591796875 2581257
0.380859375 0.21875 0.81591796875 2581258
0.42041015625 0.1005859375 0.7939453125 2581356
0.42041015625 0.1005859375 0.7939453125 2581357
0.42041015625 0.1005859375 0.7939453125 2581358
0.42041015625 0.1005859375 0.7939453125 2581359
0.42041015625 0.1005859375 0.7939453125 2581360
0.43359375 0.1181640625 0.763671875 2581470
0.43359375 0.1181640625 0.763671875 2581472
0.43359375 0.1181640625 0.763671875 2581473
0.43359375 0.1181640625 0.763671875 2581474
0.43359375 0.1181640625 0.763671875 2581475
0.48046875 0.1962890625 0.8212890625 2581544
0.64208984375 0.13623046875 0.8359375 2581647
0.64208984375 0.13623046875 0.8359375 2581648
0.64208984375 0.13623046875 0.8359375 2581649
0.64208984375 0.13623046875 0.8359375 2581650
0.64208984375 0.13623046875 0.8359375 2581651
0.6279296875 0.22607421875 0.8642578125 2581750
0.6279296875 0.22607421875 0.8642578125 2581751
0.6279296875 0.22607421875 0.8642578125 2581752
0.6279296875 0.22607421875 0.8642578125 2581753
0.6279296875 0.22607421875 0.8642578125 2581754
0.53662109375 0.41748046875 0.95556640625 2581852
0.53662109375 0.41748046875 0.95556640625 2581877
0.53662109375 0.41748046875 0.95556640625 2581878
0.53662109375 0.41748046875 0.95556640625 2581880
0.53662109375 0.41748046875 0.95556640625 2581881
0.27294921875 0.5146484375 0.96923828125 2581956
0.27294921875 0.5146484375 0.96923828125 2581957
0.08154296875 0.61083984375 0.8662109375 2582034
0.08154296875 0.61083984375 0.8662109375 2582035
0.08154296875 0.61083984375 0.8662109375 2582036
0.08154296875 0.61083984375 0.8662109375 2582038
-0.00341796875 0.74365234375 0.7236328125 2582146
-0.00341796875 0.74365234375 0.7236328125 2582149
-0.00341796875 0.74365234375 0.7236328125 2582150
-0.00341796875 0.74365234375 0.7236328125 2582151
-0.00341796875 0.74365234375 0.7236328125 2582152
-0.083984375 0.7958984375 0.5712890625 2582249
-0.083984375 0.7958984375 0.5712890625 2582250
-0.083984375 0.7958984375 0.5712890625 2582251
-0.083984375 0.7958984375 0.5712890625 2582253
-0.083984375 0.7958984375 0.5712890625 2582254
-0.0517578125 0.80908203125 0.6103515625 2582351
-0.0517578125 0.80908203125 0.6103515625 2582352
-0.0517578125 0.80908203125 0.6103515625 2582353
-0.0517578125 0.80908203125 0.6103515625 2582354
-0.0517578125 0.80908203125 0.6103515625 2582355
-0.03662109375 0.77001953125 0.58642578125 2582454
-0.03662109375 0.77001953125 0.58642578125 2582455
-0.03662109375 0.77001953125 0.58642578125 2582456
-0.03662109375 0.77001953125 0.58642578125 2582457
-0.03662109375 0.77001953125 0.58642578125 2582460
-0.0224609375 0.7646484375 0.54248046875 2582561
-0.0224609375 0.7646484375 0.54248046875 2582562
-0.0224609375 0.7646484375 0.54248046875 2582563
-0.0224609375 0.7646484375 0.54248046875 2582564
-0.0224609375 0.7646484375 0.54248046875 2582565
-0.00244140625 0.791015625 0.5830078125 2582647
0.04296875 0.7822265625 0.5458984375 2582749
0.04296875 0.7822265625 0.5458984375 2582750
0.04296875 0.7822265625 0.5458984375 2582751
0.04296875 0.7822265625 0.5458984375 2582752
0.04296875 0.7822265625 0.5458984375 2582753
0.1220703125 0.79150390625 0.6298828125 2582853
0.1220703125 0.79150390625 0.6298828125 2582866
0.1220703125 0.79150390625 0.6298828125 2582867
0.1220703125 0.79150390625 0.6298828125 2582868
0.22021484375 0.68359375 0.78466796875 2582956
0.22021484375 0.68359375 0.78466796875 2582957
0.22021484375 0.68359375 0.78466796875 2582958
0.240234375 0.59765625 0.8017578125 2583034
0.240234375 0.59765625 0.8017578125 2583035
0.240234375 0.59765625 0.8017578125 2583036
0.25341796875 0.54248046875 0.83740234375 2583145
0.25341796875 0.54248046875 0.83740234375 2583146
0.25341796875 0.54248046875 0.83740234375 2583148
0.25341796875 0.54248046875 0.83740234375 2583150
0.25341796875 0.54248046875 0.83740234375 2583158
0.23779296875 0.48583984375 0.8505859375 2583249
0.23779296875 0.48583984375 0.8505859375 2583250
0.23779296875 0.48583984375 0.8505859375 2583251
0.23779296875 0.48583984375 0.8505859375 2583252
0.23779296875 0.48583984375 0.8505859375 2583254
0.21484375 0.47314453125 0.8310546875 2583351
0.21484375 0.47314453125 0.8310546875 2583352
0.21484375 0.47314453125 0.8310546875 2583353
0.21484375 0.47314453125 0.8310546875 2583354
0.21484375 0.47314453125 0.8310546875 2583356
0.2333984375 0.45703125 0.84228515625 2583453
0.2333984375 0.45703125 0.84228515625 2583454
0.2333984375 0.45703125 0.84228515625 2583455
0.2333984375 0.45703125 0.84228515625 2583456
0.2333984375 0.45703125 0.84228515625 2583457
0.22412109375 0.439453125 0.83447265625 2583558
0.22412109375 0.439453125 0.83447265625 2583559
0.22412109375 0.439453125 0.83447265625 2583560
0.22412109375 0.439453125 0.83447265625 2583561
0.22412109375 0.439453125 0.83447265625 2583562
0.22607421875 0.43896484375 0.8701171875 2583636
0.1923828125 0.427734375 0.8173828125 2583772
0.1923828125 0.427734375 0.8173828125 2583773
0.1923828125 0.427734375 0.8173828125 2583774
0.1923828125 0.427734375 0.8173828125 2583776
0.1923828125 0.427734375 0.8173828125 2583777
0.20556640625 0.431640625 0.84375 2583849
0.208984375 0.41796875 0.8515625 2583954
0.208984375 0.41796875 0.8515625 2583955
0.208984375 0.41796875 0.8515625 2583956
0.208984375 0.41796875 0.8515625 2583957
0.208984375 0.41796875 0.8515625 2583958
0.1904296875 0.42138671875 0.84228515625 2584036
0.2001953125 0.3984375 0.81640625 2584147
0.2001953125 0.3984375 0.81640625 2584148
0.2001953125 0.3984375 0.81640625 2584149
0.2001953125 0.3984375 0.81640625 2584150
0.2001953125 0.3984375 0.81640625 2584151
0.23046875 0.40625 0.86083984375 2584249
0.23046875 0.40625 0.86083984375 2584250
0.23046875 0.40625 0.86083984375 2584252
0.23046875 0.40625 0.86083984375 2584253
0.23046875 0.40625 0.86083984375 2584254
0.216796875 0.40625 0.85595703125 2584353
0.216796875 0.40625 0.85595703125 2584354
0.216796875 0.40625 0.85595703125 2584355
0.216796875 0.40625 0.85595703125 2584356
0.216796875 0.40625 0.85595703125 2584357
0.2333984375 0.40380859375 0.86865234375 2584455
0.2333984375 0.40380859375 0.86865234375 2584456
0.2333984375 0.40380859375 0.86865234375 2584460
0.2333984375 0.40380859375 0.86865234375 2584461
0.2333984375 0.40380859375 0.86865234375 2584463
0.23779296875 0.38720703125 0.85595703125 2584558
0.23779296875 0.38720703125 0.85595703125 2584559
0.23779296875 0.38720703125 0.85595703125 2584560
0.23779296875 0.38720703125 0.85595703125 2584561
0.23779296875 0.38720703125 0.85595703125 2584562
0.22705078125 0.40625 0.873046875 2584676
0.22705078125 0.40625 0.873046875 2584677
0.22705078125 0.40625 0.873046875 2584678
0.22705078125 0.40625 0.873046875 2584679
0.22705078125 0.40625 0.873046875 2584680
0.22998046875 0.39404296875 0.8662109375 2584749
0.24072265625 0.39306640625 0.87060546875 2584851
0.24072265625 0.39306640625 0.87060546875 2584852
0.24072265625 0.39306640625 0.87060546875 2584853
0.24072265625 0.39306640625 0.87060546875 2584855
0.24072265625 0.39306640625 0.87060546875 2584856
0.21435546875 0.40087890625 0.837890625 2584953
0.21435546875 0.40087890625 0.837890625 2584954
0.21435546875 0.40087890625 0.837890625 2584955
0.21435546875 0.40087890625 0.837890625 2584956
0.255859375 0.39306640625 0.87744140625 2585057
0.255859375 0.39306640625 0.87744140625 2585058
0.255859375 0.39306640625 0.87744140625 2585060
0.255859375 0.39306640625 0.87744140625 2585061
0.255859375 0.39306640625 0.87744140625 2585062
0.24609375 0.38818359375 0.873046875 2585160
0.24609375 0.38818359375 0.873046875 2585161
0.24609375 0.38818359375 0.873046875 2585162
0.24609375 0.38818359375 0.873046875 2585163
0.24609375 0.38818359375 0.873046875 2585164
0.27001953125 0.39404296875 0.90234375 2585280
0.27001953125 0.39404296875 0.90234375 2585281
0.27001953125 0.39404296875 0.90234375 2585282
0.27001953125 0.39404296875 0.90234375 2585312
0.27001953125 0.39404296875 0.90234375 2585313
0.251953125 0.38720703125 0.87548828125 2585375
0.25390625 0.3916015625 0.890625 2585452
0.25390625 0.3916015625 0.890625 2585453
0.25390625 0.3916015625 0.890625 2585454
0.25390625 0.3916015625 0.890625 2585455
0.25390625 0.3916015625 0.890625 2585456
0.2646484375 0.3935546875 0.8935546875 2585555
0.2646484375 0.3935546875 0.8935546875 2585556
0.2646484375 0.3935546875 0.8935546875 2585557
0.2646484375 0.3935546875 0.8935546875 2585558
0.2646484375 0.3935546875 0.8935546875 2585560
0.28271484375 0.40771484375 0.92529296875 2585661
0.28271484375 0.40771484375 0.92529296875 2585663
0.28271484375 0.40771484375 0.92529296875 2585664
0.28271484375 0.40771484375 0.92529296875 2585665
0.28271484375 0.40771484375 0.92529296875 2585666
0.27294921875 0.39794921875 0.92236328125 2585758
0.2373046875 0.392578125 0.90234375 2585848
0.2373046875 0.392578125 0.90234375 2585849
0.2373046875 0.392578125 0.90234375 2585851
0.2373046875 0.392578125 0.90234375 2585852
0.2373046875 0.392578125 0.90234375 2585853
0.2529296875 0.37646484375 0.90673828125 2585950
0.2529296875 0.37646484375 0.90673828125 2585951
0.2529296875 0.37646484375 0.90673828125 2585952
0.2529296875 0.37646484375 0.90673828125 2585953
0.2529296875 0.37646484375 0.90673828125 2585954
0.232421875 0.36474609375 0.8681640625 2586052
0.232421875 0.36474609375 0.8681640625 2586053
0.232421875 0.36474609375 0.8681640625 2586055
0.232421875 0.36474609375 0.8681640625 2586056
0.232421875 0.36474609375 0.8681640625 2586057
0.2255859375 0.34912109375 0.82861328125 2586157
0.2255859375 0.34912109375 0.82861328125 2586158
0.2255859375 0.34912109375 0.82861328125 2586159
0.2255859375 0.34912109375 0.82861328125 2586161
0.27587890625 0.31494140625 0.8583984375 2586237
0.27587890625 0.31494140625 0.8583984375 2586239
0.2607421875 0.3154296875 0.865234375 2586348
0.2607421875 0.3154296875 0.865234375 2586349
0.2607421875 0.3154296875 0.865234375 2586350
0.2607421875 0.3154296875 0.865234375 2586351
0.2607421875 0.3154296875 0.865234375 2586352
0.2373046875 0.33349609375 0.87890625 2586451
0.2373046875 0.33349609375 0.87890625 2586452
0.2373046875 0.33349609375 0.87890625 2586454
0.2373046875 0.33349609375 0.87890625 2586455
0.2373046875 0.33349609375 0.87890625 2586457
0.2578125 0.306640625 0.89013671875 2586553
0.2578125 0.306640625 0.89013671875 2586554
0.2578125 0.306640625 0.89013671875 2586555
0.2578125 0.306640625 0.89013671875 2586556
0.2578125 0.306640625 0.89013671875 2586557
0.25390625 0.29833984375 0.87158203125 2586656
0.25390625 0.29833984375 0.87158203125 2586657
0.25390625 0.29833984375 0.87158203125 2586659
0.25390625 0.29833984375 0.87158203125 2586660
0.25390625 0.29833984375 0.87158203125 2586661
0.25830078125 0.2890625 0.87646484375 2586759
0.25830078125 0.2890625 0.87646484375 2586762
0.25830078125 0.2890625 0.87646484375 2586763
0.25830078125 0.2890625 0.87646484375 2586764
0.25830078125 0.2890625 0.87646484375 2586765
0.26513671875 0.29638671875 0.896484375 2586862
0.26513671875 0.29638671875 0.896484375 2586864
0.26513671875 0.29638671875 0.896484375 2586865
0.26513671875 0.29638671875 0.896484375 2586866
0.26513671875 0.29638671875 0.896484375 2586867
0.2421875 0.302734375 0.88427734375 2586938
0.2578125 0.2978515625 0.88720703125 2587050
0.2578125 0.2978515625 0.88720703125 2587051
0.2578125 0.2978515625 0.88720703125 2587053
0.2578125 0.2978515625 0.88720703125 2587054
0.2578125 0.2978515625 0.88720703125 2587055
0.24560546875 0.2783203125 0.8798828125 2587155
0.24560546875 0.2783203125 0.8798828125 2587156
0.24560546875 0.2783203125 0.8798828125 2587158
0.24560546875 0.2783203125 0.8798828125 2587159
0.24560546875 0.2783203125 0.8798828125 2587160
0.259765625 0.29443359375 0.912109375 2587257
0.259765625 0.29443359375 0.912109375 2587259
0.259765625 0.29443359375 0.912109375 2587260
0.259765625 0.29443359375 0.912109375 2587261
0.259765625 0.29443359375 0.912109375 2587262
0.16943359375 0.3759765625 0.90283203125 2587360
0.16943359375 0.3759765625 0.90283203125 2587361
0.16943359375 0.3759765625 0.90283203125 2587362
0.16943359375 0.3759765625 0.90283203125 2587363
0.16943359375 0.3759765625 0.90283203125 2587364
0.06689453125 0.39990234375 0.85546875 2587459
-0.02783203125 0.45654296875 0.83056640625 2587549
-0.02783203125 0.45654296875 0.83056640625 2587557
-0.02783203125 0.45654296875 0.83056640625 2587558
-0.02783203125 0.45654296875 0.83056640625 2587560
-0.02783203125 0.45654296875 0.83056640625 2587563
-0.08935546875 0.4833984375 0.7578125 2587652
-0.08935546875 0.4833984375 0.7578125 2587653
-0.146484375 0.427734375 0.59228515625 2587756
-0.146484375 0.427734375 0.59228515625 2587757
-0.146484375 0.427734375 0.59228515625 2587758
-0.146484375 0.427734375 0.59228515625 2587759
-0.0146484375 0.36962890625 0.62646484375 2587860
-0.0146484375 0.36962890625 0.62646484375 2587861
-0.0146484375 0.36962890625 0.62646484375 2587862
-0.0146484375 0.36962890625 0.62646484375 2587866
-0.0146484375 0.36962890625 0.62646484375 2587867
0.1796875 0.2314453125 0.60986328125 2587962
0.1796875 0.2314453125 0.60986328125 2587963
0.1796875 0.2314453125 0.60986328125 2587964
0.1796875 0.2314453125 0.60986328125 2587965
0.30078125 0.23876953125 0.740234375 2588042
0.30078125 0.23876953125 0.740234375 2588043
0.40625 0.2587890625 0.9794921875 2588152
0.40625 0.2587890625 0.9794921875 2588153
0.40625 0.2587890625 0.9794921875 2588154
0.40625 0.2587890625 0.9794921875 2588155
0.40625 0.2587890625 0.9794921875 2588156
0.42431640625 0.185546875 1.056640625 2588256
0.42431640625 0.185546875 1.056640625 2588257
0.42431640625 0.185546875 1.056640625 2588259
0.42431640625 0.185546875 1.056640625 2588260
0.42431640625 0.185546875 1.056640625 2588261
0.3095703125 0.31298828125 1.01025390625 2588357
0.3095703125 0.31298828125 1.01025390625 2588358
0.3095703125 0.31298828125 1.01025390625 2588359
0.3095703125 0.31298828125 1.01025390625 2588359
0.10302734375 0.517578125 1.0419921875 2588459
0.10302734375 0.517578125 1.0419921875 2588461
0.10302734375 0.517578125 1.0419921875 2588462
0.10302734375 0.517578125 1.0419921875 2588463
0.10302734375 0.517578125 1.0419921875 2588464
-0.14599609375 0.61083984375 0.85595703125 2588563
-0.14599609375 0.61083984375 0.85595703125 2588564
-0.14599609375 0.61083984375 0.85595703125 2588565
-0.14599609375 0.61083984375 0.85595703125 2588566
-0.14599609375 0.61083984375 0.85595703125 2588567
-0.14404296875 0.677734375 0.720703125 2588640
-0.1044921875 0.68701171875 0.77392578125 2588751
-0.1044921875 0.68701171875 0.77392578125 2588752
-0.1044921875 0.68701171875 0.77392578125 2588753
-0.1044921875 0.68701171875 0.77392578125 2588755
-0.1044921875 0.68701171875 0.77392578125 2588756
-0.10693359375 0.6396484375 0.6455078125 2588854
-0.10693359375 0.6396484375 0.6455078125 2588855
-0.10693359375 0.6396484375 0.6455078125 2588857
-0.10693359375 0.6396484375 0.6455078125 2588858
-0.10693359375 0.6396484375 0.6455078125 2588860
-0.0908203125 0.68359375 0.64501953125 2588964
-0.0908203125 0.68359375 0.64501953125 2588965
-0.0908203125 0.68359375 0.64501953125 2588966
-0.0908203125 0.68359375 0.64501953125 2588967
-0.0908203125 0.68359375 0.64501953125 2588968
-0.0859375 0.75146484375 0.63037109375 2589051
-0.123046875 0.76171875 0.60693359375 2589153
-0.123046875 0.76171875 0.60693359375 2589154
-0.123046875 0.76171875 0.60693359375 2589155
-0.123046875 0.76171875 0.60693359375 2589156
-0.123046875 0.76171875 0.60693359375 2589158
-0.1396484375 0.751953125 0.53076171875 2589256
-0.1396484375 0.751953125 0.53076171875 2589257
-0.1396484375 0.751953125 0.53076171875 2589258
-0.1396484375 0.751953125 0.53076171875 2589259
-0.1396484375 0.751953125 0.53076171875 2589261
-0.12646484375 0.796875 0.62255859375 2589358
-0.12646484375 0.796875 0.62255859375 2589359
-0.12646484375 0.796875 0.62255859375 2589360
-0.12646484375 0.796875 0.62255859375 2589360
-0.12646484375 0.796875 0.62255859375 2589361
-0.1181640625 0.77197265625 0.5625 2589461
-0.1181640625 0.77197265625 0.5625 2589462
-0.1181640625 0.77197265625 0.5625 2589463
-0.1181640625 0.77197265625 0.5625 2589464
-0.1181640625 0.77197265625 0.5625 2589465
-0.07666015625 0.79296875 0.5908203125 2589563
-0.07666015625 0.79296875 0.5908203125 2589564
-0.07666015625 0.79296875 0.5908203125 2589565
-0.07666015625 0.79296875 0.5908203125 2589566
-0.07666015625 0.79296875 0.5908203125 2589567
0.04248046875 0.708984375 0.6376953125 2589643
0.126953125 0.578125 0.82763671875 2589752
0.126953125 0.578125 0.82763671875 2589753
0.126953125 0.578125 0.82763671875 2589755
0.126953125 0.578125 0.82763671875 2589756
0.126953125 0.578125 0.82763671875 2589758
0.1357421875 0.54345703125 0.8798828125 2589854
0.1357421875 0.54345703125 0.8798828125 2589855
0.1357421875 0.54345703125 0.8798828125 2589856
0.1357421875 0.54345703125 0.8798828125 2589858
0.1357421875 0.54345703125 0.8798828125 2589859
0.1572265625 0.52783203125 0.85400390625 2589957
0.1572265625 0.52783203125 0.85400390625 2589961
0.1572265625 0.52783203125 0.85400390625 2589962
0.1572265625 0.52783203125 0.85400390625 2589964
0.1572265625 0.52783203125 0.85400390625 2589965
0.1630859375 0.54345703125 0.8564453125 2590060
0.1630859375 0.54345703125 0.8564453125 2590061
0.14501953125 0.505859375 0.8095703125 2590162
0.14501953125 0.505859375 0.8095703125 2590163
0.14501953125 0.505859375 0.8095703125 2590164
0.14501953125 0.505859375 0.8095703125 2590165
0.14501953125 0.505859375 0.8095703125 2590167
0.1279296875 0.48388671875 0.822265625 2590275
0.1279296875 0.48388671875 0.822265625 2590277
0.1279296875 0.48388671875 0.822265625 2590278
0.1279296875 0.48388671875 0.822265625 2590280
0.1279296875 0.48388671875 0.822265625 2590281
0.13671875 0.4658203125 0.82568359375 2590353
0.1494140625 0.4482421875 0.8291015625 2590456
0.1494140625 0.4482421875 0.8291015625 2590457
0.1494140625 0.4482421875 0.8291015625 2590458
0.1494140625 0.4482421875 0.8291015625 2590460
0.1494140625 0.4482421875 0.8291015625 2590461
0.14208984375 0.4521484375 0.8310546875 2590558
0.14208984375 0.4521484375 0.8310546875 2590559
0.14208984375 0.4521484375 0.8310546875 2590561
0.14208984375 0.4521484375 0.8310546875 2590562
0.15380859375 0.431640625 0.85205078125 2590662
0.15380859375 0.431640625 0.85205078125 2590663
0.15380859375 0.431640625 0.85205078125 2590664
0.15380859375 0.431640625 0.85205078125 2590665
0.15380859375 0.431640625 0.85205078125 2590666
0.1689453125 0.44189453125 0.88525390625 2590765
0.1689453125 0.44189453125 0.88525390625 2590766
0.1689453125 0.44189453125 0.88525390625 2590767
0.1689453125 0.44189453125 0.88525390625 2590768
0.1689453125 0.44189453125 0.88525390625 2590770
0.17578125 0.44287109375 0.90576171875 2590842
0.154296875 0.44580078125 0.8623046875 2590953
0.154296875 0.44580078125 0.8623046875 2590954
0.154296875 0.44580078125 0.8623046875 2590955
0.154296875 0.44580078125 0.8623046875 2590956
0.154296875 0.44580078125 0.8623046875 2590957
0.18896484375 0.4345703125 0.892578125 2591055
0.18896484375 0.4345703125 0.892578125 2591056
0.18896484375 0.4345703125 0.892578125 2591057
0.18896484375 0.4345703125 0.892578125 2591059
0.18896484375 0.4345703125 0.892578125 2591060
0.20556640625 0.42724609375 0.8828125 2591159
0.20556640625 0.42724609375 0.8828125 2591162
0.20556640625 0.42724609375 0.8828125 2591163
0.20556640625 0.42724609375 0.8828125 2591165
0.20556640625 0.42724609375 0.8828125 2591166
0.1953125 0.42333984375 0.88525390625 2591262
0.1953125 0.42333984375 0.88525390625 2591263
0.1953125 0.42333984375 0.88525390625 2591264
0.1953125 0.42333984375 0.88525390625 2591264
0.17822265625 0.39404296875 0.8505859375 2591365
0.17822265625 0.39404296875 0.8505859375 2591366
0.17822265625 0.39404296875 0.8505859375 2591368
0.17822265625 0.39404296875 0.8505859375 2591372
0.17822265625 0.39404296875 0.8505859375 2591373
0.1455078125 0.40234375 0.82861328125 2591442
0.2060546875 0.36279296875 0.853515625 2591554
0.2060546875 0.36279296875 0.853515625 2591555
0.2060546875 0.36279296875 0.853515625 2591556
0.2060546875 0.36279296875 0.853515625 2591556
0.2060546875 0.36279296875 0.853515625 2591559
0.19482421875 0.38525390625 0.87109375 2591656
0.19482421875 0.38525390625 0.87109375 2591657
0.19482421875 0.38525390625 0.87109375 2591658
0.19482421875 0.38525390625 0.87109375 2591658
0.19482421875 0.38525390625 0.87109375 2591659
0.19580078125 0.3466796875 0.85498046875 2591758
0.19580078125 0.3466796875 0.85498046875 2591759
0.19580078125 0.3466796875 0.85498046875 2591760
0.19580078125 0.3466796875 0.85498046875 2591761
0.19580078125 0.3466796875 0.85498046875 2591762
0.1748046875 0.35595703125 0.845703125 2591860
0.1748046875 0.35595703125 0.845703125 2591862
0.1748046875 0.35595703125 0.845703125 2591863
0.1748046875 0.35595703125 0.845703125 2591864
0.1748046875 0.35595703125 0.845703125 2591865
0.18798828125 0.353515625 0.85888671875 2591964
0.18798828125 0.353515625 0.85888671875 2591965
0.18798828125 0.353515625 0.85888671875 2591966
0.18798828125 0.353515625 0.85888671875 2591967
0.18798828125 0.353515625 0.85888671875 2591968
0.21044921875 0.34423828125 0.8798828125 2592043
0.259765625 0.34033203125 0.92919921875 2592161
0.259765625 0.34033203125 0.92919921875 2592162
0.259765625 0.34033203125 0.92919921875 2592163
0.259765625 0.34033203125 0.92919921875 2592164
0.259765625 0.34033203125 0.92919921875 2592167
0.26513671875 0.318359375 0.923828125 2592249
0.2158203125 0.2890625 0.8603515625 2592351
0.2158203125 0.2890625 0.8603515625 2592352
0.2158203125 0.2890625 0.8603515625 2592353
0.2158203125 0.2890625 0.8603515625 2592354
0.2158203125 0.2890625 0.8603515625 2592355
0.181640625 0.2900390625 0.83544921875 2592453
0.181640625 0.2900390625 0.83544921875 2592454
0.181640625 0.2900390625 0.83544921875 2592456
0.181640625 0.2900390625 0.83544921875 2592458
0.181640625 0.2900390625 0.83544921875 2592459
0.20947265625 0.2841796875 0.86181640625 2592555
0.20947265625 0.2841796875 0.86181640625 2592556
0.20947265625 0.2841796875 0.86181640625 2592557
0.20947265625 0.2841796875 0.86181640625 2592558
0.20947265625 0.2841796875 0.86181640625 2592559
0.19970703125 0.28173828125 0.8828125 2592659
0.19970703125 0.28173828125 0.8828125 2592660
0.19970703125 0.28173828125 0.8828125 2592661
0.19970703125 0.28173828125 0.8828125 2592663
0.19970703125 0.28173828125 0.8828125 2592664
0.22021484375 0.2763671875 0.900390625 2592762
0.22021484375 0.2763671875 0.900390625 2592763
0.22021484375 0.2763671875 0.900390625 2592764
0.22021484375 0.2763671875 0.900390625 2592765
0.22021484375 0.2763671875 0.900390625 2592766
0.2333984375 0.27734375 0.9130859375 2592870
0.2333984375 0.27734375 0.9130859375 2592871
0.2333984375 0.27734375 0.9130859375 2592872
0.2333984375 0.27734375 0.9130859375 2592873
0.2333984375 0.27734375 0.9130859375 2592874
0.2373046875 0.2705078125 0.91357421875 2592948
0.22998046875 0.265625 0.90087890625 2593057
0.22998046875 0.265625 0.90087890625 2593064
0.22998046875 0.265625 0.90087890625 2593065
0.22998046875 0.265625 0.90087890625 2593066
0.22998046875 0.265625 0.90087890625 2593067
0.19677734375 0.3017578125 0.88427734375 2593160
0.19677734375 0.3017578125 0.88427734375 2593161
0.166015625 0.31396484375 0.88330078125 2593263
0.166015625 0.31396484375 0.88330078125 2593265
0.166015625 0.31396484375 0.88330078125 2593266
0.166015625 0.31396484375 0.88330078125 2593267
0.166015625 0.31396484375 0.88330078125 2593269
0.12060546875 0.36669921875 0.87353515625 2593364
0.12060546875 0.36669921875 0.87353515625 2593366
0.12060546875 0.36669921875 0.87353515625 2593367
0.12060546875 0.36669921875 0.87353515625 2593368
0.12060546875 0.36669921875 0.87353515625 2593370
0.0673828125 0.3984375 0.8427734375 2593468
0.0673828125 0.3984375 0.8427734375 2593470
0.0673828125 0.3984375 0.8427734375 2593471
0.0673828125 0.3984375 0.8427734375 2593471
0.0673828125 0.3984375 0.8427734375 2593472
0.05419921875 0.42236328125 0.83740234375 2593554
0.0048828125 0.4462890625 0.759765625 2593657
0.0048828125 0.4462890625 0.759765625 2593658
0.0048828125 0.4462890625 0.759765625 2593659
0.0048828125 0.4462890625 0.759765625 2593660
0.0048828125 0.4462890625 0.759765625 2593661
0.16845703125 0.3916015625 0.76123046875 2593760
0.16845703125 0.3916015625 0.76123046875 2593761
0.16845703125 0.3916015625 0.76123046875 2593762
0.16845703125 0.3916015625 0.76123046875 2593763
0.16845703125 0.3916015625 0.76123046875 2593764
0.36376953125 0.28173828125 0.8212890625 2593862
0.36376953125 0.28173828125 0.8212890625 2593863
0.36376953125 0.28173828125 0.8212890625 2593864
0.36376953125 0.28173828125 0.8212890625 2593865
0.36376953125 0.28173828125 0.8212890625 2593866
0.40185546875 0.28515625 0.80615234375 2593964
0.40185546875 0.28515625 0.80615234375 2593965
0.40185546875 0.28515625 0.80615234375 2593966
0.40185546875 0.28515625 0.80615234375 2593967
0.40185546875 0.28515625 0.80615234375 2593968
0.40234375 0.24951171875 0.83203125 2594088
0.40234375 0.24951171875 0.83203125 2594089
0.40234375 0.24951171875 0.83203125 2594090
0.40234375 0.24951171875 0.83203125 2594091
0.40234375 0.24951171875 0.83203125 2594092
0.38232421875 0.265625 0.87548828125 2594143
0.38525390625 0.28173828125 0.91650390625 2594256
0.38525390625 0.28173828125 0.91650390625 2594257
0.38525390625 0.28173828125 0.91650390625 2594258
0.38525390625 0.28173828125 0.91650390625 2594259
0.38525390625 0.28173828125 0.91650390625 2594260
0.40087890625 0.22265625 0.89013671875 2594358
0.40087890625 0.22265625 0.89013671875 2594359
0.40087890625 0.22265625 0.89013671875 2594360
0.40087890625 0.22265625 0.89013671875 2594361
0.40087890625 0.22265625 0.89013671875 2594362
0.35400390625 0.26025390625 0.85546875 2594461
0.35400390625 0.26025390625 0.85546875 2594488
0.35400390625 0.26025390625 0.85546875 2594489
0.35400390625 0.26025390625 0.85546875 2594490
0.35400390625 0.26025390625 0.85546875 2594491
0.3515625 0.341796875 0.947265625 2594565
0.3515625 0.341796875 0.947265625 2594566
0.29443359375 0.396484375 0.88037109375 2594667
0.29443359375 0.396484375 0.88037109375 2594668
0.29443359375 0.396484375 0.88037109375 2594669
0.29443359375 0.396484375 0.88037109375 2594670
0.29443359375 0.396484375 0.88037109375 2594672
0.35107421875 0.4482421875 0.9755859375 2594744
0.2607421875 0.46826171875 0.8486328125 2594855
0.2607421875 0.46826171875 0.8486328125 2594880
0.2607421875 0.46826171875 0.8486328125 2594881
0.2607421875 0.46826171875 0.8486328125 2594882
0.2607421875 0.46826171875 0.8486328125 2594883
0.2158203125 0.4521484375 0.80615234375 2594959
0.2158203125 0.4521484375 0.80615234375 2594960
0.21923828125 0.45068359375 0.84814453125 2595061
0.21923828125 0.45068359375 0.84814453125 2595062
0.21923828125 0.45068359375 0.84814453125 2595063
0.21923828125 0.45068359375 0.84814453125 2595065
0.21923828125 0.45068359375 0.84814453125 2595066
0.15576171875 0.48486328125 0.81005859375 2595163
0.15576171875 0.48486328125 0.81005859375 2595164
0.15576171875 0.48486328125 0.81005859375 2595165
0.15576171875 0.48486328125 0.81005859375 2595165
0.15576171875 0.48486328125 0.81005859375 2595166
0.0732421875 0.56005859375 0.81005859375 2595266
0.0732421875 0.56005859375 0.81005859375 2595267
0.0732421875 0.56005859375 0.81005859375 2595268
0.0732421875 0.56005859375 0.81005859375 2595269
0.0732421875 0.56005859375 0.81005859375 2595270
0.013671875 0.64697265625 0.7705078125 2595358
-0.02734375 0.69580078125 0.70166015625 2595447
-0.02734375 0.69580078125 0.70166015625 2595448
-0.02734375 0.69580078125 0.70166015625 2595449
-0.02734375 0.69580078125 0.70166015625 2595450
-0.02734375 0.69580078125 0.70166015625 2595451
-0.095703125 0.76123046875 0.65673828125 2595556
-0.095703125 0.76123046875 0.65673828125 2595557
-0.095703125 0.76123046875 0.65673828125 2595558
-0.095703125 0.76123046875 0.65673828125 2595559
-0.095703125 0.76123046875 0.65673828125 2595560
-0.068359375 0.73193359375 0.6455078125 2595660
-0.068359375 0.73193359375 0.6455078125 2595661
-0.068359375 0.73193359375 0.6455078125 2595662
-0.068359375 0.73193359375 0.6455078125 2595663
-0.068359375 0.73193359375 0.6455078125 2595665
-0.0849609375 0.76123046875 0.66650390625 2595762
-0.0849609375 0.76123046875 0.66650390625 2595763
-0.0849609375 0.76123046875 0.66650390625 2595764
-0.0849609375 0.76123046875 0.66650390625 2595764
-0.1044921875 0.767578125 0.6025390625 2595865
-0.1044921875 0.767578125 0.6025390625 2595866
-0.1044921875 0.767578125 0.6025390625 2595867
-0.1044921875 0.767578125 0.6025390625 2595868
-0.1044921875 0.767578125 0.6025390625 2595869
-0.09765625 0.771484375 0.60302734375 2595968
-0.09765625 0.771484375 0.60302734375 2595969
-0.09765625 0.771484375 0.60302734375 2595970
-0.09765625 0.771484375 0.60302734375 2595971
-0.09765625 0.771484375 0.60302734375 2595972
-0.09765625 0.76611328125 0.6083984375 2596052
-0.09521484375 0.744140625 0.5947265625 2596155
-0.09521484375 0.744140625 0.5947265625 2596156
-0.09521484375 0.744140625 0.5947265625 2596157
-0.09521484375 0.744140625 0.5947265625 2596158
-0.09521484375 0.744140625 0.5947265625 2596158
-0.10205078125 0.74853515625 0.55810546875 2596257
-0.10205078125 0.74853515625 0.55810546875 2596258
-0.10205078125 0.74853515625 0.55810546875 2596259
-0.10205078125 0.74853515625 0.55810546875 2596260
-0.10205078125 0.74853515625 0.55810546875 2596261
-0.103515625 0.7548828125 0.5888671875 2596359
-0.103515625 0.7548828125 0.5888671875 2596360
-0.103515625 0.7548828125 0.5888671875 2596362
-0.103515625 0.7548828125 0.5888671875 2596363
-0.103515625 0.7548828125 0.5888671875 2596364
-0.09765625 0.7626953125 0.61767578125 2596462
-0.09765625 0.7626953125 0.61767578125 2596463
-0.09765625 0.7626953125 0.61767578125 2596464
-0.09765625 0.7626953125 0.61767578125 2596465
-0.09765625 0.7626953125 0.61767578125 2596467
-0.09912109375 0.76220703125 0.59228515625 2596567
-0.09912109375 0.76220703125 0.59228515625 2596568
-0.09912109375 0.76220703125 0.59228515625 2596569
-0.09912109375 0.76220703125 0.59228515625 2596570
-0.09912109375 0.76220703125 0.59228515625 2596571
-0.0869140625 0.75439453125 0.56884765625 2596651
-0.0859375 0.7646484375 0.61865234375 2596757
-0.0859375 0.7646484375 0.61865234375 2596758
-0.0859375 0.7646484375 0.61865234375 2596759
-0.0859375 0.7646484375 0.61865234375 2596760
-0.0859375 0.7646484375 0.61865234375 2596760
-0.07861328125 0.76513671875 0.609375 2596859
-0.07861328125 0.76513671875 0.609375 2596860
-0.07861328125 0.76513671875 0.609375 2596861
-0.07861328125 0.76513671875 0.609375 2596861
-0.07861328125 0.76513671875 0.609375 2596862
-0.07080078125 0.7548828125 0.60546875 2596962
-0.07080078125 0.7548828125 0.60546875 2596963
-0.07080078125 0.7548828125 0.60546875 2596963
-0.07080078125 0.7548828125 0.60546875 2596964
-0.07080078125 0.7548828125 0.60546875 2596965
-0.07470703125 0.74609375 0.57666015625 2597068
-0.07470703125 0.74609375 0.57666015625 2597069
-0.07470703125 0.74609375 0.57666015625 2597070
-0.07470703125 0.74609375 0.57666015625 2597071
-0.07470703125 0.74609375 0.57666015625 2597071
-0.0791015625 0.765625 0.6181640625 2597146
-0.0732421875 0.75341796875 0.60595703125 2597257
-0.0732421875 0.75341796875 0.60595703125 2597258
-0.0732421875 0.75341796875 0.60595703125 2597259
-0.0732421875 0.75341796875 0.60595703125 2597260
-0.0732421875 0.75341796875 0.60595703125 2597260
-0.06201171875 0.7470703125 0.60107421875 2597360
-0.06201171875 0.7470703125 0.60107421875 2597361
-0.06201171875 0.7470703125 0.60107421875 2597362
-0.06201171875 0.7470703125 0.60107421875 2597363
-0.06201171875 0.7470703125 0.60107421875 2597363
-0.0615234375 0.74462890625 0.595703125 2597463
-0.0615234375 0.74462890625 0.595703125 2597464
-0.0615234375 0.74462890625 0.595703125 2597465
-0.0615234375 0.74462890625 0.595703125 2597466
-0.0615234375 0.74462890625 0.595703125 2597467
-0.07373046875 0.759765625 0.60009765625 2597567
-0.07373046875 0.759765625 0.60009765625 2597568
-0.07373046875 0.759765625 0.60009765625 2597569
-0.07373046875 0.759765625 0.60009765625 2597569
-0.07373046875 0.759765625 0.60009765625 2597570
-0.05810546875 0.751953125 0.58056640625 2597670
-0.05810546875 0.751953125 0.58056640625 2597690
-0.05810546875 0.751953125 0.58056640625 2597690
-0.05810546875 0.751953125 0.58056640625 2597691
-0.05810546875 0.751953125 0.58056640625 2597692
-0.03857421875 0.76318359375 0.61279296875 2597747
-0.0478515625 0.76806640625 0.62353515625 2597858
-0.0478515625 0.76806640625 0.62353515625 2597859
-0.0478515625 0.76806640625 0.62353515625 2597861
-0.0478515625 0.76806640625 0.62353515625 2597862
-0.0478515625 0.76806640625 0.62353515625 2597863
-0.03369140625 0.75390625 0.61474609375 2597965
-0.03369140625 0.75390625 0.61474609375 2597966
-0.03369140625 0.75390625 0.61474609375 2597967
-0.03369140625 0.75390625 0.61474609375 2597968
-0.03369140625 0.75390625 0.61474609375 2597968
-0.001953125 0.75146484375 0.6611328125 2598067
-0.001953125 0.75146484375 0.6611328125 2598068
-0.001953125 0.75146484375 0.6611328125 2598069
-0.001953125 0.75146484375 0.6611328125 2598070
-0.001953125 0.75146484375 0.6611328125 2598071
0.04150390625 0.76123046875 0.66748046875 2598169
0.04150390625 0.76123046875 0.66748046875 2598170
0.04150390625 0.76123046875 0.66748046875 2598171
0.04150390625 0.76123046875 0.66748046875 2598172
0.04150390625 0.76123046875 0.66748046875 2598172
0.1611328125 0.666015625 0.81689453125 2598247
0.11865234375 0.638671875 0.8486328125 2598358
0.11865234375 0.638671875 0.8486328125 2598359
0.11865234375 0.638671875 0.8486328125 2598360
0.11865234375 0.638671875 0.8486328125 2598361
0.11865234375 0.638671875 0.8486328125 2598362
0.14794921875 0.58251953125 0.85791015625 2598460
0.14794921875 0.58251953125 0.85791015625 2598461
0.14794921875 0.58251953125 0.85791015625 2598462
0.14794921875 0.58251953125 0.85791015625 2598463
0.14794921875 0.58251953125 0.85791015625 2598464
0.15966796875 0.54638671875 0.841796875 2598563
0.15966796875 0.54638671875 0.841796875 2598564
0.15966796875 0.54638671875 0.841796875 2598565
0.15966796875 0.54638671875 0.841796875 2598566
0.15966796875 0.54638671875 0.841796875 2598567
0.171875 0.50244140625 0.8515625 2598648
0.19677734375 0.47607421875 0.85546875 2598758
0.19677734375 0.47607421875 0.85546875 2598759
0.19677734375 0.47607421875 0.85546875 2598760
0.19677734375 0.47607421875 0.85546875 2598762
0.19677734375 0.47607421875 0.85546875 2598763
0.22021484375 0.46630859375 0.8623046875 2598862
0.22021484375 0.46630859375 0.8623046875 2598863
0.22021484375 0.46630859375 0.8623046875 2598864
0.22021484375 0.46630859375 0.8623046875 2598866
0.22021484375 0.46630859375 0.8623046875 2598869
0.2236328125 0.4267578125 0.8359375 2598969
0.2236328125 0.4267578125 0.8359375 2598970
0.2236328125 0.4267578125 0.8359375 2598971
0.2236328125 0.4267578125 0.8359375 2598972
0.2236328125 0.4267578125 0.8359375 2598973
0.22998046875 0.43408203125 0.84619140625 2599060
0.2255859375 0.41845703125 0.81689453125 2599159
0.2255859375 0.41845703125 0.81689453125 2599160
0.2255859375 0.41845703125 0.81689453125 2599161
0.2255859375 0.41845703125 0.81689453125 2599162
0.2255859375 0.41845703125 0.81689453125 2599164
0.2587890625 0.3974609375 0.8388671875 2599263
0.2587890625 0.3974609375 0.8388671875 2599264
0.2587890625 0.3974609375 0.8388671875 2599265
0.2587890625 0.3974609375 0.8388671875 2599266
0.2587890625 0.3974609375 0.8388671875 2599267
0.27197265625 0.37646484375 0.8466796875 2599366
0.27197265625 0.37646484375 0.8466796875 2599367
0.27197265625 0.37646484375 0.8466796875 2599368
0.27197265625 0.37646484375 0.8466796875 2599369
0.27197265625 0.37646484375 0.8466796875 2599370
0.25830078125 0.3818359375 0.826171875 2599470
0.25830078125 0.3818359375 0.826171875 2599471
0.25830078125 0.3818359375 0.826171875 2599472
0.25830078125 0.3818359375 0.826171875 2599473
0.25830078125 0.3818359375 0.826171875 2599474
0.22705078125 0.37548828125 0.794921875 2599548
0.20458984375 0.41162109375 0.81103515625 2599659
0.20458984375 0.41162109375 0.81103515625 2599663
0.20458984375 0.41162109375 0.81103515625 2599664
0.20458984375 0.41162109375 0.81103515625 2599665
0.20458984375 0.41162109375 0.81103515625 2599667
0.23193359375 0.3798828125 0.8232421875 2599762
0.23193359375 0.3798828125 0.8232421875 2599763
0.2568359375 0.376953125 0.8486328125 2599872
0.2568359375 0.376953125 0.8486328125 2599873
0.2568359375 0.376953125 0.8486328125 2599874
0.2568359375 0.376953125 0.8486328125 2599876
0.2568359375 0.376953125 0.8486328125 2599878
0.2041015625 0.4326171875 0.87255859375 2599949
0.14404296875 0.45849609375 0.8818359375 2600060
0.14404296875 0.45849609375 0.8818359375 2600061
0.14404296875 0.45849609375 0.8818359375 2600062
0.14404296875 0.45849609375 0.8818359375 2600063
0.14404296875 0.45849609375 0.8818359375 2600064
0.029296875 0.48681640625 0.79248046875 2600163
0.029296875 0.48681640625 0.79248046875 2600164
0.029296875 0.48681640625 0.79248046875 2600165
0.029296875 0.48681640625 0.79248046875 2600166
0.029296875 0.48681640625 0.79248046875 2600167
-0.08203125 0.44921875 0.65966796875 2600266
-0.08203125 0.44921875 0.65966796875 2600267
-0.08203125 0.44921875 0.65966796875 2600268
-0.08203125 0.44921875 0.65966796875 2600269
0.0185546875 0.412109375 0.662109375 2600369
0.0185546875 0.412109375 0.662109375 2600370
0.0185546875 0.412109375 0.662109375 2600371
0.0185546875 0.412109375 0.662109375 2600372
0.0185546875 0.412109375 0.662109375 2600373
0.2255859375 0.24169921875 0.64501953125 2600497
0.2255859375 0.24169921875 0.64501953125 2600498
0.2255859375 0.24169921875 0.64501953125 2600499
0.2255859375 0.24169921875 0.64501953125 2600500
0.2255859375 0.24169921875 0.64501953125 2600502
0.18017578125 0.23486328125 0.62158203125 2600568
0.37255859375 0.17333984375 0.7490234375 2600671
0.37255859375 0.17333984375 0.7490234375 2600672
0.37255859375 0.17333984375 0.7490234375 2600673
0.37255859375 0.17333984375 0.7490234375 2600674
0.37255859375 0.17333984375 0.7490234375 2600675
0.3779296875 0.32568359375 0.916015625 2600749
0.37158203125 0.64013671875 1.0224609375 2600861
0.37158203125 0.64013671875 1.0224609375 2600862
0.37158203125 0.64013671875 1.0224609375 2600863
0.37158203125 0.64013671875 1.0224609375 2600886
0.37158203125 0.64013671875 1.0224609375 2600888
0.1513671875 0.818359375 1.11328125 2600965
0.1513671875 0.818359375 1.11328125 2600966
0.1513671875 0.818359375 1.11328125 2600967
0.1513671875 0.818359375 1.11328125 2600968
0.033203125 0.8603515625 0.80126953125 2601067
0.033203125 0.8603515625 0.80126953125 2601068
0.033203125 0.8603515625 0.80126953125 2601069
0.033203125 0.8603515625 0.80126953125 2601070
0.033203125 0.8603515625 0.80126953125 2601071
-0.00439453125 0.791015625 0.6005859375 2601169
-0.00439453125 0.791015625 0.6005859375 2601170
-0.00439453125 0.791015625 0.6005859375 2601171
-0.00439453125 0.791015625 0.6005859375 2601172
-0.00439453125 0.791015625 0.6005859375 2601173
0.07666015625 0.7705078125 0.57666015625 2601274
0.07666015625 0.7705078125 0.57666015625 2601275
0.07666015625 0.7705078125 0.57666015625 2601276
0.07666015625 0.7705078125 0.57666015625 2601277
0.07666015625 0.7705078125 0.57666015625 2601278
0.12451171875 0.8017578125 0.59130859375 2601349
0.080078125 0.76904296875 0.65673828125 2601460
0.080078125 0.76904296875 0.65673828125 2601461
0.080078125 0.76904296875 0.65673828125 2601462
0.080078125 0.76904296875 0.65673828125 2601462
0.080078125 0.76904296875 0.65673828125 2601463
0.08251953125 0.732421875 0.638671875 2601563
0.08251953125 0.732421875 0.638671875 2601564
0.08251953125 0.732421875 0.638671875 2601565
0.08251953125 0.732421875 0.638671875 2601567
0.08251953125 0.732421875 0.638671875 2601568
0.1181640625 0.72021484375 0.669921875 2601666
0.1181640625 0.72021484375 0.669921875 2601667
0.1181640625 0.72021484375 0.669921875 2601668
0.1181640625 0.72021484375 0.669921875 2601669
0.1181640625 0.72021484375 0.669921875 2601671
0.2236328125 0.68310546875 0.708984375 2601768
0.2236328125 0.68310546875 0.708984375 2601769
0.2236328125 0.68310546875 0.708984375 2601770
0.2236328125 0.68310546875 0.708984375 2601771
0.2236328125 0.68310546875 0.708984375 2601772
0.2314453125 0.658203125 0.80908203125 2601873
0.2314453125 0.658203125 0.80908203125 2601874
0.2314453125 0.658203125 0.80908203125 2601875
0.2314453125 0.658203125 0.80908203125 2601876
0.2314453125 0.658203125 0.80908203125 2601877
0.25390625 0.5595703125 0.8447265625 2601953
0.21533203125 0.51416015625 0.890625 2602062
0.21533203125 0.51416015625 0.890625 2602063
0.21533203125 0.51416015625 0.890625 2602064
0.21533203125 0.51416015625 0.890625 2602065
0.21533203125 0.51416015625 0.890625 2602066
0.22021484375 0.49462890625 0.9091796875 2602164
0.22021484375 0.49462890625 0.9091796875 2602167
0.22021484375 0.49462890625 0.9091796875 2602167
0.22021484375 0.49462890625 0.9091796875 2602168
0.22021484375 0.49462890625 0.9091796875 2602169
0.21240234375 0.4677734375 0.85791015625 2602269
0.21240234375 0.4677734375 0.85791015625 2602270
0.21240234375 0.4677734375 0.85791015625 2602271
0.21240234375 0.4677734375 0.85791015625 2602272
0.21240234375 0.4677734375 0.85791015625 2602273
0.19189453125 0.46142578125 0.87841796875 2602369
0.19189453125 0.46142578125 0.87841796875 2602370
0.19189453125 0.46142578125 0.87841796875 2602371
0.19189453125 0.46142578125 0.87841796875 2602371
0.21875 0.47021484375 0.84423828125 2602452
0.21875 0.47021484375 0.84423828125 2602453
0.21337890625 0.48046875 0.830078125 2602562
0.21337890625 0.48046875 0.830078125 2602563
0.21337890625 0.48046875 0.830078125 2602564
0.21337890625 0.48046875 0.830078125 2602564
0.21337890625 0.48046875 0.830078125 2602565
0.26171875 0.4619140625 0.8505859375 2602664
0.26171875 0.4619140625 0.8505859375 2602665
0.26171875 0.4619140625 0.8505859375 2602666
0.26171875 0.4619140625 0.8505859375 2602667
0.26171875 0.4619140625 0.8505859375 2602668
0.263671875 0.4599609375 0.82861328125 2602767
0.263671875 0.4599609375 0.82861328125 2602768
0.263671875 0.4599609375 0.82861328125 2602769
0.263671875 0.4599609375 0.82861328125 2602769
0.263671875 0.4599609375 0.82861328125 2602770
0.275390625 0.4453125 0.82177734375 2602869
0.275390625 0.4453125 0.82177734375 2602870
0.275390625 0.4453125 0.82177734375 2602871
0.275390625 0.4453125 0.82177734375 2602873
0.275390625 0.4453125 0.82177734375 2602874
0.31103515625 0.43115234375 0.845703125 2602972
0.31103515625 0.43115234375 0.845703125 2602973
0.31103515625 0.43115234375 0.845703125 2602974
0.31103515625 0.43115234375 0.845703125 2602975
0.31103515625 0.43115234375 0.845703125 2602975
0.3349609375 0.4248046875 0.884765625 2603072
0.3349609375 0.4248046875 0.884765625 2603073
0.3349609375 0.4248046875 0.884765625 2603074
0.3349609375 0.4248046875 0.884765625 2603075
0.3349609375 0.4248046875 0.884765625 2603075
0.306640625 0.4345703125 0.89013671875 2603162
0.2705078125 0.43310546875 0.861328125 2603257
0.2705078125 0.43310546875 0.861328125 2603269
0.2705078125 0.43310546875 0.861328125 2603270
0.2705078125 0.43310546875 0.861328125 2603271
0.2705078125 0.43310546875 0.861328125 2603272
0.25537109375 0.41748046875 0.83984375 2603376
0.25537109375 0.41748046875 0.83984375 2603377
0.25537109375 0.41748046875 0.83984375 2603378
0.25537109375 0.41748046875 0.83984375 2603380
0.25537109375 0.41748046875 0.83984375 2603381
0.2783203125 0.41748046875 0.8623046875 2603474
0.27734375 0.42138671875 0.89111328125 2603552
0.27734375 0.42138671875 0.89111328125 2603553
0.27734375 0.42138671875 0.89111328125 2603554
0.27734375 0.42138671875 0.89111328125 2603555
0.27734375 0.42138671875 0.89111328125 2603556
0.21533203125 0.419921875 0.8349609375 2603690
0.21533203125 0.419921875 0.8349609375 2603691
0.21533203125 0.419921875 0.8349609375 2603692
0.21533203125 0.419921875 0.8349609375 2603693
0.21533203125 0.419921875 0.8349609375 2603694
0.21923828125 0.388671875 0.84912109375 2603767
0.2236328125 0.36572265625 0.84814453125 2603869
0.2236328125 0.36572265625 0.84814453125 2603870
0.2236328125 0.36572265625 0.84814453125 2603871
0.2236328125 0.36572265625 0.84814453125 2603872
0.2236328125 0.36572265625 0.84814453125 2603873
0.20654296875 0.39013671875 0.85888671875 2603972
0.20654296875 0.39013671875 0.85888671875 2603973
0.20654296875 0.39013671875 0.85888671875 2603974
0.20654296875 0.39013671875 0.85888671875 2603975
0.20654296875 0.39013671875 0.85888671875 2603976
0.22314453125 0.3818359375 0.8583984375 2604074
0.22314453125 0.3818359375 0.8583984375 2604075
0.22314453125 0.3818359375 0.8583984375 2604076
0.22314453125 0.3818359375 0.8583984375 2604077
0.22314453125 0.3818359375 0.8583984375 2604078
0.20556640625 0.37646484375 0.84033203125 2604152
0.22265625 0.35400390625 0.86328125 2604263
0.22265625 0.35400390625 0.86328125 2604264
0.22265625 0.35400390625 0.86328125 2604265
0.22265625 0.35400390625 0.86328125 2604265
0.22265625 0.35400390625 0.86328125 2604266
0.22021484375 0.3564453125 0.85888671875 2604366
0.22021484375 0.3564453125 0.85888671875 2604367
0.22021484375 0.3564453125 0.85888671875 2604368
0.22021484375 0.3564453125 0.85888671875 2604369
0.22021484375 0.3564453125 0.85888671875 2604370
0.20703125 0.37353515625 0.85498046875 2604467
0.20703125 0.37353515625 0.85498046875 2604468
0.20703125 0.37353515625 0.85498046875 2604469
0.20703125 0.37353515625 0.85498046875 2604470
0.20703125 0.37353515625 0.85498046875 2604470
0.19677734375 0.375 0.8564453125 2604570
0.19677734375 0.375 0.8564453125 2604571
0.19677734375 0.375 0.8564453125 2604571
0.19677734375 0.375 0.8564453125 2604572
0.19677734375 0.375 0.8564453125 2604573
0.1142578125 0.42724609375 0.8662109375 2604673
0.1142578125 0.42724609375 0.8662109375 2604676
0.1142578125 0.42724609375 0.8662109375 2604677
0.1142578125 0.42724609375 0.8662109375 2604678
0.1142578125 0.42724609375 0.8662109375 2604679
0.01708984375 0.44287109375 0.8173828125 2604775
0.01708984375 0.44287109375 0.8173828125 2604776
0.01708984375 0.44287109375 0.8173828125 2604777
0.01708984375 0.44287109375 0.8173828125 2604777
-0.076171875 0.46435546875 0.67822265625 2604853
-0.076171875 0.46435546875 0.67822265625 2604854
0.08349609375 0.357421875 0.7109375 2604972
0.08349609375 0.357421875 0.7109375 2604973
0.08349609375 0.357421875 0.7109375 2604974
0.08349609375 0.357421875 0.7109375 2604974
0.08349609375 0.357421875 0.7109375 2604975
0.33349609375 0.2578125 0.8779296875 2605074
0.33349609375 0.2578125 0.8779296875 2605075
0.33349609375 0.2578125 0.8779296875 2605076
0.33349609375 0.2578125 0.8779296875 2605077
0.33349609375 0.2578125 0.8779296875 2605078
0.38330078125 0.140625 0.8037109375 2605153
0.40185546875 0.1142578125 0.75390625 2605264
0.40185546875 0.1142578125 0.75390625 2605265
0.40185546875 0.1142578125 0.75390625 2605266
0.40185546875 0.1142578125 0.75390625 2605266
0.40185546875 0.1142578125 0.75390625 2605267
0.3466796875 0.13427734375 0.74072265625 2605367
0.3466796875 0.13427734375 0.74072265625 2605368
0.3466796875 0.13427734375 0.74072265625 2605369
0.3466796875 0.13427734375 0.74072265625 2605370
0.3466796875 0.13427734375 0.74072265625 2605371
0.2998046875 0.22900390625 0.82421875 2605470
0.2998046875 0.22900390625 0.82421875 2605471
0.2998046875 0.22900390625 0.82421875 2605472
0.2998046875 0.22900390625 0.82421875 2605472
0.2998046875 0.22900390625 0.82421875 2605473
0.1806640625 0.45361328125 0.9365234375 2605572
0.1806640625 0.45361328125 0.9365234375 2605573
0.1806640625 0.45361328125 0.9365234375 2605574
0.1806640625 0.45361328125 0.9365234375 2605575
0.1806640625 0.45361328125 0.9365234375 2605575
0.02197265625 0.595703125 0.9501953125 2605654
-0.06494140625 0.6767578125 0.82763671875 2605764
-0.06494140625 0.6767578125 0.82763671875 2605765
-0.06494140625 0.6767578125 0.82763671875 2605766
-0.06494140625 0.6767578125 0.82763671875 2605766
-0.06494140625 0.6767578125 0.82763671875 2605767
-0.05908203125 0.7421875 0.689453125 2605867
-0.05908203125 0.7421875 0.689453125 2605868
-0.05908203125 0.7421875 0.689453125 2605868
-0.05908203125 0.7421875 0.689453125 2605869
-0.05908203125 0.7421875 0.689453125 2605870
-0.06298828125 0.7578125 0.6162109375 2605969
-0.06298828125 0.7578125 0.6162109375 2605970
-0.06298828125 0.7578125 0.6162109375 2605971
-0.06298828125 0.7578125 0.6162109375 2605972
-0.06298828125 0.7578125 0.6162109375 2605973
-0.0703125 0.7529296875 0.56005859375 2606071
-0.0703125 0.7529296875 0.56005859375 2606072
-0.0703125 0.7529296875 0.56005859375 2606073
-0.0703125 0.7529296875 0.56005859375 2606074
-0.0703125 0.7529296875 0.56005859375 2606074
-0.05712890625 0.76318359375 0.57568359375 2606174
-0.05712890625 0.76318359375 0.57568359375 2606175
-0.05712890625 0.76318359375 0.57568359375 2606176
-0.05712890625 0.76318359375 0.57568359375 2606176
-0.05712890625 0.76318359375 0.57568359375 2606177
-0.07373046875 0.7548828125 0.525390625 2606276
-0.07373046875 0.7548828125 0.525390625 2606277
-0.07373046875 0.7548828125 0.525390625 2606278
-0.07373046875 0.7548828125 0.525390625 2606279
-0.07373046875 0.7548828125 0.525390625 2606280
-0.0634765625 0.7890625 0.51416015625 2606355
-0.05029296875 0.81591796875 0.53466796875 2606466
-0.05029296875 0.81591796875 0.53466796875 2606467
-0.05029296875 0.81591796875 0.53466796875 2606468
-0.05029296875 0.81591796875 0.53466796875 2606469
-0.05029296875 0.81591796875 0.53466796875 2606470
-0.00390625 0.86767578125 0.564453125 2606568
-0.00390625 0.86767578125 0.564453125 2606569
-0.00390625 0.86767578125 0.564453125 2606569
-0.00390625 0.86767578125 0.564453125 2606570
-0.00390625 0.86767578125 0.564453125 2606571
-0.0947265625 0.8232421875 0.55908203125 2606670
-0.0947265625 0.8232421875 0.55908203125 2606671
-0.0947265625 0.8232421875 0.55908203125 2606672
-0.0947265625 0.8232421875 0.55908203125 2606672
-0.0947265625 0.8232421875 0.55908203125 2606673
0.12939453125 0.77001953125 0.70263671875 2606773
0.12939453125 0.77001953125 0.70263671875 2606774
0.12939453125 0.77001953125 0.70263671875 2606774
0.12939453125 0.77001953125 0.70263671875 2606775
0.12939453125 0.77001953125 0.70263671875 2606776
0.1728515625 0.673828125 0.83251953125 2606882
0.1728515625 0.673828125 0.83251953125 2606883
0.1728515625 0.673828125 0.83251953125 2606884
0.1728515625 0.673828125 0.83251953125 2606885
0.1728515625 0.673828125 0.83251953125 2606886
0.18603515625 0.59375 0.80810546875 2606968
0.18896484375 0.56201171875 0.85400390625 2607070
0.18896484375 0.56201171875 0.85400390625 2607071
0.18896484375 0.56201171875 0.85400390625 2607072
0.18896484375 0.56201171875 0.85400390625 2607073
0.18896484375 0.56201171875 0.85400390625 2607074
0.173828125 0.5478515625 0.84228515625 2607172
0.173828125 0.5478515625 0.84228515625 2607173
0.173828125 0.5478515625 0.84228515625 2607174
0.173828125 0.5478515625 0.84228515625 2607175
0.173828125 0.5478515625 0.84228515625 2607175
0.1669921875 0.50927734375 0.8447265625 2607276
0.1669921875 0.50927734375 0.8447265625 2607277
0.1669921875 0.50927734375 0.8447265625 2607278
0.1669921875 0.50927734375 0.8447265625 2607279
0.1669921875 0.50927734375 0.8447265625 2607281
0.2001953125 0.51513671875 0.86767578125 2607354
0.21337890625 0.5029296875 0.87158203125 2607465
0.21337890625 0.5029296875 0.87158203125 2607466
0.21337890625 0.5029296875 0.87158203125 2607467
0.21337890625 0.5029296875 0.87158203125 2607469
0.21337890625 0.5029296875 0.87158203125 2607470
0.2265625 0.47216796875 0.85595703125 2607570
0.2265625 0.47216796875 0.85595703125 2607571
0.2265625 0.47216796875 0.85595703125 2607572
0.2265625 0.47216796875 0.85595703125 2607572
0.2265625 0.47216796875 0.85595703125 2607573
0.20849609375 0.45556640625 0.8447265625 2607673
0.20849609375 0.45556640625 0.8447265625 2607674
0.20849609375 0.45556640625 0.8447265625 2607675
0.20849609375 0.45556640625 0.8447265625 2607676
0.20849609375 0.45556640625 0.8447265625 2607677
0.20849609375 0.4345703125 0.8388671875 2607775
0.20849609375 0.4345703125 0.8388671875 2607776
0.20849609375 0.4345703125 0.8388671875 2607776
0.20849609375 0.4345703125 0.8388671875 2607777
0.20849609375 0.4345703125 0.8388671875 2607778
0.21435546875 0.443359375 0.85546875 2607878
0.21435546875 0.443359375 0.85546875 2607878
0.21435546875 0.443359375 0.85546875 2607879
0.21435546875 0.443359375 0.85546875 2607880
0.21435546875 0.443359375 0.85546875 2607881
0.20361328125 0.4462890625 0.80712890625 2607957
0.24267578125 0.43408203125 0.8447265625 2608074
0.24267578125 0.43408203125 0.8447265625 2608075
0.24267578125 0.43408203125 0.8447265625 2608076
0.24267578125 0.43408203125 0.8447265625 2608077
0.24267578125 0.43408203125 0.8447265625 2608078
0.24267578125 0.41259765625 0.84765625 2608176
0.24267578125 0.41259765625 0.84765625 2608177
0.24267578125 0.41259765625 0.84765625 2608178
0.24267578125 0.41259765625 0.84765625 2608179
0.24267578125 0.41259765625 0.84765625 2608180
0.20654296875 0.43603515625 0.810546875 2608261
0.22705078125 0.43798828125 0.83837890625 2608368
0.22705078125 0.43798828125 0.83837890625 2608369
0.22705078125 0.43798828125 0.83837890625 2608370
0.22705078125 0.43798828125 0.83837890625 2608371
0.22705078125 0.43798828125 0.83837890625 2608372
0.25927734375 0.44189453125 0.87353515625 2608471
0.25927734375 0.44189453125 0.87353515625 2608472
0.25927734375 0.44189453125 0.87353515625 2608473
0.25927734375 0.44189453125 0.87353515625 2608474
0.25927734375 0.44189453125 0.87353515625 2608475
0.259765625 0.42431640625 0.861328125 2608572
0.259765625 0.42431640625 0.861328125 2608573
0.259765625 0.42431640625 0.861328125 2608574
0.259765625 0.42431640625 0.861328125 2608576
0.259765625 0.42431640625 0.861328125 2608577
0.2587890625 0.4189453125 0.86669921875 2608676
0.2587890625 0.4189453125 0.86669921875 2608677
0.2587890625 0.4189453125 0.86669921875 2608678
0.2587890625 0.4189453125 0.86669921875 2608679
0.2587890625 0.4189453125 0.86669921875 2608680
0.25732421875 0.3720703125 0.8642578125 2608778
0.25732421875 0.3720703125 0.8642578125 2608779
0.25732421875 0.3720703125 0.8642578125 2608780
0.25732421875 0.3720703125 0.8642578125 2608781
0.25732421875 0.3720703125 0.8642578125 2608781
0.24853515625 0.38623046875 0.8701171875 2608856
0.23583984375 0.39794921875 0.8583984375 2608966
0.23583984375 0.39794921875 0.8583984375 2608967
0.23583984375 0.39794921875 0.8583984375 2608968
0.23583984375 0.39794921875 0.8583984375 2608969
0.23583984375 0.39794921875 0.8583984375 2608969
0.23583984375 0.39794921875 0.86474609375 2609069
0.23583984375 0.39794921875 0.86474609375 2609070
0.23583984375 0.39794921875 0.86474609375 2609071
0.23583984375 0.39794921875 0.86474609375 2609072
0.23583984375 0.39794921875 0.86474609375 2609073
0.2412109375 0.365234375 0.8505859375 2609172
0.2412109375 0.365234375 0.8505859375 2609173
0.2412109375 0.365234375 0.8505859375 2609173
0.2412109375 0.365234375 0.8505859375 2609174
0.2412109375 0.365234375 0.8505859375 2609175
0.2431640625 0.3251953125 0.83154296875 2609276
0.2431640625 0.3251953125 0.83154296875 2609277
0.2431640625 0.3251953125 0.83154296875 2609279
0.2431640625 0.3251953125 0.83154296875 2609280
0.2431640625 0.3251953125 0.83154296875 2609281
0.24609375 0.3515625 0.853515625 2609380
0.24609375 0.3515625 0.853515625 2609381
0.24609375 0.3515625 0.853515625 2609382
0.24609375 0.3515625 0.853515625 2609382
0.24609375 0.3515625 0.853515625 2609384
0.22509765625 0.353515625 0.8515625 2609457
0.1953125 0.36669921875 0.85205078125 2609568
0.1953125 0.36669921875 0.85205078125 2609569
0.1953125 0.36669921875 0.85205078125 2609570
0.1953125 0.36669921875 0.85205078125 2609570
0.1953125 0.36669921875 0.85205078125 2609571
0.138671875 0.3984375 0.8759765625 2609671
0.138671875 0.3984375 0.8759765625 2609672
0.138671875 0.3984375 0.8759765625 2609673
0.138671875 0.3984375 0.8759765625 2609696
0.138671875 0.3984375 0.8759765625 2609697
0.0576171875 0.4384765625 0.8466796875 2609776
0.0576171875 0.4384765625 0.8466796875 2609777
0.0576171875 0.4384765625 0.8466796875 2609778
0.0576171875 0.4384765625 0.8466796875 2609778
-0.056640625 0.4404296875 0.73291015625 2609878
-0.056640625 0.4404296875 0.73291015625 2609879
-0.056640625 0.4404296875 0.73291015625 2609880
-0.056640625 0.4404296875 0.73291015625 2609881
-0.056640625 0.4404296875 0.73291015625 2609882
-0.00537109375 0.41259765625 0.6884765625 2609956
0.1962890625 0.185546875 0.681640625 2610111
0.1962890625 0.185546875 0.681640625 2610112
0.1962890625 0.185546875 0.681640625 2610113
0.1962890625 0.185546875 0.681640625 2610114
0.1962890625 0.185546875 0.681640625 2610115
0.3349609375 0.111328125 0.7373046875 2610168
0.38525390625 0.11962890625 0.80029296875 2610271
0.38525390625 0.11962890625 0.80029296875 2610272
0.38525390625 0.11962890625 0.80029296875 2610273
0.38525390625 0.11962890625 0.80029296875 2610274
0.38525390625 0.11962890625 0.80029296875 2610275
0.31982421875 0.10546875 0.7587890625 2610374
0.31982421875 0.10546875 0.7587890625 2610375
0.31982421875 0.10546875 0.7587890625 2610376
0.31982421875 0.10546875 0.7587890625 2610378
0.44189453125 0.18798828125 0.8955078125 2610478
0.44189453125 0.18798828125 0.8955078125 2610479
0.44189453125 0.18798828125 0.8955078125 2610480
0.44189453125 0.18798828125 0.8955078125 2610481
0.44189453125 0.18798828125 0.8955078125 2610481
0.322265625 0.46142578125 0.96728515625 2610580
0.322265625 0.46142578125 0.96728515625 2610581
0.322265625 0.46142578125 0.96728515625 2610582
0.322265625 0.46142578125 0.96728515625 2610583
0.322265625 0.46142578125 0.96728515625 2610584
0.13720703125 0.611328125 1.09423828125 2610657
0.0166015625 0.6259765625 0.89501953125 2610769
0.0166015625 0.6259765625 0.89501953125 2610771
0.0166015625 0.6259765625 0.89501953125 2610772
0.0166015625 0.6259765625 0.89501953125 2610773
0.0166015625 0.6259765625 0.89501953125 2610774
-0.060546875 0.6435546875 0.69970703125 2610872
-0.060546875 0.6435546875 0.69970703125 2610873
-0.060546875 0.6435546875 0.69970703125 2610874
-0.060546875 0.6435546875 0.69970703125 2610875
-0.060546875 0.6435546875 0.69970703125 2610876
-0.05859375 0.78076171875 0.70703125 2610974
-0.05859375 0.78076171875 0.70703125 2610975
-0.05859375 0.78076171875 0.70703125 2610976
-0.05859375 0.78076171875 0.70703125 2610977
-0.05859375 0.78076171875 0.70703125 2610977
-0.0703125 0.77001953125 0.6103515625 2611073
-0.06201171875 0.82861328125 0.59375 2611178
-0.06201171875 0.82861328125 0.59375 2611179
-0.06201171875 0.82861328125 0.59375 2611180
-0.06201171875 0.82861328125 0.59375 2611182
-0.06201171875 0.82861328125 0.59375 2611183
-0.03857421875 0.78369140625 0.50830078125 2611281
-0.03857421875 0.78369140625 0.50830078125 2611282
-0.03857421875 0.78369140625 0.50830078125 2611283
-0.03857421875 0.78369140625 0.50830078125 2611284
-0.03857421875 0.78369140625 0.50830078125 2611285
-0.0556640625 0.77587890625 0.6005859375 2611360
-0.01123046875 0.75390625 0.54833984375 2611471
-0.01123046875 0.75390625 0.54833984375 2611472
-0.01123046875 0.75390625 0.54833984375 2611473
-0.01123046875 0.75390625 0.54833984375 2611474
-0.01123046875 0.75390625 0.54833984375 2611474
0.08056640625 0.7392578125 0.70361328125 2611574
0.08056640625 0.7392578125 0.70361328125 2611575
0.08056640625 0.7392578125 0.70361328125 2611576
0.08056640625 0.7392578125 0.70361328125 2611576
0.08056640625 0.7392578125 0.70361328125 2611577
0.1787109375 0.70751953125 0.759765625 2611677
0.1787109375 0.70751953125 0.759765625 2611678
0.1787109375 0.70751953125 0.759765625 2611679
0.1787109375 0.70751953125 0.759765625 2611680
0.1787109375 0.70751953125 0.759765625 2611682
0.24658203125 0.630859375 0.8798828125 2611778
0.24658203125 0.630859375 0.8798828125 2611781
0.24658203125 0.630859375 0.8798828125 2611781
0.24658203125 0.630859375 0.8798828125 2611782
0.24658203125 0.630859375 0.8798828125 2611783
0.19677734375 0.59521484375 0.82275390625 2611881
0.19677734375 0.59521484375 0.82275390625 2611882
0.19677734375 0.59521484375 0.82275390625 2611883
0.19677734375 0.59521484375 0.82275390625 2611884
0.19677734375 0.59521484375 0.82275390625 2611884
0.21435546875 0.578125 0.8193359375 2611959
0.2001953125 0.54541015625 0.80126953125 2612071
0.2001953125 0.54541015625 0.80126953125 2612072
0.2001953125 0.54541015625 0.80126953125 2612073
0.2001953125 0.54541015625 0.80126953125 2612074
0.2001953125 0.54541015625 0.80126953125 2612075
0.17822265625 0.55224609375 0.81005859375 2612174
0.17822265625 0.55224609375 0.81005859375 2612175
0.17822265625 0.55224609375 0.81005859375 2612176
0.17822265625 0.55224609375 0.81005859375 2612177
0.17822265625 0.55224609375 0.81005859375 2612178
0.1728515625 0.52685546875 0.830078125 2612277
0.1728515625 0.52685546875 0.830078125 2612278
0.1728515625 0.52685546875 0.830078125 2612280
0.1728515625 0.52685546875 0.830078125 2612281
0.1728515625 0.52685546875 0.830078125 2612282
0.15625 0.51318359375 0.82470703125 2612379
0.15625 0.51318359375 0.82470703125 2612380
0.15625 0.51318359375 0.82470703125 2612380
0.166015625 0.48974609375 0.8232421875 2612482
0.166015625 0.48974609375 0.8232421875 2612483
0.166015625 0.48974609375 0.8232421875 2612484
0.166015625 0.48974609375 0.8232421875 2612485
0.166015625 0.48974609375 0.8232421875 2612486
0.16015625 0.47607421875 0.8369140625 2612561
0.14501953125 0.484375 0.82177734375 2612672
0.14501953125 0.484375 0.82177734375 2612673
0.14501953125 0.484375 0.82177734375 2612674
0.14501953125 0.484375 0.82177734375 2612674
0.14501953125 0.484375 0.82177734375 2612675
0.17724609375 0.478515625 0.8447265625 2612774
0.17724609375 0.478515625 0.8447265625 2612775
0.17724609375 0.478515625 0.8447265625 2612775
0.17724609375 0.478515625 0.8447265625 2612776
0.17724609375 0.478515625 0.8447265625 2612777
0.2158203125 0.4736328125 0.8701171875 2612877
0.2158203125 0.4736328125 0.8701171875 2612878
0.2158203125 0.4736328125 0.8701171875 2612879
0.2158203125 0.4736328125 0.8701171875 2612879
0.20263671875 0.44775390625 0.85791015625 2612981
0.20263671875 0.44775390625 0.85791015625 2612982
0.20263671875 0.44775390625 0.85791015625 2612983
0.20263671875 0.44775390625 0.85791015625 2612984
0.20263671875 0.44775390625 0.85791015625 2612984
0.189453125 0.4287109375 0.822265625 2613059
0.1982421875 0.42919921875 0.80078125 2613170
0.1982421875 0.42919921875 0.80078125 2613171
0.1982421875 0.42919921875 0.80078125 2613172
0.1982421875 0.42919921875 0.80078125 2613172
0.1982421875 0.42919921875 0.80078125 2613173
0.2197265625 0.443359375 0.8369140625 2613281
0.2197265625 0.443359375 0.8369140625 2613282
0.2197265625 0.443359375 0.8369140625 2613283
0.2197265625 0.443359375 0.8369140625 2613285
0.2197265625 0.443359375 0.8369140625 2613286
0.22705078125 0.44921875 0.85595703125 2613367
0.21484375 0.455078125 0.84619140625 2613470
0.21484375 0.455078125 0.84619140625 2613471
0.21484375 0.455078125 0.84619140625 2613472
0.21484375 0.455078125 0.84619140625 2613473
0.21484375 0.455078125 0.84619140625 2613474
0.2314453125 0.43994140625 0.85009765625 2613573
0.2314453125 0.43994140625 0.85009765625 2613574
0.2314453125 0.43994140625 0.85009765625 2613575
0.2314453125 0.43994140625 0.85009765625 2613575
0.2314453125 0.43994140625 0.85009765625 2613576
0.22412109375 0.44384765625 0.85546875 2613675
0.22412109375 0.44384765625 0.85546875 2613676
0.22412109375 0.44384765625 0.85546875 2613677
0.22412109375 0.44384765625 0.85546875 2613678
0.22412109375 0.44384765625 0.85546875 2613680
0.2177734375 0.455078125 0.87109375 2613778
0.2177734375 0.455078125 0.87109375 2613779
0.2177734375 0.455078125 0.87109375 2613780
0.2177734375 0.455078125 0.87109375 2613780
0.2177734375 0.455078125 0.87109375 2613781
0.2119140625 0.44140625 0.87939453125 2613882
0.2119140625 0.44140625 0.87939453125 2613883
0.2119140625 0.44140625 0.87939453125 2613884
0.2119140625 0.44140625 0.87939453125 2613885
0.2119140625 0.44140625 0.87939453125 2613887
0.216796875 0.42529296875 0.8818359375 2613960
0.1943359375 0.435546875 0.8671875 2614075
0.1943359375 0.435546875 0.8671875 2614076
0.1943359375 0.435546875 0.8671875 2614077
0.1943359375 0.435546875 0.8671875 2614078
0.1943359375 0.435546875 0.8671875 2614080
0.20458984375 0.40869140625 0.86279296875 2614178
0.20458984375 0.40869140625 0.86279296875 2614179
0.20458984375 0.40869140625 0.86279296875 2614180
0.20458984375 0.40869140625 0.86279296875 2614181
0.20458984375 0.40869140625 0.86279296875 2614182
0.21142578125 0.37939453125 0.86181640625 2614280
0.21142578125 0.37939453125 0.86181640625 2614281
0.21142578125 0.37939453125 0.86181640625 2614282
0.21142578125 0.37939453125 0.86181640625 2614283
0.21142578125 0.37939453125 0.86181640625 2614284
0.19091796875 0.39892578125 0.88134765625 2614382
0.19091796875 0.39892578125 0.88134765625 2614383
0.19091796875 0.39892578125 0.88134765625 2614384
0.19091796875 0.39892578125 0.88134765625 2614385
0.19091796875 0.39892578125 0.88134765625 2614385
0.18310546875 0.36962890625 0.82763671875 2614462
0.17626953125 0.3857421875 0.85205078125 2614572
0.17626953125 0.3857421875 0.85205078125 2614573
0.17626953125 0.3857421875 0.85205078125 2614574
0.17626953125 0.3857421875 0.85205078125 2614575
0.17626953125 0.3857421875 0.85205078125 2614575
0.19921875 0.376953125 0.875 2614674
0.19921875 0.376953125 0.875 2614675
0.19921875 0.376953125 0.875 2614676
0.19921875 0.376953125 0.875 2614677
0.19921875 0.376953125 0.875 2614677
0.20751953125 0.388671875 0.892578125 2614776
0.20751953125 0.388671875 0.892578125 2614777
0.20751953125 0.388671875 0.892578125 2614778
0.20751953125 0.388671875 0.892578125 2614778
0.20751953125 0.388671875 0.892578125 2614779
0.19873046875 0.3779296875 0.85546875 2614879
0.19873046875 0.3779296875 0.85546875 2614880
0.19873046875 0.3779296875 0.85546875 2614881
0.19873046875 0.3779296875 0.85546875 2614882
0.19873046875 0.3779296875 0.85546875 2614884
0.19384765625 0.375 0.8662109375 2614983
0.19384765625 0.375 0.8662109375 2614984
0.19384765625 0.375 0.8662109375 2614985
0.19384765625 0.375 0.8662109375 2614986
0.19384765625 0.375 0.8662109375 2614987
0.19482421875 0.3671875 0.87646484375 2615100
0.19482421875 0.3671875 0.87646484375 2615101
0.19482421875 0.3671875 0.87646484375 2615102
0.19482421875 0.3671875 0.87646484375 2615103
0.19482421875 0.3671875 0.87646484375 2615104
0.20361328125 0.37109375 0.86083984375 2615196
0.22412109375 0.37890625 0.90576171875 2615277
0.22412109375 0.37890625 0.90576171875 2615278
0.22412109375 0.37890625 0.90576171875 2615279
0.22412109375 0.37890625 0.90576171875 2615281
0.22412109375 0.37890625 0.90576171875 2615282
0.2119140625 0.35009765625 0.86083984375 2615378
0.2119140625 0.35009765625 0.86083984375 2615379
0.2119140625 0.35009765625 0.86083984375 2615380
0.2119140625 0.35009765625 0.86083984375 2615381
0.2119140625 0.35009765625 0.86083984375 2615382
0.2109375 0.3720703125 0.85986328125 2615481
0.2109375 0.3720703125 0.85986328125 2615482
0.2109375 0.3720703125 0.85986328125 2615483
0.2109375 0.3720703125 0.85986328125 2615484
0.2109375 0.3720703125 0.85986328125 2615484
0.228515625 0.36669921875 0.8935546875 2615584
0.228515625 0.36669921875 0.8935546875 2615585
0.228515625 0.36669921875 0.8935546875 2615586
0.228515625 0.36669921875 0.8935546875 2615587
0.228515625 0.36669921875 0.8935546875 2615588
0.23681640625 0.353515625 0.8896484375 2615662
0.20947265625 0.35986328125 0.8583984375 2615773
0.20947265625 0.35986328125 0.8583984375 2615774
0.20947265625 0.35986328125 0.8583984375 2615775
0.20947265625 0.35986328125 0.8583984375 2615776
0.20947265625 0.35986328125 0.8583984375 2615777
0.22216796875 0.35205078125 0.87158203125 2615876
0.22216796875 0.35205078125 0.87158203125 2615877
0.22216796875 0.35205078125 0.87158203125 2615878
0.22216796875 0.35205078125 0.87158203125 2615879
0.22216796875 0.35205078125 0.87158203125 2615880
0.23388671875 0.33544921875 0.88427734375 2616005
0.23388671875 0.33544921875 0.88427734375 2616006
0.23388671875 0.33544921875 0.88427734375 2616007
0.23388671875 0.33544921875 0.88427734375 2616008
0.23388671875 0.33544921875 0.88427734375 2616009
0.2099609375 0.34912109375 0.859375 2616084
0.20068359375 0.3662109375 0.88671875 2616167
0.20068359375 0.3662109375 0.88671875 2616168
0.20068359375 0.3662109375 0.88671875 2616169
0.20068359375 0.3662109375 0.88671875 2616170
0.20068359375 0.3662109375 0.88671875 2616171
0.1005859375 0.4326171875 0.88232421875 2616272
0.1005859375 0.4326171875 0.88232421875 2616273
0.1005859375 0.4326171875 0.88232421875 2616274
0.1005859375 0.4326171875 0.88232421875 2616275
0.1005859375 0.4326171875 0.88232421875 2616276
-0.02685546875 0.42724609375 0.76123046875 2616375
-0.02685546875 0.42724609375 0.76123046875 2616376
-0.02685546875 0.42724609375 0.76123046875 2616377
-0.02685546875 0.42724609375 0.76123046875 2616378
-0.02685546875 0.42724609375 0.76123046875 2616379
-0.02734375 0.4443359375 0.7275390625 2616480
-0.02734375 0.4443359375 0.7275390625 2616481
-0.02734375 0.4443359375 0.7275390625 2616482
-0.02734375 0.4443359375 0.7275390625 2616483
-0.02734375 0.4443359375 0.7275390625 2616484
0.16455078125 0.2900390625 0.74169921875 2616566
0.28369140625 0.25634765625 0.7529296875 2616675
0.28369140625 0.25634765625 0.7529296875 2616676
0.28369140625 0.25634765625 0.7529296875 2616677
0.28369140625 0.25634765625 0.7529296875 2616678
0.28369140625 0.25634765625 0.7529296875 2616679
0.2978515625 0.14794921875 0.69287109375 2616778
0.2978515625 0.14794921875 0.69287109375 2616779
0.2978515625 0.14794921875 0.69287109375 2616780
0.2978515625 0.14794921875 0.69287109375 2616781
0.2978515625 0.14794921875 0.69287109375 2616782
0.22119140625 0.236328125 0.77294921875 2616880
0.22119140625 0.236328125 0.77294921875 2616881
0.22119140625 0.236328125 0.77294921875 2616882
0.22119140625 0.236328125 0.77294921875 2616883
0.22119140625 0.236328125 0.77294921875 2616884
0.43359375 0.3310546875 0.958984375 2617008
0.43359375 0.3310546875 0.958984375 2617009
0.43359375 0.3310546875 0.958984375 2617010
0.43359375 0.3310546875 0.958984375 2617012
0.43359375 0.3310546875 0.958984375 2617013
0.32470703125 0.4638671875 1.09814453125 2617086
0.1904296875 0.70068359375 1.06982421875 2617164
0.1904296875 0.70068359375 1.06982421875 2617165
0.1904296875 0.70068359375 1.06982421875 2617166
0.1904296875 0.70068359375 1.06982421875 2617168
0.1904296875 0.70068359375 1.06982421875 2617169
0.07275390625 0.724609375 0.7705078125 2617274
0.07275390625 0.724609375 0.7705078125 2617275
0.07275390625 0.724609375 0.7705078125 2617276
0.07275390625 0.724609375 0.7705078125 2617278
0.07275390625 0.724609375 0.7705078125 2617279
0.09619140625 0.77099609375 0.6845703125 2617376
0.09619140625 0.77099609375 0.6845703125 2617377
0.09619140625 0.77099609375 0.6845703125 2617378
0.09619140625 0.77099609375 0.6845703125 2617380
0.09619140625 0.77099609375 0.6845703125 2617381
0.09228515625 0.7744140625 0.583984375 2617479
0.09228515625 0.7744140625 0.583984375 2617480
0.09228515625 0.7744140625 0.583984375 2617481
0.09228515625 0.7744140625 0.583984375 2617483
0.09228515625 0.7744140625 0.583984375 2617483
0.07666015625 0.77734375 0.62255859375 2617581
0.07666015625 0.77734375 0.62255859375 2617584
0.07666015625 0.77734375 0.62255859375 2617585
0.07666015625 0.77734375 0.62255859375 2617587
0.07666015625 0.77734375 0.62255859375 2617588
0.0830078125 0.77783203125 0.669921875 2617684
0.0830078125 0.77783203125 0.669921875 2617685
0.0830078125 0.77783203125 0.669921875 2617686
0.0830078125 0.77783203125 0.669921875 2617687
0.0830078125 0.77783203125 0.669921875 2617688
0.08544921875 0.75634765625 0.6162109375 2617786
0.08544921875 0.75634765625 0.6162109375 2617787
0.08544921875 0.75634765625 0.6162109375 2617788
0.08544921875 0.75634765625 0.6162109375 2617789
0.08544921875 0.75634765625 0.6162109375 2617790
0.13525390625 0.76416015625 0.67626953125 2617864
0.109375 0.73583984375 0.5888671875 2617974
0.109375 0.73583984375 0.5888671875 2617975
0.109375 0.73583984375 0.5888671875 2617976
0.109375 0.73583984375 0.5888671875 2617978
0.109375 0.73583984375 0.5888671875 2617979
0.2109375 0.7021484375 0.7265625 2618080
0.2109375 0.7021484375 0.7265625 2618081
0.2109375 0.7021484375 0.7265625 2618082
0.2109375 0.7021484375 0.7265625 2618083
0.2109375 0.7021484375 0.7265625 2618084
0.25634765625 0.626953125 0.791015625 2618182
0.25634765625 0.626953125 0.791015625 2618183
0.25634765625 0.626953125 0.791015625 2618184
0.25634765625 0.626953125 0.791015625 2618186
0.25634765625 0.626953125 0.791015625 2618187
0.2841796875 0.55322265625 0.88623046875 2618286
0.2841796875 0.55322265625 0.88623046875 2618287
0.2841796875 0.55322265625 0.88623046875 2618288
0.2841796875 0.55322265625 0.88623046875 2618289
0.2841796875 0.55322265625 0.88623046875 2618290
0.244140625 0.52294921875 0.89599609375 2618368
0.2265625 0.498046875 0.9033203125 2618476
0.2265625 0.498046875 0.9033203125 2618477
0.2265625 0.498046875 0.9033203125 2618478
0.2265625 0.498046875 0.9033203125 2618479
0.2265625 0.498046875 0.9033203125 2618481
0.1884765625 0.50244140625 0.88232421875 2618578
0.1884765625 0.50244140625 0.88232421875 2618579
0.1884765625 0.50244140625 0.88232421875 2618580
0.1884765625 0.50244140625 0.88232421875 2618582
0.1884765625 0.50244140625 0.88232421875 2618583
0.1494140625 0.4794921875 0.86669921875 2618681
0.1494140625 0.4794921875 0.86669921875 2618682
0.1494140625 0.4794921875 0.86669921875 2618683
0.1494140625 0.4794921875 0.86669921875 2618684
0.1494140625 0.4794921875 0.86669921875 2618685
0.1376953125 0.48193359375 0.88232421875 2618784
0.1376953125 0.48193359375 0.88232421875 2618785
0.1376953125 0.48193359375 0.88232421875 2618786
0.1376953125 0.48193359375 0.88232421875 2618787
0.1376953125 0.48193359375 0.88232421875 2618788
0.1435546875 0.44873046875 0.87646484375 2618887
0.1435546875 0.44873046875 0.87646484375 2618888
0.1435546875 0.44873046875 0.87646484375 2618889
0.1435546875 0.44873046875 0.87646484375 2618890
0.1435546875 0.44873046875 0.87646484375 2618891
0.15087890625 0.43896484375 0.8740234375 2618967
0.14013671875 0.43408203125 0.8681640625 2619076
0.14013671875 0.43408203125 0.8681640625 2619077
0.14013671875 0.43408203125 0.8681640625 2619078
0.14013671875 0.43408203125 0.8681640625 2619079
0.14013671875 0.43408203125 0.8681640625 2619080
0.15771484375 0.4052734375 0.85595703125 2619179
0.15771484375 0.4052734375 0.85595703125 2619180
0.15771484375 0.4052734375 0.85595703125 2619181
0.15771484375 0.4052734375 0.85595703125 2619182
0.15771484375 0.4052734375 0.85595703125 2619183
0.1630859375 0.37939453125 0.8251953125 2619281
0.1630859375 0.37939453125 0.8251953125 2619282
0.1630859375 0.37939453125 0.8251953125 2619283
0.1630859375 0.37939453125 0.8251953125 2619284
0.20068359375 0.3798828125 0.833984375 2619385
0.20068359375 0.3798828125 0.833984375 2619386
0.20068359375 0.3798828125 0.833984375 2619387
0.20068359375 0.3798828125 0.833984375 2619388
0.20068359375 0.3798828125 0.833984375 2619389
0.201171875 0.3818359375 0.85107421875 2619488
0.201171875 0.3818359375 0.85107421875 2619492
0.201171875 0.3818359375 0.85107421875 2619494
0.201171875 0.3818359375 0.85107421875 2619495
0.201171875 0.3818359375 0.85107421875 2619496
0.19921875 0.388671875 0.8466796875 2619565
0.20361328125 0.3916015625 0.84423828125 2619680
0.20361328125 0.3916015625 0.84423828125 2619681
0.20361328125 0.3916015625 0.84423828125 2619682
0.20361328125 0.3916015625 0.84423828125 2619683
0.20361328125 0.3916015625 0.84423828125 2619684
0.19873046875 0.388671875 0.8525390625 2619767
0.181640625 0.3837890625 0.83154296875 2619877
0.181640625 0.3837890625 0.83154296875 2619878
0.181640625 0.3837890625 0.83154296875 2619879
0.181640625 0.3837890625 0.83154296875 2619880
0.181640625 0.3837890625 0.83154296875 2619881
0.1845703125 0.39990234375 0.83984375 2619979
0.1845703125 0.39990234375 0.83984375 2619980
0.1845703125 0.39990234375 0.83984375 2619981
0.1845703125 0.39990234375 0.83984375 2619982
0.1845703125 0.39990234375 0.83984375 2619982
0.19677734375 0.3935546875 0.8486328125 2620082
0.19677734375 0.3935546875 0.8486328125 2620083
0.19677734375 0.3935546875 0.8486328125 2620084
0.19677734375 0.3935546875 0.8486328125 2620084
0.19677734375 0.3935546875 0.8486328125 2620085
0.1728515625 0.41064453125 0.8408203125 2620184
0.1728515625 0.41064453125 0.8408203125 2620185
0.1728515625 0.41064453125 0.8408203125 2620186
0.1728515625 0.41064453125 0.8408203125 2620187
0.1728515625 0.41064453125 0.8408203125 2620187
0.19384765625 0.39306640625 0.87060546875 2620286
0.19384765625 0.39306640625 0.87060546875 2620287
0.19384765625 0.39306640625 0.87060546875 2620288
0.19384765625 0.39306640625 0.87060546875 2620288
0.19384765625 0.39306640625 0.87060546875 2620289
0.18994140625 0.373046875 0.85400390625 2620365
0.21240234375 0.38427734375 0.88720703125 2620476
0.21240234375 0.38427734375 0.88720703125 2620477
0.21240234375 0.38427734375 0.88720703125 2620478
0.21240234375 0.38427734375 0.88720703125 2620478
0.21240234375 0.38427734375 0.88720703125 2620479
0.162109375 0.36474609375 0.84765625 2620579
0.162109375 0.36474609375 0.84765625 2620580
0.162109375 0.36474609375 0.84765625 2620581
0.162109375 0.36474609375 0.84765625 2620581
0.162109375 0.36474609375 0.84765625 2620582
0.1416015625 0.39111328125 0.865234375 2620682
0.1416015625 0.39111328125 0.865234375 2620683
0.1416015625 0.39111328125 0.865234375 2620684
0.1416015625 0.39111328125 0.865234375 2620685
0.1416015625 0.39111328125 0.865234375 2620685
0.05224609375 0.44580078125 0.8701171875 2620784
0.05224609375 0.44580078125 0.8701171875 2620785
0.05224609375 0.44580078125 0.8701171875 2620786
0.05224609375 0.44580078125 0.8701171875 2620787
0.05224609375 0.44580078125 0.8701171875 2620787
-0.07275390625 0.46630859375 0.8134765625 2620886
-0.07275390625 0.46630859375 0.8134765625 2620887
-0.07275390625 0.46630859375 0.8134765625 2620888
-0.07275390625 0.46630859375 0.8134765625 2620889
-0.07275390625 0.46630859375 0.8134765625 2620889
-0.17724609375 0.4462890625 0.6552734375 2620989
-0.17724609375 0.4462890625 0.6552734375 2620990
-0.17724609375 0.4462890625 0.6552734375 2620991
-0.17724609375 0.4462890625 0.6552734375 2620991
-0.17724609375 0.4462890625 0.6552734375 2620992
0.03662109375 0.357421875 0.7060546875 2621067
0.30322265625 0.19091796875 0.71923828125 2621177
0.30322265625 0.19091796875 0.71923828125 2621178
0.30322265625 0.19091796875 0.71923828125 2621179
0.30322265625 0.19091796875 0.71923828125 2621180
0.30322265625 0.19091796875 0.71923828125 2621181
0.248046875 0.23388671875 0.70947265625 2621280
0.248046875 0.23388671875 0.70947265625 2621281
0.248046875 0.23388671875 0.70947265625 2621282
0.248046875 0.23388671875 0.70947265625 2621283
0.248046875 0.23388671875 0.70947265625 2621284
0.23388671875 0.2236328125 0.73486328125 2621383
0.23388671875 0.2236328125 0.73486328125 2621384
0.23388671875 0.2236328125 0.73486328125 2621385
0.23388671875 0.2236328125 0.73486328125 2621386
0.23388671875 0.2236328125 0.73486328125 2621386
0.29833984375 0.25439453125 0.98095703125 2621486
0.29833984375 0.25439453125 0.98095703125 2621487
0.29833984375 0.25439453125 0.98095703125 2621488
0.29833984375 0.25439453125 0.98095703125 2621489
0.29833984375 0.25439453125 0.98095703125 2621490
0.3466796875 0.35498046875 1.04150390625 2621605
0.3466796875 0.35498046875 1.04150390625 2621606
0.3466796875 0.35498046875 1.04150390625 2621607
0.3466796875 0.35498046875 1.04150390625 2621608
0.3466796875 0.35498046875 1.04150390625 2621609
0.37939453125 0.50732421875 1.06103515625 2621688
0.19970703125 0.5263671875 0.8544921875 2621766
0.19970703125 0.5263671875 0.8544921875 2621767
0.19970703125 0.5263671875 0.8544921875 2621768
0.19970703125 0.5263671875 0.8544921875 2621769
0.19970703125 0.5263671875 0.8544921875 2621770
0.08984375 0.60595703125 0.86865234375 2621878
0.08984375 0.60595703125 0.86865234375 2621879
0.08984375 0.60595703125 0.86865234375 2621880
0.08984375 0.60595703125 0.86865234375 2621881
0.08984375 0.60595703125 0.86865234375 2621883
0.02783203125 0.71484375 0.80126953125 2621980
0.02783203125 0.71484375 0.80126953125 2621981
0.02783203125 0.71484375 0.80126953125 2621982
0.02783203125 0.71484375 0.80126953125 2621983
0.02783203125 0.71484375 0.80126953125 2621983
0.02294921875 0.77734375 0.68115234375 2622082
0.02294921875 0.77734375 0.68115234375 2622083
0.02294921875 0.77734375 0.68115234375 2622085
0.02294921875 0.77734375 0.68115234375 2622086
0.02294921875 0.77734375 0.68115234375 2622087
0.03369140625 0.7568359375 0.5869140625 2622186
0.03369140625 0.7568359375 0.5869140625 2622187
0.03369140625 0.7568359375 0.5869140625 2622188
0.03369140625 0.7568359375 0.5869140625 2622189
0.03369140625 0.7568359375 0.5869140625 2622190
0.01220703125 0.7685546875 0.57177734375 2622294
0.01220703125 0.7685546875 0.57177734375 2622295
0.01220703125 0.7685546875 0.57177734375 2622296
0.01220703125 0.7685546875 0.57177734375 2622297
0.01220703125 0.7685546875 0.57177734375 2622298
-0.01220703125 0.7900390625 0.58740234375 2622390
0.0595703125 0.751953125 0.61474609375 2622468
0.0595703125 0.751953125 0.61474609375 2622469
0.0595703125 0.751953125 0.61474609375 2622470
0.0595703125 0.751953125 0.61474609375 2622471
0.0595703125 0.751953125 0.61474609375 2622472
0.0703125 0.73193359375 0.6953125 2622587
0.0703125 0.73193359375 0.6953125 2622588
0.0703125 0.73193359375 0.6953125 2622589
0.0703125 0.73193359375 0.6953125 2622590
0.0703125 0.73193359375 0.6953125 2622591
0.08837890625 0.728515625 0.6962890625 2622682
0.197265625 0.67822265625 0.791015625 2622785
0.197265625 0.67822265625 0.791015625 2622786
0.197265625 0.67822265625 0.791015625 2622787
0.197265625 0.67822265625 0.791015625 2622788
0.197265625 0.67822265625 0.791015625 2622789
0.181640625 0.58154296875 0.806640625 2622886
0.181640625 0.58154296875 0.806640625 2622887
0.181640625 0.58154296875 0.806640625 2622888
0.181640625 0.58154296875 0.806640625 2622889
0.181640625 0.58154296875 0.806640625 2622890
0.18408203125 0.541015625 0.876953125 2622967
0.171875 0.5283203125 0.89404296875 2623079
0.171875 0.5283203125 0.89404296875 2623080
0.171875 0.5283203125 0.89404296875 2623081
0.171875 0.5283203125 0.89404296875 2623082
0.171875 0.5283203125 0.89404296875 2623083
0.1845703125 0.49267578125 0.8798828125 2623181
0.1845703125 0.49267578125 0.8798828125 2623182
0.1845703125 0.49267578125 0.8798828125 2623183
0.1845703125 0.49267578125 0.8798828125 2623184
0.1845703125 0.49267578125 0.8798828125 2623185
0.20458984375 0.462890625 0.888671875 2623284
0.20458984375 0.462890625 0.888671875 2623285
0.20458984375 0.462890625 0.888671875 2623286
0.20458984375 0.462890625 0.888671875 2623288
0.20458984375 0.462890625 0.888671875 2623288
0.2001953125 0.46826171875 0.87939453125 2623387
0.2001953125 0.46826171875 0.87939453125 2623388
0.2001953125 0.46826171875 0.87939453125 2623389
0.2001953125 0.46826171875 0.87939453125 2623391
0.2001953125 0.46826171875 0.87939453125 2623392
0.18212890625 0.46875 0.85693359375 2623489
0.18212890625 0.46875 0.85693359375 2623490
0.18212890625 0.46875 0.85693359375 2623491
0.18212890625 0.46875 0.85693359375 2623492
0.18212890625 0.46875 0.85693359375 2623493
0.2060546875 0.4443359375 0.86083984375 2623591
0.2060546875 0.4443359375 0.86083984375 2623592
0.2060546875 0.4443359375 0.86083984375 2623593
0.2060546875 0.4443359375 0.86083984375 2623594
0.2060546875 0.4443359375 0.86083984375 2623595
0.232421875 0.43212890625 0.8720703125 2623680
0.27001953125 0.43115234375 0.85107421875 2623783
0.27001953125 0.43115234375 0.85107421875 2623784
0.27001953125 0.43115234375 0.85107421875 2623785
0.27001953125 0.43115234375 0.85107421875 2623786
0.27001953125 0.43115234375 0.85107421875 2623787
0.23388671875 0.3857421875 0.806640625 2624333
0.23388671875 0.3857421875 0.806640625 2624334
0.23388671875 0.3857421875 0.806640625 2624335
0.23388671875 0.3857421875 0.806640625 2624336
0.23388671875 0.3857421875 0.806640625 2624337
0.271484375 0.359375 0.82958984375 2624338
0.29052734375 0.35498046875 0.8603515625 2624339
0.2646484375 0.3544921875 0.86083984375 2624340
0.24462890625 0.3759765625 0.85009765625 2624352
0.232421875 0.36669921875 0.8154296875 2624460
0.232421875 0.36669921875 0.8154296875 2624475
0.232421875 0.36669921875 0.8154296875 2624476
0.232421875 0.36669921875 0.8154296875 2624476
0.232421875 0.36669921875 0.8154296875 2624478
0.240234375 0.384765625 0.82666015625 2624491
0.23974609375 0.392578125 0.8427734375 2624583
0.23974609375 0.392578125 0.8427734375 2624601
0.23974609375 0.392578125 0.8427734375 2624602
0.23974609375 0.392578125 0.8427734375 2624603
0.23974609375 0.392578125 0.8427734375 2624605
0.23486328125 0.38818359375 0.85693359375 2624724
0.23486328125 0.38818359375 0.85693359375 2624726
0.23486328125 0.38818359375 0.85693359375 2624727
0.23486328125 0.38818359375 0.85693359375 2624728
0.23486328125 0.38818359375 0.85693359375 2624729
0.2568359375 0.3779296875 0.8740234375 2624801
0.27978515625 0.3583984375 0.8896484375 2624888
0.27978515625 0.3583984375 0.8896484375 2624889
0.27978515625 0.3583984375 0.8896484375 2624890
0.27978515625 0.3583984375 0.8896484375 2624891
0.27978515625 0.3583984375 0.8896484375 2624892
0.26806640625 0.375 0.8876953125 2624990
0.26806640625 0.375 0.8876953125 2624993
0.26806640625 0.375 0.8876953125 2624995
0.26806640625 0.375 0.8876953125 2624996
0.26806640625 0.375 0.8876953125 2624997
0.25 0.38818359375 0.873046875 2625092
0.25 0.38818359375 0.873046875 2625093
0.25 0.38818359375 0.873046875 2625094
0.21484375 0.37060546875 0.8740234375 2625170
0.21484375 0.37060546875 0.8740234375 2625193
0.21484375 0.37060546875 0.8740234375 2625194
0.13427734375 0.4306640625 0.88134765625 2625282
0.13427734375 0.4306640625 0.88134765625 2625283
0.13427734375 0.4306640625 0.88134765625 2625284
0.13427734375 0.4306640625 0.88134765625 2625285
0.033203125 0.4541015625 0.81396484375 2625384
0.033203125 0.4541015625 0.81396484375 2625385
0.033203125 0.4541015625 0.81396484375 2625386
0.033203125 0.4541015625 0.81396484375 2625386
0.033203125 0.4541015625 0.81396484375 2625387
0.03662109375 0.42138671875 0.77685546875 2625486
0.03662109375 0.42138671875 0.77685546875 2625487
0.03662109375 0.42138671875 0.77685546875 2625488
0.03662109375 0.42138671875 0.77685546875 2625489
0.03662109375 0.42138671875 0.77685546875 2625490
0.21875 0.3037109375 0.794921875 2625588
0.21875 0.3037109375 0.794921875 2625589
0.21875 0.3037109375 0.794921875 2625590
0.21875 0.3037109375 0.794921875 2625591
0.21875 0.3037109375 0.794921875 2625591
0.38623046875 0.28955078125 0.9091796875 2625692
0.38623046875 0.28955078125 0.9091796875 2625693
0.38623046875 0.28955078125 0.9091796875 2625694
0.38623046875 0.28955078125 0.9091796875 2625695
0.38623046875 0.28955078125 0.9091796875 2625695
