0 0 0 2264089
0 0 0 2264089
-1.77001953125 1.8310546875 -2.8076171875 2264094
-1.77001953125 1.8310546875 -2.8076171875 2264095
-1.77001953125 1.8310546875 -2.8076171875 2264096
-1.77001953125 1.8310546875 -2.8076171875 2264097
-0.06103515625 2.13623046875 -1.15966796875 2264098
-1.89208984375 0.6103515625 -4.39453125 2264099
0.54931640625 1.46484375 -1.708984375 2264144
0.54931640625 1.46484375 -1.708984375 2264269
-0.48828125 1.220703125 -3.72314453125 2264276
-0.48828125 1.220703125 -3.72314453125 2264276
-0.48828125 1.220703125 -3.72314453125 2264277
-0.48828125 1.220703125 -3.72314453125 2264277
-0.9765625 0.91552734375 -3.47900390625 2264365
-0.9765625 0.91552734375 -3.47900390625 2264451
1.708984375 1.40380859375 -2.01416015625 2264452
1.708984375 1.40380859375 -2.01416015625 2264453
1.708984375 1.40380859375 -2.01416015625 2264454
1.708984375 1.40380859375 -2.01416015625 2264455
1.708984375 1.40380859375 -2.01416015625 2264569
0.18310546875 2.13623046875 -2.01416015625 2264570
0.18310546875 2.13623046875 -2.01416015625 2264570
0.18310546875 2.13623046875 -2.01416015625 2264571
0.18310546875 2.13623046875 -2.01416015625 2264572
1.52587890625 1.40380859375 -1.03759765625 2264639
1.52587890625 1.40380859375 -1.03759765625 2264758
-0.1220703125 0.91552734375 -0.54931640625 2264759
-0.1220703125 0.91552734375 -0.54931640625 2264760
-0.1220703125 0.91552734375 -0.54931640625 2264761
-0.1220703125 0.91552734375 -0.54931640625 2264762
-0.1220703125 0.91552734375 -0.54931640625 2264861
-5.2490234375 0.244140625 -4.57763671875 2264861
-5.2490234375 0.244140625 -4.57763671875 2264862
-5.2490234375 0.244140625 -4.57763671875 2264863
-5.2490234375 0.244140625 -4.57763671875 2264863
-5.2490234375 0.244140625 -4.57763671875 2264963
3.60107421875 -1.64794921875 -1.8310546875 2264964
3.60107421875 -1.64794921875 -1.8310546875 2264965
3.60107421875 -1.64794921875 -1.8310546875 2264965
3.60107421875 -1.64794921875 -1.8310546875 2264966
3.60107421875 -1.64794921875 -1.8310546875 2265065
-2.62451171875 4.2724609375 0.06103515625 2265066
-2.62451171875 4.2724609375 0.06103515625 2265067
-2.62451171875 4.2724609375 0.06103515625 2265068
-2.62451171875 4.2724609375 0.06103515625 2265068
-2.62451171875 4.2724609375 0.06103515625 2265168
-0.3662109375 4.82177734375 2.86865234375 2265169
-0.3662109375 4.82177734375 2.86865234375 2265174
-0.3662109375 4.82177734375 2.86865234375 2265174
-0.3662109375 4.82177734375 2.86865234375 2265175
3.11279296875 2.197265625 0.42724609375 2265246
3.11279296875 2.197265625 0.42724609375 2265366
1.3427734375 2.685546875 1.3427734375 2265367
1.3427734375 2.685546875 1.3427734375 2265368
1.3427734375 2.685546875 1.3427734375 2265368
1.3427734375 2.685546875 1.3427734375 2265369
1.3427734375 2.685546875 1.3427734375 2265468
0.6103515625 1.52587890625 -0.6103515625 2265469
0.6103515625 1.52587890625 -0.6103515625 2265469
0.6103515625 1.52587890625 -0.6103515625 2265470
0.6103515625 1.52587890625 -0.6103515625 2265471
1.220703125 0.9765625 -1.77001953125 2265539
1.220703125 0.9765625 -1.77001953125 2265658
-0.54931640625 1.220703125 -2.0751953125 2265659
-0.54931640625 1.220703125 -2.0751953125 2265659
-0.54931640625 1.220703125 -2.0751953125 2265660
-0.54931640625 1.220703125 -2.0751953125 2265661
-0.54931640625 1.220703125 -2.0751953125 2265761
-1.0986328125 1.52587890625 -2.01416015625 2265762
-1.0986328125 1.52587890625 -2.01416015625 2265763
-1.0986328125 1.52587890625 -2.01416015625 2265764
-1.0986328125 1.52587890625 -2.01416015625 2265764
-1.0986328125 1.52587890625 -2.01416015625 2265865
0.67138671875 0.1220703125 -0.91552734375 2265866
0.67138671875 0.1220703125 -0.91552734375 2265866
0.67138671875 0.1220703125 -0.91552734375 2265867
0.67138671875 0.1220703125 -0.91552734375 2265868
0.67138671875 0.1220703125 -0.91552734375 2265967
1.77001953125 -0.6103515625 -0.67138671875 2265967
1.77001953125 -0.6103515625 -0.67138671875 2265968
1.77001953125 -0.6103515625 -0.67138671875 2265969
1.77001953125 -0.6103515625 -0.67138671875 2265970
1.77001953125 -0.6103515625 -0.67138671875 2266069
-0.18310546875 1.77001953125 -1.52587890625 2266069
-0.18310546875 1.77001953125 -1.52587890625 2266070
-0.18310546875 1.77001953125 -1.52587890625 2266071
-0.18310546875 1.77001953125 -1.52587890625 2266073
0.06103515625 1.220703125 -1.40380859375 2266139
0.06103515625 1.220703125 -1.40380859375 2266261
-0.06103515625 1.708984375 -1.8310546875 2266262
-0.06103515625 1.708984375 -1.8310546875 2266262
-0.06103515625 1.708984375 -1.8310546875 2266263
-0.06103515625 1.708984375 -1.8310546875 2266264
-0.06103515625 1.708984375 -1.8310546875 2266388
0.18310546875 1.28173828125 -1.708984375 2266389
0.18310546875 1.28173828125 -1.708984375 2266390
0.18310546875 1.28173828125 -1.708984375 2266390
0.18310546875 1.28173828125 -1.708984375 2266391
-1.0986328125 1.89208984375 -1.3427734375 2266466
-1.0986328125 1.89208984375 -1.3427734375 2266567
1.0986328125 0 -1.8310546875 2266568
1.0986328125 0 -1.8310546875 2266569
1.0986328125 0 -1.8310546875 2266570
1.0986328125 0 -1.8310546875 2266570
1.28173828125 0.91552734375 -1.953125 2266642
1.28173828125 0.91552734375 -1.953125 2266768
-1.46484375 1.52587890625 -1.953125 2266769
-1.46484375 1.52587890625 -1.953125 2266770
-1.46484375 1.52587890625 -1.953125 2266771
-1.46484375 1.52587890625 -1.953125 2266771
0.8544921875 0.3662109375 -2.86865234375 2266864
0.8544921875 0.3662109375 -2.86865234375 2266962
-0.42724609375 1.28173828125 -1.46484375 2266967
-0.42724609375 1.28173828125 -1.46484375 2266967
-0.42724609375 1.28173828125 -1.46484375 2266968
-0.42724609375 1.28173828125 -1.46484375 2266969
0 0.91552734375 -1.220703125 2267057
0 0.91552734375 -1.220703125 2267160
0.67138671875 2.197265625 0.6103515625 2267161
0.67138671875 2.197265625 0.6103515625 2267162
0.67138671875 2.197265625 0.6103515625 2267163
0.67138671875 2.197265625 0.6103515625 2267163
0.67138671875 2.197265625 0.6103515625 2267261
-1.220703125 1.40380859375 -1.708984375 2267262
-1.220703125 1.40380859375 -1.708984375 2267263
-1.220703125 1.40380859375 -1.708984375 2267264
-1.220703125 1.40380859375 -1.708984375 2267264
-1.220703125 1.40380859375 -1.708984375 2267365
2.0751953125 1.0986328125 -2.01416015625 2267366
2.0751953125 1.0986328125 -2.01416015625 2267367
2.0751953125 1.0986328125 -2.01416015625 2267368
2.0751953125 1.0986328125 -2.01416015625 2267369
2.0751953125 1.0986328125 -2.01416015625 2267467
1.15966796875 1.03759765625 -0.1220703125 2267468
1.15966796875 1.03759765625 -0.1220703125 2267469
1.15966796875 1.03759765625 -0.1220703125 2267469
1.15966796875 1.03759765625 -0.1220703125 2267470
1.15966796875 1.03759765625 -0.1220703125 2267570
-0.244140625 0.06103515625 -1.28173828125 2267571
-0.244140625 0.06103515625 -1.28173828125 2267572
-0.244140625 0.06103515625 -1.28173828125 2267573
-0.244140625 0.06103515625 -1.28173828125 2267573
0.54931640625 1.0986328125 -2.0751953125 2267641
0.54931640625 1.0986328125 -2.0751953125 2267759
0.30517578125 0.9765625 -2.8076171875 2267760
0.30517578125 0.9765625 -2.8076171875 2267761
0.30517578125 0.9765625 -2.8076171875 2267762
0.30517578125 0.9765625 -2.8076171875 2267763
0.30517578125 0.9765625 -2.8076171875 2267862
-2.0751953125 1.46484375 -1.03759765625 2267862
-2.0751953125 1.46484375 -1.03759765625 2267863
-2.0751953125 1.46484375 -1.03759765625 2267864
-2.0751953125 1.46484375 -1.03759765625 2267864
-1.3427734375 0.91552734375 -2.25830078125 2267964
-1.3427734375 0.91552734375 -2.25830078125 2267965
-1.3427734375 0.91552734375 -2.25830078125 2267965
-1.3427734375 0.91552734375 -2.25830078125 2267966
-1.3427734375 0.91552734375 -2.25830078125 2268070
0.1220703125 0 -3.23486328125 2268071
0.1220703125 0 -3.23486328125 2268073
0.1220703125 0 -3.23486328125 2268074
0.1220703125 0 -3.23486328125 2268074
0.30517578125 0.732421875 -2.197265625 2268139
0.30517578125 0.732421875 -2.197265625 2268260
-0.48828125 0.48828125 -1.64794921875 2268261
-0.48828125 0.48828125 -1.64794921875 2268262
-0.48828125 0.48828125 -1.64794921875 2268263
-0.48828125 0.48828125 -1.64794921875 2268264
-0.48828125 0.48828125 -1.64794921875 2268363
-1.3427734375 0.9765625 -2.25830078125 2268364
-1.3427734375 0.9765625 -2.25830078125 2268365
-1.3427734375 0.9765625 -2.25830078125 2268365
-1.3427734375 0.9765625 -2.25830078125 2268366
-1.3427734375 0.9765625 -2.25830078125 2268466
-0.79345703125 0.30517578125 -1.0986328125 2268467
-0.79345703125 0.30517578125 -1.0986328125 2268468
-0.79345703125 0.30517578125 -1.0986328125 2268469
-0.79345703125 0.30517578125 -1.0986328125 2268470
0 1.3427734375 -0.42724609375 2268563
0 1.3427734375 -0.42724609375 2268644
0 0.9765625 -2.86865234375 2268645
0 0.9765625 -2.86865234375 2268646
0 0.9765625 -2.86865234375 2268647
0 0.9765625 -2.86865234375 2268648
0 0.9765625 -2.86865234375 2268757
1.28173828125 0.54931640625 -1.8310546875 2268758
1.28173828125 0.54931640625 -1.8310546875 2268759
1.28173828125 0.54931640625 -1.8310546875 2268760
1.28173828125 0.54931640625 -1.8310546875 2268760
1.28173828125 0.54931640625 -1.8310546875 2268883
-0.42724609375 2.5634765625 -2.01416015625 2268884
-0.42724609375 2.5634765625 -2.01416015625 2268885
-0.42724609375 2.5634765625 -2.01416015625 2268886
-0.42724609375 2.5634765625 -2.01416015625 2268887
0.79345703125 1.46484375 -1.52587890625 2268952
0.79345703125 1.46484375 -1.52587890625 2269055
2.50244140625 0.91552734375 -1.89208984375 2269056
2.50244140625 0.91552734375 -1.89208984375 2269057
2.50244140625 0.91552734375 -1.89208984375 2269057
2.50244140625 0.91552734375 -1.89208984375 2269058
2.50244140625 0.91552734375 -1.89208984375 2269157
-5.06591796875 31.18896484375 8.36181640625 2269158
-5.06591796875 31.18896484375 8.36181640625 2269159
-5.06591796875 31.18896484375 8.36181640625 2269160
-5.06591796875 31.18896484375 8.36181640625 2269160
-5.06591796875 31.18896484375 8.36181640625 2269260
29.72412109375 45.41015625 -5.43212890625 2269261
29.72412109375 45.41015625 -5.43212890625 2269262
29.72412109375 45.41015625 -5.43212890625 2269263
29.72412109375 45.41015625 -5.43212890625 2269263
29.72412109375 45.41015625 -5.43212890625 2269363
67.7490234375 92.10205078125 -8.48388671875 2269364
67.7490234375 92.10205078125 -8.48388671875 2269365
67.7490234375 92.10205078125 -8.48388671875 2269365
67.7490234375 92.10205078125 -8.48388671875 2269366
67.7490234375 92.10205078125 -8.48388671875 2269465
16.41845703125 98.14453125 -3.173828125 2269466
16.41845703125 98.14453125 -3.173828125 2269467
16.41845703125 98.14453125 -3.173828125 2269467
16.41845703125 98.14453125 -3.173828125 2269468
16.41845703125 98.14453125 -3.173828125 2269568
-6.34765625 56.396484375 4.33349609375 2269569
-6.34765625 56.396484375 4.33349609375 2269570
-6.34765625 56.396484375 4.33349609375 2269570
-6.34765625 56.396484375 4.33349609375 2269571
8.1787109375 18.9208984375 6.16455078125 2269643
8.1787109375 18.9208984375 6.16455078125 2269763
9.3994140625 0.8544921875 5.31005859375 2269764
9.3994140625 0.8544921875 5.31005859375 2269765
9.3994140625 0.8544921875 5.31005859375 2269766
9.3994140625 0.8544921875 5.31005859375 2269767
9.3994140625 0.8544921875 5.31005859375 2269863
1.46484375 -3.84521484375 4.150390625 2269864
1.46484375 -3.84521484375 4.150390625 2269865
1.46484375 -3.84521484375 4.150390625 2269865
1.46484375 -3.84521484375 4.150390625 2269971
5.615234375 -0.244140625 4.638671875 2269973
5.615234375 -0.244140625 4.638671875 2269974
5.615234375 -0.244140625 4.638671875 2269975
5.615234375 -0.244140625 4.638671875 2269975
-1.77001953125 -21.3623046875 5.31005859375 2270041
-1.77001953125 -21.3623046875 5.31005859375 2270164
-23.37646484375 -45.83740234375 -4.0283203125 2270165
-23.37646484375 -45.83740234375 -4.0283203125 2270166
-23.37646484375 -45.83740234375 -4.0283203125 2270167
-23.37646484375 -45.83740234375 -4.0283203125 2270167
-8.85009765625 -66.650390625 17.7001953125 2270258
-8.85009765625 -66.650390625 17.7001953125 2270361
-52.91748046875 -100.4638671875 11.41357421875 2270362
-52.91748046875 -100.4638671875 11.41357421875 2270363
-52.91748046875 -100.4638671875 11.41357421875 2270364
-52.91748046875 -100.4638671875 11.41357421875 2270364
-52.91748046875 -100.4638671875 11.41357421875 2270463
-45.34912109375 -24.90234375 5.37109375 2270464
-45.34912109375 -24.90234375 5.37109375 2270465
-45.34912109375 -24.90234375 5.37109375 2270466
-45.34912109375 -24.90234375 5.37109375 2270466
-45.34912109375 -24.90234375 5.37109375 2270568
-8.9111328125 -16.54052734375 3.41796875 2270569
-8.9111328125 -16.54052734375 3.41796875 2270570
-8.9111328125 -16.54052734375 3.41796875 2270571
-8.9111328125 -16.54052734375 3.41796875 2270572
-5.31005859375 -2.38037109375 -3.47900390625 2270644
-5.31005859375 -2.38037109375 -3.47900390625 2270763
-5.67626953125 -2.3193359375 -4.0283203125 2270764
-5.67626953125 -2.3193359375 -4.0283203125 2270764
-5.67626953125 -2.3193359375 -4.0283203125 2270765
-5.67626953125 -2.3193359375 -4.0283203125 2270766
-5.67626953125 -2.3193359375 -4.0283203125 2270865
-3.60107421875 -2.0751953125 -0.54931640625 2270866
-3.60107421875 -2.0751953125 -0.54931640625 2270867
-3.60107421875 -2.0751953125 -0.54931640625 2270867
-3.60107421875 -2.0751953125 -0.54931640625 2270868
-3.60107421875 -2.0751953125 -0.54931640625 2270968
0.8544921875 3.0517578125 -1.0986328125 2270969
0.8544921875 3.0517578125 -1.0986328125 2270970
0.8544921875 3.0517578125 -1.0986328125 2270970
0.8544921875 3.0517578125 -1.0986328125 2270971
0.8544921875 3.0517578125 -1.0986328125 2271071
-0.9765625 7.01904296875 -3.90625 2271072
-0.9765625 7.01904296875 -3.90625 2271072
-0.9765625 7.01904296875 -3.90625 2271073
-0.9765625 7.01904296875 -3.90625 2271073
-3.72314453125 3.60107421875 -2.01416015625 2271140
-3.72314453125 3.60107421875 -2.01416015625 2271258
1.5869140625 0.1220703125 0.91552734375 2271260
1.5869140625 0.1220703125 0.91552734375 2271261
1.5869140625 0.1220703125 0.91552734375 2271262
1.5869140625 0.1220703125 0.91552734375 2271263
1.5869140625 0.1220703125 0.91552734375 2271360
0.54931640625 -0.18310546875 -2.62451171875 2271361
0.54931640625 -0.18310546875 -2.62451171875 2271362
0.54931640625 -0.18310546875 -2.62451171875 2271363
0.54931640625 -0.18310546875 -2.62451171875 2271363
0.54931640625 -0.18310546875 -2.62451171875 2271464
-2.62451171875 -1.953125 -0.244140625 2271465
-2.62451171875 -1.953125 -0.244140625 2271466
-2.62451171875 -1.953125 -0.244140625 2271466
-2.62451171875 -1.953125 -0.244140625 2271467
-2.62451171875 -1.953125 -0.244140625 2271566
-2.50244140625 -0.732421875 -2.86865234375 2271567
-2.50244140625 -0.732421875 -2.86865234375 2271568
-2.50244140625 -0.732421875 -2.86865234375 2271569
-2.50244140625 -0.732421875 -2.86865234375 2271569
-2.50244140625 -0.732421875 -2.86865234375 2271670
-3.41796875 1.5869140625 -2.99072265625 2271671
-3.41796875 1.5869140625 -2.99072265625 2271672
-3.41796875 1.5869140625 -2.99072265625 2271673
-3.41796875 1.5869140625 -2.99072265625 2271673
-2.0751953125 -0.244140625 -0.1220703125 2271739
-2.0751953125 -0.244140625 -0.1220703125 2271854
1.15966796875 -3.60107421875 -1.8310546875 2271855
1.15966796875 -3.60107421875 -1.8310546875 2271856
1.15966796875 -3.60107421875 -1.8310546875 2271856
1.15966796875 -3.60107421875 -1.8310546875 2271857
1.15966796875 -3.60107421875 -1.8310546875 2271961
-2.13623046875 -3.41796875 -3.7841796875 2271962
-2.13623046875 -3.41796875 -3.7841796875 2271963
-2.13623046875 -3.41796875 -3.7841796875 2271963
-2.13623046875 -3.41796875 -3.7841796875 2271964
-2.13623046875 -3.41796875 -3.7841796875 2272065
0.244140625 -0.42724609375 -3.35693359375 2272066
0.244140625 -0.42724609375 -3.35693359375 2272066
0.244140625 -0.42724609375 -3.35693359375 2272067
0.244140625 -0.42724609375 -3.35693359375 2272068
0.244140625 -0.42724609375 -3.35693359375 2272174
0.244140625 -3.2958984375 0 2272175
0.244140625 -3.2958984375 0 2272175
0.244140625 -3.2958984375 0 2272176
0.244140625 -3.2958984375 0 2272177
-4.7607421875 -2.01416015625 -3.41796875 2272270
-4.7607421875 -2.01416015625 -3.41796875 2272340
-1.5869140625 -3.23486328125 -3.41796875 2272341
-1.5869140625 -3.23486328125 -3.41796875 2272341
-1.5869140625 -3.23486328125 -3.41796875 2272342
-1.5869140625 -3.23486328125 -3.41796875 2272342
-1.5869140625 -3.23486328125 -3.41796875 2272458
-0.54931640625 -0.91552734375 -4.45556640625 2272459
-0.54931640625 -0.91552734375 -4.45556640625 2272460
-0.54931640625 -0.91552734375 -4.45556640625 2272461
-0.54931640625 -0.91552734375 -4.45556640625 2272461
-0.54931640625 -0.91552734375 -4.45556640625 2272562
-0.8544921875 1.3427734375 -4.2724609375 2272563
-0.8544921875 1.3427734375 -4.2724609375 2272564
-0.8544921875 1.3427734375 -4.2724609375 2272565
-0.8544921875 1.3427734375 -4.2724609375 2272566
-0.8544921875 1.3427734375 -4.2724609375 2272662
-1.46484375 0.67138671875 -3.96728515625 2272663
-1.46484375 0.67138671875 -3.96728515625 2272663
-1.46484375 0.67138671875 -3.96728515625 2272767
0.30517578125 -0.67138671875 -4.08935546875 2272768
0.30517578125 -0.67138671875 -4.08935546875 2272768
0.30517578125 -0.67138671875 -4.08935546875 2272769
0.30517578125 -0.67138671875 -4.08935546875 2272770
0.30517578125 -0.67138671875 -4.08935546875 2272869
-2.0751953125 -0.6103515625 -4.82177734375 2272870
-2.0751953125 -0.6103515625 -4.82177734375 2272870
-2.0751953125 -0.6103515625 -4.82177734375 2272871
-2.0751953125 -0.6103515625 -4.82177734375 2272872
-2.0751953125 -0.6103515625 -4.82177734375 2272972
-1.89208984375 -0.54931640625 -4.8828125 2272973
-1.89208984375 -0.54931640625 -4.8828125 2272973
-1.89208984375 -0.54931640625 -4.8828125 2272974
-1.89208984375 -0.54931640625 -4.8828125 2272975
-1.77001953125 0.6103515625 -5.67626953125 2273046
-1.77001953125 0.6103515625 -5.67626953125 2273160
-1.52587890625 -3.0517578125 -6.103515625 2273161
-1.52587890625 -3.0517578125 -6.103515625 2273162
-1.52587890625 -3.0517578125 -6.103515625 2273162
-1.52587890625 -3.0517578125 -6.103515625 2273163
-1.52587890625 -3.0517578125 -6.103515625 2273262
1.64794921875 -2.01416015625 -5.31005859375 2273263
1.64794921875 -2.01416015625 -5.31005859375 2273263
1.64794921875 -2.01416015625 -5.31005859375 2273264
1.64794921875 -2.01416015625 -5.31005859375 2273265
1.64794921875 -2.01416015625 -5.31005859375 2273363
2.62451171875 0.8544921875 -6.8359375 2273364
2.62451171875 0.8544921875 -6.8359375 2273365
2.62451171875 0.8544921875 -6.8359375 2273365
2.62451171875 0.8544921875 -6.8359375 2273366
0.6103515625 -2.3193359375 -7.9345703125 2273460
0.6103515625 -2.3193359375 -7.9345703125 2273560
-0.9765625 -3.41796875 -8.7890625 2273561
-0.9765625 -3.41796875 -8.7890625 2273561
-0.9765625 -3.41796875 -8.7890625 2273562
-0.9765625 -3.41796875 -8.7890625 2273563
-0.9765625 -3.41796875 -8.7890625 2273662
-1.220703125 -2.86865234375 -9.1552734375 2273663
-1.220703125 -2.86865234375 -9.1552734375 2273664
-1.220703125 -2.86865234375 -9.1552734375 2273664
-1.220703125 -2.86865234375 -9.1552734375 2273665
-1.220703125 -2.86865234375 -9.1552734375 2273765
0.18310546875 -2.5634765625 -8.9111328125 2273766
0.18310546875 -2.5634765625 -8.9111328125 2273767
0.18310546875 -2.5634765625 -8.9111328125 2273768
0.18310546875 -2.5634765625 -8.9111328125 2273769
0.18310546875 -2.5634765625 -8.9111328125 2273868
1.40380859375 -1.89208984375 -7.4462890625 2273868
1.40380859375 -1.89208984375 -7.4462890625 2273869
1.40380859375 -1.89208984375 -7.4462890625 2273870
1.40380859375 -1.89208984375 -7.4462890625 2273870
1.40380859375 -1.89208984375 -7.4462890625 2273970
1.8310546875 -2.50244140625 -7.568359375 2273971
1.8310546875 -2.50244140625 -7.568359375 2273972
1.8310546875 -2.50244140625 -7.568359375 2273972
1.8310546875 -2.50244140625 -7.568359375 2273973
3.23486328125 -1.89208984375 -7.568359375 2274043
3.23486328125 -1.89208984375 -7.568359375 2274163
2.8076171875 0 -7.99560546875 2274164
2.8076171875 0 -7.99560546875 2274165
2.8076171875 0 -7.99560546875 2274166
2.8076171875 0 -7.99560546875 2274166
2.8076171875 0 -7.99560546875 2274265
0.9765625 -0.79345703125 -7.26318359375 2274305
0.9765625 -0.79345703125 -7.26318359375 2274306
0.9765625 -0.79345703125 -7.26318359375 2274307
0.9765625 -0.79345703125 -7.26318359375 2274308
0.9765625 -0.79345703125 -7.26318359375 2274367
2.50244140625 2.0751953125 -4.94384765625 2274368
2.50244140625 2.0751953125 -4.94384765625 2274473
1.52587890625 0.18310546875 -3.0517578125 2274474
1.52587890625 0.18310546875 -3.0517578125 2274475
1.52587890625 0.18310546875 -3.0517578125 2274476
1.52587890625 0.18310546875 -3.0517578125 2274476
-1.8310546875 -1.03759765625 -1.0986328125 2274541
-1.8310546875 -1.03759765625 -1.0986328125 2274660
-0.6103515625 0.18310546875 -1.52587890625 2274661
-0.6103515625 0.18310546875 -1.52587890625 2274661
-0.6103515625 0.18310546875 -1.52587890625 2274662
-0.6103515625 0.18310546875 -1.52587890625 2274662
-0.6103515625 0.18310546875 -1.52587890625 2274763
-0.06103515625 -0.67138671875 -1.28173828125 2274764
-0.06103515625 -0.67138671875 -1.28173828125 2274764
-0.06103515625 -0.67138671875 -1.28173828125 2274765
-0.06103515625 -0.67138671875 -1.28173828125 2274765
-0.06103515625 -0.67138671875 -1.28173828125 2274865
-2.13623046875 -1.40380859375 -1.28173828125 2274866
-2.13623046875 -1.40380859375 -1.28173828125 2274867
-2.13623046875 -1.40380859375 -1.28173828125 2274868
-2.13623046875 -1.40380859375 -1.28173828125 2274868
-2.13623046875 -1.40380859375 -1.28173828125 2274968
-3.0517578125 0.79345703125 -4.0283203125 2274968
-3.0517578125 0.79345703125 -4.0283203125 2274969
-3.0517578125 0.79345703125 -4.0283203125 2274970
-3.0517578125 0.79345703125 -4.0283203125 2274970
-3.0517578125 0.79345703125 -4.0283203125 2275070
-3.90625 -0.67138671875 -1.8310546875 2275071
-3.90625 -0.67138671875 -1.8310546875 2275071
-3.90625 -0.67138671875 -1.8310546875 2275072
-3.90625 -0.67138671875 -1.8310546875 2275073
0.30517578125 -0.6103515625 -1.708984375 2275142
0.30517578125 -0.6103515625 -1.708984375 2275260
-0.3662109375 0.244140625 -2.38037109375 2275261
-0.3662109375 0.244140625 -2.38037109375 2275262
-0.3662109375 0.244140625 -2.38037109375 2275263
-0.3662109375 0.244140625 -2.38037109375 2275263
-0.3662109375 0.244140625 -2.38037109375 2275364
-2.197265625 -1.0986328125 -2.685546875 2275365
-2.197265625 -1.0986328125 -2.685546875 2275366
-2.197265625 -1.0986328125 -2.685546875 2275366
-2.197265625 -1.0986328125 -2.685546875 2275367
-0.18310546875 -0.67138671875 -3.662109375 2275468
-0.18310546875 -0.67138671875 -3.662109375 2275469
-0.18310546875 -0.67138671875 -3.662109375 2275470
-0.18310546875 -0.67138671875 -3.662109375 2275471
-0.18310546875 -0.67138671875 -3.662109375 2275570
0.48828125 0 -2.5634765625 2275571
0.48828125 0 -2.5634765625 2275571
0.48828125 0 -2.5634765625 2275572
0.48828125 0 -2.5634765625 2275572
-0.54931640625 1.708984375 -3.2958984375 2275645
-0.54931640625 1.708984375 -3.2958984375 2275764
-0.48828125 2.25830078125 -1.89208984375 2275765
-0.48828125 2.25830078125 -1.89208984375 2275766
-0.48828125 2.25830078125 -1.89208984375 2275767
-0.48828125 2.25830078125 -1.89208984375 2275767
-0.48828125 0.732421875 -3.41796875 2275867
-0.48828125 0.732421875 -3.41796875 2275868
-0.48828125 0.732421875 -3.41796875 2275869
-0.48828125 0.732421875 -3.41796875 2275869
-0.48828125 0.732421875 -3.41796875 2275970
-0.54931640625 -0.42724609375 -2.9296875 2275971
-0.54931640625 -0.42724609375 -2.9296875 2275972
-0.54931640625 -0.42724609375 -2.9296875 2275972
-0.54931640625 -0.42724609375 -2.9296875 2275973
-0.54931640625 -0.42724609375 -2.9296875 2276072
2.50244140625 -1.03759765625 -2.685546875 2276073
2.50244140625 -1.03759765625 -2.685546875 2276074
2.50244140625 -1.03759765625 -2.685546875 2276074
2.50244140625 -1.03759765625 -2.685546875 2276075
0 -0.54931640625 -3.23486328125 2276143
0 -0.54931640625 -3.23486328125 2276261
0.18310546875 1.46484375 -2.197265625 2276261
0.18310546875 1.46484375 -2.197265625 2276262
0.18310546875 1.46484375 -2.197265625 2276262
0.18310546875 1.46484375 -2.197265625 2276263
0.18310546875 1.46484375 -2.197265625 2276364
0 0.91552734375 -2.0751953125 2276365
0 0.91552734375 -2.0751953125 2276365
0 0.91552734375 -2.0751953125 2276366
0 0.91552734375 -2.0751953125 2276367
0 0.91552734375 -2.0751953125 2276465
-0.8544921875 0 -0.8544921875 2276466
-0.8544921875 0 -0.8544921875 2276467
-0.8544921875 0 -0.8544921875 2276467
-0.8544921875 0 -0.8544921875 2276468
-0.42724609375 1.28173828125 -1.77001953125 2276561
-0.42724609375 1.28173828125 -1.77001953125 2276656
-0.42724609375 0.48828125 -2.9296875 2276657
-0.42724609375 0.48828125 -2.9296875 2276658
-0.42724609375 0.48828125 -2.9296875 2276659
-0.42724609375 0.48828125 -2.9296875 2276660
-0.42724609375 0.48828125 -2.9296875 2276759
-0.9765625 0.79345703125 -1.8310546875 2276760
-0.9765625 0.79345703125 -1.8310546875 2276761
-0.9765625 0.79345703125 -1.8310546875 2276761
-0.9765625 0.79345703125 -1.8310546875 2276762
-0.9765625 0.79345703125 -1.8310546875 2276861
-0.9765625 0.79345703125 -3.11279296875 2276862
-0.9765625 0.79345703125 -3.11279296875 2276863
-0.9765625 0.79345703125 -3.11279296875 2276864
-0.9765625 0.79345703125 -3.11279296875 2276865
-0.9765625 0.79345703125 -3.11279296875 2276964
-0.42724609375 -0.3662109375 -1.77001953125 2276965
-0.42724609375 -0.3662109375 -1.77001953125 2276965
-0.42724609375 -0.3662109375 -1.77001953125 2276966
-0.42724609375 -0.3662109375 -1.77001953125 2276967
-0.42724609375 -0.3662109375 -1.77001953125 2277066
1.52587890625 0.54931640625 -2.50244140625 2277067
1.52587890625 0.54931640625 -2.50244140625 2277067
1.52587890625 0.54931640625 -2.50244140625 2277068
1.52587890625 0.54931640625 -2.50244140625 2277069
1.52587890625 0.54931640625 -2.50244140625 2277170
2.01416015625 0.732421875 -2.13623046875 2277171
2.01416015625 0.732421875 -2.13623046875 2277171
2.01416015625 0.732421875 -2.13623046875 2277172
2.01416015625 0.732421875 -2.13623046875 2277173
2.01416015625 0.732421875 -2.13623046875 2277273
3.23486328125 0.18310546875 -0.9765625 2277274
3.23486328125 0.18310546875 -0.9765625 2277275
3.23486328125 0.18310546875 -0.9765625 2277276
3.23486328125 0.18310546875 -0.9765625 2277276
1.0986328125 1.46484375 -2.25830078125 2277342
1.0986328125 1.46484375 -2.25830078125 2277465
-1.15966796875 -0.18310546875 -1.64794921875 2277466
-1.15966796875 -0.18310546875 -1.64794921875 2277466
-1.15966796875 -0.18310546875 -1.64794921875 2277467
-1.15966796875 -0.18310546875 -1.64794921875 2277468
-1.15966796875 -0.18310546875 -1.64794921875 2277567
-1.15966796875 -0.42724609375 -2.44140625 2277568
-1.15966796875 -0.42724609375 -2.44140625 2277569
-1.15966796875 -0.42724609375 -2.44140625 2277570
-1.15966796875 -0.42724609375 -2.44140625 2277571
-1.15966796875 -0.42724609375 -2.44140625 2277669
-1.03759765625 0 -1.46484375 2277671
-1.03759765625 0 -1.46484375 2277671
-1.03759765625 0 -1.46484375 2277672
-1.03759765625 0 -1.46484375 2277692
-1.03759765625 0 -1.46484375 2277771
-0.48828125 -0.06103515625 -2.5634765625 2277773
-0.48828125 -0.06103515625 -2.5634765625 2277773
-0.48828125 -0.06103515625 -2.5634765625 2277774
-0.48828125 -0.06103515625 -2.5634765625 2277775
-1.40380859375 -2.86865234375 -5.55419921875 2277843
-1.40380859375 -2.86865234375 -5.55419921875 2277959
0 -0.30517578125 -6.103515625 2277960
0 -0.30517578125 -6.103515625 2277961
0 -0.30517578125 -6.103515625 2277962
0 -0.30517578125 -6.103515625 2277963
0 -0.30517578125 -6.103515625 2278063
0.48828125 -6.89697265625 -8.1787109375 2278063
0.48828125 -6.89697265625 -8.1787109375 2278064
0.48828125 -6.89697265625 -8.1787109375 2278065
0.48828125 -6.89697265625 -8.1787109375 2278066
0.48828125 -6.89697265625 -8.1787109375 2278166
2.0751953125 -9.6435546875 -11.962890625 2278167
2.0751953125 -9.6435546875 -11.962890625 2278168
2.0751953125 -9.6435546875 -11.962890625 2278168
2.0751953125 -9.6435546875 -11.962890625 2278169
2.0751953125 -9.6435546875 -11.962890625 2278270
10.19287109375 0.9765625 -15.44189453125 2278271
10.19287109375 0.9765625 -15.44189453125 2278272
10.19287109375 0.9765625 -15.44189453125 2278273
10.19287109375 0.9765625 -15.44189453125 2278273
10.19287109375 0.9765625 -15.44189453125 2278373
17.63916015625 13.12255859375 -17.822265625 2278374
17.63916015625 13.12255859375 -17.822265625 2278375
17.63916015625 13.12255859375 -17.822265625 2278375
17.63916015625 13.12255859375 -17.822265625 2278376
34.11865234375 36.376953125 -20.81298828125 2278443
34.11865234375 36.376953125 -20.81298828125 2278562
33.8134765625 65.24658203125 -24.2919921875 2278563
33.8134765625 65.24658203125 -24.2919921875 2278564
33.8134765625 65.24658203125 -24.2919921875 2278564
33.8134765625 65.24658203125 -24.2919921875 2278565
33.8134765625 65.24658203125 -24.2919921875 2278665
21.6064453125 45.10498046875 -15.07568359375 2278666
21.6064453125 45.10498046875 -15.07568359375 2278666
21.6064453125 45.10498046875 -15.07568359375 2278667
21.6064453125 45.10498046875 -15.07568359375 2278668
21.6064453125 45.10498046875 -15.07568359375 2278769
27.2216796875 83.984375 -10.25390625 2278770
27.2216796875 83.984375 -10.25390625 2278771
27.2216796875 83.984375 -10.25390625 2278771
27.2216796875 83.984375 -10.25390625 2278772
27.2216796875 83.984375 -10.25390625 2278872
4.45556640625 82.33642578125 -10.55908203125 2278872
4.45556640625 82.33642578125 -10.55908203125 2278873
4.45556640625 82.33642578125 -10.55908203125 2278874
4.45556640625 82.33642578125 -10.55908203125 2278874
5.31005859375 157.65380859375 -30.76171875 2278942
5.31005859375 157.65380859375 -30.76171875 2279061
-6.103515625 172.66845703125 -32.89794921875 2279062
-6.103515625 172.66845703125 -32.89794921875 2279063
-6.103515625 172.66845703125 -32.89794921875 2279063
-6.103515625 172.66845703125 -32.89794921875 2279064
-6.103515625 172.66845703125 -32.89794921875 2279164
-14.09912109375 160.82763671875 -26.7333984375 2279165
-14.09912109375 160.82763671875 -26.7333984375 2279166
-14.09912109375 160.82763671875 -26.7333984375 2279166
-14.09912109375 160.82763671875 -26.7333984375 2279167
-14.09912109375 160.82763671875 -26.7333984375 2279266
15.13671875 100.2197265625 -30.76171875 2279267
15.13671875 100.2197265625 -30.76171875 2279267
15.13671875 100.2197265625 -30.76171875 2279268
15.13671875 100.2197265625 -30.76171875 2279269
15.13671875 100.2197265625 -30.76171875 2279369
17.51708984375 87.70751953125 -48.33984375 2279370
17.51708984375 87.70751953125 -48.33984375 2279371
17.51708984375 87.70751953125 -48.33984375 2279372
17.51708984375 87.70751953125 -48.33984375 2279372
17.51708984375 87.70751953125 -48.33984375 2279471
4.94384765625 81.787109375 -52.24609375 2279472
4.94384765625 81.787109375 -52.24609375 2279473
4.94384765625 81.787109375 -52.24609375 2279474
4.94384765625 81.787109375 -52.24609375 2279475
4.94384765625 81.787109375 -52.24609375 2279573
7.9345703125 66.22314453125 -34.48486328125 2279574
7.9345703125 66.22314453125 -34.48486328125 2279575
7.9345703125 66.22314453125 -34.48486328125 2279576
7.9345703125 66.22314453125 -34.48486328125 2279576
3.11279296875 40.46630859375 -19.71435546875 2279647
3.11279296875 40.46630859375 -19.71435546875 2279762
-8.60595703125 35.58349609375 -5.859375 2279763
-8.60595703125 35.58349609375 -5.859375 2279763
-8.60595703125 35.58349609375 -5.859375 2279764
-8.60595703125 35.58349609375 -5.859375 2279765
-13.0615234375 99.18212890625 15.31982421875 2279857
-13.0615234375 99.18212890625 15.31982421875 2279959
-10.8642578125 -106.3232421875 10.80322265625 2279960
-10.8642578125 -106.3232421875 10.80322265625 2279960
-10.8642578125 -106.3232421875 10.80322265625 2279961
-10.8642578125 -106.3232421875 10.80322265625 2279961
-10.8642578125 -106.3232421875 10.80322265625 2280063
-95.8251953125 -689.27001953125 7.01904296875 2280064
-95.8251953125 -689.27001953125 7.01904296875 2280064
-95.8251953125 -689.27001953125 7.01904296875 2280065
-95.8251953125 -689.27001953125 7.01904296875 2280066
-95.8251953125 -689.27001953125 7.01904296875 2280164
61.279296875 -802.18505859375 21.66748046875 2280165
61.279296875 -802.18505859375 21.66748046875 2280166
61.279296875 -802.18505859375 21.66748046875 2280166
61.279296875 -802.18505859375 21.66748046875 2280167
61.279296875 -802.18505859375 21.66748046875 2280267
-31.18896484375 -75.74462890625 58.7158203125 2280268
-31.18896484375 -75.74462890625 58.7158203125 2280269
-31.18896484375 -75.74462890625 58.7158203125 2280270
-31.18896484375 -75.74462890625 58.7158203125 2280271
-31.18896484375 -75.74462890625 58.7158203125 2280368
-12.3291015625 12.451171875 15.869140625 2280369
-12.3291015625 12.451171875 15.869140625 2280370
-12.3291015625 12.451171875 15.869140625 2280371
-12.3291015625 12.451171875 15.869140625 2280371
-12.3291015625 12.451171875 15.869140625 2280472
-13.85498046875 24.71923828125 -3.23486328125 2280473
-13.85498046875 24.71923828125 -3.23486328125 2280474
-13.85498046875 24.71923828125 -3.23486328125 2280475
-13.85498046875 24.71923828125 -3.23486328125 2280476
-2.685546875 28.25927734375 -1.8310546875 2280544
-2.685546875 28.25927734375 -1.8310546875 2280664
-2.685546875 15.7470703125 12.3291015625 2280664
-2.685546875 15.7470703125 12.3291015625 2280665
-2.685546875 15.7470703125 12.3291015625 2280666
-2.685546875 15.7470703125 12.3291015625 2280667
-2.685546875 15.7470703125 12.3291015625 2280769
-1.28173828125 21.8505859375 20.6298828125 2280770
-1.28173828125 21.8505859375 20.6298828125 2280771
-1.28173828125 21.8505859375 20.6298828125 2280771
-1.28173828125 21.8505859375 20.6298828125 2280772
-1.28173828125 21.8505859375 20.6298828125 2280869
-0.54931640625 8.60595703125 21.1181640625 2280870
-0.54931640625 8.60595703125 21.1181640625 2280870
-0.54931640625 8.60595703125 21.1181640625 2280972
-4.0283203125 1.3427734375 15.380859375 2280973
-4.0283203125 1.3427734375 15.380859375 2280973
-4.0283203125 1.3427734375 15.380859375 2280974
-4.0283203125 1.3427734375 15.380859375 2280975
-4.0283203125 1.3427734375 15.380859375 2281077
-10.1318359375 8.9111328125 14.6484375 2281078
-10.1318359375 8.9111328125 14.6484375 2281079
-10.1318359375 8.9111328125 14.6484375 2281080
-10.1318359375 8.9111328125 14.6484375 2281081
-13.0615234375 10.80322265625 14.34326171875 2281145
-13.0615234375 10.80322265625 14.34326171875 2281264
-9.521484375 21.6064453125 18.12744140625 2281265
-9.521484375 21.6064453125 18.12744140625 2281265
-9.521484375 21.6064453125 18.12744140625 2281266
-9.521484375 21.6064453125 18.12744140625 2281267
-9.521484375 21.6064453125 18.12744140625 2281365
6.77490234375 29.1748046875 15.07568359375 2281366
6.77490234375 29.1748046875 15.07568359375 2281367
6.77490234375 29.1748046875 15.07568359375 2281368
6.77490234375 29.1748046875 15.07568359375 2281369
6.77490234375 29.1748046875 15.07568359375 2281468
18.37158203125 12.51220703125 13.61083984375 2281469
18.37158203125 12.51220703125 13.61083984375 2281470
18.37158203125 12.51220703125 13.61083984375 2281471
18.37158203125 12.51220703125 13.61083984375 2281472
18.37158203125 12.51220703125 13.61083984375 2281570
36.80419921875 67.5048828125 14.6484375 2281571
36.80419921875 67.5048828125 14.6484375 2281572
36.80419921875 67.5048828125 14.6484375 2281573
36.80419921875 67.5048828125 14.6484375 2281574
36.80419921875 67.5048828125 14.6484375 2281679
37.41455078125 157.2265625 9.70458984375 2281680
37.41455078125 157.2265625 9.70458984375 2281681
37.41455078125 157.2265625 9.70458984375 2281682
37.41455078125 157.2265625 9.70458984375 2281682
45.5322265625 158.935546875 14.404296875 2281743
45.5322265625 158.935546875 14.404296875 2281862
8.23974609375 81.84814453125 11.474609375 2281863
8.23974609375 81.84814453125 11.474609375 2281864
8.23974609375 81.84814453125 11.474609375 2281865
8.23974609375 81.84814453125 11.474609375 2281865
8.23974609375 81.84814453125 11.474609375 2281965
1.953125 11.53564453125 10.498046875 2281966
1.953125 11.53564453125 10.498046875 2281967
1.953125 11.53564453125 10.498046875 2281968
1.953125 11.53564453125 10.498046875 2281969
1.953125 11.53564453125 10.498046875 2282070
2.86865234375 -12.0849609375 10.92529296875 2282071
2.86865234375 -12.0849609375 10.92529296875 2282072
2.86865234375 -12.0849609375 10.92529296875 2282072
2.86865234375 -12.0849609375 10.92529296875 2282073
1.953125 -6.4697265625 6.04248046875 2282169
1.953125 -6.4697265625 6.04248046875 2282272
9.033203125 -4.5166015625 3.2958984375 2282273
9.033203125 -4.5166015625 3.2958984375 2282274
9.033203125 -4.5166015625 3.2958984375 2282275
9.033203125 -4.5166015625 3.2958984375 2282275
-0.3662109375 -38.818359375 1.40380859375 2282343
-0.3662109375 -38.818359375 1.40380859375 2282465
-10.92529296875 -37.17041015625 1.64794921875 2282466
-10.92529296875 -37.17041015625 1.64794921875 2282467
-10.92529296875 -37.17041015625 1.64794921875 2282468
-10.92529296875 -37.17041015625 1.64794921875 2282468
-10.92529296875 -37.17041015625 1.64794921875 2282567
-16.54052734375 -66.0400390625 10.009765625 2282568
-16.54052734375 -66.0400390625 10.009765625 2282568
-16.54052734375 -66.0400390625 10.009765625 2282569
-16.54052734375 -66.0400390625 10.009765625 2282571
-16.54052734375 -66.0400390625 10.009765625 2282670
-35.46142578125 -92.7734375 9.8876953125 2282671
-35.46142578125 -92.7734375 9.8876953125 2282672
-35.46142578125 -92.7734375 9.8876953125 2282673
-35.46142578125 -92.7734375 9.8876953125 2282674
-35.46142578125 -92.7734375 9.8876953125 2282770
-36.56005859375 -90.8203125 10.6201171875 2282771
-36.56005859375 -90.8203125 10.6201171875 2282772
-36.56005859375 -90.8203125 10.6201171875 2282772
-47.91259765625 -17.578125 -4.33349609375 2282847
-47.91259765625 -17.578125 -4.33349609375 2282848
-47.91259765625 -17.578125 -4.33349609375 2282962
0.42724609375 5.859375 -5.37109375 2282963
0.42724609375 5.859375 -5.37109375 2282964
0.42724609375 5.859375 -5.37109375 2282964
0.42724609375 5.859375 -5.37109375 2282965
-8.60595703125 13.18359375 -0.3662109375 2283048
-8.60595703125 13.18359375 -0.3662109375 2283163
-7.32421875 -3.11279296875 -1.15966796875 2283164
-7.32421875 -3.11279296875 -1.15966796875 2283164
-7.32421875 -3.11279296875 -1.15966796875 2283165
-7.32421875 -3.11279296875 -1.15966796875 2283166
-7.32421875 -3.11279296875 -1.15966796875 2283265
-4.94384765625 0.54931640625 -0.9765625 2283266
-4.94384765625 0.54931640625 -0.9765625 2283267
-4.94384765625 0.54931640625 -0.9765625 2283267
-4.94384765625 0.54931640625 -0.9765625 2283268
-4.94384765625 0.54931640625 -0.9765625 2283370
-6.4697265625 -0.06103515625 0.9765625 2283371
-6.4697265625 -0.06103515625 0.9765625 2283372
-6.4697265625 -0.06103515625 0.9765625 2283372
-6.4697265625 -0.06103515625 0.9765625 2283373
-6.4697265625 -0.06103515625 0.9765625 2283470
-5.859375 1.46484375 -2.62451171875 2283471
-5.859375 1.46484375 -2.62451171875 2283471
-5.859375 1.46484375 -2.62451171875 2283571
1.220703125 6.591796875 -4.69970703125 2283572
1.220703125 6.591796875 -4.69970703125 2283572
1.220703125 6.591796875 -4.69970703125 2283573
1.220703125 6.591796875 -4.69970703125 2283574
-3.7841796875 -2.44140625 -2.99072265625 2283646
-3.7841796875 -2.44140625 -2.99072265625 2283766
-7.080078125 -2.38037109375 -1.77001953125 2283767
-7.080078125 -2.38037109375 -1.77001953125 2283768
-7.080078125 -2.38037109375 -1.77001953125 2283769
-7.080078125 -2.38037109375 -1.77001953125 2283770
-7.080078125 -2.38037109375 -1.77001953125 2283867
0.06103515625 -4.8828125 -2.3193359375 2283868
0.06103515625 -4.8828125 -2.3193359375 2283870
0.06103515625 -4.8828125 -2.3193359375 2283871
0.06103515625 -4.8828125 -2.3193359375 2283872
0.06103515625 -4.8828125 -2.3193359375 2283971
-1.46484375 -0.732421875 -3.7841796875 2283972
-1.46484375 -0.732421875 -3.7841796875 2283972
-1.46484375 -0.732421875 -3.7841796875 2283973
-1.46484375 -0.732421875 -3.7841796875 2283974
-1.46484375 -0.732421875 -3.7841796875 2284073
1.46484375 -3.5400390625 -4.39453125 2284073
1.46484375 -3.5400390625 -4.39453125 2284074
1.46484375 -3.5400390625 -4.39453125 2284075
1.46484375 -3.5400390625 -4.39453125 2284075
1.46484375 -3.5400390625 -4.39453125 2284178
0.06103515625 4.5166015625 -4.57763671875 2284179
0.06103515625 4.5166015625 -4.57763671875 2284180
0.06103515625 4.5166015625 -4.57763671875 2284181
0.06103515625 4.5166015625 -4.57763671875 2284182
0.06103515625 2.9296875 -4.08935546875 2284244
0.06103515625 2.9296875 -4.08935546875 2284365
-3.23486328125 1.15966796875 -7.14111328125 2284366
-3.23486328125 1.15966796875 -7.14111328125 2284367
-3.23486328125 1.15966796875 -7.14111328125 2284368
-3.23486328125 1.15966796875 -7.14111328125 2284368
-3.23486328125 1.15966796875 -7.14111328125 2284466
-0.732421875 2.197265625 -6.591796875 2284467
-0.732421875 2.197265625 -6.591796875 2284468
-0.732421875 2.197265625 -6.591796875 2284468
-0.732421875 2.197265625 -6.591796875 2284469
-0.732421875 2.197265625 -6.591796875 2284569
1.64794921875 9.46044921875 -9.765625 2284570
1.64794921875 9.46044921875 -9.765625 2284571
1.64794921875 9.46044921875 -9.765625 2284571
1.64794921875 9.46044921875 -9.765625 2284572
1.64794921875 9.46044921875 -9.765625 2284673
-0.67138671875 0.91552734375 -6.2255859375 2284674
-0.67138671875 0.91552734375 -6.2255859375 2284675
-0.67138671875 0.91552734375 -6.2255859375 2284676
-0.67138671875 0.91552734375 -6.2255859375 2284676
-1.5869140625 2.13623046875 -7.2021484375 2284744
-1.5869140625 2.13623046875 -7.2021484375 2284864
0.91552734375 1.5869140625 -4.82177734375 2284865
0.91552734375 1.5869140625 -4.82177734375 2284866
0.91552734375 1.5869140625 -4.82177734375 2284866
0.91552734375 1.5869140625 -4.82177734375 2284867
0.91552734375 1.5869140625 -4.82177734375 2284965
0.54931640625 -0.67138671875 -4.33349609375 2284966
0.54931640625 -0.67138671875 -4.33349609375 2284969
0.54931640625 -0.67138671875 -4.33349609375 2284970
0.54931640625 -0.67138671875 -4.33349609375 2284971
0.54931640625 -0.67138671875 -4.33349609375 2285070
0.91552734375 0.54931640625 -4.150390625 2285070
0.91552734375 0.54931640625 -4.150390625 2285071
0.91552734375 0.54931640625 -4.150390625 2285072
0.91552734375 0.54931640625 -4.150390625 2285072
0.91552734375 0.54931640625 -4.150390625 2285179
0.67138671875 -0.244140625 -3.96728515625 2285180
0.67138671875 -0.244140625 -3.96728515625 2285181
0.67138671875 -0.244140625 -3.96728515625 2285182
0.67138671875 -0.244140625 -3.96728515625 2285183
0 2.13623046875 -4.8828125 2285275
0 2.13623046875 -4.8828125 2285345
0.54931640625 0.6103515625 -1.8310546875 2285346
0.54931640625 0.6103515625 -1.8310546875 2285346
0.54931640625 0.6103515625 -1.8310546875 2285347
0.54931640625 0.6103515625 -1.8310546875 2285348
0.54931640625 0.6103515625 -1.8310546875 2285466
1.0986328125 0.244140625 -2.01416015625 2285467
1.0986328125 0.244140625 -2.01416015625 2285468
1.0986328125 0.244140625 -2.01416015625 2285469
1.0986328125 0.244140625 -2.01416015625 2285470
1.0986328125 0.244140625 -2.01416015625 2285566
0.3662109375 -1.77001953125 -3.41796875 2285567
0.3662109375 -1.77001953125 -3.41796875 2285567
0.3662109375 -1.77001953125 -3.41796875 2285669
-3.0517578125 -1.40380859375 -4.0283203125 2285670
-3.0517578125 -1.40380859375 -4.0283203125 2285671
-3.0517578125 -1.40380859375 -4.0283203125 2285672
-3.0517578125 -1.40380859375 -4.0283203125 2285673
-3.0517578125 -1.40380859375 -4.0283203125 2285771
0.3662109375 -1.953125 -2.38037109375 2285772
0.3662109375 -1.953125 -2.38037109375 2285772
0.3662109375 -1.953125 -2.38037109375 2285773
0.3662109375 -1.953125 -2.38037109375 2285774
0.3662109375 -1.953125 -2.38037109375 2285873
-0.06103515625 -0.42724609375 -2.62451171875 2285874
-0.06103515625 -0.42724609375 -2.62451171875 2285875
-0.06103515625 -0.42724609375 -2.62451171875 2285876
-0.06103515625 -0.42724609375 -2.62451171875 2285876
-0.8544921875 -0.8544921875 -3.72314453125 2285945
-0.8544921875 -0.8544921875 -3.72314453125 2286064
-1.3427734375 -0.18310546875 -2.62451171875 2286065
-1.3427734375 -0.18310546875 -2.62451171875 2286065
-1.3427734375 -0.18310546875 -2.62451171875 2286066
-1.3427734375 -0.18310546875 -2.62451171875 2286067
-0.48828125 -0.30517578125 -2.197265625 2286161
-0.48828125 -0.30517578125 -2.197265625 2286250
-0.9765625 -0.732421875 -2.38037109375 2286251
-0.9765625 -0.732421875 -2.38037109375 2286252
-0.9765625 -0.732421875 -2.38037109375 2286252
-0.9765625 -0.732421875 -2.38037109375 2286253
-0.9765625 -0.732421875 -2.38037109375 2286364
-0.48828125 0.1220703125 -2.50244140625 2286365
-0.48828125 0.1220703125 -2.50244140625 2286365
-0.48828125 0.1220703125 -2.50244140625 2286366
-0.48828125 0.1220703125 -2.50244140625 2286367
-0.48828125 0.1220703125 -2.50244140625 2286466
-2.01416015625 0.18310546875 -1.89208984375 2286467
-2.01416015625 0.18310546875 -1.89208984375 2286468
-2.01416015625 0.18310546875 -1.89208984375 2286469
-2.01416015625 0.18310546875 -1.89208984375 2286470
-2.01416015625 0.18310546875 -1.89208984375 2286569
-0.8544921875 2.99072265625 -1.40380859375 2286570
-0.8544921875 2.99072265625 -1.40380859375 2286570
-0.8544921875 2.99072265625 -1.40380859375 2286571
-0.8544921875 2.99072265625 -1.40380859375 2286571
-0.8544921875 2.99072265625 -1.40380859375 2286671
1.52587890625 0.6103515625 -2.44140625 2286672
1.52587890625 0.6103515625 -2.44140625 2286673
1.52587890625 0.6103515625 -2.44140625 2286674
1.52587890625 0.6103515625 -2.44140625 2286675
1.52587890625 0.6103515625 -2.44140625 2286773
2.01416015625 0.06103515625 -2.25830078125 2286774
2.01416015625 0.06103515625 -2.25830078125 2286775
2.01416015625 0.06103515625 -2.25830078125 2286776
2.01416015625 0.06103515625 -2.25830078125 2286776
-1.3427734375 0 -1.28173828125 2286849
-1.3427734375 0 -1.28173828125 2286969
0.732421875 1.15966796875 -1.46484375 2286970
0.732421875 1.15966796875 -1.46484375 2286971
0.732421875 1.15966796875 -1.46484375 2286972
0.732421875 1.15966796875 -1.46484375 2286973
0.732421875 1.15966796875 -1.46484375 2287091
1.46484375 -0.8544921875 -1.0986328125 2287092
1.46484375 -0.8544921875 -1.0986328125 2287094
1.46484375 -0.8544921875 -1.0986328125 2287095
1.46484375 -0.8544921875 -1.0986328125 2287095
0.48828125 -2.0751953125 -0.9765625 2287174
0.48828125 -2.0751953125 -0.9765625 2287277
-1.3427734375 0.732421875 -1.52587890625 2287278
-1.3427734375 0.732421875 -1.52587890625 2287278
-1.3427734375 0.732421875 -1.52587890625 2287279
-1.3427734375 0.732421875 -1.52587890625 2287279
-0.06103515625 0.3662109375 -1.0986328125 2287347
-0.06103515625 0.3662109375 -1.0986328125 2287464
-0.06103515625 0 -2.44140625 2287465
-0.06103515625 0 -2.44140625 2287466
-0.06103515625 0 -2.44140625 2287466
-0.06103515625 0 -2.44140625 2287467
-0.06103515625 0 -2.44140625 2287567
-0.244140625 1.708984375 -2.685546875 2287568
-0.244140625 1.708984375 -2.685546875 2287569
-0.244140625 1.708984375 -2.685546875 2287570
-0.244140625 1.708984375 -2.685546875 2287571
-0.244140625 1.708984375 -2.685546875 2287670
-0.30517578125 0.48828125 -1.77001953125 2287670
-0.30517578125 0.48828125 -1.77001953125 2287671
-0.30517578125 0.48828125 -1.77001953125 2287672
-0.30517578125 0.48828125 -1.77001953125 2287672
-0.30517578125 0.48828125 -1.77001953125 2287772
-1.64794921875 0.79345703125 -3.35693359375 2287773
-1.64794921875 0.79345703125 -3.35693359375 2287774
-1.64794921875 0.79345703125 -3.35693359375 2287774
-1.64794921875 0.79345703125 -3.35693359375 2287775
-1.64794921875 0.79345703125 -3.35693359375 2287875
-1.40380859375 -0.732421875 -3.60107421875 2287876
-1.40380859375 -0.732421875 -3.60107421875 2287876
-1.40380859375 -0.732421875 -3.60107421875 2287877
-1.40380859375 -0.732421875 -3.60107421875 2287878
0.30517578125 1.52587890625 -1.8310546875 2287945
0.30517578125 1.52587890625 -1.8310546875 2288064
-0.18310546875 1.953125 -1.46484375 2288065
-0.18310546875 1.953125 -1.46484375 2288066
-0.18310546875 1.953125 -1.46484375 2288067
-0.18310546875 1.953125 -1.46484375 2288067
-0.18310546875 1.953125 -1.46484375 2288169
0.18310546875 2.0751953125 -2.5634765625 2288169
0.18310546875 2.0751953125 -2.5634765625 2288170
0.18310546875 2.0751953125 -2.5634765625 2288171
0.18310546875 2.0751953125 -2.5634765625 2288171
0.18310546875 2.0751953125 -2.5634765625 2288272
1.28173828125 0.79345703125 -0.1220703125 2288274
1.28173828125 0.79345703125 -0.1220703125 2288275
1.28173828125 0.79345703125 -0.1220703125 2288276
1.28173828125 0.79345703125 -0.1220703125 2288276
1.03759765625 -0.06103515625 -1.0986328125 2288371
1.03759765625 -0.06103515625 -1.0986328125 2288478
-0.79345703125 0 -0.3662109375 2288479
-0.79345703125 0 -0.3662109375 2288480
-0.79345703125 0 -0.3662109375 2288481
-0.79345703125 0 -0.3662109375 2288482
0.3662109375 1.40380859375 -0.9765625 2288546
0.3662109375 1.40380859375 -0.9765625 2288665
1.46484375 1.0986328125 -0.67138671875 2288666
1.46484375 1.0986328125 -0.67138671875 2288666
1.46484375 1.0986328125 -0.67138671875 2288667
1.46484375 1.0986328125 -0.67138671875 2288668
1.46484375 1.0986328125 -0.67138671875 2288767
0.91552734375 0.6103515625 -1.64794921875 2288768
0.91552734375 0.6103515625 -1.64794921875 2288769
0.91552734375 0.6103515625 -1.64794921875 2288770
0.91552734375 0.6103515625 -1.64794921875 2288770
0.91552734375 0.6103515625 -1.64794921875 2288870
0.244140625 0.91552734375 -0.3662109375 2288871
0.244140625 0.91552734375 -0.3662109375 2288872
0.244140625 0.91552734375 -0.3662109375 2288873
0.244140625 0.91552734375 -0.3662109375 2288873
0.244140625 0.91552734375 -0.3662109375 2288973
-0.244140625 0.67138671875 -0.30517578125 2288974
-0.244140625 0.67138671875 -0.30517578125 2288974
-0.244140625 0.67138671875 -0.30517578125 2288975
-0.244140625 0.67138671875 -0.30517578125 2288976
-0.244140625 0.67138671875 -0.30517578125 2289075
1.5869140625 1.15966796875 -0.244140625 2289076
1.5869140625 1.15966796875 -0.244140625 2289077
1.5869140625 1.15966796875 -0.244140625 2289077
1.5869140625 1.15966796875 -0.244140625 2289078
1.5869140625 1.15966796875 -0.244140625 2289176
1.40380859375 1.3427734375 -1.708984375 2289177
1.40380859375 1.3427734375 -1.708984375 2289178
1.40380859375 1.3427734375 -1.708984375 2289179
1.40380859375 1.3427734375 -1.708984375 2289180
1.40380859375 0.18310546875 -1.40380859375 2289248
1.40380859375 0.18310546875 -1.40380859375 2289362
0.42724609375 0 -1.220703125 2289363
0.42724609375 0 -1.220703125 2289365
0.42724609375 0 -1.220703125 2289366
0.42724609375 0 -1.220703125 2289366
2.01416015625 -0.06103515625 -2.0751953125 2289448
2.01416015625 -0.06103515625 -2.0751953125 2289568
-1.03759765625 0.06103515625 -2.197265625 2289569
-1.03759765625 0.06103515625 -2.197265625 2289570
-1.03759765625 0.06103515625 -2.197265625 2289571
-1.03759765625 0.06103515625 -2.197265625 2289572
-1.03759765625 0.06103515625 -2.197265625 2289670
-1.3427734375 0.48828125 -1.89208984375 2289670
-1.3427734375 0.48828125 -1.89208984375 2289671
-1.3427734375 0.48828125 -1.89208984375 2289672
-1.3427734375 0.48828125 -1.89208984375 2289672
-1.3427734375 0.48828125 -1.89208984375 2289773
-0.42724609375 0.8544921875 -2.8076171875 2289774
-0.42724609375 0.8544921875 -2.8076171875 2289775
-0.42724609375 0.8544921875 -2.8076171875 2289775
-0.42724609375 0.8544921875 -2.8076171875 2289776
-0.42724609375 0.8544921875 -2.8076171875 2289875
0.06103515625 1.220703125 -2.50244140625 2289876
0.06103515625 1.220703125 -2.50244140625 2289877
0.06103515625 1.220703125 -2.50244140625 2289878
0.06103515625 1.220703125 -2.50244140625 2289879
0.06103515625 1.220703125 -2.50244140625 2289977
0.732421875 1.3427734375 -1.77001953125 2289978
0.732421875 1.3427734375 -1.77001953125 2289979
0.732421875 1.3427734375 -1.77001953125 2289980
0.732421875 1.3427734375 -1.77001953125 2289981
0 1.03759765625 -2.01416015625 2290050
0 1.03759765625 -2.01416015625 2290169
0.244140625 0.48828125 -1.40380859375 2290170
0.244140625 0.48828125 -1.40380859375 2290171
0.244140625 0.48828125 -1.40380859375 2290172
0.244140625 0.48828125 -1.40380859375 2290173
0.244140625 0.48828125 -1.40380859375 2290271
3.11279296875 1.220703125 -1.03759765625 2290272
3.11279296875 1.220703125 -1.03759765625 2290273
3.11279296875 1.220703125 -1.03759765625 2290273
3.11279296875 1.220703125 -1.03759765625 2290274
3.11279296875 1.220703125 -1.03759765625 2290375
0.67138671875 2.5634765625 -2.62451171875 2290376
0.67138671875 2.5634765625 -2.62451171875 2290377
0.67138671875 2.5634765625 -2.62451171875 2290378
0.67138671875 2.5634765625 -2.62451171875 2290378
0.67138671875 2.5634765625 -2.62451171875 2290478
-0.91552734375 1.5869140625 -2.5634765625 2290479
-0.91552734375 1.5869140625 -2.5634765625 2290480
-0.91552734375 1.5869140625 -2.5634765625 2290481
-0.91552734375 1.5869140625 -2.5634765625 2290481
-0.6103515625 0.8544921875 -3.0517578125 2290547
-0.6103515625 0.8544921875 -3.0517578125 2290668
-0.6103515625 -0.06103515625 -3.96728515625 2290669
-0.6103515625 -0.06103515625 -3.96728515625 2290669
-0.6103515625 -0.06103515625 -3.96728515625 2290670
-0.6103515625 -0.06103515625 -3.96728515625 2290671
-0.6103515625 -0.06103515625 -3.96728515625 2290769
-1.52587890625 -0.79345703125 -2.9296875 2290770
-1.52587890625 -0.79345703125 -2.9296875 2290771
-1.52587890625 -0.79345703125 -2.9296875 2290772
-1.52587890625 -0.79345703125 -2.9296875 2290773
-1.52587890625 -0.79345703125 -2.9296875 2290874
1.89208984375 2.685546875 0.244140625 2290875
1.89208984375 2.685546875 0.244140625 2290876
1.89208984375 2.685546875 0.244140625 2290877
1.89208984375 2.685546875 0.244140625 2290879
-1.64794921875 2.13623046875 -5.2490234375 2290974
-1.64794921875 2.13623046875 -5.2490234375 2291076
-4.2724609375 -0.18310546875 -6.103515625 2291078
-4.2724609375 -0.18310546875 -6.103515625 2291079
-4.2724609375 -0.18310546875 -6.103515625 2291080
-4.2724609375 -0.18310546875 -6.103515625 2291080
-8.30078125 -8.4228515625 -6.8359375 2291147
-8.30078125 -8.4228515625 -6.8359375 2291267
-0.8544921875 -3.41796875 -11.77978515625 2291268
-0.8544921875 -3.41796875 -11.77978515625 2291269
-0.8544921875 -3.41796875 -11.77978515625 2291269
-0.8544921875 -3.41796875 -11.77978515625 2291270
-0.8544921875 -3.41796875 -11.77978515625 2291370
3.60107421875 2.3193359375 -19.53125 2291371
3.60107421875 2.3193359375 -19.53125 2291372
3.60107421875 2.3193359375 -19.53125 2291372
3.60107421875 2.3193359375 -19.53125 2291373
3.60107421875 2.3193359375 -19.53125 2291473
7.32421875 -1.64794921875 -21.66748046875 2291474
7.32421875 -1.64794921875 -21.66748046875 2291475
7.32421875 -1.64794921875 -21.66748046875 2291475
7.32421875 -1.64794921875 -21.66748046875 2291476
7.32421875 -1.64794921875 -21.66748046875 2291575
5.615234375 -4.7607421875 -31.3720703125 2291576
5.615234375 -4.7607421875 -31.3720703125 2291576
5.615234375 -4.7607421875 -31.3720703125 2291577
5.615234375 -4.7607421875 -31.3720703125 2291579
5.615234375 -4.7607421875 -31.3720703125 2291679
23.681640625 6.591796875 -25.93994140625 2291679
23.681640625 6.591796875 -25.93994140625 2291680
23.681640625 6.591796875 -25.93994140625 2291681
23.681640625 6.591796875 -25.93994140625 2291681
28.9306640625 31.73828125 -17.822265625 2291747
28.9306640625 31.73828125 -17.822265625 2291867
39.61181640625 44.12841796875 -20.01953125 2291868
39.61181640625 44.12841796875 -20.01953125 2291869
39.61181640625 44.12841796875 -20.01953125 2291870
39.61181640625 44.12841796875 -20.01953125 2291871
39.61181640625 44.12841796875 -20.01953125 2291968
14.0380859375 93.6279296875 -33.38623046875 2291969
14.0380859375 93.6279296875 -33.38623046875 2291970
14.0380859375 93.6279296875 -33.38623046875 2291971
14.0380859375 93.6279296875 -33.38623046875 2291971
14.0380859375 93.6279296875 -33.38623046875 2292069
14.83154296875 113.22021484375 -42.05322265625 2292070
14.83154296875 113.22021484375 -42.05322265625 2292071
14.83154296875 113.22021484375 -42.05322265625 2292072
14.83154296875 113.22021484375 -42.05322265625 2292073
14.83154296875 113.22021484375 -42.05322265625 2292173
18.6767578125 155.09033203125 -20.32470703125 2292174
18.6767578125 155.09033203125 -20.32470703125 2292175
18.6767578125 155.09033203125 -20.32470703125 2292176
18.6767578125 155.09033203125 -20.32470703125 2292176
18.6767578125 155.09033203125 -20.32470703125 2292287
-1.0986328125 171.9970703125 -32.04345703125 2292288
-1.0986328125 171.9970703125 -32.04345703125 2292289
-1.0986328125 171.9970703125 -32.04345703125 2292290
-1.0986328125 171.9970703125 -32.04345703125 2292291
3.60107421875 145.3857421875 -30.8837890625 2292378
3.60107421875 145.3857421875 -30.8837890625 2292450
19.47021484375 154.96826171875 -29.541015625 2292451
19.47021484375 154.96826171875 -29.541015625 2292452
19.47021484375 154.96826171875 -29.541015625 2292453
19.47021484375 154.96826171875 -29.541015625 2292453
19.47021484375 154.96826171875 -29.541015625 2292562
17.7001953125 131.65283203125 -54.50439453125 2292563
17.7001953125 131.65283203125 -54.50439453125 2292564
17.7001953125 131.65283203125 -54.50439453125 2292565
17.7001953125 131.65283203125 -54.50439453125 2292565
6.9580078125 80.38330078125 -38.39111328125 2292651
6.9580078125 80.38330078125 -38.39111328125 2292771
11.04736328125 1.708984375 -29.96826171875 2292772
11.04736328125 1.708984375 -29.96826171875 2292773
11.04736328125 1.708984375 -29.96826171875 2292774
11.04736328125 1.708984375 -29.96826171875 2292774
11.04736328125 1.708984375 -29.96826171875 2292873
10.25390625 16.05224609375 -18.5546875 2292874
10.25390625 16.05224609375 -18.5546875 2292875
10.25390625 16.05224609375 -18.5546875 2292876
10.25390625 16.05224609375 -18.5546875 2292877
4.0283203125 24.658203125 -19.6533203125 2292967
4.0283203125 24.658203125 -19.6533203125 2293077
-6.53076171875 57.7392578125 2.86865234375 2293077
-6.53076171875 57.7392578125 2.86865234375 2293078
-6.53076171875 57.7392578125 2.86865234375 2293079
-6.53076171875 57.7392578125 2.86865234375 2293080
-6.53076171875 57.7392578125 2.86865234375 2293177
-22.0947265625 46.875 -0.30517578125 2293178
-22.0947265625 46.875 -0.30517578125 2293179
-22.0947265625 46.875 -0.30517578125 2293180
-22.0947265625 46.875 -0.30517578125 2293180
-141.41845703125 -84.1064453125 190.185546875 2293249
-141.41845703125 -84.1064453125 190.185546875 2293371
17.2119140625 -146.91162109375 18.24951171875 2293372
17.2119140625 -146.91162109375 18.24951171875 2293373
17.2119140625 -146.91162109375 18.24951171875 2293373
17.2119140625 -146.91162109375 18.24951171875 2293374
12.51220703125 -118.1640625 -68.17626953125 2293469
12.51220703125 -118.1640625 -68.17626953125 2293574
14.09912109375 -385.6201171875 73.1201171875 2293575
14.09912109375 -385.6201171875 73.1201171875 2293576
14.09912109375 -385.6201171875 73.1201171875 2293577
14.09912109375 -385.6201171875 73.1201171875 2293578
14.09912109375 -385.6201171875 73.1201171875 2293676
-79.52880859375 -692.626953125 -97.35107421875 2293677
-79.52880859375 -692.626953125 -97.35107421875 2293678
-79.52880859375 -692.626953125 -97.35107421875 2293679
-79.52880859375 -692.626953125 -97.35107421875 2293681
-79.52880859375 -692.626953125 -97.35107421875 2293777
-24.10888671875 -94.42138671875 32.2265625 2293778
-24.10888671875 -94.42138671875 32.2265625 2293779
-24.10888671875 -94.42138671875 32.2265625 2293780
-24.10888671875 -94.42138671875 32.2265625 2293780
-21.728515625 0.732421875 32.958984375 2293849
-21.728515625 0.732421875 32.958984375 2293969
-21.3623046875 19.10400390625 28.80859375 2293971
-21.3623046875 19.10400390625 28.80859375 2293972
-21.3623046875 19.10400390625 28.80859375 2293973
-21.3623046875 19.10400390625 28.80859375 2293974
-21.3623046875 19.10400390625 28.80859375 2294072
-20.99609375 30.76171875 40.4052734375 2294073
-20.99609375 30.76171875 40.4052734375 2294073
-20.99609375 30.76171875 40.4052734375 2294074
-20.99609375 30.76171875 40.4052734375 2294075
-20.99609375 30.76171875 40.4052734375 2294174
-1.40380859375 20.99609375 43.15185546875 2294175
-1.40380859375 20.99609375 43.15185546875 2294176
-1.40380859375 20.99609375 43.15185546875 2294177
-1.40380859375 20.99609375 43.15185546875 2294177
-1.40380859375 20.99609375 43.15185546875 2294278
38.6962890625 28.80859375 56.82373046875 2294279
38.6962890625 28.80859375 56.82373046875 2294280
38.6962890625 28.80859375 56.82373046875 2294280
38.6962890625 28.80859375 56.82373046875 2294281
38.6962890625 28.80859375 56.82373046875 2294379
21.30126953125 24.84130859375 31.982421875 2294380
21.30126953125 24.84130859375 31.982421875 2294383
21.30126953125 24.84130859375 31.982421875 2294384
21.30126953125 24.84130859375 31.982421875 2294385
30.33447265625 46.08154296875 28.4423828125 2294452
30.33447265625 46.08154296875 28.4423828125 2294573
23.4375 37.04833984375 19.04296875 2294574
23.4375 37.04833984375 19.04296875 2294574
23.4375 37.04833984375 19.04296875 2294575
23.4375 37.04833984375 19.04296875 2294576
23.4375 37.04833984375 19.04296875 2294675
33.50830078125 38.6962890625 2.5634765625 2294678
33.50830078125 38.6962890625 2.5634765625 2294679
33.50830078125 38.6962890625 2.5634765625 2294679
33.50830078125 38.6962890625 2.5634765625 2294680
33.50830078125 38.6962890625 2.5634765625 2294783
37.78076171875 43.27392578125 -2.197265625 2294784
37.78076171875 43.27392578125 -2.197265625 2294785
37.78076171875 43.27392578125 -2.197265625 2294786
37.78076171875 43.27392578125 -2.197265625 2294787
22.5830078125 14.70947265625 4.39453125 2294880
22.5830078125 14.70947265625 4.39453125 2294949
10.07080078125 2.25830078125 3.0517578125 2294950
10.07080078125 2.25830078125 3.0517578125 2294951
10.07080078125 2.25830078125 3.0517578125 2294952
10.07080078125 2.25830078125 3.0517578125 2294952
10.07080078125 2.25830078125 3.0517578125 2295069
4.0283203125 -5.2490234375 4.7607421875 2295070
4.0283203125 -5.2490234375 4.7607421875 2295070
4.0283203125 -5.2490234375 4.7607421875 2295071
4.0283203125 -5.2490234375 4.7607421875 2295072
4.0283203125 -5.2490234375 4.7607421875 2295171
9.09423828125 -10.43701171875 3.11279296875 2295172
9.09423828125 -10.43701171875 3.11279296875 2295172
9.09423828125 -10.43701171875 3.11279296875 2295173
9.09423828125 -10.43701171875 3.11279296875 2295174
4.638671875 -7.2021484375 6.34765625 2295274
4.638671875 -7.2021484375 6.34765625 2295275
4.638671875 -7.2021484375 6.34765625 2295276
4.638671875 -7.2021484375 6.34765625 2295276
4.638671875 -7.2021484375 6.34765625 2295379
7.62939453125 -33.75244140625 3.662109375 2295380
7.62939453125 -33.75244140625 3.662109375 2295381
7.62939453125 -33.75244140625 3.662109375 2295382
7.62939453125 -33.75244140625 3.662109375 2295383
7.62939453125 -33.75244140625 3.662109375 2295482
-3.23486328125 -23.4375 2.685546875 2295483
-3.23486328125 -23.4375 2.685546875 2295483
-3.23486328125 -23.4375 2.685546875 2295484
-3.23486328125 -23.4375 2.685546875 2295485
-35.58349609375 -54.8095703125 15.7470703125 2295549
-35.58349609375 -54.8095703125 15.7470703125 2295669
-63.41552734375 -61.46240234375 -2.9296875 2295669
-63.41552734375 -61.46240234375 -2.9296875 2295670
-63.41552734375 -61.46240234375 -2.9296875 2295671
-63.41552734375 -61.46240234375 -2.9296875 2295671
-33.935546875 -41.44287109375 4.33349609375 2295764
-33.935546875 -41.44287109375 4.33349609375 2295850
-24.96337890625 -1.52587890625 -1.220703125 2295851
-24.96337890625 -1.52587890625 -1.220703125 2295851
-24.96337890625 -1.52587890625 -1.220703125 2295852
-24.96337890625 -1.52587890625 -1.220703125 2295853
-24.96337890625 -1.52587890625 -1.220703125 2295970
-6.89697265625 7.8125 -5.31005859375 2295971
-6.89697265625 7.8125 -5.31005859375 2295972
-6.89697265625 7.8125 -5.31005859375 2295972
-6.89697265625 7.8125 -5.31005859375 2295973
-6.89697265625 7.8125 -5.31005859375 2296072
2.74658203125 12.02392578125 -3.72314453125 2296073
2.74658203125 12.02392578125 -3.72314453125 2296073
2.74658203125 12.02392578125 -3.72314453125 2296074
2.74658203125 12.02392578125 -3.72314453125 2296075
2.74658203125 12.02392578125 -3.72314453125 2296174
-6.04248046875 9.765625 -7.32421875 2296176
-6.04248046875 9.765625 -7.32421875 2296177
-6.04248046875 9.765625 -7.32421875 2296178
-6.04248046875 9.765625 -7.32421875 2296179
-6.04248046875 9.765625 -7.32421875 2296277
-6.103515625 -8.056640625 -4.57763671875 2296278
-6.103515625 -8.056640625 -4.57763671875 2296279
-6.103515625 -8.056640625 -4.57763671875 2296279
-6.103515625 -8.056640625 -4.57763671875 2296280
-6.103515625 -8.056640625 -4.57763671875 2296381
-11.53564453125 6.04248046875 -8.4228515625 2296381
-11.53564453125 6.04248046875 -8.4228515625 2296382
-11.53564453125 6.04248046875 -8.4228515625 2296383
-11.53564453125 6.04248046875 -8.4228515625 2296383
-4.69970703125 9.94873046875 -6.9580078125 2296452
-4.69970703125 9.94873046875 -6.9580078125 2296572
-7.9345703125 1.8310546875 -5.0048828125 2296573
-7.9345703125 1.8310546875 -5.0048828125 2296574
-7.9345703125 1.8310546875 -5.0048828125 2296574
-7.9345703125 1.8310546875 -5.0048828125 2296575
-7.9345703125 1.8310546875 -5.0048828125 2296674
-10.43701171875 -2.01416015625 -5.0048828125 2296675
-10.43701171875 -2.01416015625 -5.0048828125 2296676
-10.43701171875 -2.01416015625 -5.0048828125 2296677
-10.43701171875 -2.01416015625 -5.0048828125 2296678
-10.43701171875 -2.01416015625 -5.0048828125 2296776
-6.04248046875 -12.75634765625 -4.638671875 2296777
-6.04248046875 -12.75634765625 -4.638671875 2296778
-6.04248046875 -12.75634765625 -4.638671875 2296779
-6.04248046875 -12.75634765625 -4.638671875 2296780
-6.04248046875 -12.75634765625 -4.638671875 2296879
-1.953125 -2.01416015625 -0.42724609375 2296880
-1.953125 -2.01416015625 -0.42724609375 2296881
-1.953125 -2.01416015625 -0.42724609375 2296881
-1.953125 -2.01416015625 -0.42724609375 2296882
0.30517578125 0.67138671875 -0.8544921875 2296949
0.30517578125 0.67138671875 -0.8544921875 2297071
1.0986328125 -1.220703125 -1.52587890625 2297072
1.0986328125 -1.220703125 -1.52587890625 2297073
1.0986328125 -1.220703125 -1.52587890625 2297073
1.0986328125 -1.220703125 -1.52587890625 2297074
1.0986328125 -1.220703125 -1.52587890625 2297172
4.69970703125 -5.37109375 -0.18310546875 2297173
4.69970703125 -5.37109375 -0.18310546875 2297173
4.69970703125 -5.37109375 -0.18310546875 2297176
4.69970703125 -5.37109375 -0.18310546875 2297177
4.69970703125 -5.37109375 -0.18310546875 2297274
2.38037109375 -2.13623046875 -0.9765625 2297275
2.38037109375 -2.13623046875 -0.9765625 2297276
2.38037109375 -2.13623046875 -0.9765625 2297276
2.38037109375 -2.13623046875 -0.9765625 2297376
1.5869140625 -7.9345703125 1.220703125 2297377
1.5869140625 -7.9345703125 1.220703125 2297377
1.5869140625 -7.9345703125 1.220703125 2297378
1.5869140625 -7.9345703125 1.220703125 2297379
1.5869140625 -7.9345703125 1.220703125 2297477
2.197265625 -0.9765625 -1.953125 2297479
2.197265625 -0.9765625 -1.953125 2297479
2.197265625 -0.9765625 -1.953125 2297480
2.197265625 -0.9765625 -1.953125 2297481
0.8544921875 0.30517578125 -3.662109375 2297549
0.8544921875 0.30517578125 -3.662109375 2297670
-1.708984375 -0.67138671875 -3.35693359375 2297671
-1.708984375 -0.67138671875 -3.35693359375 2297672
-1.708984375 -0.67138671875 -3.35693359375 2297673
-1.708984375 -0.67138671875 -3.35693359375 2297673
-1.708984375 -0.67138671875 -3.35693359375 2297772
0.1220703125 0 -3.60107421875 2297772
0.1220703125 0 -3.60107421875 2297773
0.1220703125 0 -3.60107421875 2297774
0.1220703125 0 -3.60107421875 2297774
0.9765625 1.5869140625 -2.50244140625 2297876
0.9765625 1.5869140625 -2.50244140625 2297877
0.9765625 1.5869140625 -2.50244140625 2297878
0.9765625 1.5869140625 -2.50244140625 2297878
0.9765625 1.5869140625 -2.50244140625 2297976
1.8310546875 0.9765625 -2.62451171875 2297977
1.8310546875 0.9765625 -2.62451171875 2297978
1.8310546875 0.9765625 -2.62451171875 2297979
1.8310546875 0.9765625 -2.62451171875 2297980
1.8310546875 0.9765625 -2.62451171875 2298081
1.52587890625 -0.6103515625 -1.77001953125 2298082
1.52587890625 -0.6103515625 -1.77001953125 2298083
1.52587890625 -0.6103515625 -1.77001953125 2298084
1.52587890625 -0.6103515625 -1.77001953125 2298085
1.8310546875 1.15966796875 -2.13623046875 2298151
1.8310546875 1.15966796875 -2.13623046875 2298270
2.197265625 0.6103515625 -2.8076171875 2298270
2.197265625 0.6103515625 -2.8076171875 2298271
2.197265625 0.6103515625 -2.8076171875 2298272
2.197265625 0.6103515625 -2.8076171875 2298273
2.197265625 0.6103515625 -2.8076171875 2298372
3.2958984375 0.732421875 -1.52587890625 2298373
3.2958984375 0.732421875 -1.52587890625 2298374
3.2958984375 0.732421875 -1.52587890625 2298375
3.2958984375 0.732421875 -1.52587890625 2298376
3.2958984375 0.732421875 -1.52587890625 2298474
0.67138671875 1.708984375 -2.9296875 2298475
0.67138671875 1.708984375 -2.9296875 2298477
0.67138671875 1.708984375 -2.9296875 2298478
0.67138671875 1.708984375 -2.9296875 2298479
0.67138671875 1.708984375 -2.9296875 2298576
-0.732421875 2.25830078125 -1.46484375 2298578
-0.732421875 2.25830078125 -1.46484375 2298579
-0.732421875 2.25830078125 -1.46484375 2298579
-0.732421875 2.25830078125 -1.46484375 2298580
-0.732421875 2.25830078125 -1.46484375 2298679
-0.8544921875 0 -1.15966796875 2298680
-0.8544921875 0 -1.15966796875 2298681
-0.8544921875 0 -1.15966796875 2298681
-0.8544921875 0 -1.15966796875 2298682
-0.8544921875 0 -1.15966796875 2298781
2.3193359375 2.62451171875 -1.220703125 2298782
2.3193359375 2.62451171875 -1.220703125 2298783
2.3193359375 2.62451171875 -1.220703125 2298783
2.3193359375 2.62451171875 -1.220703125 2298784
1.220703125 2.0751953125 -1.0986328125 2298852
1.220703125 2.0751953125 -1.0986328125 2298963
-0.18310546875 2.50244140625 -1.953125 2298964
-0.18310546875 2.50244140625 -1.953125 2298964
-0.18310546875 2.50244140625 -1.953125 2298965
-0.18310546875 2.50244140625 -1.953125 2298966
0 1.8310546875 -3.72314453125 2299054
0 1.8310546875 -3.72314453125 2299174
-0.48828125 -0.18310546875 -2.50244140625 2299178
-0.48828125 -0.18310546875 -2.50244140625 2299187
-0.48828125 -0.18310546875 -2.50244140625 2299188
-0.48828125 -0.18310546875 -2.50244140625 2299188
-0.48828125 -0.18310546875 -2.50244140625 2299289
0.06103515625 -0.9765625 -1.28173828125 2299290
0.06103515625 -0.9765625 -1.28173828125 2299291
0.06103515625 -0.9765625 -1.28173828125 2299292
0.06103515625 -0.9765625 -1.28173828125 2299292
-0.79345703125 1.220703125 -2.01416015625 2299378
-0.79345703125 1.220703125 -2.01416015625 2299482
-0.3662109375 1.8310546875 -0.79345703125 2299482
-0.3662109375 1.8310546875 -0.79345703125 2299482
-0.3662109375 1.8310546875 -0.79345703125 2299483
-0.3662109375 1.8310546875 -0.79345703125 2299484
-0.42724609375 0.18310546875 0.30517578125 2299551
-0.42724609375 0.18310546875 0.30517578125 2299672
-0.6103515625 0.30517578125 -1.220703125 2299673
-0.6103515625 0.30517578125 -1.220703125 2299674
-0.6103515625 0.30517578125 -1.220703125 2299675
-0.6103515625 0.30517578125 -1.220703125 2299676
-0.6103515625 0.30517578125 -1.220703125 2299773
-0.06103515625 0.6103515625 -0.6103515625 2299774
-0.06103515625 0.6103515625 -0.6103515625 2299775
-0.06103515625 0.6103515625 -0.6103515625 2299776
-0.06103515625 0.6103515625 -0.6103515625 2299778
-0.06103515625 0.6103515625 -0.6103515625 2299877
0.1220703125 -1.46484375 -2.0751953125 2299878
0.1220703125 -1.46484375 -2.0751953125 2299878
0.1220703125 -1.46484375 -2.0751953125 2299879
0.1220703125 -1.46484375 -2.0751953125 2299879
0.1220703125 -1.46484375 -2.0751953125 2299978
1.220703125 -0.42724609375 -2.13623046875 2299979
1.220703125 -0.42724609375 -2.13623046875 2299980
1.220703125 -0.42724609375 -2.13623046875 2299981
1.220703125 -0.42724609375 -2.13623046875 2299981
1.220703125 -0.42724609375 -2.13623046875 2300081
0.18310546875 0.8544921875 -2.50244140625 2300081
0.18310546875 0.8544921875 -2.50244140625 2300082
0.18310546875 0.8544921875 -2.50244140625 2300083
0.18310546875 0.8544921875 -2.50244140625 2300084
0.18310546875 -0.244140625 -1.89208984375 2300150
0.18310546875 -0.244140625 -1.89208984375 2300272
0 0.6103515625 -1.40380859375 2300273
0 0.6103515625 -1.40380859375 2300274
0 0.6103515625 -1.40380859375 2300275
0 0.6103515625 -1.40380859375 2300276
0 0.6103515625 -1.40380859375 2300372
1.8310546875 1.220703125 -0.9765625 2300373
1.8310546875 1.220703125 -0.9765625 2300376
1.8310546875 1.220703125 -0.9765625 2300376
1.8310546875 1.220703125 -0.9765625 2300377
1.8310546875 1.220703125 -0.9765625 2300475
-0.244140625 0.3662109375 -2.13623046875 2300475
-0.244140625 0.3662109375 -2.13623046875 2300476
-0.244140625 0.3662109375 -2.13623046875 2300477
-0.244140625 0.3662109375 -2.13623046875 2300477
-0.244140625 0.3662109375 -2.13623046875 2300577
-0.18310546875 1.0986328125 -2.13623046875 2300578
-0.18310546875 1.0986328125 -2.13623046875 2300579
-0.18310546875 1.0986328125 -2.13623046875 2300580
-0.18310546875 1.0986328125 -2.13623046875 2300580
-0.18310546875 1.0986328125 -2.13623046875 2300679
1.3427734375 0.54931640625 -1.52587890625 2300680
1.3427734375 0.54931640625 -1.52587890625 2300681
1.3427734375 0.54931640625 -1.52587890625 2300682
1.3427734375 0.54931640625 -1.52587890625 2300682
1.3427734375 0.54931640625 -1.52587890625 2300784
0.244140625 1.52587890625 -2.5634765625 2300785
0.244140625 1.52587890625 -2.5634765625 2300786
0.244140625 1.52587890625 -2.5634765625 2300786
0.244140625 1.52587890625 -2.5634765625 2300787
0 0.79345703125 -1.5869140625 2300852
0 0.79345703125 -1.5869140625 2300973
0.9765625 0.54931640625 -2.685546875 2300974
0.9765625 0.54931640625 -2.685546875 2300975
0.9765625 0.54931640625 -2.685546875 2300976
0.9765625 0.54931640625 -2.685546875 2300976
0.9765625 0.54931640625 -2.685546875 2301077
1.03759765625 1.03759765625 -1.5869140625 2301078
1.03759765625 1.03759765625 -1.5869140625 2301079
1.03759765625 1.03759765625 -1.5869140625 2301079
1.03759765625 1.03759765625 -1.5869140625 2301080
1.03759765625 1.03759765625 -1.5869140625 2301179
1.708984375 0.67138671875 -0.6103515625 2301180
1.708984375 0.67138671875 -0.6103515625 2301181
1.708984375 0.67138671875 -0.6103515625 2301181
1.708984375 0.67138671875 -0.6103515625 2301182
1.46484375 2.01416015625 -2.01416015625 2301254
1.46484375 2.01416015625 -2.01416015625 2301375
-0.67138671875 2.5634765625 -3.5400390625 2301376
-0.67138671875 2.5634765625 -3.5400390625 2301376
-0.67138671875 2.5634765625 -3.5400390625 2301377
-0.67138671875 2.5634765625 -3.5400390625 2301378
-0.67138671875 2.5634765625 -3.5400390625 2301478
-1.77001953125 0.54931640625 -3.41796875 2301479
-1.77001953125 0.54931640625 -3.41796875 2301479
-1.77001953125 0.54931640625 -3.41796875 2301480
-1.77001953125 0.54931640625 -3.41796875 2301481
-1.77001953125 0.54931640625 -3.41796875 2301580
-2.01416015625 0.9765625 -2.25830078125 2301581
-2.01416015625 0.9765625 -2.25830078125 2301582
-2.01416015625 0.9765625 -2.25830078125 2301582
-2.01416015625 0.9765625 -2.25830078125 2301583
-2.01416015625 0.9765625 -2.25830078125 2301684
1.28173828125 2.74658203125 -0.79345703125 2301685
1.28173828125 2.74658203125 -0.79345703125 2301686
1.28173828125 2.74658203125 -0.79345703125 2301686
1.28173828125 2.74658203125 -0.79345703125 2301687
1.220703125 1.46484375 -1.5869140625 2301753
1.220703125 1.46484375 -1.5869140625 2301871
-0.67138671875 2.3193359375 -2.44140625 2301872
-0.67138671875 2.3193359375 -2.44140625 2301873
-0.67138671875 2.3193359375 -2.44140625 2301874
-0.67138671875 2.3193359375 -2.44140625 2301874
-0.67138671875 2.3193359375 -2.44140625 2301973
0.732421875 0.42724609375 -1.46484375 2301974
0.732421875 0.42724609375 -1.46484375 2301975
0.732421875 0.42724609375 -1.46484375 2301976
0.732421875 0.42724609375 -1.46484375 2301977
0.732421875 0.42724609375 -1.46484375 2302075
1.5869140625 0.8544921875 -0.91552734375 2302076
1.5869140625 0.8544921875 -0.91552734375 2302077
1.5869140625 0.8544921875 -0.91552734375 2302078
1.5869140625 0.8544921875 -0.91552734375 2302078
1.5869140625 0.8544921875 -0.91552734375 2302183
-0.67138671875 0.48828125 -1.40380859375 2302184
-0.67138671875 0.48828125 -1.40380859375 2302185
-0.67138671875 0.48828125 -1.40380859375 2302185
-0.67138671875 0.48828125 -1.40380859375 2302186
-0.9765625 1.8310546875 -0.8544921875 2302255
-0.9765625 1.8310546875 -0.8544921875 2302375
1.15966796875 1.64794921875 -0.9765625 2302376
1.15966796875 1.64794921875 -0.9765625 2302377
1.15966796875 1.64794921875 -0.9765625 2302378
1.15966796875 1.64794921875 -0.9765625 2302379
1.15966796875 1.64794921875 -0.9765625 2302477
1.64794921875 2.197265625 -0.79345703125 2302478
1.64794921875 2.197265625 -0.79345703125 2302478
1.64794921875 2.197265625 -0.79345703125 2302479
1.64794921875 2.197265625 -0.79345703125 2302480
1.64794921875 2.197265625 -0.79345703125 2302582
-1.03759765625 1.15966796875 -1.46484375 2302583
-1.03759765625 1.15966796875 -1.46484375 2302584
-1.03759765625 1.15966796875 -1.46484375 2302585
-1.03759765625 1.15966796875 -1.46484375 2302585
-1.03759765625 1.15966796875 -1.46484375 2302682
0.79345703125 0.1220703125 -1.3427734375 2302683
0.79345703125 0.1220703125 -1.3427734375 2302683
1.52587890625 0.8544921875 -1.0986328125 2302752
1.52587890625 0.8544921875 -1.0986328125 2302753
1.52587890625 0.8544921875 -1.0986328125 2302754
1.52587890625 0.8544921875 -1.0986328125 2302877
-1.28173828125 1.52587890625 -0.54931640625 2302878
-1.28173828125 1.52587890625 -0.54931640625 2302879
-1.28173828125 1.52587890625 -0.54931640625 2302879
-1.28173828125 1.52587890625 -0.54931640625 2302880
-1.28173828125 1.52587890625 -0.54931640625 2302981
-1.8310546875 0.732421875 -2.25830078125 2302982
-1.8310546875 0.732421875 -2.25830078125 2302982
-1.8310546875 0.732421875 -2.25830078125 2302983
-1.8310546875 0.732421875 -2.25830078125 2302985
0.48828125 0.48828125 -0.91552734375 2303055
0.48828125 0.48828125 -0.91552734375 2303173
0.06103515625 0.244140625 -2.01416015625 2303174
0.06103515625 0.244140625 -2.01416015625 2303175
0.06103515625 0.244140625 -2.01416015625 2303175
0.06103515625 0.244140625 -2.01416015625 2303176
-1.77001953125 0 -3.47900390625 2303278
-1.77001953125 0 -3.47900390625 2303279
-1.77001953125 0 -3.47900390625 2303280
-1.77001953125 0 -3.47900390625 2303280
-1.77001953125 0 -3.47900390625 2303383
-1.89208984375 -0.42724609375 -3.84521484375 2303384
-1.89208984375 -0.42724609375 -3.84521484375 2303385
-1.89208984375 -0.42724609375 -3.84521484375 2303386
-1.89208984375 -0.42724609375 -3.84521484375 2303386
-1.89208984375 -0.42724609375 -3.84521484375 2303488
-1.8310546875 0.6103515625 -1.0986328125 2303489
-1.8310546875 0.6103515625 -1.0986328125 2303490
-1.8310546875 0.6103515625 -1.0986328125 2303491
-1.8310546875 0.6103515625 -1.0986328125 2303492
2.25830078125 0.42724609375 -0.30517578125 2303554
2.25830078125 0.42724609375 -0.30517578125 2303671
-0.6103515625 -0.6103515625 -1.220703125 2303672
-0.6103515625 -0.6103515625 -1.220703125 2303673
-0.6103515625 -0.6103515625 -1.220703125 2303673
-0.6103515625 -0.6103515625 -1.220703125 2303674
-0.6103515625 -0.6103515625 -1.220703125 2303774
-3.173828125 -0.54931640625 -0.06103515625 2303775
-3.173828125 -0.54931640625 -0.06103515625 2303776
-3.173828125 -0.54931640625 -0.06103515625 2303777
-3.173828125 -0.54931640625 -0.06103515625 2303777
-3.173828125 -0.54931640625 -0.06103515625 2303877
-5.37109375 0.18310546875 -5.43212890625 2303878
-5.37109375 0.18310546875 -5.43212890625 2303879
-5.37109375 0.18310546875 -5.43212890625 2303880
-5.37109375 0.18310546875 -5.43212890625 2303881
-5.37109375 0.18310546875 -5.43212890625 2303989
-2.99072265625 -4.57763671875 -5.126953125 2303990
-2.99072265625 -4.57763671875 -5.126953125 2303991
-2.99072265625 -4.57763671875 -5.126953125 2303992
-2.99072265625 -4.57763671875 -5.126953125 2303992
-2.62451171875 -2.13623046875 -13.3056640625 2304083
-2.62451171875 -2.13623046875 -13.3056640625 2304177
-0.732421875 -2.74658203125 -15.31982421875 2304178
-0.732421875 -2.74658203125 -15.31982421875 2304178
-0.732421875 -2.74658203125 -15.31982421875 2304179
-0.732421875 -2.74658203125 -15.31982421875 2304180
-0.732421875 -2.74658203125 -15.31982421875 2304280
6.28662109375 -4.8828125 -19.4091796875 2304281
6.28662109375 -4.8828125 -19.4091796875 2304282
6.28662109375 -4.8828125 -19.4091796875 2304283
6.28662109375 -4.8828125 -19.4091796875 2304283
6.28662109375 -4.8828125 -19.4091796875 2304382
4.39453125 -9.58251953125 -22.5830078125 2304383
4.39453125 -9.58251953125 -22.5830078125 2304384
4.39453125 -9.58251953125 -22.5830078125 2304384
4.39453125 -9.58251953125 -22.5830078125 2304385
9.8876953125 -5.55419921875 -23.5595703125 2304457
9.8876953125 -5.55419921875 -23.5595703125 2304576
9.3994140625 -4.7607421875 -28.4423828125 2304577
9.3994140625 -4.7607421875 -28.4423828125 2304578
9.3994140625 -4.7607421875 -28.4423828125 2304579
9.3994140625 -4.7607421875 -28.4423828125 2304580
9.3994140625 -4.7607421875 -28.4423828125 2304678
13.24462890625 1.8310546875 -25.5126953125 2304679
13.24462890625 1.8310546875 -25.5126953125 2304680
13.24462890625 1.8310546875 -25.5126953125 2304681
13.24462890625 1.8310546875 -25.5126953125 2304682
13.24462890625 1.8310546875 -25.5126953125 2304781
40.0390625 16.845703125 -19.34814453125 2304782
40.0390625 16.845703125 -19.34814453125 2304783
40.0390625 16.845703125 -19.34814453125 2304784
40.0390625 16.845703125 -19.34814453125 2304784
40.0390625 16.845703125 -19.34814453125 2304884
44.98291015625 49.98779296875 -25.7568359375 2304885
44.98291015625 49.98779296875 -25.7568359375 2304886
44.98291015625 49.98779296875 -25.7568359375 2304887
44.98291015625 49.98779296875 -25.7568359375 2304887
27.34375 127.25830078125 -34.912109375 2304953
27.34375 127.25830078125 -34.912109375 2305070
12.0849609375 157.28759765625 -26.611328125 2305071
12.0849609375 157.28759765625 -26.611328125 2305072
12.0849609375 157.28759765625 -26.611328125 2305072
12.0849609375 157.28759765625 -26.611328125 2305073
12.0849609375 157.28759765625 -26.611328125 2305174
9.3994140625 180.908203125 -36.376953125 2305175
9.3994140625 180.908203125 -36.376953125 2305177
9.3994140625 180.908203125 -36.376953125 2305178
9.3994140625 180.908203125 -36.376953125 2305179
9.3994140625 180.908203125 -36.376953125 2305276
8.48388671875 225.7080078125 -25.93994140625 2305277
8.48388671875 225.7080078125 -25.93994140625 2305278
8.48388671875 225.7080078125 -25.93994140625 2305278
8.48388671875 225.7080078125 -25.93994140625 2305279
8.48388671875 225.7080078125 -25.93994140625 2305380
-6.53076171875 195.9228515625 -24.47509765625 2305381
-6.53076171875 195.9228515625 -24.47509765625 2305381
-6.53076171875 195.9228515625 -24.47509765625 2305382
-6.53076171875 195.9228515625 -24.47509765625 2305383
-6.53076171875 195.9228515625 -24.47509765625 2305500
28.50341796875 179.26025390625 -52.30712890625 2305501
28.50341796875 179.26025390625 -52.30712890625 2305502
28.50341796875 179.26025390625 -52.30712890625 2305502
28.50341796875 179.26025390625 -52.30712890625 2305503
6.9580078125 134.82666015625 -29.4189453125 2305584
6.9580078125 134.82666015625 -29.4189453125 2305655
-22.94921875 -10.3759765625 31.67724609375 2305655
-22.94921875 -10.3759765625 31.67724609375 2305656
-22.94921875 -10.3759765625 31.67724609375 2305659
-22.94921875 -10.3759765625 31.67724609375 2305660
-22.94921875 -10.3759765625 31.67724609375 2305774
1.52587890625 -80.810546875 14.22119140625 2305775
1.52587890625 -80.810546875 14.22119140625 2305776
1.52587890625 -80.810546875 14.22119140625 2305777
1.52587890625 -80.810546875 14.22119140625 2305777
1.52587890625 -80.810546875 14.22119140625 2305879
18.6767578125 -229.8583984375 -33.935546875 2305880
18.6767578125 -229.8583984375 -33.935546875 2305880
18.6767578125 -229.8583984375 -33.935546875 2305881
18.6767578125 -229.8583984375 -33.935546875 2305882
18.6767578125 -229.8583984375 -33.935546875 2305980
28.80859375 -734.55810546875 12.87841796875 2305980
28.80859375 -734.55810546875 12.87841796875 2306084
-15.19775390625 -132.9345703125 67.87109375 2306085
-15.19775390625 -132.9345703125 67.87109375 2306085
-15.19775390625 -132.9345703125 67.87109375 2306086
-15.19775390625 -132.9345703125 67.87109375 2306087
-33.3251953125 -65.7958984375 69.9462890625 2306154
-33.3251953125 -65.7958984375 69.9462890625 2306276
-1.220703125 22.39990234375 31.67724609375 2306277
-1.220703125 22.39990234375 31.67724609375 2306278
-1.220703125 22.39990234375 31.67724609375 2306279
-1.220703125 22.39990234375 31.67724609375 2306280
7.75146484375 20.3857421875 28.564453125 2306376
7.75146484375 20.3857421875 28.564453125 2306480
9.8876953125 7.99560546875 15.5029296875 2306481
9.8876953125 7.99560546875 15.5029296875 2306482
9.8876953125 7.99560546875 15.5029296875 2306483
9.8876953125 7.99560546875 15.5029296875 2306484
9.8876953125 7.99560546875 15.5029296875 2306581
-2.01416015625 16.6015625 1.28173828125 2306582
-2.01416015625 16.6015625 1.28173828125 2306583
-2.01416015625 16.6015625 1.28173828125 2306583
-2.01416015625 16.6015625 1.28173828125 2306584
-2.01416015625 16.6015625 1.28173828125 2306684
0.91552734375 27.16064453125 0.244140625 2306685
0.91552734375 27.16064453125 0.244140625 2306686
0.91552734375 27.16064453125 0.244140625 2306686
0.91552734375 27.16064453125 0.244140625 2306687
3.84521484375 41.07666015625 4.08935546875 2306754
3.84521484375 41.07666015625 4.08935546875 2306875
7.2021484375 38.4521484375 0.18310546875 2306875
7.2021484375 38.4521484375 0.18310546875 2306876
7.2021484375 38.4521484375 0.18310546875 2306877
7.2021484375 38.4521484375 0.18310546875 2306878
7.2021484375 38.4521484375 0.18310546875 2306978
-1.77001953125 2.5634765625 -2.86865234375 2306979
-1.77001953125 2.5634765625 -2.86865234375 2306980
-1.77001953125 2.5634765625 -2.86865234375 2306980
-1.77001953125 2.5634765625 -2.86865234375 2306981
-1.77001953125 2.5634765625 -2.86865234375 2307078
-3.47900390625 8.72802734375 -1.46484375 2307079
-3.47900390625 8.72802734375 -1.46484375 2307080
-3.47900390625 8.72802734375 -1.46484375 2307081
-3.47900390625 8.72802734375 -1.46484375 2307082
-3.47900390625 8.72802734375 -1.46484375 2307181
4.82177734375 5.92041015625 3.84521484375 2307182
4.82177734375 5.92041015625 3.84521484375 2307183
4.82177734375 5.92041015625 3.84521484375 2307183
4.82177734375 5.92041015625 3.84521484375 2307184
4.82177734375 5.92041015625 3.84521484375 2307283
10.3759765625 22.216796875 -0.30517578125 2307283
10.3759765625 22.216796875 -0.30517578125 2307284
10.3759765625 22.216796875 -0.30517578125 2307285
10.3759765625 22.216796875 -0.30517578125 2307285
56.0302734375 111.572265625 26.55029296875 2307377
56.0302734375 111.572265625 26.55029296875 2307481
45.654296875 143.6767578125 12.20703125 2307482
45.654296875 143.6767578125 12.20703125 2307483
45.654296875 143.6767578125 12.20703125 2307484
45.654296875 143.6767578125 12.20703125 2307485
45.654296875 143.6767578125 12.20703125 2307582
43.51806640625 102.60009765625 -4.150390625 2307583
43.51806640625 102.60009765625 -4.150390625 2307584
43.51806640625 102.60009765625 -4.150390625 2307584
43.51806640625 102.60009765625 -4.150390625 2307585
43.51806640625 102.60009765625 -4.150390625 2307685
25.390625 63.65966796875 -7.080078125 2307686
25.390625 63.65966796875 -7.080078125 2307686
25.390625 63.65966796875 -7.080078125 2307687
25.390625 63.65966796875 -7.080078125 2307688
-2.0751953125 -12.63427734375 7.6904296875 2307754
-2.0751953125 -12.63427734375 7.6904296875 2307873
5.9814453125 -40.0390625 13.61083984375 2307875
5.9814453125 -40.0390625 13.61083984375 2307875
5.9814453125 -40.0390625 13.61083984375 2307876
5.9814453125 -40.0390625 13.61083984375 2307877
-16.78466796875 -83.6181640625 -2.50244140625 2307970
-16.78466796875 -83.6181640625 -2.50244140625 2308057
10.7421875 -67.2607421875 17.2119140625 2308058
10.7421875 -67.2607421875 17.2119140625 2308059
10.7421875 -67.2607421875 17.2119140625 2308060
10.7421875 -67.2607421875 17.2119140625 2308060
10.7421875 -67.2607421875 17.2119140625 2308174
-28.3203125 -23.92578125 4.2724609375 2308175
-28.3203125 -23.92578125 4.2724609375 2308176
-28.3203125 -23.92578125 4.2724609375 2308177
-28.3203125 -23.92578125 4.2724609375 2308178
-28.3203125 -23.92578125 4.2724609375 2308278
-29.9072265625 -102.11181640625 20.751953125 2308279
-29.9072265625 -102.11181640625 20.751953125 2308280
-29.9072265625 -102.11181640625 20.751953125 2308281
-29.9072265625 -102.11181640625 20.751953125 2308282
-29.9072265625 -102.11181640625 20.751953125 2308383
-38.6962890625 -67.5048828125 0.6103515625 2308385
-38.6962890625 -67.5048828125 0.6103515625 2308386
-38.6962890625 -67.5048828125 0.6103515625 2308387
-38.6962890625 -67.5048828125 0.6103515625 2308388
-39.1845703125 -22.94921875 -1.5869140625 2308462
-39.1845703125 -22.94921875 -1.5869140625 2308560
-19.83642578125 2.5634765625 -6.34765625 2308572
-19.83642578125 2.5634765625 -6.34765625 2308573
-19.83642578125 2.5634765625 -6.34765625 2308574
-19.83642578125 2.5634765625 -6.34765625 2308575
-19.83642578125 2.5634765625 -6.34765625 2308679
-20.1416015625 11.16943359375 -9.46044921875 2308680
-20.1416015625 11.16943359375 -9.46044921875 2308681
-20.1416015625 11.16943359375 -9.46044921875 2308682
-20.1416015625 11.16943359375 -9.46044921875 2308682
-2.25830078125 3.60107421875 -7.75146484375 2308768
-2.25830078125 3.60107421875 -7.75146484375 2308873
-5.55419921875 7.8125 -5.18798828125 2308874
-5.55419921875 7.8125 -5.18798828125 2308874
-5.55419921875 7.8125 -5.18798828125 2308875
-5.55419921875 7.8125 -5.18798828125 2308876
-12.6953125 0.54931640625 -5.0048828125 2308955
-12.6953125 0.54931640625 -5.0048828125 2309077
-10.80322265625 2.25830078125 -6.7138671875 2309078
-10.80322265625 2.25830078125 -6.7138671875 2309079
-10.80322265625 2.25830078125 -6.7138671875 2309080
-10.80322265625 2.25830078125 -6.7138671875 2309081
-10.80322265625 2.25830078125 -6.7138671875 2309180
-2.99072265625 -1.3427734375 -1.28173828125 2309181
-2.99072265625 -1.3427734375 -1.28173828125 2309184
-2.99072265625 -1.3427734375 -1.28173828125 2309185
-2.99072265625 -1.3427734375 -1.28173828125 2309185
-2.99072265625 -1.3427734375 -1.28173828125 2309284
8.11767578125 3.41796875 0.732421875 2309285
8.11767578125 3.41796875 0.732421875 2309286
8.11767578125 3.41796875 0.732421875 2309287
8.11767578125 3.41796875 0.732421875 2309288
8.11767578125 3.41796875 0.732421875 2309386
0.79345703125 0.54931640625 3.47900390625 2309387
0.79345703125 0.54931640625 3.47900390625 2309388
0.79345703125 0.54931640625 3.47900390625 2309389
0.79345703125 0.54931640625 3.47900390625 2309389
-3.72314453125 -3.60107421875 2.3193359375 2309459
-3.72314453125 -3.60107421875 2.3193359375 2309584
-1.28173828125 -3.7841796875 1.0986328125 2309585
-1.28173828125 -3.7841796875 1.0986328125 2309586
-1.28173828125 -3.7841796875 1.0986328125 2309586
-1.28173828125 -3.7841796875 1.0986328125 2309587
-4.21142578125 -4.57763671875 -0.9765625 2309657
-4.21142578125 -4.57763671875 -0.9765625 2309779
-1.3427734375 -3.41796875 0.79345703125 2309780
-1.3427734375 -3.41796875 0.79345703125 2309781
-1.3427734375 -3.41796875 0.79345703125 2309781
-1.3427734375 -3.41796875 0.79345703125 2309782
-1.3427734375 -3.41796875 0.79345703125 2309880
-0.91552734375 -4.94384765625 -0.91552734375 2309881
-0.91552734375 -4.94384765625 -0.91552734375 2309882
-0.91552734375 -4.94384765625 -0.91552734375 2309883
-0.91552734375 -4.94384765625 -0.91552734375 2309884
-0.91552734375 -4.94384765625 -0.91552734375 2309986
-2.25830078125 -1.15966796875 -1.28173828125 2309987
-2.25830078125 -1.15966796875 -1.28173828125 2309987
-2.25830078125 -1.15966796875 -1.28173828125 2309988
-2.25830078125 -1.15966796875 -1.28173828125 2309989
1.28173828125 2.62451171875 -2.9296875 2310056
1.28173828125 2.62451171875 -2.9296875 2310178
-0.91552734375 2.13623046875 -2.86865234375 2310179
-0.91552734375 2.13623046875 -2.86865234375 2310180
-0.91552734375 2.13623046875 -2.86865234375 2310181
-0.91552734375 2.13623046875 -2.86865234375 2310182
-0.48828125 2.685546875 -2.8076171875 2310278
-0.48828125 2.685546875 -2.8076171875 2310362
-1.28173828125 0.6103515625 -1.8310546875 2310382
-1.28173828125 0.6103515625 -1.8310546875 2310383
-1.28173828125 0.6103515625 -1.8310546875 2310383
-1.28173828125 0.6103515625 -1.8310546875 2310384
-1.28173828125 0.6103515625 -1.8310546875 2310483
0.244140625 2.13623046875 -4.150390625 2310484
0.244140625 2.13623046875 -4.150390625 2310485
0.244140625 2.13623046875 -4.150390625 2310486
0.244140625 2.13623046875 -4.150390625 2310487
-0.9765625 -0.67138671875 -3.7841796875 2310576
-0.9765625 -0.67138671875 -3.7841796875 2310679
-1.64794921875 0.18310546875 -1.708984375 2310680
-1.64794921875 0.18310546875 -1.708984375 2310681
-1.64794921875 0.18310546875 -1.708984375 2310682
-1.64794921875 0.18310546875 -1.708984375 2310682
-1.64794921875 0.18310546875 -1.708984375 2310782
2.8076171875 3.0517578125 -2.0751953125 2310783
2.8076171875 3.0517578125 -2.0751953125 2310783
2.8076171875 3.0517578125 -2.0751953125 2310783
2.8076171875 3.0517578125 -2.0751953125 2310784
2.8076171875 3.0517578125 -2.0751953125 2310887
1.77001953125 0.91552734375 -3.41796875 2310888
1.77001953125 0.91552734375 -3.41796875 2310889
1.77001953125 0.91552734375 -3.41796875 2310890
1.77001953125 0.91552734375 -3.41796875 2310891
1.77001953125 0.91552734375 -3.41796875 2310988
0.91552734375 1.15966796875 -3.90625 2310989
0.91552734375 1.15966796875 -3.90625 2310989
0.91552734375 1.15966796875 -3.90625 2310990
0.91552734375 1.15966796875 -3.90625 2310991
2.01416015625 0.06103515625 -3.41796875 2311057
2.01416015625 0.06103515625 -3.41796875 2311177
-0.91552734375 -0.42724609375 -3.72314453125 2311178
-0.91552734375 -0.42724609375 -3.72314453125 2311179
-0.91552734375 -0.42724609375 -3.72314453125 2311180
-0.91552734375 -0.42724609375 -3.72314453125 2311181
-0.91552734375 -0.42724609375 -3.72314453125 2311280
-1.708984375 -0.1220703125 -1.77001953125 2311281
-1.708984375 -0.1220703125 -1.77001953125 2311281
-1.708984375 -0.1220703125 -1.77001953125 2311282
-1.708984375 -0.1220703125 -1.77001953125 2311283
-1.708984375 -0.1220703125 -1.77001953125 2311382
0 -0.91552734375 -0.91552734375 2311383
0 -0.91552734375 -0.91552734375 2311384
0 -0.91552734375 -0.91552734375 2311385
0 -0.91552734375 -0.91552734375 2311385
0 -0.91552734375 -0.91552734375 2311486
-0.9765625 -1.28173828125 -2.01416015625 2311487
-0.9765625 -1.28173828125 -2.01416015625 2311488
-0.9765625 -1.28173828125 -2.01416015625 2311489
-0.9765625 -1.28173828125 -2.01416015625 2311490
-0.9765625 -1.28173828125 -2.01416015625 2311587
1.220703125 0.6103515625 -3.2958984375 2311588
1.220703125 0.6103515625 -3.2958984375 2311589
1.220703125 0.6103515625 -3.2958984375 2311589
1.220703125 0.6103515625 -3.2958984375 2311590
0.6103515625 2.74658203125 -3.5400390625 2311658
0.6103515625 2.74658203125 -3.5400390625 2311783
1.40380859375 1.3427734375 -1.03759765625 2311784
1.40380859375 1.3427734375 -1.03759765625 2311785
1.40380859375 1.3427734375 -1.03759765625 2311785
1.40380859375 1.3427734375 -1.03759765625 2311786
1.40380859375 1.3427734375 -1.03759765625 2311885
-0.48828125 -2.44140625 -3.47900390625 2311886
-0.48828125 -2.44140625 -3.47900390625 2311886
-0.48828125 -2.44140625 -3.47900390625 2311887
-0.48828125 -2.44140625 -3.47900390625 2311888
-0.48828125 -2.44140625 -3.47900390625 2311985
1.52587890625 -0.6103515625 -2.44140625 2311986
1.52587890625 -0.6103515625 -2.44140625 2311987
1.52587890625 -0.6103515625 -2.44140625 2311988
1.52587890625 -0.6103515625 -2.44140625 2311988
1.15966796875 0.9765625 -0.732421875 2312060
1.15966796875 0.9765625 -0.732421875 2312180
0 0.8544921875 -0.91552734375 2312181
0 0.8544921875 -0.91552734375 2312181
0 0.8544921875 -0.91552734375 2312183
0 0.8544921875 -0.91552734375 2312184
0 0.8544921875 -0.91552734375 2312283
1.40380859375 0.6103515625 -0.732421875 2312284
1.40380859375 0.6103515625 -0.732421875 2312285
1.40380859375 0.6103515625 -0.732421875 2312286
1.40380859375 0.6103515625 -0.732421875 2312287
1.40380859375 0.6103515625 -0.732421875 2312384
1.28173828125 1.52587890625 -2.01416015625 2312385
1.28173828125 1.52587890625 -2.01416015625 2312386
1.28173828125 1.52587890625 -2.01416015625 2312386
1.28173828125 1.52587890625 -2.01416015625 2312387
1.3427734375 0.42724609375 -0.8544921875 2312460
1.3427734375 0.42724609375 -0.8544921875 2312579
1.5869140625 1.220703125 -1.5869140625 2312580
1.5869140625 1.220703125 -1.5869140625 2312581
1.5869140625 1.220703125 -1.5869140625 2312600
1.5869140625 1.220703125 -1.5869140625 2312601
1.5869140625 1.220703125 -1.5869140625 2312681
2.62451171875 -0.244140625 -1.953125 2312683
2.62451171875 -0.244140625 -1.953125 2312684
2.62451171875 -0.244140625 -1.953125 2312685
2.62451171875 -0.244140625 -1.953125 2312784
0.67138671875 -0.06103515625 -0.244140625 2312784
0.67138671875 -0.06103515625 -0.244140625 2312785
0.67138671875 -0.06103515625 -0.244140625 2312786
0.67138671875 -0.06103515625 -0.244140625 2312787
0.67138671875 -0.06103515625 -0.244140625 2312889
-1.40380859375 0.06103515625 -1.220703125 2312891
-1.40380859375 0.06103515625 -1.220703125 2312892
-1.40380859375 0.06103515625 -1.220703125 2312893
-1.40380859375 0.06103515625 -1.220703125 2312894
0.42724609375 1.64794921875 -1.220703125 2312957
0.42724609375 1.64794921875 -1.220703125 2313077
-1.64794921875 -0.48828125 -1.77001953125 2313078
-1.64794921875 -0.48828125 -1.77001953125 2313079
-1.64794921875 -0.48828125 -1.77001953125 2313079
-1.64794921875 -0.48828125 -1.77001953125 2313080
-1.64794921875 -0.48828125 -1.77001953125 2313179
-2.197265625 0.67138671875 -1.89208984375 2313180
-2.197265625 0.67138671875 -1.89208984375 2313181
-2.197265625 0.67138671875 -1.89208984375 2313181
-2.197265625 0.67138671875 -1.89208984375 2313182
-2.197265625 0.67138671875 -1.89208984375 2313287
-2.38037109375 -0.244140625 -0.79345703125 2313288
-2.38037109375 -0.244140625 -0.79345703125 2313290
-2.38037109375 -0.244140625 -0.79345703125 2313291
-2.38037109375 -0.244140625 -0.79345703125 2313292
-0.06103515625 2.5634765625 -0.67138671875 2313385
-0.06103515625 2.5634765625 -0.67138671875 2313486
0 0.67138671875 -0.8544921875 2313487
0 0.67138671875 -0.8544921875 2313488
0 0.67138671875 -0.8544921875 2313488
0 0.67138671875 -0.8544921875 2313489
0 0.67138671875 -0.8544921875 2313589
-0.67138671875 1.64794921875 -2.5634765625 2313590
-0.67138671875 1.64794921875 -2.5634765625 2313591
-0.67138671875 1.64794921875 -2.5634765625 2313591
-0.67138671875 1.64794921875 -2.5634765625 2313592
-1.3427734375 1.28173828125 -0.30517578125 2313679
-1.3427734375 1.28173828125 -0.30517578125 2313778
0 1.89208984375 -1.52587890625 2313779
0 1.89208984375 -1.52587890625 2313780
0 1.89208984375 -1.52587890625 2313781
0 1.89208984375 -1.52587890625 2313782
-2.74658203125 0 -2.13623046875 2313878
-2.74658203125 0 -2.13623046875 2313981
-2.44140625 0.1220703125 -0.54931640625 2313982
-2.44140625 0.1220703125 -0.54931640625 2313983
-2.44140625 0.1220703125 -0.54931640625 2313984
-2.44140625 0.1220703125 -0.54931640625 2313985
-2.44140625 0.1220703125 -0.54931640625 2314083
-2.5634765625 -0.8544921875 -1.46484375 2314084
-2.5634765625 -0.8544921875 -1.46484375 2314085
-2.5634765625 -0.8544921875 -1.46484375 2314086
-2.5634765625 -0.8544921875 -1.46484375 2314086
-2.5634765625 -0.8544921875 -1.46484375 2314187
-1.3427734375 1.03759765625 -3.11279296875 2314188
-1.3427734375 1.03759765625 -3.11279296875 2314189
-1.3427734375 1.03759765625 -3.11279296875 2314190
-1.3427734375 1.03759765625 -3.11279296875 2314191
-1.3427734375 1.03759765625 -3.11279296875 2314289
-2.197265625 1.03759765625 -3.35693359375 2314290
-2.197265625 1.03759765625 -3.35693359375 2314291
-2.197265625 1.03759765625 -3.35693359375 2314291
-2.197265625 1.03759765625 -3.35693359375 2314292
-1.8310546875 -0.18310546875 -2.3193359375 2314359
-1.8310546875 -0.18310546875 -2.3193359375 2314478
0.1220703125 0 -2.0751953125 2314479
0.1220703125 0 -2.0751953125 2314480
0.1220703125 0 -2.0751953125 2314480
0.1220703125 0 -2.0751953125 2314481
0.1220703125 0 -2.0751953125 2314582
0.48828125 0.732421875 -2.197265625 2314583
0.48828125 0.732421875 -2.197265625 2314584
0.48828125 0.732421875 -2.197265625 2314585
0.48828125 0.732421875 -2.197265625 2314586
0.48828125 0.732421875 -2.197265625 2314684
-0.48828125 0.79345703125 -2.86865234375 2314685
-0.48828125 0.79345703125 -2.86865234375 2314685
-0.48828125 0.79345703125 -2.86865234375 2314686
-0.48828125 0.79345703125 -2.86865234375 2314687
-0.48828125 0.79345703125 -2.86865234375 2314785
1.15966796875 2.685546875 0.18310546875 2314786
1.15966796875 2.685546875 0.18310546875 2314787
1.15966796875 2.685546875 0.18310546875 2314788
1.15966796875 2.685546875 0.18310546875 2314788
1.15966796875 2.685546875 0.18310546875 2314888
2.0751953125 2.8076171875 -0.48828125 2314889
2.0751953125 2.8076171875 -0.48828125 2314889
2.0751953125 2.8076171875 -0.48828125 2314890
2.0751953125 2.8076171875 -0.48828125 2314891
0 1.46484375 0 2314980
0 1.46484375 0 2315099
0 1.52587890625 -0.48828125 2315100
0 1.52587890625 -0.48828125 2315101
0 1.52587890625 -0.48828125 2315101
0 1.52587890625 -0.48828125 2315102
-2.74658203125 -0.67138671875 -1.5869140625 2315186
-2.74658203125 -0.67138671875 -1.5869140625 2315286
-3.72314453125 0.244140625 -1.953125 2315289
-3.72314453125 0.244140625 -1.953125 2315290
-3.72314453125 0.244140625 -1.953125 2315291
-3.72314453125 0.244140625 -1.953125 2315292
0 0.54931640625 -2.3193359375 2315358
0 0.54931640625 -2.3193359375 2315478
-0.54931640625 -0.732421875 -2.01416015625 2315478
-0.54931640625 -0.732421875 -2.01416015625 2315479
-0.54931640625 -0.732421875 -2.01416015625 2315480
-0.54931640625 -0.732421875 -2.01416015625 2315481
-0.54931640625 -0.732421875 -2.01416015625 2315579
0.30517578125 1.64794921875 -2.74658203125 2315580
0.30517578125 1.64794921875 -2.74658203125 2315581
0.30517578125 1.64794921875 -2.74658203125 2315581
0.30517578125 1.64794921875 -2.74658203125 2315582
2.0751953125 2.01416015625 -4.69970703125 2315684
2.0751953125 2.01416015625 -4.69970703125 2315685
2.0751953125 2.01416015625 -4.69970703125 2315685
2.0751953125 2.01416015625 -4.69970703125 2315688
2.0751953125 2.01416015625 -4.69970703125 2315787
3.84521484375 3.0517578125 -1.77001953125 2315788
3.84521484375 3.0517578125 -1.77001953125 2315789
3.84521484375 3.0517578125 -1.77001953125 2315790
3.84521484375 3.0517578125 -1.77001953125 2315791
-0.6103515625 1.8310546875 -0.9765625 2315861
-0.6103515625 1.8310546875 -0.9765625 2315981
-0.9765625 1.220703125 -1.46484375 2315982
-0.9765625 1.220703125 -1.46484375 2315982
-0.9765625 1.220703125 -1.46484375 2315983
-0.9765625 1.220703125 -1.46484375 2315984
0.79345703125 2.5634765625 -1.46484375 2316084
0.79345703125 2.5634765625 -1.46484375 2316085
0.79345703125 2.5634765625 -1.46484375 2316085
0.79345703125 2.5634765625 -1.46484375 2316086
0.79345703125 2.5634765625 -1.46484375 2316187
3.72314453125 3.2958984375 -1.03759765625 2316188
3.72314453125 3.2958984375 -1.03759765625 2316189
3.72314453125 3.2958984375 -1.03759765625 2316190
3.72314453125 3.2958984375 -1.03759765625 2316191
3.72314453125 3.2958984375 -1.03759765625 2316289
1.15966796875 2.62451171875 -2.3193359375 2316290
1.15966796875 2.62451171875 -2.3193359375 2316291
1.15966796875 2.62451171875 -2.3193359375 2316292
1.15966796875 2.62451171875 -2.3193359375 2316292
0.91552734375 1.03759765625 -2.38037109375 2316360
0.91552734375 1.03759765625 -2.38037109375 2316479
0.1220703125 0 -0.54931640625 2316480
0.1220703125 0 -0.54931640625 2316481
0.1220703125 0 -0.54931640625 2316482
0.1220703125 0 -0.54931640625 2316482
0.1220703125 0 -0.54931640625 2316579
2.50244140625 3.11279296875 -2.8076171875 2316580
2.50244140625 3.11279296875 -2.8076171875 2316682
-0.732421875 -0.1220703125 -1.708984375 2316682
-0.732421875 -0.1220703125 -1.708984375 2316683
-0.732421875 -0.1220703125 -1.708984375 2316684
-0.732421875 -0.1220703125 -1.708984375 2316684
-0.732421875 -0.1220703125 -1.708984375 2316785
-3.662109375 -0.18310546875 -3.41796875 2316786
-3.662109375 -0.18310546875 -3.41796875 2316786
-3.662109375 -0.18310546875 -3.41796875 2316787
-3.662109375 -0.18310546875 -3.41796875 2316788
-2.13623046875 -0.8544921875 -5.0048828125 2316881
-2.13623046875 -0.8544921875 -5.0048828125 2316976
-3.60107421875 1.0986328125 -4.45556640625 2316976
-3.60107421875 1.0986328125 -4.45556640625 2316977
-3.60107421875 1.0986328125 -4.45556640625 2316978
-3.60107421875 1.0986328125 -4.45556640625 2316979
-3.60107421875 1.0986328125 -4.45556640625 2317078
-3.84521484375 -2.9296875 -4.69970703125 2317079
-3.84521484375 -2.9296875 -4.69970703125 2317079
-3.84521484375 -2.9296875 -4.69970703125 2317080
-3.84521484375 -2.9296875 -4.69970703125 2317081
-3.84521484375 -2.9296875 -4.69970703125 2317180
-3.47900390625 0.3662109375 -9.46044921875 2317181
-3.47900390625 0.3662109375 -9.46044921875 2317182
-3.47900390625 0.3662109375 -9.46044921875 2317182
-3.47900390625 0.3662109375 -9.46044921875 2317183
-3.47900390625 0.3662109375 -9.46044921875 2317283
-1.15966796875 0.1220703125 -14.70947265625 2317284
-1.15966796875 0.1220703125 -14.70947265625 2317285
-1.15966796875 0.1220703125 -14.70947265625 2317286
-1.15966796875 0.1220703125 -14.70947265625 2317286
-1.15966796875 0.1220703125 -14.70947265625 2317385
0.79345703125 -0.91552734375 -23.49853515625 2317386
0.79345703125 -0.91552734375 -23.49853515625 2317387
0.79345703125 -0.91552734375 -23.49853515625 2317388
0.79345703125 -0.91552734375 -23.49853515625 2317388
0.79345703125 -0.91552734375 -23.49853515625 2317490
6.8359375 -4.39453125 -26.3671875 2317491
6.8359375 -4.39453125 -26.3671875 2317492
6.8359375 -4.39453125 -26.3671875 2317493
6.8359375 -4.39453125 -26.3671875 2317494
7.9345703125 -9.21630859375 -29.4189453125 2317559
7.9345703125 -9.21630859375 -29.4189453125 2317678
23.62060546875 8.6669921875 -30.82275390625 2317679
23.62060546875 8.6669921875 -30.82275390625 2317680
23.62060546875 8.6669921875 -30.82275390625 2317680
23.62060546875 8.6669921875 -30.82275390625 2317681
23.62060546875 8.6669921875 -30.82275390625 2317781
22.3388671875 1.40380859375 -27.34375 2317782
22.3388671875 1.40380859375 -27.34375 2317783
22.3388671875 1.40380859375 -27.34375 2317784
22.3388671875 1.40380859375 -27.34375 2317784
22.3388671875 1.40380859375 -27.34375 2317886
20.1416015625 0.79345703125 -15.93017578125 2317887
20.1416015625 0.79345703125 -15.93017578125 2317887
20.1416015625 0.79345703125 -15.93017578125 2317888
20.1416015625 0.79345703125 -15.93017578125 2317889
20.1416015625 0.79345703125 -15.93017578125 2317989
35.46142578125 43.701171875 -18.9208984375 2317990
35.46142578125 43.701171875 -18.9208984375 2317991
35.46142578125 43.701171875 -18.9208984375 2317992
35.46142578125 43.701171875 -18.9208984375 2317992
46.0205078125 81.48193359375 -28.38134765625 2318060
46.0205078125 81.48193359375 -28.38134765625 2318172
17.7001953125 142.7001953125 -50.9033203125 2318173
17.7001953125 142.7001953125 -50.9033203125 2318174
17.7001953125 142.7001953125 -50.9033203125 2318175
17.7001953125 142.7001953125 -50.9033203125 2318176
17.7001953125 142.7001953125 -50.9033203125 2318282
11.65771484375 192.07763671875 -48.7060546875 2318283
11.65771484375 192.07763671875 -48.7060546875 2318284
11.65771484375 192.07763671875 -48.7060546875 2318285
11.65771484375 192.07763671875 -48.7060546875 2318285
7.568359375 222.59521484375 -41.50390625 2318385
7.568359375 222.59521484375 -41.50390625 2318386
7.568359375 222.59521484375 -41.50390625 2318387
7.568359375 222.59521484375 -41.50390625 2318388
7.568359375 222.59521484375 -41.50390625 2318491
-10.31494140625 198.30322265625 -44.61669921875 2318492
-10.31494140625 198.30322265625 -44.61669921875 2318492
-10.31494140625 198.30322265625 -44.61669921875 2318494
-10.31494140625 198.30322265625 -44.61669921875 2318494
0.1220703125 129.0283203125 -36.68212890625 2318590
0.1220703125 129.0283203125 -36.68212890625 2318661
2.9296875 120.4833984375 -40.283203125 2318662
2.9296875 120.4833984375 -40.283203125 2318663
2.9296875 120.4833984375 -40.283203125 2318664
2.9296875 120.4833984375 -40.283203125 2318665
2.9296875 120.4833984375 -40.283203125 2318780
21.66748046875 84.5947265625 -38.57421875 2318781
21.66748046875 84.5947265625 -38.57421875 2318782
21.66748046875 84.5947265625 -38.57421875 2318782
21.66748046875 84.5947265625 -38.57421875 2318783
-28.25927734375 51.20849609375 29.541015625 2318885
-28.25927734375 51.20849609375 29.541015625 2318886
-28.25927734375 51.20849609375 29.541015625 2318887
-28.25927734375 51.20849609375 29.541015625 2318888
-28.25927734375 51.20849609375 29.541015625 2318991
-14.70947265625 -31.18896484375 17.51708984375 2318992
-14.70947265625 -31.18896484375 17.51708984375 2318993
-14.70947265625 -31.18896484375 17.51708984375 2318994
-14.70947265625 -31.18896484375 17.51708984375 2318995
12.26806640625 -441.7724609375 -49.4384765625 2319089
12.26806640625 -441.7724609375 -49.4384765625 2319160
44.61669921875 -634.09423828125 -15.625 2319161
44.61669921875 -634.09423828125 -15.625 2319162
44.61669921875 -634.09423828125 -15.625 2319163
44.61669921875 -634.09423828125 -15.625 2319164
44.61669921875 -634.09423828125 -15.625 2319279
-10.80322265625 -136.3525390625 80.74951171875 2319280
-10.80322265625 -136.3525390625 80.74951171875 2319281
-10.80322265625 -136.3525390625 80.74951171875 2319281
-10.80322265625 -136.3525390625 80.74951171875 2319282
-10.80322265625 -136.3525390625 80.74951171875 2319382
-17.51708984375 -69.3359375 79.28466796875 2319383
-17.51708984375 -69.3359375 79.28466796875 2319384
-17.51708984375 -69.3359375 79.28466796875 2319384
-17.51708984375 -69.3359375 79.28466796875 2319385
-17.51708984375 -69.3359375 79.28466796875 2319503
-3.72314453125 -76.416015625 79.77294921875 2319504
-3.72314453125 -76.416015625 79.77294921875 2319505
-3.72314453125 -76.416015625 79.77294921875 2319506
-3.72314453125 -76.416015625 79.77294921875 2319506
16.11328125 -0.3662109375 61.6455078125 2319587
16.11328125 -0.3662109375 61.6455078125 2319688
13.671875 18.1884765625 24.35302734375 2319689
13.671875 18.1884765625 24.35302734375 2319690
13.671875 18.1884765625 24.35302734375 2319691
13.671875 18.1884765625 24.35302734375 2319691
15.869140625 22.03369140625 11.90185546875 2319760
15.869140625 22.03369140625 11.90185546875 2319882
4.69970703125 3.7841796875 13.427734375 2319883
4.69970703125 3.7841796875 13.427734375 2319884
4.69970703125 3.7841796875 13.427734375 2319885
4.69970703125 3.7841796875 13.427734375 2319886
4.69970703125 3.7841796875 13.427734375 2319983
1.708984375 -0.18310546875 3.47900390625 2319984
1.708984375 -0.18310546875 3.47900390625 2319985
1.708984375 -0.18310546875 3.47900390625 2319986
1.708984375 -0.18310546875 3.47900390625 2319987
1.708984375 -0.18310546875 3.47900390625 2320084
7.75146484375 0.67138671875 3.662109375 2320085
7.75146484375 0.67138671875 3.662109375 2320086
7.75146484375 0.67138671875 3.662109375 2320087
7.75146484375 0.67138671875 3.662109375 2320088
46.2646484375 24.90234375 -12.6953125 2320178
46.2646484375 24.90234375 -12.6953125 2320281
8.36181640625 14.22119140625 -6.77490234375 2320282
8.36181640625 14.22119140625 -6.77490234375 2320282
8.36181640625 14.22119140625 -6.77490234375 2320283
8.36181640625 14.22119140625 -6.77490234375 2320284
8.36181640625 14.22119140625 -6.77490234375 2320383
25.7568359375 9.033203125 0.244140625 2320384
25.7568359375 9.033203125 0.244140625 2320384
25.7568359375 9.033203125 0.244140625 2320385
25.7568359375 9.033203125 0.244140625 2320386
25.7568359375 9.033203125 0.244140625 2320483
12.39013671875 21.8505859375 -8.4228515625 2320484
12.39013671875 21.8505859375 -8.4228515625 2320485
12.39013671875 21.8505859375 -8.4228515625 2320486
12.39013671875 21.8505859375 -8.4228515625 2320487
12.39013671875 21.8505859375 -8.4228515625 2320592
-12.6953125 65.91796875 -26.85546875 2320593
-12.6953125 65.91796875 -26.85546875 2320594
-12.6953125 65.91796875 -26.85546875 2320595
-12.6953125 65.91796875 -26.85546875 2320595
2.9296875 73.6083984375 -5.2490234375 2320689
2.9296875 73.6083984375 -5.2490234375 2320762
20.1416015625 31.3720703125 8.23974609375 2320762
20.1416015625 31.3720703125 8.23974609375 2320763
20.1416015625 31.3720703125 8.23974609375 2320764
20.1416015625 31.3720703125 8.23974609375 2320764
20.1416015625 31.3720703125 8.23974609375 2320871
-5.4931640625 23.49853515625 18.12744140625 2320872
-5.4931640625 23.49853515625 18.12744140625 2320873
-5.4931640625 23.49853515625 18.12744140625 2320874
-5.4931640625 23.49853515625 18.12744140625 2320875
-5.4931640625 23.49853515625 18.12744140625 2320982
-19.95849609375 -5.06591796875 -5.18798828125 2320983
-19.95849609375 -5.06591796875 -5.18798828125 2320983
-19.95849609375 -5.06591796875 -5.18798828125 2320984
-19.95849609375 -5.06591796875 -5.18798828125 2320985
-19.95849609375 -5.06591796875 -5.18798828125 2321085
6.103515625 7.2021484375 -5.0048828125 2321086
6.103515625 7.2021484375 -5.0048828125 2321086
6.103515625 7.2021484375 -5.0048828125 2321087
6.103515625 7.2021484375 -5.0048828125 2321088
6.103515625 7.2021484375 -5.0048828125 2321189
7.99560546875 -2.44140625 -4.69970703125 2321190
7.99560546875 -2.44140625 -4.69970703125 2321190
7.99560546875 -2.44140625 -4.69970703125 2321191
7.99560546875 -2.44140625 -4.69970703125 2321192
5.92041015625 33.38623046875 -5.92041015625 2321264
5.92041015625 33.38623046875 -5.92041015625 2321383
35.82763671875 36.376953125 5.18798828125 2321384
35.82763671875 36.376953125 5.18798828125 2321386
35.82763671875 36.376953125 5.18798828125 2321387
35.82763671875 36.376953125 5.18798828125 2321388
-7.75146484375 -3.60107421875 -0.8544921875 2321486
-7.75146484375 -3.60107421875 -0.8544921875 2321487
-7.75146484375 -3.60107421875 -0.8544921875 2321488
-7.75146484375 -3.60107421875 -0.8544921875 2321488
-7.75146484375 -3.60107421875 -0.8544921875 2321590
2.50244140625 -2.99072265625 1.46484375 2321591
2.50244140625 -2.99072265625 1.46484375 2321592
2.50244140625 -2.99072265625 1.46484375 2321593
2.50244140625 -2.99072265625 1.46484375 2321594
2.50244140625 -2.99072265625 1.46484375 2321691
4.21142578125 -2.197265625 2.25830078125 2321692
4.21142578125 -2.197265625 2.25830078125 2321693
4.21142578125 -2.197265625 2.25830078125 2321693
4.21142578125 -2.197265625 2.25830078125 2321694
-3.662109375 -4.5166015625 -1.3427734375 2321762
-3.662109375 -4.5166015625 -1.3427734375 2321879
-4.21142578125 0.18310546875 -7.080078125 2321880
-4.21142578125 0.18310546875 -7.080078125 2321881
-4.21142578125 0.18310546875 -7.080078125 2321881
-4.21142578125 0.18310546875 -7.080078125 2321882
-4.21142578125 0.18310546875 -7.080078125 2321982
15.869140625 2.9296875 4.2724609375 2321983
15.869140625 2.9296875 4.2724609375 2321984
15.869140625 2.9296875 4.2724609375 2321984
15.869140625 2.9296875 4.2724609375 2321985
15.869140625 2.9296875 4.2724609375 2322086
14.16015625 15.44189453125 0.30517578125 2322086
14.16015625 15.44189453125 0.30517578125 2322087
14.16015625 15.44189453125 0.30517578125 2322088
14.16015625 15.44189453125 0.30517578125 2322089
14.16015625 15.44189453125 0.30517578125 2322188
26.42822265625 43.8232421875 -3.60107421875 2322189
26.42822265625 43.8232421875 -3.60107421875 2322190
26.42822265625 43.8232421875 -3.60107421875 2322190
26.42822265625 43.8232421875 -3.60107421875 2322191
26.42822265625 43.8232421875 -3.60107421875 2322291
45.0439453125 60.24169921875 -5.2490234375 2322292
45.0439453125 60.24169921875 -5.2490234375 2322293
45.0439453125 60.24169921875 -5.2490234375 2322294
45.0439453125 60.24169921875 -5.2490234375 2322294
20.6298828125 16.6015625 7.4462890625 2322361
20.6298828125 16.6015625 7.4462890625 2322481
6.40869140625 -36.31591796875 33.0810546875 2322482
6.40869140625 -36.31591796875 33.0810546875 2322483
6.40869140625 -36.31591796875 33.0810546875 2322484
6.40869140625 -36.31591796875 33.0810546875 2322485
6.40869140625 -36.31591796875 33.0810546875 2322583
-44.25048828125 -86.7919921875 22.216796875 2322584
-44.25048828125 -86.7919921875 22.216796875 2322584
-44.25048828125 -86.7919921875 22.216796875 2322585
-44.25048828125 -86.7919921875 22.216796875 2322586
-44.25048828125 -86.7919921875 22.216796875 2322689
-56.5185546875 -119.56787109375 24.4140625 2322690
-56.5185546875 -119.56787109375 24.4140625 2322692
-56.5185546875 -119.56787109375 24.4140625 2322693
-56.5185546875 -119.56787109375 24.4140625 2322694
-46.81396484375 -48.9501953125 6.04248046875 2322789
-46.81396484375 -48.9501953125 6.04248046875 2322892
-36.07177734375 -34.3017578125 4.0283203125 2322893
-36.07177734375 -34.3017578125 4.0283203125 2322896
-36.07177734375 -34.3017578125 4.0283203125 2322897
-36.07177734375 -34.3017578125 4.0283203125 2322898
4.21142578125 2.99072265625 -3.96728515625 2322981
4.21142578125 2.99072265625 -3.96728515625 2323067
-8.60595703125 2.25830078125 -5.859375 2323068
-8.60595703125 2.25830078125 -5.859375 2323069
-8.60595703125 2.25830078125 -5.859375 2323069
-8.60595703125 2.25830078125 -5.859375 2323070
-8.60595703125 2.25830078125 -5.859375 2323181
-10.19287109375 4.21142578125 -5.92041015625 2323181
-10.19287109375 4.21142578125 -5.92041015625 2323182
-10.19287109375 4.21142578125 -5.92041015625 2323183
-10.19287109375 4.21142578125 -5.92041015625 2323183
-10.19287109375 4.21142578125 -5.92041015625 2323283
-3.90625 -0.06103515625 -0.54931640625 2323283
-3.90625 -0.06103515625 -0.54931640625 2323284
-3.90625 -0.06103515625 -0.54931640625 2323285
-3.90625 -0.06103515625 -0.54931640625 2323286
-8.056640625 5.0048828125 -3.60107421875 2323377
-8.056640625 5.0048828125 -3.60107421875 2323479
-7.14111328125 -1.708984375 -5.31005859375 2323480
-7.14111328125 -1.708984375 -5.31005859375 2323481
-7.14111328125 -1.708984375 -5.31005859375 2323482
-7.14111328125 -1.708984375 -5.31005859375 2323482
-7.14111328125 -1.708984375 -5.31005859375 2323581
-5.7373046875 7.14111328125 -1.40380859375 2323582
-5.7373046875 7.14111328125 -1.40380859375 2323583
-5.7373046875 7.14111328125 -1.40380859375 2323584
-5.7373046875 7.14111328125 -1.40380859375 2323585
-5.7373046875 7.14111328125 -1.40380859375 2323684
-2.0751953125 -4.45556640625 2.38037109375 2323685
-2.0751953125 -4.45556640625 2.38037109375 2323686
-2.0751953125 -4.45556640625 2.38037109375 2323686
-2.0751953125 -4.45556640625 2.38037109375 2323687
5.126953125 -13.3056640625 2.0751953125 2323787
5.126953125 -13.3056640625 2.0751953125 2323788
5.126953125 -13.3056640625 2.0751953125 2323789
5.126953125 -13.3056640625 2.0751953125 2323790
5.126953125 -13.3056640625 2.0751953125 2323890
-5.18798828125 3.7841796875 1.89208984375 2323891
-5.18798828125 3.7841796875 1.89208984375 2323892
-5.18798828125 3.7841796875 1.89208984375 2323893
-5.18798828125 3.7841796875 1.89208984375 2323893
-2.685546875 0.42724609375 -2.0751953125 2323961
-2.685546875 0.42724609375 -2.0751953125 2324080
1.28173828125 1.5869140625 -2.9296875 2324081
1.28173828125 1.5869140625 -2.9296875 2324082
1.28173828125 1.5869140625 -2.9296875 2324083
1.28173828125 1.5869140625 -2.9296875 2324083
1.28173828125 1.5869140625 -2.9296875 2324199
-2.44140625 -5.55419921875 -2.44140625 2324199
-2.44140625 -5.55419921875 -2.44140625 2324200
-2.44140625 -5.55419921875 -2.44140625 2324201
-2.44140625 -5.55419921875 -2.44140625 2324202
-2.685546875 6.7138671875 -5.126953125 2324285
-2.685546875 6.7138671875 -5.126953125 2324388
1.15966796875 6.65283203125 -5.92041015625 2324389
1.15966796875 6.65283203125 -5.92041015625 2324389
1.15966796875 6.65283203125 -5.92041015625 2324390
1.15966796875 6.65283203125 -5.92041015625 2324391
1.15966796875 6.65283203125 -5.92041015625 2324490
1.5869140625 5.4931640625 -5.7373046875 2324491
1.5869140625 5.4931640625 -5.7373046875 2324492
1.5869140625 5.4931640625 -5.7373046875 2324492
1.5869140625 5.4931640625 -5.7373046875 2324493
1.5869140625 5.4931640625 -5.7373046875 2324591
0.67138671875 1.89208984375 -4.33349609375 2324592
0.67138671875 1.89208984375 -4.33349609375 2324593
0.67138671875 1.89208984375 -4.33349609375 2324594
0.67138671875 1.89208984375 -4.33349609375 2324595
-2.197265625 0.18310546875 -4.0283203125 2324663
-2.197265625 0.18310546875 -4.0283203125 2324783
-0.48828125 1.52587890625 -2.3193359375 2324783
-0.48828125 1.52587890625 -2.3193359375 2324784
-0.48828125 1.52587890625 -2.3193359375 2324785
-0.48828125 1.52587890625 -2.3193359375 2324785
-0.48828125 1.52587890625 -2.3193359375 2324886
-0.9765625 1.89208984375 -3.662109375 2324887
-0.9765625 1.89208984375 -3.662109375 2324887
-0.9765625 1.89208984375 -3.662109375 2324887
-0.9765625 1.89208984375 -3.662109375 2324888
-0.9765625 1.89208984375 -3.662109375 2324986
-1.3427734375 0 -2.197265625 2324987
-1.3427734375 0 -2.197265625 2324987
-1.3427734375 0 -2.197265625 2325091
0.3662109375 1.03759765625 -4.2724609375 2325092
0.3662109375 1.03759765625 -4.2724609375 2325092
0.3662109375 1.03759765625 -4.2724609375 2325093
0.3662109375 1.03759765625 -4.2724609375 2325095
0.48828125 0 -3.0517578125 2325169
0.48828125 0 -3.0517578125 2325284
1.40380859375 -1.8310546875 -2.74658203125 2325285
1.40380859375 -1.8310546875 -2.74658203125 2325285
1.40380859375 -1.8310546875 -2.74658203125 2325286
1.40380859375 -1.8310546875 -2.74658203125 2325287
1.40380859375 -1.8310546875 -2.74658203125 2325386
1.46484375 -1.77001953125 -3.23486328125 2325387
1.46484375 -1.77001953125 -3.23486328125 2325388
1.46484375 -1.77001953125 -3.23486328125 2325389
1.46484375 -1.77001953125 -3.23486328125 2325389
1.46484375 -1.77001953125 -3.23486328125 2325489
-1.220703125 0 -2.74658203125 2325490
-1.220703125 0 -2.74658203125 2325491
-1.220703125 0 -2.74658203125 2325492
-1.220703125 0 -2.74658203125 2325493
-1.220703125 0 -2.74658203125 2325591
-2.74658203125 1.46484375 -2.62451171875 2325592
-2.74658203125 1.46484375 -2.62451171875 2325593
-2.74658203125 1.46484375 -2.62451171875 2325594
-2.74658203125 1.46484375 -2.62451171875 2325596
-2.99072265625 -1.3427734375 -3.41796875 2325666
-2.99072265625 -1.3427734375 -3.41796875 2325785
-2.9296875 -0.67138671875 -4.21142578125 2325786
-2.9296875 -0.67138671875 -4.21142578125 2325787
-2.9296875 -0.67138671875 -4.21142578125 2325788
-2.9296875 -0.67138671875 -4.21142578125 2325789
-2.9296875 -0.67138671875 -4.21142578125 2325888
-1.64794921875 -1.0986328125 -3.7841796875 2325889
-1.64794921875 -1.0986328125 -3.7841796875 2325890
-1.64794921875 -1.0986328125 -3.7841796875 2325890
-1.64794921875 -1.0986328125 -3.7841796875 2325891
-1.64794921875 -1.0986328125 -3.7841796875 2325990
0.3662109375 0.18310546875 -1.40380859375 2325991
0.3662109375 0.18310546875 -1.40380859375 2325991
0.3662109375 0.18310546875 -1.40380859375 2325992
0.3662109375 0.18310546875 -1.40380859375 2325993
0.3662109375 0.18310546875 -1.40380859375 2326091
-0.18310546875 -2.0751953125 -0.1220703125 2326092
-0.18310546875 -2.0751953125 -0.1220703125 2326093
-0.18310546875 -2.0751953125 -0.1220703125 2326094
-0.18310546875 -2.0751953125 -0.1220703125 2326094
0.3662109375 0.9765625 -2.50244140625 2326163
0.3662109375 0.9765625 -2.50244140625 2326281
0.1220703125 0 -2.99072265625 2326282
0.1220703125 0 -2.99072265625 2326283
0.1220703125 0 -2.99072265625 2326284
0.1220703125 0 -2.99072265625 2326284
0.1220703125 0 -2.99072265625 2326385
0.8544921875 -0.06103515625 -2.99072265625 2326385
0.8544921875 -0.06103515625 -2.99072265625 2326386
0.8544921875 -0.06103515625 -2.99072265625 2326387
0.8544921875 -0.06103515625 -2.99072265625 2326387
1.89208984375 -0.1220703125 -3.23486328125 2326481
1.89208984375 -0.1220703125 -3.23486328125 2326568
-0.91552734375 -0.1220703125 -3.5400390625 2326569
-0.91552734375 -0.1220703125 -3.5400390625 2326569
-0.91552734375 -0.1220703125 -3.5400390625 2326570
-0.91552734375 -0.1220703125 -3.5400390625 2326571
-0.91552734375 -0.1220703125 -3.5400390625 2326682
-0.79345703125 -1.953125 -3.5400390625 2326683
-0.79345703125 -1.953125 -3.5400390625 2326684
-0.79345703125 -1.953125 -3.5400390625 2326684
-0.79345703125 -1.953125 -3.5400390625 2326685
-0.79345703125 -1.953125 -3.5400390625 2326784
-0.244140625 -0.79345703125 -5.0048828125 2326785
-0.244140625 -0.79345703125 -5.0048828125 2326786
-0.244140625 -0.79345703125 -5.0048828125 2326786
-0.244140625 -0.79345703125 -5.0048828125 2326787
-0.244140625 -0.79345703125 -5.0048828125 2326887
-1.953125 0.244140625 -4.638671875 2326887
-1.953125 0.244140625 -4.638671875 2326888
-1.953125 0.244140625 -4.638671875 2326889
-1.953125 0.244140625 -4.638671875 2326889
-1.953125 0.244140625 -4.638671875 2326989
-1.8310546875 -2.685546875 -4.638671875 2326990
-1.8310546875 -2.685546875 -4.638671875 2326991
-1.8310546875 -2.685546875 -4.638671875 2326992
-1.8310546875 -2.685546875 -4.638671875 2326992
-1.8310546875 -2.685546875 -4.638671875 2327091
0.244140625 -0.91552734375 -4.94384765625 2327092
0.244140625 -0.91552734375 -4.94384765625 2327092
0.244140625 -0.91552734375 -4.94384765625 2327093
0.244140625 -0.91552734375 -4.94384765625 2327094
1.52587890625 -0.3662109375 -5.615234375 2327164
1.52587890625 -0.3662109375 -5.615234375 2327284
2.74658203125 0.1220703125 -5.9814453125 2327284
2.74658203125 0.1220703125 -5.9814453125 2327285
2.74658203125 0.1220703125 -5.9814453125 2327286
2.74658203125 0.1220703125 -5.9814453125 2327286
2.74658203125 0.1220703125 -5.9814453125 2327391
1.40380859375 2.01416015625 -5.126953125 2327392
1.40380859375 2.01416015625 -5.126953125 2327393
1.40380859375 2.01416015625 -5.126953125 2327394
1.40380859375 2.01416015625 -5.126953125 2327394
0.48828125 0.06103515625 -3.72314453125 2327489
0.48828125 0.06103515625 -3.72314453125 2327590
0 1.3427734375 -2.62451171875 2327591
0 1.3427734375 -2.62451171875 2327591
0 1.3427734375 -2.62451171875 2327592
0 1.3427734375 -2.62451171875 2327593
0 1.3427734375 -2.62451171875 2327693
-1.708984375 0.18310546875 -3.35693359375 2327694
-1.708984375 0.18310546875 -3.35693359375 2327695
-1.708984375 0.18310546875 -3.35693359375 2327695
-1.708984375 0.18310546875 -3.35693359375 2327696
-4.33349609375 -2.44140625 -3.0517578125 2327763
-4.33349609375 -2.44140625 -3.0517578125 2327883
-1.46484375 -0.48828125 -0.732421875 2327884
-1.46484375 -0.48828125 -0.732421875 2327884
-1.46484375 -0.48828125 -0.732421875 2327885
-1.46484375 -0.48828125 -0.732421875 2327886
-1.46484375 -0.48828125 -0.732421875 2327985
-2.3193359375 0.67138671875 -6.04248046875 2327986
-2.3193359375 0.67138671875 -6.04248046875 2327987
-2.3193359375 0.67138671875 -6.04248046875 2327987
-2.3193359375 0.67138671875 -6.04248046875 2327988
-2.3193359375 0.67138671875 -6.04248046875 2328090
-1.52587890625 1.3427734375 -5.4931640625 2328091
-1.52587890625 1.3427734375 -5.4931640625 2328092
-1.52587890625 1.3427734375 -5.4931640625 2328093
-1.52587890625 1.3427734375 -5.4931640625 2328094
-1.52587890625 1.3427734375 -5.4931640625 2328190
-2.44140625 0.732421875 -1.953125 2328191
-2.44140625 0.732421875 -1.953125 2328192
-2.44140625 0.732421875 -1.953125 2328192
-2.44140625 0.732421875 -1.953125 2328293
-0.42724609375 0.42724609375 -2.99072265625 2328294
-0.42724609375 0.42724609375 -2.99072265625 2328295
-0.42724609375 0.42724609375 -2.99072265625 2328295
-0.42724609375 0.42724609375 -2.99072265625 2328296
0.3662109375 0.18310546875 -2.8076171875 2328364
0.3662109375 0.18310546875 -2.8076171875 2328484
-0.06103515625 2.8076171875 -2.9296875 2328485
-0.06103515625 2.8076171875 -2.9296875 2328486
-0.06103515625 2.8076171875 -2.9296875 2328486
-0.06103515625 2.8076171875 -2.9296875 2328487
-0.06103515625 2.8076171875 -2.9296875 2328587
0.18310546875 2.25830078125 -3.41796875 2328588
0.18310546875 2.25830078125 -3.41796875 2328589
0.18310546875 2.25830078125 -3.41796875 2328590
0.18310546875 2.25830078125 -3.41796875 2328590
-1.3427734375 2.685546875 -5.06591796875 2328690
-1.3427734375 2.685546875 -5.06591796875 2328693
-1.3427734375 2.685546875 -5.06591796875 2328696
-1.3427734375 2.685546875 -5.06591796875 2328705
-1.3427734375 2.685546875 -5.06591796875 2328793
-1.953125 0.3662109375 -3.173828125 2328793
-1.953125 0.3662109375 -3.173828125 2328794
-1.953125 0.3662109375 -3.173828125 2328795
-0.30517578125 1.77001953125 -1.89208984375 2328868
-0.30517578125 1.77001953125 -1.89208984375 2328868
-0.30517578125 1.77001953125 -1.89208984375 2328965
-0.8544921875 0.6103515625 -2.50244140625 2328966
-0.8544921875 0.6103515625 -2.50244140625 2328967
-0.8544921875 0.6103515625 -2.50244140625 2328968
-0.8544921875 0.6103515625 -2.50244140625 2328969
-0.8544921875 0.6103515625 -2.50244140625 2329084
0.8544921875 0.91552734375 -3.7841796875 2329084
0.8544921875 0.91552734375 -3.7841796875 2329085
0.8544921875 0.91552734375 -3.7841796875 2329086
0.8544921875 0.91552734375 -3.7841796875 2329086
0.8544921875 0.91552734375 -3.7841796875 2329186
0.244140625 1.03759765625 -2.685546875 2329206
0.244140625 1.03759765625 -2.685546875 2329207
0.244140625 1.03759765625 -2.685546875 2329208
0.244140625 1.03759765625 -2.685546875 2329209
0.244140625 -0.30517578125 -2.01416015625 2329290
0.244140625 -0.30517578125 -2.01416015625 2329396
-1.3427734375 -0.18310546875 -2.197265625 2329397
-1.3427734375 -0.18310546875 -2.197265625 2329398
-1.3427734375 -0.18310546875 -2.197265625 2329399
-1.3427734375 -0.18310546875 -2.197265625 2329400
-2.44140625 0.42724609375 -3.5400390625 2329496
-2.44140625 0.42724609375 -3.5400390625 2329565
-2.62451171875 -0.6103515625 -3.60107421875 2329566
-2.62451171875 -0.6103515625 -3.60107421875 2329567
-2.62451171875 -0.6103515625 -3.60107421875 2329568
-2.62451171875 -0.6103515625 -3.60107421875 2329568
-2.62451171875 -0.6103515625 -3.60107421875 2329682
1.3427734375 -1.03759765625 -1.52587890625 2329683
1.3427734375 -1.03759765625 -1.52587890625 2329684
1.3427734375 -1.03759765625 -1.52587890625 2329685
1.3427734375 -1.03759765625 -1.52587890625 2329685
0.1220703125 0.9765625 -4.21142578125 2329772
0.1220703125 0.9765625 -4.21142578125 2329885
-2.13623046875 0.244140625 -3.173828125 2329886
-2.13623046875 0.244140625 -3.173828125 2329887
-2.13623046875 0.244140625 -3.173828125 2329888
-2.13623046875 0.244140625 -3.173828125 2329889
-2.13623046875 0.244140625 -3.173828125 2329990
-1.8310546875 0.244140625 -2.5634765625 2329991
-1.8310546875 0.244140625 -2.5634765625 2329992
-1.8310546875 0.244140625 -2.5634765625 2329993
-1.8310546875 0.244140625 -2.5634765625 2329994
-1.8310546875 0.244140625 -2.5634765625 2330090
1.64794921875 0.91552734375 -4.8828125 2330091
1.64794921875 0.91552734375 -4.8828125 2330092
1.64794921875 0.91552734375 -4.8828125 2330193
1.953125 -0.30517578125 -6.7138671875 2330194
1.953125 -0.30517578125 -6.7138671875 2330194
1.953125 -0.30517578125 -6.7138671875 2330195
1.953125 -0.30517578125 -6.7138671875 2330195
1.953125 -0.30517578125 -6.7138671875 2330296
-1.3427734375 -2.25830078125 -9.58251953125 2330297
-1.3427734375 -2.25830078125 -9.58251953125 2330298
-1.3427734375 -2.25830078125 -9.58251953125 2330298
-1.3427734375 -2.25830078125 -9.58251953125 2330299
0.3662109375 -2.50244140625 -10.6201171875 2330366
0.3662109375 -2.50244140625 -10.6201171875 2330484
3.35693359375 -3.60107421875 -15.625 2330485
3.35693359375 -3.60107421875 -15.625 2330486
3.35693359375 -3.60107421875 -15.625 2330487
3.35693359375 -3.60107421875 -15.625 2330488
3.35693359375 -3.60107421875 -15.625 2330587
2.3193359375 10.3759765625 -19.1650390625 2330588
2.3193359375 10.3759765625 -19.1650390625 2330589
2.3193359375 10.3759765625 -19.1650390625 2330589
2.3193359375 10.3759765625 -19.1650390625 2330590
2.3193359375 10.3759765625 -19.1650390625 2330689
31.25 31.92138671875 -11.90185546875 2330690
31.25 31.92138671875 -11.90185546875 2330691
31.25 31.92138671875 -11.90185546875 2330692
31.25 31.92138671875 -11.90185546875 2330692
31.25 31.92138671875 -11.90185546875 2330792
88.9892578125 95.88623046875 -38.51318359375 2330792
88.9892578125 95.88623046875 -38.51318359375 2330793
88.9892578125 95.88623046875 -38.51318359375 2330794
88.9892578125 95.88623046875 -38.51318359375 2330794
88.9892578125 95.88623046875 -38.51318359375 2330893
34.97314453125 102.783203125 -34.423828125 2330895
34.97314453125 102.783203125 -34.423828125 2330896
34.97314453125 102.783203125 -34.423828125 2330897
34.97314453125 102.783203125 -34.423828125 2330898
20.01953125 154.6630859375 -26.42822265625 2330964
20.01953125 154.6630859375 -26.42822265625 2331083
12.939453125 212.70751953125 -30.3955078125 2331084
12.939453125 212.70751953125 -30.3955078125 2331085
12.939453125 212.70751953125 -30.3955078125 2331086
12.939453125 212.70751953125 -30.3955078125 2331086
12.939453125 212.70751953125 -30.3955078125 2331186
2.74658203125 273.193359375 -42.05322265625 2331187
2.74658203125 273.193359375 -42.05322265625 2331188
2.74658203125 273.193359375 -42.05322265625 2331189
2.74658203125 273.193359375 -42.05322265625 2331189
2.74658203125 273.193359375 -42.05322265625 2331291
4.21142578125 209.228515625 -29.35791015625 2331292
4.21142578125 209.228515625 -29.35791015625 2331293
4.21142578125 209.228515625 -29.35791015625 2331293
4.21142578125 209.228515625 -29.35791015625 2331294
4.21142578125 209.228515625 -29.35791015625 2331397
-1.28173828125 192.7490234375 -24.84130859375 2331398
-1.28173828125 192.7490234375 -24.84130859375 2331398
-1.28173828125 192.7490234375 -24.84130859375 2331399
-1.28173828125 192.7490234375 -24.84130859375 2331400
-1.28173828125 192.7490234375 -24.84130859375 2331497
46.44775390625 103.8818359375 -46.38671875 2331498
46.44775390625 103.8818359375 -46.38671875 2331499
46.44775390625 103.8818359375 -46.38671875 2331499
46.44775390625 103.8818359375 -46.38671875 2331500
35.0341796875 75.01220703125 -51.20849609375 2331566
35.0341796875 75.01220703125 -51.20849609375 2331689
-11.23046875 -81.48193359375 18.00537109375 2331690
-11.23046875 -81.48193359375 18.00537109375 2331691
-11.23046875 -81.48193359375 18.00537109375 2331692
-11.23046875 -81.48193359375 18.00537109375 2331693
-112.79296875 -730.89599609375 -31.31103515625 2331780
-112.79296875 -730.89599609375 -31.31103515625 2331871
-23.86474609375 -853.759765625 -91.73583984375 2331891
-23.86474609375 -853.759765625 -91.73583984375 2331892
-23.86474609375 -853.759765625 -91.73583984375 2331892
-23.86474609375 -853.759765625 -91.73583984375 2331893
-23.86474609375 -853.759765625 -91.73583984375 2331994
85.44921875 -6.65283203125 99.67041015625 2331995
85.44921875 -6.65283203125 99.67041015625 2331996
85.44921875 -6.65283203125 99.67041015625 2331998
85.44921875 -6.65283203125 99.67041015625 2331999
85.44921875 -6.65283203125 99.67041015625 2332096
25.32958984375 17.7001953125 52.18505859375 2332097
25.32958984375 17.7001953125 52.18505859375 2332098
25.32958984375 17.7001953125 52.18505859375 2332098
25.32958984375 17.7001953125 52.18505859375 2332099
64.8193359375 115.1123046875 2.3193359375 2332166
