508 2537093
509 2537096
505 2537097
507 2537153
507 2537443
507 2537444
508 2537445
509 2537445
508 2537446
509 2537446
507 2537473
506 2537474
508 2537475
507 2537475
508 2537476
509 2537477
508 2537477
506 2537478
509 2537478
508 2537479
507 2537480
499 2537480
503 2537481
506 2537481
511 2537482
506 2537483
508 2537483
511 2537484
507 2537484
507 2537487
508 2537487
508 2537488
509 2537489
508 2537501
507 2537502
508 2537503
509 2537504
510 2537505
504 2537505
505 2537506
508 2537507
506 2537507
505 2537508
507 2537509
509 2537509
509 2537510
511 2537511
513 2537512
516 2537513
494 2537514
502 2537515
508 2537516
508 2537516
515 2537517
509 2537518
512 2537519
511 2537520
507 2537520
506 2537521
508 2537521
505 2537522
22011 2537523
507 2537523
510 2537524
508 2537524
510 2537525
498 2537525
507 2537525
509 2537526
510 2537526
507 2537527
506 2537527
508 2537528
507 2537528
510 2537529
506 2537529
507 2537530
508 2537530
510 2537530
504 2537531
509 2537531
508 2537532
512 2537533
509 2537533
514 2537534
508 2537534
506 2537535
506 2537535
508 2537536
507 2537536
506 2537537
506 2537537
510 2537538
509 2537539
509 2537539
507 2537540
507 2537541
510 2537541
507 2537544
509 2537544
509 2537545
506 2537546
511 2537546
505 2537549
506 2537563
504 2537581
509 2537581
505 2537613
511 2537633
508 2537636
508 2537642
506 2537652
506 2537662
509 2537684
507 2537684
506 2537692
507 2537702
509 2537712
506 2537722
507 2537732
506 2537742
508 2537764
507 2537764
509 2537772
504 2537782
508 2537791
508 2537801
507 2537811
506 2537847
504 2537847
501 2537852
510 2537852
508 2537861
508 2537877
511 2537880
512 2537891
509 2538000
509 2538005
507 2538006
504 2538006
507 2538007
505 2538007
507 2538008
508 2538008
506 2538009
508 2538009
510 2538015
510 2538015
504 2538022
505 2538057
508 2538057
508 2538063
507 2538063
514 2538072
513 2538082
510 2538092
506 2538102
505 2538134
505 2538134
509 2538142
508 2538152
508 2538161
507 2538172
509 2538181
510 2538217
507 2538217
506 2538419
505 2538420
504 2538420
506 2538421
509 2538421
508 2538422
508 2538423
510 2538424
511 2538424
507 2538425
504 2538425
508 2538426
505 2538427
502 2538427
507 2538428
508 2538428
509 2538429
513 2538430
509 2538432
506 2538434
508 2538434
507 2538437
509 2538437
508 2538857
510 2538858
513 2538859
508 2538860
504 2538860
502 2538861
506 2538862
513 2538862
510 2538863
510 2538864
510 2538865
508 2538865
509 2538866
507 2538866
507 2538867
505 2538867
505 2538868
508 2538868
509 2538868
507 2538869
507 2538869
512 2538870
509 2538870
507 2538871
507 2538871
514 2538872
502 2538872
506 2538873
503 2538873
501 2538874
511 2538874
512 2538874
500 2538875
510 2538875
508 2538876
508 2538876
510 2538877
507 2538877
506 2538878
513 2538878
507 2538879
502 2538879
503 2538882
508 2538882
507 2538883
507 2538892
507 2539208
509 2539208
507 2539209
508 2539209
509 2539210
507 2539210
511 2539211
507 2539211
507 2539212
505 2539212
508 2539213
505 2539213
503 2539214
506 2539214
512 2539215
499 2539215
521 2539215
506 2539216
511 2539216
497 2539217
509 2539217
501 2539218
511 2539218
505 2539219
503 2539219
512 2539220
507 2539220
505 2539221
508 2539222
505 2539222
497 2539225
508 2539225
504 2539232
512 2539414
515 2539415
502 2539415
504 2539416
509 2539417
517 2539417
492 2539418
502 2539418
508 2539419
509 2539420
520 2539420
503 2539420
511 2539421
509 2539421
514 2539422
507 2539422
515 2539422
505 2539423
511 2539425
503 2539431
508 2539621
509 2539621
508 2539622
508 2539622
508 2539623
509 2539624
506 2539624
501 2539625
503 2539625
503 2539626
506 2539627
495 2539627
512 2539628
512 2539628
520 2539629
501 2539629
496 2539629
494 2539630
502 2539630
511 2539633
504 2539642
511 2539808
514 2539809
512 2539809
508 2539810
504 2539811
507 2539812
504 2539812
505 2539813
501 2539814
505 2539814
505 2539814
509 2539815
510 2539815
509 2539816
508 2539816
507 2539819
513 2539821
507 2539831
510 2539842
506 2539852
510 2539862
509 2539872
508 2539882
507 2539892
509 2539902
507 2539925
508 2539925
508 2539932
508 2539942
508 2539964
507 2539964
508 2540409
504 2540410
508 2540411
505 2540411
510 2540412
508 2540412
510 2540413
505 2540413
506 2540414
511 2540414
507 2540415
510 2540415
503 2540415
504 2540416
511 2540416
498 2540417
507 2540417
510 2540417
505 2540418
503 2540418
515 2540419
511 2540419
510 2540422
506 2540422
507 2540423
509 2540423
509 2540424
508 2540424
504 2540425
507 2540425
523 2540426
511 2540426
520 2540427
503 2540427
502 2540427
529 2540428
513 2540428
503 2540429
507 2540429
514 2540430
505 2540430
525 2540430
508 2540431
500 2540431
527 2540434
511 2540434
506 2540435
497 2540441
510 2540819
516 2540820
508 2540820
501 2540821
503 2540822
505 2540823
504 2540823
519 2540824
506 2540825
508 2540825
503 2540826
506 2540827
503 2540828
512 2540828
507 2540829
514 2540829
506 2540830
505 2540830
508 2540831
509 2540831
512 2540832
512 2540832
510 2540833
507 2540834
510 2540834
506 2540834
507 2540835
509 2540835
508 2540836
506 2540836
507 2540837
508 2540837
510 2540838
507 2540838
505 2540839
506 2540839
507 2540842
508 2540842
507 2540867
511 2540870
509 2540870
510 2540892
511 2541003
508 2541003
505 2541006
512 2541006
505 2541007
515 2541009
502 2541013
508 2541014
508 2541016
508 2541016
502 2541017
502 2541019
509 2541024
507 2541024
509 2541027
508 2541043
510 2541053
509 2541056
509 2541074
513 2541074
503 2541419
507 2541420
512 2541420
507 2541421
506 2541422
509 2541422
510 2541423
510 2541424
509 2541424
507 2541425
505 2541425
509 2541426
504 2541426
509 2541427
503 2541427
507 2541428
505 2541428
505 2541428
510 2541429
519 2541429
507 2541430
503 2541430
503 2541430
510 2541431
508 2541431
509 2541432
503 2541432
500 2541432
499 2541433
503 2541433
507 2541434
507 2541434
513 2541435
509 2541437
513 2541437
511 2541442
506 2541599
503 2541599
506 2541600
509 2541600
509 2541601
510 2541601
506 2541602
509 2541603
511 2541603
507 2541604
507 2541604
509 2541604
507 2541605
507 2541605
509 2541606
506 2541608
510 2541610
509 2541621
509 2541631
510 2541641
508 2541651
507 2541661
506 2541671
509 2541681
506 2541692
507 2541702
508 2541712
509 2541722
507 2541732
506 2541742
508 2541752
507 2541762
508 2541772
508 2541782
508 2541792
509 2541802
509 2541812
508 2542001
506 2542001
506 2542002
510 2542002
505 2542003
508 2542003
507 2542004
509 2542004
508 2542005
507 2542005
507 2542006
507 2542006
507 2542007
505 2542007
507 2542008
508 2542008
508 2542009
510 2542009
506 2542010
507 2542021
509 2542031
505 2542041
508 2542051
509 2542062
505 2542072
508 2542082
511 2542092
508 2542102
507 2542111
509 2542122
508 2542131
508 2542142
508 2542151
508 2542162
509 2542171
508 2542181
506 2542191
504 2542201
507 2542211
508 2542221
501 2542421
508 2542421
506 2542422
509 2542423
508 2542423
515 2542424
509 2542424
507 2542425
508 2542425
503 2542426
506 2542427
506 2542427
508 2542428
506 2542428
510 2542429
507 2542429
510 2542429
508 2542430
500 2542430
510 2542431
501 2542433
506 2542442
512 2542815
513 2542815
505 2542816
504 2542817
510 2542817
509 2542818
510 2542818
510 2542819
506 2542819
510 2542820
509 2542821
526 2542821
505 2542822
504 2542822
507 2542822
510 2542823
503 2542823
509 2542824
503 2542824
506 2542824
511 2542825
503 2542825
507 2542826
510 2542826
507 2542827
508 2542827
506 2542827
508 2542828
509 2542828
509 2542829
508 2542829
509 2542830
510 2542830
507 2542831
506 2542831
510 2542831
510 2542834
512 2542834
511 2542841
506 2543201
506 2543202
508 2543202
508 2543203
508 2543203
506 2543204
509 2543205
508 2543205
507 2543206
507 2543207
506 2543207
506 2543208
507 2543208
513 2543209
508 2543209
509 2543210
507 2543210
509 2543211
508 2543211
508 2543212
508 2543213
505 2543213
509 2543214
508 2543214
509 2543215
508 2543215
508 2543216
507 2543217
508 2543217
509 2543218
507 2543219
508 2543219
508 2543220
506 2543221
508 2543221
509 2543222
508 2543224
507 2543224
508 2543232
509 2543612
508 2543613
508 2543613
508 2543614
508 2543614
509 2543615
508 2543615
507 2543616
508 2543616
508 2543616
509 2543617
509 2543617
509 2543618
508 2543618
508 2543618
508 2543619
507 2543620
506 2543620
506 2543620
508 2543621
506 2543621
507 2543622
510 2543622
508 2543623
509 2543623
505 2543624
508 2543624
507 2543625
512 2543625
509 2543626
513 2543627
508 2543627
506 2543628
509 2543628
508 2543629
507 2543630
506 2543632
507 2543632
506 2543633
507 2543641
507 2543817
508 2543818
509 2543818
507 2543819
506 2543819
509 2543820
508 2543821
507 2543821
510 2543822
510 2543823
509 2543823
508 2543824
508 2543824
508 2543825
508 2543825
509 2543826
505 2543837
506 2543838
509 2543840
508 2544021
510 2544021
508 2544022
511 2544023
508 2544023
508 2544024
508 2544024
508 2544025
506 2544026
511 2544026
507 2544027
508 2544027
505 2544028
507 2544028
513 2544029
507 2544029
506 2544029
510 2544030
507 2544032
511 2544044
509 2544044
506 2544416
508 2544417
508 2544417
509 2544418
510 2544419
507 2544419
508 2544420
507 2544421
509 2544421
507 2544422
507 2544423
506 2544423
507 2544424
509 2544424
510 2544425
507 2544425
507 2544425
511 2544426
506 2544426
506 2544427
508 2544428
506 2544428
508 2544429
508 2544429
508 2544430
508 2544430
510 2544431
508 2544431
507 2544431
508 2544432
508 2544432
508 2544433
509 2544433
508 2544434
509 2544436
511 2544436
508 2544437
508 2544437
508 2544440
507 2544451
508 2544461
507 2544471
509 2544519
510 2544520
510 2544523
511 2544549
509 2544555
510 2544555
508 2544556
508 2544583
507 2544588
510 2544589
508 2544592
507 2544592
509 2544634
508 2544636
506 2544712
506 2544788
508 2544788
506 2544789
509 2544789
508 2544790
510 2544795
508 2544795
509 2544796
505 2544797
506 2544799
508 2544799
508 2544800
508 2544801
507 2544802
509 2544802
511 2544803
507 2544806
505 2544806
504 2544810
507 2544821
508 2544831
507 2544841
507 2544851
509 2544861
511 2544871
506 2544882
507 2544892
510 2544902
507 2544912
510 2544922
504 2544932
509 2544942
507 2544952
497 2544962
525 2544982
506 2545004
501 2545004
493 2545012
512 2545022
487 2545039
541 2545042
521 2545051
521 2545066
512 2545071
483 2545081
513 2545091
516 2545114
482 2545114
498 2545121
505 2545131
511 2545141
505 2545164
506 2545164
514 2545171
511 2545181
506 2545191
504 2545201
509 2545225
507 2545227
501 2545229
505 2545255
509 2545255
503 2545262
518 2545272
508 2545295
511 2545304
500 2545304
505 2545312
511 2545322
499 2545332
515 2545342
515 2545352
503 2545362
506 2545372
505 2545382
506 2545391
503 2545401
507 2545411
507 2545421
508 2545433
506 2545441
506 2545451
509 2545461
508 2545473
507 2545481
506 2545505
512 2545506
510 2545524
510 2545524
505 2545531
510 2545541
510 2545551
511 2545561
506 2545571
507 2545581
504 2545591
508 2545601
509 2545611
510 2545621
503 2545631
506 2545642
504 2545652
508 2545662
509 2545672
507 2545682
509 2545692
506 2545702
509 2545731
506 2545732
506 2545742
506 2545752
504 2545762
507 2545774
511 2545781
508 2545791
508 2545801
516 2545811
507 2545834
508 2545834
504 2545841
509 2545851
505 2545861
507 2545871
509 2545881
510 2545891
516 2545901
505 2545911
504 2545921
507 2545931
507 2545954
507 2545954
508 2545961
507 2545981
506 2545982
510 2545991
507 2546001
502 2546037
507 2546037
507 2546043
510 2546043
508 2546053
507 2546062
508 2546072
509 2546082
508 2546092
507 2546114
507 2546115
508 2546122
509 2546144
508 2546144
508 2546152
508 2546161
508 2546171
509 2546181
506 2546191
507 2546201
509 2546211
508 2546221
507 2546231
509 2546245
508 2546251
509 2546415
509 2546415
507 2546416
506 2546417
509 2546418
510 2546418
507 2546419
508 2546419
508 2546420
509 2546421
509 2546421
508 2546422
507 2546422
508 2546423
507 2546423
508 2546424
509 2546426
509 2546432
507 2546809
510 2546810
507 2546810
507 2546811
508 2546811
507 2546812
510 2546812
507 2546813
508 2546813
508 2546814
509 2546815
506 2546815
505 2546816
508 2546816
508 2546816
508 2546817
509 2546818
507 2546818
508 2546819
510 2546819
508 2546819
507 2546820
508 2546820
509 2546821
506 2546821
510 2546822
509 2546822
508 2546823
507 2546823
508 2546824
506 2546824
507 2546825
509 2546825
511 2546826
513 2546826
511 2546828
509 2546828
510 2546829
512 2546844
505 2546844
509 2547219
508 2547220
505 2547220
507 2547221
505 2547222
506 2547223
511 2547224
508 2547225
509 2547225
504 2547226
509 2547227
503 2547227
508 2547228
510 2547228
504 2547229
507 2547229
511 2547230
520 2547230
508 2547230
520 2547231
512 2547231
511 2547232
510 2547232
512 2547233
500 2547233
516 2547234
526 2547234
502 2547235
498 2547235
504 2547236
509 2547236
508 2547236
517 2547237
517 2547237
518 2547238
507 2547238
500 2547241
510 2547243
512 2547245
507 2547425
513 2547426
510 2547426
506 2547427
494 2547428
514 2547431
508 2547431
503 2547432
512 2547433
514 2547434
508 2547434
508 2547435
507 2547435
511 2547436
513 2547436
505 2547436
498 2547437
642 2547439
519 2547439
499 2547466
494 2547468
515 2547472
508 2547472
509 2547481
512 2547491
486 2547501
510 2547512
506 2547534
522 2547535
513 2547542
503 2547552
505 2547562
497 2547821
508 2547822
512 2547822
506 2547823
505 2547823
504 2547824
505 2547825
509 2547825
509 2547826
511 2547826
505 2547827
505 2547827
505 2547828
507 2547828
506 2547829
507 2547829
509 2547830
507 2547830
511 2547831
509 2547831
505 2547832
506 2547832
508 2547833
508 2547833
507 2547833
509 2547834
508 2547836
509 2547842
508 2548216
506 2548216
506 2548217
509 2548218
507 2548218
510 2548219
509 2548219
508 2548220
511 2548220
505 2548221
509 2548222
506 2548222
507 2548223
504 2548223
506 2548224
508 2548224
505 2548224
507 2548225
509 2548225
509 2548226
508 2548226
512 2548227
503 2548227
504 2548228
506 2548228
503 2548229
503 2548229
508 2548229
508 2548230
506 2548230
509 2548231
505 2548231
504 2548232
509 2548232
505 2548233
508 2548233
509 2548236
509 2548236
505 2548241
508 2548625
510 2548655
507 2548655
507 2548656
507 2548656
509 2548657
511 2548657
506 2548658
507 2548659
506 2548659
507 2548660
508 2548660
506 2548661
505 2548661
509 2548662
511 2548662
507 2548663
506 2548664
509 2548664
513 2548665
508 2548665
511 2548666
508 2548667
507 2548667
513 2548668
509 2548668
507 2548669
508 2548670
511 2548670
510 2548671
508 2548671
504 2548672
515 2548672
507 2548673
508 2548673
509 2548674
507 2548674
508 2548677
509 2548677
513 2548678
505 2548678
509 2548679
510 2548692
505 2549222
509 2549223
509 2549224
504 2549224
509 2549225
510 2549225
507 2549226
506 2549227
510 2549227
510 2549228
508 2549228
506 2549229
508 2549229
507 2549230
508 2549230
508 2549231
508 2549231
510 2549232
511 2549232
507 2549232
504 2549233
506 2549233
504 2549234
506 2549234
507 2549235
507 2549235
510 2549235
510 2549236
508 2549236
505 2549237
504 2549238
509 2549238
502 2549239
507 2549240
509 2549240
508 2549241
501 2549241
505 2549241
507 2549242
501 2549242
502 2549243
500 2549243
506 2549244
493 2549244
517 2549245
527 2549245
499 2549246
521 2549246
487 2549246
513 2549247
500 2549247
525 2549248
493 2549248
504 2549251
514 2549251
496 2549252
503 2549252
487 2549262
513 2549427
503 2549428
507 2549428
525 2549429
555 2549430
506 2549431
496 2549431
508 2549432
503 2549433
509 2549433
495 2549434
503 2549435
525 2549435
504 2549436
493 2549436
525 2549437
516 2549439
507 2549452
505 2550009
514 2550010
511 2550010
509 2550011
505 2550011
513 2550012
511 2550012
506 2550013
508 2550013
503 2550014
510 2550014
510 2550015
507 2550015
507 2550015
517 2550016
511 2550016
471 2550017
498 2550017
510 2550018
509 2550018
499 2550018
489 2550019
510 2550019
494 2550020
541 2550020
507 2550020
500 2550021
488 2550021
504 2550022
505 2550022
505 2550023
516 2550023
505 2550024
506 2550024
505 2550025
508 2550025
509 2550025
507 2550026
505 2550026
503 2550027
510 2550027
508 2550028
507 2550028
491 2550028
512 2550029
506 2550029
498 2550030
505 2550030
501 2550031
516 2550032
507 2550032
502 2550033
510 2550034
511 2550034
504 2550035
507 2550037
509 2550037
513 2550038
509 2550042
510 2550427
498 2550428
510 2550428
511 2550429
506 2550430
507 2550430
511 2550431
510 2550432
509 2550432
507 2550433
508 2550433
508 2550434
507 2550435
509 2550435
509 2550436
508 2550437
507 2550437
505 2550438
509 2550438
504 2550439
516 2550439
506 2550440
504 2550440
517 2550441
508 2550442
505 2550442
513 2550443
509 2550443
507 2550444
507 2550444
508 2550445
507 2550445
507 2550446
506 2550446
505 2550447
500 2550447
511 2550448
520 2550450
504 2550450
512 2550451
516 2550462
504 2550822
510 2550823
500 2550823
503 2550824
503 2550824
511 2550825
505 2550825
501 2550826
501 2550826
542 2550827
499 2550828
512 2550828
503 2550829
506 2550829
508 2550830
535 2550830
500 2550831
516 2550831
498 2550832
513 2550832
509 2550832
510 2550833
506 2550833
495 2550834
503 2550834
517 2550834
504 2550835
509 2550835
510 2550836
507 2550836
506 2550837
511 2550837
507 2550837
512 2550838
510 2550838
514 2550838
506 2550841
507 2550841
508 2550852
513 2552006
512 2552007
511 2552007
506 2552008
511 2552008
512 2552009
503 2552009
510 2552010
509 2552010
505 2552011
510 2552011
513 2552012
499 2552012
506 2552012
506 2552013
505 2552013
506 2552014
509 2552014
507 2552015
506 2552016
506 2552016
507 2552017
508 2552017
507 2552017
508 2552018
505 2552018
508 2552019
510 2552019
509 2552020
509 2552020
508 2552020
509 2552021
512 2552021
506 2552022
504 2552022
507 2552023
507 2552023
509 2552024
507 2552024
508 2552024
509 2552025
510 2552025
507 2552026
506 2552026
507 2552027
508 2552027
510 2552027
506 2552028
508 2552028
507 2552029
510 2552029
507 2552030
506 2552030
507 2552031
509 2552031
509 2552032
508 2552032
507 2552032
508 2552033
509 2552033
510 2552034
509 2552034
507 2552035
508 2552035
508 2552036
508 2552036
507 2552037
507 2552037
507 2552038
509 2552038
509 2552039
508 2552039
508 2552040
507 2552040
509 2552040
509 2552041
507 2552041
508 2552042
510 2552045
508 2552045
507 2552046
507 2552046
508 2552047
508 2552047
508 2552049
508 2552049
509 2552050
512 2552051
508 2552051
505 2552052
507 2552052
507 2552053
506 2552054
508 2552054
509 2552055
508 2552055
510 2552056
509 2552057
505 2552057
508 2552058
507 2552058
507 2552059
508 2552060
502 2552060
507 2552061
510 2552061
509 2552062
504 2552063
508 2552063
507 2552064
508 2552065
510 2552065
506 2552066
510 2552068
509 2552068
507 2552069
509 2552069
508 2552070
509 2552070
504 2552073
508 2552081
508 2552091
508 2552101
509 2552111
510 2552122
506 2552132
507 2552142
508 2552151
507 2552161
509 2552171
508 2552181
507 2552191
509 2552201
510 2552211
509 2552236
506 2552236
508 2552244
508 2552251
508 2552260
507 2552271
507 2552294
510 2552295
510 2552314
506 2552314
507 2552321
508 2552343
508 2552343
508 2552351
508 2552361
508 2552371
509 2552394
511 2552394
504 2552411
507 2552434
508 2552434
514 2552442
505 2552464
508 2552464
507 2552484
510 2552485
512 2552491
507 2552514
505 2552514
509 2552521
512 2552545
506 2552546
505 2552564
507 2552565
508 2552572
516 2552581
509 2552591
509 2552601
506 2552624
503 2552624
501 2552631
510 2552641
507 2552651
505 2552661
510 2552671
509 2552681
503 2552691
509 2552701
505 2552711
508 2552722
507 2552731
504 2552741
506 2552751
509 2552773
508 2552774
506 2552781
508 2552791
509 2552802
507 2552812
508 2552822
506 2552832
511 2552842
509 2552851
509 2552862
506 2552881
504 2552881
508 2552930
509 2552930
503 2552931
501 2552932
510 2552932
505 2552941
512 2552951
507 2552961
508 2553119
507 2553119
517 2553120
509 2553120
504 2553121
507 2553121
514 2553122
510 2553122
512 2553123
508 2553123
509 2553124
508 2553124
498 2553125
502 2553126
519 2553126
509 2553129
507 2553183
512 2553183
509 2553186
505 2553186
506 2553187
510 2553191
510 2553202
508 2553224
506 2553224
508 2553244
508 2553245
507 2553252
508 2553261
507 2553271
507 2553307
508 2553311
509 2553311
509 2553314
509 2553323
507 2553331
508 2553521
506 2553521
506 2553522
506 2553523
508 2553523
509 2553524
507 2553524
511 2553525
510 2553525
508 2553526
506 2553526
508 2553527
510 2553527
507 2553528
508 2553528
509 2553529
506 2553529
508 2553530
507 2553530
507 2553533
508 2553541
507 2553730
508 2553774
506 2553775
508 2553775
509 2553776
510 2553777
508 2553777
508 2553778
508 2553778
508 2553779
508 2553779
508 2553780
509 2553780
508 2553781
509 2553782
509 2553782
507 2553783
507 2553783
508 2553784
509 2553786
508 2553787
508 2553787
508 2553788
508 2553806
507 2553808
508 2553812
505 2553812
506 2553833
508 2553834
507 2553841
508 2553861
506 2553891
508 2553922
508 2553922
505 2553925
503 2553925
498 2553928
502 2553944
506 2553944
511 2553952
508 2553961
509 2553971
508 2553994
508 2553994
504 2554002
507 2554037
504 2554039
501 2554039
500 2554054
509 2554054
501 2554077
518 2554084
501 2554087
505 2554117
508 2554127
510 2554127
505 2554128
507 2554131
510 2554141
510 2554335
512 2554335
517 2554336
520 2554336
512 2554337
509 2554337
522 2554338
507 2554338
505 2554339
510 2554339
524 2554339
501 2554340
508 2554340
504 2554341
507 2554341
511 2554342
512 2554349
500 2554349
492 2554352
513 2554352
517 2554355
509 2554374
513 2554375
511 2554381
507 2554391
511 2554402
507 2554437
509 2554439
514 2554439
511 2554454
508 2554454
506 2554460
498 2554483
503 2554483
523 2554492
503 2554501
508 2554511
490 2554534
517 2554534
499 2554541
522 2554564
510 2554564
514 2554584
499 2554584
517 2554591
505 2554601
507 2554621
511 2554643
509 2554643
509 2554651
507 2554661
508 2554671
508 2554682
510 2554692
509 2554718
507 2554719
510 2554722
509 2554744
508 2554744
509 2554933
506 2554933
506 2554934
507 2554935
508 2554935
508 2554936
508 2554936
508 2554937
508 2554938
506 2554938
506 2554939
509 2554939
508 2554940
507 2554940
508 2554941
509 2554941
508 2554942
506 2554943
506 2554945
506 2554945
507 2554951
506 2555327
508 2555328
507 2555328
508 2555329
509 2555329
508 2555330
506 2555331
506 2555331
507 2555332
508 2555333
507 2555333
507 2555334
510 2555334
510 2555335
509 2555335
507 2555336
506 2555336
507 2555336
510 2555337
508 2555337
507 2555337
507 2555338
511 2555338
512 2555339
505 2555339
505 2555339
506 2555340
511 2555340
509 2555341
510 2555341
510 2555342
512 2555342
507 2555343
506 2555343
506 2555343
510 2555344
511 2555344
513 2555347
507 2555347
502 2555350
505 2555361
507 2555382
507 2555391
504 2555413
508 2555413
504 2555421
509 2555431
504 2555441
504 2555451
516 2555461
506 2555471
508 2555481
507 2555491
507 2555501
508 2555511
507 2555521
509 2555531
505 2555553
507 2555554
509 2555561
507 2555723
508 2555724
507 2555724
507 2555725
508 2555726
508 2555726
508 2555727
506 2555728
509 2555728
507 2555729
507 2555729
503 2555730
510 2555730
509 2555731
508 2555731
510 2555732
508 2555734
510 2555741
506 2556322
506 2556323
506 2556323
507 2556324
508 2556325
509 2556325
506 2556326
507 2556327
506 2556327
508 2556328
507 2556328
508 2556329
509 2556330
506 2556330
510 2556331
507 2556331
511 2556332
507 2556332
506 2556333
507 2556333
505 2556334
508 2556334
507 2556335
506 2556335
509 2556335
508 2556336
508 2556337
510 2556337
509 2556338
506 2556338
506 2556339
507 2556339
508 2556340
508 2556340
507 2556341
509 2556342
509 2556342
507 2556343
507 2556343
508 2556344
507 2556344
506 2556344
509 2556345
507 2556345
510 2556346
510 2556346
507 2556347
508 2556347
505 2556348
508 2556348
508 2556349
508 2556349
506 2556351
508 2556351
510 2556351
508 2556352
505 2556352
508 2556355
507 2556355
510 2556356
508 2556362
507 2556725
510 2556726
508 2556726
510 2556728
507 2556728
509 2556729
511 2556729
509 2556730
508 2556731
510 2556732
508 2556732
510 2556733
509 2556733
507 2556734
506 2556734
506 2556735
509 2556735
504 2556736
509 2556737
509 2556737
510 2556738
509 2556739
507 2556739
507 2556740
508 2556740
510 2556741
508 2556742
507 2556742
506 2556743
509 2556743
510 2556744
507 2556744
508 2556744
508 2556745
508 2556745
508 2556746
507 2556748
508 2556748
508 2556751
509 2556762
507 2556772
507 2556782
509 2556792
507 2556802
508 2556812
508 2556821
508 2556831
508 2556841
510 2556861
508 2556871
506 2556881
507 2556891
505 2556901
508 2556911
508 2556921
508 2556931
505 2556941
509 2556952
508 2556961
507 2557112
507 2557112
507 2557113
508 2557114
508 2557114
508 2557115
508 2557116
509 2557116
509 2557117
507 2557117
507 2557118
508 2557118
507 2557118
508 2557119
508 2557119
509 2557122
508 2557132
508 2557325
507 2557326
506 2557326
508 2557327
508 2557327
508 2557328
508 2557328
508 2557329
507 2557329
510 2557330
507 2557330
506 2557331
507 2557331
506 2557332
506 2557332
507 2557332
508 2557333
507 2557333
507 2557334
506 2557344
507 2557344
507 2557531
507 2557531
508 2557532
507 2557532
507 2557533
509 2557533
509 2557534
508 2557534
506 2557535
508 2557535
507 2557536
508 2557537
509 2557537
506 2557537
510 2557538
510 2557538
507 2557539
506 2557541
508 2557541
509 2557542
509 2557552
508 2557925
508 2557926
509 2557927
510 2557927
508 2557928
509 2557928
505 2557929
509 2557929
509 2557930
506 2557931
509 2557931
507 2557932
509 2557932
508 2557933
507 2557933
508 2557934
508 2557934
506 2557935
508 2557935
510 2557936
507 2557936
508 2557936
510 2557937
506 2557938
507 2557938
506 2557939
508 2557939
506 2557940
507 2557941
508 2557941
509 2557942
508 2557942
508 2557943
507 2557944
507 2557944
507 2557946
507 2557948
508 2557950
508 2558329
509 2558330
510 2558330
507 2558331
507 2558331
506 2558331
507 2558332
507 2558332
506 2558332
509 2558333
509 2558333
509 2558334
508 2558334
505 2558334
508 2558335
508 2558335
507 2558336
508 2558336
508 2558336
509 2558337
510 2558337
509 2558338
506 2558338
506 2558338
509 2558339
508 2558339
509 2558340
507 2558340
507 2558341
509 2558341
508 2558342
508 2558342
507 2558342
509 2558343
507 2558343
507 2558344
507 2558346
508 2558346
506 2558354
509 2558354
507 2558536
508 2558536
508 2558537
508 2558537
509 2558538
509 2558538
508 2558539
510 2558539
508 2558540
507 2558541
506 2558541
507 2558542
507 2558542
510 2558542
508 2558543
507 2558545
508 2558545
510 2558582
508 2558582
508 2558583
508 2558714
507 2558715
508 2558715
510 2558716
508 2558716
510 2558717
511 2558718
508 2558718
507 2558719
509 2558720
507 2558720
508 2558721
507 2558721
507 2558722
508 2558722
509 2558723
507 2558725
509 2558731
507 2559514
508 2559515
508 2559515
507 2559516
507 2559517
509 2559517
509 2559518
508 2559518
507 2559519
506 2559519
506 2559520
509 2559520
507 2559521
507 2559521
508 2559522
510 2559523
509 2559524
508 2559525
505 2559525
506 2559526
508 2559526
506 2559527
506 2559562
507 2559563
511 2559563
509 2559564
508 2559564
507 2559565
506 2559566
507 2559566
506 2559567
511 2559567
508 2559568
509 2559568
512 2559569
508 2559569
507 2559570
507 2559570
507 2559571
508 2559571
508 2559572
509 2559572
507 2559573
510 2559573
508 2559574
507 2559575
508 2559575
508 2559576
507 2559576
507 2559577
509 2559578
510 2559578
510 2559579
509 2559579
507 2559580
508 2559581
509 2559581
508 2559582
508 2559582
509 2559583
509 2559584
510 2559584
509 2559585
507 2559585
507 2559586
509 2559587
508 2559587
508 2559588
508 2559590
507 2559591
509 2559591
509 2559592
507 2559592
506 2559593
507 2559593
508 2559594
508 2559594
507 2559597
508 2559597
506 2559598
509 2559599
510 2559599
502 2559600
511 2559600
515 2559601
513 2559614
515 2559614
520 2559834
504 2559834
509 2559835
539 2559835
509 2559836
503 2559837
505 2559837
509 2559838
519 2559838
514 2559839
519 2559839
511 2559840
515 2559840
494 2559841
505 2559841
507 2559842
514 2559842
510 2559843
527 2559845
508 2559845
510 2559846
508 2559853
518 2559853
501 2560214
510 2560214
509 2560215
495 2560216
510 2560216
515 2560217
509 2560217
501 2560218
512 2560218
507 2560218
509 2560219
505 2560219
503 2560220
511 2560220
508 2560221
509 2560221
509 2560221
505 2560222
504 2560224
507 2560224
507 2560225
504 2560225
506 2560226
508 2560226
516 2560227
505 2560227
503 2560227
508 2560228
507 2560228
506 2560228
511 2560229
507 2560229
509 2560230
507 2560230
508 2560230
508 2560231
505 2560262
506 2560262
508 2560265
507 2560265
508 2560268
507 2560283
504 2560283
507 2560291
509 2560322
503 2560336
508 2560338
506 2560342
511 2560342
508 2560429
508 2560429
509 2560430
510 2560431
510 2560431
511 2560432
507 2560432
505 2560433
505 2560435
504 2560441
510 2560633
505 2560634
508 2560634
510 2560636
508 2560636
505 2560636
506 2560636
509 2560637
508 2560637
506 2560638
509 2560638
508 2560639
508 2560639
508 2560640
506 2560655
508 2560655
508 2560658
507 2560814
507 2560814
506 2560815
505 2560838
509 2560843
509 2560843
507 2560844
507 2560845
507 2560845
510 2560846
509 2560846
509 2560847
510 2560847
507 2560847
505 2560848
508 2560848
506 2560849
507 2560849
511 2560850
507 2560852
507 2560852
507 2560853
508 2560853
510 2560861
509 2561236
509 2561236
508 2561237
511 2561238
506 2561238
511 2561239
506 2561239
516 2561240
506 2561240
503 2561241
513 2561241
506 2561242
500 2561242
515 2561243
520 2561243
507 2561244
524 2561244
513 2561244
508 2561245
506 2561245
511 2561245
509 2561246
508 2561246
509 2561247
507 2561247
508 2561247
508 2561248
506 2561248
507 2561249
507 2561249
505 2561249
506 2561250
507 2561250
512 2561250
501 2561251
508 2561251
503 2561252
505 2561254
514 2561254
505 2561261
503 2561417
507 2561418
506 2561418
507 2561419
510 2561419
510 2561420
487 2561420
502 2561421
541 2561421
506 2561422
501 2561422
507 2561423
505 2561423
506 2561424
508 2561460
503 2561461
507 2561461
509 2561462
509 2561463
509 2561482
508 2561482
508 2561492
508 2561501
505 2561511
508 2561521
516 2561531
520 2561541
511 2561551
503 2561561
496 2561571
512 2561581
512 2561591
507 2561601
507 2561611
505 2561621
510 2561631
509 2561641
507 2561651
499 2561663
507 2561671
509 2561681
507 2561691
507 2561701
505 2561711
510 2561720
506 2561731
507 2561740
507 2561751
508 2561760
506 2561771
508 2561782
508 2561791
507 2561801
508 2561824
507 2561824
508 2561831
508 2561841
507 2561851
508 2561861
508 2561871
507 2561881
507 2561892
507 2561901
507 2561911
508 2561921
507 2561931
505 2561941
508 2561963
509 2561963
508 2561971
506 2561981
508 2561995
507 2562001
508 2562011
508 2562021
508 2562031
509 2562041
510 2562061
508 2562071
506 2562081
507 2562090
507 2562100
507 2562123
509 2562123
508 2562131
509 2562141
511 2562151
507 2562174
507 2562174
507 2562181
510 2562191
508 2562201
510 2562223
508 2562223
507 2562231
509 2562241
508 2562251
508 2562261
508 2562271
509 2562281
507 2562291
508 2562301
509 2562311
509 2562333
508 2562333
504 2562341
507 2562351
507 2562361
509 2562371
506 2562381
508 2562391
509 2562401
508 2562411
508 2562421
508 2562431
506 2562442
506 2562451
506 2562460
507 2562470
507 2562480
507 2562503
507 2562503
509 2562511
511 2562520
509 2562531
506 2562542
503 2562564
505 2562564
508 2562571
507 2562581
508 2562591
509 2562601
510 2562611
507 2562621
506 2562643
507 2562643
509 2562651
508 2562661
507 2562672
508 2562681
508 2562693
511 2562701
509 2562839
507 2562840
509 2562840
507 2562841
511 2562842
508 2562843
508 2562844
507 2562844
508 2562845
508 2562846
505 2562846
508 2562847
510 2562853
510 2562853
507 2562860
509 2562883
510 2562883
509 2562903
510 2562903
511 2562911
508 2562932
508 2562944
506 2562944
506 2562951
509 2562961
507 2562983
507 2562983
510 2563007
510 2563013
509 2563013
509 2563019
510 2563031
507 2563045
513 2563063
508 2563063
506 2563071
510 2563093
506 2563094
507 2563101
509 2563111
506 2563146
509 2563146
508 2563151
506 2563151
509 2563173
509 2563173
508 2563243
507 2563243
504 2563244
508 2563244
505 2563245
509 2563245
506 2563253
506 2563253
509 2563273
507 2563273
503 2563280
507 2563304
506 2563304
509 2563311
511 2563321
506 2563331
510 2563342
512 2563355
506 2563361
507 2563371
509 2563381
509 2563391
511 2563401
506 2563411
514 2563421
509 2563431
501 2563441
504 2563459
503 2563461
503 2563471
512 2563484
511 2563491
515 2563501
504 2563511
511 2563521
510 2563541
507 2563551
523 2563561
510 2563583
502 2563584
507 2563591
507 2563600
508 2563610
507 2563621
509 2563630
508 2563640
505 2563664
507 2563664
507 2563673
508 2563681
508 2563691
509 2563726
507 2563728
507 2563732
510 2563733
507 2563741
508 2563751
507 2563761
507 2563771
507 2563781
506 2563791
508 2563803
509 2563811
510 2563862
508 2563862
507 2563863
508 2563864
508 2563875
506 2563876
509 2563881
508 2563891
508 2563901
511 2563911
509 2563921
508 2563931
507 2563953
508 2563953
506 2563961
507 2563983
508 2563983
507 2563991
511 2564013
503 2564013
510 2564020
509 2564030
508 2564041
508 2564064
506 2564064
508 2564071
507 2564094
509 2564094
510 2564101
508 2564124
507 2564124
507 2564131
510 2564141
507 2564153
505 2564174
511 2564174
515 2564181
505 2564203
505 2564203
510 2564213
509 2564230
502 2564231
511 2564263
503 2564263
498 2564284
511 2564284
511 2564291
495 2564301
511 2564337
513 2564340
508 2564342
509 2564342
496 2564363
509 2564364
504 2564370
511 2564380
519 2564390
511 2564400
507 2564424
521 2564424
522 2564452
518 2564453
508 2564454
508 2564461
512 2564481
518 2564481
509 2564503
506 2564503
514 2564536
510 2564537
508 2564537
508 2564540
507 2564551
509 2564632
509 2564633
510 2564633
505 2564634
506 2564634
509 2564635
509 2564635
510 2564636
506 2564641
507 2564651
508 2564702
507 2564703
507 2564705
507 2564705
505 2564706
508 2564711
508 2564720
505 2564743
509 2564744
509 2564750
508 2564789
506 2564789
507 2564792
505 2564792
508 2564801
506 2564817
507 2564821
508 2565640
509 2565641
506 2565641
506 2565642
507 2565642
507 2565643
508 2565644
508 2565644
491 2565645
502 2565646
512 2565646
506 2565647
504 2565647
507 2565648
515 2565648
510 2565649
508 2565649
502 2565650
508 2565650
503 2565651
517 2565651
507 2565652
509 2565652
502 2565653
504 2565653
511 2565654
506 2565654
509 2565654
505 2565655
511 2565655
505 2565656
506 2565656
511 2565657
509 2565657
511 2565658
501 2565658
512 2565659
507 2565659
509 2565660
508 2565660
503 2565661
508 2565661
507 2565662
509 2565662
507 2565663
507 2565663
508 2565664
508 2565664
506 2565665
507 2565666
507 2565666
508 2565667
509 2565668
507 2565668
508 2565669
505 2565670
510 2565671
507 2565671
505 2565672
506 2565672
507 2565673
507 2565673
508 2565674
508 2565675
509 2565676
509 2565676
507 2565679
507 2565680
507 2565681
508 2565681
507 2565682
507 2565683
508 2565683
508 2565684
510 2565685
509 2565685
507 2565686
507 2565687
508 2565687
507 2565688
508 2565689
508 2565691
507 2565691
509 2565692
509 2565693
506 2565693
508 2565701
508 2566235
505 2566236
504 2566236
497 2566237
512 2566238
507 2566238
509 2566239
508 2566240
504 2566240
504 2566241
510 2566242
509 2566242
507 2566243
509 2566243
507 2566244
507 2566244
504 2566245
506 2566245
508 2566246
511 2566246
510 2566247
510 2566247
506 2566248
509 2566248
503 2566250
513 2566251
515 2566252
538 2566252
495 2566253
547 2566253
532 2566254
518 2566254
479 2566255
511 2566255
544 2566256
505 2566256
503 2566257
506 2566257
512 2566258
508 2566258
513 2566259
506 2566259
540 2566260
524 2566260
535 2566261
473 2566262
603 2566262
505 2566263
553 2566264
442 2566265
488 2566265
496 2566268
506 2566269
490 2566269
509 2566270
530 2566272
495 2566280
514 2566291
517 2566301
511 2566337
509 2566341
509 2566341
505 2566344
506 2566351
507 2566441
507 2566442
503 2566442
507 2566443
508 2566443
510 2566444
508 2566445
507 2566445
508 2566452
507 2566622
506 2566623
509 2566623
509 2566624
508 2566625
509 2566625
509 2566626
500 2566626
494 2566627
501 2566628
508 2566628
507 2566629
500 2566629
503 2566630
496 2566632
514 2566632
492 2566633
510 2566633
505 2566640
510 2567220
511 2567220
509 2567221
504 2567222
509 2567222
509 2567223
508 2567224
505 2567225
508 2567225
507 2567226
508 2567226
509 2567227
509 2567227
508 2567228
509 2567228
509 2567229
507 2567229
506 2567230
508 2567231
508 2567231
507 2567232
508 2567232
509 2567233
509 2567233
510 2567234
507 2567234
506 2567235
507 2567235
507 2567236
507 2567236
506 2567237
508 2567237
510 2567238
510 2567239
507 2567239
508 2567240
507 2567240
506 2567241
507 2567241
507 2567242
509 2567242
507 2567243
509 2567244
508 2567244
505 2567245
507 2567245
507 2567246
509 2567247
509 2567247
510 2567248
512 2567248
511 2567249
512 2567249
506 2567250
507 2567250
508 2567251
506 2567251
508 2567254
508 2567254
507 2567255
509 2567261
508 2567436
506 2567437
507 2567437
509 2567438
506 2567438
507 2567439
508 2567439
508 2567440
510 2567441
509 2567441
507 2567442
506 2567442
509 2567443
508 2567443
507 2567444
509 2567444
508 2567445
508 2567447
508 2567451
508 2567820
507 2567821
509 2567821
507 2567822
508 2567823
508 2567823
508 2567824
509 2567825
509 2567825
508 2567826
506 2567827
507 2567827
506 2567844
509 2567844
507 2567845
507 2567846
508 2567846
509 2567847
509 2567848
506 2567848
508 2567849
507 2567849
506 2567850
507 2567851
508 2567851
508 2567852
508 2567852
507 2567853
506 2567853
507 2567854
508 2567854
507 2567855
508 2567855
507 2567855
508 2567856
510 2567857
510 2567857
506 2567860
506 2567860
509 2567861
510 2567862
510 2567884
508 2567884
507 2568030
511 2568031
509 2568031
507 2568032
504 2568033
514 2568034
506 2568035
507 2568035
514 2568036
505 2568037
509 2568037
507 2568053
508 2568053
507 2568054
508 2568057
509 2568057
506 2568060
508 2568071
508 2568080
509 2568091
509 2568101
508 2568110
507 2568120
507 2568143
508 2568143
506 2568162
509 2568162
509 2568171
508 2568181
508 2568191
510 2568201
507 2568211
508 2568221
507 2568232
507 2568259
512 2568260
507 2568262
507 2568271
508 2568440
508 2568440
507 2568441
506 2568442
508 2568442
508 2568443
510 2568443
511 2568444
509 2568445
512 2568445
509 2568446
501 2568447
505 2568450
509 2568450
506 2568451
511 2568452
505 2568452
509 2568477
507 2568480
510 2568480
510 2568483
505 2568490
507 2568500
506 2568523
509 2568523
508 2568556
509 2568556
508 2568599
510 2568600
509 2568600
509 2568601
508 2568601
511 2568602
509 2568635
508 2568636
508 2568646
509 2568647
510 2568651
508 2568661
514 2568683
495 2568684
502 2568706
514 2568707
509 2568710
507 2568730
513 2568744
507 2568768
510 2568768
508 2568771
503 2568809
506 2568810
509 2568811
508 2568811
512 2568821
504 2568843
509 2568843
512 2568850
506 2568860
512 2568870
507 2568880
499 2568903
508 2568904
503 2568910
508 2568920
510 2568931
508 2568954
509 2568954
506 2568961
508 2568984
510 2568984
507 2568991
506 2569001
510 2569011
509 2569034
509 2569034
504 2569041
502 2569069
506 2569069
508 2569072
509 2569222
509 2569223
497 2569226
513 2569227
506 2569228
505 2569229
509 2569229
507 2569230
517 2569230
513 2569231
498 2569231
507 2569232
506 2569232
509 2569235
508 2569235
506 2569236
510 2569240
507 2569641
501 2569642
507 2569642
506 2569643
502 2569644
524 2569644
458 2569645
506 2569646
509 2569649
503 2569649
500 2569650
505 2569651
492 2569651
516 2569652
512 2569653
502 2569653
501 2569654
511 2569654
507 2569655
527 2569656
511 2569656
506 2569657
505 2569657
510 2569658
505 2569659
505 2569659
506 2569660
507 2569661
508 2569661
508 2569662
505 2569663
510 2569663
511 2569664
509 2569664
508 2569665
508 2569666
507 2569666
506 2569666
508 2569683
508 2569683
508 2569684
509 2569686
511 2569686
506 2569824
507 2569825
509 2569825
510 2569826
506 2569827
477 2569827
512 2569828
477 2569829
530 2569829
507 2569830
521 2569831
507 2569831
504 2569832
506 2569833
506 2569835
508 2569841
508 2570037
508 2570037
504 2570038
506 2570039
507 2570040
505 2570040
509 2570041
508 2570042
508 2570042
508 2570043
512 2570044
508 2570044
506 2570045
509 2570045
507 2570046
509 2570047
507 2570047
509 2570049
507 2570049
506 2570052
508 2570052
507 2570062
507 2570242
508 2570242
508 2570243
508 2570244
507 2570244
508 2570245
508 2570246
509 2570246
508 2570247
507 2570248
508 2570248
509 2570249
508 2570249
507 2570250
508 2570250
509 2570251
509 2570251
506 2570254
508 2570260
507 2570422
506 2570423
507 2570423
507 2570424
509 2570424
509 2570425
508 2570425
507 2570427
505 2570427
508 2570427
509 2570428
506 2570428
506 2570429
509 2570429
509 2570430
510 2570430
506 2570433
506 2570441
506 2570843
509 2570844
507 2570844
504 2570845
512 2570847
511 2570848
513 2570849
508 2570850
506 2570850
506 2570851
508 2570852
506 2570852
510 2570853
511 2570854
507 2570854
520 2570855
508 2570856
505 2570856
525 2570857
517 2570857
516 2570858
517 2570859
499 2570860
498 2570860
516 2570861
509 2570862
506 2570862
507 2570863
507 2570864
513 2570864
497 2570865
518 2570866
502 2570866
509 2570867
515 2570868
508 2570869
506 2570869
505 2570870
509 2570871
507 2570871
511 2570874
510 2570875
510 2570875
510 2570881
509 2571047
506 2571048
510 2571048
509 2571049
507 2571050
509 2571051
507 2571051
513 2571052
543 2571053
519 2571053
507 2571054
498 2571055
501 2571055
488 2571056
515 2571056
507 2571059
512 2571059
507 2571070
505 2571238
504 2571239
508 2571239
509 2571240
515 2571241
508 2571241
503 2571242
506 2571243
515 2571243
514 2571244
507 2571244
504 2571245
506 2571245
508 2571245
498 2571246
498 2571246
503 2571249
505 2571251
504 2571264
512 2571271
509 2571281
508 2571291
511 2571301
510 2571311
501 2571321
509 2571331
506 2571341
516 2571351
516 2571442
509 2571443
507 2571443
508 2571446
508 2571447
505 2571447
511 2571448
512 2571472
508 2571472
513 2571475
512 2571475
510 2571476
510 2571648
511 2571648
498 2571649
510 2571650
502 2571650
515 2571651
495 2571652
492 2571653
504 2571653
515 2571654
520 2571655
504 2571655
506 2571656
508 2571656
508 2571657
520 2571658
509 2571666
501 2571666
512 2571671
505 2571671
511 2571693
505 2571693
509 2571701
518 2571746
499 2571746
509 2571751
519 2571751
493 2571761
522 2571771
504 2571781
484 2571804
516 2571804
510 2571810
505 2571820
506 2571830
500 2571840
509 2571850
510 2571860
513 2571870
512 2571880
508 2571890
514 2571903
508 2571910
521 2572028
521 2572029
505 2572029
504 2572030
508 2572030
509 2572030
513 2572031
506 2572031
508 2572032
508 2572032
512 2572033
510 2572035
504 2572053
507 2572053
508 2572071
509 2572074
509 2572081
511 2574246
508 2574247
506 2574248
507 2574248
505 2574249
508 2574249
509 2574250
509 2574251
508 2574251
509 2574252
508 2574253
507 2574253
507 2574254
507 2574254
508 2574255
508 2574256
509 2574256
508 2574257
509 2574257
507 2574258
508 2574258
493 2574259
517 2574259
512 2574260
510 2574261
501 2574261
504 2574262
513 2574263
510 2574263
509 2574264
510 2574264
508 2574265
508 2574265
507 2574266
508 2574267
509 2574267
506 2574268
509 2574268
507 2574269
507 2574269
509 2574270
507 2574270
508 2574271
508 2574271
509 2574272
508 2574273
508 2574273
507 2574274
507 2574274
509 2574275
507 2574275
508 2574276
507 2574276
509 2574277
508 2574277
509 2574278
507 2574278
505 2574279
507 2574280
507 2574280
507 2574281
508 2574281
508 2574282
508 2574282
509 2574283
508 2574283
508 2574284
507 2574284
507 2574285
509 2574286
508 2574286
508 2574287
510 2574287
511 2574288
505 2574288
506 2574289
506 2574289
504 2574290
507 2574290
506 2574291
511 2574292
505 2574292
515 2574293
504 2574293
507 2574294
507 2574295
512 2574295
506 2574296
509 2574296
506 2574297
509 2574297
507 2574297
508 2574298
505 2574298
508 2574299
508 2574299
509 2574300
507 2574300
508 2574300
508 2574301
510 2574301
509 2574302
505 2574302
506 2574303
508 2574303
508 2574303
508 2574304
509 2574304
508 2574305
509 2574305
509 2574305
506 2574306
507 2574306
508 2574307
509 2574307
505 2574308
509 2574308
509 2574308
507 2574309
510 2574309
509 2574310
506 2574310
507 2574310
507 2574311
507 2574311
509 2574474
508 2574475
508 2574475
509 2574475
509 2574476
507 2574476
507 2574477
506 2574477
509 2574477
506 2574478
508 2574478
510 2574479
509 2574479
508 2574480
509 2574480
506 2574480
508 2574481
509 2574481
508 2574481
508 2574482
508 2574482
510 2574483
508 2574483
504 2574484
507 2574484
508 2574484
508 2574485
507 2574485
508 2574486
509 2574486
509 2574486
508 2574487
506 2574487
509 2574487
509 2574488
505 2574488
509 2574489
510 2574489
507 2574490
509 2574490
506 2574490
508 2574491
507 2574491
509 2574492
507 2574492
509 2574493
508 2574493
509 2574493
503 2574494
508 2574494
505 2574494
507 2574495
505 2574495
506 2574496
511 2574496
508 2574496
511 2574497
504 2574497
505 2574498
507 2574498
505 2574498
509 2574499
503 2574499
509 2574500
508 2574500
509 2574501
505 2574501
510 2574501
509 2574502
504 2574502
509 2574503
511 2574503
505 2574504
509 2574504
510 2574504
508 2574505
515 2574505
509 2574506
508 2574506
500 2574675
513 2574675
511 2574676
509 2574676
510 2574677
511 2574677
510 2574678
507 2574678
505 2574679
511 2574681
507 2574681
509 2574682
509 2574682
509 2574683
508 2574683
509 2574683
511 2574684
506 2574684
505 2574685
509 2574685
509 2574685
508 2574686
505 2574686
504 2574687
512 2574687
507 2574687
510 2574688
505 2574688
506 2574689
508 2574689
509 2574690
508 2574690
508 2574691
508 2574691
507 2574692
506 2574692
506 2574692
509 2574693
506 2574693
506 2574694
505 2574694
510 2574695
517 2574695
512 2574696
507 2574696
504 2574696
510 2574697
507 2574697
509 2574698
507 2574698
507 2574699
509 2574699
512 2574701
509 2574701
508 2574711
507 2574748
503 2574750
505 2574752
506 2574752
509 2574773
509 2574773
505 2574780
511 2574803
513 2574803
502 2574828
510 2574829
504 2574836
510 2574853
505 2574854
506 2574862
503 2574870
510 2574890
474 2574945
503 2574947
507 2574949
509 2574949
509 2574952
499 2574952
515 2574963
509 2574963
517 2574970
515 2574993
510 2574993
502 2575011
517 2575023
504 2575023
509 2575043
510 2575043
500 2575051
506 2575098
505 2575099
512 2575099
497 2575100
508 2575102
499 2575136
504 2575137
502 2575139
499 2575154
514 2575155
509 2575173
502 2575174
507 2575180
499 2575200
510 2575210
512 2575233
512 2575233
510 2575240
510 2575250
508 2575260
503 2575283
509 2575284
509 2575290
507 2575314
506 2575314
509 2575332
508 2575428
514 2575429
507 2575429
508 2575430
503 2575430
505 2575433
506 2575433
506 2575434
509 2575435
508 2575435
498 2575437
507 2575439
507 2575642
506 2575643
504 2575643
502 2575644
510 2575645
511 2575645
505 2575646
508 2575646
510 2575649
508 2575650
505 2575650
507 2575651
508 2575652
507 2575652
508 2575653
504 2575653
512 2575654
506 2575654
506 2575655
509 2575655
507 2575658
507 2575660
507 2575670
508 2575680
507 2575704
508 2575705
510 2575724
508 2575724
507 2575731
509 2575741
507 2575791
510 2575791
507 2575792
507 2575872
507 2575872
510 2575873
506 2575874
504 2575874
507 2575875
506 2575876
508 2575876
505 2575877
506 2575896
509 2575898
511 2575898
510 2576027
509 2576028
507 2576028
511 2576029
510 2576030
507 2576030
508 2576031
508 2576031
508 2576032
512 2576032
519 2576033
500 2576033
511 2576034
501 2576036
513 2576054
507 2576054
515 2576074
506 2576074
509 2576081
508 2576091
505 2576101
507 2576111
504 2576121
507 2576131
507 2576141
509 2576161
506 2576171
508 2576181
507 2576191
506 2576201
508 2576211
506 2576244
507 2576244
514 2576245
517 2576251
512 2576475
505 2576475
505 2576476
506 2576477
507 2576477
510 2576478
508 2576478
508 2576479
507 2576480
507 2576481
511 2576481
510 2576482
506 2576482
507 2576483
507 2576483
507 2576484
508 2576484
508 2576485
508 2576485
510 2576486
509 2576486
507 2576487
507 2576489
506 2576491
515 2576513
504 2576513
504 2576521
507 2576531
508 2576541
506 2576551
499 2576561
509 2576571
506 2576581
505 2576590
506 2576600
508 2576611
507 2576620
508 2576631
507 2576640
508 2576655
507 2576660
507 2576673
507 2576680
508 2576844
509 2576845
506 2576845
512 2576846
510 2576847
516 2576848
506 2576848
509 2576849
507 2576850
509 2576851
508 2576852
509 2576852
521 2576853
494 2576854
498 2576855
465 2576855
506 2576877
514 2576879
506 2576879
514 2577229
508 2577229
513 2577230
513 2577231
508 2577231
506 2577231
511 2577232
505 2577232
509 2577233
506 2577234
510 2577234
507 2577235
508 2577235
510 2577236
507 2577237
508 2577237
509 2577238
511 2577239
509 2577239
511 2577240
511 2577241
508 2577241
508 2577242
505 2577243
504 2577243
503 2577244
526 2577245
508 2577245
516 2577246
502 2577246
508 2577249
521 2577249
500 2577250
509 2577251
507 2577251
507 2577252
509 2577254
509 2577261
509 2577271
506 2577281
510 2577291
507 2577301
504 2577311
519 2577321
504 2577331
510 2577341
508 2577351
508 2577360
507 2577371
510 2577380
508 2577390
500 2577400
499 2577423
514 2577423
498 2577674
502 2577675
512 2577676
508 2577676
512 2577677
506 2577678
506 2577678
507 2577679
506 2577679
509 2577680
510 2577680
509 2577681
507 2577681
509 2577681
508 2577682
507 2577682
508 2577683
508 2577683
507 2577684
508 2577684
507 2577685
509 2577685
509 2577685
508 2577686
507 2577688
507 2577690
509 2577700
508 2577710
508 2577720
509 2577730
506 2577740
508 2577751
513 2577760
507 2577770
508 2577793
511 2577793
508 2577800
510 2577810
508 2577820
510 2577869
510 2577870
507 2577870
507 2577871
504 2577871
506 2577880
508 2577890
508 2577904
510 2577910
508 2577920
511 2577930
516 2577940
507 2577951
508 2577961
509 2577974
508 2577981
500 2577996
507 2578001
510 2578036
512 2578036
507 2578041
509 2578041
507 2578051
508 2578061
508 2578071
507 2578080
507 2578091
508 2578101
507 2578110
510 2578120
507 2578130
512 2578140
507 2578150
517 2578160
497 2578170
515 2578180
508 2578190
500 2578200
508 2578211
512 2578220
511 2578232
504 2578240
509 2578250
508 2578260
510 2578283
510 2578283
510 2578290
508 2578300
508 2578310
506 2578320
506 2578331
507 2578341
507 2578351
512 2578368
513 2578371
523 2578391
517 2578401
504 2578411
522 2578421
517 2578431
510 2578441
520 2578450
508 2578465
515 2578471
511 2578480
504 2578490
513 2578500
508 2578510
508 2578520
507 2578530
507 2578540
506 2578551
507 2578560
510 2578570
509 2578580
511 2578590
507 2578613
505 2578614
508 2578620
508 2578643
507 2578643
507 2578661
508 2578672
509 2578672
510 2578699
508 2578699
508 2578701
507 2578723
508 2578723
507 2578743
508 2578743
506 2578751
509 2578773
509 2578773
509 2578781
505 2578803
507 2578803
508 2578823
507 2578824
507 2578855
507 2578856
508 2578856
508 2578859
510 2578869
508 2578880
507 2578903
508 2578903
508 2578910
509 2578933
508 2578933
508 2578953
510 2578953
508 2578960
509 2579005
507 2579008
507 2579010
508 2579012
507 2579033
508 2579033
509 2579052
508 2579053
510 2579086
509 2579088
507 2579090
507 2579102
508 2579113
508 2579113
507 2579133
507 2579133
507 2579141
510 2579165
506 2579166
508 2579183
508 2579183
507 2579191
508 2579201
509 2579210
507 2579221
508 2579230
510 2579265
508 2579266
508 2579267
508 2579283
508 2579283
507 2579298
507 2579301
508 2579310
508 2579320
511 2579330
508 2579340
508 2579350
506 2579360
510 2579370
508 2579421
508 2579422
506 2579423
509 2579424
509 2579425
509 2579430
507 2579440
506 2579450
507 2579461
509 2579471
507 2579493
507 2579493
507 2579501
508 2579511
508 2579521
506 2579531
506 2579541
508 2579551
508 2579573
508 2579573
509 2579581
507 2579591
508 2579600
510 2579611
508 2579620
506 2579644
507 2579644
507 2579651
508 2579678
508 2579678
507 2579681
510 2580046
510 2580047
508 2580047
506 2580048
507 2580049
508 2580052
507 2580053
508 2580053
509 2580054
508 2580055
510 2580055
508 2580056
507 2580056
508 2580057
508 2580057
510 2580058
508 2580058
509 2580059
509 2580059
511 2580060
509 2580060
507 2580061
507 2580061
508 2580062
508 2580062
509 2580063
508 2580064
508 2580064
508 2580065
508 2580065
507 2580066
508 2580067
510 2580067
504 2580068
509 2580068
508 2580071
507 2580071
509 2580072
510 2580080
521 2580251
520 2580252
506 2580254
507 2580255
508 2580255
505 2580256
521 2580257
494 2580257
498 2580258
512 2580259
510 2580259
515 2580260
512 2580260
511 2580260
509 2580261
508 2580261
508 2580262
512 2580264
510 2580271
492 2580456
502 2580457
501 2580457
510 2580458
494 2580458
507 2580459
503 2580460
512 2580460
505 2580461
511 2580461
506 2580462
520 2580462
511 2580463
515 2580464
501 2580464
503 2580464
497 2580482
513 2580482
503 2580483
510 2580486
505 2580486
506 2580645
514 2580645
506 2580646
506 2580647
509 2580648
511 2580649
501 2580649
506 2580650
515 2580651
519 2580652
511 2580652
524 2580653
493 2580653
503 2580654
514 2580654
508 2580663
499 2580663
506 2580671
510 2580693
511 2580693
512 2580833
512 2580834
511 2580834
507 2580835
507 2580835
512 2580836
509 2580836
509 2580837
497 2580837
550 2580838
507 2580838
505 2580838
509 2580839
505 2580839
507 2580852
510 2580852
507 2580860
507 2580870
511 2580880
508 2580915
510 2580920
504 2580920
507 2580921
505 2580930
507 2580952
507 2580952
508 2580961
508 2580972
510 2580981
504 2581006
514 2581007
512 2581009
505 2581021
508 2581253
512 2581254
505 2581255
512 2581255
510 2581256
507 2581256
508 2581257
506 2581257
511 2581258
507 2581258
504 2581259
510 2581259
511 2581260
512 2581261
505 2581262
507 2581262
508 2581263
510 2581263
507 2581264
508 2581265
506 2581265
509 2581266
505 2581266
511 2581273
509 2581273
509 2581280
510 2581300
508 2581313
508 2581313
505 2581320
503 2581330
507 2581341
507 2581361
499 2581371
505 2581381
504 2581403
507 2581403
511 2581411
512 2581421
512 2581431
509 2581462
511 2581462
496 2581463
512 2581474
499 2581493
475 2581493
505 2581500
511 2581510
505 2581520
509 2581530
506 2581540
519 2581551
506 2581586
510 2581589
512 2581591
505 2581591
501 2581600
509 2581610
506 2581620
514 2581630
496 2581665
537 2581665
503 2581679
503 2581679
509 2581722
497 2581722
506 2581725
504 2581725
513 2581726
494 2581731
507 2581741
507 2581751
498 2581761
508 2581796
510 2581797
515 2581801
502 2581802
515 2581811
496 2581820
496 2581831
514 2581840
508 2581879
505 2581879
508 2581880
507 2581880
508 2581890
509 2581900
503 2581923
508 2581924
507 2581930
510 2581940
507 2581950
508 2581962
507 2581983
509 2581984
508 2581992
516 2582000
500 2582010
500 2582020
496 2582033
520 2582052
511 2582053
523 2582062
532 2582070
501 2582091
518 2582101
505 2582111
509 2582121
508 2582131
501 2582141
501 2582151
512 2582173
501 2582173
512 2582181
500 2582191
527 2582201
515 2582210
513 2582221
498 2582230
513 2582240
511 2582250
505 2582260
505 2582275
512 2582280
505 2582454
509 2582454
508 2582455
507 2582456
505 2582456
512 2582457
503 2582459
511 2582459
508 2582460
506 2582461
512 2582461
506 2582462
509 2582463
506 2582463
510 2582464
507 2582464
509 2582467
506 2582467
506 2582470
509 2582481
510 2582491
508 2582501
507 2582511
505 2582521
506 2582531
506 2582541
508 2582551
507 2582561
509 2582571
510 2582581
509 2582591
507 2582601
508 2582623
507 2582623
507 2582631
508 2582640
507 2582650
510 2582673
509 2582673
505 2582690
509 2582691
498 2582700
505 2582853
515 2582853
509 2582854
507 2582855
506 2582855
519 2582856
496 2582857
496 2582857
513 2582858
510 2582858
503 2582858
518 2582859
505 2582859
511 2582862
512 2582864
507 2582871
511 2582881
511 2582891
502 2582901
514 2582911
519 2582921
511 2582931
512 2582941
509 2582951
504 2582961
508 2582971
505 2582981
502 2582991
504 2583000
505 2583010
516 2583020
507 2583249
509 2583250
515 2583250
511 2583251
510 2583251
506 2583252
504 2583253
519 2583253
508 2583254
506 2583254
506 2583255
508 2583255
508 2583256
502 2583256
512 2583257
506 2583257
509 2583258
509 2583258
507 2583259
507 2583260
512 2583260
506 2583261
505 2583261
508 2583264
505 2583271
511 2583636
516 2583637
508 2583637
507 2583638
507 2583638
507 2583639
508 2583639
507 2583640
515 2583640
503 2583641
519 2583641
507 2583642
501 2583642
504 2583643
511 2583643
504 2583644
509 2583644
507 2583644
518 2583645
505 2583645
493 2583646
506 2583646
507 2583647
509 2583647
504 2583648
506 2583648
512 2583649
506 2583649
507 2583650
504 2583650
511 2583651
507 2583651
513 2583652
505 2583652
508 2583653
510 2583655
506 2583663
507 2583663
508 2583679
508 2583680
506 2583690
508 2583700
507 2583710
507 2583720
508 2583730
506 2583740
504 2583750
507 2583760
508 2583772
510 2583793
507 2583794
510 2583800
506 2583810
506 2583820
509 2583830
509 2583840
508 2583850
504 2583860
508 2583874
511 2583880
504 2583914
505 2583914
513 2583915
498 2583920
507 2584036
512 2584037
503 2584038
503 2584038
508 2584039
511 2584039
512 2584040
505 2584040
499 2584041
502 2584041
507 2584042
506 2584045
505 2584050
503 2584249
514 2584250
511 2584250
506 2584251
512 2584251
503 2584252
510 2584253
505 2584253
512 2584254
505 2584255
508 2584255
517 2584256
500 2584256
507 2584257
509 2584257
508 2584257
508 2584258
509 2584258
509 2584259
511 2584259
507 2584261
506 2584271
508 2584455
507 2584456
506 2584456
508 2584457
506 2584457
507 2584460
509 2584461
507 2584461
509 2584462
507 2584463
509 2584463
507 2584464
509 2584465
509 2584465
508 2584466
509 2584467
506 2584467
509 2584470
505 2584483
508 2584483
510 2584635
510 2584636
506 2584636
505 2584636
511 2584637
515 2584637
502 2584638
504 2584638
508 2584639
509 2584639
512 2584640
510 2584640
508 2584659
506 2584659
510 2584662
506 2584662
505 2584663
509 2584663
506 2584695
507 2584695
513 2584700
508 2584701
514 2584723
510 2584723
507 2584732
505 2584741
505 2584751
506 2584774
510 2584774
509 2584780
509 2584791
507 2584800
511 2584811
508 2584820
505 2584830
507 2584853
507 2584853
508 2584860
506 2584876
511 2584880
508 2584903
506 2584903
518 2584935
508 2584937
509 2584940
511 2584942
508 2584950
507 2585057
509 2585058
509 2585058
510 2585059
507 2585059
506 2585060
517 2585061
505 2585062
502 2585062
503 2585065
508 2585065
508 2585070
508 2585280
510 2585283
507 2585283
499 2585284
504 2585285
508 2585285
509 2585286
510 2585286
507 2585287
508 2585287
508 2585288
508 2585288
507 2585289
509 2585289
508 2585290
504 2585293
503 2585293
500 2585294
506 2585294
510 2585294
506 2585303
502 2585303
502 2585310
502 2585334
509 2585334
512 2585353
510 2585354
505 2585360
508 2585411
506 2585412
506 2585414
506 2585414
510 2585415
505 2585432
506 2585432
508 2585439
506 2585478
502 2585478
513 2585483
506 2585483
507 2585491
514 2585513
501 2585513
512 2585533
511 2585533
504 2585541
509 2585563
507 2585563
507 2585583
511 2585583
509 2585612
506 2585613
507 2585613
511 2585631
509 2585643
509 2585644
510 2585663
508 2585663
505 2585670
508 2585690
507 2585700
511 2585710
508 2585720
514 2585748
509 2585748
509 2585751
507 2585848
506 2585849
505 2585849
506 2585850
506 2585851
508 2585851
508 2585852
509 2585853
509 2585855
507 2585855
506 2585873
507 2585873
509 2586052
508 2586053
508 2586053
506 2586054
508 2586055
509 2586056
508 2586056
505 2586057
506 2586058
508 2586058
508 2586059
509 2586059
506 2586060
507 2586061
510 2586061
510 2586062
506 2586065
508 2586066
508 2586072
509 2586073
508 2586236
508 2586236
508 2586237
510 2586238
508 2586239
506 2586239
507 2586240
509 2586241
508 2586241
509 2586242
508 2586242
509 2586243
511 2586243
509 2586244
508 2586244
505 2586245
506 2586247
509 2586251
508 2586451
509 2586452
508 2586452
509 2586453
510 2586454
508 2586455
508 2586456
508 2586456
507 2586457
509 2586458
508 2586458
505 2586459
510 2586459
509 2586460
506 2586460
508 2586461
506 2586461
506 2586462
509 2586462
508 2586462
509 2586473
506 2586473
509 2586656
507 2586657
507 2586657
506 2586658
506 2586659
509 2586659
509 2586660
506 2586661
510 2586661
511 2586662
508 2586663
505 2586663
507 2586664
507 2586664
508 2586665
508 2586665
509 2586667
510 2586667
510 2586670
511 2586693
506 2586693
508 2586700
508 2586723
506 2586723
510 2586730
508 2586740
508 2586750
511 2586761
507 2586783
508 2586783
507 2586803
510 2586804
509 2586810
509 2586820
510 2586830
507 2586840
507 2586850
508 2586862
508 2586870
507 2586884
507 2586891
508 2587050
508 2587051
510 2587051
509 2587052
508 2587053
508 2587054
507 2587054
507 2587055
508 2587056
506 2587056
509 2587057
509 2587058
505 2587058
511 2587059
503 2587059
519 2587062
498 2587063
514 2587070
508 2587257
512 2587258
513 2587259
510 2587259
512 2587260
510 2587260
502 2587261
512 2587262
504 2587263
509 2587263
508 2587264
507 2587265
508 2587265
509 2587266
510 2587266
504 2587267
512 2587268
505 2587268
507 2587271
512 2587273
493 2587437
507 2587438
514 2587438
506 2587439
524 2587439
500 2587440
517 2587440
513 2587441
511 2587442
498 2587442
492 2587443
526 2587443
507 2587444
506 2587444
505 2587445
513 2587447
512 2587463
518 2587463
502 2587860
517 2587860
504 2587861
505 2587862
508 2587863
517 2587866
515 2587867
501 2587867
508 2587868
516 2587869
506 2587869
507 2587870
506 2587871
511 2587871
507 2587872
513 2587873
510 2587874
505 2587874
510 2587875
509 2587876
504 2587876
510 2587877
510 2587878
505 2587878
506 2587879
505 2587880
508 2587880
509 2587881
508 2587882
504 2587882
510 2587883
510 2587884
508 2587884
506 2587885
509 2587885
507 2587886
507 2587886
508 2587887
508 2587887
510 2587888
510 2587890
508 2587890
507 2587891
505 2587913
509 2587913
509 2588042
508 2588042
508 2588043
509 2588044
507 2588044
508 2588045
508 2588045
506 2588046
507 2588046
508 2588047
508 2588047
509 2588048
508 2588050
504 2588060
508 2588256
502 2588257
511 2588257
512 2588258
512 2588259
507 2588259
507 2588260
508 2588261
507 2588262
510 2588262
508 2588263
505 2588263
508 2588264
506 2588264
509 2588265
506 2588265
509 2588266
508 2588266
508 2588267
507 2588269
506 2588312
506 2588312
509 2588315
508 2588315
507 2588316
507 2588321
508 2588342
509 2588342
509 2588376
507 2588376
507 2588379
512 2588640
511 2588641
497 2588641
517 2588642
511 2588643
508 2588644
513 2588644
508 2588645
505 2588646
505 2588646
508 2588647
511 2588648
508 2588648
508 2588649
508 2588649
509 2588650
508 2588650
507 2588651
509 2588651
509 2588652
506 2588653
508 2588653
505 2588654
510 2588654
506 2588655
503 2588655
502 2588656
504 2588659
507 2588659
502 2588670
507 2588854
505 2588855
509 2588855
509 2588856
506 2588857
507 2588857
507 2588858
511 2588859
504 2588860
514 2588860
512 2588861
507 2588862
512 2588862
511 2588863
504 2588863
511 2588864
508 2588866
508 2588873
506 2588873
507 2589051
509 2589052
510 2589052
509 2589053
504 2589054
506 2589054
509 2589055
507 2589056
508 2589056
508 2589057
506 2589058
508 2589058
508 2589059
507 2589060
507 2589060
508 2589061
507 2589063
509 2589063
509 2589064
508 2589070
508 2589461
507 2589462
507 2589462
507 2589463
508 2589463
508 2589464
509 2589464
508 2589465
505 2589465
508 2589466
508 2589466
508 2589467
507 2589467
507 2589468
507 2589468
509 2589469
509 2589469
510 2589470
507 2589470
510 2589471
508 2589471
509 2589472
506 2589472
508 2589473
508 2589473
509 2589474
506 2589474
508 2589474
509 2589475
506 2589475
505 2589476
507 2589476
505 2589477
511 2589477
506 2589478
509 2589478
508 2589479
511 2589479
509 2589479
509 2589484
508 2589484
509 2589490
506 2589854
508 2589855
512 2589855
510 2589856
498 2589856
507 2589857
509 2589858
508 2589858
508 2589859
506 2589859
508 2589860
507 2589861
508 2589861
509 2589862
507 2589862
507 2589862
509 2589863
508 2589863
508 2589864
507 2589864
504 2589865
509 2589865
508 2589866
509 2589866
507 2589867
505 2589867
507 2589868
508 2589868
509 2589869
507 2589870
509 2589870
510 2589871
510 2589872
507 2589872
510 2589872
507 2589875
509 2589875
508 2589880
506 2590239
507 2590240
511 2590241
510 2590241
507 2590242
507 2590242
507 2590243
507 2590243
508 2590305
509 2590306
509 2590306
508 2590307
508 2590307
509 2590308
506 2590308
508 2590309
509 2590309
507 2590310
508 2590310
510 2590311
508 2590311
510 2590311
510 2590312
505 2590312
507 2590313
509 2590313
510 2590314
508 2590314
507 2590315
507 2590315
510 2590316
510 2590316
508 2590317
511 2590317
508 2590320
509 2590320
504 2590321
509 2590322
508 2590322
509 2590323
505 2590323
507 2590324
505 2590325
508 2590330
507 2590359
508 2590376
519 2590456
506 2590457
511 2590457
506 2590458
502 2590459
507 2590459
509 2590460
508 2590460
508 2590461
508 2590462
507 2590464
508 2590470
511 2591055
497 2591056
492 2591056
491 2591057
497 2591058
497 2591058
502 2591059
508 2591060
507 2591060
505 2591061
509 2591062
505 2591062
507 2591063
504 2591064
510 2591064
512 2591065
521 2591065
505 2591066
517 2591066
508 2591067
504 2591067
518 2591068
505 2591069
509 2591069
507 2591070
510 2591070
509 2591071
538 2591071
509 2591072
515 2591072
505 2591073
506 2591073
503 2591074
513 2591074
483 2591075
504 2591075
506 2591076
512 2591076
506 2591077
506 2591077
514 2591078
506 2591078
504 2591079
513 2591079
509 2591080
495 2591080
513 2591081
493 2591081
504 2591082
510 2591082
515 2591083
511 2591083
507 2591084
510 2591084
507 2591085
508 2591085
510 2591087
499 2591087
504 2591088
512 2591088
496 2591090
507 2591113
512 2591113
516 2591133
509 2591134
504 2591140
506 2591163
504 2591164
509 2591196
510 2591198
506 2591198
522 2591226
504 2591228
514 2591228
504 2591243
507 2591243
508 2591250
510 2591260
513 2591270
517 2591293
504 2591293
507 2591326
505 2591326
506 2591327
508 2591340
502 2591350
502 2591373
507 2591373
508 2591442
511 2591443
507 2591443
508 2591444
506 2591445
507 2591445
506 2591446
507 2591452
507 2591452
508 2591460
508 2591470
509 2591480
508 2591491
508 2591501
509 2591523
506 2591523
508 2591531
508 2591541
508 2591550
508 2591561
507 2591570
507 2591580
509 2591590
507 2591600
506 2591610
507 2591620
506 2591630
508 2591640
509 2591650
509 2591660
508 2592043
509 2592044
509 2592044
508 2592045
502 2592046
503 2592046
520 2592047
506 2592048
509 2592048
501 2592049
516 2592050
498 2592050
505 2592051
503 2592052
504 2592052
508 2592053
505 2592054
505 2592054
508 2592055
508 2592055
510 2592056
507 2592057
505 2592057
510 2592058
521 2592058
491 2592059
517 2592059
497 2592060
507 2592060
530 2592061
480 2592061
517 2592061
499 2592062
526 2592062
498 2592063
497 2592063
508 2592063
518 2592066
495 2592066
492 2592070
503 2592453
497 2592454
505 2592454
522 2592455
516 2592456
506 2592457
503 2592458
504 2592459
508 2592459
505 2592460
498 2592461
507 2592461
505 2592462
509 2592463
504 2592463
508 2592464
508 2592464
508 2592465
509 2592465
509 2592466
508 2592466
507 2592467
511 2592468
508 2592468
508 2592469
510 2592470
506 2592470
503 2592471
508 2592471
508 2592472
508 2592473
513 2592473
506 2592474
508 2592474
512 2592475
506 2592475
505 2592476
505 2592478
508 2592478
511 2592481
509 2592490
508 2592500
508 2592522
508 2592522
509 2592530
508 2592540
507 2592575
509 2592576
509 2592578
509 2592659
508 2592660
509 2592660
509 2592661
510 2592662
507 2592663
507 2592664
507 2592664
508 2592685
509 2592686
510 2592880
507 2592880
511 2592881
508 2592881
513 2592882
500 2592882
508 2592883
502 2592883
505 2592884
506 2592884
510 2592884
507 2592885
503 2592885
504 2592886
505 2592886
507 2592887
507 2592887
511 2592887
508 2592913
500 2592914
514 2592914
510 2592915
496 2592915
509 2592933
506 2592933
509 2592952
506 2592968
509 2592971
506 2592971
509 2592982
512 2592982
509 2593015
509 2593016
510 2593017
513 2593033
504 2593033
508 2593057
510 2593057
500 2593066
508 2593083
498 2593083
519 2593263
502 2593264
512 2593265
500 2593265
503 2593266
505 2593267
511 2593267
512 2593268
508 2593269
502 2593269
510 2593270
510 2593270
533 2593271
509 2593271
507 2593272
500 2593272
513 2593275
515 2593275
480 2593280
516 2593442
494 2593442
531 2593443
506 2593443
505 2593444
483 2593444
516 2593445
509 2593445
513 2593446
510 2593446
510 2593447
501 2593447
529 2593448
506 2593449
518 2593449
500 2593450
508 2593463
511 2593463
501 2593481
507 2593493
519 2593493
507 2593513
494 2593513
508 2593520
501 2593543
510 2593544
526 2593562
503 2593562
530 2593577
502 2593592
465 2593592
490 2593604
504 2593622
515 2593622
503 2593655
506 2593655
505 2593658
505 2593670
504 2594066
505 2594066
507 2594067
510 2594068
503 2594068
517 2594069
509 2594070
504 2594070
504 2594071
508 2594071
506 2594072
507 2594073
512 2594073
511 2594074
509 2594075
508 2594075
507 2594076
508 2594076
506 2594077
505 2594078
509 2594078
508 2594079
509 2594079
508 2594080
510 2594081
507 2594081
506 2594082
507 2594082
504 2594083
507 2594083
510 2594084
508 2594084
510 2594085
510 2594085
507 2594085
508 2594086
506 2594086
505 2594087
508 2594087
508 2594090
506 2594092
509 2594092
509 2594113
511 2594114
508 2594120
507 2594130
509 2594142
508 2594150
507 2594160
510 2594170
510 2594180
511 2594190
509 2594200
509 2594210
506 2594220
513 2594230
510 2594240
508 2594250
508 2594260
507 2594281
505 2594281
509 2594290
506 2594299
509 2594310
508 2594323
506 2594330
508 2594340
509 2594350
506 2594360
507 2594370
508 2594380
508 2594390
505 2594400
506 2594409
506 2594432
507 2594432
506 2594452
506 2594452
508 2594459
508 2594487
507 2594487
508 2594490
507 2594506
509 2594510
508 2594533
509 2594534
509 2594540
508 2594550
510 2594560
507 2594570
507 2594580
507 2594667
507 2594667
507 2594668
502 2594668
518 2594669
498 2594670
512 2594670
512 2594671
506 2594674
510 2594680
506 2595061
504 2595062
511 2595062
503 2595063
507 2595064
509 2595064
507 2595065
509 2595065
508 2595066
509 2595066
508 2595067
512 2595067
509 2595068
505 2595069
513 2595069
509 2595070
514 2595071
503 2595071
521 2595072
521 2595072
508 2595073
512 2595073
501 2595074
507 2595074
503 2595075
523 2595075
510 2595076
507 2595076
496 2595077
508 2595077
504 2595078
511 2595079
511 2595080
506 2595080
508 2595081
505 2595081
508 2595084
507 2595084
508 2595085
505 2595090
509 2595660
511 2595661
509 2595661
506 2595662
506 2595663
507 2595663
506 2595664
509 2595665
512 2595666
510 2595666
506 2595667
513 2595667
508 2595668
521 2595669
509 2595669
505 2595670
511 2595671
506 2595671
507 2595672
508 2595672
508 2595673
509 2595673
508 2595674
509 2595674
507 2595675
507 2595675
509 2595676
506 2595676
507 2595676
508 2595677
509 2595677
508 2595678
507 2595678
509 2595679
509 2595682
507 2595682
508 2595683
507 2595683
508 2595684
510 2595684
508 2595684
507 2595685
509 2595685
508 2595686
509 2595686
508 2595687
508 2595687
508 2595688
509 2595688
508 2595688
506 2595689
508 2595689
507 2595690
509 2595690
508 2595691
509 2595691
509 2595694
510 2595694
508 2595695
508 2595700
508 2596052
508 2596052
508 2596053
507 2596054
509 2596054
509 2596055
510 2596055
508 2596055
508 2596056
507 2596056
508 2596057
508 2596057
508 2596058
508 2596058
508 2596058
509 2596059
508 2596059
508 2596060
506 2596061
509 2596061
507 2596062
507 2596062
507 2596063
508 2596063
510 2596064
509 2596065
507 2596065
508 2596066
509 2596066
506 2596067
507 2596068
508 2596068
506 2596069
509 2596069
510 2596069
506 2596072
507 2596072
506 2596080
507 2596462
508 2596463
509 2596463
507 2596464
508 2596464
509 2596465
507 2596465
508 2596466
506 2596467
508 2596468
509 2596468
508 2596469
508 2596469
508 2596469
509 2596470
508 2596470
506 2596471
508 2596471
508 2596472
509 2596472
508 2596473
508 2596473
508 2596474
510 2596474
507 2596475
505 2596475
507 2596476
507 2596476
510 2596476
508 2596477
508 2596477
508 2596478
510 2596478
509 2596479
506 2596479
508 2596479
509 2596480
508 2596482
507 2596482
509 2596490
508 2596644
510 2596644
509 2596645
507 2596645
506 2596646
508 2596646
508 2596647
508 2596647
508 2596648
507 2596648
508 2596649
509 2596649
508 2596650
505 2596650
509 2596651
508 2596653
507 2596659
508 2597858
508 2597859
508 2597859
507 2597860
507 2597861
507 2597862
507 2597862
506 2597863
507 2597863
508 2597864
509 2597864
507 2597865
510 2597865
508 2597865
506 2597866
507 2597866
507 2597867
508 2597867
509 2597868
508 2597868
508 2597868
511 2597869
508 2597869
506 2597870
506 2597870
508 2597871
508 2597871
508 2597871
508 2597872
508 2597872
510 2597873
508 2597873
507 2597873
507 2597874
508 2597874
509 2597874
509 2597875
509 2597875
508 2597876
510 2597876
510 2597876
508 2597878
507 2597878
508 2597879
507 2597879
509 2597879
508 2597880
509 2597880
509 2597880
509 2597881
508 2597881
507 2597882
507 2597882
507 2597883
508 2597883
507 2597884
508 2597884
508 2597884
508 2597885
508 2597885
508 2597886
508 2597886
508 2597886
508 2597887
508 2597887
508 2597888
508 2597888
509 2597889
506 2597889
504 2597890
505 2597890
505 2597891
505 2597891
507 2597892
507 2597892
510 2597893
507 2597893
506 2597894
508 2597894
506 2597894
510 2597895
508 2597895
507 2597896
508 2597896
505 2597897
512 2597897
508 2597897
503 2597898
507 2597898
511 2597899
508 2597899
507 2597900
509 2597900
508 2597900
509 2597901
509 2597901
510 2597902
509 2597902
509 2597904
508 2597905
508 2597905
508 2597905
508 2597906
509 2597906
509 2597907
506 2597907
506 2597908
506 2597909
506 2597909
507 2597910
508 2597910
508 2597911
508 2597911
509 2597912
508 2597912
507 2597913
508 2597913
507 2597914
507 2597916
508 2597916
508 2597917
508 2597918
510 2597918
508 2597921
507 2597930
507 2597940
507 2597950
507 2597960
508 2597970
507 2597980
507 2597990
511 2598091
508 2598094
505 2598094
507 2598095
509 2598096
508 2598096
508 2598097
507 2598097
508 2598098
509 2598098
509 2598101
506 2598110
507 2598120
507 2598130
509 2598247
509 2598247
505 2598247
508 2598248
506 2598248
510 2598249
507 2598250
508 2598250
504 2598251
508 2598251
509 2598252
507 2598256
510 2598260
508 2598270
508 2598280
507 2598290
507 2598300
507 2598310
508 2598320
508 2598330
508 2598340
508 2598350
506 2598360
511 2598382
506 2598383
507 2598390
507 2598400
508 2598422
509 2598422
509 2598460
508 2598460
509 2598461
507 2598470
508 2598482
507 2598490
508 2598500
507 2598510
508 2598520
509 2598530
508 2598540
510 2598550
509 2598560
506 2598570
508 2598580
507 2598590
507 2598599
508 2598609
506 2598862
504 2598862
509 2598863
509 2598864
506 2598864
508 2598865
508 2598866
507 2598866
508 2598868
503 2598869
504 2598870
510 2598870
509 2598871
508 2598871
506 2598872
509 2598872
506 2598873
510 2598873
509 2598873
508 2598874
508 2598874
511 2598875
509 2598875
504 2598876
506 2598876
506 2598882
511 2598882
503 2598889
510 2598900
506 2598910
513 2598932
507 2598932
509 2598952
505 2598952
508 2598960
505 2598970
506 2599006
508 2599010
507 2599010
507 2599013
507 2599020
510 2599060
506 2599061
509 2599062
505 2599062
507 2599070
506 2599263
508 2599263
508 2599264
510 2599265
506 2599265
505 2599266
509 2599266
508 2599267
507 2599267
508 2599268
507 2599269
509 2599271
511 2599272
509 2599272
508 2599273
507 2599274
509 2599274
508 2599277
508 2599277
508 2599280
510 2599290
510 2599313
507 2599313
507 2599320
506 2599330
508 2599339
508 2599349
508 2599359
509 2599369
506 2599379
508 2599391
510 2599400
506 2599410
506 2599420
508 2599430
509 2599659
506 2599662
506 2599663
508 2599664
508 2599664
509 2599665
508 2599666
507 2599666
508 2599667
507 2599668
508 2599668
508 2599669
508 2599670
508 2599670
509 2599671
508 2599671
505 2599672
508 2599673
505 2599673
509 2599674
509 2599674
506 2599675
509 2599675
511 2599678
506 2599678
508 2599690
505 2600060
507 2600060
510 2600061
508 2600062
506 2600062
506 2600063
512 2600063
508 2600064
507 2600065
507 2600065
510 2600066
505 2600066
505 2600069
507 2600070
508 2600070
510 2600071
511 2600071
508 2600072
508 2600073
507 2600073
508 2600074
510 2600074
509 2600075
511 2600075
509 2600076
511 2600077
507 2600077
486 2600078
504 2600078
511 2600079
518 2600080
514 2600080
499 2600081
513 2600082
516 2600084
501 2600084
492 2600085
506 2600092
507 2600092
502 2600471
501 2600508
510 2600509
513 2600510
505 2600510
507 2600512
508 2600513
531 2600514
510 2600514
511 2600515
512 2600515
498 2600518
507 2600518
516 2600519
507 2600520
505 2600520
502 2600521
512 2600521
495 2600532
509 2600537
509 2600537
508 2600538
512 2600538
508 2600539
506 2600539
508 2600540
507 2600547
507 2600548
508 2600548
508 2600549
506 2600549
513 2600550
512 2600550
504 2600551
506 2600551
510 2600552
508 2600552
509 2600553
507 2600555
510 2600555
510 2600556
508 2600557
508 2600557
507 2600558
509 2600558
509 2600559
508 2600561
507 2600570
508 2600588
508 2600598
511 2600608
506 2600618
509 2600628
510 2600638
507 2600648
510 2600658
509 2600660
508 2600670
508 2600696
508 2600749
507 2600750
507 2600751
506 2600751
508 2600754
508 2600754
509 2600759
507 2600768
508 2600779
510 2600790
508 2600812
506 2600812
507 2600821
507 2600842
508 2600842
508 2600849
507 2600859
506 2600888
512 2600888
509 2600891
509 2600900
508 2600915
508 2600920
507 2600930
508 2600940
508 2600950
508 2600960
509 2600970
508 2600980
507 2600990
509 2601000
507 2601010
507 2601020
507 2601030
508 2601040
508 2601050
508 2601060
510 2601070
513 2601080
506 2601089
509 2601099
507 2601119
508 2601120
509 2601130
508 2601143
507 2601150
507 2601160
507 2601175
507 2601180
508 2601189
508 2601199
509 2601209
511 2601219
510 2601229
509 2601239
508 2601249
510 2601259
503 2601270
537 2601280
532 2601306
497 2601306
505 2601309
507 2601363
507 2601364
517 2601364
500 2601365
517 2601365
499 2601368
506 2601380
514 2601423
507 2601446
507 2601447
500 2601449
511 2601449
506 2601450
539 2601459
522 2601504
472 2601504
511 2601505
505 2601505
511 2601508
520 2601519
505 2601666
495 2601666
510 2601667
508 2601668
515 2601668
502 2601669
510 2601669
506 2601670
507 2601670
508 2601671
510 2601672
502 2601672
507 2601673
504 2601674
510 2601676
510 2601693
506 2601693
518 2602062
507 2602062
509 2602063
504 2602064
507 2602064
506 2602065
505 2602065
510 2602066
509 2602066
508 2602067
506 2602067
505 2602068
512 2602068
507 2602068
509 2602069
487 2602069
506 2602070
507 2602070
506 2602070
508 2602071
509 2602071
509 2602072
506 2602072
507 2602072
504 2602073
514 2602073
510 2602074
511 2602074
512 2602074
507 2602075
509 2602075
504 2602075
504 2602076
508 2602076
513 2602079
509 2602079
508 2602080
503 2602080
507 2602081
511 2602090
503 2602452
507 2602452
505 2602453
507 2602454
508 2602454
509 2602455
510 2602455
507 2602456
508 2602456
508 2602457
507 2602457
507 2602458
506 2602458
507 2602459
511 2602459
506 2602460
506 2602460
506 2602461
504 2602461
510 2602462
508 2602462
508 2602463
508 2602463
509 2602464
507 2602464
509 2602464
508 2602465
508 2602465
504 2602466
508 2602467
508 2602467
508 2602467
506 2602468
505 2602470
508 2602470
508 2602471
507 2602471
505 2602480
507 2602869
508 2602870
507 2602871
508 2602871
508 2602872
509 2602873
507 2602874
506 2602874
507 2602875
502 2602876
508 2602877
508 2602877
508 2602878
510 2602879
508 2602880
511 2602880
507 2602881
507 2602882
506 2602883
509 2602883
510 2602884
507 2602885
507 2602885
507 2602886
509 2602886
507 2602887
511 2602887
509 2602888
509 2602888
507 2602889
505 2602889
508 2602890
509 2602890
510 2602891
509 2602900
507 2602901
507 2602902
508 2602902
508 2602903
507 2602905
508 2602905
508 2602922
508 2602922
509 2603049
508 2603049
506 2603050
508 2603050
507 2603051
508 2603051
509 2603052
508 2603052
509 2603053
509 2603053
508 2603053
507 2603056
507 2603056
507 2603059
509 2603069
508 2603079
508 2603102
509 2603103
508 2603121
507 2603121
505 2603129
508 2603139
507 2603164
510 2603165
508 2603170
508 2603181
509 2603190
508 2603200
507 2603210
506 2603232
507 2603233
506 2603240
506 2603250
506 2603260
507 2603282
509 2603282
508 2603290
509 2603341
504 2603341
507 2603368
509 2603368
507 2603369
508 2603369
509 2603370
508 2603372
508 2603379
509 2603414
507 2603416
506 2603420
508 2603421
507 2603429
508 2603439
509 2603449
508 2603459
509 2603499
509 2603499
507 2603500
506 2603502
508 2603517
506 2603543
508 2603543
508 2603664
509 2603664
508 2603665
508 2603665
506 2603666
508 2603666
508 2603667
509 2603667
507 2603668
508 2603668
504 2603669
505 2603669
509 2603673
506 2603692
511 2603692
508 2603699
504 2603710
506 2603719
510 2603746
509 2603752
506 2603752
505 2603759
512 2603769
507 2603780
510 2603789
508 2603799
508 2603809
508 2603830
507 2603842
511 2603842
512 2603849
511 2603859
506 2603869
505 2603879
508 2603902
510 2603902
508 2603909
508 2603920
509 2603932
511 2603940
502 2603950
507 2603960
509 2605654
507 2605654
508 2605655
509 2605655
508 2605656
510 2605656
508 2605657
509 2605657
507 2605658
506 2605658
506 2605659
505 2605659
510 2605659
505 2605660
504 2605660
510 2605661
514 2605661
508 2605661
508 2605662
506 2605662
510 2605663
510 2605663
507 2605663
512 2605664
507 2605664
509 2605665
507 2605665
503 2605665
507 2605666
504 2605666
506 2605667
508 2605667
503 2605667
508 2605668
511 2605668
509 2605669
505 2605669
506 2605669
507 2605670
507 2605670
509 2605671
506 2605671
517 2605671
511 2605672
506 2605672
508 2605673
514 2605673
508 2605673
512 2605674
508 2605674
509 2605675
509 2605675
506 2605675
509 2605676
505 2605676
513 2605677
541 2605677
512 2605677
509 2605678
506 2605678
501 2605678
509 2605679
515 2605679
506 2605680
503 2605680
504 2605680
501 2605681
500 2605681
505 2605681
504 2605682
507 2605682
503 2605683
521 2605683
469 2605683
514 2605684
505 2605684
508 2605685
509 2605685
517 2605685
505 2605686
513 2605686
509 2605686
509 2605687
509 2605687
500 2605688
509 2605688
503 2605688
511 2605689
511 2605689
509 2605690
508 2605690
506 2605690
507 2605691
507 2605691
508 2605692
508 2605692
508 2605692
508 2605693
506 2605693
509 2605693
507 2605694
508 2605694
508 2605695
508 2605695
509 2605695
508 2605696
508 2605696
508 2605696
508 2605697
507 2605697
507 2605698
507 2605698
509 2605698
509 2605699
508 2605699
508 2605700
509 2605700
509 2605700
508 2605701
506 2605701
506 2605701
506 2605702
508 2605702
509 2605703
508 2605703
507 2605703
509 2605704
508 2605704
507 2605704
507 2605705
508 2605705
508 2605706
509 2605706
508 2605706
508 2605707
509 2605707
507 2605707
507 2605708
508 2605708
508 2605709
508 2605709
508 2605709
509 2605881
508 2605881
509 2605882
507 2605882
507 2605883
507 2605883
507 2605883
509 2605884
508 2605884
508 2605884
508 2605885
510 2605885
508 2605886
505 2605886
507 2605886
509 2605887
508 2605887
509 2605887
509 2605888
508 2605888
509 2605889
510 2605889
508 2605889
507 2605890
508 2605890
509 2605893
508 2605893
508 2605894
509 2605894
509 2605894
509 2605895
507 2605895
507 2605896
509 2605896
507 2605896
508 2605897
509 2605897
507 2605898
507 2605898
509 2605898
507 2605899
508 2605899
508 2605900
507 2605900
509 2605901
508 2605901
508 2605901
507 2605902
509 2605924
507 2605926
507 2605930
508 2605930
506 2605940
508 2605949
508 2605959
508 2605969
507 2605979
509 2605989
503 2605999
507 2606009
506 2606019
509 2606029
523 2606040
510 2606049
509 2606071
501 2606072
508 2606079
511 2606091
503 2606100
507 2606110
509 2606120
510 2606130
507 2606140
507 2606150
508 2606160
511 2606170
509 2606180
506 2606190
507 2606200
509 2606222
509 2606222
509 2606229
507 2606239
508 2606250
508 2606260
509 2606270
506 2606280
506 2606289
508 2606876
506 2606876
509 2606877
508 2606877
507 2606878
509 2606878
507 2606879
508 2606880
507 2606880
508 2606880
508 2606881
508 2606881
509 2606882
509 2606883
509 2606883
510 2606884
507 2606884
505 2606885
506 2606886
508 2606886
508 2606887
508 2606887
506 2606888
509 2606888
513 2606889
508 2606889
506 2606890
507 2606890
506 2606891
508 2606891
509 2606891
508 2606892
508 2606892
514 2606893
508 2606893
507 2606894
508 2606894
508 2606895
508 2606895
508 2606896
507 2606896
509 2606897
512 2606897
507 2606898
507 2606898
507 2606899
508 2606899
507 2606900
508 2606900
508 2606900
508 2606901
509 2606901
509 2606902
508 2606902
507 2606903
508 2606903
507 2606904
508 2606906
508 2606906
508 2606907
508 2606909
509 2606920
508 2606930
507 2606940
508 2606950
508 2606960
508 2606970
509 2606980
508 2606990
506 2607012
509 2607012
507 2607020
506 2607030
506 2607040
508 2607050
508 2607059
509 2607070
509 2607079
511 2607089
510 2607099
509 2607109
506 2607119
508 2607129
507 2607139
508 2607149
508 2607159
508 2607182
509 2607182
511 2607189
508 2607200
506 2607223
507 2607224
507 2607276
508 2607276
507 2607277
509 2607278
509 2607278
509 2607281
508 2607290
507 2607465
507 2607465
509 2607466
508 2607467
508 2607467
508 2607468
509 2607469
508 2607469
510 2607470
508 2607471
507 2607471
509 2607472
507 2607473
507 2607473
505 2607474
508 2607476
509 2607476
510 2607479
509 2607673
506 2607674
511 2607674
506 2607675
511 2607676
505 2607676
505 2607677
508 2607677
500 2607678
505 2607679
505 2607679
504 2607680
517 2607680
497 2607681
489 2607681
508 2607682
505 2607682
512 2607683
501 2607685
510 2607685
510 2607688
509 2607700
509 2607710
507 2607720
512 2607730
509 2607740
509 2607750
508 2607769
504 2607769
505 2608074
507 2608075
509 2608075
508 2608076
508 2608076
508 2608077
511 2608077
507 2608078
508 2608078
508 2608079
510 2608080
509 2608080
507 2608081
508 2608082
508 2608082
510 2608083
506 2608083
507 2608084
506 2608084
500 2608084
512 2608085
510 2608085
534 2608086
510 2608086
512 2608086
502 2608087
479 2608087
508 2608090
526 2608090
501 2608091
500 2608100
508 2608254
505 2608255
503 2608255
506 2608256
513 2608256
508 2608257
506 2608257
506 2608257
508 2608258
507 2608258
507 2608259
506 2608259
509 2608260
507 2608260
507 2608261
509 2608264
506 2608264
508 2608296
510 2608298
510 2608301
509 2608301
511 2608310
508 2608355
505 2608358
503 2608358
507 2608359
505 2608360
511 2608382
508 2608382
508 2608405
510 2608406
539 2608409
502 2608420
503 2608438
508 2608439
517 2608449
508 2608467
512 2608469
511 2608479
501 2608493
504 2608499
505 2608522
504 2608523
509 2608529
507 2608856
507 2608856
509 2608857
508 2608858
513 2608858
512 2608859
509 2608859
506 2608860
506 2608860
508 2608860
506 2608861
508 2608861
508 2608862
508 2608862
506 2608863
507 2608863
506 2608864
507 2608864
508 2608865
506 2608865
508 2608866
508 2608866
509 2608867
510 2608867
506 2608868
507 2608869
508 2608869
507 2608870
506 2608871
507 2608871
508 2608872
506 2608874
505 2608874
508 2608879
505 2609276
505 2609277
505 2609277
503 2609278
512 2609279
535 2609279
507 2609280
509 2609280
507 2609281
514 2609282
508 2609282
505 2609283
508 2609283
506 2609284
507 2609284
505 2609285
509 2609285
509 2609286
510 2609286
507 2609287
509 2609287
506 2609288
517 2609288
509 2609289
511 2609289
512 2609289
510 2609290
505 2609290
507 2609291
501 2609291
506 2609292
507 2609292
507 2609292
506 2609293
506 2609293
508 2609293
504 2609294
508 2609294
507 2609297
506 2609297
507 2609298
509 2609300
505 2609309
509 2609319
508 2609329
506 2609339
508 2609349
508 2609360
508 2609370
509 2609380
509 2609390
511 2609400
507 2609410
508 2609420
512 2609429
510 2609439
509 2609449
509 2609459
515 2609469
510 2609479
508 2609878
509 2609878
515 2609879
505 2609880
504 2609880
501 2609881
512 2609881
522 2609882
508 2609882
509 2609883
510 2609883
508 2609884
509 2609884
507 2609885
513 2609885
575 2609886
516 2609886
511 2609886
510 2609887
522 2609887
517 2609888
508 2609888
507 2609889
505 2609889
515 2609890
513 2609890
512 2609891
506 2609891
503 2609891
516 2609892
514 2609893
514 2609893
503 2609893
510 2609894
512 2609894
506 2609894
505 2609895
506 2609895
506 2609898
499 2609902
508 2609902
507 2610068
509 2610068
507 2610069
508 2610069
508 2610070
508 2610070
507 2610071
511 2610071
506 2610072
505 2610072
507 2610073
507 2610073
509 2610073
508 2610074
507 2610074
511 2610075
509 2610111
507 2610112
509 2610112
507 2610125
507 2610128
510 2610151
508 2610151
508 2610152
507 2610152
509 2610159
508 2610168
508 2610204
508 2610206
509 2610210
510 2610211
509 2610219
507 2610229
509 2610241
508 2610249
507 2610272
507 2610272
507 2610279
508 2610289
505 2610309
510 2610319
506 2610329
510 2610339
512 2610349
507 2610359
506 2610382
503 2610382
508 2610389
510 2610400
507 2610410
508 2610420
508 2610430
507 2610440
505 2610450
507 2610460
503 2610482
506 2610482
509 2610490
507 2610512
508 2610512
508 2610545
508 2610547
510 2610547
508 2610562
507 2610562
507 2610657
506 2610658
510 2610658
508 2610659
509 2610659
507 2610660
511 2610660
509 2610661
507 2610661
507 2610664
508 2610669
507 2610680
507 2610689
508 2610699
507 2610709
509 2610872
507 2610872
505 2610873
506 2610873
509 2610874
508 2610874
506 2610875
507 2610876
507 2610876
508 2610877
508 2610877
505 2610878
507 2610879
508 2610879
507 2610880
508 2610880
510 2610883
506 2610889
508 2611281
509 2611282
508 2611282
508 2611283
510 2611283
505 2611284
510 2611284
506 2611285
508 2611285
508 2611286
507 2611287
506 2611287
507 2611287
507 2611288
506 2611288
507 2611289
508 2611289
505 2611290
508 2611290
512 2611290
509 2611291
505 2611291
509 2611292
508 2611292
506 2611292
510 2611293
507 2611293
508 2611293
508 2611294
507 2611294
507 2611295
504 2611295
505 2611295
510 2611296
505 2611296
507 2611296
508 2611297
511 2611298
506 2611300
508 2611300
511 2611309
507 2611678
509 2611678
507 2611679
509 2611679
507 2611680
509 2611680
510 2611681
508 2611681
507 2611682
510 2611682
508 2611683
509 2611683
510 2611684
508 2611684
509 2611685
507 2611685
508 2611685
506 2611686
507 2611686
507 2611687
508 2611687
507 2611687
507 2611688
510 2611688
508 2611689
509 2611689
505 2611689
506 2611690
507 2611690
508 2611691
509 2611691
507 2611691
508 2611692
511 2611692
507 2611693
507 2611693
506 2611693
507 2611696
508 2611698
505 2611709
508 2611719
510 2611729
511 2611741
507 2611749
506 2611759
506 2611769
508 2611780
510 2611800
508 2611810
508 2611820
507 2611830
510 2611840
508 2611849
506 2611860
507 2611869
508 2611880
507 2611889
509 2611902
510 2611909
508 2612071
511 2612072
509 2612072
507 2612073
506 2612073
509 2612074
509 2612075
507 2612075
508 2612076
509 2612077
506 2612077
508 2612077
509 2612078
507 2612078
509 2612080
508 2612080
505 2612093
511 2612093
505 2612100
510 2612110
508 2612120
511 2612130
508 2612140
506 2612150
505 2612160
507 2612182
506 2612182
508 2612190
506 2612199
510 2612209
512 2612219
508 2612229
510 2612241
506 2612249
507 2612259
509 2612284
507 2612285
508 2612302
510 2612302
508 2613058
506 2613059
507 2613060
507 2613060
507 2613061
508 2613061
509 2613062
507 2613062
509 2613062
509 2613063
506 2613063
507 2613064
508 2613064
509 2613065
509 2613065
508 2613065
507 2613066
508 2613066
505 2613067
510 2613067
507 2613084
509 2613084
512 2613085
509 2613086
510 2613086
506 2613087
510 2613088
509 2613088
507 2613089
509 2613089
507 2613090
507 2613091
507 2613091
507 2613092
507 2613092
508 2613093
508 2613093
507 2613094
505 2613094
509 2613095
509 2613096
508 2613096
509 2613097
508 2613097
505 2613098
508 2613098
508 2613099
501 2613100
511 2613100
506 2613101
510 2613101
504 2613102
507 2613102
510 2613103
506 2613104
506 2613104
506 2613105
506 2613106
507 2613106
508 2613107
500 2613107
503 2613108
508 2613109
511 2613109
507 2613110
504 2613110
506 2613110
510 2613111
509 2613111
508 2613112
508 2613112
509 2613113
510 2613113
508 2613114
505 2613116
511 2613116
507 2613117
512 2613118
509 2613119
507 2613119
507 2613130
509 2613162
512 2613162
506 2613163
507 2613184
507 2613186
508 2613273
508 2613273
508 2613274
509 2613275
508 2613275
508 2613276
511 2613277
506 2613277
509 2613280
503 2613282
509 2613315
511 2613317
509 2613317
508 2613344
508 2613344
506 2613347
507 2613361
505 2613361
506 2613369
504 2613413
511 2613413
506 2613427
510 2613429
509 2613429
509 2613432
506 2613464
504 2613466
509 2613470
508 2613470
513 2613492
508 2613493
506 2613500
513 2613522
508 2613522
513 2613542
507 2613542
513 2613549
510 2613584
505 2613586
509 2613675
506 2613676
509 2613676
513 2613677
505 2613678
509 2613678
506 2613679
508 2613680
511 2613680
510 2613681
510 2613683
511 2613700
509 2613711
506 2613711
502 2613719
516 2613882
507 2613883
506 2613883
509 2613884
511 2613884
508 2613885
507 2613886
507 2613886
507 2613889
507 2613889
506 2613890
508 2613890
508 2613891
509 2613891
507 2613892
510 2613915
507 2613917
506 2613917
507 2614075
507 2614076
509 2614076
507 2614077
508 2614078
507 2614078
511 2614079
501 2614080
506 2614081
509 2614081
509 2614082
509 2614082
506 2614083
508 2614084
508 2614084
509 2614085
506 2614087
504 2614089
506 2614099
506 2614121
507 2614121
507 2614129
508 2614139
508 2614150
510 2614160
510 2614170
506 2614180
507 2614190
508 2614212
512 2614212
518 2614220
512 2614230
511 2614239
510 2614250
507 2614260
505 2614269
507 2614279
503 2614289
508 2614462
502 2614462
501 2614463
504 2614464
513 2614464
509 2614464
504 2614465
506 2614465
508 2614466
503 2614466
507 2614467
510 2614467
504 2614468
554 2614468
518 2614468
467 2614469
535 2614469
500 2614472
506 2614480
510 2614879
527 2614879
485 2614880
502 2614881
507 2614881
525 2614882
506 2614883
510 2614883
503 2614884
498 2614884
508 2614885
517 2614886
520 2614886
477 2614887
493 2614887
488 2614888
498 2614888
498 2614888
530 2614889
514 2614889
497 2614890
519 2614890
510 2614890
514 2614891
493 2614891
502 2614891
522 2614892
514 2614892
504 2614893
509 2614893
505 2614893
503 2614894
517 2614894
491 2614895
494 2614895
497 2614895
560 2614896
474 2614896
509 2614896
488 2614899
517 2614900
498 2614910
510 2615105
504 2615106
457 2615106
544 2615107
483 2615107
522 2615108
529 2615108
505 2615109
511 2615109
479 2615110
484 2615110
490 2615111
487 2615112
488 2615112
510 2615113
508 2615196
510 2615198
505 2615198
503 2615268
505 2615269
507 2615270
508 2615270
508 2615271
508 2615271
507 2615272
507 2615272
507 2615273
506 2615274
505 2615276
507 2615276
510 2615277
509 2615277
511 2615278
504 2615278
511 2615279
500 2615279
506 2615282
501 2615289
507 2615324
501 2615324
502 2615325
512 2615330
479 2615339
468 2615349
516 2615359
512 2615369
518 2615379
496 2615389
512 2615416
506 2615416
507 2615419
503 2615431
514 2615439
510 2615449
507 2615459
510 2615469
511 2615479
504 2615499
508 2615509
511 2615519
500 2615529
508 2615539
505 2615549
513 2615559
512 2615569
503 2615590
504 2615602
515 2615602
509 2615610
511 2615620
515 2615630
528 2615639
504 2615663
483 2615664
505 2615691
517 2615691
517 2615692
511 2615700
512 2615710
499 2615720
512 2615729
513 2615751
503 2615752
499 2615759
516 2615782
504 2615782
538 2615813
521 2615814
522 2615814
490 2615832
502 2615833
499 2615839
500 2615849
499 2615859
525 2615882
514 2615882
503 2615889
515 2615911
486 2615911
497 2615919
503 2615929
510 2615939
506 2615950
504 2615960
505 2615994
514 2615995
507 2615995
508 2616000
509 2616022
502 2616022
511 2616029
515 2616040
513 2616050
503 2616060
524 2616069
510 2616092
516 2616092
511 2616099
508 2616122
498 2616123
501 2616129
507 2616139
496 2616149
508 2616159
506 2616182
513 2616182
506 2616189
493 2616199
513 2616209
503 2616232
532 2616232
370 2616249
507 2616259
528 2616281
518 2616282
517 2616289
505 2616313
515 2616314
510 2616319
514 2616330
505 2616340
500 2616362
496 2616362
508 2616370
501 2616382
506 2616389
496 2616401
506 2616409
509 2616420
511 2616442
507 2616443
504 2616450
498 2616459
512 2616486
507 2616492
505 2616492
505 2616499
507 2616522
512 2616522
505 2616529
505 2616539
526 2616549
509 2616572
505 2616572
514 2616579
503 2616589
511 2616599
497 2616621
508 2616621
508 2616629
507 2616651
511 2616651
510 2616659
500 2616679
509 2616721
500 2616721
508 2616724
507 2616724
505 2616725
506 2616729
509 2616783
506 2616784
507 2616785
509 2616811
508 2616811
507 2616812
508 2616812
507 2616813
509 2616819
506 2616835
509 2616864
507 2616866
506 2616868
505 2616871
509 2616879
504 2617008
510 2617008
506 2617009
507 2617010
508 2617011
511 2617011
507 2617012
508 2617012
507 2617013
509 2617014
507 2617014
508 2617015
507 2617019
507 2617164
509 2617165
506 2617165
506 2617166
507 2617167
511 2617167
508 2617168
506 2617169
508 2617169
511 2617170
512 2617170
508 2617171
506 2617172
506 2617174
509 2617174
509 2617180
508 2617581
509 2617584
508 2617584
506 2617585
509 2617586
506 2617586
507 2617587
505 2617588
505 2617588
506 2617589
507 2617589
501 2617590
502 2617590
508 2617591
507 2617591
510 2617592
506 2617592
506 2617593
507 2617594
507 2617594
510 2617595
506 2617595
506 2617596
505 2617596
506 2617597
508 2617598
504 2617598
505 2617599
508 2617599
503 2617600
504 2617600
510 2617601
508 2617601
503 2617602
507 2617602
510 2617602
506 2617603
506 2617603
514 2617604
512 2617604
506 2617607
509 2617612
509 2617612
509 2617974
506 2617975
509 2617975
486 2617976
512 2617977
507 2617977
513 2617978
506 2617979
502 2617979
496 2617980
514 2617981
510 2617981
510 2617982
505 2617982
507 2617982
507 2617983
508 2617983
507 2617984
502 2617984
507 2617985
510 2617985
508 2617986
499 2617986
502 2617987
507 2617987
499 2617987
501 2617988
501 2617989
500 2617989
508 2617990
510 2617990
516 2617991
501 2617991
514 2617992
516 2617993
498 2617995
501 2617995
510 2617998
507 2618009
511 2618019
510 2618029
502 2618039
508 2618182
509 2618183
509 2618183
501 2618184
507 2618185
506 2618185
510 2618186
506 2618187
503 2618187
509 2618188
512 2618188
506 2618189
505 2618189
513 2618189
506 2618192
511 2618212
495 2618212
514 2618363
516 2618363
518 2618364
515 2618364
521 2618365
518 2618365
509 2618366
502 2618366
498 2618367
504 2618367
519 2618368
519 2618368
505 2618369
508 2618369
509 2618370
510 2618372
505 2618387
509 2618390
509 2618399
506 2618409
511 2618419
512 2618429
509 2618439
512 2618450
509 2618459
481 2618469
535 2618489
493 2618499
519 2618509
512 2618519
490 2618529
508 2618539
501 2618549
515 2618585
502 2618585
512 2618590
503 2618602
498 2618605
504 2618610
512 2618620
499 2618629
508 2618652
505 2618652
518 2618659
486 2618669
526 2618679
501 2618689
519 2618712
511 2618713
516 2618731
503 2618732
504 2618739
509 2618749
505 2618759
504 2618794
508 2618794
508 2618799
507 2618799
505 2618809
508 2618819
504 2618829
512 2618839
503 2618862
509 2618862
511 2618870
513 2618879
498 2618889
497 2618899
487 2618909
513 2618945
521 2618968
496 2618968
522 2618969
487 2618969
484 2618972
485 2618992
512 2618992
522 2618999
497 2619010
503 2619019
514 2619042
513 2619042
498 2619049
510 2619072
501 2619072
504 2619079
499 2619089
487 2619099
501 2619122
473 2619122
489 2619141
496 2619142
507 2619149
487 2619162
521 2619169
498 2619179
556 2619204
500 2619204
489 2619209
488 2619229
530 2619251
476 2619251
537 2619285
523 2619285
531 2619288
536 2619385
489 2619385
513 2619386
485 2619387
505 2619387
532 2619388
498 2619388
498 2619389
508 2619390
522 2619390
483 2619393
502 2619399
551 2621588
500 2621589
488 2621589
548 2621590
512 2621590
514 2621591
496 2621591
519 2621592
537 2621592
487 2621592
512 2621593
495 2621593
510 2621594
498 2621594
511 2621595
529 2621595
543 2621596
492 2621596
500 2621597
506 2621597
522 2621597
507 2621598
507 2621598
509 2621599
503 2621599
508 2621600
508 2621600
505 2621601
508 2621601
511 2621602
513 2621602
507 2621602
512 2621603
505 2621603
511 2621604
507 2621604
506 2621605
511 2621605
508 2621606
509 2621606
517 2621607
517 2621607
503 2621608
516 2621608
504 2621609
509 2621609
508 2621610
523 2621610
514 2621611
513 2621611
510 2621612
512 2621612
496 2621613
507 2621613
509 2621613
509 2621614
518 2621614
512 2621615
519 2621615
518 2621616
507 2621616
514 2621617
509 2621617
501 2621617
506 2621618
512 2621618
508 2621619
508 2621619
502 2621620
507 2621620
507 2621621
510 2621621
505 2621621
506 2621622
507 2621622
508 2621623
508 2621623
507 2621624
509 2621624
501 2621625
516 2621625
512 2621626
522 2621626
539 2621626
516 2621627
519 2621627
513 2621628
528 2621628
512 2621629
517 2621629
521 2621630
488 2621630
507 2621631
532 2621631
516 2621631
508 2621632
506 2621633
507 2621633
498 2621634
498 2621634
514 2621634
504 2621635
511 2621635
506 2621636
498 2621636
511 2621637
503 2621637
502 2621638
513 2621638
511 2621639
507 2621639
510 2621640
510 2621809
507 2621809
511 2621810
506 2621811
511 2621811
503 2621812
502 2621813
507 2621813
513 2621814
511 2621814
508 2621815
511 2621815
508 2621816
472 2621816
526 2621817
504 2621817
500 2621818
502 2621819
499 2621819
511 2621820
511 2621820
502 2621821
511 2621822
507 2621823
553 2621823
507 2621824
502 2621825
509 2621825
505 2621826
510 2621827
499 2621827
494 2621828
498 2621829
480 2621829
519 2621830
542 2621831
508 2621831
492 2621832
513 2621833
511 2621833
503 2621834
509 2621835
514 2621835
506 2621836
517 2621836
501 2621837
508 2621838
512 2621838
510 2621839
506 2621840
505 2621840
507 2621841
517 2621841
515 2621842
510 2621842
511 2621843
510 2621843
508 2621844
508 2621845
508 2621845
506 2621846
512 2621846
507 2621847
507 2621847
509 2621848
509 2621849
508 2621850
510 2621850
507 2621852
507 2621853
509 2621853
507 2621854
509 2621855
508 2621855
507 2621856
508 2621856
510 2621857
507 2621858
506 2621858
508 2622021
509 2622021
509 2622022
510 2622023
503 2622023
505 2622024
511 2622024
503 2622025
505 2622025
508 2622026
509 2622027
510 2622027
507 2622028
508 2622029
508 2622029
515 2622030
518 2622030
504 2622031
513 2622031
506 2622032
509 2622032
505 2622033
516 2622033
501 2622034
507 2622037
503 2622037
509 2622038
504 2622038
511 2622039
515 2622039
507 2622040
513 2622040
510 2622041
507 2622041
511 2622042
507 2622042
507 2622043
507 2622043
505 2622043
510 2622044
505 2622044
507 2622045
507 2622045
505 2622048
507 2622048
506 2622048
505 2622049
505 2622049
506 2622050
511 2622050
507 2622051
507 2622051
506 2622052
509 2622052
511 2622052
504 2622053
507 2622053
508 2622054
508 2622054
508 2622055
509 2622055
509 2622055
509 2622056
506 2622056
508 2622057
509 2622057
508 2622057
505 2622058
508 2622058
509 2622061
511 2622061
507 2622062
506 2622069
507 2622092
509 2622092
508 2622100
507 2622109
508 2622119
507 2622129
510 2622221
508 2622224
504 2622224
507 2622225
508 2622226
509 2622226
509 2622228
509 2622228
507 2622231
508 2622240
510 2622249
508 2622260
507 2622286
508 2622286
508 2622289
509 2622300
509 2622309
507 2622319
508 2622329
511 2622339
507 2622349
505 2622359
509 2622369
509 2622379
509 2622389
507 2622399
513 2622409
509 2622419
507 2622429
508 2622439
502 2622449
508 2622459
508 2622469
505 2622479
505 2622509
510 2622510
505 2622510
509 2622519
508 2622529
507 2622539
507 2622561
510 2622561
507 2622568
507 2622579
505 2622589
510 2622599
506 2622614
508 2622620
511 2622630
505 2622640
514 2622650
509 2622660
511 2622669
512 2622680
507 2622689
511 2622716
510 2622717
507 2622719
511 2622742
508 2622742
501 2622749
510 2622759
507 2622769
511 2622779
512 2622789
511 2622799
509 2622809
506 2622819
509 2622829
508 2622839
507 2622849
508 2622859
508 2622869
508 2622881
510 2622889
507 2622899
507 2622909
507 2622929
509 2622939
508 2622949
507 2622959
507 2622969
507 2622980
509 2622990
508 2623000
507 2623010
503 2623020
506 2623030
511 2623039
507 2623062
504 2623063
504 2623069
507 2623079
506 2623089
509 2623099
506 2623109
504 2623119
508 2623129
508 2623140
508 2623149
508 2623159
509 2623169
507 2623179
505 2623189
506 2623199
509 2623209
507 2623231
509 2623231
507 2623239
504 2623249
510 2623259
510 2623269
506 2623279
506 2623289
509 2623307
509 2623309
508 2623323
508 2623329
502 2623339
507 2623349
509 2623360
508 2623370
507 2623380
510 2623390
510 2623400
507 2623410
511 2623445
508 2623448
510 2623450
509 2623450
508 2623472
507 2623472
508 2623479
507 2623489
508 2623499
510 2623509
508 2623519
509 2623541
509 2623541
507 2623549
505 2623572
507 2623572
507 2623579
504 2623590
507 2623599
508 2623622
509 2623623
509 2623629
506 2623639
507 2623649
507 2623669
506 2623704
505 2623704
509 2623709
508 2623709
510 2623748
508 2623748
505 2623751
506 2623767
506 2623768
511 2623770
505 2623792
507 2623792
509 2623830
507 2623831
510 2623831
504 2623832
504 2623839
506 2623852
507 2623903
506 2623918
507 2623919
507 2623920
508 2623920
508 2623973
508 2623974
506 2624073
507 2624074
507 2624075
509 2624075
505 2624076
509 2624076
507 2624079
510 2624079
503 2624080
509 2624081
509 2624081
507 2624082
508 2624325
505 2624326
503 2624326
508 2624327
510 2624331
503 2624344
509 2624345
504 2624346
508 2624346
505 2624347
509 2624347
509 2624347
510 2624348
509 2624348
512 2624349
511 2624350
509 2624350
507 2624351
507 2624351
509 2624352
510 2624352
508 2624353
506 2624353
509 2624354
507 2624354
506 2624355
498 2624355
506 2624356
503 2624356
504 2624358
511 2624358
507 2624359
507 2624446
509 2624446
508 2624447
509 2624448
510 2624448
509 2624449
507 2624450
508 2624460
507 2624462
508 2624469
508 2624725
508 2624725
509 2624726
508 2624727
509 2624727
508 2624728
510 2624729
510 2624729
507 2624730
510 2624731
508 2624731
507 2624732
511 2624732
507 2624733
502 2624733
523 2624734
510 2624734
514 2624735
514 2624736
506 2624736
504 2624737
506 2624737
504 2624738
505 2624738
508 2624739
504 2624741
506 2624741
507 2624774
510 2624776
509 2624776
507 2624791
511 2624791
496 2624799
515 2624809
504 2624819
500 2624833
487 2624838
501 2624849
505 2624869
503 2624870
506 2624879
507 2624890
514 2624899
517 2624909
508 2624932
508 2624932
503 2624939
518 2624949
507 2624959
509 2624969
503 2624979
507 2624989
511 2625012
507 2625012
510 2625019
518 2625029
505 2625039
512 2625049
508 2625069
506 2625079
507 2625101
505 2625101
507 2625109
513 2625119
498 2625129
507 2625139
518 2625152
500 2625159
505 2625192
510 2625204
492 2625204
509 2625209
506 2625209
515 2625231
503 2625231
509 2625252
499 2625253
501 2625259
512 2625282
511 2625283
493 2625289
491 2625312
510 2625312
502 2625344
505 2625346
511 2625348
520 2625362
512 2625362
502 2625369
504 2625392
518 2625392
510 2625399
508 2625409
508 2625419
507 2625454
510 2625454
506 2625460
510 2625460
510 2625469
507 2625479
512 2625489
508 2625499
511 2625536
509 2625536
507 2625539
507 2625539
508 2626598
506 2626599
506 2626599
512 2626600
507 2626600
509 2626601
508 2626601
506 2626602
507 2626602
512 2626603
512 2626603
509 2626604
511 2626604
510 2626605
505 2626605
509 2626606
521 2626606
506 2626607
514 2626607
502 2626608
508 2626608
507 2626609
502 2626609
500 2626610
506 2626610
507 2626610
515 2626611
511 2626611
502 2626612
506 2626612
506 2626613
511 2626613
507 2626614
508 2626614
508 2626615
516 2626615
513 2626615
512 2626616
511 2626616
511 2626617
516 2626617
510 2626617
508 2626618
503 2626618
512 2626619
510 2626619
506 2626620
507 2626620
511 2626620
508 2626621
508 2626621
505 2626622
501 2626622
508 2626622
506 2626623
502 2626623
503 2626624
504 2626624
501 2626624
504 2626625
503 2626625
506 2626626
511 2626626
509 2626627
495 2626627
504 2626628
496 2626628
508 2626628
504 2626629
516 2626629
505 2626630
506 2626630
508 2626631
507 2626631
511 2626631
504 2626632
508 2626632
512 2626633
510 2626633
510 2626634
503 2626634
507 2626634
506 2626635
503 2626635
509 2626636
510 2626803
512 2626803
506 2626804
520 2626804
506 2626805
509 2626805
512 2626805
507 2626806
499 2626806
507 2626807
511 2626807
510 2626807
507 2626808
516 2626808
505 2626808
506 2626809
506 2626809
511 2626810
508 2626812
510 2626812
505 2626813
507 2626813
505 2626814
504 2626814
502 2626814
510 2626815
499 2626815
509 2626816
509 2626816
509 2626816
508 2626817
507 2626817
512 2626817
504 2626818
510 2626818
508 2626819
505 2626819
509 2626819
505 2626820
513 2626820
517 2626823
512 2626829
510 2626839
508 2626849
509 2626859
510 2626869
503 2626891
509 2626891
507 2626898
510 2626910
511 2626919
507 2626929
494 2626939
509 2626949
508 2626959
510 2626969
509 2626985
507 2627000
503 2627012
508 2627012
509 2627921
508 2627922
511 2627922
509 2627923
509 2627923
507 2627924
507 2627924
507 2627924
507 2627925
508 2627925
509 2627926
507 2627926
506 2627927
509 2627927
510 2627927
505 2627928
502 2627928
506 2627929
508 2627929
510 2627930
508 2627930
508 2627931
510 2627931
516 2627932
512 2627932
518 2627933
510 2627934
517 2627952
524 2627953
508 2627953
529 2627954
496 2627954
513 2627955
514 2627955
524 2627955
516 2627956
468 2627956
530 2627957
498 2627957
513 2627958
496 2627958
497 2627958
499 2627959
489 2627959
503 2627960
511 2627960
493 2627961
569 2627961
507 2627962
550 2627962
547 2627962
508 2627963
501 2627963
505 2627964
500 2627964
503 2627965
520 2627965
495 2627966
548 2627966
484 2627967
495 2628058
532 2628058
518 2628059
516 2628059
435 2628060
489 2628060
525 2628061
539 2628061
513 2628061
488 2628062
491 2628062
501 2628063
507 2628063
513 2628064
504 2628064
516 2628064
539 2628065
495 2628065
521 2628138
485 2628139
536 2628140
467 2628140
504 2628141
496 2628141
564 2628141
502 2628142
515 2628142
533 2628143
499 2628143
522 2628144
511 2628146
500 2628147
511 2628148
511 2628148
505 2628149
505 2628149
509 2628150
512 2628150
512 2628151
506 2628151
507 2628151
514 2628152
506 2628152
508 2628153
501 2628153
497 2628154
505 2628154
532 2628155
498 2628155
510 2628155
507 2628156
