-10.07080078125 -50.72021484375 53.77197265625 2420632
-10.07080078125 -50.72021484375 53.77197265625 2420632
-10.07080078125 -50.72021484375 53.77197265625 2420635
-10.07080078125 -50.72021484375 53.77197265625 2420636
-10.07080078125 -50.72021484375 53.77197265625 2420637
-10.07080078125 -50.72021484375 53.77197265625 2420639
-34.3017578125 -142.2119140625 51.08642578125 2420640
30.57861328125 42.8466796875 -45.5322265625 2420641
22.15576171875 82.51953125 -79.58984375 2420724
22.15576171875 82.51953125 -79.58984375 2420827
41.6259765625 -89.9658203125 -0.6103515625 2420828
41.6259765625 -89.9658203125 -0.6103515625 2420830
41.6259765625 -89.9658203125 -0.6103515625 2420831
41.6259765625 -89.9658203125 -0.6103515625 2420831
41.6259765625 -89.9658203125 -0.6103515625 2420929
8.056640625 27.40478515625 -16.4794921875 2420930
8.056640625 27.40478515625 -16.4794921875 2420931
8.056640625 27.40478515625 -16.4794921875 2420932
8.056640625 27.40478515625 -16.4794921875 2420933
8.056640625 27.40478515625 -16.4794921875 2421032
-1.3427734375 159.66796875 -44.7998046875 2421033
-1.3427734375 159.66796875 -44.7998046875 2421034
-1.3427734375 159.66796875 -44.7998046875 2421035
-1.3427734375 159.66796875 -44.7998046875 2421036
-1.3427734375 159.66796875 -44.7998046875 2421134
-56.7626953125 215.4541015625 -13.85498046875 2421135
-56.7626953125 215.4541015625 -13.85498046875 2421136
-56.7626953125 215.4541015625 -13.85498046875 2421137
-56.7626953125 215.4541015625 -13.85498046875 2421138
2.99072265625 100.7080078125 14.58740234375 2421228
2.99072265625 100.7080078125 14.58740234375 2421326
7.87353515625 -0.48828125 -11.1083984375 2421327
7.87353515625 -0.48828125 -11.1083984375 2421328
7.87353515625 -0.48828125 -11.1083984375 2421330
7.87353515625 -0.48828125 -11.1083984375 2421331
7.87353515625 -0.48828125 -11.1083984375 2421429
-2.13623046875 -248.96240234375 12.6953125 2421430
-2.13623046875 -248.96240234375 12.6953125 2421431
-2.13623046875 -248.96240234375 12.6953125 2421432
-2.13623046875 -248.96240234375 12.6953125 2421433
-2.13623046875 -248.96240234375 12.6953125 2421536
15.625 -183.10546875 30.09033203125 2421537
15.625 -183.10546875 30.09033203125 2421538
15.625 -183.10546875 30.09033203125 2421539
15.625 -183.10546875 30.09033203125 2421540
-6.7138671875 -115.41748046875 8.9111328125 2421635
-6.7138671875 -115.41748046875 8.9111328125 2421713
-15.2587890625 -132.32421875 2.9296875 2421715
-15.2587890625 -132.32421875 2.9296875 2421716
-15.2587890625 -132.32421875 2.9296875 2421716
-15.2587890625 -132.32421875 2.9296875 2421717
-15.2587890625 -132.32421875 2.9296875 2421824
-40.83251953125 -167.05322265625 39.794921875 2421826
-40.83251953125 -167.05322265625 39.794921875 2421827
-40.83251953125 -167.05322265625 39.794921875 2421828
-40.83251953125 -167.05322265625 39.794921875 2421829
-40.83251953125 -167.05322265625 39.794921875 2421926
-8.30078125 -190.4296875 19.6533203125 2421927
-8.30078125 -190.4296875 19.6533203125 2421928
-8.30078125 -190.4296875 19.6533203125 2421929
-8.30078125 -190.4296875 19.6533203125 2421930
-10.6201171875 -161.56005859375 74.3408203125 2422013
-10.6201171875 -161.56005859375 74.3408203125 2422128
-71.1669921875 63.29345703125 -1.0986328125 2422129
-71.1669921875 63.29345703125 -1.0986328125 2422130
-71.1669921875 63.29345703125 -1.0986328125 2422131
-71.1669921875 63.29345703125 -1.0986328125 2422132
17.9443359375 162.353515625 -27.77099609375 2422227
17.9443359375 162.353515625 -27.77099609375 2422377
-0.79345703125 22.52197265625 8.60595703125 2422378
-0.79345703125 22.52197265625 8.60595703125 2422379
-0.79345703125 22.52197265625 8.60595703125 2422380
-0.79345703125 22.52197265625 8.60595703125 2422381
37.41455078125 40.283203125 -27.64892578125 2422431
37.41455078125 40.283203125 -27.64892578125 2422534
-2.5634765625 -3.41796875 0.91552734375 2422535
-2.5634765625 -3.41796875 0.91552734375 2422536
-2.5634765625 -3.41796875 0.91552734375 2422537
-2.5634765625 -3.41796875 0.91552734375 2422538
5.18798828125 16.05224609375 -13.61083984375 2422614
5.18798828125 16.05224609375 -13.61083984375 2422725
19.53125 57.0068359375 -26.123046875 2422726
19.53125 57.0068359375 -26.123046875 2422727
19.53125 57.0068359375 -26.123046875 2422729
19.53125 57.0068359375 -26.123046875 2422730
19.53125 57.0068359375 -26.123046875 2422829
0.9765625 39.24560546875 -2.685546875 2422830
0.9765625 39.24560546875 -2.685546875 2422831
0.9765625 39.24560546875 -2.685546875 2422832
0.9765625 39.24560546875 -2.685546875 2422832
0.9765625 39.24560546875 -2.685546875 2422931
-3.84521484375 -7.26318359375 2.8076171875 2422932
-3.84521484375 -7.26318359375 2.8076171875 2422933
-3.84521484375 -7.26318359375 2.8076171875 2422934
-3.84521484375 -7.26318359375 2.8076171875 2422935
-3.84521484375 -7.26318359375 2.8076171875 2423033
2.44140625 2.86865234375 -11.29150390625 2423034
2.44140625 2.86865234375 -11.29150390625 2423035
2.44140625 2.86865234375 -11.29150390625 2423037
2.44140625 2.86865234375 -11.29150390625 2423038
2.44140625 2.86865234375 -11.29150390625 2423135
-2.38037109375 1.953125 -4.7607421875 2423136
-2.38037109375 1.953125 -4.7607421875 2423137
-2.38037109375 1.953125 -4.7607421875 2423137
-2.38037109375 1.953125 -4.7607421875 2423138
-4.0283203125 -1.953125 -3.72314453125 2423227
-4.0283203125 -1.953125 -3.72314453125 2423327
-2.0751953125 14.09912109375 -6.591796875 2423328
-2.0751953125 14.09912109375 -6.591796875 2423329
-2.0751953125 14.09912109375 -6.591796875 2423330
-2.0751953125 14.09912109375 -6.591796875 2423331
-2.0751953125 14.09912109375 -6.591796875 2423429
-20.93505859375 104.736328125 -12.39013671875 2423430
-20.93505859375 104.736328125 -12.39013671875 2423431
-20.93505859375 104.736328125 -12.39013671875 2423431
-20.93505859375 104.736328125 -12.39013671875 2423432
-20.93505859375 104.736328125 -12.39013671875 2423531
-75.37841796875 253.173828125 -95.458984375 2423532
-75.37841796875 253.173828125 -95.458984375 2423533
-75.37841796875 253.173828125 -95.458984375 2423534
-75.37841796875 253.173828125 -95.458984375 2423534
-75.37841796875 253.173828125 -95.458984375 2423634
-21.240234375 321.47216796875 11.8408203125 2423635
-21.240234375 321.47216796875 11.8408203125 2423636
-21.240234375 321.47216796875 11.8408203125 2423637
-21.240234375 321.47216796875 11.8408203125 2423638
-21.240234375 321.47216796875 11.8408203125 2423736
-55.96923828125 253.662109375 55.96923828125 2423738
-55.96923828125 253.662109375 55.96923828125 2423739
-55.96923828125 253.662109375 55.96923828125 2423740
-55.96923828125 253.662109375 55.96923828125 2423741
12.3291015625 221.00830078125 74.52392578125 2423814
12.3291015625 221.00830078125 74.52392578125 2423926
84.16748046875 104.98046875 -5.67626953125 2423928
84.16748046875 104.98046875 -5.67626953125 2423929
84.16748046875 104.98046875 -5.67626953125 2423930
84.16748046875 104.98046875 -5.67626953125 2423931
84.16748046875 104.98046875 -5.67626953125 2424029
30.2734375 -402.587890625 45.95947265625 2424030
30.2734375 -402.587890625 45.95947265625 2424031
30.2734375 -402.587890625 45.95947265625 2424032
30.2734375 -402.587890625 45.95947265625 2424033
30.2734375 -402.587890625 45.95947265625 2424131
42.3583984375 -196.77734375 -59.63134765625 2424133
42.3583984375 -196.77734375 -59.63134765625 2424134
42.3583984375 -196.77734375 -59.63134765625 2424135
42.3583984375 -196.77734375 -59.63134765625 2424137
42.3583984375 -196.77734375 -59.63134765625 2424234
-8.6669921875 -160.15625 38.818359375 2424235
-8.6669921875 -160.15625 38.818359375 2424236
-8.6669921875 -160.15625 38.818359375 2424237
-8.6669921875 -160.15625 38.818359375 2424238
-8.6669921875 -160.15625 38.818359375 2424337
9.1552734375 -174.13330078125 45.83740234375 2424338
9.1552734375 -174.13330078125 45.83740234375 2424339
9.1552734375 -174.13330078125 45.83740234375 2424340
9.1552734375 -174.13330078125 45.83740234375 2424341
18.73779296875 -44.189453125 25.57373046875 2424415
18.73779296875 -44.189453125 25.57373046875 2424520
21.8505859375 -55.419921875 23.37646484375 2424521
21.8505859375 -55.419921875 23.37646484375 2424522
21.8505859375 -55.419921875 23.37646484375 2424523
21.8505859375 -55.419921875 23.37646484375 2424524
21.8505859375 -55.419921875 23.37646484375 2424623
25.87890625 -3.173828125 24.90234375 2424624
25.87890625 -3.173828125 24.90234375 2424625
25.87890625 -3.173828125 24.90234375 2424627
25.87890625 -3.173828125 24.90234375 2424628
25.87890625 -3.173828125 24.90234375 2424729
29.9072265625 4.82177734375 25.146484375 2424731
29.9072265625 4.82177734375 25.146484375 2424732
29.9072265625 4.82177734375 25.146484375 2424733
29.9072265625 4.82177734375 25.146484375 2424734
20.6298828125 17.15087890625 27.83203125 2424828
20.6298828125 17.15087890625 27.83203125 2424930
-36.376953125 -81.0546875 -1.220703125 2424931
-36.376953125 -81.0546875 -1.220703125 2424932
-36.376953125 -81.0546875 -1.220703125 2424933
-36.376953125 -81.0546875 -1.220703125 2424934
-36.376953125 -81.0546875 -1.220703125 2425032
-54.26025390625 -131.34765625 53.03955078125 2425034
-54.26025390625 -131.34765625 53.03955078125 2425035
-54.26025390625 -131.34765625 53.03955078125 2425036
-54.26025390625 -131.34765625 53.03955078125 2425037
-54.26025390625 -131.34765625 53.03955078125 2425135
-66.40625 -121.4599609375 55.84716796875 2425136
-66.40625 -121.4599609375 55.84716796875 2425137
-66.40625 -121.4599609375 55.84716796875 2425138
-66.40625 -121.4599609375 55.84716796875 2425139
-75.01220703125 -2.44140625 7.080078125 2425217
-75.01220703125 -2.44140625 7.080078125 2425332
-31.1279296875 -1.953125 4.7607421875 2425335
-31.1279296875 -1.953125 4.7607421875 2425336
-31.1279296875 -1.953125 4.7607421875 2425337
-31.1279296875 -1.953125 4.7607421875 2425338
-9.8876953125 2.197265625 -0.91552734375 2425433
-9.8876953125 2.197265625 -0.91552734375 2425535
-10.498046875 -5.31005859375 -3.96728515625 2425536
-10.498046875 -5.31005859375 -3.96728515625 2425537
-10.498046875 -5.31005859375 -3.96728515625 2425538
-10.498046875 -5.31005859375 -3.96728515625 2425539
-10.498046875 -5.31005859375 -3.96728515625 2425653
2.86865234375 -2.13623046875 -13.00048828125 2425654
2.86865234375 -2.13623046875 -13.00048828125 2425655
2.86865234375 -2.13623046875 -13.00048828125 2425656
2.86865234375 -2.13623046875 -13.00048828125 2425656
-5.43212890625 -6.04248046875 -11.53564453125 2425715
-5.43212890625 -6.04248046875 -11.53564453125 2425827
-1.46484375 7.2021484375 -7.080078125 2425828
-1.46484375 7.2021484375 -7.080078125 2425829
-1.46484375 7.2021484375 -7.080078125 2425830
-1.46484375 7.2021484375 -7.080078125 2425831
-1.46484375 7.2021484375 -7.080078125 2425931
-0.8544921875 7.2021484375 -9.6435546875 2425932
-0.8544921875 7.2021484375 -9.6435546875 2425933
-0.8544921875 7.2021484375 -9.6435546875 2425935
-0.8544921875 7.2021484375 -9.6435546875 2425936
-0.8544921875 7.2021484375 -9.6435546875 2426032
-3.11279296875 6.04248046875 -7.38525390625 2426033
-3.11279296875 6.04248046875 -7.38525390625 2426034
-3.11279296875 6.04248046875 -7.38525390625 2426035
-3.11279296875 6.04248046875 -7.38525390625 2426135
-1.64794921875 4.8828125 -6.7138671875 2426136
-1.64794921875 4.8828125 -6.7138671875 2426137
-1.64794921875 4.8828125 -6.7138671875 2426138
-1.64794921875 4.8828125 -6.7138671875 2426138
-1.64794921875 4.8828125 -6.7138671875 2426241
1.77001953125 3.41796875 -4.150390625 2426242
1.77001953125 3.41796875 -4.150390625 2426243
1.77001953125 3.41796875 -4.150390625 2426244
1.77001953125 3.41796875 -4.150390625 2426245
-2.44140625 1.46484375 -3.41796875 2426315
-2.44140625 1.46484375 -3.41796875 2426427
-3.23486328125 -2.5634765625 -2.86865234375 2426428
-3.23486328125 -2.5634765625 -2.86865234375 2426429
-3.23486328125 -2.5634765625 -2.86865234375 2426430
-3.23486328125 -2.5634765625 -2.86865234375 2426430
-3.23486328125 -2.5634765625 -2.86865234375 2426529
-1.64794921875 0.06103515625 -1.0986328125 2426530
-1.64794921875 0.06103515625 -1.0986328125 2426532
-1.64794921875 0.06103515625 -1.0986328125 2426533
-1.64794921875 0.06103515625 -1.0986328125 2426534
-1.64794921875 0.06103515625 -1.0986328125 2426632
1.8310546875 -0.6103515625 0.42724609375 2426635
1.8310546875 -0.6103515625 0.42724609375 2426636
1.8310546875 -0.6103515625 0.42724609375 2426637
1.8310546875 -0.6103515625 0.42724609375 2426638
1.8310546875 -0.6103515625 0.42724609375 2426753
1.953125 2.74658203125 -0.42724609375 2426754
1.953125 2.74658203125 -0.42724609375 2426755
1.953125 2.74658203125 -0.42724609375 2426756
1.953125 2.74658203125 -0.42724609375 2426757
-2.62451171875 1.0986328125 -1.52587890625 2426848
-2.62451171875 1.0986328125 -1.52587890625 2426915
-0.732421875 2.5634765625 -2.44140625 2426917
-0.732421875 2.5634765625 -2.44140625 2426918
-0.732421875 2.5634765625 -2.44140625 2426918
-0.732421875 2.5634765625 -2.44140625 2426919
-0.732421875 2.5634765625 -2.44140625 2427041
-0.18310546875 1.46484375 -3.41796875 2427043
-0.18310546875 1.46484375 -3.41796875 2427044
-0.18310546875 1.46484375 -3.41796875 2427045
-0.18310546875 1.46484375 -3.41796875 2427046
0.732421875 1.40380859375 -3.7841796875 2427141
0.732421875 1.40380859375 -3.7841796875 2427222
1.3427734375 0.3662109375 -1.953125 2427234
1.3427734375 0.3662109375 -1.953125 2427235
1.3427734375 0.3662109375 -1.953125 2427236
1.3427734375 0.3662109375 -1.953125 2427237
1.3427734375 0.3662109375 -1.953125 2427335
-2.86865234375 -1.52587890625 -4.8828125 2427336
-2.86865234375 -1.52587890625 -4.8828125 2427337
-2.86865234375 -1.52587890625 -4.8828125 2427338
-2.86865234375 -1.52587890625 -4.8828125 2427339
-2.86865234375 -1.52587890625 -4.8828125 2427442
-1.28173828125 2.99072265625 -4.82177734375 2427443
-1.28173828125 2.99072265625 -4.82177734375 2427444
-1.28173828125 2.99072265625 -4.82177734375 2427445
-1.28173828125 2.99072265625 -4.82177734375 2427446
2.5634765625 3.35693359375 -3.90625 2427540
2.5634765625 3.35693359375 -3.90625 2427619
0.9765625 2.99072265625 -3.11279296875 2427620
0.9765625 2.99072265625 -3.11279296875 2427621
0.9765625 2.99072265625 -3.11279296875 2427622
0.9765625 2.99072265625 -3.11279296875 2427623
0.9765625 2.99072265625 -3.11279296875 2427735
-0.18310546875 -4.150390625 -0.48828125 2427736
-0.18310546875 -4.150390625 -0.48828125 2427737
-0.18310546875 -4.150390625 -0.48828125 2427738
-0.18310546875 -4.150390625 -0.48828125 2427739
0 0.8544921875 -1.77001953125 2427833
0 0.8544921875 -1.77001953125 2427935
-1.708984375 -0.3662109375 -3.23486328125 2427937
-1.708984375 -0.3662109375 -3.23486328125 2427938
-1.708984375 -0.3662109375 -3.23486328125 2427939
-1.708984375 -0.3662109375 -3.23486328125 2427940
-1.708984375 -0.3662109375 -3.23486328125 2428042
-3.5400390625 0.79345703125 -2.62451171875 2428043
-3.5400390625 0.79345703125 -2.62451171875 2428044
-3.5400390625 0.79345703125 -2.62451171875 2428045
-3.5400390625 0.79345703125 -2.62451171875 2428046
-5.92041015625 4.82177734375 -2.9296875 2428128
-5.92041015625 4.82177734375 -2.9296875 2428229
-3.5400390625 2.3193359375 -2.62451171875 2428230
-3.5400390625 2.3193359375 -2.62451171875 2428231
-3.5400390625 2.3193359375 -2.62451171875 2428232
-3.5400390625 2.3193359375 -2.62451171875 2428233
-3.5400390625 2.3193359375 -2.62451171875 2428339
-2.197265625 1.8310546875 -1.28173828125 2428340
-2.197265625 1.8310546875 -1.28173828125 2428341
-2.197265625 1.8310546875 -1.28173828125 2428342
-2.197265625 1.8310546875 -1.28173828125 2428343
-0.06103515625 3.0517578125 -1.8310546875 2428438
-0.06103515625 3.0517578125 -1.8310546875 2428516
-0.1220703125 3.47900390625 -2.38037109375 2428517
-0.1220703125 3.47900390625 -2.38037109375 2428518
-0.1220703125 3.47900390625 -2.38037109375 2428520
-0.1220703125 3.47900390625 -2.38037109375 2428521
-0.1220703125 3.47900390625 -2.38037109375 2428642
-1.5869140625 0.48828125 -2.01416015625 2428643
-1.5869140625 0.48828125 -2.01416015625 2428644
-1.5869140625 0.48828125 -2.01416015625 2428645
-1.5869140625 0.48828125 -2.01416015625 2428646
-1.89208984375 0.06103515625 -0.9765625 2428732
-1.89208984375 0.06103515625 -0.9765625 2428861
-3.35693359375 1.5869140625 -1.953125 2428862
-3.35693359375 1.5869140625 -1.953125 2428863
-3.35693359375 1.5869140625 -1.953125 2428864
-3.35693359375 1.5869140625 -1.953125 2428865
-2.44140625 2.01416015625 -4.94384765625 2428937
-2.44140625 2.01416015625 -4.94384765625 2429040
-2.3193359375 1.708984375 -3.7841796875 2429041
-2.3193359375 1.708984375 -3.7841796875 2429042
-2.3193359375 1.708984375 -3.7841796875 2429043
-2.3193359375 1.708984375 -3.7841796875 2429044
-0.54931640625 1.03759765625 -1.40380859375 2429118
-0.54931640625 1.03759765625 -1.40380859375 2429227
-1.220703125 0.48828125 -1.40380859375 2429228
-1.220703125 0.48828125 -1.40380859375 2429229
-1.220703125 0.48828125 -1.40380859375 2429230
-1.220703125 0.48828125 -1.40380859375 2429231
-1.220703125 0.48828125 -1.40380859375 2429331
-0.54931640625 1.953125 -1.8310546875 2429332
-0.54931640625 1.953125 -1.8310546875 2429333
-0.54931640625 1.953125 -1.8310546875 2429334
-0.54931640625 1.953125 -1.8310546875 2429335
-0.54931640625 1.953125 -1.8310546875 2429433
-1.3427734375 0.6103515625 -2.0751953125 2429435
-1.3427734375 0.6103515625 -2.0751953125 2429436
-1.3427734375 0.6103515625 -2.0751953125 2429437
-1.3427734375 0.6103515625 -2.0751953125 2429438
-1.3427734375 0.6103515625 -2.0751953125 2429539
-0.67138671875 -0.18310546875 -2.38037109375 2429540
-0.67138671875 -0.18310546875 -2.38037109375 2429541
-0.67138671875 -0.18310546875 -2.38037109375 2429541
-0.67138671875 -0.18310546875 -2.38037109375 2429542
-1.46484375 -0.79345703125 -2.50244140625 2429621
-1.46484375 -0.79345703125 -2.50244140625 2429738
-0.06103515625 2.8076171875 -1.953125 2429739
-0.06103515625 2.8076171875 -1.953125 2429741
-0.06103515625 2.8076171875 -1.953125 2429748
-0.06103515625 2.8076171875 -1.953125 2429750
-2.25830078125 0.42724609375 -5.0048828125 2429835
-2.25830078125 0.42724609375 -5.0048828125 2429938
-0.30517578125 0.732421875 -2.13623046875 2429939
-0.30517578125 0.732421875 -2.13623046875 2429939
-0.30517578125 0.732421875 -2.13623046875 2429940
-0.30517578125 0.732421875 -2.13623046875 2429941
-0.30517578125 0.732421875 -2.13623046875 2430045
0.06103515625 -0.67138671875 -2.44140625 2430046
0.06103515625 -0.67138671875 -2.44140625 2430047
0.06103515625 -0.67138671875 -2.44140625 2430048
0.06103515625 -0.67138671875 -2.44140625 2430049
-0.18310546875 -1.40380859375 -6.04248046875 2430118
-0.18310546875 -1.40380859375 -6.04248046875 2430244
-2.62451171875 -1.3427734375 -4.150390625 2430245
-2.62451171875 -1.3427734375 -4.150390625 2430246
-2.62451171875 -1.3427734375 -4.150390625 2430247
-2.62451171875 -1.3427734375 -4.150390625 2430248
-2.25830078125 -0.3662109375 -5.31005859375 2430330
-2.25830078125 -0.3662109375 -5.31005859375 2430433
-0.42724609375 0 -3.35693359375 2430434
-0.42724609375 0 -3.35693359375 2430435
-0.42724609375 0 -3.35693359375 2430436
-0.42724609375 0 -3.35693359375 2430437
-2.44140625 0 -4.2724609375 2430536
-2.44140625 0 -4.2724609375 2430537
-2.44140625 0 -4.2724609375 2430538
-2.44140625 0 -4.2724609375 2430539
-2.44140625 0 -4.2724609375 2430638
-0.79345703125 -0.67138671875 -2.44140625 2430639
-0.79345703125 -0.67138671875 -2.44140625 2430662
-0.79345703125 -0.67138671875 -2.44140625 2430663
-0.79345703125 -0.67138671875 -2.44140625 2430664
-0.79345703125 -0.67138671875 -2.44140625 2430740
-2.01416015625 2.197265625 -4.39453125 2430741
-2.01416015625 2.197265625 -4.39453125 2430743
-1.708984375 0.6103515625 -3.662109375 2430819
-1.708984375 0.6103515625 -3.662109375 2430820
-1.708984375 0.6103515625 -3.662109375 2430821
-1.708984375 0.6103515625 -3.662109375 2430945
-0.6103515625 1.64794921875 -2.8076171875 2430947
-0.6103515625 1.64794921875 -2.8076171875 2430948
-0.6103515625 1.64794921875 -2.8076171875 2430949
-0.6103515625 1.64794921875 -2.8076171875 2430950
0.06103515625 -0.6103515625 -1.28173828125 2431033
0.06103515625 -0.6103515625 -1.28173828125 2431136
1.40380859375 0.91552734375 -0.1220703125 2431137
1.40380859375 0.91552734375 -0.1220703125 2431138
1.40380859375 0.91552734375 -0.1220703125 2431139
1.40380859375 0.91552734375 -0.1220703125 2431140
1.40380859375 0.91552734375 -0.1220703125 2431238
-0.6103515625 1.03759765625 0.1220703125 2431239
-0.6103515625 1.03759765625 0.1220703125 2431240
-0.6103515625 1.03759765625 0.1220703125 2431242
-0.6103515625 1.03759765625 0.1220703125 2431243
-0.6103515625 1.03759765625 0.1220703125 2431340
-1.953125 -0.18310546875 0 2431341
-1.953125 -0.18310546875 0 2431342
-1.953125 -0.18310546875 0 2431343
-1.953125 -0.18310546875 0 2431344
-0.732421875 1.28173828125 -0.06103515625 2431422
-0.732421875 1.28173828125 -0.06103515625 2431535
-1.5869140625 -1.5869140625 -0.3662109375 2431536
-1.5869140625 -1.5869140625 -0.3662109375 2431537
-1.5869140625 -1.5869140625 -0.3662109375 2431537
-1.5869140625 -1.5869140625 -0.3662109375 2431554
-1.5869140625 -1.5869140625 -0.3662109375 2431637
-0.3662109375 0.6103515625 -1.953125 2431638
-0.3662109375 0.6103515625 -1.953125 2431640
-0.3662109375 0.6103515625 -1.953125 2431641
-0.3662109375 0.6103515625 -1.953125 2431642
-0.3662109375 0.6103515625 -1.953125 2431739
0.9765625 0 -1.5869140625 2431740
0.9765625 0 -1.5869140625 2431741
0.9765625 0 -1.5869140625 2431742
0.9765625 0 -1.5869140625 2431742
0.9765625 0 -1.5869140625 2431842
0.732421875 0.79345703125 -0.3662109375 2431844
0.732421875 0.79345703125 -0.3662109375 2431845
0.732421875 0.79345703125 -0.3662109375 2431870
0.732421875 0.79345703125 -0.3662109375 2431872
0.1220703125 0 -1.8310546875 2431919
0.1220703125 0 -1.8310546875 2432028
-2.13623046875 0.30517578125 -1.953125 2432029
-2.13623046875 0.30517578125 -1.953125 2432030
-2.13623046875 0.30517578125 -1.953125 2432032
-2.13623046875 0.30517578125 -1.953125 2432033
-2.13623046875 0.30517578125 -1.953125 2432132
-0.91552734375 1.0986328125 -1.15966796875 2432133
-0.91552734375 1.0986328125 -1.15966796875 2432134
-0.91552734375 1.0986328125 -1.15966796875 2432135
-0.91552734375 1.0986328125 -1.15966796875 2432135
0.54931640625 1.708984375 -2.62451171875 2432237
0.54931640625 1.708984375 -2.62451171875 2432238
0.54931640625 1.708984375 -2.62451171875 2432239
0.54931640625 1.708984375 -2.62451171875 2432239
0.54931640625 1.708984375 -2.62451171875 2432347
0 2.01416015625 -1.52587890625 2432348
0 2.01416015625 -1.52587890625 2432349
0 2.01416015625 -1.52587890625 2432350
0 2.01416015625 -1.52587890625 2432351
0.244140625 1.8310546875 -1.46484375 2432441
0.244140625 1.8310546875 -1.46484375 2432519
0.9765625 1.708984375 -1.40380859375 2432520
0.9765625 1.708984375 -1.40380859375 2432521
0.9765625 1.708984375 -1.40380859375 2432523
0.9765625 1.708984375 -1.40380859375 2432525
0.9765625 1.708984375 -1.40380859375 2432632
-1.03759765625 -0.48828125 -2.685546875 2432633
-1.03759765625 -0.48828125 -2.685546875 2432634
-1.03759765625 -0.48828125 -2.685546875 2432635
-1.03759765625 -0.48828125 -2.685546875 2432637
-1.03759765625 -0.48828125 -2.685546875 2432733
-1.15966796875 -0.18310546875 -2.8076171875 2432734
-1.15966796875 -0.18310546875 -2.8076171875 2432735
-1.15966796875 -0.18310546875 -2.8076171875 2432736
-1.15966796875 -0.18310546875 -2.8076171875 2432737
-1.15966796875 -0.18310546875 -2.8076171875 2432836
-0.06103515625 0.30517578125 -0.42724609375 2432837
-0.06103515625 0.30517578125 -0.42724609375 2432838
-0.06103515625 0.30517578125 -0.42724609375 2432839
-0.06103515625 0.30517578125 -0.42724609375 2432840
-0.06103515625 0.30517578125 -0.42724609375 2432939
1.03759765625 0.9765625 -2.5634765625 2432941
1.03759765625 0.9765625 -2.5634765625 2432942
1.03759765625 0.9765625 -2.5634765625 2432950
1.03759765625 0.9765625 -2.5634765625 2432952
-0.6103515625 0.1220703125 -1.77001953125 2433021
-0.6103515625 0.1220703125 -1.77001953125 2433147
-1.89208984375 -1.40380859375 -1.52587890625 2433148
-1.89208984375 -1.40380859375 -1.52587890625 2433149
-1.89208984375 -1.40380859375 -1.52587890625 2433150
-1.89208984375 -1.40380859375 -1.52587890625 2433151
-2.01416015625 -0.6103515625 -1.89208984375 2433243
-2.01416015625 -0.6103515625 -1.89208984375 2433324
-0.42724609375 0.6103515625 -1.0986328125 2433325
-0.42724609375 0.6103515625 -1.0986328125 2433326
-0.42724609375 0.6103515625 -1.0986328125 2433327
-0.42724609375 0.6103515625 -1.0986328125 2433328
-0.42724609375 0.6103515625 -1.0986328125 2433452
1.64794921875 0.1220703125 -2.86865234375 2433453
1.64794921875 0.1220703125 -2.86865234375 2433454
1.64794921875 0.1220703125 -2.86865234375 2433455
1.64794921875 0.1220703125 -2.86865234375 2433456
0.67138671875 1.03759765625 -1.89208984375 2433520
0.67138671875 1.03759765625 -1.89208984375 2433632
0.91552734375 0.48828125 -2.01416015625 2433633
0.91552734375 0.48828125 -2.01416015625 2433635
0.91552734375 0.48828125 -2.01416015625 2433636
0.91552734375 0.48828125 -2.01416015625 2433637
0.91552734375 0.48828125 -2.01416015625 2433737
1.40380859375 1.40380859375 -2.685546875 2433739
1.40380859375 1.40380859375 -2.685546875 2433740
1.40380859375 1.40380859375 -2.685546875 2433741
1.40380859375 1.40380859375 -2.685546875 2433742
0.732421875 2.50244140625 -1.40380859375 2433836
0.732421875 2.50244140625 -1.40380859375 2433939
0.9765625 3.0517578125 -2.5634765625 2433940
0.9765625 3.0517578125 -2.5634765625 2433941
0.9765625 3.0517578125 -2.5634765625 2433942
0.9765625 3.0517578125 -2.5634765625 2433943
0.9765625 3.0517578125 -2.5634765625 2434042
0.42724609375 2.9296875 -2.9296875 2434044
0.42724609375 2.9296875 -2.9296875 2434045
0.42724609375 2.9296875 -2.9296875 2434046
0.42724609375 2.9296875 -2.9296875 2434048
0 1.28173828125 -2.74658203125 2434120
0 1.28173828125 -2.74658203125 2434231
0.1220703125 1.0986328125 -1.46484375 2434232
0.1220703125 1.0986328125 -1.46484375 2434233
0.1220703125 1.0986328125 -1.46484375 2434234
0.1220703125 1.0986328125 -1.46484375 2434235
0.1220703125 1.0986328125 -1.46484375 2434335
0.91552734375 0.48828125 -2.62451171875 2434336
0.91552734375 0.48828125 -2.62451171875 2434338
0.91552734375 0.48828125 -2.62451171875 2434339
0.91552734375 0.48828125 -2.62451171875 2434340
0.91552734375 0.48828125 -2.62451171875 2434436
-2.3193359375 1.77001953125 -3.7841796875 2434437
-2.3193359375 1.77001953125 -3.7841796875 2434439
-2.3193359375 1.77001953125 -3.7841796875 2434440
-2.3193359375 1.77001953125 -3.7841796875 2434441
-2.3193359375 1.77001953125 -3.7841796875 2434557
-6.8359375 -7.14111328125 -7.62939453125 2434558
-6.8359375 -7.14111328125 -7.62939453125 2434559
-6.8359375 -7.14111328125 -7.62939453125 2434560
-6.8359375 -7.14111328125 -7.62939453125 2434561
-5.4931640625 -7.568359375 -16.4794921875 2434644
-5.4931640625 -7.568359375 -16.4794921875 2434725
2.25830078125 -8.056640625 -21.484375 2434726
2.25830078125 -8.056640625 -21.484375 2434727
2.25830078125 -8.056640625 -21.484375 2434728
2.25830078125 -8.056640625 -21.484375 2434730
2.25830078125 -8.056640625 -21.484375 2434837
9.1552734375 -11.474609375 -26.55029296875 2434838
9.1552734375 -11.474609375 -26.55029296875 2434839
9.1552734375 -11.474609375 -26.55029296875 2434840
9.1552734375 -11.474609375 -26.55029296875 2434841
9.1552734375 -11.474609375 -26.55029296875 2434943
18.85986328125 -6.9580078125 -29.96826171875 2434967
18.85986328125 -6.9580078125 -29.96826171875 2434968
18.85986328125 -6.9580078125 -29.96826171875 2434970
18.85986328125 -6.9580078125 -29.96826171875 2434971
35.21728515625 1.77001953125 -33.5693359375 2435041
35.21728515625 1.77001953125 -33.5693359375 2435148
43.3349609375 85.693359375 -37.41455078125 2435150
43.3349609375 85.693359375 -37.41455078125 2435151
43.3349609375 85.693359375 -37.41455078125 2435153
43.3349609375 85.693359375 -37.41455078125 2435154
23.01025390625 122.37548828125 -30.8837890625 2435223
23.01025390625 122.37548828125 -30.8837890625 2435333
15.07568359375 131.8359375 -32.8369140625 2435334
15.07568359375 131.8359375 -32.8369140625 2435335
15.07568359375 131.8359375 -32.8369140625 2435336
15.07568359375 131.8359375 -32.8369140625 2435337
15.07568359375 131.8359375 -32.8369140625 2435437
2.01416015625 129.2724609375 -36.56005859375 2435457
2.01416015625 129.2724609375 -36.56005859375 2435458
2.01416015625 129.2724609375 -36.56005859375 2435459
2.01416015625 129.2724609375 -36.56005859375 2435460
2.01416015625 129.2724609375 -36.56005859375 2435565
1.64794921875 135.68115234375 -34.1796875 2435566
1.64794921875 135.68115234375 -34.1796875 2435567
1.64794921875 135.68115234375 -34.1796875 2435568
1.64794921875 135.68115234375 -34.1796875 2435569
3.72314453125 131.8359375 -24.96337890625 2435645
3.72314453125 131.8359375 -24.96337890625 2435745
16.2353515625 142.4560546875 -3.41796875 2435746
16.2353515625 142.4560546875 -3.41796875 2435748
16.2353515625 142.4560546875 -3.41796875 2435749
16.2353515625 142.4560546875 -3.41796875 2435750
7.2021484375 106.38427734375 -22.15576171875 2435823
7.2021484375 106.38427734375 -22.15576171875 2435935
-30.2734375 31.79931640625 4.7607421875 2435936
-30.2734375 31.79931640625 4.7607421875 2435937
-30.2734375 31.79931640625 4.7607421875 2435937
-30.2734375 31.79931640625 4.7607421875 2435938
-30.2734375 31.79931640625 4.7607421875 2436042
-105.712890625 -104.18701171875 121.2158203125 2436043
-105.712890625 -104.18701171875 121.2158203125 2436044
-105.712890625 -104.18701171875 121.2158203125 2436045
-105.712890625 -104.18701171875 121.2158203125 2436046
30.517578125 -237.48779296875 -53.1005859375 2436140
30.517578125 -237.48779296875 -53.1005859375 2436243
-13.916015625 -383.7890625 -25.69580078125 2436244
-13.916015625 -383.7890625 -25.69580078125 2436245
-13.916015625 -383.7890625 -25.69580078125 2436246
-13.916015625 -383.7890625 -25.69580078125 2436247
-13.916015625 -383.7890625 -25.69580078125 2436348
-102.5390625 -639.0380859375 84.16748046875 2436349
-102.5390625 -639.0380859375 84.16748046875 2436350
-102.5390625 -639.0380859375 84.16748046875 2436351
-102.5390625 -639.0380859375 84.16748046875 2436352
-16.7236328125 -76.47705078125 39.00146484375 2436424
-16.7236328125 -76.47705078125 39.00146484375 2436535
-5.9814453125 -43.39599609375 50.84228515625 2436536
-5.9814453125 -43.39599609375 50.84228515625 2436538
-5.9814453125 -43.39599609375 50.84228515625 2436539
-5.9814453125 -43.39599609375 50.84228515625 2436540
-5.9814453125 -43.39599609375 50.84228515625 2436650
-7.62939453125 1.708984375 8.23974609375 2436652
-7.62939453125 1.708984375 8.23974609375 2436653
-7.62939453125 1.708984375 8.23974609375 2436654
-7.62939453125 1.708984375 8.23974609375 2436655
-4.82177734375 5.615234375 8.97216796875 2436732
-4.82177734375 5.615234375 8.97216796875 2436834
5.615234375 14.404296875 11.29150390625 2436835
5.615234375 14.404296875 11.29150390625 2436836
5.615234375 14.404296875 11.29150390625 2436837
5.615234375 14.404296875 11.29150390625 2436838
5.615234375 14.404296875 11.29150390625 2436940
11.53564453125 6.65283203125 18.4326171875 2436942
11.53564453125 6.65283203125 18.4326171875 2436943
11.53564453125 6.65283203125 18.4326171875 2436944
11.53564453125 6.65283203125 18.4326171875 2436969
-0.3662109375 17.02880859375 8.9111328125 2437039
-0.3662109375 17.02880859375 8.9111328125 2437152
8.7890625 12.6953125 3.0517578125 2437153
8.7890625 12.6953125 3.0517578125 2437154
8.7890625 12.6953125 3.0517578125 2437155
8.7890625 12.6953125 3.0517578125 2437156
16.7236328125 52.79541015625 3.96728515625 2437244
16.7236328125 52.79541015625 3.96728515625 2437322
2.5634765625 43.8232421875 -12.20703125 2437323
2.5634765625 43.8232421875 -12.20703125 2437325
2.5634765625 43.8232421875 -12.20703125 2437326
2.5634765625 43.8232421875 -12.20703125 2437327
2.5634765625 43.8232421875 -12.20703125 2437434
18.6767578125 119.873046875 -4.638671875 2437435
18.6767578125 119.873046875 -4.638671875 2437436
18.6767578125 119.873046875 -4.638671875 2437438
18.6767578125 119.873046875 -4.638671875 2437439
18.6767578125 119.873046875 -4.638671875 2437539
36.4990234375 91.36962890625 36.68212890625 2437541
36.4990234375 91.36962890625 36.68212890625 2437542
36.4990234375 91.36962890625 36.68212890625 2437543
36.4990234375 91.36962890625 36.68212890625 2437544
42.1142578125 71.044921875 49.98779296875 2437638
42.1142578125 71.044921875 49.98779296875 2437741
50.35400390625 108.58154296875 2.86865234375 2437743
50.35400390625 108.58154296875 2.86865234375 2437744
50.35400390625 108.58154296875 2.86865234375 2437745
50.35400390625 108.58154296875 2.86865234375 2437747
50.35400390625 108.58154296875 2.86865234375 2437843
105.224609375 145.69091796875 -21.6064453125 2437845
105.224609375 145.69091796875 -21.6064453125 2437846
105.224609375 145.69091796875 -21.6064453125 2437847
105.224609375 145.69091796875 -21.6064453125 2437848
105.224609375 145.69091796875 -21.6064453125 2437946
70.73974609375 113.95263671875 -11.65771484375 2437948
70.73974609375 113.95263671875 -11.65771484375 2437949
70.73974609375 113.95263671875 -11.65771484375 2437950
70.73974609375 113.95263671875 -11.65771484375 2437951
38.57421875 35.0341796875 -13.48876953125 2438025
38.57421875 35.0341796875 -13.48876953125 2438138
-44.43359375 -46.0205078125 -9.70458984375 2438139
-44.43359375 -46.0205078125 -9.70458984375 2438140
-44.43359375 -46.0205078125 -9.70458984375 2438141
-44.43359375 -46.0205078125 -9.70458984375 2438142
-44.43359375 -46.0205078125 -9.70458984375 2438240
-66.7724609375 -172.9736328125 39.73388671875 2438241
-66.7724609375 -172.9736328125 39.73388671875 2438242
-66.7724609375 -172.9736328125 39.73388671875 2438243
-66.7724609375 -172.9736328125 39.73388671875 2438244
-66.7724609375 -172.9736328125 39.73388671875 2438343
-69.580078125 -150.634765625 56.57958984375 2438344
-69.580078125 -150.634765625 56.57958984375 2438345
-69.580078125 -150.634765625 56.57958984375 2438346
-69.580078125 -150.634765625 56.57958984375 2438347
-69.580078125 -150.634765625 56.57958984375 2438447
-45.41015625 -96.0693359375 66.2841796875 2438448
-45.41015625 -96.0693359375 66.2841796875 2438449
-45.41015625 -96.0693359375 66.2841796875 2438450
-45.41015625 -96.0693359375 66.2841796875 2438451
-51.025390625 15.44189453125 -8.97216796875 2438524
-51.025390625 15.44189453125 -8.97216796875 2438637
-49.37744140625 14.6484375 -15.13671875 2438638
-49.37744140625 14.6484375 -15.13671875 2438639
-49.37744140625 14.6484375 -15.13671875 2438640
-49.37744140625 14.6484375 -15.13671875 2438641
-49.37744140625 14.6484375 -15.13671875 2438739
-4.45556640625 9.21630859375 -7.26318359375 2438741
-4.45556640625 9.21630859375 -7.26318359375 2438742
-4.45556640625 9.21630859375 -7.26318359375 2438744
-4.45556640625 9.21630859375 -7.26318359375 2438745
-4.45556640625 9.21630859375 -7.26318359375 2438842
-0.54931640625 5.43212890625 -8.30078125 2438843
-0.54931640625 5.43212890625 -8.30078125 2438844
-0.54931640625 5.43212890625 -8.30078125 2438845
-0.54931640625 5.43212890625 -8.30078125 2438847
-0.54931640625 5.43212890625 -8.30078125 2438959
0.1220703125 10.986328125 -11.3525390625 2438961
0.1220703125 10.986328125 -11.3525390625 2438964
0.1220703125 10.986328125 -11.3525390625 2438966
0.1220703125 10.986328125 -11.3525390625 2438967
2.0751953125 21.78955078125 -17.7001953125 2439050
2.0751953125 21.78955078125 -17.7001953125 2439124
10.92529296875 6.4697265625 -12.02392578125 2439125
10.92529296875 6.4697265625 -12.02392578125 2439126
10.92529296875 6.4697265625 -12.02392578125 2439127
10.92529296875 6.4697265625 -12.02392578125 2439128
10.92529296875 6.4697265625 -12.02392578125 2439235
-2.13623046875 6.4697265625 -18.98193359375 2439251
-2.13623046875 6.4697265625 -18.98193359375 2439253
-2.13623046875 6.4697265625 -18.98193359375 2439254
-2.13623046875 6.4697265625 -18.98193359375 2439255
-2.13623046875 6.4697265625 -18.98193359375 2439342
-7.32421875 -15.44189453125 -9.3994140625 2439343
-10.8642578125 -12.75634765625 -6.8359375 2439440
-10.8642578125 -12.75634765625 -6.8359375 2439441
-10.8642578125 -12.75634765625 -6.8359375 2439442
-10.8642578125 -12.75634765625 -6.8359375 2439443
-10.8642578125 -12.75634765625 -6.8359375 2439542
1.46484375 0.732421875 -4.39453125 2439543
1.46484375 0.732421875 -4.39453125 2439545
1.46484375 0.732421875 -4.39453125 2439546
1.46484375 0.732421875 -4.39453125 2439547
1.46484375 0.732421875 -4.39453125 2439646
4.150390625 5.859375 -5.31005859375 2439650
4.150390625 5.859375 -5.31005859375 2439651
4.150390625 5.859375 -5.31005859375 2439652
4.150390625 5.859375 -5.31005859375 2439653
1.15966796875 3.60107421875 -3.2958984375 2439729
1.15966796875 3.60107421875 -3.2958984375 2439845
-0.732421875 2.8076171875 -2.0751953125 2439846
-0.732421875 2.8076171875 -2.0751953125 2439847
-0.732421875 2.8076171875 -2.0751953125 2439848
-0.732421875 2.8076171875 -2.0751953125 2439850
0 2.74658203125 -0.18310546875 2439932
0 2.74658203125 -0.18310546875 2440034
-2.3193359375 -0.54931640625 1.46484375 2440036
-2.3193359375 -0.54931640625 1.46484375 2440037
-2.3193359375 -0.54931640625 1.46484375 2440038
-2.3193359375 -0.54931640625 1.46484375 2440039
-2.3193359375 -0.54931640625 1.46484375 2440136
-2.0751953125 -2.50244140625 -0.54931640625 2440138
-2.0751953125 -2.50244140625 -0.54931640625 2440139
-2.0751953125 -2.50244140625 -0.54931640625 2440139
-2.0751953125 -2.50244140625 -0.54931640625 2440140
-2.0751953125 -2.50244140625 -0.54931640625 2440239
-2.86865234375 1.15966796875 -5.859375 2440240
-2.86865234375 1.15966796875 -5.859375 2440241
-2.86865234375 1.15966796875 -5.859375 2440242
-2.86865234375 1.15966796875 -5.859375 2440243
-2.86865234375 1.15966796875 -5.859375 2440357
0.79345703125 1.708984375 -2.86865234375 2440359
0.79345703125 1.708984375 -2.86865234375 2440360
0.79345703125 1.708984375 -2.86865234375 2440361
0.79345703125 1.708984375 -2.86865234375 2440363
2.5634765625 -1.64794921875 -2.44140625 2440444
2.5634765625 -1.64794921875 -2.44140625 2440550
-0.79345703125 2.0751953125 -3.90625 2440552
-0.79345703125 2.0751953125 -3.90625 2440553
-0.79345703125 2.0751953125 -3.90625 2440555
-0.79345703125 2.0751953125 -3.90625 2440556
-0.79345703125 2.0751953125 -3.90625 2440667
-1.3427734375 1.89208984375 -7.87353515625 2440669
-1.3427734375 1.89208984375 -7.87353515625 2440670
-1.3427734375 1.89208984375 -7.87353515625 2440670
-1.3427734375 1.89208984375 -7.87353515625 2440671
2.25830078125 1.28173828125 -6.16455078125 2440742
2.25830078125 1.28173828125 -6.16455078125 2440840
-1.8310546875 -0.8544921875 -4.33349609375 2440842
-1.8310546875 -0.8544921875 -4.33349609375 2440843
-1.8310546875 -0.8544921875 -4.33349609375 2440844
-1.8310546875 -0.8544921875 -4.33349609375 2440845
-1.28173828125 0.91552734375 -5.126953125 2440943
-1.28173828125 0.91552734375 -5.126953125 2440944
-1.28173828125 0.91552734375 -5.126953125 2440945
-1.28173828125 0.91552734375 -5.126953125 2440946
-1.28173828125 0.91552734375 -5.126953125 2441046
1.52587890625 1.0986328125 -4.8828125 2441048
1.52587890625 1.0986328125 -4.8828125 2441051
1.52587890625 1.0986328125 -4.8828125 2441052
1.52587890625 1.0986328125 -4.8828125 2441053
1.52587890625 1.0986328125 -4.8828125 2441149
2.5634765625 -0.6103515625 -3.96728515625 2441150
2.5634765625 -0.6103515625 -3.96728515625 2441151
2.25830078125 0.244140625 -2.685546875 2441227
2.25830078125 0.244140625 -2.685546875 2441228
2.25830078125 0.244140625 -2.685546875 2441229
2.25830078125 0.244140625 -2.685546875 2441341
0.6103515625 2.197265625 -2.685546875 2441342
0.6103515625 2.197265625 -2.685546875 2441343
0.6103515625 2.197265625 -2.685546875 2441344
0.6103515625 2.197265625 -2.685546875 2441345
2.197265625 1.3427734375 -4.2724609375 2441439
2.197265625 1.3427734375 -4.2724609375 2441543
-1.220703125 0.06103515625 -3.35693359375 2441544
-1.220703125 0.06103515625 -3.35693359375 2441545
-1.220703125 0.06103515625 -3.35693359375 2441546
-1.220703125 0.06103515625 -3.35693359375 2441547
-1.220703125 0.06103515625 -3.35693359375 2441651
-2.5634765625 2.38037109375 -2.86865234375 2441653
-2.5634765625 2.38037109375 -2.86865234375 2441654
-2.5634765625 2.38037109375 -2.86865234375 2441654
-2.5634765625 2.38037109375 -2.86865234375 2441655
-2.5634765625 2.38037109375 -2.86865234375 2441763
-3.72314453125 3.23486328125 -1.28173828125 2441765
-3.72314453125 3.23486328125 -1.28173828125 2441766
-3.72314453125 3.23486328125 -1.28173828125 2441767
-3.72314453125 3.23486328125 -1.28173828125 2441768
-3.5400390625 1.52587890625 -1.28173828125 2441829
-3.5400390625 1.52587890625 -1.28173828125 2441942
-0.244140625 2.197265625 0.3662109375 2441943
-0.244140625 2.197265625 0.3662109375 2441944
-0.244140625 2.197265625 0.3662109375 2441945
-0.244140625 2.197265625 0.3662109375 2441946
-0.244140625 2.197265625 0.3662109375 2442045
2.38037109375 3.23486328125 -1.52587890625 2442047
2.38037109375 3.23486328125 -1.52587890625 2442048
2.38037109375 3.23486328125 -1.52587890625 2442049
2.38037109375 3.23486328125 -1.52587890625 2442051
2.38037109375 3.23486328125 -1.52587890625 2442146
-0.06103515625 -1.3427734375 -2.8076171875 2442147
-0.06103515625 -1.3427734375 -2.8076171875 2442148
-0.06103515625 -1.3427734375 -2.8076171875 2442150
-0.06103515625 -1.3427734375 -2.8076171875 2442151
-0.06103515625 -1.3427734375 -2.8076171875 2442255
0.06103515625 0.67138671875 0.18310546875 2442256
0.06103515625 0.67138671875 0.18310546875 2442257
0.06103515625 0.67138671875 0.18310546875 2442258
0.06103515625 0.67138671875 0.18310546875 2442259
0.54931640625 1.5869140625 -1.15966796875 2442327
0.54931640625 1.5869140625 -1.15966796875 2442438
1.220703125 2.50244140625 -2.685546875 2442439
1.220703125 2.50244140625 -2.685546875 2442440
1.220703125 2.50244140625 -2.685546875 2442441
1.220703125 2.50244140625 -2.685546875 2442442
1.220703125 2.50244140625 -2.685546875 2442550
-1.03759765625 0.48828125 0.244140625 2442551
-1.03759765625 0.48828125 0.244140625 2442552
-1.03759765625 0.48828125 0.244140625 2442553
-1.03759765625 0.48828125 0.244140625 2442554
-3.0517578125 -1.708984375 1.28173828125 2442643
-3.0517578125 -1.708984375 1.28173828125 2442745
0 0.8544921875 -1.03759765625 2442746
0 0.8544921875 -1.03759765625 2442748
0 0.8544921875 -1.03759765625 2442749
0 0.8544921875 -1.03759765625 2442750
0 0.8544921875 -1.03759765625 2442863
-2.01416015625 -2.62451171875 -1.953125 2442864
-2.01416015625 -2.62451171875 -1.953125 2442865
-2.01416015625 -2.62451171875 -1.953125 2442867
-2.01416015625 -2.62451171875 -1.953125 2442868
-4.7607421875 -1.64794921875 -2.685546875 2442925
-4.7607421875 -1.64794921875 -2.685546875 2443045
-1.5869140625 0.18310546875 -2.38037109375 2443046
-1.5869140625 0.18310546875 -2.38037109375 2443047
-1.5869140625 0.18310546875 -2.38037109375 2443048
-1.5869140625 0.18310546875 -2.38037109375 2443049
0.30517578125 2.62451171875 -3.23486328125 2443131
0.30517578125 2.62451171875 -3.23486328125 2443237
0.6103515625 1.46484375 -4.7607421875 2443238
0.6103515625 1.46484375 -4.7607421875 2443239
0.6103515625 1.46484375 -4.7607421875 2443241
0.6103515625 1.46484375 -4.7607421875 2443242
0.6103515625 1.46484375 -4.7607421875 2443340
0.8544921875 -0.54931640625 -5.615234375 2443341
0.8544921875 -0.54931640625 -5.615234375 2443342
0.8544921875 -0.54931640625 -5.615234375 2443342
0.8544921875 -0.54931640625 -5.615234375 2443343
0.8544921875 -0.54931640625 -5.615234375 2443447
0.1220703125 0.06103515625 -2.685546875 2443448
0.1220703125 0.06103515625 -2.685546875 2443449
0.1220703125 0.06103515625 -2.685546875 2443449
0.1220703125 0.06103515625 -2.685546875 2443450
3.0517578125 1.3427734375 -0.42724609375 2443545
3.0517578125 1.3427734375 -0.42724609375 2443647
5.7373046875 -0.67138671875 -0.8544921875 2443662
5.7373046875 -0.67138671875 -0.8544921875 2443663
5.7373046875 -0.67138671875 -0.8544921875 2443664
5.7373046875 -0.67138671875 -0.8544921875 2443665
0.54931640625 -1.40380859375 0.42724609375 2443728
0.54931640625 -1.40380859375 0.42724609375 2443839
-0.3662109375 0.48828125 0 2443840
-0.3662109375 0.48828125 0 2443841
-0.3662109375 0.48828125 0 2443842
-0.3662109375 0.48828125 0 2443843
-0.3662109375 0.48828125 0 2443941
1.15966796875 3.0517578125 -0.48828125 2443942
1.15966796875 3.0517578125 -0.48828125 2443943
1.15966796875 3.0517578125 -0.48828125 2443944
1.15966796875 3.0517578125 -0.48828125 2443945
1.15966796875 3.0517578125 -0.48828125 2444043
1.5869140625 1.89208984375 -1.8310546875 2444044
1.5869140625 1.89208984375 -1.8310546875 2444045
1.5869140625 1.89208984375 -1.8310546875 2444046
1.5869140625 1.89208984375 -1.8310546875 2444047
1.5869140625 1.89208984375 -1.8310546875 2444147
2.86865234375 2.86865234375 -2.9296875 2444148
2.86865234375 2.86865234375 -2.9296875 2444176
2.86865234375 2.86865234375 -2.9296875 2444178
2.86865234375 2.86865234375 -2.9296875 2444179
2.86865234375 2.86865234375 -2.9296875 2444249
-0.06103515625 0.18310546875 -1.89208984375 2444250
-0.06103515625 0.18310546875 -1.89208984375 2444251
-0.42724609375 0.1220703125 -0.54931640625 2444327
-0.42724609375 0.1220703125 -0.54931640625 2444328
-0.42724609375 0.1220703125 -0.54931640625 2444329
-0.42724609375 0.1220703125 -0.54931640625 2444438
0.3662109375 1.03759765625 -0.54931640625 2444439
0.3662109375 1.03759765625 -0.54931640625 2444440
0.3662109375 1.03759765625 -0.54931640625 2444441
0.3662109375 1.03759765625 -0.54931640625 2444450
0.3662109375 1.03759765625 -0.54931640625 2444541
1.64794921875 0.54931640625 0.18310546875 2444542
1.64794921875 0.54931640625 0.18310546875 2444543
1.64794921875 0.54931640625 0.18310546875 2444544
1.64794921875 0.54931640625 0.18310546875 2444545
1.64794921875 0.54931640625 0.18310546875 2444644
-1.5869140625 0.244140625 -1.953125 2444646
-1.5869140625 0.244140625 -1.953125 2444647
-1.5869140625 0.244140625 -1.953125 2444648
-1.5869140625 0.244140625 -1.953125 2444649
-1.5869140625 0.244140625 -1.953125 2444746
-3.2958984375 0.18310546875 -2.86865234375 2444747
-3.2958984375 0.18310546875 -2.86865234375 2444748
-3.2958984375 0.18310546875 -2.86865234375 2444749
-3.2958984375 0.18310546875 -2.86865234375 2444750
-3.2958984375 -0.1220703125 -1.89208984375 2444841
-3.2958984375 -0.1220703125 -1.89208984375 2444968
1.28173828125 1.89208984375 -1.46484375 2444969
1.28173828125 1.89208984375 -1.46484375 2444970
1.28173828125 1.89208984375 -1.46484375 2444970
1.28173828125 1.89208984375 -1.46484375 2444971
2.197265625 1.28173828125 -3.2958984375 2445029
2.197265625 1.28173828125 -3.2958984375 2445143
0.9765625 1.03759765625 -0.42724609375 2445144
0.9765625 1.03759765625 -0.42724609375 2445145
0.9765625 1.03759765625 -0.42724609375 2445147
0.9765625 1.03759765625 -0.42724609375 2445148
0.6103515625 0.732421875 -1.708984375 2445243
0.6103515625 0.732421875 -1.708984375 2445345
-0.18310546875 2.5634765625 -2.01416015625 2445346
-0.18310546875 2.5634765625 -2.01416015625 2445347
-0.18310546875 2.5634765625 -2.01416015625 2445348
-0.18310546875 2.5634765625 -2.01416015625 2445349
-0.18310546875 2.5634765625 -2.01416015625 2445462
-1.03759765625 3.23486328125 -1.89208984375 2445464
-1.03759765625 3.23486328125 -1.89208984375 2445466
-1.03759765625 3.23486328125 -1.89208984375 2445467
-1.03759765625 3.23486328125 -1.89208984375 2445468
-1.77001953125 1.77001953125 -3.662109375 2445550
-1.77001953125 1.77001953125 -3.662109375 2445632
-2.50244140625 -0.54931640625 -1.64794921875 2445634
-2.50244140625 -0.54931640625 -1.64794921875 2445635
-2.50244140625 -0.54931640625 -1.64794921875 2445635
-2.50244140625 -0.54931640625 -1.64794921875 2445636
-2.50244140625 -0.54931640625 -1.64794921875 2445744
-0.8544921875 1.708984375 -4.21142578125 2445745
-0.8544921875 1.708984375 -4.21142578125 2445746
-0.8544921875 1.708984375 -4.21142578125 2445747
-0.8544921875 1.708984375 -4.21142578125 2445748
-0.8544921875 1.708984375 -4.21142578125 2445846
-0.42724609375 2.38037109375 -5.18798828125 2445847
-0.42724609375 2.38037109375 -5.18798828125 2445848
-0.42724609375 2.38037109375 -5.18798828125 2445849
-0.42724609375 2.38037109375 -5.18798828125 2445850
-0.42724609375 2.38037109375 -5.18798828125 2445949
0.91552734375 1.40380859375 -2.44140625 2445950
0.91552734375 1.40380859375 -2.44140625 2445951
0.91552734375 1.40380859375 -2.44140625 2445952
0.91552734375 1.40380859375 -2.44140625 2445953
0.91552734375 1.40380859375 -2.44140625 2446055
2.44140625 0.9765625 -0.91552734375 2446056
2.44140625 0.9765625 -0.91552734375 2446057
2.44140625 0.9765625 -0.91552734375 2446059
2.44140625 0.9765625 -0.91552734375 2446060
-1.40380859375 2.44140625 -0.3662109375 2446129
-1.40380859375 2.44140625 -0.3662109375 2446243
0.30517578125 0.91552734375 -1.89208984375 2446244
0.30517578125 0.91552734375 -1.89208984375 2446245
0.30517578125 0.91552734375 -1.89208984375 2446246
0.30517578125 0.91552734375 -1.89208984375 2446247
1.64794921875 1.5869140625 -1.3427734375 2446329
1.64794921875 1.5869140625 -1.3427734375 2446440
-0.54931640625 0.732421875 -1.8310546875 2446441
-0.54931640625 0.732421875 -1.8310546875 2446442
-0.54931640625 0.732421875 -1.8310546875 2446443
-0.54931640625 0.732421875 -1.8310546875 2446444
-0.54931640625 0.732421875 -1.8310546875 2446542
-3.2958984375 -1.0986328125 -2.9296875 2446559
-3.2958984375 -1.0986328125 -2.9296875 2446560
-3.2958984375 -1.0986328125 -2.9296875 2446561
-3.2958984375 -1.0986328125 -2.9296875 2446562
-3.2958984375 -1.0986328125 -2.9296875 2446645
-0.6103515625 1.52587890625 -1.03759765625 2446646
-0.6103515625 1.52587890625 -1.03759765625 2446748
-2.86865234375 -0.732421875 -1.52587890625 2446749
-2.86865234375 -0.732421875 -1.52587890625 2446750
-2.86865234375 -0.732421875 -1.52587890625 2446751
-2.86865234375 -0.732421875 -1.52587890625 2446752
-2.86865234375 -0.732421875 -1.52587890625 2446850
-4.2724609375 0.732421875 -1.8310546875 2446851
-4.2724609375 0.732421875 -1.8310546875 2446852
-4.2724609375 0.732421875 -1.8310546875 2446853
-4.2724609375 0.732421875 -1.8310546875 2446854
-0.91552734375 -0.244140625 -3.60107421875 2446943
-0.91552734375 -0.244140625 -3.60107421875 2447041
0.6103515625 0.91552734375 -2.3193359375 2447042
0.6103515625 0.91552734375 -2.3193359375 2447043
0.6103515625 0.91552734375 -2.3193359375 2447045
0.6103515625 0.91552734375 -2.3193359375 2447046
0.6103515625 0.91552734375 -2.3193359375 2447144
-2.13623046875 1.40380859375 -2.62451171875 2447145
-2.13623046875 1.40380859375 -2.62451171875 2447146
-2.13623046875 1.40380859375 -2.62451171875 2447147
-2.13623046875 1.40380859375 -2.62451171875 2447148
-2.13623046875 1.40380859375 -2.62451171875 2447247
-0.30517578125 0.30517578125 -2.50244140625 2447248
-0.30517578125 0.30517578125 -2.50244140625 2447250
-0.30517578125 0.30517578125 -2.50244140625 2447250
-0.30517578125 0.30517578125 -2.50244140625 2447251
-0.30517578125 0.30517578125 -2.50244140625 2447349
0.6103515625 1.953125 -0.244140625 2447350
0.6103515625 1.953125 -0.244140625 2447351
0.6103515625 1.953125 -0.244140625 2447352
0.6103515625 1.953125 -0.244140625 2447353
0.6103515625 1.953125 -0.244140625 2447451
-0.732421875 2.0751953125 -0.9765625 2447452
-0.732421875 2.0751953125 -0.9765625 2447453
-0.732421875 2.0751953125 -0.9765625 2447454
-0.732421875 2.0751953125 -0.9765625 2447456
1.3427734375 0.9765625 -1.0986328125 2447530
1.3427734375 0.9765625 -1.0986328125 2447641
1.52587890625 0.48828125 -4.0283203125 2447642
1.52587890625 0.48828125 -4.0283203125 2447644
1.52587890625 0.48828125 -4.0283203125 2447645
1.52587890625 0.48828125 -4.0283203125 2447658
1.52587890625 0.48828125 -4.0283203125 2447744
-0.3662109375 1.220703125 -2.5634765625 2447745
-0.3662109375 1.220703125 -2.5634765625 2447746
-0.3662109375 1.220703125 -2.5634765625 2447747
-0.3662109375 1.220703125 -2.5634765625 2447748
-0.3662109375 1.220703125 -2.5634765625 2447850
1.8310546875 1.52587890625 -2.685546875 2447851
1.8310546875 1.52587890625 -2.685546875 2447852
1.8310546875 1.52587890625 -2.685546875 2447852
1.8310546875 1.52587890625 -2.685546875 2447863
1.953125 1.64794921875 -1.5869140625 2447948
1.953125 1.64794921875 -1.5869140625 2448051
-0.1220703125 0.8544921875 -2.13623046875 2448052
-0.1220703125 0.8544921875 -2.13623046875 2448053
-0.1220703125 0.8544921875 -2.13623046875 2448054
-0.1220703125 0.8544921875 -2.13623046875 2448055
-4.69970703125 6.2255859375 -2.25830078125 2448130
-4.69970703125 6.2255859375 -2.25830078125 2448242
-2.13623046875 1.28173828125 -6.89697265625 2448244
-2.13623046875 1.28173828125 -6.89697265625 2448245
-2.13623046875 1.28173828125 -6.89697265625 2448246
-2.13623046875 1.28173828125 -6.89697265625 2448247
-2.13623046875 1.28173828125 -6.89697265625 2448345
-3.90625 -7.32421875 -7.2021484375 2448346
-3.90625 -7.32421875 -7.2021484375 2448347
-3.90625 -7.32421875 -7.2021484375 2448348
-3.90625 -7.32421875 -7.2021484375 2448349
2.86865234375 -3.2958984375 -11.1083984375 2448447
2.86865234375 -3.2958984375 -11.1083984375 2448448
2.86865234375 -3.2958984375 -11.1083984375 2448449
2.86865234375 -3.2958984375 -11.1083984375 2448450
2.86865234375 -3.2958984375 -11.1083984375 2448551
6.34765625 -7.50732421875 -24.5361328125 2448552
6.34765625 -7.50732421875 -24.5361328125 2448553
6.34765625 -7.50732421875 -24.5361328125 2448554
6.34765625 -7.50732421875 -24.5361328125 2448568
6.34765625 -7.50732421875 -24.5361328125 2448653
11.474609375 -5.0048828125 -31.18896484375 2448654
11.474609375 -5.0048828125 -31.18896484375 2448655
11.474609375 -5.0048828125 -31.18896484375 2448656
11.474609375 -5.0048828125 -31.18896484375 2448657
13.5498046875 19.34814453125 -39.6728515625 2448731
13.5498046875 19.34814453125 -39.6728515625 2448860
31.06689453125 8.23974609375 -27.587890625 2448861
31.06689453125 8.23974609375 -27.587890625 2448862
31.06689453125 8.23974609375 -27.587890625 2448863
31.06689453125 8.23974609375 -27.587890625 2448864
31.06689453125 8.23974609375 -27.587890625 2448998
47.30224609375 85.99853515625 -33.0810546875 2448999
47.30224609375 85.99853515625 -33.0810546875 2449000
47.30224609375 85.99853515625 -33.0810546875 2449001
47.30224609375 85.99853515625 -33.0810546875 2449003
24.7802734375 72.69287109375 -15.56396484375 2449047
24.7802734375 72.69287109375 -15.56396484375 2449150
67.32177734375 208.49609375 -19.4091796875 2449151
67.32177734375 208.49609375 -19.4091796875 2449152
67.32177734375 208.49609375 -19.4091796875 2449153
67.32177734375 208.49609375 -19.4091796875 2449154
67.32177734375 208.49609375 -19.4091796875 2449257
42.05322265625 264.0380859375 -35.46142578125 2449258
42.05322265625 264.0380859375 -35.46142578125 2449259
42.05322265625 264.0380859375 -35.46142578125 2449260
42.05322265625 264.0380859375 -35.46142578125 2449261
14.5263671875 213.56201171875 -26.67236328125 2449330
14.5263671875 213.56201171875 -26.67236328125 2449445
-0.06103515625 184.75341796875 -17.08984375 2449447
-0.06103515625 184.75341796875 -17.08984375 2449448
-0.06103515625 184.75341796875 -17.08984375 2449449
-0.06103515625 184.75341796875 -17.08984375 2449451
13.73291015625 88.92822265625 -11.16943359375 2449544
13.73291015625 88.92822265625 -11.16943359375 2449638
7.01904296875 -46.44775390625 -12.87841796875 2449639
7.01904296875 -46.44775390625 -12.87841796875 2449640
7.01904296875 -46.44775390625 -12.87841796875 2449641
7.01904296875 -46.44775390625 -12.87841796875 2449641
7.01904296875 -46.44775390625 -12.87841796875 2449741
-16.7236328125 -310.11962890625 -45.5322265625 2449742
-16.7236328125 -310.11962890625 -45.5322265625 2449743
-16.7236328125 -310.11962890625 -45.5322265625 2449744
-16.7236328125 -310.11962890625 -45.5322265625 2449745
-16.7236328125 -310.11962890625 -45.5322265625 2449843
-31.1279296875 -321.10595703125 6.103515625 2449844
-31.1279296875 -321.10595703125 6.103515625 2449846
-31.1279296875 -321.10595703125 6.103515625 2449846
-31.1279296875 -321.10595703125 6.103515625 2449847
-31.1279296875 -321.10595703125 6.103515625 2449946
-17.578125 -378.662109375 -14.2822265625 2449947
-17.578125 -378.662109375 -14.2822265625 2449948
-17.578125 -378.662109375 -14.2822265625 2449949
-17.578125 -378.662109375 -14.2822265625 2449950
-8.97216796875 -277.587890625 52.8564453125 2450049
-8.97216796875 -277.587890625 52.8564453125 2450050
-8.97216796875 -277.587890625 52.8564453125 2450051
-8.97216796875 -277.587890625 52.8564453125 2450051
-8.97216796875 -277.587890625 52.8564453125 2450153
28.25927734375 -113.70849609375 53.5888671875 2450155
28.25927734375 -113.70849609375 53.5888671875 2450156
28.25927734375 -113.70849609375 53.5888671875 2450157
28.25927734375 -113.70849609375 53.5888671875 2450158
-0.67138671875 -52.91748046875 45.10498046875 2450233
-0.67138671875 -52.91748046875 45.10498046875 2450344
-5.79833984375 -8.11767578125 20.8740234375 2450346
-5.79833984375 -8.11767578125 20.8740234375 2450347
-5.79833984375 -8.11767578125 20.8740234375 2450348
-5.79833984375 -8.11767578125 20.8740234375 2450350
-5.79833984375 -8.11767578125 20.8740234375 2450448
-4.57763671875 1.220703125 20.3857421875 2450449
-4.57763671875 1.220703125 20.3857421875 2450450
-4.57763671875 1.220703125 20.3857421875 2450451
-4.57763671875 1.220703125 20.3857421875 2450452
-4.57763671875 1.220703125 20.3857421875 2450550
-3.7841796875 31.55517578125 13.427734375 2450551
-3.7841796875 31.55517578125 13.427734375 2450552
-3.7841796875 31.55517578125 13.427734375 2450553
-3.7841796875 31.55517578125 13.427734375 2450567
-3.7841796875 31.55517578125 13.427734375 2450652
-13.0615234375 5.31005859375 22.64404296875 2450653
-13.0615234375 5.31005859375 22.64404296875 2450654
-13.0615234375 5.31005859375 22.64404296875 2450656
-13.0615234375 5.31005859375 22.64404296875 2450657
-13.0615234375 5.31005859375 22.64404296875 2450763
6.7138671875 67.0166015625 -20.20263671875 2450765
6.7138671875 67.0166015625 -20.20263671875 2450766
6.7138671875 67.0166015625 -20.20263671875 2450769
6.7138671875 67.0166015625 -20.20263671875 2450770
-23.4375 39.48974609375 -14.58740234375 2450833
-23.4375 39.48974609375 -14.58740234375 2450961
10.009765625 8.97216796875 9.70458984375 2450963
10.009765625 8.97216796875 9.70458984375 2450964
10.009765625 8.97216796875 9.70458984375 2450965
10.009765625 8.97216796875 9.70458984375 2450966
12.02392578125 22.0947265625 7.01904296875 2451054
12.02392578125 22.0947265625 7.01904296875 2451151
4.08935546875 9.46044921875 -9.09423828125 2451167
4.08935546875 9.46044921875 -9.09423828125 2451168
4.08935546875 9.46044921875 -9.09423828125 2451169
4.08935546875 9.46044921875 -9.09423828125 2451170
4.08935546875 9.46044921875 -9.09423828125 2451254
8.7890625 0 -3.11279296875 2451255
7.87353515625 16.90673828125 -13.427734375 2451332
7.87353515625 16.90673828125 -13.427734375 2451334
7.87353515625 16.90673828125 -13.427734375 2451335
7.87353515625 16.90673828125 -13.427734375 2451335
7.87353515625 16.90673828125 -13.427734375 2451445
-3.47900390625 9.8876953125 -4.57763671875 2451446
-3.47900390625 9.8876953125 -4.57763671875 2451447
-3.47900390625 9.8876953125 -4.57763671875 2451448
-3.47900390625 9.8876953125 -4.57763671875 2451449
-3.47900390625 9.8876953125 -4.57763671875 2451547
3.72314453125 4.69970703125 -3.2958984375 2451548
3.72314453125 4.69970703125 -3.2958984375 2451549
3.72314453125 4.69970703125 -3.2958984375 2451550
3.72314453125 4.69970703125 -3.2958984375 2451551
4.5166015625 -6.9580078125 1.89208984375 2451675
4.5166015625 -6.9580078125 1.89208984375 2451677
4.5166015625 -6.9580078125 1.89208984375 2451677
4.5166015625 -6.9580078125 1.89208984375 2451678
4.5166015625 -6.9580078125 1.89208984375 2451754
-0.06103515625 5.67626953125 -2.13623046875 2451755
-0.06103515625 5.67626953125 -2.13623046875 2451857
2.86865234375 2.3193359375 -1.953125 2451858
2.86865234375 2.3193359375 -1.953125 2451859
2.86865234375 2.3193359375 -1.953125 2451861
2.86865234375 2.3193359375 -1.953125 2451862
0.79345703125 -0.06103515625 -3.41796875 2451933
0.79345703125 -0.06103515625 -3.41796875 2452044
1.46484375 -6.28662109375 2.9296875 2452045
1.46484375 -6.28662109375 2.9296875 2452046
1.46484375 -6.28662109375 2.9296875 2452048
1.46484375 -6.28662109375 2.9296875 2452049
1.46484375 -6.28662109375 2.9296875 2452161
-0.67138671875 3.2958984375 4.69970703125 2452162
-0.67138671875 3.2958984375 4.69970703125 2452163
-0.67138671875 3.2958984375 4.69970703125 2452165
-0.67138671875 3.2958984375 4.69970703125 2452166
9.21630859375 16.11328125 -0.54931640625 2452254
9.21630859375 16.11328125 -0.54931640625 2452351
19.59228515625 13.5498046875 -2.685546875 2452352
19.59228515625 13.5498046875 -2.685546875 2452353
19.59228515625 13.5498046875 -2.685546875 2452354
19.59228515625 13.5498046875 -2.685546875 2452356
19.59228515625 13.5498046875 -2.685546875 2452454
31.67724609375 37.53662109375 -7.75146484375 2452455
31.67724609375 37.53662109375 -7.75146484375 2452456
31.67724609375 37.53662109375 -7.75146484375 2452458
31.67724609375 37.53662109375 -7.75146484375 2452459
31.67724609375 37.53662109375 -7.75146484375 2452559
38.57421875 78.369140625 2.99072265625 2452560
38.57421875 78.369140625 2.99072265625 2452561
38.57421875 78.369140625 2.99072265625 2452562
38.57421875 78.369140625 2.99072265625 2452563
43.51806640625 120.9716796875 -4.2724609375 2452644
43.51806640625 120.9716796875 -4.2724609375 2452756
59.5703125 137.3291015625 -21.78955078125 2452757
59.5703125 137.3291015625 -21.78955078125 2452771
59.5703125 137.3291015625 -21.78955078125 2452774
59.5703125 137.3291015625 -21.78955078125 2452775
33.8134765625 81.23779296875 11.77978515625 2452839
33.8134765625 81.23779296875 11.77978515625 2452946
22.88818359375 78.55224609375 -1.708984375 2452947
22.88818359375 78.55224609375 -1.708984375 2452948
22.88818359375 78.55224609375 -1.708984375 2452949
22.88818359375 78.55224609375 -1.708984375 2452951
22.88818359375 78.55224609375 -1.708984375 2453049
19.4091796875 38.9404296875 1.15966796875 2453050
19.4091796875 38.9404296875 1.15966796875 2453051
19.4091796875 38.9404296875 1.15966796875 2453052
19.4091796875 38.9404296875 1.15966796875 2453052
-46.0205078125 -58.89892578125 -2.9296875 2453167
-46.0205078125 -58.89892578125 -2.9296875 2453168
-46.0205078125 -58.89892578125 -2.9296875 2453170
-46.0205078125 -58.89892578125 -2.9296875 2453171
-46.0205078125 -58.89892578125 -2.9296875 2453255
-60.24169921875 -122.86376953125 18.00537109375 2453256
-51.025390625 -104.91943359375 55.35888671875 2453333
-51.025390625 -104.91943359375 55.35888671875 2453335
-51.025390625 -104.91943359375 55.35888671875 2453336
-51.025390625 -104.91943359375 55.35888671875 2453336
-51.025390625 -104.91943359375 55.35888671875 2453461
-71.8994140625 -77.81982421875 13.916015625 2453462
-71.8994140625 -77.81982421875 13.916015625 2453463
-71.8994140625 -77.81982421875 13.916015625 2453465
-71.8994140625 -77.81982421875 13.916015625 2453466
-59.63134765625 -6.28662109375 -1.03759765625 2453547
-59.63134765625 -6.28662109375 -1.03759765625 2453650
-17.88330078125 -2.44140625 -8.6669921875 2453651
-17.88330078125 -2.44140625 -8.6669921875 2453652
-17.88330078125 -2.44140625 -8.6669921875 2453654
-17.88330078125 -2.44140625 -8.6669921875 2453655
-17.88330078125 -2.44140625 -8.6669921875 2453752
2.5634765625 -14.34326171875 -5.55419921875 2453776
2.5634765625 -14.34326171875 -5.55419921875 2453777
2.5634765625 -14.34326171875 -5.55419921875 2453778
2.5634765625 -14.34326171875 -5.55419921875 2453779
2.5634765625 -14.34326171875 -5.55419921875 2453855
12.63427734375 10.3759765625 -12.8173828125 2453856
12.63427734375 10.3759765625 -12.8173828125 2453957
-13.24462890625 7.62939453125 -13.12255859375 2453958
-13.24462890625 7.62939453125 -13.12255859375 2453959
-13.24462890625 7.62939453125 -13.12255859375 2453960
-13.24462890625 7.62939453125 -13.12255859375 2453960
-6.103515625 -0.1220703125 -10.1318359375 2454035
-6.103515625 -0.1220703125 -10.1318359375 2454148
-7.9345703125 7.62939453125 -6.9580078125 2454149
-7.9345703125 7.62939453125 -6.9580078125 2454169
-7.9345703125 7.62939453125 -6.9580078125 2454171
-7.9345703125 7.62939453125 -6.9580078125 2454172
-7.9345703125 7.62939453125 -6.9580078125 2454252
0.91552734375 -12.451171875 -2.99072265625 2454253
0.91552734375 -12.451171875 -2.99072265625 2454254
0.91552734375 -12.451171875 -2.99072265625 2454353
-1.03759765625 -1.03759765625 -5.06591796875 2454354
-1.03759765625 -1.03759765625 -5.06591796875 2454355
-1.03759765625 -1.03759765625 -5.06591796875 2454356
-1.03759765625 -1.03759765625 -5.06591796875 2454357
-1.03759765625 -1.03759765625 -5.06591796875 2454454
-8.11767578125 2.25830078125 -8.30078125 2454455
-8.11767578125 2.25830078125 -8.30078125 2454456
-8.11767578125 2.25830078125 -8.30078125 2454472
-8.11767578125 2.25830078125 -8.30078125 2454473
-8.11767578125 2.25830078125 -8.30078125 2454565
-3.84521484375 -2.5634765625 -5.31005859375 2454566
-3.84521484375 -2.5634765625 -5.31005859375 2454567
-3.84521484375 -2.5634765625 -5.31005859375 2454568
2.13623046875 -1.40380859375 -0.8544921875 2454652
2.13623046875 -1.40380859375 -0.8544921875 2454654
2.13623046875 -1.40380859375 -0.8544921875 2454753
-0.91552734375 -0.42724609375 -1.64794921875 2454754
-0.91552734375 -0.42724609375 -1.64794921875 2454755
-0.91552734375 -0.42724609375 -1.64794921875 2454756
-0.91552734375 -0.42724609375 -1.64794921875 2454758
-0.91552734375 -0.42724609375 -1.64794921875 2454856
-0.8544921875 -2.86865234375 -1.15966796875 2454857
-0.8544921875 -2.86865234375 -1.15966796875 2454858
-0.8544921875 -2.86865234375 -1.15966796875 2454859
-0.8544921875 -2.86865234375 -1.15966796875 2454860
-1.40380859375 -2.01416015625 -3.11279296875 2454935
-1.40380859375 -2.01416015625 -3.11279296875 2455046
-0.48828125 -0.8544921875 -5.37109375 2455047
-0.48828125 -0.8544921875 -5.37109375 2455048
-0.48828125 -0.8544921875 -5.37109375 2455049
-0.48828125 -0.8544921875 -5.37109375 2455050
-0.48828125 -0.8544921875 -5.37109375 2455164
-0.244140625 -1.708984375 -4.0283203125 2455166
-0.244140625 -1.708984375 -4.0283203125 2455167
-0.244140625 -1.708984375 -4.0283203125 2455168
-0.244140625 -1.708984375 -4.0283203125 2455169
-0.244140625 -0.91552734375 -3.84521484375 2455252
-0.244140625 -0.91552734375 -3.84521484375 2455354
-0.8544921875 0.3662109375 -2.5634765625 2455355
-0.8544921875 0.3662109375 -2.5634765625 2455356
-0.8544921875 0.3662109375 -2.5634765625 2455357
-0.8544921875 0.3662109375 -2.5634765625 2455358
-0.8544921875 0.3662109375 -2.5634765625 2455456
0.8544921875 1.28173828125 -3.23486328125 2455458
0.8544921875 1.28173828125 -3.23486328125 2455459
0.8544921875 1.28173828125 -3.23486328125 2455460
0.8544921875 1.28173828125 -3.23486328125 2455461
0.8544921875 1.28173828125 -3.23486328125 2455558
-0.91552734375 1.708984375 -2.8076171875 2455559
-0.91552734375 1.708984375 -2.8076171875 2455560
-0.91552734375 1.708984375 -2.8076171875 2455561
-0.91552734375 1.708984375 -2.8076171875 2455562
-3.2958984375 -1.03759765625 -3.60107421875 2455637
-3.2958984375 -1.03759765625 -3.60107421875 2455749
1.89208984375 -1.03759765625 0 2455750
1.89208984375 -1.03759765625 0 2455751
1.89208984375 -1.03759765625 0 2455752
1.89208984375 -1.03759765625 0 2455753
1.89208984375 -1.03759765625 0 2455851
1.220703125 -0.8544921875 -1.46484375 2455853
1.220703125 -0.8544921875 -1.46484375 2455854
1.220703125 -0.8544921875 -1.46484375 2455856
1.220703125 -0.8544921875 -1.46484375 2455857
1.220703125 -0.8544921875 -1.46484375 2455956
-2.0751953125 0.67138671875 -2.62451171875 2455957
-2.0751953125 0.67138671875 -2.62451171875 2455958
-2.0751953125 0.67138671875 -2.62451171875 2455958
-2.0751953125 0.67138671875 -2.62451171875 2455959
-2.01416015625 0.42724609375 -2.3193359375 2456050
-2.01416015625 0.42724609375 -2.3193359375 2456136
-1.15966796875 1.220703125 -1.40380859375 2456137
-1.15966796875 1.220703125 -1.40380859375 2456138
-1.15966796875 1.220703125 -1.40380859375 2456139
-1.15966796875 1.220703125 -1.40380859375 2456140
-1.15966796875 1.220703125 -1.40380859375 2456247
-2.25830078125 -1.220703125 -1.52587890625 2456248
-2.25830078125 -1.220703125 -1.52587890625 2456249
-2.25830078125 -1.220703125 -1.52587890625 2456251
-2.25830078125 -1.220703125 -1.52587890625 2456252
-2.25830078125 -1.220703125 -1.52587890625 2456354
-0.79345703125 -0.30517578125 -2.86865234375 2456355
-0.79345703125 -0.30517578125 -2.86865234375 2456356
-0.79345703125 -0.30517578125 -2.86865234375 2456357
-0.79345703125 -0.30517578125 -2.86865234375 2456357
1.77001953125 -0.18310546875 -1.3427734375 2456453
1.77001953125 -0.18310546875 -1.3427734375 2456556
-0.6103515625 1.28173828125 -1.64794921875 2456557
-0.6103515625 1.28173828125 -1.64794921875 2456558
-0.6103515625 1.28173828125 -1.64794921875 2456559
-0.6103515625 1.28173828125 -1.64794921875 2456577
-0.6103515625 1.28173828125 -1.64794921875 2456659
-0.1220703125 -0.79345703125 -1.28173828125 2456660
-0.1220703125 -0.79345703125 -1.28173828125 2456661
-0.1220703125 -0.79345703125 -1.28173828125 2456662
-0.1220703125 -0.79345703125 -1.28173828125 2456663
0.06103515625 0.48828125 -2.685546875 2456735
0.06103515625 0.48828125 -2.685546875 2456847
2.25830078125 -0.79345703125 0.30517578125 2456848
2.25830078125 -0.79345703125 0.30517578125 2456849
2.25830078125 -0.79345703125 0.30517578125 2456850
2.25830078125 -0.79345703125 0.30517578125 2456851
2.25830078125 -0.79345703125 0.30517578125 2456950
-2.0751953125 -1.77001953125 -2.01416015625 2456951
-2.0751953125 -1.77001953125 -2.01416015625 2456953
-2.0751953125 -1.77001953125 -2.01416015625 2456954
-2.0751953125 -1.77001953125 -2.01416015625 2456955
-2.0751953125 -1.77001953125 -2.01416015625 2457052
-6.9580078125 -3.41796875 -3.173828125 2457053
-6.9580078125 -3.41796875 -3.173828125 2457054
-6.9580078125 -3.41796875 -3.173828125 2457056
-6.9580078125 -3.41796875 -3.173828125 2457057
-6.9580078125 -3.41796875 -3.173828125 2457155
0 -2.62451171875 -0.67138671875 2457156
0 -2.62451171875 -0.67138671875 2457157
0 -2.62451171875 -0.67138671875 2457159
0 -2.62451171875 -0.67138671875 2457160
0 -2.62451171875 -0.67138671875 2457271
-3.23486328125 -2.50244140625 -2.44140625 2457272
-3.23486328125 -2.50244140625 -2.44140625 2457274
-3.23486328125 -2.50244140625 -2.44140625 2457275
-3.23486328125 -2.50244140625 -2.44140625 2457276
-1.52587890625 -1.64794921875 -0.91552734375 2457359
-1.52587890625 -1.64794921875 -0.91552734375 2457438
1.3427734375 -1.8310546875 -2.01416015625 2457439
1.3427734375 -1.8310546875 -2.01416015625 2457441
1.3427734375 -1.8310546875 -2.01416015625 2457442
1.3427734375 -1.8310546875 -2.01416015625 2457462
1.3427734375 -1.8310546875 -2.01416015625 2457551
-2.0751953125 -1.64794921875 -2.0751953125 2457552
-2.0751953125 -1.64794921875 -2.0751953125 2457553
-2.0751953125 -1.64794921875 -2.0751953125 2457554
-2.0751953125 -1.64794921875 -2.0751953125 2457555
-2.0751953125 -1.64794921875 -2.0751953125 2457652
-2.0751953125 1.0986328125 -1.5869140625 2457653
-2.0751953125 1.0986328125 -1.5869140625 2457655
-2.0751953125 1.0986328125 -1.5869140625 2457656
-2.0751953125 1.0986328125 -1.5869140625 2457657
-2.0751953125 1.0986328125 -1.5869140625 2457764
1.40380859375 2.44140625 -4.21142578125 2457765
1.40380859375 2.44140625 -4.21142578125 2457767
1.40380859375 2.44140625 -4.21142578125 2457768
1.40380859375 2.44140625 -4.21142578125 2457769
1.708984375 2.25830078125 -4.33349609375 2457851
1.708984375 2.25830078125 -4.33349609375 2457954
1.64794921875 2.8076171875 -3.11279296875 2457955
1.64794921875 2.8076171875 -3.11279296875 2457956
1.64794921875 2.8076171875 -3.11279296875 2457958
1.64794921875 2.8076171875 -3.11279296875 2457959
1.64794921875 2.8076171875 -3.11279296875 2458056
-1.0986328125 2.01416015625 -2.685546875 2458057
-1.0986328125 2.01416015625 -2.685546875 2458058
-1.0986328125 2.01416015625 -2.685546875 2458059
-1.0986328125 2.01416015625 -2.685546875 2458061
-1.0986328125 2.01416015625 -2.685546875 2458162
2.74658203125 1.8310546875 -1.708984375 2458163
2.74658203125 1.8310546875 -1.708984375 2458164
2.74658203125 1.8310546875 -1.708984375 2458165
2.74658203125 1.8310546875 -1.708984375 2458165
2.50244140625 1.77001953125 -3.662109375 2458240
2.50244140625 1.77001953125 -3.662109375 2458353
-0.48828125 2.38037109375 -4.45556640625 2458354
-0.48828125 2.38037109375 -4.45556640625 2458355
-0.48828125 2.38037109375 -4.45556640625 2458356
-0.48828125 2.38037109375 -4.45556640625 2458357
-0.48828125 2.38037109375 -4.45556640625 2458458
-1.40380859375 2.3193359375 -2.99072265625 2458460
-1.40380859375 2.3193359375 -2.99072265625 2458461
-1.40380859375 2.3193359375 -2.99072265625 2458462
-1.40380859375 2.3193359375 -2.99072265625 2458462
-1.52587890625 2.0751953125 -4.69970703125 2458557
-1.52587890625 2.0751953125 -4.69970703125 2458660
2.74658203125 2.25830078125 -2.25830078125 2458661
2.74658203125 2.25830078125 -2.25830078125 2458662
2.74658203125 2.25830078125 -2.25830078125 2458663
2.74658203125 2.25830078125 -2.25830078125 2458664
2.0751953125 2.62451171875 -2.86865234375 2458737
2.0751953125 2.62451171875 -2.86865234375 2458848
-0.42724609375 3.41796875 -3.0517578125 2458849
-0.42724609375 3.41796875 -3.0517578125 2458850
-0.42724609375 3.41796875 -3.0517578125 2458851
-0.42724609375 3.41796875 -3.0517578125 2458851
-0.42724609375 3.41796875 -3.0517578125 2458951
-1.46484375 -0.06103515625 -3.7841796875 2458952
-1.46484375 -0.06103515625 -3.7841796875 2458954
-1.46484375 -0.06103515625 -3.7841796875 2458955
-1.46484375 -0.06103515625 -3.7841796875 2458956
-1.46484375 -0.06103515625 -3.7841796875 2459054
-1.8310546875 0.9765625 -4.08935546875 2459055
-1.8310546875 0.9765625 -4.08935546875 2459078
-1.8310546875 0.9765625 -4.08935546875 2459079
-1.8310546875 0.9765625 -4.08935546875 2459080
-1.8310546875 0.9765625 -4.08935546875 2459156
0.18310546875 2.74658203125 -1.40380859375 2459157
0.18310546875 2.74658203125 -1.40380859375 2459158
0.18310546875 2.74658203125 -1.40380859375 2459258
0.79345703125 1.28173828125 -1.3427734375 2459259
0.79345703125 1.28173828125 -1.3427734375 2459260
0.79345703125 1.28173828125 -1.3427734375 2459261
0.79345703125 1.28173828125 -1.3427734375 2459263
0.79345703125 1.28173828125 -1.3427734375 2459360
-2.9296875 1.03759765625 -3.41796875 2459361
-2.9296875 1.03759765625 -3.41796875 2459362
-2.9296875 1.03759765625 -3.41796875 2459363
-2.9296875 1.03759765625 -3.41796875 2459364
-3.84521484375 0.67138671875 -1.77001953125 2459440
-3.84521484375 0.67138671875 -1.77001953125 2459551
-2.0751953125 2.685546875 -2.197265625 2459552
-2.0751953125 2.685546875 -2.197265625 2459553
-2.0751953125 2.685546875 -2.197265625 2459554
-2.0751953125 2.685546875 -2.197265625 2459555
-2.0751953125 2.685546875 -2.197265625 2459669
0 -0.8544921875 -2.44140625 2459670
0 -0.8544921875 -2.44140625 2459672
0 -0.8544921875 -2.44140625 2459673
0 -0.8544921875 -2.44140625 2459674
-0.3662109375 0.06103515625 -2.197265625 2459757
-0.3662109375 0.06103515625 -2.197265625 2459860
-3.84521484375 1.3427734375 -2.38037109375 2459877
-3.84521484375 1.3427734375 -2.38037109375 2459878
-3.84521484375 1.3427734375 -2.38037109375 2459879
-3.84521484375 1.3427734375 -2.38037109375 2459880
-3.60107421875 -0.48828125 -2.5634765625 2459939
-3.60107421875 -0.48828125 -2.5634765625 2460049
0.48828125 0.1220703125 -1.8310546875 2460050
0.48828125 0.1220703125 -1.8310546875 2460051
0.48828125 0.1220703125 -1.8310546875 2460053
0.48828125 0.1220703125 -1.8310546875 2460054
0.48828125 0.1220703125 -1.8310546875 2460152
-0.732421875 3.35693359375 -2.74658203125 2460153
-0.732421875 3.35693359375 -2.74658203125 2460154
-0.732421875 3.35693359375 -2.74658203125 2460155
-0.732421875 3.35693359375 -2.74658203125 2460156
-0.732421875 3.35693359375 -2.74658203125 2460263
-0.3662109375 1.64794921875 0.91552734375 2460264
-0.3662109375 1.64794921875 0.91552734375 2460265
-0.3662109375 1.64794921875 0.91552734375 2460266
-0.3662109375 1.64794921875 0.91552734375 2460267
3.35693359375 1.220703125 -0.8544921875 2460357
3.35693359375 1.220703125 -0.8544921875 2460459
4.5166015625 1.708984375 -2.685546875 2460460
4.5166015625 1.708984375 -2.685546875 2460461
4.5166015625 1.708984375 -2.685546875 2460462
4.5166015625 1.708984375 -2.685546875 2460463
-0.244140625 0.9765625 -2.0751953125 2460539
-0.244140625 0.9765625 -2.0751953125 2460649
0 1.77001953125 -2.5634765625 2460650
0 1.77001953125 -2.5634765625 2460652
0 1.77001953125 -2.5634765625 2460653
0 1.77001953125 -2.5634765625 2460656
0 1.77001953125 -2.5634765625 2460752
0.1220703125 -2.685546875 -5.31005859375 2460754
0.1220703125 -2.685546875 -5.31005859375 2460755
0.1220703125 -2.685546875 -5.31005859375 2460757
0.1220703125 -2.685546875 -5.31005859375 2460758
0.1220703125 -2.685546875 -5.31005859375 2460855
-3.173828125 -3.41796875 -7.99560546875 2460856
-3.173828125 -3.41796875 -7.99560546875 2460857
-3.173828125 -3.41796875 -7.99560546875 2460858
-3.173828125 -3.41796875 -7.99560546875 2460859
-3.173828125 -3.41796875 -7.99560546875 2460964
-5.31005859375 -3.35693359375 -6.04248046875 2460966
-5.31005859375 -3.35693359375 -6.04248046875 2460967
-5.31005859375 -3.35693359375 -6.04248046875 2460967
-5.31005859375 -3.35693359375 -6.04248046875 2460968
-2.685546875 -2.685546875 -13.48876953125 2461051
-2.685546875 -2.685546875 -13.48876953125 2461176
2.44140625 -4.638671875 -17.02880859375 2461178
2.44140625 -4.638671875 -17.02880859375 2461179
2.44140625 -4.638671875 -17.02880859375 2461180
2.44140625 -4.638671875 -17.02880859375 2461180
0.732421875 -6.8359375 -19.34814453125 2461256
0.732421875 -6.8359375 -19.34814453125 2461358
5.4931640625 -7.75146484375 -22.94921875 2461359
5.4931640625 -7.75146484375 -22.94921875 2461361
5.4931640625 -7.75146484375 -22.94921875 2461362
5.4931640625 -7.75146484375 -22.94921875 2461363
5.4931640625 -7.75146484375 -22.94921875 2461476
17.51708984375 -5.18798828125 -28.50341796875 2461477
17.51708984375 -5.18798828125 -28.50341796875 2461479
17.51708984375 -5.18798828125 -28.50341796875 2461480
17.51708984375 -5.18798828125 -28.50341796875 2461481
10.92529296875 -2.74658203125 -28.25927734375 2461539
10.92529296875 -2.74658203125 -28.25927734375 2461651
31.6162109375 12.20703125 -21.8505859375 2461652
31.6162109375 12.20703125 -21.8505859375 2461653
31.6162109375 12.20703125 -21.8505859375 2461654
31.6162109375 12.20703125 -21.8505859375 2461655
31.6162109375 12.20703125 -21.8505859375 2461760
30.70068359375 46.56982421875 -21.97265625 2461761
30.70068359375 46.56982421875 -21.97265625 2461762
30.70068359375 46.56982421875 -21.97265625 2461763
30.70068359375 46.56982421875 -21.97265625 2461765
55.0537109375 75.1953125 -18.9208984375 2461856
55.0537109375 75.1953125 -18.9208984375 2461958
53.22265625 222.0458984375 -42.3583984375 2461959
53.22265625 222.0458984375 -42.3583984375 2461960
53.22265625 222.0458984375 -42.3583984375 2461961
53.22265625 222.0458984375 -42.3583984375 2461975
53.22265625 222.0458984375 -42.3583984375 2462072
17.578125 396.1181640625 -29.052734375 2462073
17.578125 396.1181640625 -29.052734375 2462074
17.578125 396.1181640625 -29.052734375 2462075
17.578125 396.1181640625 -29.052734375 2462076
35.94970703125 285.58349609375 -29.1748046875 2462139
35.94970703125 285.58349609375 -29.1748046875 2462251
2.3193359375 262.8173828125 -15.625 2462252
2.3193359375 262.8173828125 -15.625 2462253
2.3193359375 262.8173828125 -15.625 2462254
2.3193359375 262.8173828125 -15.625 2462255
2.3193359375 262.8173828125 -15.625 2462360
12.8173828125 96.25244140625 18.06640625 2462361
12.8173828125 96.25244140625 18.06640625 2462362
12.8173828125 96.25244140625 18.06640625 2462363
12.8173828125 96.25244140625 18.06640625 2462364
12.8173828125 96.25244140625 18.06640625 2462490
11.41357421875 -213.31787109375 -30.94482421875 2462491
11.41357421875 -213.31787109375 -30.94482421875 2462492
11.41357421875 -213.31787109375 -30.94482421875 2462493
11.41357421875 -213.31787109375 -30.94482421875 2462494
-51.7578125 -488.34228515625 -10.3759765625 2462561
-51.7578125 -488.34228515625 -10.3759765625 2462669
-46.142578125 -394.83642578125 7.6904296875 2462670
-46.142578125 -394.83642578125 7.6904296875 2462671
-46.142578125 -394.83642578125 7.6904296875 2462672
-46.142578125 -394.83642578125 7.6904296875 2462673
-0.3662109375 -53.466796875 62.3779296875 2462741
-0.3662109375 -53.466796875 62.3779296875 2462872
2.0751953125 36.07177734375 38.57421875 2462927
2.0751953125 36.07177734375 38.57421875 2462928
2.0751953125 36.07177734375 38.57421875 2462929
2.0751953125 36.07177734375 38.57421875 2462930
17.63916015625 36.9873046875 27.89306640625 2462956
17.63916015625 36.9873046875 27.89306640625 2463058
7.14111328125 -22.94921875 27.34375 2463059
7.14111328125 -22.94921875 27.34375 2463060
7.14111328125 -22.94921875 27.34375 2463061
7.14111328125 -22.94921875 27.34375 2463062
7.14111328125 -22.94921875 27.34375 2463161
-3.11279296875 -5.2490234375 15.7470703125 2463162
-3.11279296875 -5.2490234375 15.7470703125 2463163
-3.11279296875 -5.2490234375 15.7470703125 2463164
-3.11279296875 -5.2490234375 15.7470703125 2463165
-3.11279296875 -5.2490234375 15.7470703125 2463267
9.82666015625 45.95947265625 -10.80322265625 2463268
9.82666015625 45.95947265625 -10.80322265625 2463269
9.82666015625 45.95947265625 -10.80322265625 2463271
9.82666015625 45.95947265625 -10.80322265625 2463272
2.5634765625 19.1650390625 -5.43212890625 2463341
2.5634765625 19.1650390625 -5.43212890625 2463452
-7.8125 9.521484375 -2.38037109375 2463477
-7.8125 9.521484375 -2.38037109375 2463478
-7.8125 9.521484375 -2.38037109375 2463480
-7.8125 9.521484375 -2.38037109375 2463482
-7.8125 9.521484375 -2.38037109375 2463567
12.39013671875 13.427734375 1.0986328125 2463568
13.671875 17.39501953125 2.44140625 2463657
13.671875 17.39501953125 2.44140625 2463658
13.671875 17.39501953125 2.44140625 2463659
13.671875 17.39501953125 2.44140625 2463661
13.671875 17.39501953125 2.44140625 2463759
-3.96728515625 11.962890625 -6.4697265625 2463761
-3.96728515625 11.962890625 -6.4697265625 2463761
-3.96728515625 11.962890625 -6.4697265625 2463762
-3.96728515625 11.962890625 -6.4697265625 2463763
-3.96728515625 11.962890625 -6.4697265625 2463862
5.79833984375 16.78466796875 -7.4462890625 2463863
5.79833984375 16.78466796875 -7.4462890625 2463864
5.79833984375 16.78466796875 -7.4462890625 2463865
5.79833984375 16.78466796875 -7.4462890625 2463866
5.615234375 19.8974609375 -6.04248046875 2463944
5.615234375 19.8974609375 -6.04248046875 2464496
29.4189453125 41.015625 -8.4228515625 2464497
29.4189453125 41.015625 -8.4228515625 2464498
29.4189453125 41.015625 -8.4228515625 2464499
29.4189453125 41.015625 -8.4228515625 2464500
42.17529296875 61.58447265625 -8.48388671875 2464501
-13.48876953125 -7.50732421875 -12.63427734375 2464502
-51.45263671875 -115.41748046875 46.44775390625 2464503
-52.1240234375 -88.134765625 50.96435546875 2464504
-90.576171875 -92.8955078125 39.6728515625 2464562
-90.576171875 -92.8955078125 39.6728515625 2464655
-56.2744140625 -36.0107421875 3.5400390625 2464656
-56.2744140625 -36.0107421875 3.5400390625 2464657
-56.2744140625 -36.0107421875 3.5400390625 2464658
-56.2744140625 -36.0107421875 3.5400390625 2464660
-56.2744140625 -36.0107421875 3.5400390625 2464760
-15.5029296875 15.56396484375 -13.24462890625 2464761
-15.5029296875 15.56396484375 -13.24462890625 2464762
-15.5029296875 15.56396484375 -13.24462890625 2464763
-15.5029296875 15.56396484375 -13.24462890625 2464763
-2.5634765625 13.85498046875 -13.7939453125 2464854
-2.5634765625 13.85498046875 -13.7939453125 2464956
-10.31494140625 19.47021484375 -13.48876953125 2464957
-10.31494140625 19.47021484375 -13.48876953125 2464958
-10.31494140625 19.47021484375 -13.48876953125 2464959
-10.31494140625 19.47021484375 -13.48876953125 2464960
-10.31494140625 19.47021484375 -13.48876953125 2465058
-9.8876953125 11.65771484375 -8.48388671875 2465059
-9.8876953125 11.65771484375 -8.48388671875 2465060
-9.8876953125 11.65771484375 -8.48388671875 2465061
-9.8876953125 11.65771484375 -8.48388671875 2465063
-9.8876953125 11.65771484375 -8.48388671875 2465175
-10.55908203125 4.45556640625 -10.7421875 2465177
-10.55908203125 4.45556640625 -10.7421875 2465178
-10.55908203125 4.45556640625 -10.7421875 2465179
-10.55908203125 4.45556640625 -10.7421875 2465180
-11.962890625 -6.34765625 -3.2958984375 2465266
-11.962890625 -6.34765625 -3.2958984375 2465341
-6.89697265625 -3.173828125 -3.11279296875 2465343
-6.89697265625 -3.173828125 -3.11279296875 2465344
-6.89697265625 -3.173828125 -3.11279296875 2465346
-6.89697265625 -3.173828125 -3.11279296875 2465347
-6.89697265625 -3.173828125 -3.11279296875 2465453
-3.23486328125 -2.5634765625 2.86865234375 2465454
-3.23486328125 -2.5634765625 2.86865234375 2465455
-3.23486328125 -2.5634765625 2.86865234375 2465456
-3.23486328125 -2.5634765625 2.86865234375 2465457
-3.23486328125 -2.5634765625 2.86865234375 2465560
-1.40380859375 3.41796875 -0.79345703125 2465562
-1.40380859375 3.41796875 -0.79345703125 2465562
-1.40380859375 3.41796875 -0.79345703125 2465572
-1.40380859375 3.41796875 -0.79345703125 2465573
-1.28173828125 3.2958984375 -5.55419921875 2465658
-1.28173828125 3.2958984375 -5.55419921875 2465761
-4.0283203125 -0.6103515625 -5.43212890625 2465775
-4.0283203125 -0.6103515625 -5.43212890625 2465776
-4.0283203125 -0.6103515625 -5.43212890625 2465778
-4.0283203125 -0.6103515625 -5.43212890625 2465779
-4.0283203125 -0.6103515625 -5.43212890625 2465889
-0.1220703125 4.82177734375 -5.37109375 2465890
-0.1220703125 4.82177734375 -5.37109375 2465892
-0.1220703125 4.82177734375 -5.37109375 2465893
-0.1220703125 4.82177734375 -5.37109375 2465894
-0.6103515625 0.9765625 -3.0517578125 2465965
-0.6103515625 0.9765625 -3.0517578125 2466044
0.6103515625 -0.54931640625 -3.11279296875 2466046
0.6103515625 -0.54931640625 -3.11279296875 2466047
0.6103515625 -0.54931640625 -3.11279296875 2466048
0.6103515625 -0.54931640625 -3.11279296875 2466050
0.6103515625 -0.54931640625 -3.11279296875 2466161
0.1220703125 0.54931640625 -1.708984375 2466162
0.1220703125 0.54931640625 -1.708984375 2466164
0.1220703125 0.54931640625 -1.708984375 2466165
0.1220703125 0.54931640625 -1.708984375 2466191
-0.91552734375 1.89208984375 -2.01416015625 2466260
-0.91552734375 1.89208984375 -2.01416015625 2466362
-0.30517578125 -0.79345703125 -0.91552734375 2466363
-0.30517578125 -0.79345703125 -0.91552734375 2466364
-0.30517578125 -0.79345703125 -0.91552734375 2466365
-0.30517578125 -0.79345703125 -0.91552734375 2466366
-0.30517578125 -0.79345703125 -0.91552734375 2466466
4.638671875 1.953125 -1.03759765625 2466467
4.638671875 1.953125 -1.03759765625 2466469
4.638671875 1.953125 -1.03759765625 2466470
4.638671875 1.953125 -1.03759765625 2466471
0.30517578125 2.3193359375 -3.5400390625 2466544
0.30517578125 2.3193359375 -3.5400390625 2466655
2.44140625 2.38037109375 -2.99072265625 2466656
2.44140625 2.38037109375 -2.99072265625 2466657
2.44140625 2.38037109375 -2.99072265625 2466659
2.44140625 2.38037109375 -2.99072265625 2466660
2.44140625 2.38037109375 -2.99072265625 2466771
1.03759765625 0 -2.62451171875 2466773
1.03759765625 0 -2.62451171875 2466774
1.03759765625 0 -2.62451171875 2466775
1.03759765625 0 -2.62451171875 2466776
-3.11279296875 -1.953125 -1.03759765625 2466859
-3.11279296875 -1.953125 -1.03759765625 2466963
-3.173828125 0.48828125 -1.3427734375 2466964
-3.173828125 0.48828125 -1.3427734375 2466966
-3.173828125 0.48828125 -1.3427734375 2466978
-3.173828125 0.48828125 -1.3427734375 2466979
-3.173828125 0.48828125 -1.3427734375 2467065
0.48828125 -1.0986328125 -1.77001953125 2467067
0.48828125 -1.0986328125 -1.77001953125 2467068
0.48828125 -1.0986328125 -1.77001953125 2467069
-0.244140625 -0.732421875 -2.0751953125 2467143
-0.244140625 -0.732421875 -2.0751953125 2467144
-0.244140625 -0.732421875 -2.0751953125 2467254
-2.74658203125 -1.28173828125 -0.9765625 2467255
-2.74658203125 -1.28173828125 -0.9765625 2467256
-2.74658203125 -1.28173828125 -0.9765625 2467258
-2.74658203125 -1.28173828125 -0.9765625 2467259
-2.74658203125 -1.28173828125 -0.9765625 2467369
-1.89208984375 -1.03759765625 -0.54931640625 2467370
-1.89208984375 -1.03759765625 -0.54931640625 2467371
-1.89208984375 -1.03759765625 -0.54931640625 2467372
-1.89208984375 -1.03759765625 -0.54931640625 2467373
-4.69970703125 -2.5634765625 -3.2958984375 2467451
-4.69970703125 -2.5634765625 -3.2958984375 2467553
0.9765625 -1.64794921875 -3.84521484375 2467568
0.9765625 -1.64794921875 -3.84521484375 2467569
0.9765625 -1.64794921875 -3.84521484375 2467571
0.9765625 -1.64794921875 -3.84521484375 2467572
0.9765625 -1.64794921875 -3.84521484375 2467659
2.62451171875 0.42724609375 -0.42724609375 2467660
2.62451171875 0.42724609375 -0.42724609375 2467782
-3.662109375 -0.91552734375 -3.2958984375 2467783
-3.662109375 -0.91552734375 -3.2958984375 2467784
-3.662109375 -0.91552734375 -3.2958984375 2467785
-3.662109375 -0.91552734375 -3.2958984375 2467787
-2.01416015625 -1.708984375 -4.2724609375 2467861
-2.01416015625 -1.708984375 -4.2724609375 2467982
-1.64794921875 -1.46484375 -6.34765625 2467984
-1.64794921875 -1.46484375 -6.34765625 2467985
-1.64794921875 -1.46484375 -6.34765625 2467986
-1.64794921875 -1.46484375 -6.34765625 2467988
0.244140625 -2.38037109375 -6.103515625 2468067
0.244140625 -2.38037109375 -6.103515625 2468145
-2.50244140625 -0.8544921875 -13.5498046875 2468146
-2.50244140625 -0.8544921875 -13.5498046875 2468147
-2.50244140625 -0.8544921875 -13.5498046875 2468147
-2.50244140625 -0.8544921875 -13.5498046875 2468148
-2.50244140625 -0.8544921875 -13.5498046875 2468262
7.080078125 -1.28173828125 -7.080078125 2468264
7.080078125 -1.28173828125 -7.080078125 2468265
7.080078125 -1.28173828125 -7.080078125 2468266
7.080078125 -1.28173828125 -7.080078125 2468269
0.9765625 -7.8125 -7.01904296875 2468358
0.9765625 -7.8125 -7.01904296875 2468460
-4.5166015625 -12.02392578125 -5.18798828125 2468461
-4.5166015625 -12.02392578125 -5.18798828125 2468462
-4.5166015625 -12.02392578125 -5.18798828125 2468462
-4.5166015625 -12.02392578125 -5.18798828125 2468491
-4.5166015625 -12.02392578125 -5.18798828125 2468567
-7.26318359375 -9.765625 -0.3662109375 2468568
-7.26318359375 -9.765625 -0.3662109375 2468569
-7.26318359375 -9.765625 -0.3662109375 2468570
-7.26318359375 -9.765625 -0.3662109375 2468571
-7.26318359375 -9.765625 -0.3662109375 2468680
8.60595703125 -8.11767578125 -12.3291015625 2468681
8.60595703125 -8.11767578125 -12.3291015625 2468682
8.60595703125 -8.11767578125 -12.3291015625 2468683
8.60595703125 -8.11767578125 -12.3291015625 2468684
8.72802734375 3.11279296875 -22.52197265625 2468744
8.72802734375 3.11279296875 -22.52197265625 2468859
-0.1220703125 5.0048828125 -11.8408203125 2468861
-0.1220703125 5.0048828125 -11.8408203125 2468862
-0.1220703125 5.0048828125 -11.8408203125 2468863
-0.1220703125 5.0048828125 -11.8408203125 2468887
-5.18798828125 1.89208984375 -4.94384765625 2468958
-5.18798828125 1.89208984375 -4.94384765625 2469061
-0.3662109375 3.11279296875 -3.60107421875 2469062
-0.3662109375 3.11279296875 -3.60107421875 2469063
-0.3662109375 3.11279296875 -3.60107421875 2469064
-0.3662109375 3.11279296875 -3.60107421875 2469065
-0.3662109375 3.11279296875 -3.60107421875 2469166
1.89208984375 5.2490234375 -0.18310546875 2469167
1.89208984375 5.2490234375 -0.18310546875 2469168
1.89208984375 5.2490234375 -0.18310546875 2469169
1.89208984375 5.2490234375 -0.18310546875 2469170
1.89208984375 5.2490234375 -0.18310546875 2469296
0.1220703125 3.96728515625 -1.220703125 2469298
0.1220703125 3.96728515625 -1.220703125 2469299
0.1220703125 3.96728515625 -1.220703125 2469300
0.1220703125 3.96728515625 -1.220703125 2469300
-6.2255859375 3.662109375 -1.64794921875 2469346
-6.2255859375 3.662109375 -1.64794921875 2469472
-1.708984375 -1.0986328125 4.2724609375 2469473
-1.708984375 -1.0986328125 4.2724609375 2469474
-1.708984375 -1.0986328125 4.2724609375 2469475
-1.708984375 -1.0986328125 4.2724609375 2469476
4.39453125 1.3427734375 11.77978515625 2469559
4.39453125 1.3427734375 11.77978515625 2469663
2.13623046875 1.64794921875 11.04736328125 2469664
2.13623046875 1.64794921875 11.04736328125 2469665
2.13623046875 1.64794921875 11.04736328125 2469667
2.13623046875 1.64794921875 11.04736328125 2469668
2.13623046875 1.64794921875 11.04736328125 2469769
-5.43212890625 -1.5869140625 8.7890625 2469780
-5.43212890625 -1.5869140625 8.7890625 2469782
-5.43212890625 -1.5869140625 8.7890625 2469783
-5.43212890625 -1.5869140625 8.7890625 2469784
-5.7373046875 4.2724609375 5.18798828125 2469868
-5.7373046875 4.2724609375 5.18798828125 2469946
-7.568359375 2.01416015625 2.3193359375 2469975
-7.568359375 2.01416015625 2.3193359375 2469976
-7.568359375 2.01416015625 2.3193359375 2469977
-7.568359375 2.01416015625 2.3193359375 2469979
-7.568359375 2.01416015625 2.3193359375 2470057
-6.40869140625 6.89697265625 7.8125 2470058
-6.40869140625 6.89697265625 7.8125 2470160
-2.25830078125 3.90625 3.2958984375 2470161
-2.25830078125 3.90625 3.2958984375 2470162
-2.25830078125 3.90625 3.2958984375 2470163
-2.25830078125 3.90625 3.2958984375 2470164
-2.25830078125 3.90625 3.2958984375 2470262
-5.615234375 2.44140625 1.3427734375 2470263
-5.615234375 2.44140625 1.3427734375 2470264
-5.615234375 2.44140625 1.3427734375 2470265
-5.615234375 2.44140625 1.3427734375 2470266
-5.615234375 2.44140625 1.3427734375 2470375
-3.84521484375 2.0751953125 0.732421875 2470393
-3.84521484375 2.0751953125 0.732421875 2470394
-3.84521484375 2.0751953125 0.732421875 2470395
-3.84521484375 2.0751953125 0.732421875 2470396
-4.08935546875 -0.06103515625 -3.60107421875 2470467
-4.08935546875 -0.06103515625 -3.60107421875 2470560
-0.3662109375 0.30517578125 -2.74658203125 2470562
-0.3662109375 0.30517578125 -2.74658203125 2470563
-0.3662109375 0.30517578125 -2.74658203125 2470564
-0.3662109375 0.30517578125 -2.74658203125 2470565
-0.3662109375 0.30517578125 -2.74658203125 2470694
2.0751953125 0.48828125 1.3427734375 2470695
2.0751953125 0.48828125 1.3427734375 2470696
2.0751953125 0.48828125 1.3427734375 2470697
2.0751953125 0.48828125 1.3427734375 2470698
-0.91552734375 0.67138671875 0.732421875 2470756
-0.91552734375 0.67138671875 0.732421875 2470860
-1.0986328125 -2.9296875 -4.33349609375 2470861
-1.0986328125 -2.9296875 -4.33349609375 2470862
-1.0986328125 -2.9296875 -4.33349609375 2470863
-1.0986328125 -2.9296875 -4.33349609375 2470864
-1.0986328125 -2.9296875 -4.33349609375 2470962
-0.244140625 4.82177734375 -5.43212890625 2470963
-0.244140625 4.82177734375 -5.43212890625 2470986
-0.244140625 4.82177734375 -5.43212890625 2470987
-0.244140625 4.82177734375 -5.43212890625 2470988
-0.244140625 4.82177734375 -5.43212890625 2471064
2.13623046875 2.5634765625 -2.3193359375 2471065
2.13623046875 2.5634765625 -2.3193359375 2471067
2.13623046875 2.5634765625 -2.3193359375 2471181
-2.99072265625 -0.1220703125 -5.18798828125 2471183
-2.99072265625 -0.1220703125 -5.18798828125 2471184
-2.99072265625 -0.1220703125 -5.18798828125 2471185
-2.99072265625 -0.1220703125 -5.18798828125 2471186
-2.13623046875 3.60107421875 -2.62451171875 2471248
-2.13623046875 3.60107421875 -2.62451171875 2471359
-2.38037109375 4.33349609375 0.3662109375 2471360
-2.38037109375 4.33349609375 0.3662109375 2471361
-2.38037109375 4.33349609375 0.3662109375 2471362
-2.38037109375 4.33349609375 0.3662109375 2471363
-2.38037109375 4.33349609375 0.3662109375 2471476
-1.89208984375 0.30517578125 -0.06103515625 2471477
-1.89208984375 0.30517578125 -0.06103515625 2471478
-1.89208984375 0.30517578125 -0.06103515625 2471479
-1.89208984375 0.30517578125 -0.06103515625 2471481
-1.953125 -2.44140625 -0.18310546875 2471569
-1.953125 -2.44140625 -0.18310546875 2471681
0.06103515625 -1.52587890625 -2.44140625 2471683
0.06103515625 -1.52587890625 -2.44140625 2471684
0.06103515625 -1.52587890625 -2.44140625 2471685
0.06103515625 -1.52587890625 -2.44140625 2471686
2.8076171875 1.5869140625 -2.13623046875 2471769
2.8076171875 1.5869140625 -2.13623046875 2471846
0.91552734375 -1.28173828125 -3.173828125 2471847
0.91552734375 -1.28173828125 -3.173828125 2471848
0.91552734375 -1.28173828125 -3.173828125 2471849
0.91552734375 -1.28173828125 -3.173828125 2471850
0.91552734375 -1.28173828125 -3.173828125 2471959
0.54931640625 0.54931640625 -5.55419921875 2471960
0.54931640625 0.54931640625 -5.55419921875 2471961
0.54931640625 0.54931640625 -5.55419921875 2471974
0.54931640625 0.54931640625 -5.55419921875 2471975
0.54931640625 0.54931640625 -5.55419921875 2472061
0.42724609375 1.8310546875 -6.89697265625 2472062
0.42724609375 1.8310546875 -6.89697265625 2472063
0.42724609375 1.8310546875 -6.89697265625 2472064
0.42724609375 1.8310546875 -6.89697265625 2472167
3.47900390625 2.685546875 -5.67626953125 2472168
3.47900390625 2.685546875 -5.67626953125 2472169
3.47900390625 2.685546875 -5.67626953125 2472170
3.47900390625 2.685546875 -5.67626953125 2472171
-4.21142578125 -0.79345703125 -3.662109375 2472266
-4.21142578125 -0.79345703125 -3.662109375 2472368
-0.30517578125 1.8310546875 -1.953125 2472369
-0.30517578125 1.8310546875 -1.953125 2472370
-0.30517578125 1.8310546875 -1.953125 2472371
-0.30517578125 1.8310546875 -1.953125 2472372
1.953125 -1.0986328125 -0.67138671875 2472459
1.953125 -1.0986328125 -0.67138671875 2472563
-3.0517578125 0.67138671875 -3.23486328125 2472564
-3.0517578125 0.67138671875 -3.23486328125 2472565
-3.0517578125 0.67138671875 -3.23486328125 2472566
-3.0517578125 0.67138671875 -3.23486328125 2472567
-3.0517578125 0.67138671875 -3.23486328125 2472686
-0.18310546875 0.30517578125 -0.8544921875 2472687
-0.18310546875 0.30517578125 -0.8544921875 2472688
-0.18310546875 0.30517578125 -0.8544921875 2472689
-0.18310546875 0.30517578125 -0.8544921875 2472690
1.8310546875 0.91552734375 -0.6103515625 2472772
1.8310546875 0.91552734375 -0.6103515625 2472870
-0.9765625 0 -1.52587890625 2472871
-0.9765625 0 -1.52587890625 2472872
-0.9765625 0 -1.52587890625 2472874
-0.9765625 0 -1.52587890625 2472875
1.15966796875 1.220703125 -1.708984375 2472948
1.15966796875 1.220703125 -1.708984375 2473060
-0.06103515625 0.732421875 0.3662109375 2473062
-0.06103515625 0.732421875 0.3662109375 2473063
-0.06103515625 0.732421875 0.3662109375 2473064
-0.06103515625 0.732421875 0.3662109375 2473065
-0.06103515625 0.732421875 0.3662109375 2473162
0.54931640625 2.25830078125 -1.8310546875 2473163
0.54931640625 2.25830078125 -1.8310546875 2473164
0.54931640625 2.25830078125 -1.8310546875 2473171
0.54931640625 2.25830078125 -1.8310546875 2473172
0.54931640625 2.25830078125 -1.8310546875 2473265
0.6103515625 1.15966796875 -2.8076171875 2473266
0.6103515625 1.15966796875 -2.8076171875 2473267
0.6103515625 1.15966796875 -2.8076171875 2473268
0.6103515625 1.15966796875 -2.8076171875 2473371
-2.62451171875 1.40380859375 -4.82177734375 2473372
-2.62451171875 1.40380859375 -4.82177734375 2473373
-2.62451171875 1.40380859375 -4.82177734375 2473374
-2.62451171875 1.40380859375 -4.82177734375 2473375
0.91552734375 3.23486328125 -5.7373046875 2473469
0.91552734375 3.23486328125 -5.7373046875 2473548
-1.5869140625 -1.64794921875 -4.94384765625 2473549
-1.5869140625 -1.64794921875 -4.94384765625 2473550
-1.5869140625 -1.64794921875 -4.94384765625 2473552
-1.5869140625 -1.64794921875 -4.94384765625 2473553
-1.5869140625 -1.64794921875 -4.94384765625 2473663
-0.3662109375 -0.42724609375 -8.30078125 2473665
-0.3662109375 -0.42724609375 -8.30078125 2473665
-0.3662109375 -0.42724609375 -8.30078125 2473666
-0.3662109375 -0.42724609375 -8.30078125 2473667
-0.3662109375 -0.42724609375 -8.30078125 2473764
-3.35693359375 -8.1787109375 -19.6533203125 2473765
-3.35693359375 -8.1787109375 -19.6533203125 2473767
-3.35693359375 -8.1787109375 -19.6533203125 2473768
-3.35693359375 -8.1787109375 -19.6533203125 2473769
4.5166015625 -9.46044921875 -25.87890625 2473851
4.5166015625 -9.46044921875 -25.87890625 2473977
11.41357421875 -9.82666015625 -32.89794921875 2473979
11.41357421875 -9.82666015625 -32.89794921875 2473980
11.41357421875 -9.82666015625 -32.89794921875 2473981
11.41357421875 -9.82666015625 -32.89794921875 2473982
15.9912109375 -9.21630859375 -36.865234375 2474064
15.9912109375 -9.21630859375 -36.865234375 2474169
57.0068359375 34.24072265625 -32.65380859375 2474171
57.0068359375 34.24072265625 -32.65380859375 2474172
57.0068359375 34.24072265625 -32.65380859375 2474173
57.0068359375 34.24072265625 -32.65380859375 2474174
57.0068359375 34.24072265625 -32.65380859375 2474271
72.021484375 101.37939453125 -40.52734375 2474272
72.021484375 101.37939453125 -40.52734375 2474273
72.021484375 101.37939453125 -40.52734375 2474274
72.021484375 101.37939453125 -40.52734375 2474275
43.64013671875 164.1845703125 -49.8046875 2474351
43.64013671875 164.1845703125 -49.8046875 2474505
55.48095703125 325.86669921875 -42.1142578125 2474507
55.48095703125 325.86669921875 -42.1142578125 2474508
55.48095703125 325.86669921875 -42.1142578125 2474509
55.48095703125 325.86669921875 -42.1142578125 2474510
52.18505859375 305.2978515625 -45.7763671875 2474570
52.18505859375 305.2978515625 -45.7763671875 2474669
45.166015625 315.12451171875 -19.71435546875 2474670
45.166015625 315.12451171875 -19.71435546875 2474671
45.166015625 315.12451171875 -19.71435546875 2474673
45.166015625 315.12451171875 -19.71435546875 2474674
45.166015625 315.12451171875 -19.71435546875 2474788
-4.45556640625 170.0439453125 -2.50244140625 2474789
-4.45556640625 170.0439453125 -2.50244140625 2474790
-4.45556640625 170.0439453125 -2.50244140625 2474791
-4.45556640625 170.0439453125 -2.50244140625 2474792
-19.775390625 -133.1787109375 -10.92529296875 2474852
-19.775390625 -133.1787109375 -10.92529296875 2474963
-16.6015625 -496.64306640625 -1.220703125 2474964
-16.6015625 -496.64306640625 -1.220703125 2474965
-16.6015625 -496.64306640625 -1.220703125 2474966
-16.6015625 -496.64306640625 -1.220703125 2474967
-16.6015625 -496.64306640625 -1.220703125 2475065
-79.89501953125 -577.5146484375 15.68603515625 2475066
-79.89501953125 -577.5146484375 15.68603515625 2475067
-79.89501953125 -577.5146484375 15.68603515625 2475068
-79.89501953125 -577.5146484375 15.68603515625 2475070
-79.89501953125 -577.5146484375 15.68603515625 2475169
22.64404296875 -106.14013671875 57.2509765625 2475171
22.64404296875 -106.14013671875 57.2509765625 2475172
22.64404296875 -106.14013671875 57.2509765625 2475173
22.64404296875 -106.14013671875 57.2509765625 2475174
22.64404296875 -106.14013671875 57.2509765625 2475271
-29.96826171875 -55.35888671875 66.83349609375 2475272
-29.96826171875 -55.35888671875 66.83349609375 2475273
-29.96826171875 -55.35888671875 66.83349609375 2475274
-29.96826171875 -55.35888671875 66.83349609375 2475275
-29.96826171875 -55.35888671875 66.83349609375 2475432
13.5498046875 -1.5869140625 41.6259765625 2475433
13.5498046875 -1.5869140625 41.6259765625 2475434
13.5498046875 -1.5869140625 41.6259765625 2475434
13.5498046875 -1.5869140625 41.6259765625 2475435
21.8505859375 34.912109375 18.85986328125 2475466
21.8505859375 34.912109375 18.85986328125 2475570
14.22119140625 49.6826171875 -12.39013671875 2475571
14.22119140625 49.6826171875 -12.39013671875 2475572
14.22119140625 49.6826171875 -12.39013671875 2475573
14.22119140625 49.6826171875 -12.39013671875 2475574
14.22119140625 49.6826171875 -12.39013671875 2475678
3.47900390625 42.66357421875 -0.67138671875 2475681
3.47900390625 42.66357421875 -0.67138671875 2475682
3.47900390625 42.66357421875 -0.67138671875 2475683
3.47900390625 42.66357421875 -0.67138671875 2475685
2.50244140625 54.62646484375 -3.2958984375 2475768
2.50244140625 54.62646484375 -3.2958984375 2475870
0 15.7470703125 4.7607421875 2475871
0 15.7470703125 4.7607421875 2475872
0 15.7470703125 4.7607421875 2475873
0 15.7470703125 4.7607421875 2475874
0 15.7470703125 4.7607421875 2475973
-2.9296875 5.615234375 5.9814453125 2476003
-2.9296875 5.615234375 5.9814453125 2476004
-2.9296875 5.615234375 5.9814453125 2476005
-2.9296875 5.615234375 5.9814453125 2476006
-9.58251953125 3.173828125 -2.25830078125 2476052
-9.58251953125 3.173828125 -2.25830078125 2476178
-1.89208984375 -0.244140625 -0.3662109375 2476180
-1.89208984375 -0.244140625 -0.3662109375 2476204
-1.89208984375 -0.244140625 -0.3662109375 2476214
-1.89208984375 -0.244140625 -0.3662109375 2476215
-4.150390625 7.2021484375 -0.8544921875 2476265
-4.150390625 7.2021484375 -0.8544921875 2476368
-1.77001953125 0.18310546875 -4.8828125 2476369
-1.77001953125 0.18310546875 -4.8828125 2476370
-1.77001953125 0.18310546875 -4.8828125 2476372
-1.77001953125 0.18310546875 -4.8828125 2476373
-1.77001953125 0.18310546875 -4.8828125 2476476
-1.52587890625 10.43701171875 -5.126953125 2476477
-1.52587890625 10.43701171875 -5.126953125 2476478
-1.52587890625 10.43701171875 -5.126953125 2476479
-1.52587890625 10.43701171875 -5.126953125 2476480
1.5869140625 15.68603515625 1.46484375 2476573
1.5869140625 15.68603515625 1.46484375 2476652
18.5546875 34.11865234375 7.99560546875 2476653
18.5546875 34.11865234375 7.99560546875 2476654
18.5546875 34.11865234375 7.99560546875 2476655
18.5546875 34.11865234375 7.99560546875 2476656
18.5546875 34.11865234375 7.99560546875 2476763
32.28759765625 46.142578125 3.0517578125 2476764
32.28759765625 46.142578125 3.0517578125 2476765
32.28759765625 46.142578125 3.0517578125 2476767
32.28759765625 46.142578125 3.0517578125 2476768
32.28759765625 46.142578125 3.0517578125 2476865
11.1083984375 28.13720703125 0.79345703125 2476866
11.1083984375 28.13720703125 0.79345703125 2476867
11.1083984375 28.13720703125 0.79345703125 2476868
11.1083984375 28.13720703125 0.79345703125 2476869
3.173828125 18.5546875 -4.57763671875 2476968
3.173828125 18.5546875 -4.57763671875 2476969
3.173828125 18.5546875 -4.57763671875 2476970
3.173828125 18.5546875 -4.57763671875 2476971
3.173828125 18.5546875 -4.57763671875 2477052
-2.0751953125 6.2255859375 -4.150390625 2477054
-2.0751953125 6.2255859375 -4.150390625 2477163
-2.8076171875 4.33349609375 -3.90625 2477164
-2.8076171875 4.33349609375 -3.90625 2477165
-2.8076171875 4.33349609375 -3.90625 2477166
-2.8076171875 4.33349609375 -3.90625 2477167
-2.8076171875 4.33349609375 -3.90625 2477266
8.97216796875 22.5830078125 -2.9296875 2477267
8.97216796875 22.5830078125 -2.9296875 2477268
8.97216796875 22.5830078125 -2.9296875 2477270
8.97216796875 22.5830078125 -2.9296875 2477271
29.72412109375 61.5234375 -0.06103515625 2477368
29.72412109375 61.5234375 -0.06103515625 2477370
29.72412109375 61.5234375 -0.06103515625 2477371
29.72412109375 61.5234375 -0.06103515625 2477372
29.72412109375 61.5234375 -0.06103515625 2477472
38.818359375 77.7587890625 0 2477488
38.818359375 77.7587890625 0 2477489
38.818359375 77.7587890625 0 2477490
38.818359375 77.7587890625 0 2477491
38.818359375 77.7587890625 0 2477574
60.36376953125 95.3369140625 1.77001953125 2477575
-20.44677734375 -25.0244140625 -22.0947265625 2477654
-20.44677734375 -25.0244140625 -22.0947265625 2477677
-20.44677734375 -25.0244140625 -22.0947265625 2477679
-20.44677734375 -25.0244140625 -22.0947265625 2477680
-20.44677734375 -25.0244140625 -22.0947265625 2477765
-83.984375 -108.09326171875 36.43798828125 2477766
-83.984375 -108.09326171875 36.43798828125 2477767
-83.984375 -108.09326171875 36.43798828125 2477869
-81.6650390625 -168.64013671875 41.3818359375 2477870
-81.6650390625 -168.64013671875 41.3818359375 2477871
-81.6650390625 -168.64013671875 41.3818359375 2477872
-81.6650390625 -168.64013671875 41.3818359375 2477873
-81.6650390625 -168.64013671875 41.3818359375 2477975
-62.3779296875 -114.8681640625 51.94091796875 2477976
-62.3779296875 -114.8681640625 51.94091796875 2477977
-62.3779296875 -114.8681640625 51.94091796875 2477978
-62.3779296875 -114.8681640625 51.94091796875 2477979
-25.08544921875 -14.2822265625 14.83154296875 2478055
-25.08544921875 -14.2822265625 14.83154296875 2478167
-25.7568359375 10.3759765625 -15.31982421875 2478168
-25.7568359375 10.3759765625 -15.31982421875 2478169
-25.7568359375 10.3759765625 -15.31982421875 2478170
-25.7568359375 10.3759765625 -15.31982421875 2478171
-25.7568359375 10.3759765625 -15.31982421875 2478272
-7.50732421875 12.02392578125 -20.08056640625 2478273
-7.50732421875 12.02392578125 -20.08056640625 2478296
-7.50732421875 12.02392578125 -20.08056640625 2478297
-7.50732421875 12.02392578125 -20.08056640625 2478298
-7.50732421875 12.02392578125 -20.08056640625 2478374
-6.34765625 4.94384765625 -16.54052734375 2478375
-6.34765625 4.94384765625 -16.54052734375 2478376
-10.07080078125 2.5634765625 -10.6201171875 2478456
-10.07080078125 2.5634765625 -10.6201171875 2478458
-10.07080078125 2.5634765625 -10.6201171875 2478459
-10.07080078125 2.5634765625 -10.6201171875 2478567
-8.1787109375 -5.859375 -10.43701171875 2478568
-8.1787109375 -5.859375 -10.43701171875 2478571
-8.1787109375 -5.859375 -10.43701171875 2478572
-8.1787109375 -5.859375 -10.43701171875 2478573
-8.1787109375 -5.859375 -10.43701171875 2478671
-1.40380859375 3.60107421875 -12.8173828125 2478672
-1.40380859375 3.60107421875 -12.8173828125 2478673
-1.40380859375 3.60107421875 -12.8173828125 2478675
-1.40380859375 3.60107421875 -12.8173828125 2478676
0.3662109375 3.2958984375 -10.3759765625 2478768
0.3662109375 3.2958984375 -10.3759765625 2478855
-7.9345703125 -0.54931640625 -6.53076171875 2478856
-7.9345703125 -0.54931640625 -6.53076171875 2478857
-7.9345703125 -0.54931640625 -6.53076171875 2478858
-7.9345703125 -0.54931640625 -6.53076171875 2478859
-7.9345703125 -0.54931640625 -6.53076171875 2478967
-1.708984375 5.18798828125 -5.2490234375 2478968
-1.708984375 5.18798828125 -5.2490234375 2478969
-1.708984375 5.18798828125 -5.2490234375 2478970
-1.708984375 5.18798828125 -5.2490234375 2478971
-1.708984375 5.18798828125 -5.2490234375 2479086
-0.91552734375 -2.197265625 -1.3427734375 2479088
-0.91552734375 -2.197265625 -1.3427734375 2479089
-0.91552734375 -2.197265625 -1.3427734375 2479090
-0.91552734375 -2.197265625 -1.3427734375 2479091
1.3427734375 -5.79833984375 1.3427734375 2479173
1.3427734375 -5.79833984375 1.3427734375 2479275
-0.48828125 -2.8076171875 -0.9765625 2479279
-0.48828125 -2.8076171875 -0.9765625 2479280
-0.48828125 -2.8076171875 -0.9765625 2479281
-0.48828125 -2.8076171875 -0.9765625 2479282
3.60107421875 5.31005859375 -2.685546875 2479366
3.60107421875 5.31005859375 -2.685546875 2479464
-0.91552734375 1.953125 -4.82177734375 2479466
-0.91552734375 1.953125 -4.82177734375 2479467
-0.91552734375 1.953125 -4.82177734375 2479468
-0.91552734375 1.953125 -4.82177734375 2479469
-0.91552734375 1.953125 -4.82177734375 2479568
-3.41796875 0.48828125 -4.8828125 2479569
-3.41796875 0.48828125 -4.8828125 2479571
-3.41796875 0.48828125 -4.8828125 2479572
-3.41796875 0.48828125 -4.8828125 2479573
-3.41796875 0.48828125 -4.8828125 2479669
-0.1220703125 0.54931640625 -5.7373046875 2479670
-0.1220703125 0.54931640625 -5.7373046875 2479671
-0.1220703125 0.54931640625 -5.7373046875 2479672
-0.1220703125 0.54931640625 -5.7373046875 2479673
-0.1220703125 0.54931640625 -5.7373046875 2479772
-6.04248046875 -2.86865234375 -7.50732421875 2479773
-6.04248046875 -2.86865234375 -7.50732421875 2479774
-6.04248046875 -2.86865234375 -7.50732421875 2479775
-6.04248046875 -2.86865234375 -7.50732421875 2479777
-6.04248046875 -2.86865234375 -7.50732421875 2479874
-3.60107421875 -3.0517578125 -0.91552734375 2479875
-3.60107421875 -3.0517578125 -0.91552734375 2479877
-3.60107421875 -3.0517578125 -0.91552734375 2479878
-3.60107421875 -3.0517578125 -0.91552734375 2479889
-0.6103515625 -2.44140625 1.15966796875 2479955
-0.6103515625 -2.44140625 1.15966796875 2480081
2.74658203125 0.6103515625 -0.42724609375 2480082
2.74658203125 0.6103515625 -0.42724609375 2480083
2.74658203125 0.6103515625 -0.42724609375 2480084
2.74658203125 0.6103515625 -0.42724609375 2480085
1.40380859375 -0.1220703125 -3.90625 2480171
1.40380859375 -0.1220703125 -3.90625 2480275
-2.74658203125 -3.84521484375 -3.7841796875 2480276
-2.74658203125 -3.84521484375 -3.7841796875 2480278
-2.74658203125 -3.84521484375 -3.7841796875 2480279
-2.74658203125 -3.84521484375 -3.7841796875 2480280
-2.0751953125 -1.52587890625 -4.45556640625 2480353
-2.0751953125 -1.52587890625 -4.45556640625 2480488
-2.25830078125 -3.35693359375 -2.99072265625 2480489
-2.25830078125 -3.35693359375 -2.99072265625 2480490
-2.25830078125 -3.35693359375 -2.99072265625 2480491
-2.25830078125 -3.35693359375 -2.99072265625 2480492
-1.28173828125 0.1220703125 -3.90625 2480567
-1.28173828125 0.1220703125 -3.90625 2480669
-2.9296875 -0.06103515625 -6.7138671875 2480670
-2.9296875 -0.06103515625 -6.7138671875 2480672
-2.9296875 -0.06103515625 -6.7138671875 2480673
-2.9296875 -0.06103515625 -6.7138671875 2480674
-2.9296875 -0.06103515625 -6.7138671875 2480772
-1.15966796875 -4.57763671875 -2.74658203125 2480774
-1.15966796875 -4.57763671875 -2.74658203125 2480775
-1.15966796875 -4.57763671875 -2.74658203125 2480776
-1.15966796875 -4.57763671875 -2.74658203125 2480778
-1.15966796875 -4.57763671875 -2.74658203125 2480876
2.38037109375 0.8544921875 -1.0986328125 2480877
2.38037109375 0.8544921875 -1.0986328125 2480878
2.38037109375 0.8544921875 -1.0986328125 2480879
2.38037109375 0.8544921875 -1.0986328125 2480880
0.79345703125 -1.220703125 -2.99072265625 2480953
0.79345703125 -1.220703125 -2.99072265625 2481065
0 0.30517578125 -3.47900390625 2481066
0 0.30517578125 -3.47900390625 2481067
0 0.30517578125 -3.47900390625 2481068
0 0.30517578125 -3.47900390625 2481069
0 0.30517578125 -3.47900390625 2481181
-2.197265625 -0.48828125 -1.15966796875 2481183
-2.197265625 -0.48828125 -1.15966796875 2481184
-2.197265625 -0.48828125 -1.15966796875 2481185
-2.197265625 -0.48828125 -1.15966796875 2481186
0.30517578125 0.244140625 -0.06103515625 2481270
0.30517578125 0.244140625 -0.06103515625 2481372
-1.40380859375 1.03759765625 -1.77001953125 2481373
-1.40380859375 1.03759765625 -1.77001953125 2481374
-1.40380859375 1.03759765625 -1.77001953125 2481375
-1.40380859375 1.03759765625 -1.77001953125 2481376
-1.40380859375 1.03759765625 -1.77001953125 2481485
-1.0986328125 -0.48828125 -2.74658203125 2481487
-1.0986328125 -0.48828125 -2.74658203125 2481488
-1.0986328125 -0.48828125 -2.74658203125 2481489
-1.0986328125 -0.48828125 -2.74658203125 2481490
-1.8310546875 -0.42724609375 -2.99072265625 2481577
-1.8310546875 -0.42724609375 -2.99072265625 2481657
-4.82177734375 0.48828125 -2.44140625 2481658
-4.82177734375 0.48828125 -2.44140625 2481659
-4.82177734375 0.48828125 -2.44140625 2481660
-4.82177734375 0.48828125 -2.44140625 2481661
-4.82177734375 0.48828125 -2.44140625 2481775
-3.96728515625 0.3662109375 -4.33349609375 2481776
-3.96728515625 0.3662109375 -4.33349609375 2481777
-3.96728515625 0.3662109375 -4.33349609375 2481778
-3.96728515625 0.3662109375 -4.33349609375 2481779
-1.3427734375 0.732421875 -2.62451171875 2481874
-1.3427734375 0.732421875 -2.62451171875 2481976
-3.173828125 0.67138671875 -0.9765625 2481977
-3.173828125 0.67138671875 -0.9765625 2481978
-3.173828125 0.67138671875 -0.9765625 2481979
-3.173828125 0.67138671875 -0.9765625 2481980
-1.28173828125 0.6103515625 -1.03759765625 2482056
-1.28173828125 0.6103515625 -1.03759765625 2482169
-3.0517578125 1.0986328125 -4.0283203125 2482170
-3.0517578125 1.0986328125 -4.0283203125 2482171
-3.0517578125 1.0986328125 -4.0283203125 2482172
-3.0517578125 1.0986328125 -4.0283203125 2482173
-3.0517578125 1.0986328125 -4.0283203125 2482270
-3.0517578125 -1.77001953125 -2.197265625 2482271
-3.0517578125 -1.77001953125 -2.197265625 2482272
-3.0517578125 -1.77001953125 -2.197265625 2482273
-3.0517578125 -1.77001953125 -2.197265625 2482274
-3.0517578125 -1.77001953125 -2.197265625 2482373
-2.9296875 -0.42724609375 -2.25830078125 2482374
-2.9296875 -0.42724609375 -2.25830078125 2482375
-2.9296875 -0.42724609375 -2.25830078125 2482376
-2.9296875 -0.42724609375 -2.25830078125 2482377
-2.9296875 -0.42724609375 -2.25830078125 2482493
-5.92041015625 -0.79345703125 -3.2958984375 2482508
-5.92041015625 -0.79345703125 -3.2958984375 2482509
-5.92041015625 -0.79345703125 -3.2958984375 2482511
-5.92041015625 -0.79345703125 -3.2958984375 2482512
-1.15966796875 0.732421875 -2.38037109375 2482555
-1.15966796875 0.732421875 -2.38037109375 2482669
2.38037109375 0.8544921875 -1.220703125 2482670
2.38037109375 0.8544921875 -1.220703125 2482671
2.38037109375 0.8544921875 -1.220703125 2482672
2.38037109375 0.8544921875 -1.220703125 2482673
2.50244140625 0.244140625 -4.21142578125 2482768
2.50244140625 0.244140625 -4.21142578125 2482870
2.0751953125 0.54931640625 -4.21142578125 2482871
2.0751953125 0.54931640625 -4.21142578125 2482872
2.0751953125 0.54931640625 -4.21142578125 2482873
2.0751953125 0.54931640625 -4.21142578125 2482874
2.0751953125 0.54931640625 -4.21142578125 2482973
-0.48828125 1.77001953125 -1.8310546875 2482974
-0.48828125 1.77001953125 -1.8310546875 2482975
-0.48828125 1.77001953125 -1.8310546875 2482977
-0.48828125 1.77001953125 -1.8310546875 2482978
-0.48828125 1.77001953125 -1.8310546875 2483075
-3.11279296875 0.244140625 -1.28173828125 2483076
-3.11279296875 0.244140625 -1.28173828125 2483077
-3.11279296875 0.244140625 -1.28173828125 2483078
-3.11279296875 0.244140625 -1.28173828125 2483079
-3.11279296875 0.244140625 -1.28173828125 2483178
-3.72314453125 2.50244140625 -2.74658203125 2483179
-3.72314453125 2.50244140625 -2.74658203125 2483180
-3.72314453125 2.50244140625 -2.74658203125 2483181
-3.72314453125 2.50244140625 -2.74658203125 2483182
-0.06103515625 0.8544921875 -0.244140625 2483257
-0.06103515625 0.8544921875 -0.244140625 2483371
2.74658203125 -0.8544921875 -2.01416015625 2483372
2.74658203125 -0.8544921875 -2.01416015625 2483373
2.74658203125 -0.8544921875 -2.01416015625 2483374
2.74658203125 -0.8544921875 -2.01416015625 2483375
2.74658203125 -0.8544921875 -2.01416015625 2483477
2.197265625 1.89208984375 0.79345703125 2483478
2.197265625 1.89208984375 0.79345703125 2483479
2.197265625 1.89208984375 0.79345703125 2483480
2.197265625 1.89208984375 0.79345703125 2483481
-0.67138671875 2.9296875 0 2483555
-0.67138671875 2.9296875 0 2483667
-0.30517578125 1.46484375 -0.67138671875 2483668
-0.30517578125 1.46484375 -0.67138671875 2483669
-0.30517578125 1.46484375 -0.67138671875 2483670
-0.30517578125 1.46484375 -0.67138671875 2483671
-0.30517578125 1.46484375 -0.67138671875 2483772
0.6103515625 1.15966796875 -1.953125 2483773
0.6103515625 1.15966796875 -1.953125 2483774
0.6103515625 1.15966796875 -1.953125 2483775
0.6103515625 1.15966796875 -1.953125 2483776
0.6103515625 1.15966796875 -1.953125 2483880
-1.64794921875 0.42724609375 -1.89208984375 2483881
-1.64794921875 0.42724609375 -1.89208984375 2483882
-1.64794921875 0.42724609375 -1.89208984375 2483883
-1.64794921875 0.42724609375 -1.89208984375 2483884
-3.96728515625 0.30517578125 -2.197265625 2483978
-3.96728515625 0.30517578125 -2.197265625 2484057
-1.77001953125 0.67138671875 -4.39453125 2484058
-1.77001953125 0.67138671875 -4.39453125 2484059
-1.77001953125 0.67138671875 -4.39453125 2484060
-1.77001953125 0.67138671875 -4.39453125 2484060
-1.77001953125 0.67138671875 -4.39453125 2484167
-0.48828125 2.3193359375 -1.8310546875 2484168
-0.48828125 2.3193359375 -1.8310546875 2484169
-0.48828125 2.3193359375 -1.8310546875 2484170
-0.48828125 2.3193359375 -1.8310546875 2484171
-0.48828125 2.3193359375 -1.8310546875 2484286
0.244140625 1.64794921875 -3.47900390625 2484288
0.244140625 1.64794921875 -3.47900390625 2484289
0.244140625 1.64794921875 -3.47900390625 2484290
0.244140625 1.64794921875 -3.47900390625 2484291
0.1220703125 0.732421875 -2.62451171875 2484373
0.1220703125 0.732421875 -2.62451171875 2484480
0.42724609375 0.9765625 -1.77001953125 2484481
0.42724609375 0.9765625 -1.77001953125 2484482
0.42724609375 0.9765625 -1.77001953125 2484483
0.42724609375 0.9765625 -1.77001953125 2484484
0.18310546875 1.0986328125 -1.5869140625 2484555
0.18310546875 1.0986328125 -1.5869140625 2484671
-0.732421875 2.9296875 -0.732421875 2484672
-0.732421875 2.9296875 -0.732421875 2484673
-0.732421875 2.9296875 -0.732421875 2484674
-0.732421875 2.9296875 -0.732421875 2484675
-0.18310546875 1.64794921875 -0.30517578125 2484773
-0.18310546875 1.64794921875 -0.30517578125 2484774
-0.18310546875 1.64794921875 -0.30517578125 2484775
-0.18310546875 1.64794921875 -0.30517578125 2484776
-0.18310546875 1.64794921875 -0.30517578125 2484876
-0.06103515625 3.72314453125 -3.47900390625 2484877
-0.06103515625 3.72314453125 -3.47900390625 2484878
-0.06103515625 3.72314453125 -3.47900390625 2484879
-0.06103515625 3.72314453125 -3.47900390625 2484880
-0.06103515625 3.72314453125 -3.47900390625 2484980
0.18310546875 2.86865234375 -3.60107421875 2484981
0.18310546875 2.86865234375 -3.60107421875 2484982
0.18310546875 2.86865234375 -3.60107421875 2484983
0.18310546875 2.86865234375 -3.60107421875 2484984
-0.732421875 0.8544921875 -2.0751953125 2485058
-0.732421875 0.8544921875 -2.0751953125 2485169
-1.0986328125 1.15966796875 -2.86865234375 2485170
-1.0986328125 1.15966796875 -2.86865234375 2485171
-1.0986328125 1.15966796875 -2.86865234375 2485172
-1.0986328125 1.15966796875 -2.86865234375 2485173
-1.0986328125 1.15966796875 -2.86865234375 2485286
-0.6103515625 0.48828125 -3.2958984375 2485287
-0.6103515625 0.48828125 -3.2958984375 2485289
-0.6103515625 0.48828125 -3.2958984375 2485290
-0.6103515625 0.48828125 -3.2958984375 2485291
1.953125 1.52587890625 -1.15966796875 2485372
1.953125 1.52587890625 -1.15966796875 2485476
2.38037109375 2.62451171875 -2.197265625 2485477
2.38037109375 2.62451171875 -2.197265625 2485478
2.38037109375 2.62451171875 -2.197265625 2485479
2.38037109375 2.62451171875 -2.197265625 2485480
2.38037109375 2.62451171875 -2.197265625 2485578
0.48828125 2.74658203125 -3.72314453125 2485579
0.48828125 2.74658203125 -3.72314453125 2485580
0.48828125 2.74658203125 -3.72314453125 2485581
0.48828125 2.74658203125 -3.72314453125 2485583
-1.40380859375 0.18310546875 -1.64794921875 2485660
-1.40380859375 0.18310546875 -1.64794921875 2485772
-0.30517578125 0.06103515625 -3.11279296875 2485773
-0.30517578125 0.06103515625 -3.11279296875 2485774
-0.30517578125 0.06103515625 -3.11279296875 2485775
-0.30517578125 0.06103515625 -3.11279296875 2485776
-0.30517578125 0.06103515625 -3.11279296875 2485874
0.244140625 1.64794921875 -3.41796875 2485876
0.244140625 1.64794921875 -3.41796875 2485877
0.244140625 1.64794921875 -3.41796875 2485879
0.244140625 1.64794921875 -3.41796875 2485880
0.244140625 1.64794921875 -3.41796875 2485992
-1.28173828125 1.28173828125 -4.08935546875 2485993
-1.28173828125 1.28173828125 -4.08935546875 2485994
-1.28173828125 1.28173828125 -4.08935546875 2485995
-1.28173828125 1.28173828125 -4.08935546875 2485996
-1.28173828125 1.0986328125 -2.74658203125 2486079
-1.28173828125 1.0986328125 -2.74658203125 2486158
0.30517578125 0.3662109375 -1.03759765625 2486159
0.30517578125 0.3662109375 -1.03759765625 2486160
0.30517578125 0.3662109375 -1.03759765625 2486161
0.30517578125 0.3662109375 -1.03759765625 2486163
0.30517578125 0.3662109375 -1.03759765625 2486269
0.42724609375 0.8544921875 -2.685546875 2486270
0.42724609375 0.8544921875 -2.685546875 2486271
0.42724609375 0.8544921875 -2.685546875 2486272
0.42724609375 0.8544921875 -2.685546875 2486273
0.42724609375 0.8544921875 -2.685546875 2486372
-0.06103515625 2.01416015625 -3.47900390625 2486374
-0.06103515625 2.01416015625 -3.47900390625 2486375
-0.06103515625 2.01416015625 -3.47900390625 2486376
-0.06103515625 2.01416015625 -3.47900390625 2486377
-0.06103515625 2.01416015625 -3.47900390625 2486476
-2.01416015625 0.54931640625 -1.64794921875 2486477
-2.01416015625 0.54931640625 -1.64794921875 2486478
-2.01416015625 0.54931640625 -1.64794921875 2486480
-2.01416015625 0.54931640625 -1.64794921875 2486481
-2.01416015625 0.54931640625 -1.64794921875 2486581
-2.3193359375 -0.6103515625 -2.38037109375 2486583
-2.3193359375 -0.6103515625 -2.38037109375 2486584
-2.3193359375 -0.6103515625 -2.38037109375 2486585
-2.3193359375 -0.6103515625 -2.38037109375 2486587
-0.732421875 -1.40380859375 -3.41796875 2486660
-0.732421875 -1.40380859375 -3.41796875 2486771
0.67138671875 -0.48828125 -3.5400390625 2486772
0.67138671875 -0.48828125 -3.5400390625 2486774
0.67138671875 -0.48828125 -3.5400390625 2486774
0.67138671875 -0.48828125 -3.5400390625 2486775
0.91552734375 1.77001953125 -4.5166015625 2486878
0.91552734375 1.77001953125 -4.5166015625 2486879
0.91552734375 1.77001953125 -4.5166015625 2486880
0.91552734375 1.77001953125 -4.5166015625 2486881
0.91552734375 1.77001953125 -4.5166015625 2486977
-1.40380859375 0.30517578125 -4.7607421875 2486978
-1.40380859375 0.30517578125 -4.7607421875 2486979
-1.40380859375 0.30517578125 -4.7607421875 2486980
-1.40380859375 0.30517578125 -4.7607421875 2486994
-1.40380859375 0.30517578125 -4.7607421875 2487080
-1.40380859375 0.42724609375 -10.80322265625 2487082
-1.40380859375 0.42724609375 -10.80322265625 2487083
-1.40380859375 0.42724609375 -10.80322265625 2487084
-1.40380859375 0.42724609375 -10.80322265625 2487085
-2.13623046875 -12.75634765625 -15.13671875 2487158
-2.13623046875 -12.75634765625 -15.13671875 2487270
5.43212890625 -12.20703125 -23.01025390625 2487271
5.43212890625 -12.20703125 -23.01025390625 2487272
5.43212890625 -12.20703125 -23.01025390625 2487273
5.43212890625 -12.20703125 -23.01025390625 2487274
5.43212890625 -12.20703125 -23.01025390625 2487373
15.380859375 -2.685546875 -38.75732421875 2487375
15.380859375 -2.685546875 -38.75732421875 2487376
15.380859375 -2.685546875 -38.75732421875 2487377
15.380859375 -2.685546875 -38.75732421875 2487378
15.380859375 -2.685546875 -38.75732421875 2487477
37.7197265625 19.47021484375 -34.11865234375 2487478
37.7197265625 19.47021484375 -34.11865234375 2487479
37.7197265625 19.47021484375 -34.11865234375 2487479
37.7197265625 19.47021484375 -34.11865234375 2487480
37.7197265625 19.47021484375 -34.11865234375 2487578
57.18994140625 21.66748046875 -29.84619140625 2487579
57.18994140625 21.66748046875 -29.84619140625 2487581
57.18994140625 21.66748046875 -29.84619140625 2487582
57.18994140625 21.66748046875 -29.84619140625 2487597
77.20947265625 129.5166015625 -48.40087890625 2487677
77.20947265625 129.5166015625 -48.40087890625 2487771
64.453125 268.49365234375 -39.4287109375 2487772
64.453125 268.49365234375 -39.4287109375 2487773
64.453125 268.49365234375 -39.4287109375 2487774
64.453125 268.49365234375 -39.4287109375 2487775
64.453125 268.49365234375 -39.4287109375 2487873
11.29150390625 259.1552734375 -33.75244140625 2487874
11.29150390625 259.1552734375 -33.75244140625 2487875
11.29150390625 259.1552734375 -33.75244140625 2487876
11.29150390625 259.1552734375 -33.75244140625 2487876
11.29150390625 259.1552734375 -33.75244140625 2487977
36.9873046875 218.1396484375 -63.1103515625 2487979
36.9873046875 218.1396484375 -63.1103515625 2487982
36.9873046875 218.1396484375 -63.1103515625 2487985
36.9873046875 218.1396484375 -63.1103515625 2487987
36.9873046875 218.1396484375 -63.1103515625 2488078
19.53125 185.36376953125 -35.5224609375 2488079
19.53125 185.36376953125 -35.5224609375 2488180
4.94384765625 113.28125 -22.64404296875 2488181
4.94384765625 113.28125 -22.64404296875 2488182
4.94384765625 113.28125 -22.64404296875 2488182
4.94384765625 113.28125 -22.64404296875 2488183
12.939453125 58.2275390625 -18.49365234375 2488259
12.939453125 58.2275390625 -18.49365234375 2488371
-79.345703125 -152.16064453125 83.1298828125 2488372
-79.345703125 -152.16064453125 83.1298828125 2488373
-79.345703125 -152.16064453125 83.1298828125 2488374
-79.345703125 -152.16064453125 83.1298828125 2488375
-79.345703125 -152.16064453125 83.1298828125 2488484
-29.35791015625 -540.34423828125 -27.89306640625 2488485
-29.35791015625 -540.34423828125 -27.89306640625 2488486
-29.35791015625 -540.34423828125 -27.89306640625 2488487
-29.35791015625 -540.34423828125 -27.89306640625 2488488
-69.4580078125 -626.708984375 22.5830078125 2488581
-69.4580078125 -626.708984375 22.5830078125 2488673
-13.24462890625 -201.416015625 96.435546875 2488674
-13.24462890625 -201.416015625 96.435546875 2488676
-13.24462890625 -201.416015625 96.435546875 2488677
-13.24462890625 -201.416015625 96.435546875 2488678
7.4462890625 4.33349609375 80.56640625 2488776
7.4462890625 4.33349609375 80.56640625 2488777
7.4462890625 4.33349609375 80.56640625 2488779
7.4462890625 4.33349609375 80.56640625 2488780
