0.16650390625 0.41259765625 0.85107421875 700539
0.16650390625 0.41259765625 0.85107421875 700539
0.16650390625 0.41259765625 0.85107421875 700544
0.16650390625 0.41259765625 0.85107421875 700545
0.16650390625 0.41259765625 0.85107421875 700546
0.16650390625 0.41259765625 0.85107421875 700547
0.1669921875 0.3720703125 0.83056640625 700548
0.17822265625 0.39501953125 0.84521484375 700549
0.17236328125 0.39501953125 0.8251953125 700619
0.17919921875 0.396484375 0.84912109375 700978
0.17919921875 0.396484375 0.84912109375 700979
0.17919921875 0.396484375 0.84912109375 700981
0.17919921875 0.396484375 0.84912109375 700982
0.17919921875 0.396484375 0.84912109375 700983
0.1796875 0.39599609375 0.84521484375 700984
0.16552734375 0.384765625 0.8291015625 700986
0.15478515625 0.3798828125 0.845703125 701008
0.15283203125 0.37451171875 0.85009765625 701069
0.16357421875 0.37353515625 0.84326171875 701190
0.16357421875 0.37353515625 0.84326171875 701191
0.16357421875 0.37353515625 0.84326171875 701192
0.16357421875 0.37353515625 0.84326171875 701193
0.16357421875 0.37353515625 0.84326171875 701208
0.16015625 0.380859375 0.83642578125 701293
0.16015625 0.380859375 0.83642578125 701294
0.16015625 0.380859375 0.83642578125 701295
0.16015625 0.380859375 0.83642578125 701296
0.16015625 0.380859375 0.83642578125 701296
0.1689453125 0.3779296875 0.84521484375 701421
0.1689453125 0.3779296875 0.84521484375 701422
0.1689453125 0.3779296875 0.84521484375 701423
0.1689453125 0.3779296875 0.84521484375 701423
0.1689453125 0.3779296875 0.84521484375 701424
0.17626953125 0.39111328125 0.841796875 701497
0.17724609375 0.35693359375 0.849609375 701600
0.17724609375 0.35693359375 0.849609375 701601
0.17724609375 0.35693359375 0.849609375 701602
0.17724609375 0.35693359375 0.849609375 701603
0.17724609375 0.35693359375 0.849609375 701603
0.15966796875 0.36474609375 0.84619140625 701666
0.16259765625 0.37451171875 0.83740234375 701779
0.16259765625 0.37451171875 0.83740234375 701780
0.16259765625 0.37451171875 0.83740234375 701781
0.16259765625 0.37451171875 0.83740234375 701782
0.16259765625 0.37451171875 0.83740234375 701783
0.15869140625 0.37841796875 0.82861328125 701897
0.15869140625 0.37841796875 0.82861328125 701898
0.15869140625 0.37841796875 0.82861328125 701899
0.15869140625 0.37841796875 0.82861328125 701899
0.15869140625 0.37841796875 0.82861328125 701900
0.1328125 0.3818359375 0.83837890625 702000
0.1328125 0.3818359375 0.83837890625 702007
0.1328125 0.3818359375 0.83837890625 702008
0.1328125 0.3818359375 0.83837890625 702009
0.1328125 0.3818359375 0.83837890625 702010
0.13525390625 0.38525390625 0.8720703125 702067
0.11279296875 0.38427734375 0.86083984375 702183
0.11279296875 0.38427734375 0.86083984375 702184
0.11279296875 0.38427734375 0.86083984375 702186
0.11279296875 0.38427734375 0.86083984375 702187
0.11279296875 0.38427734375 0.86083984375 702187
0.115234375 0.42236328125 0.89111328125 702282
0.08935546875 0.4013671875 0.77685546875 702370
0.08935546875 0.4013671875 0.77685546875 702371
0.08935546875 0.4013671875 0.77685546875 702372
0.08935546875 0.4013671875 0.77685546875 702373
0.08935546875 0.4013671875 0.77685546875 702374
0.1279296875 0.4013671875 0.77734375 702481
0.1279296875 0.4013671875 0.77734375 702484
0.1279296875 0.4013671875 0.77734375 702484
0.1279296875 0.4013671875 0.77734375 702484
0.1279296875 0.4013671875 0.77734375 702485
0.1240234375 0.43408203125 0.806640625 702604
0.1240234375 0.43408203125 0.806640625 702606
0.1240234375 0.43408203125 0.806640625 702607
0.1240234375 0.43408203125 0.806640625 702608
0.1240234375 0.43408203125 0.806640625 702608
0.12158203125 0.45751953125 0.83349609375 702701
0.12646484375 0.44970703125 0.8330078125 702768
0.12646484375 0.44970703125 0.8330078125 702769
0.12646484375 0.44970703125 0.8330078125 702770
0.12646484375 0.44970703125 0.8330078125 702771
0.12646484375 0.44970703125 0.8330078125 702771
0.11767578125 0.4248046875 0.82763671875 702891
0.11767578125 0.4248046875 0.82763671875 702892
0.11767578125 0.4248046875 0.82763671875 702893
0.11767578125 0.4248046875 0.82763671875 702894
0.11767578125 0.4248046875 0.82763671875 702895
0.12744140625 0.4228515625 0.83056640625 702981
0.12841796875 0.4150390625 0.8212890625 703096
0.12841796875 0.4150390625 0.8212890625 703097
0.12841796875 0.4150390625 0.8212890625 703098
0.12841796875 0.4150390625 0.8212890625 703099
0.12841796875 0.4150390625 0.8212890625 703100
0.12255859375 0.43115234375 0.8193359375 703200
0.12255859375 0.43115234375 0.8193359375 703201
0.12255859375 0.43115234375 0.8193359375 703201
0.12255859375 0.43115234375 0.8193359375 703202
0.12255859375 0.43115234375 0.8193359375 703203
0.11669921875 0.4287109375 0.82470703125 703302
0.11669921875 0.4287109375 0.82470703125 703304
0.11669921875 0.4287109375 0.82470703125 703305
0.11669921875 0.4287109375 0.82470703125 703306
0.11669921875 0.4287109375 0.82470703125 703306
0.1259765625 0.4169921875 0.82958984375 703368
0.119140625 0.4169921875 0.82080078125 703492
0.119140625 0.4169921875 0.82080078125 703493
0.119140625 0.4169921875 0.82080078125 703494
0.119140625 0.4169921875 0.82080078125 703495
0.119140625 0.4169921875 0.82080078125 703495
0.12353515625 0.416015625 0.8310546875 703596
0.12353515625 0.416015625 0.8310546875 703597
0.12353515625 0.416015625 0.8310546875 703598
0.12353515625 0.416015625 0.8310546875 703599
0.12353515625 0.416015625 0.8310546875 703600
0.11962890625 0.41796875 0.828125 703698
0.11962890625 0.41796875 0.828125 703699
0.11962890625 0.41796875 0.828125 703699
0.11962890625 0.41796875 0.828125 703700
0.11962890625 0.41796875 0.828125 703701
0.119140625 0.41943359375 0.82958984375 703802
0.119140625 0.41943359375 0.82958984375 703803
0.119140625 0.41943359375 0.82958984375 703804
0.119140625 0.41943359375 0.82958984375 703805
0.119140625 0.41943359375 0.82958984375 703806
0.119140625 0.41845703125 0.82666015625 703868
0.12255859375 0.41796875 0.828125 703989
0.12255859375 0.41796875 0.828125 703990
0.12255859375 0.41796875 0.828125 703991
0.12255859375 0.41796875 0.828125 703992
0.12255859375 0.41796875 0.828125 703993
0.115234375 0.41552734375 0.82080078125 704093
0.115234375 0.41552734375 0.82080078125 704094
0.115234375 0.41552734375 0.82080078125 704095
0.115234375 0.41552734375 0.82080078125 704096
0.115234375 0.41552734375 0.82080078125 704097
0.1201171875 0.4150390625 0.830078125 704200
0.1201171875 0.4150390625 0.830078125 704201
0.1201171875 0.4150390625 0.830078125 704202
0.1201171875 0.4150390625 0.830078125 704203
0.1201171875 0.4150390625 0.830078125 704204
0.1171875 0.4150390625 0.82861328125 704301
0.1171875 0.4150390625 0.82861328125 704303
0.1171875 0.4150390625 0.82861328125 704304
0.1171875 0.4150390625 0.82861328125 704304
0.1171875 0.4150390625 0.82861328125 704305
0.119140625 0.41845703125 0.82275390625 704369
0.11767578125 0.4189453125 0.82763671875 704493
0.11767578125 0.4189453125 0.82763671875 704494
0.11767578125 0.4189453125 0.82763671875 704495
0.11767578125 0.4189453125 0.82763671875 704495
0.11767578125 0.4189453125 0.82763671875 704496
0.12060546875 0.41259765625 0.8251953125 704593
0.12060546875 0.41259765625 0.8251953125 704595
0.12060546875 0.41259765625 0.8251953125 704597
0.12060546875 0.41259765625 0.8251953125 704598
0.12060546875 0.41259765625 0.8251953125 704599
0.10498046875 0.40380859375 0.8271484375 704699
0.10498046875 0.40380859375 0.8271484375 704700
0.10498046875 0.40380859375 0.8271484375 704700
0.10498046875 0.40380859375 0.8271484375 704701
0.06396484375 0.4599609375 0.80908203125 704803
0.06396484375 0.4599609375 0.80908203125 704804
0.06396484375 0.4599609375 0.80908203125 704805
0.06396484375 0.4599609375 0.80908203125 704805
0.06396484375 0.4599609375 0.80908203125 704806
-0.03173828125 0.5302734375 0.7548828125 704868
-0.07568359375 0.58740234375 0.7177734375 704992
-0.07568359375 0.58740234375 0.7177734375 704993
-0.07568359375 0.58740234375 0.7177734375 704993
-0.07568359375 0.58740234375 0.7177734375 704994
-0.07568359375 0.58740234375 0.7177734375 704995
-0.20556640625 0.67578125 0.6171875 705099
-0.20556640625 0.67578125 0.6171875 705100
-0.20556640625 0.67578125 0.6171875 705101
-0.20556640625 0.67578125 0.6171875 705102
-0.20556640625 0.67578125 0.6171875 705103
-0.34375 0.68896484375 0.47412109375 705196
-0.4384765625 0.68994140625 0.30615234375 705301
-0.4384765625 0.68994140625 0.30615234375 705303
-0.4384765625 0.68994140625 0.30615234375 705304
-0.4384765625 0.68994140625 0.30615234375 705304
-0.4384765625 0.68994140625 0.30615234375 705306
-0.45458984375 0.72705078125 0.1904296875 705406
-0.45458984375 0.72705078125 0.1904296875 705407
-0.45458984375 0.72705078125 0.1904296875 705408
-0.45458984375 0.72705078125 0.1904296875 705409
-0.45458984375 0.72705078125 0.1904296875 705410
-0.49560546875 0.7685546875 0.1767578125 705484
-0.44384765625 0.80419921875 0.14453125 705570
-0.44384765625 0.80419921875 0.14453125 705571
-0.44384765625 0.80419921875 0.14453125 705572
-0.44384765625 0.80419921875 0.14453125 705572
-0.44384765625 0.80419921875 0.14453125 705573
-0.35546875 0.77734375 0.42919921875 705693
-0.35546875 0.77734375 0.42919921875 705695
-0.35546875 0.77734375 0.42919921875 705696
-0.35546875 0.77734375 0.42919921875 705696
-0.35546875 0.77734375 0.42919921875 705697
-0.14453125 0.69189453125 0.52001953125 705796
-0.14453125 0.69189453125 0.52001953125 705797
-0.14453125 0.69189453125 0.52001953125 705798
-0.14453125 0.69189453125 0.52001953125 705798
-0.14453125 0.69189453125 0.52001953125 705799
0.00390625 0.6689453125 0.6025390625 705900
0.00390625 0.6689453125 0.6025390625 705901
0.00390625 0.6689453125 0.6025390625 705901
0.00390625 0.6689453125 0.6025390625 705902
0.00390625 0.6689453125 0.6025390625 705903
0.14208984375 0.6064453125 0.7373046875 706001
0.14208984375 0.6064453125 0.7373046875 706002
0.14208984375 0.6064453125 0.7373046875 706003
0.14208984375 0.6064453125 0.7373046875 706004
0.14208984375 0.6064453125 0.7373046875 706005
0.24169921875 0.52099609375 0.85595703125 706102
0.24169921875 0.52099609375 0.85595703125 706103
0.24169921875 0.52099609375 0.85595703125 706104
0.24169921875 0.52099609375 0.85595703125 706104
0.24169921875 0.52099609375 0.85595703125 706105
0.19873046875 0.50439453125 0.80908203125 706170
0.17626953125 0.49365234375 0.81787109375 706293
0.17626953125 0.49365234375 0.81787109375 706294
0.17626953125 0.49365234375 0.81787109375 706295
0.17626953125 0.49365234375 0.81787109375 706296
0.17626953125 0.49365234375 0.81787109375 706297
0.142578125 0.51318359375 0.810546875 706397
0.142578125 0.51318359375 0.810546875 706398
0.142578125 0.51318359375 0.810546875 706399
0.142578125 0.51318359375 0.810546875 706400
0.142578125 0.51318359375 0.810546875 706401
0.15185546875 0.51171875 0.81689453125 706499
0.15185546875 0.51171875 0.81689453125 706500
0.15185546875 0.51171875 0.81689453125 706501
0.15185546875 0.51171875 0.81689453125 706501
0.15185546875 0.51171875 0.81689453125 706502
0.158203125 0.46923828125 0.8115234375 706602
0.158203125 0.46923828125 0.8115234375 706604
0.158203125 0.46923828125 0.8115234375 706604
0.158203125 0.46923828125 0.8115234375 706605
0.158203125 0.46923828125 0.8115234375 706607
0.1318359375 0.46337890625 0.79052734375 706704
0.1318359375 0.46337890625 0.79052734375 706705
0.1318359375 0.46337890625 0.79052734375 706706
0.1318359375 0.46337890625 0.79052734375 706706
0.1318359375 0.46337890625 0.79052734375 706707
0.16015625 0.4306640625 0.79150390625 706769
0.14697265625 0.421875 0.7958984375 706893
0.14697265625 0.421875 0.7958984375 706894
0.14697265625 0.421875 0.7958984375 706895
0.14697265625 0.421875 0.7958984375 706896
0.14697265625 0.421875 0.7958984375 706897
0.15234375 0.42919921875 0.80908203125 706996
0.15234375 0.42919921875 0.80908203125 706998
0.15234375 0.42919921875 0.80908203125 706999
0.15234375 0.42919921875 0.80908203125 707000
0.15234375 0.42919921875 0.80908203125 707001
0.1435546875 0.4375 0.8154296875 707100
0.1435546875 0.4375 0.8154296875 707101
0.1435546875 0.4375 0.8154296875 707102
0.1435546875 0.4375 0.8154296875 707103
0.134765625 0.43896484375 0.82275390625 707203
0.134765625 0.43896484375 0.82275390625 707204
0.134765625 0.43896484375 0.82275390625 707204
0.134765625 0.43896484375 0.82275390625 707206
0.134765625 0.43896484375 0.82275390625 707206
0.13525390625 0.43701171875 0.82080078125 707305
0.13525390625 0.43701171875 0.82080078125 707306
0.13525390625 0.43701171875 0.82080078125 707307
0.13525390625 0.43701171875 0.82080078125 707308
0.13525390625 0.43701171875 0.82080078125 707308
0.12060546875 0.4345703125 0.80419921875 707370
0.14208984375 0.41845703125 0.82763671875 707495
0.14208984375 0.41845703125 0.82763671875 707498
0.14208984375 0.41845703125 0.82763671875 707499
0.14208984375 0.41845703125 0.82763671875 707500
0.14208984375 0.41845703125 0.82763671875 707501
0.14208984375 0.4248046875 0.8232421875 707598
0.14208984375 0.4248046875 0.8232421875 707599
0.14208984375 0.4248046875 0.8232421875 707600
0.14208984375 0.4248046875 0.8232421875 707601
0.14208984375 0.4248046875 0.8232421875 707602
0.1298828125 0.4404296875 0.81689453125 707700
0.1298828125 0.4404296875 0.81689453125 707701
0.1298828125 0.4404296875 0.81689453125 707702
0.1298828125 0.4404296875 0.81689453125 707703
0.1298828125 0.4404296875 0.81689453125 707704
0.1396484375 0.43505859375 0.82373046875 707803
0.1396484375 0.43505859375 0.82373046875 707804
0.1396484375 0.43505859375 0.82373046875 707805
0.1396484375 0.43505859375 0.82373046875 707805
0.1396484375 0.43505859375 0.82373046875 707806
0.13818359375 0.4375 0.82177734375 707893
0.14306640625 0.43408203125 0.81591796875 707974
0.14306640625 0.43408203125 0.81591796875 707975
0.14306640625 0.43408203125 0.81591796875 707975
0.14306640625 0.43408203125 0.81591796875 707976
0.14306640625 0.43408203125 0.81591796875 707977
0.138671875 0.43212890625 0.8193359375 708095
0.138671875 0.43212890625 0.8193359375 708096
0.138671875 0.43212890625 0.8193359375 708097
0.138671875 0.43212890625 0.8193359375 708098
0.138671875 0.43212890625 0.8193359375 708099
0.140625 0.439453125 0.82177734375 708199
0.140625 0.439453125 0.82177734375 708200
0.140625 0.439453125 0.82177734375 708201
0.140625 0.439453125 0.82177734375 708202
0.140625 0.439453125 0.82177734375 708203
0.1376953125 0.43603515625 0.8251953125 708299
0.1376953125 0.43603515625 0.8251953125 708301
0.1376953125 0.43603515625 0.8251953125 708302
0.1376953125 0.43603515625 0.8251953125 708302
0.1376953125 0.43603515625 0.8251953125 708303
0.14892578125 0.42919921875 0.83251953125 708401
0.14892578125 0.42919921875 0.83251953125 708402
0.14892578125 0.42919921875 0.83251953125 708402
0.14892578125 0.42919921875 0.83251953125 708403
0.14892578125 0.42919921875 0.83251953125 708404
0.14306640625 0.427734375 0.82080078125 708505
0.14306640625 0.427734375 0.82080078125 708506
0.14306640625 0.427734375 0.82080078125 708507
0.14306640625 0.427734375 0.82080078125 708507
0.14306640625 0.427734375 0.82080078125 708508
0.14404296875 0.427734375 0.82275390625 708572
0.138671875 0.4306640625 0.82080078125 708684
0.138671875 0.4306640625 0.82080078125 708685
0.138671875 0.4306640625 0.82080078125 708686
0.138671875 0.4306640625 0.82080078125 708687
0.138671875 0.4306640625 0.82080078125 708688
0.1328125 0.43212890625 0.8173828125 708770
0.1337890625 0.43115234375 0.822265625 708894
0.1337890625 0.43115234375 0.822265625 708895
0.1337890625 0.43115234375 0.822265625 708896
0.1337890625 0.43115234375 0.822265625 708896
0.1337890625 0.43115234375 0.822265625 708897
0.1279296875 0.435546875 0.81982421875 708999
0.1279296875 0.435546875 0.81982421875 709000
0.1279296875 0.435546875 0.81982421875 709001
0.1279296875 0.435546875 0.81982421875 709002
0.1279296875 0.435546875 0.81982421875 709003
0.1376953125 0.4296875 0.82763671875 709099
0.1376953125 0.4296875 0.82763671875 709100
0.1357421875 0.4248046875 0.822265625 709199
0.1357421875 0.4248046875 0.822265625 709200
0.1357421875 0.4248046875 0.822265625 709202
0.1357421875 0.4248046875 0.822265625 709203
0.1357421875 0.4248046875 0.822265625 709204
0.134765625 0.43701171875 0.83203125 709304
0.134765625 0.43701171875 0.83203125 709306
0.134765625 0.43701171875 0.83203125 709307
0.134765625 0.43701171875 0.83203125 709307
0.134765625 0.43701171875 0.83203125 709308
0.13330078125 0.435546875 0.8212890625 709371
0.13818359375 0.4287109375 0.82275390625 709496
0.13818359375 0.4287109375 0.82275390625 709497
0.13818359375 0.4287109375 0.82275390625 709498
0.13818359375 0.4287109375 0.82275390625 709499
0.13818359375 0.4287109375 0.82275390625 709500
0.12841796875 0.435546875 0.8212890625 709599
0.12841796875 0.435546875 0.8212890625 709601
0.12841796875 0.435546875 0.8212890625 709602
0.12841796875 0.435546875 0.8212890625 709602
0.12841796875 0.435546875 0.8212890625 709603
0.13671875 0.42431640625 0.8232421875 709702
0.13671875 0.42431640625 0.8232421875 709703
0.13671875 0.42431640625 0.8232421875 709704
0.13671875 0.42431640625 0.8232421875 709705
0.13671875 0.42431640625 0.8232421875 709706
0.13330078125 0.43359375 0.82080078125 709774
0.13525390625 0.4296875 0.82080078125 709896
0.13525390625 0.4296875 0.82080078125 709897
0.13525390625 0.4296875 0.82080078125 709898
0.13525390625 0.4296875 0.82080078125 709899
0.13525390625 0.4296875 0.82080078125 709900
0.14208984375 0.43212890625 0.82666015625 709999
0.14208984375 0.43212890625 0.82666015625 710000
0.14208984375 0.43212890625 0.82666015625 710001
0.14208984375 0.43212890625 0.82666015625 710002
0.14208984375 0.43212890625 0.82666015625 710002
0.134765625 0.431640625 0.814453125 710102
0.134765625 0.431640625 0.814453125 710103
0.134765625 0.431640625 0.814453125 710104
0.134765625 0.431640625 0.814453125 710105
0.134765625 0.431640625 0.814453125 710105
0.140625 0.4384765625 0.83349609375 710203
0.140625 0.4384765625 0.83349609375 710204
0.140625 0.4384765625 0.83349609375 710205
0.140625 0.4384765625 0.83349609375 710206
0.140625 0.4384765625 0.83349609375 710207
0.13037109375 0.43701171875 0.81982421875 710308
0.13037109375 0.43701171875 0.81982421875 710310
0.13037109375 0.43701171875 0.81982421875 710311
0.13037109375 0.43701171875 0.81982421875 710311
0.13037109375 0.43701171875 0.81982421875 710312
0.13671875 0.43017578125 0.82275390625 710371
0.12890625 0.4375 0.81396484375 710495
0.12890625 0.4375 0.81396484375 710497
0.12890625 0.4375 0.81396484375 710498
0.12890625 0.4375 0.81396484375 710499
0.12890625 0.4375 0.81396484375 710500
0.1337890625 0.43310546875 0.81640625 710606
0.1337890625 0.43310546875 0.81640625 710607
0.1337890625 0.43310546875 0.81640625 710609
0.1337890625 0.43310546875 0.81640625 710610
0.1337890625 0.43310546875 0.81640625 710611
0.13134765625 0.435546875 0.81787109375 710703
0.1357421875 0.43017578125 0.81884765625 710771
0.1357421875 0.43017578125 0.81884765625 710772
0.1357421875 0.43017578125 0.81884765625 710773
0.1357421875 0.43017578125 0.81884765625 710774
0.1357421875 0.43017578125 0.81884765625 710775
0.140625 0.435546875 0.82861328125 710896
0.140625 0.435546875 0.82861328125 710898
0.140625 0.435546875 0.82861328125 710899
0.140625 0.435546875 0.82861328125 710901
0.140625 0.435546875 0.82861328125 710902
0.1337890625 0.43798828125 0.81787109375 710999
0.1337890625 0.43798828125 0.81787109375 711000
0.1337890625 0.43798828125 0.81787109375 711001
0.1337890625 0.43798828125 0.81787109375 711002
0.1337890625 0.43798828125 0.81787109375 711002
0.1357421875 0.4326171875 0.8251953125 711101
0.1357421875 0.4326171875 0.8251953125 711102
0.1357421875 0.4326171875 0.8251953125 711103
0.1357421875 0.4326171875 0.8251953125 711104
0.14013671875 0.427734375 0.81982421875 711205
0.14013671875 0.427734375 0.81982421875 711207
0.14013671875 0.427734375 0.81982421875 711208
0.14013671875 0.427734375 0.81982421875 711209
0.14013671875 0.427734375 0.81982421875 711210
0.13427734375 0.43212890625 0.8134765625 711295
0.13720703125 0.43798828125 0.82763671875 711375
0.13720703125 0.43798828125 0.82763671875 711376
0.13720703125 0.43798828125 0.82763671875 711377
0.13720703125 0.43798828125 0.82763671875 711378
0.13720703125 0.43798828125 0.82763671875 711379
0.13720703125 0.42626953125 0.8203125 711496
0.13720703125 0.42626953125 0.8203125 711497
0.13720703125 0.42626953125 0.8203125 711498
0.13720703125 0.42626953125 0.8203125 711499
0.13720703125 0.42626953125 0.8203125 711500
0.13232421875 0.4287109375 0.82275390625 711599
0.13232421875 0.4287109375 0.82275390625 711600
0.13232421875 0.4287109375 0.82275390625 711601
0.13232421875 0.4287109375 0.82275390625 711602
0.13232421875 0.4287109375 0.82275390625 711603
0.13916015625 0.4287109375 0.828125 711704
0.13916015625 0.4287109375 0.828125 711706
0.13916015625 0.4287109375 0.828125 711707
0.13916015625 0.4287109375 0.828125 711708
0.13916015625 0.4287109375 0.828125 711709
0.13134765625 0.43798828125 0.82861328125 711805
0.13134765625 0.43798828125 0.82861328125 711807
0.13134765625 0.43798828125 0.82861328125 711808
0.13134765625 0.43798828125 0.82861328125 711810
0.13134765625 0.43798828125 0.82861328125 711811
0.138671875 0.43505859375 0.81591796875 711908
0.138671875 0.43505859375 0.81591796875 711909
0.138671875 0.43505859375 0.81591796875 711911
0.138671875 0.43505859375 0.81591796875 711912
0.138671875 0.43505859375 0.81591796875 711912
0.13330078125 0.42431640625 0.8154296875 711973
0.1337890625 0.43359375 0.82861328125 712096
0.1337890625 0.43359375 0.82861328125 712097
0.1337890625 0.43359375 0.82861328125 712098
0.1337890625 0.43359375 0.82861328125 712098
0.1337890625 0.43359375 0.82861328125 712099
0.13818359375 0.42919921875 0.82861328125 712201
0.13818359375 0.42919921875 0.82861328125 712203
0.13818359375 0.42919921875 0.82861328125 712204
0.13818359375 0.42919921875 0.82861328125 712205
0.13818359375 0.42919921875 0.82861328125 712206
0.13427734375 0.43505859375 0.8271484375 712301
0.13427734375 0.43505859375 0.8271484375 712302
0.134765625 0.4296875 0.81591796875 712404
0.134765625 0.4296875 0.81591796875 712405
0.134765625 0.4296875 0.81591796875 712405
0.134765625 0.4296875 0.81591796875 712406
0.134765625 0.4296875 0.81591796875 712407
0.13037109375 0.43212890625 0.82080078125 712506
0.13037109375 0.43212890625 0.82080078125 712507
0.13037109375 0.43212890625 0.82080078125 712508
0.13037109375 0.43212890625 0.82080078125 712509
0.13037109375 0.43212890625 0.82080078125 712510
0.13916015625 0.4345703125 0.828125 712573
0.1396484375 0.4208984375 0.822265625 712697
0.1396484375 0.4208984375 0.822265625 712698
0.1396484375 0.4208984375 0.822265625 712700
0.1396484375 0.4208984375 0.822265625 712701
0.1396484375 0.4208984375 0.822265625 712702
0.14111328125 0.4345703125 0.83154296875 712799
0.14111328125 0.4345703125 0.83154296875 712800
0.14111328125 0.4345703125 0.83154296875 712801
0.14111328125 0.4345703125 0.83154296875 712802
0.14111328125 0.4345703125 0.83154296875 712803
0.134765625 0.42919921875 0.81591796875 712902
0.134765625 0.42919921875 0.81591796875 712903
0.134765625 0.42919921875 0.81591796875 712904
0.134765625 0.42919921875 0.81591796875 712905
0.134765625 0.42919921875 0.81591796875 712906
0.13623046875 0.43896484375 0.8310546875 712992
0.1357421875 0.4248046875 0.8193359375 713106
0.1357421875 0.4248046875 0.8193359375 713107
0.1357421875 0.4248046875 0.8193359375 713108
0.1357421875 0.4248046875 0.8193359375 713109
0.1357421875 0.4248046875 0.8193359375 713111
0.12939453125 0.439453125 0.81640625 713172
0.13232421875 0.44189453125 0.8310546875 713299
0.13232421875 0.44189453125 0.8310546875 713301
0.13232421875 0.44189453125 0.8310546875 713303
0.13232421875 0.44189453125 0.8310546875 713304
0.13232421875 0.44189453125 0.8310546875 713305
0.1396484375 0.4248046875 0.82275390625 713398
0.134765625 0.427734375 0.81787109375 713501
0.134765625 0.427734375 0.81787109375 713502
0.134765625 0.427734375 0.81787109375 713503
0.134765625 0.427734375 0.81787109375 713504
0.134765625 0.427734375 0.81787109375 713505
0.13720703125 0.431640625 0.82373046875 713604
0.13720703125 0.431640625 0.82373046875 713605
0.13720703125 0.431640625 0.82373046875 713606
0.13720703125 0.431640625 0.82373046875 713607
0.13720703125 0.431640625 0.82373046875 713607
0.13427734375 0.4345703125 0.81884765625 713709
0.13427734375 0.4345703125 0.81884765625 713710
0.13427734375 0.4345703125 0.81884765625 713711
0.13427734375 0.4345703125 0.81884765625 713712
0.13427734375 0.4345703125 0.81884765625 713713
0.140625 0.43310546875 0.82373046875 713804
0.1376953125 0.43359375 0.82177734375 713901
0.1376953125 0.43359375 0.82177734375 713902
0.1376953125 0.43359375 0.82177734375 713903
0.1376953125 0.43359375 0.82177734375 713904
0.1376953125 0.43359375 0.82177734375 713905
0.13623046875 0.43505859375 0.82080078125 713995
0.142578125 0.43603515625 0.8232421875 714109
0.142578125 0.43603515625 0.8232421875 714111
0.142578125 0.43603515625 0.8232421875 714112
0.142578125 0.43603515625 0.8232421875 714113
0.142578125 0.43603515625 0.8232421875 714114
0.14306640625 0.4384765625 0.82861328125 714174
0.138671875 0.4384765625 0.81640625 714298
0.138671875 0.4384765625 0.81640625 714299
0.138671875 0.4384765625 0.81640625 714300
0.138671875 0.4384765625 0.81640625 714302
0.138671875 0.4384765625 0.81640625 714303
0.14794921875 0.43017578125 0.822265625 714404
0.14794921875 0.43017578125 0.822265625 714406
0.14794921875 0.43017578125 0.822265625 714407
0.14794921875 0.43017578125 0.822265625 714408
0.14794921875 0.43017578125 0.822265625 714410
0.14453125 0.44970703125 0.83349609375 714509
0.14453125 0.44970703125 0.83349609375 714510
0.14453125 0.44970703125 0.83349609375 714511
0.14453125 0.44970703125 0.83349609375 714512
0.14453125 0.44970703125 0.83349609375 714514
0.1494140625 0.4345703125 0.82080078125 714609
0.15283203125 0.42724609375 0.81787109375 714674
0.15283203125 0.42724609375 0.81787109375 714675
0.15283203125 0.42724609375 0.81787109375 714676
0.15283203125 0.42724609375 0.81787109375 714677
0.15283203125 0.42724609375 0.81787109375 714678
0.150390625 0.42578125 0.80517578125 714786
0.150390625 0.42578125 0.80517578125 714787
0.150390625 0.42578125 0.80517578125 714788
0.150390625 0.42578125 0.80517578125 714789
0.150390625 0.42578125 0.80517578125 714789
0.158203125 0.42724609375 0.81005859375 714905
0.158203125 0.42724609375 0.81005859375 714906
0.158203125 0.42724609375 0.81005859375 714907
0.158203125 0.42724609375 0.81005859375 714908
0.158203125 0.42724609375 0.81005859375 714908
0.16064453125 0.41259765625 0.7919921875 715005
0.16064453125 0.41259765625 0.7919921875 715006
0.16064453125 0.41259765625 0.7919921875 715007
0.16064453125 0.41259765625 0.7919921875 715008
0.15234375 0.4072265625 0.78369140625 715108
0.15234375 0.4072265625 0.78369140625 715109
0.15234375 0.4072265625 0.78369140625 715110
0.15234375 0.4072265625 0.78369140625 715111
0.15234375 0.4072265625 0.78369140625 715112
0.16943359375 0.37939453125 0.80810546875 715174
0.15087890625 0.408203125 0.90869140625 715298
0.15087890625 0.408203125 0.90869140625 715300
0.15087890625 0.408203125 0.90869140625 715301
0.15087890625 0.408203125 0.90869140625 715302
0.15087890625 0.408203125 0.90869140625 715303
0.0400390625 0.48876953125 0.8408203125 715400
0.0400390625 0.48876953125 0.8408203125 715401
0.0400390625 0.48876953125 0.8408203125 715403
0.0400390625 0.48876953125 0.8408203125 715404
0.0400390625 0.48876953125 0.8408203125 715405
-0.169921875 0.69384765625 0.58642578125 715503
-0.169921875 0.69384765625 0.58642578125 715504
-0.169921875 0.69384765625 0.58642578125 715505
-0.169921875 0.69384765625 0.58642578125 715506
-0.169921875 0.69384765625 0.58642578125 715508
-0.38525390625 0.82666015625 0.31884765625 715605
-0.38525390625 0.82666015625 0.31884765625 715606
-0.38525390625 0.82666015625 0.31884765625 715607
-0.38525390625 0.82666015625 0.31884765625 715608
-0.38525390625 0.82666015625 0.31884765625 715609
-0.48193359375 0.73828125 -0.0234375 715709
-0.48193359375 0.73828125 -0.0234375 715711
-0.48193359375 0.73828125 -0.0234375 715712
-0.48193359375 0.73828125 -0.0234375 715713
-0.48193359375 0.73828125 -0.0234375 715714
-0.4072265625 0.6640625 -0.6005859375 715775
-0.31396484375 0.55224609375 -0.95947265625 715900
-0.31396484375 0.55224609375 -0.95947265625 715901
-0.31396484375 0.55224609375 -0.95947265625 715902
-0.31396484375 0.55224609375 -0.95947265625 715903
-0.31396484375 0.55224609375 -0.95947265625 715903
-0.49609375 0.69189453125 -0.11767578125 716001
-0.49609375 0.69189453125 -0.11767578125 716002
-0.49609375 0.69189453125 -0.11767578125 716003
-0.49609375 0.69189453125 -0.11767578125 716004
-0.49609375 0.69189453125 -0.11767578125 716006
-0.21826171875 0.51318359375 0.75927734375 716106
-0.21826171875 0.51318359375 0.75927734375 716107
-0.21826171875 0.51318359375 0.75927734375 716108
-0.21826171875 0.51318359375 0.75927734375 716109
-0.21826171875 0.51318359375 0.75927734375 716111
0.06103515625 0.2587890625 0.83642578125 716210
0.06103515625 0.2587890625 0.83642578125 716211
0.06103515625 0.2587890625 0.83642578125 716212
0.06103515625 0.2587890625 0.83642578125 716213
0.06103515625 0.2587890625 0.83642578125 716214
0.03369140625 0.48974609375 0.73388671875 716310
0.03369140625 0.48974609375 0.73388671875 716311
0.03369140625 0.48974609375 0.73388671875 716313
0.03369140625 0.48974609375 0.73388671875 716314
0.03369140625 0.48974609375 0.73388671875 716315
-0.09326171875 0.78759765625 0.49755859375 716376
-0.12646484375 0.802734375 0.4912109375 716500
-0.12646484375 0.802734375 0.4912109375 716501
-0.12646484375 0.802734375 0.4912109375 716502
-0.12646484375 0.802734375 0.4912109375 716503
-0.12646484375 0.802734375 0.4912109375 716504
-0.17626953125 0.7880859375 0.4951171875 716601
-0.17626953125 0.7880859375 0.4951171875 716603
-0.17626953125 0.7880859375 0.4951171875 716604
-0.17626953125 0.7880859375 0.4951171875 716605
-0.17626953125 0.7880859375 0.4951171875 716606
-0.19189453125 0.771484375 0.4755859375 716706
-0.19189453125 0.771484375 0.4755859375 716708
-0.19189453125 0.771484375 0.4755859375 716709
-0.19189453125 0.771484375 0.4755859375 716710
-0.19189453125 0.771484375 0.4755859375 716711
-0.23876953125 0.77294921875 0.46875 716807
-0.23876953125 0.77294921875 0.46875 716809
-0.23876953125 0.77294921875 0.46875 716810
-0.23876953125 0.77294921875 0.46875 716811
-0.23876953125 0.77294921875 0.46875 716812
-0.212890625 0.75 0.50830078125 716910
-0.212890625 0.75 0.50830078125 716911
-0.212890625 0.75 0.50830078125 716912
-0.212890625 0.75 0.50830078125 716913
-0.212890625 0.75 0.50830078125 716914
-0.2060546875 0.7431640625 0.5205078125 716976
-0.220703125 0.744140625 0.5146484375 717100
-0.220703125 0.744140625 0.5146484375 717101
-0.220703125 0.744140625 0.5146484375 717102
-0.220703125 0.744140625 0.5146484375 717103
-0.220703125 0.744140625 0.5146484375 717104
-0.2255859375 0.7431640625 0.54833984375 717206
-0.2255859375 0.7431640625 0.54833984375 717207
-0.2255859375 0.7431640625 0.54833984375 717208
-0.2255859375 0.7431640625 0.54833984375 717209
-0.2255859375 0.7431640625 0.54833984375 717211
-0.271484375 0.71923828125 0.46435546875 717306
-0.3623046875 0.7353515625 0.2890625 717409
-0.3623046875 0.7353515625 0.2890625 717410
-0.3623046875 0.7353515625 0.2890625 717410
-0.3623046875 0.7353515625 0.2890625 717411
-0.3623046875 0.7353515625 0.2890625 717412
-0.44384765625 0.7529296875 0.0859375 717475
-0.435546875 0.82763671875 0.11767578125 717599
-0.435546875 0.82763671875 0.11767578125 717600
-0.435546875 0.82763671875 0.11767578125 717600
-0.435546875 0.82763671875 0.11767578125 717601
-0.435546875 0.82763671875 0.11767578125 717602
-0.380859375 0.88818359375 0.21435546875 717705
-0.380859375 0.88818359375 0.21435546875 717707
-0.380859375 0.88818359375 0.21435546875 717708
-0.380859375 0.88818359375 0.21435546875 717709
-0.380859375 0.88818359375 0.21435546875 717711
-0.22412109375 0.86474609375 0.31884765625 717803
0.05126953125 0.76318359375 0.67626953125 717905
0.05126953125 0.76318359375 0.67626953125 717906
0.05126953125 0.76318359375 0.67626953125 717907
0.05126953125 0.76318359375 0.67626953125 717909
0.05126953125 0.76318359375 0.67626953125 717910
0.17236328125 0.65869140625 0.76708984375 718008
0.17236328125 0.65869140625 0.76708984375 718009
0.17236328125 0.65869140625 0.76708984375 718010
0.17236328125 0.65869140625 0.76708984375 718011
0.17236328125 0.65869140625 0.76708984375 718012
0.2080078125 0.55908203125 0.8154296875 718110
0.2080078125 0.55908203125 0.8154296875 718111
0.2080078125 0.55908203125 0.8154296875 718113
0.2080078125 0.55908203125 0.8154296875 718114
0.2080078125 0.55908203125 0.8154296875 718115
0.18701171875 0.51904296875 0.80322265625 718179
0.17578125 0.5205078125 0.80419921875 718290
0.17578125 0.5205078125 0.80419921875 718291
0.17578125 0.5205078125 0.80419921875 718292
0.17578125 0.5205078125 0.80419921875 718293
0.17578125 0.5205078125 0.80419921875 718294
0.17626953125 0.50048828125 0.80224609375 718375
0.17578125 0.4970703125 0.802734375 718500
0.17578125 0.4970703125 0.802734375 718501
0.17578125 0.4970703125 0.802734375 718502
0.17578125 0.4970703125 0.802734375 718503
0.17578125 0.4970703125 0.802734375 718504
0.1640625 0.47509765625 0.79833984375 718602
0.1640625 0.47509765625 0.79833984375 718604
0.1640625 0.47509765625 0.79833984375 718605
0.1640625 0.47509765625 0.79833984375 718606
0.1640625 0.47509765625 0.79833984375 718607
0.16943359375 0.46728515625 0.8115234375 718707
0.16943359375 0.46728515625 0.8115234375 718709
0.16943359375 0.46728515625 0.8115234375 718709
0.16943359375 0.46728515625 0.8115234375 718711
0.16943359375 0.46728515625 0.8115234375 718712
0.1787109375 0.4560546875 0.81982421875 718808
0.1787109375 0.4560546875 0.81982421875 718809
0.1796875 0.439453125 0.8212890625 718913
0.1796875 0.439453125 0.8212890625 718914
0.1796875 0.439453125 0.8212890625 718915
0.1796875 0.439453125 0.8212890625 718916
0.1796875 0.439453125 0.8212890625 718917
0.1650390625 0.4375 0.8046875 718976
0.15625 0.423828125 0.8046875 719100
0.15625 0.423828125 0.8046875 719101
0.15625 0.423828125 0.8046875 719102
0.15625 0.423828125 0.8046875 719103
0.15625 0.423828125 0.8046875 719104
0.1455078125 0.42578125 0.80859375 719205
0.1455078125 0.42578125 0.80859375 719207
0.1455078125 0.42578125 0.80859375 719208
0.1455078125 0.42578125 0.80859375 719209
0.1455078125 0.42578125 0.80859375 719210
0.1396484375 0.41064453125 0.810546875 719305
0.1396484375 0.41064453125 0.810546875 719306
0.15087890625 0.4091796875 0.8203125 719411
0.15087890625 0.4091796875 0.8203125 719412
0.15087890625 0.4091796875 0.8203125 719414
0.15087890625 0.4091796875 0.8203125 719415
0.15087890625 0.4091796875 0.8203125 719416
0.15234375 0.39892578125 0.83154296875 719476
0.1416015625 0.41650390625 0.82763671875 719600
0.1416015625 0.41650390625 0.82763671875 719601
0.1416015625 0.41650390625 0.82763671875 719601
0.1416015625 0.41650390625 0.82763671875 719602
0.1416015625 0.41650390625 0.82763671875 719603
0.14892578125 0.41845703125 0.833984375 719693
0.16259765625 0.40283203125 0.82861328125 719811
0.16259765625 0.40283203125 0.82861328125 719812
0.16259765625 0.40283203125 0.82861328125 719813
0.16259765625 0.40283203125 0.82861328125 719814
0.16259765625 0.40283203125 0.82861328125 719816
0.15673828125 0.40771484375 0.828125 719878
0.16259765625 0.40966796875 0.84033203125 720001
0.16259765625 0.40966796875 0.84033203125 720003
0.16259765625 0.40966796875 0.84033203125 720004
0.16259765625 0.40966796875 0.84033203125 720004
0.16259765625 0.40966796875 0.84033203125 720006
0.1611328125 0.39501953125 0.8232421875 720104
0.1611328125 0.39501953125 0.8232421875 720105
0.1611328125 0.39501953125 0.8232421875 720106
0.1611328125 0.39501953125 0.8232421875 720107
0.1611328125 0.39501953125 0.8232421875 720108
0.16015625 0.42236328125 0.84130859375 720204
0.15673828125 0.40283203125 0.8212890625 720303
0.15673828125 0.40283203125 0.8212890625 720304
0.15673828125 0.40283203125 0.8212890625 720305
0.15673828125 0.40283203125 0.8212890625 720306
0.15673828125 0.40283203125 0.8212890625 720307
0.1591796875 0.41162109375 0.8271484375 720405
0.1591796875 0.41162109375 0.8271484375 720406
0.1591796875 0.41162109375 0.8271484375 720407
0.1591796875 0.41162109375 0.8271484375 720408
0.1591796875 0.41162109375 0.8271484375 720408
0.15673828125 0.412109375 0.82763671875 720511
0.15673828125 0.412109375 0.82763671875 720512
0.15673828125 0.412109375 0.82763671875 720513
0.15673828125 0.412109375 0.82763671875 720514
0.15673828125 0.412109375 0.82763671875 720515
0.15380859375 0.421875 0.8349609375 720610
0.16357421875 0.40625 0.83447265625 720715
0.16357421875 0.40625 0.83447265625 720717
0.16357421875 0.40625 0.83447265625 720718
0.16357421875 0.40625 0.83447265625 720719
0.16357421875 0.40625 0.83447265625 720719
0.15869140625 0.416015625 0.82763671875 720777
0.1630859375 0.40869140625 0.8291015625 720904
0.1630859375 0.40869140625 0.8291015625 720905
0.1630859375 0.40869140625 0.8291015625 720906
0.1630859375 0.40869140625 0.8291015625 720907
0.1630859375 0.40869140625 0.8291015625 720908
0.15283203125 0.41748046875 0.830078125 721004
0.16259765625 0.40478515625 0.83349609375 721107
0.16259765625 0.40478515625 0.83349609375 721108
0.16259765625 0.40478515625 0.83349609375 721108
0.16259765625 0.40478515625 0.83349609375 721109
0.16259765625 0.40478515625 0.83349609375 721111
0.14990234375 0.4189453125 0.830078125 721212
0.14990234375 0.4189453125 0.830078125 721214
0.14990234375 0.4189453125 0.830078125 721215
0.14990234375 0.4189453125 0.830078125 721216
0.14990234375 0.4189453125 0.830078125 721217
0.154296875 0.41015625 0.8232421875 721311
0.158203125 0.408203125 0.82861328125 721379
0.158203125 0.408203125 0.82861328125 721380
0.158203125 0.408203125 0.82861328125 721382
0.158203125 0.408203125 0.82861328125 721383
0.158203125 0.408203125 0.82861328125 721384
0.1552734375 0.408203125 0.833984375 721491
0.1552734375 0.408203125 0.833984375 721492
0.1552734375 0.408203125 0.833984375 721493
0.1552734375 0.408203125 0.833984375 721495
0.1552734375 0.408203125 0.833984375 721496
0.15185546875 0.41650390625 0.83544921875 721608
0.15185546875 0.41650390625 0.83544921875 721609
0.15185546875 0.41650390625 0.83544921875 721611
0.15185546875 0.41650390625 0.83544921875 721612
0.158203125 0.4033203125 0.83349609375 721712
0.158203125 0.4033203125 0.83349609375 721713
0.158203125 0.4033203125 0.83349609375 721714
0.158203125 0.4033203125 0.83349609375 721715
0.158203125 0.4033203125 0.83349609375 721716
0.16259765625 0.4072265625 0.8330078125 721815
0.16259765625 0.4072265625 0.8330078125 721816
0.16259765625 0.4072265625 0.8330078125 721818
0.16259765625 0.4072265625 0.8330078125 721819
0.16259765625 0.4072265625 0.8330078125 721820
0.158203125 0.40234375 0.83154296875 721879
0.15869140625 0.41162109375 0.84130859375 722001
0.15869140625 0.41162109375 0.84130859375 722002
0.15869140625 0.41162109375 0.84130859375 722003
0.15869140625 0.41162109375 0.84130859375 722004
0.15869140625 0.41162109375 0.84130859375 722005
0.162109375 0.4052734375 0.82958984375 722104
0.162109375 0.4052734375 0.82958984375 722105
0.162109375 0.4052734375 0.82958984375 722106
0.162109375 0.4052734375 0.82958984375 722106
0.162109375 0.4052734375 0.82958984375 722107
0.1572265625 0.41162109375 0.82861328125 722207
0.1572265625 0.41162109375 0.82861328125 722208
0.1572265625 0.41162109375 0.82861328125 722209
0.1572265625 0.41162109375 0.82861328125 722210
0.1572265625 0.41162109375 0.82861328125 722211
0.15576171875 0.41259765625 0.8310546875 722309
0.15576171875 0.41259765625 0.8310546875 722310
0.15576171875 0.41259765625 0.8310546875 722311
0.15576171875 0.41259765625 0.8310546875 722311
0.15576171875 0.41259765625 0.8310546875 722312
0.15625 0.412109375 0.83056640625 722415
0.15625 0.412109375 0.83056640625 722416
0.15625 0.412109375 0.83056640625 722417
0.15625 0.412109375 0.83056640625 722418
0.15625 0.412109375 0.83056640625 722419
0.15576171875 0.41015625 0.8291015625 722478
0.158203125 0.40771484375 0.83056640625 722602
0.158203125 0.40771484375 0.83056640625 722603
0.158203125 0.40771484375 0.83056640625 722604
0.158203125 0.40771484375 0.83056640625 722605
0.158203125 0.40771484375 0.83056640625 722606
0.16650390625 0.404296875 0.83447265625 722705
0.16650390625 0.404296875 0.83447265625 722706
0.16650390625 0.404296875 0.83447265625 722707
0.16650390625 0.404296875 0.83447265625 722709
0.16650390625 0.404296875 0.83447265625 722710
0.14697265625 0.4130859375 0.8173828125 722807
0.14697265625 0.4130859375 0.8173828125 722808
0.14697265625 0.4130859375 0.8173828125 722809
0.14697265625 0.4130859375 0.8173828125 722810
0.14697265625 0.4130859375 0.8173828125 722811
0.1640625 0.404296875 0.84033203125 722912
0.1640625 0.404296875 0.84033203125 722914
0.1640625 0.404296875 0.84033203125 722915
0.1640625 0.404296875 0.84033203125 722916
0.1640625 0.404296875 0.84033203125 722917
0.15478515625 0.40234375 0.82763671875 723012
0.15478515625 0.40234375 0.82763671875 723013
0.15283203125 0.40966796875 0.8369140625 723079
0.15283203125 0.40966796875 0.8369140625 723080
0.15283203125 0.40966796875 0.8369140625 723082
0.15283203125 0.40966796875 0.8369140625 723082
0.1533203125 0.41162109375 0.8369140625 723190
0.1533203125 0.41162109375 0.8369140625 723191
0.1533203125 0.41162109375 0.8369140625 723192
0.1533203125 0.41162109375 0.8369140625 723193
0.1533203125 0.41162109375 0.8369140625 723194
0.16064453125 0.3974609375 0.83154296875 723307
0.16064453125 0.3974609375 0.83154296875 723308
0.16064453125 0.3974609375 0.83154296875 723309
0.16064453125 0.3974609375 0.83154296875 723310
0.16064453125 0.3974609375 0.83154296875 723310
0.150390625 0.40869140625 0.8369140625 723403
0.15966796875 0.396484375 0.8330078125 723502
0.15966796875 0.396484375 0.8330078125 723503
0.15966796875 0.396484375 0.8330078125 723504
0.15966796875 0.396484375 0.8330078125 723505
0.15966796875 0.396484375 0.8330078125 723506
0.154296875 0.40625 0.83154296875 723605
0.154296875 0.40625 0.83154296875 723606
0.154296875 0.40625 0.83154296875 723607
0.154296875 0.40625 0.83154296875 723609
0.154296875 0.40625 0.83154296875 723610
0.1591796875 0.3974609375 0.833984375 723710
0.1591796875 0.3974609375 0.833984375 723711
0.1591796875 0.3974609375 0.833984375 723712
0.1591796875 0.3974609375 0.833984375 723713
0.1591796875 0.3974609375 0.833984375 723714
0.1650390625 0.39697265625 0.84130859375 723798
0.15283203125 0.4072265625 0.83056640625 723915
0.15283203125 0.4072265625 0.83056640625 723916
0.15283203125 0.4072265625 0.83056640625 723917
0.15283203125 0.4072265625 0.83056640625 723918
0.15283203125 0.4072265625 0.83056640625 723919
0.15771484375 0.39697265625 0.83251953125 723981
0.15771484375 0.40234375 0.83642578125 724103
0.15771484375 0.40234375 0.83642578125 724104
0.15771484375 0.40234375 0.83642578125 724105
0.15771484375 0.40234375 0.83642578125 724106
0.15771484375 0.40234375 0.83642578125 724107
0.154296875 0.40478515625 0.82861328125 724210
0.154296875 0.40478515625 0.82861328125 724211
0.154296875 0.40478515625 0.82861328125 724212
0.154296875 0.40478515625 0.82861328125 724214
0.154296875 0.40478515625 0.82861328125 724215
0.16650390625 0.39990234375 0.84521484375 724309
0.158203125 0.40478515625 0.8310546875 724379
0.158203125 0.40478515625 0.8310546875 724380
0.158203125 0.40478515625 0.8310546875 724381
0.158203125 0.40478515625 0.8310546875 724382
0.158203125 0.40478515625 0.8310546875 724383
0.16357421875 0.39697265625 0.8359375 724503
0.16357421875 0.39697265625 0.8359375 724505
0.16357421875 0.39697265625 0.8359375 724506
0.16357421875 0.39697265625 0.8359375 724507
0.16357421875 0.39697265625 0.8359375 724508
0.15869140625 0.40771484375 0.84033203125 724606
0.15869140625 0.40771484375 0.84033203125 724608
0.15869140625 0.40771484375 0.84033203125 724609
0.15869140625 0.40771484375 0.84033203125 724610
0.15869140625 0.40771484375 0.84033203125 724610
0.1474609375 0.40234375 0.82373046875 724708
0.1474609375 0.40234375 0.82373046875 724709
0.1474609375 0.40234375 0.82373046875 724710
0.1474609375 0.40234375 0.82373046875 724711
0.1474609375 0.40234375 0.82373046875 724712
0.15478515625 0.4033203125 0.84326171875 724810
0.15478515625 0.4033203125 0.84326171875 724812
0.15478515625 0.4033203125 0.84326171875 724812
0.15478515625 0.4033203125 0.84326171875 724813
0.15478515625 0.4033203125 0.84326171875 724814
0.1533203125 0.39990234375 0.83447265625 724915
0.1533203125 0.39990234375 0.83447265625 724916
0.1533203125 0.39990234375 0.83447265625 724917
0.1533203125 0.39990234375 0.83447265625 724918
0.1533203125 0.39990234375 0.83447265625 724918
0.15673828125 0.3984375 0.83349609375 724984
0.1552734375 0.40380859375 0.83740234375 725112
0.1552734375 0.40380859375 0.83740234375 725114
0.1552734375 0.40380859375 0.83740234375 725114
0.1552734375 0.40380859375 0.83740234375 725116
0.1552734375 0.40380859375 0.83740234375 725117
0.1591796875 0.40087890625 0.83349609375 725212
0.1591796875 0.40087890625 0.83349609375 725213
0.1552734375 0.4091796875 0.8388671875 725319
0.1552734375 0.4091796875 0.8388671875 725320
0.1552734375 0.4091796875 0.8388671875 725321
0.1552734375 0.4091796875 0.8388671875 725322
0.1552734375 0.4091796875 0.8388671875 725323
0.15625 0.4033203125 0.83837890625 725384
0.16015625 0.40478515625 0.8369140625 725507
0.16015625 0.40478515625 0.8369140625 725508
0.16015625 0.40478515625 0.8369140625 725509
0.16015625 0.40478515625 0.8369140625 725534
0.16015625 0.40478515625 0.8369140625 725535
0.15478515625 0.39990234375 0.82373046875 725612
0.15478515625 0.39990234375 0.82373046875 725613
0.15478515625 0.39990234375 0.82373046875 725615
0.15478515625 0.39990234375 0.82373046875 725616
0.15966796875 0.4091796875 0.837890625 725714
0.15966796875 0.4091796875 0.837890625 725716
0.15966796875 0.4091796875 0.837890625 725717
0.15966796875 0.4091796875 0.837890625 725717
0.15966796875 0.4091796875 0.837890625 725718
0.17138671875 0.3984375 0.84033203125 725780
0.15380859375 0.4111328125 0.83056640625 725905
0.15380859375 0.4111328125 0.83056640625 725906
0.15380859375 0.4111328125 0.83056640625 725907
0.15380859375 0.4111328125 0.83056640625 725908
0.15380859375 0.4111328125 0.83056640625 725909
0.154296875 0.40576171875 0.83203125 726009
0.154296875 0.40576171875 0.83203125 726011
0.154296875 0.40576171875 0.83203125 726012
0.154296875 0.40576171875 0.83203125 726012
0.154296875 0.40576171875 0.83203125 726013
0.158203125 0.404296875 0.83935546875 726111
0.158203125 0.404296875 0.83935546875 726112
0.158203125 0.404296875 0.83935546875 726113
0.158203125 0.404296875 0.83935546875 726114
0.158203125 0.404296875 0.83935546875 726115
0.1552734375 0.40625 0.833984375 726213
0.1552734375 0.40625 0.833984375 726215
0.1552734375 0.40625 0.833984375 726216
0.1552734375 0.40625 0.833984375 726239
0.1552734375 0.40625 0.833984375 726240
0.154296875 0.40576171875 0.82568359375 726316
0.154296875 0.40576171875 0.82568359375 726317
0.154296875 0.40576171875 0.82568359375 726318
0.154296875 0.40576171875 0.82568359375 726318
0.15380859375 0.40625 0.8291015625 726383
0.15380859375 0.40625 0.8291015625 726384
0.154296875 0.39990234375 0.830078125 726505
0.154296875 0.39990234375 0.830078125 726507
0.154296875 0.39990234375 0.830078125 726508
0.154296875 0.39990234375 0.830078125 726509
0.154296875 0.39990234375 0.830078125 726510
0.1591796875 0.40283203125 0.83984375 726603
0.15966796875 0.39892578125 0.8330078125 726690
0.15966796875 0.39892578125 0.8330078125 726691
0.15966796875 0.39892578125 0.8330078125 726692
0.15966796875 0.39892578125 0.8330078125 726693
0.15966796875 0.39892578125 0.8330078125 726694
0.158203125 0.4072265625 0.833984375 726808
0.158203125 0.4072265625 0.833984375 726809
0.158203125 0.4072265625 0.833984375 726810
0.158203125 0.4072265625 0.833984375 726812
0.158203125 0.4072265625 0.833984375 726813
0.15771484375 0.3984375 0.828125 726910
0.15771484375 0.3984375 0.828125 726911
0.15771484375 0.3984375 0.828125 726912
0.15771484375 0.3984375 0.828125 726913
0.15771484375 0.3984375 0.828125 726914
0.15576171875 0.4013671875 0.83935546875 727012
0.15576171875 0.4013671875 0.83935546875 727013
0.15576171875 0.4013671875 0.83935546875 727014
0.15576171875 0.4013671875 0.83935546875 727015
0.15576171875 0.4013671875 0.83935546875 727016
0.1591796875 0.396484375 0.8330078125 727115
0.1591796875 0.396484375 0.8330078125 727116
0.1591796875 0.396484375 0.8330078125 727117
0.1591796875 0.396484375 0.8330078125 727118
0.1591796875 0.396484375 0.8330078125 727119
0.1611328125 0.39208984375 0.83203125 727181
0.16015625 0.3974609375 0.83349609375 727305
0.16015625 0.3974609375 0.83349609375 727307
0.16015625 0.3974609375 0.83349609375 727308
0.16015625 0.3974609375 0.83349609375 727309
0.16015625 0.3974609375 0.83349609375 727310
0.1650390625 0.384765625 0.83447265625 727407
0.1650390625 0.384765625 0.83447265625 727408
0.1650390625 0.384765625 0.83447265625 727409
0.1650390625 0.384765625 0.83447265625 727410
0.1650390625 0.384765625 0.83447265625 727411
0.18505859375 0.400390625 0.8359375 727510
0.18505859375 0.400390625 0.8359375 727511
0.18505859375 0.400390625 0.8359375 727513
0.18505859375 0.400390625 0.8359375 727514
0.18505859375 0.400390625 0.8359375 727515
0.18701171875 0.41259765625 0.83642578125 727612
0.18701171875 0.41259765625 0.83642578125 727614
0.18701171875 0.41259765625 0.83642578125 727614
0.18701171875 0.41259765625 0.83642578125 727616
0.18701171875 0.41259765625 0.83642578125 727616
0.1923828125 0.3798828125 0.8212890625 727715
0.1923828125 0.3798828125 0.8212890625 727716
0.1923828125 0.3798828125 0.8212890625 727717
0.1923828125 0.3798828125 0.8212890625 727718
0.1923828125 0.3798828125 0.8212890625 727719
0.177734375 0.36572265625 0.81494140625 727781
0.19970703125 0.33642578125 0.79150390625 727903
0.19970703125 0.33642578125 0.79150390625 727904
0.19970703125 0.33642578125 0.79150390625 727906
0.19970703125 0.33642578125 0.79150390625 727907
0.19970703125 0.33642578125 0.79150390625 727908
0.181640625 0.36328125 0.80029296875 728007
0.181640625 0.36328125 0.80029296875 728008
0.181640625 0.36328125 0.80029296875 728009
0.181640625 0.36328125 0.80029296875 728010
0.181640625 0.36328125 0.80029296875 728011
0.1982421875 0.35302734375 0.8896484375 728110
0.1982421875 0.35302734375 0.8896484375 728112
0.1982421875 0.35302734375 0.8896484375 728113
0.1982421875 0.35302734375 0.8896484375 728114
0.1982421875 0.35302734375 0.8896484375 728115
0.126953125 0.36962890625 0.94482421875 728212
0.126953125 0.36962890625 0.94482421875 728213
0.126953125 0.36962890625 0.94482421875 728214
0.126953125 0.36962890625 0.94482421875 728215
0.126953125 0.36962890625 0.94482421875 728215
-0.0732421875 0.546875 0.85498046875 728317
-0.0732421875 0.546875 0.85498046875 728318
-0.0732421875 0.546875 0.85498046875 728319
-0.0732421875 0.546875 0.85498046875 728320
-0.0732421875 0.546875 0.85498046875 728321
-0.330078125 0.6650390625 0.5380859375 728417
-0.330078125 0.6650390625 0.5380859375 728418
-0.330078125 0.6650390625 0.5380859375 728419
-0.330078125 0.6650390625 0.5380859375 728420
-0.330078125 0.6650390625 0.5380859375 728421
-0.5029296875 0.74755859375 0.0234375 728484
-0.56982421875 0.78857421875 -0.46728515625 728608
-0.56982421875 0.78857421875 -0.46728515625 728609
-0.56982421875 0.78857421875 -0.46728515625 728610
-0.56982421875 0.78857421875 -0.46728515625 728611
-0.56982421875 0.78857421875 -0.46728515625 728612
-0.49267578125 0.68359375 -0.7978515625 728715
-0.49267578125 0.68359375 -0.7978515625 728717
-0.49267578125 0.68359375 -0.7978515625 728718
-0.49267578125 0.68359375 -0.7978515625 728719
-0.49267578125 0.68359375 -0.7978515625 728721
-0.4326171875 0.693359375 0.28564453125 728814
0.13525390625 0.46728515625 1.189453125 728894
0.13525390625 0.46728515625 1.189453125 728896
0.13525390625 0.46728515625 1.189453125 728897
0.13525390625 0.46728515625 1.189453125 728898
0.13525390625 0.46728515625 1.189453125 728899
0.13916015625 0.27783203125 0.8720703125 729010
0.13916015625 0.27783203125 0.8720703125 729011
0.13916015625 0.27783203125 0.8720703125 729012
0.13916015625 0.27783203125 0.8720703125 729013
0.13916015625 0.27783203125 0.8720703125 729014
-0.02197265625 0.59521484375 0.60595703125 729112
-0.02197265625 0.59521484375 0.60595703125 729115
-0.02197265625 0.59521484375 0.60595703125 729116
-0.02197265625 0.59521484375 0.60595703125 729117
-0.02197265625 0.59521484375 0.60595703125 729117
-0.234375 0.93310546875 0.1044921875 729222
-0.234375 0.93310546875 0.1044921875 729223
-0.234375 0.93310546875 0.1044921875 729224
-0.234375 0.93310546875 0.1044921875 729225
-0.234375 0.93310546875 0.1044921875 729226
-0.3359375 0.92626953125 0.00537109375 729302
-0.40087890625 0.90380859375 0.11865234375 729410
-0.40087890625 0.90380859375 0.11865234375 729411
-0.40087890625 0.90380859375 0.11865234375 729412
-0.40087890625 0.90380859375 0.11865234375 729413
-0.40087890625 0.90380859375 0.11865234375 729414
-0.2666015625 0.791015625 0.23876953125 729510
-0.2666015625 0.791015625 0.23876953125 729512
-0.2666015625 0.791015625 0.23876953125 729513
-0.2666015625 0.791015625 0.23876953125 729514
-0.2666015625 0.791015625 0.23876953125 729514
0.01318359375 0.74755859375 0.72265625 729617
0.01318359375 0.74755859375 0.72265625 729619
0.01318359375 0.74755859375 0.72265625 729620
0.01318359375 0.74755859375 0.72265625 729621
0.01318359375 0.74755859375 0.72265625 729622
0.17431640625 0.55029296875 0.81494140625 729717
0.2216796875 0.4921875 0.85205078125 729799
0.2216796875 0.4921875 0.85205078125 729801
0.2216796875 0.4921875 0.85205078125 729801
0.2216796875 0.4921875 0.85205078125 729802
0.2216796875 0.4921875 0.85205078125 729803
0.20947265625 0.4619140625 0.80029296875 729903
0.20947265625 0.4619140625 0.80029296875 729930
0.20947265625 0.4619140625 0.80029296875 729931
0.20947265625 0.4619140625 0.80029296875 729932
0.20947265625 0.4619140625 0.80029296875 729933
0.17724609375 0.4560546875 0.810546875 730004
0.17724609375 0.4560546875 0.810546875 730005
0.16943359375 0.4404296875 0.80126953125 730106
0.16943359375 0.4404296875 0.80126953125 730108
0.16943359375 0.4404296875 0.80126953125 730108
0.16943359375 0.4404296875 0.80126953125 730109
0.16943359375 0.4404296875 0.80126953125 730110
0.16845703125 0.45751953125 0.84423828125 730208
0.16845703125 0.45751953125 0.84423828125 730209
0.16845703125 0.45751953125 0.84423828125 730210
0.16845703125 0.45751953125 0.84423828125 730211
0.16845703125 0.45751953125 0.84423828125 730212
0.166015625 0.44091796875 0.83154296875 730313
0.166015625 0.44091796875 0.83154296875 730314
0.166015625 0.44091796875 0.83154296875 730316
0.166015625 0.44091796875 0.83154296875 730317
0.166015625 0.44091796875 0.83154296875 730318
0.1689453125 0.42822265625 0.8193359375 730413
0.1689453125 0.42822265625 0.8193359375 730414
0.1689453125 0.42822265625 0.8193359375 730415
0.1533203125 0.41162109375 0.81396484375 730518
0.1533203125 0.41162109375 0.81396484375 730519
0.1533203125 0.41162109375 0.81396484375 730521
0.1533203125 0.41162109375 0.81396484375 730522
0.1533203125 0.41162109375 0.81396484375 730523
0.13916015625 0.40673828125 0.8046875 730582
0.1669921875 0.3974609375 0.833984375 730706
0.1669921875 0.3974609375 0.833984375 730707
0.1669921875 0.3974609375 0.833984375 730708
0.1669921875 0.3974609375 0.833984375 730709
0.1669921875 0.3974609375 0.833984375 730710
0.15380859375 0.4033203125 0.82421875 730808
0.15380859375 0.4033203125 0.82421875 730810
0.15380859375 0.4033203125 0.82421875 730810
0.15380859375 0.4033203125 0.82421875 730811
0.15380859375 0.4033203125 0.82421875 730812
0.15771484375 0.39697265625 0.81884765625 730911
0.15771484375 0.39697265625 0.81884765625 730913
0.15771484375 0.39697265625 0.81884765625 730914
0.15771484375 0.39697265625 0.81884765625 730915
0.15771484375 0.39697265625 0.81884765625 730917
0.15771484375 0.39990234375 0.8408203125 731015
0.15771484375 0.39990234375 0.8408203125 731017
0.15771484375 0.39990234375 0.8408203125 731018
0.15771484375 0.39990234375 0.8408203125 731019
0.15771484375 0.39990234375 0.8408203125 731020
0.158203125 0.40283203125 0.83447265625 731116
0.158203125 0.40283203125 0.83447265625 731117
0.158203125 0.40283203125 0.83447265625 731118
0.158203125 0.40283203125 0.83447265625 731118
0.140625 0.400390625 0.82080078125 731218
0.140625 0.400390625 0.82080078125 731219
0.140625 0.400390625 0.82080078125 731220
0.140625 0.400390625 0.82080078125 731221
0.140625 0.400390625 0.82080078125 731221
0.15478515625 0.39697265625 0.84130859375 731284
0.13916015625 0.3994140625 0.83544921875 731407
0.13916015625 0.3994140625 0.83544921875 731408
0.13916015625 0.3994140625 0.83544921875 731409
0.13916015625 0.3994140625 0.83544921875 731409
0.13916015625 0.3994140625 0.83544921875 731410
0.150390625 0.39306640625 0.84375 731510
0.150390625 0.39306640625 0.84375 731512
0.150390625 0.39306640625 0.84375 731513
0.150390625 0.39306640625 0.84375 731514
0.150390625 0.39306640625 0.84375 731516
0.1474609375 0.3994140625 0.83447265625 731613
0.1474609375 0.3994140625 0.83447265625 731615
0.1474609375 0.3994140625 0.83447265625 731616
0.1474609375 0.3994140625 0.83447265625 731617
0.1474609375 0.3994140625 0.83447265625 731619
0.15234375 0.40380859375 0.83740234375 731718
0.15234375 0.40380859375 0.83740234375 731719
0.15234375 0.40380859375 0.83740234375 731720
0.15234375 0.40380859375 0.83740234375 731721
0.15234375 0.40380859375 0.83740234375 731722
0.14599609375 0.3974609375 0.82421875 731783
0.15283203125 0.40087890625 0.84130859375 731908
0.15283203125 0.40087890625 0.84130859375 731909
0.15283203125 0.40087890625 0.84130859375 731910
0.15283203125 0.40087890625 0.84130859375 731911
0.15283203125 0.40087890625 0.84130859375 731912
0.162109375 0.38818359375 0.83251953125 732010
0.162109375 0.38818359375 0.83251953125 732012
0.162109375 0.38818359375 0.83251953125 732013
0.162109375 0.38818359375 0.83251953125 732014
0.162109375 0.38818359375 0.83251953125 732016
0.150390625 0.40234375 0.83203125 732112
0.150390625 0.40234375 0.83203125 732113
0.150390625 0.40234375 0.83203125 732114
0.150390625 0.40234375 0.83203125 732116
0.150390625 0.40234375 0.83203125 732117
0.15283203125 0.408203125 0.833984375 732214
0.15283203125 0.408203125 0.833984375 732215
0.15283203125 0.408203125 0.833984375 732216
0.15283203125 0.408203125 0.833984375 732216
0.15283203125 0.408203125 0.833984375 732217
0.154296875 0.40478515625 0.833984375 732318
0.154296875 0.40478515625 0.833984375 732319
0.154296875 0.40478515625 0.833984375 732320
0.154296875 0.40478515625 0.833984375 732321
0.154296875 0.40478515625 0.833984375 732322
0.16015625 0.39794921875 0.84228515625 732383
0.1455078125 0.404296875 0.83447265625 732507
0.1455078125 0.404296875 0.83447265625 732508
0.1455078125 0.404296875 0.83447265625 732509
0.1455078125 0.404296875 0.83447265625 732510
0.1455078125 0.404296875 0.83447265625 732511
0.14794921875 0.4013671875 0.837890625 732609
0.14794921875 0.4013671875 0.837890625 732610
0.14794921875 0.4013671875 0.837890625 732611
0.14794921875 0.4013671875 0.837890625 732613
0.14794921875 0.4013671875 0.837890625 732614
0.1494140625 0.392578125 0.83056640625 732714
0.1494140625 0.392578125 0.83056640625 732716
0.1494140625 0.392578125 0.83056640625 732717
0.1494140625 0.392578125 0.83056640625 732718
0.1494140625 0.392578125 0.83056640625 732719
0.1494140625 0.39794921875 0.84375 732818
0.1494140625 0.39794921875 0.84375 732820
0.1494140625 0.39794921875 0.84375 732821
0.1494140625 0.39794921875 0.84375 732821
0.1494140625 0.39794921875 0.84375 732822
0.1435546875 0.39599609375 0.82958984375 732920
0.1435546875 0.39599609375 0.82958984375 732922
0.1435546875 0.39599609375 0.82958984375 732923
0.1435546875 0.39599609375 0.82958984375 732924
0.1435546875 0.39599609375 0.82958984375 732926
0.15869140625 0.39208984375 0.841796875 732999
0.14306640625 0.39453125 0.8310546875 733093
0.14306640625 0.39453125 0.8310546875 733094
0.14306640625 0.39453125 0.8310546875 733095
0.14306640625 0.39453125 0.8310546875 733096
0.14306640625 0.39453125 0.8310546875 733097
0.15185546875 0.3974609375 0.83837890625 733209
0.15185546875 0.3974609375 0.83837890625 733210
0.15185546875 0.3974609375 0.83837890625 733212
0.15185546875 0.3974609375 0.83837890625 733213
0.15185546875 0.3974609375 0.83837890625 733214
0.1474609375 0.39306640625 0.833984375 733313
0.1474609375 0.39306640625 0.833984375 733315
0.1474609375 0.39306640625 0.833984375 733316
0.1474609375 0.39306640625 0.833984375 733317
0.1474609375 0.39306640625 0.833984375 733318
0.146484375 0.4033203125 0.83984375 733387
0.14990234375 0.3974609375 0.83154296875 733508
0.14990234375 0.3974609375 0.83154296875 733509
0.14990234375 0.3974609375 0.83154296875 733510
0.14990234375 0.3974609375 0.83154296875 733511
0.14990234375 0.3974609375 0.83154296875 733512
0.14306640625 0.40234375 0.82861328125 733611
0.14306640625 0.40234375 0.82861328125 733612
0.14306640625 0.40234375 0.82861328125 733613
0.14306640625 0.40234375 0.82861328125 733614
0.14306640625 0.40234375 0.82861328125 733614
0.1513671875 0.40087890625 0.849609375 733715
0.1513671875 0.40087890625 0.849609375 733716
0.1513671875 0.40087890625 0.849609375 733717
0.1513671875 0.40087890625 0.849609375 733718
0.1513671875 0.40087890625 0.849609375 733719
0.1455078125 0.4033203125 0.83349609375 733817
0.1455078125 0.4033203125 0.83349609375 733818
0.1455078125 0.4033203125 0.83349609375 733819
0.1455078125 0.4033203125 0.83349609375 733820
0.1455078125 0.4033203125 0.83349609375 733821
0.14990234375 0.39501953125 0.826171875 733917
0.14990234375 0.39501953125 0.826171875 733918
0.1552734375 0.39697265625 0.833984375 734020
0.1552734375 0.39697265625 0.833984375 734021
0.1552734375 0.39697265625 0.833984375 734022
0.1552734375 0.39697265625 0.833984375 734023
0.1552734375 0.39697265625 0.833984375 734024
0.142578125 0.40625 0.826171875 734084
0.15087890625 0.3984375 0.83935546875 734208
0.15087890625 0.3984375 0.83935546875 734210
0.15087890625 0.3984375 0.83935546875 734211
0.15087890625 0.3984375 0.83935546875 734212
0.15087890625 0.3984375 0.83935546875 734214
0.15673828125 0.39697265625 0.845703125 734310
0.15673828125 0.39697265625 0.845703125 734311
0.15673828125 0.39697265625 0.845703125 734312
0.15673828125 0.39697265625 0.845703125 734313
0.15673828125 0.39697265625 0.845703125 734314
0.14599609375 0.40771484375 0.83251953125 734415
0.14599609375 0.40771484375 0.83251953125 734417
0.14599609375 0.40771484375 0.83251953125 734418
0.14599609375 0.40771484375 0.83251953125 734419
0.14599609375 0.40771484375 0.83251953125 734420
0.14111328125 0.3984375 0.822265625 734517
0.1630859375 0.3935546875 0.85009765625 734618
0.1630859375 0.3935546875 0.85009765625 734621
0.1630859375 0.3935546875 0.85009765625 734622
0.1630859375 0.3935546875 0.85009765625 734623
0.1630859375 0.3935546875 0.85009765625 734623
0.1591796875 0.39306640625 0.8330078125 734721
0.1591796875 0.39306640625 0.8330078125 734723
0.1591796875 0.39306640625 0.8330078125 734724
0.1591796875 0.39306640625 0.8330078125 734725
0.1591796875 0.39306640625 0.8330078125 734726
0.14208984375 0.40185546875 0.8251953125 734786
0.1455078125 0.40185546875 0.84033203125 734908
0.1455078125 0.40185546875 0.84033203125 734909
0.1455078125 0.40185546875 0.84033203125 734910
0.1455078125 0.40185546875 0.84033203125 734911
0.1455078125 0.40185546875 0.84033203125 734912
0.1552734375 0.3935546875 0.8388671875 735015
0.1552734375 0.3935546875 0.8388671875 735016
0.1552734375 0.3935546875 0.8388671875 735017
0.1552734375 0.3935546875 0.8388671875 735019
0.1552734375 0.3935546875 0.8388671875 735020
0.1416015625 0.39892578125 0.83251953125 735118
0.1416015625 0.39892578125 0.83251953125 735119
0.1416015625 0.39892578125 0.83251953125 735120
0.1416015625 0.39892578125 0.83251953125 735121
0.1416015625 0.39892578125 0.83251953125 735122
0.15185546875 0.39306640625 0.8330078125 735219
0.15185546875 0.39306640625 0.8330078125 735220
0.15185546875 0.39306640625 0.8330078125 735223
0.15185546875 0.39306640625 0.8330078125 735224
0.15185546875 0.39306640625 0.8330078125 735225
0.14990234375 0.39501953125 0.83642578125 735322
0.14990234375 0.39501953125 0.83642578125 735323
0.14990234375 0.39501953125 0.83642578125 735324
0.14990234375 0.39501953125 0.83642578125 735325
0.14990234375 0.39501953125 0.83642578125 735326
0.1416015625 0.39208984375 0.8251953125 735390
0.15087890625 0.39892578125 0.8505859375 735513
0.15087890625 0.39892578125 0.8505859375 735514
0.15087890625 0.39892578125 0.8505859375 735515
0.15087890625 0.39892578125 0.8505859375 735516
0.15087890625 0.39892578125 0.8505859375 735517
0.15625 0.38720703125 0.83935546875 735619
0.15625 0.38720703125 0.83935546875 735620
0.15625 0.38720703125 0.83935546875 735621
0.15625 0.38720703125 0.83935546875 735622
0.15625 0.38720703125 0.83935546875 735624
0.1494140625 0.3935546875 0.83642578125 735718
0.14697265625 0.39208984375 0.8408203125 735820
0.14697265625 0.39208984375 0.8408203125 735821
0.14697265625 0.39208984375 0.8408203125 735822
0.14697265625 0.39208984375 0.8408203125 735823
0.14697265625 0.39208984375 0.8408203125 735824
0.15771484375 0.39013671875 0.84423828125 735886
0.14306640625 0.40087890625 0.8310546875 736009
0.14306640625 0.40087890625 0.8310546875 736011
0.14306640625 0.40087890625 0.8310546875 736012
0.14306640625 0.40087890625 0.8310546875 736013
0.14306640625 0.40087890625 0.8310546875 736014
0.14404296875 0.3974609375 0.83251953125 736112
0.14404296875 0.3974609375 0.83251953125 736113
0.14404296875 0.3974609375 0.83251953125 736114
0.14404296875 0.3974609375 0.83251953125 736115
0.14404296875 0.3974609375 0.83251953125 736116
0.14990234375 0.39599609375 0.837890625 736203
0.14453125 0.3876953125 0.82666015625 736289
0.14453125 0.3876953125 0.82666015625 736290
0.14453125 0.3876953125 0.82666015625 736291
0.14453125 0.3876953125 0.82666015625 736292
0.14453125 0.3876953125 0.82666015625 736293
0.158203125 0.392578125 0.85009765625 736409
0.158203125 0.392578125 0.85009765625 736412
0.158203125 0.392578125 0.85009765625 736413
0.158203125 0.392578125 0.85009765625 736415
0.158203125 0.392578125 0.85009765625 736416
0.15087890625 0.388671875 0.833984375 736513
0.15087890625 0.388671875 0.833984375 736514
0.15087890625 0.388671875 0.833984375 736515
0.15087890625 0.388671875 0.833984375 736516
0.15087890625 0.388671875 0.833984375 736517
0.1533203125 0.3876953125 0.83447265625 736603
0.158203125 0.39013671875 0.83642578125 736721
0.158203125 0.39013671875 0.83642578125 736723
0.158203125 0.39013671875 0.83642578125 736724
0.158203125 0.39013671875 0.83642578125 736724
0.158203125 0.39013671875 0.83642578125 736725
0.15234375 0.3955078125 0.83203125 736786
0.158203125 0.396484375 0.83544921875 736911
0.158203125 0.396484375 0.83544921875 736912
0.158203125 0.396484375 0.83544921875 736913
0.158203125 0.396484375 0.83544921875 736914
0.158203125 0.396484375 0.83544921875 736915
0.15576171875 0.39697265625 0.837890625 737014
0.15576171875 0.39697265625 0.837890625 737016
0.15576171875 0.39697265625 0.837890625 737017
0.15576171875 0.39697265625 0.837890625 737018
0.15576171875 0.39697265625 0.837890625 737019
0.15478515625 0.3984375 0.83642578125 737119
0.15478515625 0.3984375 0.83642578125 737121
0.15478515625 0.3984375 0.83642578125 737122
0.15478515625 0.3984375 0.83642578125 737123
0.15478515625 0.3984375 0.83642578125 737124
0.1611328125 0.39306640625 0.83544921875 737219
0.1611328125 0.39306640625 0.83544921875 737222
0.1611328125 0.39306640625 0.83544921875 737223
0.1611328125 0.39306640625 0.83544921875 737224
0.1611328125 0.39306640625 0.83544921875 737225
0.1640625 0.390625 0.84228515625 737322
0.1640625 0.390625 0.84228515625 737323
0.1640625 0.390625 0.84228515625 737324
0.1640625 0.390625 0.84228515625 737325
0.1640625 0.390625 0.84228515625 737326
0.15673828125 0.39697265625 0.84033203125 737388
0.15478515625 0.3935546875 0.83447265625 737514
0.15478515625 0.3935546875 0.83447265625 737516
0.15478515625 0.3935546875 0.83447265625 737517
0.15478515625 0.3935546875 0.83447265625 737518
0.15478515625 0.3935546875 0.83447265625 737519
0.15771484375 0.3994140625 0.83984375 737614
0.15771484375 0.3994140625 0.83984375 737615
0.15771484375 0.392578125 0.833984375 737717
0.15771484375 0.392578125 0.833984375 737719
0.15771484375 0.392578125 0.833984375 737720
0.15771484375 0.392578125 0.833984375 737722
0.15771484375 0.392578125 0.833984375 737723
0.15576171875 0.40234375 0.84130859375 737820
0.15576171875 0.40234375 0.84130859375 737822
0.15576171875 0.40234375 0.84130859375 737823
0.15576171875 0.40234375 0.84130859375 737823
0.15576171875 0.40234375 0.84130859375 737824
0.16162109375 0.39404296875 0.8330078125 737923
0.16162109375 0.39404296875 0.8330078125 737924
0.16162109375 0.39404296875 0.8330078125 737925
0.16162109375 0.39404296875 0.8330078125 737926
0.16162109375 0.39404296875 0.8330078125 737927
0.1591796875 0.39599609375 0.83740234375 737987
0.162109375 0.39697265625 0.8369140625 738110
0.162109375 0.39697265625 0.8369140625 738111
0.162109375 0.39697265625 0.8369140625 738114
0.162109375 0.39697265625 0.8369140625 738115
0.162109375 0.39697265625 0.8369140625 738116
0.15869140625 0.38671875 0.8330078125 738196
0.1591796875 0.4013671875 0.84228515625 738317
0.1591796875 0.4013671875 0.84228515625 738318
0.1591796875 0.4013671875 0.84228515625 738319
0.1591796875 0.4013671875 0.84228515625 738320
0.1591796875 0.4013671875 0.84228515625 738320
0.15234375 0.39501953125 0.83447265625 738419
0.15234375 0.39501953125 0.83447265625 738421
0.15234375 0.39501953125 0.83447265625 738422
0.15234375 0.39501953125 0.83447265625 738424
0.15234375 0.39501953125 0.83447265625 738425
0.1572265625 0.39404296875 0.83642578125 738521
0.1572265625 0.39404296875 0.83642578125 738522
0.1572265625 0.39404296875 0.83642578125 738523
0.1572265625 0.39404296875 0.83642578125 738525
0.1572265625 0.39404296875 0.83642578125 738526
0.1513671875 0.3955078125 0.83154296875 738587
0.16064453125 0.40185546875 0.84814453125 738711
0.16064453125 0.40185546875 0.84814453125 738712
0.16064453125 0.40185546875 0.84814453125 738713
0.16064453125 0.40185546875 0.84814453125 738714
0.16064453125 0.40185546875 0.84814453125 738715
0.15673828125 0.39501953125 0.83154296875 738814
0.15673828125 0.39501953125 0.83154296875 738815
0.15673828125 0.39501953125 0.83154296875 738817
0.15673828125 0.39501953125 0.83154296875 738818
0.15673828125 0.39501953125 0.83154296875 738820
0.154296875 0.39404296875 0.830078125 738916
0.154296875 0.39404296875 0.830078125 738917
0.154296875 0.39404296875 0.830078125 738918
0.154296875 0.39404296875 0.830078125 738919
0.154296875 0.39404296875 0.830078125 738920
0.1572265625 0.3974609375 0.84130859375 739018
0.1572265625 0.3974609375 0.84130859375 739020
0.1572265625 0.3974609375 0.84130859375 739021
0.1572265625 0.3974609375 0.84130859375 739022
0.1572265625 0.3974609375 0.84130859375 739023
0.15185546875 0.4013671875 0.83447265625 739121
0.15185546875 0.4013671875 0.83447265625 739122
0.15185546875 0.4013671875 0.83447265625 739123
0.15185546875 0.4013671875 0.83447265625 739124
0.15185546875 0.4013671875 0.83447265625 739125
0.16796875 0.39697265625 0.84375 739225
0.16796875 0.39697265625 0.84375 739227
0.16796875 0.39697265625 0.84375 739228
0.16796875 0.39697265625 0.84375 739229
0.16796875 0.39697265625 0.84375 739231
0.1630859375 0.400390625 0.83642578125 739289
0.15185546875 0.4013671875 0.830078125 739404
0.15185546875 0.4013671875 0.830078125 739405
0.15185546875 0.4013671875 0.830078125 739406
0.15185546875 0.4013671875 0.830078125 739407
0.15185546875 0.4013671875 0.830078125 739408
0.1533203125 0.40283203125 0.83203125 739491
0.1669921875 0.390625 0.8427734375 739617
0.1669921875 0.390625 0.8427734375 739619
0.1669921875 0.390625 0.8427734375 739620
0.1669921875 0.390625 0.8427734375 739621
0.1669921875 0.390625 0.8427734375 739622
0.1494140625 0.4033203125 0.83203125 739716
0.15625 0.400390625 0.83203125 739818
0.15625 0.400390625 0.83203125 739819
0.15625 0.400390625 0.83203125 739820
0.15625 0.400390625 0.83203125 739821
0.15625 0.400390625 0.83203125 739822
0.1572265625 0.40087890625 0.83642578125 739921
0.1572265625 0.40087890625 0.83642578125 739923
0.1572265625 0.40087890625 0.83642578125 739924
0.1572265625 0.40087890625 0.83642578125 739925
0.1572265625 0.40087890625 0.83642578125 739927
0.15478515625 0.39697265625 0.830078125 740023
0.15478515625 0.39697265625 0.830078125 740024
0.15478515625 0.39697265625 0.830078125 740025
0.15478515625 0.39697265625 0.830078125 740026
0.15478515625 0.39697265625 0.830078125 740027
0.15576171875 0.400390625 0.8369140625 740089
0.169921875 0.38671875 0.8388671875 740215
0.169921875 0.38671875 0.8388671875 740216
0.169921875 0.38671875 0.8388671875 740217
0.169921875 0.38671875 0.8388671875 740218
0.169921875 0.38671875 0.8388671875 740219
0.162109375 0.40087890625 0.828125 740315
0.16748046875 0.4033203125 0.84130859375 740405
0.16748046875 0.4033203125 0.84130859375 740407
0.16748046875 0.4033203125 0.84130859375 740408
0.16748046875 0.4033203125 0.84130859375 740409
0.16748046875 0.4033203125 0.84130859375 740410
0.17333984375 0.4033203125 0.83740234375 740523
0.17333984375 0.4033203125 0.83740234375 740524
0.17333984375 0.4033203125 0.83740234375 740525
0.17333984375 0.4033203125 0.83740234375 740526
0.17333984375 0.4033203125 0.83740234375 740527
0.16748046875 0.40234375 0.83447265625 740588
0.17138671875 0.3984375 0.8173828125 740712
0.17138671875 0.3984375 0.8173828125 740713
0.17138671875 0.3984375 0.8173828125 740714
0.17138671875 0.3984375 0.8173828125 740715
0.17138671875 0.3984375 0.8173828125 740716
0.18310546875 0.36328125 0.80224609375 740815
0.18310546875 0.36328125 0.80224609375 740817
0.18310546875 0.36328125 0.80224609375 740818
0.18310546875 0.36328125 0.80224609375 740818
0.18310546875 0.36328125 0.80224609375 740819
0.17822265625 0.322265625 0.77587890625 740917
0.17822265625 0.322265625 0.77587890625 740918
0.17822265625 0.322265625 0.77587890625 740919
0.17822265625 0.322265625 0.77587890625 740920
0.17822265625 0.322265625 0.77587890625 740920
0.16943359375 0.34423828125 0.8056640625 741020
0.16943359375 0.34423828125 0.8056640625 741021
0.16943359375 0.34423828125 0.8056640625 741022
0.16943359375 0.34423828125 0.8056640625 741023
0.16943359375 0.34423828125 0.8056640625 741024
0.171875 0.34814453125 0.88916015625 741128
0.171875 0.34814453125 0.88916015625 741198
0.171875 0.34814453125 0.88916015625 741200
0.171875 0.34814453125 0.88916015625 741201
0.171875 0.34814453125 0.88916015625 741202
0.16943359375 0.400390625 0.904296875 741214
0.0556640625 0.55859375 0.9033203125 741289
0.0556640625 0.55859375 0.9033203125 741291
-0.1416015625 0.61572265625 0.72900390625 741414
-0.1416015625 0.61572265625 0.72900390625 741415
-0.1416015625 0.61572265625 0.72900390625 741416
-0.1416015625 0.61572265625 0.72900390625 741417
-0.1416015625 0.61572265625 0.72900390625 741418
-0.447265625 0.77197265625 0.21630859375 741516
-0.447265625 0.77197265625 0.21630859375 741517
-0.447265625 0.77197265625 0.21630859375 741518
-0.447265625 0.77197265625 0.21630859375 741519
-0.447265625 0.77197265625 0.21630859375 741520
-0.56005859375 0.72900390625 -0.30859375 741619
-0.56005859375 0.72900390625 -0.30859375 741620
-0.56005859375 0.72900390625 -0.30859375 741621
-0.56005859375 0.72900390625 -0.30859375 741622
-0.56005859375 0.72900390625 -0.30859375 741623
-0.50830078125 0.60107421875 -0.69140625 741724
-0.50830078125 0.60107421875 -0.69140625 741726
-0.50830078125 0.60107421875 -0.69140625 741727
-0.50830078125 0.60107421875 -0.69140625 741728
-0.50830078125 0.60107421875 -0.69140625 741729
-0.2861328125 0.61279296875 -0.2998046875 741824
-0.2861328125 0.61279296875 -0.2998046875 741825
0.15966796875 0.58544921875 0.99755859375 741889
0.15966796875 0.58544921875 0.99755859375 741890
0.15966796875 0.58544921875 0.99755859375 741891
0.15966796875 0.58544921875 0.99755859375 741891
0.41455078125 0.27197265625 1.11328125 742013
0.41455078125 0.27197265625 1.11328125 742014
0.41455078125 0.27197265625 1.11328125 742016
0.41455078125 0.27197265625 1.11328125 742017
0.41455078125 0.27197265625 1.11328125 742018
0.134765625 0.39990234375 0.87646484375 742116
0.134765625 0.39990234375 0.87646484375 742117
0.134765625 0.39990234375 0.87646484375 742118
0.134765625 0.39990234375 0.87646484375 742119
0.134765625 0.39990234375 0.87646484375 742120
-0.0126953125 0.54736328125 0.55322265625 742218
-0.0126953125 0.54736328125 0.55322265625 742220
-0.0126953125 0.54736328125 0.55322265625 742221
-0.0126953125 0.54736328125 0.55322265625 742222
-0.0126953125 0.54736328125 0.55322265625 742224
-0.220703125 0.7822265625 0.27978515625 742321
-0.220703125 0.7822265625 0.27978515625 742322
-0.220703125 0.7822265625 0.27978515625 742324
-0.220703125 0.7822265625 0.27978515625 742326
-0.220703125 0.7822265625 0.27978515625 742328
-0.43310546875 0.83837890625 -0.19580078125 742423
-0.43310546875 0.83837890625 -0.19580078125 742424
-0.43310546875 0.83837890625 -0.19580078125 742426
-0.43310546875 0.83837890625 -0.19580078125 742427
-0.43310546875 0.83837890625 -0.19580078125 742428
-0.4697265625 0.84716796875 -0.072265625 742493
-0.462890625 0.82958984375 0.0595703125 742604
-0.462890625 0.82958984375 0.0595703125 742605
-0.462890625 0.82958984375 0.0595703125 742606
-0.462890625 0.82958984375 0.0595703125 742607
-0.462890625 0.82958984375 0.0595703125 742607
-0.38525390625 0.828125 0.18798828125 742692
-0.2119140625 0.822265625 0.3828125 742815
-0.2119140625 0.822265625 0.3828125 742816
-0.2119140625 0.822265625 0.3828125 742817
-0.2119140625 0.822265625 0.3828125 742818
-0.2119140625 0.822265625 0.3828125 742819
0.064453125 0.73388671875 0.82763671875 742920
0.064453125 0.73388671875 0.82763671875 742921
0.064453125 0.73388671875 0.82763671875 742923
0.064453125 0.73388671875 0.82763671875 742924
0.064453125 0.73388671875 0.82763671875 742925
0.19287109375 0.60595703125 0.7998046875 743021
0.19873046875 0.54833984375 0.78955078125 743123
0.19873046875 0.54833984375 0.78955078125 743124
0.19873046875 0.54833984375 0.78955078125 743125
0.19873046875 0.54833984375 0.78955078125 743126
0.19873046875 0.54833984375 0.78955078125 743127
0.203125 0.52392578125 0.7958984375 743229
0.203125 0.52392578125 0.7958984375 743231
0.203125 0.52392578125 0.7958984375 743232
0.203125 0.52392578125 0.7958984375 743234
0.203125 0.52392578125 0.7958984375 743235
0.21630859375 0.486328125 0.82861328125 743292
0.20068359375 0.4736328125 0.82421875 743415
0.20068359375 0.4736328125 0.82421875 743417
0.20068359375 0.4736328125 0.82421875 743418
0.20068359375 0.4736328125 0.82421875 743419
0.20068359375 0.4736328125 0.82421875 743420
0.2041015625 0.46044921875 0.8271484375 743506
0.21240234375 0.4365234375 0.80029296875 743621
0.21240234375 0.4365234375 0.80029296875 743622
0.21240234375 0.4365234375 0.80029296875 743623
0.21240234375 0.4365234375 0.80029296875 743624
0.21240234375 0.4365234375 0.80029296875 743625
0.1962890625 0.4306640625 0.80615234375 743725
0.1962890625 0.4306640625 0.80615234375 743726
0.1962890625 0.4306640625 0.80615234375 743727
0.1962890625 0.4306640625 0.80615234375 743728
0.1962890625 0.4306640625 0.80615234375 743729
0.1865234375 0.4306640625 0.8212890625 743826
0.1865234375 0.4306640625 0.8212890625 743827
0.1865234375 0.4306640625 0.8212890625 743828
0.1865234375 0.4306640625 0.8212890625 743829
0.1865234375 0.4306640625 0.8212890625 743830
0.19580078125 0.41259765625 0.8046875 743892
0.16650390625 0.4228515625 0.80908203125 744014
0.16650390625 0.4228515625 0.80908203125 744015
0.16650390625 0.4228515625 0.80908203125 744016
0.16650390625 0.4228515625 0.80908203125 744017
0.16650390625 0.4228515625 0.80908203125 744018
0.1640625 0.41259765625 0.81103515625 744118
0.1640625 0.41259765625 0.81103515625 744119
0.1640625 0.41259765625 0.81103515625 744120
0.1640625 0.41259765625 0.81103515625 744120
0.1640625 0.41259765625 0.81103515625 744121
0.16650390625 0.4091796875 0.80810546875 744222
0.16650390625 0.4091796875 0.80810546875 744224
0.16650390625 0.4091796875 0.80810546875 744225
0.16650390625 0.4091796875 0.80810546875 744226
0.16650390625 0.4091796875 0.80810546875 744227
0.18212890625 0.41064453125 0.822265625 744324
0.18212890625 0.41064453125 0.822265625 744325
0.18212890625 0.41064453125 0.822265625 744326
0.18212890625 0.41064453125 0.822265625 744327
0.18212890625 0.41064453125 0.822265625 744328
0.1689453125 0.412109375 0.82421875 744426
0.1689453125 0.412109375 0.82421875 744427
0.1689453125 0.412109375 0.82421875 744428
0.1689453125 0.412109375 0.82421875 744429
0.1689453125 0.412109375 0.82421875 744430
0.1923828125 0.4130859375 0.85107421875 744491
0.1875 0.41064453125 0.83056640625 744613
0.1875 0.41064453125 0.83056640625 744614
0.1875 0.41064453125 0.83056640625 744615
0.1875 0.41064453125 0.83056640625 744616
0.1875 0.41064453125 0.83056640625 744617
0.19091796875 0.40283203125 0.830078125 744720
0.19091796875 0.40283203125 0.830078125 744721
0.19091796875 0.40283203125 0.830078125 744722
0.19091796875 0.40283203125 0.830078125 744723
0.19091796875 0.40283203125 0.830078125 744724
0.18896484375 0.4111328125 0.8271484375 744821
0.18896484375 0.4111328125 0.8271484375 744822
0.18896484375 0.4111328125 0.8271484375 744823
0.18896484375 0.4111328125 0.8271484375 744826
0.201171875 0.40478515625 0.83837890625 744924
0.201171875 0.40478515625 0.83837890625 744926
0.201171875 0.40478515625 0.83837890625 744927
0.201171875 0.40478515625 0.83837890625 744929
0.201171875 0.40478515625 0.83837890625 744930
0.208984375 0.3984375 0.83154296875 744990
0.2138671875 0.3994140625 0.83642578125 745114
0.2138671875 0.3994140625 0.83642578125 745116
0.2138671875 0.3994140625 0.83642578125 745117
0.2138671875 0.3994140625 0.83642578125 745118
0.2138671875 0.3994140625 0.83642578125 745118
0.2158203125 0.40185546875 0.8388671875 745217
0.2158203125 0.40185546875 0.8388671875 745218
0.2158203125 0.40185546875 0.8388671875 745219
0.2158203125 0.40185546875 0.8388671875 745220
0.2158203125 0.40185546875 0.8388671875 745221
0.20703125 0.40234375 0.82421875 745322
0.20703125 0.40234375 0.82421875 745323
0.20703125 0.40234375 0.82421875 745324
0.20703125 0.40234375 0.82421875 745325
0.20703125 0.40234375 0.82421875 745326
0.22314453125 0.40478515625 0.84130859375 745422
0.2119140625 0.41064453125 0.82958984375 745525
0.2119140625 0.41064453125 0.82958984375 745526
0.2119140625 0.41064453125 0.82958984375 745527
0.2119140625 0.41064453125 0.82958984375 745528
0.2119140625 0.41064453125 0.82958984375 745529
0.22021484375 0.40087890625 0.82861328125 745631
0.22021484375 0.40087890625 0.82861328125 745632
0.22021484375 0.40087890625 0.82861328125 745634
0.22021484375 0.40087890625 0.82861328125 745635
0.22021484375 0.40087890625 0.82861328125 745636
0.2099609375 0.41455078125 0.83056640625 745691
0.22412109375 0.40087890625 0.828125 745803
0.22412109375 0.40087890625 0.828125 745804
0.22412109375 0.40087890625 0.828125 745805
0.22412109375 0.40087890625 0.828125 745806
0.22412109375 0.40087890625 0.828125 745808
0.2216796875 0.40771484375 0.82958984375 745930
0.2216796875 0.40771484375 0.82958984375 745931
0.2216796875 0.40771484375 0.82958984375 745932
0.2216796875 0.40771484375 0.82958984375 745933
0.2216796875 0.40771484375 0.82958984375 745934
0.2216796875 0.40380859375 0.8359375 745992
0.2255859375 0.40869140625 0.8310546875 746119
0.2255859375 0.40869140625 0.8310546875 746120
0.2255859375 0.40869140625 0.8310546875 746121
0.2255859375 0.40869140625 0.8310546875 746122
0.2255859375 0.40869140625 0.8310546875 746123
0.2216796875 0.4072265625 0.826171875 746218
0.2158203125 0.42041015625 0.83251953125 746321
0.2158203125 0.42041015625 0.83251953125 746322
0.2158203125 0.42041015625 0.83251953125 746323
0.2158203125 0.42041015625 0.83251953125 746323
0.2158203125 0.42041015625 0.83251953125 746324
0.22216796875 0.4091796875 0.828125 746411
0.22265625 0.4130859375 0.830078125 746492
0.22265625 0.4130859375 0.830078125 746493
0.22265625 0.4130859375 0.830078125 746494
0.22265625 0.4130859375 0.830078125 746498
0.22265625 0.4130859375 0.830078125 746499
0.2158203125 0.4111328125 0.82568359375 746616
0.2158203125 0.4111328125 0.82568359375 746617
0.2158203125 0.4111328125 0.82568359375 746618
0.2158203125 0.4111328125 0.82568359375 746619
0.2158203125 0.4111328125 0.82568359375 746620
0.2138671875 0.4140625 0.83154296875 746719
0.2138671875 0.4140625 0.83154296875 746720
0.2138671875 0.4140625 0.83154296875 746722
0.2138671875 0.4140625 0.83154296875 746723
0.2138671875 0.4140625 0.83154296875 746724
0.216796875 0.408203125 0.83203125 746824
0.216796875 0.408203125 0.83203125 746825
0.216796875 0.408203125 0.83203125 746826
0.216796875 0.408203125 0.83203125 746828
0.216796875 0.408203125 0.83203125 746829
0.2158203125 0.40673828125 0.8271484375 746923
0.21337890625 0.40771484375 0.837890625 747026
0.21337890625 0.40771484375 0.837890625 747027
0.21337890625 0.40771484375 0.837890625 747028
0.21337890625 0.40771484375 0.837890625 747029
0.21337890625 0.40771484375 0.837890625 747029
0.21142578125 0.4052734375 0.82763671875 747092
0.2109375 0.4150390625 0.8349609375 747215
0.2109375 0.4150390625 0.8349609375 747216
0.2109375 0.4150390625 0.8349609375 747217
0.2109375 0.4150390625 0.8349609375 747218
0.2109375 0.4150390625 0.8349609375 747219
0.21484375 0.40185546875 0.8251953125 747320
0.21484375 0.40185546875 0.8251953125 747321
0.21484375 0.40185546875 0.8251953125 747322
0.21484375 0.40185546875 0.8251953125 747323
0.21484375 0.40185546875 0.8251953125 747324
0.21435546875 0.41357421875 0.83984375 747420
0.212890625 0.41015625 0.82568359375 747524
0.212890625 0.41015625 0.82568359375 747525
0.212890625 0.41015625 0.82568359375 747526
0.212890625 0.41015625 0.82568359375 747527
0.212890625 0.41015625 0.82568359375 747528
0.22412109375 0.3984375 0.83203125 747625
0.22412109375 0.3984375 0.83203125 747627
0.22412109375 0.3984375 0.83203125 747628
0.22412109375 0.3984375 0.83203125 747629
0.22412109375 0.3984375 0.83203125 747629
0.20751953125 0.419921875 0.82958984375 747723
0.2158203125 0.3984375 0.8271484375 747821
0.2158203125 0.3984375 0.8271484375 747822
0.2158203125 0.3984375 0.8271484375 747823
0.2158203125 0.3984375 0.8271484375 747824
0.2158203125 0.3984375 0.8271484375 747825
0.21728515625 0.4013671875 0.82666015625 747924
0.21728515625 0.4013671875 0.82666015625 747925
0.21728515625 0.4013671875 0.82666015625 747927
0.21728515625 0.4013671875 0.82666015625 747927
0.21728515625 0.4013671875 0.82666015625 747928
0.2138671875 0.40771484375 0.82861328125 748028
0.2138671875 0.40771484375 0.82861328125 748029
0.2138671875 0.40771484375 0.82861328125 748031
0.2138671875 0.40771484375 0.82861328125 748032
0.2138671875 0.40771484375 0.82861328125 748033
0.21142578125 0.40966796875 0.8251953125 748092
0.22216796875 0.400390625 0.83349609375 748217
0.22216796875 0.400390625 0.83349609375 748218
0.22216796875 0.400390625 0.83349609375 748219
0.22216796875 0.400390625 0.83349609375 748220
0.22216796875 0.400390625 0.83349609375 748221
0.212890625 0.41357421875 0.83447265625 748322
0.212890625 0.41357421875 0.83447265625 748323
0.212890625 0.41357421875 0.83447265625 748324
0.212890625 0.41357421875 0.83447265625 748325
0.212890625 0.41357421875 0.83447265625 748326
0.2177734375 0.40087890625 0.826171875 748422
0.2177734375 0.40087890625 0.826171875 748424
0.2177734375 0.40087890625 0.826171875 748426
0.2177734375 0.40087890625 0.826171875 748430
0.2177734375 0.40087890625 0.826171875 748431
0.2138671875 0.40625 0.83349609375 748525
0.2138671875 0.40625 0.83349609375 748526
0.2138671875 0.40625 0.83349609375 748527
0.2138671875 0.40625 0.83349609375 748528
0.2197265625 0.4033203125 0.8330078125 748627
0.2197265625 0.4033203125 0.8330078125 748628
0.2197265625 0.4033203125 0.8330078125 748629
0.2197265625 0.4033203125 0.8330078125 748630
0.2197265625 0.4033203125 0.8330078125 748631
0.22021484375 0.4013671875 0.830078125 748693
0.20703125 0.4091796875 0.826171875 748816
0.20703125 0.4091796875 0.826171875 748818
0.20703125 0.4091796875 0.826171875 748819
0.20703125 0.4091796875 0.826171875 748820
0.20703125 0.4091796875 0.826171875 748821
0.22607421875 0.39501953125 0.8447265625 748919
0.22607421875 0.39501953125 0.8447265625 748920
0.22607421875 0.39501953125 0.8447265625 748921
0.22607421875 0.39501953125 0.8447265625 748922
0.22607421875 0.39501953125 0.8447265625 748923
0.21533203125 0.4052734375 0.8310546875 749010
0.212890625 0.400390625 0.826171875 749126
0.212890625 0.400390625 0.826171875 749127
0.212890625 0.400390625 0.826171875 749128
0.212890625 0.400390625 0.826171875 749129
0.212890625 0.400390625 0.826171875 749130
0.22119140625 0.40625 0.83740234375 749230
0.22119140625 0.40625 0.83740234375 749231
0.22119140625 0.40625 0.83740234375 749232
0.22119140625 0.40625 0.83740234375 749233
0.22119140625 0.40625 0.83740234375 749234
0.2197265625 0.40380859375 0.8291015625 749296
0.21435546875 0.40625 0.83642578125 749417
0.21435546875 0.40625 0.83642578125 749418
0.21435546875 0.40625 0.83642578125 749418
0.21435546875 0.40625 0.83642578125 749419
0.21435546875 0.40625 0.83642578125 749420
0.21337890625 0.40234375 0.8251953125 749515
0.22216796875 0.408203125 0.84521484375 749620
0.22216796875 0.408203125 0.84521484375 749621
0.22216796875 0.408203125 0.84521484375 749622
0.22216796875 0.408203125 0.84521484375 749623
0.22216796875 0.408203125 0.84521484375 749624
0.2216796875 0.40087890625 0.82421875 749722
0.2216796875 0.40087890625 0.82421875 749726
0.2216796875 0.40087890625 0.82421875 749728
0.2216796875 0.40087890625 0.82421875 749729
0.2216796875 0.40087890625 0.82421875 749730
0.2216796875 0.4013671875 0.83349609375 749824
0.2216796875 0.4013671875 0.83349609375 749825
0.21435546875 0.40625 0.833984375 749926
0.21435546875 0.40625 0.833984375 749928
0.21435546875 0.40625 0.833984375 749929
0.21435546875 0.40625 0.833984375 749930
0.21435546875 0.40625 0.833984375 749931
0.2177734375 0.4013671875 0.83154296875 750029
0.2177734375 0.4013671875 0.83154296875 750030
0.2177734375 0.4013671875 0.83154296875 750031
0.2177734375 0.4013671875 0.83154296875 750032
0.2177734375 0.4013671875 0.83154296875 750033
0.22216796875 0.40185546875 0.83544921875 750095
0.21728515625 0.40283203125 0.8330078125 750218
0.21728515625 0.40283203125 0.8330078125 750219
0.21728515625 0.40283203125 0.8330078125 750220
0.21728515625 0.40283203125 0.8330078125 750221
0.21728515625 0.40283203125 0.8330078125 750222
0.21484375 0.40283203125 0.8271484375 750320
0.21484375 0.40283203125 0.8271484375 750321
0.21484375 0.40283203125 0.8271484375 750321
0.21484375 0.40283203125 0.8271484375 750322
0.21484375 0.40283203125 0.8271484375 750323
0.21875 0.40283203125 0.833984375 750423
0.21875 0.40283203125 0.833984375 750424
0.21875 0.40283203125 0.833984375 750425
0.21875 0.40283203125 0.833984375 750426
0.21875 0.40283203125 0.833984375 750427
0.2099609375 0.40380859375 0.83203125 750527
0.2099609375 0.40380859375 0.83203125 750528
0.2099609375 0.40380859375 0.83203125 750529
0.2099609375 0.40380859375 0.83203125 750530
0.2099609375 0.40380859375 0.83203125 750531
0.21240234375 0.40478515625 0.82763671875 750630
0.21240234375 0.40478515625 0.82763671875 750632
0.21240234375 0.40478515625 0.82763671875 750633
0.21240234375 0.40478515625 0.82763671875 750634
0.21240234375 0.40478515625 0.82763671875 750635
0.2109375 0.40283203125 0.8349609375 750694
0.20849609375 0.408203125 0.8330078125 750819
0.20849609375 0.408203125 0.8330078125 750820
0.20849609375 0.408203125 0.8330078125 750821
0.20849609375 0.408203125 0.8330078125 750822
0.20849609375 0.408203125 0.8330078125 750823
0.21435546875 0.40185546875 0.8330078125 750923
0.21435546875 0.40185546875 0.8330078125 750924
0.21435546875 0.40185546875 0.8330078125 750925
0.21435546875 0.40185546875 0.8330078125 750926
0.21435546875 0.40185546875 0.8330078125 750927
0.21484375 0.40576171875 0.8359375 751022
0.2109375 0.40087890625 0.8310546875 751101
0.2109375 0.40087890625 0.8310546875 751126
0.2109375 0.40087890625 0.8310546875 751127
0.2109375 0.40087890625 0.8310546875 751128
0.2109375 0.40087890625 0.8310546875 751128
0.20556640625 0.40673828125 0.8310546875 751231
0.20556640625 0.40673828125 0.8310546875 751232
0.20556640625 0.40673828125 0.8310546875 751233
0.20556640625 0.40673828125 0.8310546875 751234
0.20556640625 0.40673828125 0.8310546875 751235
0.2099609375 0.404296875 0.8330078125 751330
0.2109375 0.39892578125 0.83544921875 751396
0.2109375 0.39892578125 0.83544921875 751397
0.2109375 0.39892578125 0.83544921875 751398
0.2109375 0.39892578125 0.83544921875 751399
0.2109375 0.39892578125 0.83544921875 751400
0.2060546875 0.40625 0.833984375 751519
0.2060546875 0.40625 0.833984375 751520
0.2060546875 0.40625 0.833984375 751521
0.2060546875 0.40625 0.833984375 751522
0.2060546875 0.40625 0.833984375 751523
0.2060546875 0.3974609375 0.82177734375 751620
0.2060546875 0.3974609375 0.82177734375 751621
0.2060546875 0.3974609375 0.82177734375 751622
0.2060546875 0.3974609375 0.82177734375 751623
0.2060546875 0.3974609375 0.82177734375 751624
0.2080078125 0.41796875 0.83740234375 751722
0.2080078125 0.41796875 0.83740234375 751723
0.2080078125 0.41796875 0.83740234375 751725
0.2080078125 0.41796875 0.83740234375 751726
0.2080078125 0.41796875 0.83740234375 751727
0.2099609375 0.39990234375 0.82958984375 751826
0.2099609375 0.39990234375 0.82958984375 751841
0.2099609375 0.39990234375 0.82958984375 751843
0.2099609375 0.39990234375 0.82958984375 751844
0.2099609375 0.39990234375 0.82958984375 751845
0.20654296875 0.4072265625 0.8349609375 751928
0.20654296875 0.4072265625 0.8349609375 751929
0.20458984375 0.400390625 0.82861328125 752030
0.20458984375 0.400390625 0.82861328125 752031
0.20458984375 0.400390625 0.82861328125 752032
0.20458984375 0.400390625 0.82861328125 752034
0.20458984375 0.400390625 0.82861328125 752035
0.21142578125 0.40234375 0.83544921875 752095
0.20556640625 0.404296875 0.8291015625 752210
0.20556640625 0.404296875 0.8291015625 752211
0.20556640625 0.404296875 0.8291015625 752212
0.20556640625 0.404296875 0.8291015625 752214
0.20556640625 0.404296875 0.8291015625 752216
0.201171875 0.40869140625 0.8291015625 752327
0.201171875 0.40869140625 0.8291015625 752329
0.201171875 0.40869140625 0.8291015625 752332
0.201171875 0.40869140625 0.8291015625 752334
0.201171875 0.40869140625 0.8291015625 752335
0.2060546875 0.40380859375 0.8271484375 752429
0.2060546875 0.40380859375 0.8271484375 752444
0.2060546875 0.40380859375 0.8271484375 752445
0.2060546875 0.40380859375 0.8271484375 752446
0.2060546875 0.40380859375 0.8271484375 752447
0.208984375 0.40673828125 0.83642578125 752495
0.19921875 0.412109375 0.837890625 752619
0.19921875 0.412109375 0.837890625 752620
0.19921875 0.412109375 0.837890625 752621
0.19921875 0.412109375 0.837890625 752622
0.19921875 0.412109375 0.837890625 752622
0.21240234375 0.4013671875 0.83544921875 752724
0.21240234375 0.4013671875 0.83544921875 752725
0.21240234375 0.4013671875 0.83544921875 752727
0.21240234375 0.4013671875 0.83544921875 752728
0.21240234375 0.4013671875 0.83544921875 752729
0.20751953125 0.4013671875 0.8310546875 752825
0.20751953125 0.4013671875 0.8310546875 752826
0.20751953125 0.4013671875 0.8310546875 752827
0.20361328125 0.4013671875 0.8310546875 752928
0.20361328125 0.4013671875 0.8310546875 752930
0.20361328125 0.4013671875 0.8310546875 752931
0.20361328125 0.4013671875 0.8310546875 752932
0.20361328125 0.4013671875 0.8310546875 752933
0.1982421875 0.40478515625 0.82861328125 753030
0.1982421875 0.40478515625 0.82861328125 753032
0.1982421875 0.40478515625 0.82861328125 753032
0.1982421875 0.40478515625 0.82861328125 753033
0.1982421875 0.40478515625 0.82861328125 753034
0.20068359375 0.40771484375 0.83251953125 753096
0.21435546875 0.3974609375 0.83642578125 753222
0.21435546875 0.3974609375 0.83642578125 753223
0.21435546875 0.3974609375 0.83642578125 753224
0.21435546875 0.3974609375 0.83642578125 753225
0.21435546875 0.3974609375 0.83642578125 753226
0.20849609375 0.40478515625 0.828125 753324
0.20849609375 0.40478515625 0.828125 753326
0.20849609375 0.40478515625 0.828125 753327
0.20849609375 0.40478515625 0.828125 753328
0.20849609375 0.40478515625 0.828125 753329
0.2158203125 0.3994140625 0.83447265625 753427
0.2158203125 0.3994140625 0.83447265625 753428
0.2158203125 0.3994140625 0.83447265625 753429
0.2158203125 0.3994140625 0.83447265625 753431
0.2158203125 0.3994140625 0.83447265625 753432
0.216796875 0.4091796875 0.82177734375 753529
0.216796875 0.4091796875 0.82177734375 753530
0.216796875 0.4091796875 0.82177734375 753531
0.216796875 0.4091796875 0.82177734375 753532
0.216796875 0.4091796875 0.82177734375 753533
0.21142578125 0.412109375 0.83251953125 753631
0.21142578125 0.412109375 0.83251953125 753632
0.21142578125 0.412109375 0.83251953125 753633
0.21142578125 0.412109375 0.83251953125 753636
0.21142578125 0.412109375 0.83251953125 753637
0.20263671875 0.390625 0.82568359375 753732
0.20263671875 0.390625 0.82568359375 753733
0.20263671875 0.390625 0.82568359375 753734
0.20263671875 0.390625 0.82568359375 753735
0.2265625 0.37353515625 0.82861328125 753797
0.2265625 0.37353515625 0.82861328125 753807
0.20751953125 0.365234375 0.79541015625 753920
0.20751953125 0.365234375 0.79541015625 753921
0.20751953125 0.365234375 0.79541015625 753922
0.20751953125 0.365234375 0.79541015625 753923
0.20751953125 0.365234375 0.79541015625 753924
0.22509765625 0.34765625 0.78759765625 754023
0.22509765625 0.34765625 0.78759765625 754024
0.22509765625 0.34765625 0.78759765625 754025
0.22509765625 0.34765625 0.78759765625 754026
0.22509765625 0.34765625 0.78759765625 754027
0.22607421875 0.36474609375 0.8056640625 754123
0.22607421875 0.384765625 0.87548828125 754225
0.22607421875 0.384765625 0.87548828125 754227
0.22607421875 0.384765625 0.87548828125 754228
0.22607421875 0.384765625 0.87548828125 754229
0.22607421875 0.384765625 0.87548828125 754230
0.18017578125 0.42138671875 0.91357421875 754326
0.18017578125 0.42138671875 0.91357421875 754328
0.18017578125 0.42138671875 0.91357421875 754329
0.18017578125 0.42138671875 0.91357421875 754330
0.18017578125 0.42138671875 0.91357421875 754331
0.08203125 0.53662109375 0.90576171875 754427
0.08203125 0.53662109375 0.90576171875 754428
0.08203125 0.53662109375 0.90576171875 754429
0.08203125 0.53662109375 0.90576171875 754430
0.08203125 0.53662109375 0.90576171875 754431
-0.22607421875 0.72314453125 0.64208984375 754531
-0.22607421875 0.72314453125 0.64208984375 754532
-0.22607421875 0.72314453125 0.64208984375 754533
-0.22607421875 0.72314453125 0.64208984375 754535
-0.22607421875 0.72314453125 0.64208984375 754536
-0.490234375 0.8134765625 0.18798828125 754597
-0.5673828125 0.76220703125 -0.57763671875 754720
-0.5673828125 0.76220703125 -0.57763671875 754721
-0.5673828125 0.76220703125 -0.57763671875 754722
-0.5673828125 0.76220703125 -0.57763671875 754723
-0.5673828125 0.76220703125 -0.57763671875 754725
-0.41259765625 0.64013671875 -0.716796875 754821
-0.41259765625 0.64013671875 -0.716796875 754822
-0.41259765625 0.64013671875 -0.716796875 754825
-0.41259765625 0.64013671875 -0.716796875 754826
-0.41259765625 0.64013671875 -0.716796875 754827
0.0595703125 0.615234375 0.7578125 754925
0.0595703125 0.615234375 0.7578125 754927
0.0595703125 0.615234375 0.7578125 754928
0.0595703125 0.615234375 0.7578125 754929
0.0595703125 0.615234375 0.7578125 754930
0.38134765625 0.28369140625 1.07373046875 755029
0.38134765625 0.28369140625 1.07373046875 755030
0.38134765625 0.28369140625 1.07373046875 755031
0.38134765625 0.28369140625 1.07373046875 755032
0.38134765625 0.28369140625 1.07373046875 755033
0.14794921875 0.32568359375 0.845703125 755130
0.14794921875 0.32568359375 0.845703125 755131
0.14794921875 0.32568359375 0.845703125 755132
0.14794921875 0.32568359375 0.845703125 755133
0.14794921875 0.32568359375 0.845703125 755134
0.05908203125 0.4541015625 0.63818359375 755196
-0.20166015625 0.77392578125 0.28076171875 755327
-0.20166015625 0.77392578125 0.28076171875 755328
-0.20166015625 0.77392578125 0.28076171875 755329
-0.20166015625 0.77392578125 0.28076171875 755330
-0.20166015625 0.77392578125 0.28076171875 755332
-0.4501953125 0.9169921875 -0.16748046875 755430
-0.4501953125 0.9169921875 -0.16748046875 755432
-0.4501953125 0.9169921875 -0.16748046875 755433
-0.4501953125 0.9169921875 -0.16748046875 755434
-0.4501953125 0.9169921875 -0.16748046875 755435
-0.451171875 0.857421875 -0.08642578125 755529
-0.4189453125 0.8359375 0.14111328125 755632
-0.4189453125 0.8359375 0.14111328125 755634
-0.4189453125 0.8359375 0.14111328125 755635
-0.4189453125 0.8359375 0.14111328125 755636
-0.4189453125 0.8359375 0.14111328125 755638
-0.31298828125 0.869140625 0.27880859375 755698
-0.0947265625 0.81201171875 0.533203125 755822
-0.0947265625 0.81201171875 0.533203125 755824
-0.0947265625 0.81201171875 0.533203125 755825
-0.0947265625 0.81201171875 0.533203125 755826
-0.0947265625 0.81201171875 0.533203125 755828
0.13427734375 0.69677734375 0.82080078125 755924
0.13427734375 0.69677734375 0.82080078125 755925
0.13427734375 0.69677734375 0.82080078125 755926
0.13427734375 0.69677734375 0.82080078125 755928
0.13427734375 0.69677734375 0.82080078125 755929
0.21728515625 0.56298828125 0.78955078125 756026
0.21728515625 0.56298828125 0.78955078125 756028
0.21728515625 0.56298828125 0.78955078125 756029
0.21728515625 0.56298828125 0.78955078125 756031
0.21728515625 0.56298828125 0.78955078125 756032
0.21826171875 0.5224609375 0.77490234375 756130
0.21826171875 0.5224609375 0.77490234375 756131
0.21826171875 0.5224609375 0.77490234375 756132
0.21826171875 0.5224609375 0.77490234375 756133
0.21826171875 0.5224609375 0.77490234375 756135
0.1923828125 0.53076171875 0.78173828125 756236
0.1923828125 0.53076171875 0.78173828125 756237
0.1923828125 0.53076171875 0.78173828125 756238
0.1923828125 0.53076171875 0.78173828125 756240
0.1923828125 0.53076171875 0.78173828125 756241
0.171875 0.53076171875 0.7861328125 756299
0.19384765625 0.49560546875 0.8173828125 756422
0.19384765625 0.49560546875 0.8173828125 756423
0.19384765625 0.49560546875 0.8173828125 756424
0.19384765625 0.49560546875 0.8173828125 756424
0.19384765625 0.49560546875 0.8173828125 756425
0.1875 0.4638671875 0.8193359375 756524
0.1875 0.4638671875 0.8193359375 756525
0.1875 0.4638671875 0.8193359375 756526
0.1875 0.4638671875 0.8193359375 756527
0.1875 0.4638671875 0.8193359375 756528
0.17529296875 0.44873046875 0.81201171875 756627
0.17529296875 0.44873046875 0.81201171875 756628
0.17529296875 0.44873046875 0.81201171875 756629
0.17529296875 0.44873046875 0.81201171875 756629
0.17529296875 0.44873046875 0.81201171875 756630
0.16845703125 0.4375 0.81494140625 756718
0.15966796875 0.42236328125 0.796875 756798
0.15966796875 0.42236328125 0.796875 756799
0.15966796875 0.42236328125 0.796875 756800
0.15966796875 0.42236328125 0.796875 756801
0.15966796875 0.42236328125 0.796875 756801
0.14990234375 0.41455078125 0.7919921875 756923
0.14990234375 0.41455078125 0.7919921875 756925
0.14990234375 0.41455078125 0.7919921875 756926
0.14990234375 0.41455078125 0.7919921875 756927
0.14990234375 0.41455078125 0.7919921875 756928
0.15283203125 0.42236328125 0.8291015625 757024
0.15283203125 0.42236328125 0.8291015625 757025
0.15283203125 0.42236328125 0.8291015625 757026
0.15283203125 0.42236328125 0.8291015625 757026
0.1484375 0.41650390625 0.82080078125 757129
0.1484375 0.41650390625 0.82080078125 757130
0.1484375 0.41650390625 0.82080078125 757131
0.1484375 0.41650390625 0.82080078125 757132
0.1484375 0.41650390625 0.82080078125 757133
0.15185546875 0.41455078125 0.82275390625 757229
0.15185546875 0.41455078125 0.82275390625 757230
0.15185546875 0.41455078125 0.82275390625 757231
0.15185546875 0.41455078125 0.82275390625 757232
0.15185546875 0.41455078125 0.82275390625 757233
0.1484375 0.42138671875 0.837890625 757322
0.14794921875 0.4111328125 0.82470703125 757420
0.14794921875 0.4111328125 0.82470703125 757421
0.14794921875 0.4111328125 0.82470703125 757422
0.14794921875 0.4111328125 0.82470703125 757423
0.14794921875 0.4111328125 0.82470703125 757424
0.1572265625 0.40234375 0.82177734375 757522
0.1572265625 0.40234375 0.82177734375 757524
0.1572265625 0.40234375 0.82177734375 757525
0.1572265625 0.40234375 0.82177734375 757526
0.1572265625 0.40234375 0.82177734375 757527
0.1552734375 0.40576171875 0.828125 757626
0.1552734375 0.40576171875 0.828125 757627
0.1552734375 0.40576171875 0.828125 757628
0.1552734375 0.40576171875 0.828125 757629
0.1552734375 0.40576171875 0.828125 757629
0.15283203125 0.4169921875 0.82763671875 757715
0.1474609375 0.41796875 0.82421875 757838
0.1474609375 0.41796875 0.82421875 757839
0.1474609375 0.41796875 0.82421875 757841
0.1474609375 0.41796875 0.82421875 757842
0.1474609375 0.41796875 0.82421875 757843
0.154296875 0.4150390625 0.83349609375 757898
0.1552734375 0.4130859375 0.82861328125 758023
0.1552734375 0.4130859375 0.82861328125 758024
0.1552734375 0.4130859375 0.82861328125 758025
0.1552734375 0.4130859375 0.82861328125 758026
0.1552734375 0.4130859375 0.82861328125 758027
0.15771484375 0.41552734375 0.8291015625 758125
0.15771484375 0.41552734375 0.8291015625 758126
0.15771484375 0.41552734375 0.8291015625 758127
0.15771484375 0.41552734375 0.8291015625 758128
0.15771484375 0.41552734375 0.8291015625 758129
0.15234375 0.42041015625 0.8310546875 758228
0.15234375 0.42041015625 0.8310546875 758229
0.15234375 0.42041015625 0.8310546875 758230
0.15234375 0.42041015625 0.8310546875 758231
0.15234375 0.42041015625 0.8310546875 758231
0.16162109375 0.4111328125 0.83642578125 758329
0.16162109375 0.4111328125 0.83642578125 758330
0.16162109375 0.4111328125 0.83642578125 758331
0.16162109375 0.4111328125 0.83642578125 758332
0.16162109375 0.4111328125 0.83642578125 758333
0.15185546875 0.41796875 0.826171875 758433
0.15185546875 0.41796875 0.826171875 758434
0.15185546875 0.41796875 0.826171875 758435
0.15185546875 0.41796875 0.826171875 758436
0.15185546875 0.41796875 0.826171875 758437
0.14892578125 0.41748046875 0.833984375 758499
0.15478515625 0.41650390625 0.83642578125 758611
0.15478515625 0.41650390625 0.83642578125 758613
0.15478515625 0.41650390625 0.83642578125 758614
0.15478515625 0.41650390625 0.83642578125 758615
0.15478515625 0.41650390625 0.83642578125 758616
0.14697265625 0.41162109375 0.8203125 758728
0.14697265625 0.41162109375 0.8203125 758729
0.14697265625 0.41162109375 0.8203125 758730
0.14697265625 0.41162109375 0.8203125 758731
0.14697265625 0.41162109375 0.8203125 758732
0.15478515625 0.4208984375 0.837890625 758832
0.15478515625 0.4208984375 0.837890625 758834
0.15478515625 0.4208984375 0.837890625 758835
0.15478515625 0.4208984375 0.837890625 758836
0.15478515625 0.4208984375 0.837890625 758837
0.1611328125 0.41015625 0.83251953125 758933
0.1611328125 0.41015625 0.83251953125 758934
0.1611328125 0.41015625 0.83251953125 758935
0.1611328125 0.41015625 0.83251953125 758936
0.158203125 0.41455078125 0.82861328125 758999
0.158203125 0.41455078125 0.82861328125 759000
0.15087890625 0.42041015625 0.8271484375 759123
0.15087890625 0.42041015625 0.8271484375 759125
0.15087890625 0.42041015625 0.8271484375 759126
0.15087890625 0.42041015625 0.8271484375 759128
0.15087890625 0.42041015625 0.8271484375 759129
0.16357421875 0.41015625 0.83251953125 759226
0.16357421875 0.41015625 0.83251953125 759227
0.16357421875 0.41015625 0.83251953125 759227
0.16357421875 0.41015625 0.83251953125 759228
0.16357421875 0.41015625 0.83251953125 759229
0.1552734375 0.4150390625 0.82861328125 759317
0.1484375 0.42041015625 0.826171875 759433
0.1484375 0.42041015625 0.826171875 759434
0.1484375 0.42041015625 0.826171875 759435
0.1484375 0.42041015625 0.826171875 759436
0.1484375 0.42041015625 0.826171875 759437
0.1591796875 0.41259765625 0.83154296875 759535
0.1591796875 0.41259765625 0.83154296875 759537
0.1591796875 0.41259765625 0.83154296875 759538
0.1591796875 0.41259765625 0.83154296875 759539
0.1591796875 0.41259765625 0.83154296875 759540
0.15771484375 0.40673828125 0.82666015625 759601
0.15673828125 0.41357421875 0.82958984375 759724
0.15673828125 0.41357421875 0.82958984375 759725
0.15673828125 0.41357421875 0.82958984375 759726
0.15673828125 0.41357421875 0.82958984375 759727
0.15673828125 0.41357421875 0.82958984375 759727
0.15625 0.416015625 0.83203125 759827
0.15625 0.416015625 0.83203125 759828
0.15625 0.416015625 0.83203125 759829
0.15625 0.416015625 0.83203125 759830
0.15625 0.416015625 0.83203125 759830
0.16357421875 0.4091796875 0.83349609375 759929
0.16357421875 0.4091796875 0.83349609375 759930
0.16357421875 0.4091796875 0.83349609375 759931
0.16357421875 0.4091796875 0.83349609375 759932
0.16357421875 0.4091796875 0.83349609375 759933
0.15185546875 0.4111328125 0.82373046875 760030
0.15185546875 0.4111328125 0.82373046875 760031
0.15185546875 0.4111328125 0.82373046875 760032
0.15185546875 0.4111328125 0.82373046875 760033
0.15185546875 0.4111328125 0.82373046875 760034
0.154296875 0.41064453125 0.8330078125 760133
0.154296875 0.41064453125 0.8330078125 760134
0.154296875 0.41064453125 0.8330078125 760135
0.154296875 0.41064453125 0.8330078125 760136
0.154296875 0.41064453125 0.8330078125 760137
0.15087890625 0.41455078125 0.83349609375 760200
0.1572265625 0.41162109375 0.8271484375 760324
0.1572265625 0.41162109375 0.8271484375 760325
0.1572265625 0.41162109375 0.8271484375 760326
0.1572265625 0.41162109375 0.8271484375 760328
0.1572265625 0.41162109375 0.8271484375 760329
0.1572265625 0.4189453125 0.82958984375 760425
0.1572265625 0.4189453125 0.82958984375 760426
0.1572265625 0.4189453125 0.82958984375 760427
0.1572265625 0.4189453125 0.82958984375 760428
0.1572265625 0.4189453125 0.82958984375 760429
0.15478515625 0.41650390625 0.8212890625 760522
0.1435546875 0.427734375 0.833984375 760620
0.1435546875 0.427734375 0.833984375 760622
0.1435546875 0.427734375 0.833984375 760623
0.1435546875 0.427734375 0.833984375 760624
0.1435546875 0.427734375 0.833984375 760625
0.16015625 0.40771484375 0.828125 760724
0.16015625 0.40771484375 0.828125 760725
0.16015625 0.40771484375 0.828125 760726
0.16015625 0.40771484375 0.828125 760727
0.16015625 0.40771484375 0.828125 760728
0.15185546875 0.4189453125 0.82177734375 760824
0.15185546875 0.4189453125 0.82177734375 760826
0.15185546875 0.4189453125 0.82177734375 760826
0.15185546875 0.4189453125 0.82177734375 760827
0.15185546875 0.4189453125 0.82177734375 760828
0.14892578125 0.4267578125 0.83544921875 760926
0.14892578125 0.4267578125 0.83544921875 760928
0.14892578125 0.4267578125 0.83544921875 760928
0.14892578125 0.4267578125 0.83544921875 760929
0.14892578125 0.4267578125 0.83544921875 760930
0.1591796875 0.4111328125 0.828125 761030
0.1591796875 0.4111328125 0.828125 761031
0.1591796875 0.4111328125 0.828125 761032
0.1591796875 0.4111328125 0.828125 761033
0.1591796875 0.4111328125 0.828125 761034
0.14990234375 0.42529296875 0.82421875 761134
0.14990234375 0.42529296875 0.82421875 761135
0.14990234375 0.42529296875 0.82421875 761136
0.14990234375 0.42529296875 0.82421875 761137
0.14990234375 0.42529296875 0.82421875 761137
0.15673828125 0.41552734375 0.82470703125 761201
0.14794921875 0.4208984375 0.82421875 761323
0.14794921875 0.4208984375 0.82421875 761324
0.14794921875 0.4208984375 0.82421875 761325
0.14794921875 0.4208984375 0.82421875 761326
0.14794921875 0.4208984375 0.82421875 761327
0.16357421875 0.41455078125 0.83544921875 761426
0.16357421875 0.41455078125 0.83544921875 761427
0.16357421875 0.41455078125 0.83544921875 761428
0.16357421875 0.41455078125 0.83544921875 761429
0.16357421875 0.41455078125 0.83544921875 761430
0.14892578125 0.42236328125 0.8291015625 761531
0.14892578125 0.42236328125 0.8291015625 761532
0.14892578125 0.42236328125 0.8291015625 761533
0.14892578125 0.42236328125 0.8291015625 761534
0.14892578125 0.42236328125 0.8291015625 761535
0.1533203125 0.421875 0.8193359375 761631
0.1533203125 0.421875 0.8193359375 761633
0.1533203125 0.421875 0.8193359375 761633
0.1533203125 0.421875 0.8193359375 761635
0.1533203125 0.421875 0.8193359375 761635
0.15380859375 0.4228515625 0.8271484375 761735
0.15380859375 0.4228515625 0.8271484375 761736
0.15380859375 0.4228515625 0.8271484375 761737
0.15380859375 0.4228515625 0.8271484375 761738
0.15380859375 0.4228515625 0.8271484375 761739
0.1591796875 0.4130859375 0.82568359375 761835
0.1591796875 0.4130859375 0.82568359375 761836
0.1591796875 0.4130859375 0.82568359375 761837
0.1591796875 0.4130859375 0.82568359375 761837
0.15869140625 0.4208984375 0.83251953125 761901
0.15869140625 0.4208984375 0.83251953125 761902
0.15625 0.41796875 0.8291015625 762021
0.15625 0.41796875 0.8291015625 762022
0.15625 0.41796875 0.8291015625 762024
0.15625 0.41796875 0.8291015625 762025
0.15625 0.41796875 0.8291015625 762026
0.15673828125 0.41748046875 0.82275390625 762128
0.15673828125 0.41748046875 0.82275390625 762130
0.15673828125 0.41748046875 0.82275390625 762131
0.15673828125 0.41748046875 0.82275390625 762132
0.15673828125 0.41748046875 0.82275390625 762133
0.15771484375 0.4189453125 0.82373046875 762229
0.15771484375 0.4189453125 0.82373046875 762230
0.16064453125 0.41796875 0.83349609375 762332
0.16064453125 0.41796875 0.83349609375 762334
0.16064453125 0.41796875 0.83349609375 762335
0.16064453125 0.41796875 0.83349609375 762336
0.16064453125 0.41796875 0.83349609375 762338
0.1611328125 0.41845703125 0.83251953125 762435
0.1611328125 0.41845703125 0.83251953125 762436
0.1611328125 0.41845703125 0.83251953125 762437
0.1611328125 0.41845703125 0.83251953125 762438
0.1611328125 0.41845703125 0.83251953125 762438
0.1572265625 0.41845703125 0.8251953125 762501
0.154296875 0.41748046875 0.8232421875 762614
0.154296875 0.41748046875 0.8232421875 762616
0.154296875 0.41748046875 0.8232421875 762617
0.154296875 0.41748046875 0.8232421875 762618
0.154296875 0.41748046875 0.8232421875 762619
0.1591796875 0.416015625 0.82958984375 762728
0.1591796875 0.416015625 0.82958984375 762729
0.1591796875 0.416015625 0.82958984375 762730
0.1591796875 0.416015625 0.82958984375 762731
0.1591796875 0.416015625 0.82958984375 762731
0.1591796875 0.41845703125 0.830078125 762830
0.1591796875 0.41845703125 0.830078125 762831
0.1591796875 0.41845703125 0.830078125 762832
0.1591796875 0.41845703125 0.830078125 762833
0.1591796875 0.41845703125 0.830078125 762834
0.158203125 0.4150390625 0.833984375 762931
0.158203125 0.4150390625 0.833984375 762932
0.158203125 0.4150390625 0.833984375 762932
0.154296875 0.42041015625 0.82666015625 763022
0.154296875 0.42041015625 0.82666015625 763024
0.154296875 0.42041015625 0.82666015625 763025
0.1591796875 0.40869140625 0.822265625 763136
0.1591796875 0.40869140625 0.822265625 763137
0.1591796875 0.40869140625 0.822265625 763138
0.1591796875 0.40869140625 0.822265625 763139
0.1591796875 0.40869140625 0.822265625 763140
0.15966796875 0.42138671875 0.83642578125 763203
0.154296875 0.42138671875 0.82373046875 763324
0.154296875 0.42138671875 0.82373046875 763325
0.154296875 0.42138671875 0.82373046875 763327
0.154296875 0.42138671875 0.82373046875 763328
0.154296875 0.42138671875 0.82373046875 763329
0.166015625 0.4130859375 0.8330078125 763427
0.166015625 0.4130859375 0.8330078125 763428
0.166015625 0.4130859375 0.8330078125 763429
0.166015625 0.4130859375 0.8330078125 763431
0.166015625 0.4130859375 0.8330078125 763432
0.15771484375 0.4150390625 0.82958984375 763534
0.15771484375 0.4150390625 0.82958984375 763535
0.15771484375 0.4150390625 0.82958984375 763536
0.15771484375 0.4150390625 0.82958984375 763537
0.15771484375 0.4150390625 0.82958984375 763537
0.15478515625 0.42041015625 0.83056640625 763636
0.15478515625 0.42041015625 0.83056640625 763637
0.15478515625 0.42041015625 0.83056640625 763637
0.15478515625 0.42041015625 0.83056640625 763638
0.15478515625 0.42041015625 0.83056640625 763639
0.15380859375 0.41845703125 0.830078125 763724
0.1552734375 0.40966796875 0.8271484375 763821
0.1552734375 0.40966796875 0.8271484375 763823
0.1552734375 0.40966796875 0.8271484375 763823
0.1552734375 0.40966796875 0.8271484375 763826
0.1552734375 0.40966796875 0.8271484375 763827
0.154296875 0.41845703125 0.83251953125 763924
0.154296875 0.41845703125 0.83251953125 763925
0.154296875 0.41845703125 0.83251953125 763926
0.154296875 0.41845703125 0.83251953125 763928
0.154296875 0.41845703125 0.83251953125 763929
0.14990234375 0.40625 0.81689453125 764025
0.14990234375 0.40625 0.81689453125 764026
0.14990234375 0.40625 0.81689453125 764027
0.14990234375 0.40625 0.81689453125 764028
0.1494140625 0.4189453125 0.8359375 764132
0.1494140625 0.4189453125 0.8359375 764134
0.1494140625 0.4189453125 0.8359375 764135
0.1494140625 0.4189453125 0.8359375 764136
0.1494140625 0.4189453125 0.8359375 764137
0.15576171875 0.404296875 0.8291015625 764230
0.1533203125 0.41259765625 0.83203125 764332
0.1533203125 0.41259765625 0.83203125 764333
0.1533203125 0.41259765625 0.83203125 764334
0.1533203125 0.41259765625 0.83203125 764335
0.1533203125 0.41259765625 0.83203125 764336
0.16259765625 0.3994140625 0.83203125 764435
0.16259765625 0.3994140625 0.83203125 764436
0.16259765625 0.3994140625 0.83203125 764437
0.16259765625 0.3994140625 0.83203125 764438
0.16259765625 0.3994140625 0.83203125 764439
0.15380859375 0.4140625 0.83642578125 764536
0.15380859375 0.4140625 0.83642578125 764537
0.15380859375 0.4140625 0.83642578125 764539
0.15380859375 0.4140625 0.83642578125 764540
0.15380859375 0.4140625 0.83642578125 764541
0.1513671875 0.416015625 0.82568359375 764603
0.16064453125 0.41650390625 0.8388671875 764727
0.16064453125 0.41650390625 0.8388671875 764728
0.16064453125 0.41650390625 0.8388671875 764729
0.16064453125 0.41650390625 0.8388671875 764730
0.16064453125 0.41650390625 0.8388671875 764731
0.1533203125 0.41162109375 0.82275390625 764829
0.1533203125 0.41162109375 0.82275390625 764830
0.1533203125 0.41162109375 0.82275390625 764831
0.1533203125 0.41162109375 0.82275390625 764832
0.1533203125 0.41162109375 0.82275390625 764833
0.16455078125 0.4052734375 0.833984375 764932
0.16455078125 0.4052734375 0.833984375 764933
0.16455078125 0.4052734375 0.833984375 764934
0.16455078125 0.4052734375 0.833984375 764935
0.16455078125 0.4052734375 0.833984375 764938
0.1591796875 0.416015625 0.8369140625 765035
0.1591796875 0.416015625 0.8369140625 765036
0.1591796875 0.416015625 0.8369140625 765037
0.1591796875 0.416015625 0.8369140625 765038
0.1591796875 0.416015625 0.8369140625 765039
0.1513671875 0.4111328125 0.8271484375 765124
0.15869140625 0.41357421875 0.83251953125 765204
0.15869140625 0.41357421875 0.83251953125 765205
0.15869140625 0.41357421875 0.83251953125 765206
0.15869140625 0.41357421875 0.83251953125 765207
0.15869140625 0.41357421875 0.83251953125 765208
0.15234375 0.4033203125 0.8203125 765327
0.15234375 0.4033203125 0.8203125 765328
0.15234375 0.4033203125 0.8203125 765329
0.15234375 0.4033203125 0.8203125 765330
0.15234375 0.4033203125 0.8203125 765331
0.1484375 0.41748046875 0.8330078125 765455
0.1484375 0.41748046875 0.8330078125 765456
0.1484375 0.41748046875 0.8330078125 765457
0.1484375 0.41748046875 0.8330078125 765458
0.1484375 0.41748046875 0.8330078125 765459
0.15771484375 0.40869140625 0.83642578125 765535
0.158203125 0.40673828125 0.83154296875 765635
0.158203125 0.40673828125 0.83154296875 765637
0.158203125 0.40673828125 0.83154296875 765638
0.158203125 0.40673828125 0.83154296875 765639
0.158203125 0.40673828125 0.83154296875 765640
0.15478515625 0.4052734375 0.822265625 765740
0.15478515625 0.4052734375 0.822265625 765741
0.15478515625 0.4052734375 0.822265625 765742
0.15478515625 0.4052734375 0.822265625 765743
0.15478515625 0.4052734375 0.822265625 765744
0.15380859375 0.4140625 0.83984375 765804
0.16455078125 0.404296875 0.8369140625 765928
0.16455078125 0.404296875 0.8369140625 765929
0.16455078125 0.404296875 0.8369140625 765930
0.16455078125 0.404296875 0.8369140625 765931
0.16455078125 0.404296875 0.8369140625 765932
0.1572265625 0.4072265625 0.82373046875 766030
0.1572265625 0.4072265625 0.82373046875 766031
0.1572265625 0.4072265625 0.82373046875 766032
0.1572265625 0.4072265625 0.82373046875 766036
0.1572265625 0.4072265625 0.82373046875 766037
0.14599609375 0.421875 0.82666015625 766133
0.14599609375 0.421875 0.82666015625 766134
0.14599609375 0.421875 0.82666015625 766135
0.14599609375 0.421875 0.82666015625 766136
0.16064453125 0.41259765625 0.83837890625 766235
0.16064453125 0.41259765625 0.83837890625 766236
0.16064453125 0.41259765625 0.83837890625 766237
0.16064453125 0.41259765625 0.83837890625 766238
0.16064453125 0.41259765625 0.83837890625 766239
0.1611328125 0.41015625 0.82666015625 766338
0.1611328125 0.41015625 0.82666015625 766339
0.1611328125 0.41015625 0.82666015625 766340
0.1611328125 0.41015625 0.82666015625 766341
0.1611328125 0.41015625 0.82666015625 766342
0.1708984375 0.40673828125 0.84033203125 766440
0.1708984375 0.40673828125 0.84033203125 766442
0.1708984375 0.40673828125 0.84033203125 766443
0.1708984375 0.40673828125 0.84033203125 766444
0.1708984375 0.40673828125 0.84033203125 766445
0.1806640625 0.412109375 0.8369140625 766506
0.1787109375 0.4228515625 0.82861328125 766628
0.1787109375 0.4228515625 0.82861328125 766629
0.1787109375 0.4228515625 0.82861328125 766630
0.1787109375 0.4228515625 0.82861328125 766631
0.1787109375 0.4228515625 0.82861328125 766632
0.17724609375 0.42041015625 0.81494140625 766732
0.17724609375 0.42041015625 0.81494140625 766733
0.17724609375 0.42041015625 0.81494140625 766735
0.17724609375 0.42041015625 0.81494140625 766736
0.17724609375 0.42041015625 0.81494140625 766738
0.173828125 0.375 0.80712890625 766836
0.173828125 0.375 0.80712890625 766837
0.173828125 0.375 0.80712890625 766839
0.173828125 0.375 0.80712890625 766840
0.173828125 0.375 0.80712890625 766841
0.16259765625 0.35400390625 0.80224609375 766923
0.15771484375 0.341796875 0.81494140625 767013
0.15771484375 0.341796875 0.81494140625 767015
0.15771484375 0.341796875 0.81494140625 767015
0.15771484375 0.341796875 0.81494140625 767016
0.15771484375 0.341796875 0.81494140625 767017
0.14501953125 0.35009765625 0.876953125 767134
0.14501953125 0.35009765625 0.876953125 767136
0.14501953125 0.35009765625 0.876953125 767137
0.14501953125 0.35009765625 0.876953125 767139
0.14501953125 0.35009765625 0.876953125 767141
0.07470703125 0.447265625 0.9130859375 767235
0.07470703125 0.447265625 0.9130859375 767236
0.07470703125 0.447265625 0.9130859375 767237
0.07470703125 0.447265625 0.9130859375 767238
-0.04443359375 0.54150390625 0.84375 767338
-0.04443359375 0.54150390625 0.84375 767339
-0.04443359375 0.54150390625 0.84375 767340
-0.04443359375 0.54150390625 0.84375 767341
-0.04443359375 0.54150390625 0.84375 767342
-0.33056640625 0.68994140625 0.55126953125 767442
-0.33056640625 0.68994140625 0.55126953125 767443
-0.33056640625 0.68994140625 0.55126953125 767445
-0.33056640625 0.68994140625 0.55126953125 767445
-0.33056640625 0.68994140625 0.55126953125 767446
-0.5029296875 0.70263671875 0.1484375 767506
-0.58447265625 0.76513671875 -0.447265625 767629
-0.58447265625 0.76513671875 -0.447265625 767630
-0.58447265625 0.76513671875 -0.447265625 767631
-0.58447265625 0.76513671875 -0.447265625 767632
-0.58447265625 0.76513671875 -0.447265625 767633
-0.49755859375 0.6474609375 -0.83056640625 767731
-0.49755859375 0.6474609375 -0.83056640625 767732
-0.49755859375 0.6474609375 -0.83056640625 767735
-0.49755859375 0.6474609375 -0.83056640625 767736
-0.49755859375 0.6474609375 -0.83056640625 767737
-0.3115234375 0.66748046875 0.32080078125 767837
-0.3115234375 0.66748046875 0.32080078125 767839
-0.3115234375 0.66748046875 0.32080078125 767840
-0.3115234375 0.66748046875 0.32080078125 767842
0.28173828125 0.37744140625 1.17138671875 767905
0.28173828125 0.37744140625 1.17138671875 767906
0.26904296875 0.28662109375 1.08935546875 768031
0.26904296875 0.28662109375 1.08935546875 768032
0.26904296875 0.28662109375 1.08935546875 768033
0.26904296875 0.28662109375 1.08935546875 768034
0.26904296875 0.28662109375 1.08935546875 768035
0.00830078125 0.41552734375 0.66552734375 768132
0.00830078125 0.41552734375 0.66552734375 768133
0.00830078125 0.41552734375 0.66552734375 768134
0.00830078125 0.41552734375 0.66552734375 768135
0.00830078125 0.41552734375 0.66552734375 768136
-0.17822265625 0.62353515625 0.458984375 768234
-0.17822265625 0.62353515625 0.458984375 768235
-0.17822265625 0.62353515625 0.458984375 768237
-0.17822265625 0.62353515625 0.458984375 768238
-0.17822265625 0.62353515625 0.458984375 768239
-0.36962890625 0.78662109375 0.22705078125 768336
-0.36962890625 0.78662109375 0.22705078125 768337
-0.36962890625 0.78662109375 0.22705078125 768338
-0.36962890625 0.78662109375 0.22705078125 768339
-0.36962890625 0.78662109375 0.22705078125 768340
-0.47412109375 0.85009765625 -0.04638671875 768439
-0.47412109375 0.85009765625 -0.04638671875 768440
-0.47412109375 0.85009765625 -0.04638671875 768442
-0.47412109375 0.85009765625 -0.04638671875 768443
-0.47412109375 0.85009765625 -0.04638671875 768444
-0.53466796875 0.90185546875 -0.2060546875 768541
-0.53466796875 0.90185546875 -0.2060546875 768542
-0.53466796875 0.90185546875 -0.2060546875 768543
-0.53466796875 0.90185546875 -0.2060546875 768544
-0.53466796875 0.90185546875 -0.2060546875 768545
-0.52490234375 0.79345703125 -0.17822265625 768607
