-0.0380859375 0.4912109375 0.78955078125 942726
-0.0380859375 0.4912109375 0.78955078125 942726
-0.0380859375 0.4912109375 0.78955078125 942728
-0.0380859375 0.4912109375 0.78955078125 942729
-0.0380859375 0.4912109375 0.78955078125 942730
-0.0380859375 0.4912109375 0.78955078125 942731
-0.052734375 0.4794921875 0.7685546875 942731
-0.060546875 0.48388671875 0.7705078125 942786
-0.064453125 0.47509765625 0.78076171875 942885
-0.064453125 0.47509765625 0.78076171875 942932
-0.064453125 0.47509765625 0.78076171875 942933
-0.064453125 0.47509765625 0.78076171875 942934
-0.064453125 0.47509765625 0.78076171875 942935
-0.07763671875 0.49462890625 0.78369140625 942947
-0.0703125 0.47802734375 0.775390625 943054
-0.0703125 0.47802734375 0.775390625 943056
-0.0703125 0.47802734375 0.775390625 943057
-0.0703125 0.47802734375 0.775390625 943058
-0.0703125 0.47802734375 0.775390625 943059
-0.06787109375 0.46240234375 0.77392578125 943131
-0.0908203125 0.4833984375 0.7646484375 943241
-0.0908203125 0.4833984375 0.7646484375 943242
-0.0908203125 0.4833984375 0.7646484375 943243
-0.0908203125 0.4833984375 0.7646484375 943244
-0.0908203125 0.4833984375 0.7646484375 943245
-0.08251953125 0.48388671875 0.77197265625 943347
-0.08251953125 0.48388671875 0.77197265625 943348
-0.08251953125 0.48388671875 0.77197265625 943350
-0.08251953125 0.48388671875 0.77197265625 943351
-0.08251953125 0.48388671875 0.77197265625 943352
-0.0859375 0.4833984375 0.7666015625 943450
-0.0859375 0.4833984375 0.7666015625 943451
-0.0859375 0.4833984375 0.7666015625 943452
-0.0859375 0.4833984375 0.7666015625 943453
-0.0859375 0.4833984375 0.7666015625 943454
-0.09765625 0.48046875 0.763671875 943555
-0.09765625 0.48046875 0.763671875 943556
-0.09765625 0.48046875 0.763671875 943557
-0.09765625 0.48046875 0.763671875 943558
-0.09765625 0.48046875 0.763671875 943559
-0.09375 0.48388671875 0.767578125 943634
-0.10693359375 0.47607421875 0.76025390625 943744
-0.10693359375 0.47607421875 0.76025390625 943745
-0.10693359375 0.47607421875 0.76025390625 943746
-0.10693359375 0.47607421875 0.76025390625 943747
-0.10693359375 0.47607421875 0.76025390625 943748
-0.12109375 0.47802734375 0.75732421875 943847
-0.12109375 0.47802734375 0.75732421875 943848
-0.12109375 0.47802734375 0.75732421875 943849
-0.12109375 0.47802734375 0.75732421875 943850
-0.12109375 0.47802734375 0.75732421875 943852
-0.130859375 0.45556640625 0.75244140625 943949
-0.130859375 0.45556640625 0.75244140625 943950
-0.130859375 0.45556640625 0.75244140625 943952
-0.130859375 0.45556640625 0.75244140625 943953
-0.130859375 0.45556640625 0.75244140625 943955
-0.125 0.470703125 0.7744140625 944051
-0.125 0.470703125 0.7744140625 944053
-0.125 0.470703125 0.7744140625 944054
-0.125 0.470703125 0.7744140625 944056
-0.125 0.470703125 0.7744140625 944057
-0.14013671875 0.4580078125 0.7451171875 944155
-0.14013671875 0.4580078125 0.7451171875 944156
-0.14013671875 0.4580078125 0.7451171875 944157
-0.14013671875 0.4580078125 0.7451171875 944158
-0.14013671875 0.4580078125 0.7451171875 944160
-0.1220703125 0.47900390625 0.7392578125 944232
-0.138671875 0.4892578125 0.77197265625 944342
-0.138671875 0.4892578125 0.77197265625 944343
-0.138671875 0.4892578125 0.77197265625 944344
-0.138671875 0.4892578125 0.77197265625 944345
-0.138671875 0.4892578125 0.77197265625 944346
-0.14208984375 0.4755859375 0.751953125 944445
-0.14208984375 0.4755859375 0.751953125 944446
-0.14208984375 0.4755859375 0.751953125 944447
-0.14208984375 0.4755859375 0.751953125 944447
-0.14208984375 0.4755859375 0.751953125 944448
-0.1708984375 0.4912109375 0.75341796875 944550
-0.1708984375 0.4912109375 0.75341796875 944551
-0.1708984375 0.4912109375 0.75341796875 944552
-0.1708984375 0.4912109375 0.75341796875 944553
-0.17529296875 0.4931640625 0.78662109375 944636
-0.17529296875 0.4931640625 0.78662109375 944637
-0.3349609375 0.5244140625 0.5810546875 944746
-0.3349609375 0.5244140625 0.5810546875 944747
-0.3349609375 0.5244140625 0.5810546875 944748
-0.3349609375 0.5244140625 0.5810546875 944750
-0.3349609375 0.5244140625 0.5810546875 944751
-0.533203125 0.6787109375 0.30810546875 944849
-0.533203125 0.6787109375 0.30810546875 944850
-0.533203125 0.6787109375 0.30810546875 944851
-0.533203125 0.6787109375 0.30810546875 944852
-0.533203125 0.6787109375 0.30810546875 944853
-0.5732421875 0.6806640625 0.1328125 944951
-0.5732421875 0.6806640625 0.1328125 944952
-0.5732421875 0.6806640625 0.1328125 944953
-0.5732421875 0.6806640625 0.1328125 944954
-0.5732421875 0.6806640625 0.1328125 944955
-0.5615234375 0.68359375 0.13916015625 945054
-0.5615234375 0.68359375 0.13916015625 945055
-0.5615234375 0.68359375 0.13916015625 945056
-0.5615234375 0.68359375 0.13916015625 945056
-0.5615234375 0.68359375 0.13916015625 945057
-0.5341796875 0.705078125 0.2060546875 945132
-0.4501953125 0.70361328125 0.30615234375 945244
-0.4501953125 0.70361328125 0.30615234375 945245
-0.4501953125 0.70361328125 0.30615234375 945246
-0.4501953125 0.70361328125 0.30615234375 945247
-0.4501953125 0.70361328125 0.30615234375 945248
-0.2099609375 0.62060546875 0.5859375 945347
-0.2099609375 0.62060546875 0.5859375 945348
-0.2099609375 0.62060546875 0.5859375 945349
-0.2099609375 0.62060546875 0.5859375 945350
-0.2099609375 0.62060546875 0.5859375 945351
-0.0009765625 0.60009765625 0.70458984375 945475
-0.0009765625 0.60009765625 0.70458984375 945476
-0.0009765625 0.60009765625 0.70458984375 945477
-0.0009765625 0.60009765625 0.70458984375 945478
-0.0009765625 0.60009765625 0.70458984375 945479
0.201171875 0.58251953125 0.826171875 945553
0.3193359375 0.44775390625 0.92333984375 945635
0.3193359375 0.44775390625 0.92333984375 945636
0.3193359375 0.44775390625 0.92333984375 945637
0.3193359375 0.44775390625 0.92333984375 945637
0.3193359375 0.44775390625 0.92333984375 945638
0.27685546875 0.35791015625 0.8818359375 945748
0.27685546875 0.35791015625 0.8818359375 945749
0.27685546875 0.35791015625 0.8818359375 945750
0.27685546875 0.35791015625 0.8818359375 945751
0.27685546875 0.35791015625 0.8818359375 945752
0.21337890625 0.41455078125 0.91943359375 945850
0.21337890625 0.41455078125 0.91943359375 945851
0.21337890625 0.41455078125 0.91943359375 945852
0.21337890625 0.41455078125 0.91943359375 945853
0.13525390625 0.44677734375 0.84423828125 945954
0.13525390625 0.44677734375 0.84423828125 945955
0.13525390625 0.44677734375 0.84423828125 945956
0.13525390625 0.44677734375 0.84423828125 945958
0.13525390625 0.44677734375 0.84423828125 945959
0.14697265625 0.41455078125 0.8427734375 946057
0.14697265625 0.41455078125 0.8427734375 946058
0.14697265625 0.41455078125 0.8427734375 946059
0.14697265625 0.41455078125 0.8427734375 946060
0.14697265625 0.41455078125 0.8427734375 946060
0.17822265625 0.40771484375 0.81005859375 946134
0.19580078125 0.36767578125 0.79296875 946245
0.19580078125 0.36767578125 0.79296875 946246
0.19580078125 0.36767578125 0.79296875 946247
0.19580078125 0.36767578125 0.79296875 946247
0.19580078125 0.36767578125 0.79296875 946248
0.18994140625 0.37841796875 0.77685546875 946347
0.18994140625 0.37841796875 0.77685546875 946348
0.18994140625 0.37841796875 0.77685546875 946350
0.18994140625 0.37841796875 0.77685546875 946351
0.18994140625 0.37841796875 0.77685546875 946353
0.1845703125 0.3740234375 0.78857421875 946470
0.1845703125 0.3740234375 0.78857421875 946471
0.1845703125 0.3740234375 0.78857421875 946472
0.1845703125 0.3740234375 0.78857421875 946472
0.1845703125 0.3740234375 0.78857421875 946473
0.1748046875 0.4296875 0.81787109375 946556
0.0771484375 0.53466796875 0.80322265625 946636
0.0771484375 0.53466796875 0.80322265625 946637
0.0771484375 0.53466796875 0.80322265625 946638
0.0771484375 0.53466796875 0.80322265625 946638
0.0771484375 0.53466796875 0.80322265625 946639
-0.033203125 0.5439453125 0.71923828125 946747
-0.033203125 0.5439453125 0.71923828125 946748
-0.033203125 0.5439453125 0.71923828125 946749
-0.033203125 0.5439453125 0.71923828125 946750
-0.033203125 0.5439453125 0.71923828125 946752
-0.15283203125 0.6015625 0.591796875 946849
-0.15283203125 0.6015625 0.591796875 946850
-0.15283203125 0.6015625 0.591796875 946851
-0.15283203125 0.6015625 0.591796875 946852
-0.15283203125 0.6015625 0.591796875 946853
-0.30810546875 0.57373046875 0.37451171875 946953
-0.30810546875 0.57373046875 0.37451171875 946954
-0.30810546875 0.57373046875 0.37451171875 946955
-0.30810546875 0.57373046875 0.37451171875 946956
-0.30810546875 0.57373046875 0.37451171875 946958
-0.32275390625 0.5537109375 0.2822265625 947057
-0.32275390625 0.5537109375 0.2822265625 947058
-0.32275390625 0.5537109375 0.2822265625 947059
-0.32275390625 0.5537109375 0.2822265625 947060
-0.32275390625 0.5537109375 0.2822265625 947061
0.1591796875 0.3642578125 0.5419921875 947136
0.240234375 0.369140625 0.935546875 947246
0.240234375 0.369140625 0.935546875 947247
0.240234375 0.369140625 0.935546875 947248
0.240234375 0.369140625 0.935546875 947248
0.240234375 0.369140625 0.935546875 947250
-0.26904296875 0.68115234375 0.74365234375 947349
-0.26904296875 0.68115234375 0.74365234375 947350
-0.26904296875 0.68115234375 0.74365234375 947351
-0.26904296875 0.68115234375 0.74365234375 947353
-0.26904296875 0.68115234375 0.74365234375 947354
-0.53369140625 0.76171875 0.23876953125 947451
-0.53369140625 0.76171875 0.23876953125 947452
-0.53369140625 0.76171875 0.23876953125 947453
-0.53369140625 0.76171875 0.23876953125 947454
-0.5439453125 0.73193359375 0.08984375 947554
-0.5439453125 0.73193359375 0.08984375 947555
-0.5439453125 0.73193359375 0.08984375 947556
-0.5439453125 0.73193359375 0.08984375 947557
-0.5439453125 0.73193359375 0.08984375 947559
-0.578125 0.798828125 0.046875 947658
-0.578125 0.798828125 0.046875 947659
-0.578125 0.798828125 0.046875 947660
-0.578125 0.798828125 0.046875 947661
-0.578125 0.798828125 0.046875 947662
-0.53466796875 0.7421875 0.0634765625 947787
-0.53466796875 0.7421875 0.0634765625 947805
-0.53466796875 0.7421875 0.0634765625 947806
-0.53466796875 0.7421875 0.0634765625 947807
-0.53466796875 0.7421875 0.0634765625 947808
-0.52392578125 0.78076171875 0.13134765625 947973
-0.52392578125 0.78076171875 0.13134765625 948080
-0.52392578125 0.78076171875 0.13134765625 948081
-0.52392578125 0.78076171875 0.13134765625 948082
-0.52392578125 0.78076171875 0.13134765625 948083
-0.2744140625 0.67626953125 0.45751953125 948095
-0.2744140625 0.67626953125 0.45751953125 948096
-0.05517578125 0.67626953125 0.701171875 948097
0.1875 0.58349609375 0.76171875 948153
0.3056640625 0.47802734375 0.8857421875 948255
0.3056640625 0.47802734375 0.8857421875 948256
0.3056640625 0.47802734375 0.8857421875 948257
0.3056640625 0.47802734375 0.8857421875 948258
0.3056640625 0.47802734375 0.8857421875 948259
0.26416015625 0.4462890625 0.8681640625 948358
0.26416015625 0.4462890625 0.8681640625 948359
0.26416015625 0.4462890625 0.8681640625 948360
0.26416015625 0.4462890625 0.8681640625 948361
0.26416015625 0.4462890625 0.8681640625 948362
0.2412109375 0.43994140625 0.85888671875 948436
0.2138671875 0.41162109375 0.85205078125 948547
0.2138671875 0.41162109375 0.85205078125 948548
0.2138671875 0.41162109375 0.85205078125 948549
0.2138671875 0.41162109375 0.85205078125 948550
0.2138671875 0.41162109375 0.85205078125 948554
0.1875 0.4287109375 0.85498046875 948650
0.1875 0.4287109375 0.85498046875 948651
0.1875 0.4287109375 0.85498046875 948652
0.1875 0.4287109375 0.85498046875 948653
0.1875 0.4287109375 0.85498046875 948654
0.1591796875 0.4248046875 0.85986328125 948755
0.1591796875 0.4248046875 0.85986328125 948756
0.1591796875 0.4248046875 0.85986328125 948757
0.1591796875 0.4248046875 0.85986328125 948758
0.1591796875 0.4248046875 0.85986328125 948759
0.154296875 0.40234375 0.8623046875 948859
0.154296875 0.40234375 0.8623046875 948860
0.154296875 0.40234375 0.8623046875 948861
0.154296875 0.40234375 0.8623046875 948863
0.154296875 0.40234375 0.8623046875 948863
0.16064453125 0.38623046875 0.86572265625 948936
0.15380859375 0.36376953125 0.8251953125 949047
0.15380859375 0.36376953125 0.8251953125 949048
0.15380859375 0.36376953125 0.8251953125 949049
0.15380859375 0.36376953125 0.8251953125 949051
0.15380859375 0.36376953125 0.8251953125 949052
0.15478515625 0.35205078125 0.8095703125 949175
0.15478515625 0.35205078125 0.8095703125 949176
0.15478515625 0.35205078125 0.8095703125 949177
0.15478515625 0.35205078125 0.8095703125 949178
0.15478515625 0.35205078125 0.8095703125 949180
0.18359375 0.33984375 0.82861328125 949253
0.1689453125 0.34814453125 0.8037109375 949359
0.1689453125 0.34814453125 0.8037109375 949360
0.1689453125 0.34814453125 0.8037109375 949362
0.1689453125 0.34814453125 0.8037109375 949363
0.1689453125 0.34814453125 0.8037109375 949364
0.14013671875 0.46044921875 0.81689453125 949458
0.16015625 0.4677734375 0.84521484375 949536
0.16015625 0.4677734375 0.84521484375 949538
0.16015625 0.4677734375 0.84521484375 949539
0.16015625 0.4677734375 0.84521484375 949539
0.16015625 0.4677734375 0.84521484375 949540
0.01806640625 0.53955078125 0.7490234375 949647
0.01806640625 0.53955078125 0.7490234375 949648
0.01806640625 0.53955078125 0.7490234375 949649
0.01806640625 0.53955078125 0.7490234375 949650
0.01806640625 0.53955078125 0.7490234375 949651
-0.17724609375 0.6279296875 0.55078125 949751
-0.17724609375 0.6279296875 0.55078125 949752
-0.17724609375 0.6279296875 0.55078125 949754
-0.17724609375 0.6279296875 0.55078125 949755
-0.17724609375 0.6279296875 0.55078125 949756
-0.22314453125 0.56103515625 0.38232421875 949854
-0.22314453125 0.56103515625 0.38232421875 949855
-0.22314453125 0.56103515625 0.38232421875 949856
-0.22314453125 0.56103515625 0.38232421875 949857
0.09765625 0.2646484375 0.4794921875 949958
0.09765625 0.2646484375 0.4794921875 949959
0.09765625 0.2646484375 0.4794921875 949960
0.09765625 0.2646484375 0.4794921875 949961
0.09765625 0.2646484375 0.4794921875 949962
0.1044921875 0.52734375 0.98974609375 950036
-0.33935546875 0.8251953125 0.65185546875 950147
-0.33935546875 0.8251953125 0.65185546875 950148
-0.33935546875 0.8251953125 0.65185546875 950149
-0.33935546875 0.8251953125 0.65185546875 950150
-0.33935546875 0.8251953125 0.65185546875 950151
-0.5166015625 0.85302734375 0.2744140625 950250
-0.5166015625 0.85302734375 0.2744140625 950251
-0.5166015625 0.85302734375 0.2744140625 950252
-0.5166015625 0.85302734375 0.2744140625 950253
-0.5166015625 0.85302734375 0.2744140625 950253
-0.49951171875 0.78076171875 0.29541015625 950352
-0.49951171875 0.78076171875 0.29541015625 950353
-0.49951171875 0.78076171875 0.29541015625 950354
-0.49951171875 0.78076171875 0.29541015625 950355
-0.49951171875 0.78076171875 0.29541015625 950355
-0.482421875 0.73583984375 0.25341796875 950455
-0.482421875 0.73583984375 0.25341796875 950456
-0.482421875 0.73583984375 0.25341796875 950457
-0.482421875 0.73583984375 0.25341796875 950458
-0.482421875 0.73583984375 0.25341796875 950459
-0.44091796875 0.767578125 0.2919921875 950557
-0.44091796875 0.767578125 0.2919921875 950558
-0.44091796875 0.767578125 0.2919921875 950559
-0.44091796875 0.767578125 0.2919921875 950561
-0.44091796875 0.767578125 0.2919921875 950562
-0.3447265625 0.69921875 0.37744140625 950660
-0.3447265625 0.69921875 0.37744140625 950661
-0.3447265625 0.69921875 0.37744140625 950662
-0.3447265625 0.69921875 0.37744140625 950663
-0.3447265625 0.69921875 0.37744140625 950664
-0.0302734375 0.64453125 0.71337890625 950737
0.2646484375 0.45751953125 0.87109375 950848
0.2646484375 0.45751953125 0.87109375 950849
0.2646484375 0.45751953125 0.87109375 950850
0.2646484375 0.45751953125 0.87109375 950851
0.2646484375 0.45751953125 0.87109375 950852
0.23974609375 0.45556640625 0.8359375 950952
0.23974609375 0.45556640625 0.8359375 950953
0.23974609375 0.45556640625 0.8359375 950954
0.23974609375 0.45556640625 0.8359375 950955
0.23974609375 0.45556640625 0.8359375 950957
0.25341796875 0.43505859375 0.8525390625 951056
0.25341796875 0.43505859375 0.8525390625 951057
0.25341796875 0.43505859375 0.8525390625 951058
0.25341796875 0.43505859375 0.8525390625 951059
0.25341796875 0.43505859375 0.8525390625 951060
0.23095703125 0.42431640625 0.8408203125 951148
0.2177734375 0.41943359375 0.8623046875 951251
0.2177734375 0.41943359375 0.8623046875 951252
0.2177734375 0.41943359375 0.8623046875 951253
0.2177734375 0.41943359375 0.8623046875 951254
0.2177734375 0.41943359375 0.8623046875 951255
0.21923828125 0.4130859375 0.87548828125 951354
0.21923828125 0.4130859375 0.87548828125 951355
0.21923828125 0.4130859375 0.87548828125 951356
0.21923828125 0.4130859375 0.87548828125 951357
0.21923828125 0.4130859375 0.87548828125 951358
0.18505859375 0.4111328125 0.87255859375 951456
0.18505859375 0.4111328125 0.87255859375 951457
0.18505859375 0.4111328125 0.87255859375 951458
0.18505859375 0.4111328125 0.87255859375 951459
0.18505859375 0.4111328125 0.87255859375 951459
0.15380859375 0.421875 0.85595703125 951558
0.15380859375 0.421875 0.85595703125 951559
0.15380859375 0.421875 0.85595703125 951560
0.15380859375 0.421875 0.85595703125 951561
0.15380859375 0.421875 0.85595703125 951562
0.17626953125 0.38427734375 0.86669921875 951638
0.169921875 0.3701171875 0.82177734375 951750
0.169921875 0.3701171875 0.82177734375 951751
0.169921875 0.3701171875 0.82177734375 951752
0.169921875 0.3701171875 0.82177734375 951753
0.169921875 0.3701171875 0.82177734375 951754
0.17431640625 0.34521484375 0.8173828125 951852
0.17431640625 0.34521484375 0.8173828125 951853
0.17431640625 0.34521484375 0.8173828125 951854
0.17431640625 0.34521484375 0.8173828125 951855
0.17431640625 0.34521484375 0.8173828125 951856
0.171875 0.3427734375 0.83251953125 951955
0.171875 0.3427734375 0.83251953125 951956
0.171875 0.3427734375 0.83251953125 951957
0.171875 0.3427734375 0.83251953125 951958
0.171875 0.3427734375 0.83251953125 951959
0.19921875 0.32666015625 0.82861328125 952058
0.19921875 0.32666015625 0.82861328125 952059
0.19921875 0.32666015625 0.82861328125 952060
0.19921875 0.32666015625 0.82861328125 952061
0.19921875 0.32666015625 0.82861328125 952062
0.17626953125 0.41015625 0.8349609375 952139
0.17919921875 0.431640625 0.85791015625 952250
0.17919921875 0.431640625 0.85791015625 952251
0.17919921875 0.431640625 0.85791015625 952252
0.17919921875 0.431640625 0.85791015625 952252
0.17919921875 0.431640625 0.85791015625 952253
0.06689453125 0.47265625 0.77783203125 952352
0.06689453125 0.47265625 0.77783203125 952353
0.06689453125 0.47265625 0.77783203125 952354
0.06689453125 0.47265625 0.77783203125 952355
0.06689453125 0.47265625 0.77783203125 952356
-0.22314453125 0.59423828125 0.42431640625 952456
-0.22314453125 0.59423828125 0.42431640625 952457
-0.22314453125 0.59423828125 0.42431640625 952458
-0.22314453125 0.59423828125 0.42431640625 952459
-0.22314453125 0.59423828125 0.42431640625 952460
-0.0634765625 0.39794921875 0.51513671875 952559
-0.0634765625 0.39794921875 0.51513671875 952560
-0.0634765625 0.39794921875 0.51513671875 952561
-0.0634765625 0.39794921875 0.51513671875 952562
-0.0634765625 0.39794921875 0.51513671875 952563
0.04443359375 0.341796875 0.70068359375 952638
-0.24365234375 0.822265625 0.724609375 952750
-0.24365234375 0.822265625 0.724609375 952751
-0.24365234375 0.822265625 0.724609375 952752
-0.24365234375 0.822265625 0.724609375 952753
-0.24365234375 0.822265625 0.724609375 952754
-0.4892578125 0.93701171875 0.40869140625 952867
-0.4892578125 0.93701171875 0.40869140625 952868
-0.4892578125 0.93701171875 0.40869140625 952870
-0.4892578125 0.93701171875 0.40869140625 952871
-0.4892578125 0.93701171875 0.40869140625 952872
-0.43505859375 0.8212890625 0.35498046875 952953
-0.376953125 0.751953125 0.38525390625 953045
-0.376953125 0.751953125 0.38525390625 953058
-0.376953125 0.751953125 0.38525390625 953059
-0.376953125 0.751953125 0.38525390625 953060
-0.376953125 0.751953125 0.38525390625 953061
-0.3525390625 0.796875 0.39697265625 953160
-0.3525390625 0.796875 0.39697265625 953161
-0.3525390625 0.796875 0.39697265625 953162
-0.3525390625 0.796875 0.39697265625 953163
-0.3525390625 0.796875 0.39697265625 953165
-0.17529296875 0.67919921875 0.51904296875 953262
-0.17529296875 0.67919921875 0.51904296875 953263
-0.17529296875 0.67919921875 0.51904296875 953264
-0.17529296875 0.67919921875 0.51904296875 953265
-0.17529296875 0.67919921875 0.51904296875 953266
0.04296875 0.5732421875 0.7978515625 953340
0.14599609375 0.4990234375 0.8671875 953453
0.14599609375 0.4990234375 0.8671875 953454
0.14599609375 0.4990234375 0.8671875 953455
0.14599609375 0.4990234375 0.8671875 953456
0.14599609375 0.4990234375 0.8671875 953459
0.203125 0.4267578125 0.8505859375 953580
0.203125 0.4267578125 0.8505859375 953581
0.203125 0.4267578125 0.8505859375 953582
0.203125 0.4267578125 0.8505859375 953583
0.203125 0.4267578125 0.8505859375 953584
0.2158203125 0.4140625 0.845703125 953641
0.21142578125 0.40380859375 0.8486328125 953751
0.21142578125 0.40380859375 0.8486328125 953752
0.21142578125 0.40380859375 0.8486328125 953753
0.21142578125 0.40380859375 0.8486328125 953753
0.21142578125 0.40380859375 0.8486328125 953754
0.201171875 0.412109375 0.8408203125 953855
0.201171875 0.412109375 0.8408203125 953856
0.201171875 0.412109375 0.8408203125 953857
0.201171875 0.412109375 0.8408203125 953857
0.201171875 0.412109375 0.8408203125 953858
0.197265625 0.40966796875 0.8466796875 953957
0.197265625 0.40966796875 0.8466796875 953958
0.197265625 0.40966796875 0.8466796875 953959
0.197265625 0.40966796875 0.8466796875 953961
0.197265625 0.40966796875 0.8466796875 953962
0.17724609375 0.419921875 0.84521484375 954060
0.17724609375 0.419921875 0.84521484375 954061
0.17724609375 0.419921875 0.84521484375 954062
0.17724609375 0.419921875 0.84521484375 954063
0.17724609375 0.419921875 0.84521484375 954063
0.1806640625 0.40966796875 0.87158203125 954162
0.1806640625 0.40966796875 0.87158203125 954163
0.1806640625 0.40966796875 0.87158203125 954164
0.1806640625 0.40966796875 0.87158203125 954164
0.1806640625 0.40966796875 0.87158203125 954165
0.15283203125 0.42529296875 0.857421875 954239
0.14794921875 0.3974609375 0.845703125 954351
0.14794921875 0.3974609375 0.845703125 954352
0.14794921875 0.3974609375 0.845703125 954353
0.14794921875 0.3974609375 0.845703125 954354
0.14794921875 0.3974609375 0.845703125 954355
0.14794921875 0.38818359375 0.84033203125 954453
0.14794921875 0.38818359375 0.84033203125 954454
0.14794921875 0.38818359375 0.84033203125 954455
0.14794921875 0.38818359375 0.84033203125 954455
0.14794921875 0.38818359375 0.84033203125 954456
0.16650390625 0.365234375 0.84521484375 954556
0.16650390625 0.365234375 0.84521484375 954557
0.16650390625 0.365234375 0.84521484375 954558
0.16650390625 0.365234375 0.84521484375 954558
0.16650390625 0.365234375 0.84521484375 954559
0.1923828125 0.32373046875 0.8330078125 954659
0.1923828125 0.32373046875 0.8330078125 954660
0.1923828125 0.32373046875 0.8330078125 954661
0.1923828125 0.32373046875 0.8330078125 954662
0.1923828125 0.32373046875 0.8330078125 954664
0.18505859375 0.318359375 0.82763671875 954762
0.18505859375 0.318359375 0.82763671875 954766
0.18505859375 0.318359375 0.82763671875 954768
0.18505859375 0.318359375 0.82763671875 954769
0.18505859375 0.318359375 0.82763671875 954770
0.18798828125 0.3310546875 0.82958984375 954840
0.16943359375 0.453125 0.8720703125 954951
0.16943359375 0.453125 0.8720703125 954982
0.16943359375 0.453125 0.8720703125 954983
0.16943359375 0.453125 0.8720703125 954984
0.16943359375 0.453125 0.8720703125 954985
0.115234375 0.4873046875 0.7998046875 955054
0.115234375 0.4873046875 0.7998046875 955055
0.0732421875 0.462890625 0.7744140625 955156
0.0732421875 0.462890625 0.7744140625 955157
0.0732421875 0.462890625 0.7744140625 955158
0.0732421875 0.462890625 0.7744140625 955160
0.0732421875 0.462890625 0.7744140625 955161
-0.18408203125 0.63671875 0.5263671875 955258
-0.18408203125 0.63671875 0.5263671875 955259
-0.18408203125 0.63671875 0.5263671875 955260
-0.18408203125 0.63671875 0.5263671875 955261
-0.18408203125 0.63671875 0.5263671875 955262
-0.22314453125 0.51904296875 0.32275390625 955362
-0.22314453125 0.51904296875 0.32275390625 955363
-0.22314453125 0.51904296875 0.32275390625 955364
-0.22314453125 0.51904296875 0.32275390625 955365
-0.22314453125 0.51904296875 0.32275390625 955369
-0.06640625 0.30322265625 0.4111328125 955441
0.13525390625 0.34912109375 0.82666015625 955552
0.13525390625 0.34912109375 0.82666015625 955553
0.13525390625 0.34912109375 0.82666015625 955554
0.13525390625 0.34912109375 0.82666015625 955555
0.13525390625 0.34912109375 0.82666015625 955556
-0.1083984375 0.625 0.955078125 955641
-0.3994140625 0.8134765625 0.5693359375 955764
-0.3994140625 0.8134765625 0.5693359375 955765
-0.3994140625 0.8134765625 0.5693359375 955766
-0.3994140625 0.8134765625 0.5693359375 955767
-0.3994140625 0.8134765625 0.5693359375 955768
-0.4404296875 0.7978515625 0.431640625 955856
-0.35791015625 0.7509765625 0.42724609375 955947
-0.35791015625 0.7509765625 0.42724609375 955959
-0.35791015625 0.7509765625 0.42724609375 955960
-0.35791015625 0.7509765625 0.42724609375 955961
-0.35791015625 0.7509765625 0.42724609375 955962
-0.353515625 0.7919921875 0.44482421875 956065
-0.353515625 0.7919921875 0.44482421875 956066
-0.353515625 0.7919921875 0.44482421875 956067
-0.353515625 0.7919921875 0.44482421875 956068
-0.353515625 0.7919921875 0.44482421875 956068
-0.1943359375 0.7080078125 0.55126953125 956154
0.02294921875 0.64892578125 0.77197265625 956256
0.02294921875 0.64892578125 0.77197265625 956257
0.02294921875 0.64892578125 0.77197265625 956258
0.02294921875 0.64892578125 0.77197265625 956258
0.02294921875 0.64892578125 0.77197265625 956259
0.185546875 0.48095703125 0.87548828125 956362
0.185546875 0.48095703125 0.87548828125 956363
0.185546875 0.48095703125 0.87548828125 956366
0.185546875 0.48095703125 0.87548828125 956367
0.185546875 0.48095703125 0.87548828125 956369
0.2080078125 0.4228515625 0.84033203125 956442
0.203125 0.41552734375 0.81298828125 956554
0.203125 0.41552734375 0.81298828125 956555
0.203125 0.41552734375 0.81298828125 956557
0.203125 0.41552734375 0.81298828125 956558
0.203125 0.41552734375 0.81298828125 956559
0.20361328125 0.421875 0.8359375 956661
0.20361328125 0.421875 0.8359375 956662
0.20361328125 0.421875 0.8359375 956663
0.20361328125 0.421875 0.8359375 956663
0.20361328125 0.421875 0.8359375 956664
0.2158203125 0.40478515625 0.83251953125 956763
0.2158203125 0.40478515625 0.83251953125 956764
0.2158203125 0.40478515625 0.83251953125 956765
0.2158203125 0.40478515625 0.83251953125 956767
0.2158203125 0.40478515625 0.83251953125 956768
0.22900390625 0.416015625 0.87939453125 956865
0.22900390625 0.416015625 0.87939453125 956866
0.22900390625 0.416015625 0.87939453125 956867
0.22900390625 0.416015625 0.87939453125 956868
0.22900390625 0.416015625 0.87939453125 956869
0.22021484375 0.42626953125 0.87841796875 956942
0.20068359375 0.42529296875 0.8642578125 957054
0.20068359375 0.42529296875 0.8642578125 957055
0.20068359375 0.42529296875 0.8642578125 957055
0.20068359375 0.42529296875 0.8642578125 957056
0.20068359375 0.42529296875 0.8642578125 957057
0.205078125 0.41552734375 0.88330078125 957156
0.205078125 0.41552734375 0.88330078125 957157
0.205078125 0.41552734375 0.88330078125 957158
0.205078125 0.41552734375 0.88330078125 957160
0.205078125 0.41552734375 0.88330078125 957161
0.19677734375 0.39892578125 0.86376953125 957260
0.19677734375 0.39892578125 0.86376953125 957261
0.19677734375 0.39892578125 0.86376953125 957262
0.19677734375 0.39892578125 0.86376953125 957263
0.19677734375 0.39892578125 0.86376953125 957263
0.17724609375 0.3740234375 0.822265625 957363
0.17724609375 0.3740234375 0.822265625 957364
0.17724609375 0.3740234375 0.822265625 957365
0.17724609375 0.3740234375 0.822265625 957366
0.17724609375 0.3740234375 0.822265625 957366
0.185546875 0.36865234375 0.82763671875 957442
0.18212890625 0.3603515625 0.81982421875 957554
0.18212890625 0.3603515625 0.81982421875 957555
0.18212890625 0.3603515625 0.81982421875 957556
0.18212890625 0.3603515625 0.81982421875 957557
0.18212890625 0.3603515625 0.81982421875 957558
0.1806640625 0.33203125 0.81982421875 957656
0.1806640625 0.33203125 0.81982421875 957657
0.1806640625 0.33203125 0.81982421875 957658
0.1806640625 0.33203125 0.81982421875 957661
0.1806640625 0.33203125 0.81982421875 957662
0.1982421875 0.31396484375 0.8359375 957759
0.1982421875 0.31396484375 0.8359375 957760
0.1982421875 0.31396484375 0.8359375 957761
0.1982421875 0.31396484375 0.8359375 957763
0.1982421875 0.31396484375 0.8359375 957763
0.1318359375 0.416015625 0.82080078125 957862
0.1318359375 0.416015625 0.82080078125 957863
0.1318359375 0.416015625 0.82080078125 957864
0.1318359375 0.416015625 0.82080078125 957866
0.1318359375 0.416015625 0.82080078125 957867
0.12841796875 0.4755859375 0.833984375 957965
0.12841796875 0.4755859375 0.833984375 957966
0.12841796875 0.4755859375 0.833984375 957967
0.12841796875 0.4755859375 0.833984375 957968
0.12841796875 0.4755859375 0.833984375 957969
0.06103515625 0.51123046875 0.79052734375 958043
-0.052734375 0.58349609375 0.724609375 958155
-0.052734375 0.58349609375 0.724609375 958156
-0.052734375 0.58349609375 0.724609375 958157
-0.052734375 0.58349609375 0.724609375 958158
-0.052734375 0.58349609375 0.724609375 958159
-0.22412109375 0.6513671875 0.54638671875 958258
-0.22412109375 0.6513671875 0.54638671875 958259
-0.22412109375 0.6513671875 0.54638671875 958260
-0.22412109375 0.6513671875 0.54638671875 958261
-0.22412109375 0.6513671875 0.54638671875 958262
-0.27001953125 0.62060546875 0.3603515625 958360
-0.27001953125 0.62060546875 0.3603515625 958361
-0.27001953125 0.62060546875 0.3603515625 958362
-0.27001953125 0.62060546875 0.3603515625 958363
-0.27001953125 0.62060546875 0.3603515625 958364
-0.15087890625 0.490234375 0.4091796875 958464
-0.15087890625 0.490234375 0.4091796875 958465
-0.15087890625 0.490234375 0.4091796875 958465
-0.15087890625 0.490234375 0.4091796875 958466
-0.15087890625 0.490234375 0.4091796875 958467
0.08203125 0.2236328125 0.6767578125 958567
0.08203125 0.2236328125 0.6767578125 958568
0.08203125 0.2236328125 0.6767578125 958569
0.08203125 0.2236328125 0.6767578125 958569
0.08203125 0.2236328125 0.6767578125 958592
-0.05712890625 0.58251953125 1.0009765625 958644
-0.43115234375 0.92626953125 0.56494140625 958755
-0.43115234375 0.92626953125 0.56494140625 958756
-0.43115234375 0.92626953125 0.56494140625 958758
-0.43115234375 0.92626953125 0.56494140625 958759
-0.43115234375 0.92626953125 0.56494140625 958760
-0.35888671875 0.76416015625 0.42578125 958857
-0.35888671875 0.76416015625 0.42578125 958858
-0.35888671875 0.76416015625 0.42578125 958861
-0.35888671875 0.76416015625 0.42578125 958862
-0.35888671875 0.76416015625 0.42578125 958863
-0.36376953125 0.78125 0.4228515625 958960
-0.36376953125 0.78125 0.4228515625 958961
-0.36376953125 0.78125 0.4228515625 958962
-0.36376953125 0.78125 0.4228515625 958963
-0.36376953125 0.78125 0.4228515625 958964
-0.30810546875 0.75927734375 0.4775390625 959062
-0.30810546875 0.75927734375 0.4775390625 959063
-0.30810546875 0.75927734375 0.4775390625 959064
-0.30810546875 0.75927734375 0.4775390625 959064
-0.30810546875 0.75927734375 0.4775390625 959065
-0.234375 0.7177734375 0.51416015625 959165
-0.234375 0.7177734375 0.51416015625 959166
-0.234375 0.7177734375 0.51416015625 959167
-0.234375 0.7177734375 0.51416015625 959169
-0.234375 0.7177734375 0.51416015625 959170
-0.142578125 0.708984375 0.58642578125 959266
-0.142578125 0.708984375 0.58642578125 959268
-0.142578125 0.708984375 0.58642578125 959269
-0.142578125 0.708984375 0.58642578125 959270
-0.142578125 0.708984375 0.58642578125 959271
0.0302734375 0.61767578125 0.7353515625 959356
0.18310546875 0.4775390625 0.8662109375 959458
0.18310546875 0.4775390625 0.8662109375 959459
0.18310546875 0.4775390625 0.8662109375 959460
0.18310546875 0.4775390625 0.8662109375 959461
0.18310546875 0.4775390625 0.8662109375 959462
0.2060546875 0.4287109375 0.8564453125 959561
0.2060546875 0.4287109375 0.8564453125 959562
0.2060546875 0.4287109375 0.8564453125 959564
0.2060546875 0.4287109375 0.8564453125 959565
0.2373046875 0.3828125 0.86279296875 959664
0.2373046875 0.3828125 0.86279296875 959665
0.2373046875 0.3828125 0.86279296875 959666
0.2373046875 0.3828125 0.86279296875 959668
0.2373046875 0.3828125 0.86279296875 959670
0.220703125 0.373046875 0.85302734375 959767
0.220703125 0.373046875 0.85302734375 959768
0.220703125 0.373046875 0.85302734375 959769
0.220703125 0.373046875 0.85302734375 959771
0.220703125 0.373046875 0.85302734375 959772
0.19384765625 0.37451171875 0.83642578125 959848
0.173828125 0.3857421875 0.84375 959957
0.173828125 0.3857421875 0.84375 959958
0.173828125 0.3857421875 0.84375 959960
0.173828125 0.3857421875 0.84375 959961
0.173828125 0.3857421875 0.84375 959962
0.18701171875 0.38525390625 0.8837890625 960063
0.18701171875 0.38525390625 0.8837890625 960064
0.18701171875 0.38525390625 0.8837890625 960065
0.18701171875 0.38525390625 0.8837890625 960066
0.18701171875 0.38525390625 0.8837890625 960067
0.181640625 0.38671875 0.8642578125 960165
0.181640625 0.38671875 0.8642578125 960166
0.181640625 0.38671875 0.8642578125 960167
0.181640625 0.38671875 0.8642578125 960168
0.181640625 0.38671875 0.8642578125 960169
0.16064453125 0.39013671875 0.8212890625 960267
0.16064453125 0.39013671875 0.8212890625 960268
0.16064453125 0.39013671875 0.8212890625 960269
0.16064453125 0.39013671875 0.8212890625 960270
0.16064453125 0.39013671875 0.8212890625 960271
0.1640625 0.39013671875 0.83056640625 960345
0.19140625 0.3837890625 0.85546875 960457
0.19140625 0.3837890625 0.85546875 960458
0.19140625 0.3837890625 0.85546875 960459
0.19140625 0.3837890625 0.85546875 960460
0.19140625 0.3837890625 0.85546875 960461
0.185546875 0.3447265625 0.8408203125 960559
0.185546875 0.3447265625 0.8408203125 960564
0.185546875 0.3447265625 0.8408203125 960565
0.185546875 0.3447265625 0.8408203125 960566
0.185546875 0.3447265625 0.8408203125 960568
0.19580078125 0.330078125 0.8271484375 960661
0.19580078125 0.330078125 0.8271484375 960662
0.16748046875 0.365234375 0.82958984375 960763
0.16748046875 0.365234375 0.82958984375 960764
0.16748046875 0.365234375 0.82958984375 960765
0.16748046875 0.365234375 0.82958984375 960766
0.16748046875 0.365234375 0.82958984375 960768
0.1494140625 0.423828125 0.83740234375 960866
0.1494140625 0.423828125 0.83740234375 960867
0.1494140625 0.423828125 0.83740234375 960868
0.1494140625 0.423828125 0.83740234375 960869
0.1494140625 0.423828125 0.83740234375 960870
0.03076171875 0.5615234375 0.791015625 960949
0.02880859375 0.5234375 0.72900390625 961056
0.02880859375 0.5234375 0.72900390625 961057
0.02880859375 0.5234375 0.72900390625 961059
0.02880859375 0.5234375 0.72900390625 961060
0.02880859375 0.5234375 0.72900390625 961061
-0.1318359375 0.5703125 0.5556640625 961158
-0.1318359375 0.5703125 0.5556640625 961176
-0.1318359375 0.5703125 0.5556640625 961178
-0.1318359375 0.5703125 0.5556640625 961179
-0.1318359375 0.5703125 0.5556640625 961180
-0.29638671875 0.5546875 0.22509765625 961263
-0.29638671875 0.5546875 0.22509765625 961264
-0.072265625 0.21142578125 0.41259765625 961366
-0.072265625 0.21142578125 0.41259765625 961367
-0.072265625 0.21142578125 0.41259765625 961368
-0.072265625 0.21142578125 0.41259765625 961369
-0.072265625 0.21142578125 0.41259765625 961369
-0.13623046875 0.60791015625 0.73486328125 961469
-0.13623046875 0.60791015625 0.73486328125 961470
-0.13623046875 0.60791015625 0.73486328125 961471
-0.13623046875 0.60791015625 0.73486328125 961471
-0.13623046875 0.60791015625 0.73486328125 961472
-0.23779296875 0.7666015625 0.75244140625 961546
-0.25830078125 0.77490234375 0.71630859375 961674
-0.25830078125 0.77490234375 0.71630859375 961675
-0.25830078125 0.77490234375 0.71630859375 961676
-0.25830078125 0.77490234375 0.71630859375 961677
-0.25830078125 0.77490234375 0.71630859375 961678
-0.35107421875 0.8017578125 0.580078125 961761
-0.376953125 0.7236328125 0.44140625 961864
-0.376953125 0.7236328125 0.44140625 961865
-0.376953125 0.7236328125 0.44140625 961866
-0.376953125 0.7236328125 0.44140625 961867
-0.376953125 0.7236328125 0.44140625 961867
-0.3818359375 0.72021484375 0.41259765625 961967
-0.3818359375 0.72021484375 0.41259765625 961968
-0.3818359375 0.72021484375 0.41259765625 961969
-0.3818359375 0.72021484375 0.41259765625 961970
-0.3818359375 0.72021484375 0.41259765625 961971
-0.36572265625 0.7421875 0.44873046875 962069
-0.36572265625 0.7421875 0.44873046875 962073
-0.36572265625 0.7421875 0.44873046875 962074
-0.36572265625 0.7421875 0.44873046875 962075
-0.36572265625 0.7421875 0.44873046875 962076
-0.3349609375 0.73974609375 0.44970703125 962146
-0.20361328125 0.69140625 0.58203125 962257
-0.20361328125 0.69140625 0.58203125 962258
-0.20361328125 0.69140625 0.58203125 962259
-0.20361328125 0.69140625 0.58203125 962260
-0.20361328125 0.69140625 0.58203125 962261
-0.02197265625 0.55078125 0.76513671875 962360
-0.02197265625 0.55078125 0.76513671875 962361
-0.02197265625 0.55078125 0.76513671875 962362
-0.02197265625 0.55078125 0.76513671875 962364
-0.02197265625 0.55078125 0.76513671875 962365
0.09912109375 0.48583984375 0.80908203125 962468
0.09912109375 0.48583984375 0.80908203125 962469
0.09912109375 0.48583984375 0.80908203125 962470
0.09912109375 0.48583984375 0.80908203125 962471
0.09912109375 0.48583984375 0.80908203125 962472
0.19580078125 0.42919921875 0.85302734375 962554
0.2490234375 0.3720703125 0.86669921875 962646
0.2490234375 0.3720703125 0.86669921875 962647
0.2490234375 0.3720703125 0.86669921875 962648
0.2490234375 0.3720703125 0.86669921875 962649
0.2490234375 0.3720703125 0.86669921875 962650
0.24560546875 0.37060546875 0.84521484375 962757
0.24560546875 0.37060546875 0.84521484375 962758
0.24560546875 0.37060546875 0.84521484375 962759
0.24560546875 0.37060546875 0.84521484375 962761
0.24560546875 0.37060546875 0.84521484375 962762
0.22412109375 0.38330078125 0.84423828125 962865
0.22412109375 0.38330078125 0.84423828125 962866
0.22412109375 0.38330078125 0.84423828125 962867
0.22412109375 0.38330078125 0.84423828125 962867
0.22412109375 0.38330078125 0.84423828125 962868
0.22607421875 0.38671875 0.87060546875 962967
0.22607421875 0.38671875 0.87060546875 962968
0.22607421875 0.38671875 0.87060546875 962969
0.22607421875 0.38671875 0.87060546875 962971
0.22607421875 0.38671875 0.87060546875 962974
0.21337890625 0.4091796875 0.89892578125 963070
0.21337890625 0.4091796875 0.89892578125 963071
0.21337890625 0.4091796875 0.89892578125 963072
0.21337890625 0.4091796875 0.89892578125 963073
0.21337890625 0.4091796875 0.89892578125 963073
0.20947265625 0.40234375 0.89501953125 963149
0.18896484375 0.38818359375 0.88916015625 963264
0.18896484375 0.38818359375 0.88916015625 963265
0.18896484375 0.38818359375 0.88916015625 963266
0.18896484375 0.38818359375 0.88916015625 963266
0.18896484375 0.38818359375 0.88916015625 963267
0.17724609375 0.34716796875 0.82177734375 963366
0.17724609375 0.34716796875 0.82177734375 963367
0.17724609375 0.34716796875 0.82177734375 963369
0.17724609375 0.34716796875 0.82177734375 963370
0.17724609375 0.34716796875 0.82177734375 963371
0.16650390625 0.3271484375 0.80126953125 963469
0.16650390625 0.3271484375 0.80126953125 963470
0.16650390625 0.3271484375 0.80126953125 963471
0.16650390625 0.3271484375 0.80126953125 963473
0.16650390625 0.3271484375 0.80126953125 963474
0.17529296875 0.326171875 0.82421875 963547
0.16259765625 0.37353515625 0.8310546875 963658
0.16259765625 0.37353515625 0.8310546875 963659
0.16259765625 0.37353515625 0.8310546875 963660
0.16259765625 0.37353515625 0.8310546875 963661
0.16259765625 0.37353515625 0.8310546875 963662
0.11865234375 0.46533203125 0.83203125 963761
0.11865234375 0.46533203125 0.83203125 963762
0.11865234375 0.46533203125 0.83203125 963764
0.11865234375 0.46533203125 0.83203125 963766
0.11865234375 0.46533203125 0.83203125 963767
0.09619140625 0.46630859375 0.81005859375 963864
0.09619140625 0.46630859375 0.81005859375 963865
0.09619140625 0.46630859375 0.81005859375 963866
0.09619140625 0.46630859375 0.81005859375 963866
-0.12255859375 0.62548828125 0.634765625 963966
-0.12255859375 0.62548828125 0.634765625 963967
-0.12255859375 0.62548828125 0.634765625 963968
-0.12255859375 0.62548828125 0.634765625 963969
-0.12255859375 0.62548828125 0.634765625 963970
-0.181640625 0.57275390625 0.56884765625 964068
-0.181640625 0.57275390625 0.56884765625 964071
-0.181640625 0.57275390625 0.56884765625 964072
-0.181640625 0.57275390625 0.56884765625 964073
-0.181640625 0.57275390625 0.56884765625 964074
-0.326171875 0.56982421875 0.34423828125 964171
-0.326171875 0.56982421875 0.34423828125 964180
-0.326171875 0.56982421875 0.34423828125 964181
-0.326171875 0.56982421875 0.34423828125 964182
-0.326171875 0.56982421875 0.34423828125 964182
-0.28662109375 0.49365234375 0.322265625 964258
-0.03173828125 0.294921875 0.6318359375 964362
-0.03173828125 0.294921875 0.6318359375 964363
-0.03173828125 0.294921875 0.6318359375 964364
-0.03173828125 0.294921875 0.6318359375 964365
-0.03173828125 0.294921875 0.6318359375 964366
-0.11865234375 0.40185546875 0.9111328125 964465
-0.11865234375 0.40185546875 0.9111328125 964466
-0.11865234375 0.40185546875 0.9111328125 964467
-0.11865234375 0.40185546875 0.9111328125 964468
-0.11865234375 0.40185546875 0.9111328125 964469
-0.36865234375 0.66748046875 0.77099609375 964569
-0.36865234375 0.66748046875 0.77099609375 964570
-0.36865234375 0.66748046875 0.77099609375 964572
-0.36865234375 0.66748046875 0.77099609375 964573
-0.36865234375 0.66748046875 0.77099609375 964574
-0.49169921875 0.8037109375 0.52783203125 964648
-0.4541015625 0.7138671875 0.4375 964761
-0.4541015625 0.7138671875 0.4375 964762
-0.4541015625 0.7138671875 0.4375 964763
-0.4541015625 0.7138671875 0.4375 964765
-0.4541015625 0.7138671875 0.4375 964766
-0.37548828125 0.6923828125 0.46630859375 964868
-0.37548828125 0.6923828125 0.46630859375 964870
-0.37548828125 0.6923828125 0.46630859375 964871
-0.37548828125 0.6923828125 0.46630859375 964872
-0.37548828125 0.6923828125 0.46630859375 964874
-0.37451171875 0.71337890625 0.45751953125 964966
-0.35888671875 0.70654296875 0.4599609375 965048
-0.35888671875 0.70654296875 0.4599609375 965049
-0.35888671875 0.70654296875 0.4599609375 965050
-0.35888671875 0.70654296875 0.4599609375 965051
-0.35888671875 0.70654296875 0.4599609375 965053
-0.294921875 0.72021484375 0.54052734375 965159
-0.294921875 0.72021484375 0.54052734375 965160
-0.294921875 0.72021484375 0.54052734375 965161
-0.294921875 0.72021484375 0.54052734375 965162
-0.294921875 0.72021484375 0.54052734375 965164
-0.20556640625 0.65625 0.61669921875 965263
-0.20556640625 0.65625 0.61669921875 965264
-0.20556640625 0.65625 0.61669921875 965265
-0.20556640625 0.65625 0.61669921875 965266
-0.20556640625 0.65625 0.61669921875 965267
-0.1376953125 0.65283203125 0.66455078125 965365
-0.1376953125 0.65283203125 0.66455078125 965366
-0.1376953125 0.65283203125 0.66455078125 965367
-0.1376953125 0.65283203125 0.66455078125 965369
-0.1376953125 0.65283203125 0.66455078125 965370
0.021484375 0.5400390625 0.77099609375 965467
0.021484375 0.5400390625 0.77099609375 965468
0.021484375 0.5400390625 0.77099609375 965469
0.021484375 0.5400390625 0.77099609375 965470
0.021484375 0.5400390625 0.77099609375 965471
0.12353515625 0.46533203125 0.7958984375 965569
0.12353515625 0.46533203125 0.7958984375 965570
0.12353515625 0.46533203125 0.7958984375 965571
0.12353515625 0.46533203125 0.7958984375 965572
0.12353515625 0.46533203125 0.7958984375 965573
0.18408203125 0.40625 0.82666015625 965672
0.18408203125 0.40625 0.82666015625 965673
0.18408203125 0.40625 0.82666015625 965674
0.18408203125 0.40625 0.82666015625 965675
0.18408203125 0.40625 0.82666015625 965675
0.2080078125 0.39453125 0.82470703125 965755
0.22021484375 0.4140625 0.84521484375 965857
0.22021484375 0.4140625 0.84521484375 965858
0.22021484375 0.4140625 0.84521484375 965859
0.22021484375 0.4140625 0.84521484375 965861
0.22021484375 0.4140625 0.84521484375 965862
0.22265625 0.41796875 0.85791015625 965959
0.22265625 0.41796875 0.85791015625 965960
0.22265625 0.41796875 0.85791015625 965961
0.22265625 0.41796875 0.85791015625 965962
0.22265625 0.41796875 0.85791015625 965963
0.22412109375 0.4228515625 0.876953125 966062
0.22412109375 0.4228515625 0.876953125 966063
0.22412109375 0.4228515625 0.876953125 966064
0.22412109375 0.4228515625 0.876953125 966065
0.22412109375 0.4228515625 0.876953125 966066
0.2138671875 0.42333984375 0.89697265625 966167
0.2138671875 0.42333984375 0.89697265625 966204
0.2138671875 0.42333984375 0.89697265625 966205
0.2138671875 0.42333984375 0.89697265625 966206
0.2138671875 0.42333984375 0.89697265625 966207
0.20166015625 0.4189453125 0.90234375 966269
0.20166015625 0.4189453125 0.90234375 966270
0.1923828125 0.36083984375 0.85888671875 966354
0.1923828125 0.36083984375 0.85888671875 966355
0.1923828125 0.36083984375 0.85888671875 966356
0.1923828125 0.36083984375 0.85888671875 966357
0.1923828125 0.34521484375 0.8486328125 966461
0.1923828125 0.34521484375 0.8486328125 966462
0.1923828125 0.34521484375 0.8486328125 966463
0.1923828125 0.34521484375 0.8486328125 966464
0.1923828125 0.34521484375 0.8486328125 966465
0.18994140625 0.314453125 0.814453125 966564
0.18994140625 0.314453125 0.814453125 966565
0.18994140625 0.314453125 0.814453125 966566
0.18994140625 0.314453125 0.814453125 966567
0.18994140625 0.314453125 0.814453125 966568
0.21044921875 0.30224609375 0.83544921875 966669
0.21044921875 0.30224609375 0.83544921875 966670
0.21044921875 0.30224609375 0.83544921875 966671
0.21044921875 0.30224609375 0.83544921875 966672
0.21044921875 0.30224609375 0.83544921875 966674
0.20166015625 0.3349609375 0.85009765625 966775
0.20166015625 0.3349609375 0.85009765625 966776
0.20166015625 0.3349609375 0.85009765625 966777
0.20166015625 0.3349609375 0.85009765625 966779
0.20166015625 0.3349609375 0.85009765625 966780
0.14892578125 0.4130859375 0.8125 966850
0.12255859375 0.462890625 0.82470703125 966961
0.12255859375 0.462890625 0.82470703125 966962
0.12255859375 0.462890625 0.82470703125 966963
0.12255859375 0.462890625 0.82470703125 966964
0.12255859375 0.462890625 0.82470703125 966965
0.017578125 0.5224609375 0.7275390625 967063
0.017578125 0.5224609375 0.7275390625 967064
0.017578125 0.5224609375 0.7275390625 967065
0.017578125 0.5224609375 0.7275390625 967066
0.017578125 0.5224609375 0.7275390625 967067
-0.08447265625 0.57421875 0.65576171875 967166
-0.08447265625 0.57421875 0.65576171875 967167
-0.08447265625 0.57421875 0.65576171875 967170
-0.08447265625 0.57421875 0.65576171875 967172
-0.08447265625 0.57421875 0.65576171875 967173
-0.1943359375 0.53857421875 0.41162109375 967268
-0.1943359375 0.53857421875 0.41162109375 967269
-0.1943359375 0.53857421875 0.41162109375 967270
-0.1943359375 0.53857421875 0.41162109375 967271
-0.07763671875 0.37060546875 0.40478515625 967371
-0.07763671875 0.37060546875 0.40478515625 967372
-0.07763671875 0.37060546875 0.40478515625 967373
-0.07763671875 0.37060546875 0.40478515625 967374
-0.07763671875 0.37060546875 0.40478515625 967374
-0.06494140625 0.4189453125 0.7548828125 967449
-0.25537109375 0.7216796875 0.75927734375 967561
-0.25537109375 0.7216796875 0.75927734375 967562
-0.25537109375 0.7216796875 0.75927734375 967564
-0.25537109375 0.7216796875 0.75927734375 967565
-0.25537109375 0.7216796875 0.75927734375 967566
-0.40673828125 0.8544921875 0.564453125 967665
-0.40673828125 0.8544921875 0.564453125 967666
-0.40673828125 0.8544921875 0.564453125 967671
-0.40673828125 0.8544921875 0.564453125 967672
-0.40673828125 0.8544921875 0.564453125 967673
-0.3828125 0.79931640625 0.57861328125 967767
-0.3828125 0.79931640625 0.57861328125 967768
-0.29736328125 0.69775390625 0.5341796875 967871
-0.29736328125 0.69775390625 0.5341796875 967872
-0.29736328125 0.69775390625 0.5341796875 967873
-0.29736328125 0.69775390625 0.5341796875 967876
-0.29736328125 0.69775390625 0.5341796875 967877
-0.31201171875 0.73828125 0.5283203125 967974
-0.31201171875 0.73828125 0.5283203125 967975
-0.31201171875 0.73828125 0.5283203125 967976
-0.31201171875 0.73828125 0.5283203125 967978
-0.31201171875 0.73828125 0.5283203125 967983
-0.2333984375 0.67236328125 0.56884765625 968051
-0.21044921875 0.6787109375 0.5751953125 968162
-0.21044921875 0.6787109375 0.5751953125 968163
-0.21044921875 0.6787109375 0.5751953125 968164
-0.21044921875 0.6787109375 0.5751953125 968165
-0.21044921875 0.6787109375 0.5751953125 968187
-0.142578125 0.68896484375 0.6123046875 968265
-0.142578125 0.68896484375 0.6123046875 968266
-0.142578125 0.68896484375 0.6123046875 968267
-0.142578125 0.68896484375 0.6123046875 968268
-0.142578125 0.68896484375 0.6123046875 968269
-0.0439453125 0.62451171875 0.7021484375 968367
-0.0439453125 0.62451171875 0.7021484375 968368
-0.0439453125 0.62451171875 0.7021484375 968369
-0.0439453125 0.62451171875 0.7021484375 968370
-0.0439453125 0.62451171875 0.7021484375 968370
0.03515625 0.5615234375 0.7578125 968470
0.03515625 0.5615234375 0.7578125 968471
0.03515625 0.5615234375 0.7578125 968472
0.03515625 0.5615234375 0.7578125 968473
0.03515625 0.5615234375 0.7578125 968473
0.10693359375 0.49462890625 0.7841796875 968572
0.10693359375 0.49462890625 0.7841796875 968573
0.10693359375 0.49462890625 0.7841796875 968574
0.10693359375 0.49462890625 0.7841796875 968575
0.10693359375 0.49462890625 0.7841796875 968576
0.18896484375 0.435546875 0.80810546875 968654
0.22802734375 0.41748046875 0.83984375 968763
0.22802734375 0.41748046875 0.83984375 968764
0.22802734375 0.41748046875 0.83984375 968766
0.22802734375 0.41748046875 0.83984375 968767
0.22802734375 0.41748046875 0.83984375 968768
0.228515625 0.41943359375 0.837890625 968868
0.228515625 0.41943359375 0.837890625 968869
0.228515625 0.41943359375 0.837890625 968870
0.228515625 0.41943359375 0.837890625 968872
0.228515625 0.41943359375 0.837890625 968872
0.24072265625 0.41357421875 0.861328125 968955
0.23388671875 0.41455078125 0.86572265625 969062
0.23388671875 0.41455078125 0.86572265625 969063
0.23388671875 0.41455078125 0.86572265625 969064
0.23388671875 0.41455078125 0.86572265625 969065
0.23388671875 0.41455078125 0.86572265625 969066
0.23193359375 0.4111328125 0.87109375 969164
0.23193359375 0.4111328125 0.87109375 969165
0.23193359375 0.4111328125 0.87109375 969166
0.23193359375 0.4111328125 0.87109375 969167
0.23193359375 0.4111328125 0.87109375 969170
0.23046875 0.3935546875 0.88818359375 969267
0.23046875 0.3935546875 0.88818359375 969268
0.23046875 0.3935546875 0.88818359375 969269
0.23046875 0.3935546875 0.88818359375 969270
0.23046875 0.3935546875 0.88818359375 969271
0.20556640625 0.36328125 0.8603515625 969370
0.20556640625 0.36328125 0.8603515625 969372
0.20556640625 0.36328125 0.8603515625 969373
0.20556640625 0.36328125 0.8603515625 969375
0.20556640625 0.36328125 0.8603515625 969376
0.20458984375 0.375 0.87060546875 969472
0.20458984375 0.375 0.87060546875 969473
0.20458984375 0.375 0.87060546875 969474
0.20458984375 0.375 0.87060546875 969475
0.20458984375 0.375 0.87060546875 969476
0.22119140625 0.31640625 0.84033203125 969551
0.2060546875 0.31396484375 0.83544921875 969663
0.2060546875 0.31396484375 0.83544921875 969664
0.2060546875 0.31396484375 0.83544921875 969665
0.2060546875 0.31396484375 0.83544921875 969666
0.2060546875 0.31396484375 0.83544921875 969667
0.18701171875 0.32470703125 0.84130859375 969766
0.18701171875 0.32470703125 0.84130859375 969767
0.18701171875 0.32470703125 0.84130859375 969768
0.18701171875 0.32470703125 0.84130859375 969769
0.18701171875 0.32470703125 0.84130859375 969770
0.15625 0.3388671875 0.83203125 969871
0.15625 0.3388671875 0.83203125 969872
0.15625 0.3388671875 0.83203125 969873
0.15625 0.3388671875 0.83203125 969874
0.15625 0.3388671875 0.83203125 969875
0.099609375 0.4521484375 0.83203125 969973
0.099609375 0.4521484375 0.83203125 969974
0.099609375 0.4521484375 0.83203125 969976
0.099609375 0.4521484375 0.83203125 969977
0.099609375 0.4521484375 0.83203125 969978
0.08642578125 0.423828125 0.8427734375 970052
-0.14892578125 0.59716796875 0.658203125 970164
-0.14892578125 0.59716796875 0.658203125 970188
-0.14892578125 0.59716796875 0.658203125 970189
-0.14892578125 0.59716796875 0.658203125 970190
-0.14892578125 0.59716796875 0.658203125 970191
-0.22802734375 0.52294921875 0.4794921875 970266
-0.22802734375 0.52294921875 0.4794921875 970267
-0.10986328125 0.353515625 0.4013671875 970368
-0.10986328125 0.353515625 0.4013671875 970369
-0.10986328125 0.353515625 0.4013671875 970371
-0.10986328125 0.353515625 0.4013671875 970372
-0.10986328125 0.353515625 0.4013671875 970373
-0.02490234375 0.3408203125 0.71826171875 970475
-0.02490234375 0.3408203125 0.71826171875 970476
-0.02490234375 0.3408203125 0.71826171875 970477
-0.02490234375 0.3408203125 0.71826171875 970478
-0.02490234375 0.3408203125 0.71826171875 970479
-0.15869140625 0.6796875 0.88330078125 970552
-0.2119140625 0.740234375 0.77783203125 970665
-0.2119140625 0.740234375 0.77783203125 970667
-0.2119140625 0.740234375 0.77783203125 970669
-0.2119140625 0.740234375 0.77783203125 970670
-0.2119140625 0.740234375 0.77783203125 970671
-0.28515625 0.77685546875 0.5849609375 970767
-0.28515625 0.77685546875 0.5849609375 970768
-0.28515625 0.77685546875 0.5849609375 970769
-0.28515625 0.77685546875 0.5849609375 970770
-0.28515625 0.77685546875 0.5849609375 970771
-0.20458984375 0.6875 0.59033203125 970871
-0.20458984375 0.6875 0.59033203125 970872
-0.20458984375 0.6875 0.59033203125 970873
-0.20458984375 0.6875 0.59033203125 970874
-0.20458984375 0.6875 0.59033203125 970875
-0.205078125 0.705078125 0.62353515625 970973
-0.205078125 0.705078125 0.62353515625 970974
-0.205078125 0.705078125 0.62353515625 970975
-0.205078125 0.705078125 0.62353515625 970976
-0.205078125 0.705078125 0.62353515625 970977
-0.189453125 0.64892578125 0.60693359375 971053
-0.18701171875 0.68701171875 0.611328125 971163
-0.18701171875 0.68701171875 0.611328125 971164
-0.18701171875 0.68701171875 0.611328125 971165
-0.18701171875 0.68701171875 0.611328125 971167
-0.18701171875 0.68701171875 0.611328125 971168
-0.1494140625 0.6884765625 0.6201171875 971268
-0.1494140625 0.6884765625 0.6201171875 971269
-0.1494140625 0.6884765625 0.6201171875 971270
-0.1494140625 0.6884765625 0.6201171875 971270
-0.1494140625 0.6884765625 0.6201171875 971271
-0.0341796875 0.59716796875 0.67626953125 971370
-0.0341796875 0.59716796875 0.67626953125 971371
-0.0341796875 0.59716796875 0.67626953125 971372
-0.0341796875 0.59716796875 0.67626953125 971373
-0.0341796875 0.59716796875 0.67626953125 971374
0.1201171875 0.49853515625 0.8291015625 971472
0.1201171875 0.49853515625 0.8291015625 971473
0.1201171875 0.49853515625 0.8291015625 971474
0.1201171875 0.49853515625 0.8291015625 971475
0.1201171875 0.49853515625 0.8291015625 971476
0.19775390625 0.43896484375 0.859375 971574
0.19775390625 0.43896484375 0.859375 971575
0.19775390625 0.43896484375 0.859375 971577
0.19775390625 0.43896484375 0.859375 971578
0.19775390625 0.43896484375 0.859375 971580
0.21435546875 0.4091796875 0.83837890625 971657
0.2236328125 0.39501953125 0.8349609375 971768
0.2236328125 0.39501953125 0.8349609375 971781
0.2236328125 0.39501953125 0.8349609375 971783
0.2236328125 0.39501953125 0.8349609375 971784
0.2236328125 0.39501953125 0.8349609375 971785
0.2353515625 0.392578125 0.84033203125 971872
0.2353515625 0.392578125 0.84033203125 971873
0.2412109375 0.40625 0.88134765625 971975
0.2412109375 0.40625 0.88134765625 971976
0.2412109375 0.40625 0.88134765625 971977
0.2412109375 0.40625 0.88134765625 971978
0.2412109375 0.40625 0.88134765625 971979
0.2333984375 0.4130859375 0.90771484375 972067
0.2255859375 0.39990234375 0.888671875 972153
0.2255859375 0.39990234375 0.888671875 972154
0.2255859375 0.39990234375 0.888671875 972156
0.2255859375 0.39990234375 0.888671875 972157
0.2255859375 0.39990234375 0.888671875 972159
0.23046875 0.357421875 0.8564453125 972266
0.23046875 0.357421875 0.8564453125 972267
0.23046875 0.357421875 0.8564453125 972268
0.23046875 0.357421875 0.8564453125 972269
0.23046875 0.357421875 0.8564453125 972271
0.212890625 0.34521484375 0.83251953125 972367
0.212890625 0.34521484375 0.83251953125 972368
0.212890625 0.34521484375 0.83251953125 972369
0.212890625 0.34521484375 0.83251953125 972370
0.212890625 0.34521484375 0.83251953125 972372
0.22119140625 0.3115234375 0.84033203125 972470
0.22119140625 0.3115234375 0.84033203125 972471
0.22119140625 0.3115234375 0.84033203125 972472
0.22119140625 0.3115234375 0.84033203125 972473
0.22119140625 0.3115234375 0.84033203125 972474
0.22509765625 0.29150390625 0.81787109375 972572
0.22509765625 0.29150390625 0.81787109375 972573
0.22509765625 0.29150390625 0.81787109375 972574
0.22509765625 0.29150390625 0.81787109375 972588
0.22509765625 0.29150390625 0.81787109375 972590
0.22314453125 0.30615234375 0.8212890625 972674
0.22314453125 0.30615234375 0.8212890625 972675
0.22314453125 0.30615234375 0.8212890625 972676
0.22314453125 0.30615234375 0.8212890625 972677
0.22216796875 0.33056640625 0.833984375 972771
0.22216796875 0.33056640625 0.833984375 972772
0.19384765625 0.37548828125 0.86669921875 972866
0.19384765625 0.37548828125 0.86669921875 972867
0.19384765625 0.37548828125 0.86669921875 972869
0.19384765625 0.37548828125 0.86669921875 972870
0.10205078125 0.50048828125 0.830078125 972968
0.10205078125 0.50048828125 0.830078125 972969
0.10205078125 0.50048828125 0.830078125 972970
0.10205078125 0.50048828125 0.830078125 972972
0.10205078125 0.50048828125 0.830078125 972973
0.111328125 0.42333984375 0.7890625 973073
0.111328125 0.42333984375 0.7890625 973074
0.111328125 0.42333984375 0.7890625 973075
0.111328125 0.42333984375 0.7890625 973076
0.111328125 0.42333984375 0.7890625 973077
-0.08154296875 0.5751953125 0.6572265625 973176
-0.08154296875 0.5751953125 0.6572265625 973177
-0.08154296875 0.5751953125 0.6572265625 973179
-0.08154296875 0.5751953125 0.6572265625 973180
-0.08154296875 0.5751953125 0.6572265625 973181
-0.16552734375 0.47412109375 0.4326171875 973258
-0.01025390625 0.31396484375 0.5673828125 973372
-0.01025390625 0.31396484375 0.5673828125 973373
-0.01025390625 0.31396484375 0.5673828125 973375
-0.01025390625 0.31396484375 0.5673828125 973376
-0.01025390625 0.31396484375 0.5673828125 973377
0.076171875 0.3037109375 0.732421875 973455
0.12744140625 0.486328125 1.00439453125 973567
0.12744140625 0.486328125 1.00439453125 973568
0.12744140625 0.486328125 1.00439453125 973569
0.12744140625 0.486328125 1.00439453125 973570
0.12744140625 0.486328125 1.00439453125 973571
0.03369140625 0.55224609375 0.9306640625 973669
0.03369140625 0.55224609375 0.9306640625 973670
0.03369140625 0.55224609375 0.9306640625 973671
0.03369140625 0.55224609375 0.9306640625 973672
0.03369140625 0.55224609375 0.9306640625 973673
-0.18017578125 0.724609375 0.69091796875 973772
-0.18017578125 0.724609375 0.69091796875 973773
-0.18017578125 0.724609375 0.69091796875 973774
-0.18017578125 0.724609375 0.69091796875 973776
-0.2412109375 0.68359375 0.583984375 973876
-0.2412109375 0.68359375 0.583984375 973877
-0.2412109375 0.68359375 0.583984375 973879
-0.2412109375 0.68359375 0.583984375 973880
-0.2412109375 0.68359375 0.583984375 973881
-0.3251953125 0.6787109375 0.46923828125 974020
-0.3251953125 0.6787109375 0.46923828125 974021
-0.3251953125 0.6787109375 0.46923828125 974022
-0.3251953125 0.6787109375 0.46923828125 974023
-0.3251953125 0.6787109375 0.46923828125 974024
-0.3779296875 0.72314453125 0.42578125 974074
-0.37744140625 0.70849609375 0.4189453125 974155
-0.37744140625 0.70849609375 0.4189453125 974156
-0.37744140625 0.70849609375 0.4189453125 974157
-0.37744140625 0.70849609375 0.4189453125 974158
-0.37744140625 0.70849609375 0.4189453125 974159
-0.31298828125 0.7314453125 0.5419921875 974267
-0.31298828125 0.7314453125 0.5419921875 974268
-0.31298828125 0.7314453125 0.5419921875 974269
-0.31298828125 0.7314453125 0.5419921875 974270
-0.31298828125 0.7314453125 0.5419921875 974271
-0.15478515625 0.5986328125 0.66943359375 974371
-0.15478515625 0.5986328125 0.66943359375 974372
-0.15478515625 0.5986328125 0.66943359375 974373
-0.15478515625 0.5986328125 0.66943359375 974374
-0.15478515625 0.5986328125 0.66943359375 974376
-0.072265625 0.6064453125 0.6630859375 974476
-0.072265625 0.6064453125 0.6630859375 974477
-0.072265625 0.6064453125 0.6630859375 974478
-0.072265625 0.6064453125 0.6630859375 974480
-0.072265625 0.6064453125 0.6630859375 974481
0.15087890625 0.50439453125 0.85107421875 974562
0.2197265625 0.41015625 0.8466796875 974675
0.2197265625 0.41015625 0.8466796875 974676
0.2197265625 0.41015625 0.8466796875 974677
0.2197265625 0.41015625 0.8466796875 974679
0.2197265625 0.41015625 0.8466796875 974680
0.23388671875 0.3681640625 0.84130859375 974777
0.23388671875 0.3681640625 0.84130859375 974778
0.23388671875 0.3681640625 0.84130859375 974779
0.23388671875 0.3681640625 0.84130859375 974780
0.23388671875 0.3681640625 0.84130859375 974781
0.21044921875 0.3828125 0.82568359375 974879
0.21044921875 0.3828125 0.82568359375 974880
0.21044921875 0.3828125 0.82568359375 974881
0.21044921875 0.3828125 0.82568359375 974882
0.21044921875 0.3828125 0.82568359375 974883
0.21630859375 0.37451171875 0.82177734375 974957
0.23876953125 0.3740234375 0.85546875 975074
0.23876953125 0.3740234375 0.85546875 975075
0.23876953125 0.3740234375 0.85546875 975076
0.23876953125 0.3740234375 0.85546875 975077
0.23876953125 0.3740234375 0.85546875 975078
0.216796875 0.3935546875 0.8681640625 975178
0.216796875 0.3935546875 0.8681640625 975179
0.216796875 0.3935546875 0.8681640625 975180
0.216796875 0.3935546875 0.8681640625 975181
0.216796875 0.3935546875 0.8681640625 975182
0.21240234375 0.41552734375 0.8994140625 975269
0.19482421875 0.39794921875 0.875 975356
0.19482421875 0.39794921875 0.875 975357
0.19482421875 0.39794921875 0.875 975358
0.19482421875 0.39794921875 0.875 975360
0.19482421875 0.39794921875 0.875 975361
0.1923828125 0.3837890625 0.85009765625 975467
0.1923828125 0.3837890625 0.85009765625 975468
0.1923828125 0.3837890625 0.85009765625 975469
0.1923828125 0.3837890625 0.85009765625 975470
0.1923828125 0.3837890625 0.85009765625 975471
0.20166015625 0.3779296875 0.85009765625 975569
0.20166015625 0.3779296875 0.85009765625 975570
0.20166015625 0.3779296875 0.85009765625 975571
0.20166015625 0.3779296875 0.85009765625 975572
0.20166015625 0.3779296875 0.85009765625 975574
0.193359375 0.384765625 0.85693359375 975671
0.193359375 0.384765625 0.85693359375 975672
0.193359375 0.384765625 0.85693359375 975673
0.193359375 0.384765625 0.85693359375 975674
0.193359375 0.384765625 0.85693359375 975675
0.19287109375 0.337890625 0.81982421875 975775
0.19287109375 0.337890625 0.81982421875 975776
0.19287109375 0.337890625 0.81982421875 975777
0.19287109375 0.337890625 0.81982421875 975779
0.19287109375 0.337890625 0.81982421875 975780
0.19189453125 0.3466796875 0.83740234375 975877
0.19189453125 0.3466796875 0.83740234375 975878
0.19189453125 0.3466796875 0.83740234375 975879
0.19189453125 0.3466796875 0.83740234375 975880
0.19189453125 0.3466796875 0.83740234375 975881
0.1865234375 0.3173828125 0.8447265625 975963
0.12109375 0.4150390625 0.8291015625 976068
0.12109375 0.4150390625 0.8291015625 976069
0.12109375 0.4150390625 0.8291015625 976070
0.12109375 0.4150390625 0.8291015625 976072
0.12109375 0.4150390625 0.8291015625 976073
0.10107421875 0.46337890625 0.80029296875 976171
0.10107421875 0.46337890625 0.80029296875 976172
0.10107421875 0.46337890625 0.80029296875 976173
0.10107421875 0.46337890625 0.80029296875 976180
0.10107421875 0.46337890625 0.80029296875 976182
0.01904296875 0.466796875 0.712890625 976274
0.01904296875 0.466796875 0.712890625 976275
0.01904296875 0.466796875 0.712890625 976276
0.01904296875 0.466796875 0.712890625 976277
-0.17236328125 0.54931640625 0.552734375 976379
-0.17236328125 0.54931640625 0.552734375 976380
-0.17236328125 0.54931640625 0.552734375 976382
-0.17236328125 0.54931640625 0.552734375 976383
-0.17236328125 0.54931640625 0.552734375 976384
-0.1787109375 0.52978515625 0.50244140625 976460
0.06298828125 0.3681640625 0.62548828125 976570
0.06298828125 0.3681640625 0.62548828125 976571
0.06298828125 0.3681640625 0.62548828125 976572
0.06298828125 0.3681640625 0.62548828125 976572
0.06298828125 0.3681640625 0.62548828125 976573
0.13623046875 0.373046875 0.91064453125 976672
0.13623046875 0.373046875 0.91064453125 976673
0.13623046875 0.373046875 0.91064453125 976674
0.13623046875 0.373046875 0.91064453125 976675
0.13623046875 0.373046875 0.91064453125 976676
-0.10888671875 0.669921875 0.85693359375 976770
-0.31982421875 0.78564453125 0.6845703125 976875
-0.31982421875 0.78564453125 0.6845703125 976876
-0.31982421875 0.78564453125 0.6845703125 976877
-0.31982421875 0.78564453125 0.6845703125 976878
-0.31982421875 0.78564453125 0.6845703125 976879
-0.38134765625 0.73486328125 0.4736328125 976977
-0.38134765625 0.73486328125 0.4736328125 976978
-0.38134765625 0.73486328125 0.4736328125 976979
-0.38134765625 0.73486328125 0.4736328125 976980
-0.38134765625 0.73486328125 0.4736328125 976981
-0.31982421875 0.70849609375 0.525390625 977056
-0.3076171875 0.689453125 0.517578125 977168
-0.3076171875 0.689453125 0.517578125 977170
-0.3076171875 0.689453125 0.517578125 977171
-0.3076171875 0.689453125 0.517578125 977172
-0.3076171875 0.689453125 0.517578125 977174
-0.2822265625 0.6962890625 0.5615234375 977272
-0.2822265625 0.6962890625 0.5615234375 977273
-0.2822265625 0.6962890625 0.5615234375 977274
-0.2822265625 0.6962890625 0.5615234375 977276
-0.2822265625 0.6962890625 0.5615234375 977278
-0.23681640625 0.6494140625 0.55615234375 977376
-0.23681640625 0.6494140625 0.55615234375 977443
-0.23681640625 0.6494140625 0.55615234375 977444
-0.23681640625 0.6494140625 0.55615234375 977445
-0.19677734375 0.65234375 0.62841796875 977479
-0.19677734375 0.65234375 0.62841796875 977480
-0.19677734375 0.65234375 0.62841796875 977481
-0.05615234375 0.61962890625 0.73583984375 977556
-0.05615234375 0.61962890625 0.73583984375 977557
-0.05615234375 0.61962890625 0.73583984375 977558
0.1259765625 0.5 0.8232421875 977668
0.1259765625 0.5 0.8232421875 977669
0.1259765625 0.5 0.8232421875 977697
0.1259765625 0.5 0.8232421875 977698
0.1259765625 0.5 0.8232421875 977701
0.2216796875 0.4248046875 0.84619140625 977771
0.2216796875 0.4248046875 0.84619140625 977772
0.2216796875 0.4248046875 0.84619140625 977773
0.2568359375 0.390625 0.83642578125 977873
0.2568359375 0.390625 0.83642578125 977874
0.2568359375 0.390625 0.83642578125 977875
0.2568359375 0.390625 0.83642578125 977877
0.2568359375 0.390625 0.83642578125 977878
0.25830078125 0.3818359375 0.82861328125 977981
0.25830078125 0.3818359375 0.82861328125 977982
0.25830078125 0.3818359375 0.82861328125 977985
0.25830078125 0.3818359375 0.82861328125 977986
0.25830078125 0.3818359375 0.82861328125 977987
0.251953125 0.3876953125 0.83642578125 978080
0.255859375 0.38720703125 0.8671875 978160
0.255859375 0.38720703125 0.8671875 978166
0.255859375 0.38720703125 0.8671875 978201
0.255859375 0.38720703125 0.8671875 978211
0.255859375 0.38720703125 0.8671875 978224
0.2353515625 0.408203125 0.88037109375 978269
0.2353515625 0.408203125 0.88037109375 978270
0.2353515625 0.408203125 0.88037109375 978271
0.21337890625 0.39794921875 0.8837890625 978372
0.21337890625 0.39794921875 0.8837890625 978373
0.21337890625 0.39794921875 0.8837890625 978374
0.21337890625 0.39794921875 0.8837890625 978375
0.21337890625 0.39794921875 0.8837890625 978376
0.20166015625 0.39501953125 0.8583984375 978474
0.20166015625 0.39501953125 0.8583984375 978475
0.20166015625 0.39501953125 0.8583984375 978476
0.20166015625 0.39501953125 0.8583984375 978477
0.20166015625 0.39501953125 0.8583984375 978491
0.1875 0.3671875 0.82861328125 978579
0.1875 0.3671875 0.82861328125 978580
0.1875 0.3671875 0.82861328125 978581
0.1875 0.3671875 0.82861328125 978582
0.1875 0.3671875 0.82861328125 978583
0.171875 0.38427734375 0.837890625 978657
0.16357421875 0.39501953125 0.8291015625 978770
0.16357421875 0.39501953125 0.8291015625 978771
0.16357421875 0.39501953125 0.8291015625 978772
0.16357421875 0.39501953125 0.8291015625 978774
0.16357421875 0.39501953125 0.8291015625 978775
0.19580078125 0.33642578125 0.8330078125 978872
0.19580078125 0.33642578125 0.8330078125 978873
0.19580078125 0.33642578125 0.8330078125 978877
0.19580078125 0.33642578125 0.8330078125 978878
0.19580078125 0.33642578125 0.8330078125 978879
0.20263671875 0.31982421875 0.83544921875 978974
0.20263671875 0.31982421875 0.83544921875 978975
0.20263671875 0.31982421875 0.83544921875 978976
0.20458984375 0.3271484375 0.837890625 979076
0.20458984375 0.3271484375 0.837890625 979077
0.20458984375 0.3271484375 0.837890625 979079
0.20458984375 0.3271484375 0.837890625 979080
0.20458984375 0.3271484375 0.837890625 979081
0.17236328125 0.380859375 0.8544921875 979181
0.17236328125 0.380859375 0.8544921875 979182
0.17236328125 0.380859375 0.8544921875 979183
0.17236328125 0.380859375 0.8544921875 979184
0.17236328125 0.380859375 0.8544921875 979186
0.18896484375 0.4423828125 0.88134765625 979259
0.15771484375 0.40869140625 0.8212890625 979370
0.15771484375 0.40869140625 0.8212890625 979371
0.15771484375 0.40869140625 0.8212890625 979373
0.15771484375 0.40869140625 0.8212890625 979374
0.15771484375 0.40869140625 0.8212890625 979375
0.017578125 0.5068359375 0.70703125 979473
0.017578125 0.5068359375 0.70703125 979474
0.017578125 0.5068359375 0.70703125 979478
0.017578125 0.5068359375 0.70703125 979479
0.017578125 0.5068359375 0.70703125 979480
-0.18359375 0.525390625 0.4990234375 979576
-0.18359375 0.525390625 0.4990234375 979577
-0.18359375 0.525390625 0.4990234375 979578
-0.22021484375 0.57958984375 0.51953125 979678
-0.22021484375 0.57958984375 0.51953125 979679
-0.22021484375 0.57958984375 0.51953125 979682
-0.22021484375 0.57958984375 0.51953125 979683
-0.22021484375 0.57958984375 0.51953125 979684
-0.02392578125 0.26318359375 0.65283203125 979780
-0.02392578125 0.26318359375 0.65283203125 979781
-0.02392578125 0.26318359375 0.65283203125 979782
-0.02392578125 0.26318359375 0.65283203125 979782
-0.13232421875 0.51708984375 0.8349609375 979858
-0.13232421875 0.51708984375 0.8349609375 979860
-0.43212890625 0.8271484375 0.6474609375 979971
-0.43212890625 0.8271484375 0.6474609375 979972
-0.43212890625 0.8271484375 0.6474609375 979973
-0.43212890625 0.8271484375 0.6474609375 979974
-0.43212890625 0.8271484375 0.6474609375 979975
-0.455078125 0.81298828125 0.43994140625 980074
-0.455078125 0.81298828125 0.43994140625 980075
-0.455078125 0.81298828125 0.43994140625 980076
-0.455078125 0.81298828125 0.43994140625 980077
-0.455078125 0.81298828125 0.43994140625 980077
-0.36962890625 0.71630859375 0.40087890625 980177
-0.36962890625 0.71630859375 0.40087890625 980178
-0.36962890625 0.71630859375 0.40087890625 980179
-0.36962890625 0.71630859375 0.40087890625 980181
-0.36962890625 0.71630859375 0.40087890625 980182
-0.35986328125 0.73095703125 0.46435546875 980286
-0.35986328125 0.73095703125 0.46435546875 980287
-0.35986328125 0.73095703125 0.46435546875 980289
-0.35986328125 0.73095703125 0.46435546875 980291
-0.35986328125 0.73095703125 0.46435546875 980292
-0.29248046875 0.68310546875 0.515625 980366
-0.263671875 0.72900390625 0.57666015625 980470
-0.263671875 0.72900390625 0.57666015625 980471
-0.263671875 0.72900390625 0.57666015625 980472
-0.263671875 0.72900390625 0.57666015625 980473
-0.263671875 0.72900390625 0.57666015625 980474
-0.1484375 0.6767578125 0.64599609375 980575
-0.1484375 0.6767578125 0.64599609375 980576
-0.1484375 0.6767578125 0.64599609375 980577
-0.1484375 0.6767578125 0.64599609375 980578
-0.1484375 0.6767578125 0.64599609375 980579
0.029296875 0.609375 0.77392578125 980678
0.029296875 0.609375 0.77392578125 980679
0.029296875 0.609375 0.77392578125 980680
0.029296875 0.609375 0.77392578125 980681
0.029296875 0.609375 0.77392578125 980682
0.2216796875 0.47216796875 0.8671875 980781
0.2216796875 0.47216796875 0.8671875 980782
0.2216796875 0.47216796875 0.8671875 980783
0.2216796875 0.47216796875 0.8671875 980787
0.2216796875 0.47216796875 0.8671875 980789
0.27734375 0.37451171875 0.84619140625 980860
0.2802734375 0.35498046875 0.84228515625 980970
0.2802734375 0.35498046875 0.84228515625 980971
0.2802734375 0.35498046875 0.84228515625 980972
0.2802734375 0.35498046875 0.84228515625 980974
0.2802734375 0.35498046875 0.84228515625 980975
0.27783203125 0.3701171875 0.8251953125 981074
0.27783203125 0.3701171875 0.8251953125 981075
0.27783203125 0.3701171875 0.8251953125 981076
0.27783203125 0.3701171875 0.8251953125 981077
0.27783203125 0.3701171875 0.8251953125 981078
0.2744140625 0.38623046875 0.83642578125 981182
0.2744140625 0.38623046875 0.83642578125 981183
0.2744140625 0.38623046875 0.83642578125 981184
0.2744140625 0.38623046875 0.83642578125 981185
0.2744140625 0.38623046875 0.83642578125 981187
0.2705078125 0.38232421875 0.86328125 981260
0.25048828125 0.3974609375 0.8583984375 981372
0.25048828125 0.3974609375 0.8583984375 981373
0.25048828125 0.3974609375 0.8583984375 981374
0.25048828125 0.3974609375 0.8583984375 981374
0.25048828125 0.3974609375 0.8583984375 981375
0.236328125 0.408203125 0.87060546875 981475
0.236328125 0.408203125 0.87060546875 981479
0.236328125 0.408203125 0.87060546875 981480
0.236328125 0.408203125 0.87060546875 981482
0.236328125 0.408203125 0.87060546875 981483
0.23193359375 0.4150390625 0.88623046875 981577
0.23193359375 0.4150390625 0.88623046875 981578
0.21728515625 0.40966796875 0.86865234375 981679
0.21728515625 0.40966796875 0.86865234375 981680
0.21728515625 0.40966796875 0.86865234375 981681
0.21728515625 0.40966796875 0.86865234375 981681
0.21728515625 0.40966796875 0.86865234375 981682
0.208984375 0.39404296875 0.8359375 981782
0.208984375 0.39404296875 0.8359375 981783
0.208984375 0.39404296875 0.8359375 981784
0.208984375 0.39404296875 0.8359375 981786
0.208984375 0.39404296875 0.8359375 981788
0.19775390625 0.35546875 0.83203125 981860
0.20068359375 0.3583984375 0.818359375 981972
0.20068359375 0.3583984375 0.818359375 981973
0.20068359375 0.3583984375 0.818359375 981974
0.20068359375 0.3583984375 0.818359375 981975
0.20068359375 0.3583984375 0.818359375 981976
0.20654296875 0.3369140625 0.82568359375 982074
0.20654296875 0.3369140625 0.82568359375 982075
0.20654296875 0.3369140625 0.82568359375 982076
0.20654296875 0.3369140625 0.82568359375 982077
0.20654296875 0.3369140625 0.82568359375 982077
0.171875 0.4013671875 0.8125 982177
0.171875 0.4013671875 0.8125 982178
0.171875 0.4013671875 0.8125 982179
0.171875 0.4013671875 0.8125 982180
0.171875 0.4013671875 0.8125 982181
0.1650390625 0.4453125 0.8369140625 982281
0.1650390625 0.4453125 0.8369140625 982282
0.1650390625 0.4453125 0.8369140625 982283
0.1650390625 0.4453125 0.8369140625 982284
0.1650390625 0.4453125 0.8369140625 982284
0.11376953125 0.49853515625 0.79638671875 982384
0.11376953125 0.49853515625 0.79638671875 982385
0.11376953125 0.49853515625 0.79638671875 982387
0.11376953125 0.49853515625 0.79638671875 982389
0.11376953125 0.49853515625 0.79638671875 982391
0.03662109375 0.50732421875 0.70849609375 982461
-0.16650390625 0.59765625 0.5517578125 982572
-0.16650390625 0.59765625 0.5517578125 982573
-0.16650390625 0.59765625 0.5517578125 982575
-0.16650390625 0.59765625 0.5517578125 982576
-0.16650390625 0.59765625 0.5517578125 982577
-0.2177734375 0.56396484375 0.4296875 982674
-0.2177734375 0.56396484375 0.4296875 982675
-0.2177734375 0.56396484375 0.4296875 982676
-0.2177734375 0.56396484375 0.4296875 982677
-0.2177734375 0.56396484375 0.4296875 982678
-0.02294921875 0.3115234375 0.544921875 982777
-0.02294921875 0.3115234375 0.544921875 982778
-0.02294921875 0.3115234375 0.544921875 982779
-0.02294921875 0.3115234375 0.544921875 982780
-0.02294921875 0.3115234375 0.544921875 982781
-0.091796875 0.54052734375 0.771484375 982880
-0.091796875 0.54052734375 0.771484375 982881
-0.091796875 0.54052734375 0.771484375 982882
-0.091796875 0.54052734375 0.771484375 982883
-0.091796875 0.54052734375 0.771484375 982884
-0.32177734375 0.85009765625 0.73046875 982982
-0.32177734375 0.85009765625 0.73046875 982983
-0.32177734375 0.85009765625 0.73046875 982985
-0.32177734375 0.85009765625 0.73046875 982986
-0.32177734375 0.85009765625 0.73046875 982987
-0.419921875 0.90771484375 0.60693359375 983062
-0.30712890625 0.69580078125 0.5068359375 983173
-0.30712890625 0.69580078125 0.5068359375 983174
-0.30712890625 0.69580078125 0.5068359375 983175
-0.30712890625 0.69580078125 0.5068359375 983177
-0.30712890625 0.69580078125 0.5068359375 983178
-0.3046875 0.72314453125 0.51611328125 983279
-0.3046875 0.72314453125 0.51611328125 983280
-0.3046875 0.72314453125 0.51611328125 983282
-0.3046875 0.72314453125 0.51611328125 983283
-0.3046875 0.72314453125 0.51611328125 983284
-0.30517578125 0.73828125 0.53271484375 983381
-0.30517578125 0.73828125 0.53271484375 983382
-0.30517578125 0.73828125 0.53271484375 983385
-0.30517578125 0.73828125 0.53271484375 983386
-0.30517578125 0.73828125 0.53271484375 983387
-0.2626953125 0.69384765625 0.517578125 983483
-0.2626953125 0.69384765625 0.517578125 983484
-0.2626953125 0.69384765625 0.517578125 983485
-0.2626953125 0.69384765625 0.517578125 983486
-0.2626953125 0.69384765625 0.517578125 983487
-0.2431640625 0.72021484375 0.5732421875 983583
-0.2431640625 0.72021484375 0.5732421875 983584
-0.2431640625 0.72021484375 0.5732421875 983585
-0.2431640625 0.72021484375 0.5732421875 983586
-0.2431640625 0.72021484375 0.5732421875 983587
-0.1767578125 0.677734375 0.6259765625 983673
-0.08740234375 0.60595703125 0.66162109375 983776
-0.08740234375 0.60595703125 0.66162109375 983777
-0.08740234375 0.60595703125 0.66162109375 983778
-0.08740234375 0.60595703125 0.66162109375 983779
-0.08740234375 0.60595703125 0.66162109375 983780
0.03564453125 0.546875 0.7685546875 983878
0.03564453125 0.546875 0.7685546875 983879
0.03564453125 0.546875 0.7685546875 983880
0.03564453125 0.546875 0.7685546875 983881
0.03564453125 0.546875 0.7685546875 983882
0.1083984375 0.5185546875 0.7958984375 983980
0.1083984375 0.5185546875 0.7958984375 983981
0.1083984375 0.5185546875 0.7958984375 983982
0.1083984375 0.5185546875 0.7958984375 983983
0.1083984375 0.5185546875 0.7958984375 983984
0.1884765625 0.4736328125 0.8359375 984083
0.1884765625 0.4736328125 0.8359375 984084
0.1884765625 0.4736328125 0.8359375 984085
0.1884765625 0.4736328125 0.8359375 984087
0.1884765625 0.4736328125 0.8359375 984088
0.2177734375 0.4404296875 0.8310546875 984185
0.2177734375 0.4404296875 0.8310546875 984187
0.2177734375 0.4404296875 0.8310546875 984188
0.2177734375 0.4404296875 0.8310546875 984192
0.2177734375 0.4404296875 0.8310546875 984193
0.22998046875 0.4267578125 0.818359375 984264
0.2490234375 0.43212890625 0.83251953125 984374
0.2490234375 0.43212890625 0.83251953125 984375
0.2490234375 0.43212890625 0.83251953125 984378
0.2490234375 0.43212890625 0.83251953125 984379
0.2490234375 0.43212890625 0.83251953125 984381
0.2548828125 0.439453125 0.8486328125 984477
0.2548828125 0.439453125 0.8486328125 984478
0.2548828125 0.439453125 0.8486328125 984479
0.2548828125 0.439453125 0.8486328125 984480
0.2548828125 0.439453125 0.8486328125 984481
0.24755859375 0.44873046875 0.87646484375 984579
0.24755859375 0.44873046875 0.87646484375 984580
0.24755859375 0.44873046875 0.87646484375 984581
0.24755859375 0.44873046875 0.87646484375 984582
0.24755859375 0.44873046875 0.87646484375 984583
0.24365234375 0.47021484375 0.91796875 984682
0.24365234375 0.47021484375 0.91796875 984683
0.24365234375 0.47021484375 0.91796875 984684
0.24365234375 0.47021484375 0.91796875 984685
0.24365234375 0.47021484375 0.91796875 984686
0.2314453125 0.44482421875 0.89599609375 984785
0.2314453125 0.44482421875 0.89599609375 984786
0.2314453125 0.44482421875 0.89599609375 984787
0.2314453125 0.44482421875 0.89599609375 984789
0.2314453125 0.44482421875 0.89599609375 984790
0.19677734375 0.41943359375 0.82763671875 984868
0.19970703125 0.4169921875 0.81640625 984979
0.19970703125 0.4169921875 0.81640625 984980
0.19970703125 0.4169921875 0.81640625 984982
0.19970703125 0.4169921875 0.81640625 984983
0.19970703125 0.4169921875 0.81640625 984984
0.193359375 0.3525390625 0.7880859375 985081
0.193359375 0.3525390625 0.7880859375 985082
0.193359375 0.3525390625 0.7880859375 985083
0.193359375 0.3525390625 0.7880859375 985085
0.193359375 0.3525390625 0.7880859375 985086
0.1826171875 0.36279296875 0.8017578125 985185
0.1826171875 0.36279296875 0.8017578125 985186
0.1826171875 0.36279296875 0.8017578125 985187
0.1826171875 0.36279296875 0.8017578125 985188
0.1826171875 0.36279296875 0.8017578125 985189
0.13818359375 0.44140625 0.80224609375 985263
0.08056640625 0.490234375 0.78369140625 985374
0.08056640625 0.490234375 0.78369140625 985375
0.08056640625 0.490234375 0.78369140625 985376
0.08056640625 0.490234375 0.78369140625 985377
0.08056640625 0.490234375 0.78369140625 985378
0.04443359375 0.52490234375 0.76416015625 985479
0.04443359375 0.52490234375 0.76416015625 985480
0.04443359375 0.52490234375 0.76416015625 985481
0.04443359375 0.52490234375 0.76416015625 985482
0.04443359375 0.52490234375 0.76416015625 985484
-0.0517578125 0.54541015625 0.66796875 985583
-0.0517578125 0.54541015625 0.66796875 985584
-0.0517578125 0.54541015625 0.66796875 985585
-0.0517578125 0.54541015625 0.66796875 985586
-0.0517578125 0.54541015625 0.66796875 985588
-0.16796875 0.59716796875 0.6044921875 985685
-0.16796875 0.59716796875 0.6044921875 985686
-0.16796875 0.59716796875 0.6044921875 985687
-0.16796875 0.59716796875 0.6044921875 985688
-0.16796875 0.59716796875 0.6044921875 985689
-0.20947265625 0.51220703125 0.4833984375 985777
-0.05908203125 0.23974609375 0.45263671875 985875
-0.05908203125 0.23974609375 0.45263671875 985876
-0.05908203125 0.23974609375 0.45263671875 985877
-0.05908203125 0.23974609375 0.45263671875 985878
-0.05908203125 0.23974609375 0.45263671875 985879
-0.10205078125 0.40771484375 0.7333984375 985978
-0.10205078125 0.40771484375 0.7333984375 985979
-0.10205078125 0.40771484375 0.7333984375 985980
-0.10205078125 0.40771484375 0.7333984375 986003
-0.10205078125 0.40771484375 0.7333984375 986004
-0.24560546875 0.62939453125 0.798828125 986081
-0.24560546875 0.62939453125 0.798828125 986082
-0.24560546875 0.62939453125 0.798828125 986089
-0.24560546875 0.62939453125 0.798828125 986090
-0.4150390625 0.81396484375 0.66845703125 986183
-0.4150390625 0.81396484375 0.66845703125 986184
-0.4150390625 0.81396484375 0.66845703125 986185
-0.4150390625 0.81396484375 0.66845703125 986186
-0.43359375 0.75048828125 0.43994140625 986286
-0.43359375 0.75048828125 0.43994140625 986287
-0.43359375 0.75048828125 0.43994140625 986288
-0.43359375 0.75048828125 0.43994140625 986289
-0.43359375 0.75048828125 0.43994140625 986291
-0.41943359375 0.720703125 0.4423828125 986364
-0.416015625 0.69970703125 0.4609375 986476
-0.416015625 0.69970703125 0.4609375 986477
-0.416015625 0.69970703125 0.4609375 986478
-0.416015625 0.69970703125 0.4609375 986479
-0.416015625 0.69970703125 0.4609375 986480
-0.380859375 0.68017578125 0.4248046875 986578
-0.380859375 0.68017578125 0.4248046875 986579
-0.380859375 0.68017578125 0.4248046875 986580
-0.380859375 0.68017578125 0.4248046875 986581
-0.380859375 0.68017578125 0.4248046875 986582
-0.369140625 0.693359375 0.4697265625 986681
-0.369140625 0.693359375 0.4697265625 986682
-0.369140625 0.693359375 0.4697265625 986683
-0.369140625 0.693359375 0.4697265625 986684
-0.369140625 0.693359375 0.4697265625 986685
-0.36376953125 0.70068359375 0.48193359375 986788
-0.36376953125 0.70068359375 0.48193359375 986789
-0.36376953125 0.70068359375 0.48193359375 986790
-0.36376953125 0.70068359375 0.48193359375 986791
-0.36376953125 0.70068359375 0.48193359375 986807
-0.34521484375 0.71044921875 0.50439453125 986874
-0.2783203125 0.6865234375 0.54345703125 986976
-0.2783203125 0.6865234375 0.54345703125 986977
-0.2783203125 0.6865234375 0.54345703125 986979
-0.2783203125 0.6865234375 0.54345703125 986980
-0.2783203125 0.6865234375 0.54345703125 986981
-0.1884765625 0.6123046875 0.58203125 987079
-0.1884765625 0.6123046875 0.58203125 987080
-0.1884765625 0.6123046875 0.58203125 987081
-0.1884765625 0.6123046875 0.58203125 987082
-0.1884765625 0.6123046875 0.58203125 987082
-0.033203125 0.55029296875 0.7607421875 987182
-0.033203125 0.55029296875 0.7607421875 987183
-0.033203125 0.55029296875 0.7607421875 987184
-0.033203125 0.55029296875 0.7607421875 987185
0.0654296875 0.4794921875 0.79736328125 987285
0.0654296875 0.4794921875 0.79736328125 987286
0.0654296875 0.4794921875 0.79736328125 987287
0.0654296875 0.4794921875 0.79736328125 987288
0.0654296875 0.4794921875 0.79736328125 987289
0.11474609375 0.4697265625 0.830078125 987389
0.11474609375 0.4697265625 0.830078125 987390
0.11474609375 0.4697265625 0.830078125 987392
0.11474609375 0.4697265625 0.830078125 987393
0.11474609375 0.4697265625 0.830078125 987395
0.15087890625 0.43701171875 0.8203125 987467
0.19287109375 0.42822265625 0.8291015625 987577
0.19287109375 0.42822265625 0.8291015625 987578
0.19287109375 0.42822265625 0.8291015625 987580
0.19287109375 0.42822265625 0.8291015625 987581
0.19287109375 0.42822265625 0.8291015625 987582
0.203125 0.427734375 0.8349609375 987665
0.2060546875 0.41650390625 0.84033203125 987777
0.2060546875 0.41650390625 0.84033203125 987778
0.2060546875 0.41650390625 0.84033203125 987779
0.2060546875 0.41650390625 0.84033203125 987780
0.2060546875 0.41650390625 0.84033203125 987780
0.21337890625 0.43798828125 0.89453125 987879
0.21337890625 0.43798828125 0.89453125 987880
0.21337890625 0.43798828125 0.89453125 987881
0.21337890625 0.43798828125 0.89453125 987882
0.21337890625 0.43798828125 0.89453125 987882
0.1943359375 0.44189453125 0.89111328125 987982
0.1943359375 0.44189453125 0.89111328125 988036
0.1943359375 0.44189453125 0.89111328125 988037
0.1943359375 0.44189453125 0.89111328125 988038
0.1943359375 0.44189453125 0.89111328125 988039
0.1982421875 0.4228515625 0.85302734375 988085
0.1982421875 0.4228515625 0.85302734375 988088
0.1865234375 0.4130859375 0.8427734375 988189
0.1865234375 0.4130859375 0.8427734375 988190
0.1865234375 0.4130859375 0.8427734375 988191
0.1865234375 0.4130859375 0.8427734375 988192
0.1865234375 0.4130859375 0.8427734375 988193
0.19775390625 0.36767578125 0.82470703125 988266
0.20947265625 0.3291015625 0.82666015625 988377
0.20947265625 0.3291015625 0.82666015625 988378
0.20947265625 0.3291015625 0.82666015625 988379
0.20947265625 0.3291015625 0.82666015625 988380
0.20947265625 0.3291015625 0.82666015625 988381
0.1923828125 0.32568359375 0.80126953125 988480
0.1923828125 0.32568359375 0.80126953125 988481
0.1923828125 0.32568359375 0.80126953125 988483
0.1923828125 0.32568359375 0.80126953125 988484
0.1923828125 0.32568359375 0.80126953125 988486
0.1064453125 0.4453125 0.7783203125 988582
0.1064453125 0.4453125 0.7783203125 988583
0.1064453125 0.4453125 0.7783203125 988584
0.1064453125 0.4453125 0.7783203125 988585
0.1064453125 0.4453125 0.7783203125 988586
0.09521484375 0.486328125 0.787109375 988684
0.09521484375 0.486328125 0.787109375 988685
0.09521484375 0.486328125 0.787109375 988686
0.09521484375 0.486328125 0.787109375 988687
0.09521484375 0.486328125 0.787109375 988688
0.04248046875 0.48095703125 0.728515625 988788
0.04248046875 0.48095703125 0.728515625 988789
0.04248046875 0.48095703125 0.728515625 988791
0.04248046875 0.48095703125 0.728515625 988792
0.04248046875 0.48095703125 0.728515625 988793
-0.1455078125 0.6005859375 0.58056640625 988865
-0.1826171875 0.49365234375 0.4248046875 988977
-0.1826171875 0.49365234375 0.4248046875 988978
-0.1826171875 0.49365234375 0.4248046875 988979
-0.1826171875 0.49365234375 0.4248046875 988980
-0.1826171875 0.49365234375 0.4248046875 988981
-0.05322265625 0.25048828125 0.57568359375 989079
-0.05322265625 0.25048828125 0.57568359375 989080
-0.05322265625 0.25048828125 0.57568359375 989081
-0.05322265625 0.25048828125 0.57568359375 989082
-0.05322265625 0.25048828125 0.57568359375 989083
-0.265625 0.662109375 0.7392578125 989181
-0.265625 0.662109375 0.7392578125 989182
-0.265625 0.662109375 0.7392578125 989183
-0.265625 0.662109375 0.7392578125 989184
-0.265625 0.662109375 0.7392578125 989185
-0.43896484375 0.8232421875 0.5927734375 989285
-0.43896484375 0.8232421875 0.5927734375 989286
-0.43896484375 0.8232421875 0.5927734375 989287
-0.43896484375 0.8232421875 0.5927734375 989288
-0.43896484375 0.8232421875 0.5927734375 989289
-0.4326171875 0.81005859375 0.5078125 989387
-0.4326171875 0.81005859375 0.5078125 989388
-0.4326171875 0.81005859375 0.5078125 989393
-0.4326171875 0.81005859375 0.5078125 989394
-0.4326171875 0.81005859375 0.5078125 989395
-0.37158203125 0.7138671875 0.5166015625 989489
-0.37158203125 0.7138671875 0.5166015625 989490
-0.37158203125 0.7138671875 0.5166015625 989491
-0.33203125 0.69140625 0.5439453125 989566
-0.33203125 0.69140625 0.5439453125 989567
-0.33203125 0.69140625 0.5439453125 989569
-0.33251953125 0.70556640625 0.49658203125 989678
-0.33251953125 0.70556640625 0.49658203125 989679
-0.33251953125 0.70556640625 0.49658203125 989680
-0.33251953125 0.70556640625 0.49658203125 989681
-0.33251953125 0.70556640625 0.49658203125 989681
-0.306640625 0.7001953125 0.52294921875 989781
-0.306640625 0.7001953125 0.52294921875 989782
-0.306640625 0.7001953125 0.52294921875 989784
-0.306640625 0.7001953125 0.52294921875 989785
-0.306640625 0.7001953125 0.52294921875 989787
-0.26318359375 0.685546875 0.57177734375 989883
-0.26318359375 0.685546875 0.57177734375 989884
-0.26318359375 0.685546875 0.57177734375 989885
-0.26318359375 0.685546875 0.57177734375 989886
-0.26318359375 0.685546875 0.57177734375 989887
-0.2392578125 0.65380859375 0.5712890625 990023
-0.2392578125 0.65380859375 0.5712890625 990024
-0.2392578125 0.65380859375 0.5712890625 990025
-0.2392578125 0.65380859375 0.5712890625 990026
-0.2392578125 0.65380859375 0.5712890625 990026
-0.185546875 0.654296875 0.6142578125 990074
-0.13818359375 0.68212890625 0.65966796875 990177
-0.13818359375 0.68212890625 0.65966796875 990178
-0.13818359375 0.68212890625 0.65966796875 990179
-0.13818359375 0.68212890625 0.65966796875 990180
-0.13818359375 0.68212890625 0.65966796875 990181
-0.00830078125 0.61279296875 0.72216796875 990281
-0.00830078125 0.61279296875 0.72216796875 990282
-0.00830078125 0.61279296875 0.72216796875 990283
-0.00830078125 0.61279296875 0.72216796875 990283
-0.00830078125 0.61279296875 0.72216796875 990284
0.11865234375 0.52587890625 0.80029296875 990384
0.11865234375 0.52587890625 0.80029296875 990385
0.11865234375 0.52587890625 0.80029296875 990386
0.11865234375 0.52587890625 0.80029296875 990387
0.212890625 0.4306640625 0.8330078125 990513
0.212890625 0.4306640625 0.8330078125 990514
0.212890625 0.4306640625 0.8330078125 990515
0.212890625 0.4306640625 0.8330078125 990517
0.212890625 0.4306640625 0.8330078125 990518
0.236328125 0.40576171875 0.82421875 990590
0.22802734375 0.4150390625 0.8193359375 990669
0.22802734375 0.4150390625 0.8193359375 990670
0.22802734375 0.4150390625 0.8193359375 990671
0.22802734375 0.4150390625 0.8193359375 990672
0.22802734375 0.4150390625 0.8193359375 990673
0.2294921875 0.42333984375 0.83251953125 990780
0.2294921875 0.42333984375 0.83251953125 990781
0.2294921875 0.42333984375 0.83251953125 990782
0.2294921875 0.42333984375 0.83251953125 990783
0.2294921875 0.42333984375 0.83251953125 990784
0.2392578125 0.421875 0.8466796875 990882
0.2392578125 0.421875 0.8466796875 990883
0.2392578125 0.421875 0.8466796875 990884
0.2392578125 0.421875 0.8466796875 990885
0.2392578125 0.421875 0.8466796875 990886
0.24072265625 0.42138671875 0.87255859375 990984
0.24072265625 0.42138671875 0.87255859375 990985
0.24072265625 0.42138671875 0.87255859375 990986
0.24072265625 0.42138671875 0.87255859375 990987
0.24072265625 0.42138671875 0.87255859375 990988
0.24560546875 0.41796875 0.88037109375 991086
0.24560546875 0.41796875 0.88037109375 991087
0.24560546875 0.41796875 0.88037109375 991088
0.24560546875 0.41796875 0.88037109375 991089
0.24560546875 0.41796875 0.88037109375 991090
0.20849609375 0.41796875 0.85205078125 991190
0.20849609375 0.41796875 0.85205078125 991191
0.20849609375 0.41796875 0.85205078125 991192
0.20849609375 0.41796875 0.85205078125 991193
0.20849609375 0.41796875 0.85205078125 991194
0.2412109375 0.37109375 0.8671875 991268
0.2275390625 0.37353515625 0.85498046875 991379
0.2275390625 0.37353515625 0.85498046875 991380
0.2275390625 0.37353515625 0.85498046875 991381
0.2275390625 0.37353515625 0.85498046875 991404
0.2275390625 0.37353515625 0.85498046875 991405
0.22607421875 0.36328125 0.861328125 991481
0.22607421875 0.36328125 0.861328125 991482
0.22607421875 0.36328125 0.861328125 991483
0.22607421875 0.36328125 0.861328125 991484
0.205078125 0.330078125 0.8154296875 991584
0.205078125 0.330078125 0.8154296875 991585
0.205078125 0.330078125 0.8154296875 991586
0.205078125 0.330078125 0.8154296875 991587
0.205078125 0.330078125 0.8154296875 991588
0.18115234375 0.34326171875 0.81298828125 991687
0.18115234375 0.34326171875 0.81298828125 991688
0.18115234375 0.34326171875 0.81298828125 991689
0.18115234375 0.34326171875 0.81298828125 991690
0.18115234375 0.34326171875 0.81298828125 991691
0.12353515625 0.43408203125 0.80078125 991785
0.06298828125 0.49951171875 0.76416015625 991908
0.06298828125 0.49951171875 0.76416015625 991909
0.06298828125 0.49951171875 0.76416015625 991910
0.06298828125 0.49951171875 0.76416015625 991911
0.06298828125 0.49951171875 0.76416015625 991912
0.06884765625 0.4384765625 0.763671875 991974
-0.123046875 0.56298828125 0.5947265625 992080
-0.123046875 0.56298828125 0.5947265625 992081
-0.123046875 0.56298828125 0.5947265625 992082
-0.123046875 0.56298828125 0.5947265625 992083
-0.123046875 0.56298828125 0.5947265625 992089
-0.13720703125 0.509765625 0.48876953125 992182
-0.13720703125 0.509765625 0.48876953125 992183
-0.13720703125 0.509765625 0.48876953125 992184
-0.13720703125 0.509765625 0.48876953125 992185
-0.13720703125 0.509765625 0.48876953125 992186
-0.02734375 0.3466796875 0.5478515625 992288
-0.02734375 0.3466796875 0.5478515625 992289
-0.02734375 0.3466796875 0.5478515625 992290
-0.02734375 0.3466796875 0.5478515625 992291
-0.0263671875 0.4580078125 0.76220703125 992389
-0.0263671875 0.4580078125 0.76220703125 992390
-0.0263671875 0.4580078125 0.76220703125 992391
-0.0263671875 0.4580078125 0.76220703125 992392
-0.0263671875 0.4580078125 0.76220703125 992393
-0.046875 0.50732421875 0.86376953125 992491
-0.046875 0.50732421875 0.86376953125 992492
-0.046875 0.50732421875 0.86376953125 992493
-0.046875 0.50732421875 0.86376953125 992494
-0.046875 0.50732421875 0.86376953125 992496
-0.1865234375 0.701171875 0.880859375 992569
-0.25634765625 0.6689453125 0.67919921875 992670
-0.25634765625 0.6689453125 0.67919921875 992671
-0.25634765625 0.6689453125 0.67919921875 992672
-0.25634765625 0.6689453125 0.67919921875 992673
-0.25634765625 0.6689453125 0.67919921875 992675
-0.24609375 0.640625 0.626953125 992781
-0.24609375 0.640625 0.626953125 992782
-0.24609375 0.640625 0.626953125 992784
-0.24609375 0.640625 0.626953125 992785
-0.24609375 0.640625 0.626953125 992786
-0.30859375 0.69873046875 0.5615234375 992883
-0.30859375 0.69873046875 0.5615234375 992884
-0.30859375 0.69873046875 0.5615234375 992885
-0.30859375 0.69873046875 0.5615234375 992886
-0.30859375 0.69873046875 0.5615234375 992887
-0.30224609375 0.68359375 0.53173828125 992985
-0.30224609375 0.68359375 0.53173828125 992986
-0.30224609375 0.68359375 0.53173828125 992987
-0.30224609375 0.68359375 0.53173828125 992989
-0.30224609375 0.68359375 0.53173828125 992990
-0.2880859375 0.6923828125 0.53857421875 993088
-0.2880859375 0.6923828125 0.53857421875 993089
-0.2880859375 0.6923828125 0.53857421875 993090
-0.2880859375 0.6923828125 0.53857421875 993093
-0.2880859375 0.6923828125 0.53857421875 993094
-0.2607421875 0.677734375 0.54052734375 993190
-0.2607421875 0.677734375 0.54052734375 993191
-0.2607421875 0.677734375 0.54052734375 993192
-0.2607421875 0.677734375 0.54052734375 993193
-0.2607421875 0.677734375 0.54052734375 993194
-0.24609375 0.708984375 0.5966796875 993274
-0.1552734375 0.65869140625 0.6318359375 993380
-0.1552734375 0.65869140625 0.6318359375 993384
-0.1552734375 0.65869140625 0.6318359375 993385
-0.1552734375 0.65869140625 0.6318359375 993386
-0.1552734375 0.65869140625 0.6318359375 993387
-0.10693359375 0.6767578125 0.6650390625 993483
-0.10693359375 0.6767578125 0.6650390625 993484
0.009765625 0.59521484375 0.73828125 993585
0.009765625 0.59521484375 0.73828125 993592
0.009765625 0.59521484375 0.73828125 993592
0.009765625 0.59521484375 0.73828125 993593
0.009765625 0.59521484375 0.73828125 993594
0.11328125 0.52197265625 0.796875 993688
0.11328125 0.52197265625 0.796875 993689
0.15478515625 0.4697265625 0.7841796875 993791
0.15478515625 0.4697265625 0.7841796875 993792
0.15478515625 0.4697265625 0.7841796875 993793
0.15478515625 0.4697265625 0.7841796875 993794
0.15478515625 0.4697265625 0.7841796875 993796
0.17333984375 0.48095703125 0.7900390625 993869
0.20166015625 0.4775390625 0.82568359375 993980
0.20166015625 0.4775390625 0.82568359375 993981
0.20166015625 0.4775390625 0.82568359375 993982
0.20166015625 0.4775390625 0.82568359375 993983
0.20166015625 0.4775390625 0.82568359375 993984
0.1953125 0.4658203125 0.8212890625 994082
0.1953125 0.4658203125 0.8212890625 994083
0.1953125 0.4658203125 0.8212890625 994086
0.1953125 0.4658203125 0.8212890625 994087
0.1953125 0.4658203125 0.8212890625 994088
0.2041015625 0.4814453125 0.84765625 994186
0.2041015625 0.4814453125 0.84765625 994187
0.2041015625 0.4814453125 0.84765625 994189
0.2041015625 0.4814453125 0.84765625 994190
0.2041015625 0.4814453125 0.84765625 994191
0.20458984375 0.44970703125 0.861328125 994288
0.20458984375 0.44970703125 0.861328125 994289
0.20458984375 0.44970703125 0.861328125 994290
0.20458984375 0.44970703125 0.861328125 994292
0.20458984375 0.44970703125 0.861328125 994293
0.2041015625 0.4453125 0.85498046875 994392
0.2041015625 0.4453125 0.85498046875 994393
0.2041015625 0.4453125 0.85498046875 994394
0.2041015625 0.4453125 0.85498046875 994395
0.2041015625 0.4453125 0.85498046875 994396
0.1884765625 0.41455078125 0.82568359375 994469
0.16796875 0.40087890625 0.81689453125 994582
0.16796875 0.40087890625 0.81689453125 994583
0.16796875 0.40087890625 0.81689453125 994584
0.16796875 0.40087890625 0.81689453125 994586
0.16796875 0.40087890625 0.81689453125 994587
0.16748046875 0.38427734375 0.81884765625 994684
0.16748046875 0.38427734375 0.81884765625 994685
0.16748046875 0.38427734375 0.81884765625 994686
0.16748046875 0.38427734375 0.81884765625 994687
0.16748046875 0.38427734375 0.81884765625 994688
0.18505859375 0.35888671875 0.8349609375 994786
0.18505859375 0.35888671875 0.8349609375 994787
0.18505859375 0.35888671875 0.8349609375 994789
0.18505859375 0.35888671875 0.8349609375 994790
0.18505859375 0.35888671875 0.8349609375 994792
0.16650390625 0.34375 0.828125 994891
0.16650390625 0.34375 0.828125 994892
0.16650390625 0.34375 0.828125 994894
0.16650390625 0.34375 0.828125 994895
0.16650390625 0.34375 0.828125 994896
0.13671875 0.38330078125 0.82470703125 994999
0.13671875 0.38330078125 0.82470703125 995008
0.13671875 0.38330078125 0.82470703125 995034
0.13671875 0.38330078125 0.82470703125 995037
0.13671875 0.38330078125 0.82470703125 995038
0.11376953125 0.43994140625 0.83056640625 995082
0.04443359375 0.4736328125 0.73974609375 995185
0.04443359375 0.4736328125 0.73974609375 995186
0.04443359375 0.4736328125 0.73974609375 995187
0.04443359375 0.4736328125 0.73974609375 995188
0.04443359375 0.4736328125 0.73974609375 995189
-0.00830078125 0.48876953125 0.75830078125 995291
-0.00830078125 0.48876953125 0.75830078125 995292
-0.00830078125 0.48876953125 0.75830078125 995293
-0.00830078125 0.48876953125 0.75830078125 995294
-0.00830078125 0.48876953125 0.75830078125 995295
-0.2509765625 0.62109375 0.4677734375 995393
-0.2509765625 0.62109375 0.4677734375 995394
-0.2509765625 0.62109375 0.4677734375 995395
-0.2509765625 0.62109375 0.4677734375 995396
-0.2509765625 0.62109375 0.4677734375 995397
-0.18701171875 0.48681640625 0.5185546875 995470
-0.1845703125 0.4580078125 0.556640625 995581
-0.1845703125 0.4580078125 0.556640625 995582
-0.1845703125 0.4580078125 0.556640625 995583
-0.1845703125 0.4580078125 0.556640625 995585
-0.1845703125 0.4580078125 0.556640625 995586
-0.3798828125 0.70361328125 0.6357421875 995672
-0.49462890625 0.7841796875 0.4931640625 995783
-0.49462890625 0.7841796875 0.4931640625 995784
-0.49462890625 0.7841796875 0.4931640625 995785
-0.49462890625 0.7841796875 0.4931640625 995786
-0.49462890625 0.7841796875 0.4931640625 995787
-0.45703125 0.79150390625 0.431640625 995885
-0.45703125 0.79150390625 0.431640625 995886
-0.45703125 0.79150390625 0.431640625 995887
-0.45703125 0.79150390625 0.431640625 995888
-0.45703125 0.79150390625 0.431640625 995889
-0.3369140625 0.7197265625 0.51318359375 995988
-0.3369140625 0.7197265625 0.51318359375 995989
-0.3369140625 0.7197265625 0.51318359375 995990
-0.3369140625 0.7197265625 0.51318359375 995991
-0.3369140625 0.7197265625 0.51318359375 995992
-0.2275390625 0.712890625 0.62548828125 996092
-0.2275390625 0.712890625 0.62548828125 996093
-0.2275390625 0.712890625 0.62548828125 996095
-0.2275390625 0.712890625 0.62548828125 996096
-0.2275390625 0.712890625 0.62548828125 996097
-0.173828125 0.7216796875 0.642578125 996194
-0.173828125 0.7216796875 0.642578125 996195
-0.173828125 0.7216796875 0.642578125 996196
-0.173828125 0.7216796875 0.642578125 996197
-0.173828125 0.7216796875 0.642578125 996198
-0.138671875 0.677734375 0.611328125 996271
-0.1337890625 0.71240234375 0.6396484375 996387
-0.1337890625 0.71240234375 0.6396484375 996388
-0.1337890625 0.71240234375 0.6396484375 996390
-0.1337890625 0.71240234375 0.6396484375 996392
-0.1337890625 0.71240234375 0.6396484375 996394
-0.09033203125 0.6494140625 0.63818359375 996473
-0.06201171875 0.66748046875 0.669921875 996587
-0.06201171875 0.66748046875 0.669921875 996588
-0.06201171875 0.66748046875 0.669921875 996589
-0.06201171875 0.66748046875 0.669921875 996590
-0.06201171875 0.66748046875 0.669921875 996592
-0.0224609375 0.63720703125 0.6650390625 996689
-0.0224609375 0.63720703125 0.6650390625 996690
-0.0224609375 0.63720703125 0.6650390625 996691
-0.0224609375 0.63720703125 0.6650390625 996692
-0.0224609375 0.63720703125 0.6650390625 996693
0.048828125 0.611328125 0.7314453125 996792
0.048828125 0.611328125 0.7314453125 996793
0.048828125 0.611328125 0.7314453125 996794
0.048828125 0.611328125 0.7314453125 996795
0.048828125 0.611328125 0.7314453125 996796
0.14697265625 0.5439453125 0.796875 996894
0.14697265625 0.5439453125 0.796875 996895
0.14697265625 0.5439453125 0.796875 996896
0.14697265625 0.5439453125 0.796875 996897
0.14697265625 0.5439453125 0.796875 996899
0.1943359375 0.49462890625 0.82861328125 997015
0.1943359375 0.49462890625 0.82861328125 997017
0.1943359375 0.49462890625 0.82861328125 997018
0.1943359375 0.49462890625 0.82861328125 997019
0.1943359375 0.49462890625 0.82861328125 997020
0.236328125 0.46630859375 0.82763671875 997174
0.236328125 0.46630859375 0.82763671875 997175
0.236328125 0.46630859375 0.82763671875 997177
0.236328125 0.46630859375 0.82763671875 997178
0.236328125 0.46630859375 0.82763671875 997180
0.24169921875 0.4599609375 0.83740234375 997192
0.25634765625 0.4501953125 0.86572265625 997337
0.25634765625 0.4501953125 0.86572265625 997338
0.25634765625 0.4501953125 0.86572265625 997339
0.25634765625 0.4501953125 0.86572265625 997340
0.25634765625 0.4501953125 0.86572265625 997341
0.2265625 0.4755859375 0.88916015625 997393
0.18310546875 0.45166015625 0.83203125 997495
0.18310546875 0.45166015625 0.83203125 997497
0.18310546875 0.45166015625 0.83203125 997498
0.18310546875 0.45166015625 0.83203125 997499
0.18310546875 0.45166015625 0.83203125 997500
0.15625 0.4287109375 0.81591796875 997573
0.171875 0.38427734375 0.83984375 997684
0.171875 0.38427734375 0.83984375 997685
0.171875 0.38427734375 0.83984375 997686
0.171875 0.38427734375 0.83984375 997687
0.171875 0.38427734375 0.83984375 997688
0.177734375 0.369140625 0.83935546875 997786
0.177734375 0.369140625 0.83935546875 997787
0.177734375 0.369140625 0.83935546875 997788
0.177734375 0.369140625 0.83935546875 997789
0.177734375 0.369140625 0.83935546875 997790
0.17236328125 0.337890625 0.818359375 997889
0.17236328125 0.337890625 0.818359375 997890
0.17236328125 0.337890625 0.818359375 997891
0.17236328125 0.337890625 0.818359375 997892
0.17236328125 0.337890625 0.818359375 997893
0.09912109375 0.40966796875 0.79541015625 997992
0.09912109375 0.40966796875 0.79541015625 997993
0.09912109375 0.40966796875 0.79541015625 997994
0.09912109375 0.40966796875 0.79541015625 997995
0.09912109375 0.40966796875 0.79541015625 997996
0.06396484375 0.4765625 0.79345703125 998094
0.06396484375 0.4765625 0.79345703125 998095
0.06396484375 0.4765625 0.79345703125 998096
0.06396484375 0.4765625 0.79345703125 998118
0.06396484375 0.4765625 0.79345703125 998120
-0.029296875 0.556640625 0.755859375 998175
0.00341796875 0.45263671875 0.7802734375 998286
0.00341796875 0.45263671875 0.7802734375 998287
0.00341796875 0.45263671875 0.7802734375 998288
0.00341796875 0.45263671875 0.7802734375 998289
0.00341796875 0.45263671875 0.7802734375 998290
-0.22705078125 0.65087890625 0.57470703125 998390
-0.22705078125 0.65087890625 0.57470703125 998391
-0.22705078125 0.65087890625 0.57470703125 998392
-0.22705078125 0.65087890625 0.57470703125 998393
-0.22705078125 0.65087890625 0.57470703125 998394
-0.328125 0.54541015625 0.37548828125 998493
-0.328125 0.54541015625 0.37548828125 998494
-0.328125 0.54541015625 0.37548828125 998495
-0.328125 0.54541015625 0.37548828125 998496
-0.328125 0.54541015625 0.37548828125 998498
-0.3125 0.4912109375 0.38671875 998595
-0.3125 0.4912109375 0.38671875 998596
-0.3125 0.4912109375 0.38671875 998597
-0.3125 0.4912109375 0.38671875 998598
-0.3125 0.4912109375 0.38671875 998599
-0.23486328125 0.423828125 0.501953125 998673
-0.22802734375 0.5771484375 0.69384765625 998784
-0.22802734375 0.5771484375 0.69384765625 998786
-0.22802734375 0.5771484375 0.69384765625 998787
-0.22802734375 0.5771484375 0.69384765625 998788
-0.22802734375 0.5771484375 0.69384765625 998789
-0.37646484375 0.7138671875 0.57861328125 998887
-0.37646484375 0.7138671875 0.57861328125 998888
-0.37646484375 0.7138671875 0.57861328125 998889
-0.37646484375 0.7138671875 0.57861328125 998890
-0.37646484375 0.7138671875 0.57861328125 998891
-0.46435546875 0.8583984375 0.5615234375 998990
-0.46435546875 0.8583984375 0.5615234375 998991
-0.46435546875 0.8583984375 0.5615234375 998992
-0.46435546875 0.8583984375 0.5615234375 999016
-0.388671875 0.73193359375 0.48193359375 999094
-0.388671875 0.73193359375 0.48193359375 999095
-0.388671875 0.73193359375 0.48193359375 999096
-0.388671875 0.73193359375 0.48193359375 999097
-0.388671875 0.73193359375 0.48193359375 999099
-0.3115234375 0.76416015625 0.548828125 999196
-0.3115234375 0.76416015625 0.548828125 999215
-0.3115234375 0.76416015625 0.548828125 999216
-0.3115234375 0.76416015625 0.548828125 999218
-0.3115234375 0.76416015625 0.548828125 999219
-0.30078125 0.77099609375 0.54150390625 999276
-0.21630859375 0.705078125 0.5849609375 999386
-0.21630859375 0.705078125 0.5849609375 999387
-0.21630859375 0.705078125 0.5849609375 999388
-0.21630859375 0.705078125 0.5849609375 999389
-0.21630859375 0.705078125 0.5849609375 999390
-0.18212890625 0.66162109375 0.59375 999490
-0.18212890625 0.66162109375 0.59375 999492
-0.18212890625 0.66162109375 0.59375 999492
-0.18212890625 0.66162109375 0.59375 999493
-0.18212890625 0.66162109375 0.59375 999494
-0.17041015625 0.6982421875 0.6240234375 999591
-0.17041015625 0.6982421875 0.6240234375 999592
-0.17041015625 0.6982421875 0.6240234375 999593
-0.17041015625 0.6982421875 0.6240234375 999593
-0.17041015625 0.6982421875 0.6240234375 999594
-0.1484375 0.67529296875 0.61328125 999674
-0.107421875 0.671875 0.64453125 999786
-0.107421875 0.671875 0.64453125 999788
-0.107421875 0.671875 0.64453125 999791
-0.107421875 0.671875 0.64453125 999791
-0.107421875 0.671875 0.64453125 999791
-0.0654296875 0.6611328125 0.6826171875 999888
-0.0654296875 0.6611328125 0.6826171875 999889
-0.0654296875 0.6611328125 0.6826171875 999890
0.0107421875 0.60498046875 0.71142578125 999990
0.0107421875 0.60498046875 0.71142578125 999991
0.0107421875 0.60498046875 0.71142578125 999992
0.0107421875 0.60498046875 0.71142578125 999993
0.0107421875 0.60498046875 0.71142578125 999993
0.07421875 0.5830078125 0.75732421875 1000092
0.07421875 0.5830078125 0.75732421875 1000093
0.07421875 0.5830078125 0.75732421875 1000094
0.07421875 0.5830078125 0.75732421875 1000095
0.07421875 0.5830078125 0.75732421875 1000097
0.10595703125 0.56884765625 0.7841796875 1000196
0.10595703125 0.56884765625 0.7841796875 1000197
0.10595703125 0.56884765625 0.7841796875 1000198
0.10595703125 0.56884765625 0.7841796875 1000199
0.10595703125 0.56884765625 0.7841796875 1000200
0.15185546875 0.53955078125 0.81103515625 1000274
0.17138671875 0.5390625 0.84912109375 1000385
0.17138671875 0.5390625 0.84912109375 1000386
0.17138671875 0.5390625 0.84912109375 1000387
0.17138671875 0.5390625 0.84912109375 1000389
0.17138671875 0.5390625 0.84912109375 1000390
0.22119140625 0.4931640625 0.89013671875 1000487
0.22119140625 0.4931640625 0.89013671875 1000488
0.22119140625 0.4931640625 0.89013671875 1000489
0.22119140625 0.4931640625 0.89013671875 1000490
0.22119140625 0.4931640625 0.89013671875 1000511
0.21728515625 0.4443359375 0.87353515625 1000590
0.21728515625 0.4443359375 0.87353515625 1000591
0.21728515625 0.4443359375 0.87353515625 1000592
0.21728515625 0.4443359375 0.87353515625 1000593
0.21728515625 0.4443359375 0.87353515625 1000594
0.2109375 0.41259765625 0.84326171875 1000693
0.2109375 0.41259765625 0.84326171875 1000694
0.2109375 0.41259765625 0.84326171875 1000695
0.2109375 0.41259765625 0.84326171875 1000696
0.2109375 0.41259765625 0.84326171875 1000697
0.22216796875 0.3701171875 0.83740234375 1000795
0.22216796875 0.3701171875 0.83740234375 1000796
0.22216796875 0.3701171875 0.83740234375 1000797
0.22216796875 0.3701171875 0.83740234375 1000798
0.22216796875 0.3701171875 0.83740234375 1000799
0.19189453125 0.37939453125 0.8232421875 1000897
0.19189453125 0.37939453125 0.8232421875 1000898
0.19189453125 0.37939453125 0.8232421875 1000899
0.19189453125 0.37939453125 0.8232421875 1000901
0.19189453125 0.37939453125 0.8232421875 1000902
0.2373046875 0.35546875 0.8466796875 1000976
0.1953125 0.3505859375 0.80712890625 1001087
0.1953125 0.3505859375 0.80712890625 1001088
0.1953125 0.3505859375 0.80712890625 1001089
0.1953125 0.3505859375 0.80712890625 1001090
0.1953125 0.3505859375 0.80712890625 1001092
0.15625 0.3818359375 0.80615234375 1001189
0.15625 0.3818359375 0.80615234375 1001190
0.15625 0.3818359375 0.80615234375 1001191
0.15625 0.3818359375 0.80615234375 1001192
0.15625 0.3818359375 0.80615234375 1001193
0.1103515625 0.5009765625 0.82275390625 1001293
0.1103515625 0.5009765625 0.82275390625 1001295
0.1103515625 0.5009765625 0.82275390625 1001296
0.1103515625 0.5009765625 0.82275390625 1001297
0.1103515625 0.5009765625 0.82275390625 1001298
0.02001953125 0.5322265625 0.75244140625 1001397
0.02001953125 0.5322265625 0.75244140625 1001398
0.02001953125 0.5322265625 0.75244140625 1001399
0.02001953125 0.5322265625 0.75244140625 1001401
0.02001953125 0.5322265625 0.75244140625 1001402
-0.02197265625 0.50830078125 0.71435546875 1001521
-0.02197265625 0.50830078125 0.71435546875 1001522
-0.02197265625 0.50830078125 0.71435546875 1001523
-0.02197265625 0.50830078125 0.71435546875 1001524
-0.02197265625 0.50830078125 0.71435546875 1001525
-0.22509765625 0.63720703125 0.51123046875 1001587
-0.203125 0.45263671875 0.4189453125 1001691
-0.203125 0.45263671875 0.4189453125 1001692
-0.203125 0.45263671875 0.4189453125 1001694
-0.203125 0.45263671875 0.4189453125 1001695
-0.203125 0.45263671875 0.4189453125 1001696
0.00439453125 0.3046875 0.57958984375 1001793
0.00439453125 0.3046875 0.57958984375 1001794
0.00439453125 0.3046875 0.57958984375 1001795
0.00439453125 0.3046875 0.57958984375 1001796
0.0341796875 0.36328125 0.7705078125 1001896
0.0341796875 0.36328125 0.7705078125 1001897
0.0341796875 0.36328125 0.7705078125 1001899
0.0341796875 0.36328125 0.7705078125 1001900
0.0341796875 0.36328125 0.7705078125 1001901
-0.0625 0.60986328125 0.98486328125 1002006
-0.0625 0.60986328125 0.98486328125 1002007
-0.0625 0.60986328125 0.98486328125 1002009
-0.0625 0.60986328125 0.98486328125 1002010
-0.0625 0.60986328125 0.98486328125 1002011
-0.224609375 0.7333984375 0.77392578125 1002077
-0.18896484375 0.70654296875 0.66162109375 1002188
-0.18896484375 0.70654296875 0.66162109375 1002189
-0.18896484375 0.70654296875 0.66162109375 1002190
-0.18896484375 0.70654296875 0.66162109375 1002193
-0.18896484375 0.70654296875 0.66162109375 1002194
-0.18505859375 0.71923828125 0.64697265625 1002290
-0.18505859375 0.71923828125 0.64697265625 1002291
-0.18505859375 0.71923828125 0.64697265625 1002293
-0.18505859375 0.71923828125 0.64697265625 1002294
-0.18505859375 0.71923828125 0.64697265625 1002295
-0.1796875 0.6962890625 0.59375 1002392
-0.1796875 0.6962890625 0.59375 1002393
-0.1796875 0.6962890625 0.59375 1002394
-0.1796875 0.6962890625 0.59375 1002396
-0.1796875 0.6962890625 0.59375 1002397
-0.15771484375 0.68994140625 0.60546875 1002496
-0.15771484375 0.68994140625 0.60546875 1002497
-0.15771484375 0.68994140625 0.60546875 1002498
-0.15771484375 0.68994140625 0.60546875 1002499
-0.15771484375 0.68994140625 0.60546875 1002500
-0.15966796875 0.68701171875 0.60205078125 1002598
-0.15966796875 0.68701171875 0.60205078125 1002599
-0.15966796875 0.68701171875 0.60205078125 1002603
-0.15966796875 0.68701171875 0.60205078125 1002604
-0.15966796875 0.68701171875 0.60205078125 1002605
-0.1416015625 0.69921875 0.64111328125 1002677
-0.10791015625 0.6728515625 0.64453125 1002878
-0.10791015625 0.6728515625 0.64453125 1002879
-0.10791015625 0.6728515625 0.64453125 1002918
-0.10791015625 0.6728515625 0.64453125 1002920
-0.10791015625 0.6728515625 0.64453125 1002921
-0.09521484375 0.68408203125 0.662109375 1003071
-0.09521484375 0.68408203125 0.662109375 1003073
-0.09521484375 0.68408203125 0.662109375 1003074
-0.09521484375 0.68408203125 0.662109375 1003075
-0.09521484375 0.68408203125 0.662109375 1003076
-0.06982421875 0.68701171875 0.6279296875 1003076
0.01904296875 0.61962890625 0.7099609375 1003088
0.08154296875 0.56982421875 0.7734375 1003183
0.08154296875 0.56982421875 0.7734375 1003196
0.08154296875 0.56982421875 0.7734375 1003197
0.08154296875 0.56982421875 0.7734375 1003198
0.08154296875 0.56982421875 0.7734375 1003199
0.09228515625 0.54296875 0.76025390625 1003298
0.09228515625 0.54296875 0.76025390625 1003299
0.09228515625 0.54296875 0.76025390625 1003300
0.09228515625 0.54296875 0.76025390625 1003301
0.09228515625 0.54296875 0.76025390625 1003302
0.0947265625 0.5517578125 0.79443359375 1003400
0.0947265625 0.5517578125 0.79443359375 1003401
0.0947265625 0.5517578125 0.79443359375 1003402
0.0947265625 0.5517578125 0.79443359375 1003403
0.0947265625 0.5517578125 0.79443359375 1003404
0.138671875 0.513671875 0.79736328125 1003478
0.1689453125 0.4990234375 0.8310546875 1003589
0.1689453125 0.4990234375 0.8310546875 1003590
0.1689453125 0.4990234375 0.8310546875 1003591
0.1689453125 0.4990234375 0.8310546875 1003592
0.1689453125 0.4990234375 0.8310546875 1003593
0.17236328125 0.47412109375 0.82666015625 1003694
0.17236328125 0.47412109375 0.82666015625 1003695
0.17236328125 0.47412109375 0.82666015625 1003696
0.17236328125 0.47412109375 0.82666015625 1003697
0.17236328125 0.47412109375 0.82666015625 1003699
0.2109375 0.4599609375 0.85595703125 1003795
0.2109375 0.4599609375 0.85595703125 1003796
0.2109375 0.4599609375 0.85595703125 1003798
0.2109375 0.4599609375 0.85595703125 1003799
0.2109375 0.4599609375 0.85595703125 1003801
0.22900390625 0.47314453125 0.8994140625 1003897
0.22900390625 0.47314453125 0.8994140625 1003898
0.22900390625 0.47314453125 0.8994140625 1003899
0.22900390625 0.47314453125 0.8994140625 1003900
0.22900390625 0.47314453125 0.8994140625 1003901
0.2265625 0.43310546875 0.88232421875 1004000
0.2265625 0.43310546875 0.88232421875 1004001
0.2265625 0.43310546875 0.88232421875 1004002
0.2265625 0.43310546875 0.88232421875 1004004
0.2265625 0.43310546875 0.88232421875 1004005
0.201171875 0.3798828125 0.837890625 1004078
0.15380859375 0.37646484375 0.79736328125 1004189
0.15380859375 0.37646484375 0.79736328125 1004190
0.15380859375 0.37646484375 0.79736328125 1004191
0.15380859375 0.37646484375 0.79736328125 1004192
0.15380859375 0.37646484375 0.79736328125 1004193
0.13037109375 0.341796875 0.80517578125 1004291
0.13037109375 0.341796875 0.80517578125 1004292
0.13037109375 0.341796875 0.80517578125 1004293
0.13037109375 0.341796875 0.80517578125 1004294
0.13037109375 0.341796875 0.80517578125 1004296
0.111328125 0.3828125 0.81787109375 1004394
0.111328125 0.3828125 0.81787109375 1004395
0.111328125 0.3828125 0.81787109375 1004396
0.111328125 0.3828125 0.81787109375 1004397
0.111328125 0.3828125 0.81787109375 1004398
0.064453125 0.4892578125 0.8076171875 1004496
0.064453125 0.4892578125 0.8076171875 1004503
0.064453125 0.4892578125 0.8076171875 1004530
0.064453125 0.4892578125 0.8076171875 1004531
0.064453125 0.4892578125 0.8076171875 1004533
0.0419921875 0.45361328125 0.7470703125 1004598
0.0419921875 0.45361328125 0.7470703125 1004599
-0.01513671875 0.50341796875 0.70703125 1004681
-0.01513671875 0.50341796875 0.70703125 1004682
-0.01513671875 0.50341796875 0.70703125 1004683
-0.01513671875 0.50341796875 0.70703125 1004685
-0.2783203125 0.533203125 0.36181640625 1004790
-0.2783203125 0.533203125 0.36181640625 1004791
-0.2783203125 0.533203125 0.36181640625 1004792
-0.2783203125 0.533203125 0.36181640625 1004793
-0.2783203125 0.533203125 0.36181640625 1004794
-0.25537109375 0.44482421875 0.41748046875 1004892
-0.25537109375 0.44482421875 0.41748046875 1004893
-0.25537109375 0.44482421875 0.41748046875 1004894
-0.25537109375 0.44482421875 0.41748046875 1004895
-0.25537109375 0.44482421875 0.41748046875 1004896
-0.1640625 0.45849609375 0.59033203125 1004995
-0.1640625 0.45849609375 0.59033203125 1004996
-0.1640625 0.45849609375 0.59033203125 1004997
-0.1640625 0.45849609375 0.59033203125 1004998
-0.1640625 0.45849609375 0.59033203125 1004999
-0.19873046875 0.67529296875 0.77099609375 1005098
-0.19873046875 0.67529296875 0.77099609375 1005102
-0.19873046875 0.67529296875 0.77099609375 1005103
-0.19873046875 0.67529296875 0.77099609375 1005104
-0.19873046875 0.67529296875 0.77099609375 1005105
-0.251953125 0.77099609375 0.78173828125 1005200
-0.251953125 0.77099609375 0.78173828125 1005201
-0.201171875 0.71484375 0.6748046875 1005292
-0.201171875 0.71484375 0.6748046875 1005294
-0.201171875 0.71484375 0.6748046875 1005295
-0.201171875 0.71484375 0.6748046875 1005295
-0.1875 0.76318359375 0.67626953125 1005390
-0.1875 0.76318359375 0.67626953125 1005391
-0.1728515625 0.6787109375 0.62939453125 1005494
-0.1728515625 0.6787109375 0.62939453125 1005495
-0.1728515625 0.6787109375 0.62939453125 1005496
-0.1728515625 0.6787109375 0.62939453125 1005498
-0.1728515625 0.6787109375 0.62939453125 1005499
-0.20947265625 0.673828125 0.5810546875 1005596
-0.20947265625 0.673828125 0.5810546875 1005597
-0.20947265625 0.673828125 0.5810546875 1005598
-0.20947265625 0.673828125 0.5810546875 1005599
-0.20947265625 0.673828125 0.5810546875 1005600
-0.2021484375 0.6845703125 0.5732421875 1005701
-0.2021484375 0.6845703125 0.5732421875 1005702
-0.2021484375 0.6845703125 0.5732421875 1005703
-0.2021484375 0.6845703125 0.5732421875 1005704
-0.2021484375 0.6845703125 0.5732421875 1005705
-0.1865234375 0.69091796875 0.580078125 1005802
-0.1865234375 0.69091796875 0.580078125 1005803
-0.1865234375 0.69091796875 0.580078125 1005804
-0.1865234375 0.69091796875 0.580078125 1005805
-0.1865234375 0.69091796875 0.580078125 1005806
-0.171875 0.69482421875 0.607421875 1005880
-0.15478515625 0.66552734375 0.587890625 1005990
-0.15478515625 0.66552734375 0.587890625 1005991
-0.15478515625 0.66552734375 0.587890625 1005992
-0.15478515625 0.66552734375 0.587890625 1005992
-0.15478515625 0.66552734375 0.587890625 1005993
-0.14501953125 0.68505859375 0.61083984375 1006098
-0.14501953125 0.68505859375 0.61083984375 1006122
-0.14501953125 0.68505859375 0.61083984375 1006123
-0.14501953125 0.68505859375 0.61083984375 1006124
-0.14501953125 0.68505859375 0.61083984375 1006125
-0.119140625 0.69091796875 0.61767578125 1006202
-0.119140625 0.69091796875 0.61767578125 1006203
-0.10595703125 0.7158203125 0.68017578125 1006279
-0.10595703125 0.7158203125 0.68017578125 1006280
-0.10595703125 0.7158203125 0.68017578125 1006281
-0.10595703125 0.7158203125 0.68017578125 1006283
-0.07861328125 0.6591796875 0.630859375 1006390
-0.07861328125 0.6591796875 0.630859375 1006391
-0.07861328125 0.6591796875 0.630859375 1006392
-0.07861328125 0.6591796875 0.630859375 1006393
-0.07861328125 0.6591796875 0.630859375 1006394
-0.009765625 0.66162109375 0.71435546875 1006492
-0.009765625 0.66162109375 0.71435546875 1006493
-0.009765625 0.66162109375 0.71435546875 1006494
-0.009765625 0.66162109375 0.71435546875 1006496
-0.009765625 0.66162109375 0.71435546875 1006497
0.04833984375 0.6044921875 0.751953125 1006595
0.04833984375 0.6044921875 0.751953125 1006596
0.04833984375 0.6044921875 0.751953125 1006597
0.04833984375 0.6044921875 0.751953125 1006598
0.04833984375 0.6044921875 0.751953125 1006599
0.0966796875 0.552734375 0.7626953125 1006699
0.0966796875 0.552734375 0.7626953125 1006700
0.0966796875 0.552734375 0.7626953125 1006701
0.0966796875 0.552734375 0.7626953125 1006702
0.0966796875 0.552734375 0.7626953125 1006703
0.21435546875 0.4970703125 0.83935546875 1006798
0.240234375 0.45361328125 0.85400390625 1006902
0.240234375 0.45361328125 0.85400390625 1006903
0.240234375 0.45361328125 0.85400390625 1006904
0.240234375 0.45361328125 0.85400390625 1006905
0.240234375 0.45361328125 0.85400390625 1006905
0.24072265625 0.439453125 0.8623046875 1006981
0.25439453125 0.47216796875 0.92724609375 1007091
0.25439453125 0.47216796875 0.92724609375 1007092
0.25439453125 0.47216796875 0.92724609375 1007093
0.25439453125 0.47216796875 0.92724609375 1007094
0.25439453125 0.47216796875 0.92724609375 1007095
0.2138671875 0.42333984375 0.89013671875 1007194
0.2138671875 0.42333984375 0.89013671875 1007195
0.2138671875 0.42333984375 0.89013671875 1007196
0.2138671875 0.42333984375 0.89013671875 1007196
0.2138671875 0.42333984375 0.89013671875 1007197
0.16943359375 0.396484375 0.85595703125 1007296
0.16943359375 0.396484375 0.85595703125 1007297
0.16943359375 0.396484375 0.85595703125 1007298
0.16943359375 0.396484375 0.85595703125 1007299
0.16943359375 0.396484375 0.85595703125 1007300
0.1708984375 0.353515625 0.798828125 1007399
0.1708984375 0.353515625 0.798828125 1007400
0.1708984375 0.353515625 0.798828125 1007401
0.1708984375 0.353515625 0.798828125 1007402
0.1708984375 0.353515625 0.798828125 1007403
0.11376953125 0.3505859375 0.76416015625 1007501
0.11376953125 0.3505859375 0.76416015625 1007502
0.11376953125 0.3505859375 0.76416015625 1007503
0.11376953125 0.3505859375 0.76416015625 1007506
0.11376953125 0.3505859375 0.76416015625 1007508
0.041015625 0.439453125 0.7626953125 1007579
-0.0400390625 0.64306640625 0.7900390625 1007679
-0.0400390625 0.64306640625 0.7900390625 1007680
-0.0400390625 0.64306640625 0.7900390625 1007682
-0.0400390625 0.64306640625 0.7900390625 1007683
-0.0400390625 0.64306640625 0.7900390625 1007684
-0.0419921875 0.48583984375 0.69677734375 1007791
-0.0419921875 0.48583984375 0.69677734375 1007792
-0.0419921875 0.48583984375 0.69677734375 1007793
-0.0419921875 0.48583984375 0.69677734375 1007794
-0.0419921875 0.48583984375 0.69677734375 1007795
-0.27880859375 0.61962890625 0.509765625 1007907
-0.27880859375 0.61962890625 0.509765625 1007909
-0.27880859375 0.61962890625 0.509765625 1007909
-0.27880859375 0.61962890625 0.509765625 1007911
-0.27880859375 0.61962890625 0.509765625 1007912
-0.32763671875 0.4951171875 0.302734375 1007993
-0.27978515625 0.27783203125 0.16943359375 1008097
-0.27978515625 0.27783203125 0.16943359375 1008098
-0.27978515625 0.27783203125 0.16943359375 1008100
-0.27978515625 0.27783203125 0.16943359375 1008101
-0.27978515625 0.27783203125 0.16943359375 1008102
-0.0400390625 0.40234375 0.75732421875 1008199
-0.0400390625 0.40234375 0.75732421875 1008202
-0.0400390625 0.40234375 0.75732421875 1008203
-0.0400390625 0.40234375 0.75732421875 1008204
-0.0400390625 0.40234375 0.75732421875 1008205
0.0068359375 0.6162109375 0.99755859375 1008302
0.0068359375 0.6162109375 0.99755859375 1008303
0.0068359375 0.6162109375 0.99755859375 1008305
0.0068359375 0.6162109375 0.99755859375 1008306
0.0068359375 0.6162109375 0.99755859375 1008307
-0.07177734375 0.705078125 0.92919921875 1008380
-0.02587890625 0.666015625 0.806640625 1008493
-0.02587890625 0.666015625 0.806640625 1008494
-0.02587890625 0.666015625 0.806640625 1008495
-0.02587890625 0.666015625 0.806640625 1008497
-0.02587890625 0.666015625 0.806640625 1008498
-0.08740234375 0.7158203125 0.6875 1008595
-0.08740234375 0.7158203125 0.6875 1008596
-0.08740234375 0.7158203125 0.6875 1008597
-0.08740234375 0.7158203125 0.6875 1008598
-0.08740234375 0.7158203125 0.6875 1008599
-0.0703125 0.6728515625 0.64111328125 1008697
-0.0703125 0.6728515625 0.64111328125 1008698
-0.0703125 0.6728515625 0.64111328125 1008699
-0.0703125 0.6728515625 0.64111328125 1008700
-0.0703125 0.6728515625 0.64111328125 1008701
-0.0625 0.67919921875 0.66650390625 1008800
-0.0625 0.67919921875 0.66650390625 1008804
-0.0625 0.67919921875 0.66650390625 1008805
-0.0625 0.67919921875 0.66650390625 1008806
-0.0625 0.67919921875 0.66650390625 1008807
-0.06298828125 0.658203125 0.6416015625 1008903
-0.06298828125 0.658203125 0.6416015625 1008904
-0.05224609375 0.66845703125 0.685546875 1008983
-0.05224609375 0.66845703125 0.685546875 1008985
-0.05224609375 0.66845703125 0.685546875 1008986
-0.05224609375 0.66845703125 0.685546875 1008987
-0.03515625 0.666015625 0.67626953125 1009095
-0.03515625 0.666015625 0.67626953125 1009096
-0.03515625 0.666015625 0.67626953125 1009097
-0.03515625 0.666015625 0.67626953125 1009098
-0.03515625 0.666015625 0.67626953125 1009098
-0.0400390625 0.6591796875 0.64794921875 1009198
-0.0400390625 0.6591796875 0.64794921875 1009199
-0.0400390625 0.6591796875 0.64794921875 1009200
-0.0400390625 0.6591796875 0.64794921875 1009201
-0.0400390625 0.6591796875 0.64794921875 1009202
-0.02294921875 0.66650390625 0.68359375 1009300
-0.02294921875 0.66650390625 0.68359375 1009301
-0.02294921875 0.66650390625 0.68359375 1009302
-0.02294921875 0.66650390625 0.68359375 1009303
-0.02294921875 0.66650390625 0.68359375 1009304
-0.04736328125 0.6884765625 0.65625 1009402
-0.04736328125 0.6884765625 0.65625 1009403
-0.04736328125 0.6884765625 0.65625 1009404
-0.04736328125 0.6884765625 0.65625 1009404
-0.04736328125 0.6884765625 0.65625 1009405
-0.02880859375 0.6748046875 0.6640625 1009504
-0.02880859375 0.6748046875 0.6640625 1009505
-0.02880859375 0.6748046875 0.6640625 1009506
-0.02880859375 0.6748046875 0.6640625 1009507
-0.02880859375 0.6748046875 0.6640625 1009508
-0.00048828125 0.6484375 0.7060546875 1009593
0.02197265625 0.611328125 0.7099609375 1009695
0.02197265625 0.611328125 0.7099609375 1009696
0.02197265625 0.611328125 0.7099609375 1009697
0.02197265625 0.611328125 0.7099609375 1009698
0.02197265625 0.611328125 0.7099609375 1009699
0.044921875 0.6123046875 0.74658203125 1009797
0.044921875 0.6123046875 0.74658203125 1009798
0.044921875 0.6123046875 0.74658203125 1009799
0.044921875 0.6123046875 0.74658203125 1009800
0.044921875 0.6123046875 0.74658203125 1009801
0.08447265625 0.57177734375 0.76611328125 1009901
0.08447265625 0.57177734375 0.76611328125 1009902
0.08447265625 0.57177734375 0.76611328125 1009903
0.08447265625 0.57177734375 0.76611328125 1009904
0.08447265625 0.57177734375 0.76611328125 1009905
0.09765625 0.55908203125 0.79541015625 1010004
0.09765625 0.55908203125 0.79541015625 1010005
0.09765625 0.55908203125 0.79541015625 1010006
0.09765625 0.55908203125 0.79541015625 1010007
0.09765625 0.55908203125 0.79541015625 1010008
0.10498046875 0.54345703125 0.79736328125 1010084
0.12109375 0.5458984375 0.833984375 1010194
0.12109375 0.5458984375 0.833984375 1010195
0.12109375 0.5458984375 0.833984375 1010196
0.12109375 0.5458984375 0.833984375 1010197
0.12109375 0.5458984375 0.833984375 1010198
0.14111328125 0.51318359375 0.86376953125 1010296
0.14111328125 0.51318359375 0.86376953125 1010297
0.14111328125 0.51318359375 0.86376953125 1010299
0.14111328125 0.51318359375 0.86376953125 1010300
0.14111328125 0.51318359375 0.86376953125 1010301
0.1689453125 0.47265625 0.86767578125 1010399
0.1689453125 0.47265625 0.86767578125 1010400
0.1689453125 0.47265625 0.86767578125 1010401
0.1689453125 0.47265625 0.86767578125 1010402
0.1689453125 0.47265625 0.86767578125 1010425
0.17236328125 0.43359375 0.8544921875 1010501
0.17236328125 0.43359375 0.8544921875 1010502
0.17236328125 0.43359375 0.8544921875 1010503
0.17236328125 0.43359375 0.8544921875 1010504
0.17236328125 0.43359375 0.8544921875 1010505
0.17041015625 0.3935546875 0.81591796875 1010605
0.17041015625 0.3935546875 0.81591796875 1010606
0.17041015625 0.3935546875 0.81591796875 1010607
0.17041015625 0.3935546875 0.81591796875 1010607
0.17041015625 0.3935546875 0.81591796875 1010608
0.15576171875 0.3837890625 0.77783203125 1010682
0.0849609375 0.45556640625 0.7646484375 1010794
0.0849609375 0.45556640625 0.7646484375 1010795
0.0849609375 0.45556640625 0.7646484375 1010796
0.0849609375 0.45556640625 0.7646484375 1010797
0.0849609375 0.45556640625 0.7646484375 1010797
0.06005859375 0.59375 0.7998046875 1010896
0.06005859375 0.59375 0.7998046875 1010897
0.06005859375 0.59375 0.7998046875 1010898
0.06005859375 0.59375 0.7998046875 1010899
0.06005859375 0.59375 0.7998046875 1010900
-0.017578125 0.51025390625 0.69140625 1010998
-0.017578125 0.51025390625 0.69140625 1010999
-0.017578125 0.51025390625 0.69140625 1011000
-0.017578125 0.51025390625 0.69140625 1011001
-0.017578125 0.51025390625 0.69140625 1011001
-0.24169921875 0.63720703125 0.4990234375 1011107
-0.24169921875 0.63720703125 0.4990234375 1011109
-0.24169921875 0.63720703125 0.4990234375 1011110
-0.24169921875 0.63720703125 0.4990234375 1011127
-0.24169921875 0.63720703125 0.4990234375 1011128
-0.3095703125 0.5712890625 0.33740234375 1011194
-0.0595703125 0.35400390625 0.50146484375 1011296
-0.0595703125 0.35400390625 0.50146484375 1011297
-0.0595703125 0.35400390625 0.50146484375 1011298
-0.0595703125 0.35400390625 0.50146484375 1011299
-0.0595703125 0.35400390625 0.50146484375 1011300
-0.14990234375 0.52294921875 0.74267578125 1011398
-0.14990234375 0.52294921875 0.74267578125 1011399
-0.14990234375 0.52294921875 0.74267578125 1011400
-0.14990234375 0.52294921875 0.74267578125 1011401
-0.14990234375 0.52294921875 0.74267578125 1011402
-0.310546875 0.82421875 0.74658203125 1011501
-0.310546875 0.82421875 0.74658203125 1011502
-0.310546875 0.82421875 0.74658203125 1011503
-0.310546875 0.82421875 0.74658203125 1011504
-0.310546875 0.82421875 0.74658203125 1011505
-0.28125 0.82080078125 0.6611328125 1011605
-0.28125 0.82080078125 0.6611328125 1011648
-0.28125 0.82080078125 0.6611328125 1011651
-0.28125 0.82080078125 0.6611328125 1011652
-0.28125 0.82080078125 0.6611328125 1011653
