-110.16845703125 -178.22265625 44.677734375 850059
-110.16845703125 -178.22265625 44.677734375 850059
3.41796875 -1.46484375 -3.23486328125 850061
3.41796875 -1.46484375 -3.23486328125 850061
3.41796875 -1.46484375 -3.23486328125 850062
3.41796875 -1.46484375 -3.23486328125 850063
2.3193359375 3.5400390625 -3.23486328125 850075
2.3193359375 3.5400390625 -3.23486328125 850182
9.033203125 6.2255859375 -3.5400390625 850183
9.033203125 6.2255859375 -3.5400390625 850185
9.033203125 6.2255859375 -3.5400390625 850186
9.033203125 6.2255859375 -3.5400390625 850187
8.11767578125 3.35693359375 3.11279296875 850262
8.11767578125 3.35693359375 3.11279296875 850376
20.56884765625 4.7607421875 7.2021484375 850377
20.56884765625 4.7607421875 7.2021484375 850378
20.56884765625 4.7607421875 7.2021484375 850379
20.56884765625 4.7607421875 7.2021484375 850380
20.56884765625 4.7607421875 7.2021484375 850483
-8.36181640625 -3.72314453125 5.37109375 850484
-8.36181640625 -3.72314453125 5.37109375 850485
-8.36181640625 -3.72314453125 5.37109375 850486
-8.36181640625 -3.72314453125 5.37109375 850487
-12.3291015625 -8.97216796875 -4.7607421875 850568
-12.3291015625 -8.97216796875 -4.7607421875 850672
-4.39453125 -6.2255859375 -0.18310546875 850673
-4.39453125 -6.2255859375 -0.18310546875 850674
-4.39453125 -6.2255859375 -0.18310546875 850674
-4.39453125 -6.2255859375 -0.18310546875 850675
-4.39453125 -6.2255859375 -0.18310546875 850777
-2.13623046875 -0.54931640625 -4.21142578125 850778
-2.13623046875 -0.54931640625 -4.21142578125 850779
-2.13623046875 -0.54931640625 -4.21142578125 850780
-2.13623046875 -0.54931640625 -4.21142578125 850781
-2.13623046875 -0.54931640625 -4.21142578125 850882
-0.48828125 0 -5.55419921875 850883
-0.48828125 0 -5.55419921875 850884
-0.48828125 0 -5.55419921875 850885
-0.48828125 0 -5.55419921875 850886
-0.48828125 0 -5.55419921875 850985
0.48828125 -2.9296875 -0.30517578125 850986
0.48828125 -2.9296875 -0.30517578125 850987
0.48828125 -2.9296875 -0.30517578125 850987
0.48828125 -2.9296875 -0.30517578125 850988
4.638671875 -4.150390625 -1.46484375 851066
4.638671875 -4.150390625 -1.46484375 851174
0.6103515625 -1.15966796875 -3.2958984375 851175
0.6103515625 -1.15966796875 -3.2958984375 851176
0.6103515625 -1.15966796875 -3.2958984375 851177
0.6103515625 -1.15966796875 -3.2958984375 851178
0.6103515625 -1.15966796875 -3.2958984375 851282
-0.8544921875 1.03759765625 -3.662109375 851283
-0.8544921875 1.03759765625 -3.662109375 851284
-0.8544921875 1.03759765625 -3.662109375 851285
-0.8544921875 1.03759765625 -3.662109375 851286
-0.8544921875 1.03759765625 -3.662109375 851401
3.90625 7.01904296875 -2.62451171875 851403
3.90625 7.01904296875 -2.62451171875 851404
3.90625 7.01904296875 -2.62451171875 851406
3.90625 7.01904296875 -2.62451171875 851407
-0.30517578125 15.07568359375 6.2255859375 851463
-0.30517578125 15.07568359375 6.2255859375 851574
-18.06640625 -2.0751953125 7.32421875 851575
-18.06640625 -2.0751953125 7.32421875 851576
-18.06640625 -2.0751953125 7.32421875 851577
-18.06640625 -2.0751953125 7.32421875 851578
-18.06640625 -2.0751953125 7.32421875 851679
-5.859375 -29.052734375 9.6435546875 851681
-5.859375 -29.052734375 9.6435546875 851682
-5.859375 -29.052734375 9.6435546875 851683
-5.859375 -29.052734375 9.6435546875 851683
11.90185546875 -14.70947265625 4.8828125 851764
11.90185546875 -14.70947265625 4.8828125 851877
5.615234375 -0.79345703125 12.02392578125 851878
5.615234375 -0.79345703125 12.02392578125 851879
5.615234375 -0.79345703125 12.02392578125 851880
5.615234375 -0.79345703125 12.02392578125 851880
5.615234375 -0.79345703125 12.02392578125 851981
22.5830078125 20.263671875 -6.34765625 851982
22.5830078125 20.263671875 -6.34765625 851983
22.5830078125 20.263671875 -6.34765625 851984
22.5830078125 20.263671875 -6.34765625 851985
22.5830078125 20.263671875 -6.34765625 852082
12.63427734375 6.53076171875 4.0283203125 852083
12.63427734375 6.53076171875 4.0283203125 852084
12.63427734375 6.53076171875 4.0283203125 852085
12.63427734375 6.53076171875 4.0283203125 852086
12.63427734375 6.53076171875 4.0283203125 852185
16.357421875 -6.89697265625 4.8828125 852186
16.357421875 -6.89697265625 4.8828125 852187
16.357421875 -6.89697265625 4.8828125 852187
16.357421875 -6.89697265625 4.8828125 852188
16.357421875 -6.89697265625 4.8828125 852290
10.07080078125 -5.06591796875 9.27734375 852292
10.07080078125 -5.06591796875 9.27734375 852293
10.07080078125 -5.06591796875 9.27734375 852294
10.07080078125 -5.06591796875 9.27734375 852295
6.9580078125 -0.18310546875 5.06591796875 852365
6.9580078125 -0.18310546875 5.06591796875 852477
3.60107421875 2.5634765625 4.33349609375 852478
3.60107421875 2.5634765625 4.33349609375 852479
3.60107421875 2.5634765625 4.33349609375 852480
3.60107421875 2.5634765625 4.33349609375 852480
3.60107421875 2.5634765625 4.33349609375 852580
2.38037109375 7.38525390625 1.52587890625 852581
2.38037109375 7.38525390625 1.52587890625 852582
2.38037109375 7.38525390625 1.52587890625 852584
2.38037109375 7.38525390625 1.52587890625 852585
2.38037109375 7.38525390625 1.52587890625 852682
6.7138671875 10.55908203125 -1.40380859375 852683
6.7138671875 10.55908203125 -1.40380859375 852684
6.7138671875 10.55908203125 -1.40380859375 852685
6.7138671875 10.55908203125 -1.40380859375 852686
3.662109375 5.4931640625 0.6103515625 852767
3.662109375 5.4931640625 0.6103515625 852879
-2.0751953125 0.54931640625 -0.9765625 852881
-2.0751953125 0.54931640625 -0.9765625 852882
-2.0751953125 0.54931640625 -0.9765625 852883
-2.0751953125 0.54931640625 -0.9765625 852884
-2.0751953125 0.54931640625 -0.9765625 852981
-0.732421875 2.9296875 -2.5634765625 852982
-0.732421875 2.9296875 -2.5634765625 852983
-0.732421875 2.9296875 -2.5634765625 852984
-0.732421875 2.9296875 -2.5634765625 852985
-0.732421875 2.9296875 -2.5634765625 853083
1.953125 -0.6103515625 -1.89208984375 853084
1.953125 -0.6103515625 -1.89208984375 853085
1.953125 -0.6103515625 -1.89208984375 853086
1.953125 -0.6103515625 -1.89208984375 853087
1.953125 -0.6103515625 -1.89208984375 853188
-0.732421875 -2.0751953125 -3.90625 853190
-0.732421875 -2.0751953125 -3.90625 853191
-0.732421875 -2.0751953125 -3.90625 853192
-0.732421875 -2.0751953125 -3.90625 853193
-3.72314453125 3.60107421875 -5.126953125 853265
-3.72314453125 3.60107421875 -5.126953125 853376
-5.615234375 0.30517578125 -5.9814453125 853377
-5.615234375 0.30517578125 -5.9814453125 853378
-5.615234375 0.30517578125 -5.9814453125 853379
-5.615234375 0.30517578125 -5.9814453125 853380
-5.615234375 0.30517578125 -5.9814453125 853482
1.0986328125 -2.9296875 1.52587890625 853483
1.0986328125 -2.9296875 1.52587890625 853484
1.0986328125 -2.9296875 1.52587890625 853484
1.0986328125 -2.9296875 1.52587890625 853485
0.54931640625 1.3427734375 0.3662109375 853580
0.54931640625 1.3427734375 0.3662109375 853698
-0.732421875 1.46484375 -1.52587890625 853699
-0.732421875 1.46484375 -1.52587890625 853701
-0.732421875 1.46484375 -1.52587890625 853701
-0.732421875 1.46484375 -1.52587890625 853702
-3.35693359375 1.77001953125 -0.6103515625 853786
-3.35693359375 1.77001953125 -0.6103515625 853888
-7.4462890625 7.50732421875 1.0986328125 853889
-7.4462890625 7.50732421875 1.0986328125 853890
-7.4462890625 7.50732421875 1.0986328125 853891
-7.4462890625 7.50732421875 1.0986328125 853892
-7.32421875 26.18408203125 4.21142578125 853965
-7.32421875 26.18408203125 4.21142578125 854077
23.86474609375 48.095703125 10.92529296875 854095
23.86474609375 48.095703125 10.92529296875 854097
23.86474609375 48.095703125 10.92529296875 854098
23.86474609375 48.095703125 10.92529296875 854099
23.86474609375 48.095703125 10.92529296875 854180
61.09619140625 100.2197265625 2.685546875 854181
61.09619140625 100.2197265625 2.685546875 854282
107.177734375 191.650390625 -8.7890625 854283
107.177734375 191.650390625 -8.7890625 854283
107.177734375 191.650390625 -8.7890625 854284
107.177734375 191.650390625 -8.7890625 854285
107.177734375 191.650390625 -8.7890625 854384
47.8515625 178.77197265625 24.10888671875 854386
47.8515625 178.77197265625 24.10888671875 854387
47.8515625 178.77197265625 24.10888671875 854388
47.8515625 178.77197265625 24.10888671875 854389
47.8515625 178.77197265625 24.10888671875 854487
-2.5634765625 79.2236328125 30.45654296875 854488
-2.5634765625 79.2236328125 30.45654296875 854488
-2.5634765625 79.2236328125 30.45654296875 854489
-2.5634765625 79.2236328125 30.45654296875 854490
-19.10400390625 -21.42333984375 29.541015625 854569
-19.10400390625 -21.42333984375 29.541015625 854681
-40.771484375 -111.6943359375 33.8134765625 854682
-40.771484375 -111.6943359375 33.8134765625 854683
-40.771484375 -111.6943359375 33.8134765625 854684
-40.771484375 -111.6943359375 33.8134765625 854685
-75.01220703125 -152.83203125 22.5830078125 854774
-75.01220703125 -152.83203125 22.5830078125 854877
-90.02685546875 -139.2822265625 28.3203125 854893
-90.02685546875 -139.2822265625 28.3203125 854894
-90.02685546875 -139.2822265625 28.3203125 854896
-90.02685546875 -139.2822265625 28.3203125 854897
-90.02685546875 -139.2822265625 28.3203125 854982
-53.7109375 -44.921875 -0.91552734375 854983
-53.7109375 -44.921875 -0.91552734375 855082
-56.0302734375 -10.31494140625 -3.5400390625 855083
-56.0302734375 -10.31494140625 -3.5400390625 855084
-56.0302734375 -10.31494140625 -3.5400390625 855084
-56.0302734375 -10.31494140625 -3.5400390625 855085
-56.0302734375 -10.31494140625 -3.5400390625 855184
-2.0751953125 10.8642578125 -11.23046875 855185
-2.0751953125 10.8642578125 -11.23046875 855186
-2.0751953125 10.8642578125 -11.23046875 855186
-2.0751953125 10.8642578125 -11.23046875 855187
-2.0751953125 10.8642578125 -11.23046875 855289
2.685546875 -6.65283203125 2.99072265625 855290
2.685546875 -6.65283203125 2.99072265625 855291
2.685546875 -6.65283203125 2.99072265625 855292
2.685546875 -6.65283203125 2.99072265625 855293
2.685546875 -6.65283203125 2.99072265625 855389
-6.28662109375 0 -2.685546875 855390
-6.28662109375 0 -2.685546875 855391
-6.28662109375 0 -2.685546875 855392
-6.28662109375 0 -2.685546875 855393
-5.2490234375 -3.35693359375 -4.82177734375 855471
-5.2490234375 -3.35693359375 -4.82177734375 855589
5.615234375 3.72314453125 -7.38525390625 855590
5.615234375 3.72314453125 -7.38525390625 855591
5.615234375 3.72314453125 -7.38525390625 855592
5.615234375 3.72314453125 -7.38525390625 855593
-1.28173828125 12.87841796875 -14.404296875 855687
-1.28173828125 12.87841796875 -14.404296875 855790
-10.25390625 6.40869140625 -8.6669921875 855791
-10.25390625 6.40869140625 -8.6669921875 855792
-10.25390625 6.40869140625 -8.6669921875 855792
-10.25390625 6.40869140625 -8.6669921875 855794
-7.9345703125 -3.662109375 -2.50244140625 855880
-7.9345703125 -3.662109375 -2.50244140625 855968
-3.11279296875 -11.5966796875 -2.44140625 855970
-3.11279296875 -11.5966796875 -2.44140625 855971
-3.11279296875 -11.5966796875 -2.44140625 855972
-3.11279296875 -11.5966796875 -2.44140625 855973
-3.11279296875 -11.5966796875 -2.44140625 856080
-6.65283203125 -10.6201171875 -3.90625 856081
-6.65283203125 -10.6201171875 -3.90625 856082
-6.65283203125 -10.6201171875 -3.90625 856083
-6.65283203125 -10.6201171875 -3.90625 856083
-6.65283203125 -10.6201171875 -3.90625 856183
0.79345703125 -5.92041015625 -8.36181640625 856205
0.79345703125 -5.92041015625 -8.36181640625 856206
0.79345703125 -5.92041015625 -8.36181640625 856208
0.79345703125 -5.92041015625 -8.36181640625 856209
0.79345703125 -5.92041015625 -8.36181640625 856284
-2.50244140625 2.3193359375 -6.9580078125 856285
-2.50244140625 2.3193359375 -6.9580078125 856387
-3.84521484375 1.5869140625 -1.953125 856388
-3.84521484375 1.5869140625 -1.953125 856389
-3.84521484375 1.5869140625 -1.953125 856390
-3.84521484375 1.5869140625 -1.953125 856391
-3.84521484375 1.5869140625 -1.953125 856505
-3.96728515625 -0.06103515625 -1.89208984375 856507
-3.96728515625 -0.06103515625 -1.89208984375 856508
-3.96728515625 -0.06103515625 -1.89208984375 856509
-3.96728515625 -0.06103515625 -1.89208984375 856510
-3.2958984375 0.30517578125 -4.69970703125 856568
-3.2958984375 0.30517578125 -4.69970703125 856670
0 1.28173828125 -6.34765625 856671
0 1.28173828125 -6.34765625 856672
0 1.28173828125 -6.34765625 856673
0 1.28173828125 -6.34765625 856674
0 1.28173828125 -6.34765625 856779
0.79345703125 2.13623046875 -5.37109375 856780
0.79345703125 2.13623046875 -5.37109375 856781
0.79345703125 2.13623046875 -5.37109375 856782
0.79345703125 2.13623046875 -5.37109375 856784
0.79345703125 2.13623046875 -5.37109375 856882
1.708984375 1.64794921875 -3.47900390625 856883
1.708984375 1.64794921875 -3.47900390625 856884
1.708984375 1.64794921875 -3.47900390625 856885
1.708984375 1.64794921875 -3.47900390625 856886
-0.244140625 0.30517578125 -0.67138671875 856984
-0.244140625 0.30517578125 -0.67138671875 856986
-0.244140625 0.30517578125 -0.67138671875 856987
-0.244140625 0.30517578125 -0.67138671875 856988
-0.244140625 0.30517578125 -0.67138671875 857094
-1.64794921875 2.197265625 -1.708984375 857095
-1.64794921875 2.197265625 -1.708984375 857103
-1.64794921875 2.197265625 -1.708984375 857104
-1.64794921875 2.197265625 -1.708984375 857105
0.1220703125 0.1220703125 -1.03759765625 857191
0.1220703125 0.1220703125 -1.03759765625 857268
0.1220703125 0.18310546875 -2.38037109375 857269
0.1220703125 0.18310546875 -2.38037109375 857270
0.1220703125 0.18310546875 -2.38037109375 857271
0.1220703125 0.18310546875 -2.38037109375 857271
0.1220703125 0.18310546875 -2.38037109375 857383
-2.01416015625 2.44140625 -3.84521484375 857384
-2.01416015625 2.44140625 -3.84521484375 857385
-2.01416015625 2.44140625 -3.84521484375 857387
-2.01416015625 2.44140625 -3.84521484375 857388
-1.3427734375 0.54931640625 -1.64794921875 857482
-1.3427734375 0.54931640625 -1.64794921875 857584
0.6103515625 0.6103515625 -2.3193359375 857585
0.6103515625 0.6103515625 -2.3193359375 857586
0.6103515625 0.6103515625 -2.3193359375 857586
0.6103515625 0.6103515625 -2.3193359375 857587
0.6103515625 0.6103515625 -2.3193359375 857700
-1.220703125 0.8544921875 -1.5869140625 857709
-1.220703125 0.8544921875 -1.5869140625 857710
-1.220703125 0.8544921875 -1.5869140625 857711
-1.220703125 0.8544921875 -1.5869140625 857712
-1.220703125 0.8544921875 -1.5869140625 857800
-1.46484375 -0.91552734375 -2.13623046875 857802
-2.13623046875 -0.18310546875 -3.60107421875 857887
-2.13623046875 -0.18310546875 -3.60107421875 857888
-2.13623046875 -0.18310546875 -3.60107421875 857889
-2.13623046875 -0.18310546875 -3.60107421875 857889
-2.13623046875 -0.18310546875 -3.60107421875 858024
1.46484375 0.06103515625 -2.3193359375 858025
1.46484375 0.06103515625 -2.3193359375 858026
1.46484375 0.06103515625 -2.3193359375 858027
1.46484375 0.06103515625 -2.3193359375 858027
-0.91552734375 0.6103515625 -2.9296875 858068
-0.91552734375 0.6103515625 -2.9296875 858180
-1.77001953125 0.91552734375 -2.44140625 858181
-1.77001953125 0.91552734375 -2.44140625 858182
-1.77001953125 0.91552734375 -2.44140625 858183
-1.77001953125 0.91552734375 -2.44140625 858184
-1.77001953125 0.91552734375 -2.44140625 858285
-0.244140625 0.91552734375 -2.01416015625 858286
-0.244140625 0.91552734375 -2.01416015625 858287
-0.244140625 0.91552734375 -2.01416015625 858289
-0.244140625 0.91552734375 -2.01416015625 858290
-0.244140625 1.46484375 -3.662109375 858384
-0.244140625 1.46484375 -3.662109375 858502
-1.89208984375 -0.3662109375 -1.5869140625 858503
-1.89208984375 -0.3662109375 -1.5869140625 858504
-1.89208984375 -0.3662109375 -1.5869140625 858505
-1.89208984375 -0.3662109375 -1.5869140625 858506
-0.30517578125 0.8544921875 -2.38037109375 858594
-0.30517578125 0.8544921875 -2.38037109375 858674
-0.91552734375 0 -3.11279296875 858675
-0.91552734375 0 -3.11279296875 858676
-0.91552734375 0 -3.11279296875 858678
-0.91552734375 0 -3.11279296875 858679
-0.91552734375 0 -3.11279296875 858777
-1.0986328125 0.79345703125 -2.5634765625 858778
-1.0986328125 0.79345703125 -2.5634765625 858779
-1.0986328125 0.79345703125 -2.5634765625 858780
-1.0986328125 0.79345703125 -2.5634765625 858781
-1.0986328125 0.79345703125 -2.5634765625 858883
-0.1220703125 0.6103515625 -2.74658203125 858885
-0.1220703125 0.6103515625 -2.74658203125 858886
-0.1220703125 0.6103515625 -2.74658203125 858887
-0.1220703125 0.6103515625 -2.74658203125 858888
-0.1220703125 0.6103515625 -2.74658203125 858986
-0.67138671875 1.15966796875 -1.52587890625 859004
-0.67138671875 1.15966796875 -1.52587890625 859005
-0.67138671875 1.15966796875 -1.52587890625 859006
-0.67138671875 1.15966796875 -1.52587890625 859007
-2.74658203125 0.8544921875 -3.41796875 859084
-2.74658203125 0.8544921875 -3.41796875 859192
-1.220703125 0.67138671875 -3.7841796875 859193
-1.220703125 0.67138671875 -3.7841796875 859194
-1.220703125 0.67138671875 -3.7841796875 859195
-1.220703125 0.67138671875 -3.7841796875 859196
-1.64794921875 1.28173828125 -2.5634765625 859270
-1.64794921875 1.28173828125 -2.5634765625 859381
-4.0283203125 0 -2.685546875 859382
-4.0283203125 0 -2.685546875 859383
-4.0283203125 0 -2.685546875 859384
-4.0283203125 0 -2.685546875 859385
-4.0283203125 0 -2.685546875 859483
-0.732421875 0.30517578125 -2.8076171875 859484
-0.732421875 0.30517578125 -2.8076171875 859487
-0.732421875 0.30517578125 -2.8076171875 859489
-0.732421875 0.30517578125 -2.8076171875 859498
-0.732421875 0.30517578125 -2.8076171875 859586
-2.0751953125 0 -2.44140625 859587
-2.0751953125 0 -2.44140625 859588
-2.0751953125 0 -2.44140625 859589
-2.0751953125 0 -2.44140625 859692
-1.64794921875 0.30517578125 -1.46484375 859693
-1.64794921875 0.30517578125 -1.46484375 859694
-1.64794921875 0.30517578125 -1.46484375 859695
-1.64794921875 0.30517578125 -1.46484375 859696
-0.91552734375 -0.30517578125 -1.03759765625 859787
-0.91552734375 -0.30517578125 -1.03759765625 859881
-0.3662109375 0.6103515625 -1.46484375 859882
-0.3662109375 0.6103515625 -1.46484375 859883
-0.3662109375 0.6103515625 -1.46484375 859884
-0.3662109375 0.6103515625 -1.46484375 859885
-0.3662109375 0.6103515625 -1.46484375 859985
-1.89208984375 -1.220703125 -0.18310546875 859986
-1.89208984375 -1.220703125 -0.18310546875 859987
-1.89208984375 -1.220703125 -0.18310546875 859988
-1.89208984375 -1.220703125 -0.18310546875 859989
-0.06103515625 -0.732421875 -3.72314453125 860088
-0.06103515625 -0.732421875 -3.72314453125 860089
-0.06103515625 -0.732421875 -3.72314453125 860090
-0.06103515625 -0.732421875 -3.72314453125 860091
-0.06103515625 -0.732421875 -3.72314453125 860190
0.30517578125 -0.42724609375 -2.38037109375 860191
0.30517578125 -0.42724609375 -2.38037109375 860192
0.30517578125 -0.42724609375 -2.38037109375 860193
0.30517578125 -0.42724609375 -2.38037109375 860194
0.30517578125 -0.42724609375 -2.38037109375 860293
-0.79345703125 0.6103515625 -1.89208984375 860294
-0.79345703125 0.6103515625 -1.89208984375 860295
-0.79345703125 0.6103515625 -1.89208984375 860297
-0.79345703125 0.6103515625 -1.89208984375 860298
-0.18310546875 -0.06103515625 -0.06103515625 860372
-0.18310546875 -0.06103515625 -0.06103515625 860498
-0.6103515625 -1.220703125 -0.6103515625 860499
-0.6103515625 -1.220703125 -0.6103515625 860500
-0.6103515625 -1.220703125 -0.6103515625 860501
-0.6103515625 -1.220703125 -0.6103515625 860502
-2.5634765625 0.18310546875 -1.28173828125 860586
-2.5634765625 0.18310546875 -1.28173828125 860679
-2.50244140625 0.30517578125 -2.50244140625 860680
-2.50244140625 0.30517578125 -2.50244140625 860681
-2.50244140625 0.30517578125 -2.50244140625 860682
-2.50244140625 0.30517578125 -2.50244140625 860683
-2.50244140625 0.30517578125 -2.50244140625 860783
-1.708984375 0.3662109375 -1.8310546875 860784
-1.708984375 0.3662109375 -1.8310546875 860785
-1.708984375 0.3662109375 -1.8310546875 860786
-1.708984375 0.3662109375 -1.8310546875 860787
-1.708984375 0.3662109375 -1.8310546875 860886
-1.3427734375 0.67138671875 -1.15966796875 860887
-1.3427734375 0.67138671875 -1.15966796875 860888
-1.3427734375 0.67138671875 -1.15966796875 860889
-1.3427734375 0.67138671875 -1.15966796875 860890
-1.3427734375 0.67138671875 -1.15966796875 861000
0 -0.1220703125 -2.5634765625 861001
0 -0.1220703125 -2.5634765625 861002
0 -0.1220703125 -2.5634765625 861003
0 -0.1220703125 -2.5634765625 861004
-2.685546875 0.9765625 -1.708984375 861087
-2.685546875 0.9765625 -1.708984375 861190
-1.3427734375 0.244140625 -0.79345703125 861191
-1.3427734375 0.244140625 -0.79345703125 861192
-1.3427734375 0.244140625 -0.79345703125 861193
-1.3427734375 0.244140625 -0.79345703125 861194
-1.3427734375 0.244140625 -0.79345703125 861293
-2.0751953125 0.30517578125 -2.197265625 861294
-2.0751953125 0.30517578125 -2.197265625 861295
-2.0751953125 0.30517578125 -2.197265625 861296
-2.0751953125 0.30517578125 -2.197265625 861297
-2.01416015625 0.1220703125 -2.3193359375 861374
-2.01416015625 0.1220703125 -2.3193359375 861486
-1.0986328125 0.42724609375 -2.62451171875 861487
-1.0986328125 0.42724609375 -2.62451171875 861488
-1.0986328125 0.42724609375 -2.62451171875 861489
-1.0986328125 0.42724609375 -2.62451171875 861491
0.54931640625 0.79345703125 -2.25830078125 861593
0.54931640625 0.79345703125 -2.25830078125 861594
0.54931640625 0.79345703125 -2.25830078125 861596
0.54931640625 0.79345703125 -2.25830078125 861597
0.54931640625 0.79345703125 -2.25830078125 861692
0.18310546875 0.8544921875 -1.52587890625 861693
0.18310546875 0.8544921875 -1.52587890625 861694
0.18310546875 0.8544921875 -1.52587890625 861695
0.18310546875 0.8544921875 -1.52587890625 861794
-0.79345703125 0.30517578125 -2.01416015625 861795
-0.79345703125 0.30517578125 -2.01416015625 861796
-0.79345703125 0.30517578125 -2.01416015625 861797
-0.79345703125 0.30517578125 -2.01416015625 861799
0.18310546875 0.732421875 -2.685546875 861872
0.18310546875 0.732421875 -2.685546875 861983
-1.03759765625 1.03759765625 -1.953125 861984
-1.03759765625 1.03759765625 -1.953125 861985
-1.03759765625 1.03759765625 -1.953125 861986
-1.03759765625 1.03759765625 -1.953125 861987
-1.03759765625 1.03759765625 -1.953125 862083
-0.9765625 0.42724609375 -0.48828125 862085
-0.9765625 0.42724609375 -0.48828125 862086
-0.9765625 0.42724609375 -0.48828125 862087
-0.9765625 0.42724609375 -0.48828125 862089
-0.9765625 0.42724609375 -0.48828125 862189
-1.5869140625 0.06103515625 -2.3193359375 862190
-1.5869140625 0.06103515625 -2.3193359375 862191
-1.5869140625 0.06103515625 -2.3193359375 862192
-1.5869140625 0.06103515625 -2.3193359375 862193
-1.5869140625 0.06103515625 -2.3193359375 862291
0.3662109375 0.1220703125 -2.197265625 862292
0.3662109375 0.1220703125 -2.197265625 862293
0.3662109375 0.1220703125 -2.197265625 862294
0.3662109375 0.1220703125 -2.197265625 862295
0.3662109375 0.1220703125 -2.197265625 862405
0.6103515625 0.54931640625 -1.3427734375 862406
0.6103515625 0.54931640625 -1.3427734375 862407
0.6103515625 0.54931640625 -1.3427734375 862408
0.6103515625 0.54931640625 -1.3427734375 862409
-1.03759765625 0.48828125 -1.40380859375 862476
-1.03759765625 0.48828125 -1.40380859375 862584
0.732421875 1.46484375 -1.52587890625 862585
0.732421875 1.46484375 -1.52587890625 862586
0.732421875 1.46484375 -1.52587890625 862587
0.732421875 1.46484375 -1.52587890625 862588
0.732421875 1.46484375 -1.52587890625 862689
-0.54931640625 0.3662109375 -1.40380859375 862690
-0.54931640625 0.3662109375 -1.40380859375 862691
-0.54931640625 0.3662109375 -1.40380859375 862692
-0.54931640625 0.3662109375 -1.40380859375 862693
-0.244140625 0.18310546875 -2.3193359375 862788
-0.244140625 0.18310546875 -2.3193359375 862890
0.42724609375 0.9765625 -3.5400390625 862891
0.42724609375 0.9765625 -3.5400390625 862892
0.42724609375 0.9765625 -3.5400390625 862893
0.42724609375 0.9765625 -3.5400390625 862894
0.42724609375 0.9765625 -3.5400390625 863005
-0.244140625 -0.3662109375 0.1220703125 863006
-0.244140625 -0.3662109375 0.1220703125 863007
-0.244140625 -0.3662109375 0.1220703125 863008
-0.244140625 -0.3662109375 0.1220703125 863009
-1.708984375 -0.91552734375 -2.38037109375 863072
-1.708984375 -0.91552734375 -2.38037109375 863183
-0.54931640625 -0.3662109375 -1.3427734375 863184
-0.54931640625 -0.3662109375 -1.3427734375 863185
-0.54931640625 -0.3662109375 -1.3427734375 863187
-0.54931640625 -0.3662109375 -1.3427734375 863188
-0.54931640625 -0.3662109375 -1.3427734375 863288
-0.9765625 -0.244140625 -0.91552734375 863289
-0.9765625 -0.244140625 -0.91552734375 863290
-0.9765625 -0.244140625 -0.91552734375 863291
-0.9765625 -0.244140625 -0.91552734375 863292
-1.28173828125 0.48828125 -1.220703125 863388
-1.28173828125 0.48828125 -1.220703125 863490
-1.40380859375 0.9765625 -1.0986328125 863491
-1.40380859375 0.9765625 -1.0986328125 863492
-1.40380859375 0.9765625 -1.0986328125 863494
-1.40380859375 0.9765625 -1.0986328125 863495
-1.40380859375 0.9765625 -1.0986328125 863598
-2.38037109375 0.3662109375 -1.89208984375 863600
-2.38037109375 0.3662109375 -1.89208984375 863601
-2.38037109375 0.3662109375 -1.89208984375 863602
-2.38037109375 0.3662109375 -1.89208984375 863603
0 -0.1220703125 -0.79345703125 863695
0 -0.1220703125 -0.79345703125 863774
-0.54931640625 1.28173828125 -1.3427734375 863775
-0.54931640625 1.28173828125 -1.3427734375 863776
-0.54931640625 1.28173828125 -1.3427734375 863777
-0.54931640625 1.28173828125 -1.3427734375 863778
-0.54931640625 1.28173828125 -1.3427734375 863897
-0.9765625 0.42724609375 -2.86865234375 863898
-0.9765625 0.42724609375 -2.86865234375 863899
-0.9765625 0.42724609375 -2.86865234375 863901
-0.9765625 0.42724609375 -2.86865234375 863902
-2.25830078125 0 -2.8076171875 863988
-2.25830078125 0 -2.8076171875 864083
0.48828125 -0.06103515625 -1.64794921875 864084
0.48828125 -0.06103515625 -1.64794921875 864085
0.48828125 -0.06103515625 -1.64794921875 864086
0.48828125 -0.06103515625 -1.64794921875 864087
0.48828125 -0.06103515625 -1.64794921875 864200
-1.03759765625 -0.79345703125 -2.3193359375 864202
-1.03759765625 -0.79345703125 -2.3193359375 864203
-1.03759765625 -0.79345703125 -2.3193359375 864203
-1.03759765625 -0.79345703125 -2.3193359375 864204
-1.3427734375 -0.79345703125 -2.74658203125 864287
-1.3427734375 -0.79345703125 -2.74658203125 864394
-0.6103515625 -0.244140625 -2.86865234375 864395
-0.6103515625 -0.244140625 -2.86865234375 864396
-0.6103515625 -0.244140625 -2.86865234375 864397
-0.6103515625 -0.244140625 -2.86865234375 864398
-1.40380859375 0.91552734375 -1.5869140625 864491
-1.40380859375 0.91552734375 -1.5869140625 864595
-2.50244140625 1.220703125 -4.33349609375 864596
-2.50244140625 1.220703125 -4.33349609375 864597
-2.50244140625 1.220703125 -4.33349609375 864598
-2.50244140625 1.220703125 -4.33349609375 864599
-2.50244140625 1.220703125 -4.33349609375 864699
-5.0048828125 2.01416015625 -4.57763671875 864700
-5.0048828125 2.01416015625 -4.57763671875 864702
-5.0048828125 2.01416015625 -4.57763671875 864703
-5.0048828125 2.01416015625 -4.57763671875 864704
-11.3525390625 -0.67138671875 -2.74658203125 864785
-11.3525390625 -0.67138671875 -2.74658203125 864888
-6.103515625 1.64794921875 -8.9111328125 864889
-6.103515625 1.64794921875 -8.9111328125 864890
-6.103515625 1.64794921875 -8.9111328125 864891
-6.103515625 1.64794921875 -8.9111328125 864892
-2.13623046875 -1.46484375 -10.92529296875 864992
-2.13623046875 -1.46484375 -10.92529296875 864994
-2.13623046875 -1.46484375 -10.92529296875 864995
-2.13623046875 -1.46484375 -10.92529296875 864996
-2.13623046875 -1.46484375 -10.92529296875 865107
-3.5400390625 -4.45556640625 -17.578125 865108
-3.5400390625 -4.45556640625 -17.578125 865109
-3.5400390625 -4.45556640625 -17.578125 865111
-3.5400390625 -4.45556640625 -17.578125 865112
6.53076171875 -7.14111328125 -22.03369140625 865196
6.53076171875 -7.14111328125 -22.03369140625 865305
18.310546875 -3.2958984375 -23.4375 865307
18.310546875 -3.2958984375 -23.4375 865308
18.310546875 -3.2958984375 -23.4375 865308
18.310546875 -3.2958984375 -23.4375 865309
37.53662109375 39.794921875 -34.85107421875 865384
37.53662109375 39.794921875 -34.85107421875 865491
58.16650390625 100.52490234375 -25.93994140625 865492
58.16650390625 100.52490234375 -25.93994140625 865493
58.16650390625 100.52490234375 -25.93994140625 865494
58.16650390625 100.52490234375 -25.93994140625 865495
58.16650390625 100.52490234375 -25.93994140625 865595
96.86279296875 163.2080078125 -40.46630859375 865596
96.86279296875 163.2080078125 -40.46630859375 865598
96.86279296875 163.2080078125 -40.46630859375 865599
96.86279296875 163.2080078125 -40.46630859375 865600
89.4775390625 224.4873046875 -58.53271484375 865674
89.4775390625 224.4873046875 -58.53271484375 865786
143.9208984375 267.39501953125 -31.31103515625 865787
143.9208984375 267.39501953125 -31.31103515625 865788
143.9208984375 267.39501953125 -31.31103515625 865789
143.9208984375 267.39501953125 -31.31103515625 865790
143.9208984375 267.39501953125 -31.31103515625 865891
-4.21142578125 91.49169921875 -47.7294921875 865892
-4.21142578125 91.49169921875 -47.7294921875 865893
-4.21142578125 91.49169921875 -47.7294921875 865894
-4.21142578125 91.49169921875 -47.7294921875 865895
-4.21142578125 91.49169921875 -47.7294921875 865992
-77.33154296875 -225.9521484375 3.84521484375 865993
-77.33154296875 -225.9521484375 3.84521484375 865994
-77.33154296875 -225.9521484375 3.84521484375 865994
-77.33154296875 -225.9521484375 3.84521484375 865995
-77.33154296875 -225.9521484375 3.84521484375 866103
-93.3837890625 -432.373046875 65.36865234375 866104
-93.3837890625 -432.373046875 65.36865234375 866105
-93.3837890625 -432.373046875 65.36865234375 866106
-93.3837890625 -432.373046875 65.36865234375 866107
-148.8037109375 -268.85986328125 81.97021484375 866178
-148.8037109375 -268.85986328125 81.97021484375 866289
-1.46484375 2.99072265625 -5.615234375 866290
-1.46484375 2.99072265625 -5.615234375 866291
-1.46484375 2.99072265625 -5.615234375 866293
-1.46484375 2.99072265625 -5.615234375 866295
-1.46484375 2.99072265625 -5.615234375 866405
32.65380859375 116.5771484375 -21.97265625 866407
32.65380859375 116.5771484375 -21.97265625 866408
32.65380859375 116.5771484375 -21.97265625 866409
32.65380859375 116.5771484375 -21.97265625 866411
32.65380859375 116.5771484375 -21.97265625 866509
42.3583984375 123.6572265625 20.69091796875 866518
42.3583984375 123.6572265625 20.69091796875 866519
42.3583984375 123.6572265625 20.69091796875 866521
42.3583984375 123.6572265625 20.69091796875 866522
64.51416015625 143.85986328125 20.69091796875 866596
64.51416015625 143.85986328125 20.69091796875 866674
65.73486328125 171.81396484375 5.859375 866689
65.73486328125 171.81396484375 5.859375 866690
65.73486328125 171.81396484375 5.859375 866692
65.73486328125 171.81396484375 5.859375 866693
65.73486328125 171.81396484375 5.859375 866785
9.70458984375 88.7451171875 8.7890625 866786
9.70458984375 88.7451171875 8.7890625 866888
-33.87451171875 -55.908203125 29.6630859375 866889
-33.87451171875 -55.908203125 29.6630859375 866890
-33.87451171875 -55.908203125 29.6630859375 866891
-33.87451171875 -55.908203125 29.6630859375 866891
-33.87451171875 -55.908203125 29.6630859375 866994
-79.7119140625 -182.80029296875 59.814453125 866995
-79.7119140625 -182.80029296875 59.814453125 866996
-79.7119140625 -182.80029296875 59.814453125 866997
-79.7119140625 -182.80029296875 59.814453125 866998
-101.5625 -163.2080078125 70.9228515625 867093
-101.5625 -163.2080078125 70.9228515625 867195
-89.599609375 -91.796875 1.3427734375 867197
-89.599609375 -91.796875 1.3427734375 867198
-89.599609375 -91.796875 1.3427734375 867199
-89.599609375 -91.796875 1.3427734375 867200
-89.599609375 -91.796875 1.3427734375 867298
-22.5830078125 -18.49365234375 5.06591796875 867299
-22.5830078125 -18.49365234375 5.06591796875 867301
-22.5830078125 -18.49365234375 5.06591796875 867302
-22.5830078125 -18.49365234375 5.06591796875 867303
-15.80810546875 1.953125 0.42724609375 867397
-15.80810546875 1.953125 0.42724609375 867485
2.50244140625 4.94384765625 -4.150390625 867486
2.50244140625 4.94384765625 -4.150390625 867487
2.50244140625 4.94384765625 -4.150390625 867501
2.50244140625 4.94384765625 -4.150390625 867503
2.50244140625 4.94384765625 -4.150390625 867589
-9.94873046875 -2.685546875 -1.708984375 867590
-9.94873046875 -2.685546875 -1.708984375 867592
-9.94873046875 -2.685546875 -1.708984375 867593
-9.94873046875 -2.685546875 -1.708984375 867690
-15.13671875 3.72314453125 -4.33349609375 867691
-15.13671875 3.72314453125 -4.33349609375 867693
-15.13671875 3.72314453125 -4.33349609375 867694
-15.13671875 3.72314453125 -4.33349609375 867696
-15.13671875 3.72314453125 -4.33349609375 867793
-2.13623046875 10.6201171875 -6.65283203125 867794
-2.13623046875 10.6201171875 -6.65283203125 867795
-2.13623046875 10.6201171875 -6.65283203125 867797
-2.13623046875 10.6201171875 -6.65283203125 867798
-2.13623046875 10.6201171875 -6.65283203125 867896
-8.544921875 -4.08935546875 -1.40380859375 867897
-8.544921875 -4.08935546875 -1.40380859375 867898
-8.544921875 -4.08935546875 -1.40380859375 867899
-8.544921875 -4.08935546875 -1.40380859375 867900
-9.033203125 2.62451171875 -3.90625 867978
-9.033203125 2.62451171875 -3.90625 868095
-2.685546875 2.13623046875 -2.9296875 868096
-2.685546875 2.13623046875 -2.9296875 868097
-2.685546875 2.13623046875 -2.9296875 868098
-2.685546875 2.13623046875 -2.9296875 868099
-2.685546875 2.13623046875 -2.9296875 868213
-4.8828125 -1.52587890625 0.8544921875 868214
-4.8828125 -1.52587890625 0.8544921875 868216
-4.8828125 -1.52587890625 0.8544921875 868217
-4.8828125 -1.52587890625 0.8544921875 868218
-6.9580078125 1.52587890625 -2.8076171875 868295
-6.9580078125 1.52587890625 -2.8076171875 868398
-5.55419921875 1.953125 -5.06591796875 868399
-5.55419921875 1.953125 -5.06591796875 868400
-5.55419921875 1.953125 -5.06591796875 868401
-5.55419921875 1.953125 -5.06591796875 868402
-3.47900390625 1.220703125 0.1220703125 868475
-3.47900390625 1.220703125 0.1220703125 868586
-3.96728515625 -1.3427734375 -0.91552734375 868587
-3.96728515625 -1.3427734375 -0.91552734375 868588
-3.96728515625 -1.3427734375 -0.91552734375 868589
-3.96728515625 -1.3427734375 -0.91552734375 868590
-3.96728515625 -1.3427734375 -0.91552734375 868690
0 -1.46484375 -1.708984375 868691
0 -1.46484375 -1.708984375 868733
0 -1.46484375 -1.708984375 868734
0 -1.46484375 -1.708984375 868735
0 -1.46484375 -1.708984375 868792
0.6103515625 1.0986328125 -2.01416015625 868793
0.6103515625 1.0986328125 -2.01416015625 868795
0.6103515625 1.0986328125 -2.01416015625 868913
1.77001953125 -1.3427734375 -3.2958984375 868915
1.77001953125 -1.3427734375 -3.2958984375 868916
1.77001953125 -1.3427734375 -3.2958984375 868917
1.77001953125 -1.3427734375 -3.2958984375 868918
-0.30517578125 1.03759765625 -2.86865234375 868996
-0.30517578125 1.03759765625 -2.86865234375 869100
-1.64794921875 0.732421875 -2.3193359375 869101
-1.64794921875 0.732421875 -2.3193359375 869102
-1.64794921875 0.732421875 -2.3193359375 869103
-1.64794921875 0.732421875 -2.3193359375 869104
-1.64794921875 0.732421875 -2.3193359375 869201
-0.3662109375 0.79345703125 -2.685546875 869203
-0.3662109375 0.79345703125 -2.685546875 869204
-0.3662109375 0.79345703125 -2.685546875 869205
-0.3662109375 0.79345703125 -2.685546875 869206
-2.25830078125 -0.67138671875 0.06103515625 869289
-2.25830078125 -0.67138671875 0.06103515625 869394
-2.5634765625 -1.0986328125 -1.708984375 869395
-2.5634765625 -1.0986328125 -1.708984375 869396
-2.5634765625 -1.0986328125 -1.708984375 869397
-2.5634765625 -1.0986328125 -1.708984375 869399
-2.5634765625 -1.0986328125 -1.708984375 869495
-0.48828125 -0.48828125 -1.0986328125 869496
-0.48828125 -0.48828125 -1.0986328125 869497
-0.48828125 -0.48828125 -1.0986328125 869498
-0.48828125 -0.48828125 -1.0986328125 869499
-0.48828125 -0.48828125 -1.0986328125 869598
0.91552734375 0.67138671875 0.06103515625 869599
0.91552734375 0.67138671875 0.06103515625 869600
0.91552734375 0.67138671875 0.06103515625 869601
0.91552734375 0.67138671875 0.06103515625 869603
0.91552734375 0.67138671875 0.06103515625 869714
0.1220703125 0.9765625 -0.54931640625 869715
0.1220703125 0.9765625 -0.54931640625 869716
0.1220703125 0.9765625 -0.54931640625 869717
0.1220703125 0.9765625 -0.54931640625 869718
-0.48828125 -0.1220703125 -2.9296875 869779
-0.48828125 -0.1220703125 -2.9296875 869890
-1.15966796875 1.220703125 -0.54931640625 869891
-1.15966796875 1.220703125 -0.54931640625 869892
-1.15966796875 1.220703125 -0.54931640625 869893
-1.15966796875 1.220703125 -0.54931640625 869894
-1.15966796875 1.220703125 -0.54931640625 869994
1.89208984375 0.06103515625 -0.67138671875 869998
1.89208984375 0.06103515625 -0.67138671875 869999
1.89208984375 0.06103515625 -0.67138671875 870003
1.89208984375 0.06103515625 -0.67138671875 870004
1.89208984375 0.06103515625 -0.67138671875 870095
-0.9765625 -0.06103515625 0.06103515625 870098
-0.9765625 -0.06103515625 0.06103515625 870100
-0.9765625 -0.06103515625 0.06103515625 870101
-0.9765625 -0.06103515625 0.06103515625 870198
0.6103515625 0.3662109375 -1.3427734375 870199
0.6103515625 0.3662109375 -1.3427734375 870200
0.6103515625 0.3662109375 -1.3427734375 870201
0.6103515625 0.3662109375 -1.3427734375 870203
-1.8310546875 0.79345703125 -1.708984375 870291
-1.8310546875 0.79345703125 -1.708984375 870388
0.18310546875 0.30517578125 -1.89208984375 870389
0.18310546875 0.30517578125 -1.89208984375 870390
0.18310546875 0.30517578125 -1.89208984375 870391
0.18310546875 0.30517578125 -1.89208984375 870392
0.18310546875 0.30517578125 -1.89208984375 870490
-0.54931640625 -0.3662109375 -1.953125 870491
-0.54931640625 -0.3662109375 -1.953125 870492
-0.54931640625 -0.3662109375 -1.953125 870493
-0.54931640625 -0.3662109375 -1.953125 870494
-0.54931640625 -0.3662109375 -1.953125 870605
-1.0986328125 0 -1.52587890625 870606
-1.0986328125 0 -1.52587890625 870607
-1.0986328125 0 -1.52587890625 870609
-1.0986328125 0 -1.52587890625 870610
1.708984375 0.30517578125 -1.220703125 870686
1.708984375 0.30517578125 -1.220703125 870790
-0.18310546875 0.91552734375 -2.01416015625 870791
-0.18310546875 0.91552734375 -2.01416015625 870792
-0.18310546875 0.91552734375 -2.01416015625 870794
-0.18310546875 0.91552734375 -2.01416015625 870795
-0.18310546875 0.91552734375 -2.01416015625 870892
1.0986328125 1.03759765625 -2.44140625 870918
1.0986328125 1.03759765625 -2.44140625 870919
1.0986328125 1.03759765625 -2.44140625 870920
1.0986328125 1.03759765625 -2.44140625 870921
1.0986328125 1.03759765625 -2.44140625 870994
0.9765625 1.03759765625 -2.8076171875 870995
0.9765625 1.03759765625 -2.8076171875 871097
0.30517578125 0.244140625 -2.86865234375 871098
0.30517578125 0.244140625 -2.86865234375 871099
0.30517578125 0.244140625 -2.86865234375 871100
0.30517578125 0.244140625 -2.86865234375 871101
0.30517578125 0.244140625 -2.86865234375 871200
-0.3662109375 1.708984375 -2.3193359375 871201
-0.3662109375 1.708984375 -2.3193359375 871202
-0.3662109375 1.708984375 -2.3193359375 871203
-0.3662109375 1.708984375 -2.3193359375 871205
0.1220703125 1.46484375 -1.953125 871278
0.1220703125 1.46484375 -1.953125 871389
0.06103515625 0.732421875 -1.52587890625 871390
0.06103515625 0.732421875 -1.52587890625 871391
0.06103515625 0.732421875 -1.52587890625 871392
0.06103515625 0.732421875 -1.52587890625 871393
0.06103515625 0.732421875 -1.52587890625 871493
-1.03759765625 0.54931640625 -1.5869140625 871495
-1.03759765625 0.54931640625 -1.5869140625 871496
-1.03759765625 0.54931640625 -1.5869140625 871497
-1.03759765625 0.54931640625 -1.5869140625 871498
-1.03759765625 0.54931640625 -1.5869140625 871594
-3.23486328125 0 -1.953125 871595
-3.23486328125 0 -1.953125 871597
-3.23486328125 0 -1.953125 871598
-3.23486328125 0 -1.953125 871599
-3.23486328125 0 -1.953125 871696
-0.54931640625 0.54931640625 -1.77001953125 871697
-0.54931640625 0.54931640625 -1.77001953125 871698
-0.54931640625 0.54931640625 -1.77001953125 871699
-0.54931640625 0.54931640625 -1.77001953125 871700
-0.54931640625 0.54931640625 -1.77001953125 871829
-0.9765625 1.28173828125 -2.86865234375 871830
-0.9765625 1.28173828125 -2.86865234375 871831
-0.9765625 1.28173828125 -2.86865234375 871832
-0.9765625 1.28173828125 -2.86865234375 871832
-0.732421875 1.40380859375 -2.3193359375 871879
-0.732421875 1.40380859375 -2.3193359375 871990
0.3662109375 1.0986328125 -2.44140625 871991
0.3662109375 1.0986328125 -2.44140625 871992
0.3662109375 1.0986328125 -2.44140625 871994
0.3662109375 1.0986328125 -2.44140625 871995
0.3662109375 1.0986328125 -2.44140625 872104
-1.52587890625 0.91552734375 -2.3193359375 872105
-1.52587890625 0.91552734375 -2.3193359375 872106
-1.52587890625 0.91552734375 -2.3193359375 872107
-1.52587890625 0.91552734375 -2.3193359375 872108
-2.197265625 1.52587890625 -1.89208984375 872196
-2.197265625 1.52587890625 -1.89208984375 872299
-0.244140625 0.732421875 -2.38037109375 872315
-0.244140625 0.732421875 -2.38037109375 872316
-0.244140625 0.732421875 -2.38037109375 872317
-0.244140625 0.732421875 -2.38037109375 872318
-0.244140625 0.732421875 -2.38037109375 872402
-1.03759765625 0.6103515625 -2.44140625 872403
-2.62451171875 0.8544921875 -1.708984375 872479
-2.62451171875 0.8544921875 -1.708984375 872480
-2.62451171875 0.8544921875 -1.708984375 872481
-2.62451171875 0.8544921875 -1.708984375 872483
-2.62451171875 0.8544921875 -1.708984375 872592
-0.6103515625 0.732421875 -2.13623046875 872593
-0.6103515625 0.732421875 -2.13623046875 872594
-0.6103515625 0.732421875 -2.13623046875 872595
-0.6103515625 0.732421875 -2.13623046875 872596
-0.6103515625 0.732421875 -2.13623046875 872694
0.06103515625 0.42724609375 -0.9765625 872695
0.06103515625 0.42724609375 -0.9765625 872697
0.06103515625 0.42724609375 -0.9765625 872698
0.06103515625 0.42724609375 -0.9765625 872699
0.06103515625 0.42724609375 -0.9765625 872796
-1.28173828125 0.18310546875 -2.5634765625 872797
-1.28173828125 0.18310546875 -2.5634765625 872798
-1.28173828125 0.18310546875 -2.5634765625 872798
-1.28173828125 0.18310546875 -2.5634765625 872799
-1.28173828125 0.18310546875 -2.5634765625 872900
0.30517578125 0.91552734375 -0.244140625 872901
0.30517578125 0.91552734375 -0.244140625 872902
0.30517578125 0.91552734375 -0.244140625 872903
0.30517578125 0.91552734375 -0.244140625 872904
0.30517578125 0.91552734375 -0.244140625 873004
-0.06103515625 0.18310546875 -1.03759765625 873005
-0.06103515625 0.18310546875 -1.03759765625 873006
-0.06103515625 0.18310546875 -1.03759765625 873007
-0.06103515625 0.18310546875 -1.03759765625 873008
-0.3662109375 -0.06103515625 -1.0986328125 873079
-0.3662109375 -0.06103515625 -1.0986328125 873190
-2.62451171875 0.48828125 -2.0751953125 873191
-2.62451171875 0.48828125 -2.0751953125 873192
-2.62451171875 0.48828125 -2.0751953125 873193
-2.62451171875 0.48828125 -2.0751953125 873194
-2.62451171875 0.48828125 -2.0751953125 873293
-0.1220703125 -0.18310546875 -1.0986328125 873294
-0.1220703125 -0.18310546875 -1.0986328125 873295
-0.1220703125 -0.18310546875 -1.0986328125 873296
-0.1220703125 -0.18310546875 -1.0986328125 873297
-0.1220703125 -0.18310546875 -1.0986328125 873395
-0.1220703125 0.8544921875 -1.46484375 873396
-0.1220703125 0.8544921875 -1.46484375 873397
-0.1220703125 0.8544921875 -1.46484375 873398
-0.1220703125 0.8544921875 -1.46484375 873399
-0.1220703125 0.8544921875 -1.46484375 873498
-0.54931640625 0.79345703125 -2.74658203125 873499
-0.54931640625 0.79345703125 -2.74658203125 873500
-0.54931640625 0.79345703125 -2.74658203125 873501
-0.54931640625 0.79345703125 -2.74658203125 873502
-0.54931640625 0.79345703125 -2.74658203125 873601
-1.40380859375 0.8544921875 -2.25830078125 873602
-1.40380859375 0.8544921875 -2.25830078125 873603
-1.40380859375 0.8544921875 -2.25830078125 873605
-1.40380859375 0.8544921875 -2.25830078125 873606
-1.40380859375 0.8544921875 -2.25830078125 873703
0 1.220703125 -2.0751953125 873704
0 1.220703125 -2.0751953125 873705
0 1.220703125 -2.0751953125 873706
0 1.220703125 -2.0751953125 873708
0.732421875 0.9765625 -2.25830078125 873796
0.732421875 0.9765625 -2.25830078125 873889
0.3662109375 1.15966796875 -1.3427734375 873890
0.3662109375 1.15966796875 -1.3427734375 873890
0.3662109375 1.15966796875 -1.3427734375 873891
0.3662109375 1.15966796875 -1.3427734375 873892
-0.30517578125 1.52587890625 -2.38037109375 873988
-0.30517578125 1.52587890625 -2.38037109375 874091
-0.67138671875 0.48828125 -1.64794921875 874092
-0.67138671875 0.48828125 -1.64794921875 874093
-0.67138671875 0.48828125 -1.64794921875 874094
-0.67138671875 0.48828125 -1.64794921875 874095
-0.67138671875 0.48828125 -1.64794921875 874193
-1.3427734375 0.48828125 -0.79345703125 874194
-1.3427734375 0.48828125 -0.79345703125 874196
-1.3427734375 0.48828125 -0.79345703125 874197
-1.3427734375 0.48828125 -0.79345703125 874198
-1.3427734375 0.48828125 -0.79345703125 874295
-0.30517578125 0.6103515625 -3.5400390625 874296
-0.30517578125 0.6103515625 -3.5400390625 874297
-0.30517578125 0.6103515625 -3.5400390625 874298
-0.30517578125 0.6103515625 -3.5400390625 874299
-0.30517578125 0.6103515625 -3.5400390625 874417
-0.42724609375 0.30517578125 -2.3193359375 874426
-0.42724609375 0.30517578125 -2.3193359375 874427
-0.42724609375 0.30517578125 -2.3193359375 874428
-0.42724609375 0.30517578125 -2.3193359375 874429
-0.732421875 -0.8544921875 -2.44140625 874502
-0.732421875 -0.8544921875 -2.44140625 874583
-2.99072265625 -0.1220703125 -0.9765625 874585
-2.99072265625 -0.1220703125 -0.9765625 874586
-2.99072265625 -0.1220703125 -0.9765625 874587
-2.99072265625 -0.1220703125 -0.9765625 874588
-2.99072265625 -0.1220703125 -0.9765625 874695
-2.8076171875 0.79345703125 -1.953125 874696
-2.8076171875 0.79345703125 -1.953125 874697
-2.8076171875 0.79345703125 -1.953125 874698
-2.8076171875 0.79345703125 -1.953125 874699
-2.8076171875 0.79345703125 -1.953125 874798
-2.01416015625 -0.30517578125 -2.685546875 874799
-2.01416015625 -0.30517578125 -2.685546875 874801
-2.01416015625 -0.30517578125 -2.685546875 874802
-2.01416015625 -0.30517578125 -2.685546875 874803
-2.01416015625 -0.30517578125 -2.685546875 874900
-3.5400390625 0.9765625 -1.28173828125 874901
-3.5400390625 0.9765625 -1.28173828125 874902
-3.5400390625 0.9765625 -1.28173828125 874903
-3.5400390625 0.9765625 -1.28173828125 874904
-1.3427734375 0 -1.64794921875 874981
-1.3427734375 0 -1.64794921875 875093
-0.91552734375 0.8544921875 -3.173828125 875095
-0.91552734375 0.8544921875 -3.173828125 875096
-0.91552734375 0.8544921875 -3.173828125 875097
-0.91552734375 0.8544921875 -3.173828125 875099
-0.91552734375 0.8544921875 -3.173828125 875195
-0.18310546875 0.42724609375 -1.64794921875 875196
-0.18310546875 0.42724609375 -1.64794921875 875197
-0.18310546875 0.42724609375 -1.64794921875 875198
-0.18310546875 0.42724609375 -1.64794921875 875199
-0.18310546875 0.42724609375 -1.64794921875 875300
0 0.244140625 -2.86865234375 875301
0 0.244140625 -2.86865234375 875302
0 0.244140625 -2.86865234375 875304
0 0.244140625 -2.86865234375 875305
0 0.244140625 -2.86865234375 875404
0.79345703125 0.42724609375 -1.28173828125 875405
0.79345703125 0.42724609375 -1.28173828125 875406
0.79345703125 0.42724609375 -1.28173828125 875407
0.79345703125 0.42724609375 -1.28173828125 875409
-1.77001953125 0 -1.46484375 875504
-1.77001953125 0 -1.46484375 875582
-2.13623046875 0 -2.0751953125 875584
-2.13623046875 0 -2.0751953125 875584
-2.13623046875 0 -2.0751953125 875585
-2.13623046875 0 -2.0751953125 875586
-2.13623046875 0 -2.0751953125 875700
-0.6103515625 0.30517578125 -2.01416015625 875701
-0.6103515625 0.30517578125 -2.01416015625 875703
-0.6103515625 0.30517578125 -2.01416015625 875704
-0.6103515625 0.30517578125 -2.01416015625 875704
-0.79345703125 0.18310546875 -1.28173828125 875798
-0.79345703125 0.18310546875 -1.28173828125 875901
-2.8076171875 1.03759765625 -2.44140625 875902
-2.8076171875 1.03759765625 -2.44140625 875903
-2.8076171875 1.03759765625 -2.44140625 875903
-2.8076171875 1.03759765625 -2.44140625 875905
-2.8076171875 1.03759765625 -2.44140625 876009
-1.52587890625 0.79345703125 -1.3427734375 876010
-1.52587890625 0.79345703125 -1.3427734375 876012
-1.52587890625 0.79345703125 -1.3427734375 876013
-1.52587890625 0.79345703125 -1.3427734375 876014
0.42724609375 0.9765625 -3.23486328125 876081
0.42724609375 0.9765625 -3.23486328125 876193
-0.732421875 0.30517578125 -2.685546875 876194
-0.732421875 0.30517578125 -2.685546875 876215
-0.732421875 0.30517578125 -2.685546875 876216
-0.732421875 0.30517578125 -2.685546875 876217
-0.732421875 0.30517578125 -2.685546875 876297
-0.9765625 0.3662109375 -1.52587890625 876298
-0.9765625 0.3662109375 -1.52587890625 876298
-0.9765625 0.3662109375 -1.52587890625 876398
0.18310546875 0.244140625 -1.220703125 876399
0.18310546875 0.244140625 -1.220703125 876400
0.18310546875 0.244140625 -1.220703125 876401
0.18310546875 0.244140625 -1.220703125 876402
0.18310546875 0.244140625 -1.220703125 876951
-1.5869140625 -0.8544921875 -0.42724609375 876953
-1.5869140625 -0.8544921875 -0.42724609375 876954
-1.5869140625 -0.8544921875 -0.42724609375 876955
-1.5869140625 -0.8544921875 -0.42724609375 876956
-4.5166015625 -0.8544921875 -1.953125 876957
-3.72314453125 -0.42724609375 -1.46484375 876958
-1.89208984375 0.79345703125 -1.64794921875 876976
-1.03759765625 0.8544921875 -0.732421875 876977
-0.30517578125 0.1220703125 -1.953125 877025
-0.30517578125 0.1220703125 -1.953125 877435
-2.99072265625 0.67138671875 -1.77001953125 877437
-2.99072265625 0.67138671875 -1.77001953125 877438
-2.99072265625 0.67138671875 -1.77001953125 877439
-2.99072265625 0.67138671875 -1.77001953125 877440
-0.3662109375 0.1220703125 -1.0986328125 877442
-0.54931640625 0.79345703125 -2.13623046875 877443
0.06103515625 1.15966796875 -3.2958984375 877444
-0.06103515625 0.91552734375 -2.5634765625 877535
-0.06103515625 0.91552734375 -2.5634765625 877735
-0.8544921875 0.91552734375 -1.953125 877736
-0.8544921875 0.91552734375 -1.953125 877738
-0.8544921875 0.91552734375 -1.953125 877739
-0.8544921875 0.91552734375 -1.953125 877740
-1.40380859375 0.8544921875 -2.9296875 877740
-3.2958984375 0.9765625 -2.99072265625 877795
-3.2958984375 0.9765625 -2.99072265625 877897
-2.5634765625 -0.244140625 -3.90625 877898
-2.5634765625 -0.244140625 -3.90625 877899
-2.5634765625 -0.244140625 -3.90625 877900
-2.5634765625 -0.244140625 -3.90625 877901
-2.5634765625 -0.244140625 -3.90625 878000
-4.33349609375 -0.244140625 -3.5400390625 878001
-4.33349609375 -0.244140625 -3.5400390625 878002
-4.33349609375 -0.244140625 -3.5400390625 878003
-4.33349609375 -0.244140625 -3.5400390625 878004
-4.33349609375 -0.244140625 -3.5400390625 878102
-5.79833984375 -0.67138671875 -3.2958984375 878103
-5.79833984375 -0.67138671875 -3.2958984375 878104
-5.79833984375 -0.67138671875 -3.2958984375 878105
-5.79833984375 -0.67138671875 -3.2958984375 878107
-5.79833984375 -0.67138671875 -3.2958984375 878205
-12.14599609375 -4.69970703125 -4.0283203125 878206
-12.14599609375 -4.69970703125 -4.0283203125 878207
-12.14599609375 -4.69970703125 -4.0283203125 878208
-12.14599609375 -4.69970703125 -4.0283203125 878209
-6.77490234375 -1.5869140625 -9.70458984375 878283
-6.77490234375 -1.5869140625 -9.70458984375 878394
-5.859375 -2.50244140625 -13.427734375 878395
-5.859375 -2.50244140625 -13.427734375 878396
-5.859375 -2.50244140625 -13.427734375 878397
-5.859375 -2.50244140625 -13.427734375 878398
-5.859375 -2.50244140625 -13.427734375 878524
-0.30517578125 -2.9296875 -14.16015625 878526
-0.30517578125 -2.9296875 -14.16015625 878527
-0.30517578125 -2.9296875 -14.16015625 878528
-0.30517578125 -2.9296875 -14.16015625 878529
7.568359375 -7.32421875 -18.98193359375 878603
7.568359375 -7.32421875 -18.98193359375 878701
3.90625 -10.1318359375 -22.15576171875 878702
3.90625 -10.1318359375 -22.15576171875 878703
3.90625 -10.1318359375 -22.15576171875 878704
3.90625 -10.1318359375 -22.15576171875 878723
3.90625 -10.1318359375 -22.15576171875 878804
13.61083984375 -5.55419921875 -26.18408203125 878805
13.61083984375 -5.55419921875 -26.18408203125 878806
13.61083984375 -5.55419921875 -26.18408203125 878807
13.61083984375 -5.55419921875 -26.18408203125 878808
22.03369140625 15.869140625 -31.31103515625 878884
22.03369140625 15.869140625 -31.31103515625 878996
78.61328125 99.30419921875 -59.5703125 878997
78.61328125 99.30419921875 -59.5703125 878998
78.61328125 99.30419921875 -59.5703125 878999
78.61328125 99.30419921875 -59.5703125 879000
78.61328125 99.30419921875 -59.5703125 879102
117.3095703125 250.67138671875 -61.82861328125 879103
117.3095703125 250.67138671875 -61.82861328125 879104
117.3095703125 250.67138671875 -61.82861328125 879105
117.3095703125 250.67138671875 -61.82861328125 879105
117.3095703125 250.67138671875 -61.82861328125 879204
102.783203125 265.5029296875 -37.9638671875 879205
102.783203125 265.5029296875 -37.9638671875 879207
102.783203125 265.5029296875 -37.9638671875 879208
102.783203125 265.5029296875 -37.9638671875 879209
102.783203125 265.5029296875 -37.9638671875 879306
57.92236328125 159.912109375 -36.0107421875 879307
57.92236328125 159.912109375 -36.0107421875 879309
57.92236328125 159.912109375 -36.0107421875 879310
57.92236328125 159.912109375 -36.0107421875 879310
57.92236328125 159.912109375 -36.0107421875 879409
-25.390625 -65.36865234375 -3.72314453125 879411
-25.390625 -65.36865234375 -3.72314453125 879412
-25.390625 -65.36865234375 -3.72314453125 879413
-25.390625 -65.36865234375 -3.72314453125 879414
-25.390625 -65.36865234375 -3.72314453125 879512
-69.3359375 -423.095703125 73.66943359375 879513
-69.3359375 -423.095703125 73.66943359375 879514
-69.3359375 -423.095703125 73.66943359375 879514
-69.3359375 -423.095703125 73.66943359375 879515
-178.03955078125 -252.50244140625 89.35546875 879601
-178.03955078125 -252.50244140625 89.35546875 879688
-26.4892578125 -19.775390625 16.11328125 879690
-26.4892578125 -19.775390625 16.11328125 879691
-26.4892578125 -19.775390625 16.11328125 879692
-26.4892578125 -19.775390625 16.11328125 879693
-26.4892578125 -19.775390625 16.11328125 879799
51.94091796875 98.44970703125 -13.73291015625 879801
51.94091796875 98.44970703125 -13.73291015625 879802
51.94091796875 98.44970703125 -13.73291015625 879803
51.94091796875 98.44970703125 -13.73291015625 879804
51.94091796875 98.44970703125 -13.73291015625 879901
69.27490234375 144.59228515625 6.77490234375 879902
69.27490234375 144.59228515625 6.77490234375 879903
69.27490234375 144.59228515625 6.77490234375 879904
69.27490234375 144.59228515625 6.77490234375 879905
69.27490234375 144.59228515625 6.77490234375 880007
55.48095703125 146.91162109375 11.90185546875 880008
55.48095703125 146.91162109375 11.90185546875 880009
55.48095703125 146.91162109375 11.90185546875 880010
55.48095703125 146.91162109375 11.90185546875 880011
54.931640625 145.01953125 9.21630859375 880106
54.931640625 145.01953125 9.21630859375 880198
-49.98779296875 -13.61083984375 16.17431640625 880200
-49.98779296875 -13.61083984375 16.17431640625 880201
-49.98779296875 -13.61083984375 16.17431640625 880202
-49.98779296875 -13.61083984375 16.17431640625 880203
-33.14208984375 -87.58544921875 36.865234375 880285
-33.14208984375 -87.58544921875 36.865234375 880395
-69.76318359375 -141.05224609375 37.4755859375 880396
-69.76318359375 -141.05224609375 37.4755859375 880398
-69.76318359375 -141.05224609375 37.4755859375 880399
-69.76318359375 -141.05224609375 37.4755859375 880400
-69.76318359375 -141.05224609375 37.4755859375 880497
-75.74462890625 -119.81201171875 37.9638671875 880499
-75.74462890625 -119.81201171875 37.9638671875 880500
-75.74462890625 -119.81201171875 37.9638671875 880501
-75.74462890625 -119.81201171875 37.9638671875 880502
-75.74462890625 -119.81201171875 37.9638671875 880600
-49.9267578125 -37.41455078125 -3.2958984375 880601
-49.9267578125 -37.41455078125 -3.2958984375 880602
-49.9267578125 -37.41455078125 -3.2958984375 880604
-49.9267578125 -37.41455078125 -3.2958984375 880604
-49.9267578125 -37.41455078125 -3.2958984375 880702
-46.875 -9.3994140625 -4.2724609375 880703
-46.875 -9.3994140625 -4.2724609375 880704
-46.875 -9.3994140625 -4.2724609375 880705
-46.875 -9.3994140625 -4.2724609375 880706
-46.875 -9.3994140625 -4.2724609375 880805
-16.17431640625 9.6435546875 -2.197265625 880806
-16.17431640625 9.6435546875 -2.197265625 880808
-16.17431640625 9.6435546875 -2.197265625 880809
-16.17431640625 9.6435546875 -2.197265625 880809
-5.55419921875 -1.220703125 4.638671875 880897
-5.55419921875 -1.220703125 4.638671875 880997
-0.48828125 12.02392578125 -7.62939453125 881728
-0.48828125 12.02392578125 -7.62939453125 881729
-0.48828125 12.02392578125 -7.62939453125 881731
-0.48828125 12.02392578125 -7.62939453125 881732
-0.48828125 12.02392578125 -7.62939453125 881744
-5.7373046875 -1.15966796875 2.86865234375 881994
-5.7373046875 -1.15966796875 2.86865234375 881995
-5.7373046875 -1.15966796875 2.86865234375 881996
-5.7373046875 -1.15966796875 2.86865234375 881997
-5.7373046875 -1.15966796875 2.86865234375 881998
-9.94873046875 0.3662109375 -7.6904296875 881999
-3.90625 11.3525390625 -10.43701171875 881999
-1.46484375 2.01416015625 -4.7607421875 882000
0.54931640625 2.5634765625 -2.01416015625 882001
-3.72314453125 -2.86865234375 0.6103515625 882002
-1.708984375 -1.64794921875 -1.8310546875 882003
-2.25830078125 -0.54931640625 -1.5869140625 882025
-1.77001953125 1.28173828125 -1.89208984375 882026
-1.89208984375 1.64794921875 -2.25830078125 882027
-1.89208984375 1.64794921875 -2.25830078125 882890
-2.3193359375 1.5869140625 -1.5869140625 882892
-2.3193359375 1.5869140625 -1.5869140625 882893
-2.3193359375 1.5869140625 -1.5869140625 882894
-2.3193359375 1.5869140625 -1.5869140625 882895
-3.662109375 -0.30517578125 -1.52587890625 882896
-0.79345703125 0.06103515625 -0.732421875 882897
-1.77001953125 -1.0986328125 0.18310546875 882897
-2.01416015625 -1.953125 -0.8544921875 882909
-3.23486328125 -3.96728515625 -2.01416015625 882910
-0.54931640625 -2.38037109375 -2.01416015625 882911
0.8544921875 -0.48828125 -0.8544921875 882911
2.38037109375 -0.9765625 -1.28173828125 882912
2.38037109375 -0.9765625 -1.28173828125 883000
0.79345703125 -1.3427734375 -1.15966796875 883001
0.79345703125 -1.3427734375 -1.15966796875 883002
0.79345703125 -1.3427734375 -1.15966796875 883003
0.79345703125 -1.3427734375 -1.15966796875 883004
0.79345703125 -1.3427734375 -1.15966796875 883103
-2.197265625 -0.06103515625 -1.5869140625 883104
-2.197265625 -0.06103515625 -1.5869140625 883105
-2.197265625 -0.06103515625 -1.5869140625 883106
-2.197265625 -0.06103515625 -1.5869140625 883107
-2.197265625 -0.06103515625 -1.5869140625 883395
-1.0986328125 0.42724609375 -3.11279296875 883396
-1.0986328125 0.42724609375 -3.11279296875 883397
-1.0986328125 0.42724609375 -3.11279296875 883398
-1.0986328125 0.42724609375 -3.11279296875 883400
-0.9765625 -0.9765625 -1.8310546875 883401
0.8544921875 -0.54931640625 -0.1220703125 883413
0.8544921875 -0.54931640625 -0.1220703125 884094
-1.28173828125 -0.30517578125 0.1220703125 884095
-1.28173828125 -0.30517578125 0.1220703125 884096
-1.28173828125 -0.30517578125 0.1220703125 884098
-1.28173828125 -0.30517578125 0.1220703125 884099
-1.5869140625 0 -0.732421875 884100
0 -1.64794921875 -2.62451171875 884101
0.1220703125 1.03759765625 -2.01416015625 884102
2.0751953125 1.46484375 -2.62451171875 884103
2.01416015625 0.06103515625 -2.8076171875 884117
-0.06103515625 0.732421875 -2.25830078125 884118
-0.06103515625 0.732421875 -2.25830078125 884198
0.48828125 1.46484375 -1.5869140625 884200
0.48828125 1.46484375 -1.5869140625 884201
0.48828125 1.46484375 -1.5869140625 884202
0.48828125 1.46484375 -1.5869140625 884204
0.48828125 1.46484375 -1.5869140625 884301
-2.197265625 1.03759765625 -3.72314453125 884302
-2.197265625 1.03759765625 -3.72314453125 884303
-2.197265625 1.03759765625 -3.72314453125 884304
-2.197265625 1.03759765625 -3.72314453125 884305
-2.197265625 1.03759765625 -3.72314453125 884404
-2.685546875 1.15966796875 -5.37109375 884405
-2.685546875 1.15966796875 -5.37109375 884406
-2.685546875 1.15966796875 -5.37109375 884407
-2.685546875 1.15966796875 -5.37109375 884408
-2.685546875 1.15966796875 -5.37109375 884506
0.48828125 1.40380859375 -2.62451171875 884507
0.48828125 1.40380859375 -2.62451171875 884508
0.48828125 1.40380859375 -2.62451171875 884509
0.48828125 1.40380859375 -2.62451171875 884510
0.48828125 1.40380859375 -2.62451171875 884609
-1.953125 0.732421875 -1.89208984375 884610
-1.953125 0.732421875 -1.89208984375 884611
-1.953125 0.732421875 -1.89208984375 884612
-1.953125 0.732421875 -1.89208984375 884612
-1.953125 0.732421875 -1.89208984375 884800
-0.3662109375 0.79345703125 -1.220703125 884802
-0.3662109375 0.79345703125 -1.220703125 884803
-0.3662109375 0.79345703125 -1.220703125 884803
-0.3662109375 0.79345703125 -1.220703125 884804
-1.77001953125 1.220703125 -1.8310546875 884805
-1.77001953125 1.220703125 -1.8310546875 884938
0.8544921875 0.1220703125 -2.685546875 884939
0.8544921875 0.1220703125 -2.685546875 884940
0.8544921875 0.1220703125 -2.685546875 884941
0.8544921875 0.1220703125 -2.685546875 884943
-3.60107421875 1.0986328125 -4.5166015625 885000
-3.60107421875 1.0986328125 -4.5166015625 885155
0.18310546875 0.91552734375 -2.38037109375 885156
0.18310546875 0.91552734375 -2.38037109375 885158
0.18310546875 0.91552734375 -2.38037109375 885159
0.18310546875 0.91552734375 -2.38037109375 885160
0 1.28173828125 -1.28173828125 885205
0 1.28173828125 -1.28173828125 885320
-0.6103515625 -0.06103515625 -3.5400390625 885321
-0.6103515625 -0.06103515625 -3.5400390625 885322
-0.6103515625 -0.06103515625 -3.5400390625 885323
-0.6103515625 -0.06103515625 -3.5400390625 885324
-1.40380859375 1.03759765625 -2.685546875 885416
-1.40380859375 1.03759765625 -2.685546875 885518
-1.52587890625 0.18310546875 -1.40380859375 885519
-1.52587890625 0.18310546875 -1.40380859375 885520
-1.52587890625 0.18310546875 -1.40380859375 885521
-1.52587890625 0.18310546875 -1.40380859375 885523
1.77001953125 0.30517578125 -2.8076171875 885591
1.77001953125 0.30517578125 -2.8076171875 885703
-0.91552734375 0.91552734375 -2.44140625 885704
-0.91552734375 0.91552734375 -2.44140625 885705
-0.91552734375 0.91552734375 -2.44140625 885706
-0.91552734375 0.91552734375 -2.44140625 885707
-1.89208984375 0.79345703125 -2.197265625 885814
-1.89208984375 0.79345703125 -2.197265625 885815
-1.89208984375 0.79345703125 -2.197265625 885816
-1.89208984375 0.79345703125 -2.197265625 885817
-1.89208984375 0.79345703125 -2.197265625 885925
-0.06103515625 1.28173828125 -5.06591796875 885926
-0.06103515625 1.28173828125 -5.06591796875 885927
-0.06103515625 1.28173828125 -5.06591796875 885929
-0.06103515625 1.28173828125 -5.06591796875 885930
0.244140625 1.5869140625 -3.11279296875 886013
0.244140625 1.5869140625 -3.11279296875 886090
-0.18310546875 -0.18310546875 -2.44140625 886091
-0.18310546875 -0.18310546875 -2.44140625 886092
-0.18310546875 -0.18310546875 -2.44140625 886093
-0.18310546875 -0.18310546875 -2.44140625 886094
-0.18310546875 -0.18310546875 -2.44140625 886200
-1.89208984375 1.220703125 -3.5400390625 886223
-1.89208984375 1.220703125 -3.5400390625 886224
-1.89208984375 1.220703125 -3.5400390625 886225
-1.89208984375 1.220703125 -3.5400390625 886226
-1.89208984375 1.220703125 -3.5400390625 886332
-0.48828125 0 -1.5869140625 886333
-0.48828125 0 -1.5869140625 886334
-0.48828125 0 -1.5869140625 886335
-0.48828125 0 -1.5869140625 886336
0.244140625 1.0986328125 -2.44140625 886405
0.244140625 1.0986328125 -2.44140625 886507
1.8310546875 1.52587890625 -4.150390625 886508
1.8310546875 1.52587890625 -4.150390625 886509
1.8310546875 1.52587890625 -4.150390625 886510
1.8310546875 1.52587890625 -4.150390625 886511
1.8310546875 1.52587890625 -4.150390625 886610
1.28173828125 0.9765625 -2.25830078125 886628
1.28173828125 0.9765625 -2.25830078125 886629
1.28173828125 0.9765625 -2.25830078125 886630
1.28173828125 0.9765625 -2.25830078125 886631
-1.64794921875 0.8544921875 -0.9765625 886689
-1.64794921875 0.8544921875 -0.9765625 886800
-2.5634765625 0.3662109375 -2.13623046875 886801
-2.5634765625 0.3662109375 -2.13623046875 886803
-2.5634765625 0.3662109375 -2.13623046875 886804
-2.5634765625 0.3662109375 -2.13623046875 886805
-2.5634765625 0.3662109375 -2.13623046875 886902
-2.74658203125 -0.3662109375 -1.52587890625 886903
-2.74658203125 -0.3662109375 -1.52587890625 886904
-2.74658203125 -0.3662109375 -1.52587890625 886905
-2.74658203125 -0.3662109375 -1.52587890625 886906
-2.74658203125 -0.3662109375 -1.52587890625 887023
-2.25830078125 0.79345703125 -1.52587890625 887024
-2.25830078125 0.79345703125 -1.52587890625 887026
-2.25830078125 0.79345703125 -1.52587890625 887027
-2.25830078125 0.79345703125 -1.52587890625 887028
-2.44140625 1.03759765625 -3.11279296875 887108
-2.44140625 1.03759765625 -3.11279296875 887213
-1.46484375 0.8544921875 -2.3193359375 887214
-1.46484375 0.8544921875 -2.3193359375 887215
-1.46484375 0.8544921875 -2.3193359375 887216
-1.46484375 0.8544921875 -2.3193359375 887216
-1.15966796875 -0.18310546875 0 887288
-1.15966796875 -0.18310546875 0 887415
-2.99072265625 0.06103515625 -1.0986328125 887416
-2.99072265625 0.06103515625 -1.0986328125 887418
-2.99072265625 0.06103515625 -1.0986328125 887418
-2.99072265625 0.06103515625 -1.0986328125 887419
-2.44140625 0 -2.44140625 887509
-2.44140625 0 -2.44140625 887605
-4.82177734375 0.42724609375 -2.25830078125 887606
-4.82177734375 0.42724609375 -2.25830078125 887607
-4.82177734375 0.42724609375 -2.25830078125 887608
-4.82177734375 0.42724609375 -2.25830078125 887609
-4.82177734375 0.42724609375 -2.25830078125 887707
-2.50244140625 -0.54931640625 -1.52587890625 887726
-2.50244140625 -0.54931640625 -1.52587890625 887727
-2.50244140625 -0.54931640625 -1.52587890625 887728
-2.50244140625 -0.54931640625 -1.52587890625 887729
-2.50244140625 -0.54931640625 -1.52587890625 887814
-0.18310546875 0.79345703125 -1.953125 887815
-0.54931640625 0.732421875 -1.46484375 887912
-0.54931640625 0.732421875 -1.46484375 887913
-0.54931640625 0.732421875 -1.46484375 887914
-0.54931640625 0.732421875 -1.46484375 887915
-0.54931640625 0.732421875 -1.46484375 887991
-0.42724609375 0.06103515625 -1.3427734375 887992
-0.42724609375 0.06103515625 -1.3427734375 888117
0 1.03759765625 -1.89208984375 888118
0 1.03759765625 -1.89208984375 888120
0 1.03759765625 -1.89208984375 888121
0 1.03759765625 -1.89208984375 888122
-1.46484375 1.52587890625 -2.38037109375 888206
-1.46484375 1.52587890625 -2.38037109375 888307
-2.99072265625 -0.79345703125 -0.732421875 888308
-2.99072265625 -0.79345703125 -0.732421875 888309
-2.99072265625 -0.79345703125 -0.732421875 888310
-2.99072265625 -0.79345703125 -0.732421875 888311
-2.99072265625 -0.79345703125 -0.732421875 888412
-1.0986328125 0.732421875 -1.28173828125 888414
-1.0986328125 0.732421875 -1.28173828125 888415
-1.0986328125 0.732421875 -1.28173828125 888416
-1.0986328125 0.732421875 -1.28173828125 888416
-1.0986328125 0.732421875 -1.28173828125 888520
-1.0986328125 0.42724609375 -2.44140625 888522
-1.0986328125 0.42724609375 -2.44140625 888523
-1.0986328125 0.42724609375 -2.44140625 888524
-1.0986328125 0.42724609375 -2.44140625 888526
-0.18310546875 1.3427734375 -1.46484375 888607
-0.18310546875 1.3427734375 -1.46484375 888724
0 0.67138671875 -1.220703125 888726
0 0.67138671875 -1.220703125 888726
0 0.67138671875 -1.220703125 888727
0 0.67138671875 -1.220703125 888728
1.28173828125 1.40380859375 -2.99072265625 888811
1.28173828125 1.40380859375 -2.99072265625 888890
1.220703125 2.0751953125 -0.42724609375 888891
1.220703125 2.0751953125 -0.42724609375 888893
1.220703125 2.0751953125 -0.42724609375 888894
1.220703125 2.0751953125 -0.42724609375 888895
1.220703125 2.0751953125 -0.42724609375 889006
-0.54931640625 1.15966796875 -2.38037109375 889007
-0.54931640625 1.15966796875 -2.38037109375 889008
-0.54931640625 1.15966796875 -2.38037109375 889009
-0.54931640625 1.15966796875 -2.38037109375 889010
-3.23486328125 1.40380859375 -3.7841796875 889104
-3.23486328125 1.40380859375 -3.7841796875 889206
-1.52587890625 1.28173828125 -2.01416015625 889207
-1.52587890625 1.28173828125 -2.01416015625 889208
-1.52587890625 1.28173828125 -2.01416015625 889209
-1.52587890625 1.28173828125 -2.01416015625 889221
-1.52587890625 1.28173828125 -2.01416015625 889309
0.91552734375 1.0986328125 -1.52587890625 889311
0.91552734375 1.0986328125 -1.52587890625 889312
0.91552734375 1.0986328125 -1.52587890625 889314
0.91552734375 1.0986328125 -1.52587890625 889315
0.91552734375 1.0986328125 -1.52587890625 889411
0.06103515625 0.9765625 -2.62451171875 889412
0.06103515625 0.9765625 -2.62451171875 889413
0.06103515625 0.9765625 -2.62451171875 889414
0.06103515625 0.9765625 -2.62451171875 889415
0.06103515625 0.9765625 -2.62451171875 889514
-0.54931640625 0.6103515625 -2.86865234375 889515
-0.54931640625 0.6103515625 -2.86865234375 889516
-0.54931640625 0.6103515625 -2.86865234375 889518
-0.54931640625 0.6103515625 -2.86865234375 889519
-0.54931640625 0.6103515625 -2.86865234375 889618
-1.28173828125 0.6103515625 -2.685546875 889619
-1.28173828125 0.6103515625 -2.685546875 889620
-1.28173828125 0.6103515625 -2.685546875 889621
-1.28173828125 0.6103515625 -2.685546875 889622
-0.6103515625 0.91552734375 -1.708984375 889704
-0.6103515625 0.91552734375 -1.708984375 889806
-1.77001953125 0.3662109375 -2.62451171875 889807
-1.77001953125 0.3662109375 -2.62451171875 889808
-1.77001953125 0.3662109375 -2.62451171875 889809
-1.77001953125 0.3662109375 -2.62451171875 889810
-1.77001953125 0.3662109375 -2.62451171875 889918
-0.67138671875 1.46484375 -1.52587890625 889920
-0.67138671875 1.46484375 -1.52587890625 889921
-0.67138671875 1.46484375 -1.52587890625 889922
-0.67138671875 1.46484375 -1.52587890625 889924
1.77001953125 -0.244140625 -1.953125 890014
1.77001953125 -0.244140625 -1.953125 890092
0.42724609375 0.91552734375 -2.01416015625 890093
0.42724609375 0.91552734375 -2.01416015625 890094
0.42724609375 0.91552734375 -2.01416015625 890094
0.42724609375 0.91552734375 -2.01416015625 890095
0.42724609375 0.91552734375 -2.01416015625 890206
-0.54931640625 0.244140625 -0.91552734375 890208
-0.54931640625 0.244140625 -0.91552734375 890210
-0.54931640625 0.244140625 -0.91552734375 890211
-0.54931640625 0.244140625 -0.91552734375 890212
-1.03759765625 0.42724609375 -1.64794921875 890305
-1.03759765625 0.42724609375 -1.64794921875 890408
-0.244140625 1.0986328125 -2.685546875 890410
-0.244140625 1.0986328125 -2.685546875 890411
-0.244140625 1.0986328125 -2.685546875 890412
-0.244140625 1.0986328125 -2.685546875 890423
-0.244140625 1.0986328125 -2.685546875 890516
0.54931640625 0.42724609375 -2.685546875 890517
0.54931640625 0.42724609375 -2.685546875 890519
0.54931640625 0.42724609375 -2.685546875 890520
0.54931640625 0.42724609375 -2.685546875 890521
0.30517578125 0.06103515625 -2.44140625 890613
0.30517578125 0.06103515625 -2.44140625 890691
-0.732421875 1.708984375 -2.25830078125 890692
-0.732421875 1.708984375 -2.25830078125 890693
-0.732421875 1.708984375 -2.25830078125 890695
-0.732421875 1.708984375 -2.25830078125 890696
-0.732421875 1.708984375 -2.25830078125 890803
-0.244140625 1.0986328125 -2.44140625 890804
-0.244140625 1.0986328125 -2.44140625 890805
-0.244140625 1.0986328125 -2.44140625 890806
-0.244140625 1.0986328125 -2.44140625 890808
-0.244140625 1.0986328125 -2.44140625 890905
-0.244140625 0.42724609375 -0.79345703125 890906
-0.244140625 0.42724609375 -0.79345703125 890907
-0.244140625 0.42724609375 -0.79345703125 890908
-0.244140625 0.42724609375 -0.79345703125 890909
-0.244140625 0.42724609375 -0.79345703125 891022
-3.0517578125 -0.42724609375 -1.0986328125 891023
-3.0517578125 -0.42724609375 -1.0986328125 891024
-3.0517578125 -0.42724609375 -1.0986328125 891025
-3.0517578125 -0.42724609375 -1.0986328125 891026
-2.86865234375 0.6103515625 -1.46484375 891110
-2.86865234375 0.6103515625 -1.46484375 891212
-2.44140625 0.06103515625 -1.89208984375 891213
-2.44140625 0.06103515625 -1.89208984375 891214
-2.44140625 0.06103515625 -1.89208984375 891215
-2.44140625 0.06103515625 -1.89208984375 891216
-2.44140625 0.06103515625 -1.89208984375 891315
-2.9296875 -0.1220703125 -1.89208984375 891317
-2.9296875 -0.1220703125 -1.89208984375 891318
-2.9296875 -0.1220703125 -1.89208984375 891319
-2.9296875 -0.1220703125 -1.89208984375 891320
-3.41796875 0.91552734375 -3.60107421875 891394
-3.41796875 0.91552734375 -3.60107421875 891505
-6.4697265625 1.5869140625 -4.638671875 891506
-6.4697265625 1.5869140625 -4.638671875 891507
-6.4697265625 1.5869140625 -4.638671875 891508
-6.4697265625 1.5869140625 -4.638671875 891509
-6.4697265625 1.5869140625 -4.638671875 891607
-9.21630859375 1.3427734375 -5.9814453125 891609
-9.21630859375 1.3427734375 -5.9814453125 891610
-9.21630859375 1.3427734375 -5.9814453125 891611
-9.21630859375 1.3427734375 -5.9814453125 891612
-9.21630859375 1.3427734375 -5.9814453125 891720
-4.638671875 -0.244140625 -13.5498046875 891721
-4.638671875 -0.244140625 -13.5498046875 891722
-4.638671875 -0.244140625 -13.5498046875 891723
-4.638671875 -0.244140625 -13.5498046875 891724
-3.2958984375 3.7841796875 -13.0615234375 891806
-3.2958984375 3.7841796875 -13.0615234375 891914
2.0751953125 -2.74658203125 -13.427734375 891915
2.0751953125 -2.74658203125 -13.427734375 891916
2.0751953125 -2.74658203125 -13.427734375 891917
2.0751953125 -2.74658203125 -13.427734375 891918
11.29150390625 -1.40380859375 -12.63427734375 892011
11.29150390625 -1.40380859375 -12.63427734375 892114
13.97705078125 -8.6669921875 -15.56396484375 892115
13.97705078125 -8.6669921875 -15.56396484375 892116
13.97705078125 -8.6669921875 -15.56396484375 892117
13.97705078125 -8.6669921875 -15.56396484375 892118
27.587890625 18.85986328125 -31.06689453125 892194
27.587890625 18.85986328125 -31.06689453125 892306
56.7626953125 79.04052734375 -41.015625 892309
56.7626953125 79.04052734375 -41.015625 892310
56.7626953125 79.04052734375 -41.015625 892311
56.7626953125 79.04052734375 -41.015625 892312
56.7626953125 79.04052734375 -41.015625 892409
89.7216796875 160.7666015625 -30.1513671875 892427
89.7216796875 160.7666015625 -30.1513671875 892429
89.7216796875 160.7666015625 -30.1513671875 892430
89.7216796875 160.7666015625 -30.1513671875 892431
89.7216796875 160.7666015625 -30.1513671875 892513
104.1259765625 247.802734375 -34.97314453125 892515
104.1259765625 247.802734375 -34.97314453125 892648
84.65576171875 207.275390625 -31.982421875 892650
84.65576171875 207.275390625 -31.982421875 892651
84.65576171875 207.275390625 -31.982421875 892652
84.65576171875 207.275390625 -31.982421875 892653
0.48828125 37.41455078125 -24.84130859375 892692
0.48828125 37.41455078125 -24.84130859375 892814
-61.03515625 -141.54052734375 -5.4931640625 892815
-61.03515625 -141.54052734375 -5.4931640625 892816
-61.03515625 -141.54052734375 -5.4931640625 892817
-61.03515625 -141.54052734375 -5.4931640625 892818
-93.8720703125 -431.45751953125 91.552734375 892907
-93.8720703125 -431.45751953125 91.552734375 893023
-136.5966796875 -220.0927734375 27.89306640625 893024
-136.5966796875 -220.0927734375 27.89306640625 893025
-136.5966796875 -220.0927734375 27.89306640625 893026
-136.5966796875 -220.0927734375 27.89306640625 893027
-42.8466796875 -28.13720703125 34.36279296875 893114
-42.8466796875 -28.13720703125 34.36279296875 893213
36.62109375 68.4814453125 4.2724609375 893214
36.62109375 68.4814453125 4.2724609375 893215
36.62109375 68.4814453125 4.2724609375 893216
36.62109375 68.4814453125 4.2724609375 893217
36.62109375 68.4814453125 4.2724609375 893347
31.06689453125 57.373046875 0.67138671875 893348
31.06689453125 57.373046875 0.67138671875 893349
31.06689453125 57.373046875 0.67138671875 893350
31.06689453125 57.373046875 0.67138671875 893351
31.06689453125 57.373046875 0.67138671875 893487
20.08056640625 50.72021484375 8.7890625 893488
20.08056640625 50.72021484375 8.7890625 893489
20.08056640625 50.72021484375 8.7890625 893490
20.08056640625 50.72021484375 8.7890625 893491
74.03564453125 111.328125 -5.18798828125 893502
74.03564453125 111.328125 -5.18798828125 893614
74.462890625 154.6630859375 -1.03759765625 893717
74.462890625 154.6630859375 -1.03759765625 893718
74.462890625 154.6630859375 -1.03759765625 893719
74.462890625 154.6630859375 -1.03759765625 893720
74.462890625 154.6630859375 -1.03759765625 893847
42.78564453125 105.28564453125 -10.498046875 893849
42.78564453125 105.28564453125 -10.498046875 893850
42.78564453125 105.28564453125 -10.498046875 893851
42.78564453125 105.28564453125 -10.498046875 893853
-1.89208984375 23.4375 1.46484375 893854
-1.89208984375 23.4375 1.46484375 894024
-9.21630859375 -10.009765625 1.220703125 894025
-9.21630859375 -10.009765625 1.220703125 894026
-9.21630859375 -10.009765625 1.220703125 894027
-9.21630859375 -10.009765625 1.220703125 894029
-0.732421875 -9.521484375 -8.4228515625 894030
-3.5400390625 4.08935546875 -3.84521484375 894107
-3.5400390625 4.08935546875 -3.84521484375 894210
1.46484375 -19.1650390625 5.37109375 894211
1.46484375 -19.1650390625 5.37109375 894212
1.46484375 -19.1650390625 5.37109375 894213
1.46484375 -19.1650390625 5.37109375 894215
-45.59326171875 -116.455078125 9.8876953125 894308
-45.59326171875 -116.455078125 9.8876953125 894415
-71.96044921875 -134.33837890625 20.20263671875 894416
-71.96044921875 -134.33837890625 20.20263671875 894417
-71.96044921875 -134.33837890625 20.20263671875 894419
-71.96044921875 -134.33837890625 20.20263671875 894420
-71.96044921875 -134.33837890625 20.20263671875 894894
-22.0947265625 -62.68310546875 17.822265625 894896
-22.0947265625 -62.68310546875 17.822265625 894897
-22.0947265625 -62.68310546875 17.822265625 894898
-22.0947265625 -62.68310546875 17.822265625 894899
14.83154296875 -1.15966796875 -1.953125 894901
3.41796875 -0.732421875 -2.74658203125 894902
-2.3193359375 -7.01904296875 1.46484375 894903
-0.79345703125 -12.8173828125 4.33349609375 894925
-0.79345703125 -12.8173828125 4.33349609375 895052
3.0517578125 -6.9580078125 -1.953125 895053
3.0517578125 -6.9580078125 -1.953125 895054
3.0517578125 -6.9580078125 -1.953125 895055
3.0517578125 -6.9580078125 -1.953125 895056
2.5634765625 3.72314453125 -3.96728515625 895108
2.5634765625 3.72314453125 -3.96728515625 895208
5.92041015625 14.58740234375 -8.6669921875 895210
5.92041015625 14.58740234375 -8.6669921875 895211
5.92041015625 14.58740234375 -8.6669921875 895213
5.92041015625 14.58740234375 -8.6669921875 895214
5.92041015625 14.58740234375 -8.6669921875 895313
22.52197265625 43.64013671875 -13.427734375 895315
22.52197265625 43.64013671875 -13.427734375 895316
22.52197265625 43.64013671875 -13.427734375 895317
22.52197265625 43.64013671875 -13.427734375 895318
55.7861328125 144.10400390625 -37.78076171875 895410
55.7861328125 144.10400390625 -37.78076171875 895528
32.89794921875 112.9150390625 -0.42724609375 895530
32.89794921875 112.9150390625 -0.42724609375 895531
32.89794921875 112.9150390625 -0.42724609375 895532
32.89794921875 112.9150390625 -0.42724609375 895533
-10.009765625 7.9345703125 26.123046875 895606
-10.009765625 7.9345703125 26.123046875 895711
-66.650390625 -144.47021484375 11.90185546875 895712
-66.650390625 -144.47021484375 11.90185546875 895713
-66.650390625 -144.47021484375 11.90185546875 895714
-66.650390625 -144.47021484375 11.90185546875 895716
-66.650390625 -144.47021484375 11.90185546875 895811
-53.5888671875 -120.66650390625 43.45703125 895812
-53.5888671875 -120.66650390625 43.45703125 895813
-53.5888671875 -120.66650390625 43.45703125 895814
-53.5888671875 -120.66650390625 43.45703125 895815
-53.5888671875 -120.66650390625 43.45703125 895928
-78.61328125 -125.42724609375 33.3251953125 895929
-78.61328125 -125.42724609375 33.3251953125 895930
-78.61328125 -125.42724609375 33.3251953125 895931
-78.61328125 -125.42724609375 33.3251953125 895932
-58.65478515625 -68.90869140625 14.58740234375 896020
-58.65478515625 -68.90869140625 14.58740234375 896095
-55.23681640625 -9.1552734375 -0.732421875 896096
-55.23681640625 -9.1552734375 -0.732421875 896097
-55.23681640625 -9.1552734375 -0.732421875 896098
-55.23681640625 -9.1552734375 -0.732421875 896099
-55.23681640625 -9.1552734375 -0.732421875 896206
-22.4609375 29.78515625 -12.5732421875 896207
-22.4609375 29.78515625 -12.5732421875 896208
-22.4609375 29.78515625 -12.5732421875 896225
-22.4609375 29.78515625 -12.5732421875 896227
-22.4609375 29.78515625 -12.5732421875 896313
-13.671875 5.37109375 -6.16455078125 896315
-13.671875 5.37109375 -6.16455078125 896316
-13.671875 5.37109375 -6.16455078125 896317
-13.671875 5.37109375 -6.16455078125 896413
-15.2587890625 -12.02392578125 3.0517578125 896415
-15.2587890625 -12.02392578125 3.0517578125 896416
-15.2587890625 -12.02392578125 3.0517578125 896516
1.953125 2.62451171875 -8.23974609375 896517
1.953125 2.62451171875 -8.23974609375 896518
1.953125 2.62451171875 -8.23974609375 896519
1.953125 2.62451171875 -8.23974609375 896520
1.953125 2.62451171875 -8.23974609375 896635
-6.16455078125 5.7373046875 -10.986328125 896636
-6.16455078125 5.7373046875 -10.986328125 896637
-6.16455078125 5.7373046875 -10.986328125 896638
-6.16455078125 5.7373046875 -10.986328125 896638
-6.7138671875 5.126953125 -9.8876953125 896696
-6.7138671875 5.126953125 -9.8876953125 896806
-2.86865234375 2.25830078125 -4.45556640625 896808
-2.86865234375 2.25830078125 -4.45556640625 896809
-2.86865234375 2.25830078125 -4.45556640625 896810
-2.86865234375 2.25830078125 -4.45556640625 896811
-2.86865234375 2.25830078125 -4.45556640625 896909
-2.44140625 2.8076171875 -3.47900390625 896910
-2.44140625 2.8076171875 -3.47900390625 896911
-2.44140625 2.8076171875 -3.47900390625 896913
-2.44140625 2.8076171875 -3.47900390625 896914
-2.44140625 2.8076171875 -3.47900390625 897027
-2.50244140625 0.6103515625 0.18310546875 897029
-2.50244140625 0.6103515625 0.18310546875 897030
-2.50244140625 0.6103515625 0.18310546875 897031
-2.50244140625 0.6103515625 0.18310546875 897032
1.220703125 1.77001953125 -1.40380859375 897115
1.220703125 1.77001953125 -1.40380859375 897217
10.92529296875 4.2724609375 -7.32421875 897219
10.92529296875 4.2724609375 -7.32421875 897220
10.92529296875 4.2724609375 -7.32421875 897221
10.92529296875 4.2724609375 -7.32421875 897222
-5.18798828125 -1.46484375 -1.89208984375 897296
-5.18798828125 -1.46484375 -1.89208984375 897407
-4.7607421875 0.1220703125 -2.13623046875 897408
-4.7607421875 0.1220703125 -2.13623046875 897409
-4.7607421875 0.1220703125 -2.13623046875 897410
-4.7607421875 0.1220703125 -2.13623046875 897411
-4.7607421875 0.1220703125 -2.13623046875 897510
-3.0517578125 -0.6103515625 -0.54931640625 897511
-3.0517578125 -0.6103515625 -0.54931640625 897512
-3.0517578125 -0.6103515625 -0.54931640625 897513
-3.0517578125 -0.6103515625 -0.54931640625 897514
-3.0517578125 -0.6103515625 -0.54931640625 897626
-1.46484375 -1.0986328125 0.79345703125 897627
-1.46484375 -1.0986328125 0.79345703125 897628
-1.46484375 -1.0986328125 0.79345703125 897629
-1.46484375 -1.0986328125 0.79345703125 897630
1.46484375 -0.8544921875 -1.40380859375 897715
1.46484375 -0.8544921875 -1.40380859375 897818
-1.8310546875 -0.54931640625 -0.91552734375 897839
-1.8310546875 -0.54931640625 -0.91552734375 897840
-1.8310546875 -0.54931640625 -0.91552734375 897841
-1.8310546875 -0.54931640625 -0.91552734375 897842
1.52587890625 -1.3427734375 -0.6103515625 897902
1.52587890625 -1.3427734375 -0.6103515625 898024
0.30517578125 -0.3662109375 -2.44140625 898025
0.30517578125 -0.3662109375 -2.44140625 898027
0.30517578125 -0.3662109375 -2.44140625 898028
0.30517578125 -0.3662109375 -2.44140625 898029
0.6103515625 0.1220703125 -2.0751953125 898120
0.6103515625 0.1220703125 -2.0751953125 898218
-1.15966796875 0.6103515625 -2.62451171875 898219
-1.15966796875 0.6103515625 -2.62451171875 898220
-1.15966796875 0.6103515625 -2.62451171875 898221
-1.15966796875 0.6103515625 -2.62451171875 898222
-1.220703125 -1.3427734375 -0.9765625 898308
-1.220703125 -1.3427734375 -0.9765625 898410
-1.3427734375 0.18310546875 -1.15966796875 898411
-1.3427734375 0.18310546875 -1.15966796875 898412
-1.3427734375 0.18310546875 -1.15966796875 898413
-1.3427734375 0.18310546875 -1.15966796875 898414
-1.3427734375 0.18310546875 -1.15966796875 898514
-1.46484375 -2.99072265625 -0.8544921875 898515
-1.46484375 -2.99072265625 -0.8544921875 898516
-1.46484375 -2.99072265625 -0.8544921875 898517
-1.46484375 -2.99072265625 -0.8544921875 898518
-1.46484375 -2.99072265625 -0.8544921875 898616
-1.8310546875 0.91552734375 -1.8310546875 898617
-1.8310546875 0.91552734375 -1.8310546875 898618
-1.8310546875 0.91552734375 -1.8310546875 898620
-1.8310546875 0.91552734375 -1.8310546875 898621
-1.8310546875 0.91552734375 -1.8310546875 898718
-1.5869140625 1.3427734375 -3.0517578125 898719
-1.5869140625 1.3427734375 -3.0517578125 898720
-1.5869140625 1.3427734375 -3.0517578125 898721
-1.5869140625 1.3427734375 -3.0517578125 898722
1.708984375 -0.244140625 -2.86865234375 898810
1.708984375 -0.244140625 -2.86865234375 898910
0.30517578125 -0.18310546875 -1.708984375 898911
0.30517578125 -0.18310546875 -1.708984375 898912
0.30517578125 -0.18310546875 -1.708984375 898914
0.30517578125 -0.18310546875 -1.708984375 898962
0.30517578125 -0.18310546875 -1.708984375 899012
-1.89208984375 1.40380859375 -3.7841796875 899013
-1.89208984375 1.40380859375 -3.7841796875 899014
-1.89208984375 1.40380859375 -3.7841796875 899015
-1.89208984375 1.40380859375 -3.7841796875 899017
-1.89208984375 1.40380859375 -3.7841796875 899114
-0.18310546875 0.48828125 -2.197265625 899115
-0.18310546875 0.48828125 -2.197265625 899116
-0.18310546875 0.48828125 -2.197265625 899117
-0.18310546875 0.48828125 -2.197265625 899118
-0.18310546875 0.48828125 -2.197265625 899218
0.18310546875 0.79345703125 -0.8544921875 899219
0.18310546875 0.79345703125 -0.8544921875 899220
0.18310546875 0.79345703125 -0.8544921875 899221
0.18310546875 0.79345703125 -0.8544921875 899222
0.18310546875 0.79345703125 -0.8544921875 899320
-0.67138671875 0.42724609375 -0.1220703125 899321
-0.67138671875 0.42724609375 -0.1220703125 899322
-0.67138671875 0.42724609375 -0.1220703125 899323
-0.67138671875 0.42724609375 -0.1220703125 899324
-0.244140625 0 -1.3427734375 899400
-0.244140625 0 -1.3427734375 899510
-1.5869140625 1.46484375 -2.3193359375 899511
-1.5869140625 1.46484375 -2.3193359375 899512
-1.5869140625 1.46484375 -2.3193359375 899513
-1.5869140625 1.46484375 -2.3193359375 899514
-1.5869140625 1.46484375 -2.3193359375 899614
0 0.48828125 -0.732421875 899615
0 0.48828125 -0.732421875 899616
0 0.48828125 -0.732421875 899617
0 0.48828125 -0.732421875 899618
0 0.48828125 -0.732421875 899716
-0.6103515625 0.8544921875 -1.77001953125 899717
-0.6103515625 0.8544921875 -1.77001953125 899718
-0.6103515625 0.8544921875 -1.77001953125 899719
-0.6103515625 0.8544921875 -1.77001953125 899720
-0.54931640625 1.03759765625 -2.13623046875 899815
-0.54931640625 1.03759765625 -2.13623046875 899924
-1.89208984375 0.42724609375 -1.8310546875 899925
-1.89208984375 0.42724609375 -1.8310546875 899926
-1.89208984375 0.42724609375 -1.8310546875 899928
-1.89208984375 0.42724609375 -1.8310546875 899929
-1.89208984375 0.42724609375 -1.8310546875 900061
0 0.244140625 -1.220703125 900062
0 0.244140625 -1.220703125 900063
0 0.244140625 -1.220703125 900064
0 0.244140625 -1.220703125 900065
-3.173828125 0.8544921875 -1.953125 900099
-3.173828125 0.8544921875 -1.953125 900223
-2.25830078125 0.18310546875 -2.38037109375 900225
-2.25830078125 0.18310546875 -2.38037109375 900226
-2.25830078125 0.18310546875 -2.38037109375 900227
-2.25830078125 0.18310546875 -2.38037109375 900228
-2.38037109375 -0.1220703125 -0.54931640625 900313
-2.38037109375 -0.1220703125 -0.54931640625 900432
0.30517578125 0.54931640625 -1.77001953125 900434
0.30517578125 0.54931640625 -1.77001953125 900434
0.30517578125 0.54931640625 -1.77001953125 900435
0.30517578125 0.54931640625 -1.77001953125 900436
0.42724609375 1.5869140625 -2.13623046875 900522
0.42724609375 1.5869140625 -2.13623046875 900633
-1.5869140625 0.3662109375 -3.84521484375 900642
-1.5869140625 0.3662109375 -3.84521484375 900643
-1.5869140625 0.3662109375 -3.84521484375 900643
-1.5869140625 0.3662109375 -3.84521484375 900644
-0.1220703125 0.30517578125 -1.5869140625 900699
-0.1220703125 0.30517578125 -1.5869140625 900810
-2.197265625 0.18310546875 -1.3427734375 900811
-2.197265625 0.18310546875 -1.3427734375 900812
-2.197265625 0.18310546875 -1.3427734375 900813
-2.197265625 0.18310546875 -1.3427734375 900815
-2.197265625 0.18310546875 -1.3427734375 900913
-2.13623046875 0.244140625 -3.35693359375 900914
-2.13623046875 0.244140625 -3.35693359375 900915
-2.13623046875 0.244140625 -3.35693359375 900915
-2.13623046875 0.244140625 -3.35693359375 900916
-2.13623046875 0.244140625 -3.35693359375 901014
-2.685546875 0.54931640625 -1.46484375 901015
-2.685546875 0.54931640625 -1.46484375 901016
-2.685546875 0.54931640625 -1.46484375 901017
-2.685546875 0.54931640625 -1.46484375 901018
-2.685546875 0.54931640625 -1.46484375 901117
-1.0986328125 -0.244140625 -2.685546875 901118
-1.0986328125 -0.244140625 -2.685546875 901120
-1.0986328125 -0.244140625 -2.685546875 901121
-1.0986328125 -0.244140625 -2.685546875 901122
-1.0986328125 -0.244140625 -2.685546875 901238
-3.96728515625 0.1220703125 -2.38037109375 901253
-3.96728515625 0.1220703125 -2.38037109375 901254
-3.96728515625 0.1220703125 -2.38037109375 901255
-3.96728515625 0.1220703125 -2.38037109375 901256
-0.42724609375 1.0986328125 -1.46484375 901330
-0.42724609375 1.0986328125 -1.46484375 901406
-0.42724609375 0.244140625 -2.25830078125 901407
-0.42724609375 0.244140625 -2.25830078125 901409
-0.42724609375 0.244140625 -2.25830078125 901410
-0.42724609375 0.244140625 -2.25830078125 901411
-0.42724609375 0.244140625 -2.25830078125 901509
-0.244140625 0.8544921875 -2.9296875 901524
-0.244140625 0.8544921875 -2.9296875 901525
-0.244140625 0.8544921875 -2.9296875 901527
-0.244140625 0.8544921875 -2.9296875 901528
-0.244140625 0.8544921875 -2.9296875 901611
0.54931640625 0.244140625 -2.197265625 901612
0.54931640625 0.244140625 -2.197265625 901713
-0.48828125 0 -0.79345703125 901714
-0.48828125 0 -0.79345703125 901715
-0.48828125 0 -0.79345703125 901716
-0.48828125 0 -0.79345703125 901717
-0.48828125 0 -0.79345703125 901817
0.48828125 0.79345703125 -2.44140625 901818
0.48828125 0.79345703125 -2.44140625 901819
0.48828125 0.79345703125 -2.44140625 901820
0.48828125 0.79345703125 -2.44140625 901822
0.48828125 0.79345703125 -2.44140625 901919
-1.77001953125 -0.1220703125 -1.0986328125 901920
-1.77001953125 -0.1220703125 -1.0986328125 901921
-1.77001953125 -0.1220703125 -1.0986328125 901923
-1.77001953125 -0.1220703125 -1.0986328125 901924
-1.77001953125 -0.1220703125 -1.0986328125 902022
-0.3662109375 0.42724609375 -2.99072265625 902023
-0.3662109375 0.42724609375 -2.99072265625 902024
-0.3662109375 0.42724609375 -2.99072265625 902025
-0.3662109375 0.42724609375 -2.99072265625 902026
-0.54931640625 1.0986328125 -2.99072265625 902099
-0.54931640625 1.0986328125 -2.99072265625 902226
-1.220703125 0.18310546875 -1.3427734375 902227
-1.220703125 0.18310546875 -1.3427734375 902228
-1.220703125 0.18310546875 -1.3427734375 902229
-1.220703125 0.18310546875 -1.3427734375 902230
0.30517578125 0.91552734375 -1.64794921875 902313
0.30517578125 0.91552734375 -1.64794921875 902433
0.06103515625 0.9765625 -2.74658203125 902440
0.06103515625 0.9765625 -2.74658203125 902441
0.06103515625 0.9765625 -2.74658203125 902442
0.06103515625 0.9765625 -2.74658203125 902443
-1.28173828125 0.67138671875 -2.86865234375 902518
-1.28173828125 0.67138671875 -2.86865234375 902621
-1.40380859375 0.91552734375 -1.708984375 902622
-1.40380859375 0.91552734375 -1.708984375 902623
-1.40380859375 0.91552734375 -1.708984375 902624
-1.40380859375 0.91552734375 -1.708984375 902624
0 0.06103515625 -2.25830078125 902717
0 0.06103515625 -2.25830078125 902811
-0.3662109375 1.15966796875 -2.86865234375 902812
-0.3662109375 1.15966796875 -2.86865234375 902813
-0.3662109375 1.15966796875 -2.86865234375 902814
-0.3662109375 1.15966796875 -2.86865234375 902814
-0.3662109375 1.15966796875 -2.86865234375 902934
1.89208984375 0.54931640625 -3.96728515625 902936
1.89208984375 0.54931640625 -3.96728515625 902937
1.89208984375 0.54931640625 -3.96728515625 902938
1.89208984375 0.54931640625 -3.96728515625 902939
1.89208984375 0.54931640625 -3.96728515625 903154
-2.38037109375 1.03759765625 -3.47900390625 903156
-2.38037109375 1.03759765625 -3.47900390625 903157
-2.38037109375 1.03759765625 -3.47900390625 903158
-2.38037109375 1.03759765625 -3.47900390625 903159
-1.0986328125 1.0986328125 -1.46484375 903160
0 0.9765625 -1.220703125 903235
0 0.9765625 -1.220703125 903325
-0.06103515625 1.03759765625 -2.38037109375 903327
-0.06103515625 1.03759765625 -2.38037109375 903328
-0.06103515625 1.03759765625 -2.38037109375 903330
-0.06103515625 1.03759765625 -2.38037109375 903331
-1.220703125 -0.79345703125 -1.953125 903413
-1.220703125 -0.79345703125 -1.953125 903515
-0.48828125 1.3427734375 -1.3427734375 903516
-0.48828125 1.3427734375 -1.3427734375 903517
-0.48828125 1.3427734375 -1.3427734375 903518
-0.48828125 1.3427734375 -1.3427734375 903518
-0.48828125 1.3427734375 -1.3427734375 903617
0.48828125 1.03759765625 -2.197265625 903618
0.48828125 1.03759765625 -2.197265625 903620
0.48828125 1.03759765625 -2.197265625 903621
0.48828125 1.03759765625 -2.197265625 903622
0.48828125 1.03759765625 -2.197265625 903719
-3.11279296875 -0.244140625 -1.77001953125 903721
-3.11279296875 -0.244140625 -1.77001953125 903722
-3.11279296875 -0.244140625 -1.77001953125 903723
-3.11279296875 -0.244140625 -1.77001953125 903724
-3.11279296875 -0.244140625 -1.77001953125 903839
-2.44140625 -0.18310546875 -1.953125 903841
-2.44140625 -0.18310546875 -1.953125 903842
-2.44140625 -0.18310546875 -1.953125 903843
-2.44140625 -0.18310546875 -1.953125 903844
-3.96728515625 0.244140625 -2.5634765625 903901
-3.96728515625 0.244140625 -2.5634765625 904012
-2.99072265625 0.3662109375 -1.708984375 904013
-2.99072265625 0.3662109375 -1.708984375 904014
-2.99072265625 0.3662109375 -1.708984375 904015
-2.99072265625 0.3662109375 -1.708984375 904016
-2.99072265625 0.3662109375 -1.708984375 904114
-2.25830078125 0.30517578125 -2.0751953125 904115
-2.25830078125 0.30517578125 -2.0751953125 904116
-2.25830078125 0.30517578125 -2.0751953125 904117
-2.25830078125 0.30517578125 -2.0751953125 904118
-2.25830078125 0.30517578125 -2.0751953125 904217
-1.8310546875 -0.06103515625 -2.13623046875 904218
-1.8310546875 -0.06103515625 -2.13623046875 904219
-1.8310546875 -0.06103515625 -2.13623046875 904220
-1.8310546875 -0.06103515625 -2.13623046875 904221
-1.8310546875 -0.06103515625 -2.13623046875 904319
-1.0986328125 -0.06103515625 -1.8310546875 904352
-1.0986328125 -0.06103515625 -1.8310546875 904353
-1.0986328125 -0.06103515625 -1.8310546875 904354
-1.0986328125 -0.06103515625 -1.8310546875 904355
-1.0986328125 -0.06103515625 -1.8310546875 904422
-1.03759765625 0 -1.3427734375 904424
-1.03759765625 0 -1.3427734375 904543
-3.90625 0 -2.685546875 904545
-3.90625 0 -2.685546875 904546
-3.90625 0 -2.685546875 904547
-3.90625 0 -2.685546875 904549
-6.16455078125 -1.5869140625 -1.52587890625 904621
-6.16455078125 -1.5869140625 -1.52587890625 904713
-7.2021484375 0.91552734375 -3.5400390625 904714
-7.2021484375 0.91552734375 -3.5400390625 904715
-7.2021484375 0.91552734375 -3.5400390625 904716
-7.2021484375 0.91552734375 -3.5400390625 904717
-7.2021484375 0.91552734375 -3.5400390625 904816
-9.27734375 -0.06103515625 -6.77490234375 904817
-9.27734375 -0.06103515625 -6.77490234375 904819
-9.27734375 -0.06103515625 -6.77490234375 904849
-9.27734375 -0.06103515625 -6.77490234375 904850
-9.27734375 -0.06103515625 -6.77490234375 904918
-4.5166015625 -2.01416015625 -10.80322265625 904920
-4.5166015625 -2.01416015625 -10.80322265625 904921
-4.5166015625 -2.01416015625 -10.80322265625 904922
-4.5166015625 -2.01416015625 -10.80322265625 905021
-1.220703125 -1.708984375 -14.70947265625 905022
-1.220703125 -1.708984375 -14.70947265625 905023
-1.220703125 -1.708984375 -14.70947265625 905024
-1.220703125 -1.708984375 -14.70947265625 905025
-1.220703125 -1.708984375 -14.70947265625 905123
5.92041015625 -3.2958984375 -15.5029296875 905125
5.92041015625 -3.2958984375 -15.5029296875 905126
5.92041015625 -3.2958984375 -15.5029296875 905127
5.92041015625 -3.2958984375 -15.5029296875 905128
5.615234375 -4.21142578125 -11.962890625 905203
5.615234375 -4.21142578125 -11.962890625 905315
15.19775390625 -0.91552734375 -24.23095703125 905316
15.19775390625 -0.91552734375 -24.23095703125 905317
15.19775390625 -0.91552734375 -24.23095703125 905318
15.19775390625 -0.91552734375 -24.23095703125 905319
15.19775390625 -0.91552734375 -24.23095703125 905418
29.35791015625 37.41455078125 -36.4990234375 905420
29.35791015625 37.41455078125 -36.4990234375 905421
29.35791015625 37.41455078125 -36.4990234375 905422
29.35791015625 37.41455078125 -36.4990234375 905423
29.35791015625 37.41455078125 -36.4990234375 905522
102.23388671875 161.92626953125 -72.32666015625 905523
102.23388671875 161.92626953125 -72.32666015625 905524
102.23388671875 161.92626953125 -72.32666015625 905526
102.23388671875 161.92626953125 -72.32666015625 905541
102.23388671875 161.92626953125 -72.32666015625 905624
91.6748046875 280.94482421875 -47.79052734375 905625
91.6748046875 280.94482421875 -47.79052734375 905626
91.6748046875 280.94482421875 -47.79052734375 905626
91.6748046875 280.94482421875 -47.79052734375 905627
58.16650390625 252.99072265625 -37.4755859375 905702
58.16650390625 252.99072265625 -37.4755859375 905813
33.69140625 95.03173828125 -10.8642578125 905814
33.69140625 95.03173828125 -10.8642578125 905815
33.69140625 95.03173828125 -10.8642578125 905816
33.69140625 95.03173828125 -10.8642578125 905817
33.69140625 95.03173828125 -10.8642578125 905916
-82.6416015625 -205.38330078125 -4.8828125 905917
-82.6416015625 -205.38330078125 -4.8828125 905918
-82.6416015625 -205.38330078125 -4.8828125 905919
-82.6416015625 -205.38330078125 -4.8828125 905920
-82.6416015625 -205.38330078125 -4.8828125 906023
-59.02099609375 -393.5546875 56.2744140625 906024
-59.02099609375 -393.5546875 56.2744140625 906026
-59.02099609375 -393.5546875 56.2744140625 906027
-59.02099609375 -393.5546875 56.2744140625 906028
-59.02099609375 -393.5546875 56.2744140625 906170
-122.9248046875 -184.14306640625 46.93603515625 906171
-122.9248046875 -184.14306640625 46.93603515625 906172
-122.9248046875 -184.14306640625 46.93603515625 906173
-122.9248046875 -184.14306640625 46.93603515625 906177
-17.02880859375 -25.7568359375 34.423828125 906225
-17.02880859375 -25.7568359375 34.423828125 906338
-20.93505859375 12.6953125 29.60205078125 906339
-20.93505859375 12.6953125 29.60205078125 906340
-20.93505859375 12.6953125 29.60205078125 906341
-20.93505859375 12.6953125 29.60205078125 906342
10.25390625 44.61669921875 15.0146484375 906406
10.25390625 44.61669921875 15.0146484375 906519
29.1748046875 50.59814453125 -7.080078125 906520
29.1748046875 50.59814453125 -7.080078125 906521
29.1748046875 50.59814453125 -7.080078125 906523
29.1748046875 50.59814453125 -7.080078125 906524
29.1748046875 50.59814453125 -7.080078125 906706
49.072265625 57.80029296875 -8.056640625 906796
49.072265625 57.80029296875 -8.056640625 906798
49.072265625 57.80029296875 -8.056640625 906799
49.072265625 57.80029296875 -8.056640625 906800
39.00146484375 58.41064453125 -1.64794921875 906801
39.00146484375 58.41064453125 -1.64794921875 906813
66.0400390625 106.75048828125 -28.99169921875 906814
66.0400390625 106.75048828125 -28.99169921875 906924
64.94140625 114.3798828125 -27.7099609375 906944
64.94140625 114.3798828125 -27.7099609375 906946
64.94140625 114.3798828125 -27.7099609375 906947
64.94140625 114.3798828125 -27.7099609375 906948
26.0009765625 94.90966796875 -11.5966796875 907018
26.0009765625 94.90966796875 -11.5966796875 907137
4.638671875 67.5048828125 -8.48388671875 907138
4.638671875 67.5048828125 -8.48388671875 907139
4.638671875 67.5048828125 -8.48388671875 907140
4.638671875 67.5048828125 -8.48388671875 907140
9.33837890625 33.75244140625 -3.5400390625 907223
9.33837890625 33.75244140625 -3.5400390625 907340
-0.6103515625 10.986328125 7.26318359375 907349
-0.6103515625 10.986328125 7.26318359375 907350
-0.6103515625 10.986328125 7.26318359375 907351
-0.6103515625 10.986328125 7.26318359375 907352
-25.2685546875 -21.91162109375 19.71435546875 907404
-25.2685546875 -21.91162109375 19.71435546875 907516
-42.236328125 -117.73681640625 42.96875 907517
-42.236328125 -117.73681640625 42.96875 907518
-42.236328125 -117.73681640625 42.96875 907519
-42.236328125 -117.73681640625 42.96875 907521
-42.236328125 -117.73681640625 42.96875 907618
-77.0263671875 -169.49462890625 60.36376953125 907620
-77.0263671875 -169.49462890625 60.36376953125 907621
-77.0263671875 -169.49462890625 60.36376953125 907622
-77.0263671875 -169.49462890625 60.36376953125 907623
-62.92724609375 -131.40869140625 68.54248046875 907721
-62.92724609375 -131.40869140625 68.54248046875 907722
-62.92724609375 -131.40869140625 68.54248046875 907723
-62.92724609375 -131.40869140625 68.54248046875 907724
-62.92724609375 -131.40869140625 68.54248046875 907825
-65.3076171875 -78.4912109375 22.39990234375 907826
-65.3076171875 -78.4912109375 22.39990234375 907828
-65.3076171875 -78.4912109375 22.39990234375 907829
-65.3076171875 -78.4912109375 22.39990234375 907831
-50.537109375 -47.8515625 10.25390625 907914
-50.537109375 -47.8515625 10.25390625 908018
-10.7421875 8.6669921875 -6.04248046875 908019
-10.7421875 8.6669921875 -6.04248046875 908021
-10.7421875 8.6669921875 -6.04248046875 908022
-10.7421875 8.6669921875 -6.04248046875 908023
-10.7421875 8.6669921875 -6.04248046875 908123
-7.4462890625 13.61083984375 -9.21630859375 908124
-7.4462890625 13.61083984375 -9.21630859375 908136
-7.4462890625 13.61083984375 -9.21630859375 908138
-7.4462890625 13.61083984375 -9.21630859375 908139
-7.4462890625 13.61083984375 -9.21630859375 908223
-4.2724609375 10.3759765625 -3.84521484375 908225
-4.2724609375 10.3759765625 -3.84521484375 908226
-4.2724609375 10.3759765625 -3.84521484375 908326
-10.3759765625 5.37109375 -7.4462890625 908327
-10.3759765625 5.37109375 -7.4462890625 908329
-10.3759765625 5.37109375 -7.4462890625 908330
-10.3759765625 5.37109375 -7.4462890625 908331
-9.27734375 5.43212890625 -5.0048828125 908405
-9.27734375 5.43212890625 -5.0048828125 908517
-11.29150390625 6.40869140625 -6.591796875 908518
-11.29150390625 6.40869140625 -6.591796875 908519
-11.29150390625 6.40869140625 -6.591796875 908520
-11.29150390625 6.40869140625 -6.591796875 908521
-11.29150390625 6.40869140625 -6.591796875 908634
-5.4931640625 7.14111328125 -6.16455078125 908636
-5.4931640625 7.14111328125 -6.16455078125 908637
-5.4931640625 7.14111328125 -6.16455078125 908638
-5.4931640625 7.14111328125 -6.16455078125 908639
-3.662109375 0.06103515625 -0.732421875 908722
-3.662109375 0.06103515625 -0.732421875 908844
-5.126953125 1.708984375 -3.2958984375 908847
-5.126953125 1.708984375 -3.2958984375 908848
-5.126953125 1.708984375 -3.2958984375 908849
-5.126953125 1.708984375 -3.2958984375 908850
-1.03759765625 3.84521484375 -5.859375 908926
-1.03759765625 3.84521484375 -5.859375 909018
1.52587890625 1.3427734375 -2.86865234375 909064
1.52587890625 1.3427734375 -2.86865234375 909065
1.52587890625 1.3427734375 -2.86865234375 909066
1.52587890625 1.3427734375 -2.86865234375 909066
-0.732421875 -1.220703125 -2.99072265625 909117
-0.732421875 -1.220703125 -2.99072265625 909219
0.244140625 -0.8544921875 -3.35693359375 909220
0.244140625 -0.8544921875 -3.35693359375 909221
0.244140625 -0.8544921875 -3.35693359375 909223
0.244140625 -0.8544921875 -3.35693359375 909224
0.244140625 -0.8544921875 -3.35693359375 909324
-0.3662109375 1.3427734375 -6.04248046875 909325
-0.3662109375 1.3427734375 -6.04248046875 909339
-0.3662109375 1.3427734375 -6.04248046875 909340
-0.3662109375 1.3427734375 -6.04248046875 909341
-0.3662109375 1.3427734375 -6.04248046875 909426
-1.28173828125 0.18310546875 -1.953125 909427
-1.28173828125 0.18310546875 -1.953125 909428
-1.28173828125 0.18310546875 -1.953125 909528
-1.03759765625 -0.1220703125 -4.33349609375 909529
-1.03759765625 -0.1220703125 -4.33349609375 909531
-1.03759765625 -0.1220703125 -4.33349609375 909532
-1.03759765625 -0.1220703125 -4.33349609375 909533
-2.13623046875 -2.62451171875 -2.9296875 909619
-2.13623046875 -2.62451171875 -2.9296875 909720
-2.74658203125 -0.79345703125 -0.79345703125 909796
-2.74658203125 -0.79345703125 -0.79345703125 909797
-2.74658203125 -0.79345703125 -0.79345703125 909798
-2.74658203125 -0.79345703125 -0.79345703125 909804
-2.01416015625 -1.0986328125 -3.11279296875 909816
-2.01416015625 -1.0986328125 -3.11279296875 909926
-3.662109375 0.30517578125 -3.41796875 909927
-3.662109375 0.30517578125 -3.41796875 909928
-3.662109375 0.30517578125 -3.41796875 909929
-3.662109375 0.30517578125 -3.41796875 909931
-3.662109375 0.30517578125 -3.41796875 910118
0.1220703125 1.3427734375 -2.44140625 910151
0.1220703125 1.3427734375 -2.44140625 910153
0.1220703125 1.3427734375 -2.44140625 910154
0.1220703125 1.3427734375 -2.44140625 910155
-0.3662109375 2.197265625 -2.8076171875 910156
0.48828125 1.77001953125 -2.99072265625 910217
0.48828125 1.77001953125 -2.99072265625 910343
0.244140625 2.197265625 0.1220703125 910345
0.244140625 2.197265625 0.1220703125 910346
0.244140625 2.197265625 0.1220703125 910347
0.244140625 2.197265625 0.1220703125 910348
-0.244140625 0.91552734375 -0.79345703125 910422
-0.244140625 0.91552734375 -0.79345703125 910524
-2.8076171875 1.89208984375 -3.0517578125 910525
-2.8076171875 1.89208984375 -3.0517578125 910527
-2.8076171875 1.89208984375 -3.0517578125 910528
-2.8076171875 1.89208984375 -3.0517578125 910529
-2.8076171875 1.89208984375 -3.0517578125 910627
-0.48828125 2.50244140625 -3.23486328125 910629
-0.48828125 2.50244140625 -3.23486328125 910630
-0.48828125 2.50244140625 -3.23486328125 910631
-0.48828125 2.50244140625 -3.23486328125 910645
-0.8544921875 1.0986328125 -2.99072265625 910713
-0.8544921875 1.0986328125 -2.99072265625 910816
-1.40380859375 0.79345703125 -0.79345703125 910817
-1.40380859375 0.79345703125 -0.79345703125 910819
-1.40380859375 0.79345703125 -0.79345703125 910820
-1.40380859375 0.79345703125 -0.79345703125 910821
-1.40380859375 0.79345703125 -0.79345703125 910935
-0.8544921875 0.9765625 -1.89208984375 910937
-0.8544921875 0.9765625 -1.89208984375 910939
-0.8544921875 0.9765625 -1.89208984375 910939
-0.8544921875 0.9765625 -1.89208984375 910940
-1.28173828125 0.6103515625 -1.03759765625 911006
-1.28173828125 0.6103515625 -1.03759765625 911118
-0.9765625 0.3662109375 -2.3193359375 911119
-0.9765625 0.3662109375 -2.3193359375 911120
-0.9765625 0.3662109375 -2.3193359375 911122
-0.9765625 0.3662109375 -2.3193359375 911123
-0.9765625 0.3662109375 -2.3193359375 911262
-0.67138671875 0.30517578125 -2.62451171875 911263
-0.67138671875 0.30517578125 -2.62451171875 911264
-0.67138671875 0.30517578125 -2.62451171875 911265
-0.67138671875 0.30517578125 -2.62451171875 911266
-1.15966796875 0.9765625 -3.11279296875 911325
-1.15966796875 0.9765625 -3.11279296875 911436
-2.0751953125 0.9765625 -1.708984375 911437
-2.0751953125 0.9765625 -1.708984375 911438
-2.0751953125 0.9765625 -1.708984375 911440
-2.0751953125 0.9765625 -1.708984375 911441
0.91552734375 0 -1.0986328125 911530
0.91552734375 0 -1.0986328125 911609
-1.28173828125 0.732421875 -0.67138671875 911610
-1.28173828125 0.732421875 -0.67138671875 911611
-1.28173828125 0.732421875 -0.67138671875 911612
-1.28173828125 0.732421875 -0.67138671875 911613
-1.28173828125 0.732421875 -0.67138671875 911721
-1.708984375 0.18310546875 -3.2958984375 911722
-1.708984375 0.18310546875 -3.2958984375 911723
-1.708984375 0.18310546875 -3.2958984375 911724
-1.708984375 0.18310546875 -3.2958984375 911725
-1.708984375 0.18310546875 -3.2958984375 911836
-0.9765625 1.89208984375 -1.40380859375 911838
-0.9765625 1.89208984375 -1.40380859375 911840
-0.9765625 1.89208984375 -1.40380859375 911841
-0.9765625 1.89208984375 -1.40380859375 911842
-0.30517578125 0.18310546875 -2.38037109375 911909
-0.30517578125 0.18310546875 -2.38037109375 912021
-0.48828125 1.03759765625 -1.220703125 912022
-0.48828125 1.03759765625 -1.220703125 912023
-0.48828125 1.03759765625 -1.220703125 912024
-0.48828125 1.03759765625 -1.220703125 912025
-0.48828125 1.03759765625 -1.220703125 912123
-2.5634765625 1.220703125 -0.91552734375 912124
-2.5634765625 1.220703125 -0.91552734375 912125
-2.5634765625 1.220703125 -0.91552734375 912126
-2.5634765625 1.220703125 -0.91552734375 912127
-2.5634765625 1.220703125 -0.91552734375 912227
-2.38037109375 0.67138671875 0 912228
-2.38037109375 0.67138671875 0 912229
-2.38037109375 0.67138671875 0 912231
-2.38037109375 0.67138671875 0 912232
-2.8076171875 -0.8544921875 -1.953125 912309
-2.8076171875 -0.8544921875 -1.953125 912423
-0.91552734375 0.244140625 -2.99072265625 912425
-0.91552734375 0.244140625 -2.99072265625 912426
-0.91552734375 0.244140625 -2.99072265625 912426
-0.91552734375 0.244140625 -2.99072265625 912427
-3.23486328125 0.3662109375 -1.953125 912524
-3.23486328125 0.3662109375 -1.953125 912628
-2.9296875 0.67138671875 -2.25830078125 912630
-2.9296875 0.67138671875 -2.25830078125 912631
-2.9296875 0.67138671875 -2.25830078125 912633
-2.9296875 0.67138671875 -2.25830078125 912634
-2.44140625 1.15966796875 -2.197265625 912727
-2.44140625 1.15966796875 -2.197265625 912818
-1.220703125 0.06103515625 -1.220703125 912819
-1.220703125 0.06103515625 -1.220703125 912821
-1.220703125 0.06103515625 -1.220703125 912822
-1.220703125 0.06103515625 -1.220703125 912824
-1.220703125 0.06103515625 -1.220703125 912922
-0.48828125 0.42724609375 -0.9765625 912923
-0.48828125 0.42724609375 -0.9765625 912924
-0.48828125 0.42724609375 -0.9765625 912925
-0.48828125 0.42724609375 -0.9765625 912926
-0.48828125 0.42724609375 -0.9765625 913029
-1.03759765625 0.91552734375 -1.708984375 913030
-1.03759765625 0.91552734375 -1.708984375 913032
-1.03759765625 0.91552734375 -1.708984375 913033
-1.03759765625 0.91552734375 -1.708984375 913034
-1.8310546875 0.9765625 -1.0986328125 913109
-1.8310546875 0.9765625 -1.0986328125 913220
-2.99072265625 2.0751953125 -2.197265625 913221
-2.99072265625 2.0751953125 -2.197265625 913222
-2.99072265625 2.0751953125 -2.197265625 913224
-2.99072265625 2.0751953125 -2.197265625 913225
-2.99072265625 2.0751953125 -2.197265625 913336
1.15966796875 0.6103515625 -2.25830078125 913338
1.15966796875 0.6103515625 -2.25830078125 913339
1.15966796875 0.6103515625 -2.25830078125 913340
1.15966796875 0.6103515625 -2.25830078125 913341
-2.74658203125 1.46484375 -0.48828125 913425
-2.74658203125 1.46484375 -0.48828125 913529
-0.79345703125 0.6103515625 0.54931640625 913530
-0.79345703125 0.6103515625 0.54931640625 913531
-0.79345703125 0.6103515625 0.54931640625 913533
-0.79345703125 0.6103515625 0.54931640625 913534
1.64794921875 0.48828125 -1.52587890625 913609
1.64794921875 0.48828125 -1.52587890625 913720
1.3427734375 0.244140625 -1.3427734375 913721
1.3427734375 0.244140625 -1.3427734375 913722
1.3427734375 0.244140625 -1.3427734375 913723
1.3427734375 0.244140625 -1.3427734375 913724
1.3427734375 0.244140625 -1.3427734375 913839
-2.13623046875 0.67138671875 -1.40380859375 913841
-2.13623046875 0.67138671875 -1.40380859375 913842
-2.13623046875 0.67138671875 -1.40380859375 913843
-2.13623046875 0.67138671875 -1.40380859375 913844
-2.9296875 0.06103515625 -2.38037109375 913926
-2.9296875 0.06103515625 -2.38037109375 914029
-2.13623046875 1.0986328125 -1.3427734375 914030
-2.13623046875 1.0986328125 -1.3427734375 914031
-2.13623046875 1.0986328125 -1.3427734375 914032
-2.13623046875 1.0986328125 -1.3427734375 914033
-2.13623046875 1.0986328125 -1.3427734375 914131
-2.99072265625 -0.30517578125 -2.38037109375 914167
-2.99072265625 -0.30517578125 -2.38037109375 914168
-2.99072265625 -0.30517578125 -2.38037109375 914169
-2.99072265625 -0.30517578125 -2.38037109375 914170
-1.0986328125 0.06103515625 -2.25830078125 914213
-1.0986328125 0.06103515625 -2.25830078125 914321
-1.3427734375 0.18310546875 -2.197265625 914322
-1.3427734375 0.18310546875 -2.197265625 914323
-1.3427734375 0.18310546875 -2.197265625 914324
-1.3427734375 0.18310546875 -2.197265625 914325
-1.3427734375 0.18310546875 -2.197265625 914423
-2.25830078125 -0.06103515625 -0.54931640625 914424
-2.25830078125 -0.06103515625 -0.54931640625 914425
-2.25830078125 -0.06103515625 -0.54931640625 914426
-2.25830078125 -0.06103515625 -0.54931640625 914427
-2.25830078125 -0.06103515625 -0.54931640625 914529
-1.40380859375 0.54931640625 -1.77001953125 914541
-1.40380859375 0.54931640625 -1.77001953125 914543
-1.40380859375 0.54931640625 -1.77001953125 914544
-1.40380859375 0.54931640625 -1.77001953125 914545
-2.44140625 1.28173828125 -3.35693359375 914629
-2.44140625 1.28173828125 -3.35693359375 914731
-2.62451171875 0.48828125 -1.953125 914732
-2.62451171875 0.48828125 -1.953125 914733
-2.62451171875 0.48828125 -1.953125 914735
-2.62451171875 0.48828125 -1.953125 914735
-3.41796875 1.03759765625 -1.953125 914827
-3.41796875 1.03759765625 -1.953125 914921
-2.74658203125 0.3662109375 -1.64794921875 914922
-2.74658203125 0.3662109375 -1.64794921875 914923
-2.74658203125 0.3662109375 -1.64794921875 914924
-2.74658203125 0.3662109375 -1.64794921875 914925
-2.74658203125 0.3662109375 -1.64794921875 915024
-3.2958984375 0.42724609375 -3.0517578125 915025
-3.2958984375 0.42724609375 -3.0517578125 915026
-3.2958984375 0.42724609375 -3.0517578125 915027
-3.2958984375 0.42724609375 -3.0517578125 915028
-3.2958984375 0.42724609375 -3.0517578125 915133
-1.8310546875 0.30517578125 -2.8076171875 915135
-1.8310546875 0.30517578125 -2.8076171875 915136
-1.8310546875 0.30517578125 -2.8076171875 915137
-1.8310546875 0.30517578125 -2.8076171875 915138
-2.8076171875 0.9765625 -3.2958984375 915231
-2.8076171875 0.9765625 -3.2958984375 915325
-1.0986328125 0.48828125 -1.953125 915327
-1.0986328125 0.48828125 -1.953125 915328
-1.0986328125 0.48828125 -1.953125 915329
-1.0986328125 0.48828125 -1.953125 915330
-1.64794921875 0.244140625 -1.953125 915413
-1.64794921875 0.244140625 -1.953125 915527
-1.28173828125 1.40380859375 -2.01416015625 915528
-1.28173828125 1.40380859375 -2.01416015625 915529
-1.28173828125 1.40380859375 -2.01416015625 915531
-1.28173828125 1.40380859375 -2.01416015625 915532
-0.18310546875 1.52587890625 -0.6103515625 915627
-0.18310546875 1.52587890625 -0.6103515625 915731
1.0986328125 0.67138671875 -2.44140625 915732
1.0986328125 0.67138671875 -2.44140625 915734
1.0986328125 0.67138671875 -2.44140625 915735
1.0986328125 0.67138671875 -2.44140625 915737
1.0986328125 0.67138671875 -2.44140625 915842
-2.13623046875 0.6103515625 -2.25830078125 915843
-2.13623046875 0.6103515625 -2.25830078125 915844
-2.13623046875 0.6103515625 -2.25830078125 915845
-2.13623046875 0.6103515625 -2.25830078125 915846
0.6103515625 -0.54931640625 -1.220703125 915935
0.6103515625 -0.54931640625 -1.220703125 916043
-1.52587890625 1.03759765625 -2.9296875 916062
-1.52587890625 1.03759765625 -2.9296875 916063
-1.52587890625 1.03759765625 -2.9296875 916084
-1.52587890625 1.03759765625 -2.9296875 916085
-2.5634765625 1.40380859375 -2.74658203125 916130
-2.5634765625 1.40380859375 -2.74658203125 916232
-4.7607421875 0.9765625 -2.01416015625 916233
-4.7607421875 0.9765625 -2.01416015625 916234
-4.7607421875 0.9765625 -2.01416015625 916236
-4.7607421875 0.9765625 -2.01416015625 916237
-4.7607421875 0.9765625 -2.01416015625 916334
-1.220703125 -0.18310546875 -1.8310546875 916335
-1.220703125 -0.18310546875 -1.8310546875 916336
-1.220703125 -0.18310546875 -1.8310546875 916348
-1.220703125 -0.18310546875 -1.8310546875 916349
-0.54931640625 0.06103515625 -1.52587890625 916412
-0.54931640625 0.06103515625 -1.52587890625 916525
-0.8544921875 -0.1220703125 -3.5400390625 916526
-0.8544921875 -0.1220703125 -3.5400390625 916527
-0.8544921875 -0.1220703125 -3.5400390625 916528
-0.8544921875 -0.1220703125 -3.5400390625 916529
-0.8544921875 -0.1220703125 -3.5400390625 916627
-1.8310546875 0.54931640625 -1.89208984375 916628
-1.8310546875 0.54931640625 -1.89208984375 916629
-1.8310546875 0.54931640625 -1.89208984375 916643
-1.8310546875 0.54931640625 -1.89208984375 916645
-1.8310546875 0.54931640625 -1.89208984375 916731
-0.67138671875 0.48828125 -3.173828125 916733
-0.67138671875 0.48828125 -3.173828125 916734
-0.67138671875 0.48828125 -3.173828125 916735
-0.67138671875 0.48828125 -3.173828125 916832
-1.15966796875 0.67138671875 -3.662109375 916833
-1.15966796875 0.67138671875 -3.662109375 916834
-0.9765625 0.42724609375 -3.90625 916911
-0.9765625 0.42724609375 -3.90625 916912
-0.9765625 0.42724609375 -3.90625 916913
-0.9765625 0.42724609375 -3.90625 917022
-0.1220703125 1.15966796875 -1.5869140625 917023
-0.1220703125 1.15966796875 -1.5869140625 917024
-0.1220703125 1.15966796875 -1.5869140625 917025
-0.1220703125 1.15966796875 -1.5869140625 917026
-0.1220703125 1.15966796875 -1.5869140625 917124
1.3427734375 1.03759765625 -1.953125 917125
1.3427734375 1.03759765625 -1.953125 917126
1.3427734375 1.03759765625 -1.953125 917127
1.3427734375 1.03759765625 -1.953125 917128
1.3427734375 1.03759765625 -1.953125 917227
-0.91552734375 1.40380859375 -3.173828125 917228
-0.91552734375 1.40380859375 -3.173828125 917229
-0.91552734375 1.40380859375 -3.173828125 917231
-0.91552734375 1.40380859375 -3.173828125 917232
-0.91552734375 1.40380859375 -3.173828125 917329
-3.11279296875 0.79345703125 -2.197265625 917330
-3.11279296875 0.79345703125 -2.197265625 917331
-3.11279296875 0.79345703125 -2.197265625 917332
-3.11279296875 0.79345703125 -2.197265625 917333
-3.11279296875 0.79345703125 -2.197265625 917466
-4.7607421875 1.28173828125 -3.23486328125 917499
-4.7607421875 1.28173828125 -3.23486328125 917500
-4.7607421875 1.28173828125 -3.23486328125 917502
-4.7607421875 1.28173828125 -3.23486328125 917503
-3.84521484375 -0.1220703125 -4.5166015625 917527
-3.84521484375 -0.1220703125 -4.5166015625 917613
-5.18798828125 -0.48828125 -4.2724609375 917614
-5.18798828125 -0.48828125 -4.2724609375 917615
-5.18798828125 -0.48828125 -4.2724609375 917616
-5.18798828125 -0.48828125 -4.2724609375 917640
-5.18798828125 -0.48828125 -4.2724609375 917724
-5.06591796875 -2.74658203125 -5.92041015625 917726
-5.06591796875 -2.74658203125 -5.92041015625 917727
-5.06591796875 -2.74658203125 -5.92041015625 917728
-5.06591796875 -2.74658203125 -5.92041015625 917730
-5.06591796875 -2.74658203125 -5.92041015625 917838
-6.16455078125 -2.74658203125 -5.126953125 917840
-6.16455078125 -2.74658203125 -5.126953125 917841
-6.16455078125 -2.74658203125 -5.126953125 917842
-6.16455078125 -2.74658203125 -5.126953125 917844
-2.197265625 -1.953125 -11.29150390625 917937
-2.197265625 -1.953125 -11.29150390625 918033
-2.99072265625 -9.09423828125 -16.17431640625 918034
-2.99072265625 -9.09423828125 -16.17431640625 918035
-2.99072265625 -9.09423828125 -16.17431640625 918036
-2.99072265625 -9.09423828125 -16.17431640625 918037
3.0517578125 -12.63427734375 -24.96337890625 918112
3.0517578125 -12.63427734375 -24.96337890625 918223
29.23583984375 4.5166015625 -40.22216796875 918224
29.23583984375 4.5166015625 -40.22216796875 918225
29.23583984375 4.5166015625 -40.22216796875 918226
29.23583984375 4.5166015625 -40.22216796875 918227
29.23583984375 4.5166015625 -40.22216796875 918340
32.8369140625 51.025390625 -50.47607421875 918341
32.8369140625 51.025390625 -50.47607421875 918342
32.8369140625 51.025390625 -50.47607421875 918343
32.8369140625 51.025390625 -50.47607421875 918344
110.29052734375 152.16064453125 -52.3681640625 918429
110.29052734375 152.16064453125 -52.3681640625 918530
123.046875 255.67626953125 -64.8193359375 918531
123.046875 255.67626953125 -64.8193359375 918593
123.046875 255.67626953125 -64.8193359375 918597
123.046875 255.67626953125 -64.8193359375 918598
123.046875 255.67626953125 -64.8193359375 918636
63.5986328125 270.3857421875 -50.6591796875 918652
63.5986328125 270.3857421875 -50.6591796875 918654
45.83740234375 133.30078125 -31.3720703125 918715
45.83740234375 133.30078125 -31.3720703125 918728
45.83740234375 133.30078125 -31.3720703125 918730
45.83740234375 133.30078125 -31.3720703125 918823
-16.41845703125 -142.333984375 -7.9345703125 918824
-16.41845703125 -142.333984375 -7.9345703125 918826
-16.41845703125 -142.333984375 -7.9345703125 918827
-16.41845703125 -142.333984375 -7.9345703125 918925
-79.28466796875 -394.6533203125 55.96923828125 918926
-79.28466796875 -394.6533203125 55.96923828125 918927
-79.28466796875 -394.6533203125 55.96923828125 918928
-79.28466796875 -394.6533203125 55.96923828125 918929
-79.28466796875 -394.6533203125 55.96923828125 919028
-152.099609375 -325.13427734375 119.2626953125 919029
-152.099609375 -325.13427734375 119.2626953125 919030
-152.099609375 -325.13427734375 119.2626953125 919031
-152.099609375 -325.13427734375 119.2626953125 919032
-152.099609375 -325.13427734375 119.2626953125 919134
-18.06640625 3.90625 8.1787109375 919136
-18.06640625 3.90625 8.1787109375 919137
-18.06640625 3.90625 8.1787109375 919138
-18.06640625 3.90625 8.1787109375 919139
-18.06640625 3.90625 8.1787109375 919238
36.376953125 117.0654296875 -4.638671875 919239
36.376953125 117.0654296875 -4.638671875 919241
36.376953125 117.0654296875 -4.638671875 919242
36.376953125 117.0654296875 -4.638671875 919243
91.796875 169.189453125 -5.615234375 919324
91.796875 169.189453125 -5.615234375 919428
21.97265625 85.02197265625 15.80810546875 919429
21.97265625 85.02197265625 15.80810546875 919430
21.97265625 85.02197265625 15.80810546875 919432
21.97265625 85.02197265625 15.80810546875 919433
