0.2216796875 0.56640625 0.79345703125 2341963
0.2216796875 0.56640625 0.79345703125 2341963
0.2216796875 0.56640625 0.79345703125 2341966
0.2216796875 0.56640625 0.79345703125 2341967
0.2216796875 0.56640625 0.79345703125 2341969
0.2216796875 0.56640625 0.79345703125 2341969
0.21826171875 0.564453125 0.79296875 2341981
0.220703125 0.56591796875 0.7919921875 2342088
0.220703125 0.56591796875 0.7919921875 2342090
0.220703125 0.56591796875 0.7919921875 2342091
0.220703125 0.56591796875 0.7919921875 2342092
0.220703125 0.56591796875 0.7919921875 2342094
0.22216796875 0.56298828125 0.79248046875 2342190
0.22216796875 0.56298828125 0.79248046875 2342191
0.22216796875 0.56298828125 0.79248046875 2342192
0.22216796875 0.56298828125 0.79248046875 2342194
0.22216796875 0.56298828125 0.79248046875 2342195
0.2197265625 0.56640625 0.79296875 2342312
0.2197265625 0.56640625 0.79296875 2342314
0.2197265625 0.56640625 0.79296875 2342315
0.2197265625 0.56640625 0.79296875 2342317
0.2197265625 0.56640625 0.79296875 2342318
0.21826171875 0.56689453125 0.79150390625 2342379
0.21826171875 0.5673828125 0.79541015625 2342489
0.21826171875 0.5673828125 0.79541015625 2342490
0.21826171875 0.5673828125 0.79541015625 2342491
0.21826171875 0.5673828125 0.79541015625 2342492
0.21826171875 0.5673828125 0.79541015625 2342493
0.220703125 0.56396484375 0.79345703125 2342583
0.21826171875 0.56591796875 0.791015625 2342686
0.21826171875 0.56591796875 0.791015625 2342687
0.21826171875 0.56591796875 0.791015625 2342688
0.21826171875 0.56591796875 0.791015625 2342689
0.21826171875 0.56591796875 0.791015625 2342690
0.21728515625 0.56689453125 0.79443359375 2342788
0.21728515625 0.56689453125 0.79443359375 2342789
0.21728515625 0.56689453125 0.79443359375 2342790
0.21728515625 0.56689453125 0.79443359375 2342791
0.21728515625 0.56689453125 0.79443359375 2342792
0.220703125 0.564453125 0.79541015625 2342891
0.220703125 0.564453125 0.79541015625 2342892
0.220703125 0.564453125 0.79541015625 2342893
0.220703125 0.564453125 0.79541015625 2342894
0.220703125 0.564453125 0.79541015625 2342896
0.22216796875 0.56884765625 0.7900390625 2342993
0.22216796875 0.56884765625 0.7900390625 2342995
0.22216796875 0.56884765625 0.7900390625 2342996
0.22216796875 0.56884765625 0.7900390625 2342998
0.22216796875 0.56884765625 0.7900390625 2342999
0.21630859375 0.56640625 0.791015625 2343072
0.21875 0.5654296875 0.794921875 2343183
0.21875 0.5654296875 0.794921875 2343185
0.21875 0.5654296875 0.794921875 2343186
0.21875 0.5654296875 0.794921875 2343188
0.21875 0.5654296875 0.794921875 2343189
0.22021484375 0.5693359375 0.7939453125 2343287
0.22021484375 0.5693359375 0.7939453125 2343315
0.22021484375 0.5693359375 0.7939453125 2343317
0.22021484375 0.5693359375 0.7939453125 2343318
0.22021484375 0.5693359375 0.7939453125 2343319
0.21875 0.56494140625 0.79443359375 2343389
0.21875 0.56494140625 0.79443359375 2343390
0.216796875 0.56494140625 0.79248046875 2343492
0.216796875 0.56494140625 0.79248046875 2343493
0.216796875 0.56494140625 0.79248046875 2343494
0.216796875 0.56494140625 0.79248046875 2343495
0.216796875 0.56494140625 0.79248046875 2343496
0.21923828125 0.5654296875 0.79296875 2343572
0.21875 0.56494140625 0.79296875 2343683
0.21875 0.56494140625 0.79296875 2343684
0.21875 0.56494140625 0.79296875 2343685
0.21875 0.56494140625 0.79296875 2343686
0.21875 0.56494140625 0.79296875 2343687
0.21923828125 0.56591796875 0.7919921875 2343785
0.21923828125 0.56591796875 0.7919921875 2343786
0.21923828125 0.56591796875 0.7919921875 2343787
0.21923828125 0.56591796875 0.7919921875 2343788
0.21923828125 0.56591796875 0.7919921875 2343788
0.21826171875 0.56591796875 0.7958984375 2343887
0.21826171875 0.56591796875 0.7958984375 2343888
0.21826171875 0.56591796875 0.7958984375 2343888
0.21826171875 0.56591796875 0.7958984375 2343889
0.21826171875 0.56591796875 0.7958984375 2343890
0.22021484375 0.56494140625 0.79345703125 2343990
0.22021484375 0.56494140625 0.79345703125 2343991
0.22021484375 0.56494140625 0.79345703125 2343992
0.22021484375 0.56494140625 0.79345703125 2343993
0.22021484375 0.56494140625 0.79345703125 2343994
0.2177734375 0.5654296875 0.79638671875 2344092
0.2177734375 0.5654296875 0.79638671875 2344093
0.2177734375 0.5654296875 0.79638671875 2344095
0.2177734375 0.5654296875 0.79638671875 2344096
0.2177734375 0.5654296875 0.79638671875 2344097
0.2177734375 0.5654296875 0.7919921875 2344195
0.2177734375 0.5654296875 0.7919921875 2344196
0.2177734375 0.5654296875 0.7919921875 2344197
0.2177734375 0.5654296875 0.7919921875 2344198
0.2177734375 0.5654296875 0.7919921875 2344199
0.2197265625 0.56640625 0.79541015625 2344282
0.21923828125 0.56298828125 0.79443359375 2344385
0.21923828125 0.56298828125 0.79443359375 2344386
0.21923828125 0.56298828125 0.79443359375 2344387
0.21923828125 0.56298828125 0.79443359375 2344388
0.21923828125 0.56298828125 0.79443359375 2344390
0.2177734375 0.56591796875 0.79541015625 2344487
0.2177734375 0.56591796875 0.79541015625 2344488
0.2177734375 0.56591796875 0.79541015625 2344490
0.2177734375 0.56591796875 0.79541015625 2344491
0.2177734375 0.56591796875 0.79541015625 2344492
0.51513671875 0.46533203125 0.826171875 2344573
-0.2861328125 0.583984375 0.6484375 2344684
-0.2861328125 0.583984375 0.6484375 2344685
-0.2861328125 0.583984375 0.6484375 2344687
-0.2861328125 0.583984375 0.6484375 2344688
-0.2861328125 0.583984375 0.6484375 2344689
-0.2265625 0.64892578125 0.87158203125 2344786
-0.2265625 0.64892578125 0.87158203125 2344787
-0.2265625 0.64892578125 0.87158203125 2344788
-0.2265625 0.64892578125 0.87158203125 2344789
-0.2265625 0.64892578125 0.87158203125 2344790
-0.5458984375 0.697265625 0.4814453125 2344891
-0.5458984375 0.697265625 0.4814453125 2344892
-0.5458984375 0.697265625 0.4814453125 2344893
-0.5458984375 0.697265625 0.4814453125 2344894
-0.52978515625 0.60205078125 0.4423828125 2344993
-0.52978515625 0.60205078125 0.4423828125 2344994
-0.52978515625 0.60205078125 0.4423828125 2344995
-0.52978515625 0.60205078125 0.4423828125 2344996
-0.52978515625 0.60205078125 0.4423828125 2344997
-0.5693359375 0.517578125 0.1142578125 2345098
-0.5693359375 0.517578125 0.1142578125 2345099
-0.5693359375 0.517578125 0.1142578125 2345101
-0.5693359375 0.517578125 0.1142578125 2345102
-0.5693359375 0.517578125 0.1142578125 2345103
-0.7607421875 0.5400390625 -0.11279296875 2345177
-0.61865234375 0.56591796875 -0.26220703125 2345279
-0.61865234375 0.56591796875 -0.26220703125 2345280
-0.61865234375 0.56591796875 -0.26220703125 2345282
-0.61865234375 0.56591796875 -0.26220703125 2345283
-0.61865234375 0.56591796875 -0.26220703125 2345288
-0.6337890625 0.5537109375 -0.29736328125 2345382
-0.6337890625 0.5537109375 -0.29736328125 2345383
-0.6337890625 0.5537109375 -0.29736328125 2345384
-0.6337890625 0.5537109375 -0.29736328125 2345386
-0.6337890625 0.5537109375 -0.29736328125 2345387
-0.54541015625 0.4619140625 -0.21533203125 2345484
-0.54541015625 0.4619140625 -0.21533203125 2345486
-0.54541015625 0.4619140625 -0.21533203125 2345487
-0.54541015625 0.4619140625 -0.21533203125 2345488
-0.54541015625 0.4619140625 -0.21533203125 2345489
-0.78515625 0.583984375 0.03271484375 2345587
-0.78515625 0.583984375 0.03271484375 2345588
-0.78515625 0.583984375 0.03271484375 2345589
-0.78515625 0.583984375 0.03271484375 2345590
-0.78515625 0.583984375 0.03271484375 2345591
-0.7041015625 0.42138671875 0.119140625 2345689
-0.7041015625 0.42138671875 0.119140625 2345691
-0.7041015625 0.42138671875 0.119140625 2345692
-0.7041015625 0.42138671875 0.119140625 2345693
-0.7041015625 0.42138671875 0.119140625 2345694
-0.615234375 0.3955078125 0.181640625 2345792
-0.615234375 0.3955078125 0.181640625 2345793
-0.615234375 0.3955078125 0.181640625 2345795
-0.615234375 0.3955078125 0.181640625 2345796
-0.615234375 0.3955078125 0.181640625 2345797
-0.6123046875 0.5390625 0.14111328125 2345894
-0.6123046875 0.5390625 0.14111328125 2345896
-0.6123046875 0.5390625 0.14111328125 2345897
-0.6123046875 0.5390625 0.14111328125 2345898
-0.6123046875 0.5390625 0.14111328125 2345899
-0.66162109375 0.59765625 0.55126953125 2345972
-0.3251953125 0.564453125 0.41064453125 2346083
-0.3251953125 0.564453125 0.41064453125 2346084
-0.3251953125 0.564453125 0.41064453125 2346085
-0.3251953125 0.564453125 0.41064453125 2346086
-0.3251953125 0.564453125 0.41064453125 2346087
-0.349609375 0.57373046875 0.5419921875 2346186
-0.349609375 0.57373046875 0.5419921875 2346187
-0.349609375 0.57373046875 0.5419921875 2346188
-0.349609375 0.57373046875 0.5419921875 2346189
-0.349609375 0.57373046875 0.5419921875 2346191
-0.30322265625 0.73095703125 0.67822265625 2346288
-0.30322265625 0.73095703125 0.67822265625 2346290
-0.30322265625 0.73095703125 0.67822265625 2346291
-0.30322265625 0.73095703125 0.67822265625 2346292
-0.30322265625 0.73095703125 0.67822265625 2346292
-0.2353515625 0.654296875 0.63818359375 2346412
-0.2353515625 0.654296875 0.63818359375 2346413
-0.2353515625 0.654296875 0.63818359375 2346414
-0.2353515625 0.654296875 0.63818359375 2346415
-0.2353515625 0.654296875 0.63818359375 2346416
-0.32568359375 0.72802734375 0.763671875 2346492
-0.15380859375 0.77685546875 0.763671875 2346594
-0.15380859375 0.77685546875 0.763671875 2346595
-0.15380859375 0.77685546875 0.763671875 2346596
-0.15380859375 0.77685546875 0.763671875 2346597
-0.15380859375 0.77685546875 0.763671875 2346598
-0.03271484375 0.7490234375 0.609375 2346685
0.00048828125 0.68896484375 0.69921875 2346786
0.00048828125 0.68896484375 0.69921875 2346787
0.00048828125 0.68896484375 0.69921875 2346788
0.00048828125 0.68896484375 0.69921875 2346790
0.00048828125 0.68896484375 0.69921875 2346791
0.1064453125 0.568359375 0.94921875 2346888
0.1064453125 0.568359375 0.94921875 2346889
0.1064453125 0.568359375 0.94921875 2346890
0.1064453125 0.568359375 0.94921875 2346891
0.1064453125 0.568359375 0.94921875 2346892
0.11279296875 0.4873046875 0.962890625 2346991
0.11279296875 0.4873046875 0.962890625 2346992
0.11279296875 0.4873046875 0.962890625 2346993
0.11279296875 0.4873046875 0.962890625 2346994
0.11279296875 0.4873046875 0.962890625 2346995
0.146484375 0.44482421875 0.8681640625 2347093
0.146484375 0.44482421875 0.8681640625 2347094
0.146484375 0.44482421875 0.8681640625 2347095
0.146484375 0.44482421875 0.8681640625 2347097
0.146484375 0.44482421875 0.8681640625 2347098
0.14453125 0.4326171875 0.83984375 2347179
0.125 0.443359375 0.8349609375 2347283
0.125 0.443359375 0.8349609375 2347284
0.125 0.443359375 0.8349609375 2347285
0.125 0.443359375 0.8349609375 2347286
0.125 0.443359375 0.8349609375 2347287
0.1328125 0.41796875 0.859375 2347385
0.1328125 0.41796875 0.859375 2347386
0.1328125 0.41796875 0.859375 2347387
0.1328125 0.41796875 0.859375 2347388
0.1328125 0.41796875 0.859375 2347389
0.1279296875 0.3984375 0.814453125 2347489
0.1279296875 0.3984375 0.814453125 2347490
0.1279296875 0.3984375 0.814453125 2347491
0.1279296875 0.3984375 0.814453125 2347492
0.1279296875 0.3984375 0.814453125 2347493
0.1396484375 0.3681640625 0.83251953125 2347591
0.1396484375 0.3681640625 0.83251953125 2347592
0.1396484375 0.3681640625 0.83251953125 2347593
0.1396484375 0.3681640625 0.83251953125 2347594
0.1396484375 0.3681640625 0.83251953125 2347595
0.11865234375 0.3876953125 0.8291015625 2347693
0.11865234375 0.3876953125 0.8291015625 2347694
0.11865234375 0.3876953125 0.8291015625 2347695
0.11865234375 0.3876953125 0.8291015625 2347696
0.11865234375 0.3876953125 0.8291015625 2347697
0.126953125 0.4033203125 0.84326171875 2347773
0.10986328125 0.404296875 0.83349609375 2347884
0.10986328125 0.404296875 0.83349609375 2347885
0.10986328125 0.404296875 0.83349609375 2347886
0.10986328125 0.404296875 0.83349609375 2347887
0.10986328125 0.404296875 0.83349609375 2347888
0.1328125 0.4013671875 0.85546875 2347986
0.1328125 0.4013671875 0.85546875 2347987
0.1328125 0.4013671875 0.85546875 2347988
0.1328125 0.4013671875 0.85546875 2347989
0.1328125 0.4013671875 0.85546875 2347997
0.142578125 0.40234375 0.87060546875 2348088
0.142578125 0.40234375 0.87060546875 2348089
0.142578125 0.40234375 0.87060546875 2348090
0.142578125 0.40234375 0.87060546875 2348091
0.142578125 0.40234375 0.87060546875 2348092
0.1474609375 0.40283203125 0.87939453125 2348191
0.1474609375 0.40283203125 0.87939453125 2348192
0.1474609375 0.40283203125 0.87939453125 2348194
0.1474609375 0.40283203125 0.87939453125 2348195
0.1474609375 0.40283203125 0.87939453125 2348197
0.138671875 0.41796875 0.875 2348293
0.138671875 0.41796875 0.875 2348294
0.138671875 0.41796875 0.875 2348295
0.138671875 0.41796875 0.875 2348296
0.138671875 0.41796875 0.875 2348297
0.150390625 0.40966796875 0.865234375 2348373
0.146484375 0.40576171875 0.8564453125 2348484
0.146484375 0.40576171875 0.8564453125 2348485
0.146484375 0.40576171875 0.8564453125 2348486
0.146484375 0.40576171875 0.8564453125 2348487
0.146484375 0.40576171875 0.8564453125 2348488
0.13525390625 0.4091796875 0.8642578125 2348587
0.13525390625 0.4091796875 0.8642578125 2348588
0.13525390625 0.4091796875 0.8642578125 2348589
0.13525390625 0.4091796875 0.8642578125 2348590
0.13525390625 0.4091796875 0.8642578125 2348594
0.126953125 0.42041015625 0.8818359375 2348689
0.126953125 0.42041015625 0.8818359375 2348691
0.126953125 0.42041015625 0.8818359375 2348692
0.126953125 0.42041015625 0.8818359375 2348693
0.126953125 0.42041015625 0.8818359375 2348693
0.1220703125 0.40673828125 0.86865234375 2348792
0.1220703125 0.40673828125 0.86865234375 2348793
0.1220703125 0.40673828125 0.86865234375 2348794
0.1220703125 0.40673828125 0.86865234375 2348795
0.1220703125 0.40673828125 0.86865234375 2348796
0.1416015625 0.4189453125 0.8916015625 2348894
0.1416015625 0.4189453125 0.8916015625 2348895
0.1416015625 0.4189453125 0.8916015625 2348896
0.1416015625 0.4189453125 0.8916015625 2348898
0.1416015625 0.4189453125 0.8916015625 2348899
0.12451171875 0.42919921875 0.89892578125 2348974
0.13671875 0.400390625 0.8818359375 2349086
0.13671875 0.400390625 0.8818359375 2349087
0.13671875 0.400390625 0.8818359375 2349088
0.13671875 0.400390625 0.8818359375 2349089
0.13671875 0.400390625 0.8818359375 2349090
0.12939453125 0.41162109375 0.87060546875 2349188
0.12939453125 0.41162109375 0.87060546875 2349189
0.12939453125 0.41162109375 0.87060546875 2349190
0.12939453125 0.41162109375 0.87060546875 2349191
0.12939453125 0.41162109375 0.87060546875 2349192
0.12548828125 0.4033203125 0.86376953125 2349291
0.12548828125 0.4033203125 0.86376953125 2349292
0.12548828125 0.4033203125 0.86376953125 2349294
0.12548828125 0.4033203125 0.86376953125 2349295
0.12548828125 0.4033203125 0.86376953125 2349296
0.12353515625 0.4052734375 0.86328125 2349393
0.12353515625 0.4052734375 0.86328125 2349394
0.12353515625 0.4052734375 0.86328125 2349395
0.12353515625 0.4052734375 0.86328125 2349397
0.12353515625 0.4052734375 0.86328125 2349398
0.12109375 0.4033203125 0.875 2349496
0.12109375 0.4033203125 0.875 2349497
0.12109375 0.4033203125 0.875 2349498
0.12109375 0.4033203125 0.875 2349499
0.12109375 0.4033203125 0.875 2349500
0.12353515625 0.41357421875 0.87744140625 2349573
0.14013671875 0.39599609375 0.87841796875 2349704
0.14013671875 0.39599609375 0.87841796875 2349705
0.14013671875 0.39599609375 0.87841796875 2349706
0.14013671875 0.39599609375 0.87841796875 2349707
0.14013671875 0.39599609375 0.87841796875 2349708
0.134765625 0.38916015625 0.865234375 2349789
0.13037109375 0.3818359375 0.8623046875 2349891
0.13037109375 0.3818359375 0.8623046875 2349892
0.13037109375 0.3818359375 0.8623046875 2349893
0.13037109375 0.3818359375 0.8623046875 2349894
0.13037109375 0.3818359375 0.8623046875 2349895
0.13330078125 0.38623046875 0.86376953125 2349993
0.13330078125 0.38623046875 0.86376953125 2349994
0.13330078125 0.38623046875 0.86376953125 2349995
0.13330078125 0.38623046875 0.86376953125 2349997
0.13330078125 0.38623046875 0.86376953125 2349998
0.13818359375 0.39306640625 0.87939453125 2350095
0.13818359375 0.39306640625 0.87939453125 2350096
0.13818359375 0.39306640625 0.87939453125 2350097
0.13818359375 0.39306640625 0.87939453125 2350098
0.13818359375 0.39306640625 0.87939453125 2350100
0.13623046875 0.4052734375 0.8896484375 2350174
0.1298828125 0.39990234375 0.86669921875 2350284
0.1298828125 0.39990234375 0.86669921875 2350285
0.1298828125 0.39990234375 0.86669921875 2350286
0.1298828125 0.39990234375 0.86669921875 2350287
0.1298828125 0.39990234375 0.86669921875 2350288
0.14013671875 0.3984375 0.8720703125 2350387
0.14013671875 0.3984375 0.8720703125 2350388
0.14013671875 0.3984375 0.8720703125 2350389
0.14013671875 0.3984375 0.8720703125 2350390
0.14013671875 0.3984375 0.8720703125 2350392
0.1376953125 0.3896484375 0.8603515625 2350489
0.1376953125 0.3896484375 0.8603515625 2350490
0.1376953125 0.3896484375 0.8603515625 2350491
0.1376953125 0.3896484375 0.8603515625 2350491
0.1376953125 0.3896484375 0.8603515625 2350492
0.1455078125 0.40185546875 0.873046875 2350592
0.1455078125 0.40185546875 0.873046875 2350593
0.1455078125 0.40185546875 0.873046875 2350594
0.1455078125 0.40185546875 0.873046875 2350595
0.1455078125 0.40185546875 0.873046875 2350596
0.13330078125 0.40087890625 0.8642578125 2350694
0.13330078125 0.40087890625 0.8642578125 2350695
0.13330078125 0.40087890625 0.8642578125 2350697
0.13330078125 0.40087890625 0.8642578125 2350698
0.13330078125 0.40087890625 0.8642578125 2350699
0.14892578125 0.40234375 0.8818359375 2350797
0.14892578125 0.40234375 0.8818359375 2350798
0.14892578125 0.40234375 0.8818359375 2350799
0.14892578125 0.40234375 0.8818359375 2350800
0.14892578125 0.40234375 0.8818359375 2350801
0.1396484375 0.3974609375 0.869140625 2350886
0.14697265625 0.41455078125 0.88623046875 2350973
0.14697265625 0.41455078125 0.88623046875 2350974
0.14697265625 0.41455078125 0.88623046875 2350975
0.14697265625 0.41455078125 0.88623046875 2350976
0.14697265625 0.41455078125 0.88623046875 2350977
0.14453125 0.408203125 0.880859375 2351084
0.14453125 0.408203125 0.880859375 2351085
0.14453125 0.408203125 0.880859375 2351086
0.14453125 0.408203125 0.880859375 2351087
0.14453125 0.408203125 0.880859375 2351088
0.15087890625 0.39892578125 0.8662109375 2351187
0.15087890625 0.39892578125 0.8662109375 2351188
0.15087890625 0.39892578125 0.8662109375 2351189
0.15087890625 0.39892578125 0.8662109375 2351190
0.15087890625 0.39892578125 0.8662109375 2351191
0.14697265625 0.4072265625 0.87548828125 2351290
0.14697265625 0.4072265625 0.87548828125 2351291
0.14697265625 0.4072265625 0.87548828125 2351292
0.14697265625 0.4072265625 0.87548828125 2351294
0.14697265625 0.4072265625 0.87548828125 2351295
0.150390625 0.4013671875 0.87109375 2351392
0.150390625 0.4013671875 0.87109375 2351393
0.150390625 0.4013671875 0.87109375 2351394
0.150390625 0.4013671875 0.87109375 2351394
0.150390625 0.4013671875 0.87109375 2351395
0.15625 0.40185546875 0.8759765625 2351495
0.15625 0.40185546875 0.8759765625 2351496
0.15625 0.40185546875 0.8759765625 2351497
0.15625 0.40185546875 0.8759765625 2351498
0.15625 0.40185546875 0.8759765625 2351499
0.16015625 0.40576171875 0.88330078125 2351574
0.15673828125 0.40625 0.8740234375 2351687
0.15673828125 0.40625 0.8740234375 2351688
0.15673828125 0.40625 0.8740234375 2351689
0.15673828125 0.40625 0.8740234375 2351690
0.15673828125 0.40625 0.8740234375 2351691
0.15576171875 0.4052734375 0.87158203125 2351788
0.15576171875 0.4052734375 0.87158203125 2351790
0.15576171875 0.4052734375 0.87158203125 2351791
0.15576171875 0.4052734375 0.87158203125 2351792
0.15576171875 0.4052734375 0.87158203125 2351793
0.15966796875 0.3974609375 0.873046875 2351890
0.15966796875 0.3974609375 0.873046875 2351891
0.15966796875 0.3974609375 0.873046875 2351892
0.15966796875 0.3974609375 0.873046875 2351893
0.15966796875 0.3974609375 0.873046875 2351894
0.15234375 0.396484375 0.85546875 2351994
0.15234375 0.396484375 0.85546875 2351995
0.15234375 0.396484375 0.85546875 2351996
0.15234375 0.396484375 0.85546875 2351998
0.15234375 0.396484375 0.85546875 2351999
0.15576171875 0.400390625 0.8662109375 2352112
0.15576171875 0.400390625 0.8662109375 2352113
0.15576171875 0.400390625 0.8662109375 2352114
0.15576171875 0.400390625 0.8662109375 2352115
0.15576171875 0.400390625 0.8662109375 2352116
0.15966796875 0.396484375 0.880859375 2352176
0.16552734375 0.4052734375 0.87744140625 2352287
0.16552734375 0.4052734375 0.87744140625 2352288
0.16552734375 0.4052734375 0.87744140625 2352289
0.16552734375 0.4052734375 0.87744140625 2352290
0.16552734375 0.4052734375 0.87744140625 2352291
0.15771484375 0.400390625 0.8681640625 2352390
0.15771484375 0.400390625 0.8681640625 2352391
0.15771484375 0.400390625 0.8681640625 2352392
0.15771484375 0.400390625 0.8681640625 2352393
0.15771484375 0.400390625 0.8681640625 2352394
0.1650390625 0.3974609375 0.86767578125 2352492
0.1650390625 0.3974609375 0.86767578125 2352493
0.1650390625 0.3974609375 0.86767578125 2352494
0.1650390625 0.3974609375 0.86767578125 2352495
0.1650390625 0.3974609375 0.86767578125 2352496
0.171875 0.4013671875 0.87939453125 2352595
0.171875 0.4013671875 0.87939453125 2352596
0.171875 0.4013671875 0.87939453125 2352597
0.171875 0.4013671875 0.87939453125 2352598
0.171875 0.4013671875 0.87939453125 2352600
0.166015625 0.396484375 0.8701171875 2352681
0.15478515625 0.3974609375 0.8603515625 2352805
0.15478515625 0.3974609375 0.8603515625 2352806
0.15478515625 0.3974609375 0.8603515625 2352807
0.15478515625 0.3974609375 0.8603515625 2352809
0.15478515625 0.3974609375 0.8603515625 2352810
0.17333984375 0.39990234375 0.88818359375 2352894
0.173828125 0.4013671875 0.8857421875 2352995
0.173828125 0.4013671875 0.8857421875 2352996
0.173828125 0.4013671875 0.8857421875 2352998
0.173828125 0.4013671875 0.8857421875 2352999
0.173828125 0.4013671875 0.8857421875 2353001
0.16845703125 0.40185546875 0.8779296875 2353078
0.16845703125 0.39697265625 0.86962890625 2353189
0.16845703125 0.39697265625 0.86962890625 2353190
0.16845703125 0.39697265625 0.86962890625 2353191
0.16845703125 0.39697265625 0.86962890625 2353192
0.16845703125 0.39697265625 0.86962890625 2353193
0.16748046875 0.38720703125 0.86767578125 2353292
0.16748046875 0.38720703125 0.86767578125 2353293
0.16748046875 0.38720703125 0.86767578125 2353294
0.16748046875 0.38720703125 0.86767578125 2353295
0.17041015625 0.39306640625 0.87744140625 2353394
0.17041015625 0.39306640625 0.87744140625 2353395
0.17041015625 0.39306640625 0.87744140625 2353396
0.17041015625 0.39306640625 0.87744140625 2353399
0.17041015625 0.39306640625 0.87744140625 2353400
0.16455078125 0.4072265625 0.8857421875 2353497
0.16455078125 0.4072265625 0.8857421875 2353498
0.16455078125 0.4072265625 0.8857421875 2353499
0.16455078125 0.4072265625 0.8857421875 2353499
0.1748046875 0.40234375 0.88525390625 2353577
0.1748046875 0.40234375 0.88525390625 2353578
0.1640625 0.3935546875 0.86376953125 2353685
0.1640625 0.3935546875 0.86376953125 2353686
0.1640625 0.3935546875 0.86376953125 2353687
0.1640625 0.3935546875 0.86376953125 2353688
0.1640625 0.3935546875 0.86376953125 2353689
0.16845703125 0.39306640625 0.86767578125 2353788
0.16845703125 0.39306640625 0.86767578125 2353789
0.16845703125 0.39306640625 0.86767578125 2353790
0.16845703125 0.39306640625 0.86767578125 2353791
0.16845703125 0.39306640625 0.86767578125 2353792
0.16455078125 0.40185546875 0.88037109375 2353891
0.16455078125 0.40185546875 0.88037109375 2353892
0.16455078125 0.40185546875 0.88037109375 2353893
0.16455078125 0.40185546875 0.88037109375 2353894
0.16455078125 0.40185546875 0.88037109375 2353895
0.1748046875 0.396484375 0.88037109375 2353993
0.1748046875 0.396484375 0.88037109375 2353994
0.1748046875 0.396484375 0.88037109375 2353995
0.1748046875 0.396484375 0.88037109375 2354011
0.1748046875 0.396484375 0.88037109375 2354013
0.16357421875 0.39990234375 0.86767578125 2354095
0.16357421875 0.39990234375 0.86767578125 2354096
0.16357421875 0.39990234375 0.86767578125 2354097
0.16357421875 0.39990234375 0.86767578125 2354098
0.16552734375 0.40576171875 0.875 2354198
0.16552734375 0.40576171875 0.875 2354199
0.16552734375 0.40576171875 0.875 2354200
0.16552734375 0.40576171875 0.875 2354201
0.16552734375 0.40576171875 0.875 2354202
0.17724609375 0.4013671875 0.88232421875 2354278
0.166015625 0.4072265625 0.87744140625 2354389
0.166015625 0.4072265625 0.87744140625 2354390
0.166015625 0.4072265625 0.87744140625 2354391
0.166015625 0.4072265625 0.87744140625 2354392
0.166015625 0.4072265625 0.87744140625 2354393
0.1591796875 0.40234375 0.869140625 2354492
0.1591796875 0.40234375 0.869140625 2354493
0.1591796875 0.40234375 0.869140625 2354494
0.1591796875 0.40234375 0.869140625 2354495
0.1591796875 0.40234375 0.869140625 2354496
0.16357421875 0.404296875 0.86572265625 2354595
0.16357421875 0.404296875 0.86572265625 2354596
0.16357421875 0.404296875 0.86572265625 2354597
0.16357421875 0.404296875 0.86572265625 2354598
0.16357421875 0.404296875 0.86572265625 2354598
0.16259765625 0.396484375 0.8662109375 2354697
0.16259765625 0.396484375 0.8662109375 2354698
0.16259765625 0.396484375 0.8662109375 2354699
0.16259765625 0.396484375 0.8662109375 2354701
0.16259765625 0.396484375 0.8662109375 2354702
0.16015625 0.39697265625 0.865234375 2354775
0.1708984375 0.40185546875 0.86328125 2354887
0.1708984375 0.40185546875 0.86328125 2354888
0.1708984375 0.40185546875 0.86328125 2354889
0.1708984375 0.40185546875 0.86328125 2354890
0.1708984375 0.40185546875 0.86328125 2354891
0.17236328125 0.40478515625 0.8759765625 2354989
0.17236328125 0.40478515625 0.8759765625 2354990
0.17236328125 0.40478515625 0.8759765625 2354992
0.17236328125 0.40478515625 0.8759765625 2354993
0.17236328125 0.40478515625 0.8759765625 2354994
0.1650390625 0.3994140625 0.87158203125 2355092
0.1650390625 0.3994140625 0.87158203125 2355093
0.1650390625 0.3994140625 0.87158203125 2355095
0.1650390625 0.3994140625 0.87158203125 2355096
0.1650390625 0.3994140625 0.87158203125 2355097
0.177734375 0.404296875 0.88232421875 2355194
0.177734375 0.404296875 0.88232421875 2355195
0.177734375 0.404296875 0.88232421875 2355196
0.177734375 0.404296875 0.88232421875 2355197
0.177734375 0.404296875 0.88232421875 2355198
0.16748046875 0.40234375 0.8759765625 2355297
0.16748046875 0.40234375 0.8759765625 2355298
0.16748046875 0.40234375 0.8759765625 2355299
0.16748046875 0.40234375 0.8759765625 2355301
0.16748046875 0.40234375 0.8759765625 2355302
0.15771484375 0.38818359375 0.85888671875 2355375
0.169921875 0.39501953125 0.87744140625 2355487
0.169921875 0.39501953125 0.87744140625 2355488
0.169921875 0.39501953125 0.87744140625 2355489
0.169921875 0.39501953125 0.87744140625 2355490
0.169921875 0.39501953125 0.87744140625 2355491
0.16162109375 0.388671875 0.876953125 2355589
0.16162109375 0.388671875 0.876953125 2355590
0.16162109375 0.388671875 0.876953125 2355591
0.16162109375 0.388671875 0.876953125 2355592
0.16162109375 0.388671875 0.876953125 2355593
0.1572265625 0.39306640625 0.876953125 2355692
0.1572265625 0.39306640625 0.876953125 2355694
0.1572265625 0.39306640625 0.876953125 2355695
0.1572265625 0.39306640625 0.876953125 2355696
0.1572265625 0.39306640625 0.876953125 2355697
0.16650390625 0.38671875 0.876953125 2355819
0.16650390625 0.38671875 0.876953125 2355820
0.16650390625 0.38671875 0.876953125 2355821
0.16650390625 0.38671875 0.876953125 2355822
0.16650390625 0.38671875 0.876953125 2355823
0.16650390625 0.3818359375 0.8720703125 2355897
0.166015625 0.38427734375 0.873046875 2356022
0.166015625 0.38427734375 0.873046875 2356038
0.166015625 0.38427734375 0.873046875 2356039
0.166015625 0.38427734375 0.873046875 2356040
0.166015625 0.38427734375 0.873046875 2356041
0.1630859375 0.3935546875 0.87939453125 2356093
0.17138671875 0.400390625 0.8994140625 2356196
0.17138671875 0.400390625 0.8994140625 2356197
0.17138671875 0.400390625 0.8994140625 2356198
0.17138671875 0.400390625 0.8994140625 2356199
0.17138671875 0.400390625 0.8994140625 2356199
0.162109375 0.3857421875 0.86474609375 2356298
0.162109375 0.3857421875 0.86474609375 2356299
0.162109375 0.3857421875 0.86474609375 2356300
0.162109375 0.3857421875 0.86474609375 2356302
0.162109375 0.3857421875 0.86474609375 2356303
0.1611328125 0.38916015625 0.8671875 2356383
0.1572265625 0.39599609375 0.8486328125 2356488
0.1572265625 0.39599609375 0.8486328125 2356490
0.1572265625 0.39599609375 0.8486328125 2356491
0.1572265625 0.39599609375 0.8486328125 2356493
0.1572265625 0.39599609375 0.8486328125 2356494
0.15087890625 0.39697265625 0.83203125 2356590
0.15087890625 0.39697265625 0.83203125 2356592
0.15087890625 0.39697265625 0.83203125 2356593
0.15087890625 0.39697265625 0.83203125 2356594
0.15087890625 0.39697265625 0.83203125 2356595
0.14990234375 0.4033203125 0.78125 2356693
0.14990234375 0.4033203125 0.78125 2356694
0.14990234375 0.4033203125 0.78125 2356695
0.14990234375 0.4033203125 0.78125 2356697
0.14990234375 0.4033203125 0.78125 2356698
0.1875 0.41796875 0.76708984375 2356798
0.1875 0.41796875 0.76708984375 2356799
0.1875 0.41796875 0.76708984375 2356801
0.1875 0.41796875 0.76708984375 2356802
0.1875 0.41796875 0.76708984375 2356803
0.17431640625 0.36376953125 0.77734375 2356882
0.1484375 0.4755859375 0.9189453125 2356991
0.1484375 0.4755859375 0.9189453125 2356992
0.1484375 0.4755859375 0.9189453125 2356993
0.1484375 0.4755859375 0.9189453125 2356994
0.1484375 0.4755859375 0.9189453125 2356995
-0.00634765625 0.62646484375 0.88232421875 2357094
-0.00634765625 0.62646484375 0.88232421875 2357095
-0.00634765625 0.62646484375 0.88232421875 2357097
-0.00634765625 0.62646484375 0.88232421875 2357098
-0.00634765625 0.62646484375 0.88232421875 2357099
-0.28759765625 0.73046875 0.8359375 2357197
-0.28759765625 0.73046875 0.8359375 2357198
-0.28759765625 0.73046875 0.8359375 2357199
-0.28759765625 0.73046875 0.8359375 2357199
-0.28759765625 0.73046875 0.8359375 2357200
-0.55126953125 0.658203125 0.41455078125 2357299
-0.55126953125 0.658203125 0.41455078125 2357301
-0.55126953125 0.658203125 0.41455078125 2357302
-0.55126953125 0.658203125 0.41455078125 2357303
-0.55126953125 0.658203125 0.41455078125 2357304
-0.701171875 0.60595703125 0.1103515625 2357377
-0.64111328125 0.50830078125 -0.251953125 2357493
-0.64111328125 0.50830078125 -0.251953125 2357494
-0.64111328125 0.50830078125 -0.251953125 2357495
-0.64111328125 0.50830078125 -0.251953125 2357496
-0.64111328125 0.50830078125 -0.251953125 2357497
-0.51513671875 0.419921875 -0.61376953125 2357590
-0.40478515625 0.4130859375 -0.85791015625 2357719
-0.40478515625 0.4130859375 -0.85791015625 2357720
-0.40478515625 0.4130859375 -0.85791015625 2357721
-0.40478515625 0.4130859375 -0.85791015625 2357722
-0.40478515625 0.4130859375 -0.85791015625 2357723
-0.13330078125 0.181640625 -0.72021484375 2357796
-0.68505859375 0.47412109375 0.2080078125 2357880
-0.68505859375 0.47412109375 0.2080078125 2357881
-0.68505859375 0.47412109375 0.2080078125 2357882
-0.68505859375 0.47412109375 0.2080078125 2357883
-0.68505859375 0.47412109375 0.2080078125 2357884
0.248046875 0.2998046875 1.1240234375 2357985
0.248046875 0.2998046875 1.1240234375 2357986
0.248046875 0.2998046875 1.1240234375 2357987
0.248046875 0.2998046875 1.1240234375 2357988
0.248046875 0.2998046875 1.1240234375 2357990
0.5224609375 0.28173828125 0.95166015625 2358085
0.5224609375 0.28173828125 0.95166015625 2358086
0.5224609375 0.28173828125 0.95166015625 2358087
0.5224609375 0.28173828125 0.95166015625 2358088
0.5224609375 0.28173828125 0.95166015625 2358089
0.27392578125 0.39794921875 0.861328125 2358188
0.27392578125 0.39794921875 0.861328125 2358189
0.27392578125 0.39794921875 0.861328125 2358190
0.27392578125 0.39794921875 0.861328125 2358191
0.27392578125 0.39794921875 0.861328125 2358192
0.10400390625 0.55517578125 0.80859375 2358290
0.10400390625 0.55517578125 0.80859375 2358291
0.10400390625 0.55517578125 0.80859375 2358292
0.10400390625 0.55517578125 0.80859375 2358293
0.10400390625 0.55517578125 0.80859375 2358294
0.0263671875 0.5478515625 0.7734375 2358395
0.0263671875 0.5478515625 0.7734375 2358396
0.0263671875 0.5478515625 0.7734375 2358397
0.0263671875 0.5478515625 0.7734375 2358399
0.0263671875 0.5478515625 0.7734375 2358400
0.109375 0.5009765625 0.8193359375 2358497
0.109375 0.5009765625 0.8193359375 2358498
0.109375 0.5009765625 0.8193359375 2358504
0.109375 0.5009765625 0.8193359375 2358506
0.109375 0.5009765625 0.8193359375 2358507
0.09814453125 0.51123046875 0.8623046875 2358577
0.1240234375 0.49560546875 0.814453125 2358688
0.1240234375 0.49560546875 0.814453125 2358689
0.1240234375 0.49560546875 0.814453125 2358690
0.1240234375 0.49560546875 0.814453125 2358691
0.1240234375 0.49560546875 0.814453125 2358692
0.134765625 0.4755859375 0.80078125 2358790
0.134765625 0.4755859375 0.80078125 2358792
0.134765625 0.4755859375 0.80078125 2358793
0.134765625 0.4755859375 0.80078125 2358793
0.134765625 0.4755859375 0.80078125 2358794
0.126953125 0.474609375 0.80908203125 2358893
0.126953125 0.474609375 0.80908203125 2358894
0.126953125 0.474609375 0.80908203125 2358895
0.126953125 0.474609375 0.80908203125 2358896
0.126953125 0.474609375 0.80908203125 2358898
0.1181640625 0.50634765625 0.8115234375 2358995
0.1181640625 0.50634765625 0.8115234375 2358996
0.1181640625 0.50634765625 0.8115234375 2358997
0.1181640625 0.50634765625 0.8115234375 2358998
0.1181640625 0.50634765625 0.8115234375 2358999
0.09619140625 0.51513671875 0.80615234375 2359098
0.09619140625 0.51513671875 0.80615234375 2359099
0.09619140625 0.51513671875 0.80615234375 2359100
0.09619140625 0.51513671875 0.80615234375 2359101
0.09619140625 0.51513671875 0.80615234375 2359102
0.05859375 0.52392578125 0.79443359375 2359214
0.05859375 0.52392578125 0.79443359375 2359215
0.05859375 0.52392578125 0.79443359375 2359215
0.05859375 0.52392578125 0.79443359375 2359216
0.05859375 0.52392578125 0.79443359375 2359217
-0.03173828125 0.6044921875 0.81298828125 2359295
-0.06201171875 0.619140625 0.767578125 2359395
-0.06201171875 0.619140625 0.767578125 2359396
-0.06201171875 0.619140625 0.767578125 2359397
-0.06201171875 0.619140625 0.767578125 2359398
-0.06201171875 0.619140625 0.767578125 2359400
-0.056640625 0.59228515625 0.7509765625 2359521
-0.056640625 0.59228515625 0.7509765625 2359522
-0.056640625 0.59228515625 0.7509765625 2359523
-0.056640625 0.59228515625 0.7509765625 2359524
-0.056640625 0.59228515625 0.7509765625 2359525
-0.08203125 0.54150390625 0.70263671875 2359600
-0.19384765625 0.55029296875 0.6318359375 2359682
-0.19384765625 0.55029296875 0.6318359375 2359683
-0.19384765625 0.55029296875 0.6318359375 2359684
-0.19384765625 0.55029296875 0.6318359375 2359685
-0.19384765625 0.55029296875 0.6318359375 2359687
-0.2822265625 0.68994140625 0.58203125 2359792
-0.2822265625 0.68994140625 0.58203125 2359793
-0.2822265625 0.68994140625 0.58203125 2359794
-0.2822265625 0.68994140625 0.58203125 2359795
-0.2822265625 0.68994140625 0.58203125 2359796
-0.26318359375 0.70751953125 0.42236328125 2359894
-0.26318359375 0.70751953125 0.42236328125 2359919
-0.26318359375 0.70751953125 0.42236328125 2359920
-0.26318359375 0.70751953125 0.42236328125 2359921
-0.26318359375 0.70751953125 0.42236328125 2359922
-0.49951171875 0.97900390625 0.51708984375 2359998
-0.49951171875 0.97900390625 0.51708984375 2359999
-0.00390625 0.7822265625 0.57763671875 2360100
-0.00390625 0.7822265625 0.57763671875 2360101
-0.00390625 0.7822265625 0.57763671875 2360102
-0.00390625 0.7822265625 0.57763671875 2360103
-0.00390625 0.7822265625 0.57763671875 2360104
0.1689453125 0.69775390625 0.85693359375 2360178
0.18212890625 0.53076171875 0.8388671875 2360289
0.18212890625 0.53076171875 0.8388671875 2360290
0.18212890625 0.53076171875 0.8388671875 2360291
0.18212890625 0.53076171875 0.8388671875 2360291
0.18212890625 0.53076171875 0.8388671875 2360293
0.1787109375 0.48388671875 0.888671875 2360392
0.1787109375 0.48388671875 0.888671875 2360393
0.1787109375 0.48388671875 0.888671875 2360394
0.1787109375 0.48388671875 0.888671875 2360395
0.1787109375 0.48388671875 0.888671875 2360396
0.16796875 0.44970703125 0.86376953125 2360494
0.16796875 0.44970703125 0.86376953125 2360495
0.16796875 0.44970703125 0.86376953125 2360496
0.16796875 0.44970703125 0.86376953125 2360497
0.16796875 0.44970703125 0.86376953125 2360498
0.1650390625 0.4423828125 0.86865234375 2360599
0.1650390625 0.4423828125 0.86865234375 2360624
0.1650390625 0.4423828125 0.86865234375 2360625
0.1650390625 0.4423828125 0.86865234375 2360626
0.1650390625 0.4423828125 0.86865234375 2360627
0.16845703125 0.4404296875 0.86181640625 2360702
0.16845703125 0.4404296875 0.86181640625 2360703
0.14697265625 0.451171875 0.8564453125 2360784
0.14697265625 0.451171875 0.8564453125 2360822
0.14697265625 0.451171875 0.8564453125 2360845
0.14697265625 0.451171875 0.8564453125 2360847
0.11474609375 0.44970703125 0.84423828125 2360890
0.11474609375 0.44970703125 0.84423828125 2360891
0.11474609375 0.44970703125 0.84423828125 2360892
0.10986328125 0.44873046875 0.859375 2360999
0.10986328125 0.44873046875 0.859375 2361024
0.10986328125 0.44873046875 0.859375 2361025
0.10986328125 0.44873046875 0.859375 2361026
0.10986328125 0.44873046875 0.859375 2361027
0.11279296875 0.4326171875 0.83642578125 2361102
0.11279296875 0.4326171875 0.83642578125 2361103
0.10791015625 0.43505859375 0.841796875 2361181
0.10791015625 0.43505859375 0.841796875 2361183
0.10791015625 0.43505859375 0.841796875 2361184
0.10791015625 0.43505859375 0.841796875 2361185
0.11669921875 0.43896484375 0.8681640625 2361294
0.11669921875 0.43896484375 0.8681640625 2361295
0.11669921875 0.43896484375 0.8681640625 2361296
0.11669921875 0.43896484375 0.8681640625 2361297
0.11669921875 0.43896484375 0.8681640625 2361298
0.130859375 0.42138671875 0.86474609375 2361396
0.130859375 0.42138671875 0.86474609375 2361397
0.130859375 0.42138671875 0.86474609375 2361398
0.130859375 0.42138671875 0.86474609375 2361400
0.130859375 0.42138671875 0.86474609375 2361401
0.11181640625 0.42578125 0.857421875 2361498
0.11181640625 0.42578125 0.857421875 2361501
0.11181640625 0.42578125 0.857421875 2361502
0.11181640625 0.42578125 0.857421875 2361503
0.11181640625 0.42578125 0.857421875 2361504
0.10888671875 0.42578125 0.85986328125 2361601
0.10888671875 0.42578125 0.85986328125 2361602
0.10888671875 0.42578125 0.85986328125 2361603
0.10888671875 0.42578125 0.85986328125 2361604
0.10888671875 0.42578125 0.85986328125 2361605
0.10302734375 0.4169921875 0.85302734375 2361744
0.10302734375 0.4169921875 0.85302734375 2361745
0.10302734375 0.4169921875 0.85302734375 2361747
0.10302734375 0.4169921875 0.85302734375 2361748
0.10302734375 0.4169921875 0.85302734375 2361749
0.09912109375 0.43701171875 0.86083984375 2361795
0.0966796875 0.4248046875 0.85400390625 2361899
0.0966796875 0.4248046875 0.85400390625 2361900
0.0966796875 0.4248046875 0.85400390625 2361901
0.0966796875 0.4248046875 0.85400390625 2361902
0.0966796875 0.4248046875 0.85400390625 2361903
0.08740234375 0.43310546875 0.86669921875 2362002
0.08740234375 0.43310546875 0.86669921875 2362003
0.08740234375 0.43310546875 0.86669921875 2362004
0.08740234375 0.43310546875 0.86669921875 2362005
0.08740234375 0.43310546875 0.86669921875 2362007
0.08349609375 0.4287109375 0.85205078125 2362081
0.09375 0.4287109375 0.85107421875 2362192
0.09375 0.4287109375 0.85107421875 2362193
0.09375 0.4287109375 0.85107421875 2362194
0.09375 0.4287109375 0.85107421875 2362195
0.09375 0.4287109375 0.85107421875 2362196
0.09033203125 0.4208984375 0.853515625 2362294
0.09033203125 0.4208984375 0.853515625 2362295
0.09033203125 0.4208984375 0.853515625 2362296
0.09033203125 0.4208984375 0.853515625 2362298
0.09033203125 0.4208984375 0.853515625 2362299
0.08642578125 0.42333984375 0.84716796875 2362457
0.08642578125 0.42333984375 0.84716796875 2362459
0.08642578125 0.42333984375 0.84716796875 2362460
0.08642578125 0.42333984375 0.84716796875 2362461
0.08642578125 0.42333984375 0.84716796875 2362462
0.09228515625 0.4287109375 0.8623046875 2362493
0.08642578125 0.4267578125 0.8564453125 2362595
0.08642578125 0.4267578125 0.8564453125 2362596
0.08642578125 0.4267578125 0.8564453125 2362598
0.08642578125 0.4267578125 0.8564453125 2362599
0.08642578125 0.4267578125 0.8564453125 2362600
0.083984375 0.42724609375 0.85498046875 2362698
0.083984375 0.42724609375 0.85498046875 2362699
0.083984375 0.42724609375 0.85498046875 2362700
0.083984375 0.42724609375 0.85498046875 2362701
0.083984375 0.42724609375 0.85498046875 2362702
0.08349609375 0.42822265625 0.857421875 2362801
0.08349609375 0.42822265625 0.857421875 2362802
0.08349609375 0.42822265625 0.857421875 2362803
0.08349609375 0.42822265625 0.857421875 2362804
0.08349609375 0.42822265625 0.857421875 2362805
0.09765625 0.4208984375 0.86181640625 2362933
0.09765625 0.4208984375 0.86181640625 2362935
0.09765625 0.4208984375 0.86181640625 2362936
0.09765625 0.4208984375 0.86181640625 2362937
0.09765625 0.4208984375 0.86181640625 2362938
0.0908203125 0.41845703125 0.86328125 2363003
0.10595703125 0.41845703125 0.8681640625 2363086
0.10595703125 0.41845703125 0.8681640625 2363098
0.10595703125 0.41845703125 0.8681640625 2363099
0.10595703125 0.41845703125 0.8681640625 2363100
0.10595703125 0.41845703125 0.8681640625 2363101
0.09228515625 0.4169921875 0.85791015625 2363200
0.09228515625 0.4169921875 0.85791015625 2363202
0.09228515625 0.4169921875 0.85791015625 2363202
0.09228515625 0.4169921875 0.85791015625 2363203
0.09228515625 0.4169921875 0.85791015625 2363204
0.08544921875 0.4111328125 0.85888671875 2363303
0.08544921875 0.4111328125 0.85888671875 2363304
0.08544921875 0.4111328125 0.85888671875 2363305
0.08544921875 0.4111328125 0.85888671875 2363306
0.08544921875 0.4111328125 0.85888671875 2363307
0.09130859375 0.4111328125 0.86279296875 2363380
0.09326171875 0.40625 0.84619140625 2363492
0.09326171875 0.40625 0.84619140625 2363493
0.09326171875 0.40625 0.84619140625 2363494
0.09326171875 0.40625 0.84619140625 2363495
0.09326171875 0.40625 0.84619140625 2363496
0.0986328125 0.4091796875 0.85791015625 2363594
0.0986328125 0.4091796875 0.85791015625 2363605
0.0986328125 0.4091796875 0.85791015625 2363606
0.0986328125 0.4091796875 0.85791015625 2363607
0.0986328125 0.4091796875 0.85791015625 2363609
0.09228515625 0.41015625 0.86376953125 2363697
0.09228515625 0.41015625 0.86376953125 2363698
0.0986328125 0.421875 0.87353515625 2363799
0.0986328125 0.421875 0.87353515625 2363800
0.0986328125 0.421875 0.87353515625 2363802
0.0986328125 0.421875 0.87353515625 2363803
0.0986328125 0.421875 0.87353515625 2363804
0.09228515625 0.40966796875 0.85986328125 2363902
0.09228515625 0.40966796875 0.85986328125 2363904
0.09228515625 0.40966796875 0.85986328125 2363904
0.09228515625 0.40966796875 0.85986328125 2363905
0.09228515625 0.40966796875 0.85986328125 2363906
0.091796875 0.4033203125 0.84423828125 2363980
0.09716796875 0.41552734375 0.86962890625 2364092
0.09716796875 0.41552734375 0.86962890625 2364093
0.09716796875 0.41552734375 0.86962890625 2364094
0.09716796875 0.41552734375 0.86962890625 2364095
0.09716796875 0.41552734375 0.86962890625 2364096
0.09814453125 0.4189453125 0.86376953125 2364194
0.09814453125 0.4189453125 0.86376953125 2364195
0.09814453125 0.4189453125 0.86376953125 2364196
0.09814453125 0.4189453125 0.86376953125 2364197
0.09814453125 0.4189453125 0.86376953125 2364198
0.09619140625 0.41748046875 0.8671875 2364297
0.09619140625 0.41748046875 0.8671875 2364298
0.09619140625 0.41748046875 0.8671875 2364299
0.09619140625 0.41748046875 0.8671875 2364300
0.09619140625 0.41748046875 0.8671875 2364301
0.10107421875 0.412109375 0.85302734375 2364401
0.10107421875 0.412109375 0.85302734375 2364402
0.10107421875 0.412109375 0.85302734375 2364403
0.10107421875 0.412109375 0.85302734375 2364404
0.10107421875 0.412109375 0.85302734375 2364405
0.10009765625 0.4130859375 0.8681640625 2364503
0.10009765625 0.4130859375 0.8681640625 2364504
0.10009765625 0.4130859375 0.8681640625 2364505
0.10009765625 0.4130859375 0.8681640625 2364506
0.10009765625 0.4130859375 0.8681640625 2364507
0.09912109375 0.4140625 0.85693359375 2364580
0.09814453125 0.4130859375 0.86181640625 2364692
0.09814453125 0.4130859375 0.86181640625 2364693
0.09814453125 0.4130859375 0.86181640625 2364694
0.09814453125 0.4130859375 0.86181640625 2364695
0.09814453125 0.4130859375 0.86181640625 2364696
0.09716796875 0.4228515625 0.87548828125 2364794
0.09716796875 0.4228515625 0.87548828125 2364795
0.09716796875 0.4228515625 0.87548828125 2364796
0.09716796875 0.4228515625 0.87548828125 2364798
0.09716796875 0.4228515625 0.87548828125 2364799
0.11572265625 0.4228515625 0.8720703125 2364896
0.11572265625 0.4228515625 0.8720703125 2364897
0.11572265625 0.4228515625 0.8720703125 2364898
0.11572265625 0.4228515625 0.8720703125 2364899
0.11572265625 0.4228515625 0.8720703125 2364900
0.1005859375 0.419921875 0.8583984375 2365000
0.1005859375 0.419921875 0.8583984375 2365001
0.1005859375 0.419921875 0.8583984375 2365002
0.1005859375 0.419921875 0.8583984375 2365003
0.1005859375 0.419921875 0.8583984375 2365004
0.09716796875 0.41796875 0.85546875 2365102
0.09716796875 0.41796875 0.85546875 2365103
0.09716796875 0.41796875 0.85546875 2365104
0.09716796875 0.41796875 0.85546875 2365104
0.09716796875 0.41796875 0.85546875 2365105
0.12353515625 0.42041015625 0.8759765625 2365187
0.11572265625 0.42431640625 0.87939453125 2365291
0.11572265625 0.42431640625 0.87939453125 2365292
0.11572265625 0.42431640625 0.87939453125 2365293
0.11572265625 0.42431640625 0.87939453125 2365294
0.11572265625 0.42431640625 0.87939453125 2365295
0.115234375 0.4208984375 0.87158203125 2365397
0.115234375 0.4208984375 0.87158203125 2365398
0.115234375 0.4208984375 0.87158203125 2365399
0.115234375 0.4208984375 0.87158203125 2365401
0.115234375 0.4208984375 0.87158203125 2365402
0.11474609375 0.4287109375 0.87451171875 2365499
0.11474609375 0.4287109375 0.87451171875 2365500
0.11474609375 0.4287109375 0.87451171875 2365502
0.11474609375 0.4287109375 0.87451171875 2365503
0.11474609375 0.4287109375 0.87451171875 2365504
0.11376953125 0.42578125 0.87548828125 2365608
0.11376953125 0.42578125 0.87548828125 2365609
0.11376953125 0.42578125 0.87548828125 2365646
0.11376953125 0.42578125 0.87548828125 2365647
0.11376953125 0.42578125 0.87548828125 2365648
0.10546875 0.4150390625 0.8525390625 2365691
0.10986328125 0.412109375 0.85498046875 2365794
0.10986328125 0.412109375 0.85498046875 2365795
0.10986328125 0.412109375 0.85498046875 2365796
0.10986328125 0.412109375 0.85498046875 2365797
0.10986328125 0.412109375 0.85498046875 2365798
0.11865234375 0.41943359375 0.8759765625 2365897
0.11865234375 0.41943359375 0.8759765625 2365898
0.11865234375 0.41943359375 0.8759765625 2365899
0.11865234375 0.41943359375 0.8759765625 2365900
0.11865234375 0.41943359375 0.8759765625 2365901
0.109375 0.423828125 0.876953125 2365988
0.103515625 0.4130859375 0.8583984375 2366090
0.103515625 0.4130859375 0.8583984375 2366091
0.103515625 0.4130859375 0.8583984375 2366092
0.103515625 0.4130859375 0.8583984375 2366093
0.103515625 0.4130859375 0.8583984375 2366094
0.10400390625 0.4111328125 0.8564453125 2366193
0.10400390625 0.4111328125 0.8564453125 2366194
0.10400390625 0.4111328125 0.8564453125 2366195
0.10400390625 0.4111328125 0.8564453125 2366196
0.10400390625 0.4111328125 0.8564453125 2366197
0.10693359375 0.412109375 0.86865234375 2366295
0.10693359375 0.412109375 0.86865234375 2366296
0.10693359375 0.412109375 0.86865234375 2366297
0.10693359375 0.412109375 0.86865234375 2366298
0.10693359375 0.412109375 0.86865234375 2366299
0.11376953125 0.4111328125 0.876953125 2366398
0.11376953125 0.4111328125 0.876953125 2366399
0.11376953125 0.4111328125 0.876953125 2366400
0.11376953125 0.4111328125 0.876953125 2366401
0.11376953125 0.4111328125 0.876953125 2366402
0.1142578125 0.41357421875 0.8701171875 2366501
0.1142578125 0.41357421875 0.8701171875 2366502
0.1142578125 0.41357421875 0.8701171875 2366503
0.1142578125 0.41357421875 0.8701171875 2366504
0.1142578125 0.41357421875 0.8701171875 2366505
0.109375 0.404296875 0.86376953125 2366603
0.109375 0.404296875 0.86376953125 2366604
0.109375 0.404296875 0.86376953125 2366605
0.109375 0.404296875 0.86376953125 2366606
0.109375 0.404296875 0.86376953125 2366607
0.10546875 0.4033203125 0.857421875 2366687
0.12353515625 0.40283203125 0.87890625 2366796
0.12353515625 0.40283203125 0.87890625 2366797
0.12353515625 0.40283203125 0.87890625 2366799
0.12353515625 0.40283203125 0.87890625 2366800
0.12353515625 0.40283203125 0.87890625 2366800
0.10693359375 0.4072265625 0.86669921875 2366905
0.10693359375 0.4072265625 0.86669921875 2366906
0.10693359375 0.4072265625 0.86669921875 2366907
0.10693359375 0.4072265625 0.86669921875 2366908
0.10693359375 0.4072265625 0.86669921875 2366909
0.099609375 0.4150390625 0.8623046875 2367002
0.11376953125 0.40869140625 0.87744140625 2367104
0.11376953125 0.40869140625 0.87744140625 2367105
0.11376953125 0.40869140625 0.87744140625 2367106
0.11376953125 0.40869140625 0.87744140625 2367108
0.11376953125 0.40869140625 0.87744140625 2367109
0.109375 0.41552734375 0.86669921875 2367212
0.109375 0.41552734375 0.86669921875 2367213
0.109375 0.41552734375 0.86669921875 2367214
0.109375 0.41552734375 0.86669921875 2367215
0.109375 0.41552734375 0.86669921875 2367216
0.103515625 0.41064453125 0.8671875 2367294
0.10693359375 0.4091796875 0.861328125 2367397
0.10693359375 0.4091796875 0.861328125 2367403
0.10693359375 0.4091796875 0.861328125 2367404
0.10693359375 0.4091796875 0.861328125 2367406
0.10693359375 0.4091796875 0.861328125 2367407
0.115234375 0.408203125 0.8720703125 2367499
0.1015625 0.40625 0.85693359375 2367604
0.1015625 0.40625 0.85693359375 2367605
0.1015625 0.40625 0.85693359375 2367606
0.1015625 0.40625 0.85693359375 2367607
0.1015625 0.40625 0.85693359375 2367608
0.09912109375 0.41455078125 0.86962890625 2367686
0.10986328125 0.40283203125 0.87646484375 2367794
0.10986328125 0.40283203125 0.87646484375 2367795
0.10986328125 0.40283203125 0.87646484375 2367796
0.10986328125 0.40283203125 0.87646484375 2367797
0.10986328125 0.40283203125 0.87646484375 2367798
0.11376953125 0.408203125 0.875 2367896
0.11376953125 0.408203125 0.875 2367902
0.11376953125 0.408203125 0.875 2367903
0.11376953125 0.408203125 0.875 2367904
0.11376953125 0.408203125 0.875 2367905
0.0986328125 0.41259765625 0.87548828125 2368002
0.0986328125 0.41259765625 0.87548828125 2368003
0.10595703125 0.40283203125 0.8681640625 2368105
0.10595703125 0.40283203125 0.8681640625 2368106
0.10595703125 0.40283203125 0.8681640625 2368107
0.10595703125 0.40283203125 0.8681640625 2368108
0.10595703125 0.40283203125 0.8681640625 2368109
0.10986328125 0.404296875 0.8779296875 2368183
0.09228515625 0.40576171875 0.86083984375 2368294
0.09228515625 0.40576171875 0.86083984375 2368295
0.09228515625 0.40576171875 0.86083984375 2368297
0.09228515625 0.40576171875 0.86083984375 2368298
0.09228515625 0.40576171875 0.86083984375 2368299
0.0986328125 0.40478515625 0.8759765625 2368396
0.0986328125 0.40478515625 0.8759765625 2368397
0.0986328125 0.40478515625 0.8759765625 2368398
0.0986328125 0.40478515625 0.8759765625 2368399
0.0986328125 0.40478515625 0.8759765625 2368400
0.1005859375 0.39892578125 0.861328125 2368499
0.1005859375 0.39892578125 0.861328125 2368500
0.1005859375 0.39892578125 0.861328125 2368501
0.1005859375 0.39892578125 0.861328125 2368502
0.1005859375 0.39892578125 0.861328125 2368503
0.09765625 0.40234375 0.8623046875 2368602
0.09765625 0.40234375 0.8623046875 2368603
0.09765625 0.40234375 0.8623046875 2368604
0.09765625 0.40234375 0.8623046875 2368605
0.09765625 0.40234375 0.8623046875 2368606
0.0986328125 0.4072265625 0.87353515625 2368704
0.0986328125 0.4072265625 0.87353515625 2368705
0.0986328125 0.4072265625 0.87353515625 2368706
0.0986328125 0.4072265625 0.87353515625 2368707
0.0986328125 0.4072265625 0.87353515625 2368708
0.1005859375 0.3984375 0.8662109375 2368806
0.1005859375 0.3984375 0.8662109375 2368808
0.1005859375 0.3984375 0.8662109375 2368809
0.1005859375 0.3984375 0.8662109375 2368809
0.1005859375 0.3984375 0.8662109375 2368810
0.09033203125 0.41015625 0.87451171875 2368891
0.10107421875 0.4013671875 0.86083984375 2368994
0.10107421875 0.4013671875 0.86083984375 2368995
0.10107421875 0.4013671875 0.86083984375 2368996
0.10107421875 0.4013671875 0.86083984375 2368998
0.10107421875 0.4013671875 0.86083984375 2368999
0.10009765625 0.3994140625 0.8603515625 2369097
0.10009765625 0.3994140625 0.8603515625 2369098
0.10009765625 0.3994140625 0.8603515625 2369099
0.10009765625 0.3994140625 0.8603515625 2369101
0.10009765625 0.3994140625 0.8603515625 2369102
0.099609375 0.404296875 0.87060546875 2369204
0.099609375 0.404296875 0.87060546875 2369205
0.099609375 0.404296875 0.87060546875 2369207
0.099609375 0.404296875 0.87060546875 2369208
0.099609375 0.404296875 0.87060546875 2369209
0.1015625 0.40966796875 0.86962890625 2369283
0.10009765625 0.4072265625 0.86572265625 2369394
0.10009765625 0.4072265625 0.86572265625 2369396
0.10009765625 0.4072265625 0.86572265625 2369397
0.10009765625 0.4072265625 0.86572265625 2369398
0.10009765625 0.4072265625 0.86572265625 2369400
0.09814453125 0.4052734375 0.86474609375 2369497
0.09814453125 0.4052734375 0.86474609375 2369498
0.09814453125 0.4052734375 0.86474609375 2369499
0.09814453125 0.4052734375 0.86474609375 2369500
0.09814453125 0.4052734375 0.86474609375 2369501
0.10498046875 0.40966796875 0.87451171875 2369599
0.10498046875 0.40966796875 0.87451171875 2369600
0.10498046875 0.40966796875 0.87451171875 2369601
0.10498046875 0.40966796875 0.87451171875 2369602
0.10498046875 0.40966796875 0.87451171875 2369603
0.10205078125 0.40478515625 0.861328125 2369700
0.10205078125 0.40478515625 0.861328125 2369701
0.10205078125 0.40478515625 0.861328125 2369703
0.10205078125 0.40478515625 0.861328125 2369706
0.10205078125 0.40478515625 0.861328125 2369708
0.1015625 0.40185546875 0.86328125 2369797
0.09326171875 0.40625 0.86328125 2369922
0.09326171875 0.40625 0.86328125 2369923
0.09326171875 0.40625 0.86328125 2369924
0.09326171875 0.40625 0.86328125 2369925
0.09326171875 0.40625 0.86328125 2369926
0.1015625 0.39990234375 0.86767578125 2369991
0.09765625 0.4140625 0.87158203125 2370092
0.09765625 0.4140625 0.87158203125 2370094
0.09765625 0.4140625 0.87158203125 2370095
0.09765625 0.4140625 0.87158203125 2370096
0.09765625 0.4140625 0.87158203125 2370097
0.09375 0.41455078125 0.869140625 2370197
0.09375 0.41455078125 0.869140625 2370204
0.09375 0.41455078125 0.869140625 2370205
0.09375 0.41455078125 0.869140625 2370206
0.09375 0.41455078125 0.869140625 2370208
0.08203125 0.4326171875 0.8583984375 2370300
0.0830078125 0.4150390625 0.8359375 2370404
0.0830078125 0.4150390625 0.8359375 2370406
0.0830078125 0.4150390625 0.8359375 2370407
0.0830078125 0.4150390625 0.8359375 2370409
0.0830078125 0.4150390625 0.8359375 2370410
0.08154296875 0.404296875 0.82177734375 2370507
0.08154296875 0.404296875 0.82177734375 2370508
0.08154296875 0.404296875 0.82177734375 2370509
0.08154296875 0.404296875 0.82177734375 2370510
0.08154296875 0.404296875 0.82177734375 2370511
0.10498046875 0.375 0.82275390625 2370584
0.12353515625 0.31103515625 0.74609375 2370694
0.12353515625 0.31103515625 0.74609375 2370695
0.12353515625 0.31103515625 0.74609375 2370696
0.12353515625 0.31103515625 0.74609375 2370697
0.12353515625 0.31103515625 0.74609375 2370699
0.09375 0.42822265625 0.8115234375 2370798
0.09375 0.42822265625 0.8115234375 2370799
0.09375 0.42822265625 0.8115234375 2370801
0.09375 0.42822265625 0.8115234375 2370802
0.09375 0.42822265625 0.8115234375 2370803
0.03564453125 0.53369140625 0.84716796875 2370900
0.03564453125 0.53369140625 0.84716796875 2370902
0.03564453125 0.53369140625 0.84716796875 2370903
0.03564453125 0.53369140625 0.84716796875 2370904
0.03564453125 0.53369140625 0.84716796875 2370905
-0.20361328125 0.65966796875 0.82177734375 2371001
-0.20361328125 0.65966796875 0.82177734375 2371002
-0.5205078125 0.6318359375 0.64990234375 2371103
-0.5205078125 0.6318359375 0.64990234375 2371104
-0.5205078125 0.6318359375 0.64990234375 2371105
-0.5205078125 0.6318359375 0.64990234375 2371106
-0.5205078125 0.6318359375 0.64990234375 2371107
-0.6982421875 0.56640625 0.23486328125 2371205
-0.6982421875 0.56640625 0.23486328125 2371206
-0.6982421875 0.56640625 0.23486328125 2371207
-0.6982421875 0.56640625 0.23486328125 2371208
-0.6982421875 0.56640625 0.23486328125 2371209
-0.64208984375 0.4794921875 -0.27392578125 2371288
-0.42578125 0.44287109375 -0.685546875 2371399
-0.42578125 0.44287109375 -0.685546875 2371400
-0.42578125 0.44287109375 -0.685546875 2371423
-0.42578125 0.44287109375 -0.685546875 2371425
-0.42578125 0.44287109375 -0.685546875 2371426
-0.4189453125 0.4267578125 -0.783203125 2371501
-0.4189453125 0.4267578125 -0.783203125 2371502
-0.4189453125 0.4267578125 -0.783203125 2371503
-0.4375 0.40771484375 -0.74462890625 2371604
-0.4375 0.40771484375 -0.74462890625 2371605
-0.4375 0.40771484375 -0.74462890625 2371606
-0.4375 0.40771484375 -0.74462890625 2371607
-0.4375 0.40771484375 -0.74462890625 2371609
-0.79248046875 0.43017578125 0.1669921875 2371706
-0.79248046875 0.43017578125 0.1669921875 2371708
-0.79248046875 0.43017578125 0.1669921875 2371709
-0.79248046875 0.43017578125 0.1669921875 2371710
-0.79248046875 0.43017578125 0.1669921875 2371711
-0.49462890625 0.44775390625 0.60546875 2371784
0.09716796875 0.4404296875 0.8896484375 2371895
0.09716796875 0.4404296875 0.8896484375 2371896
0.09716796875 0.4404296875 0.8896484375 2371897
0.09716796875 0.4404296875 0.8896484375 2371899
0.09716796875 0.4404296875 0.8896484375 2371900
0.287109375 0.421875 0.9326171875 2372045
0.287109375 0.421875 0.9326171875 2372046
0.287109375 0.421875 0.9326171875 2372047
0.287109375 0.421875 0.9326171875 2372048
0.287109375 0.421875 0.9326171875 2372049
0.18408203125 0.39404296875 0.84423828125 2372092
0.130859375 0.4296875 0.861328125 2372195
0.130859375 0.4296875 0.861328125 2372196
0.130859375 0.4296875 0.861328125 2372197
0.130859375 0.4296875 0.861328125 2372198
0.130859375 0.4296875 0.861328125 2372200
0.2216796875 0.39208984375 0.86865234375 2372298
0.2216796875 0.39208984375 0.86865234375 2372338
0.2216796875 0.39208984375 0.86865234375 2372339
0.2216796875 0.39208984375 0.86865234375 2372341
0.2216796875 0.39208984375 0.86865234375 2372342
0.21044921875 0.375 0.8564453125 2372400
0.21044921875 0.375 0.8564453125 2372401
0.18310546875 0.40673828125 0.9130859375 2372502
0.18310546875 0.40673828125 0.9130859375 2372503
0.18310546875 0.40673828125 0.9130859375 2372505
0.18310546875 0.40673828125 0.9130859375 2372506
0.18310546875 0.40673828125 0.9130859375 2372507
0.22216796875 0.3671875 0.89111328125 2372605
0.22216796875 0.3671875 0.89111328125 2372607
0.22216796875 0.3671875 0.89111328125 2372608
0.22216796875 0.3671875 0.89111328125 2372609
0.22216796875 0.3671875 0.89111328125 2372610
0.2119140625 0.369140625 0.890625 2372689
0.20458984375 0.36572265625 0.87646484375 2372826
0.20458984375 0.36572265625 0.87646484375 2372828
0.20458984375 0.36572265625 0.87646484375 2372829
0.20458984375 0.36572265625 0.87646484375 2372865
0.20458984375 0.36572265625 0.87646484375 2372866
0.2265625 0.359375 0.85888671875 2372911
0.1962890625 0.37060546875 0.869140625 2373005
0.1962890625 0.37060546875 0.869140625 2373006
0.1962890625 0.37060546875 0.869140625 2373007
0.1962890625 0.37060546875 0.869140625 2373008
0.1962890625 0.37060546875 0.869140625 2373009
0.15087890625 0.38671875 0.87890625 2373085
0.1474609375 0.39697265625 0.87890625 2373196
0.1474609375 0.39697265625 0.87890625 2373197
0.1474609375 0.39697265625 0.87890625 2373198
0.1474609375 0.39697265625 0.87890625 2373199
0.1474609375 0.39697265625 0.87890625 2373200
0.130859375 0.38671875 0.83984375 2373304
0.130859375 0.38671875 0.83984375 2373305
0.130859375 0.38671875 0.83984375 2373322
0.130859375 0.38671875 0.83984375 2373324
0.130859375 0.38671875 0.83984375 2373325
0.10986328125 0.40234375 0.83154296875 2373406
0.10986328125 0.40234375 0.83154296875 2373408
0.10986328125 0.40234375 0.83154296875 2373409
0.13330078125 0.42578125 0.8720703125 2373489
0.13330078125 0.42578125 0.8720703125 2373490
0.13330078125 0.42578125 0.8720703125 2373491
0.11767578125 0.4248046875 0.86572265625 2373600
0.11767578125 0.4248046875 0.86572265625 2373602
0.11767578125 0.4248046875 0.86572265625 2373603
0.11767578125 0.4248046875 0.86572265625 2373604
0.11767578125 0.4248046875 0.86572265625 2373605
-0.048828125 0.47314453125 0.701171875 2373702
-0.048828125 0.47314453125 0.701171875 2373704
-0.048828125 0.47314453125 0.701171875 2373706
-0.048828125 0.47314453125 0.701171875 2373707
-0.048828125 0.47314453125 0.701171875 2373708
-0.22900390625 0.6708984375 0.697265625 2373805
-0.22900390625 0.6708984375 0.697265625 2373807
-0.22900390625 0.6708984375 0.697265625 2373808
-0.22900390625 0.6708984375 0.697265625 2373809
-0.22900390625 0.6708984375 0.697265625 2373810
-0.2978515625 0.73681640625 0.4541015625 2373944
-0.2978515625 0.73681640625 0.4541015625 2373946
-0.2978515625 0.73681640625 0.4541015625 2373947
-0.2978515625 0.73681640625 0.4541015625 2373948
-0.2978515625 0.73681640625 0.4541015625 2373949
-0.27001953125 0.73486328125 0.33203125 2373986
-0.41015625 0.7861328125 0.42431640625 2374114
-0.41015625 0.7861328125 0.42431640625 2374116
-0.41015625 0.7861328125 0.42431640625 2374117
-0.41015625 0.7861328125 0.42431640625 2374118
-0.41015625 0.7861328125 0.42431640625 2374120
-0.21875 0.7431640625 0.52978515625 2374199
0.111328125 0.69189453125 0.78857421875 2374306
0.111328125 0.69189453125 0.78857421875 2374307
0.111328125 0.69189453125 0.78857421875 2374309
0.111328125 0.69189453125 0.78857421875 2374310
0.111328125 0.69189453125 0.78857421875 2374311
0.23681640625 0.60400390625 0.84619140625 2374408
0.23681640625 0.60400390625 0.84619140625 2374409
0.23681640625 0.60400390625 0.84619140625 2374410
0.23681640625 0.60400390625 0.84619140625 2374411
0.23681640625 0.60400390625 0.84619140625 2374412
0.26806640625 0.548828125 0.8759765625 2374487
0.2412109375 0.51513671875 0.849609375 2374598
0.2412109375 0.51513671875 0.849609375 2374599
0.2412109375 0.51513671875 0.849609375 2374601
0.2412109375 0.51513671875 0.849609375 2374602
0.2412109375 0.51513671875 0.849609375 2374603
0.234375 0.4873046875 0.861328125 2374705
0.234375 0.4873046875 0.861328125 2374706
0.234375 0.4873046875 0.861328125 2374707
0.234375 0.4873046875 0.861328125 2374708
0.234375 0.4873046875 0.861328125 2374709
0.19775390625 0.48193359375 0.82958984375 2374808
0.19775390625 0.48193359375 0.82958984375 2374809
0.19775390625 0.48193359375 0.82958984375 2374810
0.19775390625 0.48193359375 0.82958984375 2374811
0.19775390625 0.48193359375 0.82958984375 2374815
0.18212890625 0.4609375 0.82275390625 2374925
0.18212890625 0.4609375 0.82275390625 2374926
0.18212890625 0.4609375 0.82275390625 2374929
0.18212890625 0.4609375 0.82275390625 2374930
0.18212890625 0.4609375 0.82275390625 2374931
0.1953125 0.44677734375 0.84033203125 2374998
0.1826171875 0.44970703125 0.83837890625 2375102
0.1826171875 0.44970703125 0.83837890625 2375103
0.1826171875 0.44970703125 0.83837890625 2375104
0.1826171875 0.44970703125 0.83837890625 2375105
0.1826171875 0.44970703125 0.83837890625 2375106
0.20166015625 0.43115234375 0.82666015625 2375210
0.20166015625 0.43115234375 0.82666015625 2375211
0.20166015625 0.43115234375 0.82666015625 2375212
0.20166015625 0.43115234375 0.82666015625 2375214
0.20166015625 0.43115234375 0.82666015625 2375215
0.19482421875 0.43359375 0.83251953125 2375292
0.18505859375 0.4326171875 0.83544921875 2375396
0.18505859375 0.4326171875 0.83544921875 2375398
0.18505859375 0.4326171875 0.83544921875 2375399
0.18505859375 0.4326171875 0.83544921875 2375400
0.18505859375 0.4326171875 0.83544921875 2375402
0.17138671875 0.43017578125 0.83349609375 2375497
0.17138671875 0.43017578125 0.83349609375 2375498
0.17138671875 0.43017578125 0.83349609375 2375499
0.17138671875 0.43017578125 0.83349609375 2375501
0.17138671875 0.43017578125 0.83349609375 2375502
0.17822265625 0.43310546875 0.84716796875 2375600
0.17822265625 0.43310546875 0.84716796875 2375601
0.17822265625 0.43310546875 0.84716796875 2375602
0.17822265625 0.43310546875 0.84716796875 2375604
0.17822265625 0.43310546875 0.84716796875 2375605
0.1884765625 0.44091796875 0.8583984375 2375703
0.1884765625 0.44091796875 0.8583984375 2375704
0.1884765625 0.44091796875 0.8583984375 2375705
0.1884765625 0.44091796875 0.8583984375 2375707
0.1884765625 0.44091796875 0.8583984375 2375708
0.1845703125 0.43994140625 0.84375 2375805
0.1845703125 0.43994140625 0.84375 2375806
0.1845703125 0.43994140625 0.84375 2375807
0.1845703125 0.43994140625 0.84375 2375809
0.1845703125 0.43994140625 0.84375 2375810
0.19970703125 0.4462890625 0.86474609375 2375932
0.19970703125 0.4462890625 0.86474609375 2375937
0.19970703125 0.4462890625 0.86474609375 2375947
0.19970703125 0.4462890625 0.86474609375 2375951
0.19970703125 0.4462890625 0.86474609375 2375952
0.1845703125 0.4462890625 0.8583984375 2376004
0.18359375 0.4443359375 0.85302734375 2376103
0.18359375 0.4443359375 0.85302734375 2376104
0.18359375 0.4443359375 0.85302734375 2376105
0.18359375 0.4443359375 0.85302734375 2376106
0.18359375 0.4443359375 0.85302734375 2376108
0.193359375 0.43798828125 0.849609375 2376206
0.193359375 0.43798828125 0.849609375 2376207
0.193359375 0.43798828125 0.849609375 2376208
0.193359375 0.43798828125 0.849609375 2376209
0.193359375 0.43798828125 0.849609375 2376210
0.20068359375 0.4384765625 0.85302734375 2376307
0.20068359375 0.4384765625 0.85302734375 2376309
0.20068359375 0.4384765625 0.85302734375 2376310
0.20068359375 0.4384765625 0.85302734375 2376311
0.20068359375 0.4384765625 0.85302734375 2376312
0.19580078125 0.4462890625 0.86376953125 2376396
0.20361328125 0.43408203125 0.85595703125 2376497
0.20361328125 0.43408203125 0.85595703125 2376498
0.20361328125 0.43408203125 0.85595703125 2376500
0.20361328125 0.43408203125 0.85595703125 2376501
0.20361328125 0.43408203125 0.85595703125 2376502
0.1923828125 0.44287109375 0.85498046875 2376600
0.1923828125 0.44287109375 0.85498046875 2376601
0.1923828125 0.44287109375 0.85498046875 2376603
0.1923828125 0.44287109375 0.85498046875 2376604
0.1923828125 0.44287109375 0.85498046875 2376626
0.19677734375 0.43798828125 0.853515625 2376702
0.19677734375 0.43798828125 0.853515625 2376704
0.19677734375 0.43798828125 0.853515625 2376705
0.19677734375 0.43798828125 0.853515625 2376706
0.19677734375 0.43798828125 0.853515625 2376707
0.2001953125 0.43408203125 0.85888671875 2376805
0.2001953125 0.43408203125 0.85888671875 2376806
0.2001953125 0.43408203125 0.85888671875 2376807
0.2001953125 0.43408203125 0.85888671875 2376808
0.2001953125 0.43408203125 0.85888671875 2376809
0.197265625 0.43701171875 0.8671875 2376907
0.197265625 0.43701171875 0.8671875 2376908
0.197265625 0.43701171875 0.8671875 2376909
0.197265625 0.43701171875 0.8671875 2376911
0.197265625 0.43701171875 0.8671875 2376914
0.1962890625 0.435546875 0.85693359375 2376995
0.19287109375 0.42822265625 0.8564453125 2377098
0.19287109375 0.42822265625 0.8564453125 2377113
0.19287109375 0.42822265625 0.8564453125 2377114
0.19287109375 0.42822265625 0.8564453125 2377116
0.19287109375 0.42822265625 0.8564453125 2377117
0.1962890625 0.42333984375 0.8642578125 2377201
0.1962890625 0.42333984375 0.8642578125 2377202
0.18115234375 0.42236328125 0.85888671875 2377303
0.18115234375 0.42236328125 0.85888671875 2377304
0.18115234375 0.42236328125 0.85888671875 2377305
0.18115234375 0.42236328125 0.85888671875 2377307
0.1826171875 0.4248046875 0.859375 2377408
0.1826171875 0.4248046875 0.859375 2377409
0.1826171875 0.4248046875 0.859375 2377410
0.1826171875 0.4248046875 0.859375 2377411
0.1826171875 0.4248046875 0.859375 2377412
0.185546875 0.427734375 0.87255859375 2377510
0.185546875 0.427734375 0.87255859375 2377511
0.185546875 0.427734375 0.87255859375 2377513
0.185546875 0.427734375 0.87255859375 2377514
0.185546875 0.427734375 0.87255859375 2377515
0.16943359375 0.42041015625 0.8603515625 2377587
0.18359375 0.4189453125 0.85888671875 2377697
0.18359375 0.4189453125 0.85888671875 2377699
0.18359375 0.4189453125 0.85888671875 2377700
0.18359375 0.4189453125 0.85888671875 2377701
0.18359375 0.4189453125 0.85888671875 2377703
0.18310546875 0.42236328125 0.87353515625 2377800
0.18310546875 0.42236328125 0.87353515625 2377801
0.18310546875 0.42236328125 0.87353515625 2377802
0.18310546875 0.42236328125 0.87353515625 2377803
0.18310546875 0.42236328125 0.87353515625 2377804
0.17333984375 0.423828125 0.8701171875 2377902
0.17333984375 0.423828125 0.8701171875 2377903
0.17333984375 0.423828125 0.8701171875 2377905
0.17333984375 0.423828125 0.8701171875 2377906
0.17333984375 0.423828125 0.8701171875 2377908
0.17626953125 0.42041015625 0.8642578125 2378005
0.17626953125 0.42041015625 0.8642578125 2378006
0.17626953125 0.42041015625 0.8642578125 2378007
0.17626953125 0.42041015625 0.8642578125 2378008
0.17626953125 0.42041015625 0.8642578125 2378009
0.16943359375 0.4130859375 0.85498046875 2378108
0.16943359375 0.4130859375 0.85498046875 2378109
0.16943359375 0.4130859375 0.85498046875 2378110
0.16943359375 0.4130859375 0.85498046875 2378112
0.16943359375 0.4130859375 0.85498046875 2378113
0.17919921875 0.412109375 0.853515625 2378210
0.17919921875 0.412109375 0.853515625 2378211
0.17919921875 0.412109375 0.853515625 2378212
0.17919921875 0.412109375 0.853515625 2378213
0.17919921875 0.412109375 0.853515625 2378214
0.173828125 0.41796875 0.85986328125 2378312
0.173828125 0.41796875 0.85986328125 2378313
0.173828125 0.41796875 0.85986328125 2378314
0.173828125 0.41796875 0.85986328125 2378315
0.173828125 0.41796875 0.85986328125 2378316
0.18701171875 0.41845703125 0.86962890625 2378404
0.1806640625 0.4228515625 0.86865234375 2378492
0.1806640625 0.4228515625 0.86865234375 2378493
0.1806640625 0.4228515625 0.86865234375 2378494
0.1806640625 0.4228515625 0.86865234375 2378496
0.1806640625 0.4228515625 0.86865234375 2378496
0.18701171875 0.4150390625 0.873046875 2378600
0.18701171875 0.4150390625 0.873046875 2378602
0.18701171875 0.4150390625 0.873046875 2378603
0.18701171875 0.4150390625 0.873046875 2378604
0.18701171875 0.4150390625 0.873046875 2378605
0.18212890625 0.416015625 0.86767578125 2378704
0.18212890625 0.416015625 0.86767578125 2378705
0.18212890625 0.416015625 0.86767578125 2378706
0.18212890625 0.416015625 0.86767578125 2378707
0.18212890625 0.416015625 0.86767578125 2378708
0.18994140625 0.41162109375 0.8662109375 2378803
0.18310546875 0.41455078125 0.87353515625 2378907
0.18310546875 0.41455078125 0.87353515625 2378908
0.18310546875 0.41455078125 0.87353515625 2378909
0.18310546875 0.41455078125 0.87353515625 2378911
0.18310546875 0.41455078125 0.87353515625 2378912
0.1875 0.41552734375 0.87841796875 2379009
0.1875 0.41552734375 0.87841796875 2379010
0.1875 0.41552734375 0.87841796875 2379011
0.1875 0.41552734375 0.87841796875 2379012
0.1875 0.41552734375 0.87841796875 2379013
0.18310546875 0.412109375 0.8671875 2379109
0.18310546875 0.412109375 0.8671875 2379110
0.18310546875 0.412109375 0.8671875 2379111
0.18310546875 0.412109375 0.8671875 2379111
0.171875 0.4189453125 0.86328125 2379201
0.171875 0.4189453125 0.86328125 2379203
0.1875 0.41455078125 0.875 2379304
0.1875 0.41455078125 0.875 2379305
0.1875 0.41455078125 0.875 2379306
0.1875 0.41455078125 0.875 2379308
0.1875 0.41455078125 0.875 2379309
0.18701171875 0.40576171875 0.8681640625 2379406
0.18701171875 0.40576171875 0.8681640625 2379407
0.18701171875 0.40576171875 0.8681640625 2379408
0.18701171875 0.40576171875 0.8681640625 2379409
0.18701171875 0.40576171875 0.8681640625 2379410
0.185546875 0.40576171875 0.86669921875 2379508
0.185546875 0.40576171875 0.86669921875 2379509
0.185546875 0.40576171875 0.86669921875 2379510
0.185546875 0.40576171875 0.86669921875 2379511
0.185546875 0.40576171875 0.86669921875 2379512
0.18603515625 0.41015625 0.8671875 2379588
0.1845703125 0.4150390625 0.8623046875 2379699
0.1845703125 0.4150390625 0.8623046875 2379700
0.1845703125 0.4150390625 0.8623046875 2379701
0.1845703125 0.4150390625 0.8623046875 2379703
0.1845703125 0.4150390625 0.8623046875 2379704
0.19775390625 0.41796875 0.87548828125 2379803
0.19775390625 0.41796875 0.87548828125 2379805
0.19775390625 0.41796875 0.87548828125 2379806
0.19775390625 0.41796875 0.87548828125 2379807
0.19775390625 0.41796875 0.87548828125 2379808
0.18017578125 0.4091796875 0.85009765625 2379903
0.18017578125 0.4091796875 0.85009765625 2379904
0.18310546875 0.43896484375 0.86328125 2380007
0.18310546875 0.43896484375 0.86328125 2380008
0.18310546875 0.43896484375 0.86328125 2380010
0.18310546875 0.43896484375 0.86328125 2380011
0.18310546875 0.43896484375 0.86328125 2380012
0.19580078125 0.41455078125 0.86474609375 2380109
0.19580078125 0.41455078125 0.86474609375 2380110
0.19580078125 0.41455078125 0.86474609375 2380111
0.19580078125 0.41455078125 0.86474609375 2380112
0.19580078125 0.41455078125 0.86474609375 2380114
0.181640625 0.4130859375 0.8623046875 2380211
0.181640625 0.4130859375 0.8623046875 2380212
0.181640625 0.4130859375 0.8623046875 2380213
0.181640625 0.4130859375 0.8623046875 2380215
0.181640625 0.4130859375 0.8623046875 2380216
0.201171875 0.4130859375 0.87451171875 2380291
0.212890625 0.40087890625 0.880859375 2380404
0.212890625 0.40087890625 0.880859375 2380405
0.212890625 0.40087890625 0.880859375 2380406
0.212890625 0.40087890625 0.880859375 2380407
0.212890625 0.40087890625 0.880859375 2380408
0.2109375 0.39990234375 0.87841796875 2380506
0.2109375 0.39990234375 0.87841796875 2380508
0.2109375 0.39990234375 0.87841796875 2380509
0.2109375 0.39990234375 0.87841796875 2380511
0.2109375 0.39990234375 0.87841796875 2380512
0.20361328125 0.3955078125 0.8623046875 2380609
0.20361328125 0.3955078125 0.8623046875 2380610
0.20361328125 0.3955078125 0.8623046875 2380611
0.20361328125 0.3955078125 0.8623046875 2380612
0.20361328125 0.3955078125 0.8623046875 2380613
0.1953125 0.40185546875 0.8564453125 2380712
0.1953125 0.40185546875 0.8564453125 2380713
0.1953125 0.40185546875 0.8564453125 2380715
0.1953125 0.40185546875 0.8564453125 2380716
0.1953125 0.40185546875 0.8564453125 2380718
0.1953125 0.4111328125 0.87158203125 2380789
0.19091796875 0.41845703125 0.88330078125 2380900
0.19091796875 0.41845703125 0.88330078125 2380901
0.19091796875 0.41845703125 0.88330078125 2380903
0.19091796875 0.41845703125 0.88330078125 2380904
0.19091796875 0.41845703125 0.88330078125 2380905
0.19287109375 0.416015625 0.87158203125 2381003
0.19287109375 0.416015625 0.87158203125 2381004
0.19287109375 0.416015625 0.87158203125 2381005
0.19287109375 0.416015625 0.87158203125 2381006
0.19287109375 0.416015625 0.87158203125 2381006
0.19482421875 0.40869140625 0.86669921875 2381106
0.19482421875 0.40869140625 0.86669921875 2381107
0.19482421875 0.40869140625 0.86669921875 2381109
0.19482421875 0.40869140625 0.86669921875 2381110
0.19482421875 0.40869140625 0.86669921875 2381111
0.19091796875 0.4208984375 0.87353515625 2381208
0.19091796875 0.4208984375 0.87353515625 2381209
0.19091796875 0.4208984375 0.87353515625 2381210
0.19091796875 0.4208984375 0.87353515625 2381211
0.19091796875 0.4208984375 0.87353515625 2381212
0.19677734375 0.41015625 0.86669921875 2381310
0.19677734375 0.41015625 0.86669921875 2381311
0.19677734375 0.41015625 0.86669921875 2381312
0.19677734375 0.41015625 0.86669921875 2381313
0.19677734375 0.41015625 0.86669921875 2381314
0.18798828125 0.42138671875 0.875 2381394
0.19970703125 0.404296875 0.8662109375 2381500
0.19970703125 0.404296875 0.8662109375 2381501
0.19970703125 0.404296875 0.8662109375 2381502
0.19970703125 0.404296875 0.8662109375 2381504
0.19970703125 0.404296875 0.8662109375 2381505
0.1953125 0.4013671875 0.86376953125 2381605
0.1953125 0.4013671875 0.86376953125 2381611
0.1953125 0.4013671875 0.86376953125 2381612
0.1953125 0.4013671875 0.86376953125 2381613
0.1953125 0.4013671875 0.86376953125 2381614
0.19482421875 0.40625 0.869140625 2381691
0.1923828125 0.412109375 0.8759765625 2381803
0.1923828125 0.412109375 0.8759765625 2381804
0.1923828125 0.412109375 0.8759765625 2381805
0.1923828125 0.412109375 0.8759765625 2381806
0.1923828125 0.412109375 0.8759765625 2381827
0.18701171875 0.408203125 0.87109375 2381905
0.18701171875 0.408203125 0.87109375 2381906
0.18701171875 0.408203125 0.87109375 2381907
0.18701171875 0.408203125 0.87109375 2381908
0.18701171875 0.408203125 0.87109375 2381909
0.19873046875 0.4013671875 0.8603515625 2382007
0.19873046875 0.4013671875 0.8603515625 2382008
0.19873046875 0.4013671875 0.8603515625 2382009
0.19873046875 0.4013671875 0.8603515625 2382010
0.19873046875 0.4013671875 0.8603515625 2382011
0.19287109375 0.39794921875 0.8583984375 2382110
0.19287109375 0.39794921875 0.8583984375 2382111
0.19287109375 0.39794921875 0.8583984375 2382112
0.19287109375 0.39794921875 0.8583984375 2382113
0.19287109375 0.39794921875 0.8583984375 2382114
0.19287109375 0.4072265625 0.8642578125 2382213
0.19287109375 0.4072265625 0.8642578125 2382214
0.19287109375 0.4072265625 0.8642578125 2382215
0.19287109375 0.4072265625 0.8642578125 2382216
0.19287109375 0.4072265625 0.8642578125 2382217
0.20458984375 0.4091796875 0.8798828125 2382297
0.20849609375 0.4091796875 0.87841796875 2382404
0.20849609375 0.4091796875 0.87841796875 2382416
0.20849609375 0.4091796875 0.87841796875 2382417
0.20849609375 0.4091796875 0.87841796875 2382419
0.20849609375 0.4091796875 0.87841796875 2382420
0.205078125 0.40087890625 0.8720703125 2382509
0.205078125 0.40087890625 0.8720703125 2382510
0.20361328125 0.4033203125 0.87255859375 2382609
0.20361328125 0.4033203125 0.87255859375 2382610
0.20361328125 0.4033203125 0.87255859375 2382611
0.20361328125 0.4033203125 0.87255859375 2382612
0.20361328125 0.4033203125 0.87255859375 2382613
0.197265625 0.41259765625 0.876953125 2382711
0.197265625 0.41259765625 0.876953125 2382712
0.197265625 0.41259765625 0.876953125 2382713
0.197265625 0.41259765625 0.876953125 2382714
0.197265625 0.41259765625 0.876953125 2382716
0.20263671875 0.41455078125 0.88330078125 2382807
0.20166015625 0.3994140625 0.87744140625 2382902
0.20166015625 0.3994140625 0.87744140625 2382903
0.20166015625 0.3994140625 0.87744140625 2382904
0.20166015625 0.3994140625 0.87744140625 2382905
0.20166015625 0.3994140625 0.87744140625 2382906
0.2080078125 0.40869140625 0.8798828125 2383004
0.2080078125 0.40869140625 0.8798828125 2383005
0.2080078125 0.40869140625 0.8798828125 2383006
0.2080078125 0.40869140625 0.8798828125 2383007
0.2080078125 0.40869140625 0.8798828125 2383008
0.20703125 0.39404296875 0.85302734375 2383106
0.20703125 0.39404296875 0.85302734375 2383107
0.20703125 0.39404296875 0.85302734375 2383109
0.20703125 0.39404296875 0.85302734375 2383110
0.20703125 0.39404296875 0.85302734375 2383111
0.201171875 0.40869140625 0.88037109375 2383209
0.201171875 0.40869140625 0.88037109375 2383210
0.201171875 0.40869140625 0.88037109375 2383212
0.201171875 0.40869140625 0.88037109375 2383213
0.201171875 0.40869140625 0.88037109375 2383214
0.2080078125 0.40380859375 0.87451171875 2383311
0.2080078125 0.40380859375 0.87451171875 2383313
0.2080078125 0.40380859375 0.87451171875 2383314
0.2080078125 0.40380859375 0.87451171875 2383315
0.2080078125 0.40380859375 0.87451171875 2383317
0.20751953125 0.40625 0.8740234375 2383397
0.197265625 0.40185546875 0.8623046875 2383501
0.197265625 0.40185546875 0.8623046875 2383503
0.197265625 0.40185546875 0.8623046875 2383504
0.197265625 0.40185546875 0.8623046875 2383505
0.197265625 0.40185546875 0.8623046875 2383506
0.1953125 0.4091796875 0.86279296875 2383620
0.1953125 0.4091796875 0.86279296875 2383621
0.1953125 0.4091796875 0.86279296875 2383622
0.1953125 0.4091796875 0.86279296875 2383623
0.1953125 0.4091796875 0.86279296875 2383624
0.20166015625 0.41943359375 0.8671875 2383707
0.15771484375 0.40673828125 0.80322265625 2383811
0.15771484375 0.40673828125 0.80322265625 2383812
0.15771484375 0.40673828125 0.80322265625 2383813
0.15771484375 0.40673828125 0.80322265625 2383815
0.15771484375 0.40673828125 0.80322265625 2383818
0.16162109375 0.4072265625 0.77783203125 2383914
0.16162109375 0.4072265625 0.77783203125 2383915
0.16162109375 0.4072265625 0.77783203125 2383916
0.16162109375 0.4072265625 0.77783203125 2383917
0.16162109375 0.4072265625 0.77783203125 2383918
0.16552734375 0.42578125 0.7958984375 2383991
0.1337890625 0.439453125 0.8193359375 2384101
0.1337890625 0.439453125 0.8193359375 2384102
0.1337890625 0.439453125 0.8193359375 2384103
0.1337890625 0.439453125 0.8193359375 2384104
0.1337890625 0.439453125 0.8193359375 2384105
0.06640625 0.576171875 0.966796875 2384204
0.06640625 0.576171875 0.966796875 2384205
0.06640625 0.576171875 0.966796875 2384206
0.06640625 0.576171875 0.966796875 2384208
0.06640625 0.576171875 0.966796875 2384209
-0.19384765625 0.671875 0.86767578125 2384306
-0.19384765625 0.671875 0.86767578125 2384307
-0.19384765625 0.671875 0.86767578125 2384308
-0.19384765625 0.671875 0.86767578125 2384309
-0.19384765625 0.671875 0.86767578125 2384310
-0.515625 0.634765625 0.55029296875 2384409
-0.515625 0.634765625 0.55029296875 2384410
-0.515625 0.634765625 0.55029296875 2384412
-0.515625 0.634765625 0.55029296875 2384413
-0.515625 0.634765625 0.55029296875 2384414
-0.67822265625 0.5888671875 0.1171875 2384511
-0.67822265625 0.5888671875 0.1171875 2384512
-0.67822265625 0.5888671875 0.1171875 2384513
-0.67822265625 0.5888671875 0.1171875 2384515
-0.67822265625 0.5888671875 0.1171875 2384516
-0.72509765625 0.55712890625 -0.24267578125 2384614
-0.72509765625 0.55712890625 -0.24267578125 2384615
-0.72509765625 0.55712890625 -0.24267578125 2384616
-0.72509765625 0.55712890625 -0.24267578125 2384618
-0.72509765625 0.55712890625 -0.24267578125 2384619
-0.5859375 0.51220703125 -0.53515625 2384696
-0.578125 0.4404296875 -0.65283203125 2384806
-0.578125 0.4404296875 -0.65283203125 2384808
-0.578125 0.4404296875 -0.65283203125 2384809
-0.578125 0.4404296875 -0.65283203125 2384810
-0.578125 0.4404296875 -0.65283203125 2384811
-0.50634765625 0.26123046875 -0.27978515625 2384895
-0.4765625 0.35693359375 0.51513671875 2385006
-0.4765625 0.35693359375 0.51513671875 2385008
-0.4765625 0.35693359375 0.51513671875 2385009
-0.4765625 0.35693359375 0.51513671875 2385010
-0.4765625 0.35693359375 0.51513671875 2385011
-0.15234375 0.42333984375 0.7373046875 2385108
-0.15234375 0.42333984375 0.7373046875 2385109
-0.15234375 0.42333984375 0.7373046875 2385110
-0.15234375 0.42333984375 0.7373046875 2385112
-0.15234375 0.42333984375 0.7373046875 2385113
-0.119140625 0.6328125 0.91845703125 2385210
-0.119140625 0.6328125 0.91845703125 2385234
-0.119140625 0.6328125 0.91845703125 2385236
-0.119140625 0.6328125 0.91845703125 2385237
-0.119140625 0.6328125 0.91845703125 2385238
-0.10595703125 0.62158203125 0.79833984375 2385312
-0.10595703125 0.62158203125 0.79833984375 2385314
0.04345703125 0.55712890625 0.794921875 2385476
0.04345703125 0.55712890625 0.794921875 2385477
0.04345703125 0.55712890625 0.794921875 2385478
0.04345703125 0.55712890625 0.794921875 2385479
0.04345703125 0.55712890625 0.794921875 2385480
0.0546875 0.5634765625 0.78662109375 2385503
0.03125 0.5888671875 0.8369140625 2385606
0.03125 0.5888671875 0.8369140625 2385607
0.03125 0.5888671875 0.8369140625 2385608
0.03125 0.5888671875 0.8369140625 2385609
0.03125 0.5888671875 0.8369140625 2385610
0.07080078125 0.568359375 0.818359375 2385710
0.07080078125 0.568359375 0.818359375 2385711
0.07080078125 0.568359375 0.818359375 2385731
0.07080078125 0.568359375 0.818359375 2385732
0.07080078125 0.568359375 0.818359375 2385734
0.03369140625 0.55419921875 0.7685546875 2385810
0.03369140625 0.55419921875 0.7685546875 2385811
0.03369140625 0.55419921875 0.7685546875 2385812
0.03125 0.541015625 0.7734375 2385914
0.03125 0.541015625 0.7734375 2385916
0.03125 0.541015625 0.7734375 2385917
0.03125 0.541015625 0.7734375 2385918
0.03125 0.541015625 0.7734375 2385919
0.0546875 0.5654296875 0.798828125 2386031
0.0546875 0.5654296875 0.798828125 2386036
0.0546875 0.5654296875 0.798828125 2386038
0.0546875 0.5654296875 0.798828125 2386039
0.0546875 0.5654296875 0.798828125 2386041
0.0390625 0.5478515625 0.77880859375 2386092
0.03271484375 0.55126953125 0.765625 2386209
0.03271484375 0.55126953125 0.765625 2386210
0.03271484375 0.55126953125 0.765625 2386211
0.03271484375 0.55126953125 0.765625 2386213
0.03271484375 0.55126953125 0.765625 2386214
0.044921875 0.55419921875 0.7763671875 2386307
0.03515625 0.55859375 0.7607421875 2386409
0.03515625 0.55859375 0.7607421875 2386410
0.03515625 0.55859375 0.7607421875 2386412
0.03515625 0.55859375 0.7607421875 2386415
0.03515625 0.55859375 0.7607421875 2386417
0.0126953125 0.568359375 0.74560546875 2386512
0.0126953125 0.568359375 0.74560546875 2386514
0.0126953125 0.568359375 0.74560546875 2386515
0.0126953125 0.568359375 0.74560546875 2386517
0.0126953125 0.568359375 0.74560546875 2386518
-0.044921875 0.58447265625 0.748046875 2386615
-0.044921875 0.58447265625 0.748046875 2386616
-0.044921875 0.58447265625 0.748046875 2386618
-0.044921875 0.58447265625 0.748046875 2386619
-0.044921875 0.58447265625 0.748046875 2386620
-0.08251953125 0.60498046875 0.6923828125 2386695
-0.1376953125 0.64501953125 0.5712890625 2386807
-0.1376953125 0.64501953125 0.5712890625 2386809
-0.1376953125 0.64501953125 0.5712890625 2386810
-0.1376953125 0.64501953125 0.5712890625 2386811
-0.1376953125 0.64501953125 0.5712890625 2386812
-0.22705078125 0.75341796875 0.50927734375 2386912
-0.22705078125 0.75341796875 0.50927734375 2386917
-0.22705078125 0.75341796875 0.50927734375 2386919
-0.22705078125 0.75341796875 0.50927734375 2386920
-0.22705078125 0.75341796875 0.50927734375 2386921
-0.2294921875 0.77734375 0.4326171875 2387012
-0.2294921875 0.77734375 0.4326171875 2387013
-0.09765625 0.71044921875 0.43359375 2387115
-0.09765625 0.71044921875 0.43359375 2387116
-0.09765625 0.71044921875 0.43359375 2387117
-0.09765625 0.71044921875 0.43359375 2387118
-0.09765625 0.71044921875 0.43359375 2387119
0.00927734375 0.744140625 0.6494140625 2387193
0.154296875 0.7109375 0.73388671875 2387304
0.154296875 0.7109375 0.73388671875 2387305
0.154296875 0.7109375 0.73388671875 2387306
0.154296875 0.7109375 0.73388671875 2387307
0.154296875 0.7109375 0.73388671875 2387308
0.2978515625 0.62060546875 0.837890625 2387406
0.2978515625 0.62060546875 0.837890625 2387407
0.2978515625 0.62060546875 0.837890625 2387408
0.2978515625 0.62060546875 0.837890625 2387409
0.2978515625 0.62060546875 0.837890625 2387412
0.2470703125 0.5322265625 0.8720703125 2387509
0.2470703125 0.5322265625 0.8720703125 2387510
0.2470703125 0.5322265625 0.8720703125 2387511
0.2470703125 0.5322265625 0.8720703125 2387512
0.2470703125 0.5322265625 0.8720703125 2387513
0.21728515625 0.4990234375 0.85205078125 2387611
0.21728515625 0.4990234375 0.85205078125 2387612
0.21728515625 0.4990234375 0.85205078125 2387614
0.21728515625 0.4990234375 0.85205078125 2387615
0.21728515625 0.4990234375 0.85205078125 2387618
0.19921875 0.4912109375 0.83251953125 2387714
0.19921875 0.4912109375 0.83251953125 2387715
0.19921875 0.4912109375 0.83251953125 2387716
0.19921875 0.4912109375 0.83251953125 2387717
0.19921875 0.4912109375 0.83251953125 2387718
0.16357421875 0.490234375 0.84912109375 2387835
0.16357421875 0.490234375 0.84912109375 2387836
0.16357421875 0.490234375 0.84912109375 2387837
0.16357421875 0.490234375 0.84912109375 2387838
0.16357421875 0.490234375 0.84912109375 2387839
0.154296875 0.458984375 0.822265625 2387905
0.14599609375 0.4658203125 0.82470703125 2388007
0.14599609375 0.4658203125 0.82470703125 2388017
0.14599609375 0.4658203125 0.82470703125 2388018
0.14599609375 0.4658203125 0.82470703125 2388019
0.14599609375 0.4658203125 0.82470703125 2388021
0.15234375 0.46875 0.83251953125 2388094
0.146484375 0.45458984375 0.82666015625 2388207
0.146484375 0.45458984375 0.82666015625 2388208
0.146484375 0.45458984375 0.82666015625 2388210
0.146484375 0.45458984375 0.82666015625 2388211
0.146484375 0.45458984375 0.82666015625 2388212
0.140625 0.44775390625 0.82861328125 2388309
0.140625 0.44775390625 0.82861328125 2388310
0.140625 0.44775390625 0.82861328125 2388311
0.140625 0.44775390625 0.82861328125 2388313
0.140625 0.44775390625 0.82861328125 2388314
0.15869140625 0.43798828125 0.826171875 2388411
0.15869140625 0.43798828125 0.826171875 2388412
0.15869140625 0.43798828125 0.826171875 2388413
0.15869140625 0.43798828125 0.826171875 2388414
0.15869140625 0.43798828125 0.826171875 2388415
0.1552734375 0.4453125 0.84716796875 2388513
0.1552734375 0.4453125 0.84716796875 2388514
0.1552734375 0.4453125 0.84716796875 2388516
0.1552734375 0.4453125 0.84716796875 2388517
0.1552734375 0.4453125 0.84716796875 2388518
0.14794921875 0.4453125 0.84814453125 2388618
0.14794921875 0.4453125 0.84814453125 2388619
0.14794921875 0.4453125 0.84814453125 2388620
0.14794921875 0.4453125 0.84814453125 2388621
0.14794921875 0.4453125 0.84814453125 2388622
0.142578125 0.44921875 0.853515625 2388705
0.14306640625 0.44482421875 0.8671875 2388806
0.14306640625 0.44482421875 0.8671875 2388807
0.14306640625 0.44482421875 0.8671875 2388809
0.14306640625 0.44482421875 0.8671875 2388810
0.14306640625 0.44482421875 0.8671875 2388811
0.15478515625 0.439453125 0.8408203125 2388908
0.15478515625 0.439453125 0.8408203125 2388910
0.15478515625 0.439453125 0.8408203125 2388911
0.15478515625 0.439453125 0.8408203125 2388913
0.15478515625 0.439453125 0.8408203125 2388914
0.15185546875 0.43603515625 0.86279296875 2389011
0.15185546875 0.43603515625 0.86279296875 2389012
0.15185546875 0.43603515625 0.86279296875 2389013
0.15185546875 0.43603515625 0.86279296875 2389014
0.15185546875 0.43603515625 0.86279296875 2389015
0.13525390625 0.4482421875 0.84033203125 2389113
0.13525390625 0.4482421875 0.84033203125 2389115
0.13525390625 0.4482421875 0.84033203125 2389116
0.13525390625 0.4482421875 0.84033203125 2389117
0.13525390625 0.4482421875 0.84033203125 2389119
0.17431640625 0.43115234375 0.84814453125 2389216
0.17431640625 0.43115234375 0.84814453125 2389217
0.17431640625 0.43115234375 0.84814453125 2389218
0.17431640625 0.43115234375 0.84814453125 2389219
0.17431640625 0.43115234375 0.84814453125 2389220
0.1337890625 0.45556640625 0.900390625 2389350
0.1337890625 0.45556640625 0.900390625 2389351
0.1337890625 0.45556640625 0.900390625 2389352
0.1337890625 0.45556640625 0.900390625 2389354
0.1337890625 0.45556640625 0.900390625 2389355
0.14453125 0.42724609375 0.8486328125 2389434
0.1474609375 0.4326171875 0.85400390625 2389509
0.1474609375 0.4326171875 0.85400390625 2389510
0.1474609375 0.4326171875 0.85400390625 2389511
0.1474609375 0.4326171875 0.85400390625 2389512
0.1474609375 0.4326171875 0.85400390625 2389513
0.154296875 0.4287109375 0.869140625 2389611
0.154296875 0.4287109375 0.869140625 2389612
0.154296875 0.4287109375 0.869140625 2389614
0.154296875 0.4287109375 0.869140625 2389615
0.154296875 0.4287109375 0.869140625 2389616
0.16015625 0.41796875 0.8330078125 2389713
0.16015625 0.41796875 0.8330078125 2389715
0.16015625 0.41796875 0.8330078125 2389716
0.16015625 0.41796875 0.8330078125 2389717
0.16015625 0.41796875 0.8330078125 2389718
0.16015625 0.4140625 0.84912109375 2389816
0.16015625 0.4140625 0.84912109375 2389818
0.16015625 0.4140625 0.84912109375 2389819
0.16015625 0.4140625 0.84912109375 2389820
0.16015625 0.4140625 0.84912109375 2389821
0.14501953125 0.4248046875 0.86767578125 2389902
0.1767578125 0.42578125 0.8623046875 2390009
0.1767578125 0.42578125 0.8623046875 2390011
0.1767578125 0.42578125 0.8623046875 2390012
0.1767578125 0.42578125 0.8623046875 2390013
0.1767578125 0.42578125 0.8623046875 2390014
0.1435546875 0.408203125 0.85205078125 2390111
0.1435546875 0.408203125 0.85205078125 2390112
0.1435546875 0.408203125 0.85205078125 2390134
0.1435546875 0.408203125 0.85205078125 2390136
0.1435546875 0.408203125 0.85205078125 2390137
0.13427734375 0.4443359375 0.8876953125 2390214
0.13427734375 0.4443359375 0.8876953125 2390215
0.13427734375 0.4443359375 0.8876953125 2390216
0.18310546875 0.4365234375 0.8623046875 2390316
0.18310546875 0.4365234375 0.8623046875 2390317
0.18310546875 0.4365234375 0.8623046875 2390319
0.18310546875 0.4365234375 0.8623046875 2390320
0.18310546875 0.4365234375 0.8623046875 2390321
0.16650390625 0.43701171875 0.8525390625 2390394
0.16064453125 0.43310546875 0.87109375 2390505
0.16064453125 0.43310546875 0.87109375 2390506
0.16064453125 0.43310546875 0.87109375 2390508
0.16064453125 0.43310546875 0.87109375 2390511
0.16064453125 0.43310546875 0.87109375 2390512
0.162109375 0.4306640625 0.85888671875 2390607
0.162109375 0.4306640625 0.85888671875 2390608
0.162109375 0.4306640625 0.85888671875 2390609
0.162109375 0.4306640625 0.85888671875 2390610
0.1630859375 0.42724609375 0.86474609375 2390709
0.1630859375 0.42724609375 0.86474609375 2390710
0.1630859375 0.42724609375 0.86474609375 2390712
0.1630859375 0.42724609375 0.86474609375 2390713
0.1630859375 0.42724609375 0.86474609375 2390714
0.14697265625 0.43212890625 0.884765625 2390812
0.14697265625 0.43212890625 0.884765625 2390813
0.14697265625 0.43212890625 0.884765625 2390814
0.14697265625 0.43212890625 0.884765625 2390815
0.14697265625 0.43212890625 0.884765625 2390816
0.17333984375 0.4296875 0.87255859375 2390915
0.17333984375 0.4296875 0.87255859375 2390916
0.17333984375 0.4296875 0.87255859375 2390917
0.17333984375 0.4296875 0.87255859375 2390918
0.17333984375 0.4296875 0.87255859375 2390919
0.15576171875 0.41796875 0.84228515625 2391004
0.1611328125 0.416015625 0.8564453125 2391105
0.1611328125 0.416015625 0.8564453125 2391106
0.1611328125 0.416015625 0.8564453125 2391107
0.1611328125 0.416015625 0.8564453125 2391108
0.1611328125 0.416015625 0.8564453125 2391110
0.1591796875 0.4296875 0.88916015625 2391207
0.1591796875 0.4296875 0.88916015625 2391208
0.1591796875 0.4296875 0.88916015625 2391209
0.1591796875 0.4296875 0.88916015625 2391210
0.1591796875 0.4296875 0.88916015625 2391211
0.16455078125 0.40283203125 0.84912109375 2391317
0.16455078125 0.40283203125 0.84912109375 2391318
0.16455078125 0.40283203125 0.84912109375 2391320
0.16455078125 0.40283203125 0.84912109375 2391321
0.16455078125 0.40283203125 0.84912109375 2391322
0.16015625 0.4208984375 0.85546875 2391394
0.18701171875 0.42724609375 0.884765625 2391505
0.18701171875 0.42724609375 0.884765625 2391506
0.18701171875 0.42724609375 0.884765625 2391508
0.18701171875 0.42724609375 0.884765625 2391509
0.18701171875 0.42724609375 0.884765625 2391510
0.15625 0.42431640625 0.86279296875 2391607
0.15625 0.42431640625 0.86279296875 2391608
0.15625 0.42431640625 0.86279296875 2391609
0.15625 0.42431640625 0.86279296875 2391611
0.15625 0.42431640625 0.86279296875 2391612
0.15283203125 0.43310546875 0.8828125 2391710
0.15283203125 0.43310546875 0.8828125 2391711
0.15283203125 0.43310546875 0.8828125 2391712
0.15283203125 0.43310546875 0.8828125 2391714
0.15283203125 0.43310546875 0.8828125 2391715
0.17919921875 0.4140625 0.85791015625 2391812
0.17919921875 0.4140625 0.85791015625 2391813
0.17919921875 0.4140625 0.85791015625 2391815
0.17919921875 0.4140625 0.85791015625 2391816
0.17919921875 0.4140625 0.85791015625 2391818
0.173828125 0.41259765625 0.8642578125 2391916
0.173828125 0.41259765625 0.8642578125 2391917
0.173828125 0.41259765625 0.8642578125 2391919
0.173828125 0.41259765625 0.8642578125 2391920
0.173828125 0.41259765625 0.8642578125 2391921
0.16162109375 0.41455078125 0.869140625 2391995
0.17333984375 0.4111328125 0.87060546875 2392106
0.17333984375 0.4111328125 0.87060546875 2392107
0.17333984375 0.4111328125 0.87060546875 2392109
0.17333984375 0.4111328125 0.87060546875 2392110
0.17333984375 0.4111328125 0.87060546875 2392111
0.171875 0.40966796875 0.87158203125 2392208
0.171875 0.40966796875 0.87158203125 2392209
0.171875 0.40966796875 0.87158203125 2392212
0.171875 0.40966796875 0.87158203125 2392213
0.171875 0.40966796875 0.87158203125 2392214
0.16259765625 0.4033203125 0.857421875 2392311
0.16259765625 0.4033203125 0.857421875 2392312
0.16259765625 0.4033203125 0.857421875 2392313
0.16259765625 0.4033203125 0.857421875 2392314
0.16259765625 0.4033203125 0.857421875 2392315
0.15185546875 0.39990234375 0.8505859375 2392414
0.15185546875 0.39990234375 0.8505859375 2392415
0.15185546875 0.39990234375 0.8505859375 2392416
0.15185546875 0.39990234375 0.8505859375 2392417
0.15185546875 0.39990234375 0.8505859375 2392417
0.1650390625 0.40966796875 0.87109375 2392516
0.1650390625 0.40966796875 0.87109375 2392517
0.1650390625 0.40966796875 0.87109375 2392518
0.1650390625 0.40966796875 0.87109375 2392519
0.1650390625 0.40966796875 0.87109375 2392521
0.1796875 0.40380859375 0.88671875 2392597
0.15478515625 0.40576171875 0.8701171875 2392706
0.15478515625 0.40576171875 0.8701171875 2392707
0.15478515625 0.40576171875 0.8701171875 2392708
0.15478515625 0.40576171875 0.8701171875 2392709
0.15478515625 0.40576171875 0.8701171875 2392710
0.16796875 0.40673828125 0.8740234375 2392809
0.16796875 0.40673828125 0.8740234375 2392810
0.16796875 0.40673828125 0.8740234375 2392811
0.16796875 0.40673828125 0.8740234375 2392812
0.16796875 0.40673828125 0.8740234375 2392813
0.1689453125 0.40771484375 0.8798828125 2392911
0.1689453125 0.40771484375 0.8798828125 2392912
0.1689453125 0.40771484375 0.8798828125 2392913
0.1689453125 0.40771484375 0.8798828125 2392915
0.1689453125 0.40771484375 0.8798828125 2392916
0.1669921875 0.40185546875 0.8681640625 2393014
0.1669921875 0.40185546875 0.8681640625 2393016
0.1669921875 0.40185546875 0.8681640625 2393017
0.1669921875 0.40185546875 0.8681640625 2393021
0.1669921875 0.40185546875 0.8681640625 2393022
0.158203125 0.404296875 0.8583984375 2393164
0.158203125 0.404296875 0.8583984375 2393166
0.158203125 0.404296875 0.8583984375 2393167
0.158203125 0.404296875 0.8583984375 2393168
0.158203125 0.404296875 0.8583984375 2393169
0.16455078125 0.40673828125 0.8701171875 2393215
0.173828125 0.41064453125 0.892578125 2393316
0.173828125 0.41064453125 0.892578125 2393317
0.173828125 0.41064453125 0.892578125 2393318
0.173828125 0.41064453125 0.892578125 2393320
0.173828125 0.41064453125 0.892578125 2393321
0.16552734375 0.4111328125 0.87451171875 2393417
0.16552734375 0.4111328125 0.87451171875 2393418
0.16552734375 0.4111328125 0.87451171875 2393419
0.16552734375 0.4111328125 0.87451171875 2393420
0.15966796875 0.4033203125 0.85888671875 2393499
0.15966796875 0.4033203125 0.85888671875 2393500
0.1455078125 0.41162109375 0.86376953125 2393610
0.1455078125 0.41162109375 0.86376953125 2393638
0.1455078125 0.41162109375 0.86376953125 2393639
0.1455078125 0.41162109375 0.86376953125 2393640
0.1455078125 0.41162109375 0.86376953125 2393641
0.16259765625 0.40673828125 0.8876953125 2393709
0.1572265625 0.3984375 0.87451171875 2393802
0.1572265625 0.3984375 0.87451171875 2393814
0.1572265625 0.3984375 0.87451171875 2393815
0.1572265625 0.3984375 0.87451171875 2393816
0.1572265625 0.3984375 0.87451171875 2393816
0.166015625 0.40283203125 0.8642578125 2393916
0.166015625 0.40283203125 0.8642578125 2393917
0.166015625 0.40283203125 0.8642578125 2393918
0.166015625 0.40283203125 0.8642578125 2393920
0.166015625 0.40283203125 0.8642578125 2393921
0.1650390625 0.3974609375 0.880859375 2394018
0.1650390625 0.3974609375 0.880859375 2394019
0.1650390625 0.3974609375 0.880859375 2394021
0.1650390625 0.3974609375 0.880859375 2394022
0.1650390625 0.3974609375 0.880859375 2394023
0.14990234375 0.39453125 0.86767578125 2394099
0.15380859375 0.39013671875 0.8564453125 2394234
0.15380859375 0.39013671875 0.8564453125 2394235
0.15380859375 0.39013671875 0.8564453125 2394236
0.15380859375 0.39013671875 0.8564453125 2394237
0.15380859375 0.39013671875 0.8564453125 2394238
0.150390625 0.384765625 0.8642578125 2394314
0.14892578125 0.38330078125 0.8671875 2394417
0.14892578125 0.38330078125 0.8671875 2394418
0.14892578125 0.38330078125 0.8671875 2394419
0.14892578125 0.38330078125 0.8671875 2394438
0.14892578125 0.38330078125 0.8671875 2394440
0.166015625 0.392578125 0.88720703125 2394527
0.166015625 0.392578125 0.88720703125 2394528
0.166015625 0.392578125 0.88720703125 2394529
0.166015625 0.392578125 0.88720703125 2394530
0.162109375 0.3857421875 0.87744140625 2394598
0.162109375 0.3857421875 0.87744140625 2394621
0.14697265625 0.38525390625 0.87353515625 2394707
0.14697265625 0.38525390625 0.87353515625 2394708
0.14697265625 0.38525390625 0.87353515625 2394709
0.14697265625 0.38525390625 0.87353515625 2394710
0.14697265625 0.38525390625 0.87353515625 2394711
0.1591796875 0.38916015625 0.88818359375 2394810
0.1591796875 0.38916015625 0.88818359375 2394811
0.1591796875 0.38916015625 0.88818359375 2394812
0.1591796875 0.38916015625 0.88818359375 2394814
0.1591796875 0.38916015625 0.88818359375 2394815
0.16650390625 0.39013671875 0.888671875 2394924
0.16650390625 0.39013671875 0.888671875 2394932
0.16650390625 0.39013671875 0.888671875 2394933
0.16650390625 0.39013671875 0.888671875 2394934
0.16650390625 0.39013671875 0.888671875 2394935
0.15380859375 0.38232421875 0.87255859375 2395015
0.15869140625 0.3837890625 0.87744140625 2395119
0.15869140625 0.3837890625 0.87744140625 2395120
0.15869140625 0.3837890625 0.87744140625 2395121
0.15869140625 0.3837890625 0.87744140625 2395122
0.15869140625 0.3837890625 0.87744140625 2395123
0.15673828125 0.3857421875 0.880859375 2395196
0.16064453125 0.376953125 0.87548828125 2395308
0.16064453125 0.376953125 0.87548828125 2395309
0.16064453125 0.376953125 0.87548828125 2395310
0.16064453125 0.376953125 0.87548828125 2395311
0.16064453125 0.376953125 0.87548828125 2395312
0.16552734375 0.37646484375 0.88916015625 2395410
0.16552734375 0.37646484375 0.88916015625 2395411
0.16552734375 0.37646484375 0.88916015625 2395413
0.16552734375 0.37646484375 0.88916015625 2395414
0.16552734375 0.37646484375 0.88916015625 2395415
0.162109375 0.380859375 0.88525390625 2395512
0.162109375 0.380859375 0.88525390625 2395513
0.162109375 0.380859375 0.88525390625 2395515
0.162109375 0.380859375 0.88525390625 2395516
0.162109375 0.380859375 0.88525390625 2395518
0.14794921875 0.38330078125 0.88134765625 2395615
0.14794921875 0.38330078125 0.88134765625 2395616
0.14794921875 0.38330078125 0.88134765625 2395617
0.14794921875 0.38330078125 0.88134765625 2395618
0.14794921875 0.38330078125 0.88134765625 2395619
0.15625 0.3720703125 0.8759765625 2395717
0.15625 0.3720703125 0.8759765625 2395718
0.15625 0.3720703125 0.8759765625 2395719
0.15625 0.3720703125 0.8759765625 2395720
0.15625 0.3720703125 0.8759765625 2395721
0.15185546875 0.376953125 0.87890625 2395801
0.1591796875 0.38037109375 0.89697265625 2395907
0.1591796875 0.38037109375 0.89697265625 2395908
0.1591796875 0.38037109375 0.89697265625 2395909
0.1591796875 0.38037109375 0.89697265625 2395910
0.1591796875 0.38037109375 0.89697265625 2395911
0.15673828125 0.3779296875 0.87109375 2396010
0.15673828125 0.3779296875 0.87109375 2396011
0.15673828125 0.3779296875 0.87109375 2396012
0.15673828125 0.3779296875 0.87109375 2396013
0.15673828125 0.3779296875 0.87109375 2396015
0.15673828125 0.36962890625 0.86572265625 2396112
0.15673828125 0.36962890625 0.86572265625 2396113
0.15673828125 0.36962890625 0.86572265625 2396114
0.15673828125 0.36962890625 0.86572265625 2396115
0.15673828125 0.36962890625 0.86572265625 2396117
0.16357421875 0.3828125 0.89453125 2396215
0.16357421875 0.3828125 0.89453125 2396216
0.16357421875 0.3828125 0.89453125 2396218
0.16357421875 0.3828125 0.89453125 2396219
0.16357421875 0.3828125 0.89453125 2396220
0.14697265625 0.37841796875 0.8779296875 2396326
0.14697265625 0.37841796875 0.8779296875 2396327
0.14697265625 0.37841796875 0.8779296875 2396328
0.14697265625 0.37841796875 0.8779296875 2396329
0.14697265625 0.37841796875 0.8779296875 2396330
0.1435546875 0.39501953125 0.8759765625 2396412
0.1552734375 0.3740234375 0.884765625 2396514
0.1552734375 0.3740234375 0.884765625 2396516
0.1552734375 0.3740234375 0.884765625 2396522
0.1552734375 0.3740234375 0.884765625 2396526
0.1552734375 0.3740234375 0.884765625 2396528
0.1591796875 0.37451171875 0.89306640625 2396617
0.1591796875 0.37451171875 0.89306640625 2396619
0.1591796875 0.37451171875 0.89306640625 2396620
0.17041015625 0.357421875 0.88330078125 2396719
0.17041015625 0.357421875 0.88330078125 2396721
0.17041015625 0.357421875 0.88330078125 2396722
0.17041015625 0.357421875 0.88330078125 2396723
0.17041015625 0.357421875 0.88330078125 2396725
0.1572265625 0.375 0.8857421875 2396802
0.150390625 0.376953125 0.88671875 2396908
0.150390625 0.376953125 0.88671875 2396909
0.150390625 0.376953125 0.88671875 2396910
0.150390625 0.376953125 0.88671875 2396911
0.150390625 0.376953125 0.88671875 2396912
0.1396484375 0.38525390625 0.875 2397011
0.1396484375 0.38525390625 0.875 2397012
0.1396484375 0.38525390625 0.875 2397013
0.1396484375 0.38525390625 0.875 2397014
0.1396484375 0.38525390625 0.875 2397015
0.11083984375 0.408203125 0.8369140625 2397117
0.11083984375 0.408203125 0.8369140625 2397119
0.11083984375 0.408203125 0.8369140625 2397120
0.11083984375 0.408203125 0.8369140625 2397121
0.11083984375 0.408203125 0.8369140625 2397122
0.1435546875 0.4052734375 0.8427734375 2397216
0.13818359375 0.373046875 0.78955078125 2397319
0.13818359375 0.373046875 0.78955078125 2397320
0.13818359375 0.373046875 0.78955078125 2397321
0.13818359375 0.373046875 0.78955078125 2397323
0.13818359375 0.373046875 0.78955078125 2397324
0.16357421875 0.3798828125 0.85205078125 2397421
0.16357421875 0.3798828125 0.85205078125 2397439
0.16357421875 0.3798828125 0.85205078125 2397441
0.16357421875 0.3798828125 0.85205078125 2397442
0.16357421875 0.3798828125 0.85205078125 2397443
0.09814453125 0.39306640625 0.8349609375 2397508
-0.1005859375 0.5478515625 0.90673828125 2397611
-0.1005859375 0.5478515625 0.90673828125 2397612
-0.1005859375 0.5478515625 0.90673828125 2397613
-0.1005859375 0.5478515625 0.90673828125 2397614
-0.1005859375 0.5478515625 0.90673828125 2397615
-0.41259765625 0.63623046875 0.78173828125 2397717
-0.41259765625 0.63623046875 0.78173828125 2397719
-0.41259765625 0.63623046875 0.78173828125 2397720
-0.41259765625 0.63623046875 0.78173828125 2397721
-0.41259765625 0.63623046875 0.78173828125 2397722
-0.63671875 0.5810546875 0.4658203125 2397819
-0.63671875 0.5810546875 0.4658203125 2397821
-0.63671875 0.5810546875 0.4658203125 2397822
-0.63671875 0.5810546875 0.4658203125 2397823
-0.63671875 0.5810546875 0.4658203125 2397844
-0.72265625 0.52197265625 0.09033203125 2397898
-0.79443359375 0.458984375 -0.193359375 2398010
-0.79443359375 0.458984375 -0.193359375 2398011
-0.79443359375 0.458984375 -0.193359375 2398012
-0.79443359375 0.458984375 -0.193359375 2398013
-0.79443359375 0.458984375 -0.193359375 2398014
-0.7607421875 0.35595703125 -0.419921875 2398112
-0.7607421875 0.35595703125 -0.419921875 2398113
-0.7607421875 0.35595703125 -0.419921875 2398114
-0.7607421875 0.35595703125 -0.419921875 2398115
-0.7607421875 0.35595703125 -0.419921875 2398116
-0.53369140625 0.2255859375 -0.6630859375 2398214
-0.53369140625 0.2255859375 -0.6630859375 2398215
-0.53369140625 0.2255859375 -0.6630859375 2398216
-0.53369140625 0.2255859375 -0.6630859375 2398217
-0.28759765625 0.1015625 -0.599609375 2398320
-0.28759765625 0.1015625 -0.599609375 2398321
-0.28759765625 0.1015625 -0.599609375 2398322
-0.28759765625 0.1015625 -0.599609375 2398324
-0.28759765625 0.1015625 -0.599609375 2398325
-0.74755859375 0.369140625 0.27001953125 2398397
0.03271484375 0.31103515625 1.07666015625 2398508
0.03271484375 0.31103515625 1.07666015625 2398509
0.03271484375 0.31103515625 1.07666015625 2398510
0.03271484375 0.31103515625 1.07666015625 2398511
0.03271484375 0.31103515625 1.07666015625 2398513
0.20947265625 0.37353515625 1.01025390625 2398621
0.20947265625 0.37353515625 1.01025390625 2398622
0.20947265625 0.37353515625 1.01025390625 2398623
0.20947265625 0.37353515625 1.01025390625 2398624
0.20947265625 0.37353515625 1.01025390625 2398625
0.15771484375 0.40771484375 0.90234375 2398714
0.09814453125 0.44091796875 0.82080078125 2398816
0.09814453125 0.44091796875 0.82080078125 2398817
0.09814453125 0.44091796875 0.82080078125 2398818
0.09814453125 0.44091796875 0.82080078125 2398819
0.09814453125 0.44091796875 0.82080078125 2398820
0.13330078125 0.4130859375 0.8115234375 2398918
0.13330078125 0.4130859375 0.8115234375 2398919
0.13330078125 0.4130859375 0.8115234375 2398920
0.13330078125 0.4130859375 0.8115234375 2398921
0.13330078125 0.4130859375 0.8115234375 2398922
0.095703125 0.44921875 0.8544921875 2399021
0.095703125 0.44921875 0.8544921875 2399022
0.095703125 0.44921875 0.8544921875 2399023
0.095703125 0.44921875 0.8544921875 2399024
0.095703125 0.44921875 0.8544921875 2399025
0.07861328125 0.46923828125 0.8388671875 2399162
0.07861328125 0.46923828125 0.8388671875 2399163
0.07861328125 0.46923828125 0.8388671875 2399165
0.07861328125 0.46923828125 0.8388671875 2399166
0.07861328125 0.46923828125 0.8388671875 2399167
0.0556640625 0.5 0.84326171875 2399211
0.04150390625 0.53466796875 0.8642578125 2399313
0.04150390625 0.53466796875 0.8642578125 2399314
0.04150390625 0.53466796875 0.8642578125 2399315
0.04150390625 0.53466796875 0.8642578125 2399316
0.04150390625 0.53466796875 0.8642578125 2399317
0.08251953125 0.4873046875 0.83740234375 2399416
0.08251953125 0.4873046875 0.83740234375 2399417
0.08251953125 0.4873046875 0.83740234375 2399418
0.08251953125 0.4873046875 0.83740234375 2399419
0.08251953125 0.4873046875 0.83740234375 2399420
0.10302734375 0.466796875 0.8310546875 2399526
0.10302734375 0.466796875 0.8310546875 2399527
0.10302734375 0.466796875 0.8310546875 2399528
0.10302734375 0.466796875 0.8310546875 2399530
0.10302734375 0.466796875 0.8310546875 2399531
0.16162109375 0.38037109375 0.86865234375 2399636
0.16162109375 0.38037109375 0.86865234375 2399638
0.16162109375 0.38037109375 0.86865234375 2399639
0.16162109375 0.38037109375 0.86865234375 2399640
0.16162109375 0.38037109375 0.86865234375 2399641
0.25146484375 0.42626953125 0.8740234375 2399715
0.20166015625 0.4375 0.8759765625 2399817
0.20166015625 0.4375 0.8759765625 2399818
0.20166015625 0.4375 0.8759765625 2399819
0.20166015625 0.4375 0.8759765625 2399820
0.20166015625 0.4375 0.8759765625 2399821
0.2177734375 0.4755859375 0.82861328125 2399920
0.2177734375 0.4755859375 0.82861328125 2399921
0.2177734375 0.4755859375 0.82861328125 2399922
0.2177734375 0.4755859375 0.82861328125 2399923
0.2177734375 0.4755859375 0.82861328125 2399924
0.16064453125 0.47802734375 0.806640625 2399998
0.14306640625 0.49267578125 0.8193359375 2400109
0.14306640625 0.49267578125 0.8193359375 2400111
0.14306640625 0.49267578125 0.8193359375 2400112
0.14306640625 0.49267578125 0.8193359375 2400114
0.14306640625 0.49267578125 0.8193359375 2400115
-0.001953125 0.513671875 0.77978515625 2400212
-0.001953125 0.513671875 0.77978515625 2400213
-0.001953125 0.513671875 0.77978515625 2400217
-0.001953125 0.513671875 0.77978515625 2400218
-0.001953125 0.513671875 0.77978515625 2400219
-0.17626953125 0.61181640625 0.673828125 2400314
-0.17626953125 0.61181640625 0.673828125 2400315
-0.17626953125 0.61181640625 0.673828125 2400316
-0.24755859375 0.68212890625 0.5517578125 2400417
-0.24755859375 0.68212890625 0.5517578125 2400418
-0.24755859375 0.68212890625 0.5517578125 2400419
-0.24755859375 0.68212890625 0.5517578125 2400421
-0.24755859375 0.68212890625 0.5517578125 2400425
-0.3349609375 0.765625 0.4423828125 2400519
-0.3349609375 0.765625 0.4423828125 2400520
-0.3349609375 0.765625 0.4423828125 2400521
-0.3349609375 0.765625 0.4423828125 2400522
-0.3349609375 0.765625 0.4423828125 2400523
-0.32421875 0.86474609375 0.47900390625 2400598
-0.306640625 0.818359375 0.5341796875 2400709
-0.306640625 0.818359375 0.5341796875 2400711
-0.306640625 0.818359375 0.5341796875 2400712
-0.306640625 0.818359375 0.5341796875 2400713
-0.306640625 0.818359375 0.5341796875 2400714
-0.13232421875 0.65185546875 0.572265625 2400812
-0.13232421875 0.65185546875 0.572265625 2400814
-0.13232421875 0.65185546875 0.572265625 2400815
-0.13232421875 0.65185546875 0.572265625 2400816
-0.13232421875 0.65185546875 0.572265625 2400817
0.1865234375 0.65673828125 0.748046875 2400917
0.1865234375 0.65673828125 0.748046875 2400918
0.1865234375 0.65673828125 0.748046875 2400919
0.1865234375 0.65673828125 0.748046875 2400920
0.1865234375 0.65673828125 0.748046875 2400921
0.28125 0.59765625 0.8623046875 2401019
0.28125 0.59765625 0.8623046875 2401020
0.28125 0.59765625 0.8623046875 2401021
0.28125 0.59765625 0.8623046875 2401022
0.28125 0.59765625 0.8623046875 2401024
0.236328125 0.5263671875 0.84326171875 2401118
0.21337890625 0.4990234375 0.84765625 2401223
0.21337890625 0.4990234375 0.84765625 2401224
0.21337890625 0.4990234375 0.84765625 2401226
0.21337890625 0.4990234375 0.84765625 2401227
0.21337890625 0.4990234375 0.84765625 2401229
0.1953125 0.47607421875 0.859375 2401304
0.18701171875 0.46435546875 0.87744140625 2401414
0.18701171875 0.46435546875 0.87744140625 2401415
0.18701171875 0.46435546875 0.87744140625 2401416
0.18701171875 0.46435546875 0.87744140625 2401417
0.18701171875 0.46435546875 0.87744140625 2401418
0.177734375 0.45654296875 0.86474609375 2401517
0.177734375 0.45654296875 0.86474609375 2401518
0.177734375 0.45654296875 0.86474609375 2401520
0.177734375 0.45654296875 0.86474609375 2401521
0.177734375 0.45654296875 0.86474609375 2401522
0.166015625 0.43798828125 0.8564453125 2401620
0.166015625 0.43798828125 0.8564453125 2401621
0.166015625 0.43798828125 0.8564453125 2401623
0.166015625 0.43798828125 0.8564453125 2401624
0.166015625 0.43798828125 0.8564453125 2401625
0.14599609375 0.44677734375 0.88232421875 2401723
0.14599609375 0.44677734375 0.88232421875 2401724
0.14599609375 0.44677734375 0.88232421875 2401725
0.14599609375 0.44677734375 0.88232421875 2401726
0.14599609375 0.44677734375 0.88232421875 2401727
0.17919921875 0.42529296875 0.8798828125 2401800
0.146484375 0.41015625 0.8408203125 2401911
0.146484375 0.41015625 0.8408203125 2401912
0.146484375 0.41015625 0.8408203125 2401914
0.146484375 0.41015625 0.8408203125 2401916
0.146484375 0.41015625 0.8408203125 2401917
0.16064453125 0.38720703125 0.80615234375 2402014
0.16064453125 0.38720703125 0.80615234375 2402015
0.16064453125 0.38720703125 0.80615234375 2402016
0.16064453125 0.38720703125 0.80615234375 2402018
0.16064453125 0.38720703125 0.80615234375 2402019
0.14404296875 0.4072265625 0.822265625 2402116
0.14404296875 0.4072265625 0.822265625 2402117
0.14404296875 0.4072265625 0.822265625 2402140
0.14404296875 0.4072265625 0.822265625 2402141
0.14404296875 0.4072265625 0.822265625 2402142
0.14111328125 0.4111328125 0.83642578125 2402218
0.14111328125 0.4111328125 0.83642578125 2402219
0.14111328125 0.4111328125 0.83642578125 2402220
0.1484375 0.40673828125 0.849609375 2402321
0.1484375 0.40673828125 0.849609375 2402322
0.1484375 0.40673828125 0.849609375 2402323
0.1484375 0.40673828125 0.849609375 2402324
0.1484375 0.40673828125 0.849609375 2402327
0.14892578125 0.412109375 0.85791015625 2402401
0.15234375 0.4326171875 0.876953125 2402510
0.15234375 0.4326171875 0.876953125 2402526
0.15234375 0.4326171875 0.876953125 2402527
0.15234375 0.4326171875 0.876953125 2402528
0.15234375 0.4326171875 0.876953125 2402530
0.16064453125 0.42578125 0.86279296875 2402613
0.16064453125 0.42578125 0.86279296875 2402614
0.16845703125 0.43115234375 0.86328125 2402747
0.16845703125 0.43115234375 0.86328125 2402749
0.16845703125 0.43115234375 0.86328125 2402750
0.16845703125 0.43115234375 0.86328125 2402752
0.16845703125 0.43115234375 0.86328125 2402753
0.158203125 0.43896484375 0.86865234375 2402812
0.162109375 0.423828125 0.8486328125 2402915
0.162109375 0.423828125 0.8486328125 2402916
0.162109375 0.423828125 0.8486328125 2402917
0.162109375 0.423828125 0.8486328125 2402918
0.162109375 0.423828125 0.8486328125 2402919
0.15771484375 0.43017578125 0.85498046875 2403017
0.15771484375 0.43017578125 0.85498046875 2403018
0.15771484375 0.43017578125 0.85498046875 2403019
0.15771484375 0.43017578125 0.85498046875 2403021
0.16943359375 0.42724609375 0.85693359375 2403121
0.16943359375 0.42724609375 0.85693359375 2403122
0.16943359375 0.42724609375 0.85693359375 2403124
0.16943359375 0.42724609375 0.85693359375 2403125
0.16943359375 0.42724609375 0.85693359375 2403126
0.17626953125 0.43212890625 0.880859375 2403223
0.17626953125 0.43212890625 0.880859375 2403224
0.17626953125 0.43212890625 0.880859375 2403225
0.17626953125 0.43212890625 0.880859375 2403226
0.17626953125 0.43212890625 0.880859375 2403227
0.1650390625 0.42529296875 0.86083984375 2403341
0.1650390625 0.42529296875 0.86083984375 2403342
0.1650390625 0.42529296875 0.86083984375 2403343
0.1650390625 0.42529296875 0.86083984375 2403345
0.1650390625 0.42529296875 0.86083984375 2403346
0.1630859375 0.42626953125 0.86376953125 2403420
0.177734375 0.423828125 0.8701171875 2403521
0.177734375 0.423828125 0.8701171875 2403524
0.177734375 0.423828125 0.8701171875 2403531
0.177734375 0.423828125 0.8701171875 2403532
0.177734375 0.423828125 0.8701171875 2403533
0.17138671875 0.41162109375 0.859375 2403628
0.17138671875 0.41162109375 0.859375 2403630
0.17138671875 0.41162109375 0.859375 2403631
0.17138671875 0.41162109375 0.859375 2403632
0.17138671875 0.41162109375 0.859375 2403635
0.17431640625 0.41845703125 0.85791015625 2403721
0.16748046875 0.41552734375 0.85546875 2403823
0.16748046875 0.41552734375 0.85546875 2403824
0.16748046875 0.41552734375 0.85546875 2403825
0.16748046875 0.41552734375 0.85546875 2403826
0.16748046875 0.41552734375 0.85546875 2403828
0.17724609375 0.42138671875 0.87890625 2403902
0.1845703125 0.41748046875 0.8681640625 2404013
0.1845703125 0.41748046875 0.8681640625 2404014
0.1845703125 0.41748046875 0.8681640625 2404016
0.1845703125 0.41748046875 0.8681640625 2404017
0.1845703125 0.41748046875 0.8681640625 2404018
0.1611328125 0.4228515625 0.8662109375 2404125
0.1611328125 0.4228515625 0.8662109375 2404127
0.1611328125 0.4228515625 0.8662109375 2404128
0.1611328125 0.4228515625 0.8662109375 2404129
0.1611328125 0.4228515625 0.8662109375 2404130
0.16943359375 0.41796875 0.86767578125 2404221
0.17919921875 0.4189453125 0.8740234375 2404328
0.17919921875 0.4189453125 0.8740234375 2404330
0.17919921875 0.4189453125 0.8740234375 2404331
0.17919921875 0.4189453125 0.8740234375 2404332
0.17919921875 0.4189453125 0.8740234375 2404333
0.1689453125 0.41748046875 0.8583984375 2404401
0.17919921875 0.41748046875 0.8642578125 2404512
0.17919921875 0.41748046875 0.8642578125 2404513
0.17919921875 0.41748046875 0.8642578125 2404515
0.17919921875 0.41748046875 0.8642578125 2404517
0.17919921875 0.41748046875 0.8642578125 2404518
0.1826171875 0.41455078125 0.8681640625 2404615
0.1826171875 0.41455078125 0.8681640625 2404616
0.1826171875 0.41455078125 0.8681640625 2404617
0.1826171875 0.41455078125 0.8681640625 2404618
0.1826171875 0.41455078125 0.8681640625 2404619
0.17431640625 0.427734375 0.87158203125 2404722
0.17431640625 0.427734375 0.87158203125 2404724
0.17431640625 0.427734375 0.87158203125 2404725
0.17431640625 0.427734375 0.87158203125 2404726
0.18896484375 0.4150390625 0.8603515625 2404822
0.18896484375 0.4150390625 0.8603515625 2404823
0.18896484375 0.4150390625 0.8603515625 2404824
0.18896484375 0.4150390625 0.8603515625 2404825
0.18896484375 0.4150390625 0.8603515625 2404826
0.17529296875 0.4208984375 0.865234375 2404924
0.17529296875 0.4208984375 0.865234375 2404925
0.17529296875 0.4208984375 0.865234375 2404926
0.17529296875 0.4208984375 0.865234375 2404927
0.17529296875 0.4208984375 0.865234375 2404928
0.1865234375 0.42333984375 0.87255859375 2405002
0.17236328125 0.42822265625 0.85888671875 2405112
0.17236328125 0.42822265625 0.85888671875 2405113
0.17236328125 0.42822265625 0.85888671875 2405114
0.17236328125 0.42822265625 0.85888671875 2405116
0.17236328125 0.42822265625 0.85888671875 2405117
0.1806640625 0.419921875 0.86376953125 2405214
0.1806640625 0.419921875 0.86376953125 2405215
0.1806640625 0.419921875 0.86376953125 2405217
0.1806640625 0.419921875 0.86376953125 2405218
0.1806640625 0.419921875 0.86376953125 2405219
0.20068359375 0.41552734375 0.8681640625 2405316
0.20068359375 0.41552734375 0.8681640625 2405317
0.20068359375 0.41552734375 0.8681640625 2405319
0.20068359375 0.41552734375 0.8681640625 2405320
0.20068359375 0.41552734375 0.8681640625 2405321
0.181640625 0.41796875 0.85888671875 2405420
0.181640625 0.41796875 0.85888671875 2405421
0.181640625 0.41796875 0.85888671875 2405422
0.181640625 0.41796875 0.85888671875 2405423
0.181640625 0.41796875 0.85888671875 2405424
0.17333984375 0.4189453125 0.8623046875 2405522
0.17333984375 0.4189453125 0.8623046875 2405523
0.17333984375 0.4189453125 0.8623046875 2405524
0.17333984375 0.4189453125 0.8623046875 2405526
0.17333984375 0.4189453125 0.8623046875 2405527
0.189453125 0.4150390625 0.86279296875 2405624
0.189453125 0.4150390625 0.86279296875 2405625
0.189453125 0.4150390625 0.86279296875 2405627
0.189453125 0.4150390625 0.86279296875 2405628
0.189453125 0.4150390625 0.86279296875 2405629
0.1904296875 0.41650390625 0.8681640625 2405704
0.1806640625 0.42236328125 0.8662109375 2405816
0.1806640625 0.42236328125 0.8662109375 2405817
0.1806640625 0.42236328125 0.8662109375 2405818
0.1806640625 0.42236328125 0.8662109375 2405819
0.1806640625 0.42236328125 0.8662109375 2405820
0.18017578125 0.4169921875 0.86669921875 2405925
0.18017578125 0.4169921875 0.86669921875 2405927
0.18017578125 0.4169921875 0.86669921875 2405928
0.18017578125 0.4169921875 0.86669921875 2405929
0.18017578125 0.4169921875 0.86669921875 2405943
0.189453125 0.416015625 0.865234375 2406012
0.185546875 0.42138671875 0.87158203125 2406115
0.185546875 0.42138671875 0.87158203125 2406116
0.185546875 0.42138671875 0.87158203125 2406117
0.185546875 0.42138671875 0.87158203125 2406118
0.185546875 0.42138671875 0.87158203125 2406119
0.18505859375 0.42236328125 0.88330078125 2406219
0.18505859375 0.42236328125 0.88330078125 2406220
0.18505859375 0.42236328125 0.88330078125 2406221
0.18505859375 0.42236328125 0.88330078125 2406222
0.18505859375 0.42236328125 0.88330078125 2406224
0.18896484375 0.419921875 0.86572265625 2406321
0.18896484375 0.419921875 0.86572265625 2406344
0.18896484375 0.419921875 0.86572265625 2406346
0.18896484375 0.419921875 0.86572265625 2406347
0.18896484375 0.419921875 0.86572265625 2406348
0.189453125 0.41015625 0.859375 2406423
0.189453125 0.41015625 0.859375 2406424
0.18798828125 0.4189453125 0.86279296875 2406506
0.18798828125 0.4189453125 0.86279296875 2406507
0.18798828125 0.4189453125 0.86279296875 2406508
0.18798828125 0.4189453125 0.86279296875 2406509
0.18505859375 0.41455078125 0.85498046875 2406617
0.18505859375 0.41455078125 0.85498046875 2406618
0.18505859375 0.41455078125 0.85498046875 2406619
0.18505859375 0.41455078125 0.85498046875 2406623
0.18505859375 0.41455078125 0.85498046875 2406624
0.19775390625 0.4169921875 0.8740234375 2406720
0.19775390625 0.4169921875 0.8740234375 2406721
0.19775390625 0.4169921875 0.8740234375 2406723
0.19775390625 0.4169921875 0.8740234375 2406724
0.1962890625 0.41748046875 0.8720703125 2406801
0.1962890625 0.41748046875 0.8720703125 2406803
0.18994140625 0.4189453125 0.86474609375 2406914
0.18994140625 0.4189453125 0.86474609375 2406915
0.18994140625 0.4189453125 0.86474609375 2406916
0.18994140625 0.4189453125 0.86474609375 2406917
0.18994140625 0.4189453125 0.86474609375 2406918
0.1875 0.42138671875 0.87255859375 2407016
0.1875 0.42138671875 0.87255859375 2407017
0.1875 0.42138671875 0.87255859375 2407019
0.1875 0.42138671875 0.87255859375 2407022
0.1875 0.42138671875 0.87255859375 2407023
0.20068359375 0.412109375 0.86669921875 2407118
0.20068359375 0.412109375 0.86669921875 2407119
0.20068359375 0.412109375 0.86669921875 2407120
0.20068359375 0.412109375 0.86669921875 2407122
0.20068359375 0.412109375 0.86669921875 2407123
0.19091796875 0.4169921875 0.86474609375 2407220
0.19091796875 0.4169921875 0.86474609375 2407221
0.19091796875 0.4169921875 0.86474609375 2407224
0.19091796875 0.4169921875 0.86474609375 2407225
0.19091796875 0.4169921875 0.86474609375 2407226
0.19140625 0.41650390625 0.865234375 2407324
0.19140625 0.41650390625 0.865234375 2407325
0.19140625 0.41650390625 0.865234375 2407326
0.19140625 0.41650390625 0.865234375 2407327
0.19140625 0.41650390625 0.865234375 2407329
0.19384765625 0.41455078125 0.87353515625 2407426
0.19384765625 0.41455078125 0.87353515625 2407427
0.19384765625 0.41455078125 0.87353515625 2407428
0.19384765625 0.41455078125 0.87353515625 2407430
0.19384765625 0.41455078125 0.87353515625 2407431
0.19140625 0.41015625 0.859375 2407546
0.19140625 0.41015625 0.859375 2407548
0.19140625 0.41015625 0.859375 2407549
0.19140625 0.41015625 0.859375 2407550
0.19140625 0.41015625 0.859375 2407551
0.2001953125 0.42236328125 0.87890625 2407623
0.1865234375 0.4208984375 0.8681640625 2407721
0.1865234375 0.4208984375 0.8681640625 2407722
0.1865234375 0.4208984375 0.8681640625 2407723
0.1865234375 0.4208984375 0.8681640625 2407724
0.1865234375 0.4208984375 0.8681640625 2407725
0.1826171875 0.41943359375 0.85546875 2407822
0.1826171875 0.41943359375 0.85546875 2407823
0.1826171875 0.41943359375 0.85546875 2407824
0.1826171875 0.41943359375 0.85546875 2407825
0.1826171875 0.41943359375 0.85546875 2407826
0.1982421875 0.43603515625 0.87451171875 2407925
0.1982421875 0.43603515625 0.87451171875 2407927
0.1982421875 0.43603515625 0.87451171875 2407928
0.1982421875 0.43603515625 0.87451171875 2407929
0.1982421875 0.43603515625 0.87451171875 2407931
0.19677734375 0.4072265625 0.87646484375 2408004
0.20751953125 0.41455078125 0.8916015625 2408115
0.20751953125 0.41455078125 0.8916015625 2408116
0.20751953125 0.41455078125 0.8916015625 2408118
0.20751953125 0.41455078125 0.8916015625 2408119
0.20751953125 0.41455078125 0.8916015625 2408120
0.19775390625 0.41552734375 0.85546875 2408219
0.19775390625 0.41552734375 0.85546875 2408220
0.19775390625 0.41552734375 0.85546875 2408221
0.19775390625 0.41552734375 0.85546875 2408222
0.19775390625 0.41552734375 0.85546875 2408223
0.19384765625 0.4228515625 0.86669921875 2408322
0.19384765625 0.4228515625 0.86669921875 2408323
0.19384765625 0.4228515625 0.86669921875 2408324
0.19384765625 0.4228515625 0.86669921875 2408325
0.19384765625 0.4228515625 0.86669921875 2408326
0.19970703125 0.41943359375 0.86767578125 2408425
0.19970703125 0.41943359375 0.86767578125 2408426
0.19970703125 0.41943359375 0.86767578125 2408427
0.19970703125 0.41943359375 0.86767578125 2408428
0.19970703125 0.41943359375 0.86767578125 2408429
0.20458984375 0.41455078125 0.8642578125 2408507
0.1953125 0.41357421875 0.8642578125 2408618
0.1953125 0.41357421875 0.8642578125 2408619
0.1953125 0.41357421875 0.8642578125 2408620
0.1953125 0.41357421875 0.8642578125 2408621
0.1953125 0.41357421875 0.8642578125 2408622
0.1923828125 0.416015625 0.86083984375 2408720
0.1923828125 0.416015625 0.86083984375 2408721
0.1923828125 0.416015625 0.86083984375 2408722
0.1923828125 0.416015625 0.86083984375 2408723
0.1943359375 0.4111328125 0.85595703125 2408825
0.1943359375 0.4111328125 0.85595703125 2408826
0.1943359375 0.4111328125 0.85595703125 2408827
0.1943359375 0.4111328125 0.85595703125 2408828
0.1943359375 0.4111328125 0.85595703125 2408829
0.19873046875 0.41748046875 0.8701171875 2408909
0.2021484375 0.41650390625 0.869140625 2409020
0.2021484375 0.41650390625 0.869140625 2409021
0.2021484375 0.41650390625 0.869140625 2409023
0.2021484375 0.41650390625 0.869140625 2409024
0.2021484375 0.41650390625 0.869140625 2409025
0.19970703125 0.41552734375 0.8681640625 2409126
0.19970703125 0.41552734375 0.8681640625 2409128
0.19970703125 0.41552734375 0.8681640625 2409129
0.19970703125 0.41552734375 0.8681640625 2409130
0.19970703125 0.41552734375 0.8681640625 2409131
0.19091796875 0.40576171875 0.85546875 2409212
0.1953125 0.41015625 0.86376953125 2409314
0.1953125 0.41015625 0.86376953125 2409315
0.1953125 0.41015625 0.86376953125 2409316
0.1953125 0.41015625 0.86376953125 2409317
0.1953125 0.41015625 0.86376953125 2409318
0.19775390625 0.41552734375 0.87353515625 2409417
0.19775390625 0.41552734375 0.87353515625 2409418
0.19775390625 0.41552734375 0.87353515625 2409420
0.19775390625 0.41552734375 0.87353515625 2409421
0.19775390625 0.41552734375 0.87353515625 2409422
0.19775390625 0.40673828125 0.86181640625 2409519
0.19775390625 0.40673828125 0.86181640625 2409520
0.19775390625 0.40673828125 0.86181640625 2409522
0.19775390625 0.40673828125 0.86181640625 2409523
0.19775390625 0.40673828125 0.86181640625 2409525
0.17529296875 0.41064453125 0.85498046875 2409621
0.17529296875 0.41064453125 0.85498046875 2409622
0.17529296875 0.41064453125 0.85498046875 2409623
0.17529296875 0.41064453125 0.85498046875 2409624
0.17529296875 0.41064453125 0.85498046875 2409625
0.20068359375 0.408203125 0.86279296875 2409727
0.20068359375 0.408203125 0.86279296875 2409729
0.20068359375 0.408203125 0.86279296875 2409730
0.20068359375 0.408203125 0.86279296875 2409731
0.20068359375 0.408203125 0.86279296875 2409732
0.19482421875 0.4150390625 0.875 2409806
0.19091796875 0.4111328125 0.86328125 2409916
0.19091796875 0.4111328125 0.86328125 2409917
0.19091796875 0.4111328125 0.86328125 2409918
0.19091796875 0.4111328125 0.86328125 2409919
0.19091796875 0.4111328125 0.86328125 2409920
0.1982421875 0.41357421875 0.888671875 2410018
0.1982421875 0.41357421875 0.888671875 2410019
0.1982421875 0.41357421875 0.888671875 2410021
0.1982421875 0.41357421875 0.888671875 2410021
0.1982421875 0.41357421875 0.888671875 2410022
0.19970703125 0.41357421875 0.86865234375 2410121
0.19970703125 0.41357421875 0.86865234375 2410122
0.19970703125 0.41357421875 0.86865234375 2410124
0.19970703125 0.41357421875 0.86865234375 2410125
0.19970703125 0.41357421875 0.86865234375 2410127
0.18115234375 0.41162109375 0.86669921875 2410223
0.18115234375 0.41162109375 0.86669921875 2410225
0.18115234375 0.41162109375 0.86669921875 2410226
0.18115234375 0.41162109375 0.86669921875 2410227
0.18115234375 0.41162109375 0.86669921875 2410230
0.18115234375 0.41845703125 0.86572265625 2410325
0.18115234375 0.41845703125 0.86572265625 2410327
0.18115234375 0.41845703125 0.86572265625 2410328
0.18115234375 0.41845703125 0.86572265625 2410329
0.18115234375 0.41845703125 0.86572265625 2410331
0.1728515625 0.4189453125 0.85888671875 2410420
0.1279296875 0.453125 0.8671875 2410518
0.1279296875 0.453125 0.8671875 2410520
0.1279296875 0.453125 0.8671875 2410521
0.1279296875 0.453125 0.8671875 2410522
0.1279296875 0.453125 0.8671875 2410523
0.14306640625 0.4306640625 0.83056640625 2410621
0.14306640625 0.4306640625 0.83056640625 2410622
0.14306640625 0.4306640625 0.83056640625 2410623
0.14306640625 0.4306640625 0.83056640625 2410625
0.14306640625 0.4306640625 0.83056640625 2410626
0.15771484375 0.37744140625 0.78955078125 2410724
0.15771484375 0.37744140625 0.78955078125 2410725
0.15771484375 0.37744140625 0.78955078125 2410726
0.15771484375 0.37744140625 0.78955078125 2410727
0.15771484375 0.37744140625 0.78955078125 2410728
0.1845703125 0.35498046875 0.794921875 2410825
0.1845703125 0.35498046875 0.794921875 2410826
0.1845703125 0.35498046875 0.794921875 2410828
0.1845703125 0.35498046875 0.794921875 2410829
0.1845703125 0.35498046875 0.794921875 2410830
0.1201171875 0.3623046875 0.79638671875 2410908
0.0849609375 0.42626953125 0.8271484375 2411019
0.0849609375 0.42626953125 0.8271484375 2411020
0.0849609375 0.42626953125 0.8271484375 2411021
0.0849609375 0.42626953125 0.8271484375 2411022
0.0849609375 0.42626953125 0.8271484375 2411023
-0.13525390625 0.6181640625 0.9404296875 2411123
-0.13525390625 0.6181640625 0.9404296875 2411124
-0.13525390625 0.6181640625 0.9404296875 2411125
-0.13525390625 0.6181640625 0.9404296875 2411126
-0.13525390625 0.6181640625 0.9404296875 2411128
-0.529296875 0.60888671875 0.7412109375 2411225
-0.529296875 0.60888671875 0.7412109375 2411227
-0.529296875 0.60888671875 0.7412109375 2411228
-0.529296875 0.60888671875 0.7412109375 2411230
-0.529296875 0.60888671875 0.7412109375 2411231
-0.77001953125 0.546875 0.27197265625 2411328
-0.77001953125 0.546875 0.27197265625 2411329
-0.77001953125 0.546875 0.27197265625 2411331
-0.77001953125 0.546875 0.27197265625 2411354
-0.77001953125 0.546875 0.27197265625 2411355
-0.8154296875 0.392578125 -0.14697265625 2411413
-0.74462890625 0.26416015625 -0.44384765625 2411518
-0.74462890625 0.26416015625 -0.44384765625 2411519
-0.74462890625 0.26416015625 -0.44384765625 2411520
-0.74462890625 0.26416015625 -0.44384765625 2411521
-0.74462890625 0.26416015625 -0.44384765625 2411522
-0.71435546875 0.16650390625 -0.68017578125 2411620
-0.71435546875 0.16650390625 -0.68017578125 2411621
-0.71435546875 0.16650390625 -0.68017578125 2411622
-0.71435546875 0.16650390625 -0.68017578125 2411623
-0.71435546875 0.16650390625 -0.68017578125 2411624
-0.4921875 0.08349609375 -0.80810546875 2411722
-0.4921875 0.08349609375 -0.80810546875 2411723
-0.4921875 0.08349609375 -0.80810546875 2411725
-0.4921875 0.08349609375 -0.80810546875 2411726
-0.4921875 0.08349609375 -0.80810546875 2411728
-0.14892578125 0.08544921875 -0.84130859375 2411824
-0.14892578125 0.08544921875 -0.84130859375 2411825
-0.14892578125 0.08544921875 -0.84130859375 2411826
-0.14892578125 0.08544921875 -0.84130859375 2411828
-0.14892578125 0.08544921875 -0.84130859375 2411829
-0.005859375 0.05322265625 -0.69921875 2411927
-0.005859375 0.05322265625 -0.69921875 2411951
-0.005859375 0.05322265625 -0.69921875 2411952
-0.005859375 0.05322265625 -0.69921875 2411954
-0.005859375 0.05322265625 -0.69921875 2411955
-0.08056640625 0.22314453125 -0.71142578125 2412020
-0.50830078125 0.1669921875 0.083984375 2412123
-0.50830078125 0.1669921875 0.083984375 2412124
-0.50830078125 0.1669921875 0.083984375 2412125
-0.50830078125 0.1669921875 0.083984375 2412126
-0.50830078125 0.1669921875 0.083984375 2412128
-0.099609375 0.52001953125 1.43212890625 2412226
-0.099609375 0.52001953125 1.43212890625 2412230
-0.099609375 0.52001953125 1.43212890625 2412232
-0.099609375 0.52001953125 1.43212890625 2412233
-0.099609375 0.52001953125 1.43212890625 2412234
0.4970703125 0.40966796875 1.09326171875 2412328
0.4970703125 0.40966796875 1.09326171875 2412329
0.49169921875 0.30712890625 0.6865234375 2412412
0.49169921875 0.30712890625 0.6865234375 2412413
0.49169921875 0.30712890625 0.6865234375 2412414
0.49169921875 0.30712890625 0.6865234375 2412417
0.63720703125 0.455078125 0.71484375 2412515
0.63720703125 0.455078125 0.71484375 2412516
0.63720703125 0.455078125 0.71484375 2412517
0.63720703125 0.455078125 0.71484375 2412519
0.63720703125 0.455078125 0.71484375 2412520
0.6044921875 0.3994140625 0.74365234375 2412617
0.6044921875 0.3994140625 0.74365234375 2412618
0.6044921875 0.3994140625 0.74365234375 2412623
0.6044921875 0.3994140625 0.74365234375 2412624
0.6044921875 0.3994140625 0.74365234375 2412625
