0.869140625 0.54248046875 0.35888671875 2020803
0.869140625 0.54248046875 0.35888671875 2020803
0.869140625 0.54248046875 0.35888671875 2021121
0.869140625 0.54248046875 0.35888671875 2021121
0.05224609375 0.548828125 0.89892578125 2021121
0.05224609375 0.548828125 0.89892578125 2021121
0.060546875 0.55908203125 0.88134765625 2021308
0.060546875 0.55908203125 0.88134765625 2021308
0.060546875 0.55908203125 0.88134765625 2021308
0.060546875 0.55908203125 0.88134765625 2021309
0.0458984375 0.5732421875 0.90625 2021423
0.0458984375 0.5732421875 0.90625 2021423
0.0458984375 0.5732421875 0.90625 2021424
0.0458984375 0.5732421875 0.90625 2021424
0.0546875 0.5712890625 0.88818359375 2021612
0.0546875 0.5712890625 0.88818359375 2021613
0.0546875 0.5712890625 0.88818359375 2021613
0.0546875 0.5712890625 0.88818359375 2021613
0.044921875 0.56787109375 0.89990234375 2021714
0.044921875 0.56787109375 0.89990234375 2021714
0.044921875 0.56787109375 0.89990234375 2021714
0.044921875 0.56787109375 0.89990234375 2021715
0.04296875 0.58154296875 0.89453125 2021904
0.04296875 0.58154296875 0.89453125 2021904
0.04296875 0.58154296875 0.89453125 2021904
0.04296875 0.58154296875 0.89453125 2021905
0.0576171875 0.57080078125 0.875 2022006
0.0576171875 0.57080078125 0.875 2022006
0.0576171875 0.57080078125 0.875 2022007
0.0576171875 0.57080078125 0.875 2022007
0.03759765625 0.576171875 0.888671875 2022108
0.03759765625 0.576171875 0.888671875 2022108
0.03759765625 0.576171875 0.888671875 2022109
0.03759765625 0.576171875 0.888671875 2022109
0.052734375 0.55859375 0.87841796875 2022210
0.052734375 0.55859375 0.87841796875 2022210
0.052734375 0.55859375 0.87841796875 2022210
0.052734375 0.55859375 0.87841796875 2022211
0.04638671875 0.57568359375 0.89404296875 2022313
0.04638671875 0.57568359375 0.89404296875 2022313
0.04638671875 0.57568359375 0.89404296875 2022313
0.04638671875 0.57568359375 0.89404296875 2022314
0.04931640625 0.576171875 0.88330078125 2022503
0.04931640625 0.576171875 0.88330078125 2022503
0.04931640625 0.576171875 0.88330078125 2022504
0.04931640625 0.576171875 0.88330078125 2022504
0.04443359375 0.57470703125 0.88232421875 2022605
0.04443359375 0.57470703125 0.88232421875 2022605
0.04443359375 0.57470703125 0.88232421875 2022605
0.04443359375 0.57470703125 0.88232421875 2022606
0.05517578125 0.568359375 0.8779296875 2022708
0.05517578125 0.568359375 0.8779296875 2022708
0.05517578125 0.568359375 0.8779296875 2022708
0.05517578125 0.568359375 0.8779296875 2022709
0.0400390625 0.56689453125 0.88037109375 2022814
0.0400390625 0.56689453125 0.88037109375 2022814
0.0400390625 0.56689453125 0.88037109375 2022814
0.0400390625 0.56689453125 0.88037109375 2022815
0.0380859375 0.57861328125 0.89111328125 2023005
0.0380859375 0.57861328125 0.89111328125 2023005
0.0380859375 0.57861328125 0.89111328125 2023005
0.0380859375 0.57861328125 0.89111328125 2023006
0.04736328125 0.578125 0.87646484375 2023107
0.04736328125 0.578125 0.87646484375 2023107
0.04736328125 0.578125 0.87646484375 2023108
0.04736328125 0.578125 0.87646484375 2023108
0.03759765625 0.572265625 0.8876953125 2023209
0.03759765625 0.572265625 0.8876953125 2023209
0.03759765625 0.572265625 0.8876953125 2023210
0.03759765625 0.572265625 0.8876953125 2023210
0.04638671875 0.5771484375 0.88037109375 2023312
0.04638671875 0.5771484375 0.88037109375 2023312
0.04638671875 0.5771484375 0.88037109375 2023313
0.04638671875 0.5771484375 0.88037109375 2023313
0.04345703125 0.583984375 0.875 2023505
0.04345703125 0.583984375 0.875 2023505
0.04345703125 0.583984375 0.875 2023505
0.04345703125 0.583984375 0.875 2023506
0.0341796875 0.5693359375 0.8818359375 2023607
0.0341796875 0.5693359375 0.8818359375 2023607
0.0341796875 0.5693359375 0.8818359375 2023607
0.0341796875 0.5693359375 0.8818359375 2023608
0.0400390625 0.58056640625 0.8828125 2023710
0.0400390625 0.58056640625 0.8828125 2023710
0.0400390625 0.58056640625 0.8828125 2023710
0.0400390625 0.58056640625 0.8828125 2023711
0.03466796875 0.5810546875 0.8828125 2023812
0.03466796875 0.5810546875 0.8828125 2023812
0.03466796875 0.5810546875 0.8828125 2023812
0.03466796875 0.5810546875 0.8828125 2023813
0.0361328125 0.57373046875 0.884765625 2023915
0.0361328125 0.57373046875 0.884765625 2023915
0.0361328125 0.57373046875 0.884765625 2023915
0.0361328125 0.57373046875 0.884765625 2023916
0.0380859375 0.56640625 0.88232421875 2024103
0.0380859375 0.56640625 0.88232421875 2024103
0.0380859375 0.56640625 0.88232421875 2024103
0.0380859375 0.56640625 0.88232421875 2024104
0.0390625 0.5712890625 0.8837890625 2024206
0.0390625 0.5712890625 0.8837890625 2024206
0.0390625 0.5712890625 0.8837890625 2024207
0.0390625 0.5712890625 0.8837890625 2024207
0.0341796875 0.587890625 0.88671875 2024310
0.0341796875 0.587890625 0.88671875 2024310
0.0341796875 0.587890625 0.88671875 2024310
0.0341796875 0.587890625 0.88671875 2024311
0.04345703125 0.56298828125 0.87158203125 2024412
0.04345703125 0.56298828125 0.87158203125 2024412
0.04345703125 0.56298828125 0.87158203125 2024413
0.04345703125 0.56298828125 0.87158203125 2024413
0.0400390625 0.5771484375 0.88134765625 2024515
0.0400390625 0.5771484375 0.88134765625 2024515
0.0400390625 0.5771484375 0.88134765625 2024515
0.0400390625 0.5771484375 0.88134765625 2024516
0.04931640625 0.58447265625 0.88818359375 2024705
0.04931640625 0.58447265625 0.88818359375 2024705
0.04931640625 0.58447265625 0.88818359375 2024705
0.04931640625 0.58447265625 0.88818359375 2024706
0.0205078125 0.568359375 0.88671875 2024808
0.0205078125 0.568359375 0.88671875 2024808
0.0205078125 0.568359375 0.88671875 2024808
0.0205078125 0.568359375 0.88671875 2024809
0.02880859375 0.58251953125 0.8720703125 2024911
0.02880859375 0.58251953125 0.8720703125 2024911
0.02880859375 0.58251953125 0.8720703125 2024911
0.02880859375 0.58251953125 0.8720703125 2024912
0.01904296875 0.59375 0.86572265625 2025013
0.01904296875 0.59375 0.86572265625 2025013
0.01904296875 0.59375 0.86572265625 2025014
0.01904296875 0.59375 0.86572265625 2025014
0.04052734375 0.65478515625 0.771484375 2025205
0.04052734375 0.65478515625 0.771484375 2025205
0.04052734375 0.65478515625 0.771484375 2025205
0.04052734375 0.65478515625 0.771484375 2025206
0.00830078125 0.65966796875 0.80419921875 2025309
0.00830078125 0.65966796875 0.80419921875 2025309
0.00830078125 0.65966796875 0.80419921875 2025310
0.00830078125 0.65966796875 0.80419921875 2025310
0.0068359375 0.6787109375 0.80908203125 2025411
0.0068359375 0.6787109375 0.80908203125 2025411
0.0068359375 0.6787109375 0.80908203125 2025412
0.0068359375 0.6787109375 0.80908203125 2025412
-0.00634765625 0.7109375 0.83349609375 2025513
-0.00634765625 0.7109375 0.83349609375 2025513
-0.00634765625 0.7109375 0.83349609375 2025514
-0.00634765625 0.7109375 0.83349609375 2025514
0.01953125 0.68603515625 0.78466796875 2025615
0.01953125 0.68603515625 0.78466796875 2025615
0.01953125 0.68603515625 0.78466796875 2025616
0.01953125 0.68603515625 0.78466796875 2025616
0.00439453125 0.72705078125 0.7841796875 2025831
0.00439453125 0.72705078125 0.7841796875 2025831
0.00439453125 0.72705078125 0.7841796875 2025831
0.00439453125 0.72705078125 0.7841796875 2025832
0.017578125 0.66259765625 0.81396484375 2026015
0.017578125 0.66259765625 0.81396484375 2026015
0.017578125 0.66259765625 0.81396484375 2026016
0.017578125 0.66259765625 0.81396484375 2026016
0.0302734375 0.6435546875 0.79833984375 2026183
0.0302734375 0.6435546875 0.79833984375 2026184
0.0302734375 0.6435546875 0.79833984375 2026184
0.0302734375 0.6435546875 0.79833984375 2026185
0.0322265625 0.65234375 0.837890625 2026307
0.0322265625 0.65234375 0.837890625 2026307
0.0322265625 0.65234375 0.837890625 2026307
0.0322265625 0.65234375 0.837890625 2026308
0.03759765625 0.62109375 0.822265625 2026419
0.03759765625 0.62109375 0.822265625 2026419
0.03759765625 0.62109375 0.822265625 2026420
0.03759765625 0.62109375 0.822265625 2026420
0.0615234375 0.63818359375 0.83154296875 2026540
0.0615234375 0.63818359375 0.83154296875 2026540
0.0615234375 0.63818359375 0.83154296875 2026540
0.0615234375 0.63818359375 0.83154296875 2026541
0.04052734375 0.63525390625 0.85302734375 2026702
0.04052734375 0.63525390625 0.85302734375 2026702
0.04052734375 0.63525390625 0.85302734375 2026703
0.04052734375 0.63525390625 0.85302734375 2026703
0.07568359375 0.6416015625 0.83203125 2026805
0.07568359375 0.6416015625 0.83203125 2026805
0.07568359375 0.6416015625 0.83203125 2026805
0.07568359375 0.6416015625 0.83203125 2026806
0.0595703125 0.64208984375 0.82470703125 2026915
0.0595703125 0.64208984375 0.82470703125 2026915
0.0595703125 0.64208984375 0.82470703125 2026915
0.0595703125 0.64208984375 0.82470703125 2026916
0.0712890625 0.6484375 0.8212890625 2027111
0.0712890625 0.6484375 0.8212890625 2027111
0.0712890625 0.6484375 0.8212890625 2027111
0.0712890625 0.6484375 0.8212890625 2027112
0.04443359375 0.67529296875 0.80419921875 2027302
0.04443359375 0.67529296875 0.80419921875 2027302
0.04443359375 0.67529296875 0.80419921875 2027302
0.04443359375 0.67529296875 0.80419921875 2027303
0.02734375 0.634765625 0.82666015625 2027404
0.02734375 0.634765625 0.82666015625 2027404
0.02734375 0.634765625 0.82666015625 2027404
0.02734375 0.634765625 0.82666015625 2027405
0.04736328125 0.65673828125 0.82861328125 2027513
0.04736328125 0.65673828125 0.82861328125 2027513
0.04736328125 0.65673828125 0.82861328125 2027514
0.04736328125 0.65673828125 0.82861328125 2027514
0.0380859375 0.6435546875 0.85986328125 2027712
0.0380859375 0.6435546875 0.85986328125 2027712
0.0380859375 0.6435546875 0.85986328125 2027713
0.0380859375 0.6435546875 0.85986328125 2027713
0.0537109375 0.60205078125 0.845703125 2027822
0.0537109375 0.60205078125 0.845703125 2027823
0.0537109375 0.60205078125 0.845703125 2027823
0.0537109375 0.60205078125 0.845703125 2027823
0.060546875 0.607421875 0.83837890625 2028012
0.060546875 0.607421875 0.83837890625 2028012
0.060546875 0.607421875 0.83837890625 2028012
0.060546875 0.607421875 0.83837890625 2028013
0.05126953125 0.6357421875 0.85791015625 2028205
0.05126953125 0.6357421875 0.85791015625 2028205
0.05126953125 0.6357421875 0.85791015625 2028205
0.05126953125 0.6357421875 0.85791015625 2028206
0.08154296875 0.62841796875 0.8447265625 2028308
0.08154296875 0.62841796875 0.8447265625 2028308
0.08154296875 0.62841796875 0.8447265625 2028308
0.08154296875 0.62841796875 0.8447265625 2028309
0.05615234375 0.619140625 0.861328125 2028411
0.05615234375 0.619140625 0.861328125 2028411
0.05615234375 0.619140625 0.861328125 2028411
0.05615234375 0.619140625 0.861328125 2028412
0.05810546875 0.6171875 0.86083984375 2028513
0.05810546875 0.6171875 0.86083984375 2028560
0.05810546875 0.6171875 0.86083984375 2028561
0.05810546875 0.6171875 0.86083984375 2028561
0.06640625 0.587890625 0.8583984375 2028702
0.06640625 0.587890625 0.8583984375 2028702
0.06640625 0.587890625 0.8583984375 2028702
0.06640625 0.587890625 0.8583984375 2028703
0.04833984375 0.599609375 0.888671875 2028804
0.04833984375 0.599609375 0.888671875 2028804
0.04833984375 0.599609375 0.888671875 2028804
0.04833984375 0.599609375 0.888671875 2028805
0.05810546875 0.58056640625 0.88232421875 2028907
0.05810546875 0.58056640625 0.88232421875 2028907
0.05810546875 0.58056640625 0.88232421875 2028907
0.05810546875 0.58056640625 0.88232421875 2028908
0.05712890625 0.55322265625 0.8955078125 2029010
0.05712890625 0.55322265625 0.8955078125 2029010
0.05712890625 0.55322265625 0.8955078125 2029010
0.05712890625 0.55322265625 0.8955078125 2029011
0.0595703125 0.55322265625 0.8994140625 2029112
0.0595703125 0.55322265625 0.8994140625 2029112
0.0595703125 0.55322265625 0.8994140625 2029113
0.0595703125 0.55322265625 0.8994140625 2029113
0.0771484375 0.5302734375 0.90234375 2029302
0.0771484375 0.5302734375 0.90234375 2029302
0.0771484375 0.5302734375 0.90234375 2029303
0.0771484375 0.5302734375 0.90234375 2029303
0.08837890625 0.5322265625 0.9140625 2029405
0.08837890625 0.5322265625 0.9140625 2029405
0.08837890625 0.5322265625 0.9140625 2029405
0.08837890625 0.5322265625 0.9140625 2029406
0.0927734375 0.548828125 0.9072265625 2029507
0.0927734375 0.548828125 0.9072265625 2029507
0.0927734375 0.548828125 0.9072265625 2029508
0.0927734375 0.548828125 0.9072265625 2029508
0.09130859375 0.498046875 0.9111328125 2029609
0.09130859375 0.498046875 0.9111328125 2029609
0.09130859375 0.498046875 0.9111328125 2029610
0.09130859375 0.498046875 0.9111328125 2029610
0.1025390625 0.5283203125 0.91455078125 2029712
0.1025390625 0.5283203125 0.91455078125 2029712
0.1025390625 0.5283203125 0.91455078125 2029713
0.1025390625 0.5283203125 0.91455078125 2029713
0.1103515625 0.5068359375 0.91552734375 2029904
0.1103515625 0.5068359375 0.91552734375 2029904
0.1103515625 0.5068359375 0.91552734375 2029904
0.1103515625 0.5068359375 0.91552734375 2029905
0.1328125 0.501953125 0.90673828125 2030006
0.1328125 0.501953125 0.90673828125 2030006
0.1328125 0.501953125 0.90673828125 2030006
0.1328125 0.501953125 0.90673828125 2030007
0.1044921875 0.54345703125 0.92431640625 2030108
0.1044921875 0.54345703125 0.92431640625 2030110
0.1044921875 0.54345703125 0.92431640625 2030110
0.1044921875 0.54345703125 0.92431640625 2030111
0.10986328125 0.52587890625 0.9013671875 2030211
0.10986328125 0.52587890625 0.9013671875 2030212
0.10986328125 0.52587890625 0.9013671875 2030212
0.10986328125 0.52587890625 0.9013671875 2030212
0.11669921875 0.5048828125 0.90234375 2030404
0.11669921875 0.5048828125 0.90234375 2030404
0.11669921875 0.5048828125 0.90234375 2030404
0.11669921875 0.5048828125 0.90234375 2030405
0.16015625 0.50048828125 0.88818359375 2030507
0.16015625 0.50048828125 0.88818359375 2030507
0.16015625 0.50048828125 0.88818359375 2030507
0.16015625 0.50048828125 0.88818359375 2030508
0.08203125 0.4951171875 0.93701171875 2030612
0.08203125 0.4951171875 0.93701171875 2030612
0.08203125 0.4951171875 0.93701171875 2030612
0.08203125 0.4951171875 0.93701171875 2030613
0.080078125 0.486328125 0.939453125 2030803
0.080078125 0.486328125 0.939453125 2030803
0.080078125 0.486328125 0.939453125 2030803
0.080078125 0.486328125 0.939453125 2030804
0.0791015625 0.486328125 0.9345703125 2030906
0.0791015625 0.486328125 0.9345703125 2030906
0.0791015625 0.486328125 0.9345703125 2030906
0.0791015625 0.486328125 0.9345703125 2030907
0.11572265625 0.51318359375 0.92041015625 2031022
0.11572265625 0.51318359375 0.92041015625 2031023
0.11572265625 0.51318359375 0.92041015625 2031023
0.11572265625 0.51318359375 0.92041015625 2031024
0.09130859375 0.48779296875 0.93701171875 2031212
0.09130859375 0.48779296875 0.93701171875 2031212
0.09130859375 0.48779296875 0.93701171875 2031212
0.09130859375 0.48779296875 0.93701171875 2031213
0.1044921875 0.46337890625 0.93408203125 2031402
0.1044921875 0.46337890625 0.93408203125 2031402
0.1044921875 0.46337890625 0.93408203125 2031402
0.1044921875 0.46337890625 0.93408203125 2031403
0.09423828125 0.47216796875 0.9453125 2031504
0.09423828125 0.47216796875 0.9453125 2031504
0.09423828125 0.47216796875 0.9453125 2031504
0.09423828125 0.47216796875 0.9453125 2031505
0.115234375 0.44287109375 0.92626953125 2031607
0.115234375 0.44287109375 0.92626953125 2031607
0.115234375 0.44287109375 0.92626953125 2031608
0.10546875 0.47998046875 0.96484375 2031709
0.10546875 0.47998046875 0.96484375 2031709
0.10546875 0.47998046875 0.96484375 2031710
0.10546875 0.47998046875 0.96484375 2031710
0.1455078125 0.48779296875 0.94677734375 2031811
0.1455078125 0.48779296875 0.94677734375 2031811
0.1455078125 0.48779296875 0.94677734375 2031811
0.1455078125 0.48779296875 0.94677734375 2031812
0.30615234375 0.49853515625 0.8359375 2032003
0.30615234375 0.49853515625 0.8359375 2032003
0.30615234375 0.49853515625 0.8359375 2032003
0.30615234375 0.49853515625 0.8359375 2032004
0.3388671875 0.505859375 0.888671875 2032105
0.3388671875 0.505859375 0.888671875 2032105
0.3388671875 0.505859375 0.888671875 2032105
0.3388671875 0.505859375 0.888671875 2032106
0.3818359375 0.4912109375 0.83642578125 2032208
0.3818359375 0.4912109375 0.83642578125 2032208
0.3818359375 0.4912109375 0.83642578125 2032209
0.3818359375 0.4912109375 0.83642578125 2032209
0.44140625 0.50732421875 0.82666015625 2032311
0.44140625 0.50732421875 0.82666015625 2032311
0.44140625 0.50732421875 0.82666015625 2032319
0.44140625 0.50732421875 0.82666015625 2032320
0.4638671875 0.5029296875 0.75439453125 2032500
0.4638671875 0.5029296875 0.75439453125 2032500
0.4638671875 0.5029296875 0.75439453125 2032500
0.4638671875 0.5029296875 0.75439453125 2032501
0.3544921875 0.43505859375 0.83154296875 2032608
0.3544921875 0.43505859375 0.83154296875 2032608
0.3544921875 0.43505859375 0.83154296875 2032609
0.3544921875 0.43505859375 0.83154296875 2032609
0.18359375 0.41943359375 0.91552734375 2032808
0.18359375 0.41943359375 0.91552734375 2032808
0.18359375 0.41943359375 0.91552734375 2032809
0.18359375 0.41943359375 0.91552734375 2032809
0.189453125 0.3720703125 0.8974609375 2032910
0.189453125 0.3720703125 0.8974609375 2032910
0.189453125 0.3720703125 0.8974609375 2032911
0.189453125 0.3720703125 0.8974609375 2032911
-0.07080078125 0.5908203125 0.97021484375 2033101
-0.07080078125 0.5908203125 0.97021484375 2033101
-0.07080078125 0.5908203125 0.97021484375 2033101
-0.07080078125 0.5908203125 0.97021484375 2033102
-0.0654296875 0.6796875 0.9140625 2033203
-0.0654296875 0.6796875 0.9140625 2033203
-0.0654296875 0.6796875 0.9140625 2033203
-0.0654296875 0.6796875 0.9140625 2033204
-0.04736328125 0.71533203125 0.83984375 2033305
-0.04736328125 0.71533203125 0.83984375 2033305
-0.04736328125 0.71533203125 0.83984375 2033306
-0.04736328125 0.71533203125 0.83984375 2033306
-0.02099609375 0.6298828125 0.79052734375 2033410
-0.02099609375 0.6298828125 0.79052734375 2033410
-0.02099609375 0.6298828125 0.79052734375 2033410
-0.02099609375 0.6298828125 0.79052734375 2033411
-0.02734375 0.6962890625 0.76904296875 2033512
-0.02734375 0.6962890625 0.76904296875 2033512
-0.02734375 0.6962890625 0.76904296875 2033513
-0.02734375 0.6962890625 0.76904296875 2033513
-0.140625 0.78173828125 0.796875 2033699
-0.140625 0.78173828125 0.796875 2033699
-0.140625 0.78173828125 0.796875 2033700
-0.140625 0.78173828125 0.796875 2033700
-0.05078125 0.74267578125 0.6923828125 2033802
-0.05078125 0.74267578125 0.6923828125 2033802
-0.05078125 0.74267578125 0.6923828125 2033802
-0.05078125 0.74267578125 0.6923828125 2033803
-0.0771484375 0.7822265625 0.67822265625 2033904
-0.0771484375 0.7822265625 0.67822265625 2033904
-0.0771484375 0.7822265625 0.67822265625 2033904
-0.0771484375 0.7822265625 0.67822265625 2033905
-0.078125 0.79296875 0.69189453125 2034008
-0.078125 0.79296875 0.69189453125 2034008
-0.078125 0.79296875 0.69189453125 2034008
-0.078125 0.79296875 0.69189453125 2034009
-0.0634765625 0.6708984375 0.79296875 2034202
-0.0634765625 0.6708984375 0.79296875 2034202
-0.0634765625 0.6708984375 0.79296875 2034203
-0.0634765625 0.6708984375 0.79296875 2034203
-0.04736328125 0.5927734375 0.83935546875 2034306
-0.04736328125 0.5927734375 0.83935546875 2034306
-0.04736328125 0.5927734375 0.83935546875 2034306
-0.04736328125 0.5927734375 0.83935546875 2034307
-0.11328125 0.58642578125 0.92041015625 2034408
-0.11328125 0.58642578125 0.92041015625 2034408
-0.11328125 0.58642578125 0.92041015625 2034409
-0.11328125 0.58642578125 0.92041015625 2034409
-0.029296875 0.53466796875 0.87841796875 2034511
-0.029296875 0.53466796875 0.87841796875 2034511
-0.029296875 0.53466796875 0.87841796875 2034512
-0.029296875 0.53466796875 0.87841796875 2034512
-0.0078125 0.55908203125 0.89697265625 2034701
-0.0078125 0.55908203125 0.89697265625 2034701
-0.0078125 0.55908203125 0.89697265625 2034701
-0.0078125 0.55908203125 0.89697265625 2034702
0.00244140625 0.54296875 0.92431640625 2034806
0.00244140625 0.54296875 0.92431640625 2034806
0.00244140625 0.54296875 0.92431640625 2034806
0.00244140625 0.54296875 0.92431640625 2034807
0.021484375 0.53759765625 0.91455078125 2034910
0.021484375 0.53759765625 0.91455078125 2034910
0.021484375 0.53759765625 0.91455078125 2034910
0.021484375 0.53759765625 0.91455078125 2034911
-0.0185546875 0.53125 0.96337890625 2035012
-0.0185546875 0.53125 0.96337890625 2035012
-0.0185546875 0.53125 0.96337890625 2035012
-0.0185546875 0.53125 0.96337890625 2035013
0.0908203125 0.49462890625 0.88134765625 2035210
0.0908203125 0.49462890625 0.88134765625 2035210
0.0908203125 0.49462890625 0.88134765625 2035211
0.0908203125 0.49462890625 0.88134765625 2035211
0.09033203125 0.50244140625 0.91552734375 2035407
0.09033203125 0.50244140625 0.91552734375 2035407
0.09033203125 0.50244140625 0.91552734375 2035407
0.09033203125 0.50244140625 0.91552734375 2035415
0.1044921875 0.48681640625 0.9287109375 2035509
0.1044921875 0.48681640625 0.9287109375 2035509
0.1044921875 0.48681640625 0.9287109375 2035510
0.08984375 0.47998046875 0.90966796875 2035590
0.15234375 0.505859375 0.87841796875 2035699
0.15234375 0.505859375 0.87841796875 2035699
0.15234375 0.505859375 0.87841796875 2035699
0.15234375 0.505859375 0.87841796875 2035700
0.0927734375 0.466796875 0.9326171875 2035803
0.0927734375 0.466796875 0.9326171875 2035803
0.0927734375 0.466796875 0.9326171875 2035804
0.0927734375 0.466796875 0.9326171875 2035804
0.09619140625 0.49169921875 0.923828125 2035905
0.09619140625 0.49169921875 0.923828125 2035905
0.09619140625 0.49169921875 0.923828125 2035905
0.12841796875 0.47509765625 0.90087890625 2036010
0.12841796875 0.47509765625 0.90087890625 2036010
0.12841796875 0.47509765625 0.90087890625 2036011
0.12841796875 0.47509765625 0.90087890625 2036011
0.10107421875 0.47265625 0.92529296875 2036112
0.10107421875 0.47265625 0.92529296875 2036112
0.10107421875 0.47265625 0.92529296875 2036113
0.10107421875 0.47265625 0.92529296875 2036113
0.11328125 0.4794921875 0.9423828125 2036301
0.11328125 0.4794921875 0.9423828125 2036301
0.11328125 0.4794921875 0.9423828125 2036301
0.11328125 0.4794921875 0.9423828125 2036302
0.1259765625 0.48388671875 0.92138671875 2036404
0.1259765625 0.48388671875 0.92138671875 2036404
0.1259765625 0.48388671875 0.92138671875 2036404
0.1259765625 0.48388671875 0.92138671875 2036405
0.11376953125 0.48681640625 0.93310546875 2036507
0.11376953125 0.48681640625 0.93310546875 2036507
0.11376953125 0.48681640625 0.93310546875 2036508
0.11376953125 0.48681640625 0.93310546875 2036508
0.13037109375 0.4755859375 0.931640625 2036609
0.13037109375 0.4755859375 0.931640625 2036609
0.13037109375 0.4755859375 0.931640625 2036609
0.13037109375 0.4755859375 0.931640625 2036610
0.14111328125 0.45458984375 0.97119140625 2036803
0.14111328125 0.45458984375 0.97119140625 2036803
0.14111328125 0.45458984375 0.97119140625 2036803
0.14111328125 0.45458984375 0.97119140625 2036804
0.13818359375 0.49853515625 0.990234375 2036907
0.13818359375 0.49853515625 0.990234375 2036907
0.13818359375 0.49853515625 0.990234375 2036907
0.26806640625 0.48681640625 0.90869140625 2037009
0.26806640625 0.48681640625 0.90869140625 2037009
0.26806640625 0.48681640625 0.90869140625 2037009
0.26806640625 0.48681640625 0.90869140625 2037010
0.39990234375 0.50146484375 0.86083984375 2037202
0.39990234375 0.50146484375 0.86083984375 2037202
0.39990234375 0.50146484375 0.86083984375 2037202
0.39990234375 0.50146484375 0.86083984375 2037203
0.45947265625 0.44482421875 0.8359375 2037304
0.45947265625 0.44482421875 0.8359375 2037304
0.45947265625 0.44482421875 0.8359375 2037304
0.45947265625 0.44482421875 0.8359375 2037305
0.45849609375 0.46435546875 0.83349609375 2037421
0.45849609375 0.46435546875 0.83349609375 2037421
0.45849609375 0.46435546875 0.83349609375 2037422
0.45849609375 0.46435546875 0.83349609375 2037422
0.27001953125 0.39990234375 0.93701171875 2037588
0.27001953125 0.39990234375 0.93701171875 2037588
0.27001953125 0.39990234375 0.93701171875 2037589
0.27001953125 0.39990234375 0.93701171875 2037589
0.1875 0.38818359375 0.93359375 2037699
0.1875 0.38818359375 0.93359375 2037699
0.1875 0.38818359375 0.93359375 2037699
0.1875 0.38818359375 0.93359375 2037700
0.0126953125 0.36279296875 1.06396484375 2037801
0.0126953125 0.36279296875 1.06396484375 2037801
0.0126953125 0.36279296875 1.06396484375 2037802
0.0126953125 0.36279296875 1.06396484375 2037802
0.0810546875 0.35693359375 0.98486328125 2037905
0.0810546875 0.35693359375 0.98486328125 2037905
0.0810546875 0.35693359375 0.98486328125 2037906
0.0810546875 0.35693359375 0.98486328125 2037906
0.08251953125 0.373046875 1.00390625 2038007
0.08251953125 0.373046875 1.00390625 2038008
0.08251953125 0.373046875 1.00390625 2038009
0.08251953125 0.373046875 1.00390625 2038010
0.0703125 0.34814453125 0.98291015625 2038109
0.0703125 0.34814453125 0.98291015625 2038109
0.0703125 0.34814453125 0.98291015625 2038109
0.0703125 0.34814453125 0.98291015625 2038110
0.11279296875 0.318359375 0.935546875 2038300
0.11279296875 0.318359375 0.935546875 2038300
0.11279296875 0.318359375 0.935546875 2038300
0.11279296875 0.318359375 0.935546875 2038301
0.05419921875 0.40625 0.91845703125 2038402
0.05419921875 0.40625 0.91845703125 2038402
0.05419921875 0.40625 0.91845703125 2038403
0.05419921875 0.40625 0.91845703125 2038403
-0.0185546875 0.544921875 0.82763671875 2038504
-0.0185546875 0.544921875 0.82763671875 2038504
-0.0185546875 0.544921875 0.82763671875 2038504
-0.0185546875 0.544921875 0.82763671875 2038505
0.03369140625 0.69482421875 0.75244140625 2038608
0.03369140625 0.69482421875 0.75244140625 2038608
0.03369140625 0.69482421875 0.75244140625 2038609
0.03369140625 0.69482421875 0.75244140625 2038609
-0.1025390625 0.7392578125 0.8447265625 2038709
-0.1025390625 0.7392578125 0.8447265625 2038709
-0.1025390625 0.7392578125 0.8447265625 2038709
-0.1025390625 0.7392578125 0.8447265625 2038710
-0.1005859375 0.73583984375 0.7607421875 2038899
-0.1005859375 0.73583984375 0.7607421875 2038899
-0.1005859375 0.73583984375 0.7607421875 2038899
-0.1005859375 0.73583984375 0.7607421875 2038900
-0.08740234375 0.74658203125 0.7138671875 2039002
-0.08740234375 0.74658203125 0.7138671875 2039002
-0.08740234375 0.74658203125 0.7138671875 2039002
-0.08740234375 0.74658203125 0.7138671875 2039003
-0.0654296875 0.7216796875 0.70068359375 2039104
-0.0654296875 0.7216796875 0.70068359375 2039104
-0.0654296875 0.7216796875 0.70068359375 2039104
-0.0654296875 0.7216796875 0.70068359375 2039105
-0.11181640625 0.732421875 0.70947265625 2039207
-0.11181640625 0.732421875 0.70947265625 2039207
-0.11181640625 0.732421875 0.70947265625 2039208
-0.11181640625 0.732421875 0.70947265625 2039208
-0.0537109375 0.7275390625 0.68603515625 2039309
-0.0537109375 0.7275390625 0.68603515625 2039309
-0.0537109375 0.7275390625 0.68603515625 2039310
-0.0537109375 0.7275390625 0.68603515625 2039310
-0.08056640625 0.62939453125 0.8427734375 2039501
-0.08056640625 0.62939453125 0.8427734375 2039501
-0.08056640625 0.62939453125 0.8427734375 2039501
-0.08056640625 0.62939453125 0.8427734375 2039502
-0.06884765625 0.5947265625 0.9072265625 2039603
-0.06884765625 0.5947265625 0.9072265625 2039603
-0.06884765625 0.5947265625 0.9072265625 2039604
-0.06884765625 0.5947265625 0.9072265625 2039604
-0.06103515625 0.5703125 0.8857421875 2039705
-0.06103515625 0.5703125 0.8857421875 2039705
-0.06103515625 0.5703125 0.8857421875 2039705
-0.06103515625 0.5703125 0.8857421875 2039706
-0.03369140625 0.5400390625 0.87255859375 2039809
-0.03369140625 0.5400390625 0.87255859375 2039809
-0.03369140625 0.5400390625 0.87255859375 2039810
-0.03369140625 0.5400390625 0.87255859375 2039810
-0.03662109375 0.529296875 0.8955078125 2039911
-0.03662109375 0.529296875 0.8955078125 2039911
-0.03662109375 0.529296875 0.8955078125 2039911
-0.03662109375 0.529296875 0.8955078125 2039912
0.0009765625 0.53271484375 0.9306640625 2040100
0.0009765625 0.53271484375 0.9306640625 2040100
0.0009765625 0.53271484375 0.9306640625 2040100
0.0009765625 0.53271484375 0.9306640625 2040101
-0.01611328125 0.53076171875 0.94677734375 2040202
-0.01611328125 0.53076171875 0.94677734375 2040202
-0.01611328125 0.53076171875 0.94677734375 2040202
-0.01611328125 0.53076171875 0.94677734375 2040203
0.0087890625 0.529296875 0.943359375 2040306
0.0087890625 0.529296875 0.943359375 2040306
0.0087890625 0.529296875 0.943359375 2040306
0.0087890625 0.529296875 0.943359375 2040307
0.04638671875 0.50537109375 0.91943359375 2040409
0.04638671875 0.50537109375 0.91943359375 2040409
0.04638671875 0.50537109375 0.91943359375 2040409
0.04638671875 0.50537109375 0.91943359375 2040410
0.0556640625 0.49755859375 0.919921875 2040602
0.0556640625 0.49755859375 0.919921875 2040602
0.0556640625 0.49755859375 0.919921875 2040602
0.0556640625 0.49755859375 0.919921875 2040603
0.06982421875 0.51123046875 0.9189453125 2040705
0.06982421875 0.51123046875 0.9189453125 2040705
0.06982421875 0.51123046875 0.9189453125 2040706
0.06982421875 0.51123046875 0.9189453125 2040706
0.08837890625 0.505859375 0.91845703125 2040807
0.08837890625 0.505859375 0.91845703125 2040807
0.08837890625 0.505859375 0.91845703125 2040807
0.08837890625 0.505859375 0.91845703125 2040808
0.10107421875 0.4921875 0.91015625 2040911
0.10107421875 0.4921875 0.91015625 2040911
0.10107421875 0.4921875 0.91015625 2040911
0.10107421875 0.4921875 0.91015625 2040912
0.10400390625 0.49365234375 0.91943359375 2041098
0.10400390625 0.49365234375 0.91943359375 2041098
0.10400390625 0.49365234375 0.91943359375 2041098
0.10400390625 0.49365234375 0.91943359375 2041099
0.11279296875 0.48681640625 0.921875 2041200
0.11279296875 0.48681640625 0.921875 2041200
0.11279296875 0.48681640625 0.921875 2041200
0.11279296875 0.48681640625 0.921875 2041201
0.10546875 0.498046875 0.92919921875 2041303
0.10546875 0.498046875 0.92919921875 2041303
0.10546875 0.498046875 0.92919921875 2041303
0.10546875 0.498046875 0.92919921875 2041305
0.11865234375 0.4794921875 0.9091796875 2041405
0.11865234375 0.4794921875 0.9091796875 2041405
0.11865234375 0.4794921875 0.9091796875 2041405
0.11865234375 0.4794921875 0.9091796875 2041406
0.09814453125 0.50537109375 0.9296875 2041508
0.09814453125 0.50537109375 0.9296875 2041508
0.09814453125 0.50537109375 0.9296875 2041508
0.09814453125 0.50537109375 0.9296875 2041509
0.08642578125 0.50048828125 0.96826171875 2041698
0.08642578125 0.50048828125 0.96826171875 2041698
0.08642578125 0.50048828125 0.96826171875 2041698
0.08642578125 0.50048828125 0.96826171875 2041699
0.12158203125 0.4892578125 0.9208984375 2041800
0.12158203125 0.4892578125 0.9208984375 2041800
0.12158203125 0.4892578125 0.9208984375 2041801
0.12158203125 0.4892578125 0.9208984375 2041801
0.1162109375 0.49462890625 0.919921875 2041902
0.1162109375 0.49462890625 0.919921875 2041902
0.1162109375 0.49462890625 0.919921875 2041903
0.1162109375 0.49462890625 0.919921875 2041903
0.0908203125 0.48876953125 0.939453125 2042099
0.0908203125 0.48876953125 0.939453125 2042099
0.0908203125 0.48876953125 0.939453125 2042100
0.0908203125 0.48876953125 0.939453125 2042100
0.13037109375 0.47412109375 0.916015625 2042205
0.13037109375 0.47412109375 0.916015625 2042206
0.13037109375 0.47412109375 0.916015625 2042206
0.13037109375 0.47412109375 0.916015625 2042207
0.0986328125 0.49462890625 0.9677734375 2042408
0.0986328125 0.49462890625 0.9677734375 2042408
0.0986328125 0.49462890625 0.9677734375 2042408
0.0986328125 0.49462890625 0.9677734375 2042409
0.21044921875 0.48486328125 0.8828125 2042603
0.21044921875 0.48486328125 0.8828125 2042603
0.21044921875 0.48486328125 0.8828125 2042603
0.21044921875 0.48486328125 0.8828125 2042604
0.27587890625 0.49462890625 0.8642578125 2042705
0.27587890625 0.49462890625 0.8642578125 2042705
0.27587890625 0.49462890625 0.8642578125 2042706
0.27587890625 0.49462890625 0.8642578125 2042707
0.2919921875 0.48486328125 0.88330078125 2042811
0.2919921875 0.48486328125 0.88330078125 2042811
0.2919921875 0.48486328125 0.88330078125 2042812
0.2919921875 0.48486328125 0.88330078125 2042812
0.40625 0.48095703125 0.82958984375 2043001
0.40625 0.48095703125 0.82958984375 2043002
0.40625 0.48095703125 0.82958984375 2043002
0.40625 0.48095703125 0.82958984375 2043002
0.47998046875 0.482421875 0.7373046875 2043104
0.47998046875 0.482421875 0.7373046875 2043104
0.47998046875 0.482421875 0.7373046875 2043104
0.47998046875 0.482421875 0.7373046875 2043105
0.30224609375 0.43359375 0.86865234375 2043207
0.30224609375 0.43359375 0.86865234375 2043207
0.30224609375 0.43359375 0.86865234375 2043207
0.30224609375 0.43359375 0.86865234375 2043208
0.1533203125 0.3564453125 0.87353515625 2043309
0.1533203125 0.3564453125 0.87353515625 2043309
0.1533203125 0.3564453125 0.87353515625 2043309
0.1533203125 0.3564453125 0.87353515625 2043310
0.056640625 0.361328125 0.94970703125 2043498
0.056640625 0.361328125 0.94970703125 2043498
0.056640625 0.361328125 0.94970703125 2043498
0.056640625 0.361328125 0.94970703125 2043499
-0.0068359375 0.44091796875 0.90185546875 2043601
-0.0068359375 0.44091796875 0.90185546875 2043601
-0.0068359375 0.44091796875 0.90185546875 2043602
-0.0068359375 0.44091796875 0.90185546875 2043602
-0.11279296875 0.54296875 0.91845703125 2043703
-0.11279296875 0.54296875 0.91845703125 2043703
-0.11279296875 0.54296875 0.91845703125 2043703
-0.11279296875 0.54296875 0.91845703125 2043704
-0.09130859375 0.64697265625 0.9033203125 2043819
-0.09130859375 0.64697265625 0.9033203125 2043820
-0.09130859375 0.64697265625 0.9033203125 2043820
-0.09130859375 0.64697265625 0.9033203125 2043821
-0.1328125 0.69189453125 0.83740234375 2043987
-0.1328125 0.69189453125 0.83740234375 2043987
-0.1328125 0.69189453125 0.83740234375 2043987
-0.1328125 0.69189453125 0.83740234375 2043988
-0.08349609375 0.63232421875 0.76953125 2044098
-0.08349609375 0.63232421875 0.76953125 2044098
-0.08349609375 0.63232421875 0.76953125 2044099
-0.08349609375 0.63232421875 0.76953125 2044099
-0.09765625 0.68115234375 0.7724609375 2044201
-0.09765625 0.68115234375 0.7724609375 2044201
-0.09765625 0.68115234375 0.7724609375 2044201
-0.09765625 0.68115234375 0.7724609375 2044202
-0.138671875 0.7119140625 0.767578125 2044303
-0.138671875 0.7119140625 0.767578125 2044303
-0.138671875 0.7119140625 0.767578125 2044303
-0.138671875 0.7119140625 0.767578125 2044304
-0.0556640625 0.72412109375 0.7275390625 2044405
-0.0556640625 0.72412109375 0.7275390625 2044405
-0.0556640625 0.72412109375 0.7275390625 2044407
-0.0556640625 0.72412109375 0.7275390625 2044407
-0.04541015625 0.7529296875 0.7119140625 2044508
-0.04541015625 0.7529296875 0.7119140625 2044508
-0.04541015625 0.7529296875 0.7119140625 2044508
-0.04541015625 0.7529296875 0.7119140625 2044509
-0.052734375 0.69775390625 0.85205078125 2044698
-0.052734375 0.69775390625 0.85205078125 2044698
-0.052734375 0.69775390625 0.85205078125 2044698
-0.052734375 0.69775390625 0.85205078125 2044699
0.02978515625 0.58935546875 0.78759765625 2044818
0.02978515625 0.58935546875 0.78759765625 2044819
0.02978515625 0.58935546875 0.78759765625 2044819
0.02978515625 0.58935546875 0.78759765625 2044819
-0.01513671875 0.62451171875 0.8974609375 2045009
-0.01513671875 0.62451171875 0.8974609375 2045011
-0.01513671875 0.62451171875 0.8974609375 2045011
-0.01513671875 0.62451171875 0.8974609375 2045011
0.02490234375 0.607421875 0.91748046875 2045187
0.02490234375 0.607421875 0.91748046875 2045187
0.02490234375 0.607421875 0.91748046875 2045187
0.02490234375 0.607421875 0.91748046875 2045188
0.02978515625 0.5654296875 0.8994140625 2045297
0.02978515625 0.5654296875 0.8994140625 2045297
0.02978515625 0.5654296875 0.8994140625 2045297
0.02978515625 0.5654296875 0.8994140625 2045298
0.0419921875 0.5537109375 0.9189453125 2045400
0.0419921875 0.5537109375 0.9189453125 2045400
0.0419921875 0.5537109375 0.9189453125 2045400
0.0419921875 0.5537109375 0.9189453125 2045401
0.06640625 0.55517578125 0.91552734375 2045504
0.06640625 0.55517578125 0.91552734375 2045504
0.06640625 0.55517578125 0.91552734375 2045504
0.06640625 0.55517578125 0.91552734375 2045505
0.08837890625 0.52880859375 0.90576171875 2045606
0.08837890625 0.52880859375 0.90576171875 2045606
0.08837890625 0.52880859375 0.90576171875 2045606
0.08837890625 0.52880859375 0.90576171875 2045607
0.1083984375 0.51416015625 0.880859375 2045709
0.1083984375 0.51416015625 0.880859375 2045709
0.1083984375 0.51416015625 0.880859375 2045710
0.1083984375 0.51416015625 0.880859375 2045710
0.1240234375 0.51220703125 0.87744140625 2045899
0.1240234375 0.51220703125 0.87744140625 2045900
0.1240234375 0.51220703125 0.87744140625 2045901
0.1240234375 0.51220703125 0.87744140625 2045901
0.1103515625 0.49853515625 0.89111328125 2046000
0.1103515625 0.49853515625 0.89111328125 2046000
0.12841796875 0.53564453125 0.89111328125 2046104
0.12841796875 0.53564453125 0.89111328125 2046104
0.12841796875 0.53564453125 0.89111328125 2046105
0.0693359375 0.51416015625 0.95361328125 2046207
0.0693359375 0.51416015625 0.95361328125 2046207
0.0693359375 0.51416015625 0.95361328125 2046208
0.0693359375 0.51416015625 0.95361328125 2046208
0.14697265625 0.50537109375 0.8916015625 2046397
0.14697265625 0.50537109375 0.8916015625 2046397
0.14697265625 0.50537109375 0.8916015625 2046398
0.14697265625 0.50537109375 0.8916015625 2046398
0.11328125 0.509765625 0.92041015625 2046500
0.11328125 0.509765625 0.92041015625 2046500
0.11328125 0.509765625 0.92041015625 2046500
0.11328125 0.509765625 0.92041015625 2046509
0.13330078125 0.4853515625 0.90673828125 2046603
0.13330078125 0.4853515625 0.90673828125 2046603
0.12890625 0.4892578125 0.8935546875 2046707
0.12890625 0.4892578125 0.8935546875 2046707
0.12890625 0.4892578125 0.8935546875 2046707
0.12890625 0.4892578125 0.8935546875 2046707
0.216796875 0.50390625 0.8701171875 2046897
0.216796875 0.50390625 0.8701171875 2046897
0.216796875 0.50390625 0.8701171875 2046897
0.216796875 0.50390625 0.8701171875 2046898
0.2734375 0.4970703125 0.88134765625 2046999
0.2734375 0.4970703125 0.88134765625 2046999
0.2734375 0.4970703125 0.88134765625 2046999
0.2734375 0.4970703125 0.88134765625 2047000
0.3251953125 0.48193359375 0.83837890625 2047103
0.3251953125 0.48193359375 0.83837890625 2047103
0.3251953125 0.48193359375 0.83837890625 2047103
0.3251953125 0.48193359375 0.83837890625 2047104
0.34619140625 0.51416015625 0.85400390625 2047205
0.34619140625 0.51416015625 0.85400390625 2047205
0.34619140625 0.51416015625 0.85400390625 2047205
0.34619140625 0.51416015625 0.85400390625 2047206
0.35205078125 0.486328125 0.81787109375 2047308
0.35205078125 0.486328125 0.81787109375 2047308
0.35205078125 0.486328125 0.81787109375 2047308
0.35205078125 0.486328125 0.81787109375 2047309
0.0263671875 0.357421875 1.00048828125 2047497
0.0263671875 0.357421875 1.00048828125 2047497
0.0263671875 0.357421875 1.00048828125 2047498
0.0263671875 0.357421875 1.00048828125 2047498
0.02783203125 0.345703125 0.958984375 2047599
0.02783203125 0.345703125 0.958984375 2047599
0.02783203125 0.345703125 0.958984375 2047599
0.02783203125 0.345703125 0.958984375 2047600
0.07568359375 0.3447265625 0.9462890625 2047701
0.07568359375 0.3447265625 0.9462890625 2047701
0.07568359375 0.3447265625 0.9462890625 2047701
0.07568359375 0.3447265625 0.9462890625 2047702
-0.06689453125 0.6142578125 0.9130859375 2047897
-0.06689453125 0.6142578125 0.9130859375 2047897
-0.06689453125 0.6142578125 0.9130859375 2047897
-0.06689453125 0.6142578125 0.9130859375 2047898
-0.1513671875 0.81201171875 0.92041015625 2047999
-0.1513671875 0.81201171875 0.92041015625 2047999
-0.1513671875 0.81201171875 0.92041015625 2047999
-0.1513671875 0.81201171875 0.92041015625 2048000
-0.06884765625 0.70703125 0.779296875 2048102
-0.06884765625 0.70703125 0.779296875 2048102
-0.06884765625 0.70703125 0.779296875 2048102
-0.06884765625 0.70703125 0.779296875 2048103
-0.095703125 0.70751953125 0.81787109375 2048204
-0.095703125 0.70751953125 0.81787109375 2048204
-0.095703125 0.70751953125 0.81787109375 2048204
-0.095703125 0.70751953125 0.81787109375 2048205
-0.07177734375 0.6982421875 0.791015625 2048389
-0.07177734375 0.6982421875 0.791015625 2048389
-0.07177734375 0.6982421875 0.791015625 2048389
-0.07177734375 0.6982421875 0.791015625 2048390
-0.095703125 0.72705078125 0.7900390625 2048498
-0.095703125 0.72705078125 0.7900390625 2048498
-0.095703125 0.72705078125 0.7900390625 2048498
-0.095703125 0.72705078125 0.7900390625 2048499
-0.07080078125 0.70947265625 0.771484375 2048601
-0.07080078125 0.70947265625 0.771484375 2048601
-0.07080078125 0.70947265625 0.771484375 2048602
-0.07080078125 0.70947265625 0.771484375 2048602
-0.02294921875 0.716796875 0.73046875 2048703
-0.02294921875 0.716796875 0.73046875 2048703
-0.02294921875 0.716796875 0.73046875 2048703
-0.02294921875 0.716796875 0.73046875 2048704
-0.044921875 0.67236328125 0.85009765625 2048805
-0.044921875 0.67236328125 0.85009765625 2048805
-0.044921875 0.67236328125 0.85009765625 2048806
-0.044921875 0.67236328125 0.85009765625 2048806
-0.00244140625 0.61181640625 0.87939453125 2048907
-0.00244140625 0.61181640625 0.87939453125 2048907
-0.00244140625 0.61181640625 0.87939453125 2048907
-0.00244140625 0.61181640625 0.87939453125 2048908
-0.0224609375 0.55322265625 0.91796875 2049098
-0.0224609375 0.55322265625 0.91796875 2049098
-0.0224609375 0.55322265625 0.91796875 2049099
-0.0224609375 0.55322265625 0.91796875 2049099
-0.00537109375 0.54931640625 0.912109375 2049200
-0.00537109375 0.54931640625 0.912109375 2049200
-0.00537109375 0.54931640625 0.912109375 2049200
-0.00537109375 0.54931640625 0.912109375 2049201
0.005859375 0.55029296875 0.916015625 2049302
0.005859375 0.55029296875 0.916015625 2049302
0.005859375 0.55029296875 0.916015625 2049303
0.005859375 0.55029296875 0.916015625 2049303
0.015625 0.5546875 0.90380859375 2049405
0.015625 0.5546875 0.90380859375 2049405
0.015625 0.5546875 0.90380859375 2049405
0.015625 0.5546875 0.90380859375 2049406
0.04345703125 0.54345703125 0.89013671875 2049508
0.04345703125 0.54345703125 0.89013671875 2049508
0.04345703125 0.54345703125 0.89013671875 2049508
0.04345703125 0.54345703125 0.89013671875 2049509
0.0546875 0.552734375 0.9013671875 2049695
0.0546875 0.552734375 0.9013671875 2049695
0.0546875 0.552734375 0.9013671875 2049696
0.0546875 0.552734375 0.9013671875 2049696
0.0322265625 0.55908203125 0.92626953125 2049798
0.0322265625 0.55908203125 0.92626953125 2049798
0.0322265625 0.55908203125 0.92626953125 2049798
0.0322265625 0.55908203125 0.92626953125 2049799
0.09326171875 0.5517578125 0.9013671875 2049999
0.09326171875 0.5517578125 0.9013671875 2049999
0.09326171875 0.5517578125 0.9013671875 2049999
0.09326171875 0.5517578125 0.9013671875 2050000
0.080078125 0.5400390625 0.90234375 2050102
0.080078125 0.5400390625 0.90234375 2050102
0.080078125 0.5400390625 0.90234375 2050102
0.099609375 0.53955078125 0.88720703125 2050220
0.099609375 0.53955078125 0.88720703125 2050220
0.099609375 0.53955078125 0.88720703125 2050221
0.099609375 0.53955078125 0.88720703125 2050221
0.1015625 0.52685546875 0.9052734375 2050396
0.1015625 0.52685546875 0.9052734375 2050416
0.1015625 0.52685546875 0.9052734375 2050416
0.1015625 0.52685546875 0.9052734375 2050416
0.0947265625 0.5244140625 0.91552734375 2050499
0.1220703125 0.53173828125 0.91015625 2050602
0.1220703125 0.53173828125 0.91015625 2050602
0.1220703125 0.53173828125 0.91015625 2050602
0.12060546875 0.51416015625 0.91064453125 2050705
0.12060546875 0.51416015625 0.91064453125 2050705
0.12060546875 0.51416015625 0.91064453125 2050705
0.12060546875 0.51416015625 0.91064453125 2050706
0.1552734375 0.54736328125 0.87109375 2050895
0.1552734375 0.54736328125 0.87109375 2050895
0.1552734375 0.54736328125 0.87109375 2050895
0.1552734375 0.54736328125 0.87109375 2050896
0.1240234375 0.5126953125 0.91064453125 2050998
0.1240234375 0.5126953125 0.91064453125 2050998
0.1240234375 0.5126953125 0.91064453125 2050999
0.1240234375 0.5126953125 0.91064453125 2050999
0.1435546875 0.53662109375 0.8994140625 2051100
0.1435546875 0.53662109375 0.8994140625 2051100
0.1435546875 0.53662109375 0.8994140625 2051100
0.1435546875 0.53662109375 0.8994140625 2051101
0.1357421875 0.52685546875 0.89501953125 2051202
0.1357421875 0.52685546875 0.89501953125 2051210
0.1357421875 0.52685546875 0.89501953125 2051210
0.1357421875 0.52685546875 0.89501953125 2051210
0.1025390625 0.5224609375 0.91259765625 2051305
0.13134765625 0.52001953125 0.88525390625 2051383
0.13134765625 0.52001953125 0.88525390625 2051384
0.13134765625 0.52001953125 0.88525390625 2051384
0.1142578125 0.51806640625 0.91357421875 2051502
0.1142578125 0.51806640625 0.91357421875 2051503
0.1142578125 0.51806640625 0.91357421875 2051503
0.1142578125 0.51806640625 0.91357421875 2051503
0.1494140625 0.52197265625 0.86474609375 2051695
0.1494140625 0.52197265625 0.86474609375 2051695
0.1494140625 0.52197265625 0.86474609375 2051695
0.1494140625 0.52197265625 0.86474609375 2051696
0.1337890625 0.52294921875 0.89111328125 2051797
0.1337890625 0.52294921875 0.89111328125 2051797
0.1337890625 0.52294921875 0.89111328125 2051797
0.1337890625 0.52294921875 0.89111328125 2051798
0.1083984375 0.51904296875 0.90966796875 2051900
0.1083984375 0.51904296875 0.90966796875 2051900
0.1083984375 0.51904296875 0.90966796875 2051900
0.1083984375 0.51904296875 0.90966796875 2051901
0.14013671875 0.51025390625 0.90869140625 2052003
0.14013671875 0.51025390625 0.90869140625 2052003
0.14013671875 0.51025390625 0.90869140625 2052003
0.14013671875 0.51025390625 0.90869140625 2052004
0.15380859375 0.52490234375 0.90283203125 2052105
0.15380859375 0.52490234375 0.90283203125 2052105
0.15380859375 0.52490234375 0.90283203125 2052106
0.15380859375 0.52490234375 0.90283203125 2052106
0.17041015625 0.5185546875 0.91455078125 2052295
0.17041015625 0.5185546875 0.91455078125 2052295
0.17041015625 0.5185546875 0.91455078125 2052295
0.17041015625 0.5185546875 0.91455078125 2052296
0.21875 0.49951171875 0.8818359375 2052398
0.21875 0.49951171875 0.8818359375 2052398
0.21875 0.49951171875 0.8818359375 2052398
0.21875 0.49951171875 0.8818359375 2052399
0.20751953125 0.51806640625 0.9130859375 2052500
0.20751953125 0.51806640625 0.9130859375 2052500
0.20751953125 0.51806640625 0.9130859375 2052500
0.20751953125 0.51806640625 0.9130859375 2052501
0.24609375 0.49072265625 0.88525390625 2052603
0.24609375 0.49072265625 0.88525390625 2052603
0.24609375 0.49072265625 0.88525390625 2052604
0.24609375 0.49072265625 0.88525390625 2052604
0.34228515625 0.49951171875 0.8349609375 2052705
0.34228515625 0.49951171875 0.8349609375 2052705
0.34228515625 0.49951171875 0.8349609375 2052705
0.34228515625 0.49951171875 0.8349609375 2052706
0.3427734375 0.47216796875 0.8642578125 2052895
0.3427734375 0.47216796875 0.8642578125 2052896
0.3427734375 0.47216796875 0.8642578125 2052896
0.3427734375 0.47216796875 0.8642578125 2052896
0.26708984375 0.44091796875 0.8828125 2052998
0.26708984375 0.44091796875 0.8828125 2052998
0.26708984375 0.44091796875 0.8828125 2052999
0.26708984375 0.44091796875 0.8828125 2052999
0.01025390625 0.3173828125 1.029296875 2053101
0.01025390625 0.3173828125 1.029296875 2053101
0.01025390625 0.3173828125 1.029296875 2053101
0.01025390625 0.3173828125 1.029296875 2053102
-0.0263671875 0.36083984375 1.037109375 2053203
-0.0263671875 0.36083984375 1.037109375 2053203
-0.0263671875 0.36083984375 1.037109375 2053203
-0.0263671875 0.36083984375 1.037109375 2053204
0.0068359375 0.31787109375 0.95458984375 2053305
0.0068359375 0.31787109375 0.95458984375 2053305
0.0068359375 0.31787109375 0.95458984375 2053306
0.0068359375 0.31787109375 0.95458984375 2053306
0.13623046875 0.36181640625 0.81689453125 2053497
0.13623046875 0.36181640625 0.81689453125 2053497
0.13623046875 0.36181640625 0.81689453125 2053497
0.13623046875 0.36181640625 0.81689453125 2053498
-0.021484375 0.5224609375 0.9130859375 2053599
-0.021484375 0.5224609375 0.9130859375 2053599
-0.021484375 0.5224609375 0.9130859375 2053600
-0.021484375 0.5224609375 0.9130859375 2053600
-0.06787109375 0.6787109375 0.89453125 2053702
-0.06787109375 0.6787109375 0.89453125 2053702
-0.06787109375 0.6787109375 0.89453125 2053703
-0.06787109375 0.6787109375 0.89453125 2053703
0.0869140625 0.859375 0.72705078125 2053804
0.0869140625 0.859375 0.72705078125 2053804
0.0869140625 0.859375 0.72705078125 2053804
0.0869140625 0.859375 0.72705078125 2053805
-0.0341796875 0.78173828125 0.77685546875 2053907
-0.0341796875 0.78173828125 0.77685546875 2053907
-0.0341796875 0.78173828125 0.77685546875 2053907
-0.0341796875 0.78173828125 0.77685546875 2053908
0.03271484375 0.7734375 0.6982421875 2054097
0.03271484375 0.7734375 0.6982421875 2054097
0.03271484375 0.7734375 0.6982421875 2054097
0.03271484375 0.7734375 0.6982421875 2054098
0.02392578125 0.76416015625 0.71142578125 2054200
0.02392578125 0.76416015625 0.71142578125 2054200
0.02392578125 0.76416015625 0.71142578125 2054200
0.02392578125 0.76416015625 0.71142578125 2054201
0.0029296875 0.77392578125 0.693359375 2054303
0.0029296875 0.77392578125 0.693359375 2054303
0.0029296875 0.77392578125 0.693359375 2054303
0.0029296875 0.77392578125 0.693359375 2054304
-0.01806640625 0.75244140625 0.724609375 2054405
-0.01806640625 0.75244140625 0.724609375 2054405
-0.01806640625 0.75244140625 0.724609375 2054405
-0.01806640625 0.75244140625 0.724609375 2054406
-0.02685546875 0.61181640625 0.86865234375 2054597
-0.02685546875 0.61181640625 0.86865234375 2054597
-0.02685546875 0.61181640625 0.86865234375 2054597
-0.02685546875 0.61181640625 0.86865234375 2054598
-0.015625 0.57177734375 0.87646484375 2054701
-0.015625 0.57177734375 0.87646484375 2054701
-0.015625 0.57177734375 0.87646484375 2054702
-0.015625 0.57177734375 0.87646484375 2054702
-0.00732421875 0.56640625 0.89892578125 2054888
-0.00732421875 0.56640625 0.89892578125 2054888
-0.00732421875 0.56640625 0.89892578125 2054888
-0.00732421875 0.56640625 0.89892578125 2054889
0.0341796875 0.5537109375 0.8642578125 2054992
0.0341796875 0.5537109375 0.8642578125 2054992
0.0341796875 0.5537109375 0.8642578125 2054993
0.0341796875 0.5537109375 0.8642578125 2054993
-0.0126953125 0.57568359375 0.91748046875 2055094
-0.0126953125 0.57568359375 0.91748046875 2055094
-0.0126953125 0.57568359375 0.91748046875 2055095
-0.0126953125 0.57568359375 0.91748046875 2055095
-0.00048828125 0.54150390625 0.892578125 2055196
-0.00048828125 0.54150390625 0.892578125 2055197
-0.00048828125 0.54150390625 0.892578125 2055197
-0.00048828125 0.54150390625 0.892578125 2055197
0.0439453125 0.5517578125 0.8740234375 2055298
0.0439453125 0.5517578125 0.8740234375 2055298
0.0439453125 0.5517578125 0.8740234375 2055298
0.0439453125 0.5517578125 0.8740234375 2055299
-0.001953125 0.57958984375 0.9326171875 2055403
-0.001953125 0.57958984375 0.9326171875 2055403
-0.001953125 0.57958984375 0.9326171875 2055403
-0.001953125 0.57958984375 0.9326171875 2055404
0.03515625 0.56396484375 0.88916015625 2055505
0.03515625 0.56396484375 0.88916015625 2055505
0.03515625 0.56396484375 0.88916015625 2055505
0.03515625 0.56396484375 0.88916015625 2055506
0.0400390625 0.5751953125 0.9150390625 2055694
0.0400390625 0.5751953125 0.9150390625 2055694
0.0400390625 0.5751953125 0.9150390625 2055694
0.0400390625 0.5751953125 0.9150390625 2055695
0.05615234375 0.552734375 0.90673828125 2055798
0.05615234375 0.552734375 0.90673828125 2055798
0.05615234375 0.552734375 0.90673828125 2055798
0.05615234375 0.552734375 0.90673828125 2055799
0.0849609375 0.541015625 0.87841796875 2055900
0.0849609375 0.541015625 0.87841796875 2055900
0.0849609375 0.541015625 0.87841796875 2055900
0.083984375 0.5546875 0.89892578125 2056003
0.083984375 0.5546875 0.89892578125 2056003
0.083984375 0.5546875 0.89892578125 2056003
0.083984375 0.5546875 0.89892578125 2056004
0.10693359375 0.53173828125 0.88037109375 2056198
0.10693359375 0.53173828125 0.88037109375 2056198
0.10693359375 0.53173828125 0.88037109375 2056199
0.10693359375 0.53173828125 0.88037109375 2056199
0.06201171875 0.56884765625 0.93310546875 2056300
0.06201171875 0.56884765625 0.93310546875 2056300
0.06201171875 0.56884765625 0.93310546875 2056300
0.06201171875 0.56884765625 0.93310546875 2056301
0.10302734375 0.5361328125 0.880859375 2056402
0.10302734375 0.5361328125 0.880859375 2056402
0.10302734375 0.5361328125 0.880859375 2056402
0.10302734375 0.5361328125 0.880859375 2056403
0.08544921875 0.5390625 0.8994140625 2056505
0.08544921875 0.5390625 0.8994140625 2056505
0.08544921875 0.5390625 0.8994140625 2056506
0.08544921875 0.5390625 0.8994140625 2056506
0.0732421875 0.54296875 0.9033203125 2056695
0.0732421875 0.54296875 0.9033203125 2056695
0.0732421875 0.54296875 0.9033203125 2056695
0.0732421875 0.54296875 0.9033203125 2056696
0.1005859375 0.5341796875 0.88037109375 2056797
0.1005859375 0.5341796875 0.88037109375 2056797
0.1005859375 0.5341796875 0.88037109375 2056797
0.1005859375 0.5341796875 0.88037109375 2056798
0.0869140625 0.5380859375 0.89990234375 2056900
0.0869140625 0.5380859375 0.89990234375 2056900
0.0869140625 0.5380859375 0.89990234375 2056900
0.0869140625 0.5380859375 0.89990234375 2056901
0.1005859375 0.5478515625 0.8857421875 2057012
0.1005859375 0.5478515625 0.8857421875 2057012
0.1005859375 0.5478515625 0.8857421875 2057013
0.1005859375 0.5478515625 0.8857421875 2057013
0.1328125 0.5244140625 0.83935546875 2057182
0.1328125 0.5244140625 0.83935546875 2057182
0.1328125 0.5244140625 0.83935546875 2057182
0.1328125 0.5244140625 0.83935546875 2057183
0.142578125 0.52392578125 0.86376953125 2057294
0.142578125 0.52392578125 0.86376953125 2057294
0.142578125 0.52392578125 0.86376953125 2057294
0.142578125 0.52392578125 0.86376953125 2057295
0.076171875 0.5302734375 0.92578125 2057396
0.076171875 0.5302734375 0.92578125 2057396
0.076171875 0.5302734375 0.92578125 2057396
0.076171875 0.5302734375 0.92578125 2057397
0.08837890625 0.5224609375 0.9091796875 2057499
0.08837890625 0.5224609375 0.9091796875 2057499
0.08837890625 0.5224609375 0.9091796875 2057500
0.08837890625 0.5224609375 0.9091796875 2057500
0.1162109375 0.517578125 0.88232421875 2057607
0.1162109375 0.517578125 0.88232421875 2057607
0.1162109375 0.517578125 0.88232421875 2057608
0.1162109375 0.517578125 0.88232421875 2057608
0.20751953125 0.52490234375 0.88916015625 2057782
0.20751953125 0.52490234375 0.88916015625 2057782
0.20751953125 0.52490234375 0.88916015625 2057783
0.20751953125 0.52490234375 0.88916015625 2057783
0.232421875 0.46337890625 0.90283203125 2057902
0.232421875 0.46337890625 0.90283203125 2057902
0.232421875 0.46337890625 0.90283203125 2057902
0.232421875 0.46337890625 0.90283203125 2057903
0.34619140625 0.5078125 0.85693359375 2058092
0.34619140625 0.5078125 0.85693359375 2058092
0.34619140625 0.5078125 0.85693359375 2058092
0.34619140625 0.5078125 0.85693359375 2058093
0.37890625 0.4736328125 0.8388671875 2058194
0.37890625 0.4736328125 0.8388671875 2058194
0.37890625 0.4736328125 0.8388671875 2058194
0.37890625 0.4736328125 0.8388671875 2058195
0.431640625 0.49560546875 0.7958984375 2058309
0.431640625 0.49560546875 0.7958984375 2058310
0.431640625 0.49560546875 0.7958984375 2058310
0.431640625 0.49560546875 0.7958984375 2058310
0.11376953125 0.38330078125 0.953125 2058636
0.11376953125 0.38330078125 0.953125 2058637
0.11376953125 0.38330078125 0.953125 2058637
0.11376953125 0.38330078125 0.953125 2058637
0.01806640625 0.43212890625 0.92236328125 2058796
0.01806640625 0.43212890625 0.92236328125 2058796
0.01806640625 0.43212890625 0.92236328125 2058796
0.01806640625 0.43212890625 0.92236328125 2058797
-0.01123046875 0.58251953125 0.828125 2058900
-0.01123046875 0.58251953125 0.828125 2058900
-0.01123046875 0.58251953125 0.828125 2058901
-0.01123046875 0.58251953125 0.828125 2058901
0.0458984375 0.64013671875 0.7998046875 2059002
0.0458984375 0.64013671875 0.7998046875 2059002
0.0458984375 0.64013671875 0.7998046875 2059002
0.0458984375 0.64013671875 0.7998046875 2059003
-0.04931640625 0.71728515625 0.84326171875 2059105
-0.04931640625 0.71728515625 0.84326171875 2059105
-0.04931640625 0.71728515625 0.84326171875 2059106
-0.04931640625 0.71728515625 0.84326171875 2059106
-0.04345703125 0.75 0.81396484375 2059294
-0.04345703125 0.75 0.81396484375 2059294
-0.04345703125 0.75 0.81396484375 2059294
-0.04345703125 0.75 0.81396484375 2059295
-0.0244140625 0.74658203125 0.77783203125 2059396
-0.0244140625 0.74658203125 0.77783203125 2059396
-0.0244140625 0.74658203125 0.77783203125 2059397
-0.0244140625 0.74658203125 0.77783203125 2059397
-0.005859375 0.72900390625 0.73095703125 2059499
-0.005859375 0.72900390625 0.73095703125 2059499
-0.005859375 0.72900390625 0.73095703125 2059499
-0.01953125 0.75732421875 0.7353515625 2059603
-0.01953125 0.75732421875 0.7353515625 2059603
-0.01953125 0.75732421875 0.7353515625 2059604
-0.01953125 0.75732421875 0.7353515625 2059604
-0.0322265625 0.72802734375 0.7685546875 2059705
-0.0322265625 0.72802734375 0.7685546875 2059705
-0.0322265625 0.72802734375 0.7685546875 2059706
-0.0322265625 0.72802734375 0.7685546875 2059706
-0.03125 0.62744140625 0.865234375 2059884
-0.03125 0.62744140625 0.865234375 2059893
-0.03125 0.62744140625 0.865234375 2059893
-0.03125 0.62744140625 0.865234375 2059894
-0.0244140625 0.6005859375 0.86669921875 2059996
-0.0244140625 0.6005859375 0.86669921875 2059996
-0.0244140625 0.6005859375 0.86669921875 2059996
-0.0244140625 0.6005859375 0.86669921875 2059997
-0.0244140625 0.5830078125 0.88232421875 2060099
-0.0244140625 0.5830078125 0.88232421875 2060099
-0.0244140625 0.5830078125 0.88232421875 2060099
0.00244140625 0.57177734375 0.86083984375 2060228
0.00244140625 0.57177734375 0.86083984375 2060228
0.00244140625 0.57177734375 0.86083984375 2060228
0.00244140625 0.57177734375 0.86083984375 2060229
-0.01611328125 0.583984375 0.90673828125 2060395
-0.01611328125 0.583984375 0.90673828125 2060395
-0.01611328125 0.583984375 0.90673828125 2060395
-0.01611328125 0.583984375 0.90673828125 2060396
-0.00048828125 0.60888671875 0.8818359375 2060497
-0.00048828125 0.60888671875 0.8818359375 2060497
-0.00048828125 0.60888671875 0.8818359375 2060497
-0.00048828125 0.60888671875 0.8818359375 2060498
0.05078125 0.5703125 0.84423828125 2060600
0.05078125 0.5703125 0.84423828125 2060600
0.05078125 0.5703125 0.84423828125 2060601
0.05078125 0.5703125 0.84423828125 2060601
0.03173828125 0.57177734375 0.88525390625 2060703
0.03173828125 0.57177734375 0.88525390625 2060703
0.03173828125 0.57177734375 0.88525390625 2060703
0.03173828125 0.57177734375 0.88525390625 2060704
0.03173828125 0.55419921875 0.88427734375 2060805
0.03173828125 0.55419921875 0.88427734375 2060805
0.03173828125 0.55419921875 0.88427734375 2060806
0.03173828125 0.55419921875 0.88427734375 2060806
0.03173828125 0.5888671875 0.9140625 2060995
0.03173828125 0.5888671875 0.9140625 2060995
0.03173828125 0.5888671875 0.9140625 2060995
0.03173828125 0.5888671875 0.9140625 2060996
0.0244140625 0.5703125 0.916015625 2061101
0.0244140625 0.5703125 0.916015625 2061101
0.0244140625 0.5703125 0.916015625 2061102
0.0244140625 0.5703125 0.916015625 2061102
0.07958984375 0.56396484375 0.873046875 2061290
0.07958984375 0.56396484375 0.873046875 2061290
0.07958984375 0.56396484375 0.873046875 2061290
0.07958984375 0.56396484375 0.873046875 2061291
0.05419921875 0.56640625 0.90234375 2061393
0.05419921875 0.56640625 0.90234375 2061393
0.05419921875 0.56640625 0.90234375 2061394
0.05419921875 0.56640625 0.90234375 2061394
0.0673828125 0.56494140625 0.9033203125 2061495
0.0673828125 0.56494140625 0.9033203125 2061495
0.0673828125 0.56494140625 0.9033203125 2061495
0.0673828125 0.56494140625 0.9033203125 2061496
0.0654296875 0.60546875 0.91357421875 2061597
0.0654296875 0.60546875 0.91357421875 2061597
0.0654296875 0.60546875 0.91357421875 2061598
0.0654296875 0.60546875 0.91357421875 2061598
0.078125 0.56396484375 0.908203125 2061701
0.078125 0.56396484375 0.908203125 2061701
0.078125 0.56396484375 0.908203125 2061701
0.078125 0.56396484375 0.908203125 2061702
0.0849609375 0.55712890625 0.90185546875 2061809
0.0849609375 0.55712890625 0.90185546875 2061809
0.0849609375 0.55712890625 0.90185546875 2061810
0.0849609375 0.55712890625 0.90185546875 2061810
0.1142578125 0.52783203125 0.8818359375 2061993
0.1142578125 0.52783203125 0.8818359375 2061993
0.1142578125 0.52783203125 0.8818359375 2061993
0.1142578125 0.52783203125 0.8818359375 2061994
0.1240234375 0.55029296875 0.87744140625 2062097
0.1240234375 0.55029296875 0.87744140625 2062097
0.1240234375 0.55029296875 0.87744140625 2062097
0.1240234375 0.55029296875 0.87744140625 2062098
0.11376953125 0.54248046875 0.89599609375 2062199
0.11376953125 0.54248046875 0.89599609375 2062199
0.11376953125 0.54248046875 0.89599609375 2062199
0.11376953125 0.54248046875 0.89599609375 2062200
0.09619140625 0.57568359375 0.91064453125 2062301
0.09619140625 0.57568359375 0.91064453125 2062301
0.09619140625 0.57568359375 0.91064453125 2062301
0.09619140625 0.57568359375 0.91064453125 2062302
0.12109375 0.541015625 0.87744140625 2062403
0.12109375 0.541015625 0.87744140625 2062403
0.12109375 0.541015625 0.87744140625 2062403
0.12109375 0.541015625 0.87744140625 2062404
0.1044921875 0.5732421875 0.89453125 2062595
0.1044921875 0.5732421875 0.89453125 2062597
0.1044921875 0.5732421875 0.89453125 2062597
0.1044921875 0.5732421875 0.89453125 2062598
0.1123046875 0.54248046875 0.9130859375 2062697
0.1123046875 0.54248046875 0.9130859375 2062697
0.1123046875 0.54248046875 0.9130859375 2062698
0.1123046875 0.54248046875 0.9130859375 2062698
0.1435546875 0.54443359375 0.8681640625 2062800
0.1435546875 0.54443359375 0.8681640625 2062800
0.1435546875 0.54443359375 0.8681640625 2062800
0.1435546875 0.54443359375 0.8681640625 2062801
0.1279296875 0.5498046875 0.87158203125 2062903
0.1279296875 0.5498046875 0.87158203125 2062903
0.1279296875 0.5498046875 0.87158203125 2062904
0.1279296875 0.5498046875 0.87158203125 2062904
0.087890625 0.548828125 0.92041015625 2063093
0.087890625 0.548828125 0.92041015625 2063093
0.087890625 0.548828125 0.92041015625 2063093
0.087890625 0.548828125 0.92041015625 2063094
0.15966796875 0.52197265625 0.8466796875 2063196
0.15966796875 0.52197265625 0.8466796875 2063196
0.15966796875 0.52197265625 0.8466796875 2063196
0.15966796875 0.52197265625 0.8466796875 2063197
0.10205078125 0.56005859375 0.9296875 2063299
0.10205078125 0.56005859375 0.9296875 2063299
0.10205078125 0.56005859375 0.9296875 2063299
0.10205078125 0.56005859375 0.9296875 2063300
0.0830078125 0.53857421875 0.92333984375 2063401
0.0830078125 0.53857421875 0.92333984375 2063401
0.0830078125 0.53857421875 0.92333984375 2063401
0.0830078125 0.53857421875 0.92333984375 2063402
0.10986328125 0.52978515625 0.91357421875 2063503
0.10986328125 0.52978515625 0.91357421875 2063503
0.10986328125 0.52978515625 0.91357421875 2063504
0.10986328125 0.52978515625 0.91357421875 2063504
0.10546875 0.55078125 0.921875 2063691
0.10546875 0.55078125 0.921875 2063691
0.10546875 0.55078125 0.921875 2063691
0.10546875 0.55078125 0.921875 2063692
0.16552734375 0.5107421875 0.86181640625 2063793
0.16552734375 0.5107421875 0.86181640625 2063793
0.16552734375 0.5107421875 0.86181640625 2063794
0.16552734375 0.5107421875 0.86181640625 2063794
0.10791015625 0.56640625 0.93701171875 2063896
0.10791015625 0.56640625 0.93701171875 2063896
0.10791015625 0.56640625 0.93701171875 2063896
0.10791015625 0.56640625 0.93701171875 2063897
0.10546875 0.51123046875 0.92919921875 2063999
0.10546875 0.51123046875 0.92919921875 2063999
0.10546875 0.51123046875 0.92919921875 2063999
0.10546875 0.51123046875 0.92919921875 2064000
0.1845703125 0.5166015625 0.88330078125 2064101
0.1845703125 0.5166015625 0.88330078125 2064101
0.1845703125 0.5166015625 0.88330078125 2064101
0.1845703125 0.5166015625 0.88330078125 2064102
0.1669921875 0.50732421875 0.8916015625 2064203
0.1669921875 0.50732421875 0.8916015625 2064203
0.1669921875 0.50732421875 0.8916015625 2064203
0.1669921875 0.50732421875 0.8916015625 2064204
0.34814453125 0.49072265625 0.7919921875 2064389
0.34814453125 0.49072265625 0.7919921875 2064389
0.34814453125 0.49072265625 0.7919921875 2064390
0.34814453125 0.49072265625 0.7919921875 2064390
0.2744140625 0.470703125 0.85791015625 2064490
0.2744140625 0.470703125 0.85791015625 2064490
0.2744140625 0.470703125 0.85791015625 2064490
0.2744140625 0.470703125 0.85791015625 2064491
0.18310546875 0.42724609375 0.88037109375 2064592
0.18310546875 0.42724609375 0.88037109375 2064592
0.18310546875 0.42724609375 0.88037109375 2064593
0.18310546875 0.42724609375 0.88037109375 2064593
0.0146484375 0.3720703125 1.0224609375 2064694
0.0146484375 0.3720703125 1.0224609375 2064694
0.0146484375 0.3720703125 1.0224609375 2064695
0.0146484375 0.3720703125 1.0224609375 2064695
0.01416015625 0.3486328125 0.99609375 2064798
0.01416015625 0.3486328125 0.99609375 2064798
0.01416015625 0.3486328125 0.99609375 2064798
0.05078125 0.37939453125 0.95849609375 2064894
0.07373046875 0.39990234375 0.90185546875 2064982
0.07373046875 0.39990234375 0.90185546875 2064982
0.07373046875 0.39990234375 0.90185546875 2064983
0.125 0.38037109375 0.853515625 2065094
0.125 0.38037109375 0.853515625 2065094
0.125 0.38037109375 0.853515625 2065095
0.125 0.38037109375 0.853515625 2065095
0.00927734375 0.47607421875 0.81103515625 2065196
0.00927734375 0.47607421875 0.81103515625 2065196
0.00927734375 0.47607421875 0.81103515625 2065196
0.00927734375 0.47607421875 0.81103515625 2065197
-0.08642578125 0.6826171875 0.966796875 2065298
-0.08642578125 0.6826171875 0.966796875 2065298
-0.08642578125 0.6826171875 0.966796875 2065299
-0.08642578125 0.6826171875 0.966796875 2065299
-0.12353515625 0.765625 0.91748046875 2065401
-0.12353515625 0.765625 0.91748046875 2065401
-0.12353515625 0.765625 0.91748046875 2065401
-0.12353515625 0.765625 0.91748046875 2065402
-0.03759765625 0.73291015625 0.759765625 2065595
-0.03759765625 0.73291015625 0.759765625 2065595
-0.03759765625 0.73291015625 0.759765625 2065597
-0.03759765625 0.73291015625 0.759765625 2065597
-0.05615234375 0.74658203125 0.75244140625 2065697
-0.05615234375 0.74658203125 0.75244140625 2065697
-0.05615234375 0.74658203125 0.75244140625 2065698
-0.046875 0.74560546875 0.7548828125 2065801
-0.046875 0.74560546875 0.7548828125 2065801
-0.046875 0.74560546875 0.7548828125 2065801
-0.046875 0.74560546875 0.7548828125 2065802
-0.03271484375 0.7314453125 0.7265625 2065995
-0.03271484375 0.7314453125 0.7265625 2065995
-0.03271484375 0.7314453125 0.7265625 2065995
-0.03271484375 0.7314453125 0.7265625 2065996
-0.05908203125 0.74169921875 0.73486328125 2066097
-0.05908203125 0.74169921875 0.73486328125 2066097
-0.05908203125 0.74169921875 0.73486328125 2066097
-0.05908203125 0.74169921875 0.73486328125 2066098
-0.02490234375 0.78271484375 0.736328125 2066199
-0.02490234375 0.78271484375 0.736328125 2066199
-0.02490234375 0.78271484375 0.736328125 2066199
-0.02490234375 0.78271484375 0.736328125 2066200
-0.115234375 0.69580078125 0.84423828125 2066394
-0.115234375 0.69580078125 0.84423828125 2066394
-0.115234375 0.69580078125 0.84423828125 2066394
-0.115234375 0.69580078125 0.84423828125 2066395
-0.0966796875 0.63818359375 0.8447265625 2066496
-0.0966796875 0.63818359375 0.8447265625 2066496
-0.0966796875 0.63818359375 0.8447265625 2066496
-0.0966796875 0.63818359375 0.8447265625 2066497
-0.07373046875 0.59423828125 0.8515625 2066599
-0.07373046875 0.59423828125 0.8515625 2066599
-0.07373046875 0.59423828125 0.8515625 2066600
-0.07373046875 0.59423828125 0.8515625 2066600
-0.080078125 0.5751953125 0.89013671875 2066704
-0.080078125 0.5751953125 0.89013671875 2066705
-0.080078125 0.5751953125 0.89013671875 2066705
-0.080078125 0.5751953125 0.89013671875 2066705
0.00048828125 0.55419921875 0.875 2066891
0.00048828125 0.55419921875 0.875 2066891
0.00048828125 0.55419921875 0.875 2066891
0.00048828125 0.55419921875 0.875 2066892
-0.02099609375 0.546875 0.90087890625 2066994
-0.02099609375 0.546875 0.90087890625 2066994
-0.02099609375 0.546875 0.90087890625 2066995
-0.02099609375 0.546875 0.90087890625 2066995
0.0224609375 0.5556640625 0.91943359375 2067096
0.0224609375 0.5556640625 0.91943359375 2067096
0.0224609375 0.5556640625 0.91943359375 2067096
0.0224609375 0.5556640625 0.91943359375 2067097
0.025390625 0.48291015625 0.8779296875 2067199
0.025390625 0.48291015625 0.8779296875 2067199
0.025390625 0.48291015625 0.8779296875 2067199
0.025390625 0.48291015625 0.8779296875 2067200
0.02490234375 0.5078125 0.93310546875 2067301
0.02490234375 0.5078125 0.93310546875 2067301
0.02490234375 0.5078125 0.93310546875 2067301
0.02490234375 0.5078125 0.93310546875 2067302
0.0556640625 0.5 0.9013671875 2067503
0.0556640625 0.5 0.9013671875 2067503
0.0556640625 0.5 0.9013671875 2067504
0.0556640625 0.5 0.9013671875 2067504
0.0458984375 0.5263671875 0.92724609375 2067691
0.0458984375 0.5263671875 0.92724609375 2067691
0.0458984375 0.5263671875 0.92724609375 2067691
0.0458984375 0.5263671875 0.92724609375 2067692
0.0693359375 0.5146484375 0.93359375 2067794
0.0693359375 0.5146484375 0.93359375 2067794
0.0693359375 0.5146484375 0.93359375 2067794
0.0693359375 0.5146484375 0.93359375 2067795
0.05126953125 0.533203125 0.9755859375 2067896
0.05126953125 0.533203125 0.9755859375 2067896
0.05126953125 0.533203125 0.9755859375 2067897
0.05126953125 0.533203125 0.9755859375 2067897
0.10791015625 0.5078125 0.90869140625 2067998
0.10791015625 0.5078125 0.90869140625 2067998
0.10791015625 0.5078125 0.90869140625 2067998
0.10791015625 0.5078125 0.90869140625 2067999
0.1162109375 0.50634765625 0.91845703125 2068109
0.1162109375 0.50634765625 0.91845703125 2068109
0.1162109375 0.50634765625 0.91845703125 2068110
0.1162109375 0.50634765625 0.91845703125 2068110
0.15625 0.48974609375 0.8828125 2068291
0.15625 0.48974609375 0.8828125 2068291
0.15625 0.48974609375 0.8828125 2068292
0.15625 0.48974609375 0.8828125 2068292
0.1123046875 0.50537109375 0.9091796875 2068393
0.1123046875 0.50537109375 0.9091796875 2068393
0.1123046875 0.50537109375 0.9091796875 2068393
0.1123046875 0.50537109375 0.9091796875 2068394
0.13525390625 0.51904296875 0.892578125 2068497
0.13525390625 0.51904296875 0.892578125 2068497
0.13525390625 0.51904296875 0.892578125 2068497
0.13525390625 0.51904296875 0.892578125 2068498
0.1015625 0.521484375 0.93701171875 2068599
0.1015625 0.521484375 0.93701171875 2068599
0.1015625 0.521484375 0.93701171875 2068599
0.1015625 0.521484375 0.93701171875 2068600
0.13427734375 0.5107421875 0.90478515625 2068701
0.13427734375 0.5107421875 0.90478515625 2068701
0.13427734375 0.5107421875 0.90478515625 2068701
0.13427734375 0.5107421875 0.90478515625 2068702
0.1298828125 0.513671875 0.92431640625 2068893
0.1298828125 0.513671875 0.92431640625 2068893
0.1298828125 0.513671875 0.92431640625 2068894
0.1298828125 0.513671875 0.92431640625 2068894
0.15673828125 0.490234375 0.869140625 2068998
0.15673828125 0.490234375 0.869140625 2068998
0.15673828125 0.490234375 0.869140625 2068998
0.15673828125 0.490234375 0.869140625 2068999
0.12353515625 0.49560546875 0.91748046875 2069813
0.12353515625 0.49560546875 0.91748046875 2069814
0.12353515625 0.49560546875 0.91748046875 2069814
0.12353515625 0.49560546875 0.91748046875 2069815
0.34814453125 0.4404296875 0.8173828125 2069916
0.34814453125 0.4404296875 0.8173828125 2069917
0.34814453125 0.4404296875 0.8173828125 2069917
0.34814453125 0.4404296875 0.8173828125 2069918
0.185546875 0.45458984375 0.9580078125 2070107
0.185546875 0.45458984375 0.9580078125 2070107
0.185546875 0.45458984375 0.9580078125 2070107
0.185546875 0.45458984375 0.9580078125 2070108
-0.001953125 0.333984375 0.98974609375 2070297
-0.001953125 0.333984375 0.98974609375 2070297
-0.001953125 0.333984375 0.98974609375 2070297
-0.001953125 0.333984375 0.98974609375 2070298
0.01611328125 0.31201171875 0.96728515625 2070400
0.01611328125 0.31201171875 0.96728515625 2070400
0.01611328125 0.31201171875 0.96728515625 2070400
0.01611328125 0.31201171875 0.96728515625 2070401
-0.0029296875 0.37939453125 0.982421875 2070592
-0.0029296875 0.37939453125 0.982421875 2070592
-0.0029296875 0.37939453125 0.982421875 2070592
-0.0029296875 0.37939453125 0.982421875 2070593
-0.09326171875 0.5537109375 0.9150390625 2070701
-0.09326171875 0.5537109375 0.9150390625 2070702
-0.09326171875 0.5537109375 0.9150390625 2070702
-0.09326171875 0.5537109375 0.9150390625 2070703
-0.046875 0.82177734375 0.75390625 2070891
-0.046875 0.82177734375 0.75390625 2070891
-0.046875 0.82177734375 0.75390625 2070891
-0.046875 0.82177734375 0.75390625 2070892
-0.0791015625 0.740234375 0.78076171875 2070993
-0.0791015625 0.740234375 0.78076171875 2070993
-0.0791015625 0.740234375 0.78076171875 2070993
-0.0791015625 0.740234375 0.78076171875 2070994
-0.09423828125 0.74609375 0.77880859375 2071097
-0.09423828125 0.74609375 0.77880859375 2071097
-0.09423828125 0.74609375 0.77880859375 2071097
-0.05029296875 0.73291015625 0.7265625 2071200
-0.05029296875 0.73291015625 0.7265625 2071200
-0.05029296875 0.73291015625 0.7265625 2071201
-0.05029296875 0.73291015625 0.7265625 2071201
-0.07958984375 0.81787109375 0.74560546875 2071392
-0.07958984375 0.81787109375 0.74560546875 2071392
-0.07958984375 0.81787109375 0.74560546875 2071392
-0.07958984375 0.81787109375 0.74560546875 2071393
-0.06201171875 0.6552734375 0.7861328125 2071495
-0.06201171875 0.6552734375 0.7861328125 2071495
-0.06201171875 0.6552734375 0.7861328125 2071495
-0.06201171875 0.6552734375 0.7861328125 2071496
-0.07421875 0.63720703125 0.88916015625 2071599
-0.07421875 0.63720703125 0.88916015625 2071599
-0.07421875 0.63720703125 0.88916015625 2071600
-0.07421875 0.63720703125 0.88916015625 2071600
-0.04248046875 0.6142578125 0.90185546875 2071700
-0.04248046875 0.6142578125 0.90185546875 2071700
-0.04248046875 0.6142578125 0.90185546875 2071700
-0.04248046875 0.6142578125 0.90185546875 2071701
-0.01953125 0.5732421875 0.89306640625 2071891
-0.01953125 0.5732421875 0.89306640625 2071891
-0.01953125 0.5732421875 0.89306640625 2071892
-0.01953125 0.5732421875 0.89306640625 2071892
0.00634765625 0.56982421875 0.88330078125 2071993
0.00634765625 0.56982421875 0.88330078125 2071993
0.00634765625 0.56982421875 0.88330078125 2071993
0.00634765625 0.56982421875 0.88330078125 2071994
0.00830078125 0.56640625 0.90625 2072096
0.00830078125 0.56640625 0.90625 2072096
0.00830078125 0.56640625 0.90625 2072096
0.00830078125 0.56640625 0.90625 2072097
0.03466796875 0.5537109375 0.884765625 2072198
0.03466796875 0.5537109375 0.884765625 2072262
0.03466796875 0.5537109375 0.884765625 2072262
0.03466796875 0.5537109375 0.884765625 2072262
0.03466796875 0.5673828125 0.90234375 2072301
0.0361328125 0.568359375 0.8984375 2072379
0.0361328125 0.568359375 0.8984375 2072379
0.0361328125 0.568359375 0.8984375 2072379
0.03955078125 0.5595703125 0.9052734375 2072491
0.03955078125 0.5595703125 0.9052734375 2072492
0.03955078125 0.5595703125 0.9052734375 2072492
0.03955078125 0.5595703125 0.9052734375 2072493
0.0546875 0.55126953125 0.90869140625 2072592
0.0546875 0.55126953125 0.90869140625 2072592
0.0546875 0.55126953125 0.90869140625 2072592
0.0546875 0.55126953125 0.90869140625 2072593
0.09033203125 0.53564453125 0.88330078125 2072701
0.09033203125 0.53564453125 0.88330078125 2072701
0.09033203125 0.53564453125 0.88330078125 2072701
0.09033203125 0.53564453125 0.88330078125 2072702
0.12158203125 0.5263671875 0.8837890625 2072901
0.12158203125 0.5263671875 0.8837890625 2072901
0.12158203125 0.5263671875 0.8837890625 2072901
0.12158203125 0.5263671875 0.8837890625 2072902
0.12744140625 0.5361328125 0.869140625 2073091
0.12744140625 0.5361328125 0.869140625 2073092
0.12744140625 0.5361328125 0.869140625 2073092
0.12744140625 0.5361328125 0.869140625 2073092
0.10498046875 0.56005859375 0.8955078125 2073192
0.10498046875 0.56005859375 0.8955078125 2073192
0.10498046875 0.56005859375 0.8955078125 2073192
0.10498046875 0.56005859375 0.8955078125 2073193
0.08740234375 0.5546875 0.90673828125 2073295
0.08740234375 0.5546875 0.90673828125 2073295
0.08740234375 0.5546875 0.90673828125 2073296
0.08740234375 0.5546875 0.90673828125 2073296
0.1162109375 0.55029296875 0.8759765625 2073400
0.1162109375 0.55029296875 0.8759765625 2073401
0.1162109375 0.55029296875 0.8759765625 2073401
0.1162109375 0.55029296875 0.8759765625 2073401
0.07421875 0.56298828125 0.93115234375 2073500
0.12109375 0.53857421875 0.865234375 2073578
0.12109375 0.53857421875 0.865234375 2073578
0.12109375 0.53857421875 0.865234375 2073579
0.08154296875 0.5439453125 0.8916015625 2073689
0.08154296875 0.5439453125 0.8916015625 2073689
0.08154296875 0.5439453125 0.8916015625 2073690
0.08154296875 0.5439453125 0.8916015625 2073690
0.09814453125 0.5458984375 0.87890625 2073793
0.09814453125 0.5458984375 0.87890625 2073793
0.09814453125 0.5458984375 0.87890625 2073793
0.09814453125 0.5458984375 0.87890625 2073794
0.08642578125 0.5205078125 0.8935546875 2073902
0.08642578125 0.5205078125 0.8935546875 2073902
0.08642578125 0.5205078125 0.8935546875 2073902
0.08642578125 0.5205078125 0.8935546875 2073911
0.0703125 0.54541015625 0.935546875 2074091
0.0703125 0.54541015625 0.935546875 2074091
0.0703125 0.54541015625 0.935546875 2074091
0.0703125 0.54541015625 0.935546875 2074092
0.0498046875 0.54296875 1.01220703125 2074194
0.0498046875 0.54296875 1.01220703125 2074194
0.0498046875 0.54296875 1.01220703125 2074194
0.0498046875 0.54296875 1.01220703125 2074195
0.31298828125 0.47509765625 0.8134765625 2074296
0.31298828125 0.47509765625 0.8134765625 2074296
0.31298828125 0.47509765625 0.8134765625 2074296
0.31298828125 0.47509765625 0.8134765625 2074297
0.36669921875 0.5009765625 0.91015625 2074398
0.36669921875 0.5009765625 0.91015625 2074398
0.36669921875 0.5009765625 0.91015625 2074399
0.36669921875 0.5009765625 0.91015625 2074399
0.47314453125 0.44287109375 0.71630859375 2074502
0.47314453125 0.44287109375 0.71630859375 2074503
0.47314453125 0.44287109375 0.71630859375 2074503
0.47314453125 0.44287109375 0.71630859375 2074504
0.06103515625 0.3564453125 0.9638671875 2074689
0.06103515625 0.3564453125 0.9638671875 2074689
0.06103515625 0.3564453125 0.9638671875 2074689
0.06103515625 0.3564453125 0.9638671875 2074690
-0.10302734375 0.2783203125 1.01953125 2074792
-0.10302734375 0.2783203125 1.01953125 2074792
-0.10302734375 0.2783203125 1.01953125 2074793
-0.10302734375 0.2783203125 1.01953125 2074793
-0.08203125 0.27685546875 1.0341796875 2074895
-0.08203125 0.27685546875 1.0341796875 2074895
-0.08203125 0.27685546875 1.0341796875 2074903
-0.03271484375 0.3271484375 1.0205078125 2074995
-0.03271484375 0.3271484375 1.0205078125 2074995
-0.03271484375 0.3271484375 1.0205078125 2074996
-0.0380859375 0.3427734375 1.013671875 2075097
-0.0380859375 0.3427734375 1.013671875 2075097
-0.0380859375 0.3427734375 1.013671875 2075097
-0.0380859375 0.3427734375 1.013671875 2075098
0.0048828125 0.474609375 0.8408203125 2075199
0.0048828125 0.474609375 0.8408203125 2075200
0.0048828125 0.474609375 0.8408203125 2075200
0.0048828125 0.474609375 0.8408203125 2075202
-0.0263671875 0.728515625 0.77880859375 2075391
-0.0263671875 0.728515625 0.77880859375 2075391
-0.0263671875 0.728515625 0.77880859375 2075392
-0.0263671875 0.728515625 0.77880859375 2075392
-0.00732421875 0.71240234375 0.740234375 2075493
-0.00732421875 0.71240234375 0.740234375 2075493
-0.00732421875 0.71240234375 0.740234375 2075493
-0.00732421875 0.71240234375 0.740234375 2075494
-0.02490234375 0.73095703125 0.74755859375 2075595
-0.02490234375 0.73095703125 0.74755859375 2075595
-0.02490234375 0.73095703125 0.74755859375 2075595
-0.02490234375 0.73095703125 0.74755859375 2075596
-0.021484375 0.73291015625 0.7490234375 2075699
-0.021484375 0.73291015625 0.7490234375 2075699
-0.021484375 0.73291015625 0.7490234375 2075699
-0.021484375 0.73291015625 0.7490234375 2075700
-0.06640625 0.75732421875 0.7626953125 2075801
-0.06640625 0.75732421875 0.7626953125 2075801
-0.06640625 0.75732421875 0.7626953125 2075801
-0.06640625 0.75732421875 0.7626953125 2075802
-0.037109375 0.76953125 0.72119140625 2075991
-0.037109375 0.76953125 0.72119140625 2075991
-0.037109375 0.76953125 0.72119140625 2075992
-0.037109375 0.76953125 0.72119140625 2075992
-0.09375 0.75439453125 0.79248046875 2076094
-0.09375 0.75439453125 0.79248046875 2076094
-0.09375 0.75439453125 0.79248046875 2076094
-0.09375 0.75439453125 0.79248046875 2076095
-0.0517578125 0.6513671875 0.83349609375 2076196
-0.0517578125 0.6513671875 0.83349609375 2076196
-0.0517578125 0.6513671875 0.83349609375 2076196
-0.0517578125 0.6513671875 0.83349609375 2076197
-0.0205078125 0.6005859375 0.8447265625 2076298
-0.0205078125 0.6005859375 0.8447265625 2076298
-0.0205078125 0.6005859375 0.8447265625 2076299
-0.0205078125 0.6005859375 0.8447265625 2076299
-0.0234375 0.576171875 0.865234375 2076489
-0.0234375 0.576171875 0.865234375 2076489
-0.0234375 0.576171875 0.865234375 2076490
-0.0234375 0.576171875 0.865234375 2076490
-0.0302734375 0.56494140625 0.90283203125 2076597
-0.0302734375 0.56494140625 0.90283203125 2076598
-0.0302734375 0.56494140625 0.90283203125 2076598
-0.0302734375 0.56494140625 0.90283203125 2076599
-0.0126953125 0.56640625 0.916015625 2076796
-0.0126953125 0.56640625 0.916015625 2076796
-0.0126953125 0.56640625 0.916015625 2076797
-0.0126953125 0.56640625 0.916015625 2076797
-0.00830078125 0.55615234375 0.9208984375 2076898
-0.00830078125 0.55615234375 0.9208984375 2076898
-0.00830078125 0.55615234375 0.9208984375 2076898
-0.00830078125 0.55615234375 0.9208984375 2076899
0.03515625 0.54296875 0.92236328125 2077101
0.03515625 0.54296875 0.92236328125 2077101
0.03515625 0.54296875 0.92236328125 2077104
0.03515625 0.54296875 0.92236328125 2077104
0.07958984375 0.5283203125 0.8974609375 2077291
0.07958984375 0.5283203125 0.8974609375 2077291
0.07958984375 0.5283203125 0.8974609375 2077291
0.07958984375 0.5283203125 0.8974609375 2077292
0.05908203125 0.52392578125 0.9140625 2077393
0.05908203125 0.52392578125 0.9140625 2077393
0.05908203125 0.52392578125 0.9140625 2077393
0.05908203125 0.52392578125 0.9140625 2077394
0.1318359375 0.50390625 0.86474609375 2077496
0.1318359375 0.50390625 0.86474609375 2077496
0.1318359375 0.50390625 0.86474609375 2077497
0.1318359375 0.50390625 0.86474609375 2077497
0.10107421875 0.53076171875 0.87255859375 2077598
0.10107421875 0.53076171875 0.87255859375 2077598
0.10107421875 0.53076171875 0.87255859375 2077598
0.10107421875 0.53076171875 0.87255859375 2077599
0.09765625 0.53759765625 0.9091796875 2077793
0.09765625 0.53759765625 0.9091796875 2077793
0.09765625 0.53759765625 0.9091796875 2077793
0.09765625 0.53759765625 0.9091796875 2077794
0.0986328125 0.50244140625 0.8974609375 2077898
0.0986328125 0.50244140625 0.8974609375 2077898
0.0986328125 0.50244140625 0.8974609375 2077904
0.0986328125 0.50244140625 0.8974609375 2077905
0.09130859375 0.54345703125 0.90576171875 2078001
0.09130859375 0.54345703125 0.90576171875 2078001
0.1064453125 0.5009765625 0.91455078125 2078078
0.1064453125 0.5009765625 0.91455078125 2078078
0.03857421875 0.525390625 0.9345703125 2078189
0.03857421875 0.525390625 0.9345703125 2078189
0.03857421875 0.525390625 0.9345703125 2078189
0.03857421875 0.525390625 0.9345703125 2078190
0.134765625 0.52001953125 0.876953125 2078293
0.134765625 0.52001953125 0.876953125 2078293
0.134765625 0.52001953125 0.876953125 2078293
0.134765625 0.52001953125 0.876953125 2078294
0.078125 0.49560546875 0.93212890625 2078395
0.078125 0.49560546875 0.93212890625 2078395
0.078125 0.49560546875 0.93212890625 2078396
0.078125 0.49560546875 0.93212890625 2078396
0.091796875 0.5087890625 0.92333984375 2078497
0.091796875 0.5087890625 0.92333984375 2078497
0.091796875 0.5087890625 0.92333984375 2078497
0.091796875 0.5087890625 0.92333984375 2078498
0.10205078125 0.4873046875 0.93212890625 2078599
0.10205078125 0.4873046875 0.93212890625 2078599
0.10205078125 0.4873046875 0.93212890625 2078599
0.10205078125 0.4873046875 0.93212890625 2078600
0.28466796875 0.505859375 0.92626953125 2078790
0.28466796875 0.505859375 0.92626953125 2078790
0.28466796875 0.505859375 0.92626953125 2078790
0.28466796875 0.505859375 0.92626953125 2078791
0.3818359375 0.46728515625 0.83837890625 2078892
0.3818359375 0.46728515625 0.83837890625 2078892
0.3818359375 0.46728515625 0.83837890625 2078892
0.3818359375 0.46728515625 0.83837890625 2078893
0.35546875 0.4638671875 0.81005859375 2078995
0.35546875 0.4638671875 0.81005859375 2078995
0.35546875 0.4638671875 0.81005859375 2078996
0.35546875 0.4638671875 0.81005859375 2078996
0.11474609375 0.333984375 0.94482421875 2079106
0.11474609375 0.333984375 0.94482421875 2079107
0.11474609375 0.333984375 0.94482421875 2079107
0.11474609375 0.333984375 0.94482421875 2079107
-0.0546875 0.27197265625 1.046875 2079295
-0.0546875 0.27197265625 1.046875 2079295
-0.0546875 0.27197265625 1.046875 2079296
-0.0546875 0.27197265625 1.046875 2079296
0.02880859375 0.3505859375 0.8828125 2079494
0.02880859375 0.3505859375 0.8828125 2079494
0.02880859375 0.3505859375 0.8828125 2079495
0.02880859375 0.3505859375 0.8828125 2079495
0.078125 0.4521484375 0.78759765625 2079597
0.078125 0.4521484375 0.78759765625 2079597
0.078125 0.4521484375 0.78759765625 2079597
0.078125 0.4521484375 0.78759765625 2079598
-0.09423828125 0.6806640625 0.92333984375 2079699
-0.09423828125 0.6806640625 0.92333984375 2079699
-0.09423828125 0.6806640625 0.92333984375 2079700
-0.09423828125 0.6806640625 0.92333984375 2079700
-0.00830078125 0.70751953125 0.73828125 2079893
-0.00830078125 0.70751953125 0.73828125 2079893
-0.00830078125 0.70751953125 0.73828125 2079894
-0.00830078125 0.70751953125 0.73828125 2079894
-0.01708984375 0.765625 0.7578125 2079993
-0.01708984375 0.765625 0.7578125 2079993
-0.01708984375 0.765625 0.7578125 2079993
-0.01708984375 0.765625 0.7578125 2079994
-0.03173828125 0.734375 0.74560546875 2080095
-0.03173828125 0.734375 0.74560546875 2080095
-0.03173828125 0.734375 0.74560546875 2080095
-0.03173828125 0.734375 0.74560546875 2080096
-0.0498046875 0.7470703125 0.77099609375 2080198
-0.0498046875 0.7470703125 0.77099609375 2080198
-0.0498046875 0.7470703125 0.77099609375 2080199
-0.0498046875 0.7470703125 0.77099609375 2080199
-0.05029296875 0.720703125 0.74951171875 2080298
-0.05029296875 0.720703125 0.74951171875 2080298
-0.05029296875 0.720703125 0.74951171875 2080299
-0.05029296875 0.720703125 0.74951171875 2080299
-0.0546875 0.7197265625 0.751953125 2080490
-0.0546875 0.7197265625 0.751953125 2080490
-0.0546875 0.7197265625 0.751953125 2080490
-0.0546875 0.7197265625 0.751953125 2080491
-0.06396484375 0.6533203125 0.818359375 2080592
-0.06396484375 0.6533203125 0.818359375 2080592
-0.06396484375 0.6533203125 0.818359375 2080593
-0.06396484375 0.6533203125 0.818359375 2080593
-0.06689453125 0.60107421875 0.91455078125 2080694
-0.06689453125 0.60107421875 0.91455078125 2080694
-0.06689453125 0.60107421875 0.91455078125 2080694
-0.06689453125 0.60107421875 0.91455078125 2080695
-0.04248046875 0.57763671875 0.89599609375 2080798
-0.04248046875 0.57763671875 0.89599609375 2080798
-0.04248046875 0.57763671875 0.89599609375 2080798
-0.04248046875 0.57763671875 0.89599609375 2080799
-0.009765625 0.54150390625 0.8876953125 2080991
-0.009765625 0.54150390625 0.8876953125 2080991
-0.009765625 0.54150390625 0.8876953125 2080991
-0.009765625 0.54150390625 0.8876953125 2080999
-0.01611328125 0.5537109375 0.91357421875 2081095
-0.01611328125 0.5537109375 0.91357421875 2081096
-0.00439453125 0.54541015625 0.90869140625 2081202
-0.00439453125 0.54541015625 0.90869140625 2081203
-0.00439453125 0.54541015625 0.90869140625 2081203
-0.00439453125 0.54541015625 0.90869140625 2081204
0.0234375 0.55810546875 0.91650390625 2081388
0.0234375 0.55810546875 0.91650390625 2081388
0.0234375 0.55810546875 0.91650390625 2081388
0.0234375 0.55810546875 0.91650390625 2081389
0.05810546875 0.546875 0.8759765625 2081491
0.05810546875 0.546875 0.8759765625 2081491
0.05810546875 0.546875 0.8759765625 2081491
0.05810546875 0.546875 0.8759765625 2081492
0.03662109375 0.54150390625 0.91943359375 2081593
0.03662109375 0.54150390625 0.91943359375 2081593
0.03662109375 0.54150390625 0.91943359375 2081593
0.0732421875 0.5693359375 0.89404296875 2081697
0.0732421875 0.5693359375 0.89404296875 2081698
0.0732421875 0.5693359375 0.89404296875 2081698
0.0732421875 0.5693359375 0.89404296875 2081699
0.0947265625 0.52587890625 0.88623046875 2081894
0.0947265625 0.52587890625 0.88623046875 2081894
0.0947265625 0.52587890625 0.88623046875 2081894
0.0947265625 0.52587890625 0.88623046875 2081895
0.109375 0.5458984375 0.89501953125 2081997
0.109375 0.5458984375 0.89501953125 2081997
0.109375 0.5458984375 0.89501953125 2081998
0.109375 0.5458984375 0.89501953125 2081998
0.13427734375 0.51220703125 0.8603515625 2082191
0.13427734375 0.51220703125 0.8603515625 2082191
0.13427734375 0.51220703125 0.8603515625 2082192
0.13427734375 0.51220703125 0.8603515625 2082192
0.1005859375 0.53466796875 0.89990234375 2082294
0.1005859375 0.53466796875 0.89990234375 2082294
0.1005859375 0.53466796875 0.89990234375 2082294
0.1005859375 0.53466796875 0.89990234375 2082295
0.10107421875 0.53955078125 0.87744140625 2082398
0.10107421875 0.53955078125 0.87744140625 2082398
0.10107421875 0.53955078125 0.87744140625 2082398
0.10107421875 0.53955078125 0.87744140625 2082399
0.0576171875 0.55859375 0.91064453125 2082591
0.0576171875 0.55859375 0.91064453125 2082591
0.0576171875 0.55859375 0.91064453125 2082592
0.0576171875 0.55859375 0.91064453125 2082592
0.13623046875 0.5185546875 0.86767578125 2082698
0.13623046875 0.5185546875 0.86767578125 2082701
0.13623046875 0.5185546875 0.86767578125 2082701
0.13623046875 0.5185546875 0.86767578125 2082702
0.11669921875 0.53955078125 0.86962890625 2082898
0.11669921875 0.53955078125 0.86962890625 2082898
0.11669921875 0.53955078125 0.86962890625 2082898
0.11669921875 0.53955078125 0.86962890625 2082899
0.048828125 0.53369140625 0.92626953125 2083087
0.048828125 0.53369140625 0.92626953125 2083087
0.048828125 0.53369140625 0.92626953125 2083087
0.048828125 0.53369140625 0.92626953125 2083088
0.13525390625 0.52294921875 0.865234375 2083190
0.13525390625 0.52294921875 0.865234375 2083190
0.13525390625 0.52294921875 0.865234375 2083191
0.13525390625 0.52294921875 0.865234375 2083191
0.08203125 0.5224609375 0.91552734375 2083293
0.08203125 0.5224609375 0.91552734375 2083293
0.08203125 0.5224609375 0.91552734375 2083294
0.08203125 0.5224609375 0.91552734375 2083294
0.10205078125 0.51904296875 0.92138671875 2083394
0.10205078125 0.51904296875 0.92138671875 2083394
0.10205078125 0.51904296875 0.92138671875 2083394
0.10205078125 0.51904296875 0.92138671875 2083395
0.1513671875 0.5205078125 0.884765625 2083501
0.1513671875 0.5205078125 0.884765625 2083537
0.1513671875 0.5205078125 0.884765625 2083537
0.1513671875 0.5205078125 0.884765625 2083538
0.423828125 0.50341796875 0.7666015625 2083690
0.423828125 0.50341796875 0.7666015625 2083690
0.423828125 0.50341796875 0.7666015625 2083691
0.423828125 0.50341796875 0.7666015625 2083691
0.39306640625 0.46484375 0.78564453125 2083792
0.39306640625 0.46484375 0.78564453125 2083792
0.39306640625 0.46484375 0.78564453125 2083792
0.39306640625 0.46484375 0.78564453125 2083792
0.26416015625 0.47021484375 0.90234375 2083898
0.26416015625 0.47021484375 0.90234375 2083898
0.26416015625 0.47021484375 0.90234375 2083898
0.26416015625 0.47021484375 0.90234375 2083899
-0.064453125 0.30078125 1.08837890625 2084087
-0.064453125 0.30078125 1.08837890625 2084087
-0.064453125 0.30078125 1.08837890625 2084088
-0.064453125 0.30078125 1.08837890625 2084088
0.04052734375 0.32470703125 0.98291015625 2084189
0.04052734375 0.32470703125 0.98291015625 2084189
0.04052734375 0.32470703125 0.98291015625 2084189
0.04052734375 0.32470703125 0.98291015625 2084190
0.041015625 0.40478515625 0.86474609375 2084293
0.041015625 0.40478515625 0.86474609375 2084293
0.041015625 0.40478515625 0.86474609375 2084293
0.041015625 0.40478515625 0.86474609375 2084294
0.04931640625 0.466796875 0.783203125 2084395
0.04931640625 0.466796875 0.783203125 2084395
0.04931640625 0.466796875 0.783203125 2084395
0.04931640625 0.466796875 0.783203125 2084396
-0.0107421875 0.67822265625 0.79248046875 2084497
-0.0107421875 0.67822265625 0.79248046875 2084497
-0.0107421875 0.67822265625 0.79248046875 2084498
-0.0107421875 0.67822265625 0.79248046875 2084498
-0.05224609375 0.7109375 0.81298828125 2084687
-0.05224609375 0.7109375 0.81298828125 2084687
-0.05224609375 0.7109375 0.81298828125 2084687
-0.05224609375 0.7109375 0.81298828125 2084688
-0.060546875 0.7626953125 0.8134765625 2084790
-0.060546875 0.7626953125 0.8134765625 2084790
-0.060546875 0.7626953125 0.8134765625 2084791
-0.060546875 0.7626953125 0.8134765625 2084791
-0.0146484375 0.72509765625 0.7373046875 2084894
-0.0146484375 0.72509765625 0.7373046875 2084894
-0.0146484375 0.72509765625 0.7373046875 2084894
-0.0146484375 0.72509765625 0.7373046875 2084895
-0.05322265625 0.755859375 0.775390625 2085097
-0.05322265625 0.755859375 0.775390625 2085097
-0.05322265625 0.755859375 0.775390625 2085097
-0.05322265625 0.755859375 0.775390625 2085098
-0.07861328125 0.6552734375 0.84423828125 2085287
-0.07861328125 0.6552734375 0.84423828125 2085287
-0.07861328125 0.6552734375 0.84423828125 2085288
-0.07861328125 0.6552734375 0.84423828125 2085288
-0.072265625 0.6015625 0.9248046875 2085390
-0.072265625 0.6015625 0.9248046875 2085393
-0.072265625 0.6015625 0.9248046875 2085395
-0.072265625 0.6015625 0.9248046875 2085395
-0.02001953125 0.56396484375 0.859375 2085494
-0.02001953125 0.56396484375 0.859375 2085495
-0.02001953125 0.56396484375 0.859375 2085495
-0.02001953125 0.56396484375 0.859375 2085496
-0.02734375 0.5458984375 0.92236328125 2085595
-0.02734375 0.5458984375 0.92236328125 2085595
-0.02734375 0.5458984375 0.92236328125 2085595
-0.02734375 0.5458984375 0.92236328125 2085596
-0.01123046875 0.53662109375 0.91796875 2085698
-0.01123046875 0.53662109375 0.91796875 2085698
-0.01123046875 0.53662109375 0.91796875 2085698
-0.01123046875 0.53662109375 0.91796875 2085699
0.04443359375 0.53369140625 0.90380859375 2085887
0.04443359375 0.53369140625 0.90380859375 2085887
0.04443359375 0.53369140625 0.90380859375 2085888
0.04443359375 0.53369140625 0.90380859375 2085888
0.0068359375 0.544921875 0.9365234375 2085989
0.0068359375 0.544921875 0.9365234375 2085989
0.0068359375 0.544921875 0.9365234375 2085989
0.0068359375 0.544921875 0.9365234375 2085990
0.03759765625 0.5537109375 0.91064453125 2086092
0.03759765625 0.5537109375 0.91064453125 2086092
0.03759765625 0.5537109375 0.91064453125 2086093
0.0634765625 0.54345703125 0.89111328125 2086196
0.0634765625 0.54345703125 0.89111328125 2086196
0.0634765625 0.54345703125 0.89111328125 2086196
0.0634765625 0.54345703125 0.89111328125 2086197
0.0595703125 0.54736328125 0.927734375 2086390
0.0595703125 0.54736328125 0.927734375 2086390
0.0595703125 0.54736328125 0.927734375 2086391
0.0595703125 0.54736328125 0.927734375 2086391
0.107421875 0.53173828125 0.8857421875 2086492
0.107421875 0.53173828125 0.8857421875 2086492
0.107421875 0.53173828125 0.8857421875 2086493
0.09326171875 0.53857421875 0.90087890625 2086596
0.09326171875 0.53857421875 0.90087890625 2086596
0.09326171875 0.53857421875 0.90087890625 2086596
0.09326171875 0.53857421875 0.90087890625 2086597
0.12158203125 0.5244140625 0.8857421875 2086697
0.12158203125 0.5244140625 0.8857421875 2086698
0.12158203125 0.5244140625 0.8857421875 2086698
0.12158203125 0.5244140625 0.8857421875 2086699
0.12646484375 0.53173828125 0.87451171875 2086890
0.12646484375 0.53173828125 0.87451171875 2086890
0.12646484375 0.53173828125 0.87451171875 2086891
0.12646484375 0.53173828125 0.87451171875 2086891
0.1220703125 0.52294921875 0.904296875 2086992
0.1220703125 0.52294921875 0.904296875 2086992
0.1220703125 0.52294921875 0.904296875 2086992
0.1220703125 0.52294921875 0.904296875 2086993
0.09375 0.52978515625 0.92138671875 2087095
0.09375 0.52978515625 0.92138671875 2087095
0.09375 0.52978515625 0.92138671875 2087096
0.09375 0.52978515625 0.92138671875 2087096
0.125 0.53955078125 0.880859375 2087197
0.125 0.53955078125 0.880859375 2087197
0.125 0.53955078125 0.880859375 2087197
0.125 0.53955078125 0.880859375 2087198
0.13037109375 0.52734375 0.896484375 2087388
0.13037109375 0.52734375 0.896484375 2087388
0.13037109375 0.52734375 0.896484375 2087389
0.13037109375 0.52734375 0.896484375 2087389
0.115234375 0.52197265625 0.9111328125 2087491
0.115234375 0.52197265625 0.9111328125 2087491
0.115234375 0.52197265625 0.9111328125 2087492
0.115234375 0.52197265625 0.9111328125 2087492
0.171875 0.52734375 0.84033203125 2087593
0.171875 0.52734375 0.84033203125 2087593
0.171875 0.52734375 0.84033203125 2087593
0.171875 0.52734375 0.84033203125 2087594
0.1162109375 0.53369140625 0.92431640625 2087696
0.1162109375 0.53369140625 0.92431640625 2087696
0.1162109375 0.53369140625 0.92431640625 2087696
0.1162109375 0.53369140625 0.92431640625 2087697
0.13623046875 0.51123046875 0.873046875 2087886
0.13623046875 0.51123046875 0.873046875 2087886
0.13623046875 0.51123046875 0.873046875 2087886
0.13623046875 0.51123046875 0.873046875 2087887
0.0810546875 0.53271484375 0.93896484375 2087988
0.0810546875 0.53271484375 0.93896484375 2087988
0.0810546875 0.53271484375 0.93896484375 2087989
0.0810546875 0.53271484375 0.93896484375 2087989
0.0869140625 0.5146484375 0.919921875 2088093
0.0869140625 0.5146484375 0.919921875 2088093
0.0869140625 0.5146484375 0.919921875 2088093
0.0869140625 0.5146484375 0.919921875 2088094
0.17529296875 0.53857421875 0.8603515625 2088195
0.17529296875 0.53857421875 0.8603515625 2088195
0.17529296875 0.53857421875 0.8603515625 2088195
0.17529296875 0.53857421875 0.8603515625 2088196
0.126953125 0.52001953125 0.92431640625 2088390
0.126953125 0.52001953125 0.92431640625 2088390
0.126953125 0.52001953125 0.92431640625 2088391
0.126953125 0.52001953125 0.92431640625 2088391
0.14453125 0.505859375 0.9033203125 2088492
0.14453125 0.505859375 0.9033203125 2088492
0.14453125 0.505859375 0.9033203125 2088492
0.14453125 0.505859375 0.9033203125 2088493
0.11865234375 0.517578125 0.9580078125 2088595
0.11865234375 0.517578125 0.9580078125 2088595
0.11865234375 0.517578125 0.9580078125 2088595
0.11865234375 0.517578125 0.9580078125 2088596
0.26611328125 0.5107421875 0.91455078125 2088788
0.26611328125 0.5107421875 0.91455078125 2088788
0.26611328125 0.5107421875 0.91455078125 2088788
0.26611328125 0.5107421875 0.91455078125 2088789
0.3525390625 0.5068359375 0.84228515625 2088891
0.3525390625 0.5068359375 0.84228515625 2088891
0.3525390625 0.5068359375 0.84228515625 2088891
0.3525390625 0.5068359375 0.84228515625 2088892
0.3759765625 0.50439453125 0.84716796875 2088994
0.3759765625 0.50439453125 0.84716796875 2088995
0.3759765625 0.50439453125 0.84716796875 2088995
0.3759765625 0.50439453125 0.84716796875 2088995
0.40185546875 0.484375 0.849609375 2089096
0.40185546875 0.484375 0.849609375 2089096
0.40185546875 0.484375 0.849609375 2089096
0.40185546875 0.484375 0.849609375 2089097
0.365234375 0.404296875 0.76416015625 2089285
0.365234375 0.404296875 0.76416015625 2089285
0.365234375 0.404296875 0.76416015625 2089285
0.365234375 0.404296875 0.76416015625 2089286
0.15234375 0.40283203125 0.958984375 2089388
0.15234375 0.40283203125 0.958984375 2089388
0.15234375 0.40283203125 0.958984375 2089388
0.15234375 0.40283203125 0.958984375 2089389
0.06298828125 0.294921875 1.01171875 2089491
0.06298828125 0.294921875 1.01171875 2089491
0.06298828125 0.294921875 1.01171875 2089492
0.06298828125 0.294921875 1.01171875 2089492
0.0986328125 0.31640625 0.96044921875 2089594
0.0986328125 0.31640625 0.96044921875 2089594
0.0986328125 0.31640625 0.96044921875 2089594
0.0986328125 0.31640625 0.96044921875 2089595
0.13427734375 0.318359375 0.9033203125 2089696
0.13427734375 0.318359375 0.9033203125 2089696
0.13427734375 0.318359375 0.9033203125 2089697
0.13427734375 0.318359375 0.9033203125 2089697
-0.0478515625 0.67724609375 0.9873046875 2089900
-0.0478515625 0.67724609375 0.9873046875 2089901
-0.0478515625 0.67724609375 0.9873046875 2089901
-0.0478515625 0.67724609375 0.9873046875 2089902
-0.015625 0.76904296875 0.77197265625 2090085
-0.015625 0.76904296875 0.77197265625 2090085
-0.015625 0.76904296875 0.77197265625 2090086
-0.015625 0.76904296875 0.77197265625 2090086
-0.00634765625 0.70751953125 0.7724609375 2090188
-0.00634765625 0.70751953125 0.7724609375 2090188
-0.00634765625 0.70751953125 0.7724609375 2090189
-0.00634765625 0.70751953125 0.7724609375 2090189
-0.00927734375 0.6826171875 0.783203125 2090291
-0.00927734375 0.6826171875 0.783203125 2090291
-0.00927734375 0.6826171875 0.783203125 2090291
-0.02197265625 0.71484375 0.7822265625 2090394
-0.02197265625 0.71484375 0.7822265625 2090394
-0.02197265625 0.71484375 0.7822265625 2090394
-0.02197265625 0.71484375 0.7822265625 2090395
-0.04833984375 0.708984375 0.771484375 2090497
-0.04833984375 0.708984375 0.771484375 2090497
-0.04833984375 0.708984375 0.771484375 2090498
-0.04833984375 0.708984375 0.771484375 2090498
0.00537109375 0.7197265625 0.76806640625 2090684
0.00537109375 0.7197265625 0.76806640625 2090684
0.00537109375 0.7197265625 0.76806640625 2090684
0.00537109375 0.7197265625 0.76806640625 2090685
-0.06396484375 0.6640625 0.82177734375 2090786
-0.06396484375 0.6640625 0.82177734375 2090786
-0.06396484375 0.6640625 0.82177734375 2090787
-0.06396484375 0.6640625 0.82177734375 2090787
-0.02099609375 0.5771484375 0.83935546875 2090890
-0.02099609375 0.5771484375 0.83935546875 2090890
-0.02099609375 0.5771484375 0.83935546875 2090891
-0.02099609375 0.5771484375 0.83935546875 2090891
-0.0458984375 0.580078125 0.88720703125 2090992
-0.0458984375 0.580078125 0.88720703125 2090992
-0.0458984375 0.580078125 0.88720703125 2090993
-0.0458984375 0.580078125 0.88720703125 2090993
-0.015625 0.55908203125 0.89208984375 2091094
-0.015625 0.55908203125 0.89208984375 2091094
-0.015625 0.55908203125 0.89208984375 2091095
-0.015625 0.55908203125 0.89208984375 2091095
-0.01123046875 0.54638671875 0.9228515625 2091293
-0.01123046875 0.54638671875 0.9228515625 2091293
-0.01123046875 0.54638671875 0.9228515625 2091293
-0.01123046875 0.54638671875 0.9228515625 2091294
0.025390625 0.52001953125 0.88818359375 2091396
0.025390625 0.52001953125 0.88818359375 2091396
0.025390625 0.52001953125 0.88818359375 2091396
0.025390625 0.52001953125 0.88818359375 2091397
0.0048828125 0.54833984375 0.947265625 2091590
0.0048828125 0.54833984375 0.947265625 2091590
0.0048828125 0.54833984375 0.947265625 2091590
0.0048828125 0.54833984375 0.947265625 2091591
0.052734375 0.5400390625 0.93017578125 2091780
0.052734375 0.5400390625 0.93017578125 2091791
0.052734375 0.5400390625 0.93017578125 2091791
0.052734375 0.5400390625 0.93017578125 2091791
0.0751953125 0.5234375 0.92578125 2091895
0.0751953125 0.5234375 0.92578125 2091895
0.0751953125 0.5234375 0.92578125 2091896
0.0751953125 0.5234375 0.92578125 2091896
0.125 0.5078125 0.8671875 2092085
0.125 0.5078125 0.8671875 2092085
0.125 0.5078125 0.8671875 2092086
0.125 0.5078125 0.8671875 2092086
0.0869140625 0.5244140625 0.9228515625 2092187
0.0869140625 0.5244140625 0.9228515625 2092187
0.0869140625 0.5244140625 0.9228515625 2092187
0.0869140625 0.5244140625 0.9228515625 2092188
0.14111328125 0.51123046875 0.86083984375 2092289
0.14111328125 0.51123046875 0.86083984375 2092289
0.14111328125 0.51123046875 0.86083984375 2092290
0.14111328125 0.51123046875 0.86083984375 2092290
0.09228515625 0.5498046875 0.92919921875 2092395
0.09228515625 0.5498046875 0.92919921875 2092395
0.09228515625 0.5498046875 0.92919921875 2092395
0.09228515625 0.5498046875 0.92919921875 2092396
0.1123046875 0.53369140625 0.91748046875 2092587
0.1123046875 0.53369140625 0.91748046875 2092587
0.1123046875 0.53369140625 0.91748046875 2092588
0.1123046875 0.53369140625 0.91748046875 2092588
0.140625 0.5048828125 0.88525390625 2092690
0.140625 0.5048828125 0.88525390625 2092690
0.140625 0.5048828125 0.88525390625 2092691
0.140625 0.5048828125 0.88525390625 2092691
0.14111328125 0.529296875 0.890625 2092793
0.14111328125 0.529296875 0.890625 2092793
0.14111328125 0.529296875 0.890625 2092793
0.14111328125 0.529296875 0.890625 2092794
0.11328125 0.52001953125 0.91455078125 2092896
0.11328125 0.52001953125 0.91455078125 2092896
0.11328125 0.52001953125 0.91455078125 2092897
0.11328125 0.52001953125 0.91455078125 2092897
0.123046875 0.49365234375 0.91796875 2093099
0.123046875 0.49365234375 0.91796875 2093100
0.123046875 0.49365234375 0.91796875 2093100
0.123046875 0.49365234375 0.91796875 2093100
0.09619140625 0.50537109375 0.9521484375 2093290
0.09619140625 0.50537109375 0.9521484375 2093290
0.09619140625 0.50537109375 0.9521484375 2093291
0.09619140625 0.50537109375 0.9521484375 2093291
0.0888671875 0.52294921875 0.97607421875 2093393
0.0888671875 0.52294921875 0.97607421875 2093393
0.0888671875 0.52294921875 0.97607421875 2093394
0.0888671875 0.52294921875 0.97607421875 2093394
0.15673828125 0.51171875 0.90380859375 2093496
0.15673828125 0.51171875 0.90380859375 2093496
0.15673828125 0.51171875 0.90380859375 2093496
0.15673828125 0.51171875 0.90380859375 2093497
0.140625 0.5126953125 0.91943359375 2093684
0.140625 0.5126953125 0.91943359375 2093684
0.140625 0.5126953125 0.91943359375 2093684
0.140625 0.5126953125 0.91943359375 2093685
0.17578125 0.48193359375 0.8818359375 2093788
0.17578125 0.48193359375 0.8818359375 2093788
0.17578125 0.48193359375 0.8818359375 2093788
0.17578125 0.48193359375 0.8818359375 2093789
0.18310546875 0.51171875 0.912109375 2093902
0.18310546875 0.51171875 0.912109375 2093903
0.18310546875 0.51171875 0.912109375 2094052
0.18310546875 0.51171875 0.912109375 2094053
0.19970703125 0.49072265625 0.91455078125 2094064
0.19970703125 0.49072265625 0.91455078125 2094064
0.27490234375 0.505859375 0.880859375 2094268
0.27490234375 0.505859375 0.880859375 2094269
0.27490234375 0.505859375 0.880859375 2094269
0.27490234375 0.505859375 0.880859375 2094270
0.35498046875 0.4638671875 0.84228515625 2094393
0.35498046875 0.4638671875 0.84228515625 2094393
0.35498046875 0.4638671875 0.84228515625 2094393
0.35498046875 0.4638671875 0.84228515625 2094394
0.24462890625 0.4443359375 0.85546875 2094495
0.24462890625 0.4443359375 0.85546875 2094495
0.24462890625 0.4443359375 0.85546875 2094496
0.24462890625 0.4443359375 0.85546875 2094496
0.00439453125 0.34130859375 1.041015625 2094684
0.00439453125 0.34130859375 1.041015625 2094684
0.00439453125 0.34130859375 1.041015625 2094684
0.00439453125 0.34130859375 1.041015625 2094685
0.04248046875 0.330078125 0.98486328125 2094787
0.04248046875 0.330078125 0.98486328125 2094787
0.04248046875 0.330078125 0.98486328125 2094788
0.04248046875 0.330078125 0.98486328125 2094788
0.08837890625 0.38671875 0.88623046875 2094889
0.08837890625 0.38671875 0.88623046875 2094889
0.08837890625 0.38671875 0.88623046875 2094889
0.09716796875 0.36572265625 0.841796875 2094993
0.09716796875 0.36572265625 0.841796875 2094993
0.09716796875 0.36572265625 0.841796875 2094993
0.09716796875 0.36572265625 0.841796875 2094994
-0.06298828125 0.67138671875 0.9267578125 2095185
-0.06298828125 0.67138671875 0.9267578125 2095185
-0.06298828125 0.67138671875 0.9267578125 2095186
-0.06298828125 0.67138671875 0.9267578125 2095186
-0.04638671875 0.69482421875 0.83154296875 2095287
-0.04638671875 0.69482421875 0.83154296875 2095287
-0.04638671875 0.69482421875 0.83154296875 2095287
-0.04638671875 0.69482421875 0.83154296875 2095288
-0.05029296875 0.73486328125 0.837890625 2095391
-0.05029296875 0.73486328125 0.837890625 2095391
-0.05029296875 0.73486328125 0.837890625 2095392
-0.05029296875 0.73486328125 0.837890625 2095392
-0.01953125 0.68212890625 0.765625 2095493
-0.01953125 0.68212890625 0.765625 2095493
-0.01953125 0.68212890625 0.765625 2095494
-0.01953125 0.68212890625 0.765625 2095494
