-2.38037109375 1.708984375 -2.5634765625 2020803
-2.38037109375 1.708984375 -2.5634765625 2020803
-2.38037109375 1.708984375 -2.5634765625 2021121
-2.38037109375 1.708984375 -2.5634765625 2021121
-2.38037109375 1.708984375 -2.5634765625 2021121
-2.50244140625 1.52587890625 -0.42724609375 2021121
1.0986328125 0 -0.8544921875 2021308
2.8076171875 0.18310546875 1.0986328125 2021308
2.8076171875 0.18310546875 1.0986328125 2021308
2.8076171875 0.18310546875 1.0986328125 2021309
2.8076171875 0.18310546875 1.0986328125 2021423
1.52587890625 0.06103515625 -0.3662109375 2021423
1.52587890625 0.06103515625 -0.3662109375 2021424
1.52587890625 0.06103515625 -0.3662109375 2021424
3.0517578125 0.91552734375 -1.46484375 2021612
3.11279296875 -1.15966796875 -0.91552734375 2021613
3.11279296875 -1.15966796875 -0.91552734375 2021613
3.11279296875 -1.15966796875 -0.91552734375 2021613
3.11279296875 -1.15966796875 -0.91552734375 2021714
1.8310546875 0 -0.79345703125 2021714
1.8310546875 0 -0.79345703125 2021714
1.8310546875 0 -0.79345703125 2021715
1.708984375 2.3193359375 0.48828125 2021904
4.39453125 0.06103515625 -0.9765625 2021904
4.39453125 0.06103515625 -0.9765625 2021904
4.39453125 0.06103515625 -0.9765625 2021905
4.39453125 0.06103515625 -0.9765625 2022006
-2.0751953125 1.03759765625 -0.06103515625 2022006
-2.0751953125 1.03759765625 -0.06103515625 2022007
-2.0751953125 1.03759765625 -0.06103515625 2022007
-2.0751953125 1.03759765625 -0.06103515625 2022108
1.28173828125 0.9765625 0.8544921875 2022108
1.28173828125 0.9765625 0.8544921875 2022109
1.28173828125 0.9765625 0.8544921875 2022109
1.28173828125 0.9765625 0.8544921875 2022210
-1.708984375 0.30517578125 2.3193359375 2022210
-1.708984375 0.30517578125 2.3193359375 2022210
-1.708984375 0.30517578125 2.3193359375 2022211
-1.708984375 0.30517578125 2.3193359375 2022313
-0.3662109375 0 -1.03759765625 2022313
-0.3662109375 0 -1.03759765625 2022313
-0.3662109375 0 -1.03759765625 2022314
0.1220703125 0.18310546875 -0.8544921875 2022503
0.67138671875 0.1220703125 -0.48828125 2022503
0.67138671875 0.1220703125 -0.48828125 2022504
0.67138671875 0.1220703125 -0.48828125 2022504
0.67138671875 0.1220703125 -0.48828125 2022605
0 0.3662109375 0.1220703125 2022605
0 0.3662109375 0.1220703125 2022605
0 0.3662109375 0.1220703125 2022606
0 0.3662109375 0.1220703125 2022708
0.18310546875 0.06103515625 -1.03759765625 2022708
0.18310546875 0.06103515625 -1.03759765625 2022708
0.18310546875 0.06103515625 -1.03759765625 2022709
0.18310546875 0.06103515625 -1.03759765625 2022814
0.244140625 -0.9765625 0.67138671875 2022814
0.244140625 -0.9765625 0.67138671875 2022814
0.244140625 -0.9765625 0.67138671875 2022815
0.54931640625 1.0986328125 -0.67138671875 2023005
-0.3662109375 0.3662109375 -0.79345703125 2023005
-0.3662109375 0.3662109375 -0.79345703125 2023005
-0.3662109375 0.3662109375 -0.79345703125 2023006
-0.3662109375 0.3662109375 -0.79345703125 2023107
0.3662109375 0.06103515625 1.708984375 2023107
0.3662109375 0.06103515625 1.708984375 2023108
0.3662109375 0.06103515625 1.708984375 2023108
0.3662109375 0.06103515625 1.708984375 2023209
-0.1220703125 -0.06103515625 -0.30517578125 2023209
-0.1220703125 -0.06103515625 -0.30517578125 2023210
-0.1220703125 -0.06103515625 -0.30517578125 2023210
-0.1220703125 -0.06103515625 -0.30517578125 2023312
0.244140625 0.8544921875 -0.48828125 2023312
0.244140625 0.8544921875 -0.48828125 2023313
0.244140625 0.8544921875 -0.48828125 2023313
0.48828125 0 -0.9765625 2023505
0.1220703125 0.3662109375 -0.54931640625 2023505
0.1220703125 0.3662109375 -0.54931640625 2023505
0.1220703125 0.3662109375 -0.54931640625 2023506
0.1220703125 0.3662109375 -0.54931640625 2023607
0.244140625 0.9765625 0.79345703125 2023607
0.244140625 0.9765625 0.79345703125 2023607
0.244140625 0.9765625 0.79345703125 2023608
0.244140625 0.9765625 0.79345703125 2023710
-0.54931640625 -0.79345703125 -1.15966796875 2023710
-0.54931640625 -0.79345703125 -1.15966796875 2023710
-0.54931640625 -0.79345703125 -1.15966796875 2023711
-0.54931640625 -0.79345703125 -1.15966796875 2023812
0.79345703125 0.79345703125 3.0517578125 2023812
0.79345703125 0.79345703125 3.0517578125 2023812
0.79345703125 0.79345703125 3.0517578125 2023813
0.79345703125 0.79345703125 3.0517578125 2023915
-1.40380859375 -1.64794921875 -0.8544921875 2023915
-1.40380859375 -1.64794921875 -0.8544921875 2023915
-1.40380859375 -1.64794921875 -0.8544921875 2023916
0 -0.244140625 1.52587890625 2024103
0.54931640625 0.6103515625 -0.79345703125 2024103
0.54931640625 0.6103515625 -0.79345703125 2024103
0.54931640625 0.6103515625 -0.79345703125 2024104
0.54931640625 0.6103515625 -0.79345703125 2024206
0.18310546875 0.732421875 -0.79345703125 2024206
0.18310546875 0.732421875 -0.79345703125 2024207
0.18310546875 0.732421875 -0.79345703125 2024207
0.18310546875 0.732421875 -0.79345703125 2024310
-1.15966796875 -0.67138671875 -0.48828125 2024310
-1.15966796875 -0.67138671875 -0.48828125 2024310
-1.15966796875 -0.67138671875 -0.48828125 2024311
-1.15966796875 -0.67138671875 -0.48828125 2024412
-0.18310546875 -0.3662109375 0.1220703125 2024412
-0.18310546875 -0.3662109375 0.1220703125 2024413
-0.18310546875 -0.3662109375 0.1220703125 2024413
-0.18310546875 -0.3662109375 0.1220703125 2024515
1.220703125 0.244140625 -0.1220703125 2024515
1.220703125 0.244140625 -0.1220703125 2024515
1.220703125 0.244140625 -0.1220703125 2024516
3.96728515625 -0.6103515625 0.91552734375 2024705
5.43212890625 -0.6103515625 -0.8544921875 2024705
5.43212890625 -0.6103515625 -0.8544921875 2024705
5.43212890625 -0.6103515625 -0.8544921875 2024706
5.43212890625 -0.6103515625 -0.8544921875 2024808
8.4228515625 7.9345703125 -0.18310546875 2024808
8.4228515625 7.9345703125 -0.18310546875 2024808
8.4228515625 7.9345703125 -0.18310546875 2024809
8.4228515625 7.9345703125 -0.18310546875 2024911
2.38037109375 2.197265625 -12.02392578125 2024911
2.38037109375 2.197265625 -12.02392578125 2024911
2.38037109375 2.197265625 -12.02392578125 2024912
2.38037109375 2.197265625 -12.02392578125 2025013
7.99560546875 -1.3427734375 0.8544921875 2025013
7.99560546875 -1.3427734375 0.8544921875 2025014
7.99560546875 -1.3427734375 0.8544921875 2025014
12.51220703125 -2.685546875 -3.90625 2025205
22.03369140625 -2.25830078125 11.90185546875 2025205
22.03369140625 -2.25830078125 11.90185546875 2025205
22.03369140625 -2.25830078125 11.90185546875 2025206
22.03369140625 -2.25830078125 11.90185546875 2025309
6.28662109375 3.173828125 -2.3193359375 2025309
6.28662109375 3.173828125 -2.3193359375 2025310
6.28662109375 3.173828125 -2.3193359375 2025310
6.28662109375 3.173828125 -2.3193359375 2025411
2.74658203125 2.25830078125 -10.1318359375 2025411
2.74658203125 2.25830078125 -10.1318359375 2025412
2.74658203125 2.25830078125 -10.1318359375 2025412
2.74658203125 2.25830078125 -10.1318359375 2025513
5.79833984375 3.47900390625 -3.173828125 2025513
5.79833984375 3.47900390625 -3.173828125 2025514
5.79833984375 3.47900390625 -3.173828125 2025514
5.79833984375 3.47900390625 -3.173828125 2025615
10.19287109375 -1.64794921875 -1.708984375 2025615
10.19287109375 -1.64794921875 -1.708984375 2025616
10.19287109375 -1.64794921875 -1.708984375 2025616
9.3994140625 0.8544921875 -2.86865234375 2025831
-4.8828125 -4.638671875 -0.06103515625 2025831
-4.8828125 -4.638671875 -0.06103515625 2025831
-4.8828125 -4.638671875 -0.06103515625 2025832
-13.3056640625 -14.2822265625 4.82177734375 2026015
-6.65283203125 -5.7373046875 4.150390625 2026015
-6.65283203125 -5.7373046875 4.150390625 2026016
-6.65283203125 -5.7373046875 4.150390625 2026016
-6.65283203125 -5.7373046875 4.150390625 2026183
-10.07080078125 0.79345703125 0.06103515625 2026184
-10.07080078125 0.79345703125 0.06103515625 2026184
-10.07080078125 0.79345703125 0.06103515625 2026185
-12.02392578125 -3.662109375 -3.35693359375 2026307
1.52587890625 -4.45556640625 3.35693359375 2026307
1.52587890625 -4.45556640625 3.35693359375 2026307
1.52587890625 -4.45556640625 3.35693359375 2026308
1.52587890625 -4.45556640625 3.35693359375 2026419
-1.953125 -4.94384765625 1.220703125 2026419
-1.953125 -4.94384765625 1.220703125 2026420
-1.953125 -4.94384765625 1.220703125 2026420
-1.953125 -4.94384765625 1.220703125 2026540
-1.5869140625 1.3427734375 -0.8544921875 2026540
-1.5869140625 1.3427734375 -0.8544921875 2026540
-1.5869140625 1.3427734375 -0.8544921875 2026541
0.06103515625 0.6103515625 5.859375 2026702
-3.11279296875 -7.4462890625 5.615234375 2026702
-3.11279296875 -7.4462890625 5.615234375 2026703
-3.11279296875 -7.4462890625 5.615234375 2026703
-3.11279296875 -7.4462890625 5.615234375 2026805
4.21142578125 -2.685546875 -3.0517578125 2026805
4.21142578125 -2.685546875 -3.0517578125 2026805
4.21142578125 -2.685546875 -3.0517578125 2026806
4.21142578125 -2.685546875 -3.0517578125 2026915
0 -2.8076171875 5.0048828125 2026915
0 -2.8076171875 5.0048828125 2026915
0 -2.8076171875 5.0048828125 2026916
4.0283203125 -0.42724609375 -0.1220703125 2027111
5.4931640625 12.51220703125 -7.32421875 2027111
5.4931640625 12.51220703125 -7.32421875 2027111
5.4931640625 12.51220703125 -7.32421875 2027112
-8.1787109375 1.28173828125 2.62451171875 2027302
2.62451171875 4.0283203125 -0.3662109375 2027302
2.62451171875 4.0283203125 -0.3662109375 2027302
2.62451171875 4.0283203125 -0.3662109375 2027303
2.62451171875 4.0283203125 -0.3662109375 2027404
-29.1748046875 0.8544921875 3.23486328125 2027404
-29.1748046875 0.8544921875 3.23486328125 2027404
-29.1748046875 0.8544921875 3.23486328125 2027405
-29.1748046875 0.8544921875 3.23486328125 2027513
-6.77490234375 -2.25830078125 -5.0048828125 2027513
-6.77490234375 -2.25830078125 -5.0048828125 2027514
-6.77490234375 -2.25830078125 -5.0048828125 2027514
-4.150390625 -4.2724609375 1.77001953125 2027712
-1.953125 -0.54931640625 -2.197265625 2027712
-1.953125 -0.54931640625 -2.197265625 2027713
-1.953125 -0.54931640625 -2.197265625 2027713
-1.953125 -0.54931640625 -2.197265625 2027822
2.5634765625 -8.48388671875 7.62939453125 2027823
2.5634765625 -8.48388671875 7.62939453125 2027823
2.5634765625 -8.48388671875 7.62939453125 2027823
1.3427734375 -8.97216796875 0.06103515625 2028012
-5.92041015625 -5.859375 3.7841796875 2028012
-5.92041015625 -5.859375 3.7841796875 2028012
-5.92041015625 -5.859375 3.7841796875 2028013
-2.50244140625 3.90625 0.30517578125 2028205
-2.38037109375 0 -1.28173828125 2028205
-2.38037109375 0 -1.28173828125 2028205
-2.38037109375 0 -1.28173828125 2028206
-2.38037109375 0 -1.28173828125 2028308
-2.0751953125 -2.9296875 -0.67138671875 2028308
-2.0751953125 -2.9296875 -0.67138671875 2028308
-2.0751953125 -2.9296875 -0.67138671875 2028309
-2.0751953125 -2.9296875 -0.67138671875 2028411
1.5869140625 -0.67138671875 -4.7607421875 2028411
1.5869140625 -0.67138671875 -4.7607421875 2028411
1.5869140625 -0.67138671875 -4.7607421875 2028412
1.5869140625 -0.67138671875 -4.7607421875 2028513
-0.18310546875 -1.28173828125 -4.69970703125 2028560
-0.18310546875 -1.28173828125 -4.69970703125 2028561
-0.18310546875 -1.28173828125 -4.69970703125 2028561
-5.92041015625 -5.31005859375 -4.82177734375 2028702
-12.939453125 -2.74658203125 -8.7890625 2028702
-12.939453125 -2.74658203125 -8.7890625 2028702
-12.939453125 -2.74658203125 -8.7890625 2028703
-12.939453125 -2.74658203125 -8.7890625 2028804
-13.24462890625 -2.99072265625 -10.498046875 2028804
-13.24462890625 -2.99072265625 -10.498046875 2028804
-13.24462890625 -2.99072265625 -10.498046875 2028805
-13.24462890625 -2.99072265625 -10.498046875 2028907
-9.33837890625 -0.3662109375 -4.94384765625 2028907
-9.33837890625 -0.3662109375 -4.94384765625 2028907
-9.33837890625 -0.3662109375 -4.94384765625 2028908
-9.33837890625 -0.3662109375 -4.94384765625 2029010
-5.126953125 -4.57763671875 -1.708984375 2029010
-5.126953125 -4.57763671875 -1.708984375 2029010
-5.126953125 -4.57763671875 -1.708984375 2029011
-5.126953125 -4.57763671875 -1.708984375 2029112
-5.55419921875 -9.58251953125 1.15966796875 2029112
-5.55419921875 -9.58251953125 1.15966796875 2029113
-5.55419921875 -9.58251953125 1.15966796875 2029113
-5.9814453125 -6.4697265625 -1.8310546875 2029302
-5.9814453125 -7.32421875 -3.5400390625 2029302
-5.9814453125 -7.32421875 -3.5400390625 2029303
-5.9814453125 -7.32421875 -3.5400390625 2029303
-5.9814453125 -7.32421875 -3.5400390625 2029405
-1.8310546875 -10.3759765625 -8.1787109375 2029405
-1.8310546875 -10.3759765625 -8.1787109375 2029405
-1.8310546875 -10.3759765625 -8.1787109375 2029406
-1.8310546875 -10.3759765625 -8.1787109375 2029507
-1.89208984375 -9.94873046875 -8.1787109375 2029507
-1.89208984375 -9.94873046875 -8.1787109375 2029508
-1.89208984375 -9.94873046875 -8.1787109375 2029508
-1.89208984375 -9.94873046875 -8.1787109375 2029609
-3.23486328125 -9.33837890625 -5.4931640625 2029609
-3.23486328125 -9.33837890625 -5.4931640625 2029610
-3.23486328125 -9.33837890625 -5.4931640625 2029610
-3.23486328125 -9.33837890625 -5.4931640625 2029712
-0.06103515625 -7.14111328125 -18.49365234375 2029712
-0.06103515625 -7.14111328125 -18.49365234375 2029713
-0.06103515625 -7.14111328125 -18.49365234375 2029713
-1.3427734375 -13.0615234375 -9.46044921875 2029904
-8.30078125 -10.25390625 -11.65771484375 2029904
-8.30078125 -10.25390625 -11.65771484375 2029904
-8.30078125 -10.25390625 -11.65771484375 2029905
-8.30078125 -10.25390625 -11.65771484375 2030006
-0.8544921875 -11.53564453125 -9.1552734375 2030006
-0.8544921875 -11.53564453125 -9.1552734375 2030006
-0.8544921875 -11.53564453125 -9.1552734375 2030007
-0.8544921875 -11.53564453125 -9.1552734375 2030108
2.74658203125 5.18798828125 -16.66259765625 2030110
2.74658203125 5.18798828125 -16.66259765625 2030110
2.74658203125 5.18798828125 -16.66259765625 2030111
2.74658203125 5.18798828125 -16.66259765625 2030211
5.37109375 -7.8125 0.54931640625 2030212
5.37109375 -7.8125 0.54931640625 2030212
5.37109375 -7.8125 0.54931640625 2030212
-2.25830078125 -7.75146484375 -6.40869140625 2030404
-3.662109375 0.54931640625 -9.09423828125 2030404
-3.662109375 0.54931640625 -9.09423828125 2030404
-3.662109375 0.54931640625 -9.09423828125 2030405
-3.662109375 0.54931640625 -9.09423828125 2030507
3.35693359375 -3.47900390625 -3.662109375 2030507
3.35693359375 -3.47900390625 -3.662109375 2030507
3.35693359375 -3.47900390625 -3.662109375 2030508
3.35693359375 -3.47900390625 -3.662109375 2030612
-9.70458984375 0.30517578125 -17.88330078125 2030612
-9.70458984375 0.30517578125 -17.88330078125 2030612
-9.70458984375 0.30517578125 -17.88330078125 2030613
-3.47900390625 1.52587890625 -0.06103515625 2030803
-1.89208984375 -2.25830078125 2.5634765625 2030803
-1.89208984375 -2.25830078125 2.5634765625 2030803
-1.89208984375 -2.25830078125 2.5634765625 2030804
-1.89208984375 -2.25830078125 2.5634765625 2030906
-3.5400390625 -2.99072265625 -1.40380859375 2030906
-3.5400390625 -2.99072265625 -1.40380859375 2030906
-3.5400390625 -2.99072265625 -1.40380859375 2030907
-3.5400390625 -2.99072265625 -1.40380859375 2031022
-5.615234375 -4.5166015625 -10.19287109375 2031023
-5.615234375 -4.5166015625 -10.19287109375 2031023
-5.615234375 -4.5166015625 -10.19287109375 2031024
-1.8310546875 -5.615234375 -4.2724609375 2031212
-11.5966796875 -3.2958984375 -5.126953125 2031212
-11.5966796875 -3.2958984375 -5.126953125 2031212
-11.5966796875 -3.2958984375 -5.126953125 2031213
1.03759765625 -0.732421875 -6.7138671875 2031402
-4.638671875 -3.5400390625 -6.591796875 2031402
-4.638671875 -3.5400390625 -6.591796875 2031402
-4.638671875 -3.5400390625 -6.591796875 2031403
-4.638671875 -3.5400390625 -6.591796875 2031504
-3.173828125 -0.3662109375 -3.173828125 2031504
-3.173828125 -0.3662109375 -3.173828125 2031504
-3.173828125 -0.3662109375 -3.173828125 2031505
0.91552734375 -8.85009765625 -1.46484375 2031607
0.91552734375 -8.85009765625 -1.46484375 2031607
0.91552734375 -8.85009765625 -1.46484375 2031608
0.91552734375 -8.85009765625 -1.46484375 2031709
6.591796875 -14.34326171875 3.96728515625 2031709
6.591796875 -14.34326171875 3.96728515625 2031710
6.591796875 -14.34326171875 3.96728515625 2031710
6.591796875 -14.34326171875 3.96728515625 2031811
9.8876953125 -35.2783203125 13.0615234375 2031811
9.8876953125 -35.2783203125 13.0615234375 2031811
9.8876953125 -35.2783203125 13.0615234375 2031812
2.50244140625 -33.26416015625 12.75634765625 2032003
8.11767578125 -32.3486328125 6.04248046875 2032003
8.11767578125 -32.3486328125 6.04248046875 2032003
8.11767578125 -32.3486328125 6.04248046875 2032004
8.11767578125 -32.3486328125 6.04248046875 2032105
5.2490234375 -31.8603515625 17.333984375 2032105
5.2490234375 -31.8603515625 17.333984375 2032105
5.2490234375 -31.8603515625 17.333984375 2032106
5.2490234375 -31.8603515625 17.333984375 2032208
0.8544921875 -24.59716796875 9.1552734375 2032208
0.8544921875 -24.59716796875 9.1552734375 2032209
0.8544921875 -24.59716796875 9.1552734375 2032209
0.8544921875 -24.59716796875 9.1552734375 2032311
2.3193359375 -21.54541015625 10.25390625 2032311
2.3193359375 -21.54541015625 10.25390625 2032319
2.3193359375 -21.54541015625 10.25390625 2032320
0.9765625 -5.126953125 -0.42724609375 2032500
-23.49853515625 67.19970703125 -12.939453125 2032500
-23.49853515625 67.19970703125 -12.939453125 2032500
-23.49853515625 67.19970703125 -12.939453125 2032501
-23.49853515625 67.19970703125 -12.939453125 2032608
-48.15673828125 77.63671875 -35.5224609375 2032608
-48.15673828125 77.63671875 -35.5224609375 2032609
-48.15673828125 77.63671875 -35.5224609375 2032609
-20.32470703125 65.91796875 -6.7138671875 2032808
17.27294921875 37.04833984375 28.86962890625 2032808
17.27294921875 37.04833984375 28.86962890625 2032809
17.27294921875 37.04833984375 28.86962890625 2032809
17.27294921875 37.04833984375 28.86962890625 2032910
37.9638671875 22.3388671875 50.9033203125 2032910
37.9638671875 22.3388671875 50.9033203125 2032911
37.9638671875 22.3388671875 50.9033203125 2032911
34.7900390625 29.4189453125 32.53173828125 2033101
33.3251953125 43.51806640625 15.19775390625 2033101
33.3251953125 43.51806640625 15.19775390625 2033101
33.3251953125 43.51806640625 15.19775390625 2033102
33.3251953125 43.51806640625 15.19775390625 2033203
36.0107421875 39.0625 -3.173828125 2033203
36.0107421875 39.0625 -3.173828125 2033203
36.0107421875 39.0625 -3.173828125 2033204
36.0107421875 39.0625 -3.173828125 2033305
11.8408203125 15.44189453125 -0.06103515625 2033305
11.8408203125 15.44189453125 -0.06103515625 2033306
11.8408203125 15.44189453125 -0.06103515625 2033306
11.8408203125 15.44189453125 -0.06103515625 2033410
34.66796875 -0.9765625 22.27783203125 2033410
34.66796875 -0.9765625 22.27783203125 2033410
34.66796875 -0.9765625 22.27783203125 2033411
34.66796875 -0.9765625 22.27783203125 2033512
28.25927734375 15.5029296875 -1.5869140625 2033512
28.25927734375 15.5029296875 -1.5869140625 2033513
28.25927734375 15.5029296875 -1.5869140625 2033513
14.16015625 16.54052734375 -7.99560546875 2033699
11.04736328125 15.93017578125 3.7841796875 2033699
11.04736328125 15.93017578125 3.7841796875 2033700
11.04736328125 15.93017578125 3.7841796875 2033700
11.04736328125 15.93017578125 3.7841796875 2033802
10.986328125 2.25830078125 8.544921875 2033802
10.986328125 2.25830078125 8.544921875 2033802
10.986328125 2.25830078125 8.544921875 2033803
10.986328125 2.25830078125 8.544921875 2033904
7.62939453125 -1.5869140625 -1.46484375 2033904
7.62939453125 -1.5869140625 -1.46484375 2033904
7.62939453125 -1.5869140625 -1.46484375 2033905
7.62939453125 -1.5869140625 -1.46484375 2034008
-19.10400390625 -8.7890625 1.220703125 2034008
-19.10400390625 -8.7890625 1.220703125 2034008
-19.10400390625 -8.7890625 1.220703125 2034009
-42.41943359375 -18.98193359375 -9.765625 2034202
-39.61181640625 -11.77978515625 -17.333984375 2034202
-39.61181640625 -11.77978515625 -17.333984375 2034203
-39.61181640625 -11.77978515625 -17.333984375 2034203
-39.61181640625 -11.77978515625 -17.333984375 2034306
-34.11865234375 -8.056640625 -8.30078125 2034306
-34.11865234375 -8.056640625 -8.30078125 2034306
-34.11865234375 -8.056640625 -8.30078125 2034307
-34.11865234375 -8.056640625 -8.30078125 2034408
-22.3388671875 -1.64794921875 -14.16015625 2034408
-22.3388671875 -1.64794921875 -14.16015625 2034409
-22.3388671875 -1.64794921875 -14.16015625 2034409
-22.3388671875 -1.64794921875 -14.16015625 2034511
-5.18798828125 -21.91162109375 19.1650390625 2034511
-5.18798828125 -21.91162109375 19.1650390625 2034512
-5.18798828125 -21.91162109375 19.1650390625 2034512
-5.92041015625 -5.18798828125 -1.5869140625 2034701
-3.72314453125 -10.43701171875 4.8828125 2034701
-3.72314453125 -10.43701171875 4.8828125 2034701
-3.72314453125 -10.43701171875 4.8828125 2034702
-3.72314453125 -10.43701171875 4.8828125 2034806
-4.7607421875 -4.94384765625 2.9296875 2034806
-4.7607421875 -4.94384765625 2.9296875 2034806
-4.7607421875 -4.94384765625 2.9296875 2034807
-4.7607421875 -4.94384765625 2.9296875 2034910
-4.8828125 -9.6435546875 0.1220703125 2034910
-4.8828125 -9.6435546875 0.1220703125 2034910
-4.8828125 -9.6435546875 0.1220703125 2034911
-4.8828125 -9.6435546875 0.1220703125 2035012
-4.5166015625 -11.77978515625 -0.18310546875 2035012
-4.5166015625 -11.77978515625 -0.18310546875 2035012
-4.5166015625 -11.77978515625 -0.18310546875 2035013
-3.23486328125 -10.6201171875 -5.55419921875 2035210
-0.06103515625 -21.91162109375 -9.82666015625 2035210
-0.06103515625 -21.91162109375 -9.82666015625 2035211
-0.06103515625 -21.91162109375 -9.82666015625 2035211
-7.9345703125 -8.4228515625 -15.7470703125 2035407
-2.74658203125 -12.02392578125 -7.9345703125 2035407
-2.74658203125 -12.02392578125 -7.9345703125 2035407
-2.74658203125 -12.02392578125 -7.9345703125 2035415
-2.74658203125 -12.02392578125 -7.9345703125 2035509
-5.06591796875 -7.32421875 -14.58740234375 2035509
-5.06591796875 -7.32421875 -14.58740234375 2035510
-3.90625 -5.37109375 -14.09912109375 2035590
-3.90625 -5.37109375 -14.09912109375 2035699
-3.0517578125 -14.58740234375 -14.6484375 2035699
-3.0517578125 -14.58740234375 -14.6484375 2035699
-3.0517578125 -14.58740234375 -14.6484375 2035700
-3.0517578125 -14.58740234375 -14.6484375 2035803
1.89208984375 -8.056640625 -10.43701171875 2035803
1.89208984375 -8.056640625 -10.43701171875 2035804
1.89208984375 -8.056640625 -10.43701171875 2035804
0.9765625 -10.3759765625 -6.9580078125 2035905
0.9765625 -10.3759765625 -6.9580078125 2035905
0.9765625 -10.3759765625 -6.9580078125 2035905
0.9765625 -10.3759765625 -6.9580078125 2036010
-10.7421875 -6.2255859375 -16.7236328125 2036010
-10.7421875 -6.2255859375 -16.7236328125 2036011
-10.7421875 -6.2255859375 -16.7236328125 2036011
-10.7421875 -6.2255859375 -16.7236328125 2036112
-4.2724609375 -4.69970703125 -5.79833984375 2036112
-4.2724609375 -4.69970703125 -5.79833984375 2036113
-4.2724609375 -4.69970703125 -5.79833984375 2036113
-3.60107421875 -3.60107421875 -1.708984375 2036301
0.42724609375 -3.72314453125 -8.30078125 2036301
0.42724609375 -3.72314453125 -8.30078125 2036301
0.42724609375 -3.72314453125 -8.30078125 2036302
0.42724609375 -3.72314453125 -8.30078125 2036404
3.173828125 -7.8125 -3.11279296875 2036404
3.173828125 -7.8125 -3.11279296875 2036404
3.173828125 -7.8125 -3.11279296875 2036405
3.173828125 -7.8125 -3.11279296875 2036507
-0.3662109375 -5.4931640625 1.708984375 2036507
-0.3662109375 -5.4931640625 1.708984375 2036508
-0.3662109375 -5.4931640625 1.708984375 2036508
-0.3662109375 -5.4931640625 1.708984375 2036609
-3.0517578125 -3.60107421875 0.244140625 2036609
-3.0517578125 -3.60107421875 0.244140625 2036609
-3.0517578125 -3.60107421875 0.244140625 2036610
-1.64794921875 -13.5498046875 1.3427734375 2036803
2.50244140625 -16.2353515625 3.23486328125 2036803
2.50244140625 -16.2353515625 3.23486328125 2036803
2.50244140625 -16.2353515625 3.23486328125 2036804
0.79345703125 -16.66259765625 6.77490234375 2036907
0.79345703125 -16.66259765625 6.77490234375 2036907
0.79345703125 -16.66259765625 6.77490234375 2036907
0.79345703125 -16.66259765625 6.77490234375 2037009
18.9208984375 -59.50927734375 22.4609375 2037009
18.9208984375 -59.50927734375 22.4609375 2037009
18.9208984375 -59.50927734375 22.4609375 2037010
3.5400390625 -47.79052734375 26.55029296875 2037202
-6.34765625 -6.8359375 10.25390625 2037202
-6.34765625 -6.8359375 10.25390625 2037202
-6.34765625 -6.8359375 10.25390625 2037203
-6.34765625 -6.8359375 10.25390625 2037304
-11.04736328125 -17.76123046875 18.06640625 2037304
-11.04736328125 -17.76123046875 18.06640625 2037304
-11.04736328125 -17.76123046875 18.06640625 2037305
-11.04736328125 -17.76123046875 18.06640625 2037421
-3.173828125 0 5.615234375 2037421
-3.173828125 0 5.615234375 2037422
-3.173828125 0 5.615234375 2037422
-12.63427734375 61.95068359375 -12.51220703125 2037588
-25.81787109375 73.30322265625 -26.0009765625 2037588
-25.81787109375 73.30322265625 -26.0009765625 2037589
-25.81787109375 73.30322265625 -26.0009765625 2037589
-25.81787109375 73.30322265625 -26.0009765625 2037699
-24.23095703125 48.33984375 -22.8271484375 2037699
-24.23095703125 48.33984375 -22.8271484375 2037699
-24.23095703125 48.33984375 -22.8271484375 2037700
-24.23095703125 48.33984375 -22.8271484375 2037801
0.1220703125 23.62060546875 -1.52587890625 2037801
0.1220703125 23.62060546875 -1.52587890625 2037802
0.1220703125 23.62060546875 -1.52587890625 2037802
0.1220703125 23.62060546875 -1.52587890625 2037905
-7.568359375 -2.99072265625 -2.197265625 2037905
-7.568359375 -2.99072265625 -2.197265625 2037906
-7.568359375 -2.99072265625 -2.197265625 2037906
-7.568359375 -2.99072265625 -2.197265625 2038007
3.173828125 -3.2958984375 4.69970703125 2038008
3.173828125 -3.2958984375 4.69970703125 2038009
3.173828125 -3.2958984375 4.69970703125 2038010
3.173828125 -3.2958984375 4.69970703125 2038109
-4.45556640625 2.99072265625 8.72802734375 2038109
-4.45556640625 2.99072265625 8.72802734375 2038109
-4.45556640625 2.99072265625 8.72802734375 2038110
-0.18310546875 18.06640625 17.333984375 2038300
22.8271484375 13.7939453125 52.67333984375 2038300
22.8271484375 13.7939453125 52.67333984375 2038300
22.8271484375 13.7939453125 52.67333984375 2038301
22.8271484375 13.7939453125 52.67333984375 2038402
104.00390625 33.75244140625 99.91455078125 2038402
104.00390625 33.75244140625 99.91455078125 2038403
104.00390625 33.75244140625 99.91455078125 2038403
104.00390625 33.75244140625 99.91455078125 2038504
62.07275390625 30.09033203125 23.193359375 2038504
62.07275390625 30.09033203125 23.193359375 2038504
62.07275390625 30.09033203125 23.193359375 2038505
62.07275390625 30.09033203125 23.193359375 2038608
42.66357421875 23.0712890625 2.0751953125 2038608
42.66357421875 23.0712890625 2.0751953125 2038609
42.66357421875 23.0712890625 2.0751953125 2038609
42.66357421875 23.0712890625 2.0751953125 2038709
44.73876953125 18.9208984375 -0.244140625 2038709
44.73876953125 18.9208984375 -0.244140625 2038709
44.73876953125 18.9208984375 -0.244140625 2038710
18.49365234375 14.83154296875 6.2255859375 2038899
7.14111328125 14.6484375 -9.6435546875 2038899
7.14111328125 14.6484375 -9.6435546875 2038899
7.14111328125 14.6484375 -9.6435546875 2038900
7.14111328125 14.6484375 -9.6435546875 2039002
3.60107421875 5.126953125 1.40380859375 2039002
3.60107421875 5.126953125 1.40380859375 2039002
3.60107421875 5.126953125 1.40380859375 2039003
3.60107421875 5.126953125 1.40380859375 2039104
8.36181640625 -3.662109375 0.18310546875 2039104
8.36181640625 -3.662109375 0.18310546875 2039104
8.36181640625 -3.662109375 0.18310546875 2039105
8.36181640625 -3.662109375 0.18310546875 2039207
3.47900390625 0.1220703125 7.01904296875 2039207
3.47900390625 0.1220703125 7.01904296875 2039208
3.47900390625 0.1220703125 7.01904296875 2039208
3.47900390625 0.1220703125 7.01904296875 2039309
-4.2724609375 0.54931640625 -11.77978515625 2039309
-4.2724609375 0.54931640625 -11.77978515625 2039310
-4.2724609375 0.54931640625 -11.77978515625 2039310
-55.7861328125 -25.08544921875 1.40380859375 2039501
-50.84228515625 -11.8408203125 -4.0283203125 2039501
-50.84228515625 -11.8408203125 -4.0283203125 2039501
-50.84228515625 -11.8408203125 -4.0283203125 2039502
-50.84228515625 -11.8408203125 -4.0283203125 2039603
-14.95361328125 -11.77978515625 -10.3759765625 2039603
-14.95361328125 -11.77978515625 -10.3759765625 2039604
-14.95361328125 -11.77978515625 -10.3759765625 2039604
-14.95361328125 -11.77978515625 -10.3759765625 2039705
-5.7373046875 -8.7890625 5.9814453125 2039705
-5.7373046875 -8.7890625 5.9814453125 2039705
-5.7373046875 -8.7890625 5.9814453125 2039706
-5.7373046875 -8.7890625 5.9814453125 2039809
-5.31005859375 -4.39453125 1.64794921875 2039809
-5.31005859375 -4.39453125 1.64794921875 2039810
-5.31005859375 -4.39453125 1.64794921875 2039810
-5.31005859375 -4.39453125 1.64794921875 2039911
-18.798828125 -8.48388671875 -6.591796875 2039911
-18.798828125 -8.48388671875 -6.591796875 2039911
-18.798828125 -8.48388671875 -6.591796875 2039912
2.3193359375 -13.73291015625 8.544921875 2040100
-4.57763671875 -11.77978515625 2.50244140625 2040100
-4.57763671875 -11.77978515625 2.50244140625 2040100
-4.57763671875 -11.77978515625 2.50244140625 2040101
-4.57763671875 -11.77978515625 2.50244140625 2040202
-0.67138671875 -8.23974609375 4.8828125 2040202
-0.67138671875 -8.23974609375 4.8828125 2040202
-0.67138671875 -8.23974609375 4.8828125 2040203
-0.67138671875 -8.23974609375 4.8828125 2040306
0.79345703125 -3.173828125 1.52587890625 2040306
0.79345703125 -3.173828125 1.52587890625 2040306
0.79345703125 -3.173828125 1.52587890625 2040307
0.79345703125 -3.173828125 1.52587890625 2040409
-2.38037109375 -9.58251953125 0.30517578125 2040409
-2.38037109375 -9.58251953125 0.30517578125 2040409
-2.38037109375 -9.58251953125 0.30517578125 2040410
0.18310546875 -7.75146484375 -1.708984375 2040602
-2.01416015625 -9.27734375 -3.662109375 2040602
-2.01416015625 -9.27734375 -3.662109375 2040602
-2.01416015625 -9.27734375 -3.662109375 2040603
-2.01416015625 -9.27734375 -3.662109375 2040705
-3.35693359375 -8.85009765625 -10.1318359375 2040705
-3.35693359375 -8.85009765625 -10.1318359375 2040706
-3.35693359375 -8.85009765625 -10.1318359375 2040706
-3.35693359375 -8.85009765625 -10.1318359375 2040807
-4.0283203125 -10.19287109375 -8.1787109375 2040807
-4.0283203125 -10.19287109375 -8.1787109375 2040807
-4.0283203125 -10.19287109375 -8.1787109375 2040808
-4.0283203125 -10.19287109375 -8.1787109375 2040911
-2.38037109375 -8.6669921875 -7.75146484375 2040911
-2.38037109375 -8.6669921875 -7.75146484375 2040911
-2.38037109375 -8.6669921875 -7.75146484375 2040912
-0.9765625 -5.43212890625 -10.07080078125 2041098
-4.69970703125 -6.8359375 -9.6435546875 2041098
-4.69970703125 -6.8359375 -9.6435546875 2041098
-4.69970703125 -6.8359375 -9.6435546875 2041099
-4.69970703125 -6.8359375 -9.6435546875 2041200
2.9296875 -9.33837890625 -2.5634765625 2041200
2.9296875 -9.33837890625 -2.5634765625 2041200
2.9296875 -9.33837890625 -2.5634765625 2041201
2.9296875 -9.33837890625 -2.5634765625 2041303
-3.23486328125 -5.79833984375 -5.9814453125 2041303
-3.23486328125 -5.79833984375 -5.9814453125 2041303
-3.23486328125 -5.79833984375 -5.9814453125 2041305
-3.23486328125 -5.79833984375 -5.9814453125 2041405
-3.90625 -2.62451171875 -13.671875 2041405
-3.90625 -2.62451171875 -13.671875 2041405
-3.90625 -2.62451171875 -13.671875 2041406
-3.90625 -2.62451171875 -13.671875 2041508
-2.0751953125 -3.90625 -5.4931640625 2041508
-2.0751953125 -3.90625 -5.4931640625 2041508
-2.0751953125 -3.90625 -5.4931640625 2041509
-0.91552734375 -7.38525390625 -2.8076171875 2041698
-2.25830078125 -3.5400390625 -2.13623046875 2041698
-2.25830078125 -3.5400390625 -2.13623046875 2041698
-2.25830078125 -3.5400390625 -2.13623046875 2041699
-2.25830078125 -3.5400390625 -2.13623046875 2041800
-0.06103515625 -4.21142578125 -9.46044921875 2041800
-0.06103515625 -4.21142578125 -9.46044921875 2041801
-0.06103515625 -4.21142578125 -9.46044921875 2041801
-0.06103515625 -4.21142578125 -9.46044921875 2041902
-2.13623046875 1.708984375 -12.63427734375 2041902
-2.13623046875 1.708984375 -12.63427734375 2041903
-2.13623046875 1.708984375 -12.63427734375 2041903
-6.77490234375 -3.11279296875 -10.80322265625 2042099
-1.28173828125 -5.4931640625 -2.0751953125 2042099
-1.28173828125 -5.4931640625 -2.0751953125 2042100
-1.28173828125 -5.4931640625 -2.0751953125 2042100
-1.28173828125 -5.4931640625 -2.0751953125 2042205
1.46484375 -2.9296875 0.67138671875 2042206
1.46484375 -2.9296875 0.67138671875 2042206
1.46484375 -2.9296875 0.67138671875 2042207
-2.25830078125 -6.89697265625 -2.13623046875 2042408
1.0986328125 -5.9814453125 4.21142578125 2042408
1.0986328125 -5.9814453125 4.21142578125 2042408
1.0986328125 -5.9814453125 4.21142578125 2042409
-2.62451171875 -8.60595703125 4.2724609375 2042603
8.544921875 -29.052734375 7.32421875 2042603
8.544921875 -29.052734375 7.32421875 2042603
8.544921875 -29.052734375 7.32421875 2042604
8.544921875 -29.052734375 7.32421875 2042705
13.671875 -46.38671875 16.4794921875 2042705
13.671875 -46.38671875 16.4794921875 2042706
13.671875 -46.38671875 16.4794921875 2042707
13.671875 -46.38671875 16.4794921875 2042811
1.46484375 -31.79931640625 11.962890625 2042811
1.46484375 -31.79931640625 11.962890625 2042812
1.46484375 -31.79931640625 11.962890625 2042812
5.2490234375 -36.376953125 14.0380859375 2043001
-1.40380859375 -20.751953125 7.87353515625 2043002
-1.40380859375 -20.751953125 7.87353515625 2043002
-1.40380859375 -20.751953125 7.87353515625 2043002
-1.40380859375 -20.751953125 7.87353515625 2043104
-8.60595703125 9.46044921875 -0.1220703125 2043104
-8.60595703125 9.46044921875 -0.1220703125 2043104
-8.60595703125 9.46044921875 -0.1220703125 2043105
-8.60595703125 9.46044921875 -0.1220703125 2043207
-29.35791015625 88.68408203125 -30.33447265625 2043207
-29.35791015625 88.68408203125 -30.33447265625 2043207
-29.35791015625 88.68408203125 -30.33447265625 2043208
-29.35791015625 88.68408203125 -30.33447265625 2043309
-60.60791015625 83.43505859375 -67.81005859375 2043309
-60.60791015625 83.43505859375 -67.81005859375 2043309
-60.60791015625 83.43505859375 -67.81005859375 2043310
-5.92041015625 32.8369140625 28.38134765625 2043498
2.86865234375 22.39990234375 21.240234375 2043498
2.86865234375 22.39990234375 21.240234375 2043498
2.86865234375 22.39990234375 21.240234375 2043499
2.86865234375 22.39990234375 21.240234375 2043601
70.6787109375 50.9033203125 118.408203125 2043601
70.6787109375 50.9033203125 118.408203125 2043602
70.6787109375 50.9033203125 118.408203125 2043602
70.6787109375 50.9033203125 118.408203125 2043703
39.73388671875 59.08203125 19.04296875 2043703
39.73388671875 59.08203125 19.04296875 2043703
39.73388671875 59.08203125 19.04296875 2043704
39.73388671875 59.08203125 19.04296875 2043819
20.69091796875 10.43701171875 7.9345703125 2043820
20.69091796875 10.43701171875 7.9345703125 2043820
20.69091796875 10.43701171875 7.9345703125 2043821
25.87890625 18.61572265625 7.6904296875 2043987
12.939453125 11.16943359375 6.8359375 2043987
12.939453125 11.16943359375 6.8359375 2043987
12.939453125 11.16943359375 6.8359375 2043988
12.939453125 11.16943359375 6.8359375 2044098
3.662109375 6.28662109375 -3.5400390625 2044098
3.662109375 6.28662109375 -3.5400390625 2044099
3.662109375 6.28662109375 -3.5400390625 2044099
3.662109375 6.28662109375 -3.5400390625 2044201
14.7705078125 -2.9296875 -2.3193359375 2044201
14.7705078125 -2.9296875 -2.3193359375 2044201
14.7705078125 -2.9296875 -2.3193359375 2044202
14.7705078125 -2.9296875 -2.3193359375 2044303
15.80810546875 -5.615234375 8.30078125 2044303
15.80810546875 -5.615234375 8.30078125 2044303
15.80810546875 -5.615234375 8.30078125 2044304
15.80810546875 -5.615234375 8.30078125 2044405
20.69091796875 -10.68115234375 1.708984375 2044405
20.69091796875 -10.68115234375 1.708984375 2044407
20.69091796875 -10.68115234375 1.708984375 2044407
20.69091796875 -10.68115234375 1.708984375 2044508
-13.671875 -15.9912109375 9.21630859375 2044508
-13.671875 -15.9912109375 9.21630859375 2044508
-13.671875 -15.9912109375 9.21630859375 2044509
-42.236328125 -14.5263671875 -19.71435546875 2044698
-29.47998046875 -13.12255859375 -2.44140625 2044698
-29.47998046875 -13.12255859375 -2.44140625 2044698
-29.47998046875 -13.12255859375 -2.44140625 2044699
-29.47998046875 -13.12255859375 -2.44140625 2044818
-15.625 -4.94384765625 3.72314453125 2044819
-15.625 -4.94384765625 3.72314453125 2044819
-15.625 -4.94384765625 3.72314453125 2044819
-21.17919921875 -4.69970703125 -10.92529296875 2045009
-8.7890625 -15.44189453125 2.44140625 2045011
-8.7890625 -15.44189453125 2.44140625 2045011
-8.7890625 -15.44189453125 2.44140625 2045011
-4.57763671875 -19.6533203125 12.14599609375 2045187
4.82177734375 -4.39453125 -4.08935546875 2045187
4.82177734375 -4.39453125 -4.08935546875 2045187
4.82177734375 -4.39453125 -4.08935546875 2045188
4.82177734375 -4.39453125 -4.08935546875 2045297
-7.62939453125 -7.4462890625 -0.48828125 2045297
-7.62939453125 -7.4462890625 -0.48828125 2045297
-7.62939453125 -7.4462890625 -0.48828125 2045298
-7.62939453125 -7.4462890625 -0.48828125 2045400
-5.18798828125 -10.7421875 -3.90625 2045400
-5.18798828125 -10.7421875 -3.90625 2045400
-5.18798828125 -10.7421875 -3.90625 2045401
-5.18798828125 -10.7421875 -3.90625 2045504
-10.31494140625 -17.02880859375 -10.6201171875 2045504
-10.31494140625 -17.02880859375 -10.6201171875 2045504
-10.31494140625 -17.02880859375 -10.6201171875 2045505
-10.31494140625 -17.02880859375 -10.6201171875 2045606
-3.96728515625 -13.18359375 -12.939453125 2045606
-3.96728515625 -13.18359375 -12.939453125 2045606
-3.96728515625 -13.18359375 -12.939453125 2045607
-3.96728515625 -13.18359375 -12.939453125 2045709
-4.82177734375 -13.48876953125 -20.1416015625 2045709
-4.82177734375 -13.48876953125 -20.1416015625 2045710
-4.82177734375 -13.48876953125 -20.1416015625 2045710
2.86865234375 -3.11279296875 -26.4892578125 2045899
-2.685546875 -9.033203125 -8.056640625 2045900
-2.685546875 -9.033203125 -8.056640625 2045901
-2.685546875 -9.033203125 -8.056640625 2045901
-2.685546875 -9.033203125 -8.056640625 2046000
-6.77490234375 -9.1552734375 -14.34326171875 2046000
-0.9765625 -9.27734375 -15.31982421875 2046104
-0.9765625 -9.27734375 -15.31982421875 2046104
-0.9765625 -9.27734375 -15.31982421875 2046105
-0.9765625 -9.27734375 -15.31982421875 2046207
0.79345703125 -12.20703125 -0.8544921875 2046207
0.79345703125 -12.20703125 -0.8544921875 2046208
0.79345703125 -12.20703125 -0.8544921875 2046208
-1.03759765625 -6.9580078125 -6.04248046875 2046397
-7.75146484375 -7.14111328125 -13.671875 2046397
-7.75146484375 -7.14111328125 -13.671875 2046398
-7.75146484375 -7.14111328125 -13.671875 2046398
-7.75146484375 -7.14111328125 -13.671875 2046500
-0.06103515625 -6.34765625 -6.591796875 2046500
-0.06103515625 -6.34765625 -6.591796875 2046500
-0.06103515625 -6.34765625 -6.591796875 2046509
-13.24462890625 -9.46044921875 -16.845703125 2046603
-13.24462890625 -9.46044921875 -16.845703125 2046603
-13.24462890625 -9.46044921875 -16.845703125 2046707
5.7373046875 -10.498046875 12.3291015625 2046707
5.7373046875 -10.498046875 12.3291015625 2046707
5.7373046875 -10.498046875 12.3291015625 2046707
2.5634765625 -22.64404296875 14.58740234375 2046897
6.34765625 -27.9541015625 7.87353515625 2046897
6.34765625 -27.9541015625 7.87353515625 2046897
6.34765625 -27.9541015625 7.87353515625 2046898
6.34765625 -27.9541015625 7.87353515625 2046999
-2.5634765625 -25.08544921875 3.2958984375 2046999
-2.5634765625 -25.08544921875 3.2958984375 2046999
-2.5634765625 -25.08544921875 3.2958984375 2047000
-2.5634765625 -25.08544921875 3.2958984375 2047103
1.0986328125 -21.30126953125 7.38525390625 2047103
1.0986328125 -21.30126953125 7.38525390625 2047103
1.0986328125 -21.30126953125 7.38525390625 2047104
1.0986328125 -21.30126953125 7.38525390625 2047205
-1.15966796875 -10.43701171875 4.150390625 2047205
-1.15966796875 -10.43701171875 4.150390625 2047205
-1.15966796875 -10.43701171875 4.150390625 2047206
-1.15966796875 -10.43701171875 4.150390625 2047308
-19.04296875 35.5224609375 -7.01904296875 2047308
-19.04296875 35.5224609375 -7.01904296875 2047308
-19.04296875 35.5224609375 -7.01904296875 2047309
-41.748046875 87.158203125 -34.423828125 2047497
-41.07666015625 68.7255859375 -31.8603515625 2047497
-41.07666015625 68.7255859375 -31.8603515625 2047498
-41.07666015625 68.7255859375 -31.8603515625 2047498
-41.07666015625 68.7255859375 -31.8603515625 2047599
15.380859375 18.00537109375 26.2451171875 2047599
15.380859375 18.00537109375 26.2451171875 2047599
15.380859375 18.00537109375 26.2451171875 2047600
15.380859375 18.00537109375 26.2451171875 2047701
59.9365234375 -7.99560546875 85.38818359375 2047701
59.9365234375 -7.99560546875 85.38818359375 2047701
59.9365234375 -7.99560546875 85.38818359375 2047702
47.79052734375 10.43701171875 54.38232421875 2047897
70.9228515625 63.3544921875 31.06689453125 2047897
70.9228515625 63.3544921875 31.06689453125 2047897
70.9228515625 63.3544921875 31.06689453125 2047898
70.9228515625 63.3544921875 31.06689453125 2047999
12.39013671875 40.283203125 -9.1552734375 2047999
12.39013671875 40.283203125 -9.1552734375 2047999
12.39013671875 40.283203125 -9.1552734375 2048000
12.39013671875 40.283203125 -9.1552734375 2048102
2.3193359375 8.23974609375 3.662109375 2048102
2.3193359375 8.23974609375 3.662109375 2048102
2.3193359375 8.23974609375 3.662109375 2048103
2.3193359375 8.23974609375 3.662109375 2048204
6.591796875 -0.732421875 7.26318359375 2048204
6.591796875 -0.732421875 7.26318359375 2048204
6.591796875 -0.732421875 7.26318359375 2048205
4.57763671875 0.42724609375 1.28173828125 2048389
6.28662109375 1.5869140625 -2.5634765625 2048389
6.28662109375 1.5869140625 -2.5634765625 2048389
6.28662109375 1.5869140625 -2.5634765625 2048390
6.28662109375 1.5869140625 -2.5634765625 2048498
8.72802734375 -0.9765625 3.84521484375 2048498
8.72802734375 -0.9765625 3.84521484375 2048498
8.72802734375 -0.9765625 3.84521484375 2048499
8.72802734375 -0.9765625 3.84521484375 2048601
-4.69970703125 2.50244140625 0.6103515625 2048601
-4.69970703125 2.50244140625 0.6103515625 2048602
-4.69970703125 2.50244140625 0.6103515625 2048602
-4.69970703125 2.50244140625 0.6103515625 2048703
-16.9677734375 -26.67236328125 1.40380859375 2048703
-16.9677734375 -26.67236328125 1.40380859375 2048703
-16.9677734375 -26.67236328125 1.40380859375 2048704
-16.9677734375 -26.67236328125 1.40380859375 2048805
-31.1279296875 -28.01513671875 8.11767578125 2048805
-31.1279296875 -28.01513671875 8.11767578125 2048806
-31.1279296875 -28.01513671875 8.11767578125 2048806
-31.1279296875 -28.01513671875 8.11767578125 2048907
-38.9404296875 -10.009765625 -13.427734375 2048907
-38.9404296875 -10.009765625 -13.427734375 2048907
-38.9404296875 -10.009765625 -13.427734375 2048908
-19.287109375 -2.13623046875 -9.21630859375 2049098
-2.38037109375 -11.04736328125 5.7373046875 2049098
-2.38037109375 -11.04736328125 5.7373046875 2049099
-2.38037109375 -11.04736328125 5.7373046875 2049099
-2.38037109375 -11.04736328125 5.7373046875 2049200
4.5166015625 -5.55419921875 4.7607421875 2049200
4.5166015625 -5.55419921875 4.7607421875 2049200
4.5166015625 -5.55419921875 4.7607421875 2049201
4.5166015625 -5.55419921875 4.7607421875 2049302
2.197265625 -3.0517578125 2.44140625 2049302
2.197265625 -3.0517578125 2.44140625 2049303
2.197265625 -3.0517578125 2.44140625 2049303
2.197265625 -3.0517578125 2.44140625 2049405
-2.13623046875 -3.0517578125 0 2049405
-2.13623046875 -3.0517578125 0 2049405
-2.13623046875 -3.0517578125 0 2049406
-2.13623046875 -3.0517578125 0 2049508
-2.13623046875 -3.96728515625 -0.8544921875 2049508
-2.13623046875 -3.96728515625 -0.8544921875 2049508
-2.13623046875 -3.96728515625 -0.8544921875 2049509
-0.06103515625 -2.74658203125 -0.91552734375 2049695
3.0517578125 -4.39453125 2.74658203125 2049695
3.0517578125 -4.39453125 2.74658203125 2049696
3.0517578125 -4.39453125 2.74658203125 2049696
3.0517578125 -4.39453125 2.74658203125 2049798
-0.54931640625 -5.37109375 2.74658203125 2049798
-0.54931640625 -5.37109375 2.74658203125 2049798
-0.54931640625 -5.37109375 2.74658203125 2049799
1.8310546875 -7.6904296875 1.953125 2049999
-1.0986328125 -9.09423828125 -4.638671875 2049999
-1.0986328125 -9.09423828125 -4.638671875 2049999
-1.0986328125 -9.09423828125 -4.638671875 2050000
-5.79833984375 -4.94384765625 -2.685546875 2050102
-5.79833984375 -4.94384765625 -2.685546875 2050102
-5.79833984375 -4.94384765625 -2.685546875 2050102
-5.79833984375 -4.94384765625 -2.685546875 2050220
-5.126953125 -4.08935546875 -9.46044921875 2050220
-5.126953125 -4.08935546875 -9.46044921875 2050221
-5.126953125 -4.08935546875 -9.46044921875 2050221
-6.2255859375 -9.765625 -7.62939453125 2050396
0.06103515625 -6.53076171875 -3.90625 2050416
0.06103515625 -6.53076171875 -3.90625 2050416
0.06103515625 -6.53076171875 -3.90625 2050416
0.06103515625 -6.53076171875 -3.90625 2050499
3.5400390625 -10.498046875 -4.638671875 2050602
3.5400390625 -10.498046875 -4.638671875 2050602
3.5400390625 -10.498046875 -4.638671875 2050602
3.5400390625 -10.498046875 -4.638671875 2050705
-0.06103515625 -7.6904296875 -6.9580078125 2050705
-0.06103515625 -7.6904296875 -6.9580078125 2050705
-0.06103515625 -7.6904296875 -6.9580078125 2050706
0.244140625 -3.72314453125 -10.3759765625 2050895
-1.77001953125 -8.23974609375 -12.02392578125 2050895
-1.77001953125 -8.23974609375 -12.02392578125 2050895
-1.77001953125 -8.23974609375 -12.02392578125 2050896
-1.77001953125 -8.23974609375 -12.02392578125 2050998
2.197265625 -10.009765625 -3.2958984375 2050998
2.197265625 -10.009765625 -3.2958984375 2050999
2.197265625 -10.009765625 -3.2958984375 2050999
2.197265625 -10.009765625 -3.2958984375 2051100
1.8310546875 -6.89697265625 -10.6201171875 2051100
1.8310546875 -6.89697265625 -10.6201171875 2051100
1.8310546875 -6.89697265625 -10.6201171875 2051101
1.8310546875 -6.89697265625 -10.6201171875 2051202
-0.18310546875 -3.7841796875 -8.7890625 2051210
-0.18310546875 -3.7841796875 -8.7890625 2051210
-0.18310546875 -3.7841796875 -8.7890625 2051210
-0.18310546875 -3.7841796875 -8.7890625 2051305
-2.5634765625 2.86865234375 -5.55419921875 2051383
-2.5634765625 2.86865234375 -5.55419921875 2051384
-2.5634765625 2.86865234375 -5.55419921875 2051384
-2.5634765625 2.86865234375 -5.55419921875 2051502
1.8310546875 -7.38525390625 -4.21142578125 2051503
1.8310546875 -7.38525390625 -4.21142578125 2051503
1.8310546875 -7.38525390625 -4.21142578125 2051503
-0.67138671875 0.9765625 -1.28173828125 2051695
-4.0283203125 1.8310546875 -8.48388671875 2051695
-4.0283203125 1.8310546875 -8.48388671875 2051695
-4.0283203125 1.8310546875 -8.48388671875 2051696
-4.0283203125 1.8310546875 -8.48388671875 2051797
-2.01416015625 -11.8408203125 -6.591796875 2051797
-2.01416015625 -11.8408203125 -6.591796875 2051797
-2.01416015625 -11.8408203125 -6.591796875 2051798
-2.01416015625 -11.8408203125 -6.591796875 2051900
-0.3662109375 -6.591796875 3.47900390625 2051900
-0.3662109375 -6.591796875 3.47900390625 2051900
-0.3662109375 -6.591796875 3.47900390625 2051901
-0.3662109375 -6.591796875 3.47900390625 2052003
-4.0283203125 -7.8125 1.03759765625 2052003
-4.0283203125 -7.8125 1.03759765625 2052003
-4.0283203125 -7.8125 1.03759765625 2052004
-4.0283203125 -7.8125 1.03759765625 2052105
-0.732421875 -7.87353515625 -3.0517578125 2052105
-0.732421875 -7.87353515625 -3.0517578125 2052106
-0.732421875 -7.87353515625 -3.0517578125 2052106
3.35693359375 -6.7138671875 12.26806640625 2052295
3.11279296875 -10.07080078125 5.79833984375 2052295
3.11279296875 -10.07080078125 5.79833984375 2052295
3.11279296875 -10.07080078125 5.79833984375 2052296
3.11279296875 -10.07080078125 5.79833984375 2052398
-7.01904296875 -9.8876953125 -1.3427734375 2052398
-7.01904296875 -9.8876953125 -1.3427734375 2052398
-7.01904296875 -9.8876953125 -1.3427734375 2052399
-7.01904296875 -9.8876953125 -1.3427734375 2052500
-2.38037109375 -16.11328125 2.99072265625 2052500
-2.38037109375 -16.11328125 2.99072265625 2052500
-2.38037109375 -16.11328125 2.99072265625 2052501
-2.38037109375 -16.11328125 2.99072265625 2052603
-5.615234375 -20.20263671875 4.45556640625 2052603
-5.615234375 -20.20263671875 4.45556640625 2052604
-5.615234375 -20.20263671875 4.45556640625 2052604
-5.615234375 -20.20263671875 4.45556640625 2052705
0.67138671875 -33.8134765625 12.20703125 2052705
0.67138671875 -33.8134765625 12.20703125 2052705
0.67138671875 -33.8134765625 12.20703125 2052706
-0.67138671875 -16.2353515625 7.62939453125 2052895
-19.1650390625 28.50341796875 -9.521484375 2052896
-19.1650390625 28.50341796875 -9.521484375 2052896
-19.1650390625 28.50341796875 -9.521484375 2052896
-19.1650390625 28.50341796875 -9.521484375 2052998
-44.73876953125 78.55224609375 -29.6630859375 2052998
-44.73876953125 78.55224609375 -29.6630859375 2052999
-44.73876953125 78.55224609375 -29.6630859375 2052999
-44.73876953125 78.55224609375 -29.6630859375 2053101
-55.419921875 80.6884765625 -60.97412109375 2053101
-55.419921875 80.6884765625 -60.97412109375 2053101
-55.419921875 80.6884765625 -60.97412109375 2053102
-55.419921875 80.6884765625 -60.97412109375 2053203
25.146484375 15.5029296875 50.10986328125 2053203
25.146484375 15.5029296875 50.10986328125 2053203
25.146484375 15.5029296875 50.10986328125 2053204
25.146484375 15.5029296875 50.10986328125 2053305
-1.28173828125 25.5126953125 32.89794921875 2053305
-1.28173828125 25.5126953125 32.89794921875 2053306
-1.28173828125 25.5126953125 32.89794921875 2053306
38.6962890625 28.86962890625 43.212890625 2053497
56.82373046875 9.8876953125 64.51416015625 2053497
56.82373046875 9.8876953125 64.51416015625 2053497
56.82373046875 9.8876953125 64.51416015625 2053498
56.82373046875 9.8876953125 64.51416015625 2053599
70.556640625 -8.056640625 48.52294921875 2053599
70.556640625 -8.056640625 48.52294921875 2053600
70.556640625 -8.056640625 48.52294921875 2053600
70.556640625 -8.056640625 48.52294921875 2053702
63.53759765625 16.05224609375 5.92041015625 2053702
63.53759765625 16.05224609375 5.92041015625 2053703
63.53759765625 16.05224609375 5.92041015625 2053703
63.53759765625 16.05224609375 5.92041015625 2053804
30.3955078125 9.58251953125 8.056640625 2053804
30.3955078125 9.58251953125 8.056640625 2053804
30.3955078125 9.58251953125 8.056640625 2053805
30.3955078125 9.58251953125 8.056640625 2053907
6.65283203125 4.21142578125 10.19287109375 2053907
6.65283203125 4.21142578125 10.19287109375 2053907
6.65283203125 4.21142578125 10.19287109375 2053908
-0.9765625 3.23486328125 -11.16943359375 2054097
1.52587890625 2.3193359375 -2.3193359375 2054097
1.52587890625 2.3193359375 -2.3193359375 2054097
1.52587890625 2.3193359375 -2.3193359375 2054098
1.52587890625 2.3193359375 -2.3193359375 2054200
7.6904296875 1.5869140625 -8.056640625 2054200
7.6904296875 1.5869140625 -8.056640625 2054200
7.6904296875 1.5869140625 -8.056640625 2054201
7.6904296875 1.5869140625 -8.056640625 2054303
-9.94873046875 3.72314453125 -5.859375 2054303
-9.94873046875 3.72314453125 -5.859375 2054303
-9.94873046875 3.72314453125 -5.859375 2054304
-9.94873046875 3.72314453125 -5.859375 2054405
-32.65380859375 -3.90625 -28.86962890625 2054405
-32.65380859375 -3.90625 -28.86962890625 2054405
-32.65380859375 -3.90625 -28.86962890625 2054406
-60.97412109375 -13.3056640625 -10.68115234375 2054597
-29.9072265625 -14.5263671875 -3.2958984375 2054597
-29.9072265625 -14.5263671875 -3.2958984375 2054597
-29.9072265625 -14.5263671875 -3.2958984375 2054598
-29.9072265625 -14.5263671875 -3.2958984375 2054701
-16.66259765625 2.50244140625 -3.5400390625 2054701
-16.66259765625 2.50244140625 -3.5400390625 2054702
-16.66259765625 2.50244140625 -3.5400390625 2054702
-5.06591796875 -9.46044921875 8.85009765625 2054888
-1.28173828125 -1.708984375 2.197265625 2054888
-1.28173828125 -1.708984375 2.197265625 2054888
-1.28173828125 -1.708984375 2.197265625 2054889
-1.28173828125 -1.708984375 2.197265625 2054992
-4.39453125 -4.5166015625 4.21142578125 2054992
-4.39453125 -4.5166015625 4.21142578125 2054993
-4.39453125 -4.5166015625 4.21142578125 2054993
-4.39453125 -4.5166015625 4.21142578125 2055094
2.62451171875 -3.72314453125 4.7607421875 2055094
2.62451171875 -3.72314453125 4.7607421875 2055095
2.62451171875 -3.72314453125 4.7607421875 2055095
2.62451171875 -3.72314453125 4.7607421875 2055196
3.0517578125 -1.0986328125 6.591796875 2055197
3.0517578125 -1.0986328125 6.591796875 2055197
3.0517578125 -1.0986328125 6.591796875 2055197
3.0517578125 -1.0986328125 6.591796875 2055298
-5.43212890625 -4.33349609375 -2.44140625 2055298
-5.43212890625 -4.33349609375 -2.44140625 2055298
-5.43212890625 -4.33349609375 -2.44140625 2055299
-5.43212890625 -4.33349609375 -2.44140625 2055403
0.9765625 -1.5869140625 -1.77001953125 2055403
0.9765625 -1.5869140625 -1.77001953125 2055403
0.9765625 -1.5869140625 -1.77001953125 2055404
0.9765625 -1.5869140625 -1.77001953125 2055505
3.0517578125 -4.33349609375 4.39453125 2055505
3.0517578125 -4.33349609375 4.39453125 2055505
3.0517578125 -4.33349609375 4.39453125 2055506
-3.11279296875 -10.986328125 3.11279296875 2055694
-1.5869140625 -10.07080078125 -0.3662109375 2055694
-1.5869140625 -10.07080078125 -0.3662109375 2055694
-1.5869140625 -10.07080078125 -0.3662109375 2055695
-1.5869140625 -10.07080078125 -0.3662109375 2055798
-2.38037109375 -13.7939453125 -5.4931640625 2055798
-2.38037109375 -13.7939453125 -5.4931640625 2055798
-2.38037109375 -13.7939453125 -5.4931640625 2055799
-7.4462890625 -10.1318359375 -13.7939453125 2055900
-7.4462890625 -10.1318359375 -13.7939453125 2055900
-7.4462890625 -10.1318359375 -13.7939453125 2055900
-7.4462890625 -10.1318359375 -13.7939453125 2056003
-5.67626953125 -7.26318359375 -8.23974609375 2056003
-5.67626953125 -7.26318359375 -8.23974609375 2056003
-5.67626953125 -7.26318359375 -8.23974609375 2056004
1.03759765625 -4.45556640625 -10.31494140625 2056198
-2.01416015625 -8.36181640625 -8.48388671875 2056198
-2.01416015625 -8.36181640625 -8.48388671875 2056199
-2.01416015625 -8.36181640625 -8.48388671875 2056199
-2.01416015625 -8.36181640625 -8.48388671875 2056300
5.859375 -3.35693359375 -10.19287109375 2056300
5.859375 -3.35693359375 -10.19287109375 2056300
5.859375 -3.35693359375 -10.19287109375 2056301
5.859375 -3.35693359375 -10.19287109375 2056402
-1.15966796875 -7.2021484375 -7.38525390625 2056402
-1.15966796875 -7.2021484375 -7.38525390625 2056402
-1.15966796875 -7.2021484375 -7.38525390625 2056403
-1.15966796875 -7.2021484375 -7.38525390625 2056505
3.23486328125 -1.89208984375 -9.58251953125 2056505
3.23486328125 -1.89208984375 -9.58251953125 2056506
3.23486328125 -1.89208984375 -9.58251953125 2056506
-0.3662109375 -4.638671875 -10.80322265625 2056695
-0.48828125 -3.5400390625 -6.40869140625 2056695
-0.48828125 -3.5400390625 -6.40869140625 2056695
-0.48828125 -3.5400390625 -6.40869140625 2056696
-0.48828125 -3.5400390625 -6.40869140625 2056797
-3.35693359375 -4.57763671875 -6.2255859375 2056797
-3.35693359375 -4.57763671875 -6.2255859375 2056797
-3.35693359375 -4.57763671875 -6.2255859375 2056798
-3.35693359375 -4.57763671875 -6.2255859375 2056900
-1.15966796875 0 -10.07080078125 2056900
-1.15966796875 0 -10.07080078125 2056900
-1.15966796875 0 -10.07080078125 2056901
-1.15966796875 0 -10.07080078125 2057012
-1.3427734375 -6.28662109375 -12.14599609375 2057012
-1.3427734375 -6.28662109375 -12.14599609375 2057013
-1.3427734375 -6.28662109375 -12.14599609375 2057013
-0.6103515625 -2.13623046875 -1.8310546875 2057182
-5.7373046875 -6.591796875 -7.26318359375 2057182
-5.7373046875 -6.591796875 -7.26318359375 2057182
-5.7373046875 -6.591796875 -7.26318359375 2057183
-5.7373046875 -6.591796875 -7.26318359375 2057294
-8.85009765625 -12.0849609375 -13.671875 2057294
-8.85009765625 -12.0849609375 -13.671875 2057294
-8.85009765625 -12.0849609375 -13.671875 2057295
-8.85009765625 -12.0849609375 -13.671875 2057396
-2.44140625 -9.033203125 0 2057396
-2.44140625 -9.033203125 0 2057396
-2.44140625 -9.033203125 0 2057397
-2.44140625 -9.033203125 0 2057499
-6.53076171875 -9.3994140625 -2.197265625 2057499
-6.53076171875 -9.3994140625 -2.197265625 2057500
-6.53076171875 -9.3994140625 -2.197265625 2057500
-6.53076171875 -9.3994140625 -2.197265625 2057607
-0.48828125 -7.32421875 5.37109375 2057607
-0.48828125 -7.32421875 5.37109375 2057608
-0.48828125 -7.32421875 5.37109375 2057608
0.30517578125 -24.96337890625 9.6435546875 2057782
-5.2490234375 -22.4609375 5.92041015625 2057782
-5.2490234375 -22.4609375 5.92041015625 2057783
-5.2490234375 -22.4609375 5.92041015625 2057783
-5.2490234375 -22.4609375 5.92041015625 2057902
2.74658203125 -31.25 13.12255859375 2057902
2.74658203125 -31.25 13.12255859375 2057902
2.74658203125 -31.25 13.12255859375 2057903
3.7841796875 -29.11376953125 11.474609375 2058092
3.35693359375 -25.2685546875 10.1318359375 2058092
3.35693359375 -25.2685546875 10.1318359375 2058092
3.35693359375 -25.2685546875 10.1318359375 2058093
3.35693359375 -25.2685546875 10.1318359375 2058194
-0.9765625 -15.13671875 6.53076171875 2058194
-0.9765625 -15.13671875 6.53076171875 2058194
-0.9765625 -15.13671875 6.53076171875 2058195
-0.9765625 -15.13671875 6.53076171875 2058309
-18.24951171875 24.47509765625 -5.31005859375 2058310
-18.24951171875 24.47509765625 -5.31005859375 2058310
-18.24951171875 24.47509765625 -5.31005859375 2058310
-42.6025390625 79.89501953125 -36.865234375 2058636
-49.86572265625 97.0458984375 -42.05322265625 2058637
-49.86572265625 97.0458984375 -42.05322265625 2058637
-49.86572265625 97.0458984375 -42.05322265625 2058637
11.962890625 19.10400390625 42.05322265625 2058796
79.58984375 24.4140625 81.84814453125 2058796
79.58984375 24.4140625 81.84814453125 2058796
79.58984375 24.4140625 81.84814453125 2058797
79.58984375 24.4140625 81.84814453125 2058900
72.32666015625 26.0009765625 42.29736328125 2058900
72.32666015625 26.0009765625 42.29736328125 2058901
72.32666015625 26.0009765625 42.29736328125 2058901
72.32666015625 26.0009765625 42.29736328125 2059002
37.9638671875 2.44140625 13.48876953125 2059002
37.9638671875 2.44140625 13.48876953125 2059002
37.9638671875 2.44140625 13.48876953125 2059003
37.9638671875 2.44140625 13.48876953125 2059105
44.12841796875 5.06591796875 12.87841796875 2059105
44.12841796875 5.06591796875 12.87841796875 2059106
44.12841796875 5.06591796875 12.87841796875 2059106
18.798828125 12.02392578125 -2.25830078125 2059294
7.14111328125 7.50732421875 -2.197265625 2059294
7.14111328125 7.50732421875 -2.197265625 2059294
7.14111328125 7.50732421875 -2.197265625 2059295
7.14111328125 7.50732421875 -2.197265625 2059396
1.46484375 2.38037109375 -7.62939453125 2059396
1.46484375 2.38037109375 -7.62939453125 2059397
1.46484375 2.38037109375 -7.62939453125 2059397
10.55908203125 1.52587890625 -2.38037109375 2059499
10.55908203125 1.52587890625 -2.38037109375 2059499
10.55908203125 1.52587890625 -2.38037109375 2059499
10.55908203125 1.52587890625 -2.38037109375 2059603
-0.91552734375 2.99072265625 -9.3994140625 2059603
-0.91552734375 2.99072265625 -9.3994140625 2059604
-0.91552734375 2.99072265625 -9.3994140625 2059604
-0.91552734375 2.99072265625 -9.3994140625 2059705
-37.9638671875 -10.986328125 -11.90185546875 2059705
-37.9638671875 -10.986328125 -11.90185546875 2059706
-37.9638671875 -10.986328125 -11.90185546875 2059706
-35.7666015625 0.244140625 -16.2353515625 2059884
-20.32470703125 -16.357421875 3.90625 2059893
-20.32470703125 -16.357421875 3.90625 2059893
-20.32470703125 -16.357421875 3.90625 2059894
-20.32470703125 -16.357421875 3.90625 2059996
-8.4228515625 -6.77490234375 -0.732421875 2059996
-8.4228515625 -6.77490234375 -0.732421875 2059996
-8.4228515625 -6.77490234375 -0.732421875 2059997
-7.14111328125 -1.5869140625 5.126953125 2060099
-7.14111328125 -1.5869140625 5.126953125 2060099
-7.14111328125 -1.5869140625 5.126953125 2060099
-7.14111328125 -1.5869140625 5.126953125 2060228
-6.9580078125 -1.8310546875 0 2060228
-6.9580078125 -1.8310546875 0 2060228
-6.9580078125 -1.8310546875 0 2060229
-2.74658203125 -6.28662109375 1.953125 2060395
5.859375 -2.25830078125 3.2958984375 2060395
5.859375 -2.25830078125 3.2958984375 2060395
5.859375 -2.25830078125 3.2958984375 2060396
5.859375 -2.25830078125 3.2958984375 2060497
-5.4931640625 1.64794921875 2.5634765625 2060497
-5.4931640625 1.64794921875 2.5634765625 2060497
-5.4931640625 1.64794921875 2.5634765625 2060498
-5.4931640625 1.64794921875 2.5634765625 2060600
-11.29150390625 -4.69970703125 -3.35693359375 2060600
-11.29150390625 -4.69970703125 -3.35693359375 2060601
-11.29150390625 -4.69970703125 -3.35693359375 2060601
-11.29150390625 -4.69970703125 -3.35693359375 2060703
-0.244140625 -1.28173828125 -2.685546875 2060703
-0.244140625 -1.28173828125 -2.685546875 2060703
-0.244140625 -1.28173828125 -2.685546875 2060704
-0.244140625 -1.28173828125 -2.685546875 2060805
3.47900390625 1.220703125 1.03759765625 2060805
3.47900390625 1.220703125 1.03759765625 2060806
3.47900390625 1.220703125 1.03759765625 2060806
0.18310546875 0.91552734375 1.0986328125 2060995
-3.90625 -7.32421875 -0.91552734375 2060995
-3.90625 -7.32421875 -0.91552734375 2060995
-3.90625 -7.32421875 -0.91552734375 2060996
-3.90625 -7.32421875 -0.91552734375 2061101
2.3193359375 -1.77001953125 0.42724609375 2061101
2.3193359375 -1.77001953125 0.42724609375 2061102
2.3193359375 -1.77001953125 0.42724609375 2061102
-1.8310546875 -3.41796875 -1.953125 2061290
-1.64794921875 -4.33349609375 -0.8544921875 2061290
-1.64794921875 -4.33349609375 -0.8544921875 2061290
-1.64794921875 -4.33349609375 -0.8544921875 2061291
-1.64794921875 -4.33349609375 -0.8544921875 2061393
4.150390625 -1.5869140625 1.953125 2061393
4.150390625 -1.5869140625 1.953125 2061394
4.150390625 -1.5869140625 1.953125 2061394
4.150390625 -1.5869140625 1.953125 2061495
2.44140625 -6.7138671875 3.0517578125 2061495
2.44140625 -6.7138671875 3.0517578125 2061495
2.44140625 -6.7138671875 3.0517578125 2061496
2.44140625 -6.7138671875 3.0517578125 2061597
0.30517578125 -3.90625 -1.953125 2061597
0.30517578125 -3.90625 -1.953125 2061598
0.30517578125 -3.90625 -1.953125 2061598
0.30517578125 -3.90625 -1.953125 2061701
-4.2724609375 -5.67626953125 -2.13623046875 2061701
-4.2724609375 -5.67626953125 -2.13623046875 2061701
-4.2724609375 -5.67626953125 -2.13623046875 2061702
-4.2724609375 -5.67626953125 -2.13623046875 2061809
-3.173828125 -6.2255859375 -10.43701171875 2061809
-3.173828125 -6.2255859375 -10.43701171875 2061810
-3.173828125 -6.2255859375 -10.43701171875 2061810
-2.38037109375 -12.8173828125 -7.87353515625 2061993
-0.3662109375 -11.23046875 -5.615234375 2061993
-0.3662109375 -11.23046875 -5.615234375 2061993
-0.3662109375 -11.23046875 -5.615234375 2061994
-0.3662109375 -11.23046875 -5.615234375 2062097
0 -7.4462890625 -9.82666015625 2062097
0 -7.4462890625 -9.82666015625 2062097
0 -7.4462890625 -9.82666015625 2062098
0 -7.4462890625 -9.82666015625 2062199
1.46484375 -8.9111328125 -8.23974609375 2062199
1.46484375 -8.9111328125 -8.23974609375 2062199
1.46484375 -8.9111328125 -8.23974609375 2062200
1.46484375 -8.9111328125 -8.23974609375 2062301
-1.52587890625 -4.2724609375 -6.9580078125 2062301
-1.52587890625 -4.2724609375 -6.9580078125 2062301
-1.52587890625 -4.2724609375 -6.9580078125 2062302
-1.52587890625 -4.2724609375 -6.9580078125 2062403
-6.53076171875 -7.75146484375 -12.26806640625 2062403
-6.53076171875 -7.75146484375 -12.26806640625 2062403
-6.53076171875 -7.75146484375 -12.26806640625 2062404
-2.38037109375 -6.04248046875 -18.5546875 2062595
3.5400390625 -6.9580078125 0 2062597
3.5400390625 -6.9580078125 0 2062597
3.5400390625 -6.9580078125 0 2062598
3.5400390625 -6.9580078125 0 2062697
1.03759765625 -4.638671875 -3.90625 2062697
1.03759765625 -4.638671875 -3.90625 2062698
1.03759765625 -4.638671875 -3.90625 2062698
1.03759765625 -4.638671875 -3.90625 2062800
-3.662109375 -0.91552734375 -10.3759765625 2062800
-3.662109375 -0.91552734375 -10.3759765625 2062800
-3.662109375 -0.91552734375 -10.3759765625 2062801
-3.662109375 -0.91552734375 -10.3759765625 2062903
-2.8076171875 -6.89697265625 -9.27734375 2062903
-2.8076171875 -6.89697265625 -9.27734375 2062904
-2.8076171875 -6.89697265625 -9.27734375 2062904
-3.35693359375 -4.5166015625 -1.03759765625 2063093
-1.708984375 -0.48828125 -0.8544921875 2063093
-1.708984375 -0.48828125 -0.8544921875 2063093
-1.708984375 -0.48828125 -0.8544921875 2063094
-1.708984375 -0.48828125 -0.8544921875 2063196
-7.38525390625 1.40380859375 -12.87841796875 2063196
-7.38525390625 1.40380859375 -12.87841796875 2063196
-7.38525390625 1.40380859375 -12.87841796875 2063197
-7.38525390625 1.40380859375 -12.87841796875 2063299
-1.89208984375 -1.15966796875 -3.96728515625 2063299
-1.89208984375 -1.15966796875 -3.96728515625 2063299
-1.89208984375 -1.15966796875 -3.96728515625 2063300
-1.89208984375 -1.15966796875 -3.96728515625 2063401
0.1220703125 -2.62451171875 2.38037109375 2063401
0.1220703125 -2.62451171875 2.38037109375 2063401
0.1220703125 -2.62451171875 2.38037109375 2063402
0.1220703125 -2.62451171875 2.38037109375 2063503
0.1220703125 -0.3662109375 -0.6103515625 2063503
0.1220703125 -0.3662109375 -0.6103515625 2063504
0.1220703125 -0.3662109375 -0.6103515625 2063504
-2.0751953125 -6.7138671875 -5.615234375 2063691
-2.5634765625 -3.90625 -5.92041015625 2063691
-2.5634765625 -3.90625 -5.92041015625 2063691
-2.5634765625 -3.90625 -5.92041015625 2063692
-2.5634765625 -3.90625 -5.92041015625 2063793
-3.41796875 -4.7607421875 -5.67626953125 2063793
-3.41796875 -4.7607421875 -5.67626953125 2063794
-3.41796875 -4.7607421875 -5.67626953125 2063794
-3.41796875 -4.7607421875 -5.67626953125 2063896
-3.72314453125 -4.57763671875 -6.65283203125 2063896
-3.72314453125 -4.57763671875 -6.65283203125 2063896
-3.72314453125 -4.57763671875 -6.65283203125 2063897
-3.72314453125 -4.57763671875 -6.65283203125 2063999
1.89208984375 -0.48828125 5.126953125 2063999
1.89208984375 -0.48828125 5.126953125 2063999
1.89208984375 -0.48828125 5.126953125 2064000
1.89208984375 -0.48828125 5.126953125 2064101
-3.662109375 -6.103515625 2.50244140625 2064101
-3.662109375 -6.103515625 2.50244140625 2064101
-3.662109375 -6.103515625 2.50244140625 2064102
-3.662109375 -6.103515625 2.50244140625 2064203
2.9296875 -18.6767578125 1.220703125 2064203
2.9296875 -18.6767578125 1.220703125 2064203
2.9296875 -18.6767578125 1.220703125 2064204
7.080078125 -42.29736328125 10.19287109375 2064389
-2.9296875 -24.96337890625 20.69091796875 2064389
-2.9296875 -24.96337890625 20.69091796875 2064390
-2.9296875 -24.96337890625 20.69091796875 2064390
-2.9296875 -24.96337890625 20.69091796875 2064490
-35.09521484375 43.45703125 -29.11376953125 2064490
-35.09521484375 43.45703125 -29.11376953125 2064490
-35.09521484375 43.45703125 -29.11376953125 2064491
-35.09521484375 43.45703125 -29.11376953125 2064592
-40.95458984375 59.14306640625 -37.353515625 2064592
-40.95458984375 59.14306640625 -37.353515625 2064593
-40.95458984375 59.14306640625 -37.353515625 2064593
-40.95458984375 59.14306640625 -37.353515625 2064694
-43.212890625 46.875 -45.10498046875 2064694
-43.212890625 46.875 -45.10498046875 2064695
-43.212890625 46.875 -45.10498046875 2064695
28.86962890625 4.82177734375 48.40087890625 2064798
28.86962890625 4.82177734375 48.40087890625 2064798
28.86962890625 4.82177734375 48.40087890625 2064798
28.86962890625 4.82177734375 48.40087890625 2064894
32.5927734375 7.87353515625 77.81982421875 2064982
32.5927734375 7.87353515625 77.81982421875 2064982
32.5927734375 7.87353515625 77.81982421875 2064983
32.5927734375 7.87353515625 77.81982421875 2065094
59.814453125 13.48876953125 61.6455078125 2065094
59.814453125 13.48876953125 61.6455078125 2065095
59.814453125 13.48876953125 61.6455078125 2065095
59.814453125 13.48876953125 61.6455078125 2065196
54.50439453125 15.80810546875 39.794921875 2065196
54.50439453125 15.80810546875 39.794921875 2065196
54.50439453125 15.80810546875 39.794921875 2065197
54.50439453125 15.80810546875 39.794921875 2065298
57.6171875 21.30126953125 23.0712890625 2065298
57.6171875 21.30126953125 23.0712890625 2065299
57.6171875 21.30126953125 23.0712890625 2065299
57.6171875 21.30126953125 23.0712890625 2065401
41.9921875 33.5693359375 4.82177734375 2065401
41.9921875 33.5693359375 4.82177734375 2065401
41.9921875 33.5693359375 4.82177734375 2065402
-6.40869140625 5.67626953125 -3.7841796875 2065595
13.00048828125 10.3759765625 6.591796875 2065595
13.00048828125 10.3759765625 6.591796875 2065597
13.00048828125 10.3759765625 6.591796875 2065597
1.64794921875 9.33837890625 -1.708984375 2065697
1.64794921875 9.33837890625 -1.708984375 2065697
1.64794921875 9.33837890625 -1.708984375 2065698
1.64794921875 9.33837890625 -1.708984375 2065801
-1.0986328125 -0.18310546875 0.30517578125 2065801
-1.0986328125 -0.18310546875 0.30517578125 2065801
-1.0986328125 -0.18310546875 0.30517578125 2065802
6.89697265625 0.9765625 4.08935546875 2065995
3.2958984375 3.35693359375 -7.080078125 2065995
3.2958984375 3.35693359375 -7.080078125 2065995
3.2958984375 3.35693359375 -7.080078125 2065996
3.2958984375 3.35693359375 -7.080078125 2066097
7.4462890625 -4.638671875 1.77001953125 2066097
7.4462890625 -4.638671875 1.77001953125 2066097
7.4462890625 -4.638671875 1.77001953125 2066098
7.4462890625 -4.638671875 1.77001953125 2066199
-1.40380859375 -0.732421875 -3.96728515625 2066199
-1.40380859375 -0.732421875 -3.96728515625 2066199
-1.40380859375 -0.732421875 -3.96728515625 2066200
-19.47021484375 4.7607421875 -22.705078125 2066394
-48.9501953125 -6.16455078125 -16.05224609375 2066394
-48.9501953125 -6.16455078125 -16.05224609375 2066394
-48.9501953125 -6.16455078125 -16.05224609375 2066395
-48.9501953125 -6.16455078125 -16.05224609375 2066496
-26.123046875 -10.07080078125 -11.29150390625 2066496
-26.123046875 -10.07080078125 -11.29150390625 2066496
-26.123046875 -10.07080078125 -11.29150390625 2066497
-26.123046875 -10.07080078125 -11.29150390625 2066599
-10.8642578125 -7.9345703125 4.638671875 2066599
-10.8642578125 -7.9345703125 4.638671875 2066600
-10.8642578125 -7.9345703125 4.638671875 2066600
-10.8642578125 -7.9345703125 4.638671875 2066704
-5.615234375 -13.5498046875 6.28662109375 2066705
-5.615234375 -13.5498046875 6.28662109375 2066705
-5.615234375 -13.5498046875 6.28662109375 2066705
-5.126953125 -5.37109375 4.0283203125 2066891
-9.6435546875 -9.521484375 3.23486328125 2066891
-9.6435546875 -9.521484375 3.23486328125 2066891
-9.6435546875 -9.521484375 3.23486328125 2066892
-9.6435546875 -9.521484375 3.23486328125 2066994
-9.6435546875 -13.85498046875 6.04248046875 2066994
-9.6435546875 -13.85498046875 6.04248046875 2066995
-9.6435546875 -13.85498046875 6.04248046875 2066995
-9.6435546875 -13.85498046875 6.04248046875 2067096
-8.85009765625 -9.82666015625 -0.67138671875 2067096
-8.85009765625 -9.82666015625 -0.67138671875 2067096
-8.85009765625 -9.82666015625 -0.67138671875 2067097
-8.85009765625 -9.82666015625 -0.67138671875 2067199
-5.0048828125 -5.615234375 4.82177734375 2067199
-5.0048828125 -5.615234375 4.82177734375 2067199
-5.0048828125 -5.615234375 4.82177734375 2067200
-5.0048828125 -5.615234375 4.82177734375 2067301
-21.54541015625 -7.14111328125 -10.3759765625 2067301
-21.54541015625 -7.14111328125 -10.3759765625 2067301
-21.54541015625 -7.14111328125 -10.3759765625 2067302
3.173828125 -4.82177734375 -2.44140625 2067503
2.685546875 -10.43701171875 4.33349609375 2067503
2.685546875 -10.43701171875 4.33349609375 2067504
2.685546875 -10.43701171875 4.33349609375 2067504
-1.77001953125 -10.6201171875 -1.0986328125 2067691
-2.197265625 -5.79833984375 -4.82177734375 2067691
-2.197265625 -5.79833984375 -4.82177734375 2067691
-2.197265625 -5.79833984375 -4.82177734375 2067692
-2.197265625 -5.79833984375 -4.82177734375 2067794
-2.8076171875 -11.04736328125 -2.8076171875 2067794
-2.8076171875 -11.04736328125 -2.8076171875 2067794
-2.8076171875 -11.04736328125 -2.8076171875 2067795
-2.8076171875 -11.04736328125 -2.8076171875 2067896
-4.33349609375 -7.26318359375 -12.0849609375 2067896
-4.33349609375 -7.26318359375 -12.0849609375 2067897
-4.33349609375 -7.26318359375 -12.0849609375 2067897
-4.33349609375 -7.26318359375 -12.0849609375 2067998
1.0986328125 -14.09912109375 -11.90185546875 2067998
1.0986328125 -14.09912109375 -11.90185546875 2067998
1.0986328125 -14.09912109375 -11.90185546875 2067999
1.0986328125 -14.09912109375 -11.90185546875 2068109
3.23486328125 -12.0849609375 -14.58740234375 2068109
3.23486328125 -12.0849609375 -14.58740234375 2068110
3.23486328125 -12.0849609375 -14.58740234375 2068110
-6.04248046875 -13.427734375 -14.0380859375 2068291
3.96728515625 -3.96728515625 -16.6015625 2068291
3.96728515625 -3.96728515625 -16.6015625 2068292
3.96728515625 -3.96728515625 -16.6015625 2068292
3.96728515625 -3.96728515625 -16.6015625 2068393
-3.662109375 -2.62451171875 -14.70947265625 2068393
-3.662109375 -2.62451171875 -14.70947265625 2068393
-3.662109375 -2.62451171875 -14.70947265625 2068394
-3.662109375 -2.62451171875 -14.70947265625 2068497
-0.1220703125 -2.86865234375 -18.6767578125 2068497
-0.1220703125 -2.86865234375 -18.6767578125 2068497
-0.1220703125 -2.86865234375 -18.6767578125 2068498
-0.1220703125 -2.86865234375 -18.6767578125 2068599
-1.28173828125 -9.6435546875 -7.4462890625 2068599
-1.28173828125 -9.6435546875 -7.4462890625 2068599
-1.28173828125 -9.6435546875 -7.4462890625 2068600
-1.28173828125 -9.6435546875 -7.4462890625 2068701
0.67138671875 -9.33837890625 -6.7138671875 2068701
0.67138671875 -9.33837890625 -6.7138671875 2068701
0.67138671875 -9.33837890625 -6.7138671875 2068702
-9.46044921875 -7.9345703125 -11.5966796875 2068893
5.2490234375 2.74658203125 -9.8876953125 2068893
5.2490234375 2.74658203125 -9.8876953125 2068894
5.2490234375 2.74658203125 -9.8876953125 2068894
5.2490234375 2.74658203125 -9.8876953125 2068998
-6.2255859375 -5.43212890625 -13.3056640625 2068998
-6.2255859375 -5.43212890625 -13.3056640625 2068998
-6.2255859375 -5.43212890625 -13.3056640625 2068999
0.48828125 0 -0.67138671875 2069813
-2.3193359375 -5.55419921875 -3.662109375 2069814
-2.3193359375 -5.55419921875 -3.662109375 2069814
-2.3193359375 -5.55419921875 -3.662109375 2069815
6.28662109375 -40.8935546875 17.333984375 2069916
-4.82177734375 -8.85009765625 1.89208984375 2069917
-4.82177734375 -8.85009765625 1.89208984375 2069917
-4.82177734375 -8.85009765625 1.89208984375 2069918
-17.51708984375 29.9072265625 -12.6953125 2070107
-55.23681640625 79.04052734375 -51.1474609375 2070107
-55.23681640625 79.04052734375 -51.1474609375 2070107
-55.23681640625 79.04052734375 -51.1474609375 2070108
-49.072265625 58.28857421875 -49.1943359375 2070297
16.54052734375 15.56396484375 31.982421875 2070297
16.54052734375 15.56396484375 31.982421875 2070297
16.54052734375 15.56396484375 31.982421875 2070298
16.54052734375 15.56396484375 31.982421875 2070400
5.615234375 9.09423828125 19.8974609375 2070400
5.615234375 9.09423828125 19.8974609375 2070400
5.615234375 9.09423828125 19.8974609375 2070401
26.4892578125 17.4560546875 63.29345703125 2070592
95.03173828125 17.2119140625 119.384765625 2070592
95.03173828125 17.2119140625 119.384765625 2070592
95.03173828125 17.2119140625 119.384765625 2070593
95.03173828125 17.2119140625 119.384765625 2070701
68.9697265625 53.3447265625 42.90771484375 2070702
68.9697265625 53.3447265625 42.90771484375 2070702
68.9697265625 53.3447265625 42.90771484375 2070703
33.63037109375 39.73388671875 5.92041015625 2070891
-4.0283203125 18.73779296875 -6.591796875 2070891
-4.0283203125 18.73779296875 -6.591796875 2070891
-4.0283203125 18.73779296875 -6.591796875 2070892
-4.0283203125 18.73779296875 -6.591796875 2070993
6.65283203125 3.11279296875 7.32421875 2070993
6.65283203125 3.11279296875 7.32421875 2070993
6.65283203125 3.11279296875 7.32421875 2070994
4.69970703125 6.16455078125 -1.52587890625 2071097
4.69970703125 6.16455078125 -1.52587890625 2071097
4.69970703125 6.16455078125 -1.52587890625 2071097
4.69970703125 6.16455078125 -1.52587890625 2071200
3.90625 3.96728515625 -3.7841796875 2071200
3.90625 3.96728515625 -3.7841796875 2071201
3.90625 3.96728515625 -3.7841796875 2071201
7.75146484375 -2.38037109375 5.0048828125 2071392
-22.216796875 -8.11767578125 -15.44189453125 2071392
-22.216796875 -8.11767578125 -15.44189453125 2071392
-22.216796875 -8.11767578125 -15.44189453125 2071393
-22.216796875 -8.11767578125 -15.44189453125 2071495
-23.3154296875 -23.3154296875 7.38525390625 2071495
-23.3154296875 -23.3154296875 7.38525390625 2071495
-23.3154296875 -23.3154296875 7.38525390625 2071496
-23.3154296875 -23.3154296875 7.38525390625 2071599
-37.9638671875 -12.20703125 -8.4228515625 2071599
-37.9638671875 -12.20703125 -8.4228515625 2071600
-37.9638671875 -12.20703125 -8.4228515625 2071600
-37.9638671875 -12.20703125 -8.4228515625 2071700
-13.671875 -8.6669921875 -1.953125 2071700
-13.671875 -8.6669921875 -1.953125 2071700
-13.671875 -8.6669921875 -1.953125 2071701
-11.1083984375 -12.51220703125 3.2958984375 2071891
-4.638671875 -9.6435546875 -0.79345703125 2071891
-4.638671875 -9.6435546875 -0.79345703125 2071892
-4.638671875 -9.6435546875 -0.79345703125 2071892
-4.638671875 -9.6435546875 -0.79345703125 2071993
-0.54931640625 -10.25390625 4.82177734375 2071993
-0.54931640625 -10.25390625 4.82177734375 2071993
-0.54931640625 -10.25390625 4.82177734375 2071994
-0.54931640625 -10.25390625 4.82177734375 2072096
-0.732421875 -3.662109375 2.01416015625 2072096
-0.732421875 -3.662109375 2.01416015625 2072096
-0.732421875 -3.662109375 2.01416015625 2072097
-0.732421875 -3.662109375 2.01416015625 2072198
-6.34765625 -6.591796875 -3.96728515625 2072262
-6.34765625 -6.591796875 -3.96728515625 2072262
-6.34765625 -6.591796875 -3.96728515625 2072262
-6.34765625 -6.591796875 -3.96728515625 2072301
-2.50244140625 -8.30078125 -2.44140625 2072379
-2.50244140625 -8.30078125 -2.44140625 2072379
-2.50244140625 -8.30078125 -2.44140625 2072379
-2.50244140625 -8.30078125 -2.44140625 2072491
-1.64794921875 -10.3759765625 -11.5966796875 2072492
-1.64794921875 -10.3759765625 -11.5966796875 2072492
-1.64794921875 -10.3759765625 -11.5966796875 2072493
-1.64794921875 -10.3759765625 -11.5966796875 2072592
-3.90625 -14.58740234375 -4.45556640625 2072592
-3.90625 -14.58740234375 -4.45556640625 2072592
-3.90625 -14.58740234375 -4.45556640625 2072593
-3.90625 -14.58740234375 -4.45556640625 2072701
-10.31494140625 -12.6953125 -12.20703125 2072701
-10.31494140625 -12.6953125 -12.20703125 2072701
-10.31494140625 -12.6953125 -12.20703125 2072702
-0.30517578125 -9.09423828125 -11.962890625 2072901
-0.9765625 -14.58740234375 -7.50732421875 2072901
-0.9765625 -14.58740234375 -7.50732421875 2072901
-0.9765625 -14.58740234375 -7.50732421875 2072902
-1.953125 -6.2255859375 -15.0146484375 2073091
-0.3662109375 -5.18798828125 -10.009765625 2073092
-0.3662109375 -5.18798828125 -10.009765625 2073092
-0.3662109375 -5.18798828125 -10.009765625 2073092
-0.3662109375 -5.18798828125 -10.009765625 2073192
4.638671875 -1.3427734375 -13.5498046875 2073192
4.638671875 -1.3427734375 -13.5498046875 2073192
4.638671875 -1.3427734375 -13.5498046875 2073193
4.638671875 -1.3427734375 -13.5498046875 2073295
1.64794921875 -6.65283203125 -4.5166015625 2073295
1.64794921875 -6.65283203125 -4.5166015625 2073296
1.64794921875 -6.65283203125 -4.5166015625 2073296
1.64794921875 -6.65283203125 -4.5166015625 2073400
-0.6103515625 -5.9814453125 -8.60595703125 2073401
-0.6103515625 -5.9814453125 -8.60595703125 2073401
-0.6103515625 -5.9814453125 -8.60595703125 2073401
-0.6103515625 -5.9814453125 -8.60595703125 2073500
2.0751953125 -6.8359375 -7.01904296875 2073578
2.0751953125 -6.8359375 -7.01904296875 2073578
2.0751953125 -6.8359375 -7.01904296875 2073579
2.0751953125 -6.8359375 -7.01904296875 2073689
-12.5732421875 -0.9765625 -17.4560546875 2073689
-12.5732421875 -0.9765625 -17.4560546875 2073690
-12.5732421875 -0.9765625 -17.4560546875 2073690
-12.5732421875 -0.9765625 -17.4560546875 2073793
-3.47900390625 -2.25830078125 -5.859375 2073793
-3.47900390625 -2.25830078125 -5.859375 2073793
-3.47900390625 -2.25830078125 -5.859375 2073794
-3.47900390625 -2.25830078125 -5.859375 2073902
-5.37109375 -6.103515625 -8.4228515625 2073902
-5.37109375 -6.103515625 -8.4228515625 2073902
-5.37109375 -6.103515625 -8.4228515625 2073911
-6.2255859375 -4.08935546875 -5.4931640625 2074091
-1.77001953125 -21.17919921875 21.728515625 2074091
-1.77001953125 -21.17919921875 21.728515625 2074091
-1.77001953125 -21.17919921875 21.728515625 2074092
-1.77001953125 -21.17919921875 21.728515625 2074194
-1.3427734375 -51.45263671875 19.83642578125 2074194
-1.3427734375 -51.45263671875 19.83642578125 2074194
-1.3427734375 -51.45263671875 19.83642578125 2074195
-1.3427734375 -51.45263671875 19.83642578125 2074296
4.33349609375 -75.1953125 27.03857421875 2074296
4.33349609375 -75.1953125 27.03857421875 2074296
4.33349609375 -75.1953125 27.03857421875 2074297
4.33349609375 -75.1953125 27.03857421875 2074398
-8.72802734375 -24.96337890625 12.451171875 2074398
-8.72802734375 -24.96337890625 12.451171875 2074399
-8.72802734375 -24.96337890625 12.451171875 2074399
-8.72802734375 -24.96337890625 12.451171875 2074502
-15.5029296875 26.18408203125 -8.11767578125 2074503
-15.5029296875 26.18408203125 -8.11767578125 2074503
-15.5029296875 26.18408203125 -8.11767578125 2074504
-49.86572265625 111.63330078125 -45.71533203125 2074689
-49.1943359375 68.9697265625 -45.22705078125 2074689
-49.1943359375 68.9697265625 -45.22705078125 2074689
-49.1943359375 68.9697265625 -45.22705078125 2074690
-49.1943359375 68.9697265625 -45.22705078125 2074792
-35.5224609375 51.94091796875 -37.17041015625 2074792
-35.5224609375 51.94091796875 -37.17041015625 2074793
-35.5224609375 51.94091796875 -37.17041015625 2074793
11.29150390625 5.92041015625 22.15576171875 2074895
11.29150390625 5.92041015625 22.15576171875 2074895
11.29150390625 5.92041015625 22.15576171875 2074903
11.29150390625 5.92041015625 22.15576171875 2074995
41.259765625 -13.0615234375 85.44921875 2074995
41.259765625 -13.0615234375 85.44921875 2074996
41.259765625 -13.0615234375 85.44921875 2075097
58.349609375 11.962890625 84.9609375 2075097
58.349609375 11.962890625 84.9609375 2075097
58.349609375 11.962890625 84.9609375 2075098
58.349609375 11.962890625 84.9609375 2075199
97.7783203125 40.95458984375 91.9189453125 2075200
97.7783203125 40.95458984375 91.9189453125 2075200
97.7783203125 40.95458984375 91.9189453125 2075202
37.41455078125 31.55517578125 9.33837890625 2075391
12.63427734375 10.3759765625 7.568359375 2075391
12.63427734375 10.3759765625 7.568359375 2075392
12.63427734375 10.3759765625 7.568359375 2075392
12.63427734375 10.3759765625 7.568359375 2075493
28.13720703125 2.685546875 8.1787109375 2075493
28.13720703125 2.685546875 8.1787109375 2075493
28.13720703125 2.685546875 8.1787109375 2075494
28.13720703125 2.685546875 8.1787109375 2075595
11.90185546875 4.33349609375 -6.40869140625 2075595
11.90185546875 4.33349609375 -6.40869140625 2075595
11.90185546875 4.33349609375 -6.40869140625 2075596
11.90185546875 4.33349609375 -6.40869140625 2075699
7.01904296875 2.3193359375 -1.40380859375 2075699
7.01904296875 2.3193359375 -1.40380859375 2075699
7.01904296875 2.3193359375 -1.40380859375 2075700
7.01904296875 2.3193359375 -1.40380859375 2075801
12.939453125 3.47900390625 0.48828125 2075801
12.939453125 3.47900390625 0.48828125 2075801
12.939453125 3.47900390625 0.48828125 2075802
1.64794921875 1.0986328125 -1.46484375 2075991
-10.7421875 0.244140625 -11.65771484375 2075991
-10.7421875 0.244140625 -11.65771484375 2075992
-10.7421875 0.244140625 -11.65771484375 2075992
-10.7421875 0.244140625 -11.65771484375 2076094
-36.376953125 -11.962890625 4.45556640625 2076094
-36.376953125 -11.962890625 4.45556640625 2076094
-36.376953125 -11.962890625 4.45556640625 2076095
-36.376953125 -11.962890625 4.45556640625 2076196
-39.0625 -8.97216796875 -15.07568359375 2076196
-39.0625 -8.97216796875 -15.07568359375 2076196
-39.0625 -8.97216796875 -15.07568359375 2076197
-39.0625 -8.97216796875 -15.07568359375 2076298
-11.71875 -9.94873046875 7.62939453125 2076298
-11.71875 -9.94873046875 7.62939453125 2076299
-11.71875 -9.94873046875 7.62939453125 2076299
-22.88818359375 3.35693359375 -8.72802734375 2076489
-8.23974609375 -6.53076171875 2.5634765625 2076489
-8.23974609375 -6.53076171875 2.5634765625 2076490
-8.23974609375 -6.53076171875 2.5634765625 2076490
-8.23974609375 -6.53076171875 2.5634765625 2076597
-4.33349609375 -10.55908203125 2.5634765625 2076598
-4.33349609375 -10.55908203125 2.5634765625 2076598
-4.33349609375 -10.55908203125 2.5634765625 2076599
-1.953125 -5.43212890625 4.150390625 2076796
-2.86865234375 -11.77978515625 4.5166015625 2076796
-2.86865234375 -11.77978515625 4.5166015625 2076797
-2.86865234375 -11.77978515625 4.5166015625 2076797
-2.86865234375 -11.77978515625 4.5166015625 2076898
-0.8544921875 -14.0380859375 3.41796875 2076898
-0.8544921875 -14.0380859375 3.41796875 2076898
-0.8544921875 -14.0380859375 3.41796875 2076899
-0.9765625 -12.6953125 2.5634765625 2077101
-7.01904296875 -10.986328125 -10.7421875 2077101
-7.01904296875 -10.986328125 -10.7421875 2077104
-7.01904296875 -10.986328125 -10.7421875 2077104
-1.52587890625 -10.31494140625 -10.07080078125 2077291
1.03759765625 -12.39013671875 -13.73291015625 2077291
1.03759765625 -12.39013671875 -13.73291015625 2077291
1.03759765625 -12.39013671875 -13.73291015625 2077292
1.03759765625 -12.39013671875 -13.73291015625 2077393
-4.94384765625 -10.1318359375 -10.92529296875 2077393
-4.94384765625 -10.1318359375 -10.92529296875 2077393
-4.94384765625 -10.1318359375 -10.92529296875 2077394
-4.94384765625 -10.1318359375 -10.92529296875 2077496
-2.99072265625 -12.14599609375 -23.74267578125 2077496
-2.99072265625 -12.14599609375 -23.74267578125 2077497
-2.99072265625 -12.14599609375 -23.74267578125 2077497
-2.99072265625 -12.14599609375 -23.74267578125 2077598
0.06103515625 -12.20703125 -13.671875 2077598
0.06103515625 -12.20703125 -13.671875 2077598
0.06103515625 -12.20703125 -13.671875 2077599
-1.46484375 -5.4931640625 -10.498046875 2077793
-1.5869140625 -14.5263671875 -10.43701171875 2077793
-1.5869140625 -14.5263671875 -10.43701171875 2077793
-1.5869140625 -14.5263671875 -10.43701171875 2077794
-1.5869140625 -14.5263671875 -10.43701171875 2077898
-5.4931640625 -7.2021484375 -7.75146484375 2077898
-5.4931640625 -7.2021484375 -7.75146484375 2077904
-5.4931640625 -7.2021484375 -7.75146484375 2077905
-5.4931640625 -7.2021484375 -7.75146484375 2078001
-1.89208984375 -0.1220703125 -7.4462890625 2078001
-5.06591796875 -10.1318359375 -14.2822265625 2078078
-5.06591796875 -10.1318359375 -14.2822265625 2078078
-5.06591796875 -10.1318359375 -14.2822265625 2078189
2.99072265625 -1.15966796875 1.28173828125 2078189
2.99072265625 -1.15966796875 1.28173828125 2078189
2.99072265625 -1.15966796875 1.28173828125 2078190
2.99072265625 -1.15966796875 1.28173828125 2078293
-2.99072265625 -4.8828125 -9.8876953125 2078293
-2.99072265625 -4.8828125 -9.8876953125 2078293
-2.99072265625 -4.8828125 -9.8876953125 2078294
-2.99072265625 -4.8828125 -9.8876953125 2078395
-9.6435546875 -13.5498046875 -11.1083984375 2078395
-9.6435546875 -13.5498046875 -11.1083984375 2078396
-9.6435546875 -13.5498046875 -11.1083984375 2078396
-9.6435546875 -13.5498046875 -11.1083984375 2078497
-3.96728515625 -5.126953125 -1.0986328125 2078497
-3.96728515625 -5.126953125 -1.0986328125 2078497
-3.96728515625 -5.126953125 -1.0986328125 2078498
-3.96728515625 -5.126953125 -1.0986328125 2078599
-1.8310546875 -11.41357421875 12.39013671875 2078599
-1.8310546875 -11.41357421875 12.39013671875 2078599
-1.8310546875 -11.41357421875 12.39013671875 2078600
-1.220703125 -35.7666015625 10.25390625 2078790
3.47900390625 -56.94580078125 23.3154296875 2078790
3.47900390625 -56.94580078125 23.3154296875 2078790
3.47900390625 -56.94580078125 23.3154296875 2078791
3.47900390625 -56.94580078125 23.3154296875 2078892
-0.91552734375 -17.51708984375 15.68603515625 2078892
-0.91552734375 -17.51708984375 15.68603515625 2078892
-0.91552734375 -17.51708984375 15.68603515625 2078893
-0.91552734375 -17.51708984375 15.68603515625 2078995
-39.0625 63.8427734375 -27.64892578125 2078995
-39.0625 63.8427734375 -27.64892578125 2078996
-39.0625 63.8427734375 -27.64892578125 2078996
-39.0625 63.8427734375 -27.64892578125 2079106
-61.21826171875 83.80126953125 -49.74365234375 2079107
-61.21826171875 83.80126953125 -49.74365234375 2079107
-61.21826171875 83.80126953125 -49.74365234375 2079107
-33.69140625 48.27880859375 -30.517578125 2079295
11.5966796875 9.8876953125 20.93505859375 2079295
11.5966796875 9.8876953125 20.93505859375 2079296
11.5966796875 9.8876953125 20.93505859375 2079296
20.44677734375 23.49853515625 66.7724609375 2079494
53.16162109375 21.30126953125 64.8193359375 2079494
53.16162109375 21.30126953125 64.8193359375 2079495
53.16162109375 21.30126953125 64.8193359375 2079495
53.16162109375 21.30126953125 64.8193359375 2079597
99.9755859375 14.5263671875 78.55224609375 2079597
99.9755859375 14.5263671875 78.55224609375 2079597
99.9755859375 14.5263671875 78.55224609375 2079598
99.9755859375 14.5263671875 78.55224609375 2079699
68.29833984375 22.64404296875 29.72412109375 2079699
68.29833984375 22.64404296875 29.72412109375 2079700
68.29833984375 22.64404296875 29.72412109375 2079700
32.77587890625 29.052734375 -2.25830078125 2079893
29.35791015625 11.23046875 15.869140625 2079893
29.35791015625 11.23046875 15.869140625 2079894
29.35791015625 11.23046875 15.869140625 2079894
29.35791015625 11.23046875 15.869140625 2079993
0.732421875 1.15966796875 -0.42724609375 2079993
0.732421875 1.15966796875 -0.42724609375 2079993
0.732421875 1.15966796875 -0.42724609375 2079994
0.732421875 1.15966796875 -0.42724609375 2080095
0.244140625 1.8310546875 0.1220703125 2080095
0.244140625 1.8310546875 0.1220703125 2080095
0.244140625 1.8310546875 0.1220703125 2080096
0.244140625 1.8310546875 0.1220703125 2080198
5.43212890625 4.94384765625 1.220703125 2080198
5.43212890625 4.94384765625 1.220703125 2080199
5.43212890625 4.94384765625 1.220703125 2080199
5.43212890625 4.94384765625 1.220703125 2080298
-0.54931640625 5.79833984375 -6.8359375 2080298
-0.54931640625 5.79833984375 -6.8359375 2080299
-0.54931640625 5.79833984375 -6.8359375 2080299
-21.30126953125 2.62451171875 -6.8359375 2080490
-18.4326171875 -19.287109375 -7.6904296875 2080490
-18.4326171875 -19.287109375 -7.6904296875 2080490
-18.4326171875 -19.287109375 -7.6904296875 2080491
-18.4326171875 -19.287109375 -7.6904296875 2080592
-58.9599609375 -10.1318359375 -17.88330078125 2080592
-58.9599609375 -10.1318359375 -17.88330078125 2080593
-58.9599609375 -10.1318359375 -17.88330078125 2080593
-58.9599609375 -10.1318359375 -17.88330078125 2080694
-23.4375 -13.00048828125 -3.662109375 2080694
-23.4375 -13.00048828125 -3.662109375 2080694
-23.4375 -13.00048828125 -3.662109375 2080695
-23.4375 -13.00048828125 -3.662109375 2080798
-21.8505859375 -7.6904296875 -3.11279296875 2080798
-21.8505859375 -7.6904296875 -3.11279296875 2080798
-21.8505859375 -7.6904296875 -3.11279296875 2080799
3.41796875 -2.74658203125 4.150390625 2080991
-9.765625 -5.2490234375 5.0048828125 2080991
-9.765625 -5.2490234375 5.0048828125 2080991
-9.765625 -5.2490234375 5.0048828125 2080999
-0.1220703125 -9.033203125 2.3193359375 2081095
-0.1220703125 -9.033203125 2.3193359375 2081096
-0.1220703125 -9.033203125 2.3193359375 2081202
-2.38037109375 -9.70458984375 6.9580078125 2081203
-2.38037109375 -9.70458984375 6.9580078125 2081203
-2.38037109375 -9.70458984375 6.9580078125 2081204
1.46484375 -6.7138671875 2.74658203125 2081388
2.197265625 -4.57763671875 2.197265625 2081388
2.197265625 -4.57763671875 2.197265625 2081388
2.197265625 -4.57763671875 2.197265625 2081389
2.197265625 -4.57763671875 2.197265625 2081491
3.96728515625 -10.1318359375 -0.30517578125 2081491
3.96728515625 -10.1318359375 -0.30517578125 2081491
3.96728515625 -10.1318359375 -0.30517578125 2081492
-3.60107421875 -12.87841796875 -2.74658203125 2081593
-3.60107421875 -12.87841796875 -2.74658203125 2081593
-3.60107421875 -12.87841796875 -2.74658203125 2081593
-3.60107421875 -12.87841796875 -2.74658203125 2081697
2.38037109375 -2.9296875 -7.8125 2081698
2.38037109375 -2.9296875 -7.8125 2081698
2.38037109375 -2.9296875 -7.8125 2081699
3.90625 -13.7939453125 -4.5166015625 2081894
-9.033203125 -14.22119140625 -10.92529296875 2081894
-9.033203125 -14.22119140625 -10.92529296875 2081894
-9.033203125 -14.22119140625 -10.92529296875 2081895
-9.033203125 -14.22119140625 -10.92529296875 2081997
-2.74658203125 -13.73291015625 -13.427734375 2081997
-2.74658203125 -13.73291015625 -13.427734375 2081998
-2.74658203125 -13.73291015625 -13.427734375 2081998
-2.38037109375 -7.87353515625 -10.43701171875 2082191
0.06103515625 -1.28173828125 -16.41845703125 2082191
0.06103515625 -1.28173828125 -16.41845703125 2082192
0.06103515625 -1.28173828125 -16.41845703125 2082192
0.06103515625 -1.28173828125 -16.41845703125 2082294
0.48828125 -5.06591796875 -17.27294921875 2082294
0.48828125 -5.06591796875 -17.27294921875 2082294
0.48828125 -5.06591796875 -17.27294921875 2082295
0.48828125 -5.06591796875 -17.27294921875 2082398
0.18310546875 -2.9296875 -1.3427734375 2082398
0.18310546875 -2.9296875 -1.3427734375 2082398
0.18310546875 -2.9296875 -1.3427734375 2082399
-0.67138671875 -6.8359375 -13.61083984375 2082591
-0.18310546875 -1.03759765625 -4.33349609375 2082591
-0.18310546875 -1.03759765625 -4.33349609375 2082592
-0.18310546875 -1.03759765625 -4.33349609375 2082592
-0.18310546875 -1.03759765625 -4.33349609375 2082698
-2.13623046875 -9.82666015625 -8.11767578125 2082701
-2.13623046875 -9.82666015625 -8.11767578125 2082701
-2.13623046875 -9.82666015625 -8.11767578125 2082702
-2.25830078125 -0.67138671875 -7.50732421875 2082898
1.28173828125 -2.25830078125 -10.009765625 2082898
1.28173828125 -2.25830078125 -10.009765625 2082898
1.28173828125 -2.25830078125 -10.009765625 2082899
-6.28662109375 -10.68115234375 -6.40869140625 2083087
-1.220703125 1.8310546875 2.13623046875 2083087
-1.220703125 1.8310546875 2.13623046875 2083087
-1.220703125 1.8310546875 2.13623046875 2083088
-1.220703125 1.8310546875 2.13623046875 2083190
-6.65283203125 -5.2490234375 -3.90625 2083190
-6.65283203125 -5.2490234375 -3.90625 2083191
-6.65283203125 -5.2490234375 -3.90625 2083191
-6.65283203125 -5.2490234375 -3.90625 2083293
-5.615234375 -3.72314453125 -3.7841796875 2083293
-5.615234375 -3.72314453125 -3.7841796875 2083294
-5.615234375 -3.72314453125 -3.7841796875 2083294
-5.615234375 -3.72314453125 -3.7841796875 2083394
2.197265625 -13.7939453125 7.32421875 2083394
2.197265625 -13.7939453125 7.32421875 2083394
2.197265625 -13.7939453125 7.32421875 2083395
2.197265625 -13.7939453125 7.32421875 2083501
3.23486328125 -43.76220703125 13.73291015625 2083537
3.23486328125 -43.76220703125 13.73291015625 2083537
3.23486328125 -43.76220703125 13.73291015625 2083538
11.1083984375 -63.96484375 34.97314453125 2083690
1.3427734375 -32.3486328125 19.53125 2083690
1.3427734375 -32.3486328125 19.53125 2083691
1.3427734375 -32.3486328125 19.53125 2083691
1.3427734375 -32.3486328125 19.53125 2083792
-19.04296875 21.91162109375 -9.8876953125 2083792
-19.04296875 21.91162109375 -9.8876953125 2083792
-19.04296875 21.91162109375 -9.8876953125 2083792
-19.04296875 21.91162109375 -9.8876953125 2083898
-51.8798828125 86.42578125 -42.05322265625 2083898
-51.8798828125 86.42578125 -42.05322265625 2083898
-51.8798828125 86.42578125 -42.05322265625 2083899
-55.84716796875 75.1953125 -50.9033203125 2084087
-17.39501953125 42.236328125 12.451171875 2084087
-17.39501953125 42.236328125 12.451171875 2084088
-17.39501953125 42.236328125 12.451171875 2084088
-17.39501953125 42.236328125 12.451171875 2084189
33.14208984375 8.85009765625 50.84228515625 2084189
33.14208984375 8.85009765625 50.84228515625 2084189
33.14208984375 8.85009765625 50.84228515625 2084190
33.14208984375 8.85009765625 50.84228515625 2084293
72.3876953125 27.16064453125 94.29931640625 2084293
72.3876953125 27.16064453125 94.29931640625 2084293
72.3876953125 27.16064453125 94.29931640625 2084294
72.3876953125 27.16064453125 94.29931640625 2084395
91.61376953125 18.4326171875 60.97412109375 2084395
91.61376953125 18.4326171875 60.97412109375 2084395
91.61376953125 18.4326171875 60.97412109375 2084396
91.61376953125 18.4326171875 60.97412109375 2084497
55.84716796875 9.21630859375 23.25439453125 2084497
55.84716796875 9.21630859375 23.25439453125 2084498
55.84716796875 9.21630859375 23.25439453125 2084498
35.82763671875 10.8642578125 -5.4931640625 2084687
17.27294921875 0.54931640625 8.11767578125 2084687
17.27294921875 0.54931640625 8.11767578125 2084687
17.27294921875 0.54931640625 8.11767578125 2084688
17.27294921875 0.54931640625 8.11767578125 2084790
-2.197265625 7.14111328125 -17.63916015625 2084790
-2.197265625 7.14111328125 -17.63916015625 2084791
-2.197265625 7.14111328125 -17.63916015625 2084791
-2.197265625 7.14111328125 -17.63916015625 2084894
4.21142578125 3.662109375 -6.28662109375 2084894
4.21142578125 3.662109375 -6.28662109375 2084894
4.21142578125 3.662109375 -6.28662109375 2084895
5.06591796875 -1.52587890625 3.11279296875 2085097
-11.90185546875 4.21142578125 -10.43701171875 2085097
-11.90185546875 4.21142578125 -10.43701171875 2085097
-11.90185546875 4.21142578125 -10.43701171875 2085098
-15.0146484375 -3.72314453125 -4.33349609375 2085287
-51.1474609375 -22.0947265625 0.9765625 2085287
-51.1474609375 -22.0947265625 0.9765625 2085288
-51.1474609375 -22.0947265625 0.9765625 2085288
-51.1474609375 -22.0947265625 0.9765625 2085390
-19.775390625 -13.85498046875 -4.8828125 2085393
-19.775390625 -13.85498046875 -4.8828125 2085395
-19.775390625 -13.85498046875 -4.8828125 2085395
-19.775390625 -13.85498046875 -4.8828125 2085494
-15.13671875 -3.60107421875 -3.11279296875 2085495
-15.13671875 -3.60107421875 -3.11279296875 2085495
-15.13671875 -3.60107421875 -3.11279296875 2085496
-15.13671875 -3.60107421875 -3.11279296875 2085595
-16.11328125 -10.6201171875 4.39453125 2085595
-16.11328125 -10.6201171875 4.39453125 2085595
-16.11328125 -10.6201171875 4.39453125 2085596
-16.11328125 -10.6201171875 4.39453125 2085698
-6.2255859375 -9.1552734375 0 2085698
-6.2255859375 -9.1552734375 0 2085698
-6.2255859375 -9.1552734375 0 2085699
2.25830078125 -11.41357421875 6.8359375 2085887
-0.06103515625 -7.9345703125 3.96728515625 2085887
-0.06103515625 -7.9345703125 3.96728515625 2085888
-0.06103515625 -7.9345703125 3.96728515625 2085888
-0.06103515625 -7.9345703125 3.96728515625 2085989
5.79833984375 -4.638671875 1.77001953125 2085989
5.79833984375 -4.638671875 1.77001953125 2085989
5.79833984375 -4.638671875 1.77001953125 2085990
1.77001953125 -6.65283203125 4.57763671875 2086092
1.77001953125 -6.65283203125 4.57763671875 2086092
1.77001953125 -6.65283203125 4.57763671875 2086093
1.77001953125 -6.65283203125 4.57763671875 2086196
2.13623046875 -9.3994140625 1.28173828125 2086196
2.13623046875 -9.3994140625 1.28173828125 2086196
2.13623046875 -9.3994140625 1.28173828125 2086197
-1.89208984375 -11.8408203125 -1.8310546875 2086390
-2.74658203125 -5.43212890625 -6.8359375 2086390
-2.74658203125 -5.43212890625 -6.8359375 2086391
-2.74658203125 -5.43212890625 -6.8359375 2086391
-1.8310546875 -12.20703125 -8.30078125 2086492
-1.8310546875 -12.20703125 -8.30078125 2086492
-1.8310546875 -12.20703125 -8.30078125 2086493
-1.8310546875 -12.20703125 -8.30078125 2086596
-2.50244140625 -8.11767578125 -11.77978515625 2086596
-2.50244140625 -8.11767578125 -11.77978515625 2086596
-2.50244140625 -8.11767578125 -11.77978515625 2086597
-2.50244140625 -8.11767578125 -11.77978515625 2086697
-1.8310546875 -8.36181640625 -7.38525390625 2086698
-1.8310546875 -8.36181640625 -7.38525390625 2086698
-1.8310546875 -8.36181640625 -7.38525390625 2086699
-0.79345703125 -9.94873046875 -15.19775390625 2086890
0.9765625 -8.1787109375 -4.150390625 2086890
0.9765625 -8.1787109375 -4.150390625 2086891
0.9765625 -8.1787109375 -4.150390625 2086891
0.9765625 -8.1787109375 -4.150390625 2086992
-4.638671875 -9.33837890625 -8.97216796875 2086992
-4.638671875 -9.33837890625 -8.97216796875 2086992
-4.638671875 -9.33837890625 -8.97216796875 2086993
-4.638671875 -9.33837890625 -8.97216796875 2087095
1.8310546875 2.38037109375 -8.85009765625 2087095
1.8310546875 2.38037109375 -8.85009765625 2087096
1.8310546875 2.38037109375 -8.85009765625 2087096
1.8310546875 2.38037109375 -8.85009765625 2087197
-3.11279296875 -8.85009765625 -11.41357421875 2087197
-3.11279296875 -8.85009765625 -11.41357421875 2087197
-3.11279296875 -8.85009765625 -11.41357421875 2087198
-0.18310546875 -1.52587890625 -4.0283203125 2087388
-1.28173828125 -14.0380859375 -5.18798828125 2087388
-1.28173828125 -14.0380859375 -5.18798828125 2087389
-1.28173828125 -14.0380859375 -5.18798828125 2087389
-1.28173828125 -14.0380859375 -5.18798828125 2087491
2.685546875 -1.64794921875 -5.859375 2087491
2.685546875 -1.64794921875 -5.859375 2087492
2.685546875 -1.64794921875 -5.859375 2087492
2.685546875 -1.64794921875 -5.859375 2087593
-2.74658203125 -7.32421875 -8.1787109375 2087593
-2.74658203125 -7.32421875 -8.1787109375 2087593
-2.74658203125 -7.32421875 -8.1787109375 2087594
-2.74658203125 -7.32421875 -8.1787109375 2087696
-4.39453125 -6.7138671875 -6.591796875 2087696
-4.39453125 -6.7138671875 -6.591796875 2087696
-4.39453125 -6.7138671875 -6.591796875 2087697
-1.64794921875 4.2724609375 -2.197265625 2087886
-9.33837890625 2.62451171875 -9.033203125 2087886
-9.33837890625 2.62451171875 -9.033203125 2087886
-9.33837890625 2.62451171875 -9.033203125 2087887
-9.33837890625 2.62451171875 -9.033203125 2087988
0.6103515625 0.42724609375 -4.69970703125 2087988
0.6103515625 0.42724609375 -4.69970703125 2087989
0.6103515625 0.42724609375 -4.69970703125 2087989
0.6103515625 0.42724609375 -4.69970703125 2088093
2.62451171875 6.8359375 3.11279296875 2088093
2.62451171875 6.8359375 3.11279296875 2088093
2.62451171875 6.8359375 3.11279296875 2088094
2.62451171875 6.8359375 3.11279296875 2088195
-6.16455078125 -9.765625 -9.1552734375 2088195
-6.16455078125 -9.765625 -9.1552734375 2088195
-6.16455078125 -9.765625 -9.1552734375 2088196
0.30517578125 -5.31005859375 -4.150390625 2088390
1.40380859375 -0.67138671875 5.79833984375 2088390
1.40380859375 -0.67138671875 5.79833984375 2088391
1.40380859375 -0.67138671875 5.79833984375 2088391
1.40380859375 -0.67138671875 5.79833984375 2088492
0.3662109375 -14.46533203125 2.685546875 2088492
0.3662109375 -14.46533203125 2.685546875 2088492
0.3662109375 -14.46533203125 2.685546875 2088493
0.3662109375 -14.46533203125 2.685546875 2088595
-4.638671875 -10.8642578125 -4.2724609375 2088595
-4.638671875 -10.8642578125 -4.2724609375 2088595
-4.638671875 -10.8642578125 -4.2724609375 2088596
-4.150390625 -23.681640625 7.38525390625 2088788
-1.8310546875 -31.67724609375 8.23974609375 2088788
-1.8310546875 -31.67724609375 8.23974609375 2088788
-1.8310546875 -31.67724609375 8.23974609375 2088789
-1.8310546875 -31.67724609375 8.23974609375 2088891
2.86865234375 -32.04345703125 11.8408203125 2088891
2.86865234375 -32.04345703125 11.8408203125 2088891
2.86865234375 -32.04345703125 11.8408203125 2088892
2.86865234375 -32.04345703125 11.8408203125 2088994
2.99072265625 -32.28759765625 16.05224609375 2088995
2.99072265625 -32.28759765625 16.05224609375 2088995
2.99072265625 -32.28759765625 16.05224609375 2088995
2.99072265625 -32.28759765625 16.05224609375 2089096
-0.18310546875 -11.41357421875 8.60595703125 2089096
-0.18310546875 -11.41357421875 8.60595703125 2089096
-0.18310546875 -11.41357421875 8.60595703125 2089097
-15.9912109375 21.1181640625 0.30517578125 2089285
-45.10498046875 101.806640625 -30.21240234375 2089285
-45.10498046875 101.806640625 -30.21240234375 2089285
-45.10498046875 101.806640625 -30.21240234375 2089286
-45.10498046875 101.806640625 -30.21240234375 2089388
-59.9365234375 94.54345703125 -43.76220703125 2089388
-59.9365234375 94.54345703125 -43.76220703125 2089388
-59.9365234375 94.54345703125 -43.76220703125 2089389
-59.9365234375 94.54345703125 -43.76220703125 2089491
2.0751953125 10.8642578125 25.146484375 2089491
2.0751953125 10.8642578125 25.146484375 2089492
2.0751953125 10.8642578125 25.146484375 2089492
2.0751953125 10.8642578125 25.146484375 2089594
8.544921875 15.2587890625 17.02880859375 2089594
8.544921875 15.2587890625 17.02880859375 2089594
8.544921875 15.2587890625 17.02880859375 2089595
8.544921875 15.2587890625 17.02880859375 2089696
59.99755859375 0.06103515625 70.80078125 2089696
59.99755859375 0.06103515625 70.80078125 2089697
59.99755859375 0.06103515625 70.80078125 2089697
85.38818359375 31.67724609375 59.99755859375 2089900
53.64990234375 43.701171875 10.68115234375 2089901
53.64990234375 43.701171875 10.68115234375 2089901
53.64990234375 43.701171875 10.68115234375 2089902
13.0615234375 20.69091796875 -8.72802734375 2090085
0.06103515625 17.822265625 -14.34326171875 2090085
0.06103515625 17.822265625 -14.34326171875 2090086
0.06103515625 17.822265625 -14.34326171875 2090086
0.06103515625 17.822265625 -14.34326171875 2090188
4.33349609375 6.34765625 5.126953125 2090188
4.33349609375 6.34765625 5.126953125 2090189
4.33349609375 6.34765625 5.126953125 2090189
3.5400390625 5.0048828125 1.64794921875 2090291
3.5400390625 5.0048828125 1.64794921875 2090291
3.5400390625 5.0048828125 1.64794921875 2090291
3.5400390625 5.0048828125 1.64794921875 2090394
2.8076171875 2.44140625 -7.99560546875 2090394
2.8076171875 2.44140625 -7.99560546875 2090394
2.8076171875 2.44140625 -7.99560546875 2090395
2.8076171875 2.44140625 -7.99560546875 2090497
0.30517578125 6.16455078125 -3.90625 2090497
0.30517578125 6.16455078125 -3.90625 2090498
0.30517578125 6.16455078125 -3.90625 2090498
-15.7470703125 -3.7841796875 -8.48388671875 2090684
-10.68115234375 -6.591796875 -10.7421875 2090684
-10.68115234375 -6.591796875 -10.7421875 2090684
-10.68115234375 -6.591796875 -10.7421875 2090685
-10.68115234375 -6.591796875 -10.7421875 2090786
-35.400390625 -4.7607421875 -3.23486328125 2090786
-35.400390625 -4.7607421875 -3.23486328125 2090787
-35.400390625 -4.7607421875 -3.23486328125 2090787
-35.400390625 -4.7607421875 -3.23486328125 2090890
-31.982421875 -20.8740234375 -0.732421875 2090890
-31.982421875 -20.8740234375 -0.732421875 2090891
-31.982421875 -20.8740234375 -0.732421875 2090891
-31.982421875 -20.8740234375 -0.732421875 2090992
-8.9111328125 -4.82177734375 0.79345703125 2090992
-8.9111328125 -4.82177734375 0.79345703125 2090993
-8.9111328125 -4.82177734375 0.79345703125 2090993
-8.9111328125 -4.82177734375 0.79345703125 2091094
-13.671875 -9.58251953125 4.45556640625 2091094
-13.671875 -9.58251953125 4.45556640625 2091095
-13.671875 -9.58251953125 4.45556640625 2091095
-8.6669921875 -12.451171875 -0.6103515625 2091293
1.77001953125 -2.0751953125 3.60107421875 2091293
1.77001953125 -2.0751953125 3.60107421875 2091293
1.77001953125 -2.0751953125 3.60107421875 2091294
1.77001953125 -2.0751953125 3.60107421875 2091396
-1.40380859375 -1.8310546875 2.38037109375 2091396
-1.40380859375 -1.8310546875 2.38037109375 2091396
-1.40380859375 -1.8310546875 2.38037109375 2091397
-1.220703125 -8.544921875 -0.9765625 2091590
2.8076171875 -7.6904296875 0.9765625 2091590
2.8076171875 -7.6904296875 0.9765625 2091590
2.8076171875 -7.6904296875 0.9765625 2091591
2.38037109375 -12.3291015625 -1.5869140625 2091780
-3.11279296875 -16.78466796875 -5.31005859375 2091791
-3.11279296875 -16.78466796875 -5.31005859375 2091791
-3.11279296875 -16.78466796875 -5.31005859375 2091791
-3.11279296875 -16.78466796875 -5.31005859375 2091895
-4.33349609375 -12.6953125 -7.26318359375 2091895
-4.33349609375 -12.6953125 -7.26318359375 2091896
-4.33349609375 -12.6953125 -7.26318359375 2091896
0 -4.7607421875 -11.3525390625 2092085
-1.46484375 -12.20703125 -11.474609375 2092085
-1.46484375 -12.20703125 -11.474609375 2092086
-1.46484375 -12.20703125 -11.474609375 2092086
-1.46484375 -12.20703125 -11.474609375 2092187
-0.06103515625 -8.23974609375 -11.29150390625 2092187
-0.06103515625 -8.23974609375 -11.29150390625 2092187
-0.06103515625 -8.23974609375 -11.29150390625 2092188
-0.06103515625 -8.23974609375 -11.29150390625 2092289
-2.86865234375 -7.99560546875 -7.4462890625 2092289
-2.86865234375 -7.99560546875 -7.4462890625 2092290
-2.86865234375 -7.99560546875 -7.4462890625 2092290
-2.86865234375 -7.99560546875 -7.4462890625 2092395
-2.13623046875 -10.68115234375 -12.0849609375 2092395
-2.13623046875 -10.68115234375 -12.0849609375 2092395
-2.13623046875 -10.68115234375 -12.0849609375 2092396
-0.30517578125 -7.4462890625 -3.11279296875 2092587
-1.708984375 -8.11767578125 -9.94873046875 2092587
-1.708984375 -8.11767578125 -9.94873046875 2092588
-1.708984375 -8.11767578125 -9.94873046875 2092588
-1.708984375 -8.11767578125 -9.94873046875 2092690
-2.5634765625 -4.638671875 -5.37109375 2092690
-2.5634765625 -4.638671875 -5.37109375 2092691
-2.5634765625 -4.638671875 -5.37109375 2092691
-2.5634765625 -4.638671875 -5.37109375 2092793
-5.79833984375 -8.97216796875 -11.71875 2092793
-5.79833984375 -8.97216796875 -11.71875 2092793
-5.79833984375 -8.97216796875 -11.71875 2092794
-5.79833984375 -8.97216796875 -11.71875 2092896
-4.21142578125 -4.45556640625 -6.40869140625 2092896
-4.21142578125 -4.45556640625 -6.40869140625 2092897
-4.21142578125 -4.45556640625 -6.40869140625 2092897
-2.9296875 -4.8828125 -5.92041015625 2093099
-0.67138671875 -1.5869140625 -1.708984375 2093100
-0.67138671875 -1.5869140625 -1.708984375 2093100
-0.67138671875 -1.5869140625 -1.708984375 2093100
-1.0986328125 -4.57763671875 -6.40869140625 2093290
-4.08935546875 -5.37109375 -2.685546875 2093290
-4.08935546875 -5.37109375 -2.685546875 2093291
-4.08935546875 -5.37109375 -2.685546875 2093291
-4.08935546875 -5.37109375 -2.685546875 2093393
0.9765625 -4.21142578125 3.35693359375 2093393
0.9765625 -4.21142578125 3.35693359375 2093394
0.9765625 -4.21142578125 3.35693359375 2093394
0.9765625 -4.21142578125 3.35693359375 2093496
-2.86865234375 -2.38037109375 -2.44140625 2093496
-2.86865234375 -2.38037109375 -2.44140625 2093496
-2.86865234375 -2.38037109375 -2.44140625 2093497
-0.6103515625 -8.48388671875 -4.39453125 2093684
-2.62451171875 0.9765625 0.79345703125 2093684
-2.62451171875 0.9765625 0.79345703125 2093684
-2.62451171875 0.9765625 0.79345703125 2093685
-2.62451171875 0.9765625 0.79345703125 2093788
-3.7841796875 -8.72802734375 -1.28173828125 2093788
-3.7841796875 -8.72802734375 -1.28173828125 2093788
-3.7841796875 -8.72802734375 -1.28173828125 2093789
-3.7841796875 -8.72802734375 -1.28173828125 2093902
-1.52587890625 -17.333984375 11.16943359375 2093903
-1.52587890625 -17.333984375 11.16943359375 2094052
-1.52587890625 -17.333984375 11.16943359375 2094053
-1.52587890625 -17.333984375 11.16943359375 2094064
-2.38037109375 -16.54052734375 2.01416015625 2094064
-2.38037109375 -16.54052734375 2.01416015625 2094268
6.65283203125 -39.1845703125 12.63427734375 2094269
6.65283203125 -39.1845703125 12.63427734375 2094269
6.65283203125 -39.1845703125 12.63427734375 2094270
0.1220703125 -14.95361328125 5.9814453125 2094393
-22.64404296875 40.34423828125 -12.02392578125 2094393
-22.64404296875 40.34423828125 -12.02392578125 2094393
-22.64404296875 40.34423828125 -12.02392578125 2094394
-22.64404296875 40.34423828125 -12.02392578125 2094495
-39.1845703125 85.02197265625 -23.62060546875 2094495
-39.1845703125 85.02197265625 -23.62060546875 2094496
-39.1845703125 85.02197265625 -23.62060546875 2094496
-59.814453125 61.279296875 -51.81884765625 2094684
16.2353515625 10.6201171875 43.88427734375 2094684
16.2353515625 10.6201171875 43.88427734375 2094684
16.2353515625 10.6201171875 43.88427734375 2094685
16.2353515625 10.6201171875 43.88427734375 2094787
3.0517578125 7.4462890625 20.8740234375 2094787
3.0517578125 7.4462890625 20.8740234375 2094788
3.0517578125 7.4462890625 20.8740234375 2094788
40.8935546875 9.58251953125 69.091796875 2094889
40.8935546875 9.58251953125 69.091796875 2094889
40.8935546875 9.58251953125 69.091796875 2094889
40.8935546875 9.58251953125 69.091796875 2094993
74.27978515625 13.97705078125 69.091796875 2094993
74.27978515625 13.97705078125 69.091796875 2094993
74.27978515625 13.97705078125 69.091796875 2094994
51.81884765625 29.052734375 24.4140625 2095185
52.3681640625 14.70947265625 12.8173828125 2095185
52.3681640625 14.70947265625 12.8173828125 2095186
52.3681640625 14.70947265625 12.8173828125 2095186
52.3681640625 14.70947265625 12.8173828125 2095287
20.01953125 11.962890625 -18.85986328125 2095287
20.01953125 11.962890625 -18.85986328125 2095287
20.01953125 11.962890625 -18.85986328125 2095288
20.01953125 11.962890625 -18.85986328125 2095391
22.4609375 6.9580078125 10.8642578125 2095391
22.4609375 6.9580078125 10.8642578125 2095392
22.4609375 6.9580078125 10.8642578125 2095392
22.4609375 6.9580078125 10.8642578125 2095493
3.96728515625 1.3427734375 -10.6201171875 2095493
3.96728515625 1.3427734375 -10.6201171875 2095494
3.96728515625 1.3427734375 -10.6201171875 2095494
