-0.25048828125 0.77880859375 0.6904296875 1500011
-0.25048828125 0.77880859375 0.6904296875 1500011
-0.25048828125 0.77880859375 0.6904296875 1500013
-0.25048828125 0.77880859375 0.6904296875 1500013
-0.01708984375 0.2880859375 1.0341796875 1500017
-0.01953125 0.28564453125 1.03076171875 1500134
-0.01953125 0.28564453125 1.03076171875 1500134
-0.01953125 0.28564453125 1.03076171875 1500134
-0.01953125 0.28564453125 1.03076171875 1500135
-0.01904296875 0.2841796875 1.033203125 1500324
-0.01904296875 0.2841796875 1.033203125 1500324
-0.01904296875 0.2841796875 1.033203125 1500324
-0.01904296875 0.2841796875 1.033203125 1500325
-0.02392578125 0.28857421875 1.0361328125 1500426
-0.02392578125 0.28857421875 1.0361328125 1500426
-0.02392578125 0.28857421875 1.0361328125 1500448
-0.02392578125 0.28857421875 1.0361328125 1500448
-0.02587890625 0.28955078125 1.03271484375 1500528
-0.02587890625 0.28955078125 1.03271484375 1500528
-0.02734375 0.29150390625 1.02783203125 1500839
-0.02734375 0.29150390625 1.02783203125 1500839
-0.02734375 0.29150390625 1.02783203125 1500840
-0.02734375 0.29150390625 1.02783203125 1500840
-0.0263671875 0.29150390625 1.03173828125 1501031
-0.0263671875 0.29150390625 1.03173828125 1501031
-0.0263671875 0.29150390625 1.03173828125 1501032
-0.0263671875 0.29150390625 1.03173828125 1501032
-0.03369140625 0.2919921875 1.0263671875 1501134
-0.03369140625 0.2919921875 1.0263671875 1501135
-0.03369140625 0.2919921875 1.0263671875 1501139
-0.03369140625 0.2919921875 1.0263671875 1501162
-0.03125 0.2919921875 1.0302734375 1501331
-0.03125 0.2919921875 1.0302734375 1501331
-0.03125 0.2919921875 1.0302734375 1501333
-0.03125 0.2919921875 1.0302734375 1501333
-0.02783203125 0.2919921875 1.03173828125 1501434
-0.02783203125 0.2919921875 1.03173828125 1501434
-0.02783203125 0.2919921875 1.03173828125 1501434
-0.02783203125 0.2919921875 1.03173828125 1501435
-0.03515625 0.287109375 1.03271484375 1501625
-0.03515625 0.287109375 1.03271484375 1501625
-0.03515625 0.287109375 1.03271484375 1501626
-0.03515625 0.287109375 1.03271484375 1501626
-0.0302734375 0.29150390625 1.033203125 1501727
-0.0302734375 0.29150390625 1.033203125 1501727
-0.0302734375 0.29150390625 1.033203125 1501728
-0.0302734375 0.29150390625 1.033203125 1501728
-0.03125 0.2890625 1.0341796875 1501832
-0.03125 0.2890625 1.0341796875 1501832
-0.03125 0.2890625 1.0341796875 1501833
-0.03125 0.2890625 1.0341796875 1501833
-0.0302734375 0.28759765625 1.03515625 1502028
-0.0302734375 0.28759765625 1.03515625 1502028
-0.0302734375 0.28759765625 1.03515625 1502029
-0.0302734375 0.28759765625 1.03515625 1502029
-0.03271484375 0.29345703125 1.03125 1502130
-0.03271484375 0.29345703125 1.03125 1502130
-0.03271484375 0.29345703125 1.03125 1502131
-0.03271484375 0.29345703125 1.03125 1502131
-0.02978515625 0.2861328125 1.03076171875 1502233
-0.02978515625 0.2861328125 1.03076171875 1502233
-0.02978515625 0.2861328125 1.03076171875 1502233
-0.02978515625 0.2861328125 1.03076171875 1502234
-0.00634765625 0.2568359375 1.04443359375 1502424
-0.00634765625 0.2568359375 1.04443359375 1502424
-0.00634765625 0.2568359375 1.04443359375 1502425
-0.00634765625 0.2568359375 1.04443359375 1502425
-0.046875 0.2783203125 1.0322265625 1502529
-0.046875 0.2783203125 1.0322265625 1502529
-0.046875 0.2783203125 1.0322265625 1502530
-0.046875 0.2783203125 1.0322265625 1502530
-0.0810546875 0.25537109375 1.03857421875 1502725
-0.0810546875 0.25537109375 1.03857421875 1502725
-0.0810546875 0.25537109375 1.03857421875 1502726
-0.0810546875 0.25537109375 1.03857421875 1502726
-0.0810546875 0.341796875 0.9833984375 1502841
-0.0810546875 0.341796875 0.9833984375 1502842
-0.0810546875 0.341796875 0.9833984375 1502842
-0.0810546875 0.341796875 0.9833984375 1502842
-0.0126953125 0.3818359375 1.0380859375 1503014
-0.0126953125 0.3818359375 1.0380859375 1503014
-0.0126953125 0.3818359375 1.0380859375 1503015
-0.0126953125 0.3818359375 1.0380859375 1503015
-0.10302734375 0.3203125 0.97509765625 1503125
-0.10302734375 0.3203125 0.97509765625 1503125
-0.10302734375 0.3203125 0.97509765625 1503126
-0.10302734375 0.3203125 0.97509765625 1503126
-0.02734375 0.2939453125 1.03173828125 1503228
-0.02734375 0.2939453125 1.03173828125 1503228
-0.02734375 0.2939453125 1.03173828125 1503229
-0.02734375 0.2939453125 1.03173828125 1503230
-0.03759765625 0.337890625 1.04931640625 1503330
-0.03759765625 0.337890625 1.04931640625 1503330
-0.03759765625 0.337890625 1.04931640625 1503331
-0.03759765625 0.337890625 1.04931640625 1503331
-0.08154296875 0.32666015625 1.01416015625 1503434
-0.08154296875 0.32666015625 1.01416015625 1503434
-0.08154296875 0.32666015625 1.01416015625 1503435
-0.08154296875 0.32666015625 1.01416015625 1503435
-0.1259765625 0.35888671875 1.00244140625 1503642
-0.1259765625 0.35888671875 1.00244140625 1503643
-0.1259765625 0.35888671875 1.00244140625 1503644
-0.1259765625 0.35888671875 1.00244140625 1503644
-0.1923828125 0.51611328125 0.91259765625 1503833
-0.1923828125 0.51611328125 0.91259765625 1503834
-0.1923828125 0.51611328125 0.91259765625 1503834
-0.1923828125 0.51611328125 0.91259765625 1503835
-0.41357421875 0.52392578125 0.75146484375 1504023
-0.41357421875 0.52392578125 0.75146484375 1504023
-0.41357421875 0.52392578125 0.75146484375 1504024
-0.41357421875 0.52392578125 0.75146484375 1504024
-0.4619140625 0.6103515625 0.7421875 1504125
-0.4619140625 0.6103515625 0.7421875 1504125
-0.4619140625 0.6103515625 0.7421875 1504126
-0.4619140625 0.6103515625 0.7421875 1504126
-0.5390625 0.5908203125 0.6865234375 1504228
-0.5390625 0.5908203125 0.6865234375 1504228
-0.5390625 0.5908203125 0.6865234375 1504229
-0.54345703125 0.541015625 0.69775390625 1504331
-0.54345703125 0.541015625 0.69775390625 1504331
-0.54345703125 0.541015625 0.69775390625 1504331
-0.54345703125 0.541015625 0.69775390625 1504332
-0.50537109375 0.55908203125 0.70751953125 1504434
-0.50537109375 0.55908203125 0.70751953125 1504434
-0.50537109375 0.55908203125 0.70751953125 1504435
-0.50537109375 0.55908203125 0.70751953125 1504435
-0.5048828125 0.625 0.70654296875 1504621
-0.5048828125 0.625 0.70654296875 1504621
-0.5048828125 0.625 0.70654296875 1504622
-0.5048828125 0.625 0.70654296875 1504622
-0.34619140625 0.56591796875 0.77099609375 1504724
-0.34619140625 0.56591796875 0.77099609375 1504725
-0.34619140625 0.56591796875 0.77099609375 1504725
-0.34619140625 0.56591796875 0.77099609375 1504726
-0.12060546875 0.52099609375 0.92431640625 1504827
-0.12060546875 0.52099609375 0.92431640625 1504827
-0.12060546875 0.52099609375 0.92431640625 1504827
0.1533203125 0.40576171875 1.177734375 1504933
0.1533203125 0.40576171875 1.177734375 1504933
0.1533203125 0.40576171875 1.177734375 1504934
0.1533203125 0.40576171875 1.177734375 1504934
-0.06005859375 0.41748046875 0.962890625 1505121
-0.06005859375 0.41748046875 0.962890625 1505121
-0.06005859375 0.41748046875 0.962890625 1505122
-0.06005859375 0.41748046875 0.962890625 1505122
-0.02294921875 0.4091796875 0.9814453125 1505224
-0.02294921875 0.4091796875 0.9814453125 1505225
-0.02294921875 0.4091796875 0.9814453125 1505225
-0.02294921875 0.4091796875 0.9814453125 1505226
-0.01123046875 0.4248046875 0.9755859375 1505326
-0.01123046875 0.4248046875 0.9755859375 1505327
-0.01123046875 0.4248046875 0.9755859375 1505328
-0.01123046875 0.4248046875 0.9755859375 1505328
-0.02197265625 0.4189453125 0.96630859375 1505429
-0.02197265625 0.4189453125 0.96630859375 1505429
-0.02197265625 0.4189453125 0.96630859375 1505430
-0.02197265625 0.4189453125 0.96630859375 1505430
0.015625 0.4169921875 0.98291015625 1505531
0.015625 0.4169921875 0.98291015625 1505531
0.015625 0.4169921875 0.98291015625 1505532
0.015625 0.4169921875 0.98291015625 1505532
0.0302734375 0.4150390625 0.970703125 1505746
0.0302734375 0.4150390625 0.970703125 1505746
0.0302734375 0.4150390625 0.970703125 1505746
0.0302734375 0.4150390625 0.970703125 1505747
0.05810546875 0.41796875 0.98388671875 1505930
0.05810546875 0.41796875 0.98388671875 1505930
0.05810546875 0.41796875 0.98388671875 1505931
0.05810546875 0.41796875 0.98388671875 1505931
0.03857421875 0.41650390625 0.94384765625 1506046
0.03857421875 0.41650390625 0.94384765625 1506046
0.03857421875 0.41650390625 0.94384765625 1506047
0.03857421875 0.41650390625 0.94384765625 1506047
0.06787109375 0.4140625 0.9912109375 1506227
0.06787109375 0.4140625 0.9912109375 1506227
0.06787109375 0.4140625 0.9912109375 1506228
0.06787109375 0.4140625 0.9912109375 1506228
0.0625 0.3955078125 0.986328125 1506329
0.0625 0.3955078125 0.986328125 1506329
0.0625 0.3955078125 0.986328125 1506330
0.0625 0.3955078125 0.986328125 1506330
0.12841796875 0.4287109375 1.009765625 1506521
0.12841796875 0.4287109375 1.009765625 1506521
0.12841796875 0.4287109375 1.009765625 1506522
0.12841796875 0.4287109375 1.009765625 1506522
0.10302734375 0.42724609375 0.93408203125 1506624
0.10302734375 0.42724609375 0.93408203125 1506624
0.10302734375 0.42724609375 0.93408203125 1506624
0.10302734375 0.42724609375 0.93408203125 1506625
0.12890625 0.4716796875 0.90087890625 1506726
0.12890625 0.4716796875 0.90087890625 1506726
0.12890625 0.4716796875 0.90087890625 1506727
0.20166015625 0.45556640625 0.91162109375 1506830
0.20166015625 0.45556640625 0.91162109375 1506830
0.20166015625 0.45556640625 0.91162109375 1506831
0.20166015625 0.45556640625 0.91162109375 1506831
0.1123046875 0.4814453125 0.9462890625 1507020
0.1123046875 0.4814453125 0.9462890625 1507020
0.1123046875 0.4814453125 0.9462890625 1507021
0.1123046875 0.4814453125 0.9462890625 1507021
0.08251953125 0.49267578125 0.97314453125 1507122
0.08251953125 0.49267578125 0.97314453125 1507122
0.08251953125 0.49267578125 0.97314453125 1507123
0.08251953125 0.49267578125 0.97314453125 1507123
-0.05859375 0.55517578125 0.939453125 1507225
-0.05859375 0.55517578125 0.939453125 1507225
-0.05859375 0.55517578125 0.939453125 1507226
-0.05859375 0.55517578125 0.939453125 1507226
-0.23046875 0.5576171875 0.9072265625 1507328
-0.23046875 0.5576171875 0.9072265625 1507328
-0.23046875 0.5576171875 0.9072265625 1507328
-0.23046875 0.5576171875 0.9072265625 1507329
-0.34326171875 0.48291015625 0.81787109375 1507430
-0.34326171875 0.48291015625 0.81787109375 1507430
-0.34326171875 0.48291015625 0.81787109375 1507431
-0.34326171875 0.48291015625 0.81787109375 1507431
-0.57666015625 0.529296875 0.7060546875 1507620
-0.57666015625 0.529296875 0.7060546875 1507620
-0.57666015625 0.529296875 0.7060546875 1507620
-0.57666015625 0.529296875 0.7060546875 1507621
-0.6533203125 0.5263671875 0.64892578125 1507722
-0.6533203125 0.5263671875 0.64892578125 1507723
-0.6533203125 0.5263671875 0.64892578125 1507723
-0.6533203125 0.5263671875 0.64892578125 1507724
-0.64990234375 0.486328125 0.6513671875 1507825
-0.64990234375 0.486328125 0.6513671875 1507825
-0.64990234375 0.486328125 0.6513671875 1507826
-0.64990234375 0.486328125 0.6513671875 1507826
-0.6552734375 0.435546875 0.6533203125 1507928
-0.6552734375 0.435546875 0.6533203125 1507928
-0.6552734375 0.435546875 0.6533203125 1507929
-0.6552734375 0.435546875 0.6533203125 1507929
-0.63232421875 0.44580078125 0.685546875 1508031
-0.63232421875 0.44580078125 0.685546875 1508032
-0.63232421875 0.44580078125 0.685546875 1508032
-0.63232421875 0.44580078125 0.685546875 1508033
-0.6611328125 0.48193359375 0.66748046875 1508220
-0.6611328125 0.48193359375 0.66748046875 1508220
-0.6611328125 0.48193359375 0.66748046875 1508221
-0.6611328125 0.48193359375 0.66748046875 1508221
-0.63623046875 0.49853515625 0.677734375 1508323
-0.63623046875 0.49853515625 0.677734375 1508324
-0.63623046875 0.49853515625 0.677734375 1508324
-0.63623046875 0.49853515625 0.677734375 1508325
-0.61474609375 0.49560546875 0.65966796875 1508425
-0.61474609375 0.49560546875 0.65966796875 1508425
-0.61474609375 0.49560546875 0.65966796875 1508426
-0.61474609375 0.49560546875 0.65966796875 1508426
-0.529296875 0.509765625 0.7568359375 1508528
-0.529296875 0.509765625 0.7568359375 1508528
-0.529296875 0.509765625 0.7568359375 1508529
-0.529296875 0.509765625 0.7568359375 1508529
-0.51123046875 0.52294921875 0.7763671875 1508630
-0.51123046875 0.52294921875 0.7763671875 1508630
-0.51123046875 0.52294921875 0.7763671875 1508631
-0.51123046875 0.52294921875 0.7763671875 1508631
-0.5185546875 0.53564453125 0.7451171875 1508831
-0.5185546875 0.53564453125 0.7451171875 1508831
-0.5185546875 0.53564453125 0.7451171875 1508832
-0.5185546875 0.53564453125 0.7451171875 1508832
-0.50439453125 0.556640625 0.73681640625 1509020
-0.50439453125 0.556640625 0.73681640625 1509020
-0.50439453125 0.556640625 0.73681640625 1509021
-0.50439453125 0.556640625 0.73681640625 1509021
-0.494140625 0.54248046875 0.74169921875 1509123
-0.494140625 0.54248046875 0.74169921875 1509123
-0.494140625 0.54248046875 0.74169921875 1509124
-0.494140625 0.54248046875 0.74169921875 1509124
-0.4990234375 0.58349609375 0.7333984375 1509380
-0.4990234375 0.58349609375 0.7333984375 1509381
-0.4990234375 0.58349609375 0.7333984375 1509382
-0.47119140625 0.57470703125 0.755859375 1509382
-0.36376953125 0.55859375 0.82080078125 1509528
-0.36376953125 0.55859375 0.82080078125 1509528
-0.36376953125 0.55859375 0.82080078125 1509528
-0.36376953125 0.55859375 0.82080078125 1509529
-0.302734375 0.541015625 0.86279296875 1509711
-0.302734375 0.541015625 0.86279296875 1509711
-0.302734375 0.541015625 0.86279296875 1509712
-0.302734375 0.541015625 0.86279296875 1509712
-0.0947265625 0.45068359375 0.96826171875 1509821
-0.0947265625 0.45068359375 0.96826171875 1509821
-0.0947265625 0.45068359375 0.96826171875 1509822
-0.0947265625 0.45068359375 0.96826171875 1509822
0.0205078125 0.4423828125 1.0263671875 1509924
0.0205078125 0.4423828125 1.0263671875 1509924
0.0205078125 0.4423828125 1.0263671875 1509924
0.0205078125 0.4423828125 1.0263671875 1509925
0.11767578125 0.3955078125 1.05908203125 1510026
0.11767578125 0.3955078125 1.05908203125 1510026
0.11767578125 0.3955078125 1.05908203125 1510026
0.11767578125 0.3955078125 1.05908203125 1510027
0.12060546875 0.39501953125 1.04443359375 1510129
0.12060546875 0.39501953125 1.04443359375 1510129
0.12060546875 0.39501953125 1.04443359375 1510129
0.12060546875 0.39501953125 1.04443359375 1510130
0.06689453125 0.42236328125 0.9853515625 1510319
0.06689453125 0.42236328125 0.9853515625 1510320
0.06689453125 0.42236328125 0.9853515625 1510320
0.06689453125 0.42236328125 0.9853515625 1510321
0.05029296875 0.40869140625 0.9814453125 1510421
0.05029296875 0.40869140625 0.9814453125 1510421
0.05029296875 0.40869140625 0.9814453125 1510422
0.05029296875 0.40869140625 0.9814453125 1510422
0.05517578125 0.41845703125 0.9794921875 1510524
0.05517578125 0.41845703125 0.9794921875 1510524
0.05517578125 0.41845703125 0.9794921875 1510525
0.05517578125 0.41845703125 0.9794921875 1510525
0.07861328125 0.39453125 0.9716796875 1510629
0.07861328125 0.39453125 0.9716796875 1510629
0.07861328125 0.39453125 0.9716796875 1510630
0.07861328125 0.39453125 0.9716796875 1510630
0.095703125 0.4140625 0.9853515625 1510819
0.095703125 0.4140625 0.9853515625 1510819
0.095703125 0.4140625 0.9853515625 1510820
0.095703125 0.4140625 0.9853515625 1510820
0.11328125 0.3798828125 0.96875 1510924
0.11328125 0.3798828125 0.96875 1510925
0.11328125 0.3798828125 0.96875 1510925
0.11328125 0.3798828125 0.96875 1510926
0.15380859375 0.4072265625 0.97412109375 1511026
0.15380859375 0.4072265625 0.97412109375 1511026
0.15380859375 0.4072265625 0.97412109375 1511027
0.15380859375 0.4072265625 0.97412109375 1511027
0.1318359375 0.3984375 0.96826171875 1511129
0.1318359375 0.3984375 0.96826171875 1511130
0.1318359375 0.3984375 0.96826171875 1511130
0.1318359375 0.3984375 0.96826171875 1511131
0.13037109375 0.40283203125 0.98681640625 1511319
0.13037109375 0.40283203125 0.98681640625 1511319
0.13037109375 0.40283203125 0.98681640625 1511320
0.13037109375 0.40283203125 0.98681640625 1511320
0.140625 0.38330078125 0.9970703125 1511421
0.140625 0.38330078125 0.9970703125 1511421
0.140625 0.38330078125 0.9970703125 1511422
0.140625 0.38330078125 0.9970703125 1511422
0.1328125 0.39453125 0.978515625 1511523
0.1328125 0.39453125 0.978515625 1511524
0.1328125 0.39453125 0.978515625 1511524
0.1328125 0.39453125 0.978515625 1511525
0.15576171875 0.39404296875 0.99072265625 1511626
0.15576171875 0.39404296875 0.99072265625 1511627
0.15576171875 0.39404296875 0.99072265625 1511627
0.15576171875 0.39404296875 0.99072265625 1511627
0.14013671875 0.38525390625 0.98583984375 1511728
0.14013671875 0.38525390625 0.98583984375 1511728
0.14013671875 0.38525390625 0.98583984375 1511729
0.14013671875 0.38525390625 0.98583984375 1511729
0.1689453125 0.44091796875 0.96533203125 1511918
0.1689453125 0.44091796875 0.96533203125 1511918
0.1689453125 0.44091796875 0.96533203125 1511918
0.1689453125 0.44091796875 0.96533203125 1511919
0.126953125 0.46240234375 0.92626953125 1512021
0.126953125 0.46240234375 0.92626953125 1512021
0.126953125 0.46240234375 0.92626953125 1512021
0.126953125 0.46240234375 0.92626953125 1512022
0.1435546875 0.43701171875 0.98974609375 1512128
0.1435546875 0.43701171875 0.98974609375 1512130
0.1435546875 0.43701171875 0.98974609375 1512130
0.1435546875 0.43701171875 0.98974609375 1512131
-0.11181640625 0.53515625 0.90771484375 1512318
-0.11181640625 0.53515625 0.90771484375 1512318
-0.11181640625 0.53515625 0.90771484375 1512319
-0.11181640625 0.53515625 0.90771484375 1512319
-0.17822265625 0.564453125 0.9248046875 1512448
-0.17822265625 0.564453125 0.9248046875 1512449
-0.17822265625 0.564453125 0.9248046875 1512449
-0.17822265625 0.564453125 0.9248046875 1512450
-0.39599609375 0.5029296875 0.8369140625 1512609
-0.39599609375 0.5029296875 0.8369140625 1512609
-0.39599609375 0.5029296875 0.8369140625 1512610
-0.39599609375 0.5029296875 0.8369140625 1512610
-0.50146484375 0.4736328125 0.7607421875 1512721
-0.50146484375 0.4736328125 0.7607421875 1512721
-0.50146484375 0.4736328125 0.7607421875 1512721
-0.50146484375 0.4736328125 0.7607421875 1512722
-0.51708984375 0.48388671875 0.78369140625 1512824
-0.51708984375 0.48388671875 0.78369140625 1512824
-0.51708984375 0.48388671875 0.78369140625 1512825
-0.50927734375 0.50732421875 0.82421875 1512927
-0.50927734375 0.50732421875 0.82421875 1512927
-0.50927734375 0.50732421875 0.82421875 1512927
-0.50927734375 0.50732421875 0.82421875 1512928
-0.50341796875 0.48388671875 0.79150390625 1513117
-0.50341796875 0.48388671875 0.79150390625 1513117
-0.50341796875 0.48388671875 0.79150390625 1513117
-0.50341796875 0.48388671875 0.79150390625 1513118
-0.49609375 0.5234375 0.79541015625 1513249
-0.49609375 0.5234375 0.79541015625 1513249
-0.49609375 0.5234375 0.79541015625 1513249
-0.49609375 0.5234375 0.79541015625 1513250
-0.4775390625 0.52880859375 0.77783203125 1513427
-0.4775390625 0.52880859375 0.77783203125 1513427
-0.4775390625 0.52880859375 0.77783203125 1513427
-0.4775390625 0.52880859375 0.77783203125 1513428
-0.46484375 0.5234375 0.7890625 1513726
-0.46484375 0.5234375 0.7890625 1513726
-0.46484375 0.5234375 0.7890625 1513727
-0.46484375 0.5234375 0.7890625 1513727
-0.47607421875 0.54345703125 0.759765625 1513831
-0.47607421875 0.54345703125 0.759765625 1513831
-0.47607421875 0.54345703125 0.759765625 1513832
-0.47607421875 0.54345703125 0.759765625 1513832
-0.45458984375 0.53369140625 0.76708984375 1514019
-0.45458984375 0.53369140625 0.76708984375 1514020
-0.45458984375 0.53369140625 0.76708984375 1514020
-0.45458984375 0.53369140625 0.76708984375 1514021
-0.43798828125 0.54638671875 0.79150390625 1514124
-0.43798828125 0.54638671875 0.79150390625 1514124
-0.43798828125 0.54638671875 0.79150390625 1514124
-0.43798828125 0.54638671875 0.79150390625 1514125
-0.4365234375 0.54443359375 0.7900390625 1514228
-0.4365234375 0.54443359375 0.7900390625 1514228
-0.4365234375 0.54443359375 0.7900390625 1514229
-0.4365234375 0.54443359375 0.7900390625 1514229
-0.4150390625 0.54443359375 0.8095703125 1514418
-0.4150390625 0.54443359375 0.8095703125 1514418
-0.4150390625 0.54443359375 0.8095703125 1514419
-0.4150390625 0.54443359375 0.8095703125 1514419
-0.421875 0.55908203125 0.80859375 1514521
-0.421875 0.55908203125 0.80859375 1514521
-0.421875 0.55908203125 0.80859375 1514522
-0.421875 0.55908203125 0.80859375 1514522
-0.4169921875 0.54443359375 0.80322265625 1514624
-0.4169921875 0.54443359375 0.80322265625 1514625
-0.4169921875 0.54443359375 0.80322265625 1514626
-0.4169921875 0.54443359375 0.80322265625 1514626
-0.40576171875 0.54443359375 0.81298828125 1514726
-0.40576171875 0.54443359375 0.81298828125 1514726
-0.40576171875 0.54443359375 0.81298828125 1514727
-0.40576171875 0.54443359375 0.81298828125 1514727
-0.37744140625 0.5263671875 0.82666015625 1514828
-0.37744140625 0.5263671875 0.82666015625 1514832
-0.37744140625 0.5263671875 0.82666015625 1514832
-0.37744140625 0.5263671875 0.82666015625 1514833
-0.263671875 0.52880859375 0.89794921875 1515016
-0.263671875 0.52880859375 0.89794921875 1515016
-0.263671875 0.52880859375 0.89794921875 1515017
-0.263671875 0.52880859375 0.89794921875 1515017
-0.16357421875 0.48193359375 0.9462890625 1515118
-0.16357421875 0.48193359375 0.9462890625 1515118
-0.16357421875 0.48193359375 0.9462890625 1515119
-0.16357421875 0.48193359375 0.9462890625 1515119
-0.0556640625 0.4716796875 1.009765625 1515221
-0.0556640625 0.4716796875 1.009765625 1515230
-0.0556640625 0.4716796875 1.009765625 1515231
-0.0556640625 0.4716796875 1.009765625 1515231
0.02685546875 0.4228515625 1.052734375 1515323
0.0380859375 0.40625 1.03173828125 1515425
0.0380859375 0.40625 1.03173828125 1515425
0.0380859375 0.40625 1.03173828125 1515426
0.0380859375 0.40625 1.03173828125 1515426
0.044921875 0.423828125 1.00146484375 1515616
0.044921875 0.423828125 1.00146484375 1515616
0.044921875 0.423828125 1.00146484375 1515616
0.044921875 0.423828125 1.00146484375 1515617
0.04931640625 0.42041015625 0.9873046875 1515720
0.04931640625 0.42041015625 0.9873046875 1515720
0.04931640625 0.42041015625 0.9873046875 1515721
0.04931640625 0.42041015625 0.9873046875 1515721
0.08154296875 0.41259765625 1.01318359375 1515822
0.08154296875 0.41259765625 1.01318359375 1515822
0.08154296875 0.41259765625 1.01318359375 1515823
0.08154296875 0.41259765625 1.01318359375 1515823
0.08056640625 0.416015625 1.0048828125 1515925
0.08056640625 0.416015625 1.0048828125 1515925
0.08056640625 0.416015625 1.0048828125 1515926
0.08056640625 0.416015625 1.0048828125 1515926
0.08056640625 0.41162109375 0.962890625 1516027
0.08056640625 0.41162109375 0.962890625 1516027
0.08056640625 0.41162109375 0.962890625 1516028
0.08056640625 0.41162109375 0.962890625 1516028
0.083984375 0.37841796875 0.955078125 1516216
0.083984375 0.37841796875 0.955078125 1516216
0.083984375 0.37841796875 0.955078125 1516217
0.083984375 0.37841796875 0.955078125 1516217
0.09423828125 0.38330078125 0.98046875 1516318
0.09423828125 0.38330078125 0.98046875 1516318
0.09423828125 0.38330078125 0.98046875 1516318
0.09423828125 0.38330078125 0.98046875 1516319
0.10888671875 0.4013671875 1 1516421
0.10888671875 0.4013671875 1 1516422
0.10888671875 0.4013671875 1 1516422
0.10888671875 0.4013671875 1 1516423
0.08642578125 0.40966796875 0.9677734375 1516523
0.08642578125 0.40966796875 0.9677734375 1516523
0.08642578125 0.40966796875 0.9677734375 1516524
0.08642578125 0.40966796875 0.9677734375 1516524
0.10791015625 0.435546875 0.98193359375 1516626
0.10791015625 0.435546875 0.98193359375 1516626
0.10791015625 0.435546875 0.98193359375 1516627
0.10791015625 0.435546875 0.98193359375 1516627
0.140625 0.38330078125 0.99560546875 1516796
0.140625 0.38330078125 0.99560546875 1516796
0.140625 0.38330078125 0.99560546875 1516796
0.140625 0.38330078125 0.99560546875 1516797
0.12646484375 0.35888671875 0.978515625 1516918
0.12646484375 0.35888671875 0.978515625 1516918
0.12646484375 0.35888671875 0.978515625 1516919
0.12646484375 0.35888671875 0.978515625 1516919
0.14404296875 0.40576171875 1.00634765625 1517028
0.14404296875 0.40576171875 1.00634765625 1517028
0.14404296875 0.40576171875 1.00634765625 1517028
0.14404296875 0.40576171875 1.00634765625 1517029
-0.15966796875 0.64892578125 0.84912109375 1517215
-0.15966796875 0.64892578125 0.84912109375 1517215
-0.15966796875 0.64892578125 0.84912109375 1517215
-0.15966796875 0.64892578125 0.84912109375 1517216
-0.25 0.64697265625 0.80322265625 1517317
-0.25 0.64697265625 0.80322265625 1517317
-0.25 0.64697265625 0.80322265625 1517318
-0.25 0.64697265625 0.80322265625 1517318
-0.2451171875 0.6328125 0.84765625 1517420
-0.2451171875 0.6328125 0.84765625 1517420
-0.2451171875 0.6328125 0.84765625 1517420
-0.2451171875 0.6328125 0.84765625 1517421
-0.28125 0.5849609375 0.83154296875 1517522
-0.28125 0.5849609375 0.83154296875 1517522
-0.28125 0.5849609375 0.83154296875 1517522
-0.28125 0.5849609375 0.83154296875 1517523
-0.40771484375 0.5205078125 0.77490234375 1517626
-0.40771484375 0.5205078125 0.77490234375 1517626
-0.40771484375 0.5205078125 0.77490234375 1517626
-0.40771484375 0.5205078125 0.77490234375 1517627
-0.44482421875 0.55712890625 0.80078125 1517840
-0.44482421875 0.55712890625 0.80078125 1517840
-0.44482421875 0.55712890625 0.80078125 1517840
-0.44482421875 0.55712890625 0.80078125 1517841
-0.4208984375 0.53955078125 0.8134765625 1518019
-0.4208984375 0.53955078125 0.8134765625 1518019
-0.4208984375 0.53955078125 0.8134765625 1518019
-0.4208984375 0.53955078125 0.8134765625 1518020
-0.35498046875 0.55517578125 0.853515625 1518122
-0.35498046875 0.55517578125 0.853515625 1518122
-0.35498046875 0.55517578125 0.853515625 1518123
-0.35498046875 0.55517578125 0.853515625 1518123
-0.330078125 0.58447265625 0.8349609375 1518225
-0.330078125 0.58447265625 0.8349609375 1518225
-0.330078125 0.58447265625 0.8349609375 1518225
-0.330078125 0.58447265625 0.8349609375 1518226
-0.27978515625 0.58056640625 0.84228515625 1518415
-0.27978515625 0.58056640625 0.84228515625 1518415
-0.27978515625 0.58056640625 0.84228515625 1518416
-0.27978515625 0.58056640625 0.84228515625 1518416
-0.26416015625 0.58642578125 0.8427734375 1518518
-0.26416015625 0.58642578125 0.8427734375 1518518
-0.26416015625 0.58642578125 0.8427734375 1518519
-0.26416015625 0.58642578125 0.8427734375 1518519
-0.2421875 0.59814453125 0.84033203125 1518620
-0.2421875 0.59814453125 0.84033203125 1518620
-0.2421875 0.59814453125 0.84033203125 1518621
-0.2421875 0.59814453125 0.84033203125 1518622
-0.2451171875 0.5947265625 0.83447265625 1518722
-0.2451171875 0.5947265625 0.83447265625 1518722
-0.2451171875 0.5947265625 0.83447265625 1518723
-0.2451171875 0.5947265625 0.83447265625 1518724
-0.197265625 0.6123046875 0.85791015625 1518835
-0.197265625 0.6123046875 0.85791015625 1518836
-0.197265625 0.6123046875 0.85791015625 1518836
-0.197265625 0.6123046875 0.85791015625 1518836
-0.12109375 0.568359375 0.88671875 1519026
-0.12109375 0.568359375 0.88671875 1519026
-0.12109375 0.568359375 0.88671875 1519027
-0.12109375 0.568359375 0.88671875 1519027
-0.02197265625 0.54638671875 0.9150390625 1519215
-0.02197265625 0.54638671875 0.9150390625 1519215
-0.02197265625 0.54638671875 0.9150390625 1519215
-0.02197265625 0.54638671875 0.9150390625 1519216
0.04443359375 0.52587890625 0.94287109375 1519317
0.04443359375 0.52587890625 0.94287109375 1519317
0.04443359375 0.52587890625 0.94287109375 1519318
0.04443359375 0.52587890625 0.94287109375 1519318
0.14453125 0.44873046875 1.0087890625 1519420
0.14453125 0.44873046875 1.0087890625 1519420
0.14453125 0.44873046875 1.0087890625 1519421
0.14453125 0.44873046875 1.0087890625 1519421
0.24169921875 0.41943359375 1.0654296875 1519522
0.24169921875 0.41943359375 1.0654296875 1519523
0.24169921875 0.41943359375 1.0654296875 1519523
0.24169921875 0.41943359375 1.0654296875 1519524
0.197265625 0.39697265625 1.0244140625 1519625
0.197265625 0.39697265625 1.0244140625 1519625
0.197265625 0.39697265625 1.0244140625 1519627
0.197265625 0.39697265625 1.0244140625 1519627
0.1181640625 0.3955078125 0.97119140625 1519815
0.1181640625 0.3955078125 0.97119140625 1519815
0.1181640625 0.3955078125 0.97119140625 1519815
0.1181640625 0.3955078125 0.97119140625 1519816
0.119140625 0.39697265625 0.97265625 1519917
0.119140625 0.39697265625 0.97265625 1519917
0.119140625 0.39697265625 0.97265625 1519918
0.119140625 0.39697265625 0.97265625 1519918
0.130859375 0.421875 0.99755859375 1520019
0.130859375 0.421875 0.99755859375 1520019
0.130859375 0.421875 0.99755859375 1520020
0.0986328125 0.439453125 0.9970703125 1520123
0.0986328125 0.439453125 0.9970703125 1520123
0.0986328125 0.439453125 0.9970703125 1520124
0.0986328125 0.439453125 0.9970703125 1520124
0.07470703125 0.4248046875 0.9794921875 1520313
0.07470703125 0.4248046875 0.9794921875 1520313
0.07470703125 0.4248046875 0.9794921875 1520314
0.07470703125 0.4248046875 0.9794921875 1520314
0.060546875 0.41259765625 0.96533203125 1520416
0.060546875 0.41259765625 0.96533203125 1520416
0.060546875 0.41259765625 0.96533203125 1520417
0.060546875 0.41259765625 0.96533203125 1520417
0.07373046875 0.41552734375 0.96044921875 1520518
0.07373046875 0.41552734375 0.96044921875 1520518
0.07373046875 0.41552734375 0.96044921875 1520519
0.07373046875 0.41552734375 0.96044921875 1520519
0.091796875 0.43896484375 0.97705078125 1520620
0.091796875 0.43896484375 0.97705078125 1520620
0.091796875 0.43896484375 0.97705078125 1520621
0.091796875 0.43896484375 0.97705078125 1520621
0.0908203125 0.43994140625 0.978515625 1520724
0.0908203125 0.43994140625 0.978515625 1520724
0.0908203125 0.43994140625 0.978515625 1520724
0.0908203125 0.43994140625 0.978515625 1520725
0.076171875 0.40771484375 0.970703125 1520913
0.076171875 0.40771484375 0.970703125 1520913
0.076171875 0.40771484375 0.970703125 1520914
0.076171875 0.40771484375 0.970703125 1520914
0.052734375 0.4130859375 0.953125 1521015
0.052734375 0.4130859375 0.953125 1521017
0.052734375 0.4130859375 0.953125 1521017
0.052734375 0.4130859375 0.953125 1521018
0.07763671875 0.42236328125 0.98046875 1521119
0.07763671875 0.42236328125 0.98046875 1521119
0.07763671875 0.42236328125 0.98046875 1521120
0.07763671875 0.42236328125 0.98046875 1521120
0.06640625 0.4267578125 0.9638671875 1521223
0.06640625 0.4267578125 0.9638671875 1521223
0.06640625 0.4267578125 0.9638671875 1521223
0.06640625 0.4267578125 0.9638671875 1521224
0.14453125 0.41064453125 0.96240234375 1521414
0.14453125 0.41064453125 0.96240234375 1521414
0.14453125 0.41064453125 0.96240234375 1521415
0.14453125 0.41064453125 0.96240234375 1521415
0.10302734375 0.46533203125 0.90380859375 1521516
0.10302734375 0.46533203125 0.90380859375 1521516
0.10302734375 0.46533203125 0.90380859375 1521517
0.10302734375 0.46533203125 0.90380859375 1521517
0.12060546875 0.46044921875 0.943359375 1521641
0.12060546875 0.46044921875 0.943359375 1521641
0.12060546875 0.46044921875 0.943359375 1521641
0.12060546875 0.46044921875 0.943359375 1521642
0.0673828125 0.5341796875 0.9736328125 1521824
0.0673828125 0.5341796875 0.9736328125 1521824
0.0673828125 0.5341796875 0.9736328125 1521824
0.0673828125 0.5341796875 0.9736328125 1521825
-0.21875 0.638671875 0.80517578125 1522013
-0.21875 0.638671875 0.80517578125 1522013
-0.21875 0.638671875 0.80517578125 1522014
-0.21875 0.638671875 0.80517578125 1522014
-0.2158203125 0.67333984375 0.84326171875 1522117
-0.2158203125 0.67333984375 0.84326171875 1522117
-0.2158203125 0.67333984375 0.84326171875 1522118
-0.2158203125 0.67333984375 0.84326171875 1522118
-0.27197265625 0.591796875 0.8125 1522220
-0.27197265625 0.591796875 0.8125 1522221
-0.27197265625 0.591796875 0.8125 1522221
-0.27197265625 0.591796875 0.8125 1522222
-0.37060546875 0.54931640625 0.74951171875 1522323
-0.37060546875 0.54931640625 0.74951171875 1522323
-0.37060546875 0.54931640625 0.74951171875 1522324
-0.37060546875 0.54931640625 0.74951171875 1522324
-0.3935546875 0.5908203125 0.7666015625 1522424
-0.3935546875 0.5908203125 0.7666015625 1522424
-0.3935546875 0.5908203125 0.7666015625 1522424
-0.3935546875 0.5908203125 0.7666015625 1522425
-0.490234375 0.625 0.72509765625 1522612
-0.490234375 0.625 0.72509765625 1522612
-0.490234375 0.625 0.72509765625 1522613
-0.490234375 0.625 0.72509765625 1522613
-0.431640625 0.62890625 0.7509765625 1522715
-0.431640625 0.62890625 0.7509765625 1522715
-0.431640625 0.62890625 0.7509765625 1522715
-0.431640625 0.62890625 0.7509765625 1522716
-0.400390625 0.62646484375 0.779296875 1522817
-0.400390625 0.62646484375 0.779296875 1522818
-0.400390625 0.62646484375 0.779296875 1522818
-0.400390625 0.62646484375 0.779296875 1522819
-0.37890625 0.59130859375 0.81298828125 1522919
-0.37890625 0.59130859375 0.81298828125 1522971
-0.37890625 0.59130859375 0.81298828125 1522972
-0.37890625 0.59130859375 0.81298828125 1522972
-0.3486328125 0.5947265625 0.79052734375 1523022
-0.3369140625 0.609375 0.81005859375 1523101
-0.3369140625 0.609375 0.81005859375 1523101
-0.3369140625 0.609375 0.81005859375 1523101
-0.326171875 0.60302734375 0.818359375 1523212
-0.326171875 0.60302734375 0.818359375 1523212
-0.326171875 0.60302734375 0.818359375 1523212
-0.326171875 0.60302734375 0.818359375 1523213
-0.30419921875 0.607421875 0.83349609375 1523316
-0.30419921875 0.607421875 0.83349609375 1523316
-0.30419921875 0.607421875 0.83349609375 1523317
-0.30419921875 0.607421875 0.83349609375 1523317
-0.28271484375 0.6005859375 0.822265625 1523513
-0.28271484375 0.6005859375 0.822265625 1523513
-0.28271484375 0.6005859375 0.822265625 1523514
-0.28271484375 0.6005859375 0.822265625 1523514
-0.26171875 0.5888671875 0.8388671875 1523640
-0.26171875 0.5888671875 0.8388671875 1523640
-0.26171875 0.5888671875 0.8388671875 1523640
-0.26171875 0.5888671875 0.8388671875 1523641
-0.0869140625 0.474609375 0.95263671875 1523812
-0.0869140625 0.474609375 0.95263671875 1523812
-0.0869140625 0.474609375 0.95263671875 1523812
-0.0869140625 0.474609375 0.95263671875 1523813
0.02392578125 0.43994140625 1.00927734375 1523914
0.02392578125 0.43994140625 1.00927734375 1523914
0.02392578125 0.43994140625 1.00927734375 1523915
0.02392578125 0.43994140625 1.00927734375 1523915
0.1240234375 0.43017578125 1.06884765625 1524018
0.1240234375 0.43017578125 1.06884765625 1524018
0.1240234375 0.43017578125 1.06884765625 1524019
0.1240234375 0.43017578125 1.06884765625 1524019
0.1337890625 0.35595703125 1.046875 1524121
0.1337890625 0.35595703125 1.046875 1524121
0.1337890625 0.35595703125 1.046875 1524122
0.1337890625 0.35595703125 1.046875 1524122
0.12158203125 0.337890625 1.00732421875 1524224
0.12158203125 0.337890625 1.00732421875 1524224
0.12158203125 0.337890625 1.00732421875 1524225
0.12158203125 0.337890625 1.00732421875 1524225
0.10107421875 0.39013671875 1.00146484375 1524412
0.10107421875 0.39013671875 1.00146484375 1524412
0.10107421875 0.39013671875 1.00146484375 1524412
0.10107421875 0.39013671875 1.00146484375 1524413
0.10400390625 0.404296875 1.009765625 1524515
0.10400390625 0.404296875 1.009765625 1524515
0.10400390625 0.404296875 1.009765625 1524516
0.10400390625 0.404296875 1.009765625 1524516
0.0810546875 0.40673828125 0.99853515625 1524617
0.0810546875 0.40673828125 0.99853515625 1524617
0.0810546875 0.40673828125 0.99853515625 1524618
0.0830078125 0.4345703125 1.01025390625 1524720
0.0830078125 0.4345703125 1.01025390625 1524720
0.0830078125 0.4345703125 1.01025390625 1524721
0.0830078125 0.4345703125 1.01025390625 1524721
0.0693359375 0.4345703125 0.9931640625 1524823
0.0693359375 0.4345703125 0.9931640625 1524823
0.0693359375 0.4345703125 0.9931640625 1524823
0.0693359375 0.4345703125 0.9931640625 1524824
0.04736328125 0.4248046875 0.9765625 1525012
0.04736328125 0.4248046875 0.9765625 1525012
0.04736328125 0.4248046875 0.9765625 1525013
0.04736328125 0.4248046875 0.9765625 1525014
0.05810546875 0.41259765625 0.97705078125 1525115
0.05810546875 0.41259765625 0.97705078125 1525115
0.05810546875 0.41259765625 0.97705078125 1525116
0.05810546875 0.41259765625 0.97705078125 1525116
0.05712890625 0.39306640625 0.97998046875 1525347
0.05712890625 0.39306640625 0.97998046875 1525347
0.05712890625 0.39306640625 0.97998046875 1525348
0.0712890625 0.3935546875 0.9697265625 1525348
0.078125 0.40087890625 0.97265625 1525510
0.078125 0.40087890625 0.97265625 1525510
0.078125 0.40087890625 0.97265625 1525511
0.078125 0.40087890625 0.97265625 1525511
0.05712890625 0.3916015625 0.97216796875 1525613
0.05712890625 0.3916015625 0.97216796875 1525613
0.05712890625 0.3916015625 0.97216796875 1525622
0.05712890625 0.3916015625 0.97216796875 1525622
0.0810546875 0.3984375 0.97509765625 1525716
0.0810546875 0.3984375 0.97509765625 1525716
0.13818359375 0.38525390625 0.99951171875 1525818
0.13818359375 0.38525390625 0.99951171875 1525819
0.13818359375 0.38525390625 0.99951171875 1525819
0.13818359375 0.38525390625 0.99951171875 1525820
0.15966796875 0.43896484375 0.93896484375 1525921
0.15966796875 0.43896484375 0.93896484375 1525922
0.15966796875 0.43896484375 0.93896484375 1525923
0.15966796875 0.43896484375 0.93896484375 1525923
0.15478515625 0.45166015625 1.02734375 1526110
0.15478515625 0.45166015625 1.02734375 1526110
0.15478515625 0.45166015625 1.02734375 1526111
0.15478515625 0.45166015625 1.02734375 1526111
-0.025390625 0.53173828125 0.92822265625 1526214
-0.025390625 0.53173828125 0.92822265625 1526214
-0.025390625 0.53173828125 0.92822265625 1526214
-0.025390625 0.53173828125 0.92822265625 1526215
-0.18115234375 0.609375 0.8056640625 1526316
-0.18115234375 0.609375 0.8056640625 1526316
-0.18115234375 0.609375 0.8056640625 1526316
-0.18115234375 0.609375 0.8056640625 1526317
-0.24609375 0.63134765625 0.78125 1526418
-0.24609375 0.63134765625 0.78125 1526418
-0.24609375 0.63134765625 0.78125 1526419
-0.24609375 0.63134765625 0.78125 1526419
-0.2587890625 0.70556640625 0.76953125 1526521
-0.2587890625 0.70556640625 0.76953125 1526521
-0.2587890625 0.70556640625 0.76953125 1526522
-0.2587890625 0.70556640625 0.76953125 1526522
-0.52587890625 0.583984375 0.65185546875 1526712
-0.52587890625 0.583984375 0.65185546875 1526712
-0.52587890625 0.583984375 0.65185546875 1526712
-0.52587890625 0.583984375 0.65185546875 1526713
-0.46826171875 0.52880859375 0.7412109375 1526814
-0.46826171875 0.52880859375 0.7412109375 1526814
-0.46826171875 0.52880859375 0.7412109375 1526815
-0.46826171875 0.52880859375 0.7412109375 1526815
-0.5 0.607421875 0.73193359375 1526917
-0.5 0.607421875 0.73193359375 1526917
-0.5 0.607421875 0.73193359375 1526918
-0.5 0.607421875 0.73193359375 1526918
-0.51416015625 0.64111328125 0.69580078125 1527020
-0.51416015625 0.64111328125 0.69580078125 1527020
-0.51416015625 0.64111328125 0.69580078125 1527021
-0.51416015625 0.64111328125 0.69580078125 1527021
-0.44921875 0.59228515625 0.7509765625 1527123
-0.44921875 0.59228515625 0.7509765625 1527124
-0.44921875 0.59228515625 0.7509765625 1527125
-0.44921875 0.59228515625 0.7509765625 1527126
-0.40869140625 0.6015625 0.7705078125 1527311
-0.40869140625 0.6015625 0.7705078125 1527311
-0.40869140625 0.6015625 0.7705078125 1527312
-0.40869140625 0.6015625 0.7705078125 1527313
-0.3876953125 0.58349609375 0.7841796875 1527414
-0.3876953125 0.58349609375 0.7841796875 1527414
-0.3876953125 0.58349609375 0.7841796875 1527415
-0.3876953125 0.58349609375 0.7841796875 1527415
-0.3603515625 0.6201171875 0.80224609375 1527516
-0.3603515625 0.6201171875 0.80224609375 1527517
-0.3603515625 0.6201171875 0.80224609375 1527517
-0.34326171875 0.61083984375 0.80224609375 1527619
-0.34326171875 0.61083984375 0.80224609375 1527619
-0.34326171875 0.61083984375 0.80224609375 1527620
-0.34326171875 0.61083984375 0.80224609375 1527620
-0.27880859375 0.58203125 0.8349609375 1527722
-0.27880859375 0.58203125 0.8349609375 1527722
-0.27880859375 0.58203125 0.8349609375 1527723
-0.27880859375 0.58203125 0.8349609375 1527723
-0.091796875 0.52734375 0.9453125 1527910
-0.091796875 0.52734375 0.9453125 1527910
-0.091796875 0.52734375 0.9453125 1527911
-0.091796875 0.52734375 0.9453125 1527911
0.02978515625 0.4931640625 1.02734375 1528012
0.02978515625 0.4931640625 1.02734375 1528013
0.02978515625 0.4931640625 1.02734375 1528013
0.02978515625 0.4931640625 1.02734375 1528014
0.06689453125 0.4716796875 1.01904296875 1528114
0.06689453125 0.4716796875 1.01904296875 1528114
0.06689453125 0.4716796875 1.01904296875 1528115
0.06689453125 0.4716796875 1.01904296875 1528115
0.0693359375 0.42333984375 1.00048828125 1528217
0.0693359375 0.42333984375 1.00048828125 1528217
0.0693359375 0.42333984375 1.00048828125 1528218
0.0693359375 0.42333984375 1.00048828125 1528218
0.068359375 0.43798828125 0.98046875 1528319
0.068359375 0.43798828125 0.98046875 1528319
0.068359375 0.43798828125 0.98046875 1528320
0.068359375 0.43798828125 0.98046875 1528320
0.04638671875 0.4443359375 0.98583984375 1528511
0.04638671875 0.4443359375 0.98583984375 1528511
0.04638671875 0.4443359375 0.98583984375 1528512
0.04638671875 0.4443359375 0.98583984375 1528512
0.05029296875 0.45263671875 1.01123046875 1528614
0.05029296875 0.45263671875 1.01123046875 1528615
0.05029296875 0.45263671875 1.01123046875 1528615
0.05029296875 0.45263671875 1.01123046875 1528616
0.04541015625 0.41650390625 0.97900390625 1528721
0.04541015625 0.41650390625 0.97900390625 1528721
0.04541015625 0.41650390625 0.97900390625 1528722
0.04541015625 0.41650390625 0.97900390625 1528722
0.05029296875 0.4443359375 0.9638671875 1528909
0.05029296875 0.4443359375 0.9638671875 1528909
0.05029296875 0.4443359375 0.9638671875 1528910
0.05029296875 0.4443359375 0.9638671875 1528910
0.017578125 0.42529296875 0.94677734375 1529012
0.017578125 0.42529296875 0.94677734375 1529012
0.017578125 0.42529296875 0.94677734375 1529013
0.017578125 0.42529296875 0.94677734375 1529013
0.013671875 0.4296875 0.9462890625 1529114
0.013671875 0.4296875 0.9462890625 1529114
0.013671875 0.4296875 0.9462890625 1529115
0.013671875 0.4296875 0.9462890625 1529115
0.03369140625 0.4267578125 0.97265625 1529217
0.03369140625 0.4267578125 0.97265625 1529218
0.03369140625 0.4267578125 0.97265625 1529219
0.03369140625 0.4267578125 0.97265625 1529219
0.0400390625 0.4296875 0.9873046875 1529320
0.0400390625 0.4296875 0.9873046875 1529320
0.0400390625 0.4296875 0.9873046875 1529320
0.0400390625 0.4296875 0.9873046875 1529321
0.0439453125 0.419921875 0.974609375 1529510
0.0439453125 0.419921875 0.974609375 1529510
0.0439453125 0.419921875 0.974609375 1529511
0.0439453125 0.419921875 0.974609375 1529511
0.05078125 0.44384765625 0.96435546875 1529612
0.05078125 0.44384765625 0.96435546875 1529612
0.05078125 0.44384765625 0.96435546875 1529613
0.05078125 0.44384765625 0.96435546875 1529613
0.07568359375 0.37744140625 0.97412109375 1529716
0.07568359375 0.37744140625 0.97412109375 1529717
0.07568359375 0.37744140625 0.97412109375 1529718
0.07568359375 0.37744140625 0.97412109375 1529718
0.12353515625 0.439453125 0.91455078125 1529906
0.12353515625 0.439453125 0.91455078125 1529906
0.12353515625 0.439453125 0.91455078125 1529907
0.12353515625 0.439453125 0.91455078125 1529907
0.16357421875 0.455078125 1.02001953125 1530008
0.16357421875 0.455078125 1.02001953125 1530008
0.16357421875 0.455078125 1.02001953125 1530009
0.16357421875 0.455078125 1.02001953125 1530009
0.03173828125 0.45654296875 0.95068359375 1530111
0.03173828125 0.45654296875 0.95068359375 1530111
0.03173828125 0.45654296875 0.95068359375 1530112
0.03173828125 0.45654296875 0.95068359375 1530112
-0.0810546875 0.49267578125 0.8935546875 1530213
-0.0810546875 0.49267578125 0.8935546875 1530213
-0.0810546875 0.49267578125 0.8935546875 1530214
-0.0810546875 0.49267578125 0.8935546875 1530214
-0.10009765625 0.544921875 0.90673828125 1530316
-0.10009765625 0.544921875 0.90673828125 1530317
-0.10009765625 0.544921875 0.90673828125 1530317
-0.10009765625 0.544921875 0.90673828125 1530318
-0.06591796875 0.517578125 0.9404296875 1530419
-0.06591796875 0.517578125 0.9404296875 1530420
-0.06591796875 0.517578125 0.9404296875 1530420
-0.06591796875 0.517578125 0.9404296875 1530421
0.0322265625 0.34423828125 1.01953125 1530609
0.0322265625 0.34423828125 1.01953125 1530609
0.0322265625 0.34423828125 1.01953125 1530610
0.0322265625 0.34423828125 1.01953125 1530610
0.0419921875 0.32568359375 1.0048828125 1530711
0.0419921875 0.32568359375 1.0048828125 1530711
0.0419921875 0.32568359375 1.0048828125 1530712
0.0419921875 0.32568359375 1.0048828125 1530712
0.08740234375 0.25927734375 1.02197265625 1530814
0.08740234375 0.25927734375 1.02197265625 1530814
0.08740234375 0.25927734375 1.02197265625 1530814
0.2001953125 0.19091796875 1.09765625 1530918
0.2001953125 0.19091796875 1.09765625 1530918
0.2001953125 0.19091796875 1.09765625 1530919
0.2001953125 0.19091796875 1.09765625 1530919
0.091796875 0.03955078125 1.01904296875 1531108
0.091796875 0.03955078125 1.01904296875 1531108
0.091796875 0.03955078125 1.01904296875 1531108
0.091796875 0.03955078125 1.01904296875 1531109
0.15625 -0.03076171875 1.05712890625 1531210
0.15625 -0.03076171875 1.05712890625 1531210
0.15625 -0.03076171875 1.05712890625 1531211
0.15625 -0.03076171875 1.05712890625 1531211
0.18798828125 -0.01708984375 1.08642578125 1531314
0.18798828125 -0.01708984375 1.08642578125 1531314
0.18798828125 -0.01708984375 1.08642578125 1531314
0.18798828125 -0.01708984375 1.08642578125 1531315
0.14111328125 0.04736328125 1.0751953125 1531416
0.14111328125 0.04736328125 1.0751953125 1531416
0.14111328125 0.04736328125 1.0751953125 1531417
0.14111328125 0.04736328125 1.0751953125 1531417
0.32470703125 0.12353515625 1.43310546875 1531518
0.32470703125 0.12353515625 1.43310546875 1531518
0.32470703125 0.12353515625 1.43310546875 1531519
0.32470703125 0.12353515625 1.43310546875 1531519
0.048828125 -0.02392578125 1.0615234375 1531709
0.048828125 -0.02392578125 1.0615234375 1531709
0.048828125 -0.02392578125 1.0615234375 1531709
0.048828125 -0.02392578125 1.0615234375 1531710
0.08447265625 -0.06787109375 1.083984375 1531812
0.08447265625 -0.06787109375 1.083984375 1531812
0.08447265625 -0.06787109375 1.083984375 1531812
0.08447265625 -0.06787109375 1.083984375 1531813
0.03515625 0.01318359375 1.03564453125 1531914
0.03515625 0.01318359375 1.03564453125 1531914
0.03515625 0.01318359375 1.03564453125 1531915
0.03515625 0.01318359375 1.03564453125 1531915
0.09423828125 0.00048828125 1.06884765625 1532017
0.09423828125 0.00048828125 1.06884765625 1532017
0.09423828125 0.00048828125 1.06884765625 1532018
0.09423828125 0.00048828125 1.06884765625 1532018
0.09619140625 -0.00537109375 1.068359375 1532119
0.09619140625 -0.00537109375 1.068359375 1532119
0.09619140625 -0.00537109375 1.068359375 1532119
0.09619140625 -0.00537109375 1.068359375 1532120
0.0810546875 -0.04248046875 1.0751953125 1532308
0.0810546875 -0.04248046875 1.0751953125 1532308
0.0810546875 -0.04248046875 1.0751953125 1532308
0.0810546875 -0.04248046875 1.0751953125 1532309
0.08642578125 -0.0048828125 1.06396484375 1532412
0.08642578125 -0.0048828125 1.06396484375 1532412
0.08642578125 -0.0048828125 1.06396484375 1532413
0.08642578125 -0.0048828125 1.06396484375 1532413
0.0751953125 -0.048828125 1.05908203125 1532513
0.0751953125 -0.048828125 1.05908203125 1532513
0.0751953125 -0.048828125 1.05908203125 1532514
0.0751953125 -0.048828125 1.05908203125 1532514
0.07568359375 -0.0361328125 1.06201171875 1532616
0.07568359375 -0.0361328125 1.06201171875 1532616
0.07568359375 -0.0361328125 1.06201171875 1532616
0.07568359375 -0.0361328125 1.06201171875 1532617
0.05908203125 -0.0361328125 1.06005859375 1532718
0.05908203125 -0.0361328125 1.06005859375 1532718
0.05908203125 -0.0361328125 1.06005859375 1532718
0.05908203125 -0.0361328125 1.06005859375 1532719
0.06103515625 -0.041015625 1.0546875 1532915
0.06103515625 -0.041015625 1.0546875 1532916
0.06103515625 -0.041015625 1.0546875 1532916
0.06103515625 -0.041015625 1.0546875 1532917
0.0556640625 -0.04443359375 1.05908203125 1533104
0.0556640625 -0.04443359375 1.05908203125 1533105
0.0556640625 -0.04443359375 1.05908203125 1533105
0.0556640625 -0.04443359375 1.05908203125 1533106
0.06103515625 -0.05517578125 1.06103515625 1533207
0.06103515625 -0.05517578125 1.06103515625 1533207
0.06103515625 -0.05517578125 1.06103515625 1533208
0.06103515625 -0.05517578125 1.06103515625 1533208
0.06396484375 -0.05615234375 1.064453125 1533310
0.06396484375 -0.05615234375 1.064453125 1533310
0.06396484375 -0.05615234375 1.064453125 1533311
0.06396484375 -0.05615234375 1.064453125 1533311
0.05859375 -0.04736328125 1.064453125 1533412
0.05859375 -0.04736328125 1.064453125 1533412
0.05859375 -0.04736328125 1.064453125 1533412
0.05859375 -0.04736328125 1.064453125 1533412
0.060546875 -0.0478515625 1.0615234375 1533514
0.060546875 -0.0478515625 1.0615234375 1533515
0.060546875 -0.0478515625 1.0615234375 1533515
0.060546875 -0.0478515625 1.0615234375 1533516
0.06103515625 -0.056640625 1.064453125 1533618
0.06103515625 -0.056640625 1.064453125 1533618
0.06103515625 -0.056640625 1.064453125 1533619
0.06103515625 -0.056640625 1.064453125 1533619
0.1171875 -0.056640625 1.1083984375 1533800
0.1171875 -0.056640625 1.1083984375 1533800
0.1171875 -0.056640625 1.1083984375 1533800
0.1171875 -0.056640625 1.1083984375 1533801
0.13720703125 -0.189453125 1.24609375 1533907
0.13720703125 -0.189453125 1.24609375 1533907
0.13720703125 -0.189453125 1.24609375 1533908
0.13720703125 -0.189453125 1.24609375 1533908
-0.046875 -0.234375 1.41943359375 1534009
-0.046875 -0.234375 1.41943359375 1534010
-0.046875 -0.234375 1.41943359375 1534010
-0.046875 -0.234375 1.41943359375 1534011
-0.33251953125 0.06787109375 0.841796875 1534112
-0.33251953125 0.06787109375 0.841796875 1534112
-0.33251953125 0.06787109375 0.841796875 1534113
-0.33251953125 0.06787109375 0.841796875 1534113
-0.3193359375 0.42431640625 0.63330078125 1534215
-0.3193359375 0.42431640625 0.63330078125 1534215
-0.3193359375 0.42431640625 0.63330078125 1534216
-0.3193359375 0.42431640625 0.63330078125 1534216
-0.4990234375 0.6953125 0.458984375 1534316
-0.4990234375 0.6953125 0.458984375 1534317
-0.4990234375 0.6953125 0.458984375 1534317
-0.4990234375 0.6953125 0.458984375 1534318
-0.47216796875 0.57763671875 0.72412109375 1534507
-0.47216796875 0.57763671875 0.72412109375 1534507
-0.47216796875 0.57763671875 0.72412109375 1534508
-0.47216796875 0.57763671875 0.72412109375 1534508
-0.46142578125 0.60595703125 0.7041015625 1534610
-0.46142578125 0.60595703125 0.7041015625 1534611
-0.46142578125 0.60595703125 0.7041015625 1534611
-0.46142578125 0.60595703125 0.7041015625 1534612
-0.42333984375 0.62158203125 0.69091796875 1534712
-0.42333984375 0.62158203125 0.69091796875 1534712
-0.42333984375 0.62158203125 0.69091796875 1534713
-0.42333984375 0.62158203125 0.69091796875 1534713
-0.40380859375 0.6650390625 0.75244140625 1534831
-0.40380859375 0.6650390625 0.75244140625 1534832
-0.40380859375 0.6650390625 0.75244140625 1534832
-0.40380859375 0.6650390625 0.75244140625 1534833
-0.29736328125 0.63427734375 0.79833984375 1535007
-0.29736328125 0.63427734375 0.79833984375 1535007
-0.29736328125 0.63427734375 0.79833984375 1535007
-0.29736328125 0.63427734375 0.79833984375 1535008
-0.24169921875 0.568359375 0.85693359375 1535110
-0.24169921875 0.568359375 0.85693359375 1535111
-0.24169921875 0.568359375 0.85693359375 1535111
-0.24169921875 0.568359375 0.85693359375 1535111
-0.1083984375 0.49560546875 0.95654296875 1535212
-0.1083984375 0.49560546875 0.95654296875 1535213
-0.1083984375 0.49560546875 0.95654296875 1535213
-0.1083984375 0.49560546875 0.95654296875 1535214
-0.005859375 0.49169921875 0.99267578125 1535314
-0.005859375 0.49169921875 0.99267578125 1535314
-0.005859375 0.49169921875 0.99267578125 1535315
-0.005859375 0.49169921875 0.99267578125 1535315
0.1640625 0.4501953125 1.11376953125 1535417
0.1640625 0.4501953125 1.11376953125 1535417
0.1640625 0.4501953125 1.11376953125 1535417
0.1640625 0.4501953125 1.11376953125 1535418
0.09814453125 0.45166015625 1.03759765625 1535519
0.09814453125 0.45166015625 1.03759765625 1535520
0.09814453125 0.45166015625 1.03759765625 1535521
0.09814453125 0.45166015625 1.03759765625 1535521
0.0361328125 0.41796875 0.966796875 1535707
0.0361328125 0.41796875 0.966796875 1535708
0.0361328125 0.41796875 0.966796875 1535708
0.0361328125 0.41796875 0.966796875 1535709
0.046875 0.42919921875 0.9892578125 1535810
0.046875 0.42919921875 0.9892578125 1535811
0.046875 0.42919921875 0.9892578125 1535811
0.046875 0.42919921875 0.9892578125 1535812
0.072265625 0.43115234375 0.99169921875 1535912
0.072265625 0.43115234375 0.99169921875 1535912
0.072265625 0.43115234375 0.99169921875 1535913
0.05224609375 0.39404296875 0.96240234375 1536015
0.05224609375 0.39404296875 0.96240234375 1536015
0.05224609375 0.39404296875 0.96240234375 1536016
0.05224609375 0.39404296875 0.96240234375 1536017
0.02783203125 0.3935546875 0.9404296875 1536200
0.02783203125 0.3935546875 0.9404296875 1536200
0.02783203125 0.3935546875 0.9404296875 1536200
0.02783203125 0.3935546875 0.9404296875 1536202
0.05419921875 0.39453125 0.96875 1536303
0.05419921875 0.39453125 0.96875 1536303
0.05419921875 0.39453125 0.96875 1536304
0.05419921875 0.39453125 0.96875 1536304
0.0791015625 0.39599609375 0.9931640625 1536406
0.0791015625 0.39599609375 0.9931640625 1536406
0.0791015625 0.39599609375 0.9931640625 1536407
0.0791015625 0.39599609375 0.9931640625 1536407
0.0791015625 0.42578125 0.98681640625 1536508
0.0791015625 0.42578125 0.98681640625 1536508
0.0791015625 0.42578125 0.98681640625 1536509
0.0791015625 0.42578125 0.98681640625 1536509
0.12353515625 0.3828125 0.982421875 1536611
0.12353515625 0.3828125 0.982421875 1536611
0.12353515625 0.3828125 0.982421875 1536612
0.12353515625 0.3828125 0.982421875 1536612
0.15625 0.38818359375 0.97607421875 1536713
0.15625 0.38818359375 0.97607421875 1536714
0.15625 0.38818359375 0.97607421875 1536715
0.15625 0.38818359375 0.97607421875 1536715
0.23779296875 0.46826171875 0.96240234375 1536906
0.23779296875 0.46826171875 0.96240234375 1536906
0.23779296875 0.46826171875 0.96240234375 1536907
0.23779296875 0.46826171875 0.96240234375 1536907
0.12548828125 0.447265625 1.021484375 1537008
0.12548828125 0.447265625 1.021484375 1537008
0.12548828125 0.447265625 1.021484375 1537009
0.12548828125 0.447265625 1.021484375 1537009
-0.02783203125 0.55126953125 0.92578125 1537111
-0.02783203125 0.55126953125 0.92578125 1537111
-0.02783203125 0.55126953125 0.92578125 1537111
-0.02783203125 0.55126953125 0.92578125 1537112
-0.14013671875 0.59814453125 0.84521484375 1537213
-0.14013671875 0.59814453125 0.84521484375 1537213
-0.14013671875 0.59814453125 0.84521484375 1537214
-0.14013671875 0.59814453125 0.84521484375 1537214
-0.25634765625 0.6640625 0.728515625 1537316
-0.25634765625 0.6640625 0.728515625 1537316
-0.25634765625 0.6640625 0.728515625 1537317
-0.25634765625 0.6640625 0.728515625 1537318
-0.4248046875 0.6572265625 0.6494140625 1537508
-0.4248046875 0.6572265625 0.6494140625 1537509
-0.4248046875 0.6572265625 0.6494140625 1537509
-0.4248046875 0.6572265625 0.6494140625 1537509
-0.31884765625 0.54833984375 0.78515625 1537612
-0.31884765625 0.54833984375 0.78515625 1537613
-0.31884765625 0.54833984375 0.78515625 1537614
-0.31884765625 0.54833984375 0.78515625 1537614
-0.19873046875 0.25048828125 1.017578125 1537807
-0.19873046875 0.25048828125 1.017578125 1537807
-0.19873046875 0.25048828125 1.017578125 1537808
-0.19873046875 0.25048828125 1.017578125 1537808
-0.07958984375 0.19873046875 1.10107421875 1537910
-0.07958984375 0.19873046875 1.10107421875 1537910
-0.07958984375 0.19873046875 1.10107421875 1537911
-0.07958984375 0.19873046875 1.10107421875 1537911
-0.05859375 0.2568359375 1.04541015625 1538012
-0.05859375 0.2568359375 1.04541015625 1538012
-0.05859375 0.2568359375 1.04541015625 1538013
-0.05859375 0.2568359375 1.04541015625 1538013
0.02294921875 0.4248046875 1.12890625 1538115
0.02294921875 0.4248046875 1.12890625 1538115
0.02294921875 0.4248046875 1.12890625 1538116
0.02294921875 0.4248046875 1.12890625 1538116
-0.04052734375 0.3037109375 1.0068359375 1538305
-0.04052734375 0.3037109375 1.0068359375 1538305
-0.04052734375 0.3037109375 1.0068359375 1538305
-0.04052734375 0.3037109375 1.0068359375 1538306
-0.0712890625 0.28759765625 0.97412109375 1538408
-0.0712890625 0.28759765625 0.97412109375 1538408
-0.0712890625 0.28759765625 0.97412109375 1538409
-0.0712890625 0.28759765625 0.97412109375 1538409
-0.12158203125 0.45654296875 0.95751953125 1538510
-0.12158203125 0.45654296875 0.95751953125 1538510
-0.12158203125 0.45654296875 0.95751953125 1538511
-0.19970703125 0.67822265625 0.84326171875 1538615
-0.19970703125 0.67822265625 0.84326171875 1538615
-0.19970703125 0.67822265625 0.84326171875 1538618
-0.19970703125 0.67822265625 0.84326171875 1538618
-0.28662109375 0.64208984375 0.74365234375 1538717
-0.28662109375 0.64208984375 0.74365234375 1538717
-0.28662109375 0.64208984375 0.74365234375 1538718
-0.28662109375 0.64208984375 0.74365234375 1538718
-0.33349609375 0.67578125 0.7333984375 1538893
-0.33349609375 0.67578125 0.7333984375 1538893
-0.33349609375 0.67578125 0.7333984375 1538894
-0.33349609375 0.67578125 0.7333984375 1538894
-0.30859375 0.681640625 0.748046875 1539004
-0.30859375 0.681640625 0.748046875 1539004
-0.30859375 0.681640625 0.748046875 1539005
-0.30859375 0.681640625 0.748046875 1539005
-0.3046875 0.68798828125 0.73291015625 1539107
-0.3046875 0.68798828125 0.73291015625 1539107
-0.3046875 0.68798828125 0.73291015625 1539108
-0.3046875 0.68798828125 0.73291015625 1539108
-0.27587890625 0.67919921875 0.78466796875 1539209
-0.27587890625 0.67919921875 0.78466796875 1539215
-0.27587890625 0.67919921875 0.78466796875 1539216
-0.27587890625 0.67919921875 0.78466796875 1539216
-0.24755859375 0.67822265625 0.7744140625 1539314
-0.18017578125 0.61279296875 0.80908203125 1539401
-0.18017578125 0.61279296875 0.80908203125 1539401
-0.18017578125 0.61279296875 0.80908203125 1539402
-0.0146484375 0.53857421875 0.94921875 1539503
-0.0146484375 0.53857421875 0.94921875 1539504
-0.0146484375 0.53857421875 0.94921875 1539505
-0.0146484375 0.53857421875 0.94921875 1539505
0.0537109375 0.55029296875 0.9833984375 1539605
0.0537109375 0.55029296875 0.9833984375 1539605
0.0537109375 0.55029296875 0.9833984375 1539606
0.0537109375 0.55029296875 0.9833984375 1539606
0.1181640625 0.49462890625 1.03515625 1539708
0.1181640625 0.49462890625 1.03515625 1539708
0.1181640625 0.49462890625 1.03515625 1539709
0.1181640625 0.49462890625 1.03515625 1539709
0.1220703125 0.431640625 1.01953125 1539811
0.1220703125 0.431640625 1.01953125 1539811
0.1220703125 0.431640625 1.01953125 1539812
0.1220703125 0.431640625 1.01953125 1539812
0.10498046875 0.4140625 1.00927734375 1539913
0.10498046875 0.4140625 1.00927734375 1539914
0.10498046875 0.4140625 1.00927734375 1539914
0.10498046875 0.4140625 1.00927734375 1539915
0.046875 0.4208984375 0.96728515625 1540104
0.046875 0.4208984375 0.96728515625 1540104
0.046875 0.4208984375 0.96728515625 1540105
0.046875 0.4208984375 0.96728515625 1540105
0.04833984375 0.447265625 0.97021484375 1540207
0.04833984375 0.447265625 0.97021484375 1540207
0.04833984375 0.447265625 0.97021484375 1540208
0.04833984375 0.447265625 0.97021484375 1540208
0.0693359375 0.4267578125 0.97705078125 1540309
0.0693359375 0.4267578125 0.97705078125 1540309
0.0693359375 0.4267578125 0.97705078125 1540310
0.0693359375 0.4267578125 0.97705078125 1540310
0.0703125 0.40185546875 0.97802734375 1540413
0.0703125 0.40185546875 0.97802734375 1540413
0.0703125 0.40185546875 0.97802734375 1540414
0.0703125 0.40185546875 0.97802734375 1540414
0.07080078125 0.38427734375 0.96484375 1540515
0.07080078125 0.38427734375 0.96484375 1540515
0.07080078125 0.38427734375 0.96484375 1540516
0.07080078125 0.38427734375 0.96484375 1540516
0.0732421875 0.40869140625 0.97705078125 1540700
0.0732421875 0.40869140625 0.97705078125 1540700
0.0732421875 0.40869140625 0.97705078125 1540701
0.0732421875 0.40869140625 0.97705078125 1540701
0.076171875 0.40185546875 0.97705078125 1540802
0.076171875 0.40185546875 0.97705078125 1540802
0.076171875 0.40185546875 0.97705078125 1540803
0.076171875 0.40185546875 0.97705078125 1540803
0.08154296875 0.3955078125 0.9892578125 1540906
0.08154296875 0.3955078125 0.9892578125 1540906
0.08154296875 0.3955078125 0.9892578125 1540906
0.08154296875 0.3955078125 0.9892578125 1540907
0.06787109375 0.39990234375 0.97509765625 1541008
0.06787109375 0.39990234375 0.97509765625 1541009
0.06787109375 0.39990234375 0.97509765625 1541009
0.06787109375 0.39990234375 0.97509765625 1541009
0.09521484375 0.41455078125 0.966796875 1541110
0.09521484375 0.41455078125 0.966796875 1541110
0.09521484375 0.41455078125 0.966796875 1541111
0.09521484375 0.41455078125 0.966796875 1541111
0.17724609375 0.39404296875 1.00927734375 1541212
0.17724609375 0.39404296875 1.00927734375 1541213
0.17724609375 0.39404296875 1.00927734375 1541213
0.17724609375 0.39404296875 1.00927734375 1541214
0.15625 0.4716796875 0.92822265625 1541403
0.15625 0.4716796875 0.92822265625 1541403
0.15625 0.4716796875 0.92822265625 1541404
0.15625 0.4716796875 0.92822265625 1541404
0.21484375 0.451171875 1.0390625 1541506
0.21484375 0.451171875 1.0390625 1541507
0.21484375 0.451171875 1.0390625 1541507
0.21484375 0.451171875 1.0390625 1541507
-0.01953125 0.515625 0.92919921875 1541607
-0.01953125 0.515625 0.92919921875 1541607
-0.01953125 0.515625 0.92919921875 1541609
-0.01953125 0.515625 0.92919921875 1541609
-0.14697265625 0.54638671875 0.8779296875 1541710
-0.14697265625 0.54638671875 0.8779296875 1541711
-0.14697265625 0.54638671875 0.8779296875 1541711
-0.14697265625 0.54638671875 0.8779296875 1541711
-0.27099609375 0.55078125 0.8310546875 1541813
-0.27099609375 0.55078125 0.8310546875 1541813
-0.27099609375 0.55078125 0.8310546875 1541814
-0.27099609375 0.55078125 0.8310546875 1541815
-0.45458984375 0.6357421875 0.728515625 1542002
-0.45458984375 0.6357421875 0.728515625 1542002
-0.45458984375 0.6357421875 0.728515625 1542003
-0.45458984375 0.6357421875 0.728515625 1542003
-0.46435546875 0.625 0.7060546875 1542106
-0.46435546875 0.625 0.7060546875 1542106
-0.46435546875 0.625 0.7060546875 1542107
-0.46435546875 0.625 0.7060546875 1542107
-0.46630859375 0.6220703125 0.66796875 1542208
-0.46630859375 0.6220703125 0.66796875 1542208
-0.46630859375 0.6220703125 0.66796875 1542209
-0.46630859375 0.6220703125 0.66796875 1542209
-0.47021484375 0.66259765625 0.6708984375 1542311
-0.47021484375 0.66259765625 0.6708984375 1542311
-0.47021484375 0.66259765625 0.6708984375 1542311
-0.47021484375 0.66259765625 0.6708984375 1542312
-0.43994140625 0.66015625 0.6923828125 1542413
-0.43994140625 0.66015625 0.6923828125 1542413
-0.43994140625 0.66015625 0.6923828125 1542414
-0.43994140625 0.66015625 0.6923828125 1542414
-0.38427734375 0.69384765625 0.74658203125 1542600
-0.38427734375 0.69384765625 0.74658203125 1542600
-0.38427734375 0.69384765625 0.74658203125 1542600
-0.38427734375 0.69384765625 0.74658203125 1542601
-0.35888671875 0.65380859375 0.73388671875 1542703
-0.35888671875 0.65380859375 0.73388671875 1542703
-0.35888671875 0.65380859375 0.73388671875 1542704
-0.35888671875 0.65380859375 0.73388671875 1542704
-0.31689453125 0.65625 0.7734375 1542807
-0.31689453125 0.65625 0.7734375 1542807
-0.31689453125 0.65625 0.7734375 1542808
-0.31689453125 0.65625 0.7734375 1542808
-0.25634765625 0.6259765625 0.80712890625 1542910
-0.25634765625 0.6259765625 0.80712890625 1542910
-0.25634765625 0.6259765625 0.80712890625 1542911
-0.25634765625 0.6259765625 0.80712890625 1542911
-0.12841796875 0.53076171875 0.884765625 1543012
-0.12841796875 0.53076171875 0.884765625 1543012
-0.12841796875 0.53076171875 0.884765625 1543013
-0.12841796875 0.53076171875 0.884765625 1543013
-0.00537109375 0.53466796875 0.9794921875 1543115
-0.00537109375 0.53466796875 0.9794921875 1543115
-0.00537109375 0.53466796875 0.9794921875 1543116
-0.00537109375 0.53466796875 0.9794921875 1543116
0.0810546875 0.4794921875 1.01708984375 1543303
0.0810546875 0.4794921875 1.01708984375 1543303
0.0810546875 0.4794921875 1.01708984375 1543304
0.0810546875 0.4794921875 1.01708984375 1543304
0.11767578125 0.40869140625 1.02197265625 1543405
0.11767578125 0.40869140625 1.02197265625 1543405
0.11767578125 0.40869140625 1.02197265625 1543406
0.11767578125 0.40869140625 1.02197265625 1543406
0.10791015625 0.43359375 1.017578125 1543511
0.10791015625 0.43359375 1.017578125 1543511
0.10791015625 0.43359375 1.017578125 1543512
0.0869140625 0.41845703125 1.01953125 1543614
0.0869140625 0.41845703125 1.01953125 1543614
0.0869140625 0.41845703125 1.01953125 1543615
0.0869140625 0.41845703125 1.01953125 1543615
0.0751953125 0.3818359375 1.0146484375 1543803
0.0751953125 0.3818359375 1.0146484375 1543803
0.0751953125 0.3818359375 1.0146484375 1543804
0.0751953125 0.3818359375 1.0146484375 1543804
0.02490234375 0.4130859375 0.966796875 1543909
0.02490234375 0.4130859375 0.966796875 1543909
0.02490234375 0.4130859375 0.966796875 1543910
0.0302734375 0.37890625 0.97998046875 1544013
0.0302734375 0.37890625 0.97998046875 1544013
0.0302734375 0.37890625 0.97998046875 1544014
0.0302734375 0.37890625 0.97998046875 1544014
0.04931640625 0.376953125 0.9609375 1544202
0.04931640625 0.376953125 0.9609375 1544202
0.04931640625 0.376953125 0.9609375 1544203
0.04931640625 0.376953125 0.9609375 1544203
0.0693359375 0.3759765625 0.98193359375 1544304
0.0693359375 0.3759765625 0.98193359375 1544304
0.0693359375 0.3759765625 0.98193359375 1544305
0.0693359375 0.3759765625 0.98193359375 1544305
0.0654296875 0.39697265625 0.986328125 1544406
0.0654296875 0.39697265625 0.986328125 1544406
0.0654296875 0.39697265625 0.986328125 1544406
0.0654296875 0.39697265625 0.986328125 1544407
0.03515625 0.39208984375 0.97314453125 1544510
0.03515625 0.39208984375 0.97314453125 1544511
0.03515625 0.39208984375 0.97314453125 1544511
0.03515625 0.39208984375 0.97314453125 1544512
0.04541015625 0.4033203125 0.986328125 1544613
0.04541015625 0.4033203125 0.986328125 1544614
0.04541015625 0.4033203125 0.986328125 1544615
0.04541015625 0.4033203125 0.986328125 1544615
0.10546875 0.37744140625 0.9951171875 1544802
0.10546875 0.37744140625 0.9951171875 1544803
0.10546875 0.37744140625 0.9951171875 1544804
0.10546875 0.37744140625 0.9951171875 1544805
0.109375 0.5205078125 0.87451171875 1544905
0.109375 0.5205078125 0.87451171875 1544905
0.109375 0.5205078125 0.87451171875 1544906
0.109375 0.5205078125 0.87451171875 1544906
0.26220703125 0.41796875 1.08251953125 1545007
0.26220703125 0.41796875 1.08251953125 1545007
0.26220703125 0.41796875 1.08251953125 1545007
0.26220703125 0.41796875 1.08251953125 1545008
0.01953125 0.46240234375 0.99658203125 1545110
0.01953125 0.46240234375 0.99658203125 1545110
0.01953125 0.46240234375 0.99658203125 1545111
0.01953125 0.46240234375 0.99658203125 1545111
-0.2138671875 0.5576171875 0.81982421875 1545212
-0.2138671875 0.5576171875 0.81982421875 1545212
-0.2138671875 0.5576171875 0.81982421875 1545213
-0.2138671875 0.5576171875 0.81982421875 1545213
-0.47705078125 0.705078125 0.5908203125 1545401
-0.47705078125 0.705078125 0.5908203125 1545402
-0.47705078125 0.705078125 0.5908203125 1545403
-0.47705078125 0.705078125 0.5908203125 1545403
-0.466796875 0.7421875 0.6318359375 1545504
-0.466796875 0.7421875 0.6318359375 1545504
-0.466796875 0.7421875 0.6318359375 1545504
-0.466796875 0.7421875 0.6318359375 1545505
-0.48779296875 0.68896484375 0.63818359375 1545607
-0.48779296875 0.68896484375 0.63818359375 1545607
-0.48779296875 0.68896484375 0.63818359375 1545608
-0.48779296875 0.68896484375 0.63818359375 1545608
-0.49609375 0.61572265625 0.6279296875 1545715
-0.49609375 0.61572265625 0.6279296875 1545715
-0.49609375 0.61572265625 0.6279296875 1545715
-0.49609375 0.61572265625 0.6279296875 1545716
-0.4423828125 0.7177734375 0.63427734375 1545904
-0.4423828125 0.7177734375 0.63427734375 1545904
-0.4423828125 0.7177734375 0.63427734375 1545905
-0.4423828125 0.7177734375 0.63427734375 1545905
-0.4208984375 0.72265625 0.62109375 1546007
-0.4208984375 0.72265625 0.62109375 1546007
-0.4208984375 0.72265625 0.62109375 1546008
-0.4208984375 0.72265625 0.62109375 1546009
-0.33447265625 0.697265625 0.7138671875 1546109
-0.33447265625 0.697265625 0.7138671875 1546109
-0.33447265625 0.697265625 0.7138671875 1546110
-0.33447265625 0.697265625 0.7138671875 1546110
-0.3193359375 0.68603515625 0.6943359375 1546212
-0.3193359375 0.68603515625 0.6943359375 1546213
-0.3193359375 0.68603515625 0.6943359375 1546213
-0.3193359375 0.68603515625 0.6943359375 1546214
-0.24951171875 0.63818359375 0.77978515625 1546503
-0.24951171875 0.63818359375 0.77978515625 1546503
-0.24951171875 0.63818359375 0.77978515625 1546503
-0.24951171875 0.63818359375 0.77978515625 1546504
0.0078125 0.5048828125 1.00830078125 1546607
0.0078125 0.5048828125 1.00830078125 1546607
0.0078125 0.5048828125 1.00830078125 1546608
0.1005859375 0.474609375 1.07421875 1546710
0.1005859375 0.474609375 1.07421875 1546710
0.1005859375 0.474609375 1.07421875 1546711
0.1005859375 0.474609375 1.07421875 1546711
0.08447265625 0.45166015625 1.03564453125 1546813
0.08447265625 0.45166015625 1.03564453125 1546814
0.08447265625 0.45166015625 1.03564453125 1546814
0.08447265625 0.45166015625 1.03564453125 1546815
0.02978515625 0.4267578125 0.9970703125 1547001
0.02978515625 0.4267578125 0.9970703125 1547001
0.02978515625 0.4267578125 0.9970703125 1547002
0.02978515625 0.4267578125 0.9970703125 1547002
0.017578125 0.41015625 1.0048828125 1547108
0.017578125 0.41015625 1.0048828125 1547108
0.017578125 0.41015625 1.0048828125 1547109
0.017578125 0.41015625 1.0048828125 1547109
-0.0048828125 0.412109375 0.97998046875 1547210
-0.0048828125 0.412109375 0.97998046875 1547210
-0.0048828125 0.412109375 0.97998046875 1547211
-0.0048828125 0.412109375 0.97998046875 1547211
0.0107421875 0.41162109375 0.97705078125 1547400
0.0107421875 0.41162109375 0.97705078125 1547401
0.0107421875 0.41162109375 0.97705078125 1547401
0.0107421875 0.41162109375 0.97705078125 1547402
0.0087890625 0.404296875 0.95263671875 1547503
0.0087890625 0.404296875 0.95263671875 1547503
0.0087890625 0.404296875 0.95263671875 1547504
0.0087890625 0.404296875 0.95263671875 1547504
0.0068359375 0.39501953125 0.96142578125 1547605
0.0068359375 0.39501953125 0.96142578125 1547605
0.0068359375 0.39501953125 0.96142578125 1547605
0.0068359375 0.39501953125 0.96142578125 1547606
0.0048828125 0.39306640625 0.96923828125 1547709
0.0048828125 0.39306640625 0.96923828125 1547710
0.0048828125 0.39306640625 0.96923828125 1547710
0.0048828125 0.39306640625 0.96923828125 1547711
0.0146484375 0.40771484375 0.98291015625 1547812
0.0146484375 0.40771484375 0.98291015625 1547812
0.0146484375 0.40771484375 0.98291015625 1547813
0.0146484375 0.40771484375 0.98291015625 1547813
0.01220703125 0.4072265625 0.97802734375 1548000
0.01220703125 0.4072265625 0.97802734375 1548000
0.01220703125 0.4072265625 0.97802734375 1548001
0.01220703125 0.4072265625 0.97802734375 1548001
0.0478515625 0.3916015625 0.97509765625 1548103
0.0478515625 0.3916015625 0.97509765625 1548104
0.0478515625 0.3916015625 0.97509765625 1548104
0.0478515625 0.3916015625 0.97509765625 1548105
0.0634765625 0.44970703125 0.9365234375 1548206
0.0634765625 0.44970703125 0.9365234375 1548206
0.0634765625 0.44970703125 0.9365234375 1548207
0.0634765625 0.44970703125 0.9365234375 1548207
0.1025390625 0.4150390625 0.9755859375 1548308
0.1025390625 0.4150390625 0.9755859375 1548309
0.1025390625 0.4150390625 0.9755859375 1548309
0.1025390625 0.4150390625 0.9755859375 1548310
0.16796875 0.4384765625 0.99365234375 1548411
0.16796875 0.4384765625 0.99365234375 1548411
0.16796875 0.4384765625 0.99365234375 1548412
0.16796875 0.4384765625 0.99365234375 1548412
-0.10107421875 0.5654296875 0.8837890625 1548601
-0.10107421875 0.5654296875 0.8837890625 1548601
-0.10107421875 0.5654296875 0.8837890625 1548602
-0.10107421875 0.5654296875 0.8837890625 1548602
-0.19482421875 0.62890625 0.80615234375 1548703
-0.19482421875 0.62890625 0.80615234375 1548703
-0.19482421875 0.62890625 0.80615234375 1548704
-0.19482421875 0.62890625 0.80615234375 1548704
-0.25244140625 0.6650390625 0.78125 1548809
-0.25244140625 0.6650390625 0.78125 1548809
-0.25244140625 0.6650390625 0.78125 1548809
-0.25244140625 0.6650390625 0.78125 1548810
-0.35986328125 0.69189453125 0.7177734375 1548927
-0.35986328125 0.69189453125 0.7177734375 1548961
-0.35986328125 0.69189453125 0.7177734375 1548962
-0.35986328125 0.69189453125 0.7177734375 1548962
-0.416015625 0.6240234375 0.69482421875 1549103
-0.416015625 0.6240234375 0.69482421875 1549103
-0.416015625 0.6240234375 0.69482421875 1549104
-0.416015625 0.6240234375 0.69482421875 1549104
-0.447265625 0.64404296875 0.71044921875 1549207
-0.447265625 0.64404296875 0.71044921875 1549207
-0.447265625 0.64404296875 0.71044921875 1549208
-0.44140625 0.62939453125 0.68359375 1549311
-0.44140625 0.62939453125 0.68359375 1549311
-0.44140625 0.62939453125 0.68359375 1549312
-0.44140625 0.62939453125 0.68359375 1549312
-0.4765625 0.6796875 0.64501953125 1549500
-0.4765625 0.6796875 0.64501953125 1549500
-0.4765625 0.6796875 0.64501953125 1549501
-0.4765625 0.6796875 0.64501953125 1549501
-0.447265625 0.70556640625 0.67431640625 1549603
-0.447265625 0.70556640625 0.67431640625 1549603
-0.447265625 0.70556640625 0.67431640625 1549604
-0.447265625 0.70556640625 0.67431640625 1549604
-0.4169921875 0.681640625 0.703125 1549705
-0.4169921875 0.681640625 0.703125 1549706
-0.4169921875 0.681640625 0.703125 1549706
-0.40869140625 0.67138671875 0.6962890625 1549809
-0.40869140625 0.67138671875 0.6962890625 1549809
-0.40869140625 0.67138671875 0.6962890625 1549810
-0.40869140625 0.67138671875 0.6962890625 1549810
-0.3818359375 0.69482421875 0.6708984375 1549999
-0.3818359375 0.69482421875 0.6708984375 1549999
-0.3818359375 0.69482421875 0.6708984375 1550000
-0.3818359375 0.69482421875 0.6708984375 1550000
-0.33447265625 0.66748046875 0.7548828125 1550101
-0.33447265625 0.66748046875 0.7548828125 1550101
-0.33447265625 0.66748046875 0.7548828125 1550102
-0.33447265625 0.66748046875 0.7548828125 1550102
-0.32421875 0.64208984375 0.74560546875 1550204
-0.32421875 0.64208984375 0.74560546875 1550204
-0.32421875 0.64208984375 0.74560546875 1550205
-0.32421875 0.64208984375 0.74560546875 1550205
-0.2685546875 0.6513671875 0.810546875 1550307
-0.2685546875 0.6513671875 0.810546875 1550307
-0.2685546875 0.6513671875 0.810546875 1550308
-0.2685546875 0.6513671875 0.810546875 1550308
-0.14794921875 0.55029296875 0.904296875 1550409
-0.14794921875 0.55029296875 0.904296875 1550409
-0.14794921875 0.55029296875 0.904296875 1550410
-0.14794921875 0.55029296875 0.904296875 1550410
0.09130859375 0.458984375 1.037109375 1550599
0.09130859375 0.458984375 1.037109375 1550599
0.09130859375 0.458984375 1.037109375 1550600
0.09130859375 0.458984375 1.037109375 1550600
0.1494140625 0.43701171875 1.04833984375 1550702
0.1494140625 0.43701171875 1.04833984375 1550702
0.1494140625 0.43701171875 1.04833984375 1550703
0.1494140625 0.43701171875 1.04833984375 1550703
0.10791015625 0.41259765625 1.0126953125 1550804
0.10791015625 0.41259765625 1.0126953125 1550804
0.10791015625 0.41259765625 1.0126953125 1550805
0.10791015625 0.41259765625 1.0126953125 1550805
0.10009765625 0.41259765625 1.0068359375 1550908
0.10009765625 0.41259765625 1.0068359375 1550908
0.10009765625 0.41259765625 1.0068359375 1550909
0.10009765625 0.41259765625 1.0068359375 1550910
0.07373046875 0.43212890625 0.97802734375 1551099
0.07373046875 0.43212890625 0.97802734375 1551099
0.07373046875 0.43212890625 0.97802734375 1551099
0.07373046875 0.43212890625 0.97802734375 1551100
0.08056640625 0.41845703125 0.98291015625 1551204
0.08056640625 0.41845703125 0.98291015625 1551204
0.08056640625 0.41845703125 0.98291015625 1551204
0.08056640625 0.41845703125 0.98291015625 1551205
0.08740234375 0.42431640625 0.9921875 1551308
0.08740234375 0.42431640625 0.9921875 1551308
0.08740234375 0.42431640625 0.9921875 1551309
0.08740234375 0.42431640625 0.9921875 1551309
0.07421875 0.42236328125 0.96630859375 1551410
0.07421875 0.42236328125 0.96630859375 1551410
0.07421875 0.42236328125 0.96630859375 1551411
0.07421875 0.42236328125 0.96630859375 1551412
0.04248046875 0.4169921875 0.9306640625 1551598
0.04248046875 0.4169921875 0.9306640625 1551598
0.04248046875 0.4169921875 0.9306640625 1551599
0.04248046875 0.4169921875 0.9306640625 1551599
0.09228515625 0.4189453125 0.986328125 1551700
0.09228515625 0.4189453125 0.986328125 1551700
0.09228515625 0.4189453125 0.986328125 1551701
0.09228515625 0.4189453125 0.986328125 1551701
0.06640625 0.4462890625 0.96484375 1551803
0.06640625 0.4462890625 0.96484375 1551803
0.06640625 0.4462890625 0.96484375 1551804
0.06640625 0.4462890625 0.96484375 1551805
0.05712890625 0.43798828125 0.96826171875 1551906
0.05712890625 0.43798828125 0.96826171875 1551906
0.05712890625 0.43798828125 0.96826171875 1551907
0.05712890625 0.43798828125 0.96826171875 1551907
0.052734375 0.4169921875 0.9658203125 1552007
0.052734375 0.4169921875 0.9658203125 1552007
0.052734375 0.4169921875 0.9658203125 1552008
0.052734375 0.4169921875 0.9658203125 1552008
0.099609375 0.4150390625 0.94287109375 1552198
0.099609375 0.4150390625 0.94287109375 1552198
0.099609375 0.4150390625 0.94287109375 1552200
0.099609375 0.4150390625 0.94287109375 1552200
0.1494140625 0.44140625 0.9716796875 1552302
0.1494140625 0.44140625 0.9716796875 1552302
0.1494140625 0.44140625 0.9716796875 1552303
0.1494140625 0.44140625 0.9716796875 1552303
0.12890625 0.44189453125 0.9287109375 1552404
0.12890625 0.44189453125 0.9287109375 1552404
0.12890625 0.44189453125 0.9287109375 1552405
0.12890625 0.44189453125 0.9287109375 1552405
0.20361328125 0.400390625 1.03271484375 1552507
0.20361328125 0.400390625 1.03271484375 1552507
0.20361328125 0.400390625 1.03271484375 1552508
0.20361328125 0.400390625 1.03271484375 1552508
0.0361328125 0.51806640625 0.94580078125 1552609
0.0361328125 0.51806640625 0.94580078125 1552609
0.0361328125 0.51806640625 0.94580078125 1552610
0.0361328125 0.51806640625 0.94580078125 1552610
-0.17333984375 0.66162109375 0.81591796875 1552798
-0.17333984375 0.66162109375 0.81591796875 1552799
-0.17333984375 0.66162109375 0.81591796875 1552799
-0.17333984375 0.66162109375 0.81591796875 1552800
-0.1669921875 0.64599609375 0.859375 1552900
-0.1669921875 0.64599609375 0.859375 1552900
-0.1669921875 0.64599609375 0.859375 1552901
-0.1669921875 0.64599609375 0.859375 1552901
-0.28662109375 0.58837890625 0.81689453125 1553003
-0.28662109375 0.58837890625 0.81689453125 1553003
-0.28662109375 0.58837890625 0.81689453125 1553004
-0.28662109375 0.58837890625 0.81689453125 1553004
-0.3271484375 0.60009765625 0.79833984375 1553105
-0.3271484375 0.60009765625 0.79833984375 1553105
-0.3271484375 0.60009765625 0.79833984375 1553106
-0.3271484375 0.60009765625 0.79833984375 1553106
-0.3935546875 0.62548828125 0.73681640625 1553207
-0.3935546875 0.62548828125 0.73681640625 1553207
-0.3935546875 0.62548828125 0.73681640625 1553208
-0.3935546875 0.62548828125 0.73681640625 1553208
-0.48046875 0.68017578125 0.6337890625 1553398
-0.48046875 0.68017578125 0.6337890625 1553399
-0.48046875 0.68017578125 0.6337890625 1553399
-0.48046875 0.68017578125 0.6337890625 1553400
-0.51953125 0.67041015625 0.56494140625 1553507
-0.51953125 0.67041015625 0.56494140625 1553507
-0.51953125 0.67041015625 0.56494140625 1553508
-0.51953125 0.67041015625 0.56494140625 1553509
-0.52490234375 0.70556640625 0.5400390625 1553609
-0.52490234375 0.70556640625 0.5400390625 1553609
-0.52490234375 0.70556640625 0.5400390625 1553610
-0.52490234375 0.70556640625 0.5400390625 1553610
-0.48681640625 0.76611328125 0.4599609375 1553803
-0.48681640625 0.76611328125 0.4599609375 1553803
-0.48681640625 0.76611328125 0.4599609375 1553804
-0.48681640625 0.76611328125 0.4599609375 1553804
-0.43115234375 0.7724609375 0.58056640625 1553906
-0.43115234375 0.7724609375 0.58056640625 1553906
-0.43115234375 0.7724609375 0.58056640625 1553906
-0.43115234375 0.7724609375 0.58056640625 1553907
-0.41650390625 0.7080078125 0.587890625 1554008
-0.41650390625 0.7080078125 0.587890625 1554008
-0.41650390625 0.7080078125 0.587890625 1554009
-0.41650390625 0.7080078125 0.587890625 1554009
-0.21435546875 0.67333984375 0.80029296875 1554198
-0.21435546875 0.67333984375 0.80029296875 1554198
-0.21435546875 0.67333984375 0.80029296875 1554199
-0.21435546875 0.67333984375 0.80029296875 1554199
-0.03466796875 0.60693359375 0.9658203125 1554300
-0.03466796875 0.60693359375 0.9658203125 1554300
-0.03466796875 0.60693359375 0.9658203125 1554301
-0.03466796875 0.60693359375 0.9658203125 1554301
0.08544921875 0.5078125 1.03173828125 1554403
0.08544921875 0.5078125 1.03173828125 1554403
0.08544921875 0.5078125 1.03173828125 1554404
0.1318359375 0.49560546875 1.00732421875 1554506
0.1318359375 0.49560546875 1.00732421875 1554506
0.1318359375 0.49560546875 1.00732421875 1554507
0.1318359375 0.49560546875 1.00732421875 1554507
0.14453125 0.46875 0.96484375 1554609
0.14453125 0.46875 0.96484375 1554609
0.14453125 0.46875 0.96484375 1554610
0.14453125 0.46875 0.96484375 1554610
0.150390625 0.4375 0.9853515625 1554796
0.150390625 0.4375 0.9853515625 1554796
0.150390625 0.4375 0.9853515625 1554797
0.150390625 0.4375 0.9853515625 1554797
0.123046875 0.4697265625 0.98974609375 1554899
0.123046875 0.4697265625 0.98974609375 1554899
0.123046875 0.4697265625 0.98974609375 1554900
0.123046875 0.4697265625 0.98974609375 1554900
0.09814453125 0.43310546875 0.9775390625 1555001
0.09814453125 0.43310546875 0.9775390625 1555001
0.09814453125 0.43310546875 0.9775390625 1555002
0.09814453125 0.43310546875 0.9775390625 1555002
0.07275390625 0.44970703125 0.97216796875 1555104
0.07275390625 0.44970703125 0.97216796875 1555104
0.07275390625 0.44970703125 0.97216796875 1555105
0.07275390625 0.44970703125 0.97216796875 1555105
0.07275390625 0.4482421875 0.974609375 1555207
0.07275390625 0.4482421875 0.974609375 1555208
0.07275390625 0.4482421875 0.974609375 1555209
0.07275390625 0.4482421875 0.974609375 1555210
0.09130859375 0.45849609375 0.95849609375 1555399
0.09130859375 0.45849609375 0.95849609375 1555400
0.09130859375 0.45849609375 0.95849609375 1555400
0.09130859375 0.45849609375 0.95849609375 1555401
0.0732421875 0.4501953125 0.93212890625 1555502
0.0732421875 0.4501953125 0.93212890625 1555503
0.0732421875 0.4501953125 0.93212890625 1555503
0.0732421875 0.4501953125 0.93212890625 1555504
0.0791015625 0.4453125 0.9404296875 1555604
0.0791015625 0.4453125 0.9404296875 1555604
0.0791015625 0.4453125 0.9404296875 1555605
0.0791015625 0.4453125 0.9404296875 1555605
0.07958984375 0.48974609375 0.9453125 1555706
0.07958984375 0.48974609375 0.9453125 1555706
0.07958984375 0.48974609375 0.9453125 1555706
0.07958984375 0.48974609375 0.9453125 1555708
0.072265625 0.45703125 0.9609375 1555896
0.072265625 0.45703125 0.9609375 1555896
0.072265625 0.45703125 0.9609375 1555897
0.072265625 0.45703125 0.9609375 1555897
0.0703125 0.45068359375 0.9541015625 1555999
0.0703125 0.45068359375 0.9541015625 1555999
0.0703125 0.45068359375 0.9541015625 1556026
0.0703125 0.45068359375 0.9541015625 1556027
0.0546875 0.47607421875 0.94140625 1556223
0.0546875 0.47607421875 0.94140625 1556223
0.0546875 0.47607421875 0.94140625 1556223
0.0546875 0.47607421875 0.94140625 1556224
0.1162109375 0.45166015625 0.95361328125 1556384
0.1162109375 0.45166015625 0.95361328125 1556385
0.1162109375 0.45166015625 0.95361328125 1556385
0.1162109375 0.45166015625 0.95361328125 1556386
0.15087890625 0.48046875 0.94482421875 1556496
0.15087890625 0.48046875 0.94482421875 1556497
0.15087890625 0.48046875 0.94482421875 1556497
0.15087890625 0.48046875 0.94482421875 1556498
0.2177734375 0.4296875 1.04052734375 1556624
0.2177734375 0.4296875 1.04052734375 1556624
0.2177734375 0.4296875 1.04052734375 1556625
0.2177734375 0.4296875 1.04052734375 1556625
-0.11572265625 0.6328125 0.841796875 1556804
-0.11572265625 0.6328125 0.841796875 1556804
-0.11572265625 0.6328125 0.841796875 1556805
-0.11572265625 0.6328125 0.841796875 1556805
-0.18896484375 0.669921875 0.79248046875 1556906
-0.18896484375 0.669921875 0.79248046875 1556907
-0.18896484375 0.669921875 0.79248046875 1556908
-0.18896484375 0.669921875 0.79248046875 1556908
-0.31787109375 0.59912109375 0.73681640625 1557096
-0.31787109375 0.59912109375 0.73681640625 1557097
-0.31787109375 0.59912109375 0.73681640625 1557098
-0.31787109375 0.59912109375 0.73681640625 1557098
-0.435546875 0.708984375 0.61767578125 1557198
-0.435546875 0.708984375 0.61767578125 1557198
-0.435546875 0.708984375 0.61767578125 1557198
-0.435546875 0.708984375 0.61767578125 1557199
-0.48291015625 0.73193359375 0.55078125 1557302
-0.48291015625 0.73193359375 0.55078125 1557302
-0.48291015625 0.73193359375 0.55078125 1557303
-0.48291015625 0.73193359375 0.55078125 1557303
-0.5009765625 0.77099609375 0.51611328125 1557405
-0.5009765625 0.77099609375 0.51611328125 1557405
-0.5009765625 0.77099609375 0.51611328125 1557406
-0.5009765625 0.77099609375 0.51611328125 1557406
-0.50634765625 0.83251953125 0.48681640625 1557508
-0.50634765625 0.83251953125 0.48681640625 1557508
-0.50634765625 0.83251953125 0.48681640625 1557508
-0.50634765625 0.83251953125 0.48681640625 1557509
-0.45166015625 0.7568359375 0.548828125 1557695
-0.45166015625 0.7568359375 0.548828125 1557696
-0.45166015625 0.7568359375 0.548828125 1557696
-0.45166015625 0.7568359375 0.548828125 1557697
-0.4521484375 0.79931640625 0.53955078125 1557797
-0.4521484375 0.79931640625 0.53955078125 1557798
-0.4521484375 0.79931640625 0.53955078125 1557798
-0.4521484375 0.79931640625 0.53955078125 1557799
-0.4091796875 0.77294921875 0.56787109375 1557900
-0.4091796875 0.77294921875 0.56787109375 1557900
-0.4091796875 0.77294921875 0.56787109375 1557901
-0.4091796875 0.77294921875 0.56787109375 1557901
-0.34619140625 0.71533203125 0.65869140625 1558003
-0.34619140625 0.71533203125 0.65869140625 1558003
-0.34619140625 0.71533203125 0.65869140625 1558004
-0.34619140625 0.71533203125 0.65869140625 1558004
-0.30224609375 0.68505859375 0.71337890625 1558105
-0.30224609375 0.68505859375 0.71337890625 1558105
-0.30224609375 0.68505859375 0.71337890625 1558105
-0.30224609375 0.68505859375 0.71337890625 1558106
-0.04833984375 0.578125 0.92529296875 1558295
-0.04833984375 0.578125 0.92529296875 1558296
-0.04833984375 0.578125 0.92529296875 1558297
-0.04833984375 0.578125 0.92529296875 1558297
0.0537109375 0.50048828125 0.99658203125 1558398
0.0537109375 0.50048828125 0.99658203125 1558398
0.0537109375 0.50048828125 0.99658203125 1558399
0.0537109375 0.50048828125 0.99658203125 1558399
0.13232421875 0.478515625 1.04638671875 1558514
0.13232421875 0.478515625 1.04638671875 1558515
0.13232421875 0.478515625 1.04638671875 1558516
0.13232421875 0.478515625 1.04638671875 1558516
0.10888671875 0.42431640625 1.00830078125 1558708
0.10888671875 0.42431640625 1.00830078125 1558708
0.10888671875 0.42431640625 1.00830078125 1558709
0.10888671875 0.42431640625 1.00830078125 1558709
0.07373046875 0.443359375 0.99755859375 1558893
0.07373046875 0.443359375 0.99755859375 1558893
0.07373046875 0.443359375 0.99755859375 1558894
0.07373046875 0.443359375 0.99755859375 1558894
0.0517578125 0.43408203125 0.97998046875 1558996
0.0517578125 0.43408203125 0.97998046875 1558996
0.0517578125 0.43408203125 0.97998046875 1558997
0.0517578125 0.43408203125 0.97998046875 1558997
0.06201171875 0.38232421875 1.00634765625 1559100
0.06201171875 0.38232421875 1.00634765625 1559100
0.06201171875 0.38232421875 1.00634765625 1559101
0.06201171875 0.38232421875 1.00634765625 1559101
0.0537109375 0.416015625 0.990234375 1559203
0.0537109375 0.416015625 0.990234375 1559212
0.0537109375 0.416015625 0.990234375 1559212
0.0537109375 0.416015625 0.990234375 1559212
0.02880859375 0.4130859375 0.96875 1559305
0.02783203125 0.41357421875 0.9560546875 1559383
0.02783203125 0.41357421875 0.9560546875 1559384
0.02783203125 0.41357421875 0.9560546875 1559384
0.02197265625 0.41357421875 0.93896484375 1559496
0.02197265625 0.41357421875 0.93896484375 1559497
0.02197265625 0.41357421875 0.93896484375 1559497
0.02197265625 0.41357421875 0.93896484375 1559498
0.03466796875 0.412109375 0.95703125 1559598
0.03466796875 0.412109375 0.95703125 1559598
0.03466796875 0.412109375 0.95703125 1559599
0.03466796875 0.412109375 0.95703125 1559599
0.0458984375 0.44189453125 0.9677734375 1559700
0.0458984375 0.44189453125 0.9677734375 1559700
0.0458984375 0.44189453125 0.9677734375 1559701
0.0458984375 0.44189453125 0.9677734375 1559701
0.03271484375 0.44580078125 0.97265625 1559802
0.03271484375 0.44580078125 0.97265625 1559815
0.03271484375 0.44580078125 0.97265625 1559816
0.03271484375 0.44580078125 0.97265625 1559816
0.0341796875 0.44677734375 0.94970703125 1559995
0.0341796875 0.44677734375 0.94970703125 1559995
0.0341796875 0.44677734375 0.94970703125 1559996
0.0341796875 0.44677734375 0.94970703125 1559996
0.09033203125 0.4267578125 0.98291015625 1560097
0.09033203125 0.4267578125 0.98291015625 1560097
0.09033203125 0.4267578125 0.98291015625 1560098
0.09033203125 0.4267578125 0.98291015625 1560098
0.09228515625 0.42431640625 0.96923828125 1560200
0.09228515625 0.42431640625 0.96923828125 1560200
0.09228515625 0.42431640625 0.96923828125 1560201
0.10986328125 0.45166015625 0.9404296875 1560304
0.10986328125 0.45166015625 0.9404296875 1560304
0.10986328125 0.45166015625 0.9404296875 1560305
0.10986328125 0.45166015625 0.9404296875 1560305
0.1005859375 0.4423828125 0.982421875 1560495
0.1005859375 0.4423828125 0.982421875 1560495
0.1005859375 0.4423828125 0.982421875 1560496
0.1005859375 0.4423828125 0.982421875 1560496
-0.078125 0.5556640625 0.88818359375 1560598
-0.078125 0.5556640625 0.88818359375 1560598
-0.078125 0.5556640625 0.88818359375 1560599
-0.078125 0.5556640625 0.88818359375 1560599
-0.1630859375 0.62939453125 0.82470703125 1560700
-0.1630859375 0.62939453125 0.82470703125 1560701
-0.1630859375 0.62939453125 0.82470703125 1560701
-0.201171875 0.6572265625 0.81005859375 1560804
-0.201171875 0.6572265625 0.81005859375 1560804
-0.201171875 0.6572265625 0.81005859375 1560805
-0.201171875 0.6572265625 0.81005859375 1560805
-0.29833984375 0.59912109375 0.78955078125 1560994
-0.29833984375 0.59912109375 0.78955078125 1560995
-0.29833984375 0.59912109375 0.78955078125 1560996
-0.29833984375 0.59912109375 0.78955078125 1560996
-0.4443359375 0.66796875 0.6494140625 1561097
-0.4443359375 0.66796875 0.6494140625 1561097
-0.4443359375 0.66796875 0.6494140625 1561098
-0.4443359375 0.66796875 0.6494140625 1561098
-0.49609375 0.70166015625 0.5791015625 1561200
-0.49609375 0.70166015625 0.5791015625 1561200
-0.49609375 0.70166015625 0.5791015625 1561201
-0.49609375 0.70166015625 0.5791015625 1561201
-0.5244140625 0.68408203125 0.56005859375 1561304
-0.5244140625 0.68408203125 0.56005859375 1561304
-0.5244140625 0.68408203125 0.56005859375 1561305
-0.5244140625 0.68408203125 0.56005859375 1561306
-0.48779296875 0.71142578125 0.5751953125 1561494
-0.48779296875 0.71142578125 0.5751953125 1561494
-0.48779296875 0.71142578125 0.5751953125 1561495
-0.48779296875 0.71142578125 0.5751953125 1561495
-0.462890625 0.7451171875 0.59765625 1561598
-0.462890625 0.7451171875 0.59765625 1561602
-0.462890625 0.7451171875 0.59765625 1561602
-0.462890625 0.7451171875 0.59765625 1561603
-0.42919921875 0.7001953125 0.611328125 1561715
-0.42919921875 0.7001953125 0.611328125 1561715
-0.42919921875 0.7001953125 0.611328125 1561716
-0.42919921875 0.7001953125 0.611328125 1561716
-0.234375 0.60302734375 0.80859375 1561904
-0.234375 0.60302734375 0.80859375 1561904
-0.234375 0.60302734375 0.80859375 1561905
-0.234375 0.60302734375 0.80859375 1561905
0.0009765625 0.53466796875 0.9716796875 1562094
0.0009765625 0.53466796875 0.9716796875 1562094
0.0009765625 0.53466796875 0.9716796875 1562095
0.0009765625 0.53466796875 0.9716796875 1562095
0.13037109375 0.45654296875 1.03125 1562196
0.13037109375 0.45654296875 1.03125 1562196
0.13037109375 0.45654296875 1.03125 1562197
0.13037109375 0.45654296875 1.03125 1562197
0.177734375 0.4658203125 1.04345703125 1562299
0.177734375 0.4658203125 1.04345703125 1562299
0.177734375 0.4658203125 1.04345703125 1562300
0.177734375 0.4658203125 1.04345703125 1562300
0.13623046875 0.41943359375 1.01806640625 1562401
0.13623046875 0.41943359375 1.01806640625 1562401
0.13623046875 0.41943359375 1.01806640625 1562402
0.13623046875 0.41943359375 1.01806640625 1562402
0.12109375 0.42138671875 1.00048828125 1562504
0.12109375 0.42138671875 1.00048828125 1562504
0.12109375 0.42138671875 1.00048828125 1562505
0.12109375 0.42138671875 1.00048828125 1562505
0.07470703125 0.41748046875 0.98046875 1562692
0.07470703125 0.41748046875 0.98046875 1562692
0.07470703125 0.41748046875 0.98046875 1562693
0.07470703125 0.41748046875 0.98046875 1562693
0.0498046875 0.4150390625 0.97216796875 1562796
0.0498046875 0.4150390625 0.97216796875 1562796
0.0498046875 0.4150390625 0.97216796875 1562796
0.0498046875 0.4150390625 0.97216796875 1562797
0.0712890625 0.4208984375 0.9873046875 1562897
0.0712890625 0.4208984375 0.9873046875 1562897
0.0712890625 0.4208984375 0.9873046875 1562898
0.0712890625 0.4208984375 0.9873046875 1562898
0.0625 0.42578125 0.97412109375 1563000
0.0625 0.42578125 0.97412109375 1563000
0.0625 0.42578125 0.97412109375 1563001
0.0625 0.42578125 0.97412109375 1563001
0.03564453125 0.470703125 0.9208984375 1563193
0.03564453125 0.470703125 0.9208984375 1563193
0.03564453125 0.470703125 0.9208984375 1563193
0.03564453125 0.470703125 0.9208984375 1563194
0.05126953125 0.45849609375 0.9423828125 1563295
0.05126953125 0.45849609375 0.9423828125 1563295
0.05126953125 0.45849609375 0.9423828125 1563296
0.05126953125 0.45849609375 0.9423828125 1563296
0.0458984375 0.45947265625 0.95068359375 1563398
0.0458984375 0.45947265625 0.95068359375 1563398
0.0458984375 0.45947265625 0.95068359375 1563399
0.0458984375 0.45947265625 0.95068359375 1563399
0.05615234375 0.4462890625 0.9560546875 1563500
0.05615234375 0.4462890625 0.9560546875 1563500
0.05615234375 0.4462890625 0.9560546875 1563501
0.05615234375 0.4462890625 0.9560546875 1563501
0.06298828125 0.4462890625 0.96240234375 1563602
0.06298828125 0.4462890625 0.96240234375 1563602
0.06298828125 0.4462890625 0.96240234375 1563602
0.06298828125 0.4462890625 0.96240234375 1563603
0.0908203125 0.4365234375 0.9521484375 1563811
0.0908203125 0.4365234375 0.9521484375 1563811
0.0908203125 0.4365234375 0.9521484375 1563812
0.0908203125 0.4365234375 0.9521484375 1563812
0.12744140625 0.509765625 0.89599609375 1564001
0.12744140625 0.509765625 0.89599609375 1564002
0.12744140625 0.509765625 0.89599609375 1564002
0.12744140625 0.509765625 0.89599609375 1564003
0.0302734375 0.54736328125 0.94091796875 1564192
0.0302734375 0.54736328125 0.94091796875 1564192
0.0302734375 0.54736328125 0.94091796875 1564193
0.0302734375 0.54736328125 0.94091796875 1564193
-0.17236328125 0.62158203125 0.7919921875 1564295
-0.17236328125 0.62158203125 0.7919921875 1564296
-0.17236328125 0.62158203125 0.7919921875 1564297
-0.17236328125 0.62158203125 0.7919921875 1564298
-0.3046875 0.71142578125 0.73388671875 1564397
-0.3046875 0.71142578125 0.73388671875 1564398
-0.3046875 0.71142578125 0.73388671875 1564398
-0.3046875 0.71142578125 0.73388671875 1564399
-0.4345703125 0.6611328125 0.66796875 1564504
-0.4345703125 0.6611328125 0.66796875 1564504
-0.4345703125 0.6611328125 0.66796875 1564504
-0.4345703125 0.6611328125 0.66796875 1564505
-0.595703125 0.64306640625 0.57421875 1564692
-0.595703125 0.64306640625 0.57421875 1564692
-0.595703125 0.64306640625 0.57421875 1564693
-0.595703125 0.64306640625 0.57421875 1564693
-0.654296875 0.62060546875 0.505859375 1564796
-0.654296875 0.62060546875 0.505859375 1564796
-0.654296875 0.62060546875 0.505859375 1564797
-0.654296875 0.62060546875 0.505859375 1564797
-0.61474609375 0.5703125 0.57421875 1564913
-0.61474609375 0.5703125 0.57421875 1564914
-0.61474609375 0.5703125 0.57421875 1564914
-0.61474609375 0.5703125 0.57421875 1564914
-0.67578125 0.6318359375 0.529296875 1565103
-0.67578125 0.6318359375 0.529296875 1565103
-0.67578125 0.6318359375 0.529296875 1565103
-0.67578125 0.6318359375 0.529296875 1565104
-0.654296875 0.5244140625 0.58056640625 1565293
-0.654296875 0.5244140625 0.58056640625 1565304
-0.654296875 0.5244140625 0.58056640625 1565305
-0.654296875 0.5244140625 0.58056640625 1565306
-0.697265625 0.521484375 0.4873046875 1565395
-0.72021484375 0.53662109375 0.427734375 1565497
-0.72021484375 0.53662109375 0.427734375 1565497
-0.72021484375 0.53662109375 0.427734375 1565498
-0.72021484375 0.53662109375 0.427734375 1565498
-0.7509765625 0.59423828125 0.35888671875 1565602
-0.7509765625 0.59423828125 0.35888671875 1565602
-0.7509765625 0.59423828125 0.35888671875 1565603
-0.7509765625 0.59423828125 0.35888671875 1565603
-0.72705078125 0.63818359375 0.357421875 1565704
-0.72705078125 0.63818359375 0.357421875 1565704
-0.72705078125 0.63818359375 0.357421875 1565705
-0.72705078125 0.63818359375 0.357421875 1565705
-0.7822265625 0.68896484375 0.39404296875 1565892
-0.7822265625 0.68896484375 0.39404296875 1565893
-0.7822265625 0.68896484375 0.39404296875 1565893
-0.7822265625 0.68896484375 0.39404296875 1565894
-0.63330078125 0.61962890625 0.44677734375 1565994
-0.63330078125 0.61962890625 0.44677734375 1565994
-0.63330078125 0.61962890625 0.44677734375 1565995
-0.63330078125 0.61962890625 0.44677734375 1565995
-0.55224609375 0.67578125 0.5087890625 1566096
-0.55224609375 0.67578125 0.5087890625 1566096
-0.55224609375 0.67578125 0.5087890625 1566097
-0.55224609375 0.67578125 0.5087890625 1566097
-0.421875 0.63720703125 0.68798828125 1566198
-0.421875 0.63720703125 0.68798828125 1566198
-0.421875 0.63720703125 0.68798828125 1566199
-0.421875 0.63720703125 0.68798828125 1566199
-0.10888671875 0.541015625 1.02001953125 1566391
-0.10888671875 0.541015625 1.02001953125 1566391
-0.10888671875 0.541015625 1.02001953125 1566392
-0.10888671875 0.541015625 1.02001953125 1566392
0.0673828125 0.5068359375 1.0498046875 1566493
0.0673828125 0.5068359375 1.0498046875 1566493
0.0673828125 0.5068359375 1.0498046875 1566494
0.0673828125 0.5068359375 1.0498046875 1566494
0.12890625 0.470703125 1.046875 1566596
0.12890625 0.470703125 1.046875 1566596
0.12890625 0.470703125 1.046875 1566597
0.12890625 0.470703125 1.046875 1566597
0.076171875 0.4130859375 1.0068359375 1566699
0.076171875 0.4130859375 1.0068359375 1566699
0.076171875 0.4130859375 1.0068359375 1566700
0.076171875 0.4130859375 1.0068359375 1566700
0.0546875 0.404296875 0.99951171875 1566801
0.0546875 0.404296875 0.99951171875 1566801
0.0546875 0.404296875 0.99951171875 1566802
0.0546875 0.404296875 0.99951171875 1566803
0.01123046875 0.4013671875 0.98193359375 1566992
0.01123046875 0.4013671875 0.98193359375 1566993
0.01123046875 0.4013671875 0.98193359375 1566993
0.01123046875 0.4013671875 0.98193359375 1566994
0.0361328125 0.40673828125 0.96484375 1567094
0.0361328125 0.40673828125 0.96484375 1567094
0.0361328125 0.40673828125 0.96484375 1567095
0.0361328125 0.40673828125 0.96484375 1567095
0.03662109375 0.4248046875 0.9658203125 1567196
0.03662109375 0.4248046875 0.9658203125 1567196
0.03662109375 0.4248046875 0.9658203125 1567197
0.03662109375 0.4248046875 0.9658203125 1567197
0.03857421875 0.44970703125 0.95849609375 1567299
0.03857421875 0.44970703125 0.95849609375 1567299
0.03857421875 0.44970703125 0.95849609375 1567300
0.03857421875 0.44970703125 0.95849609375 1567300
0.01611328125 0.41259765625 0.95263671875 1567401
0.01611328125 0.41259765625 0.95263671875 1567401
0.01611328125 0.41259765625 0.95263671875 1567401
0.01611328125 0.41259765625 0.95263671875 1567402
0.04150390625 0.45458984375 0.9599609375 1567591
0.04150390625 0.45458984375 0.9599609375 1567592
0.04150390625 0.45458984375 0.9599609375 1567592
0.04150390625 0.45458984375 0.9599609375 1567593
0.04296875 0.45556640625 0.95947265625 1567693
0.04296875 0.45556640625 0.95947265625 1567693
0.04296875 0.45556640625 0.95947265625 1567694
0.04296875 0.45556640625 0.95947265625 1567694
0.0322265625 0.4267578125 0.9775390625 1567796
0.0322265625 0.4267578125 0.9775390625 1567796
0.0322265625 0.4267578125 0.9775390625 1567797
0.0322265625 0.4267578125 0.9775390625 1567797
-0.00537109375 0.431640625 0.93603515625 1567899
-0.00537109375 0.431640625 0.93603515625 1567900
-0.00537109375 0.431640625 0.93603515625 1567900
-0.00537109375 0.431640625 0.93603515625 1567900
0.02978515625 0.43408203125 0.953125 1568001
0.02978515625 0.43408203125 0.953125 1568001
0.02978515625 0.43408203125 0.953125 1568002
0.02978515625 0.43408203125 0.953125 1568002
0.17822265625 0.4951171875 0.8984375 1568192
0.17822265625 0.4951171875 0.8984375 1568193
0.17822265625 0.4951171875 0.8984375 1568193
0.17822265625 0.4951171875 0.8984375 1568194
0.2216796875 0.51171875 0.9140625 1568295
0.2216796875 0.51171875 0.9140625 1568295
0.2216796875 0.51171875 0.9140625 1568295
0.2216796875 0.51171875 0.9140625 1568296
0.185546875 0.49853515625 1.07763671875 1568398
0.185546875 0.49853515625 1.07763671875 1568398
0.185546875 0.49853515625 1.07763671875 1568398
0.185546875 0.49853515625 1.07763671875 1568399
-0.10986328125 0.638671875 0.85791015625 1568500
-0.10986328125 0.638671875 0.85791015625 1568500
-0.10986328125 0.638671875 0.85791015625 1568509
-0.10986328125 0.638671875 0.85791015625 1568509
-0.32373046875 0.6748046875 0.66943359375 1568602
-0.32373046875 0.6748046875 0.66943359375 1568602
-0.51708984375 0.72021484375 0.53271484375 1568680
-0.51708984375 0.72021484375 0.53271484375 1568680
-0.5283203125 0.44677734375 0.576171875 1568791
-0.5283203125 0.44677734375 0.576171875 1568791
-0.5283203125 0.44677734375 0.576171875 1568792
-0.5283203125 0.44677734375 0.576171875 1568793
-0.5302734375 0.46337890625 0.521484375 1568994
-0.5302734375 0.46337890625 0.521484375 1568994
-0.5302734375 0.46337890625 0.521484375 1568995
-0.5302734375 0.46337890625 0.521484375 1568995
-0.19873046875 0.2880859375 0.892578125 1569096
-0.19873046875 0.2880859375 0.892578125 1569096
-0.19873046875 0.2880859375 0.892578125 1569097
0.103515625 0.27587890625 1.0751953125 1569200
0.103515625 0.27587890625 1.0751953125 1569200
0.103515625 0.27587890625 1.0751953125 1569200
0.103515625 0.27587890625 1.0751953125 1569201
0.28076171875 0.20654296875 1.171875 1569302
0.28076171875 0.20654296875 1.171875 1569302
0.28076171875 0.20654296875 1.171875 1569303
0.28076171875 0.20654296875 1.171875 1569303
0.2060546875 0.19384765625 1.0966796875 1569419
0.2060546875 0.19384765625 1.0966796875 1569419
0.2060546875 0.19384765625 1.0966796875 1569419
0.2060546875 0.19384765625 1.0966796875 1569420
