-25.32958984375 -57.67822265625 11.16943359375 1656667
-25.32958984375 -57.67822265625 11.16943359375 1656667
-0.6103515625 -2.25830078125 -2.25830078125 1656668
-0.6103515625 -2.25830078125 -2.25830078125 1656669
-0.6103515625 -2.25830078125 -2.25830078125 1656669
-0.6103515625 -2.25830078125 -2.25830078125 1656670
1.89208984375 -2.25830078125 -0.732421875 1656670
-1.46484375 -0.6103515625 -1.708984375 1656705
-1.46484375 -0.6103515625 -1.708984375 1656792
0.54931640625 0.91552734375 -1.5869140625 1656792
0.54931640625 0.91552734375 -1.5869140625 1656793
0.54931640625 0.91552734375 -1.5869140625 1656793
0.54931640625 0.91552734375 -1.5869140625 1656794
0.54931640625 0.91552734375 -1.5869140625 1656894
0.42724609375 -1.15966796875 -0.6103515625 1656895
0.42724609375 -1.15966796875 -0.6103515625 1656896
0.42724609375 -1.15966796875 -0.6103515625 1656896
0.42724609375 -1.15966796875 -0.6103515625 1656896
0.30517578125 0.244140625 -0.42724609375 1656972
0.30517578125 0.244140625 -0.42724609375 1657108
2.62451171875 1.46484375 -2.685546875 1657108
2.62451171875 1.46484375 -2.685546875 1657109
2.62451171875 1.46484375 -2.685546875 1657109
2.62451171875 1.46484375 -2.685546875 1657109
2.685546875 0.732421875 -2.44140625 1657185
2.685546875 0.732421875 -2.44140625 1657288
1.40380859375 2.01416015625 -2.685546875 1657288
1.40380859375 2.01416015625 -2.685546875 1657288
1.40380859375 2.01416015625 -2.685546875 1657289
1.40380859375 2.01416015625 -2.685546875 1657289
1.40380859375 2.01416015625 -2.685546875 1657393
-1.40380859375 1.708984375 -5.18798828125 1657393
-1.40380859375 1.708984375 -5.18798828125 1657393
-1.40380859375 1.708984375 -5.18798828125 1657394
-1.40380859375 1.708984375 -5.18798828125 1657394
2.86865234375 0.6103515625 -1.220703125 1657479
2.86865234375 0.6103515625 -1.220703125 1657595
1.708984375 0.48828125 -2.685546875 1657596
1.708984375 0.48828125 -2.685546875 1657597
1.708984375 0.48828125 -2.685546875 1657597
1.708984375 0.48828125 -2.685546875 1657597
1.220703125 0.8544921875 -2.01416015625 1657684
1.220703125 0.8544921875 -2.01416015625 1657786
2.38037109375 2.74658203125 -3.173828125 1657787
2.38037109375 2.74658203125 -3.173828125 1657787
2.38037109375 2.74658203125 -3.173828125 1657787
2.38037109375 2.74658203125 -3.173828125 1657788
2.38037109375 2.74658203125 -3.173828125 1657890
0 0.91552734375 -2.197265625 1657890
0 0.91552734375 -2.197265625 1657891
0 0.91552734375 -2.197265625 1657891
0 0.91552734375 -2.197265625 1657892
0 0.91552734375 -2.197265625 1657991
1.77001953125 1.220703125 -1.15966796875 1657992
1.77001953125 1.220703125 -1.15966796875 1657992
1.77001953125 1.220703125 -1.15966796875 1657992
1.77001953125 1.220703125 -1.15966796875 1657992
1.953125 1.15966796875 -2.25830078125 1658070
1.953125 1.15966796875 -2.25830078125 1658184
5.0048828125 2.13623046875 -1.46484375 1658185
5.0048828125 2.13623046875 -1.46484375 1658185
5.0048828125 2.13623046875 -1.46484375 1658186
5.0048828125 2.13623046875 -1.46484375 1658186
3.41796875 2.197265625 -2.86865234375 1658284
3.41796875 2.197265625 -2.86865234375 1658387
0.732421875 1.52587890625 -1.8310546875 1658387
0.732421875 1.52587890625 -1.8310546875 1658387
0.732421875 1.52587890625 -1.8310546875 1658388
0.732421875 1.52587890625 -1.8310546875 1658388
0.732421875 1.52587890625 -1.8310546875 1658501
2.8076171875 1.220703125 -2.8076171875 1658501
2.8076171875 1.220703125 -2.8076171875 1658502
2.8076171875 1.220703125 -2.8076171875 1658502
2.8076171875 1.220703125 -2.8076171875 1658502
1.64794921875 1.5869140625 -2.44140625 1658592
1.64794921875 1.5869140625 -2.44140625 1658672
1.52587890625 1.15966796875 -1.28173828125 1658672
1.52587890625 1.15966796875 -1.28173828125 1658672
1.52587890625 1.15966796875 -1.28173828125 1658673
1.52587890625 1.15966796875 -1.28173828125 1658673
1.52587890625 1.15966796875 -1.28173828125 1658783
2.74658203125 2.38037109375 -0.9765625 1658783
2.74658203125 2.38037109375 -0.9765625 1658784
2.74658203125 2.38037109375 -0.9765625 1658784
2.74658203125 2.38037109375 -0.9765625 1658784
2.74658203125 2.38037109375 -0.9765625 1658885
0.48828125 3.23486328125 -2.62451171875 1658885
0.48828125 3.23486328125 -2.62451171875 1658885
0.48828125 3.23486328125 -2.62451171875 1658886
0.48828125 3.23486328125 -2.62451171875 1658886
0.48828125 3.23486328125 -2.62451171875 1658987
1.03759765625 1.708984375 -1.64794921875 1658987
1.03759765625 1.708984375 -1.64794921875 1658988
1.03759765625 1.708984375 -1.64794921875 1658988
1.03759765625 1.708984375 -1.64794921875 1658988
1.03759765625 1.708984375 -1.64794921875 1659091
0.48828125 2.25830078125 -2.685546875 1659091
0.48828125 2.25830078125 -2.685546875 1659091
0.48828125 2.25830078125 -2.685546875 1659092
0.48828125 2.25830078125 -2.685546875 1659092
0.48828125 2.25830078125 -2.685546875 1659193
0.42724609375 0.732421875 -2.62451171875 1659193
0.42724609375 0.732421875 -2.62451171875 1659194
0.42724609375 0.732421875 -2.62451171875 1659195
0.42724609375 0.732421875 -2.62451171875 1659195
1.708984375 1.220703125 -2.0751953125 1659273
1.708984375 1.220703125 -2.0751953125 1659382
-2.0751953125 1.15966796875 -2.50244140625 1659382
-2.0751953125 1.15966796875 -2.50244140625 1659383
-2.0751953125 1.15966796875 -2.50244140625 1659383
-2.0751953125 1.15966796875 -2.50244140625 1659383
-2.0751953125 1.15966796875 -2.50244140625 1659486
1.64794921875 1.8310546875 -1.89208984375 1659486
1.64794921875 1.8310546875 -1.89208984375 1659486
1.64794921875 1.8310546875 -1.89208984375 1659487
1.64794921875 1.8310546875 -1.89208984375 1659487
1.64794921875 1.8310546875 -1.89208984375 1659588
1.0986328125 1.52587890625 -2.50244140625 1659588
1.0986328125 1.52587890625 -2.50244140625 1659589
1.0986328125 1.52587890625 -2.50244140625 1659589
1.0986328125 1.52587890625 -2.50244140625 1659590
1.0986328125 1.52587890625 -2.50244140625 1659691
1.0986328125 2.01416015625 -1.28173828125 1659691
1.0986328125 2.01416015625 -1.28173828125 1659691
1.0986328125 2.01416015625 -1.28173828125 1659692
1.0986328125 2.01416015625 -1.28173828125 1659692
1.0986328125 2.01416015625 -1.28173828125 1659793
0.244140625 1.220703125 -1.953125 1659793
0.244140625 1.220703125 -1.953125 1659794
0.244140625 1.220703125 -1.953125 1659794
0.244140625 1.220703125 -1.953125 1659795
0.9765625 1.5869140625 -1.77001953125 1659870
0.9765625 1.5869140625 -1.77001953125 1659982
0.79345703125 1.28173828125 -1.52587890625 1659982
0.79345703125 1.28173828125 -1.52587890625 1659982
0.79345703125 1.28173828125 -1.52587890625 1659983
0.79345703125 1.28173828125 -1.52587890625 1659983
0.79345703125 1.28173828125 -1.52587890625 1660084
0.79345703125 1.03759765625 -1.5869140625 1660084
0.79345703125 1.03759765625 -1.5869140625 1660085
0.79345703125 1.03759765625 -1.5869140625 1660085
0.79345703125 1.03759765625 -1.5869140625 1660085
0.79345703125 1.03759765625 -1.5869140625 1660186
1.8310546875 1.40380859375 -1.953125 1660186
1.8310546875 1.40380859375 -1.953125 1660187
1.8310546875 1.40380859375 -1.953125 1660187
1.8310546875 1.40380859375 -1.953125 1660187
1.8310546875 1.40380859375 -1.953125 1660291
-0.30517578125 1.220703125 -2.0751953125 1660291
-0.30517578125 1.220703125 -2.0751953125 1660291
-0.30517578125 1.220703125 -2.0751953125 1660292
-0.30517578125 1.220703125 -2.0751953125 1660292
-0.06103515625 1.5869140625 -1.77001953125 1660370
-0.06103515625 1.5869140625 -1.77001953125 1660481
1.3427734375 1.8310546875 -1.46484375 1660482
1.3427734375 1.8310546875 -1.46484375 1660482
1.3427734375 1.8310546875 -1.46484375 1660482
1.3427734375 1.8310546875 -1.46484375 1660483
1.3427734375 1.8310546875 -1.46484375 1660593
0 1.40380859375 0.06103515625 1660593
0 1.40380859375 0.06103515625 1660594
0 1.40380859375 0.06103515625 1660595
0 1.40380859375 0.06103515625 1660595
-0.30517578125 12.75634765625 5.92041015625 1660679
-0.30517578125 12.75634765625 5.92041015625 1660782
0.8544921875 26.85546875 12.5732421875 1660782
0.8544921875 26.85546875 12.5732421875 1660783
0.8544921875 26.85546875 12.5732421875 1660784
0.8544921875 26.85546875 12.5732421875 1660785
0.8544921875 26.85546875 12.5732421875 1660884
1.3427734375 32.77587890625 16.54052734375 1660884
1.3427734375 32.77587890625 16.54052734375 1660884
1.3427734375 32.77587890625 16.54052734375 1660885
1.3427734375 32.77587890625 16.54052734375 1660885
14.7705078125 43.3349609375 18.61572265625 1660986
14.7705078125 43.3349609375 18.61572265625 1660987
14.7705078125 43.3349609375 18.61572265625 1660987
14.7705078125 43.3349609375 18.61572265625 1660988
14.7705078125 43.3349609375 18.61572265625 1661084
25.32958984375 53.466796875 14.892578125 1661085
18.85986328125 34.85107421875 29.296875 1661173
18.85986328125 34.85107421875 29.296875 1661173
18.85986328125 34.85107421875 29.296875 1661173
18.85986328125 34.85107421875 29.296875 1661174
18.85986328125 34.85107421875 29.296875 1661280
52.490234375 50.1708984375 19.34814453125 1661281
52.490234375 50.1708984375 19.34814453125 1661281
52.490234375 50.1708984375 19.34814453125 1661281
52.490234375 50.1708984375 19.34814453125 1661282
52.490234375 50.1708984375 19.34814453125 1661383
57.7392578125 32.77587890625 24.47509765625 1661383
57.7392578125 32.77587890625 24.47509765625 1661384
57.7392578125 32.77587890625 24.47509765625 1661384
57.7392578125 32.77587890625 24.47509765625 1661385
57.7392578125 32.77587890625 24.47509765625 1661485
9.70458984375 -12.26806640625 25.390625 1661485
9.70458984375 -12.26806640625 25.390625 1661486
9.70458984375 -12.26806640625 25.390625 1661486
9.70458984375 -12.26806640625 25.390625 1661486
9.70458984375 -12.26806640625 25.390625 1661587
-0.3662109375 -21.17919921875 24.10888671875 1661587
-0.3662109375 -21.17919921875 24.10888671875 1661588
-0.3662109375 -21.17919921875 24.10888671875 1661588
-0.3662109375 -21.17919921875 24.10888671875 1661588
-0.3662109375 -21.17919921875 24.10888671875 1661691
-18.4326171875 -35.64453125 15.13671875 1661691
-18.4326171875 -35.64453125 15.13671875 1661692
-18.4326171875 -35.64453125 15.13671875 1661692
-18.4326171875 -35.64453125 15.13671875 1661693
-31.494140625 -43.9453125 21.728515625 1661769
-31.494140625 -43.9453125 21.728515625 1661880
-56.21337890625 -64.0869140625 20.99609375 1661880
-56.21337890625 -64.0869140625 20.99609375 1661881
-56.21337890625 -64.0869140625 20.99609375 1661881
-56.21337890625 -64.0869140625 20.99609375 1661883
-56.21337890625 -64.0869140625 20.99609375 1661985
-38.9404296875 -39.55078125 0.6103515625 1661985
-38.9404296875 -39.55078125 0.6103515625 1661985
-38.9404296875 -39.55078125 0.6103515625 1661987
-38.9404296875 -39.55078125 0.6103515625 1661987
-38.9404296875 -39.55078125 0.6103515625 1662088
-26.42822265625 -10.7421875 0 1662088
-26.42822265625 -10.7421875 0 1662089
-26.42822265625 -10.7421875 0 1662089
-26.42822265625 -10.7421875 0 1662089
-26.42822265625 -10.7421875 0 1662192
-2.5634765625 -3.173828125 0.8544921875 1662192
-2.5634765625 -3.173828125 0.8544921875 1662193
-2.5634765625 -3.173828125 0.8544921875 1662193
-2.5634765625 -3.173828125 0.8544921875 1662194
-13.0615234375 -2.13623046875 -5.4931640625 1662269
-13.0615234375 -2.13623046875 -5.4931640625 1662381
-5.55419921875 0.79345703125 -3.7841796875 1662381
-5.55419921875 0.79345703125 -3.7841796875 1662382
-5.55419921875 0.79345703125 -3.7841796875 1662382
-5.55419921875 0.79345703125 -3.7841796875 1662383
-5.55419921875 0.79345703125 -3.7841796875 1662483
0.244140625 0.79345703125 -3.35693359375 1662483
0.244140625 0.79345703125 -3.35693359375 1662483
0.244140625 0.79345703125 -3.35693359375 1662484
0.244140625 0.79345703125 -3.35693359375 1662484
0.244140625 0.79345703125 -3.35693359375 1662589
-4.638671875 1.52587890625 -5.2490234375 1662590
-4.638671875 1.52587890625 -5.2490234375 1662590
-4.638671875 1.52587890625 -5.2490234375 1662590
-4.638671875 1.52587890625 -5.2490234375 1662591
-4.638671875 1.52587890625 -5.2490234375 1662689
-8.4228515625 0.732421875 -7.01904296875 1662689
-8.4228515625 0.732421875 -7.01904296875 1662791
-7.26318359375 2.25830078125 -8.4228515625 1662792
-7.26318359375 2.25830078125 -8.4228515625 1662792
-7.26318359375 2.25830078125 -8.4228515625 1662793
-7.26318359375 2.25830078125 -8.4228515625 1662793
-6.34765625 -0.42724609375 -11.5966796875 1662869
-6.34765625 -0.42724609375 -11.5966796875 1662981
0.67138671875 -3.2958984375 -14.7705078125 1662981
0.67138671875 -3.2958984375 -14.7705078125 1662981
0.67138671875 -3.2958984375 -14.7705078125 1662982
0.67138671875 -3.2958984375 -14.7705078125 1662982
0.67138671875 -3.2958984375 -14.7705078125 1663083
0.79345703125 -5.126953125 -17.822265625 1663083
0.79345703125 -5.126953125 -17.822265625 1663084
0.79345703125 -5.126953125 -17.822265625 1663084
0.79345703125 -5.126953125 -17.822265625 1663085
-1.953125 -3.35693359375 -13.7939453125 1663185
-1.953125 -3.35693359375 -13.7939453125 1663186
-1.953125 -3.35693359375 -13.7939453125 1663186
-1.953125 -3.35693359375 -13.7939453125 1663187
-1.953125 -3.35693359375 -13.7939453125 1663289
1.46484375 0.3662109375 -6.4697265625 1663289
1.46484375 0.3662109375 -6.4697265625 1663289
1.46484375 0.3662109375 -6.4697265625 1663290
1.46484375 0.3662109375 -6.4697265625 1663290
1.46484375 0.3662109375 -6.4697265625 1663391
-1.953125 -3.60107421875 -6.7138671875 1663392
-1.953125 -3.60107421875 -6.7138671875 1663392
-1.953125 -3.60107421875 -6.7138671875 1663392
-1.953125 -3.60107421875 -6.7138671875 1663393
0.6103515625 -1.89208984375 -4.94384765625 1663469
0.6103515625 -1.89208984375 -4.94384765625 1663579
1.220703125 -0.48828125 -3.84521484375 1663579
1.220703125 -0.48828125 -3.84521484375 1663579
1.220703125 -0.48828125 -3.84521484375 1663580
1.220703125 -0.48828125 -3.84521484375 1663580
1.220703125 -0.48828125 -3.84521484375 1663681
3.23486328125 1.64794921875 -3.23486328125 1663682
3.23486328125 1.64794921875 -3.23486328125 1663682
3.23486328125 1.64794921875 -3.23486328125 1663682
3.23486328125 1.64794921875 -3.23486328125 1663683
3.23486328125 1.64794921875 -3.23486328125 1663792
0.30517578125 -0.3662109375 -0.48828125 1663793
0.30517578125 -0.3662109375 -0.48828125 1663793
0.30517578125 -0.3662109375 -0.48828125 1663794
0.30517578125 -0.3662109375 -0.48828125 1663794
1.03759765625 -0.8544921875 -0.6103515625 1663879
1.03759765625 -0.8544921875 -0.6103515625 1663981
1.89208984375 0.30517578125 -1.89208984375 1663981
1.89208984375 0.30517578125 -1.89208984375 1663982
1.89208984375 0.30517578125 -1.89208984375 1663982
1.89208984375 0.30517578125 -1.89208984375 1663983
1.89208984375 0.30517578125 -1.89208984375 1664084
-0.1220703125 0.06103515625 -2.685546875 1664085
-0.1220703125 0.06103515625 -2.685546875 1664085
-0.1220703125 0.06103515625 -2.685546875 1664086
-0.1220703125 0.06103515625 -2.685546875 1664086
-0.1220703125 0.06103515625 -2.685546875 1664186
2.0751953125 1.03759765625 -3.11279296875 1664186
2.0751953125 1.03759765625 -3.11279296875 1664186
2.0751953125 1.03759765625 -3.11279296875 1664187
2.0751953125 1.03759765625 -3.11279296875 1664187
2.0751953125 1.03759765625 -3.11279296875 1664289
0 1.03759765625 -2.5634765625 1664289
0 1.03759765625 -2.5634765625 1664290
0 1.03759765625 -2.5634765625 1664290
0 1.03759765625 -2.5634765625 1664290
-0.1220703125 2.01416015625 -3.60107421875 1664368
-0.1220703125 2.01416015625 -3.60107421875 1664479
1.28173828125 0.79345703125 -1.8310546875 1664479
1.28173828125 0.79345703125 -1.8310546875 1664480
1.28173828125 0.79345703125 -1.8310546875 1664480
1.28173828125 0.79345703125 -1.8310546875 1664480
1.28173828125 0.79345703125 -1.8310546875 1664582
1.8310546875 0.6103515625 -0.9765625 1664582
1.8310546875 0.6103515625 -0.9765625 1664583
1.8310546875 0.6103515625 -0.9765625 1664583
1.8310546875 0.6103515625 -0.9765625 1664583
1.8310546875 0.6103515625 -0.9765625 1664684
0.30517578125 0.91552734375 -0.79345703125 1664690
0.30517578125 0.91552734375 -0.79345703125 1664690
0.30517578125 0.91552734375 -0.79345703125 1664691
0.30517578125 0.91552734375 -0.79345703125 1664691
0.30517578125 0.91552734375 -0.79345703125 1664786
0.42724609375 0.18310546875 -0.244140625 1664786
0.42724609375 0.18310546875 -0.244140625 1664889
1.5869140625 1.52587890625 -1.0986328125 1664889
1.5869140625 1.52587890625 -1.0986328125 1664889
1.5869140625 1.52587890625 -1.0986328125 1664890
1.5869140625 1.52587890625 -1.0986328125 1664890
0.18310546875 1.40380859375 -3.11279296875 1664967
0.18310546875 1.40380859375 -3.11279296875 1665079
1.64794921875 0.67138671875 -1.0986328125 1665079
1.64794921875 0.67138671875 -1.0986328125 1665079
1.64794921875 0.67138671875 -1.0986328125 1665080
1.64794921875 0.67138671875 -1.0986328125 1665080
1.64794921875 0.67138671875 -1.0986328125 1665184
0.18310546875 1.46484375 -1.64794921875 1665184
0.18310546875 1.46484375 -1.64794921875 1665184
0.18310546875 1.46484375 -1.64794921875 1665185
0.18310546875 1.46484375 -1.64794921875 1665185
0.18310546875 1.46484375 -1.64794921875 1665287
-0.9765625 0.91552734375 -1.708984375 1665287
-0.9765625 0.91552734375 -1.708984375 1665287
-0.9765625 0.91552734375 -1.708984375 1665288
-0.9765625 0.91552734375 -1.708984375 1665288
-0.9765625 0.91552734375 -1.708984375 1665389
2.3193359375 0.732421875 -0.67138671875 1665389
2.3193359375 0.732421875 -0.67138671875 1665390
2.3193359375 0.732421875 -0.67138671875 1665390
2.3193359375 0.732421875 -0.67138671875 1665391
0.732421875 0.30517578125 -2.25830078125 1665468
0.732421875 0.30517578125 -2.25830078125 1665579
0.18310546875 1.220703125 -2.01416015625 1665579
0.18310546875 1.220703125 -2.01416015625 1665580
0.18310546875 1.220703125 -2.01416015625 1665580
0.18310546875 1.220703125 -2.01416015625 1665580
0.18310546875 1.220703125 -2.01416015625 1665682
-1.15966796875 1.3427734375 -1.8310546875 1665682
-1.15966796875 1.3427734375 -1.8310546875 1665683
-1.15966796875 1.3427734375 -1.8310546875 1665683
-1.15966796875 1.3427734375 -1.8310546875 1665683
-1.15966796875 1.3427734375 -1.8310546875 1665788
2.50244140625 2.8076171875 -3.0517578125 1665788
2.50244140625 2.8076171875 -3.0517578125 1665789
2.50244140625 2.8076171875 -3.0517578125 1665789
2.50244140625 2.8076171875 -3.0517578125 1665790
2.50244140625 2.8076171875 -3.0517578125 1665891
0.732421875 0.244140625 -3.7841796875 1665891
0.732421875 0.244140625 -3.7841796875 1665892
0.732421875 0.244140625 -3.7841796875 1665892
0.732421875 0.244140625 -3.7841796875 1665892
-0.30517578125 1.64794921875 -2.25830078125 1665969
-0.30517578125 1.64794921875 -2.25830078125 1666096
2.0751953125 1.8310546875 -2.44140625 1666096
2.0751953125 1.8310546875 -2.44140625 1666097
2.0751953125 1.8310546875 -2.44140625 1666097
2.0751953125 1.8310546875 -2.44140625 1666097
1.52587890625 1.03759765625 -3.47900390625 1666183
1.52587890625 1.03759765625 -3.47900390625 1666285
0.6103515625 0.42724609375 -2.3193359375 1666285
0.6103515625 0.42724609375 -2.3193359375 1666286
0.6103515625 0.42724609375 -2.3193359375 1666286
0.6103515625 0.42724609375 -2.3193359375 1666286
0.6103515625 0.42724609375 -2.3193359375 1666388
0.18310546875 1.64794921875 -2.38037109375 1666388
0.18310546875 1.64794921875 -2.38037109375 1666389
0.18310546875 1.64794921875 -2.38037109375 1666389
0.18310546875 1.64794921875 -2.38037109375 1666389
0.8544921875 1.89208984375 -3.0517578125 1666466
0.8544921875 1.89208984375 -3.0517578125 1666577
2.0751953125 0.9765625 -1.15966796875 1666577
2.0751953125 0.9765625 -1.15966796875 1666577
2.0751953125 0.9765625 -1.15966796875 1666578
2.0751953125 0.9765625 -1.15966796875 1666578
2.0751953125 0.9765625 -1.15966796875 1666681
1.64794921875 1.64794921875 -0.67138671875 1666681
1.64794921875 1.64794921875 -0.67138671875 1666681
1.64794921875 1.64794921875 -0.67138671875 1666682
1.64794921875 1.64794921875 -0.67138671875 1666682
1.64794921875 1.64794921875 -0.67138671875 1666783
0.48828125 2.25830078125 -1.708984375 1666783
0.48828125 2.25830078125 -1.708984375 1666784
0.48828125 2.25830078125 -1.708984375 1666784
0.48828125 2.25830078125 -1.708984375 1666784
0.48828125 2.25830078125 -1.708984375 1666885
2.62451171875 2.44140625 -0.06103515625 1666885
2.62451171875 2.44140625 -0.06103515625 1666886
2.62451171875 2.44140625 -0.06103515625 1666886
2.62451171875 2.44140625 -0.06103515625 1666887
2.62451171875 2.44140625 -0.06103515625 1666991
-0.3662109375 2.01416015625 -1.953125 1666992
-0.3662109375 2.01416015625 -1.953125 1666992
-0.3662109375 2.01416015625 -1.953125 1666993
-0.3662109375 2.01416015625 -1.953125 1666993
1.46484375 1.52587890625 -0.3662109375 1667078
1.46484375 1.52587890625 -0.3662109375 1667183
0 1.89208984375 -0.9765625 1667183
0 1.89208984375 -0.9765625 1667184
0 1.89208984375 -0.9765625 1667184
0 1.89208984375 -0.9765625 1667185
0 1.89208984375 -0.9765625 1667285
2.74658203125 1.89208984375 -1.953125 1667285
2.74658203125 1.89208984375 -1.953125 1667285
2.74658203125 1.89208984375 -1.953125 1667286
2.74658203125 1.89208984375 -1.953125 1667286
2.74658203125 1.89208984375 -1.953125 1667388
1.15966796875 0.8544921875 -1.3427734375 1667388
1.15966796875 0.8544921875 -1.3427734375 1667389
1.15966796875 0.8544921875 -1.3427734375 1667389
1.15966796875 0.8544921875 -1.3427734375 1667389
0.30517578125 0.9765625 -2.0751953125 1667470
0.30517578125 0.9765625 -2.0751953125 1667579
1.3427734375 0.6103515625 -1.46484375 1667579
1.3427734375 0.6103515625 -1.46484375 1667579
1.3427734375 0.6103515625 -1.46484375 1667580
1.3427734375 0.6103515625 -1.46484375 1667580
1.3427734375 0.6103515625 -1.46484375 1667682
-0.244140625 2.38037109375 -2.62451171875 1667682
-0.244140625 2.38037109375 -2.62451171875 1667683
-0.244140625 2.38037109375 -2.62451171875 1667683
-0.244140625 2.38037109375 -2.62451171875 1667684
-0.244140625 2.38037109375 -2.62451171875 1667788
1.03759765625 1.708984375 -1.77001953125 1667788
1.03759765625 1.708984375 -1.77001953125 1667789
1.03759765625 1.708984375 -1.77001953125 1667789
1.03759765625 1.708984375 -1.77001953125 1667789
1.40380859375 1.03759765625 -2.86865234375 1667888
1.40380859375 1.03759765625 -2.86865234375 1667969
0.91552734375 0.67138671875 -2.197265625 1667969
0.91552734375 0.67138671875 -2.197265625 1667970
0.91552734375 0.67138671875 -2.197265625 1667970
0.91552734375 0.67138671875 -2.197265625 1667971
0.91552734375 0.67138671875 -2.197265625 1668080
2.0751953125 0.91552734375 -0.9765625 1668080
2.0751953125 0.91552734375 -0.9765625 1668081
2.0751953125 0.91552734375 -0.9765625 1668081
2.0751953125 0.91552734375 -0.9765625 1668081
2.0751953125 0.91552734375 -0.9765625 1668183
2.5634765625 2.9296875 -2.86865234375 1668183
2.5634765625 2.9296875 -2.86865234375 1668183
2.5634765625 2.9296875 -2.86865234375 1668184
2.5634765625 2.9296875 -2.86865234375 1668184
2.5634765625 2.9296875 -2.86865234375 1668286
1.3427734375 1.03759765625 -1.28173828125 1668286
1.3427734375 1.03759765625 -1.28173828125 1668286
1.3427734375 1.03759765625 -1.28173828125 1668287
1.3427734375 1.03759765625 -1.28173828125 1668287
1.3427734375 1.03759765625 -1.28173828125 1668388
1.0986328125 0.42724609375 -1.64794921875 1668388
1.0986328125 0.42724609375 -1.64794921875 1668388
1.0986328125 0.42724609375 -1.64794921875 1668389
1.0986328125 0.42724609375 -1.64794921875 1668389
3.90625 1.5869140625 -1.52587890625 1668466
3.90625 1.5869140625 -1.52587890625 1668578
-0.8544921875 1.953125 -2.25830078125 1668578
-0.8544921875 1.953125 -2.25830078125 1668578
-0.8544921875 1.953125 -2.25830078125 1668579
-0.8544921875 1.953125 -2.25830078125 1668580
-0.8544921875 1.953125 -2.25830078125 1668680
-0.54931640625 0.9765625 -0.6103515625 1668680
-0.54931640625 0.9765625 -0.6103515625 1668681
-0.54931640625 0.9765625 -0.6103515625 1668681
-0.54931640625 0.9765625 -0.6103515625 1668681
-0.54931640625 0.9765625 -0.6103515625 1668783
1.8310546875 1.28173828125 -1.89208984375 1668783
1.8310546875 1.28173828125 -1.89208984375 1668784
1.8310546875 1.28173828125 -1.89208984375 1668784
1.8310546875 1.28173828125 -1.89208984375 1668784
1.8310546875 1.28173828125 -1.89208984375 1668885
0.06103515625 0.48828125 -2.5634765625 1668885
0.06103515625 0.48828125 -2.5634765625 1668885
0.06103515625 0.48828125 -2.5634765625 1668886
0.06103515625 0.48828125 -2.5634765625 1668886
0.06103515625 0.48828125 -2.5634765625 1668989
1.40380859375 1.64794921875 -1.77001953125 1668989
1.40380859375 1.64794921875 -1.77001953125 1668990
1.40380859375 1.64794921875 -1.77001953125 1668990
1.40380859375 1.64794921875 -1.77001953125 1668990
-0.67138671875 1.953125 -2.5634765625 1669066
-0.67138671875 1.953125 -2.5634765625 1669178
-1.77001953125 1.8310546875 -2.9296875 1669178
-1.77001953125 1.8310546875 -2.9296875 1669179
-1.77001953125 1.8310546875 -2.9296875 1669180
-1.77001953125 1.8310546875 -2.9296875 1669180
-1.77001953125 1.8310546875 -2.9296875 1669280
0.48828125 0.6103515625 -2.0751953125 1669280
0.48828125 0.6103515625 -2.0751953125 1669280
0.48828125 0.6103515625 -2.0751953125 1669281
0.48828125 0.6103515625 -2.0751953125 1669281
0.48828125 0.6103515625 -2.0751953125 1669384
-1.40380859375 0.48828125 -2.44140625 1669384
-1.40380859375 0.48828125 -2.44140625 1669385
-1.40380859375 0.48828125 -2.44140625 1669385
-1.40380859375 0.48828125 -2.44140625 1669385
-1.40380859375 0.48828125 -2.44140625 1669486
1.46484375 2.197265625 -1.5869140625 1669486
1.46484375 2.197265625 -1.5869140625 1669486
1.46484375 2.197265625 -1.5869140625 1669487
1.46484375 2.197265625 -1.5869140625 1669487
1.46484375 2.197265625 -1.5869140625 1669589
-1.64794921875 0.30517578125 -2.0751953125 1669589
-1.64794921875 0.30517578125 -2.0751953125 1669589
-1.64794921875 0.30517578125 -2.0751953125 1669590
-1.64794921875 0.30517578125 -2.0751953125 1669590
1.40380859375 -0.1220703125 -0.3662109375 1669666
1.40380859375 -0.1220703125 -0.3662109375 1669778
-0.244140625 0.30517578125 -1.46484375 1669778
-0.244140625 0.30517578125 -1.46484375 1669779
-0.244140625 0.30517578125 -1.46484375 1669779
-0.244140625 0.30517578125 -1.46484375 1669779
-0.244140625 0.30517578125 -1.46484375 1669880
0.244140625 1.15966796875 -1.8310546875 1669880
0.244140625 1.15966796875 -1.8310546875 1669881
0.244140625 1.15966796875 -1.8310546875 1669881
0.244140625 1.15966796875 -1.8310546875 1669881
1.28173828125 1.0986328125 -2.01416015625 1669982
1.28173828125 1.0986328125 -2.01416015625 1669983
1.28173828125 1.0986328125 -2.01416015625 1669983
1.28173828125 1.0986328125 -2.01416015625 1669983
1.28173828125 1.0986328125 -2.01416015625 1670065
0.6103515625 1.3427734375 -3.5400390625 1670066
0.6103515625 1.3427734375 -3.5400390625 1670191
2.5634765625 2.25830078125 -1.28173828125 1670192
2.5634765625 2.25830078125 -1.28173828125 1670194
2.5634765625 2.25830078125 -1.28173828125 1670195
2.5634765625 2.25830078125 -1.28173828125 1670195
0.79345703125 1.3427734375 -1.40380859375 1670277
0.79345703125 1.3427734375 -1.40380859375 1670385
-0.1220703125 1.3427734375 -2.685546875 1670386
-0.1220703125 1.3427734375 -2.685546875 1670386
-0.1220703125 1.3427734375 -2.685546875 1670387
-0.1220703125 1.3427734375 -2.685546875 1670387
1.52587890625 0.48828125 -1.3427734375 1670482
1.52587890625 0.48828125 -1.3427734375 1670585
0.79345703125 0 -3.41796875 1670586
0.79345703125 0 -3.41796875 1670586
0.79345703125 0 -3.41796875 1670586
0.79345703125 0 -3.41796875 1670587
0.79345703125 0 -3.41796875 1670687
-0.91552734375 0.8544921875 -3.0517578125 1670688
-0.91552734375 0.8544921875 -3.0517578125 1670688
-0.91552734375 0.8544921875 -3.0517578125 1670688
-0.91552734375 0.8544921875 -3.0517578125 1670689
-1.28173828125 0.8544921875 -7.4462890625 1670765
-1.28173828125 0.8544921875 -7.4462890625 1670877
-1.0986328125 1.5869140625 -10.43701171875 1670877
-1.0986328125 1.5869140625 -10.43701171875 1670878
-1.0986328125 1.5869140625 -10.43701171875 1670878
-1.0986328125 1.5869140625 -10.43701171875 1670879
-1.0986328125 1.5869140625 -10.43701171875 1670979
2.13623046875 1.46484375 -18.73779296875 1670979
2.13623046875 1.46484375 -18.73779296875 1670979
2.13623046875 1.46484375 -18.73779296875 1670980
2.13623046875 1.46484375 -18.73779296875 1670980
2.13623046875 1.46484375 -18.73779296875 1671082
8.23974609375 10.009765625 -26.611328125 1671082
8.23974609375 10.009765625 -26.611328125 1671083
8.23974609375 10.009765625 -26.611328125 1671083
8.23974609375 10.009765625 -26.611328125 1671083
25.45166015625 22.64404296875 -29.11376953125 1671180
25.45166015625 22.64404296875 -29.11376953125 1671282
55.96923828125 56.884765625 -41.80908203125 1671283
55.96923828125 56.884765625 -41.80908203125 1671283
55.96923828125 56.884765625 -41.80908203125 1671283
55.96923828125 56.884765625 -41.80908203125 1671284
55.96923828125 56.884765625 -41.80908203125 1671385
69.091796875 82.763671875 -51.94091796875 1671385
69.091796875 82.763671875 -51.94091796875 1671386
69.091796875 82.763671875 -51.94091796875 1671386
69.091796875 82.763671875 -51.94091796875 1671386
48.828125 93.44482421875 -41.44287109375 1671473
48.828125 93.44482421875 -41.44287109375 1671586
13.0615234375 57.12890625 -17.333984375 1671586
13.0615234375 57.12890625 -17.333984375 1671586
13.0615234375 57.12890625 -17.333984375 1671587
13.0615234375 57.12890625 -17.333984375 1671587
13.0615234375 57.12890625 -17.333984375 1671688
11.3525390625 53.22265625 -20.5078125 1671688
11.3525390625 53.22265625 -20.5078125 1671688
11.3525390625 53.22265625 -20.5078125 1671689
11.3525390625 53.22265625 -20.5078125 1671689
16.7236328125 57.55615234375 -20.5078125 1671765
16.7236328125 57.55615234375 -20.5078125 1671876
17.4560546875 54.26025390625 -19.71435546875 1671876
17.4560546875 54.26025390625 -19.71435546875 1671876
17.4560546875 54.26025390625 -19.71435546875 1671877
17.4560546875 54.26025390625 -19.71435546875 1671877
17.4560546875 54.26025390625 -19.71435546875 1671979
1.0986328125 34.912109375 -15.5029296875 1671979
1.0986328125 34.912109375 -15.5029296875 1671980
1.0986328125 34.912109375 -15.5029296875 1671980
1.0986328125 34.912109375 -15.5029296875 1671981
1.0986328125 34.912109375 -15.5029296875 1672083
2.5634765625 12.20703125 -2.62451171875 1672083
2.5634765625 12.20703125 -2.62451171875 1672083
2.5634765625 12.20703125 -2.62451171875 1672084
2.5634765625 12.20703125 -2.62451171875 1672084
2.5634765625 12.20703125 -2.62451171875 1672185
7.99560546875 6.4697265625 -1.77001953125 1672185
7.99560546875 6.4697265625 -1.77001953125 1672186
7.99560546875 6.4697265625 -1.77001953125 1672186
7.99560546875 6.4697265625 -1.77001953125 1672186
7.99560546875 6.4697265625 -1.77001953125 1672290
5.126953125 8.30078125 -3.41796875 1672290
5.126953125 8.30078125 -3.41796875 1672291
5.126953125 8.30078125 -3.41796875 1672291
5.126953125 8.30078125 -3.41796875 1672291
1.0986328125 5.4931640625 -2.44140625 1672370
1.0986328125 5.4931640625 -2.44140625 1672477
-2.0751953125 -4.7607421875 -1.220703125 1672478
-2.0751953125 -4.7607421875 -1.220703125 1672478
-2.0751953125 -4.7607421875 -1.220703125 1672478
-2.0751953125 -4.7607421875 -1.220703125 1672479
-2.0751953125 -4.7607421875 -1.220703125 1672579
-4.2724609375 -3.2958984375 -0.30517578125 1672579
-4.2724609375 -3.2958984375 -0.30517578125 1672580
-4.2724609375 -3.2958984375 -0.30517578125 1672580
-4.2724609375 -3.2958984375 -0.30517578125 1672580
-4.2724609375 -3.2958984375 -0.30517578125 1672681
-9.46044921875 -14.2822265625 2.8076171875 1672681
-9.46044921875 -14.2822265625 2.8076171875 1672682
-9.46044921875 -14.2822265625 2.8076171875 1672682
-9.46044921875 -14.2822265625 2.8076171875 1672682
-9.46044921875 -14.2822265625 2.8076171875 1672785
-15.869140625 -19.4091796875 6.16455078125 1672785
-15.869140625 -19.4091796875 6.16455078125 1672786
-15.869140625 -19.4091796875 6.16455078125 1672786
-15.869140625 -19.4091796875 6.16455078125 1672787
-15.869140625 -19.4091796875 6.16455078125 1672887
-16.17431640625 -35.400390625 8.48388671875 1672888
-16.17431640625 -35.400390625 8.48388671875 1672888
-16.17431640625 -35.400390625 8.48388671875 1672888
-16.17431640625 -35.400390625 8.48388671875 1672888
-21.8505859375 -41.93115234375 11.04736328125 1672965
-21.8505859375 -41.93115234375 11.04736328125 1673076
-22.52197265625 -47.9736328125 9.033203125 1673077
-22.52197265625 -47.9736328125 9.033203125 1673077
-22.52197265625 -47.9736328125 9.033203125 1673078
-22.52197265625 -47.9736328125 9.033203125 1673078
-22.52197265625 -47.9736328125 9.033203125 1673178
-27.587890625 -54.19921875 9.33837890625 1673179
-27.587890625 -54.19921875 9.33837890625 1673179
-27.587890625 -54.19921875 9.33837890625 1673180
-27.587890625 -54.19921875 9.33837890625 1673180
-21.97265625 -47.30224609375 8.544921875 1673281
-21.97265625 -47.30224609375 8.544921875 1673281
-21.97265625 -47.30224609375 8.544921875 1673282
-21.97265625 -47.30224609375 8.544921875 1673282
-21.97265625 -47.30224609375 8.544921875 1673395
-19.775390625 -33.87451171875 7.38525390625 1673396
-19.775390625 -33.87451171875 7.38525390625 1673396
-19.775390625 -33.87451171875 7.38525390625 1673396
-19.775390625 -33.87451171875 7.38525390625 1673397
-22.76611328125 -35.5224609375 10.55908203125 1673481
-22.76611328125 -35.5224609375 10.55908203125 1673585
-27.40478515625 -24.90234375 15.07568359375 1673585
-27.40478515625 -24.90234375 15.07568359375 1673586
-27.40478515625 -24.90234375 15.07568359375 1673586
-27.40478515625 -24.90234375 15.07568359375 1673588
-10.25390625 12.87841796875 12.8173828125 1673664
-10.25390625 12.87841796875 12.8173828125 1673775
-6.4697265625 23.49853515625 16.54052734375 1673775
-6.4697265625 23.49853515625 16.54052734375 1673776
-6.4697265625 23.49853515625 16.54052734375 1673776
-6.4697265625 23.49853515625 16.54052734375 1673776
-6.4697265625 23.49853515625 16.54052734375 1673878
-7.080078125 28.076171875 19.04296875 1673878
-7.080078125 28.076171875 19.04296875 1673879
-7.080078125 28.076171875 19.04296875 1673879
-7.080078125 28.076171875 19.04296875 1673880
-7.080078125 28.076171875 19.04296875 1673980
5.92041015625 37.4755859375 25.69580078125 1673981
5.92041015625 37.4755859375 25.69580078125 1673981
5.92041015625 37.4755859375 25.69580078125 1673982
5.92041015625 37.4755859375 25.69580078125 1673982
5.92041015625 37.4755859375 25.69580078125 1674082
13.73291015625 27.52685546875 27.28271484375 1674083
13.73291015625 27.52685546875 27.28271484375 1674083
13.73291015625 27.52685546875 27.28271484375 1674084
13.73291015625 27.52685546875 27.28271484375 1674084
13.73291015625 27.52685546875 27.28271484375 1674185
48.15673828125 37.7197265625 29.052734375 1674185
48.15673828125 37.7197265625 29.052734375 1674185
48.15673828125 37.7197265625 29.052734375 1674186
48.15673828125 37.7197265625 29.052734375 1674186
30.09033203125 13.7939453125 12.39013671875 1674263
30.09033203125 13.7939453125 12.39013671875 1674375
-1.3427734375 -25.5126953125 30.029296875 1674375
-1.3427734375 -25.5126953125 30.029296875 1674376
-1.3427734375 -25.5126953125 30.029296875 1674376
-1.3427734375 -25.5126953125 30.029296875 1674377
-1.3427734375 -25.5126953125 30.029296875 1674478
-40.8935546875 -44.43359375 7.75146484375 1674478
-40.8935546875 -44.43359375 7.75146484375 1674479
-40.8935546875 -44.43359375 7.75146484375 1674479
-40.8935546875 -44.43359375 7.75146484375 1674479
-40.8935546875 -44.43359375 7.75146484375 1674582
-26.30615234375 -59.814453125 23.0712890625 1674583
-26.30615234375 -59.814453125 23.0712890625 1674583
-26.30615234375 -59.814453125 23.0712890625 1674584
-26.30615234375 -59.814453125 23.0712890625 1674584
-26.30615234375 -59.814453125 23.0712890625 1674685
-41.748046875 -46.2646484375 8.85009765625 1674685
-41.748046875 -46.2646484375 8.85009765625 1674685
-41.748046875 -46.2646484375 8.85009765625 1674686
-41.748046875 -46.2646484375 8.85009765625 1674686
-36.92626953125 -29.1748046875 5.31005859375 1674766
-36.92626953125 -29.1748046875 5.31005859375 1674879
-14.2822265625 -15.68603515625 7.080078125 1674879
-14.2822265625 -15.68603515625 7.080078125 1674880
-14.2822265625 -15.68603515625 7.080078125 1674880
-14.2822265625 -15.68603515625 7.080078125 1674880
-14.2822265625 -15.68603515625 7.080078125 1674981
-11.77978515625 -12.14599609375 2.99072265625 1674981
-11.77978515625 -12.14599609375 2.99072265625 1674982
-11.77978515625 -12.14599609375 2.99072265625 1674982
-11.77978515625 -12.14599609375 2.99072265625 1674982
-11.77978515625 -12.14599609375 2.99072265625 1675084
-16.41845703125 -6.04248046875 -1.46484375 1675084
-16.41845703125 -6.04248046875 -1.46484375 1675084
-16.41845703125 -6.04248046875 -1.46484375 1675085
-16.41845703125 -6.04248046875 -1.46484375 1675085
-16.41845703125 -6.04248046875 -1.46484375 1675187
-12.87841796875 -7.8125 -2.50244140625 1675187
-12.87841796875 -7.8125 -2.50244140625 1675188
-12.87841796875 -7.8125 -2.50244140625 1675188
-12.87841796875 -7.8125 -2.50244140625 1675189
-8.85009765625 -2.38037109375 -2.3193359375 1675264
-8.85009765625 -2.38037109375 -2.3193359375 1675377
-5.9814453125 -2.50244140625 -3.2958984375 1675377
-5.9814453125 -2.50244140625 -3.2958984375 1675378
-5.9814453125 -2.50244140625 -3.2958984375 1675378
-5.9814453125 -2.50244140625 -3.2958984375 1675378
-5.9814453125 -2.50244140625 -3.2958984375 1675479
-8.85009765625 -1.28173828125 -5.31005859375 1675479
-8.85009765625 -1.28173828125 -5.31005859375 1675480
-8.85009765625 -1.28173828125 -5.31005859375 1675480
-8.85009765625 -1.28173828125 -5.31005859375 1675480
-8.85009765625 -1.28173828125 -5.31005859375 1675581
-7.26318359375 -4.08935546875 -7.62939453125 1675581
-7.26318359375 -4.08935546875 -7.62939453125 1675582
-7.26318359375 -4.08935546875 -7.62939453125 1675582
-7.26318359375 -4.08935546875 -7.62939453125 1675582
-7.26318359375 -4.08935546875 -7.62939453125 1675683
-0.9765625 -1.15966796875 -12.87841796875 1675683
-0.9765625 -1.15966796875 -12.87841796875 1675683
-0.9765625 -1.15966796875 -12.87841796875 1675684
-0.9765625 -1.15966796875 -12.87841796875 1675684
-0.9765625 -1.15966796875 -12.87841796875 1675787
-1.03759765625 -1.3427734375 -14.16015625 1675787
-1.03759765625 -1.3427734375 -14.16015625 1675787
-1.03759765625 -1.3427734375 -14.16015625 1675787
-1.03759765625 -1.3427734375 -14.16015625 1675788
-1.953125 -2.9296875 -14.892578125 1675863
-1.953125 -2.9296875 -14.892578125 1675974
-1.953125 -4.21142578125 -13.85498046875 1675975
-1.953125 -4.21142578125 -13.85498046875 1675975
-1.953125 -4.21142578125 -13.85498046875 1675976
-1.953125 -4.21142578125 -13.85498046875 1675976
-1.953125 -4.21142578125 -13.85498046875 1676076
0.6103515625 0.48828125 -12.3291015625 1676076
0.6103515625 0.48828125 -12.3291015625 1676077
0.6103515625 0.48828125 -12.3291015625 1676077
0.6103515625 0.48828125 -12.3291015625 1676078
4.7607421875 -2.13623046875 -9.033203125 1676175
4.7607421875 -2.13623046875 -9.033203125 1676277
-0.1220703125 0.54931640625 -5.9814453125 1676278
-0.1220703125 0.54931640625 -5.9814453125 1676278
-0.1220703125 0.54931640625 -5.9814453125 1676278
-0.1220703125 0.54931640625 -5.9814453125 1676279
0.18310546875 -0.3662109375 -2.01416015625 1676380
0.18310546875 -0.3662109375 -2.01416015625 1676380
0.18310546875 -0.3662109375 -2.01416015625 1676381
0.18310546875 -0.3662109375 -2.01416015625 1676381
0.18310546875 -0.3662109375 -2.01416015625 1676484
3.662109375 0.6103515625 -1.40380859375 1676484
3.662109375 0.6103515625 -1.40380859375 1676485
3.662109375 0.6103515625 -1.40380859375 1676485
3.662109375 0.6103515625 -1.40380859375 1676485
2.38037109375 0.732421875 -2.197265625 1676562
2.38037109375 0.732421875 -2.197265625 1676675
1.15966796875 0.732421875 -0.91552734375 1676675
1.15966796875 0.732421875 -0.91552734375 1676676
1.15966796875 0.732421875 -0.91552734375 1676676
1.15966796875 0.732421875 -0.91552734375 1676676
1.15966796875 0.732421875 -0.91552734375 1676777
3.23486328125 1.3427734375 -0.1220703125 1676778
3.23486328125 1.3427734375 -0.1220703125 1676778
3.23486328125 1.3427734375 -0.1220703125 1676778
3.23486328125 1.3427734375 -0.1220703125 1676779
0.06103515625 0.244140625 -1.15966796875 1676884
0.06103515625 0.244140625 -1.15966796875 1676885
0.06103515625 0.244140625 -1.15966796875 1676885
0.06103515625 0.244140625 -1.15966796875 1676886
0.06103515625 0.244140625 -1.15966796875 1676984
1.8310546875 0.8544921875 -0.732421875 1676984
0.91552734375 1.28173828125 -2.01416015625 1677062
0.91552734375 1.28173828125 -2.01416015625 1677063
0.91552734375 1.28173828125 -2.01416015625 1677063
0.91552734375 1.28173828125 -2.01416015625 1677063
0.91552734375 1.28173828125 -2.01416015625 1677174
-0.9765625 1.15966796875 -1.3427734375 1677174
-0.9765625 1.15966796875 -1.3427734375 1677174
-0.9765625 1.15966796875 -1.3427734375 1677175
-0.9765625 1.15966796875 -1.3427734375 1677175
-0.9765625 1.15966796875 -1.3427734375 1677277
1.40380859375 0.8544921875 -1.52587890625 1677277
1.40380859375 0.8544921875 -1.52587890625 1677277
1.40380859375 0.8544921875 -1.52587890625 1677278
1.40380859375 0.8544921875 -1.52587890625 1677278
1.40380859375 0.8544921875 -1.52587890625 1677380
-0.1220703125 1.28173828125 -2.5634765625 1677380
-0.1220703125 1.28173828125 -2.5634765625 1677380
-0.1220703125 1.28173828125 -2.5634765625 1677384
-0.1220703125 1.28173828125 -2.5634765625 1677385
-0.1220703125 1.28173828125 -2.5634765625 1677482
-0.6103515625 0.54931640625 -1.8310546875 1677482
-0.6103515625 0.54931640625 -1.8310546875 1677483
-0.6103515625 0.54931640625 -1.8310546875 1677483
-0.6103515625 0.54931640625 -1.8310546875 1677589
1.77001953125 1.15966796875 -1.89208984375 1677590
1.77001953125 1.15966796875 -1.89208984375 1677590
1.77001953125 1.15966796875 -1.89208984375 1677590
1.77001953125 1.15966796875 -1.89208984375 1677591
0.06103515625 1.15966796875 -3.173828125 1677663
0.06103515625 1.15966796875 -3.173828125 1677800
0.18310546875 0.18310546875 -1.40380859375 1677800
0.18310546875 0.18310546875 -1.40380859375 1677801
0.18310546875 0.18310546875 -1.40380859375 1677801
0.18310546875 0.18310546875 -1.40380859375 1677801
0.3662109375 0.30517578125 -1.89208984375 1677878
0.3662109375 0.30517578125 -1.89208984375 1677984
0.79345703125 1.0986328125 -2.685546875 1677985
0.79345703125 1.0986328125 -2.685546875 1677986
0.79345703125 1.0986328125 -2.685546875 1677986
0.79345703125 1.0986328125 -2.685546875 1677986
1.3427734375 0.8544921875 -3.35693359375 1678064
1.3427734375 0.8544921875 -3.35693359375 1678177
1.46484375 1.64794921875 -2.197265625 1678177
1.46484375 1.64794921875 -2.197265625 1678178
1.46484375 1.64794921875 -2.197265625 1678178
1.46484375 1.64794921875 -2.197265625 1678178
1.46484375 1.64794921875 -2.197265625 1678279
0.54931640625 0.9765625 -2.74658203125 1678279
0.54931640625 0.9765625 -2.74658203125 1678279
0.54931640625 0.9765625 -2.74658203125 1678280
0.54931640625 0.9765625 -2.74658203125 1678280
0.54931640625 0.9765625 -2.74658203125 1678381
1.953125 1.0986328125 -2.25830078125 1678381
1.953125 1.0986328125 -2.25830078125 1678382
1.953125 1.0986328125 -2.25830078125 1678382
1.953125 1.0986328125 -2.25830078125 1678382
1.953125 1.0986328125 -2.25830078125 1678484
0.91552734375 1.708984375 -3.173828125 1678484
0.91552734375 1.708984375 -3.173828125 1678484
0.91552734375 1.708984375 -3.173828125 1678485
0.91552734375 1.708984375 -3.173828125 1678485
1.708984375 0.67138671875 -2.8076171875 1678563
1.708984375 0.67138671875 -2.8076171875 1678698
3.2958984375 0.3662109375 -1.64794921875 1678698
3.2958984375 0.3662109375 -1.64794921875 1678699
3.2958984375 0.3662109375 -1.64794921875 1678699
3.2958984375 0.3662109375 -1.64794921875 1678699
-1.953125 0.54931640625 -1.28173828125 1678777
-1.953125 0.54931640625 -1.28173828125 1678879
-1.3427734375 1.220703125 -2.5634765625 1678879
-1.3427734375 1.220703125 -2.5634765625 1678880
-1.3427734375 1.220703125 -2.5634765625 1678880
-1.3427734375 1.220703125 -2.5634765625 1678881
-1.3427734375 1.220703125 -2.5634765625 1678982
2.197265625 0.54931640625 -4.0283203125 1678982
2.197265625 0.54931640625 -4.0283203125 1678983
2.197265625 0.54931640625 -4.0283203125 1678983
2.197265625 0.54931640625 -4.0283203125 1678983
2.197265625 0.54931640625 -4.0283203125 1679085
1.52587890625 1.28173828125 -3.84521484375 1679085
1.52587890625 1.28173828125 -3.84521484375 1679085
1.52587890625 1.28173828125 -3.84521484375 1679086
1.52587890625 1.28173828125 -3.84521484375 1679086
1.15966796875 2.3193359375 -2.9296875 1679162
1.15966796875 2.3193359375 -2.9296875 1679273
1.40380859375 0.91552734375 -0.1220703125 1679273
1.40380859375 0.91552734375 -0.1220703125 1679274
1.40380859375 0.91552734375 -0.1220703125 1679274
1.40380859375 0.91552734375 -0.1220703125 1679275
1.40380859375 0.91552734375 -0.1220703125 1679375
2.3193359375 1.89208984375 -0.79345703125 1679375
2.3193359375 1.89208984375 -0.79345703125 1679375
2.3193359375 1.89208984375 -0.79345703125 1679376
2.3193359375 1.89208984375 -0.79345703125 1679376
0.06103515625 0.8544921875 -0.79345703125 1679479
0.06103515625 0.8544921875 -0.79345703125 1679479
0.06103515625 0.8544921875 -0.79345703125 1679480
0.06103515625 0.8544921875 -0.79345703125 1679480
0.06103515625 0.8544921875 -0.79345703125 1679583
-0.3662109375 1.708984375 -1.3427734375 1679583
-0.3662109375 1.708984375 -1.3427734375 1679584
-0.3662109375 1.708984375 -1.3427734375 1679584
-0.3662109375 1.708984375 -1.3427734375 1679584
0.54931640625 0.732421875 -1.953125 1679661
0.54931640625 0.732421875 -1.953125 1679789
0.732421875 0.1220703125 -1.0986328125 1679789
0.732421875 0.1220703125 -1.0986328125 1679790
0.732421875 0.1220703125 -1.0986328125 1679790
0.732421875 0.1220703125 -1.0986328125 1679790
-0.54931640625 1.15966796875 -1.52587890625 1679877
-0.54931640625 1.15966796875 -1.52587890625 1679980
2.01416015625 1.3427734375 -0.244140625 1679981
2.01416015625 1.3427734375 -0.244140625 1679981
2.01416015625 1.3427734375 -0.244140625 1679982
2.01416015625 1.3427734375 -0.244140625 1679982
2.01416015625 1.3427734375 -0.244140625 1680082
1.52587890625 1.03759765625 -1.8310546875 1680082
1.52587890625 1.03759765625 -1.8310546875 1680083
1.52587890625 1.03759765625 -1.8310546875 1680084
1.52587890625 1.03759765625 -1.8310546875 1680084
1.64794921875 2.38037109375 -0.9765625 1680161
1.64794921875 2.38037109375 -0.9765625 1680273
1.46484375 1.708984375 -1.0986328125 1680273
1.46484375 1.708984375 -1.0986328125 1680273
1.46484375 1.708984375 -1.0986328125 1680275
1.46484375 1.708984375 -1.0986328125 1680276
1.46484375 1.708984375 -1.0986328125 1680377
2.62451171875 2.13623046875 -1.708984375 1680377
2.62451171875 2.13623046875 -1.708984375 1680378
2.62451171875 2.13623046875 -1.708984375 1680378
2.62451171875 2.13623046875 -1.708984375 1680378
2.62451171875 2.13623046875 -1.708984375 1680534
1.953125 1.64794921875 -2.13623046875 1680535
1.953125 1.64794921875 -2.13623046875 1680535
1.953125 1.64794921875 -2.13623046875 1680535
1.953125 1.64794921875 -2.13623046875 1680637
1.953125 1.64794921875 -2.13623046875 1680648
1.89208984375 3.11279296875 -1.52587890625 1680648
1.89208984375 3.11279296875 -1.52587890625 1680648
1.89208984375 3.11279296875 -1.52587890625 1680649
1.89208984375 3.11279296875 -1.52587890625 1680649
1.3427734375 1.3427734375 -1.5869140625 1680671
1.3427734375 1.3427734375 -1.5869140625 1680773
2.62451171875 2.13623046875 -3.60107421875 1680773
2.62451171875 2.13623046875 -3.60107421875 1680773
2.62451171875 2.13623046875 -3.60107421875 1680774
2.62451171875 2.13623046875 -3.60107421875 1680774
2.62451171875 2.13623046875 -3.60107421875 1680875
1.953125 1.89208984375 -2.99072265625 1680875
1.953125 1.89208984375 -2.99072265625 1680875
1.953125 1.89208984375 -2.99072265625 1680876
1.953125 1.89208984375 -2.99072265625 1680876
1.953125 1.89208984375 -2.99072265625 1680981
0.30517578125 1.52587890625 -1.64794921875 1681002
0.30517578125 1.52587890625 -1.64794921875 1681002
0.30517578125 1.52587890625 -1.64794921875 1681003
0.30517578125 1.52587890625 -1.64794921875 1681003
0.30517578125 1.52587890625 -1.64794921875 1681083
0.3662109375 0.9765625 -2.38037109375 1681083
0.18310546875 1.5869140625 -1.64794921875 1681181
0.18310546875 1.5869140625 -1.64794921875 1681181
0.18310546875 1.5869140625 -1.64794921875 1681182
0.18310546875 1.5869140625 -1.64794921875 1681182
0.18310546875 1.5869140625 -1.64794921875 1681260
2.25830078125 0.67138671875 -1.89208984375 1681261
2.25830078125 0.67138671875 -1.89208984375 1681372
0.42724609375 1.28173828125 -2.44140625 1681372
0.42724609375 1.28173828125 -2.44140625 1681372
0.42724609375 1.28173828125 -2.44140625 1681373
0.42724609375 1.28173828125 -2.44140625 1681373
0.42724609375 1.28173828125 -2.44140625 1681475
0.79345703125 2.3193359375 -0.3662109375 1681475
0.79345703125 2.3193359375 -0.3662109375 1681476
0.79345703125 2.3193359375 -0.3662109375 1681476
0.79345703125 2.3193359375 -0.3662109375 1681477
0.79345703125 2.3193359375 -0.3662109375 1681578
0.244140625 0 -1.03759765625 1681578
0.244140625 0 -1.03759765625 1681579
0.244140625 0 -1.03759765625 1681579
0.244140625 0 -1.03759765625 1681579
0.244140625 0 -1.03759765625 1681680
0.732421875 0.8544921875 -1.220703125 1681680
0.732421875 0.8544921875 -1.220703125 1681681
0.732421875 0.8544921875 -1.220703125 1681681
0.732421875 0.8544921875 -1.220703125 1681682
0.732421875 0.8544921875 -1.220703125 1681784
-0.06103515625 0.8544921875 -1.40380859375 1681784
-0.06103515625 0.8544921875 -1.40380859375 1681784
-0.06103515625 0.8544921875 -1.40380859375 1681785
-0.06103515625 0.8544921875 -1.40380859375 1681785
0.732421875 1.46484375 -2.13623046875 1681861
0.732421875 1.46484375 -2.13623046875 1681973
1.15966796875 2.01416015625 -2.0751953125 1681973
1.15966796875 2.01416015625 -2.0751953125 1681973
1.15966796875 2.01416015625 -2.0751953125 1681974
1.15966796875 2.01416015625 -2.0751953125 1681974
1.15966796875 2.01416015625 -2.0751953125 1682075
-1.46484375 -1.3427734375 -2.197265625 1682075
-1.46484375 -1.3427734375 -2.197265625 1682076
-1.46484375 -1.3427734375 -2.197265625 1682076
-1.46484375 -1.3427734375 -2.197265625 1682076
-1.46484375 -1.3427734375 -2.197265625 1682178
1.46484375 1.03759765625 -1.3427734375 1682178
1.46484375 1.03759765625 -1.3427734375 1682178
1.46484375 1.03759765625 -1.3427734375 1682179
1.46484375 1.03759765625 -1.3427734375 1682179
1.46484375 1.03759765625 -1.3427734375 1682281
-0.9765625 1.77001953125 -2.01416015625 1682281
-0.9765625 1.77001953125 -2.01416015625 1682282
-0.9765625 1.77001953125 -2.01416015625 1682282
-0.9765625 1.77001953125 -2.01416015625 1682282
-0.9765625 1.77001953125 -2.01416015625 1682383
0.3662109375 2.25830078125 -2.86865234375 1682383
0.3662109375 2.25830078125 -2.86865234375 1682383
0.3662109375 2.25830078125 -2.86865234375 1682384
0.3662109375 2.25830078125 -2.86865234375 1682384
-0.54931640625 0.67138671875 -2.25830078125 1682461
-0.54931640625 0.67138671875 -2.25830078125 1682573
0.06103515625 1.5869140625 -0.6103515625 1682573
0.06103515625 1.5869140625 -0.6103515625 1682573
0.06103515625 1.5869140625 -0.6103515625 1682574
0.06103515625 1.5869140625 -0.6103515625 1682574
0.06103515625 1.5869140625 -0.6103515625 1682675
1.0986328125 2.01416015625 -2.44140625 1682675
1.0986328125 2.01416015625 -2.44140625 1682676
1.0986328125 2.01416015625 -2.44140625 1682676
1.0986328125 2.01416015625 -2.44140625 1682677
2.0751953125 0.91552734375 -1.220703125 1682777
2.0751953125 0.91552734375 -1.220703125 1682777
2.0751953125 0.91552734375 -1.220703125 1682777
2.0751953125 0.91552734375 -1.220703125 1682778
2.0751953125 0.91552734375 -1.220703125 1682881
-0.18310546875 0.42724609375 -1.46484375 1682881
-0.18310546875 0.42724609375 -1.46484375 1682881
-0.18310546875 0.42724609375 -1.46484375 1682882
-0.18310546875 0.42724609375 -1.46484375 1682882
1.89208984375 2.197265625 -0.91552734375 1682961
1.89208984375 2.197265625 -0.91552734375 1683072
-0.244140625 0.54931640625 -2.9296875 1683072
-0.244140625 0.54931640625 -2.9296875 1683073
-0.244140625 0.54931640625 -2.9296875 1683073
-0.244140625 0.54931640625 -2.9296875 1683073
-0.244140625 0.54931640625 -2.9296875 1683175
2.197265625 1.64794921875 -2.3193359375 1683175
2.197265625 1.64794921875 -2.3193359375 1683176
2.197265625 1.64794921875 -2.3193359375 1683176
2.197265625 1.64794921875 -2.3193359375 1683176
1.89208984375 1.5869140625 -1.64794921875 1683277
1.89208984375 1.5869140625 -1.64794921875 1683278
1.89208984375 1.5869140625 -1.64794921875 1683278
1.89208984375 1.5869140625 -1.64794921875 1683278
1.89208984375 1.5869140625 -1.64794921875 1683360
-0.3662109375 0.9765625 -1.0986328125 1683360
-0.3662109375 0.9765625 -1.0986328125 1683471
0.3662109375 1.15966796875 -2.62451171875 1683471
0.3662109375 1.15966796875 -2.62451171875 1683472
0.3662109375 1.15966796875 -2.62451171875 1683472
0.3662109375 1.15966796875 -2.62451171875 1683472
0.3662109375 1.15966796875 -2.62451171875 1683573
1.77001953125 1.77001953125 -2.8076171875 1683574
1.77001953125 1.77001953125 -2.8076171875 1683574
1.77001953125 1.77001953125 -2.8076171875 1683574
1.77001953125 1.77001953125 -2.8076171875 1683575
1.77001953125 1.77001953125 -2.8076171875 1683676
0.54931640625 1.28173828125 -2.44140625 1683676
0.54931640625 1.28173828125 -2.44140625 1683676
0.54931640625 1.28173828125 -2.44140625 1683677
0.54931640625 1.28173828125 -2.44140625 1683677
0.54931640625 1.28173828125 -2.44140625 1683778
0.18310546875 1.28173828125 -3.60107421875 1683778
0.18310546875 1.28173828125 -3.60107421875 1683779
0.18310546875 1.28173828125 -3.60107421875 1683779
0.18310546875 1.28173828125 -3.60107421875 1683779
0.18310546875 1.28173828125 -3.60107421875 1683881
-0.54931640625 0.42724609375 -5.06591796875 1683882
-0.54931640625 0.42724609375 -5.06591796875 1683882
-0.54931640625 0.42724609375 -5.06591796875 1683882
-0.54931640625 0.42724609375 -5.06591796875 1683883
2.0751953125 1.708984375 -5.859375 1683961
2.0751953125 1.708984375 -5.859375 1684072
0.6103515625 1.52587890625 -10.1318359375 1684073
0.6103515625 1.52587890625 -10.1318359375 1684073
0.6103515625 1.52587890625 -10.1318359375 1684074
0.6103515625 1.52587890625 -10.1318359375 1684074
0.6103515625 1.52587890625 -10.1318359375 1684175
3.2958984375 1.03759765625 -14.34326171875 1684175
3.2958984375 1.03759765625 -14.34326171875 1684176
3.2958984375 1.03759765625 -14.34326171875 1684176
3.2958984375 1.03759765625 -14.34326171875 1684176
3.2958984375 1.03759765625 -14.34326171875 1684277
10.07080078125 6.89697265625 -26.7333984375 1684277
10.07080078125 6.89697265625 -26.7333984375 1684278
10.07080078125 6.89697265625 -26.7333984375 1684278
10.07080078125 6.89697265625 -26.7333984375 1684278
23.4375 16.9677734375 -33.935546875 1684360
23.4375 16.9677734375 -33.935546875 1684471
58.89892578125 64.5751953125 -48.76708984375 1684471
58.89892578125 64.5751953125 -48.76708984375 1684472
58.89892578125 64.5751953125 -48.76708984375 1684472
58.89892578125 64.5751953125 -48.76708984375 1684473
58.89892578125 64.5751953125 -48.76708984375 1684574
80.01708984375 99.853515625 -60.97412109375 1684574
80.01708984375 99.853515625 -60.97412109375 1684575
80.01708984375 99.853515625 -60.97412109375 1684575
80.01708984375 99.853515625 -60.97412109375 1684575
80.01708984375 99.853515625 -60.97412109375 1684690
30.94482421875 79.65087890625 -37.4755859375 1684691
30.94482421875 79.65087890625 -37.4755859375 1684692
30.94482421875 79.65087890625 -37.4755859375 1684692
30.94482421875 79.65087890625 -37.4755859375 1684692
20.99609375 68.66455078125 -28.564453125 1684779
20.99609375 68.66455078125 -28.564453125 1684881
18.1884765625 91.064453125 -31.43310546875 1684881
18.1884765625 91.064453125 -31.43310546875 1684882
18.1884765625 91.064453125 -31.43310546875 1684882
18.1884765625 91.064453125 -31.43310546875 1684882
29.84619140625 83.06884765625 -28.9306640625 1684961
29.84619140625 83.06884765625 -28.9306640625 1685072
18.37158203125 57.80029296875 -22.4609375 1685072
18.37158203125 57.80029296875 -22.4609375 1685073
18.37158203125 57.80029296875 -22.4609375 1685073
18.37158203125 57.80029296875 -22.4609375 1685073
18.37158203125 57.80029296875 -22.4609375 1685175
-3.11279296875 29.296875 -8.4228515625 1685175
-3.11279296875 29.296875 -8.4228515625 1685175
-3.11279296875 29.296875 -8.4228515625 1685176
-3.11279296875 29.296875 -8.4228515625 1685176
2.5634765625 15.869140625 -4.21142578125 1685274
2.5634765625 15.869140625 -4.21142578125 1685381
10.19287109375 17.15087890625 -0.54931640625 1685381
10.19287109375 17.15087890625 -0.54931640625 1685382
10.19287109375 17.15087890625 -0.54931640625 1685382
10.19287109375 17.15087890625 -0.54931640625 1685382
9.3994140625 10.07080078125 -5.79833984375 1685473
9.3994140625 10.07080078125 -5.79833984375 1685571
-2.8076171875 -1.77001953125 -1.77001953125 1685572
-2.8076171875 -1.77001953125 -1.77001953125 1685572
-2.8076171875 -1.77001953125 -1.77001953125 1685573
-2.8076171875 -1.77001953125 -1.77001953125 1685573
-2.8076171875 -1.77001953125 -1.77001953125 1685672
-9.58251953125 -10.986328125 1.15966796875 1685672
-9.58251953125 -10.986328125 1.15966796875 1685673
-9.58251953125 -10.986328125 1.15966796875 1685673
-9.58251953125 -10.986328125 1.15966796875 1685674
-9.58251953125 -10.986328125 1.15966796875 1685775
-8.7890625 -18.61572265625 3.35693359375 1685775
-8.7890625 -18.61572265625 3.35693359375 1685775
-8.7890625 -18.61572265625 3.35693359375 1685776
-8.7890625 -18.61572265625 3.35693359375 1685776
-8.7890625 -18.61572265625 3.35693359375 1685877
-15.869140625 -35.15625 8.11767578125 1685877
-15.869140625 -35.15625 8.11767578125 1685878
-15.869140625 -35.15625 8.11767578125 1685878
-15.869140625 -35.15625 8.11767578125 1685878
-15.869140625 -35.15625 8.11767578125 1685979
-16.9677734375 -42.66357421875 4.8828125 1685980
-16.9677734375 -42.66357421875 4.8828125 1685980
-16.9677734375 -42.66357421875 4.8828125 1685981
-16.9677734375 -42.66357421875 4.8828125 1685981
-24.169921875 -52.30712890625 9.21630859375 1686059
-24.169921875 -52.30712890625 9.21630859375 1686190
-22.8271484375 -54.74853515625 9.033203125 1686190
-22.8271484375 -54.74853515625 9.033203125 1686191
-22.8271484375 -54.74853515625 9.033203125 1686191
-22.8271484375 -54.74853515625 9.033203125 1686191
-22.8271484375 -54.74853515625 9.033203125 1686303
-27.28271484375 -53.466796875 13.36669921875 1686304
-27.28271484375 -53.466796875 13.36669921875 1686304
-27.28271484375 -53.466796875 13.36669921875 1686305
-27.28271484375 -53.466796875 13.36669921875 1686305
-24.0478515625 -47.9736328125 9.3994140625 1686381
-24.0478515625 -47.9736328125 9.3994140625 1686459
-29.1748046875 -58.04443359375 13.48876953125 1686460
-29.1748046875 -58.04443359375 13.48876953125 1686460
-29.1748046875 -58.04443359375 13.48876953125 1686460
-29.1748046875 -58.04443359375 13.48876953125 1686461
-29.1748046875 -58.04443359375 13.48876953125 1686569
-42.48046875 -44.43359375 15.07568359375 1686570
-42.48046875 -44.43359375 15.07568359375 1686570
-42.48046875 -44.43359375 15.07568359375 1686571
-42.48046875 -44.43359375 15.07568359375 1686571
-42.48046875 -44.43359375 15.07568359375 1686672
-6.53076171875 27.77099609375 5.92041015625 1686672
-6.53076171875 27.77099609375 5.92041015625 1686673
-6.53076171875 27.77099609375 5.92041015625 1686673
-6.53076171875 27.77099609375 5.92041015625 1686674
-6.53076171875 27.77099609375 5.92041015625 1686775
-7.568359375 38.51318359375 32.71484375 1686775
-7.568359375 38.51318359375 32.71484375 1686776
-7.568359375 38.51318359375 32.71484375 1686776
-7.568359375 38.51318359375 32.71484375 1686776
-7.568359375 38.51318359375 32.71484375 1686877
3.2958984375 42.29736328125 27.2216796875 1686877
3.2958984375 42.29736328125 27.2216796875 1686877
3.2958984375 42.29736328125 27.2216796875 1686878
3.2958984375 42.29736328125 27.2216796875 1686878
3.2958984375 42.29736328125 27.2216796875 1686980
35.46142578125 52.42919921875 26.2451171875 1686980
35.46142578125 52.42919921875 26.2451171875 1686981
35.46142578125 52.42919921875 26.2451171875 1686981
35.46142578125 52.42919921875 26.2451171875 1686981
24.35302734375 18.61572265625 23.8037109375 1687058
24.35302734375 18.61572265625 23.8037109375 1687170
28.01513671875 -8.7890625 23.4375 1687170
28.01513671875 -8.7890625 23.4375 1687170
28.01513671875 -8.7890625 23.4375 1687171
28.01513671875 -8.7890625 23.4375 1687171
28.01513671875 -8.7890625 23.4375 1687272
7.32421875 -26.0009765625 38.6962890625 1687272
7.32421875 -26.0009765625 38.6962890625 1687272
7.32421875 -26.0009765625 38.6962890625 1687273
7.32421875 -26.0009765625 38.6962890625 1687273
7.32421875 -26.0009765625 38.6962890625 1687375
-19.95849609375 -35.64453125 20.8740234375 1687375
-19.95849609375 -35.64453125 20.8740234375 1687376
-19.95849609375 -35.64453125 20.8740234375 1687376
-19.95849609375 -35.64453125 20.8740234375 1687377
-19.95849609375 -35.64453125 20.8740234375 1687478
-41.015625 -56.5185546875 18.4326171875 1687478
-41.015625 -56.5185546875 18.4326171875 1687478
-41.015625 -56.5185546875 18.4326171875 1687479
-41.015625 -56.5185546875 18.4326171875 1687479
-49.25537109375 -58.2275390625 18.98193359375 1687559
-49.25537109375 -58.2275390625 18.98193359375 1687670
-35.70556640625 -37.90283203125 18.1884765625 1687670
-35.70556640625 -37.90283203125 18.1884765625 1687671
-35.70556640625 -37.90283203125 18.1884765625 1687671
-35.70556640625 -37.90283203125 18.1884765625 1687671
-35.70556640625 -37.90283203125 18.1884765625 1687774
-16.2353515625 -8.4228515625 -2.3193359375 1687775
-16.2353515625 -8.4228515625 -2.3193359375 1687775
-16.2353515625 -8.4228515625 -2.3193359375 1687776
-16.2353515625 -8.4228515625 -2.3193359375 1687776
-25.57373046875 -11.71875 0.9765625 1687875
-25.57373046875 -11.71875 0.9765625 1687875
-25.57373046875 -11.71875 0.9765625 1687875
-25.57373046875 -11.71875 0.9765625 1687979
-9.1552734375 0.54931640625 -8.23974609375 1687979
-9.1552734375 0.54931640625 -8.23974609375 1687979
-9.1552734375 0.54931640625 -8.23974609375 1687980
-9.1552734375 0.54931640625 -8.23974609375 1687980
-9.1552734375 0.54931640625 -8.23974609375 1688081
-8.72802734375 0.91552734375 -3.2958984375 1688081
-8.72802734375 0.91552734375 -3.2958984375 1688081
-8.72802734375 0.91552734375 -3.2958984375 1688082
-8.72802734375 0.91552734375 -3.2958984375 1688082
-6.40869140625 -0.30517578125 -4.33349609375 1688160
-6.40869140625 -0.30517578125 -4.33349609375 1688270
-3.90625 -1.5869140625 -2.9296875 1688270
-3.90625 -1.5869140625 -2.9296875 1688271
-3.90625 -1.5869140625 -2.9296875 1688271
-3.90625 -1.5869140625 -2.9296875 1688272
-3.90625 -1.5869140625 -2.9296875 1688372
-2.197265625 1.15966796875 -2.74658203125 1688372
-2.197265625 1.15966796875 -2.74658203125 1688372
-2.197265625 1.15966796875 -2.74658203125 1688373
-2.197265625 1.15966796875 -2.74658203125 1688373
-1.953125 3.35693359375 -4.5166015625 1688475
-1.953125 3.35693359375 -4.5166015625 1688475
-1.953125 3.35693359375 -4.5166015625 1688475
-1.953125 3.35693359375 -4.5166015625 1688476
-1.953125 3.35693359375 -4.5166015625 1688579
-1.8310546875 0.79345703125 -3.72314453125 1688579
-1.8310546875 0.79345703125 -3.72314453125 1688579
-1.8310546875 0.79345703125 -3.72314453125 1688580
-1.8310546875 0.79345703125 -3.72314453125 1688580
-2.13623046875 -2.44140625 -2.9296875 1688657
-2.13623046875 -2.44140625 -2.9296875 1688770
2.25830078125 1.40380859375 -2.13623046875 1688770
2.25830078125 1.40380859375 -2.13623046875 1688771
2.25830078125 1.40380859375 -2.13623046875 1688771
2.25830078125 1.40380859375 -2.13623046875 1688771
2.25830078125 1.40380859375 -2.13623046875 1688872
0.18310546875 1.40380859375 -2.99072265625 1688872
0.18310546875 1.40380859375 -2.99072265625 1688873
0.18310546875 1.40380859375 -2.99072265625 1688873
0.18310546875 1.40380859375 -2.99072265625 1688874
0.18310546875 1.40380859375 -2.99072265625 1688974
0.8544921875 1.0986328125 -1.15966796875 1688975
0.8544921875 1.0986328125 -1.15966796875 1688976
0.8544921875 1.0986328125 -1.15966796875 1688976
0.8544921875 1.0986328125 -1.15966796875 1688977
0.8544921875 1.0986328125 -1.15966796875 1689076
2.38037109375 0.9765625 -1.89208984375 1689076
2.38037109375 0.9765625 -1.89208984375 1689077
2.38037109375 0.9765625 -1.89208984375 1689077
2.38037109375 0.9765625 -1.89208984375 1689077
2.38037109375 0.9765625 -1.89208984375 1689179
2.86865234375 0.9765625 -2.3193359375 1689180
2.86865234375 0.9765625 -2.3193359375 1689180
2.86865234375 0.9765625 -2.3193359375 1689181
2.86865234375 0.9765625 -2.3193359375 1689181
-0.1220703125 0.67138671875 -1.0986328125 1689257
-0.1220703125 0.67138671875 -1.0986328125 1689369
-2.685546875 0 -3.5400390625 1689369
-2.685546875 0 -3.5400390625 1689370
-2.685546875 0 -3.5400390625 1689370
-2.685546875 0 -3.5400390625 1689371
-2.685546875 0 -3.5400390625 1689473
-6.89697265625 -2.685546875 -4.0283203125 1689473
-6.89697265625 -2.685546875 -4.0283203125 1689474
-6.89697265625 -2.685546875 -4.0283203125 1689474
-6.89697265625 -2.685546875 -4.0283203125 1689474
-6.89697265625 -2.685546875 -4.0283203125 1689576
1.52587890625 1.28173828125 -11.29150390625 1689576
1.52587890625 1.28173828125 -11.29150390625 1689577
1.52587890625 1.28173828125 -11.29150390625 1689577
1.52587890625 1.28173828125 -11.29150390625 1689577
1.52587890625 1.28173828125 -11.29150390625 1689678
0.6103515625 -1.220703125 -17.63916015625 1689679
0.6103515625 -1.220703125 -17.63916015625 1689679
0.6103515625 -1.220703125 -17.63916015625 1689680
0.6103515625 -1.220703125 -17.63916015625 1689680
0.6103515625 -1.220703125 -17.63916015625 1689780
1.77001953125 -2.62451171875 -19.04296875 1689780
1.77001953125 -2.62451171875 -19.04296875 1689781
1.77001953125 -2.62451171875 -19.04296875 1689781
1.77001953125 -2.62451171875 -19.04296875 1689782
7.38525390625 -1.953125 -17.51708984375 1689857
7.38525390625 -1.953125 -17.51708984375 1689969
-0.8544921875 -3.173828125 -13.97705078125 1689969
-0.8544921875 -3.173828125 -13.97705078125 1689969
-0.8544921875 -3.173828125 -13.97705078125 1689970
-0.8544921875 -3.173828125 -13.97705078125 1689970
-0.8544921875 -3.173828125 -13.97705078125 1690071
1.64794921875 -4.21142578125 -7.568359375 1690071
1.64794921875 -4.21142578125 -7.568359375 1690072
1.64794921875 -4.21142578125 -7.568359375 1690073
1.64794921875 -4.21142578125 -7.568359375 1690073
3.23486328125 -0.79345703125 -5.2490234375 1690174
3.23486328125 -0.79345703125 -5.2490234375 1690174
3.23486328125 -0.79345703125 -5.2490234375 1690175
3.23486328125 -0.79345703125 -5.2490234375 1690175
3.23486328125 -0.79345703125 -5.2490234375 1690278
1.15966796875 -0.30517578125 -1.40380859375 1690278
1.15966796875 -0.30517578125 -1.40380859375 1690279
1.15966796875 -0.30517578125 -1.40380859375 1690279
1.15966796875 -0.30517578125 -1.40380859375 1690279
1.15966796875 -0.30517578125 -1.40380859375 1690379
-1.28173828125 -0.54931640625 -2.50244140625 1690379
-1.28173828125 -0.54931640625 -2.50244140625 1690379
-1.28173828125 -0.54931640625 -2.50244140625 1690380
-1.28173828125 -0.54931640625 -2.50244140625 1690380
0.9765625 0.18310546875 -1.03759765625 1690457
0.9765625 0.18310546875 -1.03759765625 1690567
-0.06103515625 0.732421875 0.3662109375 1690567
-0.06103515625 0.732421875 0.3662109375 1690568
-0.06103515625 0.732421875 0.3662109375 1690569
-0.06103515625 0.732421875 0.3662109375 1690569
-0.06103515625 0.732421875 0.3662109375 1690672
1.3427734375 1.3427734375 0.1220703125 1690673
1.3427734375 1.3427734375 0.1220703125 1690673
1.3427734375 1.3427734375 0.1220703125 1690674
1.3427734375 1.3427734375 0.1220703125 1690674
0.3662109375 -0.3662109375 -0.54931640625 1690759
0.3662109375 -0.3662109375 -0.54931640625 1690870
1.28173828125 0.1220703125 -0.30517578125 1690871
1.28173828125 0.1220703125 -0.30517578125 1690872
1.28173828125 0.1220703125 -0.30517578125 1690872
1.28173828125 0.1220703125 -0.30517578125 1690872
1.28173828125 0.1220703125 -0.30517578125 1690971
-0.8544921875 -0.18310546875 -2.62451171875 1690971
-0.8544921875 -0.18310546875 -2.62451171875 1690971
3.72314453125 3.72314453125 0 1691073
3.72314453125 3.72314453125 0 1691073
3.72314453125 3.72314453125 0 1691073
3.72314453125 3.72314453125 0 1691074
3.72314453125 3.72314453125 0 1691171
-0.6103515625 1.3427734375 -1.3427734375 1691172
1.64794921875 0.91552734375 -1.89208984375 1691258
1.64794921875 0.91552734375 -1.89208984375 1691258
1.64794921875 0.91552734375 -1.89208984375 1691259
1.64794921875 0.91552734375 -1.89208984375 1691259
1.64794921875 0.91552734375 -1.89208984375 1691367
2.9296875 2.25830078125 -1.5869140625 1691367
2.9296875 2.25830078125 -1.5869140625 1691368
2.9296875 2.25830078125 -1.5869140625 1691369
2.9296875 2.25830078125 -1.5869140625 1691369
2.9296875 2.25830078125 -1.5869140625 1691473
0 0.8544921875 -2.74658203125 1691473
0 0.8544921875 -2.74658203125 1691474
0 0.8544921875 -2.74658203125 1691474
0 0.8544921875 -2.74658203125 1691474
0 0.8544921875 -2.74658203125 1691573
-0.8544921875 0 -0.8544921875 1691573
-0.8544921875 0 -0.8544921875 1691574
-0.8544921875 0 -0.8544921875 1691574
-0.8544921875 0 -0.8544921875 1691574
-0.8544921875 0 -0.8544921875 1691675
-1.28173828125 1.46484375 -1.0986328125 1691675
-1.28173828125 1.46484375 -1.0986328125 1691676
-1.28173828125 1.46484375 -1.0986328125 1691676
-1.28173828125 1.46484375 -1.0986328125 1691676
-1.28173828125 1.46484375 -1.0986328125 1691778
1.0986328125 2.25830078125 -3.662109375 1691778
1.0986328125 2.25830078125 -3.662109375 1691779
1.0986328125 2.25830078125 -3.662109375 1691779
1.0986328125 2.25830078125 -3.662109375 1691780
0.79345703125 0.9765625 -2.01416015625 1691856
0.79345703125 0.9765625 -2.01416015625 1691967
-1.40380859375 0 -0.67138671875 1691967
-1.40380859375 0 -0.67138671875 1691967
-1.40380859375 0 -0.67138671875 1691968
-1.40380859375 0 -0.67138671875 1691968
-1.40380859375 0 -0.67138671875 1692070
-0.48828125 3.23486328125 -4.0283203125 1692071
-0.48828125 3.23486328125 -4.0283203125 1692071
-0.48828125 3.23486328125 -4.0283203125 1692072
-0.48828125 3.23486328125 -4.0283203125 1692072
-0.48828125 3.23486328125 -4.0283203125 1692173
0 0.9765625 -5.7373046875 1692173
0 0.9765625 -5.7373046875 1692174
0 0.9765625 -5.7373046875 1692174
0 0.9765625 -5.7373046875 1692174
0 0.9765625 -5.7373046875 1692275
0.732421875 1.15966796875 -0.91552734375 1692275
0.732421875 1.15966796875 -0.91552734375 1692275
0.732421875 1.15966796875 -0.91552734375 1692276
0.732421875 1.15966796875 -0.91552734375 1692276
0.732421875 1.15966796875 -0.91552734375 1692377
0.79345703125 1.03759765625 -2.197265625 1692377
0.79345703125 1.03759765625 -2.197265625 1692377
0.79345703125 1.03759765625 -2.197265625 1692378
0.79345703125 1.03759765625 -2.197265625 1692378
-0.9765625 0.79345703125 -3.662109375 1692455
-0.9765625 0.79345703125 -3.662109375 1692568
0.30517578125 0.54931640625 -2.44140625 1692568
0.30517578125 0.54931640625 -2.44140625 1692569
0.30517578125 0.54931640625 -2.44140625 1692569
0.30517578125 0.54931640625 -2.44140625 1692570
0.30517578125 0.54931640625 -2.44140625 1692671
0.67138671875 1.46484375 -3.41796875 1692671
0.67138671875 1.46484375 -3.41796875 1692672
0.67138671875 1.46484375 -3.41796875 1692672
0.67138671875 1.46484375 -3.41796875 1692673
0.67138671875 1.46484375 -3.41796875 1692775
-0.67138671875 -0.18310546875 -2.8076171875 1692776
-0.67138671875 -0.18310546875 -2.8076171875 1692776
-0.67138671875 -0.18310546875 -2.8076171875 1692776
-0.67138671875 -0.18310546875 -2.8076171875 1692777
-0.67138671875 -0.18310546875 -2.8076171875 1692876
0.06103515625 1.708984375 -3.41796875 1692876
0.06103515625 1.708984375 -3.41796875 1692876
0.06103515625 1.708984375 -3.41796875 1692877
0.06103515625 1.708984375 -3.41796875 1692877
-0.244140625 1.89208984375 -2.86865234375 1692955
-0.244140625 1.89208984375 -2.86865234375 1693068
0.67138671875 -0.244140625 -2.9296875 1693068
0.67138671875 -0.244140625 -2.9296875 1693068
0.67138671875 -0.244140625 -2.9296875 1693069
0.67138671875 -0.244140625 -2.9296875 1693069
0.67138671875 -0.244140625 -2.9296875 1693170
0.8544921875 1.03759765625 -3.47900390625 1693170
0.8544921875 1.03759765625 -3.47900390625 1693170
0.8544921875 1.03759765625 -3.47900390625 1693171
0.8544921875 1.03759765625 -3.47900390625 1693171
1.953125 1.03759765625 -2.44140625 1693272
1.953125 1.03759765625 -2.44140625 1693273
1.953125 1.03759765625 -2.44140625 1693273
1.953125 1.03759765625 -2.44140625 1693273
1.953125 1.03759765625 -2.44140625 1693376
1.0986328125 2.74658203125 0.06103515625 1693376
1.0986328125 2.74658203125 0.06103515625 1693376
1.0986328125 2.74658203125 0.06103515625 1693377
1.0986328125 2.74658203125 0.06103515625 1693377
2.01416015625 2.197265625 0.48828125 1693454
2.01416015625 2.197265625 0.48828125 1693566
-0.6103515625 1.708984375 -0.06103515625 1693567
-0.6103515625 1.708984375 -0.06103515625 1693567
-0.6103515625 1.708984375 -0.06103515625 1693568
-0.6103515625 1.708984375 -0.06103515625 1693568
-0.6103515625 1.708984375 -0.06103515625 1693668
1.40380859375 1.15966796875 0.79345703125 1693668
1.40380859375 1.15966796875 0.79345703125 1693669
1.40380859375 1.15966796875 0.79345703125 1693669
1.40380859375 1.15966796875 0.79345703125 1693669
1.40380859375 1.15966796875 0.79345703125 1693771
1.8310546875 2.197265625 -0.732421875 1693771
1.8310546875 2.197265625 -0.732421875 1693771
1.8310546875 2.197265625 -0.732421875 1693772
1.8310546875 2.197265625 -0.732421875 1693772
1.8310546875 2.197265625 -0.732421875 1693876
-0.9765625 0.30517578125 -1.64794921875 1693881
-0.9765625 0.30517578125 -1.64794921875 1693882
-0.9765625 0.30517578125 -1.64794921875 1693882
-0.9765625 0.30517578125 -1.64794921875 1693883
-0.06103515625 1.46484375 -0.8544921875 1693958
-0.06103515625 1.46484375 -0.8544921875 1694067
1.89208984375 1.708984375 -1.3427734375 1694067
1.89208984375 1.708984375 -1.3427734375 1694068
1.89208984375 1.708984375 -1.3427734375 1694068
1.89208984375 1.708984375 -1.3427734375 1694068
1.89208984375 1.708984375 -1.3427734375 1694170
-1.15966796875 0.9765625 -1.77001953125 1694170
-1.15966796875 0.9765625 -1.77001953125 1694170
-1.15966796875 0.9765625 -1.77001953125 1694170
-1.15966796875 0.9765625 -1.77001953125 1694171
-1.15966796875 0.9765625 -1.77001953125 1694272
0.91552734375 0.244140625 -0.06103515625 1694272
0.91552734375 0.244140625 -0.06103515625 1694272
0.91552734375 0.244140625 -0.06103515625 1694273
0.91552734375 0.244140625 -0.06103515625 1694273
0.91552734375 0.244140625 -0.06103515625 1694375
1.03759765625 0.9765625 -1.03759765625 1694375
1.03759765625 0.9765625 -1.03759765625 1694375
1.03759765625 0.9765625 -1.03759765625 1694376
1.03759765625 0.9765625 -1.03759765625 1694376
1.03759765625 0.9765625 -1.03759765625 1694482
0.54931640625 0.91552734375 -0.9765625 1694483
0.54931640625 0.91552734375 -0.9765625 1694483
0.54931640625 0.91552734375 -0.9765625 1694484
0.54931640625 0.91552734375 -0.9765625 1694484
0.732421875 2.0751953125 -1.46484375 1694556
0.732421875 2.0751953125 -1.46484375 1694667
1.5869140625 1.8310546875 -2.8076171875 1694667
1.5869140625 1.8310546875 -2.8076171875 1694668
1.5869140625 1.8310546875 -2.8076171875 1694668
1.5869140625 1.8310546875 -2.8076171875 1694669
1.5869140625 1.8310546875 -2.8076171875 1694770
1.953125 2.01416015625 -0.91552734375 1694770
1.953125 2.01416015625 -0.91552734375 1694770
1.953125 2.01416015625 -0.91552734375 1694771
1.953125 2.01416015625 -0.91552734375 1694771
1.953125 2.01416015625 -0.91552734375 1694872
0.79345703125 0.48828125 -1.89208984375 1694872
0.79345703125 0.48828125 -1.89208984375 1694873
0.79345703125 0.48828125 -1.89208984375 1694873
0.79345703125 0.48828125 -1.89208984375 1694873
0.79345703125 0.48828125 -1.89208984375 1694975
0.79345703125 0.6103515625 -1.40380859375 1694975
0.79345703125 0.6103515625 -1.40380859375 1694976
0.79345703125 0.6103515625 -1.40380859375 1694976
0.79345703125 0.6103515625 -1.40380859375 1694976
0.79345703125 0.6103515625 -1.40380859375 1695078
1.28173828125 1.8310546875 -1.46484375 1695078
1.28173828125 1.8310546875 -1.46484375 1695079
1.28173828125 1.8310546875 -1.46484375 1695079
1.28173828125 1.8310546875 -1.46484375 1695079
1.953125 0.91552734375 -2.44140625 1695155
1.953125 0.91552734375 -2.44140625 1695266
0.48828125 0.67138671875 -0.79345703125 1695266
0.48828125 0.67138671875 -0.79345703125 1695266
0.48828125 0.67138671875 -0.79345703125 1695267
0.48828125 0.67138671875 -0.79345703125 1695267
0.48828125 0.67138671875 -0.79345703125 1695368
0.732421875 1.5869140625 -2.5634765625 1695368
0.732421875 1.5869140625 -2.5634765625 1695368
0.732421875 1.5869140625 -2.5634765625 1695369
0.732421875 1.5869140625 -2.5634765625 1695369
0.732421875 1.5869140625 -2.5634765625 1695471
1.0986328125 0.42724609375 -3.23486328125 1695471
1.0986328125 0.42724609375 -3.23486328125 1695472
1.0986328125 0.42724609375 -3.23486328125 1695473
1.0986328125 0.42724609375 -3.23486328125 1695473
1.0986328125 0.42724609375 -3.23486328125 1695574
-0.30517578125 0.732421875 -3.11279296875 1695574
-0.30517578125 0.732421875 -3.11279296875 1695574
-0.30517578125 0.732421875 -3.11279296875 1695575
-0.30517578125 0.732421875 -3.11279296875 1695575
1.5869140625 2.62451171875 -2.685546875 1695654
1.5869140625 2.62451171875 -2.685546875 1695766
2.13623046875 2.01416015625 -1.89208984375 1695766
2.13623046875 2.01416015625 -1.89208984375 1695766
2.13623046875 2.01416015625 -1.89208984375 1695771
2.13623046875 2.01416015625 -1.89208984375 1695771
2.13623046875 2.01416015625 -1.89208984375 1695869
1.03759765625 -0.18310546875 -2.50244140625 1695870
1.03759765625 -0.18310546875 -2.50244140625 1695870
1.03759765625 -0.18310546875 -2.50244140625 1695870
1.03759765625 -0.18310546875 -2.50244140625 1695972
1.3427734375 1.03759765625 -2.01416015625 1695972
1.3427734375 1.03759765625 -2.01416015625 1695972
1.3427734375 1.03759765625 -2.01416015625 1695973
1.3427734375 1.03759765625 -2.01416015625 1695973
1.3427734375 1.03759765625 -2.01416015625 1696074
1.953125 2.197265625 -1.0986328125 1696075
1.953125 2.197265625 -1.0986328125 1696075
1.953125 2.197265625 -1.0986328125 1696075
1.953125 2.197265625 -1.0986328125 1696076
1.03759765625 1.03759765625 -2.62451171875 1696172
1.03759765625 1.03759765625 -2.62451171875 1696256
2.13623046875 2.0751953125 -2.01416015625 1696256
2.13623046875 2.0751953125 -2.01416015625 1696257
2.13623046875 2.0751953125 -2.01416015625 1696257
2.13623046875 2.0751953125 -2.01416015625 1696257
2.13623046875 2.0751953125 -2.01416015625 1696367
0.42724609375 1.8310546875 -3.0517578125 1696367
0.42724609375 1.8310546875 -3.0517578125 1696367
0.42724609375 1.8310546875 -3.0517578125 1696368
0.42724609375 1.8310546875 -3.0517578125 1696368
0.42724609375 1.8310546875 -3.0517578125 1696469
0.6103515625 2.0751953125 -1.708984375 1696470
0.6103515625 2.0751953125 -1.708984375 1696470
0.6103515625 2.0751953125 -1.708984375 1696470
0.6103515625 2.0751953125 -1.708984375 1696470
0.6103515625 2.0751953125 -1.708984375 1696572
-0.1220703125 -1.15966796875 -2.25830078125 1696572
-0.1220703125 -1.15966796875 -2.25830078125 1696572
-0.1220703125 -1.15966796875 -2.25830078125 1696573
-0.1220703125 -1.15966796875 -2.25830078125 1696573
-0.1220703125 -1.15966796875 -2.25830078125 1696674
-0.48828125 0.8544921875 -3.35693359375 1696674
-0.48828125 0.8544921875 -3.35693359375 1696675
-0.48828125 0.8544921875 -3.35693359375 1696675
-0.48828125 0.8544921875 -3.35693359375 1696675
-0.48828125 0.8544921875 -3.35693359375 1696778
-1.52587890625 0.79345703125 -6.7138671875 1696779
-1.52587890625 0.79345703125 -6.7138671875 1696779
-1.52587890625 0.79345703125 -6.7138671875 1696779
-1.52587890625 0.79345703125 -6.7138671875 1696779
-0.91552734375 -0.48828125 -10.3759765625 1696854
-0.91552734375 -0.48828125 -10.3759765625 1696964
-2.685546875 0 -14.404296875 1696965
-2.685546875 0 -14.404296875 1696965
-2.685546875 0 -14.404296875 1696966
-2.685546875 0 -14.404296875 1696966
-2.685546875 0 -14.404296875 1697071
8.72802734375 7.568359375 -23.74267578125 1697071
8.72802734375 7.568359375 -23.74267578125 1697072
8.72802734375 7.568359375 -23.74267578125 1697072
8.72802734375 7.568359375 -23.74267578125 1697073
53.3447265625 52.67333984375 -50.29296875 1697157
53.3447265625 52.67333984375 -50.29296875 1697266
65.5517578125 80.810546875 -54.01611328125 1697266
65.5517578125 80.810546875 -54.01611328125 1697266
65.5517578125 80.810546875 -54.01611328125 1697267
65.5517578125 80.810546875 -54.01611328125 1697267
65.5517578125 80.810546875 -54.01611328125 1697368
55.23681640625 78.30810546875 -47.4853515625 1697368
55.23681640625 78.30810546875 -47.4853515625 1697368
55.23681640625 78.30810546875 -47.4853515625 1697369
55.23681640625 78.30810546875 -47.4853515625 1697369
55.23681640625 78.30810546875 -47.4853515625 1697471
34.48486328125 75.927734375 -32.40966796875 1697471
34.48486328125 75.927734375 -32.40966796875 1697472
34.48486328125 75.927734375 -32.40966796875 1697472
34.48486328125 75.927734375 -32.40966796875 1697473
34.48486328125 75.927734375 -32.40966796875 1697573
41.93115234375 87.5244140625 -37.4755859375 1697573
41.93115234375 87.5244140625 -37.4755859375 1697574
41.93115234375 87.5244140625 -37.4755859375 1697574
41.93115234375 87.5244140625 -37.4755859375 1697574
41.93115234375 87.5244140625 -37.4755859375 1697676
21.30126953125 74.21875 -34.60693359375 1697676
21.30126953125 74.21875 -34.60693359375 1697676
21.30126953125 74.21875 -34.60693359375 1697677
21.30126953125 74.21875 -34.60693359375 1697677
0.79345703125 40.0390625 -16.9677734375 1697760
0.79345703125 40.0390625 -16.9677734375 1697869
1.15966796875 17.333984375 -5.126953125 1697869
1.15966796875 17.333984375 -5.126953125 1697869
1.15966796875 17.333984375 -5.126953125 1697870
1.15966796875 17.333984375 -5.126953125 1697870
1.15966796875 17.333984375 -5.126953125 1697972
14.6484375 18.12744140625 -8.23974609375 1697972
14.6484375 18.12744140625 -8.23974609375 1697972
14.6484375 18.12744140625 -8.23974609375 1697973
14.6484375 18.12744140625 -8.23974609375 1697973
9.70458984375 14.16015625 -7.8125 1698058
9.70458984375 14.16015625 -7.8125 1698170
-2.44140625 -0.91552734375 -0.1220703125 1698170
-2.44140625 -0.91552734375 -0.1220703125 1698170
-2.44140625 -0.91552734375 -0.1220703125 1698171
-2.44140625 -0.91552734375 -0.1220703125 1698171
-2.44140625 -0.91552734375 -0.1220703125 1698274
-6.8359375 -10.7421875 2.44140625 1698274
-6.8359375 -10.7421875 2.44140625 1698274
-6.8359375 -10.7421875 2.44140625 1698275
-6.8359375 -10.7421875 2.44140625 1698275
1.5869140625 -8.9111328125 0.8544921875 1698353
1.5869140625 -8.9111328125 0.8544921875 1698464
-19.22607421875 -28.076171875 9.82666015625 1698470
-19.22607421875 -28.076171875 9.82666015625 1698471
-19.22607421875 -28.076171875 9.82666015625 1698471
-19.22607421875 -28.076171875 9.82666015625 1698471
-19.22607421875 -28.076171875 9.82666015625 1698568
-14.09912109375 -29.96826171875 8.4228515625 1698568
-14.09912109375 -29.96826171875 8.4228515625 1698671
-35.15625 -54.8095703125 10.8642578125 1698671
-35.15625 -54.8095703125 10.8642578125 1698672
-35.15625 -54.8095703125 10.8642578125 1698672
-35.15625 -54.8095703125 10.8642578125 1698673
-35.15625 -54.8095703125 10.8642578125 1698773
-37.90283203125 -66.83349609375 12.20703125 1698773
-37.90283203125 -66.83349609375 12.20703125 1698774
-37.90283203125 -66.83349609375 12.20703125 1698774
-37.90283203125 -66.83349609375 12.20703125 1698774
-23.13232421875 -56.5185546875 11.77978515625 1698855
-23.13232421875 -56.5185546875 11.77978515625 1698993
-18.24951171875 -29.11376953125 8.60595703125 1698993
-18.24951171875 -29.11376953125 8.60595703125 1698994
-18.24951171875 -29.11376953125 8.60595703125 1698994
-18.24951171875 -29.11376953125 8.60595703125 1698994
-18.61572265625 -21.05712890625 9.27734375 1699056
-18.61572265625 -21.05712890625 9.27734375 1699165
3.23486328125 -5.0048828125 0.244140625 1699166
3.23486328125 -5.0048828125 0.244140625 1699166
3.23486328125 -5.0048828125 0.244140625 1699166
3.23486328125 -5.0048828125 0.244140625 1699167
-3.2958984375 -11.8408203125 6.9580078125 1699270
-3.2958984375 -11.8408203125 6.9580078125 1699270
-3.2958984375 -11.8408203125 6.9580078125 1699271
-3.2958984375 -11.8408203125 6.9580078125 1699271
-3.2958984375 -11.8408203125 6.9580078125 1699399
-10.8642578125 -23.5595703125 7.32421875 1699400
-10.8642578125 -23.5595703125 7.32421875 1699400
-10.8642578125 -23.5595703125 7.32421875 1699401
-10.8642578125 -23.5595703125 7.32421875 1699401
-9.521484375 -17.39501953125 7.14111328125 1699453
-9.521484375 -17.39501953125 7.14111328125 1699565
-29.11376953125 -12.20703125 19.1650390625 1699566
-29.11376953125 -12.20703125 19.1650390625 1699566
-29.11376953125 -12.20703125 19.1650390625 1699566
-29.11376953125 -12.20703125 19.1650390625 1699567
-29.11376953125 -12.20703125 19.1650390625 1699668
-12.451171875 24.0478515625 25.390625 1699669
-12.451171875 24.0478515625 25.390625 1699669
-12.451171875 24.0478515625 25.390625 1699669
-12.451171875 24.0478515625 25.390625 1699670
-12.451171875 24.0478515625 25.390625 1699770
2.9296875 46.93603515625 20.44677734375 1699771
2.9296875 46.93603515625 20.44677734375 1699771
2.9296875 46.93603515625 20.44677734375 1699771
2.9296875 46.93603515625 20.44677734375 1699772
2.9296875 46.93603515625 20.44677734375 1699873
15.31982421875 43.0908203125 16.4794921875 1699873
15.31982421875 43.0908203125 16.4794921875 1699874
15.31982421875 43.0908203125 16.4794921875 1699874
15.31982421875 43.0908203125 16.4794921875 1699874
20.56884765625 28.01513671875 23.37646484375 1699952
20.56884765625 28.01513671875 23.37646484375 1700063
39.6728515625 20.56884765625 18.4326171875 1700063
39.6728515625 20.56884765625 18.4326171875 1700064
39.6728515625 20.56884765625 18.4326171875 1700064
39.6728515625 20.56884765625 18.4326171875 1700064
39.6728515625 20.56884765625 18.4326171875 1700167
35.94970703125 32.5927734375 -9.033203125 1700168
35.94970703125 32.5927734375 -9.033203125 1700168
35.94970703125 32.5927734375 -9.033203125 1700168
35.94970703125 32.5927734375 -9.033203125 1700169
35.94970703125 32.5927734375 -9.033203125 1700270
-1.953125 -18.5546875 30.45654296875 1700271
-1.953125 -18.5546875 30.45654296875 1700272
-1.953125 -18.5546875 30.45654296875 1700272
-1.953125 -18.5546875 30.45654296875 1700273
-20.3857421875 -26.0009765625 26.18408203125 1700363
-20.3857421875 -26.0009765625 26.18408203125 1700464
-18.61572265625 -40.4052734375 15.07568359375 1700464
-18.61572265625 -40.4052734375 15.07568359375 1700464
-18.61572265625 -40.4052734375 15.07568359375 1700465
-18.61572265625 -40.4052734375 15.07568359375 1700465
-18.61572265625 -40.4052734375 15.07568359375 1700566
-40.6494140625 -48.828125 22.5830078125 1700566
-40.6494140625 -48.828125 22.5830078125 1700567
-40.6494140625 -48.828125 22.5830078125 1700567
-40.6494140625 -48.828125 22.5830078125 1700567
-40.6494140625 -48.828125 22.5830078125 1700668
-27.64892578125 -20.6298828125 -3.662109375 1700668
-27.64892578125 -20.6298828125 -3.662109375 1700669
-27.64892578125 -20.6298828125 -3.662109375 1700669
-27.64892578125 -20.6298828125 -3.662109375 1700669
-27.64892578125 -20.6298828125 -3.662109375 1700770
-26.3671875 -27.7099609375 15.07568359375 1700770
-26.3671875 -27.7099609375 15.07568359375 1700770
-26.3671875 -27.7099609375 15.07568359375 1700771
-26.3671875 -27.7099609375 15.07568359375 1700771
-12.0849609375 -4.57763671875 -3.41796875 1700853
-12.0849609375 -4.57763671875 -3.41796875 1700965
-19.1650390625 -10.6201171875 0.6103515625 1700965
-19.1650390625 -10.6201171875 0.6103515625 1700965
-19.1650390625 -10.6201171875 0.6103515625 1700966
-19.1650390625 -10.6201171875 0.6103515625 1700966
-19.1650390625 -10.6201171875 0.6103515625 1701069
-14.70947265625 -0.67138671875 -5.31005859375 1701069
-14.70947265625 -0.67138671875 -5.31005859375 1701070
-14.70947265625 -0.67138671875 -5.31005859375 1701070
-14.70947265625 -0.67138671875 -5.31005859375 1701071
-14.70947265625 -0.67138671875 -5.31005859375 1701171
-5.67626953125 0.3662109375 -6.04248046875 1701171
-5.67626953125 0.3662109375 -6.04248046875 1701172
-5.67626953125 0.3662109375 -6.04248046875 1701173
-5.67626953125 0.3662109375 -6.04248046875 1701173
-9.521484375 1.03759765625 -3.0517578125 1701270
-9.521484375 1.03759765625 -3.0517578125 1701375
-3.72314453125 -0.48828125 -4.0283203125 1701375
-3.72314453125 -0.48828125 -4.0283203125 1701376
-3.72314453125 -0.48828125 -4.0283203125 1701376
-3.72314453125 -0.48828125 -4.0283203125 1701377
-3.96728515625 1.03759765625 -6.40869140625 1701453
-3.96728515625 1.03759765625 -6.40869140625 1701564
0.67138671875 1.89208984375 -3.662109375 1701564
0.67138671875 1.89208984375 -3.662109375 1701565
0.67138671875 1.89208984375 -3.662109375 1701565
0.67138671875 1.89208984375 -3.662109375 1701565
0.67138671875 1.89208984375 -3.662109375 1701665
1.5869140625 1.52587890625 -2.44140625 1701665
1.5869140625 1.52587890625 -2.44140625 1701666
1.5869140625 1.52587890625 -2.44140625 1701666
1.5869140625 1.52587890625 -2.44140625 1701666
1.5869140625 1.52587890625 -2.44140625 1701769
0.8544921875 0.244140625 -3.72314453125 1701769
0.8544921875 0.244140625 -3.72314453125 1701770
0.8544921875 0.244140625 -3.72314453125 1701770
0.8544921875 0.244140625 -3.72314453125 1701771
0.8544921875 0.244140625 -3.72314453125 1701872
-0.1220703125 0.6103515625 -1.03759765625 1701872
-0.1220703125 0.6103515625 -1.03759765625 1701873
-0.1220703125 0.6103515625 -1.03759765625 1701873
-0.1220703125 0.6103515625 -1.03759765625 1701874
-0.1220703125 0.6103515625 -1.03759765625 1701974
0.732421875 1.52587890625 -0.18310546875 1701987
0.732421875 1.52587890625 -0.18310546875 1701988
0.732421875 1.52587890625 -0.18310546875 1701988
0.732421875 1.52587890625 -0.18310546875 1701988
0.9765625 3.5400390625 -3.0517578125 1702051
0.9765625 3.5400390625 -3.0517578125 1702162
-0.6103515625 1.46484375 -1.8310546875 1702162
-0.6103515625 1.46484375 -1.8310546875 1702162
-0.6103515625 1.46484375 -1.8310546875 1702163
-0.6103515625 1.46484375 -1.8310546875 1702163
-0.6103515625 1.46484375 -1.8310546875 1702286
-1.5869140625 1.8310546875 -3.35693359375 1702287
-1.5869140625 1.8310546875 -3.35693359375 1702287
-1.5869140625 1.8310546875 -3.35693359375 1702288
-1.5869140625 1.8310546875 -3.35693359375 1702288
-2.44140625 -0.54931640625 -1.40380859375 1702368
-2.44140625 -0.54931640625 -1.40380859375 1702472
-4.8828125 -1.708984375 -2.74658203125 1702472
-4.8828125 -1.708984375 -2.74658203125 1702473
-4.8828125 -1.708984375 -2.74658203125 1702473
-4.8828125 -1.708984375 -2.74658203125 1702474
-8.60595703125 -1.64794921875 -6.65283203125 1702550
-8.60595703125 -1.64794921875 -6.65283203125 1702662
-6.89697265625 -0.244140625 -12.87841796875 1702662
-6.89697265625 -0.244140625 -12.87841796875 1702662
-6.89697265625 -0.244140625 -12.87841796875 1702663
-6.89697265625 -0.244140625 -12.87841796875 1702663
-6.89697265625 -0.244140625 -12.87841796875 1702764
3.0517578125 -2.5634765625 -18.73779296875 1702765
3.0517578125 -2.5634765625 -18.73779296875 1702765
3.0517578125 -2.5634765625 -18.73779296875 1702766
3.0517578125 -2.5634765625 -18.73779296875 1702766
3.0517578125 -2.5634765625 -18.73779296875 1702871
5.92041015625 -5.31005859375 -19.22607421875 1702872
5.92041015625 -5.31005859375 -19.22607421875 1702872
5.92041015625 -5.31005859375 -19.22607421875 1702872
5.92041015625 -5.31005859375 -19.22607421875 1702873
0.06103515625 -4.150390625 -13.7939453125 1702969
0.06103515625 -4.150390625 -13.7939453125 1703072
-0.30517578125 -3.72314453125 -13.85498046875 1703072
-0.30517578125 -3.72314453125 -13.85498046875 1703073
-0.30517578125 -3.72314453125 -13.85498046875 1703073
-0.30517578125 -3.72314453125 -13.85498046875 1703074
1.220703125 -0.91552734375 -5.79833984375 1703151
1.220703125 -0.91552734375 -5.79833984375 1703262
0.30517578125 -2.25830078125 -2.13623046875 1703262
0.30517578125 -2.25830078125 -2.13623046875 1703262
0.30517578125 -2.25830078125 -2.13623046875 1703263
0.30517578125 -2.25830078125 -2.13623046875 1703263
0.30517578125 -2.25830078125 -2.13623046875 1703364
0.67138671875 -1.52587890625 -2.62451171875 1703364
0.67138671875 -1.52587890625 -2.62451171875 1703365
0.67138671875 -1.52587890625 -2.62451171875 1703365
0.67138671875 -1.52587890625 -2.62451171875 1703365
0.67138671875 -1.52587890625 -2.62451171875 1703470
0.3662109375 0 -1.52587890625 1703470
0.3662109375 0 -1.52587890625 1703471
0.3662109375 0 -1.52587890625 1703472
0.3662109375 0 -1.52587890625 1703472
-0.244140625 -0.18310546875 -0.3662109375 1703558
-0.244140625 -0.18310546875 -0.3662109375 1703660
2.99072265625 1.03759765625 -1.77001953125 1703660
2.99072265625 1.03759765625 -1.77001953125 1703661
2.99072265625 1.03759765625 -1.77001953125 1703661
2.99072265625 1.03759765625 -1.77001953125 1703661
2.99072265625 1.03759765625 -1.77001953125 1703762
-2.44140625 0.1220703125 -1.40380859375 1703762
-2.44140625 0.1220703125 -1.40380859375 1703763
-2.44140625 0.1220703125 -1.40380859375 1703763
-2.44140625 0.1220703125 -1.40380859375 1703764
-2.44140625 0.1220703125 -1.40380859375 1703864
2.0751953125 0.30517578125 -0.9765625 1703864
2.0751953125 0.30517578125 -0.9765625 1703866
2.0751953125 0.30517578125 -0.9765625 1703866
2.0751953125 0.30517578125 -0.9765625 1703867
2.0751953125 0.30517578125 -0.9765625 1703967
0.79345703125 2.01416015625 -2.25830078125 1703967
0.79345703125 2.01416015625 -2.25830078125 1703967
0.79345703125 2.01416015625 -2.25830078125 1703968
0.79345703125 2.01416015625 -2.25830078125 1703968
0.79345703125 2.01416015625 -2.25830078125 1704070
-0.42724609375 1.15966796875 -2.0751953125 1704070
-0.42724609375 1.15966796875 -2.0751953125 1704071
-0.42724609375 1.15966796875 -2.0751953125 1704071
-0.42724609375 1.15966796875 -2.0751953125 1704072
-0.42724609375 1.15966796875 -2.0751953125 1704173
2.62451171875 0.91552734375 -3.35693359375 1704173
2.62451171875 0.91552734375 -3.35693359375 1704173
2.62451171875 0.91552734375 -3.35693359375 1704174
2.62451171875 0.91552734375 -3.35693359375 1704174
1.46484375 0.9765625 0.1220703125 1704251
1.46484375 0.9765625 0.1220703125 1704362
-1.46484375 0.6103515625 0 1704362
-1.46484375 0.6103515625 0 1704362
-1.46484375 0.6103515625 0 1704363
-1.46484375 0.6103515625 0 1704363
-1.46484375 0.6103515625 0 1704465
1.708984375 2.197265625 -2.3193359375 1704465
1.708984375 2.197265625 -2.3193359375 1704466
1.708984375 2.197265625 -2.3193359375 1704466
1.708984375 2.197265625 -2.3193359375 1704466
1.708984375 2.197265625 -2.3193359375 1704567
0.1220703125 1.708984375 -3.173828125 1704568
0.1220703125 1.708984375 -3.173828125 1704568
0.1220703125 1.708984375 -3.173828125 1704569
0.1220703125 1.708984375 -3.173828125 1704570
0.1220703125 1.708984375 -3.173828125 1704669
0.8544921875 1.03759765625 -2.99072265625 1704669
0.8544921875 1.03759765625 -2.99072265625 1704670
0.8544921875 1.03759765625 -2.99072265625 1704670
0.8544921875 1.03759765625 -2.99072265625 1704670
0.8544921875 1.03759765625 -2.99072265625 1704772
1.15966796875 1.40380859375 -1.5869140625 1704772
1.15966796875 1.40380859375 -1.5869140625 1704773
1.15966796875 1.40380859375 -1.5869140625 1704773
1.15966796875 1.40380859375 -1.5869140625 1704774
1.3427734375 1.3427734375 -2.8076171875 1704852
1.3427734375 1.3427734375 -2.8076171875 1704965
1.5869140625 0.42724609375 -2.25830078125 1704965
1.5869140625 0.42724609375 -2.25830078125 1704965
1.5869140625 0.42724609375 -2.25830078125 1704966
1.5869140625 0.42724609375 -2.25830078125 1704966
1.5869140625 0.42724609375 -2.25830078125 1705068
-0.8544921875 -1.03759765625 0.3662109375 1705068
-0.8544921875 -1.03759765625 0.3662109375 1705068
-0.8544921875 -1.03759765625 0.3662109375 1705069
-0.8544921875 -1.03759765625 0.3662109375 1705069
-0.8544921875 -1.03759765625 0.3662109375 1705170
-0.54931640625 0.48828125 -1.28173828125 1705170
-0.54931640625 0.48828125 -1.28173828125 1705172
-0.54931640625 0.48828125 -1.28173828125 1705172
-0.54931640625 0.48828125 -1.28173828125 1705172
-0.54931640625 0.48828125 -1.28173828125 1705274
1.3427734375 0.8544921875 -1.89208984375 1705274
1.3427734375 0.8544921875 -1.89208984375 1705274
1.3427734375 0.8544921875 -1.89208984375 1705275
1.3427734375 0.8544921875 -1.89208984375 1705275
-0.6103515625 1.46484375 -2.62451171875 1705351
-0.6103515625 1.46484375 -2.62451171875 1705469
1.40380859375 1.5869140625 -1.03759765625 1705470
1.40380859375 1.5869140625 -1.03759765625 1705470
1.40380859375 1.5869140625 -1.03759765625 1705470
1.40380859375 1.5869140625 -1.03759765625 1705470
1.03759765625 0.6103515625 -2.13623046875 1705565
1.03759765625 0.6103515625 -2.13623046875 1705668
-0.54931640625 1.953125 -2.86865234375 1705668
-0.54931640625 1.953125 -2.86865234375 1705668
-0.54931640625 1.953125 -2.86865234375 1705669
-0.54931640625 1.953125 -2.86865234375 1705669
-0.54931640625 1.953125 -2.86865234375 1705771
0.54931640625 1.3427734375 -0.79345703125 1705771
0.54931640625 1.3427734375 -0.79345703125 1705771
0.54931640625 1.3427734375 -0.79345703125 1705772
0.54931640625 1.3427734375 -0.79345703125 1705773
0.54931640625 1.3427734375 -0.79345703125 1705873
1.40380859375 1.220703125 -1.46484375 1705873
1.40380859375 1.220703125 -1.46484375 1705873
1.40380859375 1.220703125 -1.46484375 1705874
1.40380859375 1.220703125 -1.46484375 1705874
0.1220703125 2.0751953125 -3.173828125 1705950
0.1220703125 2.0751953125 -3.173828125 1706061
1.3427734375 1.708984375 -2.3193359375 1706077
1.3427734375 1.708984375 -2.3193359375 1706077
1.3427734375 1.708984375 -2.3193359375 1706078
1.3427734375 1.708984375 -2.3193359375 1706078
1.3427734375 1.708984375 -2.3193359375 1706165
0.48828125 2.8076171875 -2.13623046875 1706165
3.662109375 4.39453125 -2.685546875 1706263
3.662109375 4.39453125 -2.685546875 1706263
3.662109375 4.39453125 -2.685546875 1706264
3.662109375 4.39453125 -2.685546875 1706264
3.662109375 4.39453125 -2.685546875 1706366
0.9765625 -0.244140625 -1.64794921875 1706366
0.9765625 -0.244140625 -1.64794921875 1706367
0.9765625 -0.244140625 -1.64794921875 1706367
0.9765625 -0.244140625 -1.64794921875 1706367
0.9765625 -0.244140625 -1.64794921875 1706470
1.8310546875 1.708984375 -0.48828125 1706472
1.8310546875 1.708984375 -0.48828125 1706472
1.8310546875 1.708984375 -0.48828125 1706472
1.8310546875 1.708984375 -0.48828125 1706473
1.8310546875 1.708984375 -0.48828125 1706572
3.173828125 2.3193359375 -1.953125 1706572
3.173828125 2.3193359375 -1.953125 1706573
3.173828125 2.3193359375 -1.953125 1706573
3.173828125 2.3193359375 -1.953125 1706573
1.40380859375 0.8544921875 -1.8310546875 1706668
1.40380859375 0.8544921875 -1.8310546875 1706757
-0.30517578125 1.77001953125 -1.708984375 1706758
-0.30517578125 1.77001953125 -1.708984375 1706758
-0.30517578125 1.77001953125 -1.708984375 1706758
-0.30517578125 1.77001953125 -1.708984375 1706759
-0.30517578125 1.77001953125 -1.708984375 1706860
2.8076171875 1.03759765625 -0.9765625 1706860
2.8076171875 1.03759765625 -0.9765625 1706860
2.8076171875 1.03759765625 -0.9765625 1706861
2.8076171875 1.03759765625 -0.9765625 1706861
2.8076171875 1.03759765625 -0.9765625 1706962
-0.06103515625 0.9765625 -2.44140625 1706962
-0.06103515625 0.9765625 -2.44140625 1706962
-0.06103515625 0.9765625 -2.44140625 1706963
-0.06103515625 0.9765625 -2.44140625 1706963
-0.06103515625 0.9765625 -2.44140625 1707065
-1.0986328125 1.64794921875 -2.3193359375 1707065
-1.0986328125 1.64794921875 -2.3193359375 1707066
-1.0986328125 1.64794921875 -2.3193359375 1707066
-1.0986328125 1.64794921875 -2.3193359375 1707066
-1.0986328125 1.64794921875 -2.3193359375 1707167
-0.244140625 1.28173828125 -2.01416015625 1707167
-0.244140625 1.28173828125 -2.01416015625 1707167
-0.244140625 1.28173828125 -2.01416015625 1707168
-0.244140625 1.28173828125 -2.01416015625 1707168
-0.244140625 1.28173828125 -2.01416015625 1707270
1.5869140625 1.953125 -2.8076171875 1707270
1.5869140625 1.953125 -2.8076171875 1707270
1.5869140625 1.953125 -2.8076171875 1707271
1.5869140625 1.953125 -2.8076171875 1707271
1.89208984375 0.67138671875 -1.8310546875 1707349
1.89208984375 0.67138671875 -1.8310546875 1707461
2.38037109375 0.8544921875 -1.77001953125 1707461
2.38037109375 0.8544921875 -1.77001953125 1707461
2.38037109375 0.8544921875 -1.77001953125 1707462
2.38037109375 0.8544921875 -1.77001953125 1707462
2.38037109375 0.8544921875 -1.77001953125 1707563
1.5869140625 2.8076171875 -1.89208984375 1707563
1.5869140625 2.8076171875 -1.89208984375 1707563
1.5869140625 2.8076171875 -1.89208984375 1707564
1.5869140625 2.8076171875 -1.89208984375 1707564
1.5869140625 2.8076171875 -1.89208984375 1707665
-0.8544921875 0.9765625 -2.13623046875 1707665
-0.8544921875 0.9765625 -2.13623046875 1707665
-0.8544921875 0.9765625 -2.13623046875 1707666
-0.8544921875 0.9765625 -2.13623046875 1707666
-0.8544921875 0.9765625 -2.13623046875 1707768
0.06103515625 1.0986328125 -1.89208984375 1707768
0.06103515625 1.0986328125 -1.89208984375 1707769
0.06103515625 1.0986328125 -1.89208984375 1707769
0.06103515625 1.0986328125 -1.89208984375 1707769
0.06103515625 1.0986328125 -1.89208984375 1707871
-1.03759765625 0.30517578125 -3.2958984375 1707872
-1.03759765625 0.30517578125 -3.2958984375 1707872
-1.03759765625 0.30517578125 -3.2958984375 1707873
-1.03759765625 0.30517578125 -3.2958984375 1707873
1.953125 1.46484375 -1.708984375 1707950
1.953125 1.46484375 -1.708984375 1708062
-0.18310546875 0.91552734375 -2.197265625 1708062
-0.18310546875 0.91552734375 -2.197265625 1708063
-0.18310546875 0.91552734375 -2.197265625 1708063
-0.18310546875 0.91552734375 -2.197265625 1708063
-0.18310546875 0.91552734375 -2.197265625 1708164
-0.6103515625 1.5869140625 -2.01416015625 1708164
-0.6103515625 1.5869140625 -2.01416015625 1708164
-0.6103515625 1.5869140625 -2.01416015625 1708165
-0.6103515625 1.5869140625 -2.01416015625 1708165
-0.6103515625 1.5869140625 -2.01416015625 1708269
-1.40380859375 -0.30517578125 -2.8076171875 1708269
-1.40380859375 -0.30517578125 -2.8076171875 1708270
-1.40380859375 -0.30517578125 -2.8076171875 1708270
-1.40380859375 -0.30517578125 -2.8076171875 1708271
-1.40380859375 -0.30517578125 -2.8076171875 1708371
2.01416015625 3.47900390625 -0.42724609375 1708372
2.01416015625 3.47900390625 -0.42724609375 1708373
2.01416015625 3.47900390625 -0.42724609375 1708373
2.01416015625 3.47900390625 -0.42724609375 1708374
0.54931640625 1.40380859375 -1.89208984375 1708449
0.54931640625 1.40380859375 -1.89208984375 1708561
0.06103515625 1.953125 -1.5869140625 1708561
0.06103515625 1.953125 -1.5869140625 1708562
0.06103515625 1.953125 -1.5869140625 1708562
0.06103515625 1.953125 -1.5869140625 1708563
0.06103515625 1.953125 -1.5869140625 1708664
1.220703125 1.15966796875 -2.9296875 1708664
1.220703125 1.15966796875 -2.9296875 1708665
1.220703125 1.15966796875 -2.9296875 1708665
1.220703125 1.15966796875 -2.9296875 1708666
1.220703125 1.15966796875 -2.9296875 1708767
2.197265625 0.79345703125 -2.197265625 1708767
2.197265625 0.79345703125 -2.197265625 1708768
2.197265625 0.79345703125 -2.197265625 1708768
2.197265625 0.79345703125 -2.197265625 1708768
2.197265625 0.79345703125 -2.197265625 1708875
1.46484375 1.40380859375 -1.708984375 1708876
1.46484375 1.40380859375 -1.708984375 1708876
1.46484375 1.40380859375 -1.708984375 1708876
1.46484375 1.40380859375 -1.708984375 1708877
2.44140625 2.197265625 -1.5869140625 1708972
2.44140625 2.197265625 -1.5869140625 1709054
1.8310546875 1.64794921875 -1.708984375 1709054
1.8310546875 1.64794921875 -1.708984375 1709055
1.8310546875 1.64794921875 -1.708984375 1709055
1.8310546875 1.64794921875 -1.708984375 1709055
1.8310546875 1.64794921875 -1.708984375 1709160
1.15966796875 1.64794921875 -1.953125 1709161
1.15966796875 1.64794921875 -1.953125 1709161
1.15966796875 1.64794921875 -1.953125 1709162
1.15966796875 1.64794921875 -1.953125 1709162
1.15966796875 1.64794921875 -1.953125 1709263
0.79345703125 2.38037109375 -2.197265625 1709263
0.79345703125 2.38037109375 -2.197265625 1709264
0.79345703125 2.38037109375 -2.197265625 1709264
0.79345703125 2.38037109375 -2.197265625 1709264
0.244140625 2.25830078125 -2.50244140625 1709366
0.244140625 2.25830078125 -2.50244140625 1709366
0.244140625 2.25830078125 -2.50244140625 1709367
0.244140625 2.25830078125 -2.50244140625 1709367
0.244140625 2.25830078125 -2.50244140625 1709469
0.42724609375 1.46484375 -2.0751953125 1709469
0.42724609375 1.46484375 -2.0751953125 1709470
0.42724609375 1.46484375 -2.0751953125 1709470
0.42724609375 1.46484375 -2.0751953125 1709471
0.42724609375 1.46484375 -2.0751953125 1709572
-0.79345703125 -0.30517578125 -3.90625 1709572
-0.79345703125 -0.30517578125 -3.90625 1709573
-0.79345703125 -0.30517578125 -3.90625 1709573
-0.79345703125 -0.30517578125 -3.90625 1709573
0.732421875 0.6103515625 -3.7841796875 1709649
0.732421875 0.6103515625 -3.7841796875 1709759
-1.89208984375 1.3427734375 -6.9580078125 1709759
-1.89208984375 1.3427734375 -6.9580078125 1709759
-1.89208984375 1.3427734375 -6.9580078125 1709760
-1.89208984375 1.3427734375 -6.9580078125 1709760
-1.89208984375 1.3427734375 -6.9580078125 1709872
0.18310546875 2.99072265625 -6.4697265625 1709873
0.18310546875 2.99072265625 -6.4697265625 1709873
0.18310546875 2.99072265625 -6.4697265625 1709874
0.18310546875 2.99072265625 -6.4697265625 1709874
-0.67138671875 3.72314453125 -15.380859375 1709958
-0.67138671875 3.72314453125 -15.380859375 1710061
16.2353515625 9.6435546875 -29.60205078125 1710061
16.2353515625 9.6435546875 -29.60205078125 1710062
16.2353515625 9.6435546875 -29.60205078125 1710062
16.2353515625 9.6435546875 -29.60205078125 1710062
16.2353515625 9.6435546875 -29.60205078125 1710163
22.15576171875 11.16943359375 -26.42822265625 1710163
22.15576171875 11.16943359375 -26.42822265625 1710164
22.15576171875 11.16943359375 -26.42822265625 1710164
22.15576171875 11.16943359375 -26.42822265625 1710164
45.8984375 51.3916015625 -43.64013671875 1710266
45.8984375 51.3916015625 -43.64013671875 1710266
45.8984375 51.3916015625 -43.64013671875 1710266
45.8984375 51.3916015625 -43.64013671875 1710267
45.8984375 51.3916015625 -43.64013671875 1710369
70.00732421875 84.5947265625 -52.55126953125 1710369
70.00732421875 84.5947265625 -52.55126953125 1710369
70.00732421875 84.5947265625 -52.55126953125 1710370
70.00732421875 84.5947265625 -52.55126953125 1710370
34.423828125 70.49560546875 -29.47998046875 1710450
34.423828125 70.49560546875 -29.47998046875 1710559
33.99658203125 62.3779296875 -22.0947265625 1710559
33.99658203125 62.3779296875 -22.0947265625 1710560
33.99658203125 62.3779296875 -22.0947265625 1710560
33.99658203125 62.3779296875 -22.0947265625 1710560
33.99658203125 62.3779296875 -22.0947265625 1710866
37.53662109375 78.91845703125 -33.203125 1710866
37.53662109375 78.91845703125 -33.203125 1710866
37.53662109375 78.91845703125 -33.203125 1710867
37.53662109375 78.91845703125 -33.203125 1710867
30.09033203125 80.99365234375 -31.67724609375 1710867
9.58251953125 60.11962890625 -27.16064453125 1710868
9.58251953125 60.11962890625 -27.16064453125 1710969
12.5732421875 44.00634765625 -19.4091796875 1710969
12.5732421875 44.00634765625 -19.4091796875 1710969
12.5732421875 44.00634765625 -19.4091796875 1710970
12.5732421875 44.00634765625 -19.4091796875 1710970
-1.220703125 33.75244140625 -12.8173828125 1711049
-1.220703125 33.75244140625 -12.8173828125 1711161
6.04248046875 25.0244140625 -6.8359375 1711161
6.04248046875 25.0244140625 -6.8359375 1711162
6.04248046875 25.0244140625 -6.8359375 1711176
6.04248046875 25.0244140625 -6.8359375 1711176
6.04248046875 25.0244140625 -6.8359375 1711264
1.46484375 11.65771484375 -3.90625 1711264
1.46484375 11.65771484375 -3.90625 1711265
1.46484375 11.65771484375 -3.90625 1711265
1.46484375 11.65771484375 -3.90625 1711368
3.90625 11.5966796875 -6.4697265625 1711368
3.90625 11.5966796875 -6.4697265625 1711368
3.90625 11.5966796875 -6.4697265625 1711369
3.90625 11.5966796875 -6.4697265625 1711369
3.90625 11.5966796875 -6.4697265625 1711470
-4.0283203125 -7.568359375 -1.28173828125 1711475
-4.0283203125 -7.568359375 -1.28173828125 1711476
-4.0283203125 -7.568359375 -1.28173828125 1711476
-4.0283203125 -7.568359375 -1.28173828125 1711476
-15.7470703125 -37.90283203125 11.77978515625 1711549
-15.7470703125 -37.90283203125 11.77978515625 1711660
-21.91162109375 -39.306640625 11.23046875 1711660
-21.91162109375 -39.306640625 11.23046875 1711660
-21.91162109375 -39.306640625 11.23046875 1711661
-21.91162109375 -39.306640625 11.23046875 1711661
-21.91162109375 -39.306640625 11.23046875 1711762
-24.4140625 -57.80029296875 10.92529296875 1711762
-24.4140625 -57.80029296875 10.92529296875 1711763
-24.4140625 -57.80029296875 10.92529296875 1711763
-24.4140625 -57.80029296875 10.92529296875 1711763
-24.4140625 -57.80029296875 10.92529296875 1711865
-26.30615234375 -49.6826171875 10.19287109375 1711866
-26.30615234375 -49.6826171875 10.19287109375 1711866
-26.30615234375 -49.6826171875 10.19287109375 1711866
-26.30615234375 -49.6826171875 10.19287109375 1711867
-26.30615234375 -49.6826171875 10.19287109375 1711969
-26.4892578125 -58.4716796875 12.451171875 1711970
-26.4892578125 -58.4716796875 12.451171875 1711970
-26.4892578125 -58.4716796875 12.451171875 1711970
-26.4892578125 -58.4716796875 12.451171875 1711971
-29.4189453125 -49.13330078125 9.46044921875 1712049
-29.4189453125 -49.13330078125 9.46044921875 1712159
-19.95849609375 -42.48046875 8.85009765625 1712159
-19.95849609375 -42.48046875 8.85009765625 1712160
-19.95849609375 -42.48046875 8.85009765625 1712161
-19.95849609375 -42.48046875 8.85009765625 1712162
-19.95849609375 -42.48046875 8.85009765625 1712263
-17.578125 -31.494140625 7.75146484375 1712263
-17.578125 -31.494140625 7.75146484375 1712264
-17.578125 -31.494140625 7.75146484375 1712264
-17.578125 -31.494140625 7.75146484375 1712264
-17.578125 -31.494140625 7.75146484375 1712365
-20.44677734375 -24.7802734375 8.60595703125 1712366
-20.44677734375 -24.7802734375 8.60595703125 1712366
-20.44677734375 -24.7802734375 8.60595703125 1712366
-20.44677734375 -24.7802734375 8.60595703125 1712367
-20.44677734375 -24.7802734375 8.60595703125 1712468
-15.80810546875 -20.32470703125 6.2255859375 1712469
-15.80810546875 -20.32470703125 6.2255859375 1712469
-15.80810546875 -20.32470703125 6.2255859375 1712469
-15.80810546875 -20.32470703125 6.2255859375 1712470
-15.80810546875 -20.32470703125 6.2255859375 1712571
-16.6015625 -24.84130859375 10.25390625 1712573
-16.6015625 -24.84130859375 10.25390625 1712573
-16.6015625 -24.84130859375 10.25390625 1712574
-16.6015625 -24.84130859375 10.25390625 1712574
-19.287109375 -28.13720703125 5.55419921875 1712648
-19.287109375 -28.13720703125 5.55419921875 1712759
-13.0615234375 -16.17431640625 7.6904296875 1712759
-13.0615234375 -16.17431640625 7.6904296875 1712759
-13.0615234375 -16.17431640625 7.6904296875 1712760
-13.0615234375 -16.17431640625 7.6904296875 1712760
-13.0615234375 -16.17431640625 7.6904296875 1712862
-13.671875 -1.89208984375 11.962890625 1712862
-13.671875 -1.89208984375 11.962890625 1712863
-13.671875 -1.89208984375 11.962890625 1712863
-13.671875 -1.89208984375 11.962890625 1712863
-6.7138671875 15.869140625 9.58251953125 1712964
-6.7138671875 15.869140625 9.58251953125 1712965
-6.7138671875 15.869140625 9.58251953125 1712965
-6.7138671875 15.869140625 9.58251953125 1712965
-6.7138671875 15.869140625 9.58251953125 1713071
-0.91552734375 35.94970703125 19.10400390625 1713071
-0.91552734375 35.94970703125 19.10400390625 1713072
-0.91552734375 35.94970703125 19.10400390625 1713072
-0.91552734375 35.94970703125 19.10400390625 1713073
16.05224609375 56.57958984375 14.46533203125 1713159
16.05224609375 56.57958984375 14.46533203125 1713259
12.6953125 39.794921875 15.07568359375 1713260
12.6953125 39.794921875 15.07568359375 1713260
12.6953125 39.794921875 15.07568359375 1713260
12.6953125 39.794921875 15.07568359375 1713261
12.6953125 39.794921875 15.07568359375 1713362
39.6728515625 41.8701171875 12.6953125 1713362
39.6728515625 41.8701171875 12.6953125 1713362
39.6728515625 41.8701171875 12.6953125 1713363
39.6728515625 41.8701171875 12.6953125 1713363
49.37744140625 36.9873046875 14.34326171875 1713465
49.37744140625 36.9873046875 14.34326171875 1713465
49.37744140625 36.9873046875 14.34326171875 1713466
49.37744140625 36.9873046875 14.34326171875 1713466
49.37744140625 36.9873046875 14.34326171875 1713570
46.0205078125 25.2685546875 8.48388671875 1713571
46.0205078125 25.2685546875 8.48388671875 1713572
46.0205078125 25.2685546875 8.48388671875 1713572
46.0205078125 25.2685546875 8.48388671875 1713573
27.64892578125 13.427734375 -0.54931640625 1713646
27.64892578125 13.427734375 -0.54931640625 1713758
-1.5869140625 -10.1318359375 25.45166015625 1713758
-1.5869140625 -10.1318359375 25.45166015625 1713758
-1.5869140625 -10.1318359375 25.45166015625 1713759
-1.5869140625 -10.1318359375 25.45166015625 1713759
-1.5869140625 -10.1318359375 25.45166015625 1713861
-26.91650390625 -18.9208984375 1.953125 1713861
-26.91650390625 -18.9208984375 1.953125 1713862
-26.91650390625 -18.9208984375 1.953125 1713862
-26.91650390625 -18.9208984375 1.953125 1713862
-26.91650390625 -18.9208984375 1.953125 1713963
-30.8837890625 -33.02001953125 16.41845703125 1713963
-30.8837890625 -33.02001953125 16.41845703125 1713963
-30.8837890625 -33.02001953125 16.41845703125 1713964
-30.8837890625 -33.02001953125 16.41845703125 1713964
-30.8837890625 -33.02001953125 16.41845703125 1714066
-17.39501953125 -28.38134765625 7.080078125 1714066
-17.39501953125 -28.38134765625 7.080078125 1714066
-17.39501953125 -28.38134765625 7.080078125 1714067
-17.39501953125 -28.38134765625 7.080078125 1714067
-17.39501953125 -28.38134765625 7.080078125 1714168
-43.8232421875 -50.72021484375 18.9208984375 1714168
-43.8232421875 -50.72021484375 18.9208984375 1714168
-43.8232421875 -50.72021484375 18.9208984375 1714169
-43.8232421875 -50.72021484375 18.9208984375 1714169
-23.01025390625 -23.8037109375 1.953125 1714246
-23.01025390625 -23.8037109375 1.953125 1714358
-34.7900390625 -40.283203125 20.93505859375 1714358
-34.7900390625 -40.283203125 20.93505859375 1714358
-34.7900390625 -40.283203125 20.93505859375 1714359
-34.7900390625 -40.283203125 20.93505859375 1714359
-34.7900390625 -40.283203125 20.93505859375 1714463
-10.25390625 -6.16455078125 -1.89208984375 1714463
-10.25390625 -6.16455078125 -1.89208984375 1714464
-10.25390625 -6.16455078125 -1.89208984375 1714464
-10.25390625 -6.16455078125 -1.89208984375 1714464
-10.25390625 -6.16455078125 -1.89208984375 1714566
-5.126953125 -2.38037109375 -6.53076171875 1714566
-5.126953125 -2.38037109375 -6.53076171875 1714567
-5.126953125 -2.38037109375 -6.53076171875 1714567
-5.126953125 -2.38037109375 -6.53076171875 1714567
-5.126953125 -2.38037109375 -6.53076171875 1714668
-7.87353515625 -6.04248046875 -1.40380859375 1714668
-7.87353515625 -6.04248046875 -1.40380859375 1714668
-7.87353515625 -6.04248046875 -1.40380859375 1714669
-7.87353515625 -6.04248046875 -1.40380859375 1714669
-2.50244140625 2.13623046875 -5.126953125 1714746
-2.50244140625 2.13623046875 -5.126953125 1714858
-4.0283203125 -3.72314453125 -6.04248046875 1714858
-4.0283203125 -3.72314453125 -6.04248046875 1714859
-4.0283203125 -3.72314453125 -6.04248046875 1714859
-4.0283203125 -3.72314453125 -6.04248046875 1714860
-4.0283203125 -3.72314453125 -6.04248046875 1714960
-4.57763671875 0.06103515625 -2.50244140625 1714961
-4.57763671875 0.06103515625 -2.50244140625 1714961
-4.57763671875 0.06103515625 -2.50244140625 1714962
-4.57763671875 0.06103515625 -2.50244140625 1714962
-4.57763671875 0.06103515625 -2.50244140625 1715064
-2.38037109375 0.67138671875 0.1220703125 1715065
-2.38037109375 0.67138671875 0.1220703125 1715065
-2.38037109375 0.67138671875 0.1220703125 1715065
-2.38037109375 0.67138671875 0.1220703125 1715066
-2.38037109375 0.67138671875 0.1220703125 1715167
-2.74658203125 3.23486328125 -1.220703125 1715167
-2.74658203125 3.23486328125 -1.220703125 1715168
-2.74658203125 3.23486328125 -1.220703125 1715168
-2.74658203125 3.23486328125 -1.220703125 1715168
-2.74658203125 3.23486328125 -1.220703125 1715269
7.99560546875 3.173828125 -1.64794921875 1715270
7.99560546875 3.173828125 -1.64794921875 1715270
7.99560546875 3.173828125 -1.64794921875 1715270
7.99560546875 3.173828125 -1.64794921875 1715271
-1.28173828125 -3.35693359375 -3.662109375 1715349
-1.28173828125 -3.35693359375 -3.662109375 1715458
2.62451171875 -2.3193359375 -3.90625 1715458
2.62451171875 -2.3193359375 -3.90625 1715459
2.62451171875 -2.3193359375 -3.90625 1715459
2.62451171875 -2.3193359375 -3.90625 1715460
2.62451171875 -2.3193359375 -3.90625 1715560
-3.23486328125 -2.99072265625 1.0986328125 1715561
-3.23486328125 -2.99072265625 1.0986328125 1715561
-3.23486328125 -2.99072265625 1.0986328125 1715562
-3.23486328125 -2.99072265625 1.0986328125 1715562
-3.23486328125 -2.99072265625 1.0986328125 1715671
-3.96728515625 -4.7607421875 -2.44140625 1715671
-3.96728515625 -4.7607421875 -2.44140625 1715672
-3.96728515625 -4.7607421875 -2.44140625 1715673
-3.96728515625 -4.7607421875 -2.44140625 1715673
0.9765625 -8.544921875 -2.25830078125 1715765
0.9765625 -8.544921875 -2.25830078125 1715868
-6.2255859375 -1.3427734375 -1.77001953125 1715868
-6.2255859375 -1.3427734375 -1.77001953125 1715869
-6.2255859375 -1.3427734375 -1.77001953125 1715869
-6.2255859375 -1.3427734375 -1.77001953125 1715869
-1.77001953125 -1.40380859375 -3.60107421875 1715949
-1.77001953125 -1.40380859375 -3.60107421875 1716060
-9.1552734375 1.5869140625 -5.79833984375 1716060
-9.1552734375 1.5869140625 -5.79833984375 1716061
-9.1552734375 1.5869140625 -5.79833984375 1716061
-9.1552734375 1.5869140625 -5.79833984375 1716061
-9.1552734375 1.5869140625 -5.79833984375 1716168
-9.3994140625 -4.08935546875 -10.25390625 1716168
-9.3994140625 -4.08935546875 -10.25390625 1716168
-9.3994140625 -4.08935546875 -10.25390625 1716169
-9.3994140625 -4.08935546875 -10.25390625 1716169
-2.62451171875 -2.44140625 -12.26806640625 1716267
-2.62451171875 -2.44140625 -12.26806640625 1716356
2.38037109375 -1.40380859375 -8.23974609375 1716356
2.38037109375 -1.40380859375 -8.23974609375 1716357
2.38037109375 -1.40380859375 -8.23974609375 1716357
2.38037109375 -1.40380859375 -8.23974609375 1716357
2.38037109375 -1.40380859375 -8.23974609375 1716460
-1.3427734375 -0.91552734375 -6.28662109375 1716460
-1.3427734375 -0.91552734375 -6.28662109375 1716460
-1.3427734375 -0.91552734375 -6.28662109375 1716461
-1.3427734375 -0.91552734375 -6.28662109375 1716461
-1.3427734375 -0.91552734375 -6.28662109375 1716562
-9.82666015625 -2.13623046875 -6.04248046875 1716562
-9.82666015625 -2.13623046875 -6.04248046875 1716563
-9.82666015625 -2.13623046875 -6.04248046875 1716563
-9.82666015625 -2.13623046875 -6.04248046875 1716563
-9.82666015625 -2.13623046875 -6.04248046875 1716664
-4.638671875 -0.30517578125 -2.62451171875 1716664
-4.638671875 -0.30517578125 -2.62451171875 1716664
-4.638671875 -0.30517578125 -2.62451171875 1716665
-4.638671875 -0.30517578125 -2.62451171875 1716665
-4.638671875 -0.30517578125 -2.62451171875 1716767
-6.591796875 0.91552734375 -5.2490234375 1716767
-6.591796875 0.91552734375 -5.2490234375 1716768
-6.591796875 0.91552734375 -5.2490234375 1716768
-6.591796875 0.91552734375 -5.2490234375 1716768
-6.591796875 0.91552734375 -5.2490234375 1716869
2.0751953125 -2.99072265625 1.89208984375 1716869
2.0751953125 -2.99072265625 1.89208984375 1716869
2.0751953125 -2.99072265625 1.89208984375 1716870
2.0751953125 -2.99072265625 1.89208984375 1716871
2.99072265625 0.30517578125 -4.8828125 1716948
2.99072265625 0.30517578125 -4.8828125 1717058
1.52587890625 -1.0986328125 -5.37109375 1717058
1.52587890625 -1.0986328125 -5.37109375 1717058
1.52587890625 -1.0986328125 -5.37109375 1717059
1.52587890625 -1.0986328125 -5.37109375 1717059
1.52587890625 -1.0986328125 -5.37109375 1717161
0.18310546875 0.54931640625 -2.5634765625 1717161
0.18310546875 0.54931640625 -2.5634765625 1717162
0.18310546875 0.54931640625 -2.5634765625 1717162
0.18310546875 0.54931640625 -2.5634765625 1717162
-0.18310546875 1.15966796875 2.197265625 1717263
-0.18310546875 1.15966796875 2.197265625 1717263
-0.18310546875 1.15966796875 2.197265625 1717264
-0.18310546875 1.15966796875 2.197265625 1717264
-0.18310546875 1.15966796875 2.197265625 1717366
-1.3427734375 -0.6103515625 -5.0048828125 1717366
-1.3427734375 -0.6103515625 -5.0048828125 1717367
-1.3427734375 -0.6103515625 -5.0048828125 1717367
-1.3427734375 -0.6103515625 -5.0048828125 1717367
2.9296875 2.01416015625 -5.79833984375 1717445
2.9296875 2.01416015625 -5.79833984375 1717556
2.86865234375 0 -6.8359375 1717556
2.86865234375 0 -6.8359375 1717557
2.86865234375 0 -6.8359375 1717557
2.86865234375 0 -6.8359375 1717557
2.86865234375 0 -6.8359375 1717663
0 -1.46484375 -9.521484375 1717663
0 -1.46484375 -9.521484375 1717663
0 -1.46484375 -9.521484375 1717664
0 -1.46484375 -9.521484375 1717664
0 -1.46484375 -9.521484375 1717765
3.96728515625 -2.86865234375 -7.50732421875 1717765
3.96728515625 -2.86865234375 -7.50732421875 1717766
3.96728515625 -2.86865234375 -7.50732421875 1717766
3.96728515625 -2.86865234375 -7.50732421875 1717766
3.96728515625 -2.86865234375 -7.50732421875 1717868
2.0751953125 0 -9.94873046875 1717868
2.0751953125 0 -9.94873046875 1717869
2.0751953125 0 -9.94873046875 1717869
2.0751953125 0 -9.94873046875 1717870
-5.79833984375 -5.0048828125 -11.8408203125 1717946
-5.79833984375 -5.0048828125 -11.8408203125 1718057
-1.953125 -1.708984375 -7.87353515625 1718057
-1.953125 -1.708984375 -7.87353515625 1718058
-1.953125 -1.708984375 -7.87353515625 1718058
-1.953125 -1.708984375 -7.87353515625 1718059
-1.953125 -1.708984375 -7.87353515625 1718159
-1.220703125 -0.54931640625 -8.1787109375 1718159
-1.220703125 -0.54931640625 -8.1787109375 1718159
-1.220703125 -0.54931640625 -8.1787109375 1718160
-1.220703125 -0.54931640625 -8.1787109375 1718160
-1.220703125 -0.54931640625 -8.1787109375 1718263
-2.62451171875 -2.62451171875 -7.32421875 1718263
-2.62451171875 -2.62451171875 -7.32421875 1718264
-2.62451171875 -2.62451171875 -7.32421875 1718264
-2.62451171875 -2.62451171875 -7.32421875 1718264
-2.62451171875 -2.62451171875 -7.32421875 1718366
2.01416015625 -1.77001953125 -0.732421875 1718366
2.01416015625 -1.77001953125 -0.732421875 1718367
2.01416015625 -1.77001953125 -0.732421875 1718367
2.01416015625 -1.77001953125 -0.732421875 1718367
2.01416015625 -1.77001953125 -0.732421875 1718468
2.86865234375 -2.01416015625 -5.7373046875 1718468
2.86865234375 -2.01416015625 -5.7373046875 1718468
2.86865234375 -2.01416015625 -5.7373046875 1718469
2.86865234375 -2.01416015625 -5.7373046875 1718469
1.8310546875 -0.54931640625 -0.1220703125 1718545
1.8310546875 -0.54931640625 -0.1220703125 1718657
0.42724609375 0.67138671875 -3.23486328125 1718657
0.42724609375 0.67138671875 -3.23486328125 1718658
0.42724609375 0.67138671875 -3.23486328125 1718658
0.42724609375 0.67138671875 -3.23486328125 1718658
0.42724609375 0.67138671875 -3.23486328125 1718764
0.18310546875 1.708984375 -3.72314453125 1718764
0.18310546875 1.708984375 -3.72314453125 1718766
0.18310546875 1.708984375 -3.72314453125 1718766
0.18310546875 1.708984375 -3.72314453125 1718767
6.34765625 0.9765625 -5.615234375 1718862
6.34765625 0.9765625 -5.615234375 1718964
6.28662109375 2.86865234375 -6.2255859375 1718965
6.28662109375 2.86865234375 -6.2255859375 1718965
6.28662109375 2.86865234375 -6.2255859375 1718965
6.28662109375 2.86865234375 -6.2255859375 1718966
6.28662109375 2.86865234375 -6.2255859375 1719067
2.13623046875 1.28173828125 -4.0283203125 1719076
2.13623046875 1.28173828125 -4.0283203125 1719076
2.13623046875 1.28173828125 -4.0283203125 1719077
2.13623046875 1.28173828125 -4.0283203125 1719077
1.40380859375 3.41796875 -0.06103515625 1719145
1.40380859375 3.41796875 -0.06103515625 1719260
5.9814453125 2.197265625 -0.244140625 1719260
5.9814453125 2.197265625 -0.244140625 1719261
5.9814453125 2.197265625 -0.244140625 1719261
5.9814453125 2.197265625 -0.244140625 1719261
2.5634765625 2.38037109375 -6.65283203125 1719359
2.5634765625 2.38037109375 -6.65283203125 1719471
3.2958984375 0 -1.28173828125 1719472
3.2958984375 0 -1.28173828125 1719472
3.2958984375 0 -1.28173828125 1719472
3.2958984375 0 -1.28173828125 1719473
0.48828125 0.30517578125 -3.662109375 1719558
0.48828125 0.30517578125 -3.662109375 1719661
3.47900390625 -0.79345703125 -4.57763671875 1719661
3.47900390625 -0.79345703125 -4.57763671875 1719661
3.47900390625 -0.79345703125 -4.57763671875 1719662
3.47900390625 -0.79345703125 -4.57763671875 1719662
3.47900390625 -0.79345703125 -4.57763671875 1719763
-2.8076171875 1.0986328125 2.197265625 1719764
-2.8076171875 1.0986328125 2.197265625 1719765
-2.8076171875 1.0986328125 2.197265625 1719765
-2.8076171875 1.0986328125 2.197265625 1719766
-2.8076171875 1.0986328125 2.197265625 1719865
-0.42724609375 1.64794921875 -0.91552734375 1719865
-0.42724609375 1.64794921875 -0.91552734375 1719866
-0.42724609375 1.64794921875 -0.91552734375 1719866
-0.42724609375 1.64794921875 -0.91552734375 1719866
-0.42724609375 1.64794921875 -0.91552734375 1719967
2.01416015625 2.0751953125 -1.40380859375 1719967
2.01416015625 2.0751953125 -1.40380859375 1719967
2.01416015625 2.0751953125 -1.40380859375 1719968
2.01416015625 2.0751953125 -1.40380859375 1719968
2.25830078125 5.0048828125 1.220703125 1720048
2.25830078125 5.0048828125 1.220703125 1720157
2.5634765625 4.57763671875 -0.8544921875 1720157
2.5634765625 4.57763671875 -0.8544921875 1720158
2.5634765625 4.57763671875 -0.8544921875 1720158
2.5634765625 4.57763671875 -0.8544921875 1720158
2.5634765625 4.57763671875 -0.8544921875 1720263
2.197265625 4.150390625 1.15966796875 1720263
2.197265625 4.150390625 1.15966796875 1720264
2.197265625 4.150390625 1.15966796875 1720264
2.197265625 4.150390625 1.15966796875 1720265
2.197265625 4.150390625 1.15966796875 1720365
-0.1220703125 8.36181640625 10.55908203125 1720365
-0.1220703125 8.36181640625 10.55908203125 1720365
-0.1220703125 8.36181640625 10.55908203125 1720366
-0.1220703125 8.36181640625 10.55908203125 1720366
6.04248046875 9.765625 8.72802734375 1720450
6.04248046875 9.765625 8.72802734375 1720558
2.8076171875 6.53076171875 11.5966796875 1720558
2.8076171875 6.53076171875 11.5966796875 1720559
2.8076171875 6.53076171875 11.5966796875 1720559
2.8076171875 6.53076171875 11.5966796875 1720559
2.8076171875 6.53076171875 11.5966796875 1720661
3.11279296875 5.9814453125 7.8125 1720661
3.11279296875 5.9814453125 7.8125 1720661
3.11279296875 5.9814453125 7.8125 1720662
3.11279296875 5.9814453125 7.8125 1720662
3.11279296875 5.9814453125 7.8125 1720763
-3.7841796875 2.25830078125 0.79345703125 1720763
-3.7841796875 2.25830078125 0.79345703125 1720763
-3.7841796875 2.25830078125 0.79345703125 1720764
-3.7841796875 2.25830078125 0.79345703125 1720764
-3.7841796875 2.25830078125 0.79345703125 1720865
3.662109375 -0.79345703125 3.84521484375 1720865
3.662109375 -0.79345703125 3.84521484375 1720865
3.662109375 -0.79345703125 3.84521484375 1720866
3.662109375 -0.79345703125 3.84521484375 1720866
3.662109375 -0.79345703125 3.84521484375 1720980
-1.52587890625 0.9765625 1.52587890625 1720980
-1.52587890625 0.9765625 1.52587890625 1720981
-1.52587890625 0.9765625 1.52587890625 1720981
-1.52587890625 0.9765625 1.52587890625 1720981
2.8076171875 1.953125 -1.3427734375 1721070
2.8076171875 1.953125 -1.3427734375 1721166
0.67138671875 2.44140625 -0.79345703125 1721166
0.67138671875 2.44140625 -0.79345703125 1721166
0.67138671875 2.44140625 -0.79345703125 1721167
0.67138671875 2.44140625 -0.79345703125 1721167
2.25830078125 -0.18310546875 -1.220703125 1721263
2.25830078125 -0.18310546875 -1.220703125 1721352
0.54931640625 0.1220703125 -0.8544921875 1721352
0.54931640625 0.1220703125 -0.8544921875 1721353
0.54931640625 0.1220703125 -0.8544921875 1721353
0.54931640625 0.1220703125 -0.8544921875 1721353
0.54931640625 0.1220703125 -0.8544921875 1721457
-1.89208984375 1.28173828125 0.18310546875 1721457
-1.89208984375 1.28173828125 0.18310546875 1721458
-1.89208984375 1.28173828125 0.18310546875 1721458
-1.89208984375 1.28173828125 0.18310546875 1721458
-1.89208984375 1.28173828125 0.18310546875 1721575
0.244140625 0.67138671875 -0.9765625 1721575
0.244140625 0.67138671875 -0.9765625 1721576
0.244140625 0.67138671875 -0.9765625 1721576
0.244140625 0.67138671875 -0.9765625 1721576
0.91552734375 -0.48828125 -1.3427734375 1721661
0.91552734375 -0.48828125 -1.3427734375 1721764
-2.197265625 1.28173828125 -1.0986328125 1721764
-2.197265625 1.28173828125 -1.0986328125 1721764
-2.197265625 1.28173828125 -1.0986328125 1721765
-2.197265625 1.28173828125 -1.0986328125 1721765
-1.40380859375 0.244140625 -0.06103515625 1721850
-1.40380859375 0.244140625 -0.06103515625 1721955
0.6103515625 -0.732421875 -3.23486328125 1721956
0.6103515625 -0.732421875 -3.23486328125 1721956
0.6103515625 -0.732421875 -3.23486328125 1721956
0.6103515625 -0.732421875 -3.23486328125 1721957
0.6103515625 -0.732421875 -3.23486328125 1722065
-1.5869140625 -0.48828125 -1.64794921875 1722066
-1.5869140625 -0.48828125 -1.64794921875 1722066
-1.5869140625 -0.48828125 -1.64794921875 1722067
-1.5869140625 -0.48828125 -1.64794921875 1722067
-2.0751953125 0.1220703125 -2.62451171875 1722160
-2.0751953125 0.1220703125 -2.62451171875 1722263
0.732421875 1.52587890625 0 1722263
0.732421875 1.52587890625 0 1722263
0.732421875 1.52587890625 0 1722264
0.732421875 1.52587890625 0 1722264
0.732421875 1.52587890625 0 1722366
-4.2724609375 -0.79345703125 -2.13623046875 1722366
-4.2724609375 -0.79345703125 -2.13623046875 1722367
-4.2724609375 -0.79345703125 -2.13623046875 1722367
-4.2724609375 -0.79345703125 -2.13623046875 1722367
0.732421875 0.30517578125 0.244140625 1722444
0.732421875 0.30517578125 0.244140625 1722565
1.0986328125 1.77001953125 -1.8310546875 1722565
1.0986328125 1.77001953125 -1.8310546875 1722565
1.0986328125 1.77001953125 -1.8310546875 1722566
1.0986328125 1.77001953125 -1.8310546875 1722566
1.0986328125 1.77001953125 -1.8310546875 1722671
-2.38037109375 0 -2.44140625 1722672
-2.38037109375 0 -2.44140625 1722672
-2.38037109375 0 -2.44140625 1722673
-2.38037109375 0 -2.44140625 1722673
-1.15966796875 0.91552734375 -1.953125 1722757
-1.15966796875 0.91552734375 -1.953125 1722850
0 0.30517578125 -3.0517578125 1722860
0 0.30517578125 -3.0517578125 1722861
0 0.30517578125 -3.0517578125 1722861
0 0.30517578125 -3.0517578125 1722861
0 0.30517578125 -3.0517578125 1722964
-0.732421875 -0.3662109375 -4.638671875 1722964
-0.732421875 -0.3662109375 -4.638671875 1722965
-0.732421875 -0.3662109375 -4.638671875 1722966
-0.732421875 -0.3662109375 -4.638671875 1722966
-0.732421875 -0.3662109375 -4.638671875 1723066
-1.28173828125 0.244140625 -4.2724609375 1723067
-1.28173828125 0.244140625 -4.2724609375 1723067
-1.28173828125 0.244140625 -4.2724609375 1723067
-1.28173828125 0.244140625 -4.2724609375 1723068
-4.08935546875 1.5869140625 -8.36181640625 1723144
-4.08935546875 1.5869140625 -8.36181640625 1723254
-3.60107421875 1.46484375 -11.77978515625 1723254
-3.60107421875 1.46484375 -11.77978515625 1723255
-3.60107421875 1.46484375 -11.77978515625 1723255
-3.60107421875 1.46484375 -11.77978515625 1723256
-3.60107421875 1.46484375 -11.77978515625 1723356
1.77001953125 1.708984375 -17.39501953125 1723356
1.77001953125 1.708984375 -17.39501953125 1723357
1.77001953125 1.708984375 -17.39501953125 1723357
1.77001953125 1.708984375 -17.39501953125 1723357
1.77001953125 1.708984375 -17.39501953125 1723459
9.46044921875 3.11279296875 -29.052734375 1723459
9.46044921875 3.11279296875 -29.052734375 1723460
9.46044921875 3.11279296875 -29.052734375 1723460
9.46044921875 3.11279296875 -29.052734375 1723461
9.46044921875 3.11279296875 -29.052734375 1723563
36.31591796875 37.109375 -45.654296875 1723563
36.31591796875 37.109375 -45.654296875 1723563
36.31591796875 37.109375 -45.654296875 1723564
36.31591796875 37.109375 -45.654296875 1723564
36.31591796875 37.109375 -45.654296875 1723665
68.9697265625 87.95166015625 -60.791015625 1723665
68.9697265625 87.95166015625 -60.791015625 1723666
68.9697265625 87.95166015625 -60.791015625 1723666
68.9697265625 87.95166015625 -60.791015625 1723666
35.64453125 74.03564453125 -32.3486328125 1723743
35.64453125 74.03564453125 -32.3486328125 1723879
38.9404296875 83.740234375 -43.45703125 1723879
38.9404296875 83.740234375 -43.45703125 1723880
38.9404296875 83.740234375 -43.45703125 1723880
38.9404296875 83.740234375 -43.45703125 1723880
21.30126953125 72.6318359375 -34.11865234375 1723958
21.30126953125 72.6318359375 -34.11865234375 1724063
21.91162109375 76.171875 -31.25 1724063
21.91162109375 76.171875 -31.25 1724063
21.91162109375 76.171875 -31.25 1724064
21.91162109375 76.171875 -31.25 1724064
21.91162109375 76.171875 -31.25 1724165
13.48876953125 66.7724609375 -26.123046875 1724165
13.48876953125 66.7724609375 -26.123046875 1724166
13.48876953125 66.7724609375 -26.123046875 1724166
13.48876953125 66.7724609375 -26.123046875 1724168
7.32421875 37.7197265625 -12.87841796875 1724245
7.32421875 37.7197265625 -12.87841796875 1724357
5.859375 19.53125 -7.50732421875 1724357
5.859375 19.53125 -7.50732421875 1724357
5.859375 19.53125 -7.50732421875 1724358
5.859375 19.53125 -7.50732421875 1724358
5.859375 19.53125 -7.50732421875 1724459
-8.48388671875 2.197265625 1.64794921875 1724459
-8.48388671875 2.197265625 1.64794921875 1724459
-8.48388671875 2.197265625 1.64794921875 1724460
-8.48388671875 2.197265625 1.64794921875 1724460
-8.48388671875 2.197265625 1.64794921875 1724561
12.6953125 33.5693359375 -10.80322265625 1724561
12.6953125 33.5693359375 -10.80322265625 1724561
12.6953125 33.5693359375 -10.80322265625 1724562
12.6953125 33.5693359375 -10.80322265625 1724562
12.6953125 33.5693359375 -10.80322265625 1724673
1.0986328125 21.30126953125 -5.37109375 1724701
1.0986328125 21.30126953125 -5.37109375 1724702
1.0986328125 21.30126953125 -5.37109375 1724702
1.0986328125 21.30126953125 -5.37109375 1724702
-3.72314453125 7.8125 -5.4931640625 1724743
