-0.01708984375 0.37353515625 0.93212890625 1656667
-0.01708984375 0.37353515625 0.93212890625 1656667
-0.01708984375 0.37353515625 0.93212890625 1656668
-0.01708984375 0.37353515625 0.93212890625 1656669
-0.01708984375 0.37353515625 0.93212890625 1656669
-0.01708984375 0.37353515625 0.93212890625 1656670
-0.021484375 0.373046875 0.94091796875 1656670
-0.02099609375 0.3828125 0.9560546875 1656705
-0.0146484375 0.36572265625 0.9453125 1656792
-0.0146484375 0.36572265625 0.9453125 1656792
-0.0146484375 0.36572265625 0.9453125 1656793
-0.0146484375 0.36572265625 0.9453125 1656793
-0.0146484375 0.36572265625 0.9453125 1656794
-0.01123046875 0.36279296875 0.935546875 1656894
-0.01123046875 0.36279296875 0.935546875 1656895
-0.01123046875 0.36279296875 0.935546875 1656896
-0.01123046875 0.36279296875 0.935546875 1656896
-0.01123046875 0.36279296875 0.935546875 1656896
-0.015625 0.37939453125 0.9365234375 1656972
-0.005859375 0.3701171875 0.9287109375 1657108
-0.005859375 0.3701171875 0.9287109375 1657108
-0.005859375 0.3701171875 0.9287109375 1657109
-0.005859375 0.3701171875 0.9287109375 1657109
-0.005859375 0.3701171875 0.9287109375 1657109
-0.00390625 0.37109375 0.93994140625 1657185
-0.0048828125 0.380859375 0.9521484375 1657288
-0.0048828125 0.380859375 0.9521484375 1657288
-0.0048828125 0.380859375 0.9521484375 1657288
-0.0048828125 0.380859375 0.9521484375 1657289
-0.0048828125 0.380859375 0.9521484375 1657289
-0.01318359375 0.384765625 0.93310546875 1657393
-0.01318359375 0.384765625 0.93310546875 1657393
-0.01318359375 0.384765625 0.93310546875 1657393
-0.01318359375 0.384765625 0.93310546875 1657394
-0.01318359375 0.384765625 0.93310546875 1657394
-0.00390625 0.3642578125 0.91748046875 1657479
-0.00048828125 0.3857421875 0.951171875 1657595
-0.00048828125 0.3857421875 0.951171875 1657596
-0.00048828125 0.3857421875 0.951171875 1657597
-0.00048828125 0.3857421875 0.951171875 1657597
-0.00048828125 0.3857421875 0.951171875 1657597
-0.01806640625 0.39306640625 0.9453125 1657684
0.00048828125 0.37646484375 0.93408203125 1657786
0.00048828125 0.37646484375 0.93408203125 1657787
0.00048828125 0.37646484375 0.93408203125 1657787
0.00048828125 0.37646484375 0.93408203125 1657787
0.00048828125 0.37646484375 0.93408203125 1657788
-0.0048828125 0.38037109375 0.9365234375 1657890
-0.0048828125 0.38037109375 0.9365234375 1657890
-0.0048828125 0.38037109375 0.9365234375 1657891
-0.0048828125 0.38037109375 0.9365234375 1657891
-0.0048828125 0.38037109375 0.9365234375 1657892
-0.00634765625 0.39013671875 0.93115234375 1657991
-0.00634765625 0.39013671875 0.93115234375 1657992
-0.00634765625 0.39013671875 0.93115234375 1657992
-0.00634765625 0.39013671875 0.93115234375 1657992
-0.00634765625 0.39013671875 0.93115234375 1657992
-0.0068359375 0.38818359375 0.92822265625 1658070
-0.01416015625 0.396484375 0.9365234375 1658184
-0.01416015625 0.396484375 0.9365234375 1658185
-0.01416015625 0.396484375 0.9365234375 1658185
-0.01416015625 0.396484375 0.9365234375 1658186
-0.01416015625 0.396484375 0.9365234375 1658186
-0.0048828125 0.40478515625 0.93310546875 1658284
-0.02001953125 0.4013671875 0.91796875 1658387
-0.02001953125 0.4013671875 0.91796875 1658387
-0.02001953125 0.4013671875 0.91796875 1658387
-0.02001953125 0.4013671875 0.91796875 1658388
-0.02001953125 0.4013671875 0.91796875 1658388
-0.00830078125 0.40576171875 0.93212890625 1658501
-0.00830078125 0.40576171875 0.93212890625 1658501
-0.00830078125 0.40576171875 0.93212890625 1658502
-0.00830078125 0.40576171875 0.93212890625 1658502
-0.00830078125 0.40576171875 0.93212890625 1658502
-0.01513671875 0.396484375 0.90966796875 1658592
-0.01318359375 0.4130859375 0.92529296875 1658672
-0.01318359375 0.4130859375 0.92529296875 1658672
-0.01318359375 0.4130859375 0.92529296875 1658672
-0.01318359375 0.4130859375 0.92529296875 1658673
-0.01318359375 0.4130859375 0.92529296875 1658673
-0.01318359375 0.4208984375 0.93603515625 1658783
-0.01318359375 0.4208984375 0.93603515625 1658783
-0.01318359375 0.4208984375 0.93603515625 1658784
-0.01318359375 0.4208984375 0.93603515625 1658784
-0.01318359375 0.4208984375 0.93603515625 1658784
-0.02099609375 0.416015625 0.92919921875 1658885
-0.02099609375 0.416015625 0.92919921875 1658885
-0.02099609375 0.416015625 0.92919921875 1658885
-0.02099609375 0.416015625 0.92919921875 1658886
-0.02099609375 0.416015625 0.92919921875 1658886
-0.0185546875 0.4208984375 0.9267578125 1658987
-0.0185546875 0.4208984375 0.9267578125 1658987
-0.0185546875 0.4208984375 0.9267578125 1658988
-0.0185546875 0.4208984375 0.9267578125 1658988
-0.0185546875 0.4208984375 0.9267578125 1658988
-0.01171875 0.4140625 0.921875 1659091
-0.01171875 0.4140625 0.921875 1659091
-0.01171875 0.4140625 0.921875 1659091
-0.01171875 0.4140625 0.921875 1659092
-0.01171875 0.4140625 0.921875 1659092
-0.01513671875 0.41015625 0.91748046875 1659193
-0.01513671875 0.41015625 0.91748046875 1659193
-0.01513671875 0.41015625 0.91748046875 1659194
-0.01513671875 0.41015625 0.91748046875 1659195
-0.01513671875 0.41015625 0.91748046875 1659195
-0.009765625 0.40869140625 0.923828125 1659273
-0.01806640625 0.41796875 0.91748046875 1659382
-0.01806640625 0.41796875 0.91748046875 1659382
-0.01806640625 0.41796875 0.91748046875 1659383
-0.01806640625 0.41796875 0.91748046875 1659383
-0.01806640625 0.41796875 0.91748046875 1659383
-0.0107421875 0.41796875 0.92919921875 1659486
-0.0107421875 0.41796875 0.92919921875 1659486
-0.0107421875 0.41796875 0.92919921875 1659486
-0.0107421875 0.41796875 0.92919921875 1659487
-0.0107421875 0.41796875 0.92919921875 1659487
-0.0166015625 0.40869140625 0.92236328125 1659588
-0.0166015625 0.40869140625 0.92236328125 1659588
-0.0166015625 0.40869140625 0.92236328125 1659589
-0.0166015625 0.40869140625 0.92236328125 1659589
-0.0166015625 0.40869140625 0.92236328125 1659590
-0.02001953125 0.41552734375 0.92578125 1659691
-0.02001953125 0.41552734375 0.92578125 1659691
-0.02001953125 0.41552734375 0.92578125 1659691
-0.02001953125 0.41552734375 0.92578125 1659692
-0.02001953125 0.41552734375 0.92578125 1659692
-0.00830078125 0.40673828125 0.91357421875 1659793
-0.00830078125 0.40673828125 0.91357421875 1659793
-0.00830078125 0.40673828125 0.91357421875 1659794
-0.00830078125 0.40673828125 0.91357421875 1659794
-0.00830078125 0.40673828125 0.91357421875 1659795
-0.01904296875 0.4248046875 0.93505859375 1659870
-0.015625 0.41357421875 0.91845703125 1659982
-0.015625 0.41357421875 0.91845703125 1659982
-0.015625 0.41357421875 0.91845703125 1659982
-0.015625 0.41357421875 0.91845703125 1659983
-0.015625 0.41357421875 0.91845703125 1659983
-0.02001953125 0.416015625 0.916015625 1660084
-0.02001953125 0.416015625 0.916015625 1660084
-0.02001953125 0.416015625 0.916015625 1660085
-0.02001953125 0.416015625 0.916015625 1660085
-0.02001953125 0.416015625 0.916015625 1660085
-0.01806640625 0.4248046875 0.9326171875 1660186
-0.01806640625 0.4248046875 0.9326171875 1660186
-0.01806640625 0.4248046875 0.9326171875 1660187
-0.01806640625 0.4248046875 0.9326171875 1660187
-0.01806640625 0.4248046875 0.9326171875 1660187
-0.01123046875 0.40869140625 0.9228515625 1660291
-0.01123046875 0.40869140625 0.9228515625 1660291
-0.01123046875 0.40869140625 0.9228515625 1660291
-0.01123046875 0.40869140625 0.9228515625 1660292
-0.01123046875 0.40869140625 0.9228515625 1660292
-0.02587890625 0.42626953125 0.9287109375 1660370
-0.013671875 0.40576171875 0.921875 1660481
-0.013671875 0.40576171875 0.921875 1660482
-0.013671875 0.40576171875 0.921875 1660482
-0.013671875 0.40576171875 0.921875 1660482
-0.013671875 0.40576171875 0.921875 1660483
-0.01953125 0.40576171875 0.95166015625 1660593
-0.01953125 0.40576171875 0.95166015625 1660593
-0.01953125 0.40576171875 0.95166015625 1660594
-0.01953125 0.40576171875 0.95166015625 1660595
-0.01953125 0.40576171875 0.95166015625 1660595
0 0.36279296875 1.009765625 1660679
-0.0517578125 0.361328125 0.96875 1660782
-0.0517578125 0.361328125 0.96875 1660782
-0.0517578125 0.361328125 0.96875 1660783
-0.0517578125 0.361328125 0.96875 1660784
-0.0517578125 0.361328125 0.96875 1660785
-0.04443359375 0.35107421875 0.89501953125 1660884
-0.04443359375 0.35107421875 0.89501953125 1660884
-0.04443359375 0.35107421875 0.89501953125 1660884
-0.04443359375 0.35107421875 0.89501953125 1660885
-0.04443359375 0.35107421875 0.89501953125 1660885
-0.107421875 0.38525390625 0.81982421875 1660986
-0.107421875 0.38525390625 0.81982421875 1660987
-0.107421875 0.38525390625 0.81982421875 1660987
-0.107421875 0.38525390625 0.81982421875 1660988
-0.189453125 0.51953125 0.798828125 1661084
-0.189453125 0.51953125 0.798828125 1661085
-0.2275390625 0.5615234375 0.7099609375 1661173
-0.2275390625 0.5615234375 0.7099609375 1661173
-0.2275390625 0.5615234375 0.7099609375 1661173
-0.2275390625 0.5615234375 0.7099609375 1661174
-0.232421875 0.64697265625 0.6181640625 1661280
-0.232421875 0.64697265625 0.6181640625 1661281
-0.232421875 0.64697265625 0.6181640625 1661281
-0.232421875 0.64697265625 0.6181640625 1661281
-0.232421875 0.64697265625 0.6181640625 1661282
-0.271484375 0.76220703125 0.57958984375 1661383
-0.271484375 0.76220703125 0.57958984375 1661383
-0.271484375 0.76220703125 0.57958984375 1661384
-0.271484375 0.76220703125 0.57958984375 1661384
-0.271484375 0.76220703125 0.57958984375 1661385
-0.2646484375 0.74560546875 0.56884765625 1661485
-0.2646484375 0.74560546875 0.56884765625 1661485
-0.2646484375 0.74560546875 0.56884765625 1661486
-0.2646484375 0.74560546875 0.56884765625 1661486
-0.2646484375 0.74560546875 0.56884765625 1661486
-0.24755859375 0.8271484375 0.6044921875 1661587
-0.24755859375 0.8271484375 0.6044921875 1661587
-0.24755859375 0.8271484375 0.6044921875 1661588
-0.24755859375 0.8271484375 0.6044921875 1661588
-0.24755859375 0.8271484375 0.6044921875 1661588
-0.0859375 0.77001953125 0.62939453125 1661691
-0.0859375 0.77001953125 0.62939453125 1661691
-0.0859375 0.77001953125 0.62939453125 1661692
-0.0859375 0.77001953125 0.62939453125 1661692
-0.0859375 0.77001953125 0.62939453125 1661693
-0.09423828125 0.76611328125 0.681640625 1661769
-0.02978515625 0.69873046875 0.767578125 1661880
-0.02978515625 0.69873046875 0.767578125 1661880
-0.02978515625 0.69873046875 0.767578125 1661881
-0.02978515625 0.69873046875 0.767578125 1661881
-0.02978515625 0.69873046875 0.767578125 1661883
0.10986328125 0.62255859375 0.8662109375 1661985
0.10986328125 0.62255859375 0.8662109375 1661985
0.10986328125 0.62255859375 0.8662109375 1661985
0.10986328125 0.62255859375 0.8662109375 1661987
0.10986328125 0.62255859375 0.8662109375 1661987
0.15625 0.56640625 0.8876953125 1662088
0.15625 0.56640625 0.8876953125 1662088
0.15625 0.56640625 0.8876953125 1662089
0.15625 0.56640625 0.8876953125 1662089
0.15625 0.56640625 0.8876953125 1662089
0.123046875 0.56103515625 0.89013671875 1662192
0.123046875 0.56103515625 0.89013671875 1662192
0.123046875 0.56103515625 0.89013671875 1662193
0.123046875 0.56103515625 0.89013671875 1662193
0.123046875 0.56103515625 0.89013671875 1662194
0.14404296875 0.54833984375 0.8974609375 1662269
0.138671875 0.52197265625 0.88623046875 1662381
0.138671875 0.52197265625 0.88623046875 1662381
0.138671875 0.52197265625 0.88623046875 1662382
0.138671875 0.52197265625 0.88623046875 1662382
0.138671875 0.52197265625 0.88623046875 1662383
0.13623046875 0.52001953125 0.91162109375 1662483
0.13623046875 0.52001953125 0.91162109375 1662483
0.13623046875 0.52001953125 0.91162109375 1662483
0.13623046875 0.52001953125 0.91162109375 1662484
0.13623046875 0.52001953125 0.91162109375 1662484
0.130859375 0.5390625 0.91064453125 1662589
0.130859375 0.5390625 0.91064453125 1662590
0.130859375 0.5390625 0.91064453125 1662590
0.130859375 0.5390625 0.91064453125 1662590
0.130859375 0.5390625 0.91064453125 1662591
0.13525390625 0.51806640625 0.91259765625 1662689
0.13525390625 0.51806640625 0.91259765625 1662689
0.13525390625 0.505859375 0.912109375 1662791
0.13525390625 0.505859375 0.912109375 1662792
0.13525390625 0.505859375 0.912109375 1662792
0.13525390625 0.505859375 0.912109375 1662793
0.13525390625 0.505859375 0.912109375 1662793
0.11474609375 0.4892578125 0.89501953125 1662869
0.0986328125 0.4765625 0.9208984375 1662981
0.0986328125 0.4765625 0.9208984375 1662981
0.0986328125 0.4765625 0.9208984375 1662981
0.0986328125 0.4765625 0.9208984375 1662982
0.0986328125 0.4765625 0.9208984375 1662982
0.11865234375 0.44384765625 0.9404296875 1663083
0.11865234375 0.44384765625 0.9404296875 1663083
0.11865234375 0.44384765625 0.9404296875 1663084
0.11865234375 0.44384765625 0.9404296875 1663084
0.11865234375 0.44384765625 0.9404296875 1663085
0.13525390625 0.40380859375 0.93798828125 1663185
0.13525390625 0.40380859375 0.93798828125 1663186
0.13525390625 0.40380859375 0.93798828125 1663186
0.13525390625 0.40380859375 0.93798828125 1663187
0.1298828125 0.42626953125 0.94873046875 1663289
0.1298828125 0.42626953125 0.94873046875 1663289
0.1298828125 0.42626953125 0.94873046875 1663289
0.1298828125 0.42626953125 0.94873046875 1663290
0.1298828125 0.42626953125 0.94873046875 1663290
0.11376953125 0.4423828125 0.93505859375 1663391
0.11376953125 0.4423828125 0.93505859375 1663392
0.11376953125 0.4423828125 0.93505859375 1663392
0.11376953125 0.4423828125 0.93505859375 1663392
0.11376953125 0.4423828125 0.93505859375 1663393
0.1201171875 0.42431640625 0.93115234375 1663469
0.13916015625 0.4345703125 0.955078125 1663579
0.13916015625 0.4345703125 0.955078125 1663579
0.13916015625 0.4345703125 0.955078125 1663579
0.13916015625 0.4345703125 0.955078125 1663580
0.13916015625 0.4345703125 0.955078125 1663580
0.11279296875 0.43896484375 0.9384765625 1663681
0.11279296875 0.43896484375 0.9384765625 1663682
0.11279296875 0.43896484375 0.9384765625 1663682
0.11279296875 0.43896484375 0.9384765625 1663682
0.11279296875 0.43896484375 0.9384765625 1663683
0.1220703125 0.45751953125 0.9345703125 1663792
0.1220703125 0.45751953125 0.9345703125 1663793
0.1220703125 0.45751953125 0.9345703125 1663793
0.1220703125 0.45751953125 0.9345703125 1663794
0.1220703125 0.45751953125 0.9345703125 1663794
0.12890625 0.44970703125 0.93212890625 1663879
0.12646484375 0.45361328125 0.93408203125 1663981
0.12646484375 0.45361328125 0.93408203125 1663981
0.12646484375 0.45361328125 0.93408203125 1663982
0.12646484375 0.45361328125 0.93408203125 1663982
0.12646484375 0.45361328125 0.93408203125 1663983
0.12744140625 0.4580078125 0.94091796875 1664084
0.12744140625 0.4580078125 0.94091796875 1664085
0.12744140625 0.4580078125 0.94091796875 1664085
0.12744140625 0.4580078125 0.94091796875 1664086
0.12744140625 0.4580078125 0.94091796875 1664086
0.130859375 0.4462890625 0.9326171875 1664186
0.130859375 0.4462890625 0.9326171875 1664186
0.130859375 0.4462890625 0.9326171875 1664186
0.130859375 0.4462890625 0.9326171875 1664187
0.130859375 0.4462890625 0.9326171875 1664187
0.134765625 0.4521484375 0.93994140625 1664289
0.134765625 0.4521484375 0.93994140625 1664289
0.134765625 0.4521484375 0.93994140625 1664290
0.134765625 0.4521484375 0.93994140625 1664290
0.134765625 0.4521484375 0.93994140625 1664290
0.1298828125 0.45654296875 0.93798828125 1664368
0.13232421875 0.4453125 0.9326171875 1664479
0.13232421875 0.4453125 0.9326171875 1664479
0.13232421875 0.4453125 0.9326171875 1664480
0.13232421875 0.4453125 0.9326171875 1664480
0.13232421875 0.4453125 0.9326171875 1664480
0.126953125 0.44970703125 0.9345703125 1664582
0.126953125 0.44970703125 0.9345703125 1664582
0.126953125 0.44970703125 0.9345703125 1664583
0.126953125 0.44970703125 0.9345703125 1664583
0.126953125 0.44970703125 0.9345703125 1664583
0.1337890625 0.453125 0.9365234375 1664684
0.1337890625 0.453125 0.9365234375 1664690
0.1337890625 0.453125 0.9365234375 1664690
0.1337890625 0.453125 0.9365234375 1664691
0.1337890625 0.453125 0.9365234375 1664691
0.12255859375 0.46142578125 0.93408203125 1664786
0.12255859375 0.46142578125 0.93408203125 1664786
0.12939453125 0.4619140625 0.93017578125 1664889
0.12939453125 0.4619140625 0.93017578125 1664889
0.12939453125 0.4619140625 0.93017578125 1664889
0.12939453125 0.4619140625 0.93017578125 1664890
0.12939453125 0.4619140625 0.93017578125 1664890
0.1259765625 0.46240234375 0.927734375 1664967
0.13427734375 0.46240234375 0.9423828125 1665079
0.13427734375 0.46240234375 0.9423828125 1665079
0.13427734375 0.46240234375 0.9423828125 1665079
0.13427734375 0.46240234375 0.9423828125 1665080
0.13427734375 0.46240234375 0.9423828125 1665080
0.14208984375 0.45263671875 0.93212890625 1665184
0.14208984375 0.45263671875 0.93212890625 1665184
0.14208984375 0.45263671875 0.93212890625 1665184
0.14208984375 0.45263671875 0.93212890625 1665185
0.14208984375 0.45263671875 0.93212890625 1665185
0.11865234375 0.4609375 0.9228515625 1665287
0.11865234375 0.4609375 0.9228515625 1665287
0.11865234375 0.4609375 0.9228515625 1665287
0.11865234375 0.4609375 0.9228515625 1665288
0.11865234375 0.4609375 0.9228515625 1665288
0.12646484375 0.466796875 0.93701171875 1665389
0.12646484375 0.466796875 0.93701171875 1665389
0.12646484375 0.466796875 0.93701171875 1665390
0.12646484375 0.466796875 0.93701171875 1665390
0.12646484375 0.466796875 0.93701171875 1665391
0.14453125 0.4501953125 0.93115234375 1665468
0.12548828125 0.4697265625 0.93896484375 1665579
0.12548828125 0.4697265625 0.93896484375 1665579
0.12548828125 0.4697265625 0.93896484375 1665580
0.12548828125 0.4697265625 0.93896484375 1665580
0.12548828125 0.4697265625 0.93896484375 1665580
0.13134765625 0.4521484375 0.92333984375 1665682
0.13134765625 0.4521484375 0.92333984375 1665682
0.13134765625 0.4521484375 0.92333984375 1665683
0.13134765625 0.4521484375 0.92333984375 1665683
0.13134765625 0.4521484375 0.92333984375 1665683
0.1328125 0.46142578125 0.93798828125 1665788
0.1328125 0.46142578125 0.93798828125 1665788
0.1328125 0.46142578125 0.93798828125 1665789
0.1328125 0.46142578125 0.93798828125 1665789
0.1328125 0.46142578125 0.93798828125 1665790
0.1279296875 0.4521484375 0.9267578125 1665891
0.1279296875 0.4521484375 0.9267578125 1665891
0.1279296875 0.4521484375 0.9267578125 1665892
0.1279296875 0.4521484375 0.9267578125 1665892
0.1279296875 0.4521484375 0.9267578125 1665892
0.13037109375 0.46044921875 0.935546875 1665969
0.13134765625 0.46240234375 0.94189453125 1666096
0.13134765625 0.46240234375 0.94189453125 1666096
0.13134765625 0.46240234375 0.94189453125 1666097
0.13134765625 0.46240234375 0.94189453125 1666097
0.13134765625 0.46240234375 0.94189453125 1666097
0.1318359375 0.4599609375 0.93310546875 1666183
0.13232421875 0.453125 0.93212890625 1666285
0.13232421875 0.453125 0.93212890625 1666285
0.13232421875 0.453125 0.93212890625 1666286
0.13232421875 0.453125 0.93212890625 1666286
0.13232421875 0.453125 0.93212890625 1666286
0.1337890625 0.45703125 0.93408203125 1666388
0.1337890625 0.45703125 0.93408203125 1666388
0.1337890625 0.45703125 0.93408203125 1666389
0.1337890625 0.45703125 0.93408203125 1666389
0.1337890625 0.45703125 0.93408203125 1666389
0.12744140625 0.453125 0.93359375 1666466
0.1259765625 0.45068359375 0.93603515625 1666577
0.1259765625 0.45068359375 0.93603515625 1666577
0.1259765625 0.45068359375 0.93603515625 1666577
0.1259765625 0.45068359375 0.93603515625 1666578
0.1259765625 0.45068359375 0.93603515625 1666578
0.1279296875 0.4580078125 0.93115234375 1666681
0.1279296875 0.4580078125 0.93115234375 1666681
0.1279296875 0.4580078125 0.93115234375 1666681
0.1279296875 0.4580078125 0.93115234375 1666682
0.1279296875 0.4580078125 0.93115234375 1666682
0.12744140625 0.4580078125 0.94091796875 1666783
0.12744140625 0.4580078125 0.94091796875 1666783
0.12744140625 0.4580078125 0.94091796875 1666784
0.12744140625 0.4580078125 0.94091796875 1666784
0.12744140625 0.4580078125 0.94091796875 1666784
0.126953125 0.4619140625 0.94091796875 1666885
0.126953125 0.4619140625 0.94091796875 1666885
0.126953125 0.4619140625 0.94091796875 1666886
0.126953125 0.4619140625 0.94091796875 1666886
0.126953125 0.4619140625 0.94091796875 1666887
0.13134765625 0.4560546875 0.92333984375 1666991
0.13134765625 0.4560546875 0.92333984375 1666992
0.13134765625 0.4560546875 0.92333984375 1666992
0.13134765625 0.4560546875 0.92333984375 1666993
0.13134765625 0.4560546875 0.92333984375 1666993
0.1181640625 0.46484375 0.92724609375 1667078
0.134765625 0.46044921875 0.9326171875 1667183
0.134765625 0.46044921875 0.9326171875 1667183
0.134765625 0.46044921875 0.9326171875 1667184
0.134765625 0.46044921875 0.9326171875 1667184
0.134765625 0.46044921875 0.9326171875 1667185
0.12353515625 0.4697265625 0.93359375 1667285
0.12353515625 0.4697265625 0.93359375 1667285
0.12353515625 0.4697265625 0.93359375 1667285
0.12353515625 0.4697265625 0.93359375 1667286
0.12353515625 0.4697265625 0.93359375 1667286
0.1279296875 0.4580078125 0.92626953125 1667388
0.1279296875 0.4580078125 0.92626953125 1667388
0.1279296875 0.4580078125 0.92626953125 1667389
0.1279296875 0.4580078125 0.92626953125 1667389
0.1279296875 0.4580078125 0.92626953125 1667389
0.130859375 0.4638671875 0.92724609375 1667470
0.1298828125 0.46728515625 0.93701171875 1667579
0.1298828125 0.46728515625 0.93701171875 1667579
0.1298828125 0.46728515625 0.93701171875 1667579
0.1298828125 0.46728515625 0.93701171875 1667580
0.1298828125 0.46728515625 0.93701171875 1667580
0.14404296875 0.4609375 0.93115234375 1667682
0.14404296875 0.4609375 0.93115234375 1667682
0.14404296875 0.4609375 0.93115234375 1667683
0.14404296875 0.4609375 0.93115234375 1667683
0.14404296875 0.4609375 0.93115234375 1667684
0.125 0.47119140625 0.931640625 1667788
0.125 0.47119140625 0.931640625 1667788
0.125 0.47119140625 0.931640625 1667789
0.125 0.47119140625 0.931640625 1667789
0.125 0.47119140625 0.931640625 1667789
0.13916015625 0.4560546875 0.9248046875 1667888
0.12646484375 0.46484375 0.93115234375 1667969
0.12646484375 0.46484375 0.93115234375 1667969
0.12646484375 0.46484375 0.93115234375 1667970
0.12646484375 0.46484375 0.93115234375 1667970
0.12646484375 0.46484375 0.93115234375 1667971
0.12939453125 0.46923828125 0.94580078125 1668080
0.12939453125 0.46923828125 0.94580078125 1668080
0.12939453125 0.46923828125 0.94580078125 1668081
0.12939453125 0.46923828125 0.94580078125 1668081
0.12939453125 0.46923828125 0.94580078125 1668081
0.1298828125 0.4677734375 0.9296875 1668183
0.1298828125 0.4677734375 0.9296875 1668183
0.1298828125 0.4677734375 0.9296875 1668183
0.1298828125 0.4677734375 0.9296875 1668184
0.1298828125 0.4677734375 0.9296875 1668184
0.1201171875 0.46484375 0.9208984375 1668286
0.1201171875 0.46484375 0.9208984375 1668286
0.1201171875 0.46484375 0.9208984375 1668286
0.1201171875 0.46484375 0.9208984375 1668287
0.1201171875 0.46484375 0.9208984375 1668287
0.1328125 0.466796875 0.927734375 1668388
0.1328125 0.466796875 0.927734375 1668388
0.1328125 0.466796875 0.927734375 1668388
0.1328125 0.466796875 0.927734375 1668389
0.1328125 0.466796875 0.927734375 1668389
0.12744140625 0.47216796875 0.93798828125 1668466
0.12548828125 0.46142578125 0.92578125 1668578
0.12548828125 0.46142578125 0.92578125 1668578
0.12548828125 0.46142578125 0.92578125 1668578
0.12548828125 0.46142578125 0.92578125 1668579
0.12548828125 0.46142578125 0.92578125 1668580
0.11865234375 0.47021484375 0.91796875 1668680
0.11865234375 0.47021484375 0.91796875 1668680
0.11865234375 0.47021484375 0.91796875 1668681
0.11865234375 0.47021484375 0.91796875 1668681
0.11865234375 0.47021484375 0.91796875 1668681
0.13916015625 0.46435546875 0.92919921875 1668783
0.13916015625 0.46435546875 0.92919921875 1668783
0.13916015625 0.46435546875 0.92919921875 1668784
0.13916015625 0.46435546875 0.92919921875 1668784
0.13916015625 0.46435546875 0.92919921875 1668784
0.13232421875 0.47119140625 0.9365234375 1668885
0.13232421875 0.47119140625 0.9365234375 1668885
0.13232421875 0.47119140625 0.9365234375 1668885
0.13232421875 0.47119140625 0.9365234375 1668886
0.13232421875 0.47119140625 0.9365234375 1668886
0.1279296875 0.4677734375 0.93408203125 1668989
0.1279296875 0.4677734375 0.93408203125 1668989
0.1279296875 0.4677734375 0.93408203125 1668990
0.1279296875 0.4677734375 0.93408203125 1668990
0.1279296875 0.4677734375 0.93408203125 1668990
0.1328125 0.4658203125 0.92529296875 1669066
0.126953125 0.46923828125 0.92724609375 1669178
0.126953125 0.46923828125 0.92724609375 1669178
0.126953125 0.46923828125 0.92724609375 1669179
0.126953125 0.46923828125 0.92724609375 1669180
0.126953125 0.46923828125 0.92724609375 1669180
0.13037109375 0.46044921875 0.92236328125 1669280
0.13037109375 0.46044921875 0.92236328125 1669280
0.13037109375 0.46044921875 0.92236328125 1669280
0.13037109375 0.46044921875 0.92236328125 1669281
0.13037109375 0.46044921875 0.92236328125 1669281
0.1357421875 0.46630859375 0.9365234375 1669384
0.1357421875 0.46630859375 0.9365234375 1669384
0.1357421875 0.46630859375 0.9365234375 1669385
0.1357421875 0.46630859375 0.9365234375 1669385
0.1357421875 0.46630859375 0.9365234375 1669385
0.12548828125 0.4677734375 0.9296875 1669486
0.12548828125 0.4677734375 0.9296875 1669486
0.12548828125 0.4677734375 0.9296875 1669486
0.12548828125 0.4677734375 0.9296875 1669487
0.12548828125 0.4677734375 0.9296875 1669487
0.1240234375 0.462890625 0.9169921875 1669589
0.1240234375 0.462890625 0.9169921875 1669589
0.1240234375 0.462890625 0.9169921875 1669589
0.1240234375 0.462890625 0.9169921875 1669590
0.1240234375 0.462890625 0.9169921875 1669590
0.1396484375 0.4619140625 0.9267578125 1669666
0.12890625 0.4716796875 0.9326171875 1669778
0.12890625 0.4716796875 0.9326171875 1669778
0.12890625 0.4716796875 0.9326171875 1669779
0.12890625 0.4716796875 0.9326171875 1669779
0.12890625 0.4716796875 0.9326171875 1669779
0.1318359375 0.474609375 0.9306640625 1669880
0.1318359375 0.474609375 0.9306640625 1669880
0.1318359375 0.474609375 0.9306640625 1669881
0.1318359375 0.474609375 0.9306640625 1669881
0.1318359375 0.474609375 0.9306640625 1669881
0.13623046875 0.4716796875 0.92578125 1669982
0.13623046875 0.4716796875 0.92578125 1669983
0.13623046875 0.4716796875 0.92578125 1669983
0.13623046875 0.4716796875 0.92578125 1669983
0.1337890625 0.47216796875 0.93017578125 1670065
0.1337890625 0.47216796875 0.93017578125 1670066
0.12353515625 0.4765625 0.9296875 1670191
0.12353515625 0.4765625 0.9296875 1670192
0.12353515625 0.4765625 0.9296875 1670194
0.12353515625 0.4765625 0.9296875 1670195
0.12353515625 0.4765625 0.9296875 1670195
0.14306640625 0.46240234375 0.92529296875 1670277
0.1318359375 0.47900390625 0.93212890625 1670385
0.1318359375 0.47900390625 0.93212890625 1670386
0.1318359375 0.47900390625 0.93212890625 1670386
0.1318359375 0.47900390625 0.93212890625 1670387
0.1318359375 0.47900390625 0.93212890625 1670387
0.1240234375 0.4833984375 0.9326171875 1670482
0.1455078125 0.470703125 0.92041015625 1670585
0.1455078125 0.470703125 0.92041015625 1670586
0.1455078125 0.470703125 0.92041015625 1670586
0.1455078125 0.470703125 0.92041015625 1670586
0.1455078125 0.470703125 0.92041015625 1670587
0.13232421875 0.49365234375 0.93701171875 1670687
0.13232421875 0.49365234375 0.93701171875 1670688
0.13232421875 0.49365234375 0.93701171875 1670688
0.13232421875 0.49365234375 0.93701171875 1670688
0.13232421875 0.49365234375 0.93701171875 1670689
0.138671875 0.4912109375 0.92919921875 1670765
0.1123046875 0.5126953125 0.916015625 1670877
0.1123046875 0.5126953125 0.916015625 1670877
0.1123046875 0.5126953125 0.916015625 1670878
0.1123046875 0.5126953125 0.916015625 1670878
0.1123046875 0.5126953125 0.916015625 1670879
0.11474609375 0.47998046875 0.91796875 1670979
0.11474609375 0.47998046875 0.91796875 1670979
0.11474609375 0.47998046875 0.91796875 1670979
0.11474609375 0.47998046875 0.91796875 1670980
0.11474609375 0.47998046875 0.91796875 1670980
0.09814453125 0.45654296875 0.89404296875 1671082
0.09814453125 0.45654296875 0.89404296875 1671082
0.09814453125 0.45654296875 0.89404296875 1671083
0.09814453125 0.45654296875 0.89404296875 1671083
0.09814453125 0.45654296875 0.89404296875 1671083
0.06982421875 0.451171875 0.90478515625 1671180
-0.0146484375 0.4873046875 0.892578125 1671282
-0.0146484375 0.4873046875 0.892578125 1671283
-0.0146484375 0.4873046875 0.892578125 1671283
-0.0146484375 0.4873046875 0.892578125 1671283
-0.0146484375 0.4873046875 0.892578125 1671284
-0.14599609375 0.5625 0.82763671875 1671385
-0.14599609375 0.5625 0.82763671875 1671385
-0.14599609375 0.5625 0.82763671875 1671386
-0.14599609375 0.5625 0.82763671875 1671386
-0.14599609375 0.5625 0.82763671875 1671386
-0.306640625 0.6181640625 0.66748046875 1671473
-0.4111328125 0.6416015625 0.56640625 1671586
-0.4111328125 0.6416015625 0.56640625 1671586
-0.4111328125 0.6416015625 0.56640625 1671586
-0.4111328125 0.6416015625 0.56640625 1671587
-0.4111328125 0.6416015625 0.56640625 1671587
-0.5029296875 0.61865234375 0.43994140625 1671688
-0.5029296875 0.61865234375 0.43994140625 1671688
-0.5029296875 0.61865234375 0.43994140625 1671688
-0.5029296875 0.61865234375 0.43994140625 1671689
-0.5029296875 0.61865234375 0.43994140625 1671689
-0.5263671875 0.59765625 0.36376953125 1671765
-0.5927734375 0.5859375 0.27734375 1671876
-0.5927734375 0.5859375 0.27734375 1671876
-0.5927734375 0.5859375 0.27734375 1671876
-0.5927734375 0.5859375 0.27734375 1671877
-0.5927734375 0.5859375 0.27734375 1671877
-0.63037109375 0.57421875 0.1875 1671979
-0.63037109375 0.57421875 0.1875 1671979
-0.63037109375 0.57421875 0.1875 1671980
-0.63037109375 0.57421875 0.1875 1671980
-0.63037109375 0.57421875 0.1875 1671981
-0.63916015625 0.55859375 0.140625 1672083
-0.63916015625 0.55859375 0.140625 1672083
-0.63916015625 0.55859375 0.140625 1672083
-0.63916015625 0.55859375 0.140625 1672084
-0.63916015625 0.55859375 0.140625 1672084
-0.6435546875 0.556640625 0.14013671875 1672185
-0.6435546875 0.556640625 0.14013671875 1672185
-0.6435546875 0.556640625 0.14013671875 1672186
-0.6435546875 0.556640625 0.14013671875 1672186
-0.6435546875 0.556640625 0.14013671875 1672186
-0.64111328125 0.5576171875 0.12890625 1672290
-0.64111328125 0.5576171875 0.12890625 1672290
-0.64111328125 0.5576171875 0.12890625 1672291
-0.64111328125 0.5576171875 0.12890625 1672291
-0.64111328125 0.5576171875 0.12890625 1672291
-0.65869140625 0.568359375 0.119140625 1672370
-0.6337890625 0.5439453125 0.12353515625 1672477
-0.6337890625 0.5439453125 0.12353515625 1672478
-0.6337890625 0.5439453125 0.12353515625 1672478
-0.6337890625 0.5439453125 0.12353515625 1672478
-0.6337890625 0.5439453125 0.12353515625 1672479
-0.64892578125 0.568359375 0.1376953125 1672579
-0.64892578125 0.568359375 0.1376953125 1672579
-0.64892578125 0.568359375 0.1376953125 1672580
-0.64892578125 0.568359375 0.1376953125 1672580
-0.64892578125 0.568359375 0.1376953125 1672580
-0.630859375 0.56103515625 0.1435546875 1672681
-0.630859375 0.56103515625 0.1435546875 1672681
-0.630859375 0.56103515625 0.1435546875 1672682
-0.630859375 0.56103515625 0.1435546875 1672682
-0.630859375 0.56103515625 0.1435546875 1672682
-0.640625 0.57861328125 0.18701171875 1672785
-0.640625 0.57861328125 0.18701171875 1672785
-0.640625 0.57861328125 0.18701171875 1672786
-0.640625 0.57861328125 0.18701171875 1672786
-0.640625 0.57861328125 0.18701171875 1672787
-0.59228515625 0.57666015625 0.255859375 1672887
-0.59228515625 0.57666015625 0.255859375 1672888
-0.59228515625 0.57666015625 0.255859375 1672888
-0.59228515625 0.57666015625 0.255859375 1672888
-0.59228515625 0.57666015625 0.255859375 1672888
-0.5830078125 0.58837890625 0.32421875 1672965
-0.53173828125 0.59130859375 0.42578125 1673076
-0.53173828125 0.59130859375 0.42578125 1673077
-0.53173828125 0.59130859375 0.42578125 1673077
-0.53173828125 0.59130859375 0.42578125 1673078
-0.53173828125 0.59130859375 0.42578125 1673078
-0.47021484375 0.5732421875 0.5068359375 1673178
-0.47021484375 0.5732421875 0.5068359375 1673179
-0.47021484375 0.5732421875 0.5068359375 1673179
-0.47021484375 0.5732421875 0.5068359375 1673180
-0.47021484375 0.5732421875 0.5068359375 1673180
-0.41845703125 0.5712890625 0.60546875 1673281
-0.41845703125 0.5712890625 0.60546875 1673281
-0.41845703125 0.5712890625 0.60546875 1673282
-0.41845703125 0.5712890625 0.60546875 1673282
-0.3662109375 0.5498046875 0.677734375 1673395
-0.3662109375 0.5498046875 0.677734375 1673396
-0.3662109375 0.5498046875 0.677734375 1673396
-0.3662109375 0.5498046875 0.677734375 1673396
-0.3662109375 0.5498046875 0.677734375 1673397
-0.32275390625 0.52685546875 0.74609375 1673481
-0.24609375 0.47119140625 0.80078125 1673585
-0.24609375 0.47119140625 0.80078125 1673585
-0.24609375 0.47119140625 0.80078125 1673586
-0.24609375 0.47119140625 0.80078125 1673586
-0.24609375 0.47119140625 0.80078125 1673588
-0.24658203125 0.42333984375 0.81787109375 1673664
-0.23876953125 0.45361328125 0.81640625 1673775
-0.23876953125 0.45361328125 0.81640625 1673775
-0.23876953125 0.45361328125 0.81640625 1673776
-0.23876953125 0.45361328125 0.81640625 1673776
-0.23876953125 0.45361328125 0.81640625 1673776
-0.27587890625 0.49072265625 0.74853515625 1673878
-0.27587890625 0.49072265625 0.74853515625 1673878
-0.27587890625 0.49072265625 0.74853515625 1673879
-0.27587890625 0.49072265625 0.74853515625 1673879
-0.27587890625 0.49072265625 0.74853515625 1673880
-0.2939453125 0.52783203125 0.67138671875 1673980
-0.2939453125 0.52783203125 0.67138671875 1673981
-0.2939453125 0.52783203125 0.67138671875 1673981
-0.2939453125 0.52783203125 0.67138671875 1673982
-0.2939453125 0.52783203125 0.67138671875 1673982
-0.2734375 0.55810546875 0.60107421875 1674082
-0.2734375 0.55810546875 0.60107421875 1674083
-0.2734375 0.55810546875 0.60107421875 1674083
-0.2734375 0.55810546875 0.60107421875 1674084
-0.2734375 0.55810546875 0.60107421875 1674084
-0.2919921875 0.6689453125 0.54541015625 1674185
-0.2919921875 0.6689453125 0.54541015625 1674185
-0.2919921875 0.6689453125 0.54541015625 1674185
-0.2919921875 0.6689453125 0.54541015625 1674186
-0.2919921875 0.6689453125 0.54541015625 1674186
-0.29443359375 0.81298828125 0.54248046875 1674263
-0.265625 0.7705078125 0.52490234375 1674375
-0.265625 0.7705078125 0.52490234375 1674375
-0.265625 0.7705078125 0.52490234375 1674376
-0.265625 0.7705078125 0.52490234375 1674376
-0.265625 0.7705078125 0.52490234375 1674377
-0.19091796875 0.83349609375 0.6767578125 1674478
-0.19091796875 0.83349609375 0.6767578125 1674478
-0.19091796875 0.83349609375 0.6767578125 1674479
-0.19091796875 0.83349609375 0.6767578125 1674479
-0.19091796875 0.83349609375 0.6767578125 1674479
-0.078125 0.7255859375 0.66943359375 1674582
-0.078125 0.7255859375 0.66943359375 1674583
-0.078125 0.7255859375 0.66943359375 1674583
-0.078125 0.7255859375 0.66943359375 1674584
-0.078125 0.7255859375 0.66943359375 1674584
-0.01220703125 0.7158203125 0.77587890625 1674685
-0.01220703125 0.7158203125 0.77587890625 1674685
-0.01220703125 0.7158203125 0.77587890625 1674685
-0.01220703125 0.7158203125 0.77587890625 1674686
-0.01220703125 0.7158203125 0.77587890625 1674686
0.0146484375 0.66064453125 0.83154296875 1674766
0.0947265625 0.5810546875 0.84033203125 1674879
0.0947265625 0.5810546875 0.84033203125 1674879
0.0947265625 0.5810546875 0.84033203125 1674880
0.0947265625 0.5810546875 0.84033203125 1674880
0.0947265625 0.5810546875 0.84033203125 1674880
0.09130859375 0.58935546875 0.8623046875 1674981
0.09130859375 0.58935546875 0.8623046875 1674981
0.09130859375 0.58935546875 0.8623046875 1674982
0.09130859375 0.58935546875 0.8623046875 1674982
0.09130859375 0.58935546875 0.8623046875 1674982
0.11572265625 0.564453125 0.88623046875 1675084
0.11572265625 0.564453125 0.88623046875 1675084
0.11572265625 0.564453125 0.88623046875 1675084
0.11572265625 0.564453125 0.88623046875 1675085
0.11572265625 0.564453125 0.88623046875 1675085
0.123046875 0.5361328125 0.904296875 1675187
0.123046875 0.5361328125 0.904296875 1675187
0.123046875 0.5361328125 0.904296875 1675188
0.123046875 0.5361328125 0.904296875 1675188
0.123046875 0.5361328125 0.904296875 1675189
0.1416015625 0.50439453125 0.89794921875 1675264
0.13525390625 0.521484375 0.916015625 1675377
0.13525390625 0.521484375 0.916015625 1675377
0.13525390625 0.521484375 0.916015625 1675378
0.13525390625 0.521484375 0.916015625 1675378
0.13525390625 0.521484375 0.916015625 1675378
0.13818359375 0.52392578125 0.9091796875 1675479
0.13818359375 0.52392578125 0.9091796875 1675479
0.13818359375 0.52392578125 0.9091796875 1675480
0.13818359375 0.52392578125 0.9091796875 1675480
0.13818359375 0.52392578125 0.9091796875 1675480
0.14306640625 0.49853515625 0.91162109375 1675581
0.14306640625 0.49853515625 0.91162109375 1675581
0.14306640625 0.49853515625 0.91162109375 1675582
0.14306640625 0.49853515625 0.91162109375 1675582
0.14306640625 0.49853515625 0.91162109375 1675582
0.1357421875 0.4951171875 0.92529296875 1675683
0.1357421875 0.4951171875 0.92529296875 1675683
0.1357421875 0.4951171875 0.92529296875 1675683
0.1357421875 0.4951171875 0.92529296875 1675684
0.1357421875 0.4951171875 0.92529296875 1675684
0.1328125 0.453125 0.927734375 1675787
0.1328125 0.453125 0.927734375 1675787
0.1328125 0.453125 0.927734375 1675787
0.1328125 0.453125 0.927734375 1675787
0.1328125 0.453125 0.927734375 1675788
0.1455078125 0.4296875 0.92822265625 1675863
0.1484375 0.41796875 0.93896484375 1675974
0.1484375 0.41796875 0.93896484375 1675975
0.1484375 0.41796875 0.93896484375 1675975
0.1484375 0.41796875 0.93896484375 1675976
0.1484375 0.41796875 0.93896484375 1675976
0.1416015625 0.42333984375 0.94482421875 1676076
0.1416015625 0.42333984375 0.94482421875 1676076
0.1416015625 0.42333984375 0.94482421875 1676077
0.1416015625 0.42333984375 0.94482421875 1676077
0.1416015625 0.42333984375 0.94482421875 1676078
0.142578125 0.4248046875 0.94873046875 1676175
0.14599609375 0.41650390625 0.94140625 1676277
0.14599609375 0.41650390625 0.94140625 1676278
0.14599609375 0.41650390625 0.94140625 1676278
0.14599609375 0.41650390625 0.94140625 1676278
0.14599609375 0.41650390625 0.94140625 1676279
0.13720703125 0.42529296875 0.9375 1676380
0.13720703125 0.42529296875 0.9375 1676380
0.13720703125 0.42529296875 0.9375 1676381
0.13720703125 0.42529296875 0.9375 1676381
0.14892578125 0.44287109375 0.947265625 1676484
0.14892578125 0.44287109375 0.947265625 1676484
0.14892578125 0.44287109375 0.947265625 1676485
0.14892578125 0.44287109375 0.947265625 1676485
0.14892578125 0.44287109375 0.947265625 1676485
0.1435546875 0.4365234375 0.93310546875 1676562
0.13623046875 0.451171875 0.93017578125 1676675
0.13623046875 0.451171875 0.93017578125 1676675
0.13623046875 0.451171875 0.93017578125 1676676
0.13623046875 0.451171875 0.93017578125 1676676
0.13623046875 0.451171875 0.93017578125 1676676
0.1455078125 0.458984375 0.94384765625 1676777
0.1455078125 0.458984375 0.94384765625 1676778
0.1455078125 0.458984375 0.94384765625 1676778
0.1455078125 0.458984375 0.94384765625 1676778
0.1455078125 0.458984375 0.94384765625 1676779
0.14794921875 0.4453125 0.93115234375 1676884
0.14794921875 0.4453125 0.93115234375 1676885
0.14794921875 0.4453125 0.93115234375 1676885
0.14794921875 0.4453125 0.93115234375 1676886
0.15283203125 0.45947265625 0.94140625 1676984
0.15283203125 0.45947265625 0.94140625 1676984
0.14990234375 0.45703125 0.93408203125 1677062
0.14990234375 0.45703125 0.93408203125 1677063
0.14990234375 0.45703125 0.93408203125 1677063
0.14990234375 0.45703125 0.93408203125 1677063
0.1474609375 0.4521484375 0.92822265625 1677174
0.1474609375 0.4521484375 0.92822265625 1677174
0.1474609375 0.4521484375 0.92822265625 1677174
0.1474609375 0.4521484375 0.92822265625 1677175
0.1474609375 0.4521484375 0.92822265625 1677175
0.1552734375 0.46435546875 0.94921875 1677277
0.1552734375 0.46435546875 0.94921875 1677277
0.1552734375 0.46435546875 0.94921875 1677277
0.1552734375 0.46435546875 0.94921875 1677278
0.1552734375 0.46435546875 0.94921875 1677278
0.1513671875 0.45166015625 0.93017578125 1677380
0.1513671875 0.45166015625 0.93017578125 1677380
0.1513671875 0.45166015625 0.93017578125 1677380
0.1513671875 0.45166015625 0.93017578125 1677384
0.1513671875 0.45166015625 0.93017578125 1677385
0.1416015625 0.4560546875 0.9296875 1677482
0.1416015625 0.4560546875 0.9296875 1677482
0.1416015625 0.4560546875 0.9296875 1677483
0.1416015625 0.4560546875 0.9296875 1677483
0.1591796875 0.455078125 0.93798828125 1677589
0.1591796875 0.455078125 0.93798828125 1677590
0.1591796875 0.455078125 0.93798828125 1677590
0.1591796875 0.455078125 0.93798828125 1677590
0.1591796875 0.455078125 0.93798828125 1677591
0.16064453125 0.45263671875 0.93505859375 1677663
0.142578125 0.453125 0.9228515625 1677800
0.142578125 0.453125 0.9228515625 1677800
0.142578125 0.453125 0.9228515625 1677801
0.142578125 0.453125 0.9228515625 1677801
0.142578125 0.453125 0.9228515625 1677801
0.15087890625 0.458984375 0.931640625 1677878
0.16015625 0.46240234375 0.9423828125 1677984
0.16015625 0.46240234375 0.9423828125 1677985
0.16015625 0.46240234375 0.9423828125 1677986
0.16015625 0.46240234375 0.9423828125 1677986
0.16015625 0.46240234375 0.9423828125 1677986
0.15234375 0.46044921875 0.93505859375 1678064
0.1533203125 0.4599609375 0.9345703125 1678177
0.1533203125 0.4599609375 0.9345703125 1678177
0.1533203125 0.4599609375 0.9345703125 1678178
0.1533203125 0.4599609375 0.9345703125 1678178
0.1533203125 0.4599609375 0.9345703125 1678178
0.1611328125 0.45556640625 0.93115234375 1678279
0.1611328125 0.45556640625 0.93115234375 1678279
0.1611328125 0.45556640625 0.93115234375 1678279
0.1611328125 0.45556640625 0.93115234375 1678280
0.1611328125 0.45556640625 0.93115234375 1678280
0.14306640625 0.4716796875 0.9345703125 1678381
0.14306640625 0.4716796875 0.9345703125 1678381
0.14306640625 0.4716796875 0.9345703125 1678382
0.14306640625 0.4716796875 0.9345703125 1678382
0.14306640625 0.4716796875 0.9345703125 1678382
0.16064453125 0.4580078125 0.93212890625 1678484
0.16064453125 0.4580078125 0.93212890625 1678484
0.16064453125 0.4580078125 0.93212890625 1678484
0.16064453125 0.4580078125 0.93212890625 1678485
0.16064453125 0.4580078125 0.93212890625 1678485
0.15966796875 0.45947265625 0.943359375 1678563
0.15966796875 0.46044921875 0.9482421875 1678698
0.15966796875 0.46044921875 0.9482421875 1678698
0.15966796875 0.46044921875 0.9482421875 1678699
0.15966796875 0.46044921875 0.9482421875 1678699
0.15966796875 0.46044921875 0.9482421875 1678699
0.16064453125 0.4521484375 0.93017578125 1678777
0.15478515625 0.4609375 0.93310546875 1678879
0.15478515625 0.4609375 0.93310546875 1678879
0.15478515625 0.4609375 0.93310546875 1678880
0.15478515625 0.4609375 0.93310546875 1678880
0.15478515625 0.4609375 0.93310546875 1678881
0.1552734375 0.451171875 0.9375 1678982
0.1552734375 0.451171875 0.9375 1678982
0.1552734375 0.451171875 0.9375 1678983
0.1552734375 0.451171875 0.9375 1678983
0.1552734375 0.451171875 0.9375 1678983
0.16748046875 0.44775390625 0.9521484375 1679085
0.16748046875 0.44775390625 0.9521484375 1679085
0.16748046875 0.44775390625 0.9521484375 1679085
0.16748046875 0.44775390625 0.9521484375 1679086
0.16748046875 0.44775390625 0.9521484375 1679086
0.1591796875 0.44482421875 0.94091796875 1679162
0.1630859375 0.4404296875 0.93115234375 1679273
0.1630859375 0.4404296875 0.93115234375 1679273
0.1630859375 0.4404296875 0.93115234375 1679274
0.1630859375 0.4404296875 0.93115234375 1679274
0.1630859375 0.4404296875 0.93115234375 1679275
0.15966796875 0.45947265625 0.94873046875 1679375
0.15966796875 0.45947265625 0.94873046875 1679375
0.15966796875 0.45947265625 0.94873046875 1679375
0.15966796875 0.45947265625 0.94873046875 1679376
0.15966796875 0.45947265625 0.94873046875 1679376
0.1494140625 0.45263671875 0.9248046875 1679479
0.1494140625 0.45263671875 0.9248046875 1679479
0.1494140625 0.45263671875 0.9248046875 1679480
0.1494140625 0.45263671875 0.9248046875 1679480
0.17041015625 0.453125 0.93603515625 1679583
0.17041015625 0.453125 0.93603515625 1679583
0.17041015625 0.453125 0.93603515625 1679584
0.17041015625 0.453125 0.93603515625 1679584
0.17041015625 0.453125 0.93603515625 1679584
0.16357421875 0.4609375 0.93701171875 1679661
0.14990234375 0.4580078125 0.93212890625 1679789
0.14990234375 0.4580078125 0.93212890625 1679789
0.14990234375 0.4580078125 0.93212890625 1679790
0.14990234375 0.4580078125 0.93212890625 1679790
0.14990234375 0.4580078125 0.93212890625 1679790
0.15576171875 0.46630859375 0.93603515625 1679877
0.16455078125 0.45947265625 0.92724609375 1679980
0.16455078125 0.45947265625 0.92724609375 1679981
0.16455078125 0.45947265625 0.92724609375 1679981
0.16455078125 0.45947265625 0.92724609375 1679982
0.16455078125 0.45947265625 0.92724609375 1679982
0.16259765625 0.46923828125 0.943359375 1680082
0.16259765625 0.46923828125 0.943359375 1680082
0.16259765625 0.46923828125 0.943359375 1680083
0.16259765625 0.46923828125 0.943359375 1680084
0.16259765625 0.46923828125 0.943359375 1680084
0.16162109375 0.46630859375 0.9326171875 1680161
0.15771484375 0.47021484375 0.9296875 1680273
0.15771484375 0.47021484375 0.9296875 1680273
0.15771484375 0.47021484375 0.9296875 1680273
0.15771484375 0.47021484375 0.9296875 1680275
0.15771484375 0.47021484375 0.9296875 1680276
0.171875 0.455078125 0.92822265625 1680377
0.171875 0.455078125 0.92822265625 1680377
0.171875 0.455078125 0.92822265625 1680378
0.171875 0.455078125 0.92822265625 1680378
0.171875 0.455078125 0.92822265625 1680378
0.15966796875 0.4765625 0.94873046875 1680534
0.15966796875 0.4765625 0.94873046875 1680535
0.15966796875 0.4765625 0.94873046875 1680535
0.15966796875 0.4765625 0.94873046875 1680535
0.15966796875 0.4765625 0.94873046875 1680637
0.16259765625 0.46044921875 0.92578125 1680648
0.16259765625 0.46044921875 0.92578125 1680648
0.16259765625 0.46044921875 0.92578125 1680648
0.16259765625 0.46044921875 0.92578125 1680649
0.16259765625 0.46044921875 0.92578125 1680649
0.15673828125 0.46923828125 0.92822265625 1680671
0.17138671875 0.46630859375 0.93603515625 1680773
0.17138671875 0.46630859375 0.93603515625 1680773
0.17138671875 0.46630859375 0.93603515625 1680773
0.17138671875 0.46630859375 0.93603515625 1680774
0.17138671875 0.46630859375 0.93603515625 1680774
0.15576171875 0.47412109375 0.93408203125 1680875
0.15576171875 0.47412109375 0.93408203125 1680875
0.15576171875 0.47412109375 0.93408203125 1680875
0.15576171875 0.47412109375 0.93408203125 1680876
0.15576171875 0.47412109375 0.93408203125 1680876
0.1630859375 0.4619140625 0.92919921875 1680981
0.1630859375 0.4619140625 0.92919921875 1681002
0.1630859375 0.4619140625 0.92919921875 1681002
0.1630859375 0.4619140625 0.92919921875 1681003
0.1630859375 0.4619140625 0.92919921875 1681003
0.1572265625 0.4677734375 0.9267578125 1681083
0.1572265625 0.4677734375 0.9267578125 1681083
0.16064453125 0.47802734375 0.93310546875 1681181
0.16064453125 0.47802734375 0.93310546875 1681181
0.16064453125 0.47802734375 0.93310546875 1681182
0.16064453125 0.47802734375 0.93310546875 1681182
0.16064453125 0.47021484375 0.92919921875 1681260
0.16064453125 0.47021484375 0.92919921875 1681261
0.16015625 0.46484375 0.935546875 1681372
0.16015625 0.46484375 0.935546875 1681372
0.16015625 0.46484375 0.935546875 1681372
0.16015625 0.46484375 0.935546875 1681373
0.16015625 0.46484375 0.935546875 1681373
0.1591796875 0.46826171875 0.9248046875 1681475
0.1591796875 0.46826171875 0.9248046875 1681475
0.1591796875 0.46826171875 0.9248046875 1681476
0.1591796875 0.46826171875 0.9248046875 1681476
0.1591796875 0.46826171875 0.9248046875 1681477
0.1640625 0.4658203125 0.927734375 1681578
0.1640625 0.4658203125 0.927734375 1681578
0.1640625 0.4658203125 0.927734375 1681579
0.1640625 0.4658203125 0.927734375 1681579
0.1640625 0.4658203125 0.927734375 1681579
0.15966796875 0.4736328125 0.9296875 1681680
0.15966796875 0.4736328125 0.9296875 1681680
0.15966796875 0.4736328125 0.9296875 1681681
0.15966796875 0.4736328125 0.9296875 1681681
0.15966796875 0.4736328125 0.9296875 1681682
0.17236328125 0.47021484375 0.93896484375 1681784
0.17236328125 0.47021484375 0.93896484375 1681784
0.17236328125 0.47021484375 0.93896484375 1681784
0.17236328125 0.47021484375 0.93896484375 1681785
0.17236328125 0.47021484375 0.93896484375 1681785
0.1650390625 0.4736328125 0.931640625 1681861
0.162109375 0.4658203125 0.91748046875 1681973
0.162109375 0.4658203125 0.91748046875 1681973
0.162109375 0.4658203125 0.91748046875 1681973
0.162109375 0.4658203125 0.91748046875 1681974
0.162109375 0.4658203125 0.91748046875 1681974
0.1611328125 0.45703125 0.91943359375 1682075
0.1611328125 0.45703125 0.91943359375 1682075
0.1611328125 0.45703125 0.91943359375 1682076
0.1611328125 0.45703125 0.91943359375 1682076
0.1611328125 0.45703125 0.91943359375 1682076
0.16845703125 0.4755859375 0.94921875 1682178
0.16845703125 0.4755859375 0.94921875 1682178
0.16845703125 0.4755859375 0.94921875 1682178
0.16845703125 0.4755859375 0.94921875 1682179
0.16845703125 0.4755859375 0.94921875 1682179
0.16552734375 0.48046875 0.93994140625 1682281
0.16552734375 0.48046875 0.93994140625 1682281
0.16552734375 0.48046875 0.93994140625 1682282
0.16552734375 0.48046875 0.93994140625 1682282
0.16552734375 0.48046875 0.93994140625 1682282
0.16552734375 0.462890625 0.91845703125 1682383
0.16552734375 0.462890625 0.91845703125 1682383
0.16552734375 0.462890625 0.91845703125 1682383
0.16552734375 0.462890625 0.91845703125 1682384
0.16552734375 0.462890625 0.91845703125 1682384
0.16748046875 0.4599609375 0.921875 1682461
0.16552734375 0.4736328125 0.939453125 1682573
0.16552734375 0.4736328125 0.939453125 1682573
0.16552734375 0.4736328125 0.939453125 1682573
0.16552734375 0.4736328125 0.939453125 1682574
0.16552734375 0.4736328125 0.939453125 1682574
0.158203125 0.4736328125 0.93505859375 1682675
0.158203125 0.4736328125 0.93505859375 1682675
0.158203125 0.4736328125 0.93505859375 1682676
0.158203125 0.4736328125 0.93505859375 1682676
0.158203125 0.4736328125 0.93505859375 1682677
0.1728515625 0.46240234375 0.92578125 1682777
0.1728515625 0.46240234375 0.92578125 1682777
0.1728515625 0.46240234375 0.92578125 1682777
0.1728515625 0.46240234375 0.92578125 1682778
0.15478515625 0.4775390625 0.92578125 1682881
0.15478515625 0.4775390625 0.92578125 1682881
0.15478515625 0.4775390625 0.92578125 1682881
0.15478515625 0.4775390625 0.92578125 1682882
0.15478515625 0.4775390625 0.92578125 1682882
0.173828125 0.47314453125 0.931640625 1682961
0.169921875 0.4716796875 0.93505859375 1683072
0.169921875 0.4716796875 0.93505859375 1683072
0.169921875 0.4716796875 0.93505859375 1683073
0.169921875 0.4716796875 0.93505859375 1683073
0.169921875 0.4716796875 0.93505859375 1683073
0.166015625 0.47314453125 0.93505859375 1683175
0.166015625 0.47314453125 0.93505859375 1683175
0.166015625 0.47314453125 0.93505859375 1683176
0.166015625 0.47314453125 0.93505859375 1683176
0.166015625 0.47314453125 0.93505859375 1683176
0.1591796875 0.4716796875 0.931640625 1683277
0.1591796875 0.4716796875 0.931640625 1683278
0.1591796875 0.4716796875 0.931640625 1683278
0.1591796875 0.4716796875 0.931640625 1683278
0.173828125 0.4619140625 0.921875 1683360
0.173828125 0.4619140625 0.921875 1683360
0.17236328125 0.47900390625 0.94091796875 1683471
0.17236328125 0.47900390625 0.94091796875 1683471
0.17236328125 0.47900390625 0.94091796875 1683472
0.17236328125 0.47900390625 0.94091796875 1683472
0.17236328125 0.47900390625 0.94091796875 1683472
0.16650390625 0.4736328125 0.93212890625 1683573
0.16650390625 0.4736328125 0.93212890625 1683574
0.16650390625 0.4736328125 0.93212890625 1683574
0.16650390625 0.4736328125 0.93212890625 1683574
0.16650390625 0.4736328125 0.93212890625 1683575
0.1708984375 0.47265625 0.927734375 1683676
0.1708984375 0.47265625 0.927734375 1683676
0.1708984375 0.47265625 0.927734375 1683676
0.1708984375 0.47265625 0.927734375 1683677
0.1708984375 0.47265625 0.927734375 1683677
0.1669921875 0.4765625 0.931640625 1683778
0.1669921875 0.4765625 0.931640625 1683778
0.1669921875 0.4765625 0.931640625 1683779
0.1669921875 0.4765625 0.931640625 1683779
0.1669921875 0.4765625 0.931640625 1683779
0.171875 0.48291015625 0.93505859375 1683881
0.171875 0.48291015625 0.93505859375 1683882
0.171875 0.48291015625 0.93505859375 1683882
0.171875 0.48291015625 0.93505859375 1683882
0.171875 0.48291015625 0.93505859375 1683883
0.18017578125 0.48583984375 0.93701171875 1683961
0.15869140625 0.4931640625 0.9169921875 1684072
0.15869140625 0.4931640625 0.9169921875 1684073
0.15869140625 0.4931640625 0.9169921875 1684073
0.15869140625 0.4931640625 0.9169921875 1684074
0.15869140625 0.4931640625 0.9169921875 1684074
0.14892578125 0.513671875 0.9267578125 1684175
0.14892578125 0.513671875 0.9267578125 1684175
0.14892578125 0.513671875 0.9267578125 1684176
0.14892578125 0.513671875 0.9267578125 1684176
0.14892578125 0.513671875 0.9267578125 1684176
0.14794921875 0.47021484375 0.912109375 1684277
0.14794921875 0.47021484375 0.912109375 1684277
0.14794921875 0.47021484375 0.912109375 1684278
0.14794921875 0.47021484375 0.912109375 1684278
0.14794921875 0.47021484375 0.912109375 1684278
0.12158203125 0.4638671875 0.91748046875 1684360
0.0634765625 0.46728515625 0.90234375 1684471
0.0634765625 0.46728515625 0.90234375 1684471
0.0634765625 0.46728515625 0.90234375 1684472
0.0634765625 0.46728515625 0.90234375 1684472
0.0634765625 0.46728515625 0.90234375 1684473
-0.1083984375 0.57666015625 0.81396484375 1684574
-0.1083984375 0.57666015625 0.81396484375 1684574
-0.1083984375 0.57666015625 0.81396484375 1684575
-0.1083984375 0.57666015625 0.81396484375 1684575
-0.1083984375 0.57666015625 0.81396484375 1684575
-0.2978515625 0.64208984375 0.69921875 1684690
-0.2978515625 0.64208984375 0.69921875 1684691
-0.2978515625 0.64208984375 0.69921875 1684692
-0.2978515625 0.64208984375 0.69921875 1684692
-0.2978515625 0.64208984375 0.69921875 1684692
-0.39306640625 0.64990234375 0.57666015625 1684779
-0.51025390625 0.60546875 0.3955078125 1684881
-0.51025390625 0.60546875 0.3955078125 1684881
-0.51025390625 0.60546875 0.3955078125 1684882
-0.51025390625 0.60546875 0.3955078125 1684882
-0.51025390625 0.60546875 0.3955078125 1684882
-0.58056640625 0.57958984375 0.27294921875 1684961
-0.6220703125 0.572265625 0.1953125 1685072
-0.6220703125 0.572265625 0.1953125 1685072
-0.6220703125 0.572265625 0.1953125 1685073
-0.6220703125 0.572265625 0.1953125 1685073
-0.6220703125 0.572265625 0.1953125 1685073
-0.640625 0.54541015625 0.11279296875 1685175
-0.640625 0.54541015625 0.11279296875 1685175
-0.640625 0.54541015625 0.11279296875 1685175
-0.640625 0.54541015625 0.11279296875 1685176
-0.640625 0.54541015625 0.11279296875 1685176
-0.64794921875 0.54150390625 0.09228515625 1685274
-0.65087890625 0.53759765625 0.05419921875 1685381
-0.65087890625 0.53759765625 0.05419921875 1685381
-0.65087890625 0.53759765625 0.05419921875 1685382
-0.65087890625 0.53759765625 0.05419921875 1685382
-0.65087890625 0.53759765625 0.05419921875 1685382
-0.66943359375 0.5537109375 0.03662109375 1685473
-0.65966796875 0.55419921875 0.0400390625 1685571
-0.65966796875 0.55419921875 0.0400390625 1685572
-0.65966796875 0.55419921875 0.0400390625 1685572
-0.65966796875 0.55419921875 0.0400390625 1685573
-0.65966796875 0.55419921875 0.0400390625 1685573
-0.65625 0.55517578125 0.04638671875 1685672
-0.65625 0.55517578125 0.04638671875 1685672
-0.65625 0.55517578125 0.04638671875 1685673
-0.65625 0.55517578125 0.04638671875 1685673
-0.65625 0.55517578125 0.04638671875 1685674
-0.64697265625 0.55908203125 0.0712890625 1685775
-0.64697265625 0.55908203125 0.0712890625 1685775
-0.64697265625 0.55908203125 0.0712890625 1685775
-0.64697265625 0.55908203125 0.0712890625 1685776
-0.64697265625 0.55908203125 0.0712890625 1685776
-0.6396484375 0.5693359375 0.14794921875 1685877
-0.6396484375 0.5693359375 0.14794921875 1685877
-0.6396484375 0.5693359375 0.14794921875 1685878
-0.6396484375 0.5693359375 0.14794921875 1685878
-0.6396484375 0.5693359375 0.14794921875 1685878
-0.6259765625 0.57763671875 0.203125 1685979
-0.6259765625 0.57763671875 0.203125 1685980
-0.6259765625 0.57763671875 0.203125 1685980
-0.6259765625 0.57763671875 0.203125 1685981
-0.6259765625 0.57763671875 0.203125 1685981
-0.5859375 0.5810546875 0.29296875 1686059
-0.52734375 0.57958984375 0.39794921875 1686190
-0.52734375 0.57958984375 0.39794921875 1686190
-0.52734375 0.57958984375 0.39794921875 1686191
-0.52734375 0.57958984375 0.39794921875 1686191
-0.52734375 0.57958984375 0.39794921875 1686191
-0.48974609375 0.56787109375 0.50537109375 1686303
-0.48974609375 0.56787109375 0.50537109375 1686304
-0.48974609375 0.56787109375 0.50537109375 1686304
-0.48974609375 0.56787109375 0.50537109375 1686305
-0.48974609375 0.56787109375 0.50537109375 1686305
-0.4365234375 0.56689453125 0.5830078125 1686381
-0.3857421875 0.54541015625 0.6962890625 1686459
-0.3857421875 0.54541015625 0.6962890625 1686460
-0.3857421875 0.54541015625 0.6962890625 1686460
-0.3857421875 0.54541015625 0.6962890625 1686460
-0.3857421875 0.54541015625 0.6962890625 1686461
-0.251953125 0.4345703125 0.8681640625 1686569
-0.251953125 0.4345703125 0.8681640625 1686570
-0.251953125 0.4345703125 0.8681640625 1686570
-0.251953125 0.4345703125 0.8681640625 1686571
-0.251953125 0.4345703125 0.8681640625 1686571
-0.193359375 0.37060546875 0.8837890625 1686672
-0.193359375 0.37060546875 0.8837890625 1686672
-0.193359375 0.37060546875 0.8837890625 1686673
-0.193359375 0.37060546875 0.8837890625 1686673
-0.193359375 0.37060546875 0.8837890625 1686674
-0.236328125 0.4228515625 0.75146484375 1686775
-0.236328125 0.4228515625 0.75146484375 1686775
-0.236328125 0.4228515625 0.75146484375 1686776
-0.236328125 0.4228515625 0.75146484375 1686776
-0.236328125 0.4228515625 0.75146484375 1686776
-0.30908203125 0.505859375 0.6455078125 1686877
-0.30908203125 0.505859375 0.6455078125 1686877
-0.30908203125 0.505859375 0.6455078125 1686877
-0.30908203125 0.505859375 0.6455078125 1686878
-0.30908203125 0.505859375 0.6455078125 1686878
-0.3349609375 0.595703125 0.55517578125 1686980
-0.3349609375 0.595703125 0.55517578125 1686980
-0.3349609375 0.595703125 0.55517578125 1686981
-0.3349609375 0.595703125 0.55517578125 1686981
-0.3349609375 0.595703125 0.55517578125 1686981
-0.34326171875 0.69189453125 0.54150390625 1687058
-0.3369140625 0.76611328125 0.60107421875 1687170
-0.3369140625 0.76611328125 0.60107421875 1687170
-0.3369140625 0.76611328125 0.60107421875 1687170
-0.3369140625 0.76611328125 0.60107421875 1687171
-0.3369140625 0.76611328125 0.60107421875 1687171
-0.28271484375 0.80322265625 0.6103515625 1687272
-0.28271484375 0.80322265625 0.6103515625 1687272
-0.28271484375 0.80322265625 0.6103515625 1687272
-0.28271484375 0.80322265625 0.6103515625 1687273
-0.28271484375 0.80322265625 0.6103515625 1687273
-0.1708984375 0.77099609375 0.646484375 1687375
-0.1708984375 0.77099609375 0.646484375 1687375
-0.1708984375 0.77099609375 0.646484375 1687376
-0.1708984375 0.77099609375 0.646484375 1687376
-0.1708984375 0.77099609375 0.646484375 1687377
-0.11767578125 0.7705078125 0.67236328125 1687478
-0.11767578125 0.7705078125 0.67236328125 1687478
-0.11767578125 0.7705078125 0.67236328125 1687478
-0.11767578125 0.7705078125 0.67236328125 1687479
-0.11767578125 0.7705078125 0.67236328125 1687479
-0.0244140625 0.728515625 0.78076171875 1687559
0.08447265625 0.63720703125 0.84619140625 1687670
0.08447265625 0.63720703125 0.84619140625 1687670
0.08447265625 0.63720703125 0.84619140625 1687671
0.08447265625 0.63720703125 0.84619140625 1687671
0.08447265625 0.63720703125 0.84619140625 1687671
0.13037109375 0.59765625 0.8662109375 1687774
0.13037109375 0.59765625 0.8662109375 1687775
0.13037109375 0.59765625 0.8662109375 1687775
0.13037109375 0.59765625 0.8662109375 1687776
0.13037109375 0.59765625 0.8662109375 1687776
0.1171875 0.56494140625 0.87548828125 1687875
0.1171875 0.56494140625 0.87548828125 1687875
0.1171875 0.56494140625 0.87548828125 1687875
0.1630859375 0.525390625 0.91455078125 1687979
0.1630859375 0.525390625 0.91455078125 1687979
0.1630859375 0.525390625 0.91455078125 1687979
0.1630859375 0.525390625 0.91455078125 1687980
0.1630859375 0.525390625 0.91455078125 1687980
0.1376953125 0.5048828125 0.88916015625 1688081
0.1376953125 0.5048828125 0.88916015625 1688081
0.1376953125 0.5048828125 0.88916015625 1688081
0.1376953125 0.5048828125 0.88916015625 1688082
0.1376953125 0.5048828125 0.88916015625 1688082
0.142578125 0.49755859375 0.90087890625 1688160
0.140625 0.5068359375 0.91796875 1688270
0.140625 0.5068359375 0.91796875 1688270
0.140625 0.5068359375 0.91796875 1688271
0.140625 0.5068359375 0.91796875 1688271
0.140625 0.5068359375 0.91796875 1688272
0.1376953125 0.49169921875 0.91748046875 1688372
0.1376953125 0.49169921875 0.91748046875 1688372
0.1376953125 0.49169921875 0.91748046875 1688372
0.1376953125 0.49169921875 0.91748046875 1688373
0.1376953125 0.49169921875 0.91748046875 1688373
0.1435546875 0.49951171875 0.92333984375 1688475
0.1435546875 0.49951171875 0.92333984375 1688475
0.1435546875 0.49951171875 0.92333984375 1688475
0.1435546875 0.49951171875 0.92333984375 1688476
0.1357421875 0.48681640625 0.9130859375 1688579
0.1357421875 0.48681640625 0.9130859375 1688579
0.1357421875 0.48681640625 0.9130859375 1688579
0.1357421875 0.48681640625 0.9130859375 1688580
0.1357421875 0.48681640625 0.9130859375 1688580
0.1416015625 0.47314453125 0.9072265625 1688657
0.14697265625 0.484375 0.923828125 1688770
0.14697265625 0.484375 0.923828125 1688770
0.14697265625 0.484375 0.923828125 1688771
0.14697265625 0.484375 0.923828125 1688771
0.14697265625 0.484375 0.923828125 1688771
0.142578125 0.48291015625 0.92138671875 1688872
0.142578125 0.48291015625 0.92138671875 1688872
0.142578125 0.48291015625 0.92138671875 1688873
0.142578125 0.48291015625 0.92138671875 1688873
0.142578125 0.48291015625 0.92138671875 1688874
0.13671875 0.48583984375 0.9248046875 1688974
0.13671875 0.48583984375 0.9248046875 1688975
0.13671875 0.48583984375 0.9248046875 1688976
0.13671875 0.48583984375 0.9248046875 1688976
0.13671875 0.48583984375 0.9248046875 1688977
0.14404296875 0.4873046875 0.92041015625 1689076
0.14404296875 0.4873046875 0.92041015625 1689076
0.14404296875 0.4873046875 0.92041015625 1689077
0.14404296875 0.4873046875 0.92041015625 1689077
0.14404296875 0.4873046875 0.92041015625 1689077
0.14111328125 0.49267578125 0.9228515625 1689179
0.14111328125 0.49267578125 0.9228515625 1689180
0.14111328125 0.49267578125 0.9228515625 1689180
0.14111328125 0.49267578125 0.9228515625 1689181
0.14111328125 0.49267578125 0.9228515625 1689181
0.140625 0.50146484375 0.92529296875 1689257
0.15576171875 0.509765625 0.91943359375 1689369
0.15576171875 0.509765625 0.91943359375 1689369
0.15576171875 0.509765625 0.91943359375 1689370
0.15576171875 0.509765625 0.91943359375 1689370
0.15576171875 0.509765625 0.91943359375 1689371
0.14306640625 0.515625 0.91259765625 1689473
0.14306640625 0.515625 0.91259765625 1689473
0.14306640625 0.515625 0.91259765625 1689474
0.14306640625 0.515625 0.91259765625 1689474
0.14306640625 0.515625 0.91259765625 1689474
0.14453125 0.509765625 0.91796875 1689576
0.14453125 0.509765625 0.91796875 1689576
0.14453125 0.509765625 0.91796875 1689577
0.14453125 0.509765625 0.91796875 1689577
0.14453125 0.509765625 0.91796875 1689577
0.12548828125 0.49658203125 0.9208984375 1689678
0.12548828125 0.49658203125 0.9208984375 1689679
0.12548828125 0.49658203125 0.9208984375 1689679
0.12548828125 0.49658203125 0.9208984375 1689680
0.12548828125 0.49658203125 0.9208984375 1689680
0.13330078125 0.4580078125 0.91650390625 1689780
0.13330078125 0.4580078125 0.91650390625 1689780
0.13330078125 0.4580078125 0.91650390625 1689781
0.13330078125 0.4580078125 0.91650390625 1689781
0.13330078125 0.4580078125 0.91650390625 1689782
0.146484375 0.435546875 0.93994140625 1689857
0.1328125 0.42431640625 0.92529296875 1689969
0.1328125 0.42431640625 0.92529296875 1689969
0.1328125 0.42431640625 0.92529296875 1689969
0.1328125 0.42431640625 0.92529296875 1689970
0.1328125 0.42431640625 0.92529296875 1689970
0.14599609375 0.427734375 0.93408203125 1690071
0.14599609375 0.427734375 0.93408203125 1690071
0.14599609375 0.427734375 0.93408203125 1690072
0.14599609375 0.427734375 0.93408203125 1690073
0.14599609375 0.427734375 0.93408203125 1690073
0.138671875 0.46240234375 0.94091796875 1690174
0.138671875 0.46240234375 0.94091796875 1690174
0.138671875 0.46240234375 0.94091796875 1690175
0.138671875 0.46240234375 0.94091796875 1690175
0.14892578125 0.46337890625 0.9541015625 1690278
0.14892578125 0.46337890625 0.9541015625 1690278
0.14892578125 0.46337890625 0.9541015625 1690279
0.14892578125 0.46337890625 0.9541015625 1690279
0.14892578125 0.46337890625 0.9541015625 1690279
0.15185546875 0.45654296875 0.93310546875 1690379
0.15185546875 0.45654296875 0.93310546875 1690379
0.15185546875 0.45654296875 0.93310546875 1690379
0.15185546875 0.45654296875 0.93310546875 1690380
0.15185546875 0.45654296875 0.93310546875 1690380
0.13134765625 0.46337890625 0.93310546875 1690457
0.1650390625 0.45654296875 0.92919921875 1690567
0.1650390625 0.45654296875 0.92919921875 1690567
0.1650390625 0.45654296875 0.92919921875 1690568
0.1650390625 0.45654296875 0.92919921875 1690569
0.1650390625 0.45654296875 0.92919921875 1690569
0.14599609375 0.47119140625 0.94140625 1690672
0.14599609375 0.47119140625 0.94140625 1690673
0.14599609375 0.47119140625 0.94140625 1690673
0.14599609375 0.47119140625 0.94140625 1690674
0.14599609375 0.47119140625 0.94140625 1690674
0.13623046875 0.474609375 0.92333984375 1690759
0.14892578125 0.466796875 0.92431640625 1690870
0.14892578125 0.466796875 0.92431640625 1690871
0.14892578125 0.466796875 0.92431640625 1690872
0.14892578125 0.466796875 0.92431640625 1690872
0.14892578125 0.466796875 0.92431640625 1690872
0.1591796875 0.4716796875 0.94140625 1690971
0.1591796875 0.4716796875 0.94140625 1690971
0.1591796875 0.4716796875 0.94140625 1690971
0.1494140625 0.47705078125 0.93701171875 1691073
0.1494140625 0.47705078125 0.93701171875 1691073
0.1494140625 0.47705078125 0.93701171875 1691073
0.1494140625 0.47705078125 0.93701171875 1691074
0.1533203125 0.4599609375 0.92138671875 1691171
0.1533203125 0.4599609375 0.92138671875 1691172
0.14208984375 0.470703125 0.9306640625 1691258
0.14208984375 0.470703125 0.9306640625 1691258
0.14208984375 0.470703125 0.9306640625 1691259
0.14208984375 0.470703125 0.9306640625 1691259
0.15966796875 0.47412109375 0.94482421875 1691367
0.15966796875 0.47412109375 0.94482421875 1691367
0.15966796875 0.47412109375 0.94482421875 1691368
0.15966796875 0.47412109375 0.94482421875 1691369
0.15966796875 0.47412109375 0.94482421875 1691369
0.1484375 0.46142578125 0.9228515625 1691473
0.1484375 0.46142578125 0.9228515625 1691473
0.1484375 0.46142578125 0.9228515625 1691474
0.1484375 0.46142578125 0.9228515625 1691474
0.1484375 0.46142578125 0.9228515625 1691474
0.14794921875 0.47021484375 0.919921875 1691573
0.14794921875 0.47021484375 0.919921875 1691573
0.14794921875 0.47021484375 0.919921875 1691574
0.14794921875 0.47021484375 0.919921875 1691574
0.14794921875 0.47021484375 0.919921875 1691574
0.162109375 0.47021484375 0.927734375 1691675
0.162109375 0.47021484375 0.927734375 1691675
0.162109375 0.47021484375 0.927734375 1691676
0.162109375 0.47021484375 0.927734375 1691676
0.162109375 0.47021484375 0.927734375 1691676
0.15478515625 0.47021484375 0.9375 1691778
0.15478515625 0.47021484375 0.9375 1691778
0.15478515625 0.47021484375 0.9375 1691779
0.15478515625 0.47021484375 0.9375 1691779
0.15478515625 0.47021484375 0.9375 1691780
0.1513671875 0.4697265625 0.9306640625 1691856
0.1533203125 0.46875 0.92529296875 1691967
0.1533203125 0.46875 0.92529296875 1691967
0.1533203125 0.46875 0.92529296875 1691967
0.1533203125 0.46875 0.92529296875 1691968
0.1533203125 0.46875 0.92529296875 1691968
0.16064453125 0.4716796875 0.93408203125 1692070
0.16064453125 0.4716796875 0.93408203125 1692071
0.16064453125 0.4716796875 0.93408203125 1692071
0.16064453125 0.4716796875 0.93408203125 1692072
0.16064453125 0.4716796875 0.93408203125 1692072
0.15576171875 0.4609375 0.9296875 1692173
0.15576171875 0.4609375 0.9296875 1692173
0.15576171875 0.4609375 0.9296875 1692174
0.15576171875 0.4609375 0.9296875 1692174
0.15576171875 0.4609375 0.9296875 1692174
0.1455078125 0.46923828125 0.93603515625 1692275
0.1455078125 0.46923828125 0.93603515625 1692275
0.1455078125 0.46923828125 0.93603515625 1692275
0.1455078125 0.46923828125 0.93603515625 1692276
0.1455078125 0.46923828125 0.93603515625 1692276
0.16064453125 0.4560546875 0.9296875 1692377
0.16064453125 0.4560546875 0.9296875 1692377
0.16064453125 0.4560546875 0.9296875 1692377
0.16064453125 0.4560546875 0.9296875 1692378
0.16064453125 0.4560546875 0.9296875 1692378
0.14990234375 0.4609375 0.93408203125 1692455
0.1513671875 0.45849609375 0.9384765625 1692568
0.1513671875 0.45849609375 0.9384765625 1692568
0.1513671875 0.45849609375 0.9384765625 1692569
0.1513671875 0.45849609375 0.9384765625 1692569
0.1513671875 0.45849609375 0.9384765625 1692570
0.15478515625 0.4560546875 0.93017578125 1692671
0.15478515625 0.4560546875 0.93017578125 1692671
0.15478515625 0.4560546875 0.93017578125 1692672
0.15478515625 0.4560546875 0.93017578125 1692672
0.15478515625 0.4560546875 0.93017578125 1692673
0.15966796875 0.45703125 0.93701171875 1692775
0.15966796875 0.45703125 0.93701171875 1692776
0.15966796875 0.45703125 0.93701171875 1692776
0.15966796875 0.45703125 0.93701171875 1692776
0.15966796875 0.45703125 0.93701171875 1692777
0.1533203125 0.4560546875 0.93408203125 1692876
0.1533203125 0.4560546875 0.93408203125 1692876
0.1533203125 0.4560546875 0.93408203125 1692876
0.1533203125 0.4560546875 0.93408203125 1692877
0.1533203125 0.4560546875 0.93408203125 1692877
0.1494140625 0.4599609375 0.927734375 1692955
0.14990234375 0.4521484375 0.93310546875 1693068
0.14990234375 0.4521484375 0.93310546875 1693068
0.14990234375 0.4521484375 0.93310546875 1693068
0.14990234375 0.4521484375 0.93310546875 1693069
0.14990234375 0.4521484375 0.93310546875 1693069
0.15625 0.44921875 0.9375 1693170
0.15625 0.44921875 0.9375 1693170
0.15625 0.44921875 0.9375 1693170
0.15625 0.44921875 0.9375 1693171
0.15625 0.44921875 0.9375 1693171
0.14892578125 0.44384765625 0.94140625 1693272
0.14892578125 0.44384765625 0.94140625 1693273
0.14892578125 0.44384765625 0.94140625 1693273
0.14892578125 0.44384765625 0.94140625 1693273
0.154296875 0.439453125 0.93212890625 1693376
0.154296875 0.439453125 0.93212890625 1693376
0.154296875 0.439453125 0.93212890625 1693376
0.154296875 0.439453125 0.93212890625 1693377
0.154296875 0.439453125 0.93212890625 1693377
0.15234375 0.4521484375 0.93505859375 1693454
0.15087890625 0.46630859375 0.92529296875 1693566
0.15087890625 0.46630859375 0.92529296875 1693567
0.15087890625 0.46630859375 0.92529296875 1693567
0.15087890625 0.46630859375 0.92529296875 1693568
0.15087890625 0.46630859375 0.92529296875 1693568
0.142578125 0.47412109375 0.93212890625 1693668
0.142578125 0.47412109375 0.93212890625 1693668
0.142578125 0.47412109375 0.93212890625 1693669
0.142578125 0.47412109375 0.93212890625 1693669
0.142578125 0.47412109375 0.93212890625 1693669
0.1552734375 0.47216796875 0.9326171875 1693771
0.1552734375 0.47216796875 0.9326171875 1693771
0.1552734375 0.47216796875 0.9326171875 1693771
0.1552734375 0.47216796875 0.9326171875 1693772
0.1552734375 0.47216796875 0.9326171875 1693772
0.146484375 0.4658203125 0.92138671875 1693876
0.146484375 0.4658203125 0.92138671875 1693881
0.146484375 0.4658203125 0.92138671875 1693882
0.146484375 0.4658203125 0.92138671875 1693882
0.146484375 0.4658203125 0.92138671875 1693883
0.1494140625 0.47021484375 0.93310546875 1693958
0.14794921875 0.47412109375 0.9365234375 1694067
0.14794921875 0.47412109375 0.9365234375 1694067
0.14794921875 0.47412109375 0.9365234375 1694068
0.14794921875 0.47412109375 0.9365234375 1694068
0.14794921875 0.47412109375 0.9365234375 1694068
0.15771484375 0.45947265625 0.93115234375 1694170
0.15771484375 0.45947265625 0.93115234375 1694170
0.15771484375 0.45947265625 0.93115234375 1694170
0.15771484375 0.45947265625 0.93115234375 1694170
0.15771484375 0.45947265625 0.93115234375 1694171
0.1435546875 0.4677734375 0.921875 1694272
0.1435546875 0.4677734375 0.921875 1694272
0.1435546875 0.4677734375 0.921875 1694272
0.1435546875 0.4677734375 0.921875 1694273
0.1435546875 0.4677734375 0.921875 1694273
0.15380859375 0.46875 0.935546875 1694375
0.15380859375 0.46875 0.935546875 1694375
0.15380859375 0.46875 0.935546875 1694375
0.15380859375 0.46875 0.935546875 1694376
0.15380859375 0.46875 0.935546875 1694376
0.15087890625 0.47216796875 0.93408203125 1694482
0.15087890625 0.47216796875 0.93408203125 1694483
0.15087890625 0.47216796875 0.93408203125 1694483
0.15087890625 0.47216796875 0.93408203125 1694484
0.15087890625 0.47216796875 0.93408203125 1694484
0.1494140625 0.4697265625 0.92138671875 1694556
0.15673828125 0.4755859375 0.93896484375 1694667
0.15673828125 0.4755859375 0.93896484375 1694667
0.15673828125 0.4755859375 0.93896484375 1694668
0.15673828125 0.4755859375 0.93896484375 1694668
0.15673828125 0.4755859375 0.93896484375 1694669
0.1435546875 0.4716796875 0.92919921875 1694770
0.1435546875 0.4716796875 0.92919921875 1694770
0.1435546875 0.4716796875 0.92919921875 1694770
0.1435546875 0.4716796875 0.92919921875 1694771
0.1435546875 0.4716796875 0.92919921875 1694771
0.16162109375 0.4638671875 0.92236328125 1694872
0.16162109375 0.4638671875 0.92236328125 1694872
0.16162109375 0.4638671875 0.92236328125 1694873
0.16162109375 0.4638671875 0.92236328125 1694873
0.16162109375 0.4638671875 0.92236328125 1694873
0.138671875 0.47998046875 0.93017578125 1694975
0.138671875 0.47998046875 0.93017578125 1694975
0.138671875 0.47998046875 0.93017578125 1694976
0.138671875 0.47998046875 0.93017578125 1694976
0.138671875 0.47998046875 0.93017578125 1694976
0.16064453125 0.47216796875 0.9296875 1695078
0.16064453125 0.47216796875 0.9296875 1695078
0.16064453125 0.47216796875 0.9296875 1695079
0.16064453125 0.47216796875 0.9296875 1695079
0.16064453125 0.47216796875 0.9296875 1695079
0.15576171875 0.4765625 0.93212890625 1695155
0.150390625 0.474609375 0.92529296875 1695266
0.150390625 0.474609375 0.92529296875 1695266
0.150390625 0.474609375 0.92529296875 1695266
0.150390625 0.474609375 0.92529296875 1695267
0.150390625 0.474609375 0.92529296875 1695267
0.1591796875 0.47998046875 0.9296875 1695368
0.1591796875 0.47998046875 0.9296875 1695368
0.1591796875 0.47998046875 0.9296875 1695368
0.1591796875 0.47998046875 0.9296875 1695369
0.1591796875 0.47998046875 0.9296875 1695369
0.166015625 0.46484375 0.9248046875 1695471
0.166015625 0.46484375 0.9248046875 1695471
0.166015625 0.46484375 0.9248046875 1695472
0.166015625 0.46484375 0.9248046875 1695473
0.166015625 0.46484375 0.9248046875 1695473
0.16357421875 0.4736328125 0.931640625 1695574
0.16357421875 0.4736328125 0.931640625 1695574
0.16357421875 0.4736328125 0.931640625 1695574
0.16357421875 0.4736328125 0.931640625 1695575
0.16357421875 0.4736328125 0.931640625 1695575
0.162109375 0.48095703125 0.94140625 1695654
0.162109375 0.4697265625 0.921875 1695766
0.162109375 0.4697265625 0.921875 1695766
0.162109375 0.4697265625 0.921875 1695766
0.162109375 0.4697265625 0.921875 1695771
0.162109375 0.4697265625 0.921875 1695771
0.16650390625 0.470703125 0.927734375 1695869
0.16650390625 0.470703125 0.927734375 1695870
0.16650390625 0.470703125 0.927734375 1695870
0.16650390625 0.470703125 0.927734375 1695870
0.15771484375 0.47412109375 0.93408203125 1695972
0.15771484375 0.47412109375 0.93408203125 1695972
0.15771484375 0.47412109375 0.93408203125 1695972
0.15771484375 0.47412109375 0.93408203125 1695973
0.15771484375 0.47412109375 0.93408203125 1695973
0.15283203125 0.47607421875 0.931640625 1696074
0.15283203125 0.47607421875 0.931640625 1696075
0.15283203125 0.47607421875 0.931640625 1696075
0.15283203125 0.47607421875 0.931640625 1696075
0.15283203125 0.47607421875 0.931640625 1696076
0.166015625 0.474609375 0.92333984375 1696172
0.15673828125 0.4833984375 0.93115234375 1696256
0.15673828125 0.4833984375 0.93115234375 1696256
0.15673828125 0.4833984375 0.93115234375 1696257
0.15673828125 0.4833984375 0.93115234375 1696257
0.15673828125 0.4833984375 0.93115234375 1696257
0.17333984375 0.47021484375 0.9326171875 1696367
0.17333984375 0.47021484375 0.9326171875 1696367
0.17333984375 0.47021484375 0.9326171875 1696367
0.17333984375 0.47021484375 0.9326171875 1696368
0.17333984375 0.47021484375 0.9326171875 1696368
0.162109375 0.47998046875 0.9248046875 1696469
0.162109375 0.47998046875 0.9248046875 1696470
0.162109375 0.47998046875 0.9248046875 1696470
0.162109375 0.47998046875 0.9248046875 1696470
0.162109375 0.47998046875 0.9248046875 1696470
0.16357421875 0.482421875 0.9287109375 1696572
0.16357421875 0.482421875 0.9287109375 1696572
0.16357421875 0.482421875 0.9287109375 1696572
0.16357421875 0.482421875 0.9287109375 1696573
0.16357421875 0.482421875 0.9287109375 1696573
0.162109375 0.4951171875 0.93701171875 1696674
0.162109375 0.4951171875 0.93701171875 1696674
0.162109375 0.4951171875 0.93701171875 1696675
0.162109375 0.4951171875 0.93701171875 1696675
0.162109375 0.4951171875 0.93701171875 1696675
0.1630859375 0.4921875 0.91650390625 1696778
0.1630859375 0.4921875 0.91650390625 1696779
0.1630859375 0.4921875 0.91650390625 1696779
0.1630859375 0.4921875 0.91650390625 1696779
0.1630859375 0.4921875 0.91650390625 1696779
0.15234375 0.51904296875 0.91845703125 1696854
0.13720703125 0.50048828125 0.91796875 1696964
0.13720703125 0.50048828125 0.91796875 1696965
0.13720703125 0.50048828125 0.91796875 1696965
0.13720703125 0.50048828125 0.91796875 1696966
0.13720703125 0.50048828125 0.91796875 1696966
0.14013671875 0.4677734375 0.931640625 1697071
0.14013671875 0.4677734375 0.931640625 1697071
0.14013671875 0.4677734375 0.931640625 1697072
0.14013671875 0.4677734375 0.931640625 1697072
0.14013671875 0.4677734375 0.931640625 1697073
0.10546875 0.447265625 0.90087890625 1697157
-0.01708984375 0.49658203125 0.8466796875 1697266
-0.01708984375 0.49658203125 0.8466796875 1697266
-0.01708984375 0.49658203125 0.8466796875 1697266
-0.01708984375 0.49658203125 0.8466796875 1697267
-0.01708984375 0.49658203125 0.8466796875 1697267
-0.19775390625 0.60400390625 0.76708984375 1697368
-0.19775390625 0.60400390625 0.76708984375 1697368
-0.19775390625 0.60400390625 0.76708984375 1697368
-0.19775390625 0.60400390625 0.76708984375 1697369
-0.19775390625 0.60400390625 0.76708984375 1697369
-0.33642578125 0.6513671875 0.666015625 1697471
-0.33642578125 0.6513671875 0.666015625 1697471
-0.33642578125 0.6513671875 0.666015625 1697472
-0.33642578125 0.6513671875 0.666015625 1697472
-0.33642578125 0.6513671875 0.666015625 1697473
-0.44384765625 0.63232421875 0.49951171875 1697573
-0.44384765625 0.63232421875 0.49951171875 1697573
-0.44384765625 0.63232421875 0.49951171875 1697574
-0.44384765625 0.63232421875 0.49951171875 1697574
-0.44384765625 0.63232421875 0.49951171875 1697574
-0.50732421875 0.626953125 0.40087890625 1697676
-0.50732421875 0.626953125 0.40087890625 1697676
-0.50732421875 0.626953125 0.40087890625 1697676
-0.50732421875 0.626953125 0.40087890625 1697677
-0.50732421875 0.626953125 0.40087890625 1697677
-0.56396484375 0.59375 0.30029296875 1697760
-0.60498046875 0.58935546875 0.24609375 1697869
-0.60498046875 0.58935546875 0.24609375 1697869
-0.60498046875 0.58935546875 0.24609375 1697869
-0.60498046875 0.58935546875 0.24609375 1697870
-0.60498046875 0.58935546875 0.24609375 1697870
-0.623046875 0.58056640625 0.19775390625 1697972
-0.623046875 0.58056640625 0.19775390625 1697972
-0.623046875 0.58056640625 0.19775390625 1697972
-0.623046875 0.58056640625 0.19775390625 1697973
-0.623046875 0.58056640625 0.19775390625 1697973
-0.61328125 0.57763671875 0.1884765625 1698058
-0.6240234375 0.5908203125 0.19580078125 1698170
-0.6240234375 0.5908203125 0.19580078125 1698170
-0.6240234375 0.5908203125 0.19580078125 1698170
-0.6240234375 0.5908203125 0.19580078125 1698171
-0.6240234375 0.5908203125 0.19580078125 1698171
-0.6142578125 0.58642578125 0.1982421875 1698274
-0.6142578125 0.58642578125 0.1982421875 1698274
-0.6142578125 0.58642578125 0.1982421875 1698274
-0.6142578125 0.58642578125 0.1982421875 1698275
-0.6142578125 0.58642578125 0.1982421875 1698275
-0.6005859375 0.603515625 0.2177734375 1698353
-0.59375 0.60009765625 0.25341796875 1698464
-0.59375 0.60009765625 0.25341796875 1698470
-0.59375 0.60009765625 0.25341796875 1698471
-0.59375 0.60009765625 0.25341796875 1698471
-0.59375 0.60009765625 0.25341796875 1698471
-0.5703125 0.6025390625 0.341796875 1698568
-0.5703125 0.6025390625 0.341796875 1698568
-0.5380859375 0.61279296875 0.40869140625 1698671
-0.5380859375 0.61279296875 0.40869140625 1698671
-0.5380859375 0.61279296875 0.40869140625 1698672
-0.5380859375 0.61279296875 0.40869140625 1698672
-0.5380859375 0.61279296875 0.40869140625 1698673
-0.45703125 0.5927734375 0.5009765625 1698773
-0.45703125 0.5927734375 0.5009765625 1698773
-0.45703125 0.5927734375 0.5009765625 1698774
-0.45703125 0.5927734375 0.5009765625 1698774
-0.45703125 0.5927734375 0.5009765625 1698774
-0.36669921875 0.5693359375 0.615234375 1698855
-0.3017578125 0.56396484375 0.7177734375 1698993
-0.3017578125 0.56396484375 0.7177734375 1698993
-0.3017578125 0.56396484375 0.7177734375 1698994
-0.3017578125 0.56396484375 0.7177734375 1698994
-0.3017578125 0.56396484375 0.7177734375 1698994
-0.2900390625 0.552734375 0.7119140625 1699056
-0.22998046875 0.5390625 0.7216796875 1699165
-0.22998046875 0.5390625 0.7216796875 1699166
-0.22998046875 0.5390625 0.7216796875 1699166
-0.22998046875 0.5390625 0.7216796875 1699166
-0.22998046875 0.5390625 0.7216796875 1699167
-0.2607421875 0.5751953125 0.75244140625 1699270
-0.2607421875 0.5751953125 0.75244140625 1699270
-0.2607421875 0.5751953125 0.75244140625 1699271
-0.2607421875 0.5751953125 0.75244140625 1699271
-0.2099609375 0.5498046875 0.7958984375 1699399
-0.2099609375 0.5498046875 0.7958984375 1699400
-0.2099609375 0.5498046875 0.7958984375 1699400
-0.2099609375 0.5498046875 0.7958984375 1699401
-0.2099609375 0.5498046875 0.7958984375 1699401
-0.1845703125 0.51953125 0.88671875 1699453
-0.08056640625 0.396484375 0.95849609375 1699565
-0.08056640625 0.396484375 0.95849609375 1699566
-0.08056640625 0.396484375 0.95849609375 1699566
-0.08056640625 0.396484375 0.95849609375 1699566
-0.08056640625 0.396484375 0.95849609375 1699567
-0.107421875 0.3876953125 0.88623046875 1699668
-0.107421875 0.3876953125 0.88623046875 1699669
-0.107421875 0.3876953125 0.88623046875 1699669
-0.107421875 0.3876953125 0.88623046875 1699669
-0.107421875 0.3876953125 0.88623046875 1699670
-0.1396484375 0.44189453125 0.7802734375 1699770
-0.1396484375 0.44189453125 0.7802734375 1699771
-0.1396484375 0.44189453125 0.7802734375 1699771
-0.1396484375 0.44189453125 0.7802734375 1699771
-0.1396484375 0.44189453125 0.7802734375 1699772
-0.19580078125 0.51416015625 0.67333984375 1699873
-0.19580078125 0.51416015625 0.67333984375 1699873
-0.19580078125 0.51416015625 0.67333984375 1699874
-0.19580078125 0.51416015625 0.67333984375 1699874
-0.19580078125 0.51416015625 0.67333984375 1699874
-0.2255859375 0.63818359375 0.68017578125 1699952
-0.22802734375 0.68359375 0.62548828125 1700063
-0.22802734375 0.68359375 0.62548828125 1700063
-0.22802734375 0.68359375 0.62548828125 1700064
-0.22802734375 0.68359375 0.62548828125 1700064
-0.22802734375 0.68359375 0.62548828125 1700064
-0.2470703125 0.7666015625 0.63916015625 1700167
-0.2470703125 0.7666015625 0.63916015625 1700168
-0.2470703125 0.7666015625 0.63916015625 1700168
-0.2470703125 0.7666015625 0.63916015625 1700168
-0.2470703125 0.7666015625 0.63916015625 1700169
-0.2294921875 0.70654296875 0.62158203125 1700270
-0.2294921875 0.70654296875 0.62158203125 1700271
-0.2294921875 0.70654296875 0.62158203125 1700272
-0.2294921875 0.70654296875 0.62158203125 1700272
-0.2294921875 0.70654296875 0.62158203125 1700273
-0.1376953125 0.7822265625 0.70458984375 1700363
-0.1005859375 0.7587890625 0.70751953125 1700464
-0.1005859375 0.7587890625 0.70751953125 1700464
-0.1005859375 0.7587890625 0.70751953125 1700464
-0.1005859375 0.7587890625 0.70751953125 1700465
-0.1005859375 0.7587890625 0.70751953125 1700465
0.03515625 0.68994140625 0.796875 1700566
0.03515625 0.68994140625 0.796875 1700566
0.03515625 0.68994140625 0.796875 1700567
0.03515625 0.68994140625 0.796875 1700567
0.03515625 0.68994140625 0.796875 1700567
0.01806640625 0.658203125 0.81396484375 1700668
0.01806640625 0.658203125 0.81396484375 1700668
0.01806640625 0.658203125 0.81396484375 1700669
0.01806640625 0.658203125 0.81396484375 1700669
0.01806640625 0.658203125 0.81396484375 1700669
0.09326171875 0.59912109375 0.83349609375 1700770
0.09326171875 0.59912109375 0.83349609375 1700770
0.09326171875 0.59912109375 0.83349609375 1700770
0.09326171875 0.59912109375 0.83349609375 1700771
0.09326171875 0.59912109375 0.83349609375 1700771
0.1181640625 0.58349609375 0.8720703125 1700853
0.123046875 0.564453125 0.8896484375 1700965
0.123046875 0.564453125 0.8896484375 1700965
0.123046875 0.564453125 0.8896484375 1700965
0.123046875 0.564453125 0.8896484375 1700966
0.123046875 0.564453125 0.8896484375 1700966
0.13720703125 0.54443359375 0.89404296875 1701069
0.13720703125 0.54443359375 0.89404296875 1701069
0.13720703125 0.54443359375 0.89404296875 1701070
0.13720703125 0.54443359375 0.89404296875 1701070
0.13720703125 0.54443359375 0.89404296875 1701071
0.1435546875 0.515625 0.90869140625 1701171
0.1435546875 0.515625 0.90869140625 1701171
0.1435546875 0.515625 0.90869140625 1701172
0.1435546875 0.515625 0.90869140625 1701173
0.1435546875 0.515625 0.90869140625 1701173
0.1376953125 0.4912109375 0.89599609375 1701270
0.13623046875 0.48291015625 0.91552734375 1701375
0.13623046875 0.48291015625 0.91552734375 1701375
0.13623046875 0.48291015625 0.91552734375 1701376
0.13623046875 0.48291015625 0.91552734375 1701376
0.13623046875 0.48291015625 0.91552734375 1701377
0.1396484375 0.4833984375 0.9248046875 1701453
0.130859375 0.47412109375 0.92626953125 1701564
0.130859375 0.47412109375 0.92626953125 1701564
0.130859375 0.47412109375 0.92626953125 1701565
0.130859375 0.47412109375 0.92626953125 1701565
0.130859375 0.47412109375 0.92626953125 1701565
0.140625 0.4765625 0.92626953125 1701665
0.140625 0.4765625 0.92626953125 1701665
0.140625 0.4765625 0.92626953125 1701666
0.140625 0.4765625 0.92626953125 1701666
0.140625 0.4765625 0.92626953125 1701666
0.134765625 0.4677734375 0.91796875 1701769
0.134765625 0.4677734375 0.91796875 1701769
0.134765625 0.4677734375 0.91796875 1701770
0.134765625 0.4677734375 0.91796875 1701770
0.134765625 0.4677734375 0.91796875 1701771
0.142578125 0.47216796875 0.91796875 1701872
0.142578125 0.47216796875 0.91796875 1701872
0.142578125 0.47216796875 0.91796875 1701873
0.142578125 0.47216796875 0.91796875 1701873
0.142578125 0.47216796875 0.91796875 1701874
0.138671875 0.48046875 0.9306640625 1701974
0.138671875 0.48046875 0.9306640625 1701987
0.138671875 0.48046875 0.9306640625 1701988
0.138671875 0.48046875 0.9306640625 1701988
0.138671875 0.48046875 0.9306640625 1701988
0.1328125 0.47900390625 0.92138671875 1702051
0.13525390625 0.482421875 0.9169921875 1702162
0.13525390625 0.482421875 0.9169921875 1702162
0.13525390625 0.482421875 0.9169921875 1702162
0.13525390625 0.482421875 0.9169921875 1702163
0.13525390625 0.482421875 0.9169921875 1702163
0.13134765625 0.48486328125 0.9189453125 1702286
0.13134765625 0.48486328125 0.9189453125 1702287
0.13134765625 0.48486328125 0.9189453125 1702287
0.13134765625 0.48486328125 0.9189453125 1702288
0.13134765625 0.48486328125 0.9189453125 1702288
0.140625 0.48681640625 0.93017578125 1702368
0.1416015625 0.50732421875 0.92333984375 1702472
0.1416015625 0.50732421875 0.92333984375 1702472
0.1416015625 0.50732421875 0.92333984375 1702473
0.1416015625 0.50732421875 0.92333984375 1702473
0.1416015625 0.50732421875 0.92333984375 1702474
0.1376953125 0.52587890625 0.93359375 1702550
0.1298828125 0.48876953125 0.9072265625 1702662
0.1298828125 0.48876953125 0.9072265625 1702662
0.1298828125 0.48876953125 0.9072265625 1702662
0.1298828125 0.48876953125 0.9072265625 1702663
0.1298828125 0.48876953125 0.9072265625 1702663
0.1162109375 0.44384765625 0.89697265625 1702764
0.1162109375 0.44384765625 0.89697265625 1702765
0.1162109375 0.44384765625 0.89697265625 1702765
0.1162109375 0.44384765625 0.89697265625 1702766
0.1162109375 0.44384765625 0.89697265625 1702766
0.1396484375 0.41455078125 0.9306640625 1702871
0.1396484375 0.41455078125 0.9306640625 1702872
0.1396484375 0.41455078125 0.9306640625 1702872
0.1396484375 0.41455078125 0.9306640625 1702872
0.1396484375 0.41455078125 0.9306640625 1702873
0.1279296875 0.4189453125 0.95556640625 1702969
0.15478515625 0.40869140625 0.966796875 1703072
0.15478515625 0.40869140625 0.966796875 1703072
0.15478515625 0.40869140625 0.966796875 1703073
0.15478515625 0.40869140625 0.966796875 1703073
0.15478515625 0.40869140625 0.966796875 1703074
0.15771484375 0.396484375 0.9345703125 1703151
0.14208984375 0.41455078125 0.935546875 1703262
0.14208984375 0.41455078125 0.935546875 1703262
0.14208984375 0.41455078125 0.935546875 1703262
0.14208984375 0.41455078125 0.935546875 1703263
0.14208984375 0.41455078125 0.935546875 1703263
0.13720703125 0.44384765625 0.958984375 1703364
0.13720703125 0.44384765625 0.958984375 1703364
0.13720703125 0.44384765625 0.958984375 1703365
0.13720703125 0.44384765625 0.958984375 1703365
0.13720703125 0.44384765625 0.958984375 1703365
0.14794921875 0.4306640625 0.9375 1703470
0.14794921875 0.4306640625 0.9375 1703470
0.14794921875 0.4306640625 0.9375 1703471
0.14794921875 0.4306640625 0.9375 1703472
0.14794921875 0.4306640625 0.9375 1703472
0.15283203125 0.4375 0.94677734375 1703558
0.15283203125 0.43798828125 0.931640625 1703660
0.15283203125 0.43798828125 0.931640625 1703660
0.15283203125 0.43798828125 0.931640625 1703661
0.15283203125 0.43798828125 0.931640625 1703661
0.15283203125 0.43798828125 0.931640625 1703661
0.14599609375 0.44677734375 0.94384765625 1703762
0.14599609375 0.44677734375 0.94384765625 1703762
0.14599609375 0.44677734375 0.94384765625 1703763
0.14599609375 0.44677734375 0.94384765625 1703763
0.14599609375 0.44677734375 0.94384765625 1703764
0.16552734375 0.44189453125 0.9443359375 1703864
0.16552734375 0.44189453125 0.9443359375 1703864
0.16552734375 0.44189453125 0.9443359375 1703866
0.16552734375 0.44189453125 0.9443359375 1703866
0.16552734375 0.44189453125 0.9443359375 1703867
0.15234375 0.44970703125 0.94873046875 1703967
0.15234375 0.44970703125 0.94873046875 1703967
0.15234375 0.44970703125 0.94873046875 1703967
0.15234375 0.44970703125 0.94873046875 1703968
0.15234375 0.44970703125 0.94873046875 1703968
0.14599609375 0.44580078125 0.9267578125 1704070
0.14599609375 0.44580078125 0.9267578125 1704070
0.14599609375 0.44580078125 0.9267578125 1704071
0.14599609375 0.44580078125 0.9267578125 1704071
0.14599609375 0.44580078125 0.9267578125 1704072
0.1611328125 0.4443359375 0.94482421875 1704173
0.1611328125 0.4443359375 0.94482421875 1704173
0.1611328125 0.4443359375 0.94482421875 1704173
0.1611328125 0.4443359375 0.94482421875 1704174
0.1611328125 0.4443359375 0.94482421875 1704174
0.15625 0.43505859375 0.93310546875 1704251
0.15478515625 0.4521484375 0.94287109375 1704362
0.15478515625 0.4521484375 0.94287109375 1704362
0.15478515625 0.4521484375 0.94287109375 1704362
0.15478515625 0.4521484375 0.94287109375 1704363
0.15478515625 0.4521484375 0.94287109375 1704363
0.1640625 0.45263671875 0.9375 1704465
0.1640625 0.45263671875 0.9375 1704465
0.1640625 0.45263671875 0.9375 1704466
0.1640625 0.45263671875 0.9375 1704466
0.1640625 0.45263671875 0.9375 1704466
0.14892578125 0.451171875 0.92578125 1704567
0.14892578125 0.451171875 0.92578125 1704568
0.14892578125 0.451171875 0.92578125 1704568
0.14892578125 0.451171875 0.92578125 1704569
0.14892578125 0.451171875 0.92578125 1704570
0.1630859375 0.4521484375 0.94482421875 1704669
0.1630859375 0.4521484375 0.94482421875 1704669
0.1630859375 0.4521484375 0.94482421875 1704670
0.1630859375 0.4521484375 0.94482421875 1704670
0.1630859375 0.4521484375 0.94482421875 1704670
0.1513671875 0.4521484375 0.9462890625 1704772
0.1513671875 0.4521484375 0.9462890625 1704772
0.1513671875 0.4521484375 0.9462890625 1704773
0.1513671875 0.4521484375 0.9462890625 1704773
0.1513671875 0.4521484375 0.9462890625 1704774
0.1572265625 0.44970703125 0.93408203125 1704852
0.1533203125 0.44775390625 0.93505859375 1704965
0.1533203125 0.44775390625 0.93505859375 1704965
0.1533203125 0.44775390625 0.93505859375 1704965
0.1533203125 0.44775390625 0.93505859375 1704966
0.1533203125 0.44775390625 0.93505859375 1704966
0.16552734375 0.4375 0.93310546875 1705068
0.16552734375 0.4375 0.93310546875 1705068
0.16552734375 0.4375 0.93310546875 1705068
0.16552734375 0.4375 0.93310546875 1705069
0.16552734375 0.4375 0.93310546875 1705069
0.15478515625 0.453125 0.92822265625 1705170
0.15478515625 0.453125 0.92822265625 1705170
0.15478515625 0.453125 0.92822265625 1705172
0.15478515625 0.453125 0.92822265625 1705172
0.15478515625 0.453125 0.92822265625 1705172
0.1572265625 0.45068359375 0.93994140625 1705274
0.1572265625 0.45068359375 0.93994140625 1705274
0.1572265625 0.45068359375 0.93994140625 1705274
0.1572265625 0.45068359375 0.93994140625 1705275
0.1572265625 0.45068359375 0.93994140625 1705275
0.16845703125 0.45166015625 0.94482421875 1705351
0.1650390625 0.45263671875 0.93212890625 1705469
0.1650390625 0.45263671875 0.93212890625 1705470
0.1650390625 0.45263671875 0.93212890625 1705470
0.1650390625 0.45263671875 0.93212890625 1705470
0.1650390625 0.45263671875 0.93212890625 1705470
0.16357421875 0.4521484375 0.9404296875 1705565
0.16162109375 0.451171875 0.9375 1705668
0.16162109375 0.451171875 0.9375 1705668
0.16162109375 0.451171875 0.9375 1705668
0.16162109375 0.451171875 0.9375 1705669
0.16162109375 0.451171875 0.9375 1705669
0.1552734375 0.45068359375 0.9326171875 1705771
0.1552734375 0.45068359375 0.9326171875 1705771
0.1552734375 0.45068359375 0.9326171875 1705771
0.1552734375 0.45068359375 0.9326171875 1705772
0.1552734375 0.45068359375 0.9326171875 1705773
0.16796875 0.4501953125 0.9443359375 1705873
0.16796875 0.4501953125 0.9443359375 1705873
0.16796875 0.4501953125 0.9443359375 1705873
0.16796875 0.4501953125 0.9443359375 1705874
0.16796875 0.4501953125 0.9443359375 1705874
0.16552734375 0.4482421875 0.93603515625 1705950
0.1552734375 0.4521484375 0.93798828125 1706061
0.1552734375 0.4521484375 0.93798828125 1706077
0.1552734375 0.4521484375 0.93798828125 1706077
0.1552734375 0.4521484375 0.93798828125 1706078
0.1552734375 0.4521484375 0.93798828125 1706078
0.17138671875 0.453125 0.94287109375 1706165
0.17138671875 0.453125 0.94287109375 1706165
0.16064453125 0.4541015625 0.9326171875 1706263
0.16064453125 0.4541015625 0.9326171875 1706263
0.16064453125 0.4541015625 0.9326171875 1706264
0.16064453125 0.4541015625 0.9326171875 1706264
0.15576171875 0.4521484375 0.9326171875 1706366
0.15576171875 0.4521484375 0.9326171875 1706366
0.15576171875 0.4521484375 0.9326171875 1706367
0.15576171875 0.4521484375 0.9326171875 1706367
0.15576171875 0.4521484375 0.9326171875 1706367
0.1474609375 0.46630859375 0.94677734375 1706470
0.1474609375 0.46630859375 0.94677734375 1706472
0.1474609375 0.46630859375 0.94677734375 1706472
0.1474609375 0.46630859375 0.94677734375 1706472
0.1474609375 0.46630859375 0.94677734375 1706473
0.16796875 0.4501953125 0.9375 1706572
0.16796875 0.4501953125 0.9375 1706572
0.16796875 0.4501953125 0.9375 1706573
0.16796875 0.4501953125 0.9375 1706573
0.16796875 0.4501953125 0.9375 1706573
0.15966796875 0.44921875 0.9267578125 1706668
0.158203125 0.45849609375 0.93896484375 1706757
0.158203125 0.45849609375 0.93896484375 1706758
0.158203125 0.45849609375 0.93896484375 1706758
0.158203125 0.45849609375 0.93896484375 1706758
0.158203125 0.45849609375 0.93896484375 1706759
0.1640625 0.462890625 0.9404296875 1706860
0.1640625 0.462890625 0.9404296875 1706860
0.1640625 0.462890625 0.9404296875 1706860
0.1640625 0.462890625 0.9404296875 1706861
0.1640625 0.462890625 0.9404296875 1706861
0.1533203125 0.4501953125 0.9287109375 1706962
0.1533203125 0.4501953125 0.9287109375 1706962
0.1533203125 0.4501953125 0.9287109375 1706962
0.1533203125 0.4501953125 0.9287109375 1706963
0.1533203125 0.4501953125 0.9287109375 1706963
0.162109375 0.453125 0.9306640625 1707065
0.162109375 0.453125 0.9306640625 1707065
0.162109375 0.453125 0.9306640625 1707066
0.162109375 0.453125 0.9306640625 1707066
0.162109375 0.453125 0.9306640625 1707066
0.16357421875 0.45849609375 0.935546875 1707167
0.16357421875 0.45849609375 0.935546875 1707167
0.16357421875 0.45849609375 0.935546875 1707167
0.16357421875 0.45849609375 0.935546875 1707168
0.16357421875 0.45849609375 0.935546875 1707168
0.158203125 0.4580078125 0.9326171875 1707270
0.158203125 0.4580078125 0.9326171875 1707270
0.158203125 0.4580078125 0.9326171875 1707270
0.158203125 0.4580078125 0.9326171875 1707271
0.158203125 0.4580078125 0.9326171875 1707271
0.15673828125 0.45703125 0.9326171875 1707349
0.16455078125 0.4609375 0.94873046875 1707461
0.16455078125 0.4609375 0.94873046875 1707461
0.16455078125 0.4609375 0.94873046875 1707461
0.16455078125 0.4609375 0.94873046875 1707462
0.16455078125 0.4609375 0.94873046875 1707462
0.154296875 0.45654296875 0.9248046875 1707563
0.154296875 0.45654296875 0.9248046875 1707563
0.154296875 0.45654296875 0.9248046875 1707563
0.154296875 0.45654296875 0.9248046875 1707564
0.154296875 0.45654296875 0.9248046875 1707564
0.16015625 0.458984375 0.92724609375 1707665
0.16015625 0.458984375 0.92724609375 1707665
0.16015625 0.458984375 0.92724609375 1707665
0.16015625 0.458984375 0.92724609375 1707666
0.16015625 0.458984375 0.92724609375 1707666
0.169921875 0.46337890625 0.9423828125 1707768
0.169921875 0.46337890625 0.9423828125 1707768
0.169921875 0.46337890625 0.9423828125 1707769
0.169921875 0.46337890625 0.9423828125 1707769
0.169921875 0.46337890625 0.9423828125 1707769
0.15576171875 0.458984375 0.9208984375 1707871
0.15576171875 0.458984375 0.9208984375 1707872
0.15576171875 0.458984375 0.9208984375 1707872
0.15576171875 0.458984375 0.9208984375 1707873
0.15576171875 0.458984375 0.9208984375 1707873
0.15087890625 0.462890625 0.9375 1707950
0.15771484375 0.45751953125 0.93603515625 1708062
0.15771484375 0.45751953125 0.93603515625 1708062
0.15771484375 0.45751953125 0.93603515625 1708063
0.15771484375 0.45751953125 0.93603515625 1708063
0.15771484375 0.45751953125 0.93603515625 1708063
0.15771484375 0.4482421875 0.92333984375 1708164
0.15771484375 0.4482421875 0.92333984375 1708164
0.15771484375 0.4482421875 0.92333984375 1708164
0.15771484375 0.4482421875 0.92333984375 1708165
0.15771484375 0.4482421875 0.92333984375 1708165
0.1611328125 0.455078125 0.9365234375 1708269
0.1611328125 0.455078125 0.9365234375 1708269
0.1611328125 0.455078125 0.9365234375 1708270
0.1611328125 0.455078125 0.9365234375 1708270
0.1611328125 0.455078125 0.9365234375 1708271
0.16015625 0.45947265625 0.93408203125 1708371
0.16015625 0.45947265625 0.93408203125 1708372
0.16015625 0.45947265625 0.93408203125 1708373
0.16015625 0.45947265625 0.93408203125 1708373
0.16015625 0.45947265625 0.93408203125 1708374
0.15673828125 0.45068359375 0.9345703125 1708449
0.162109375 0.4658203125 0.93310546875 1708561
0.162109375 0.4658203125 0.93310546875 1708561
0.162109375 0.4658203125 0.93310546875 1708562
0.162109375 0.4658203125 0.93310546875 1708562
0.162109375 0.4658203125 0.93310546875 1708563
0.1591796875 0.46533203125 0.9287109375 1708664
0.1591796875 0.46533203125 0.9287109375 1708664
0.1591796875 0.46533203125 0.9287109375 1708665
0.1591796875 0.46533203125 0.9287109375 1708665
0.1591796875 0.46533203125 0.9287109375 1708666
0.15234375 0.46240234375 0.9345703125 1708767
0.15234375 0.46240234375 0.9345703125 1708767
0.15234375 0.46240234375 0.9345703125 1708768
0.15234375 0.46240234375 0.9345703125 1708768
0.15234375 0.46240234375 0.9345703125 1708768
0.16943359375 0.46142578125 0.9521484375 1708875
0.16943359375 0.46142578125 0.9521484375 1708876
0.16943359375 0.46142578125 0.9521484375 1708876
0.16943359375 0.46142578125 0.9521484375 1708876
0.16943359375 0.46142578125 0.9521484375 1708877
0.14501953125 0.46044921875 0.9248046875 1708972
0.15771484375 0.4599609375 0.9375 1709054
0.15771484375 0.4599609375 0.9375 1709054
0.15771484375 0.4599609375 0.9375 1709055
0.15771484375 0.4599609375 0.9375 1709055
0.15771484375 0.4599609375 0.9375 1709055
0.16259765625 0.462890625 0.94140625 1709160
0.16259765625 0.462890625 0.94140625 1709161
0.16259765625 0.462890625 0.94140625 1709161
0.16259765625 0.462890625 0.94140625 1709162
0.16259765625 0.462890625 0.94140625 1709162
0.14892578125 0.45947265625 0.92529296875 1709263
0.14892578125 0.45947265625 0.92529296875 1709263
0.14892578125 0.45947265625 0.92529296875 1709264
0.14892578125 0.45947265625 0.92529296875 1709264
0.14892578125 0.45947265625 0.92529296875 1709264
0.154296875 0.4638671875 0.9345703125 1709366
0.154296875 0.4638671875 0.9345703125 1709366
0.154296875 0.4638671875 0.9345703125 1709367
0.154296875 0.4638671875 0.9345703125 1709367
0.15185546875 0.46728515625 0.9287109375 1709469
0.15185546875 0.46728515625 0.9287109375 1709469
0.15185546875 0.46728515625 0.9287109375 1709470
0.15185546875 0.46728515625 0.9287109375 1709470
0.15185546875 0.46728515625 0.9287109375 1709471
0.1455078125 0.47412109375 0.92822265625 1709572
0.1455078125 0.47412109375 0.92822265625 1709572
0.1455078125 0.47412109375 0.92822265625 1709573
0.1455078125 0.47412109375 0.92822265625 1709573
0.1455078125 0.47412109375 0.92822265625 1709573
0.1708984375 0.4716796875 0.94140625 1709649
0.16796875 0.47802734375 0.9375 1709759
0.16796875 0.47802734375 0.9375 1709759
0.16796875 0.47802734375 0.9375 1709759
0.16796875 0.47802734375 0.9375 1709760
0.16796875 0.47802734375 0.9375 1709760
0.15380859375 0.50341796875 0.92919921875 1709872
0.15380859375 0.50341796875 0.92919921875 1709873
0.15380859375 0.50341796875 0.92919921875 1709873
0.15380859375 0.50341796875 0.92919921875 1709874
0.15380859375 0.50341796875 0.92919921875 1709874
0.119140625 0.4951171875 0.91015625 1709958
0.10888671875 0.455078125 0.896484375 1710061
0.10888671875 0.455078125 0.896484375 1710061
0.10888671875 0.455078125 0.896484375 1710062
0.10888671875 0.455078125 0.896484375 1710062
0.10888671875 0.455078125 0.896484375 1710062
0.083984375 0.45654296875 0.93408203125 1710163
0.083984375 0.45654296875 0.93408203125 1710163
0.083984375 0.45654296875 0.93408203125 1710164
0.083984375 0.45654296875 0.93408203125 1710164
0.083984375 0.45654296875 0.93408203125 1710164
0.05126953125 0.45361328125 0.91650390625 1710266
0.05126953125 0.45361328125 0.91650390625 1710266
0.05126953125 0.45361328125 0.91650390625 1710266
0.05126953125 0.45361328125 0.91650390625 1710267
-0.08740234375 0.544921875 0.8427734375 1710369
-0.08740234375 0.544921875 0.8427734375 1710369
-0.08740234375 0.544921875 0.8427734375 1710369
-0.08740234375 0.544921875 0.8427734375 1710370
-0.08740234375 0.544921875 0.8427734375 1710370
-0.2265625 0.59912109375 0.72216796875 1710450
-0.3671875 0.64306640625 0.611328125 1710559
-0.3671875 0.64306640625 0.611328125 1710559
-0.3671875 0.64306640625 0.611328125 1710560
-0.3671875 0.64306640625 0.611328125 1710560
-0.3671875 0.64306640625 0.611328125 1710560
-0.4453125 0.64697265625 0.5224609375 1710866
-0.4453125 0.64697265625 0.5224609375 1710866
-0.4453125 0.64697265625 0.5224609375 1710866
-0.4453125 0.64697265625 0.5224609375 1710867
-0.4453125 0.64697265625 0.5224609375 1710867
-0.5078125 0.61474609375 0.3818359375 1710867
-0.578125 0.5947265625 0.28369140625 1710868
-0.6142578125 0.58447265625 0.216796875 1710969
-0.6142578125 0.58447265625 0.216796875 1710969
-0.6142578125 0.58447265625 0.216796875 1710969
-0.6142578125 0.58447265625 0.216796875 1710970
-0.6142578125 0.58447265625 0.216796875 1710970
-0.63427734375 0.5732421875 0.1474609375 1711049
-0.650390625 0.55029296875 0.1025390625 1711161
-0.650390625 0.55029296875 0.1025390625 1711161
-0.650390625 0.55029296875 0.1025390625 1711162
-0.650390625 0.55029296875 0.1025390625 1711176
-0.650390625 0.55029296875 0.1025390625 1711176
-0.66455078125 0.55224609375 0.0576171875 1711264
-0.66455078125 0.55224609375 0.0576171875 1711264
-0.66455078125 0.55224609375 0.0576171875 1711265
-0.66455078125 0.55224609375 0.0576171875 1711265
-0.6455078125 0.54150390625 0.04736328125 1711368
-0.6455078125 0.54150390625 0.04736328125 1711368
-0.6455078125 0.54150390625 0.04736328125 1711368
-0.6455078125 0.54150390625 0.04736328125 1711369
-0.6455078125 0.54150390625 0.04736328125 1711369
-0.65234375 0.53564453125 0.04296875 1711470
-0.65234375 0.53564453125 0.04296875 1711475
-0.65234375 0.53564453125 0.04296875 1711476
-0.65234375 0.53564453125 0.04296875 1711476
-0.65234375 0.53564453125 0.04296875 1711476
-0.650390625 0.54248046875 0.115234375 1711549
-0.6552734375 0.57666015625 0.19677734375 1711660
-0.6552734375 0.57666015625 0.19677734375 1711660
-0.6552734375 0.57666015625 0.19677734375 1711660
-0.6552734375 0.57666015625 0.19677734375 1711661
-0.6552734375 0.57666015625 0.19677734375 1711661
-0.58642578125 0.5751953125 0.29638671875 1711762
-0.58642578125 0.5751953125 0.29638671875 1711762
-0.58642578125 0.5751953125 0.29638671875 1711763
-0.58642578125 0.5751953125 0.29638671875 1711763
-0.58642578125 0.5751953125 0.29638671875 1711763
-0.55322265625 0.58837890625 0.3876953125 1711865
-0.55322265625 0.58837890625 0.3876953125 1711866
-0.55322265625 0.58837890625 0.3876953125 1711866
-0.55322265625 0.58837890625 0.3876953125 1711866
-0.55322265625 0.58837890625 0.3876953125 1711867
-0.4990234375 0.59423828125 0.47998046875 1711969
-0.4990234375 0.59423828125 0.47998046875 1711970
-0.4990234375 0.59423828125 0.47998046875 1711970
-0.4990234375 0.59423828125 0.47998046875 1711970
-0.4990234375 0.59423828125 0.47998046875 1711971
-0.427734375 0.55859375 0.56689453125 1712049
-0.36767578125 0.5595703125 0.63818359375 1712159
-0.36767578125 0.5595703125 0.63818359375 1712159
-0.36767578125 0.5595703125 0.63818359375 1712160
-0.36767578125 0.5595703125 0.63818359375 1712161
-0.36767578125 0.5595703125 0.63818359375 1712162
-0.314453125 0.56298828125 0.70263671875 1712263
-0.314453125 0.56298828125 0.70263671875 1712263
-0.314453125 0.56298828125 0.70263671875 1712264
-0.314453125 0.56298828125 0.70263671875 1712264
-0.314453125 0.56298828125 0.70263671875 1712264
-0.2861328125 0.5322265625 0.7314453125 1712365
-0.2861328125 0.5322265625 0.7314453125 1712366
-0.2861328125 0.5322265625 0.7314453125 1712366
-0.2861328125 0.5322265625 0.7314453125 1712366
-0.2861328125 0.5322265625 0.7314453125 1712367
-0.2275390625 0.533203125 0.77880859375 1712468
-0.2275390625 0.533203125 0.77880859375 1712469
-0.2275390625 0.533203125 0.77880859375 1712469
-0.2275390625 0.533203125 0.77880859375 1712469
-0.2275390625 0.533203125 0.77880859375 1712470
-0.216796875 0.478515625 0.78662109375 1712571
-0.216796875 0.478515625 0.78662109375 1712573
-0.216796875 0.478515625 0.78662109375 1712573
-0.216796875 0.478515625 0.78662109375 1712574
-0.216796875 0.478515625 0.78662109375 1712574
-0.12841796875 0.4677734375 0.865234375 1712648
-0.09765625 0.453125 0.9443359375 1712759
-0.09765625 0.453125 0.9443359375 1712759
-0.09765625 0.453125 0.9443359375 1712759
-0.09765625 0.453125 0.9443359375 1712760
-0.09765625 0.453125 0.9443359375 1712760
-0.0712890625 0.39306640625 0.9287109375 1712862
-0.0712890625 0.39306640625 0.9287109375 1712862
-0.0712890625 0.39306640625 0.9287109375 1712863
-0.0712890625 0.39306640625 0.9287109375 1712863
-0.0712890625 0.39306640625 0.9287109375 1712863
-0.04296875 0.35498046875 0.9619140625 1712964
-0.04296875 0.35498046875 0.9619140625 1712965
-0.04296875 0.35498046875 0.9619140625 1712965
-0.04296875 0.35498046875 0.9619140625 1712965
-0.08154296875 0.38916015625 0.9033203125 1713071
-0.08154296875 0.38916015625 0.9033203125 1713071
-0.08154296875 0.38916015625 0.9033203125 1713072
-0.08154296875 0.38916015625 0.9033203125 1713072
-0.08154296875 0.38916015625 0.9033203125 1713073
-0.16455078125 0.40185546875 0.7998046875 1713159
-0.2158203125 0.48193359375 0.7099609375 1713259
-0.2158203125 0.48193359375 0.7099609375 1713260
-0.2158203125 0.48193359375 0.7099609375 1713260
-0.2158203125 0.48193359375 0.7099609375 1713260
-0.2158203125 0.48193359375 0.7099609375 1713261
-0.2001953125 0.57421875 0.65966796875 1713362
-0.2001953125 0.57421875 0.65966796875 1713362
-0.2001953125 0.57421875 0.65966796875 1713362
-0.2001953125 0.57421875 0.65966796875 1713363
-0.2001953125 0.57421875 0.65966796875 1713363
-0.3251953125 0.73193359375 0.6259765625 1713465
-0.3251953125 0.73193359375 0.6259765625 1713465
-0.3251953125 0.73193359375 0.6259765625 1713466
-0.3251953125 0.73193359375 0.6259765625 1713466
-0.33203125 0.732421875 0.59423828125 1713570
-0.33203125 0.732421875 0.59423828125 1713571
-0.33203125 0.732421875 0.59423828125 1713572
-0.33203125 0.732421875 0.59423828125 1713572
-0.33203125 0.732421875 0.59423828125 1713573
-0.29736328125 0.734375 0.583984375 1713646
-0.27734375 0.720703125 0.54052734375 1713758
-0.27734375 0.720703125 0.54052734375 1713758
-0.27734375 0.720703125 0.54052734375 1713758
-0.27734375 0.720703125 0.54052734375 1713759
-0.27734375 0.720703125 0.54052734375 1713759
-0.27587890625 0.830078125 0.62109375 1713861
-0.27587890625 0.830078125 0.62109375 1713861
-0.27587890625 0.830078125 0.62109375 1713862
-0.27587890625 0.830078125 0.62109375 1713862
-0.27587890625 0.830078125 0.62109375 1713862
-0.1591796875 0.72021484375 0.58837890625 1713963
-0.1591796875 0.72021484375 0.58837890625 1713963
-0.1591796875 0.72021484375 0.58837890625 1713963
-0.1591796875 0.72021484375 0.58837890625 1713964
-0.1591796875 0.72021484375 0.58837890625 1713964
-0.1171875 0.732421875 0.72900390625 1714066
-0.1171875 0.732421875 0.72900390625 1714066
-0.1171875 0.732421875 0.72900390625 1714066
-0.1171875 0.732421875 0.72900390625 1714067
-0.1171875 0.732421875 0.72900390625 1714067
-0.064453125 0.69921875 0.73779296875 1714168
-0.064453125 0.69921875 0.73779296875 1714168
-0.064453125 0.69921875 0.73779296875 1714168
-0.064453125 0.69921875 0.73779296875 1714169
-0.064453125 0.69921875 0.73779296875 1714169
0.02294921875 0.65576171875 0.82666015625 1714246
0.06982421875 0.609375 0.87353515625 1714358
0.06982421875 0.609375 0.87353515625 1714358
0.06982421875 0.609375 0.87353515625 1714358
0.06982421875 0.609375 0.87353515625 1714359
0.06982421875 0.609375 0.87353515625 1714359
0.1044921875 0.576171875 0.8291015625 1714463
0.1044921875 0.576171875 0.8291015625 1714463
0.1044921875 0.576171875 0.8291015625 1714464
0.1044921875 0.576171875 0.8291015625 1714464
0.1044921875 0.576171875 0.8291015625 1714464
0.10546875 0.57568359375 0.8984375 1714566
0.10546875 0.57568359375 0.8984375 1714566
0.10546875 0.57568359375 0.8984375 1714567
0.10546875 0.57568359375 0.8984375 1714567
0.10546875 0.57568359375 0.8984375 1714567
0.11572265625 0.55859375 0.8740234375 1714668
0.11572265625 0.55859375 0.8740234375 1714668
0.11572265625 0.55859375 0.8740234375 1714668
0.11572265625 0.55859375 0.8740234375 1714669
0.11572265625 0.55859375 0.8740234375 1714669
0.123046875 0.56103515625 0.87744140625 1714746
0.109375 0.53125 0.8984375 1714858
0.109375 0.53125 0.8984375 1714858
0.109375 0.53125 0.8984375 1714859
0.109375 0.53125 0.8984375 1714859
0.109375 0.53125 0.8984375 1714860
0.13525390625 0.52197265625 0.88525390625 1714960
0.13525390625 0.52197265625 0.88525390625 1714961
0.13525390625 0.52197265625 0.88525390625 1714961
0.13525390625 0.52197265625 0.88525390625 1714962
0.13525390625 0.52197265625 0.88525390625 1714962
0.115234375 0.529296875 0.90478515625 1715064
0.115234375 0.529296875 0.90478515625 1715065
0.115234375 0.529296875 0.90478515625 1715065
0.115234375 0.529296875 0.90478515625 1715065
0.115234375 0.529296875 0.90478515625 1715066
0.14697265625 0.53857421875 0.89892578125 1715167
0.14697265625 0.53857421875 0.89892578125 1715167
0.14697265625 0.53857421875 0.89892578125 1715168
0.14697265625 0.53857421875 0.89892578125 1715168
0.14697265625 0.53857421875 0.89892578125 1715168
0.11279296875 0.537109375 0.89208984375 1715269
0.11279296875 0.537109375 0.89208984375 1715270
0.11279296875 0.537109375 0.89208984375 1715270
0.11279296875 0.537109375 0.89208984375 1715270
0.11279296875 0.537109375 0.89208984375 1715271
0.11328125 0.5400390625 0.88427734375 1715349
0.1259765625 0.5283203125 0.9033203125 1715458
0.1259765625 0.5283203125 0.9033203125 1715458
0.1259765625 0.5283203125 0.9033203125 1715459
0.1259765625 0.5283203125 0.9033203125 1715459
0.1259765625 0.5283203125 0.9033203125 1715460
0.146484375 0.5107421875 0.89208984375 1715560
0.146484375 0.5107421875 0.89208984375 1715561
0.146484375 0.5107421875 0.89208984375 1715561
0.146484375 0.5107421875 0.89208984375 1715562
0.146484375 0.5107421875 0.89208984375 1715562
0.15966796875 0.556640625 0.9189453125 1715671
0.15966796875 0.556640625 0.9189453125 1715671
0.15966796875 0.556640625 0.9189453125 1715672
0.15966796875 0.556640625 0.9189453125 1715673
0.15966796875 0.556640625 0.9189453125 1715673
0.1357421875 0.50439453125 0.9052734375 1715765
0.1875 0.51318359375 0.9150390625 1715868
0.1875 0.51318359375 0.9150390625 1715868
0.1875 0.51318359375 0.9150390625 1715869
0.1875 0.51318359375 0.9150390625 1715869
0.1875 0.51318359375 0.9150390625 1715869
0.146484375 0.546875 0.916015625 1715949
0.1787109375 0.53515625 0.91162109375 1716060
0.1787109375 0.53515625 0.91162109375 1716060
0.1787109375 0.53515625 0.91162109375 1716061
0.1787109375 0.53515625 0.91162109375 1716061
0.1787109375 0.53515625 0.91162109375 1716061
0.16650390625 0.4892578125 0.90283203125 1716168
0.16650390625 0.4892578125 0.90283203125 1716168
0.16650390625 0.4892578125 0.90283203125 1716168
0.16650390625 0.4892578125 0.90283203125 1716169
0.16650390625 0.4892578125 0.90283203125 1716169
0.17919921875 0.46728515625 0.91796875 1716267
0.1611328125 0.46435546875 0.931640625 1716356
0.1611328125 0.46435546875 0.931640625 1716356
0.1611328125 0.46435546875 0.931640625 1716357
0.1611328125 0.46435546875 0.931640625 1716357
0.1611328125 0.46435546875 0.931640625 1716357
0.1708984375 0.439453125 0.9423828125 1716460
0.1708984375 0.439453125 0.9423828125 1716460
0.1708984375 0.439453125 0.9423828125 1716460
0.1708984375 0.439453125 0.9423828125 1716461
0.1708984375 0.439453125 0.9423828125 1716461
0.1826171875 0.4296875 0.95361328125 1716562
0.1826171875 0.4296875 0.95361328125 1716562
0.1826171875 0.4296875 0.95361328125 1716563
0.1826171875 0.4296875 0.95361328125 1716563
0.1826171875 0.4296875 0.95361328125 1716563
0.18408203125 0.43505859375 0.94677734375 1716664
0.18408203125 0.43505859375 0.94677734375 1716664
0.18408203125 0.43505859375 0.94677734375 1716664
0.18408203125 0.43505859375 0.94677734375 1716665
0.18408203125 0.43505859375 0.94677734375 1716665
0.150390625 0.4365234375 0.93505859375 1716767
0.150390625 0.4365234375 0.93505859375 1716767
0.150390625 0.4365234375 0.93505859375 1716768
0.150390625 0.4365234375 0.93505859375 1716768
0.150390625 0.4365234375 0.93505859375 1716768
0.1708984375 0.4296875 0.923828125 1716869
0.1708984375 0.4296875 0.923828125 1716869
0.1708984375 0.4296875 0.923828125 1716869
0.1708984375 0.4296875 0.923828125 1716870
0.1708984375 0.4296875 0.923828125 1716871
0.19921875 0.4423828125 0.94580078125 1716948
0.17431640625 0.4345703125 0.9560546875 1717058
0.17431640625 0.4345703125 0.9560546875 1717058
0.17431640625 0.4345703125 0.9560546875 1717058
0.17431640625 0.4345703125 0.9560546875 1717059
0.17431640625 0.4345703125 0.9560546875 1717059
0.19091796875 0.42431640625 0.93896484375 1717161
0.19091796875 0.42431640625 0.93896484375 1717161
0.19091796875 0.42431640625 0.93896484375 1717162
0.19091796875 0.42431640625 0.93896484375 1717162
0.19091796875 0.42431640625 0.93896484375 1717162
0.18310546875 0.42431640625 0.93603515625 1717263
0.18310546875 0.42431640625 0.93603515625 1717263
0.18310546875 0.42431640625 0.93603515625 1717264
0.18310546875 0.42431640625 0.93603515625 1717264
0.1875 0.44580078125 0.95751953125 1717366
0.1875 0.44580078125 0.95751953125 1717366
0.1875 0.44580078125 0.95751953125 1717367
0.1875 0.44580078125 0.95751953125 1717367
0.1875 0.44580078125 0.95751953125 1717367
0.1904296875 0.47802734375 0.947265625 1717445
0.166015625 0.47265625 0.931640625 1717556
0.166015625 0.47265625 0.931640625 1717556
0.166015625 0.47265625 0.931640625 1717557
0.166015625 0.47265625 0.931640625 1717557
0.166015625 0.47265625 0.931640625 1717557
0.193359375 0.46630859375 0.927734375 1717663
0.193359375 0.46630859375 0.927734375 1717663
0.193359375 0.46630859375 0.927734375 1717663
0.193359375 0.46630859375 0.927734375 1717664
0.193359375 0.46630859375 0.927734375 1717664
0.1552734375 0.43115234375 0.9501953125 1717765
0.1552734375 0.43115234375 0.9501953125 1717765
0.1552734375 0.43115234375 0.9501953125 1717766
0.1552734375 0.43115234375 0.9501953125 1717766
0.1552734375 0.43115234375 0.9501953125 1717766
0.1806640625 0.42236328125 0.9384765625 1717868
0.1806640625 0.42236328125 0.9384765625 1717868
0.1806640625 0.42236328125 0.9384765625 1717869
0.1806640625 0.42236328125 0.9384765625 1717869
0.1806640625 0.42236328125 0.9384765625 1717870
0.19921875 0.44287109375 0.9482421875 1717946
0.185546875 0.40283203125 0.9521484375 1718057
0.185546875 0.40283203125 0.9521484375 1718057
0.185546875 0.40283203125 0.9521484375 1718058
0.185546875 0.40283203125 0.9521484375 1718058
0.185546875 0.40283203125 0.9521484375 1718059
0.19580078125 0.40185546875 0.947265625 1718159
0.19580078125 0.40185546875 0.947265625 1718159
0.19580078125 0.40185546875 0.947265625 1718159
0.19580078125 0.40185546875 0.947265625 1718160
0.19580078125 0.40185546875 0.947265625 1718160
0.1689453125 0.38623046875 0.931640625 1718263
0.1689453125 0.38623046875 0.931640625 1718263
0.1689453125 0.38623046875 0.931640625 1718264
0.1689453125 0.38623046875 0.931640625 1718264
0.1689453125 0.38623046875 0.931640625 1718264
0.1875 0.40625 0.96826171875 1718366
0.1875 0.40625 0.96826171875 1718366
0.1875 0.40625 0.96826171875 1718367
0.1875 0.40625 0.96826171875 1718367
0.1875 0.40625 0.96826171875 1718367
0.20458984375 0.40087890625 0.96435546875 1718468
0.20458984375 0.40087890625 0.96435546875 1718468
0.20458984375 0.40087890625 0.96435546875 1718468
0.20458984375 0.40087890625 0.96435546875 1718469
0.20458984375 0.40087890625 0.96435546875 1718469
0.19677734375 0.423828125 0.97802734375 1718545
0.20556640625 0.419921875 0.95458984375 1718657
0.20556640625 0.419921875 0.95458984375 1718657
0.20556640625 0.419921875 0.95458984375 1718658
0.20556640625 0.419921875 0.95458984375 1718658
0.20556640625 0.419921875 0.95458984375 1718658
0.1875 0.4140625 0.943359375 1718764
0.1875 0.4140625 0.943359375 1718764
0.1875 0.4140625 0.943359375 1718766
0.1875 0.4140625 0.943359375 1718766
0.1875 0.4140625 0.943359375 1718767
0.20361328125 0.41162109375 0.96044921875 1718862
0.2158203125 0.4306640625 0.97607421875 1718964
0.2158203125 0.4306640625 0.97607421875 1718965
0.2158203125 0.4306640625 0.97607421875 1718965
0.2158203125 0.4306640625 0.97607421875 1718965
0.2158203125 0.4306640625 0.97607421875 1718966
0.1748046875 0.40966796875 0.94140625 1719067
0.1748046875 0.40966796875 0.94140625 1719076
0.1748046875 0.40966796875 0.94140625 1719076
0.1748046875 0.40966796875 0.94140625 1719077
0.1748046875 0.40966796875 0.94140625 1719077
0.189453125 0.41259765625 0.9345703125 1719145
0.2177734375 0.482421875 0.97021484375 1719260
0.2177734375 0.482421875 0.97021484375 1719260
0.2177734375 0.482421875 0.97021484375 1719261
0.2177734375 0.482421875 0.97021484375 1719261
0.2177734375 0.482421875 0.97021484375 1719261
0.18310546875 0.44873046875 0.93212890625 1719359
0.16064453125 0.43603515625 0.9169921875 1719471
0.16064453125 0.43603515625 0.9169921875 1719472
0.16064453125 0.43603515625 0.9169921875 1719472
0.16064453125 0.43603515625 0.9169921875 1719472
0.16064453125 0.43603515625 0.9169921875 1719473
0.21875 0.4453125 0.943359375 1719558
0.1962890625 0.447265625 0.95849609375 1719661
0.1962890625 0.447265625 0.95849609375 1719661
0.1962890625 0.447265625 0.95849609375 1719661
0.1962890625 0.447265625 0.95849609375 1719662
0.1962890625 0.447265625 0.95849609375 1719662
0.1806640625 0.44482421875 0.931640625 1719763
0.1806640625 0.44482421875 0.931640625 1719764
0.1806640625 0.44482421875 0.931640625 1719765
0.1806640625 0.44482421875 0.931640625 1719765
0.1806640625 0.44482421875 0.931640625 1719766
0.2138671875 0.4482421875 0.95068359375 1719865
0.2138671875 0.4482421875 0.95068359375 1719865
0.2138671875 0.4482421875 0.95068359375 1719866
0.2138671875 0.4482421875 0.95068359375 1719866
0.2138671875 0.4482421875 0.95068359375 1719866
0.2001953125 0.4482421875 0.95556640625 1719967
0.2001953125 0.4482421875 0.95556640625 1719967
0.2001953125 0.4482421875 0.95556640625 1719967
0.2001953125 0.4482421875 0.95556640625 1719968
0.2001953125 0.4482421875 0.95556640625 1719968
0.1845703125 0.4521484375 0.9462890625 1720048
0.19482421875 0.45166015625 0.95556640625 1720157
0.19482421875 0.45166015625 0.95556640625 1720157
0.19482421875 0.45166015625 0.95556640625 1720158
0.19482421875 0.45166015625 0.95556640625 1720158
0.19482421875 0.45166015625 0.95556640625 1720158
0.19775390625 0.4013671875 0.95263671875 1720263
0.19775390625 0.4013671875 0.95263671875 1720263
0.19775390625 0.4013671875 0.95263671875 1720264
0.19775390625 0.4013671875 0.95263671875 1720264
0.19775390625 0.4013671875 0.95263671875 1720265
0.19482421875 0.4296875 0.95068359375 1720365
0.19482421875 0.4296875 0.95068359375 1720365
0.19482421875 0.4296875 0.95068359375 1720365
0.19482421875 0.4296875 0.95068359375 1720366
0.19482421875 0.4296875 0.95068359375 1720366
0.1669921875 0.44482421875 0.93994140625 1720450
0.1396484375 0.4716796875 0.90478515625 1720558
0.1396484375 0.4716796875 0.90478515625 1720558
0.1396484375 0.4716796875 0.90478515625 1720559
0.1396484375 0.4716796875 0.90478515625 1720559
0.1396484375 0.4716796875 0.90478515625 1720559
0.16748046875 0.5048828125 0.92626953125 1720661
0.16748046875 0.5048828125 0.92626953125 1720661
0.16748046875 0.5048828125 0.92626953125 1720661
0.16748046875 0.5048828125 0.92626953125 1720662
0.16748046875 0.5048828125 0.92626953125 1720662
0.16455078125 0.48779296875 0.89111328125 1720763
0.16455078125 0.48779296875 0.89111328125 1720763
0.16455078125 0.48779296875 0.89111328125 1720763
0.16455078125 0.48779296875 0.89111328125 1720764
0.16455078125 0.48779296875 0.89111328125 1720764
0.19287109375 0.48388671875 0.91748046875 1720865
0.19287109375 0.48388671875 0.91748046875 1720865
0.19287109375 0.48388671875 0.91748046875 1720865
0.19287109375 0.48388671875 0.91748046875 1720866
0.19287109375 0.48388671875 0.91748046875 1720866
0.18017578125 0.49755859375 0.93310546875 1720980
0.18017578125 0.49755859375 0.93310546875 1720980
0.18017578125 0.49755859375 0.93310546875 1720981
0.18017578125 0.49755859375 0.93310546875 1720981
0.18017578125 0.49755859375 0.93310546875 1720981
0.18603515625 0.49169921875 0.92919921875 1721070
0.1787109375 0.494140625 0.92431640625 1721166
0.1787109375 0.494140625 0.92431640625 1721166
0.1787109375 0.494140625 0.92431640625 1721166
0.1787109375 0.494140625 0.92431640625 1721167
0.1787109375 0.494140625 0.92431640625 1721167
0.1865234375 0.46875 0.92138671875 1721263
0.19775390625 0.46875 0.93896484375 1721352
0.19775390625 0.46875 0.93896484375 1721352
0.19775390625 0.46875 0.93896484375 1721353
0.19775390625 0.46875 0.93896484375 1721353
0.19775390625 0.46875 0.93896484375 1721353
0.16796875 0.4794921875 0.92529296875 1721457
0.16796875 0.4794921875 0.92529296875 1721457
0.16796875 0.4794921875 0.92529296875 1721458
0.16796875 0.4794921875 0.92529296875 1721458
0.16796875 0.4794921875 0.92529296875 1721458
0.1884765625 0.47314453125 0.91796875 1721575
0.1884765625 0.47314453125 0.91796875 1721575
0.1884765625 0.47314453125 0.91796875 1721576
0.1884765625 0.47314453125 0.91796875 1721576
0.1884765625 0.47314453125 0.91796875 1721576
0.18603515625 0.48193359375 0.93994140625 1721661
0.1826171875 0.470703125 0.93115234375 1721764
0.1826171875 0.470703125 0.93115234375 1721764
0.1826171875 0.470703125 0.93115234375 1721764
0.1826171875 0.470703125 0.93115234375 1721765
0.1826171875 0.470703125 0.93115234375 1721765
0.19482421875 0.4697265625 0.91845703125 1721850
0.1875 0.47216796875 0.92431640625 1721955
0.1875 0.47216796875 0.92431640625 1721956
0.1875 0.47216796875 0.92431640625 1721956
0.1875 0.47216796875 0.92431640625 1721956
0.1875 0.47216796875 0.92431640625 1721957
0.18896484375 0.466796875 0.9365234375 1722065
0.18896484375 0.466796875 0.9365234375 1722066
0.18896484375 0.466796875 0.9365234375 1722066
0.18896484375 0.466796875 0.9365234375 1722067
0.18896484375 0.466796875 0.9365234375 1722067
0.20263671875 0.4599609375 0.93798828125 1722160
0.1865234375 0.46142578125 0.92041015625 1722263
0.1865234375 0.46142578125 0.92041015625 1722263
0.1865234375 0.46142578125 0.92041015625 1722263
0.1865234375 0.46142578125 0.92041015625 1722264
0.1865234375 0.46142578125 0.92041015625 1722264
0.1904296875 0.45458984375 0.91357421875 1722366
0.1904296875 0.45458984375 0.91357421875 1722366
0.1904296875 0.45458984375 0.91357421875 1722367
0.1904296875 0.45458984375 0.91357421875 1722367
0.1904296875 0.45458984375 0.91357421875 1722367
0.19091796875 0.4912109375 0.95361328125 1722444
0.1982421875 0.4638671875 0.93115234375 1722565
0.1982421875 0.4638671875 0.93115234375 1722565
0.1982421875 0.4638671875 0.93115234375 1722565
0.1982421875 0.4638671875 0.93115234375 1722566
0.1982421875 0.4638671875 0.93115234375 1722566
0.189453125 0.46826171875 0.916015625 1722671
0.189453125 0.46826171875 0.916015625 1722672
0.189453125 0.46826171875 0.916015625 1722672
0.189453125 0.46826171875 0.916015625 1722673
0.189453125 0.46826171875 0.916015625 1722673
0.19775390625 0.48828125 0.9384765625 1722757
0.19384765625 0.47802734375 0.92236328125 1722850
0.19384765625 0.47802734375 0.92236328125 1722860
0.19384765625 0.47802734375 0.92236328125 1722861
0.19384765625 0.47802734375 0.92236328125 1722861
0.19384765625 0.47802734375 0.92236328125 1722861
0.18505859375 0.46826171875 0.94091796875 1722964
0.18505859375 0.46826171875 0.94091796875 1722964
0.18505859375 0.46826171875 0.94091796875 1722965
0.18505859375 0.46826171875 0.94091796875 1722966
0.18505859375 0.46826171875 0.94091796875 1722966
0.197265625 0.466796875 0.9453125 1723066
0.197265625 0.466796875 0.9453125 1723067
0.197265625 0.466796875 0.9453125 1723067
0.197265625 0.466796875 0.9453125 1723067
0.197265625 0.466796875 0.9453125 1723068
0.193359375 0.48193359375 0.93359375 1723144
0.1982421875 0.48291015625 0.92041015625 1723254
0.1982421875 0.48291015625 0.92041015625 1723254
0.1982421875 0.48291015625 0.92041015625 1723255
0.1982421875 0.48291015625 0.92041015625 1723255
0.1982421875 0.48291015625 0.92041015625 1723256
0.1572265625 0.486328125 0.91845703125 1723356
0.1572265625 0.486328125 0.91845703125 1723356
0.1572265625 0.486328125 0.91845703125 1723357
0.1572265625 0.486328125 0.91845703125 1723357
0.1572265625 0.486328125 0.91845703125 1723357
0.15869140625 0.453125 0.93212890625 1723459
0.15869140625 0.453125 0.93212890625 1723459
0.15869140625 0.453125 0.93212890625 1723460
0.15869140625 0.453125 0.93212890625 1723460
0.15869140625 0.453125 0.93212890625 1723461
0.15625 0.4091796875 0.93115234375 1723563
0.15625 0.4091796875 0.93115234375 1723563
0.15625 0.4091796875 0.93115234375 1723563
0.15625 0.4091796875 0.93115234375 1723564
0.15625 0.4091796875 0.93115234375 1723564
0.056640625 0.447265625 0.88671875 1723665
0.056640625 0.447265625 0.88671875 1723665
0.056640625 0.447265625 0.88671875 1723666
0.056640625 0.447265625 0.88671875 1723666
0.056640625 0.447265625 0.88671875 1723666
-0.154296875 0.58740234375 0.82763671875 1723743
-0.32763671875 0.62548828125 0.67431640625 1723879
-0.32763671875 0.62548828125 0.67431640625 1723879
-0.32763671875 0.62548828125 0.67431640625 1723880
-0.32763671875 0.62548828125 0.67431640625 1723880
-0.32763671875 0.62548828125 0.67431640625 1723880
-0.431640625 0.63037109375 0.5546875 1723958
-0.509765625 0.6025390625 0.41796875 1724063
-0.509765625 0.6025390625 0.41796875 1724063
-0.509765625 0.6025390625 0.41796875 1724063
-0.509765625 0.6025390625 0.41796875 1724064
-0.509765625 0.6025390625 0.41796875 1724064
-0.56787109375 0.56640625 0.2978515625 1724165
-0.56787109375 0.56640625 0.2978515625 1724165
-0.56787109375 0.56640625 0.2978515625 1724166
-0.56787109375 0.56640625 0.2978515625 1724166
-0.56787109375 0.56640625 0.2978515625 1724168
-0.6416015625 0.5556640625 0.21240234375 1724245
-0.63671875 0.55419921875 0.1904296875 1724357
-0.63671875 0.55419921875 0.1904296875 1724357
-0.63671875 0.55419921875 0.1904296875 1724357
-0.63671875 0.55419921875 0.1904296875 1724358
-0.63671875 0.55419921875 0.1904296875 1724358
-0.6484375 0.548828125 0.14111328125 1724459
-0.6484375 0.548828125 0.14111328125 1724459
-0.6484375 0.548828125 0.14111328125 1724459
-0.6484375 0.548828125 0.14111328125 1724460
-0.6484375 0.548828125 0.14111328125 1724460
-0.6640625 0.54541015625 0.111328125 1724561
-0.6640625 0.54541015625 0.111328125 1724561
-0.6640625 0.54541015625 0.111328125 1724561
-0.6640625 0.54541015625 0.111328125 1724562
-0.6640625 0.54541015625 0.111328125 1724562
-0.67138671875 0.52099609375 0.08154296875 1724673
-0.67138671875 0.52099609375 0.08154296875 1724701
-0.67138671875 0.52099609375 0.08154296875 1724702
-0.67138671875 0.52099609375 0.08154296875 1724702
-0.67138671875 0.52099609375 0.08154296875 1724702
-0.65966796875 0.51953125 0.05712890625 1724743
