-0.04345703125 0.392578125 0.9267578125 1581915
-0.04345703125 0.392578125 0.9267578125 1581915
-0.04345703125 0.392578125 0.9267578125 1581966
-0.04345703125 0.392578125 0.9267578125 1581967
-0.04345703125 0.392578125 0.9267578125 1581967
-0.04345703125 0.392578125 0.9267578125 1581968
-0.0537109375 0.38916015625 0.912109375 1581979
-0.0419921875 0.392578125 0.93212890625 1582042
-0.0419921875 0.392578125 0.93212890625 1582043
-0.052734375 0.39453125 0.93359375 1582125
-0.052734375 0.39453125 0.93359375 1582126
-0.052734375 0.39453125 0.93359375 1582126
-0.052734375 0.39453125 0.93359375 1582127
-0.0478515625 0.38134765625 0.91455078125 1582240
-0.0478515625 0.38134765625 0.91455078125 1582241
-0.0478515625 0.38134765625 0.91455078125 1582242
-0.0478515625 0.38134765625 0.91455078125 1582243
-0.0478515625 0.38134765625 0.91455078125 1582243
-0.05224609375 0.39306640625 0.91650390625 1582344
-0.05224609375 0.39306640625 0.91650390625 1582345
-0.05224609375 0.39306640625 0.91650390625 1582345
-0.05224609375 0.39306640625 0.91650390625 1582346
-0.05224609375 0.39306640625 0.91650390625 1582346
-0.044921875 0.40087890625 0.93798828125 1582425
-0.05078125 0.39599609375 0.92529296875 1582536
-0.05078125 0.39599609375 0.92529296875 1582536
-0.05078125 0.39599609375 0.92529296875 1582537
-0.05078125 0.39599609375 0.92529296875 1582537
-0.05078125 0.39599609375 0.92529296875 1582538
-0.04833984375 0.390625 0.91455078125 1582663
-0.04833984375 0.390625 0.91455078125 1582664
-0.04833984375 0.390625 0.91455078125 1582664
-0.04833984375 0.390625 0.91455078125 1582665
-0.04833984375 0.390625 0.91455078125 1582665
-0.04296875 0.4033203125 0.93212890625 1582741
-0.04296875 0.39599609375 0.92724609375 1582843
-0.04296875 0.39599609375 0.92724609375 1582844
-0.04296875 0.39599609375 0.92724609375 1582844
-0.04296875 0.39599609375 0.92724609375 1582844
-0.04296875 0.39599609375 0.92724609375 1582845
-0.04443359375 0.400390625 0.92626953125 1582923
-0.041015625 0.39599609375 0.923828125 1583034
-0.041015625 0.39599609375 0.923828125 1583034
-0.041015625 0.39599609375 0.923828125 1583034
-0.041015625 0.39599609375 0.923828125 1583035
-0.041015625 0.39599609375 0.923828125 1583035
-0.04296875 0.3935546875 0.92919921875 1583152
-0.04296875 0.3935546875 0.92919921875 1583152
-0.04296875 0.3935546875 0.92919921875 1583153
-0.04296875 0.3935546875 0.92919921875 1583153
-0.04296875 0.3935546875 0.92919921875 1583153
-0.041015625 0.38232421875 0.92578125 1583235
-0.0537109375 0.39892578125 0.92919921875 1583343
-0.0537109375 0.39892578125 0.92919921875 1583343
-0.0537109375 0.39892578125 0.92919921875 1583344
-0.0537109375 0.39892578125 0.92919921875 1583344
-0.0537109375 0.39892578125 0.92919921875 1583344
-0.046875 0.3896484375 0.9189453125 1583467
-0.046875 0.3896484375 0.9189453125 1583467
-0.046875 0.3896484375 0.9189453125 1583467
-0.046875 0.3896484375 0.9189453125 1583468
-0.046875 0.3896484375 0.9189453125 1583468
-0.0517578125 0.392578125 0.916015625 1583540
-0.04931640625 0.3955078125 0.92041015625 1583644
-0.04931640625 0.3955078125 0.92041015625 1583645
-0.04931640625 0.3955078125 0.92041015625 1583645
-0.04931640625 0.3955078125 0.92041015625 1583646
-0.04931640625 0.3955078125 0.92041015625 1583646
-0.04541015625 0.3955078125 0.92529296875 1583742
-0.0556640625 0.40869140625 0.9267578125 1583829
-0.0556640625 0.40869140625 0.9267578125 1583830
-0.0556640625 0.40869140625 0.9267578125 1583830
-0.0556640625 0.40869140625 0.9267578125 1583830
-0.0556640625 0.40869140625 0.9267578125 1583831
-0.044921875 0.40087890625 0.91357421875 1583966
-0.044921875 0.40087890625 0.91357421875 1583967
-0.044921875 0.40087890625 0.91357421875 1583967
-0.044921875 0.40087890625 0.91357421875 1583967
-0.044921875 0.40087890625 0.91357421875 1583968
-0.0537109375 0.40625 0.9169921875 1584043
-0.044921875 0.40087890625 0.92333984375 1584124
-0.044921875 0.40087890625 0.92333984375 1584124
-0.044921875 0.40087890625 0.92333984375 1584125
-0.044921875 0.40087890625 0.92333984375 1584125
-0.044921875 0.40087890625 0.92333984375 1584125
-0.044921875 0.39892578125 0.92724609375 1584235
-0.044921875 0.39892578125 0.92724609375 1584235
-0.044921875 0.39892578125 0.92724609375 1584236
-0.044921875 0.39892578125 0.92724609375 1584236
-0.044921875 0.39892578125 0.92724609375 1584236
-0.04345703125 0.3994140625 0.92041015625 1584342
-0.04345703125 0.3994140625 0.92041015625 1584342
-0.04345703125 0.3994140625 0.92041015625 1584343
-0.04345703125 0.3994140625 0.92041015625 1584343
-0.04345703125 0.3994140625 0.92041015625 1584343
-0.0498046875 0.4052734375 0.92041015625 1584434
-0.03173828125 0.3974609375 0.919921875 1584520
-0.03173828125 0.3974609375 0.919921875 1584521
-0.03173828125 0.3974609375 0.919921875 1584521
-0.03173828125 0.3974609375 0.919921875 1584521
-0.03173828125 0.3974609375 0.919921875 1584522
-0.0439453125 0.40576171875 0.927734375 1584631
-0.0439453125 0.40576171875 0.927734375 1584631
-0.0439453125 0.40576171875 0.927734375 1584631
-0.0439453125 0.40576171875 0.927734375 1584632
-0.0439453125 0.40576171875 0.927734375 1584632
-0.0390625 0.40283203125 0.92236328125 1584735
-0.0390625 0.40283203125 0.92236328125 1584735
-0.0390625 0.40283203125 0.92236328125 1584736
-0.0390625 0.40283203125 0.92236328125 1584736
-0.0390625 0.40283203125 0.92236328125 1584737
-0.04638671875 0.400390625 0.91748046875 1584840
-0.04638671875 0.400390625 0.91748046875 1584840
-0.04638671875 0.400390625 0.91748046875 1584841
-0.04638671875 0.400390625 0.91748046875 1584841
-0.04638671875 0.400390625 0.91748046875 1584841
-0.03271484375 0.3984375 0.91943359375 1584943
-0.03271484375 0.3984375 0.91943359375 1584943
-0.03271484375 0.3984375 0.91943359375 1584943
-0.03271484375 0.3984375 0.91943359375 1584944
-0.03271484375 0.3984375 0.91943359375 1584944
-0.04296875 0.40771484375 0.9248046875 1585023
-0.04296875 0.40283203125 0.92724609375 1585136
-0.04296875 0.40283203125 0.92724609375 1585136
-0.04296875 0.40283203125 0.92724609375 1585137
-0.04296875 0.40283203125 0.92724609375 1585137
-0.04296875 0.40283203125 0.92724609375 1585137
-0.037109375 0.40380859375 0.93017578125 1585238
-0.037109375 0.40380859375 0.93017578125 1585239
-0.037109375 0.40380859375 0.93017578125 1585239
-0.037109375 0.40380859375 0.93017578125 1585240
-0.037109375 0.40380859375 0.93017578125 1585240
-0.0419921875 0.408203125 0.916015625 1585341
-0.0419921875 0.408203125 0.916015625 1585342
-0.0419921875 0.408203125 0.916015625 1585342
-0.0419921875 0.408203125 0.916015625 1585342
-0.0419921875 0.408203125 0.916015625 1585342
-0.03271484375 0.39794921875 0.92626953125 1585444
-0.03271484375 0.39794921875 0.92626953125 1585445
-0.03271484375 0.39794921875 0.92626953125 1585445
-0.03271484375 0.39794921875 0.92626953125 1585446
-0.03271484375 0.39794921875 0.92626953125 1585446
-0.03955078125 0.3984375 0.93017578125 1585523
-0.04248046875 0.400390625 0.91455078125 1585632
-0.04248046875 0.400390625 0.91455078125 1585632
-0.04248046875 0.400390625 0.91455078125 1585633
-0.04248046875 0.400390625 0.91455078125 1585633
-0.04248046875 0.400390625 0.91455078125 1585642
-0.0322265625 0.4013671875 0.9248046875 1585736
-0.0322265625 0.4013671875 0.9248046875 1585736
-0.0322265625 0.4013671875 0.9248046875 1585737
-0.0322265625 0.4013671875 0.9248046875 1585737
-0.0322265625 0.4013671875 0.9248046875 1585738
-0.037109375 0.3974609375 0.935546875 1585839
-0.037109375 0.3974609375 0.935546875 1585840
-0.037109375 0.3974609375 0.935546875 1585840
-0.037109375 0.3974609375 0.935546875 1585841
-0.037109375 0.3974609375 0.935546875 1585841
-0.0400390625 0.3984375 0.9443359375 1585939
-0.0400390625 0.3984375 0.9443359375 1585940
-0.0400390625 0.3984375 0.9443359375 1585940
-0.0400390625 0.3984375 0.9443359375 1585941
-0.0400390625 0.3984375 0.9443359375 1585941
-0.0400390625 0.38671875 0.93359375 1586076
-0.0400390625 0.38671875 0.93359375 1586077
-0.0400390625 0.38671875 0.93359375 1586077
-0.0400390625 0.38671875 0.93359375 1586077
-0.0400390625 0.38671875 0.93359375 1586078
-0.04345703125 0.37255859375 0.94384765625 1586132
-0.064453125 0.35400390625 0.94091796875 1586234
-0.064453125 0.35400390625 0.94091796875 1586234
-0.064453125 0.35400390625 0.94091796875 1586235
-0.064453125 0.35400390625 0.94091796875 1586235
-0.064453125 0.35400390625 0.94091796875 1586236
-0.0908203125 0.36376953125 0.9111328125 1586352
-0.0908203125 0.36376953125 0.9111328125 1586352
-0.0908203125 0.36376953125 0.9111328125 1586352
-0.0908203125 0.36376953125 0.9111328125 1586353
-0.0908203125 0.36376953125 0.9111328125 1586353
-0.0830078125 0.41845703125 0.90576171875 1586440
-0.1435546875 0.4326171875 0.796875 1586519
-0.1435546875 0.4326171875 0.796875 1586519
-0.1435546875 0.4326171875 0.796875 1586520
-0.1435546875 0.4326171875 0.796875 1586520
-0.1435546875 0.4326171875 0.796875 1586520
-0.20361328125 0.560546875 0.744140625 1586629
-0.20361328125 0.560546875 0.744140625 1586629
-0.20361328125 0.560546875 0.744140625 1586629
-0.20361328125 0.560546875 0.744140625 1586630
-0.20361328125 0.560546875 0.744140625 1586630
-0.27978515625 0.63623046875 0.6484375 1586735
-0.27978515625 0.63623046875 0.6484375 1586735
-0.27978515625 0.63623046875 0.6484375 1586735
-0.27978515625 0.63623046875 0.6484375 1586736
-0.27978515625 0.63623046875 0.6484375 1586736
-0.33251953125 0.75 0.6083984375 1586837
-0.33251953125 0.75 0.6083984375 1586837
-0.33251953125 0.75 0.6083984375 1586838
-0.33251953125 0.75 0.6083984375 1586838
-0.33251953125 0.75 0.6083984375 1586839
-0.31298828125 0.70654296875 0.494140625 1586939
-0.31298828125 0.70654296875 0.494140625 1586939
-0.31298828125 0.70654296875 0.494140625 1586939
-0.31298828125 0.70654296875 0.494140625 1586940
-0.31298828125 0.70654296875 0.494140625 1586940
-0.2626953125 0.77734375 0.60009765625 1587021
-0.23828125 0.7490234375 0.6337890625 1587138
-0.23828125 0.7490234375 0.6337890625 1587139
-0.23828125 0.7490234375 0.6337890625 1587139
-0.23828125 0.7490234375 0.6337890625 1587140
-0.23828125 0.7490234375 0.6337890625 1587140
-0.11669921875 0.69873046875 0.751953125 1587235
-0.01220703125 0.6083984375 0.82275390625 1587338
-0.01220703125 0.6083984375 0.82275390625 1587338
-0.01220703125 0.6083984375 0.82275390625 1587338
-0.01220703125 0.6083984375 0.82275390625 1587339
-0.01220703125 0.6083984375 0.82275390625 1587339
0.00048828125 0.57568359375 0.83447265625 1587441
0.00048828125 0.57568359375 0.83447265625 1587441
0.00048828125 0.57568359375 0.83447265625 1587441
0.00048828125 0.57568359375 0.83447265625 1587442
0.00048828125 0.57568359375 0.83447265625 1587442
0.0478515625 0.53955078125 0.87158203125 1587518
0.07275390625 0.52587890625 0.896484375 1587632
0.07275390625 0.52587890625 0.896484375 1587633
0.07275390625 0.52587890625 0.896484375 1587633
0.07275390625 0.52587890625 0.896484375 1587634
0.07275390625 0.52587890625 0.896484375 1587634
0.0537109375 0.5185546875 0.900390625 1587719
0.10791015625 0.50341796875 0.91064453125 1587830
0.10791015625 0.50341796875 0.91064453125 1587830
0.10791015625 0.50341796875 0.91064453125 1587831
0.10791015625 0.50341796875 0.91064453125 1587831
0.10791015625 0.50341796875 0.91064453125 1587831
0.10986328125 0.4853515625 0.91455078125 1587931
0.10986328125 0.4853515625 0.91455078125 1587931
0.10986328125 0.4853515625 0.91455078125 1587932
0.10986328125 0.4853515625 0.91455078125 1587932
0.10986328125 0.4853515625 0.91455078125 1587933
0.13525390625 0.4970703125 0.92529296875 1588035
0.13525390625 0.4970703125 0.92529296875 1588035
0.13525390625 0.4970703125 0.92529296875 1588036
0.13525390625 0.4970703125 0.92529296875 1588036
0.138671875 0.4892578125 0.93310546875 1588138
0.138671875 0.4892578125 0.93310546875 1588138
0.138671875 0.4892578125 0.93310546875 1588139
0.138671875 0.4892578125 0.93310546875 1588139
0.138671875 0.4892578125 0.93310546875 1588139
0.16357421875 0.49658203125 0.94921875 1588221
0.15625 0.46435546875 0.93798828125 1588332
0.15625 0.46435546875 0.93798828125 1588332
0.15625 0.46435546875 0.93798828125 1588333
0.15625 0.46435546875 0.93798828125 1588333
0.15625 0.46435546875 0.93798828125 1588334
0.14453125 0.4677734375 0.92138671875 1588433
0.14453125 0.4677734375 0.92138671875 1588433
0.14453125 0.4677734375 0.92138671875 1588433
0.14453125 0.4677734375 0.92138671875 1588434
0.14453125 0.4677734375 0.92138671875 1588434
0.14794921875 0.4462890625 0.92041015625 1588535
0.14794921875 0.4462890625 0.92041015625 1588536
0.14794921875 0.4462890625 0.92041015625 1588536
0.14794921875 0.4462890625 0.92041015625 1588536
0.14794921875 0.4462890625 0.92041015625 1588537
0.1728515625 0.43798828125 0.9365234375 1588638
0.1728515625 0.43798828125 0.9365234375 1588638
0.1728515625 0.43798828125 0.9365234375 1588638
0.1728515625 0.43798828125 0.9365234375 1588639
0.1728515625 0.43798828125 0.9365234375 1588639
0.15966796875 0.44970703125 0.93212890625 1588717
0.16845703125 0.45556640625 0.9462890625 1588828
0.16845703125 0.45556640625 0.9462890625 1588829
0.16845703125 0.45556640625 0.9462890625 1588829
0.16845703125 0.45556640625 0.9462890625 1588829
0.16845703125 0.45556640625 0.9462890625 1588830
0.17626953125 0.45751953125 0.9462890625 1588930
0.17626953125 0.45751953125 0.9462890625 1588930
0.17626953125 0.45751953125 0.9462890625 1588931
0.17626953125 0.45751953125 0.9462890625 1588931
0.17626953125 0.45751953125 0.9462890625 1588932
0.16748046875 0.46142578125 0.9287109375 1589036
0.16748046875 0.46142578125 0.9287109375 1589037
0.16748046875 0.46142578125 0.9287109375 1589037
0.16748046875 0.46142578125 0.9287109375 1589037
0.16748046875 0.46142578125 0.9287109375 1589038
0.1650390625 0.4755859375 0.9365234375 1589135
0.171875 0.4755859375 0.9287109375 1589238
0.171875 0.4755859375 0.9287109375 1589238
0.171875 0.4755859375 0.9287109375 1589239
0.171875 0.4755859375 0.9287109375 1589239
0.171875 0.4755859375 0.9287109375 1589240
0.16845703125 0.4833984375 0.94189453125 1589316
0.1669921875 0.47998046875 0.9296875 1589432
0.1669921875 0.47998046875 0.9296875 1589432
0.1669921875 0.47998046875 0.9296875 1589433
0.1669921875 0.47998046875 0.9296875 1589433
0.1669921875 0.47998046875 0.9296875 1589433
0.16650390625 0.49169921875 0.93115234375 1589531
0.15673828125 0.48876953125 0.92822265625 1589634
0.15673828125 0.48876953125 0.92822265625 1589634
0.15673828125 0.48876953125 0.92822265625 1589634
0.15673828125 0.48876953125 0.92822265625 1589635
0.15673828125 0.48876953125 0.92822265625 1589635
0.166015625 0.48388671875 0.92236328125 1589737
0.166015625 0.48388671875 0.92236328125 1589737
0.166015625 0.48388671875 0.92236328125 1589738
0.166015625 0.48388671875 0.92236328125 1589738
0.166015625 0.48388671875 0.92236328125 1589738
0.15087890625 0.49365234375 0.92919921875 1589839
0.15087890625 0.49365234375 0.92919921875 1589840
0.15087890625 0.49365234375 0.92919921875 1589840
0.15087890625 0.49365234375 0.92919921875 1589841
0.15087890625 0.49365234375 0.92919921875 1589841
0.1650390625 0.48583984375 0.92626953125 1589937
0.166015625 0.48828125 0.9287109375 1590032
0.166015625 0.48828125 0.9287109375 1590032
0.166015625 0.48828125 0.9287109375 1590032
0.166015625 0.48828125 0.9287109375 1590033
0.166015625 0.48828125 0.9287109375 1590033
0.15869140625 0.4892578125 0.92724609375 1590130
0.15625 0.4833984375 0.92333984375 1590222
0.15625 0.4833984375 0.92333984375 1590234
0.15625 0.4833984375 0.92333984375 1590234
0.15625 0.4833984375 0.92333984375 1590234
0.15625 0.4833984375 0.92333984375 1590235
0.15625 0.48193359375 0.9248046875 1590337
0.15625 0.48193359375 0.9248046875 1590337
0.15625 0.48193359375 0.9248046875 1590338
0.15625 0.48193359375 0.9248046875 1590338
0.15625 0.48193359375 0.9248046875 1590347
0.16357421875 0.4716796875 0.92041015625 1590419
0.16748046875 0.48095703125 0.9326171875 1590530
0.16748046875 0.48095703125 0.9326171875 1590530
0.16748046875 0.48095703125 0.9326171875 1590531
0.16748046875 0.48095703125 0.9326171875 1590531
0.16748046875 0.48095703125 0.9326171875 1590532
0.1640625 0.484375 0.9326171875 1590633
0.1640625 0.484375 0.9326171875 1590633
0.1640625 0.484375 0.9326171875 1590634
0.1640625 0.484375 0.9326171875 1590634
0.1689453125 0.47705078125 0.9296875 1590737
0.1689453125 0.47705078125 0.9296875 1590737
0.1689453125 0.47705078125 0.9296875 1590737
0.1689453125 0.47705078125 0.9296875 1590738
0.1689453125 0.47705078125 0.9296875 1590738
0.15576171875 0.48046875 0.9248046875 1590830
0.16357421875 0.47705078125 0.92529296875 1590977
0.16357421875 0.47705078125 0.92529296875 1590977
0.16357421875 0.47705078125 0.92529296875 1590977
0.16357421875 0.47705078125 0.92529296875 1590978
0.16357421875 0.47705078125 0.92529296875 1590978
0.1611328125 0.48095703125 0.93017578125 1591033
0.15625 0.48583984375 0.9296875 1591131
0.15625 0.48583984375 0.9296875 1591132
0.15625 0.48583984375 0.9296875 1591132
0.15625 0.48583984375 0.9296875 1591132
0.15625 0.48583984375 0.9296875 1591133
0.16943359375 0.47705078125 0.9248046875 1591233
0.16943359375 0.47705078125 0.9248046875 1591233
0.16943359375 0.47705078125 0.9248046875 1591233
0.16943359375 0.47705078125 0.9248046875 1591234
0.16943359375 0.47705078125 0.9248046875 1591234
0.16162109375 0.4921875 0.9375 1591335
0.16162109375 0.4921875 0.9375 1591335
0.16162109375 0.4921875 0.9375 1591336
0.16162109375 0.4921875 0.9375 1591336
0.16162109375 0.4921875 0.9375 1591336
0.1669921875 0.478515625 0.9296875 1591440
0.1669921875 0.478515625 0.9296875 1591440
0.1669921875 0.478515625 0.9296875 1591440
0.1669921875 0.478515625 0.9296875 1591441
0.1669921875 0.478515625 0.9296875 1591441
0.17138671875 0.47607421875 0.9296875 1591517
0.16162109375 0.4833984375 0.9326171875 1591627
0.16162109375 0.4833984375 0.9326171875 1591628
0.16162109375 0.4833984375 0.9326171875 1591628
0.16162109375 0.4833984375 0.9326171875 1591629
0.16162109375 0.4833984375 0.9326171875 1591629
0.1689453125 0.4755859375 0.92919921875 1591729
0.1689453125 0.4755859375 0.92919921875 1591729
0.1689453125 0.4755859375 0.92919921875 1591730
0.1689453125 0.4755859375 0.92919921875 1591730
0.1689453125 0.4755859375 0.92919921875 1591730
0.1552734375 0.48486328125 0.93115234375 1591847
0.1552734375 0.48486328125 0.93115234375 1591848
0.1552734375 0.48486328125 0.93115234375 1591848
0.1552734375 0.48486328125 0.93115234375 1591848
0.16552734375 0.4775390625 0.931640625 1591935
0.16552734375 0.4775390625 0.931640625 1591935
0.15869140625 0.48193359375 0.92236328125 1592017
0.15869140625 0.48193359375 0.92236328125 1592018
0.15869140625 0.48193359375 0.92236328125 1592018
0.15869140625 0.48193359375 0.92236328125 1592019
0.16259765625 0.48583984375 0.9287109375 1592129
0.16259765625 0.48583984375 0.9287109375 1592129
0.16259765625 0.48583984375 0.9287109375 1592129
0.16259765625 0.48583984375 0.9287109375 1592130
0.16259765625 0.48583984375 0.9287109375 1592130
0.169921875 0.48486328125 0.93310546875 1592232
0.169921875 0.48486328125 0.93310546875 1592232
0.169921875 0.48486328125 0.93310546875 1592232
0.169921875 0.48486328125 0.93310546875 1592233
0.16162109375 0.4755859375 0.921875 1592335
0.16162109375 0.4755859375 0.921875 1592335
0.16162109375 0.4755859375 0.921875 1592336
0.16162109375 0.4755859375 0.921875 1592336
0.16162109375 0.4755859375 0.921875 1592336
0.154296875 0.48291015625 0.91845703125 1592421
0.158203125 0.4833984375 0.93212890625 1592529
0.158203125 0.4833984375 0.93212890625 1592529
0.158203125 0.4833984375 0.93212890625 1592529
0.158203125 0.4833984375 0.93212890625 1592530
0.158203125 0.4833984375 0.93212890625 1592530
0.16162109375 0.47802734375 0.92578125 1592632
0.16162109375 0.47802734375 0.92578125 1592632
0.16162109375 0.47802734375 0.92578125 1592632
0.16162109375 0.47802734375 0.92578125 1592633
0.16162109375 0.47802734375 0.92578125 1592633
0.16259765625 0.484375 0.927734375 1592734
0.16259765625 0.484375 0.927734375 1592734
0.16259765625 0.484375 0.927734375 1592735
0.16259765625 0.484375 0.927734375 1592735
0.16259765625 0.484375 0.927734375 1592735
0.154296875 0.4853515625 0.9228515625 1592818
0.1669921875 0.4765625 0.92041015625 1592929
0.1669921875 0.4765625 0.92041015625 1592929
0.1669921875 0.4765625 0.92041015625 1592930
0.1669921875 0.4765625 0.92041015625 1592930
0.1669921875 0.4765625 0.92041015625 1592930
0.15673828125 0.48974609375 0.9267578125 1593034
0.15673828125 0.48974609375 0.9267578125 1593034
0.15673828125 0.48974609375 0.9267578125 1593034
0.15673828125 0.48974609375 0.9267578125 1593035
0.15673828125 0.48974609375 0.9267578125 1593035
0.16357421875 0.4912109375 0.93017578125 1593134
0.16357421875 0.4912109375 0.93017578125 1593134
0.16357421875 0.4912109375 0.93017578125 1593134
0.16357421875 0.4912109375 0.93017578125 1593135
0.16357421875 0.4912109375 0.93017578125 1593135
0.158203125 0.48828125 0.92919921875 1593237
0.158203125 0.48828125 0.92919921875 1593237
0.158203125 0.48828125 0.92919921875 1593237
0.158203125 0.48828125 0.92919921875 1593238
0.158203125 0.48828125 0.92919921875 1593238
0.1591796875 0.47607421875 0.916015625 1593316
0.14990234375 0.4921875 0.92333984375 1593428
0.14990234375 0.4921875 0.92333984375 1593428
0.14990234375 0.4921875 0.92333984375 1593428
0.14990234375 0.4921875 0.92333984375 1593429
0.14990234375 0.4921875 0.92333984375 1593429
0.16357421875 0.49072265625 0.931640625 1593532
0.16357421875 0.49072265625 0.931640625 1593541
0.16357421875 0.49072265625 0.931640625 1593541
0.16357421875 0.49072265625 0.931640625 1593541
0.16357421875 0.49072265625 0.931640625 1593542
0.16015625 0.4833984375 0.92041015625 1593614
0.1572265625 0.48974609375 0.91845703125 1593725
0.1572265625 0.48974609375 0.91845703125 1593725
0.1572265625 0.48974609375 0.91845703125 1593726
0.1572265625 0.48974609375 0.91845703125 1593726
0.1572265625 0.48974609375 0.91845703125 1593727
0.16259765625 0.4951171875 0.92919921875 1593828
0.16259765625 0.4951171875 0.92919921875 1593828
0.16259765625 0.4951171875 0.92919921875 1593829
0.16259765625 0.4951171875 0.92919921875 1593829
0.16259765625 0.4951171875 0.92919921875 1593829
0.1640625 0.4833984375 0.92041015625 1593930
0.1640625 0.4833984375 0.92041015625 1593930
0.1640625 0.4833984375 0.92041015625 1593931
0.1640625 0.4833984375 0.92041015625 1593931
0.15478515625 0.4892578125 0.921875 1594034
0.15478515625 0.4892578125 0.921875 1594034
0.15478515625 0.4892578125 0.921875 1594035
0.15478515625 0.4892578125 0.921875 1594035
0.15478515625 0.4892578125 0.921875 1594035
0.15673828125 0.486328125 0.92822265625 1594120
0.15966796875 0.48193359375 0.91796875 1594223
0.15966796875 0.48193359375 0.91796875 1594223
0.15966796875 0.48193359375 0.91796875 1594224
0.15966796875 0.48193359375 0.91796875 1594224
0.15966796875 0.48193359375 0.91796875 1594225
0.1533203125 0.48974609375 0.9228515625 1594326
0.1533203125 0.48974609375 0.9228515625 1594327
0.1533203125 0.48974609375 0.9228515625 1594328
0.1533203125 0.48974609375 0.9228515625 1594329
0.1533203125 0.48974609375 0.9228515625 1594329
0.1650390625 0.48779296875 0.92919921875 1594430
0.1650390625 0.48779296875 0.92919921875 1594430
0.1650390625 0.48779296875 0.92919921875 1594431
0.1650390625 0.48779296875 0.92919921875 1594431
0.1650390625 0.48779296875 0.92919921875 1594432
0.15966796875 0.4912109375 0.92626953125 1594533
0.15966796875 0.4912109375 0.92626953125 1594533
0.15966796875 0.4912109375 0.92626953125 1594534
0.15966796875 0.4912109375 0.92626953125 1594534
0.15966796875 0.4912109375 0.92626953125 1594535
0.154296875 0.48876953125 0.916015625 1594635
0.154296875 0.48876953125 0.916015625 1594636
0.154296875 0.48876953125 0.916015625 1594636
0.154296875 0.48876953125 0.916015625 1594637
0.154296875 0.48876953125 0.916015625 1594638
0.1611328125 0.48828125 0.92919921875 1594717
0.16259765625 0.48681640625 0.91943359375 1594825
0.16259765625 0.48681640625 0.91943359375 1594825
0.16259765625 0.48681640625 0.91943359375 1594826
0.16259765625 0.48681640625 0.91943359375 1594826
0.16259765625 0.48681640625 0.91943359375 1594826
0.162109375 0.4912109375 0.9287109375 1594929
0.162109375 0.4912109375 0.9287109375 1594929
0.162109375 0.4912109375 0.9287109375 1594930
0.162109375 0.4912109375 0.9287109375 1594930
0.162109375 0.4912109375 0.9287109375 1594931
0.15771484375 0.49169921875 0.92626953125 1595031
0.15771484375 0.49169921875 0.92626953125 1595031
0.15771484375 0.49169921875 0.92626953125 1595032
0.15771484375 0.49169921875 0.92626953125 1595032
0.15771484375 0.49169921875 0.92626953125 1595034
0.15869140625 0.48046875 0.91796875 1595133
0.15869140625 0.48046875 0.91796875 1595133
0.15869140625 0.48046875 0.91796875 1595134
0.15869140625 0.48046875 0.91796875 1595135
0.15869140625 0.48046875 0.91796875 1595135
0.15771484375 0.48388671875 0.927734375 1595235
0.15771484375 0.48388671875 0.927734375 1595235
0.15771484375 0.48388671875 0.927734375 1595236
0.15771484375 0.48388671875 0.927734375 1595237
0.15771484375 0.48388671875 0.927734375 1595238
0.162109375 0.4892578125 0.927734375 1595322
0.16064453125 0.49560546875 0.9267578125 1595425
0.16064453125 0.49560546875 0.9267578125 1595426
0.16064453125 0.49560546875 0.9267578125 1595427
0.16064453125 0.49560546875 0.9267578125 1595428
0.16064453125 0.49560546875 0.9267578125 1595430
0.16162109375 0.49072265625 0.92041015625 1595528
0.16162109375 0.49072265625 0.92041015625 1595529
0.16162109375 0.49072265625 0.92041015625 1595530
0.16162109375 0.49072265625 0.92041015625 1595530
0.16162109375 0.49072265625 0.92041015625 1595531
0.162109375 0.49658203125 0.9296875 1595630
0.162109375 0.49658203125 0.9296875 1595631
0.162109375 0.49658203125 0.9296875 1595631
0.162109375 0.49658203125 0.9296875 1595632
0.162109375 0.49658203125 0.9296875 1595632
0.15771484375 0.49267578125 0.919921875 1595733
0.15771484375 0.49267578125 0.919921875 1595735
0.15771484375 0.49267578125 0.919921875 1595736
0.15771484375 0.49267578125 0.919921875 1595737
0.15771484375 0.49267578125 0.919921875 1595737
0.15673828125 0.49609375 0.9208984375 1595815
0.162109375 0.49951171875 0.927734375 1595930
0.162109375 0.49951171875 0.927734375 1595931
0.162109375 0.49951171875 0.927734375 1595931
0.162109375 0.49951171875 0.927734375 1595932
0.162109375 0.49951171875 0.927734375 1595932
0.15966796875 0.49951171875 0.9287109375 1596034
0.15966796875 0.49951171875 0.9287109375 1596035
0.15966796875 0.49951171875 0.9287109375 1596035
0.15966796875 0.49951171875 0.9287109375 1596035
0.15966796875 0.49951171875 0.9287109375 1596036
0.1708984375 0.51220703125 0.935546875 1596114
0.14208984375 0.55078125 0.9208984375 1596224
0.14208984375 0.55078125 0.9208984375 1596225
0.14208984375 0.55078125 0.9208984375 1596225
0.14208984375 0.55078125 0.9208984375 1596226
0.14208984375 0.55078125 0.9208984375 1596226
0.12890625 0.546875 0.8994140625 1596326
0.12890625 0.546875 0.8994140625 1596327
0.12890625 0.546875 0.8994140625 1596327
0.12890625 0.546875 0.8994140625 1596328
0.12890625 0.546875 0.8994140625 1596328
0.0986328125 0.48876953125 0.88232421875 1596429
0.0986328125 0.48876953125 0.88232421875 1596429
0.0986328125 0.48876953125 0.88232421875 1596430
0.0986328125 0.48876953125 0.88232421875 1596430
0.0986328125 0.48876953125 0.88232421875 1596431
0.0654296875 0.4658203125 0.892578125 1596534
0.0654296875 0.4658203125 0.892578125 1596535
0.0654296875 0.4658203125 0.892578125 1596535
0.0654296875 0.4658203125 0.892578125 1596535
0.0654296875 0.4658203125 0.892578125 1596536
-0.02783203125 0.52099609375 0.8603515625 1596616
-0.22216796875 0.583984375 0.74755859375 1596725
-0.22216796875 0.583984375 0.74755859375 1596725
-0.22216796875 0.583984375 0.74755859375 1596726
-0.22216796875 0.583984375 0.74755859375 1596726
-0.22216796875 0.583984375 0.74755859375 1596727
-0.3984375 0.615234375 0.57080078125 1596828
-0.3984375 0.615234375 0.57080078125 1596829
-0.3984375 0.615234375 0.57080078125 1596829
-0.3984375 0.615234375 0.57080078125 1596830
-0.3984375 0.615234375 0.57080078125 1596830
-0.529296875 0.61572265625 0.39453125 1596931
-0.529296875 0.61572265625 0.39453125 1596931
-0.529296875 0.61572265625 0.39453125 1596931
-0.529296875 0.61572265625 0.39453125 1596932
-0.529296875 0.61572265625 0.39453125 1596932
-0.5947265625 0.595703125 0.29052734375 1597033
-0.5947265625 0.595703125 0.29052734375 1597033
-0.5947265625 0.595703125 0.29052734375 1597034
-0.5947265625 0.595703125 0.29052734375 1597034
-0.5947265625 0.595703125 0.29052734375 1597034
-0.6123046875 0.57421875 0.197265625 1597111
-0.63671875 0.55908203125 0.11279296875 1597236
-0.63671875 0.55908203125 0.11279296875 1597237
-0.63671875 0.55908203125 0.11279296875 1597237
-0.63671875 0.55908203125 0.11279296875 1597238
-0.63671875 0.55908203125 0.11279296875 1597238
-0.66064453125 0.55126953125 0.056640625 1597323
-0.6787109375 0.56298828125 0.05810546875 1597425
-0.6787109375 0.56298828125 0.05810546875 1597425
-0.6787109375 0.56298828125 0.05810546875 1597426
-0.6787109375 0.56298828125 0.05810546875 1597426
-0.6787109375 0.56298828125 0.05810546875 1597427
-0.662109375 0.56982421875 0.11083984375 1597528
-0.662109375 0.56982421875 0.11083984375 1597528
-0.662109375 0.56982421875 0.11083984375 1597528
-0.662109375 0.56982421875 0.11083984375 1597529
-0.62353515625 0.55419921875 0.23876953125 1597632
-0.62353515625 0.55419921875 0.23876953125 1597633
-0.62353515625 0.55419921875 0.23876953125 1597633
-0.62353515625 0.55419921875 0.23876953125 1597634
-0.62353515625 0.55419921875 0.23876953125 1597634
-0.54296875 0.5908203125 0.38671875 1597710
-0.4521484375 0.56201171875 0.51953125 1597822
-0.4521484375 0.56201171875 0.51953125 1597822
-0.4521484375 0.56201171875 0.51953125 1597823
-0.4521484375 0.56201171875 0.51953125 1597823
-0.4521484375 0.56201171875 0.51953125 1597823
-0.373046875 0.56298828125 0.630859375 1597924
-0.373046875 0.56298828125 0.630859375 1597924
-0.373046875 0.56298828125 0.630859375 1597925
-0.373046875 0.56298828125 0.630859375 1597925
-0.373046875 0.56298828125 0.630859375 1597926
-0.2802734375 0.53759765625 0.744140625 1598027
-0.2802734375 0.53759765625 0.744140625 1598027
-0.2802734375 0.53759765625 0.744140625 1598028
-0.2802734375 0.53759765625 0.744140625 1598028
-0.2802734375 0.53759765625 0.744140625 1598028
-0.21240234375 0.50927734375 0.7919921875 1598129
-0.21240234375 0.50927734375 0.7919921875 1598129
-0.21240234375 0.50927734375 0.7919921875 1598129
-0.21240234375 0.50927734375 0.7919921875 1598130
-0.21240234375 0.50927734375 0.7919921875 1598130
-0.1787109375 0.51318359375 0.80712890625 1598231
-0.1787109375 0.51318359375 0.80712890625 1598232
-0.1787109375 0.51318359375 0.80712890625 1598232
-0.1787109375 0.51318359375 0.80712890625 1598233
-0.1787109375 0.51318359375 0.80712890625 1598233
-0.15576171875 0.521484375 0.802734375 1598311
-0.16259765625 0.548828125 0.80419921875 1598421
-0.16259765625 0.548828125 0.80419921875 1598422
-0.16259765625 0.548828125 0.80419921875 1598422
-0.16259765625 0.548828125 0.80419921875 1598422
-0.16259765625 0.548828125 0.80419921875 1598423
-0.15283203125 0.54345703125 0.7978515625 1598524
-0.15283203125 0.54345703125 0.7978515625 1598524
-0.15283203125 0.54345703125 0.7978515625 1598524
-0.15283203125 0.54345703125 0.7978515625 1598525
-0.15283203125 0.54345703125 0.7978515625 1598532
-0.15380859375 0.5244140625 0.82666015625 1598626
-0.15380859375 0.5244140625 0.82666015625 1598627
-0.15380859375 0.5244140625 0.82666015625 1598627
-0.15380859375 0.5244140625 0.82666015625 1598627
-0.15380859375 0.5244140625 0.82666015625 1598628
-0.130859375 0.52197265625 0.86669921875 1598729
-0.130859375 0.52197265625 0.86669921875 1598730
-0.130859375 0.52197265625 0.86669921875 1598730
-0.130859375 0.52197265625 0.86669921875 1598730
-0.130859375 0.52197265625 0.86669921875 1598731
-0.12451171875 0.494140625 0.87548828125 1598831
-0.12451171875 0.494140625 0.87548828125 1598832
-0.12451171875 0.494140625 0.87548828125 1598832
-0.12451171875 0.494140625 0.87548828125 1598833
-0.12451171875 0.494140625 0.87548828125 1598833
-0.11767578125 0.4697265625 0.931640625 1598910
-0.10498046875 0.4296875 0.9345703125 1599025
-0.10498046875 0.4296875 0.9345703125 1599026
-0.10498046875 0.4296875 0.9345703125 1599026
-0.10498046875 0.4296875 0.9345703125 1599027
-0.10498046875 0.4296875 0.9345703125 1599027
-0.15576171875 0.4013671875 0.86474609375 1599133
-0.15576171875 0.4013671875 0.86474609375 1599193
-0.15576171875 0.4013671875 0.86474609375 1599193
-0.15576171875 0.4013671875 0.86474609375 1599194
-0.15576171875 0.4013671875 0.86474609375 1599195
-0.15869140625 0.43310546875 0.76513671875 1599216
-0.26708984375 0.5322265625 0.6337890625 1599324
-0.26708984375 0.5322265625 0.6337890625 1599325
-0.26708984375 0.5322265625 0.6337890625 1599326
-0.26708984375 0.5322265625 0.6337890625 1599327
-0.26708984375 0.5322265625 0.6337890625 1599327
-0.3046875 0.63330078125 0.64404296875 1599426
-0.3046875 0.63330078125 0.64404296875 1599427
-0.3046875 0.63330078125 0.64404296875 1599427
-0.3046875 0.63330078125 0.64404296875 1599428
-0.3388671875 0.69677734375 0.533203125 1599530
-0.3388671875 0.69677734375 0.533203125 1599530
-0.3388671875 0.69677734375 0.533203125 1599531
-0.3388671875 0.69677734375 0.533203125 1599531
-0.3388671875 0.69677734375 0.533203125 1599532
-0.33984375 0.736328125 0.47998046875 1599619
-0.30615234375 0.7890625 0.541015625 1599726
-0.30615234375 0.7890625 0.541015625 1599726
-0.30615234375 0.7890625 0.541015625 1599727
-0.30615234375 0.7890625 0.541015625 1599727
-0.30615234375 0.7890625 0.541015625 1599727
-0.2626953125 0.791015625 0.4150390625 1599830
-0.2626953125 0.791015625 0.4150390625 1599830
-0.2626953125 0.791015625 0.4150390625 1599830
-0.2626953125 0.791015625 0.4150390625 1599831
-0.2626953125 0.791015625 0.4150390625 1599831
-0.14501953125 0.76171875 0.61572265625 1599934
-0.14501953125 0.76171875 0.61572265625 1599935
-0.14501953125 0.76171875 0.61572265625 1599935
-0.14501953125 0.76171875 0.61572265625 1599935
-0.14501953125 0.76171875 0.61572265625 1599936
-0.05224609375 0.7666015625 0.77490234375 1600010
0.04150390625 0.64208984375 0.81201171875 1600121
0.04150390625 0.64208984375 0.81201171875 1600121
0.04150390625 0.64208984375 0.81201171875 1600121
0.04150390625 0.64208984375 0.81201171875 1600122
0.04150390625 0.64208984375 0.81201171875 1600122
0.076171875 0.61474609375 0.84033203125 1600226
0.076171875 0.61474609375 0.84033203125 1600226
0.076171875 0.61474609375 0.84033203125 1600227
0.076171875 0.61474609375 0.84033203125 1600227
0.076171875 0.61474609375 0.84033203125 1600228
0.10595703125 0.5703125 0.85400390625 1600328
0.10595703125 0.5703125 0.85400390625 1600328
0.10595703125 0.5703125 0.85400390625 1600329
0.10595703125 0.5703125 0.85400390625 1600330
0.10595703125 0.5703125 0.85400390625 1600330
0.12060546875 0.564453125 0.89794921875 1600460
0.12060546875 0.564453125 0.89794921875 1600460
0.12060546875 0.564453125 0.89794921875 1600460
0.12060546875 0.564453125 0.89794921875 1600461
0.12060546875 0.564453125 0.89794921875 1600461
0.150390625 0.54248046875 0.91455078125 1600520
0.12109375 0.5234375 0.89501953125 1600622
0.12109375 0.5234375 0.89501953125 1600622
0.12109375 0.5234375 0.89501953125 1600623
0.12109375 0.5234375 0.89501953125 1600623
0.12109375 0.5234375 0.89501953125 1600623
0.12109375 0.529296875 0.90234375 1600724
0.12109375 0.529296875 0.90234375 1600724
0.12109375 0.529296875 0.90234375 1600725
0.12109375 0.529296875 0.90234375 1600725
0.12109375 0.529296875 0.90234375 1600726
0.1259765625 0.513671875 0.90673828125 1600827
0.1259765625 0.513671875 0.90673828125 1600828
0.1259765625 0.513671875 0.90673828125 1600830
0.1259765625 0.513671875 0.90673828125 1600830
0.1259765625 0.513671875 0.90673828125 1600831
0.1298828125 0.50927734375 0.91162109375 1600940
0.1298828125 0.50927734375 0.91162109375 1600940
0.1298828125 0.50927734375 0.91162109375 1600940
0.1298828125 0.50927734375 0.91162109375 1600941
0.1298828125 0.50927734375 0.91162109375 1600941
0.12158203125 0.50146484375 0.92333984375 1601024
0.1201171875 0.47607421875 0.923828125 1601122
0.1201171875 0.47607421875 0.923828125 1601123
0.1201171875 0.47607421875 0.923828125 1601123
0.1201171875 0.47607421875 0.923828125 1601123
0.1201171875 0.47607421875 0.923828125 1601124
0.11572265625 0.4365234375 0.90478515625 1601223
0.11572265625 0.4365234375 0.90478515625 1601223
0.11572265625 0.4365234375 0.90478515625 1601224
0.11572265625 0.4365234375 0.90478515625 1601224
0.11572265625 0.4365234375 0.90478515625 1601224
0.1337890625 0.43115234375 0.9375 1601325
0.1337890625 0.43115234375 0.9375 1601326
0.1337890625 0.43115234375 0.9375 1601327
0.1337890625 0.43115234375 0.9375 1601328
0.1337890625 0.43115234375 0.9375 1601328
0.13623046875 0.43408203125 0.95654296875 1601428
0.13623046875 0.43408203125 0.95654296875 1601428
0.13623046875 0.43408203125 0.95654296875 1601429
0.13623046875 0.43408203125 0.95654296875 1601429
0.13623046875 0.43408203125 0.95654296875 1601430
0.1279296875 0.431640625 0.93408203125 1601530
0.1279296875 0.431640625 0.93408203125 1601531
0.1279296875 0.431640625 0.93408203125 1601532
0.1279296875 0.431640625 0.93408203125 1601533
0.1279296875 0.431640625 0.93408203125 1601534
0.140625 0.4326171875 0.94189453125 1601617
0.14208984375 0.44482421875 0.9453125 1601721
0.14208984375 0.44482421875 0.9453125 1601721
0.14208984375 0.44482421875 0.9453125 1601722
0.14208984375 0.44482421875 0.9453125 1601722
0.14208984375 0.44482421875 0.9453125 1601722
0.14599609375 0.43994140625 0.94580078125 1601826
0.14599609375 0.43994140625 0.94580078125 1601827
0.14599609375 0.43994140625 0.94580078125 1601827
0.14599609375 0.43994140625 0.94580078125 1601828
0.14599609375 0.43994140625 0.94580078125 1601828
0.1455078125 0.44091796875 0.9404296875 1601929
0.1455078125 0.44091796875 0.9404296875 1601929
0.1455078125 0.44091796875 0.9404296875 1601930
0.1455078125 0.44091796875 0.9404296875 1601931
0.1455078125 0.44091796875 0.9404296875 1601931
0.14306640625 0.45556640625 0.9482421875 1602016
0.14697265625 0.4501953125 0.9375 1602123
0.14697265625 0.4501953125 0.9375 1602123
0.14697265625 0.4501953125 0.9375 1602123
0.14697265625 0.4501953125 0.9375 1602124
0.14697265625 0.4501953125 0.9375 1602124
0.13720703125 0.4599609375 0.9306640625 1602225
0.13720703125 0.4599609375 0.9306640625 1602226
0.13720703125 0.4599609375 0.9306640625 1602227
0.13720703125 0.4599609375 0.9306640625 1602227
0.13720703125 0.4599609375 0.9306640625 1602227
0.1494140625 0.46826171875 0.935546875 1602328
0.1494140625 0.46826171875 0.935546875 1602328
0.1494140625 0.46826171875 0.935546875 1602329
0.1494140625 0.46826171875 0.935546875 1602329
0.1494140625 0.46826171875 0.935546875 1602330
0.13916015625 0.46630859375 0.9287109375 1602418
0.14013671875 0.4755859375 0.93310546875 1602521
0.14013671875 0.4755859375 0.93310546875 1602521
0.14013671875 0.4755859375 0.93310546875 1602521
0.14013671875 0.4755859375 0.93310546875 1602522
0.14013671875 0.4755859375 0.93310546875 1602522
0.14453125 0.47900390625 0.939453125 1602623
0.14453125 0.47900390625 0.939453125 1602623
0.14453125 0.47900390625 0.939453125 1602623
0.14453125 0.47900390625 0.939453125 1602624
0.14453125 0.47900390625 0.939453125 1602624
0.1318359375 0.46533203125 0.916015625 1602725
0.1318359375 0.46533203125 0.916015625 1602725
0.1318359375 0.46533203125 0.916015625 1602725
0.1318359375 0.46533203125 0.916015625 1602726
0.1318359375 0.46533203125 0.916015625 1602726
0.14111328125 0.46630859375 0.92236328125 1602827
0.14111328125 0.46630859375 0.92236328125 1602827
0.14111328125 0.46630859375 0.92236328125 1602827
0.14111328125 0.46630859375 0.92236328125 1602828
0.14111328125 0.46630859375 0.92236328125 1602828
0.15234375 0.4775390625 0.9384765625 1602956
0.15234375 0.4775390625 0.9384765625 1602956
0.15234375 0.4775390625 0.9384765625 1602956
0.15234375 0.4775390625 0.9384765625 1602957
0.15234375 0.4775390625 0.9384765625 1602957
0.1484375 0.48681640625 0.939453125 1603018
0.14111328125 0.4765625 0.92041015625 1603120
0.14111328125 0.4765625 0.92041015625 1603120
0.14111328125 0.4765625 0.92041015625 1603120
0.14111328125 0.4765625 0.92041015625 1603121
0.14111328125 0.4765625 0.92041015625 1603121
0.146484375 0.478515625 0.92724609375 1603222
0.146484375 0.478515625 0.92724609375 1603222
0.146484375 0.478515625 0.92724609375 1603222
0.146484375 0.478515625 0.92724609375 1603223
0.146484375 0.478515625 0.92724609375 1603223
0.15185546875 0.47705078125 0.93310546875 1603326
0.15185546875 0.47705078125 0.93310546875 1603326
0.15185546875 0.47705078125 0.93310546875 1603327
0.15185546875 0.47705078125 0.93310546875 1603327
0.15185546875 0.47705078125 0.93310546875 1603327
0.13427734375 0.48046875 0.931640625 1603428
0.13427734375 0.48046875 0.931640625 1603428
0.13427734375 0.48046875 0.931640625 1603428
0.13427734375 0.48046875 0.931640625 1603429
0.13427734375 0.48046875 0.931640625 1603429
0.150390625 0.47216796875 0.92041015625 1603506
0.14453125 0.48193359375 0.9296875 1603632
0.14453125 0.48193359375 0.9296875 1603632
0.14453125 0.48193359375 0.9296875 1603633
0.14453125 0.48193359375 0.9296875 1603633
0.14453125 0.48193359375 0.9296875 1603633
0.14599609375 0.47509765625 0.9287109375 1603719
0.14453125 0.4755859375 0.92822265625 1603821
0.14453125 0.4755859375 0.92822265625 1603841
0.14453125 0.4755859375 0.92822265625 1603841
0.14453125 0.4755859375 0.92822265625 1603842
0.14453125 0.4755859375 0.92822265625 1603842
0.14208984375 0.482421875 0.939453125 1603925
0.14208984375 0.482421875 0.939453125 1603925
0.1552734375 0.4677734375 0.92919921875 1604027
0.1552734375 0.4677734375 0.92919921875 1604027
0.1552734375 0.4677734375 0.92919921875 1604027
0.1552734375 0.4677734375 0.92919921875 1604028
0.1552734375 0.4677734375 0.92919921875 1604028
0.146484375 0.4765625 0.92626953125 1604129
0.146484375 0.4765625 0.92626953125 1604129
0.146484375 0.4765625 0.92626953125 1604129
0.146484375 0.4765625 0.92626953125 1604130
0.146484375 0.4765625 0.92626953125 1604130
0.15087890625 0.47705078125 0.9345703125 1604212
0.140625 0.48046875 0.93603515625 1604319
0.140625 0.48046875 0.93603515625 1604319
0.140625 0.48046875 0.93603515625 1604320
0.140625 0.48046875 0.93603515625 1604320
0.140625 0.48046875 0.93603515625 1604321
0.14404296875 0.47607421875 0.92431640625 1604422
0.14404296875 0.47607421875 0.92431640625 1604422
0.14404296875 0.47607421875 0.92431640625 1604423
0.14404296875 0.47607421875 0.92431640625 1604423
0.14404296875 0.47607421875 0.92431640625 1604423
0.1396484375 0.47998046875 0.931640625 1604524
0.1396484375 0.47998046875 0.931640625 1604524
0.1396484375 0.47998046875 0.931640625 1604524
0.1396484375 0.47998046875 0.931640625 1604525
0.1396484375 0.47998046875 0.931640625 1604525
0.14501953125 0.47705078125 0.92919921875 1604626
0.14501953125 0.47705078125 0.92919921875 1604626
0.14501953125 0.47705078125 0.92919921875 1604627
0.14501953125 0.47705078125 0.92919921875 1604627
0.14501953125 0.47705078125 0.92919921875 1604627
0.15185546875 0.47314453125 0.9296875 1604706
0.14892578125 0.4755859375 0.92822265625 1604816
0.14892578125 0.4755859375 0.92822265625 1604816
0.14892578125 0.4755859375 0.92822265625 1604817
0.14892578125 0.4755859375 0.92822265625 1604818
0.14892578125 0.4755859375 0.92822265625 1604818
0.1435546875 0.4765625 0.93017578125 1604919
0.1435546875 0.4765625 0.93017578125 1604919
0.1435546875 0.4765625 0.93017578125 1604919
0.1435546875 0.4765625 0.93017578125 1604920
0.1435546875 0.4765625 0.93017578125 1604920
0.14794921875 0.4833984375 0.9326171875 1605026
0.14794921875 0.4833984375 0.9326171875 1605026
0.14794921875 0.4833984375 0.9326171875 1605026
0.14794921875 0.4833984375 0.9326171875 1605027
0.14794921875 0.4833984375 0.9326171875 1605027
0.1474609375 0.47998046875 0.9296875 1605128
0.1474609375 0.47998046875 0.9296875 1605128
0.1474609375 0.47998046875 0.9296875 1605129
0.1474609375 0.47998046875 0.9296875 1605129
0.1474609375 0.47998046875 0.9296875 1605129
0.1357421875 0.4765625 0.927734375 1605211
0.14501953125 0.4755859375 0.92626953125 1605318
0.14501953125 0.4755859375 0.92626953125 1605318
0.14501953125 0.4755859375 0.92626953125 1605318
0.14501953125 0.4755859375 0.92626953125 1605319
0.14501953125 0.4755859375 0.92626953125 1605319
0.14697265625 0.47900390625 0.9345703125 1605421
0.14697265625 0.47900390625 0.9345703125 1605421
0.14697265625 0.47900390625 0.9345703125 1605422
0.14697265625 0.47900390625 0.9345703125 1605422
0.14697265625 0.47900390625 0.9345703125 1605422
0.14453125 0.4677734375 0.92431640625 1605523
0.14453125 0.4677734375 0.92431640625 1605523
0.14453125 0.4677734375 0.92431640625 1605523
0.14453125 0.4677734375 0.92431640625 1605524
0.14453125 0.4677734375 0.92431640625 1605524
0.146484375 0.47119140625 0.93115234375 1605627
0.146484375 0.47119140625 0.93115234375 1605627
0.146484375 0.47119140625 0.93115234375 1605628
0.146484375 0.47119140625 0.93115234375 1605628
0.146484375 0.47119140625 0.93115234375 1605628
0.14111328125 0.4814453125 0.93212890625 1605705
0.14697265625 0.46923828125 0.9296875 1605816
0.14697265625 0.46923828125 0.9296875 1605816
0.14697265625 0.46923828125 0.9296875 1605816
0.14697265625 0.46923828125 0.9296875 1605817
0.14697265625 0.46923828125 0.9296875 1605817
0.15087890625 0.474609375 0.93115234375 1605937
0.15087890625 0.474609375 0.93115234375 1605937
0.15087890625 0.474609375 0.93115234375 1605938
0.15087890625 0.474609375 0.93115234375 1605938
0.15087890625 0.474609375 0.93115234375 1605938
0.14111328125 0.48291015625 0.9345703125 1606024
0.1474609375 0.47412109375 0.92822265625 1606127
0.1474609375 0.47412109375 0.92822265625 1606127
0.1474609375 0.47412109375 0.92822265625 1606128
0.1474609375 0.47412109375 0.92822265625 1606128
0.1474609375 0.47412109375 0.92822265625 1606128
0.14208984375 0.482421875 0.9306640625 1606205
0.14697265625 0.47802734375 0.92919921875 1606316
0.14697265625 0.47802734375 0.92919921875 1606316
0.14697265625 0.47802734375 0.92919921875 1606317
0.14697265625 0.47802734375 0.92919921875 1606317
0.14697265625 0.47802734375 0.92919921875 1606318
0.1513671875 0.4794921875 0.9384765625 1606419
0.1513671875 0.4794921875 0.9384765625 1606419
0.1513671875 0.4794921875 0.9384765625 1606420
0.1513671875 0.4794921875 0.9384765625 1606420
0.1513671875 0.4794921875 0.9384765625 1606421
0.14697265625 0.47412109375 0.9296875 1606522
0.14697265625 0.47412109375 0.9296875 1606522
0.14697265625 0.47412109375 0.9296875 1606523
0.14697265625 0.47412109375 0.9296875 1606523
0.138671875 0.48193359375 0.92919921875 1606625
0.138671875 0.48193359375 0.92919921875 1606625
0.138671875 0.48193359375 0.92919921875 1606626
0.138671875 0.48193359375 0.92919921875 1606626
0.138671875 0.48193359375 0.92919921875 1606626
0.1494140625 0.47412109375 0.9306640625 1606703
0.146484375 0.4736328125 0.923828125 1606830
0.146484375 0.4736328125 0.923828125 1606831
0.146484375 0.4736328125 0.923828125 1606831
0.146484375 0.4736328125 0.923828125 1606831
0.146484375 0.4736328125 0.923828125 1606832
0.14013671875 0.48095703125 0.93212890625 1606919
0.15673828125 0.46923828125 0.92919921875 1607021
0.15673828125 0.46923828125 0.92919921875 1607021
0.15673828125 0.46923828125 0.92919921875 1607021
0.15673828125 0.46923828125 0.92919921875 1607022
0.15673828125 0.46923828125 0.92919921875 1607022
0.14111328125 0.48583984375 0.9267578125 1607124
0.14111328125 0.48583984375 0.9267578125 1607124
0.14111328125 0.48583984375 0.9267578125 1607125
0.14111328125 0.48583984375 0.9267578125 1607125
0.14111328125 0.48583984375 0.9267578125 1607125
0.14501953125 0.4794921875 0.9287109375 1607227
0.14501953125 0.4794921875 0.9287109375 1607227
0.14501953125 0.4794921875 0.9287109375 1607227
0.14501953125 0.4794921875 0.9287109375 1607228
0.14501953125 0.4794921875 0.9287109375 1607228
0.1494140625 0.484375 0.94091796875 1607304
0.14501953125 0.47412109375 0.9287109375 1607415
0.14501953125 0.47412109375 0.9287109375 1607415
0.14501953125 0.47412109375 0.9287109375 1607415
0.14501953125 0.47412109375 0.9287109375 1607416
0.14501953125 0.47412109375 0.9287109375 1607416
0.13916015625 0.47509765625 0.921875 1607518
0.13916015625 0.47509765625 0.921875 1607518
0.13916015625 0.47509765625 0.921875 1607519
0.13916015625 0.47509765625 0.921875 1607527
0.13916015625 0.47509765625 0.921875 1607527
0.14501953125 0.47998046875 0.931640625 1607620
0.14501953125 0.47998046875 0.931640625 1607620
0.14501953125 0.47998046875 0.931640625 1607621
0.1552734375 0.4716796875 0.92822265625 1607724
0.1552734375 0.4716796875 0.92822265625 1607725
0.1552734375 0.4716796875 0.92822265625 1607726
0.1552734375 0.4716796875 0.92822265625 1607726
0.1552734375 0.4716796875 0.92822265625 1607727
0.13671875 0.478515625 0.92578125 1607858
0.13671875 0.478515625 0.92578125 1607858
0.13671875 0.478515625 0.92578125 1607859
0.13671875 0.478515625 0.92578125 1607859
0.13671875 0.478515625 0.92578125 1607860
0.14794921875 0.47265625 0.9306640625 1607922
0.15283203125 0.4775390625 0.935546875 1608009
0.15283203125 0.4775390625 0.935546875 1608021
0.15283203125 0.4775390625 0.935546875 1608021
0.15283203125 0.4775390625 0.935546875 1608021
0.15283203125 0.4775390625 0.935546875 1608022
0.14990234375 0.47509765625 0.92138671875 1608124
0.14990234375 0.47509765625 0.92138671875 1608124
0.14990234375 0.47509765625 0.92138671875 1608124
0.14990234375 0.47509765625 0.92138671875 1608125
0.14990234375 0.47509765625 0.92138671875 1608125
0.15380859375 0.48095703125 0.93994140625 1608206
0.14697265625 0.47802734375 0.9296875 1608318
0.14697265625 0.47802734375 0.9296875 1608319
0.14697265625 0.47802734375 0.9296875 1608319
0.14697265625 0.47802734375 0.9296875 1608320
0.14697265625 0.47802734375 0.9296875 1608320
0.14697265625 0.47412109375 0.9306640625 1608420
0.14697265625 0.47412109375 0.9306640625 1608420
0.14697265625 0.47412109375 0.9306640625 1608420
0.14697265625 0.47412109375 0.9306640625 1608421
0.14697265625 0.47412109375 0.9306640625 1608421
0.140625 0.47607421875 0.9306640625 1608523
0.140625 0.47607421875 0.9306640625 1608523
0.140625 0.47607421875 0.9306640625 1608523
0.140625 0.47607421875 0.9306640625 1608524
0.140625 0.47607421875 0.9306640625 1608524
0.1552734375 0.46728515625 0.927734375 1608625
0.1552734375 0.46728515625 0.927734375 1608625
0.1552734375 0.46728515625 0.927734375 1608625
0.1552734375 0.46728515625 0.927734375 1608634
0.1552734375 0.46728515625 0.927734375 1608634
0.14990234375 0.4814453125 0.93359375 1608703
0.1484375 0.47802734375 0.9375 1608815
0.1484375 0.47802734375 0.9375 1608815
0.1484375 0.47802734375 0.9375 1608815
0.1484375 0.47802734375 0.9375 1608816
0.1484375 0.47802734375 0.9375 1608816
0.140625 0.4794921875 0.92236328125 1608918
0.140625 0.4794921875 0.92236328125 1608919
0.140625 0.4794921875 0.92236328125 1608919
0.140625 0.4794921875 0.92236328125 1608919
0.140625 0.4794921875 0.92236328125 1608920
0.154296875 0.47998046875 0.92822265625 1609020
0.154296875 0.47998046875 0.92822265625 1609020
0.154296875 0.47998046875 0.92822265625 1609021
0.154296875 0.47998046875 0.92822265625 1609021
0.154296875 0.47998046875 0.92822265625 1609021
0.14990234375 0.48388671875 0.93017578125 1609122
0.14990234375 0.48388671875 0.93017578125 1609123
0.14990234375 0.48388671875 0.93017578125 1609123
0.14990234375 0.48388671875 0.93017578125 1609124
0.14990234375 0.48388671875 0.93017578125 1609124
0.14990234375 0.4951171875 0.93408203125 1609225
0.14990234375 0.4951171875 0.93408203125 1609225
0.14990234375 0.4951171875 0.93408203125 1609226
0.14990234375 0.4951171875 0.93408203125 1609226
0.14990234375 0.4951171875 0.93408203125 1609227
0.150390625 0.51025390625 0.92919921875 1609302
0.12890625 0.52490234375 0.92138671875 1609413
0.12890625 0.52490234375 0.92138671875 1609414
0.12890625 0.52490234375 0.92138671875 1609414
0.12890625 0.52490234375 0.92138671875 1609414
0.12890625 0.52490234375 0.92138671875 1609415
0.1240234375 0.4990234375 0.9052734375 1609515
0.1240234375 0.4990234375 0.9052734375 1609515
0.1240234375 0.4990234375 0.9052734375 1609516
0.1240234375 0.4990234375 0.9052734375 1609518
0.1240234375 0.4990234375 0.9052734375 1609519
0.09423828125 0.482421875 0.92041015625 1609617
0.09423828125 0.482421875 0.92041015625 1609618
0.09423828125 0.482421875 0.92041015625 1609618
0.09423828125 0.482421875 0.92041015625 1609619
0.09423828125 0.482421875 0.92041015625 1609619
0.03662109375 0.45361328125 0.88525390625 1609720
0.03662109375 0.45361328125 0.88525390625 1609721
0.03662109375 0.45361328125 0.88525390625 1609721
0.03662109375 0.45361328125 0.88525390625 1609722
0.03662109375 0.45361328125 0.88525390625 1609722
-0.05419921875 0.505859375 0.88037109375 1609822
-0.05419921875 0.505859375 0.88037109375 1609916
-0.05419921875 0.505859375 0.88037109375 1609916
-0.05419921875 0.505859375 0.88037109375 1609917
-0.05419921875 0.505859375 0.88037109375 1609918
-0.22998046875 0.60546875 0.73046875 1609928
-0.22998046875 0.60546875 0.73046875 1609929
-0.36474609375 0.609375 0.623046875 1610013
-0.48046875 0.62255859375 0.50927734375 1610116
-0.48046875 0.62255859375 0.50927734375 1610116
-0.48046875 0.62255859375 0.50927734375 1610117
-0.48046875 0.62255859375 0.50927734375 1610117
-0.48046875 0.62255859375 0.50927734375 1610118
-0.54638671875 0.59619140625 0.37744140625 1610218
-0.54638671875 0.59619140625 0.37744140625 1610218
-0.54638671875 0.59619140625 0.37744140625 1610219
-0.54638671875 0.59619140625 0.37744140625 1610219
-0.54638671875 0.59619140625 0.37744140625 1610219
-0.578125 0.58544921875 0.2744140625 1610322
-0.578125 0.58544921875 0.2744140625 1610322
-0.578125 0.58544921875 0.2744140625 1610323
-0.578125 0.58544921875 0.2744140625 1610323
-0.578125 0.58544921875 0.2744140625 1610323
-0.609375 0.57421875 0.19873046875 1610424
-0.609375 0.57421875 0.19873046875 1610424
-0.609375 0.57421875 0.19873046875 1610424
-0.609375 0.57421875 0.19873046875 1610425
-0.609375 0.57421875 0.19873046875 1610425
-0.6357421875 0.5869140625 0.17919921875 1610501
-0.64501953125 0.59375 0.169921875 1610617
-0.64501953125 0.59375 0.169921875 1610617
-0.64501953125 0.59375 0.169921875 1610618
-0.64501953125 0.59375 0.169921875 1610618
-0.64501953125 0.59375 0.169921875 1610619
-0.61962890625 0.56982421875 0.23583984375 1610716
-0.5859375 0.55322265625 0.3427734375 1610818
-0.5859375 0.55322265625 0.3427734375 1610818
-0.5859375 0.55322265625 0.3427734375 1610819
-0.5859375 0.55322265625 0.3427734375 1610819
-0.5859375 0.55322265625 0.3427734375 1610819
-0.52587890625 0.5693359375 0.509765625 1610920
-0.52587890625 0.5693359375 0.509765625 1610920
-0.52587890625 0.5693359375 0.509765625 1610920
-0.52587890625 0.5693359375 0.509765625 1610921
-0.52587890625 0.5693359375 0.509765625 1610921
-0.41748046875 0.5263671875 0.595703125 1611019
-0.34716796875 0.50537109375 0.68359375 1611122
-0.34716796875 0.50537109375 0.68359375 1611122
-0.34716796875 0.50537109375 0.68359375 1611122
-0.34716796875 0.50537109375 0.68359375 1611123
-0.34716796875 0.50537109375 0.68359375 1611123
-0.30517578125 0.48828125 0.716796875 1611201
-0.27734375 0.50244140625 0.7607421875 1611314
-0.27734375 0.50244140625 0.7607421875 1611314
-0.27734375 0.50244140625 0.7607421875 1611315
-0.27734375 0.50244140625 0.7607421875 1611315
-0.27734375 0.50244140625 0.7607421875 1611315
-0.26318359375 0.50390625 0.7763671875 1611401
-0.2548828125 0.50341796875 0.7822265625 1611512
-0.2548828125 0.50341796875 0.7822265625 1611512
-0.2548828125 0.50341796875 0.7822265625 1611513
-0.2548828125 0.50341796875 0.7822265625 1611513
-0.2548828125 0.50341796875 0.7822265625 1611513
-0.25 0.51708984375 0.7744140625 1611617
-0.25 0.51708984375 0.7744140625 1611618
-0.25 0.51708984375 0.7744140625 1611618
-0.25 0.51708984375 0.7744140625 1611618
-0.25 0.51708984375 0.7744140625 1611619
-0.26953125 0.51953125 0.7548828125 1611720
-0.26953125 0.51953125 0.7548828125 1611720
-0.26953125 0.51953125 0.7548828125 1611721
-0.26953125 0.51953125 0.7548828125 1611721
-0.26953125 0.51953125 0.7548828125 1611722
-0.26025390625 0.533203125 0.76513671875 1611822
-0.26025390625 0.533203125 0.76513671875 1611823
-0.26025390625 0.533203125 0.76513671875 1611823
-0.26025390625 0.533203125 0.76513671875 1611823
-0.26025390625 0.533203125 0.76513671875 1611824
-0.25146484375 0.5244140625 0.76220703125 1611902
-0.25830078125 0.5224609375 0.75927734375 1612014
-0.25830078125 0.5224609375 0.75927734375 1612014
-0.25830078125 0.5224609375 0.75927734375 1612015
-0.25830078125 0.5224609375 0.75927734375 1612015
-0.25830078125 0.5224609375 0.75927734375 1612015
-0.25 0.52197265625 0.7783203125 1612116
-0.25 0.52197265625 0.7783203125 1612117
-0.25 0.52197265625 0.7783203125 1612117
-0.25 0.52197265625 0.7783203125 1612117
-0.25 0.52197265625 0.7783203125 1612118
-0.25146484375 0.51123046875 0.79541015625 1612219
-0.25146484375 0.51123046875 0.79541015625 1612219
-0.25146484375 0.51123046875 0.79541015625 1612219
-0.25146484375 0.51123046875 0.79541015625 1612220
-0.25146484375 0.51123046875 0.79541015625 1612220
-0.2314453125 0.501953125 0.806640625 1612321
-0.2314453125 0.501953125 0.806640625 1612322
-0.2314453125 0.501953125 0.806640625 1612322
-0.2314453125 0.501953125 0.806640625 1612322
-0.2314453125 0.501953125 0.806640625 1612323
-0.2412109375 0.48193359375 0.83251953125 1612404
-0.23974609375 0.46630859375 0.78076171875 1612515
-0.23974609375 0.46630859375 0.78076171875 1612516
-0.23974609375 0.46630859375 0.78076171875 1612516
-0.23974609375 0.46630859375 0.78076171875 1612517
-0.23974609375 0.46630859375 0.78076171875 1612517
-0.26123046875 0.47900390625 0.7265625 1612618
-0.26123046875 0.47900390625 0.7265625 1612620
-0.26123046875 0.47900390625 0.7265625 1612621
-0.26123046875 0.47900390625 0.7265625 1612622
-0.26123046875 0.47900390625 0.7265625 1612622
-0.28125 0.5537109375 0.66455078125 1612721
-0.28125 0.5537109375 0.66455078125 1612721
-0.28125 0.5537109375 0.66455078125 1612722
-0.28125 0.5537109375 0.66455078125 1612722
-0.28125 0.5537109375 0.66455078125 1612722
-0.3388671875 0.62646484375 0.56982421875 1612803
-0.32763671875 0.70068359375 0.5556640625 1612914
-0.32763671875 0.70068359375 0.5556640625 1612914
-0.32763671875 0.70068359375 0.5556640625 1612915
-0.32763671875 0.70068359375 0.5556640625 1612915
-0.32763671875 0.70068359375 0.5556640625 1612915
-0.2978515625 0.76513671875 0.60302734375 1613017
-0.2978515625 0.76513671875 0.60302734375 1613018
-0.2978515625 0.76513671875 0.60302734375 1613018
-0.2978515625 0.76513671875 0.60302734375 1613018
-0.2978515625 0.76513671875 0.60302734375 1613019
-0.29296875 0.75390625 0.57861328125 1613124
-0.29296875 0.75390625 0.57861328125 1613125
-0.29296875 0.75390625 0.57861328125 1613125
-0.29296875 0.75390625 0.57861328125 1613126
-0.29296875 0.75390625 0.57861328125 1613126
-0.2001953125 0.77587890625 0.64794921875 1613296
-0.2001953125 0.77587890625 0.64794921875 1613296
-0.2001953125 0.77587890625 0.64794921875 1613296
-0.2001953125 0.77587890625 0.64794921875 1613297
-0.2001953125 0.77587890625 0.64794921875 1613297
-0.1201171875 0.724609375 0.734375 1613308
-0.02001953125 0.6328125 0.79443359375 1613457
-0.02001953125 0.6328125 0.79443359375 1613457
-0.02001953125 0.6328125 0.79443359375 1613458
-0.02001953125 0.6328125 0.79443359375 1613458
-0.02001953125 0.6328125 0.79443359375 1613458
0.0458984375 0.595703125 0.84521484375 1613524
0.08984375 0.5517578125 0.88330078125 1613624
0.08984375 0.5517578125 0.88330078125 1613624
0.08984375 0.5517578125 0.88330078125 1613624
0.08984375 0.5517578125 0.88330078125 1613625
0.08984375 0.5517578125 0.88330078125 1613625
0.11669921875 0.53173828125 0.90185546875 1613702
0.1376953125 0.509765625 0.91552734375 1613814
0.1376953125 0.509765625 0.91552734375 1613814
0.1376953125 0.509765625 0.91552734375 1613814
0.1376953125 0.509765625 0.91552734375 1613815
0.1376953125 0.509765625 0.91552734375 1613815
0.15087890625 0.4873046875 0.900390625 1613917
0.15087890625 0.4873046875 0.900390625 1613917
0.15087890625 0.4873046875 0.900390625 1613917
0.15087890625 0.4873046875 0.900390625 1613918
0.15087890625 0.4873046875 0.900390625 1613918
0.16015625 0.498046875 0.9326171875 1614019
0.16015625 0.498046875 0.9326171875 1614019
0.16015625 0.498046875 0.9326171875 1614019
0.16015625 0.498046875 0.9326171875 1614020
0.16015625 0.498046875 0.9326171875 1614020
0.1640625 0.48876953125 0.92822265625 1614121
0.1640625 0.48876953125 0.92822265625 1614121
0.1640625 0.48876953125 0.92822265625 1614121
0.1640625 0.48876953125 0.92822265625 1614122
0.1640625 0.48876953125 0.92822265625 1614122
0.17333984375 0.49853515625 0.93896484375 1614199
0.1708984375 0.50439453125 0.9365234375 1614312
0.1708984375 0.50439453125 0.9365234375 1614312
0.1708984375 0.50439453125 0.9365234375 1614313
0.1708984375 0.50439453125 0.9365234375 1614313
0.1708984375 0.50439453125 0.9365234375 1614313
0.1640625 0.45849609375 0.9326171875 1614419
0.1640625 0.45849609375 0.9326171875 1614420
0.1640625 0.45849609375 0.9326171875 1614421
0.1640625 0.45849609375 0.9326171875 1614421
0.1640625 0.45849609375 0.9326171875 1614421
0.173828125 0.4453125 0.92431640625 1614516
0.166015625 0.43798828125 0.92236328125 1614601
0.166015625 0.43798828125 0.92236328125 1614601
0.166015625 0.43798828125 0.92236328125 1614602
0.166015625 0.43798828125 0.92236328125 1614602
0.166015625 0.43798828125 0.92236328125 1614602
0.1708984375 0.43701171875 0.94970703125 1614711
0.1708984375 0.43701171875 0.94970703125 1614720
0.1708984375 0.43701171875 0.94970703125 1614721
0.1708984375 0.43701171875 0.94970703125 1614721
0.1708984375 0.43701171875 0.94970703125 1614721
0.1748046875 0.4345703125 0.9482421875 1614813
0.1748046875 0.4345703125 0.9482421875 1614814
0.17724609375 0.42431640625 0.94287109375 1614916
0.17724609375 0.42431640625 0.94287109375 1614916
0.17724609375 0.42431640625 0.94287109375 1614917
0.17724609375 0.42431640625 0.94287109375 1614917
0.17724609375 0.42431640625 0.94287109375 1614917
0.17431640625 0.4365234375 0.94287109375 1615019
0.17431640625 0.4365234375 0.94287109375 1615019
0.17431640625 0.4365234375 0.94287109375 1615020
0.17431640625 0.4365234375 0.94287109375 1615020
0.17431640625 0.4365234375 0.94287109375 1615020
0.17041015625 0.43603515625 0.94970703125 1615098
0.1748046875 0.42724609375 0.94482421875 1615208
0.1748046875 0.42724609375 0.94482421875 1615209
0.1748046875 0.42724609375 0.94482421875 1615209
0.1748046875 0.42724609375 0.94482421875 1615209
0.1748046875 0.42724609375 0.94482421875 1615210
0.1796875 0.44580078125 0.95703125 1615311
0.1796875 0.44580078125 0.95703125 1615311
0.1796875 0.44580078125 0.95703125 1615312
0.1796875 0.44580078125 0.95703125 1615312
0.1796875 0.44580078125 0.95703125 1615312
0.177734375 0.4443359375 0.94970703125 1615414
0.177734375 0.4443359375 0.94970703125 1615414
0.177734375 0.4443359375 0.94970703125 1615415
0.177734375 0.4443359375 0.94970703125 1615415
0.177734375 0.4443359375 0.94970703125 1615416
0.1806640625 0.43505859375 0.93603515625 1615517
0.1806640625 0.43505859375 0.93603515625 1615518
0.1806640625 0.43505859375 0.93603515625 1615518
0.1806640625 0.43505859375 0.93603515625 1615519
0.1806640625 0.43505859375 0.93603515625 1615519
0.1669921875 0.45751953125 0.9482421875 1615619
0.1669921875 0.45751953125 0.9482421875 1615620
0.1669921875 0.45751953125 0.9482421875 1615620
0.1669921875 0.45751953125 0.9482421875 1615621
0.1669921875 0.45751953125 0.9482421875 1615621
0.18505859375 0.44873046875 0.94287109375 1615713
0.1826171875 0.45556640625 0.947265625 1615809
0.1826171875 0.45556640625 0.947265625 1615809
0.1826171875 0.45556640625 0.947265625 1615809
0.1826171875 0.45556640625 0.947265625 1615810
0.1826171875 0.45556640625 0.947265625 1615810
0.1728515625 0.4541015625 0.9453125 1615912
0.1728515625 0.4541015625 0.9453125 1615912
0.1728515625 0.4541015625 0.9453125 1615913
0.1728515625 0.4541015625 0.9453125 1615913
0.1728515625 0.4541015625 0.9453125 1615914
0.17578125 0.4619140625 0.93798828125 1616010
0.17578125 0.45849609375 0.9345703125 1616112
0.17578125 0.45849609375 0.9345703125 1616113
0.17578125 0.45849609375 0.9345703125 1616113
0.17578125 0.45849609375 0.9345703125 1616114
0.17578125 0.45849609375 0.9345703125 1616114
0.173828125 0.462890625 0.94091796875 1616216
0.173828125 0.462890625 0.94091796875 1616217
0.173828125 0.462890625 0.94091796875 1616218
0.173828125 0.462890625 0.94091796875 1616218
0.173828125 0.462890625 0.94091796875 1616219
0.173828125 0.4609375 0.93994140625 1616317
0.173828125 0.4609375 0.93994140625 1616318
0.173828125 0.4609375 0.93994140625 1616318
0.173828125 0.4609375 0.93994140625 1616319
0.173828125 0.4609375 0.93994140625 1616319
0.1669921875 0.46533203125 0.93359375 1616433
0.1669921875 0.46533203125 0.93359375 1616434
0.1669921875 0.46533203125 0.93359375 1616434
0.1669921875 0.46533203125 0.93359375 1616435
0.1669921875 0.46533203125 0.93359375 1616435
0.17236328125 0.46630859375 0.9345703125 1616520
0.1708984375 0.47314453125 0.94580078125 1616599
0.1708984375 0.47314453125 0.94580078125 1616599
0.1708984375 0.47314453125 0.94580078125 1616600
0.1708984375 0.47314453125 0.94580078125 1616600
0.1708984375 0.47314453125 0.94580078125 1616600
0.1796875 0.4619140625 0.93115234375 1616710
0.1796875 0.4619140625 0.93115234375 1616710
0.1796875 0.4619140625 0.93115234375 1616710
0.1796875 0.4619140625 0.93115234375 1616711
0.1796875 0.4619140625 0.93115234375 1616711
0.1728515625 0.47119140625 0.9365234375 1616814
0.1728515625 0.47119140625 0.9365234375 1616814
0.1728515625 0.47119140625 0.9365234375 1616814
0.1728515625 0.47119140625 0.9365234375 1616815
0.17138671875 0.47412109375 0.9375 1616918
0.17138671875 0.47412109375 0.9375 1616919
0.17138671875 0.47412109375 0.9375 1616919
0.17138671875 0.47412109375 0.9375 1616920
0.17138671875 0.47412109375 0.9375 1616920
0.17236328125 0.4677734375 0.9345703125 1617041
0.17236328125 0.4677734375 0.9345703125 1617041
0.17236328125 0.4677734375 0.9345703125 1617041
0.17236328125 0.4677734375 0.9345703125 1617042
0.17236328125 0.4677734375 0.9345703125 1617042
0.1728515625 0.470703125 0.9326171875 1617114
0.18017578125 0.46728515625 0.94140625 1617203
0.18017578125 0.46728515625 0.94140625 1617215
0.18017578125 0.46728515625 0.94140625 1617215
0.18017578125 0.46728515625 0.94140625 1617215
0.18017578125 0.46728515625 0.94140625 1617216
0.16650390625 0.47607421875 0.939453125 1617317
0.16650390625 0.47607421875 0.939453125 1617317
0.16650390625 0.47607421875 0.939453125 1617318
0.16650390625 0.47607421875 0.939453125 1617318
0.16650390625 0.47607421875 0.939453125 1617319
0.17431640625 0.4609375 0.93603515625 1617407
0.16845703125 0.4609375 0.931640625 1617511
0.16845703125 0.4609375 0.931640625 1617511
0.16845703125 0.4609375 0.931640625 1617511
0.16845703125 0.4609375 0.931640625 1617512
0.16845703125 0.4609375 0.931640625 1617512
0.177734375 0.4580078125 0.93359375 1617614
0.177734375 0.4580078125 0.93359375 1617614
0.177734375 0.4580078125 0.93359375 1617614
0.177734375 0.4580078125 0.93359375 1617615
0.177734375 0.4580078125 0.93359375 1617615
0.1689453125 0.46435546875 0.9384765625 1617716
0.1689453125 0.46435546875 0.9384765625 1617716
0.1689453125 0.46435546875 0.9384765625 1617717
0.1689453125 0.46435546875 0.9384765625 1617717
0.1689453125 0.46435546875 0.9384765625 1617717
0.181640625 0.45947265625 0.93115234375 1617800
0.18115234375 0.46435546875 0.9462890625 1617908
0.18115234375 0.46435546875 0.9462890625 1617908
0.18115234375 0.46435546875 0.9462890625 1617908
0.18115234375 0.46435546875 0.9462890625 1617909
0.18115234375 0.46435546875 0.9462890625 1617909
0.177734375 0.46337890625 0.94384765625 1618010
0.177734375 0.46337890625 0.94384765625 1618010
0.177734375 0.46337890625 0.94384765625 1618010
0.177734375 0.46337890625 0.94384765625 1618011
0.177734375 0.46337890625 0.94384765625 1618011
0.18115234375 0.45068359375 0.9296875 1618113
0.18115234375 0.45068359375 0.9296875 1618114
0.18115234375 0.45068359375 0.9296875 1618114
0.18115234375 0.45068359375 0.9296875 1618115
0.18115234375 0.45068359375 0.9296875 1618115
0.1640625 0.4716796875 0.947265625 1618215
0.1640625 0.4716796875 0.947265625 1618215
0.1640625 0.4716796875 0.947265625 1618216
0.1640625 0.4716796875 0.947265625 1618216
0.1640625 0.4716796875 0.947265625 1618216
0.18310546875 0.4580078125 0.93359375 1618320
0.18310546875 0.4580078125 0.93359375 1618320
0.18310546875 0.4580078125 0.93359375 1618321
0.18310546875 0.4580078125 0.93359375 1618321
0.18310546875 0.4580078125 0.93359375 1618321
0.17236328125 0.4658203125 0.93408203125 1618399
0.16943359375 0.46875 0.93359375 1618509
0.16943359375 0.46875 0.93359375 1618510
0.16943359375 0.46875 0.93359375 1618510
0.16943359375 0.46875 0.93359375 1618510
0.16943359375 0.46875 0.93359375 1618511
0.18505859375 0.46044921875 0.94091796875 1618611
0.18505859375 0.46044921875 0.94091796875 1618611
0.18505859375 0.46044921875 0.94091796875 1618612
0.18505859375 0.46044921875 0.94091796875 1618612
0.18505859375 0.46044921875 0.94091796875 1618613
0.1796875 0.46337890625 0.93798828125 1618714
0.1796875 0.46337890625 0.93798828125 1618714
0.1796875 0.46337890625 0.93798828125 1618715
0.1796875 0.46337890625 0.93798828125 1618715
0.1796875 0.46337890625 0.93798828125 1618715
0.17041015625 0.4677734375 0.93994140625 1618816
0.17041015625 0.4677734375 0.93994140625 1618835
0.17041015625 0.4677734375 0.93994140625 1618835
0.17041015625 0.4677734375 0.93994140625 1618836
0.17041015625 0.4677734375 0.93994140625 1618836
0.17431640625 0.46484375 0.93701171875 1618919
0.17431640625 0.46484375 0.93701171875 1618919
0.1748046875 0.4638671875 0.93994140625 1618996
0.1748046875 0.4638671875 0.93994140625 1618996
0.1748046875 0.4638671875 0.93994140625 1618996
0.1748046875 0.4638671875 0.93994140625 1618997
0.181640625 0.4560546875 0.92919921875 1619107
0.181640625 0.4560546875 0.92919921875 1619108
0.181640625 0.4560546875 0.92919921875 1619108
0.181640625 0.4560546875 0.92919921875 1619109
0.181640625 0.4560546875 0.92919921875 1619109
0.173828125 0.4677734375 0.943359375 1619209
0.173828125 0.4677734375 0.943359375 1619209
0.173828125 0.4677734375 0.943359375 1619210
0.173828125 0.4677734375 0.943359375 1619210
0.173828125 0.4677734375 0.943359375 1619210
0.17626953125 0.46826171875 0.93994140625 1619311
0.17626953125 0.46826171875 0.93994140625 1619311
0.17626953125 0.46826171875 0.93994140625 1619312
0.17626953125 0.46826171875 0.93994140625 1619312
0.17626953125 0.46826171875 0.93994140625 1619313
0.18115234375 0.4619140625 0.93994140625 1619414
0.18115234375 0.4619140625 0.93994140625 1619415
0.18115234375 0.4619140625 0.93994140625 1619416
0.18115234375 0.4619140625 0.93994140625 1619416
0.18115234375 0.4619140625 0.93994140625 1619416
0.17578125 0.4599609375 0.935546875 1619517
0.17578125 0.4599609375 0.935546875 1619517
0.17578125 0.4599609375 0.935546875 1619518
0.17578125 0.4599609375 0.935546875 1619519
0.17578125 0.4599609375 0.935546875 1619519
0.17138671875 0.462890625 0.93701171875 1619598
0.173828125 0.4658203125 0.94091796875 1619711
0.173828125 0.4658203125 0.94091796875 1619711
0.173828125 0.4658203125 0.94091796875 1619711
0.173828125 0.4658203125 0.94091796875 1619712
0.173828125 0.4658203125 0.94091796875 1619712
0.173828125 0.4599609375 0.9296875 1619814
0.173828125 0.4599609375 0.9296875 1619814
0.173828125 0.4599609375 0.9296875 1619814
0.173828125 0.4599609375 0.9296875 1619815
0.173828125 0.4599609375 0.9296875 1619815
0.1689453125 0.466796875 0.93408203125 1619917
0.1689453125 0.466796875 0.93408203125 1619917
0.1689453125 0.466796875 0.93408203125 1619918
0.1689453125 0.466796875 0.93408203125 1619918
0.1689453125 0.466796875 0.93408203125 1619919
0.185546875 0.46484375 0.9443359375 1620005
0.16748046875 0.46826171875 0.93701171875 1620110
0.16748046875 0.46826171875 0.93701171875 1620110
0.16748046875 0.46826171875 0.93701171875 1620111
0.16748046875 0.46826171875 0.93701171875 1620119
0.16748046875 0.46826171875 0.93701171875 1620119
0.171875 0.46630859375 0.939453125 1620212
0.171875 0.46630859375 0.939453125 1620212
0.171875 0.46630859375 0.939453125 1620213
0.171875 0.46630859375 0.939453125 1620213
0.1806640625 0.46142578125 0.93359375 1620315
0.1806640625 0.46142578125 0.93359375 1620315
0.1806640625 0.46142578125 0.93359375 1620316
0.1806640625 0.46142578125 0.93359375 1620316
0.1806640625 0.46142578125 0.93359375 1620317
0.173828125 0.4619140625 0.92236328125 1620418
0.173828125 0.4619140625 0.92236328125 1620418
0.173828125 0.4619140625 0.92236328125 1620419
0.173828125 0.4619140625 0.92236328125 1620419
0.173828125 0.4619140625 0.92236328125 1620419
0.18212890625 0.4658203125 0.9423828125 1620495
0.17822265625 0.47021484375 0.93896484375 1620606
0.17822265625 0.47021484375 0.93896484375 1620606
0.17822265625 0.47021484375 0.93896484375 1620607
0.17822265625 0.47021484375 0.93896484375 1620607
0.17822265625 0.47021484375 0.93896484375 1620607
0.189453125 0.4580078125 0.93115234375 1620709
0.189453125 0.4580078125 0.93115234375 1620709
0.189453125 0.4580078125 0.93115234375 1620710
0.189453125 0.4580078125 0.93115234375 1620710
0.189453125 0.4580078125 0.93115234375 1620711
0.17431640625 0.466796875 0.939453125 1620812
0.17431640625 0.466796875 0.939453125 1620812
0.17431640625 0.466796875 0.939453125 1620813
0.17431640625 0.466796875 0.939453125 1620814
0.18115234375 0.46826171875 0.943359375 1620915
0.18115234375 0.46826171875 0.943359375 1620916
0.18115234375 0.46826171875 0.943359375 1620916
0.18115234375 0.46826171875 0.943359375 1620916
0.18115234375 0.46826171875 0.943359375 1620916
0.1796875 0.46044921875 0.93115234375 1620995
0.1728515625 0.4736328125 0.9375 1621107
0.1728515625 0.4736328125 0.9375 1621107
0.1728515625 0.4736328125 0.9375 1621108
0.1728515625 0.4736328125 0.9375 1621108
0.1728515625 0.4736328125 0.9375 1621109
0.169921875 0.47021484375 0.93212890625 1621210
0.169921875 0.47021484375 0.93212890625 1621210
0.169921875 0.47021484375 0.93212890625 1621211
0.169921875 0.47021484375 0.93212890625 1621211
0.169921875 0.47021484375 0.93212890625 1621212
0.193359375 0.458984375 0.93310546875 1621312
0.193359375 0.458984375 0.93310546875 1621313
0.193359375 0.458984375 0.93310546875 1621314
0.193359375 0.458984375 0.93310546875 1621314
0.193359375 0.458984375 0.93310546875 1621315
0.1826171875 0.4697265625 0.9462890625 1621415
0.1826171875 0.4697265625 0.9462890625 1621415
0.1826171875 0.4697265625 0.9462890625 1621415
0.1826171875 0.4697265625 0.9462890625 1621416
0.1826171875 0.4697265625 0.9462890625 1621416
0.18017578125 0.46923828125 0.9404296875 1621495
0.18310546875 0.4580078125 0.93212890625 1621605
0.18310546875 0.4580078125 0.93212890625 1621605
0.18310546875 0.4580078125 0.93212890625 1621606
0.18310546875 0.4580078125 0.93212890625 1621606
0.18310546875 0.4580078125 0.93212890625 1621606
0.1865234375 0.46044921875 0.93896484375 1621708
0.1865234375 0.46044921875 0.93896484375 1621709
0.1865234375 0.46044921875 0.93896484375 1621709
0.1865234375 0.46044921875 0.93896484375 1621710
0.1865234375 0.46044921875 0.93896484375 1621711
0.185546875 0.47216796875 0.9423828125 1621810
0.185546875 0.47216796875 0.9423828125 1621810
0.185546875 0.47216796875 0.9423828125 1621811
0.185546875 0.47216796875 0.9423828125 1621811
0.185546875 0.47216796875 0.9423828125 1621811
0.185546875 0.46923828125 0.939453125 1621912
0.185546875 0.46923828125 0.939453125 1621913
0.185546875 0.46923828125 0.939453125 1621913
0.185546875 0.46923828125 0.939453125 1621914
0.185546875 0.46923828125 0.939453125 1621914
0.18115234375 0.46875 0.9326171875 1622015
0.18115234375 0.46875 0.9326171875 1622016
0.18115234375 0.46875 0.9326171875 1622017
0.18115234375 0.46875 0.9326171875 1622018
0.18115234375 0.46875 0.9326171875 1622018
0.181640625 0.47021484375 0.93701171875 1622108
0.17578125 0.47216796875 0.927734375 1622213
0.17578125 0.47216796875 0.927734375 1622214
0.17578125 0.47216796875 0.927734375 1622214
0.17578125 0.47216796875 0.927734375 1622214
0.17578125 0.47216796875 0.927734375 1622215
0.18212890625 0.46484375 0.9296875 1622332
0.18212890625 0.46484375 0.9296875 1622333
0.18212890625 0.46484375 0.9296875 1622333
0.18212890625 0.46484375 0.9296875 1622334
0.18212890625 0.46484375 0.9296875 1622334
0.181640625 0.46337890625 0.92919921875 1622410
0.17919921875 0.47509765625 0.93310546875 1622512
0.17919921875 0.47509765625 0.93310546875 1622513
0.17919921875 0.47509765625 0.93310546875 1622514
0.17919921875 0.47509765625 0.93310546875 1622514
0.17919921875 0.47509765625 0.93310546875 1622515
0.18408203125 0.48876953125 0.9345703125 1622615
0.18408203125 0.48876953125 0.9345703125 1622615
0.18408203125 0.48876953125 0.9345703125 1622616
0.18408203125 0.48876953125 0.9345703125 1622617
0.18408203125 0.48876953125 0.9345703125 1622617
0.17529296875 0.5009765625 0.94384765625 1622693
0.1748046875 0.5009765625 0.93115234375 1622807
0.1748046875 0.5009765625 0.93115234375 1622807
0.1748046875 0.5009765625 0.93115234375 1622807
0.1748046875 0.5009765625 0.93115234375 1622808
0.1748046875 0.5009765625 0.93115234375 1622808
0.1572265625 0.47216796875 0.9150390625 1622908
0.1572265625 0.47216796875 0.9150390625 1622918
0.1572265625 0.47216796875 0.9150390625 1622918
0.1572265625 0.47216796875 0.9150390625 1622919
0.1572265625 0.47216796875 0.9150390625 1622919
0.130859375 0.474609375 0.8994140625 1623011
0.130859375 0.474609375 0.8994140625 1623011
0.08984375 0.46875 0.9111328125 1623113
0.08984375 0.46875 0.9111328125 1623114
0.08984375 0.46875 0.9111328125 1623114
0.08984375 0.46875 0.9111328125 1623114
0.08984375 0.46875 0.9111328125 1623116
0.03955078125 0.49169921875 0.90283203125 1623196
-0.07958984375 0.53271484375 0.81884765625 1623307
-0.07958984375 0.53271484375 0.81884765625 1623307
-0.07958984375 0.53271484375 0.81884765625 1623307
-0.07958984375 0.53271484375 0.81884765625 1623308
-0.07958984375 0.53271484375 0.81884765625 1623308
-0.21923828125 0.62158203125 0.7490234375 1623410
-0.21923828125 0.62158203125 0.7490234375 1623410
-0.21923828125 0.62158203125 0.7490234375 1623411
-0.21923828125 0.62158203125 0.7490234375 1623411
-0.326171875 0.6318359375 0.64453125 1623515
-0.326171875 0.6318359375 0.64453125 1623515
-0.326171875 0.6318359375 0.64453125 1623515
-0.326171875 0.6318359375 0.64453125 1623516
-0.326171875 0.6318359375 0.64453125 1623516
-0.4365234375 0.63671875 0.5205078125 1623596
-0.53173828125 0.61328125 0.39013671875 1623705
-0.53173828125 0.61328125 0.39013671875 1623705
-0.53173828125 0.61328125 0.39013671875 1623705
-0.53173828125 0.61328125 0.39013671875 1623707
-0.53173828125 0.61328125 0.39013671875 1623707
-0.5927734375 0.60546875 0.25 1623814
-0.5927734375 0.60546875 0.25 1623814
-0.5927734375 0.60546875 0.25 1623815
-0.5927734375 0.60546875 0.25 1623816
-0.5927734375 0.60546875 0.25 1623816
-0.6416015625 0.57080078125 0.12451171875 1623901
-0.65771484375 0.546875 0.041015625 1624004
-0.65771484375 0.546875 0.041015625 1624004
-0.65771484375 0.546875 0.041015625 1624004
-0.65771484375 0.546875 0.041015625 1624005
-0.65771484375 0.546875 0.041015625 1624005
-0.66162109375 0.52099609375 -0.03515625 1624114
-0.66162109375 0.52099609375 -0.03515625 1624114
-0.66162109375 0.52099609375 -0.03515625 1624114
-0.66162109375 0.52099609375 -0.03515625 1624115
-0.66162109375 0.52099609375 -0.03515625 1624115
-0.6728515625 0.51513671875 -0.060546875 1624200
-0.681640625 0.52978515625 0.009765625 1624303
-0.681640625 0.52978515625 0.009765625 1624304
-0.681640625 0.52978515625 0.009765625 1624304
-0.681640625 0.52978515625 0.009765625 1624305
-0.681640625 0.52978515625 0.009765625 1624305
-0.67431640625 0.5322265625 0.04931640625 1624404
-0.67431640625 0.5322265625 0.04931640625 1624404
-0.67431640625 0.5322265625 0.04931640625 1624405
-0.67431640625 0.5322265625 0.04931640625 1624405
-0.67431640625 0.5322265625 0.04931640625 1624405
-0.654296875 0.55517578125 0.1435546875 1624507
-0.654296875 0.55517578125 0.1435546875 1624507
-0.654296875 0.55517578125 0.1435546875 1624508
-0.654296875 0.55517578125 0.1435546875 1624508
-0.654296875 0.55517578125 0.1435546875 1624509
-0.6181640625 0.5546875 0.26171875 1624610
-0.6181640625 0.5546875 0.26171875 1624611
-0.6181640625 0.5546875 0.26171875 1624611
-0.6181640625 0.5546875 0.26171875 1624612
-0.6181640625 0.5546875 0.26171875 1624612
-0.55859375 0.5546875 0.37353515625 1624712
-0.55859375 0.5546875 0.37353515625 1624712
-0.55859375 0.5546875 0.37353515625 1624713
-0.55859375 0.5546875 0.37353515625 1624714
-0.55859375 0.5546875 0.37353515625 1624714
-0.5009765625 0.5556640625 0.45703125 1624796
-0.4345703125 0.55859375 0.54541015625 1624907
-0.4345703125 0.55859375 0.54541015625 1624907
-0.4345703125 0.55859375 0.54541015625 1624908
-0.4345703125 0.55859375 0.54541015625 1624908
-0.4345703125 0.55859375 0.54541015625 1624908
-0.40576171875 0.5517578125 0.5712890625 1625010
-0.40576171875 0.5517578125 0.5712890625 1625010
-0.40576171875 0.5517578125 0.5712890625 1625011
-0.40576171875 0.5517578125 0.5712890625 1625011
-0.40576171875 0.5517578125 0.5712890625 1625011
-0.42724609375 0.57666015625 0.5859375 1625112
-0.42724609375 0.57666015625 0.5859375 1625113
-0.42724609375 0.57666015625 0.5859375 1625113
-0.42724609375 0.57666015625 0.5859375 1625114
-0.42724609375 0.57666015625 0.5859375 1625115
-0.40673828125 0.560546875 0.59619140625 1625215
-0.40673828125 0.560546875 0.59619140625 1625215
-0.40673828125 0.560546875 0.59619140625 1625216
-0.40673828125 0.560546875 0.59619140625 1625216
-0.40673828125 0.560546875 0.59619140625 1625216
-0.388671875 0.591796875 0.6474609375 1625293
-0.36083984375 0.5791015625 0.71337890625 1625405
-0.36083984375 0.5791015625 0.71337890625 1625405
-0.36083984375 0.5791015625 0.71337890625 1625406
-0.36083984375 0.5791015625 0.71337890625 1625406
-0.36083984375 0.5791015625 0.71337890625 1625407
-0.314453125 0.51708984375 0.81689453125 1625509
-0.314453125 0.51708984375 0.81689453125 1625509
-0.314453125 0.51708984375 0.81689453125 1625510
-0.314453125 0.51708984375 0.81689453125 1625510
-0.2548828125 0.451171875 0.8427734375 1625612
-0.2548828125 0.451171875 0.8427734375 1625612
-0.2548828125 0.451171875 0.8427734375 1625613
-0.2548828125 0.451171875 0.8427734375 1625613
-0.2548828125 0.451171875 0.8427734375 1625613
-0.27099609375 0.4287109375 0.73486328125 1625691
-0.29296875 0.48046875 0.64404296875 1625802
-0.29296875 0.48046875 0.64404296875 1625803
-0.29296875 0.48046875 0.64404296875 1625803
-0.29296875 0.48046875 0.64404296875 1625803
-0.29296875 0.48046875 0.64404296875 1625804
-0.37158203125 0.58203125 0.5830078125 1625930
-0.37158203125 0.58203125 0.5830078125 1625930
-0.37158203125 0.58203125 0.5830078125 1625930
-0.37158203125 0.58203125 0.5830078125 1625931
-0.37158203125 0.58203125 0.5830078125 1625931
-0.365234375 0.61376953125 0.5185546875 1625996
-0.37158203125 0.68896484375 0.50244140625 1626103
-0.37158203125 0.68896484375 0.50244140625 1626104
-0.37158203125 0.68896484375 0.50244140625 1626104
-0.37158203125 0.68896484375 0.50244140625 1626104
-0.37158203125 0.68896484375 0.50244140625 1626105
-0.33935546875 0.74951171875 0.5458984375 1626210
-0.33935546875 0.74951171875 0.5458984375 1626210
-0.33935546875 0.74951171875 0.5458984375 1626210
-0.33935546875 0.74951171875 0.5458984375 1626211
-0.33935546875 0.74951171875 0.5458984375 1626211
-0.32568359375 0.75390625 0.55078125 1626312
-0.32568359375 0.75390625 0.55078125 1626312
-0.32568359375 0.75390625 0.55078125 1626313
-0.32568359375 0.75390625 0.55078125 1626314
-0.32568359375 0.75390625 0.55078125 1626314
-0.35400390625 0.82470703125 0.51953125 1626399
-0.18994140625 0.736328125 0.61865234375 1626508
-0.18994140625 0.736328125 0.61865234375 1626508
-0.18994140625 0.736328125 0.61865234375 1626508
-0.18994140625 0.736328125 0.61865234375 1626509
-0.18994140625 0.736328125 0.61865234375 1626509
-0.1396484375 0.74072265625 0.73486328125 1626613
-0.1396484375 0.74072265625 0.73486328125 1626613
-0.1396484375 0.74072265625 0.73486328125 1626614
-0.1396484375 0.74072265625 0.73486328125 1626615
-0.1396484375 0.74072265625 0.73486328125 1626615
0.0146484375 0.64013671875 0.80029296875 1626691
0.04443359375 0.607421875 0.83447265625 1626801
0.04443359375 0.607421875 0.83447265625 1626801
0.04443359375 0.607421875 0.83447265625 1626802
0.04443359375 0.607421875 0.83447265625 1626802
0.04443359375 0.607421875 0.83447265625 1626802
0.10986328125 0.55859375 0.8740234375 1626904
0.10986328125 0.55859375 0.8740234375 1626904
0.10986328125 0.55859375 0.8740234375 1626905
0.10986328125 0.55859375 0.8740234375 1626905
0.10986328125 0.55859375 0.8740234375 1626905
0.15283203125 0.52734375 0.91650390625 1627006
0.15283203125 0.52734375 0.91650390625 1627007
0.15283203125 0.52734375 0.91650390625 1627008
0.15283203125 0.52734375 0.91650390625 1627008
0.15283203125 0.52734375 0.91650390625 1627009
0.15576171875 0.52001953125 0.912109375 1627108
0.15576171875 0.52001953125 0.912109375 1627108
0.15576171875 0.52001953125 0.912109375 1627109
0.15576171875 0.52001953125 0.912109375 1627109
0.15576171875 0.52001953125 0.912109375 1627110
0.16455078125 0.4990234375 0.89111328125 1627211
0.16455078125 0.4990234375 0.89111328125 1627211
0.16455078125 0.4990234375 0.89111328125 1627212
0.16455078125 0.4990234375 0.89111328125 1627212
0.16455078125 0.4990234375 0.89111328125 1627213
0.16015625 0.5048828125 0.91845703125 1627309
0.169921875 0.50537109375 0.9287109375 1627398
0.169921875 0.50537109375 0.9287109375 1627398
0.169921875 0.50537109375 0.9287109375 1627399
0.169921875 0.50537109375 0.9287109375 1627399
0.169921875 0.50537109375 0.9287109375 1627399
0.17333984375 0.51171875 0.93603515625 1627501
0.17333984375 0.51171875 0.93603515625 1627502
0.17333984375 0.51171875 0.93603515625 1627502
0.17333984375 0.51171875 0.93603515625 1627502
0.17333984375 0.51171875 0.93603515625 1627503
0.169921875 0.50927734375 0.92138671875 1627604
0.169921875 0.50927734375 0.92138671875 1627605
0.169921875 0.50927734375 0.92138671875 1627605
0.169921875 0.50927734375 0.92138671875 1627605
0.169921875 0.50927734375 0.92138671875 1627606
0.1796875 0.4892578125 0.93017578125 1627706
0.1796875 0.4892578125 0.93017578125 1627706
0.1796875 0.4892578125 0.93017578125 1627707
0.1796875 0.4892578125 0.93017578125 1627707
0.1796875 0.4892578125 0.93017578125 1627708
0.173828125 0.45947265625 0.92724609375 1627809
0.173828125 0.45947265625 0.92724609375 1627810
0.173828125 0.45947265625 0.92724609375 1627811
0.173828125 0.45947265625 0.92724609375 1627811
0.173828125 0.45947265625 0.92724609375 1627812
0.18603515625 0.44921875 0.93701171875 1627911
0.18603515625 0.44921875 0.93701171875 1627911
0.18603515625 0.44921875 0.93701171875 1627911
0.18603515625 0.44921875 0.93701171875 1627912
0.18603515625 0.44921875 0.93701171875 1627912
0.1943359375 0.43896484375 0.94775390625 1627991
0.18115234375 0.45361328125 0.93896484375 1628102
0.18115234375 0.45361328125 0.93896484375 1628102
0.18115234375 0.45361328125 0.93896484375 1628103
0.18115234375 0.45361328125 0.93896484375 1628103
0.18115234375 0.45361328125 0.93896484375 1628103
0.18896484375 0.470703125 0.93310546875 1628204
0.18896484375 0.470703125 0.93310546875 1628205
0.18896484375 0.470703125 0.93310546875 1628205
0.18896484375 0.470703125 0.93310546875 1628206
0.18896484375 0.470703125 0.93310546875 1628206
0.17578125 0.509765625 0.9091796875 1628307
0.17578125 0.509765625 0.9091796875 1628308
0.17578125 0.509765625 0.9091796875 1628308
0.17578125 0.509765625 0.9091796875 1628309
0.17578125 0.509765625 0.9091796875 1628309
0.1650390625 0.5283203125 0.91162109375 1628409
0.1650390625 0.5283203125 0.91162109375 1628410
0.1650390625 0.5283203125 0.91162109375 1628411
0.1650390625 0.5283203125 0.91162109375 1628411
0.1650390625 0.5283203125 0.91162109375 1628412
0.18017578125 0.5185546875 0.923828125 1628512
0.18017578125 0.5185546875 0.923828125 1628513
0.18017578125 0.5185546875 0.923828125 1628513
0.18017578125 0.5185546875 0.923828125 1628514
0.18017578125 0.5185546875 0.923828125 1628514
0.1826171875 0.47900390625 0.9228515625 1628638
0.1826171875 0.47900390625 0.9228515625 1628638
0.1826171875 0.47900390625 0.9228515625 1628639
0.1826171875 0.47900390625 0.9228515625 1628639
0.1826171875 0.47900390625 0.9228515625 1628639
0.18017578125 0.44970703125 0.93017578125 1628703
0.20263671875 0.4365234375 0.9462890625 1628796
0.20263671875 0.4365234375 0.9462890625 1628807
0.20263671875 0.4365234375 0.9462890625 1628807
0.20263671875 0.4365234375 0.9462890625 1628808
0.20263671875 0.4365234375 0.9462890625 1628808
0.177734375 0.44921875 0.94482421875 1628909
0.177734375 0.44921875 0.94482421875 1628910
0.177734375 0.44921875 0.94482421875 1628911
0.177734375 0.44921875 0.94482421875 1628911
0.177734375 0.44921875 0.94482421875 1628912
0.1796875 0.45556640625 0.939453125 1629002
0.1669921875 0.4619140625 0.9345703125 1629103
0.1669921875 0.4619140625 0.9345703125 1629103
0.1669921875 0.4619140625 0.9345703125 1629103
0.1669921875 0.4619140625 0.9345703125 1629104
0.1669921875 0.4619140625 0.9345703125 1629104
0.18017578125 0.46875 0.92919921875 1629206
0.18017578125 0.46875 0.92919921875 1629206
0.18017578125 0.46875 0.92919921875 1629207
0.18017578125 0.46875 0.92919921875 1629207
0.18017578125 0.46875 0.92919921875 1629207
0.18017578125 0.48291015625 0.94970703125 1629310
0.18017578125 0.48291015625 0.94970703125 1629310
0.18017578125 0.48291015625 0.94970703125 1629310
0.18017578125 0.48291015625 0.94970703125 1629311
0.18017578125 0.48291015625 0.94970703125 1629311
0.1787109375 0.46484375 0.92626953125 1629399
0.16455078125 0.47265625 0.919921875 1629503
0.16455078125 0.47265625 0.919921875 1629503
0.16455078125 0.47265625 0.919921875 1629504
0.16455078125 0.47265625 0.919921875 1629504
0.16455078125 0.47265625 0.919921875 1629504
0.18408203125 0.482421875 0.93408203125 1629606
0.18408203125 0.482421875 0.93408203125 1629606
0.18408203125 0.482421875 0.93408203125 1629607
0.18408203125 0.482421875 0.93408203125 1629607
0.18408203125 0.482421875 0.93408203125 1629608
0.177734375 0.478515625 0.93017578125 1629709
0.177734375 0.478515625 0.93017578125 1629710
0.177734375 0.478515625 0.93017578125 1629710
0.177734375 0.478515625 0.93017578125 1629710
0.177734375 0.478515625 0.93017578125 1629711
0.1806640625 0.46923828125 0.92822265625 1629811
0.1806640625 0.46923828125 0.92822265625 1629811
0.1806640625 0.46923828125 0.92822265625 1629812
0.1806640625 0.46923828125 0.92822265625 1629813
0.1806640625 0.46923828125 0.92822265625 1629813
0.18115234375 0.478515625 0.93115234375 1629889
0.18115234375 0.4794921875 0.9453125 1630001
0.18115234375 0.4794921875 0.9453125 1630001
0.18115234375 0.4794921875 0.9453125 1630002
0.18115234375 0.4794921875 0.9453125 1630002
0.18115234375 0.4794921875 0.9453125 1630002
0.18017578125 0.4736328125 0.92529296875 1630104
0.18017578125 0.4736328125 0.92529296875 1630105
0.18017578125 0.4736328125 0.92529296875 1630105
0.18017578125 0.4736328125 0.92529296875 1630106
0.18017578125 0.4736328125 0.92529296875 1630106
0.16943359375 0.4814453125 0.93701171875 1630205
0.16943359375 0.4814453125 0.93701171875 1630206
0.16943359375 0.4814453125 0.93701171875 1630206
0.16943359375 0.4814453125 0.93701171875 1630206
0.16943359375 0.4814453125 0.93701171875 1630207
0.189453125 0.47119140625 0.92919921875 1630308
0.189453125 0.47119140625 0.92919921875 1630308
0.189453125 0.47119140625 0.92919921875 1630309
0.189453125 0.47119140625 0.92919921875 1630309
0.189453125 0.47119140625 0.92919921875 1630309
0.18994140625 0.46875 0.9345703125 1630411
0.18994140625 0.46875 0.9345703125 1630411
0.18994140625 0.46875 0.9345703125 1630412
0.18994140625 0.46875 0.9345703125 1630412
0.18994140625 0.46875 0.9345703125 1630413
0.17626953125 0.47509765625 0.92822265625 1630566
0.17626953125 0.47509765625 0.92822265625 1630566
0.17626953125 0.47509765625 0.92822265625 1630567
0.17626953125 0.47509765625 0.92822265625 1630567
0.17626953125 0.47509765625 0.92822265625 1630567
0.1806640625 0.470703125 0.92822265625 1630598
0.17529296875 0.47705078125 0.927734375 1630701
0.17529296875 0.47705078125 0.927734375 1630701
0.17529296875 0.47705078125 0.927734375 1630701
0.17529296875 0.47705078125 0.927734375 1630702
0.17529296875 0.47705078125 0.927734375 1630702
0.18212890625 0.47509765625 0.94091796875 1630805
0.18212890625 0.47509765625 0.94091796875 1630805
0.18212890625 0.47509765625 0.94091796875 1630805
0.18212890625 0.47509765625 0.94091796875 1630806
0.18359375 0.474609375 0.9375 1630908
0.18359375 0.474609375 0.9375 1630908
0.18359375 0.474609375 0.9375 1630908
0.18359375 0.474609375 0.9375 1630909
0.18359375 0.474609375 0.9375 1630909
0.1640625 0.4775390625 0.9267578125 1631004
0.18408203125 0.47265625 0.9306640625 1631090
0.18408203125 0.47265625 0.9306640625 1631090
0.18408203125 0.47265625 0.9306640625 1631091
0.18408203125 0.47265625 0.9306640625 1631091
0.18408203125 0.47265625 0.9306640625 1631091
0.1748046875 0.47705078125 0.93701171875 1631200
0.1748046875 0.47705078125 0.93701171875 1631200
0.1748046875 0.47705078125 0.93701171875 1631201
0.1748046875 0.47705078125 0.93701171875 1631201
0.1748046875 0.47705078125 0.93701171875 1631201
0.17919921875 0.4736328125 0.939453125 1631302
0.17919921875 0.4736328125 0.939453125 1631302
0.17919921875 0.4736328125 0.939453125 1631302
0.17919921875 0.4736328125 0.939453125 1631303
0.17919921875 0.4736328125 0.939453125 1631303
0.1796875 0.466796875 0.9296875 1631404
0.1796875 0.466796875 0.9296875 1631404
0.1796875 0.466796875 0.9296875 1631404
0.1796875 0.466796875 0.9296875 1631405
0.1796875 0.466796875 0.9296875 1631405
0.1708984375 0.46728515625 0.92626953125 1631507
0.1708984375 0.46728515625 0.92626953125 1631507
0.1708984375 0.46728515625 0.92626953125 1631507
0.1708984375 0.46728515625 0.92626953125 1631515
0.1708984375 0.46728515625 0.92626953125 1631516
0.18408203125 0.4716796875 0.9326171875 1631610
0.18408203125 0.4716796875 0.9326171875 1631610
0.18408203125 0.4716796875 0.9326171875 1631611
0.18408203125 0.4716796875 0.9326171875 1631611
0.1669921875 0.47412109375 0.931640625 1631687
0.1669921875 0.47412109375 0.931640625 1631687
0.171875 0.46337890625 0.9267578125 1631799
0.171875 0.46337890625 0.9267578125 1631800
0.171875 0.46337890625 0.9267578125 1631800
0.171875 0.46337890625 0.9267578125 1631801
0.171875 0.46337890625 0.9267578125 1631801
0.173828125 0.46826171875 0.9296875 1631905
0.173828125 0.46826171875 0.9296875 1631905
0.173828125 0.46826171875 0.9296875 1631906
0.173828125 0.46826171875 0.9296875 1631906
0.173828125 0.46826171875 0.9296875 1631907
0.17919921875 0.47265625 0.93359375 1632007
0.17919921875 0.47265625 0.93359375 1632007
0.17919921875 0.47265625 0.93359375 1632007
0.17919921875 0.47265625 0.93359375 1632009
0.17919921875 0.47265625 0.93359375 1632009
0.18017578125 0.47802734375 0.9384765625 1632110
0.18017578125 0.47802734375 0.9384765625 1632111
0.18017578125 0.47802734375 0.9384765625 1632112
0.18017578125 0.47802734375 0.9384765625 1632113
0.18017578125 0.47802734375 0.9384765625 1632113
0.1787109375 0.47412109375 0.931640625 1632212
0.1787109375 0.47412109375 0.931640625 1632212
0.1787109375 0.47412109375 0.931640625 1632213
0.1787109375 0.47412109375 0.931640625 1632258
0.1787109375 0.47412109375 0.931640625 1632259
0.173828125 0.48291015625 0.9365234375 1632289
0.18798828125 0.46923828125 0.92919921875 1632398
0.18798828125 0.46923828125 0.92919921875 1632398
0.18798828125 0.46923828125 0.92919921875 1632399
0.18798828125 0.46923828125 0.92919921875 1632399
0.18798828125 0.46923828125 0.92919921875 1632399
0.17724609375 0.47607421875 0.93359375 1632502
0.17724609375 0.47607421875 0.93359375 1632503
0.17724609375 0.47607421875 0.93359375 1632504
0.17724609375 0.47607421875 0.93359375 1632504
0.17724609375 0.47607421875 0.93359375 1632505
0.17431640625 0.4775390625 0.935546875 1632605
0.17431640625 0.4775390625 0.935546875 1632605
0.17431640625 0.4775390625 0.935546875 1632606
0.17431640625 0.4775390625 0.935546875 1632606
0.17431640625 0.4775390625 0.935546875 1632607
0.1796875 0.47021484375 0.9306640625 1632707
0.1796875 0.47021484375 0.9306640625 1632707
0.1796875 0.47021484375 0.9306640625 1632708
0.1796875 0.47021484375 0.9306640625 1632709
0.1796875 0.47021484375 0.9306640625 1632709
0.18505859375 0.46630859375 0.9267578125 1632789
0.17431640625 0.4794921875 0.93603515625 1632901
0.17431640625 0.4794921875 0.93603515625 1632901
0.17431640625 0.4794921875 0.93603515625 1632902
0.17431640625 0.4794921875 0.93603515625 1632902
0.17431640625 0.4794921875 0.93603515625 1632903
0.185546875 0.47314453125 0.93017578125 1633003
0.185546875 0.47314453125 0.93017578125 1633003
0.185546875 0.47314453125 0.93017578125 1633004
0.185546875 0.47314453125 0.93017578125 1633004
0.18310546875 0.4833984375 0.9345703125 1633107
0.18310546875 0.4833984375 0.9345703125 1633107
0.18310546875 0.4833984375 0.9345703125 1633107
0.18310546875 0.4833984375 0.9345703125 1633108
0.18310546875 0.4833984375 0.9345703125 1633108
0.1865234375 0.4716796875 0.92626953125 1633192
0.17578125 0.47802734375 0.92822265625 1633301
0.17578125 0.47802734375 0.92822265625 1633301
0.17578125 0.47802734375 0.92822265625 1633301
0.17578125 0.47802734375 0.92822265625 1633302
0.17578125 0.47802734375 0.92822265625 1633302
0.1826171875 0.47607421875 0.93115234375 1633404
0.1826171875 0.47607421875 0.93115234375 1633404
0.1826171875 0.47607421875 0.93115234375 1633405
0.1826171875 0.47607421875 0.93115234375 1633405
0.1826171875 0.47607421875 0.93115234375 1633405
0.18408203125 0.47412109375 0.92822265625 1633508
0.18408203125 0.47412109375 0.92822265625 1633508
0.18408203125 0.47412109375 0.92822265625 1633509
0.18408203125 0.47412109375 0.92822265625 1633509
0.18408203125 0.47412109375 0.92822265625 1633510
0.17529296875 0.47900390625 0.93212890625 1633589
0.18701171875 0.4638671875 0.9326171875 1633755
0.18701171875 0.4638671875 0.9326171875 1633755
0.18701171875 0.4638671875 0.9326171875 1633755
0.18701171875 0.4638671875 0.9326171875 1633756
0.18701171875 0.4638671875 0.9326171875 1633756
0.1767578125 0.474609375 0.939453125 1633799
0.18017578125 0.478515625 0.9306640625 1633916
0.18017578125 0.478515625 0.9306640625 1633916
0.18017578125 0.478515625 0.9306640625 1633917
0.18017578125 0.478515625 0.9306640625 1633917
0.18017578125 0.478515625 0.9306640625 1633917
0.18994140625 0.4697265625 0.93701171875 1633992
0.1796875 0.47216796875 0.92919921875 1634103
0.1796875 0.47216796875 0.92919921875 1634103
0.1796875 0.47216796875 0.92919921875 1634103
0.1796875 0.47216796875 0.92919921875 1634104
0.1796875 0.47216796875 0.92919921875 1634104
0.18359375 0.47314453125 0.93017578125 1634207
0.18359375 0.47314453125 0.93017578125 1634207
0.18359375 0.47314453125 0.93017578125 1634207
0.18359375 0.47314453125 0.93017578125 1634208
0.18359375 0.47314453125 0.93017578125 1634208
0.18359375 0.47021484375 0.93017578125 1634286
0.1875 0.47119140625 0.92822265625 1634400
0.1875 0.47119140625 0.92822265625 1634400
0.1875 0.47119140625 0.92822265625 1634401
0.1875 0.47119140625 0.92822265625 1634401
0.1875 0.47119140625 0.92822265625 1634401
0.18701171875 0.47900390625 0.9375 1634506
0.18701171875 0.47900390625 0.9375 1634506
0.18701171875 0.47900390625 0.9375 1634506
0.18701171875 0.47900390625 0.9375 1634507
0.18701171875 0.47900390625 0.9375 1634507
0.18505859375 0.47314453125 0.935546875 1634598
0.17919921875 0.48046875 0.93408203125 1634699
0.17919921875 0.48046875 0.93408203125 1634699
0.17919921875 0.48046875 0.93408203125 1634700
0.17919921875 0.48046875 0.93408203125 1634700
0.17919921875 0.48046875 0.93408203125 1634700
0.18603515625 0.47021484375 0.927734375 1634801
0.18603515625 0.47021484375 0.927734375 1634801
0.18603515625 0.47021484375 0.927734375 1634802
0.18603515625 0.47021484375 0.927734375 1634802
0.18603515625 0.47021484375 0.927734375 1634803
0.17822265625 0.4794921875 0.935546875 1634903
0.17822265625 0.4794921875 0.935546875 1634904
0.17822265625 0.4794921875 0.935546875 1634904
0.17822265625 0.4794921875 0.935546875 1634905
0.17822265625 0.4794921875 0.935546875 1634905
0.18408203125 0.470703125 0.923828125 1635006
0.18408203125 0.470703125 0.923828125 1635007
0.18408203125 0.470703125 0.923828125 1635007
0.18408203125 0.470703125 0.923828125 1635008
0.18408203125 0.470703125 0.923828125 1635008
0.1748046875 0.48046875 0.93212890625 1635093
0.18505859375 0.48095703125 0.9404296875 1635196
0.18505859375 0.48095703125 0.9404296875 1635196
0.18505859375 0.48095703125 0.9404296875 1635197
0.18505859375 0.48095703125 0.9404296875 1635197
0.18505859375 0.48095703125 0.9404296875 1635198
0.19091796875 0.4677734375 0.92919921875 1635298
0.19091796875 0.4677734375 0.92919921875 1635299
0.19091796875 0.4677734375 0.92919921875 1635300
0.19091796875 0.4677734375 0.92919921875 1635300
0.19091796875 0.4677734375 0.92919921875 1635301
0.1796875 0.47705078125 0.93212890625 1635401
0.1796875 0.47705078125 0.93212890625 1635401
0.1796875 0.47705078125 0.93212890625 1635402
0.1796875 0.47705078125 0.93212890625 1635402
0.1796875 0.47705078125 0.93212890625 1635403
0.18212890625 0.4775390625 0.92626953125 1635503
0.18212890625 0.4775390625 0.92626953125 1635504
0.18212890625 0.4775390625 0.92626953125 1635504
0.18212890625 0.4775390625 0.92626953125 1635505
0.18212890625 0.4775390625 0.92626953125 1635505
0.18310546875 0.47607421875 0.935546875 1635606
0.18310546875 0.47607421875 0.935546875 1635606
0.18310546875 0.47607421875 0.935546875 1635607
0.18310546875 0.47607421875 0.935546875 1635607
0.18310546875 0.47607421875 0.935546875 1635608
0.18896484375 0.474609375 0.93408203125 1635684
0.177734375 0.4794921875 0.92822265625 1635796
0.177734375 0.4794921875 0.92822265625 1635796
0.177734375 0.4794921875 0.92822265625 1635797
0.177734375 0.4794921875 0.92822265625 1635798
0.177734375 0.4794921875 0.92822265625 1635798
0.1923828125 0.478515625 0.93212890625 1635898
0.1923828125 0.478515625 0.93212890625 1635898
0.1923828125 0.478515625 0.93212890625 1635899
0.1923828125 0.478515625 0.93212890625 1635899
0.1923828125 0.478515625 0.93212890625 1635900
0.1904296875 0.4873046875 0.9345703125 1636027
0.1904296875 0.4873046875 0.9345703125 1636028
0.1904296875 0.4873046875 0.9345703125 1636028
0.1904296875 0.4873046875 0.9345703125 1636028
0.1904296875 0.4873046875 0.9345703125 1636029
0.17919921875 0.48388671875 0.92919921875 1636088
0.1875 0.4912109375 0.92529296875 1636195
0.1875 0.4912109375 0.92529296875 1636195
0.1875 0.4912109375 0.92529296875 1636196
0.1875 0.4912109375 0.92529296875 1636196
0.1875 0.4912109375 0.92529296875 1636197
0.18896484375 0.5263671875 0.94189453125 1636297
0.18896484375 0.5263671875 0.94189453125 1636298
0.18896484375 0.5263671875 0.94189453125 1636298
0.18896484375 0.5263671875 0.94189453125 1636299
0.18896484375 0.5263671875 0.94189453125 1636299
0.17431640625 0.50537109375 0.90625 1636399
0.17431640625 0.50537109375 0.90625 1636400
0.17431640625 0.50537109375 0.90625 1636401
0.17431640625 0.50537109375 0.90625 1636401
0.17431640625 0.50537109375 0.90625 1636402
0.15673828125 0.48974609375 0.91162109375 1636504
0.15673828125 0.48974609375 0.91162109375 1636504
0.15673828125 0.48974609375 0.91162109375 1636505
0.15673828125 0.48974609375 0.91162109375 1636505
0.15673828125 0.48974609375 0.91162109375 1636506
0.13525390625 0.47216796875 0.89990234375 1636587
0.1396484375 0.45703125 0.94140625 1636698
0.1396484375 0.45703125 0.94140625 1636698
0.1396484375 0.45703125 0.94140625 1636699
0.1396484375 0.45703125 0.94140625 1636699
0.1396484375 0.45703125 0.94140625 1636699
0.07666015625 0.47509765625 0.9189453125 1636801
0.07666015625 0.47509765625 0.9189453125 1636801
0.07666015625 0.47509765625 0.9189453125 1636801
0.07666015625 0.47509765625 0.9189453125 1636802
-0.10546875 0.57275390625 0.818359375 1637014
-0.10546875 0.57275390625 0.818359375 1637014
-0.10546875 0.57275390625 0.818359375 1637015
-0.10546875 0.57275390625 0.818359375 1637015
-0.10546875 0.57275390625 0.818359375 1637015
-0.27197265625 0.62060546875 0.68701171875 1637016
-0.3759765625 0.63037109375 0.57861328125 1637105
-0.48388671875 0.63330078125 0.47021484375 1637205
-0.48388671875 0.63330078125 0.47021484375 1637205
-0.48388671875 0.63330078125 0.47021484375 1637205
-0.48388671875 0.63330078125 0.47021484375 1637206
-0.48388671875 0.63330078125 0.47021484375 1637206
-0.54443359375 0.60693359375 0.36376953125 1637291
-0.60498046875 0.58154296875 0.2314453125 1637395
-0.60498046875 0.58154296875 0.2314453125 1637395
-0.60498046875 0.58154296875 0.2314453125 1637396
-0.60498046875 0.58154296875 0.2314453125 1637396
-0.60498046875 0.58154296875 0.2314453125 1637396
-0.6484375 0.55126953125 0.15185546875 1637497
-0.6484375 0.55126953125 0.15185546875 1637497
-0.6484375 0.55126953125 0.15185546875 1637498
-0.6484375 0.55126953125 0.15185546875 1637498
-0.6484375 0.55126953125 0.15185546875 1637498
-0.640625 0.53564453125 0.115234375 1637601
-0.640625 0.53564453125 0.115234375 1637602
-0.640625 0.53564453125 0.115234375 1637602
-0.640625 0.53564453125 0.115234375 1637603
-0.640625 0.53564453125 0.115234375 1637603
-0.65087890625 0.5390625 0.10107421875 1637705
-0.65087890625 0.5390625 0.10107421875 1637705
-0.65087890625 0.5390625 0.10107421875 1637706
-0.65087890625 0.5390625 0.10107421875 1637707
-0.65087890625 0.5390625 0.10107421875 1637708
-0.66552734375 0.54150390625 0.13330078125 1637791
-0.6484375 0.54296875 0.13232421875 1637903
-0.6484375 0.54296875 0.13232421875 1637903
-0.6484375 0.54296875 0.13232421875 1637904
-0.6484375 0.54296875 0.13232421875 1637904
-0.6484375 0.54296875 0.13232421875 1637904
-0.662109375 0.54443359375 0.140625 1637985
-0.626953125 0.5517578125 0.22216796875 1638097
-0.626953125 0.5517578125 0.22216796875 1638097
-0.626953125 0.5517578125 0.22216796875 1638098
-0.626953125 0.5517578125 0.22216796875 1638098
-0.626953125 0.5517578125 0.22216796875 1638098
-0.59814453125 0.55615234375 0.3232421875 1638200
-0.59814453125 0.55615234375 0.3232421875 1638200
-0.59814453125 0.55615234375 0.3232421875 1638201
-0.59814453125 0.55615234375 0.3232421875 1638201
-0.59814453125 0.55615234375 0.3232421875 1638202
-0.53955078125 0.55908203125 0.48193359375 1638305
-0.53955078125 0.55908203125 0.48193359375 1638305
-0.53955078125 0.55908203125 0.48193359375 1638306
-0.53955078125 0.55908203125 0.48193359375 1638307
-0.53955078125 0.55908203125 0.48193359375 1638307
-0.46533203125 0.53662109375 0.53125 1638386
-0.38037109375 0.5302734375 0.60302734375 1638496
-0.38037109375 0.5302734375 0.60302734375 1638497
-0.38037109375 0.5302734375 0.60302734375 1638497
-0.38037109375 0.5302734375 0.60302734375 1638498
-0.38037109375 0.5302734375 0.60302734375 1638498
-0.37353515625 0.537109375 0.62060546875 1638598
-0.37353515625 0.537109375 0.62060546875 1638598
-0.37353515625 0.537109375 0.62060546875 1638598
-0.37353515625 0.537109375 0.62060546875 1638599
-0.37353515625 0.537109375 0.62060546875 1638599
-0.39208984375 0.56591796875 0.64306640625 1638702
-0.39208984375 0.56591796875 0.64306640625 1638702
-0.39208984375 0.56591796875 0.64306640625 1638703
-0.39208984375 0.56591796875 0.64306640625 1638703
-0.39208984375 0.56591796875 0.64306640625 1638704
-0.3662109375 0.55126953125 0.66015625 1638804
-0.3662109375 0.55126953125 0.66015625 1638805
-0.3662109375 0.55126953125 0.66015625 1638805
-0.3662109375 0.55126953125 0.66015625 1638806
-0.3662109375 0.55126953125 0.66015625 1638806
-0.30517578125 0.552734375 0.72509765625 1638883
-0.21435546875 0.53076171875 0.8994140625 1638993
-0.21435546875 0.53076171875 0.8994140625 1638994
-0.21435546875 0.53076171875 0.8994140625 1638995
-0.21435546875 0.53076171875 0.8994140625 1638995
-0.21435546875 0.53076171875 0.8994140625 1638995
-0.12841796875 0.41064453125 0.95849609375 1639096
-0.12841796875 0.41064453125 0.95849609375 1639097
-0.12841796875 0.41064453125 0.95849609375 1639097
-0.12841796875 0.41064453125 0.95849609375 1639097
-0.12841796875 0.41064453125 0.95849609375 1639098
-0.17919921875 0.3828125 0.8564453125 1639198
-0.17919921875 0.3828125 0.8564453125 1639199
-0.17919921875 0.3828125 0.8564453125 1639200
-0.17919921875 0.3828125 0.8564453125 1639201
-0.17919921875 0.3828125 0.8564453125 1639202
-0.21728515625 0.40576171875 0.7080078125 1639301
-0.21728515625 0.40576171875 0.7080078125 1639301
-0.21728515625 0.40576171875 0.7080078125 1639302
-0.21728515625 0.40576171875 0.7080078125 1639302
-0.21728515625 0.40576171875 0.7080078125 1639303
-0.30126953125 0.5224609375 0.6357421875 1639403
-0.30126953125 0.5224609375 0.6357421875 1639404
-0.30126953125 0.5224609375 0.6357421875 1639404
-0.30126953125 0.5224609375 0.6357421875 1639405
-0.30126953125 0.5224609375 0.6357421875 1639406
-0.3271484375 0.62109375 0.607421875 1639484
-0.30419921875 0.69482421875 0.6083984375 1639595
-0.30419921875 0.69482421875 0.6083984375 1639596
-0.30419921875 0.69482421875 0.6083984375 1639597
-0.30419921875 0.69482421875 0.6083984375 1639597
-0.30419921875 0.69482421875 0.6083984375 1639598
-0.34033203125 0.71728515625 0.546875 1639697
-0.34033203125 0.71728515625 0.546875 1639698
-0.34033203125 0.71728515625 0.546875 1639698
-0.34033203125 0.71728515625 0.546875 1639699
-0.34033203125 0.71728515625 0.546875 1639699
-0.31396484375 0.7734375 0.58740234375 1639800
-0.31396484375 0.7734375 0.58740234375 1639801
-0.31396484375 0.7734375 0.58740234375 1639801
-0.31396484375 0.7734375 0.58740234375 1639802
-0.31396484375 0.7734375 0.58740234375 1639802
-0.2509765625 0.75537109375 0.60986328125 1639902
-0.2509765625 0.75537109375 0.60986328125 1639903
-0.2509765625 0.75537109375 0.60986328125 1639903
-0.2509765625 0.75537109375 0.60986328125 1639904
-0.2509765625 0.75537109375 0.60986328125 1639905
-0.16552734375 0.72607421875 0.62744140625 1640005
-0.16552734375 0.72607421875 0.62744140625 1640006
-0.16552734375 0.72607421875 0.62744140625 1640006
-0.16552734375 0.72607421875 0.62744140625 1640007
-0.16552734375 0.72607421875 0.62744140625 1640007
-0.12939453125 0.7373046875 0.724609375 1640082
-0.05224609375 0.6767578125 0.77783203125 1640194
-0.05224609375 0.6767578125 0.77783203125 1640194
-0.05224609375 0.6767578125 0.77783203125 1640194
-0.05224609375 0.6767578125 0.77783203125 1640195
-0.05224609375 0.6767578125 0.77783203125 1640195
0.06103515625 0.5869140625 0.84375 1640297
0.06103515625 0.5869140625 0.84375 1640297
0.06103515625 0.5869140625 0.84375 1640298
0.06103515625 0.5869140625 0.84375 1640298
0.06103515625 0.5869140625 0.84375 1640299
0.06494140625 0.58642578125 0.8740234375 1640400
0.06494140625 0.58642578125 0.8740234375 1640400
0.06494140625 0.58642578125 0.8740234375 1640401
0.06494140625 0.58642578125 0.8740234375 1640401
0.06494140625 0.58642578125 0.8740234375 1640401
0.11181640625 0.54052734375 0.88330078125 1640502
0.11181640625 0.54052734375 0.88330078125 1640502
0.11181640625 0.54052734375 0.88330078125 1640503
0.11181640625 0.54052734375 0.88330078125 1640503
0.11181640625 0.54052734375 0.88330078125 1640503
0.1259765625 0.52978515625 0.90673828125 1640584
0.14111328125 0.50830078125 0.89599609375 1640696
0.14111328125 0.50830078125 0.89599609375 1640696
0.14111328125 0.50830078125 0.89599609375 1640697
0.14111328125 0.50830078125 0.89599609375 1640697
0.14111328125 0.50830078125 0.89599609375 1640698
0.14404296875 0.51416015625 0.91748046875 1640800
0.14404296875 0.51416015625 0.91748046875 1640800
0.14404296875 0.51416015625 0.91748046875 1640801
0.14404296875 0.51416015625 0.91748046875 1640801
0.14404296875 0.51416015625 0.91748046875 1640801
0.146484375 0.5087890625 0.92333984375 1640902
0.146484375 0.5087890625 0.92333984375 1640902
0.146484375 0.5087890625 0.92333984375 1640903
0.146484375 0.5087890625 0.92333984375 1640903
0.146484375 0.5087890625 0.92333984375 1640903
0.154296875 0.490234375 0.90966796875 1641008
0.154296875 0.490234375 0.90966796875 1641008
0.154296875 0.490234375 0.90966796875 1641008
0.154296875 0.490234375 0.90966796875 1641009
0.154296875 0.490234375 0.90966796875 1641009
0.15966796875 0.48291015625 0.9130859375 1641085
0.14892578125 0.49267578125 0.92529296875 1641192
0.14892578125 0.49267578125 0.92529296875 1641192
0.14892578125 0.49267578125 0.92529296875 1641193
0.14892578125 0.49267578125 0.92529296875 1641193
0.14892578125 0.49267578125 0.92529296875 1641193
0.16064453125 0.486328125 0.927734375 1641295
0.16064453125 0.486328125 0.927734375 1641295
0.16064453125 0.486328125 0.927734375 1641296
0.16064453125 0.486328125 0.927734375 1641296
0.16064453125 0.486328125 0.927734375 1641297
0.1474609375 0.49072265625 0.91259765625 1641397
0.1474609375 0.49072265625 0.91259765625 1641397
0.1474609375 0.49072265625 0.91259765625 1641398
0.1474609375 0.49072265625 0.91259765625 1641398
0.1474609375 0.49072265625 0.91259765625 1641406
0.1494140625 0.4951171875 0.92041015625 1641481
0.14990234375 0.4990234375 0.91748046875 1641592
0.14990234375 0.4990234375 0.91748046875 1641593
0.14990234375 0.4990234375 0.91748046875 1641593
0.14990234375 0.4990234375 0.91748046875 1641594
0.14990234375 0.4990234375 0.91748046875 1641594
0.14599609375 0.509765625 0.91748046875 1641694
0.14599609375 0.509765625 0.91748046875 1641695
0.14599609375 0.509765625 0.91748046875 1641695
0.14599609375 0.509765625 0.91748046875 1641696
0.14599609375 0.509765625 0.91748046875 1641696
0.1435546875 0.5263671875 0.91552734375 1641797
0.1435546875 0.5263671875 0.91552734375 1641797
0.1435546875 0.5263671875 0.91552734375 1641798
0.1435546875 0.5263671875 0.91552734375 1641799
0.15966796875 0.53662109375 0.9267578125 1641900
0.15966796875 0.53662109375 0.9267578125 1641901
0.15966796875 0.53662109375 0.9267578125 1641901
0.15966796875 0.53662109375 0.9267578125 1641901
0.15966796875 0.53662109375 0.9267578125 1641902
0.15234375 0.52294921875 0.91357421875 1642003
0.15234375 0.52294921875 0.91357421875 1642008
0.15234375 0.52294921875 0.91357421875 1642009
0.15234375 0.52294921875 0.91357421875 1642010
0.15234375 0.52294921875 0.91357421875 1642010
0.13720703125 0.5068359375 0.9111328125 1642109
0.13720703125 0.5068359375 0.9111328125 1642110
0.13720703125 0.5068359375 0.9111328125 1642110
0.13720703125 0.5068359375 0.9111328125 1642110
0.13720703125 0.5068359375 0.9111328125 1642110
0.1240234375 0.46630859375 0.90625 1642189
0.15673828125 0.4423828125 0.93359375 1642292
0.15673828125 0.4423828125 0.93359375 1642292
0.15673828125 0.4423828125 0.93359375 1642293
0.15673828125 0.4423828125 0.93359375 1642293
0.15673828125 0.4423828125 0.93359375 1642294
0.15380859375 0.439453125 0.94091796875 1642394
0.15380859375 0.439453125 0.94091796875 1642395
0.15380859375 0.439453125 0.94091796875 1642396
0.15380859375 0.439453125 0.94091796875 1642396
0.15380859375 0.439453125 0.94091796875 1642397
0.138671875 0.45361328125 0.92919921875 1642497
0.138671875 0.45361328125 0.92919921875 1642498
0.138671875 0.45361328125 0.92919921875 1642498
0.138671875 0.45361328125 0.92919921875 1642499
0.13525390625 0.4697265625 0.931640625 1642585
0.13525390625 0.4697265625 0.931640625 1642586
0.150390625 0.46484375 0.93310546875 1642697
0.150390625 0.46484375 0.93310546875 1642697
0.150390625 0.46484375 0.93310546875 1642697
0.150390625 0.46484375 0.93310546875 1642698
0.150390625 0.46484375 0.93310546875 1642698
0.13916015625 0.47119140625 0.921875 1642799
0.13916015625 0.47119140625 0.921875 1642800
0.13916015625 0.47119140625 0.921875 1642800
0.13916015625 0.47119140625 0.921875 1642800
0.13916015625 0.47119140625 0.921875 1642801
0.146484375 0.4814453125 0.93994140625 1642902
0.146484375 0.4814453125 0.93994140625 1642902
0.146484375 0.4814453125 0.93994140625 1642903
0.146484375 0.4814453125 0.93994140625 1642903
0.146484375 0.4814453125 0.93994140625 1642903
0.16015625 0.4677734375 0.9287109375 1643005
0.16015625 0.4677734375 0.9287109375 1643005
0.16015625 0.4677734375 0.9287109375 1643005
0.16015625 0.4677734375 0.9287109375 1643006
0.16015625 0.4677734375 0.9287109375 1643006
0.15234375 0.4794921875 0.931640625 1643082
0.15185546875 0.47607421875 0.92626953125 1643192
0.15185546875 0.47607421875 0.92626953125 1643192
0.15185546875 0.47607421875 0.92626953125 1643192
0.15185546875 0.47607421875 0.92626953125 1643193
0.15185546875 0.47607421875 0.92626953125 1643193
0.14990234375 0.478515625 0.927734375 1643314
0.14990234375 0.478515625 0.927734375 1643314
0.14990234375 0.478515625 0.927734375 1643315
0.14990234375 0.478515625 0.927734375 1643315
0.14990234375 0.478515625 0.927734375 1643316
0.16015625 0.4736328125 0.9375 1643400
0.1513671875 0.4775390625 0.92578125 1643487
0.1513671875 0.4775390625 0.92578125 1643488
0.1513671875 0.4775390625 0.92578125 1643488
0.1513671875 0.4775390625 0.92578125 1643489
0.1513671875 0.4775390625 0.92578125 1643489
0.16943359375 0.474609375 0.9296875 1643591
0.16943359375 0.474609375 0.9296875 1643591
0.16943359375 0.474609375 0.9296875 1643591
0.16943359375 0.474609375 0.9296875 1643592
0.16943359375 0.474609375 0.9296875 1643592
0.150390625 0.474609375 0.93505859375 1643693
0.150390625 0.474609375 0.93505859375 1643693
0.150390625 0.474609375 0.93505859375 1643694
0.150390625 0.474609375 0.93505859375 1643694
0.150390625 0.474609375 0.93505859375 1643695
0.15283203125 0.47802734375 0.93212890625 1643796
0.15283203125 0.47802734375 0.93212890625 1643797
0.15283203125 0.47802734375 0.93212890625 1643797
0.15283203125 0.47802734375 0.93212890625 1643797
0.15283203125 0.47802734375 0.93212890625 1643798
0.15283203125 0.4765625 0.9228515625 1643899
0.15283203125 0.4765625 0.9228515625 1643899
0.15283203125 0.4765625 0.9228515625 1643900
0.15283203125 0.4765625 0.9228515625 1643900
0.15283203125 0.4765625 0.9228515625 1643901
0.16259765625 0.4658203125 0.92919921875 1644002
0.16259765625 0.4658203125 0.92919921875 1644003
0.16259765625 0.4658203125 0.92919921875 1644004
0.16259765625 0.4658203125 0.92919921875 1644005
0.16259765625 0.4658203125 0.92919921875 1644006
0.154296875 0.46923828125 0.93017578125 1644082
0.1611328125 0.47607421875 0.94140625 1644192
0.1611328125 0.47607421875 0.94140625 1644192
0.1611328125 0.47607421875 0.94140625 1644193
0.1611328125 0.47607421875 0.94140625 1644194
0.1611328125 0.47607421875 0.94140625 1644194
0.1513671875 0.4755859375 0.9287109375 1644295
0.1513671875 0.4755859375 0.9287109375 1644296
0.1513671875 0.4755859375 0.9287109375 1644297
0.1513671875 0.4755859375 0.9287109375 1644297
0.1513671875 0.4755859375 0.9287109375 1644298
0.15283203125 0.46875 0.9306640625 1644397
0.15283203125 0.46875 0.9306640625 1644397
0.15283203125 0.46875 0.9306640625 1644398
0.15283203125 0.46875 0.9306640625 1644398
0.15283203125 0.46875 0.9306640625 1644398
0.166015625 0.4609375 0.919921875 1644499
0.166015625 0.4609375 0.919921875 1644499
0.166015625 0.4609375 0.919921875 1644500
0.166015625 0.4609375 0.919921875 1644501
0.166015625 0.4609375 0.919921875 1644502
0.1533203125 0.4775390625 0.93505859375 1644592
0.15771484375 0.4677734375 0.9365234375 1644678
0.15771484375 0.4677734375 0.9365234375 1644678
0.15771484375 0.4677734375 0.9365234375 1644679
0.15771484375 0.4677734375 0.9365234375 1644679
0.15771484375 0.4677734375 0.9365234375 1644680
0.14453125 0.47119140625 0.92529296875 1644795
0.14453125 0.47119140625 0.92529296875 1644795
0.14453125 0.47119140625 0.92529296875 1644795
0.14453125 0.47119140625 0.92529296875 1644796
0.14453125 0.47119140625 0.92529296875 1644796
0.16015625 0.470703125 0.93505859375 1644950
0.16015625 0.470703125 0.93505859375 1644951
0.16015625 0.470703125 0.93505859375 1644951
0.16015625 0.470703125 0.93505859375 1644952
0.16015625 0.470703125 0.93505859375 1644952
0.1591796875 0.4716796875 0.93505859375 1645016
0.15283203125 0.4697265625 0.927734375 1645097
0.15283203125 0.4697265625 0.927734375 1645097
0.15283203125 0.4697265625 0.927734375 1645097
0.15283203125 0.4697265625 0.927734375 1645098
0.15283203125 0.4697265625 0.927734375 1645098
0.15283203125 0.466796875 0.92822265625 1645199
0.15283203125 0.466796875 0.92822265625 1645199
0.15283203125 0.466796875 0.92822265625 1645199
0.15283203125 0.466796875 0.92822265625 1645200
0.15283203125 0.466796875 0.92822265625 1645200
0.1533203125 0.46728515625 0.93115234375 1645279
0.1591796875 0.4697265625 0.93017578125 1645390
0.1591796875 0.4697265625 0.93017578125 1645391
0.1591796875 0.4697265625 0.93017578125 1645391
0.1591796875 0.4697265625 0.93017578125 1645392
0.1591796875 0.4697265625 0.93017578125 1645392
0.15380859375 0.46826171875 0.9296875 1645492
0.15380859375 0.46826171875 0.9296875 1645494
0.15380859375 0.46826171875 0.9296875 1645494
0.15380859375 0.46826171875 0.9296875 1645495
0.15380859375 0.46826171875 0.9296875 1645496
0.15771484375 0.47119140625 0.93798828125 1645595
0.15771484375 0.47119140625 0.93798828125 1645595
0.15771484375 0.47119140625 0.93798828125 1645596
0.15771484375 0.47119140625 0.93798828125 1645596
0.15771484375 0.47119140625 0.93798828125 1645597
0.15380859375 0.47216796875 0.92919921875 1645697
0.15380859375 0.47216796875 0.92919921875 1645698
0.15380859375 0.47216796875 0.92919921875 1645699
0.15380859375 0.47216796875 0.92919921875 1645699
0.15380859375 0.47216796875 0.92919921875 1645700
0.16259765625 0.470703125 0.93310546875 1645799
0.16259765625 0.470703125 0.93310546875 1645800
0.16259765625 0.470703125 0.93310546875 1645825
0.16259765625 0.470703125 0.93310546875 1645828
0.16259765625 0.470703125 0.93310546875 1645829
0.15966796875 0.4697265625 0.93359375 1645877
0.15478515625 0.46484375 0.92919921875 1645987
0.15478515625 0.46484375 0.92919921875 1645987
0.15478515625 0.46484375 0.92919921875 1645987
0.15478515625 0.46484375 0.92919921875 1645988
0.15478515625 0.46484375 0.92919921875 1645988
0.1552734375 0.47509765625 0.93408203125 1646085
0.15869140625 0.47265625 0.93359375 1646188
0.15869140625 0.47265625 0.93359375 1646188
0.15869140625 0.47265625 0.93359375 1646189
0.15869140625 0.47265625 0.93359375 1646189
0.15869140625 0.47265625 0.93359375 1646189
0.15478515625 0.4716796875 0.93115234375 1646290
0.15478515625 0.4716796875 0.93115234375 1646290
0.15478515625 0.4716796875 0.93115234375 1646291
0.15478515625 0.4716796875 0.93115234375 1646291
0.15478515625 0.4716796875 0.93115234375 1646292
0.16357421875 0.46875 0.9296875 1646394
0.16357421875 0.46875 0.9296875 1646395
0.16357421875 0.46875 0.9296875 1646396
0.16357421875 0.46875 0.9296875 1646396
0.16357421875 0.46875 0.9296875 1646397
0.158203125 0.48291015625 0.93359375 1646511
0.158203125 0.48291015625 0.93359375 1646512
0.158203125 0.48291015625 0.93359375 1646512
0.158203125 0.48291015625 0.93359375 1646512
0.158203125 0.48291015625 0.93359375 1646513
0.15625 0.46533203125 0.9267578125 1646599
0.15869140625 0.4716796875 0.9326171875 1646676
0.15869140625 0.4716796875 0.9326171875 1646677
0.15869140625 0.4716796875 0.9326171875 1646677
0.15869140625 0.4716796875 0.9326171875 1646677
0.15869140625 0.4716796875 0.9326171875 1646678
0.16796875 0.46728515625 0.9345703125 1646789
0.16796875 0.46728515625 0.9345703125 1646789
0.16796875 0.46728515625 0.9345703125 1646789
0.16796875 0.46728515625 0.9345703125 1646790
0.16796875 0.46728515625 0.9345703125 1646790
0.16162109375 0.4736328125 0.92333984375 1646896
0.16162109375 0.4736328125 0.92333984375 1646896
0.16162109375 0.4736328125 0.92333984375 1646897
0.16162109375 0.4736328125 0.92333984375 1646897
0.16162109375 0.4736328125 0.92333984375 1646897
0.1591796875 0.474609375 0.9326171875 1646999
0.1591796875 0.474609375 0.9326171875 1646999
0.1591796875 0.474609375 0.9326171875 1647000
0.1591796875 0.474609375 0.9326171875 1647000
0.1591796875 0.474609375 0.9326171875 1647001
0.16748046875 0.47021484375 0.94140625 1647079
0.15869140625 0.47509765625 0.9384765625 1647188
0.15869140625 0.47509765625 0.9384765625 1647188
0.15869140625 0.47509765625 0.9384765625 1647188
0.15869140625 0.47509765625 0.9384765625 1647189
0.15869140625 0.47509765625 0.9384765625 1647189
0.16259765625 0.4638671875 0.9267578125 1647291
0.16259765625 0.4638671875 0.9267578125 1647291
0.16259765625 0.4638671875 0.9267578125 1647292
0.16259765625 0.4638671875 0.9267578125 1647292
0.16259765625 0.4638671875 0.9267578125 1647292
0.16357421875 0.4736328125 0.93310546875 1647393
0.16357421875 0.4736328125 0.93310546875 1647393
0.16357421875 0.4736328125 0.93310546875 1647394
0.16357421875 0.4736328125 0.93310546875 1647394
0.16357421875 0.4736328125 0.93310546875 1647395
0.162109375 0.46240234375 0.91845703125 1647497
0.162109375 0.46240234375 0.91845703125 1647497
0.162109375 0.46240234375 0.91845703125 1647498
0.162109375 0.46240234375 0.91845703125 1647499
0.162109375 0.46240234375 0.91845703125 1647500
0.1591796875 0.4765625 0.93896484375 1647599
0.1591796875 0.4765625 0.93896484375 1647608
0.1591796875 0.4765625 0.93896484375 1647608
0.1591796875 0.4765625 0.93896484375 1647609
0.1591796875 0.4765625 0.93896484375 1647609
0.158203125 0.47265625 0.93798828125 1647677
0.154296875 0.47607421875 0.93017578125 1647798
0.154296875 0.47607421875 0.93017578125 1647799
0.154296875 0.47607421875 0.93017578125 1647799
0.154296875 0.47607421875 0.93017578125 1647799
0.154296875 0.47607421875 0.93017578125 1647800
0.15283203125 0.474609375 0.9287109375 1647879
0.16162109375 0.46826171875 0.93017578125 1647995
0.16162109375 0.46826171875 0.93017578125 1647996
0.16162109375 0.46826171875 0.93017578125 1647996
0.16162109375 0.46826171875 0.93017578125 1647996
0.16162109375 0.46826171875 0.93017578125 1647997
0.15478515625 0.47265625 0.92919921875 1648093
0.16845703125 0.4638671875 0.92626953125 1648197
0.16845703125 0.4638671875 0.92626953125 1648197
0.16845703125 0.4638671875 0.92626953125 1648198
0.16845703125 0.4638671875 0.92626953125 1648198
0.16845703125 0.4638671875 0.92626953125 1648198
0.1572265625 0.47900390625 0.93798828125 1648299
0.1572265625 0.47900390625 0.93798828125 1648299
0.1572265625 0.47900390625 0.93798828125 1648300
0.1572265625 0.47900390625 0.93798828125 1648300
0.1572265625 0.47900390625 0.93798828125 1648300
0.158203125 0.4658203125 0.93017578125 1648378
0.15234375 0.4716796875 0.931640625 1648494
0.15234375 0.4716796875 0.931640625 1648494
0.15234375 0.4716796875 0.931640625 1648495
0.15234375 0.4716796875 0.931640625 1648495
0.15234375 0.4716796875 0.931640625 1648495
0.1630859375 0.46875 0.94091796875 1648603
0.1630859375 0.46875 0.94091796875 1648603
0.1630859375 0.46875 0.94091796875 1648603
0.1630859375 0.46875 0.94091796875 1648604
0.1630859375 0.46875 0.94091796875 1648606
0.15234375 0.4765625 0.9287109375 1648675
0.158203125 0.46728515625 0.9208984375 1648787
0.158203125 0.46728515625 0.9208984375 1648787
0.158203125 0.46728515625 0.9208984375 1648788
0.158203125 0.46728515625 0.9208984375 1648788
0.158203125 0.46728515625 0.9208984375 1648789
0.14990234375 0.48388671875 0.9326171875 1648889
0.14990234375 0.48388671875 0.9326171875 1648889
0.14990234375 0.48388671875 0.9326171875 1648890
0.14990234375 0.48388671875 0.9326171875 1648890
0.14990234375 0.48388671875 0.9326171875 1648890
0.158203125 0.47021484375 0.93359375 1648992
0.158203125 0.47021484375 0.93359375 1648992
0.158203125 0.47021484375 0.93359375 1648993
0.158203125 0.47021484375 0.93359375 1648995
0.158203125 0.47021484375 0.93359375 1648996
0.15869140625 0.47265625 0.9345703125 1649094
0.15869140625 0.47265625 0.9345703125 1649095
0.15869140625 0.47265625 0.9345703125 1649096
0.15869140625 0.47265625 0.9345703125 1649096
0.15869140625 0.47265625 0.9345703125 1649097
0.1572265625 0.4716796875 0.93115234375 1649197
0.1572265625 0.4716796875 0.93115234375 1649197
0.1572265625 0.4716796875 0.93115234375 1649198
0.1572265625 0.4716796875 0.93115234375 1649199
0.1572265625 0.4716796875 0.93115234375 1649199
0.15283203125 0.474609375 0.93212890625 1649283
0.1572265625 0.47412109375 0.93310546875 1649387
0.1572265625 0.47412109375 0.93310546875 1649387
0.1572265625 0.47412109375 0.93310546875 1649387
0.1572265625 0.47412109375 0.93310546875 1649388
0.1572265625 0.47412109375 0.93310546875 1649388
0.16162109375 0.478515625 0.9306640625 1649489
0.16162109375 0.478515625 0.9306640625 1649490
0.16162109375 0.478515625 0.9306640625 1649490
0.16162109375 0.478515625 0.9306640625 1649490
0.16162109375 0.478515625 0.9306640625 1649491
0.1513671875 0.4921875 0.931640625 1649591
0.1513671875 0.4921875 0.931640625 1649592
0.1513671875 0.4921875 0.931640625 1649592
0.1513671875 0.4921875 0.931640625 1649592
0.1513671875 0.4921875 0.931640625 1649593
0.1826171875 0.50732421875 0.94384765625 1649709
0.1826171875 0.50732421875 0.94384765625 1649710
0.1826171875 0.50732421875 0.94384765625 1649710
0.1826171875 0.50732421875 0.94384765625 1649711
0.1826171875 0.50732421875 0.94384765625 1649711
0.154296875 0.513671875 0.9150390625 1649798
0.11962890625 0.4921875 0.91015625 1649885
0.11962890625 0.4921875 0.91015625 1649885
0.11962890625 0.4921875 0.91015625 1649886
0.11962890625 0.4921875 0.91015625 1649886
0.11962890625 0.4921875 0.91015625 1649886
0.1328125 0.46630859375 0.9091796875 1649986
0.1328125 0.46630859375 0.9091796875 1649987
0.1328125 0.46630859375 0.9091796875 1649987
0.1328125 0.46630859375 0.9091796875 1649988
0.1328125 0.46630859375 0.9091796875 1649988
0.0859375 0.4658203125 0.90625 1650089
0.0859375 0.4658203125 0.90625 1650090
0.0859375 0.4658203125 0.90625 1650090
0.0859375 0.4658203125 0.90625 1650091
0.0859375 0.4658203125 0.90625 1650091
0.013671875 0.48193359375 0.88134765625 1650192
0.013671875 0.48193359375 0.88134765625 1650192
0.013671875 0.48193359375 0.88134765625 1650193
0.013671875 0.48193359375 0.88134765625 1650193
0.013671875 0.48193359375 0.88134765625 1650194
-0.14013671875 0.5634765625 0.828125 1650294
-0.14013671875 0.5634765625 0.828125 1650295
-0.14013671875 0.5634765625 0.828125 1650295
-0.14013671875 0.5634765625 0.828125 1650296
-0.14013671875 0.5634765625 0.828125 1650296
-0.3115234375 0.6298828125 0.68310546875 1650397
-0.3115234375 0.6298828125 0.68310546875 1650397
-0.3115234375 0.6298828125 0.68310546875 1650398
-0.3115234375 0.6298828125 0.68310546875 1650398
-0.3115234375 0.6298828125 0.68310546875 1650398
-0.46826171875 0.6318359375 0.484375 1650476
-0.5224609375 0.6162109375 0.39697265625 1650587
-0.5224609375 0.6162109375 0.39697265625 1650587
-0.5224609375 0.6162109375 0.39697265625 1650588
-0.5224609375 0.6162109375 0.39697265625 1650588
-0.5224609375 0.6162109375 0.39697265625 1650589
-0.57275390625 0.5966796875 0.32275390625 1650689
-0.57275390625 0.5966796875 0.32275390625 1650689
-0.57275390625 0.5966796875 0.32275390625 1650690
-0.57275390625 0.5966796875 0.32275390625 1650690
-0.57275390625 0.5966796875 0.32275390625 1650690
-0.60107421875 0.5615234375 0.2333984375 1650794
-0.60107421875 0.5615234375 0.2333984375 1650794
-0.60107421875 0.5615234375 0.2333984375 1650795
-0.60107421875 0.5615234375 0.2333984375 1650795
-0.60107421875 0.5615234375 0.2333984375 1650796
-0.6416015625 0.556640625 0.16015625 1650896
-0.6416015625 0.556640625 0.16015625 1650896
-0.6416015625 0.556640625 0.16015625 1650897
-0.6416015625 0.556640625 0.16015625 1650897
-0.6416015625 0.556640625 0.16015625 1650898
-0.65625 0.548828125 0.09912109375 1650990
-0.658203125 0.53662109375 0.0576171875 1651083
-0.658203125 0.53662109375 0.0576171875 1651083
-0.658203125 0.53662109375 0.0576171875 1651084
-0.658203125 0.53662109375 0.0576171875 1651084
-0.658203125 0.53662109375 0.0576171875 1651084
-0.66259765625 0.552734375 0.11865234375 1651186
-0.66259765625 0.552734375 0.11865234375 1651186
-0.66259765625 0.552734375 0.11865234375 1651186
-0.66259765625 0.552734375 0.11865234375 1651187
-0.66259765625 0.552734375 0.11865234375 1651187
-0.634765625 0.5673828125 0.1787109375 1651289
-0.634765625 0.5673828125 0.1787109375 1651299
-0.634765625 0.5673828125 0.1787109375 1651299
-0.634765625 0.5673828125 0.1787109375 1651300
-0.634765625 0.5673828125 0.1787109375 1651300
-0.5791015625 0.5673828125 0.33154296875 1651392
-0.53515625 0.5693359375 0.4326171875 1651495
-0.53515625 0.5693359375 0.4326171875 1651495
-0.53515625 0.5693359375 0.4326171875 1651496
-0.53515625 0.5693359375 0.4326171875 1651496
-0.53515625 0.5693359375 0.4326171875 1651496
-0.46240234375 0.568359375 0.54150390625 1651582
-0.36328125 0.548828125 0.65185546875 1651690
-0.36328125 0.548828125 0.65185546875 1651690
-0.36328125 0.548828125 0.65185546875 1651691
-0.36328125 0.548828125 0.65185546875 1651691
-0.36328125 0.548828125 0.65185546875 1651691
