-0.13916015625 0.63330078125 0.7666015625 1504024
-0.13916015625 0.63330078125 0.7666015625 1504024
-0.13916015625 0.63330078125 0.7666015625 1504346
-0.13916015625 0.63330078125 0.7666015625 1504346
-0.13916015625 0.63330078125 0.7666015625 1504347
-0.13916015625 0.63330078125 0.7666015625 1504347
-0.12841796875 0.6318359375 0.75732421875 1504348
-0.12841796875 0.6318359375 0.75732421875 1504348
-0.1337890625 0.6328125 0.759765625 1504360
-0.13623046875 0.63671875 0.77294921875 1504362
-0.130859375 0.6376953125 0.76416015625 1504363
-0.12890625 0.642578125 0.76318359375 1504363
-0.13037109375 0.634765625 0.75341796875 1504435
-0.1220703125 0.64453125 0.763671875 1504531
-0.1220703125 0.64453125 0.763671875 1504531
-0.1220703125 0.64453125 0.763671875 1504532
-0.1220703125 0.64453125 0.763671875 1504532
-0.1220703125 0.64453125 0.763671875 1504533
-0.1220703125 0.65234375 0.7724609375 1504618
-0.13037109375 0.64697265625 0.7705078125 1504721
-0.13037109375 0.64697265625 0.7705078125 1504721
-0.13037109375 0.64697265625 0.7705078125 1504722
-0.13037109375 0.64697265625 0.7705078125 1504722
-0.13037109375 0.64697265625 0.7705078125 1504722
-0.1123046875 0.6337890625 0.755859375 1504802
-0.1171875 0.646484375 0.7666015625 1504914
-0.1171875 0.646484375 0.7666015625 1504914
-0.1171875 0.646484375 0.7666015625 1504915
-0.1171875 0.646484375 0.7666015625 1504915
-0.1171875 0.646484375 0.7666015625 1504915
-0.12255859375 0.64990234375 0.7529296875 1505044
-0.12255859375 0.64990234375 0.7529296875 1505044
-0.12255859375 0.64990234375 0.7529296875 1505045
-0.12255859375 0.64990234375 0.7529296875 1505045
-0.12255859375 0.64990234375 0.7529296875 1505045
-0.12158203125 0.65625 0.7607421875 1505122
-0.10986328125 0.6533203125 0.75537109375 1505202
-0.10986328125 0.6533203125 0.75537109375 1505202
-0.10986328125 0.6533203125 0.75537109375 1505203
-0.10986328125 0.6533203125 0.75537109375 1505203
-0.10986328125 0.6533203125 0.75537109375 1505203
-0.1171875 0.6474609375 0.7587890625 1505314
-0.1171875 0.6474609375 0.7587890625 1505315
-0.1171875 0.6474609375 0.7587890625 1505315
-0.1171875 0.6474609375 0.7587890625 1505316
-0.1171875 0.6474609375 0.7587890625 1505316
-0.111328125 0.64453125 0.76708984375 1505419
-0.111328125 0.64453125 0.76708984375 1505420
-0.111328125 0.64453125 0.76708984375 1505420
-0.111328125 0.64453125 0.76708984375 1505421
-0.111328125 0.64453125 0.76708984375 1505421
-0.11865234375 0.6455078125 0.765625 1505502
-0.119140625 0.64599609375 0.763671875 1505611
-0.119140625 0.64599609375 0.763671875 1505611
-0.119140625 0.64599609375 0.763671875 1505612
-0.119140625 0.64599609375 0.763671875 1505612
-0.119140625 0.64599609375 0.763671875 1505612
-0.11669921875 0.6494140625 0.7646484375 1505717
-0.11669921875 0.6494140625 0.7646484375 1505717
-0.11669921875 0.6494140625 0.7646484375 1505718
-0.11669921875 0.6494140625 0.7646484375 1505718
-0.11669921875 0.6494140625 0.7646484375 1505718
-0.11083984375 0.64892578125 0.7666015625 1505802
-0.115234375 0.64501953125 0.75390625 1505916
-0.115234375 0.64501953125 0.75390625 1505917
-0.115234375 0.64501953125 0.75390625 1505917
-0.115234375 0.64501953125 0.75390625 1505918
-0.115234375 0.64501953125 0.75390625 1505918
-0.115234375 0.6474609375 0.763671875 1506024
-0.115234375 0.6474609375 0.763671875 1506024
-0.115234375 0.6474609375 0.763671875 1506025
-0.115234375 0.6474609375 0.763671875 1506025
-0.115234375 0.6474609375 0.763671875 1506025
-0.1181640625 0.64404296875 0.75927734375 1506102
-0.1220703125 0.64453125 0.76220703125 1506202
-0.1220703125 0.64453125 0.76220703125 1506214
-0.1220703125 0.64453125 0.76220703125 1506215
-0.1220703125 0.64453125 0.76220703125 1506215
-0.1220703125 0.64453125 0.76220703125 1506216
-0.11572265625 0.64453125 0.76708984375 1506317
-0.11572265625 0.64453125 0.76708984375 1506317
-0.11572265625 0.64453125 0.76708984375 1506318
-0.11572265625 0.64453125 0.76708984375 1506318
-0.11572265625 0.64453125 0.76708984375 1506318
-0.11181640625 0.64453125 0.7626953125 1506395
-0.119140625 0.64404296875 0.7646484375 1506509
-0.119140625 0.64404296875 0.7646484375 1506509
-0.119140625 0.64404296875 0.7646484375 1506510
-0.119140625 0.64404296875 0.7646484375 1506510
-0.119140625 0.64404296875 0.7646484375 1506511
-0.1142578125 0.642578125 0.765625 1506612
-0.1142578125 0.642578125 0.765625 1506612
-0.1142578125 0.642578125 0.765625 1506612
-0.1142578125 0.642578125 0.765625 1506613
-0.1142578125 0.642578125 0.765625 1506614
-0.11279296875 0.64111328125 0.76171875 1506717
-0.11279296875 0.64111328125 0.76171875 1506718
-0.11279296875 0.64111328125 0.76171875 1506718
-0.11279296875 0.64111328125 0.76171875 1506719
-0.11279296875 0.64111328125 0.76171875 1506719
-0.11376953125 0.640625 0.7705078125 1506799
-0.11767578125 0.6416015625 0.767578125 1506908
-0.11767578125 0.6416015625 0.767578125 1506908
-0.11767578125 0.6416015625 0.767578125 1506909
-0.11767578125 0.6416015625 0.767578125 1506909
-0.11767578125 0.6416015625 0.767578125 1506909
-0.115234375 0.642578125 0.76513671875 1507029
-0.115234375 0.642578125 0.76513671875 1507029
-0.115234375 0.642578125 0.76513671875 1507030
-0.115234375 0.642578125 0.76513671875 1507030
-0.115234375 0.642578125 0.76513671875 1507031
-0.1142578125 0.64404296875 0.76416015625 1507124
-0.11669921875 0.6396484375 0.76220703125 1507219
-0.11669921875 0.6396484375 0.76220703125 1507220
-0.11669921875 0.6396484375 0.76220703125 1507220
-0.11669921875 0.6396484375 0.76220703125 1507221
-0.11669921875 0.6396484375 0.76220703125 1507221
-0.10888671875 0.63671875 0.7646484375 1507297
-0.119140625 0.64306640625 0.76953125 1507402
-0.119140625 0.64306640625 0.76953125 1507413
-0.119140625 0.64306640625 0.76953125 1507414
-0.119140625 0.64306640625 0.76953125 1507415
-0.119140625 0.64306640625 0.76953125 1507415
-0.11376953125 0.63720703125 0.75830078125 1507496
-0.111328125 0.642578125 0.76904296875 1507610
-0.111328125 0.642578125 0.76904296875 1507611
-0.111328125 0.642578125 0.76904296875 1507611
-0.111328125 0.642578125 0.76904296875 1507612
-0.111328125 0.642578125 0.76904296875 1507612
-0.115234375 0.63916015625 0.77099609375 1507712
-0.115234375 0.63916015625 0.77099609375 1507713
-0.115234375 0.63916015625 0.77099609375 1507713
-0.115234375 0.63916015625 0.77099609375 1507713
-0.115234375 0.63916015625 0.77099609375 1507714
-0.119140625 0.64404296875 0.763671875 1507836
-0.119140625 0.64404296875 0.763671875 1507837
-0.119140625 0.64404296875 0.763671875 1507837
-0.119140625 0.64404296875 0.763671875 1507838
-0.119140625 0.64404296875 0.763671875 1507838
-0.11279296875 0.6416015625 0.7587890625 1507904
-0.10986328125 0.64501953125 0.7763671875 1508009
-0.10986328125 0.64501953125 0.7763671875 1508009
-0.10986328125 0.64501953125 0.7763671875 1508010
-0.10986328125 0.64501953125 0.7763671875 1508010
-0.10986328125 0.64501953125 0.7763671875 1508010
-0.107421875 0.63671875 0.775390625 1508111
-0.107421875 0.63671875 0.775390625 1508112
-0.107421875 0.63671875 0.775390625 1508112
-0.107421875 0.63671875 0.775390625 1508113
-0.107421875 0.63671875 0.775390625 1508113
-0.1123046875 0.640625 0.77294921875 1508216
-0.1123046875 0.640625 0.77294921875 1508217
-0.1123046875 0.640625 0.77294921875 1508219
-0.1123046875 0.640625 0.77294921875 1508219
-0.1123046875 0.640625 0.77294921875 1508220
-0.11376953125 0.64208984375 0.76513671875 1508306
-0.11572265625 0.650390625 0.77783203125 1508394
-0.11572265625 0.650390625 0.77783203125 1508394
-0.11572265625 0.650390625 0.77783203125 1508395
-0.11572265625 0.650390625 0.77783203125 1508395
-0.11572265625 0.650390625 0.77783203125 1508396
-0.123046875 0.64697265625 0.78662109375 1508505
-0.123046875 0.64697265625 0.78662109375 1508505
-0.123046875 0.64697265625 0.78662109375 1508506
-0.123046875 0.64697265625 0.78662109375 1508506
-0.123046875 0.64697265625 0.78662109375 1508507
-0.10595703125 0.61572265625 0.78564453125 1508608
-0.10595703125 0.61572265625 0.78564453125 1508609
-0.10595703125 0.61572265625 0.78564453125 1508609
-0.10595703125 0.61572265625 0.78564453125 1508610
-0.10595703125 0.61572265625 0.78564453125 1508610
-0.11181640625 0.64111328125 0.826171875 1508712
-0.11181640625 0.64111328125 0.826171875 1508713
-0.11181640625 0.64111328125 0.826171875 1508713
-0.11181640625 0.64111328125 0.826171875 1508714
-0.11181640625 0.64111328125 0.826171875 1508715
-0.15966796875 0.59814453125 0.8564453125 1508814
-0.15966796875 0.59814453125 0.8564453125 1508815
-0.15966796875 0.59814453125 0.8564453125 1508815
-0.15966796875 0.59814453125 0.8564453125 1508816
-0.15966796875 0.59814453125 0.8564453125 1508816
-0.1455078125 0.50341796875 0.8564453125 1508915
-0.1455078125 0.50341796875 0.8564453125 1508915
-0.123046875 0.4287109375 0.833984375 1508997
-0.123046875 0.4287109375 0.833984375 1508997
-0.123046875 0.4287109375 0.833984375 1508998
-0.123046875 0.4287109375 0.833984375 1508998
-0.142578125 0.453125 0.77001953125 1509105
-0.142578125 0.453125 0.77001953125 1509105
-0.142578125 0.453125 0.77001953125 1509106
-0.142578125 0.453125 0.77001953125 1509106
-0.142578125 0.453125 0.77001953125 1509106
-0.24462890625 0.49951171875 0.73193359375 1509208
-0.24462890625 0.49951171875 0.73193359375 1509208
-0.24462890625 0.49951171875 0.73193359375 1509209
-0.24462890625 0.49951171875 0.73193359375 1509209
-0.24462890625 0.49951171875 0.73193359375 1509209
-0.31982421875 0.5390625 0.66455078125 1509310
-0.31982421875 0.5390625 0.66455078125 1509310
-0.31982421875 0.5390625 0.66455078125 1509311
-0.31982421875 0.5390625 0.66455078125 1509311
-0.31982421875 0.5390625 0.66455078125 1509311
-0.3330078125 0.576171875 0.638671875 1509415
-0.3330078125 0.576171875 0.638671875 1509416
-0.3330078125 0.576171875 0.638671875 1509416
-0.3330078125 0.576171875 0.638671875 1509416
-0.3330078125 0.576171875 0.638671875 1509417
-0.392578125 0.61572265625 0.59375 1509516
-0.392578125 0.61572265625 0.59375 1509517
-0.392578125 0.61572265625 0.59375 1509517
-0.392578125 0.61572265625 0.59375 1509518
-0.392578125 0.61572265625 0.59375 1509519
-0.41845703125 0.6494140625 0.5244140625 1509595
-0.43359375 0.677734375 0.50537109375 1509705
-0.43359375 0.677734375 0.50537109375 1509706
-0.43359375 0.677734375 0.50537109375 1509706
-0.43359375 0.677734375 0.50537109375 1509707
-0.43359375 0.677734375 0.50537109375 1509707
-0.39990234375 0.67578125 0.4833984375 1509807
-0.39990234375 0.67578125 0.4833984375 1509808
-0.39990234375 0.67578125 0.4833984375 1509809
-0.39990234375 0.67578125 0.4833984375 1509810
-0.39990234375 0.67578125 0.4833984375 1509810
-0.32275390625 0.74072265625 0.5625 1509909
-0.32275390625 0.74072265625 0.5625 1509910
-0.32275390625 0.74072265625 0.5625 1509911
-0.32275390625 0.74072265625 0.5625 1509911
-0.32275390625 0.74072265625 0.5625 1509911
-0.2431640625 0.7080078125 0.60888671875 1510011
-0.2431640625 0.7080078125 0.60888671875 1510012
-0.2431640625 0.7080078125 0.60888671875 1510012
-0.2431640625 0.7080078125 0.60888671875 1510013
-0.2431640625 0.7080078125 0.60888671875 1510014
-0.10693359375 0.689453125 0.76953125 1510115
-0.10693359375 0.689453125 0.76953125 1510116
-0.10693359375 0.689453125 0.76953125 1510117
-0.10693359375 0.689453125 0.76953125 1510118
-0.10693359375 0.689453125 0.76953125 1510118
0.02392578125 0.61962890625 0.859375 1510192
0.05859375 0.59326171875 0.8740234375 1510305
0.05859375 0.59326171875 0.8740234375 1510306
0.05859375 0.59326171875 0.8740234375 1510306
0.05859375 0.59326171875 0.8740234375 1510306
0.05859375 0.59326171875 0.8740234375 1510306
0.0634765625 0.576171875 0.85791015625 1510411
0.0634765625 0.576171875 0.85791015625 1510411
0.0634765625 0.576171875 0.85791015625 1510412
0.0634765625 0.576171875 0.85791015625 1510412
0.0634765625 0.576171875 0.85791015625 1510413
0.07177734375 0.5615234375 0.8798828125 1510511
0.07177734375 0.5615234375 0.8798828125 1510513
0.07177734375 0.5615234375 0.8798828125 1510514
0.07177734375 0.5615234375 0.8798828125 1510514
0.07177734375 0.5615234375 0.8798828125 1510515
0.0634765625 0.556640625 0.88525390625 1510613
0.0634765625 0.556640625 0.88525390625 1510614
0.0634765625 0.556640625 0.88525390625 1510614
0.07470703125 0.5234375 0.87255859375 1510691
0.07470703125 0.5234375 0.87255859375 1510691
0.07470703125 0.5234375 0.87255859375 1510692
0.087890625 0.5205078125 0.884765625 1510802
0.087890625 0.5205078125 0.884765625 1510803
0.087890625 0.5205078125 0.884765625 1510803
0.087890625 0.5205078125 0.884765625 1510804
0.087890625 0.5205078125 0.884765625 1510804
0.1005859375 0.52099609375 0.90869140625 1510905
0.1005859375 0.52099609375 0.90869140625 1510905
0.1005859375 0.52099609375 0.90869140625 1510906
0.1005859375 0.52099609375 0.90869140625 1510906
0.1005859375 0.52099609375 0.90869140625 1510907
0.115234375 0.52685546875 0.921875 1511007
0.115234375 0.52685546875 0.921875 1511008
0.115234375 0.52685546875 0.921875 1511009
0.115234375 0.52685546875 0.921875 1511009
0.115234375 0.52685546875 0.921875 1511009
0.12939453125 0.52490234375 0.9267578125 1511109
0.12939453125 0.52490234375 0.9267578125 1511110
0.12939453125 0.52490234375 0.9267578125 1511110
0.12939453125 0.52490234375 0.9267578125 1511111
0.12939453125 0.52490234375 0.9267578125 1511112
0.13427734375 0.5205078125 0.9169921875 1511212
0.13427734375 0.5205078125 0.9169921875 1511214
0.13427734375 0.5205078125 0.9169921875 1511214
0.13427734375 0.5205078125 0.9169921875 1511215
0.13427734375 0.5205078125 0.9169921875 1511215
0.12451171875 0.52001953125 0.92236328125 1511291
0.1376953125 0.513671875 0.9267578125 1511402
0.1376953125 0.513671875 0.9267578125 1511402
0.1376953125 0.513671875 0.9267578125 1511403
0.1376953125 0.513671875 0.9267578125 1511403
0.1376953125 0.513671875 0.9267578125 1511404
0.12744140625 0.48486328125 0.91943359375 1511505
0.12744140625 0.48486328125 0.91943359375 1511506
0.12744140625 0.48486328125 0.91943359375 1511507
0.12744140625 0.48486328125 0.91943359375 1511507
0.12744140625 0.48486328125 0.91943359375 1511508
0.13525390625 0.46435546875 0.9140625 1511593
0.1240234375 0.45703125 0.92138671875 1511706
0.1240234375 0.45703125 0.92138671875 1511759
0.1240234375 0.45703125 0.92138671875 1511759
0.1240234375 0.45703125 0.92138671875 1511760
0.1240234375 0.45703125 0.92138671875 1511760
0.14404296875 0.4423828125 0.935546875 1511808
0.15185546875 0.4453125 0.953125 1511911
0.15185546875 0.4453125 0.953125 1511912
0.15185546875 0.4453125 0.953125 1511912
0.15185546875 0.4453125 0.953125 1511913
0.15185546875 0.4453125 0.953125 1511914
0.1484375 0.45361328125 0.9501953125 1511989
0.14306640625 0.46240234375 0.94140625 1512106
0.14306640625 0.46240234375 0.94140625 1512107
0.14306640625 0.46240234375 0.94140625 1512108
0.14306640625 0.46240234375 0.94140625 1512108
0.14306640625 0.46240234375 0.94140625 1512109
0.13623046875 0.45361328125 0.921875 1512194
0.1455078125 0.46142578125 0.9404296875 1512302
0.1455078125 0.46142578125 0.9404296875 1512302
0.1455078125 0.46142578125 0.9404296875 1512303
0.1455078125 0.46142578125 0.9404296875 1512303
0.1455078125 0.46142578125 0.9404296875 1512303
0.14501953125 0.4716796875 0.94384765625 1512408
0.14501953125 0.4716796875 0.94384765625 1512408
0.14501953125 0.4716796875 0.94384765625 1512409
0.14501953125 0.4716796875 0.94384765625 1512409
0.14501953125 0.4716796875 0.94384765625 1512410
0.1455078125 0.46875 0.931640625 1512510
0.1455078125 0.46875 0.931640625 1512511
0.1455078125 0.46875 0.931640625 1512511
0.1455078125 0.46875 0.931640625 1512511
0.1455078125 0.46875 0.931640625 1512512
0.14697265625 0.47998046875 0.93115234375 1512614
0.14697265625 0.47998046875 0.93115234375 1512614
0.14697265625 0.47998046875 0.93115234375 1512615
0.14697265625 0.47998046875 0.93115234375 1512616
0.14697265625 0.47998046875 0.93115234375 1512616
0.15478515625 0.48583984375 0.94287109375 1512690
0.15576171875 0.4736328125 0.93115234375 1512801
0.15576171875 0.4736328125 0.93115234375 1512801
0.15576171875 0.4736328125 0.93115234375 1512802
0.15576171875 0.4736328125 0.93115234375 1512802
0.15576171875 0.4736328125 0.93115234375 1512803
0.14404296875 0.48876953125 0.9326171875 1512900
0.15283203125 0.4873046875 0.9384765625 1513005
0.15283203125 0.4873046875 0.9384765625 1513006
0.15283203125 0.4873046875 0.9384765625 1513007
0.15283203125 0.4873046875 0.9384765625 1513007
0.15283203125 0.4873046875 0.9384765625 1513007
0.15380859375 0.4833984375 0.93017578125 1513110
0.15380859375 0.4833984375 0.93017578125 1513110
0.15380859375 0.4833984375 0.93017578125 1513111
0.15380859375 0.4833984375 0.93017578125 1513111
0.15380859375 0.4833984375 0.93017578125 1513112
0.15380859375 0.48193359375 0.92724609375 1513190
0.15478515625 0.48779296875 0.92138671875 1513303
0.15478515625 0.48779296875 0.92138671875 1513304
0.15478515625 0.48779296875 0.92138671875 1513305
0.15478515625 0.48779296875 0.92138671875 1513305
0.15478515625 0.48779296875 0.92138671875 1513306
0.1552734375 0.494140625 0.93408203125 1513405
0.1552734375 0.494140625 0.93408203125 1513405
0.1552734375 0.494140625 0.93408203125 1513406
0.1552734375 0.494140625 0.93408203125 1513406
0.1552734375 0.494140625 0.93408203125 1513406
0.1611328125 0.48876953125 0.92578125 1513511
0.1611328125 0.48876953125 0.92578125 1513512
0.1611328125 0.48876953125 0.92578125 1513512
0.1611328125 0.48876953125 0.92578125 1513513
0.1611328125 0.48876953125 0.92578125 1513513
0.15478515625 0.4931640625 0.9306640625 1513612
0.15478515625 0.4931640625 0.9306640625 1513613
0.15478515625 0.4931640625 0.9306640625 1513614
0.15478515625 0.4931640625 0.9306640625 1513614
0.15478515625 0.4931640625 0.9306640625 1513615
0.16064453125 0.48828125 0.923828125 1513689
0.154296875 0.49365234375 0.92138671875 1513799
0.154296875 0.49365234375 0.92138671875 1513800
0.154296875 0.49365234375 0.92138671875 1513800
0.154296875 0.49365234375 0.92138671875 1513801
0.154296875 0.49365234375 0.92138671875 1513801
0.1611328125 0.48974609375 0.92822265625 1513905
0.1611328125 0.48974609375 0.92822265625 1513906
0.1611328125 0.48974609375 0.92822265625 1513906
0.1611328125 0.48974609375 0.92822265625 1513907
0.1611328125 0.48974609375 0.92822265625 1513907
0.1640625 0.48095703125 0.92333984375 1514006
0.1640625 0.48095703125 0.92333984375 1514007
0.1640625 0.48095703125 0.92333984375 1514008
0.1640625 0.48095703125 0.92333984375 1514008
0.1640625 0.48095703125 0.92333984375 1514009
0.15869140625 0.49658203125 0.9248046875 1514110
0.15869140625 0.49658203125 0.9248046875 1514110
0.15869140625 0.49658203125 0.9248046875 1514111
0.15869140625 0.49658203125 0.9248046875 1514111
0.15869140625 0.49658203125 0.9248046875 1514112
0.162109375 0.49951171875 0.935546875 1514187
0.16064453125 0.4912109375 0.92578125 1514298
0.16064453125 0.4912109375 0.92578125 1514298
0.16064453125 0.4912109375 0.92578125 1514300
0.16064453125 0.4912109375 0.92578125 1514300
0.16064453125 0.4912109375 0.92578125 1514301
0.162109375 0.48876953125 0.916015625 1514401
0.162109375 0.48876953125 0.916015625 1514402
0.162109375 0.48876953125 0.916015625 1514402
0.162109375 0.48876953125 0.916015625 1514403
0.162109375 0.48876953125 0.916015625 1514403
0.166015625 0.50048828125 0.9296875 1514508
0.166015625 0.50048828125 0.9296875 1514508
0.166015625 0.50048828125 0.9296875 1514509
0.166015625 0.50048828125 0.9296875 1514509
0.166015625 0.50048828125 0.9296875 1514510
0.16357421875 0.49169921875 0.92626953125 1514609
0.16357421875 0.49169921875 0.92626953125 1514610
0.16357421875 0.49169921875 0.92626953125 1514611
0.16357421875 0.49169921875 0.92626953125 1514611
0.16357421875 0.49169921875 0.92626953125 1514612
0.16259765625 0.4814453125 0.91748046875 1514702
0.166015625 0.49853515625 0.93408203125 1514796
0.166015625 0.49853515625 0.93408203125 1514797
0.166015625 0.49853515625 0.93408203125 1514797
0.166015625 0.49853515625 0.93408203125 1514798
0.166015625 0.49853515625 0.93408203125 1514798
0.17138671875 0.490234375 0.9296875 1514899
0.17138671875 0.490234375 0.9296875 1514900
0.17138671875 0.490234375 0.9296875 1514901
0.17138671875 0.490234375 0.9296875 1514901
0.17138671875 0.490234375 0.9296875 1514901
0.15966796875 0.490234375 0.9228515625 1515003
0.15966796875 0.490234375 0.9228515625 1515003
0.15966796875 0.490234375 0.9228515625 1515004
0.15966796875 0.490234375 0.9228515625 1515004
0.15966796875 0.490234375 0.9228515625 1515005
0.16455078125 0.49267578125 0.9296875 1515105
0.16455078125 0.49267578125 0.9296875 1515106
0.16455078125 0.49267578125 0.9296875 1515106
0.16455078125 0.49267578125 0.9296875 1515106
0.16455078125 0.49267578125 0.9296875 1515107
0.1650390625 0.4931640625 0.9267578125 1515207
0.1650390625 0.4931640625 0.9267578125 1515207
0.1650390625 0.4931640625 0.9267578125 1515208
0.1650390625 0.4931640625 0.9267578125 1515208
0.1650390625 0.4931640625 0.9267578125 1515209
0.17041015625 0.47998046875 0.91845703125 1515310
0.17041015625 0.47998046875 0.91845703125 1515311
0.17041015625 0.47998046875 0.91845703125 1515312
0.17041015625 0.47998046875 0.91845703125 1515312
0.17041015625 0.47998046875 0.91845703125 1515313
0.166015625 0.490234375 0.927734375 1515391
0.16357421875 0.494140625 0.92919921875 1515501
0.16357421875 0.494140625 0.92919921875 1515501
0.16357421875 0.494140625 0.92919921875 1515502
0.16357421875 0.494140625 0.92919921875 1515502
0.16357421875 0.494140625 0.92919921875 1515503
0.16796875 0.48779296875 0.92236328125 1515602
0.16796875 0.48779296875 0.92236328125 1515602
0.16796875 0.48779296875 0.92236328125 1515603
0.16796875 0.48779296875 0.92236328125 1515603
0.16796875 0.48779296875 0.92236328125 1515603
0.1669921875 0.494140625 0.92822265625 1515705
0.1669921875 0.494140625 0.92822265625 1515706
0.1669921875 0.494140625 0.92822265625 1515707
0.1669921875 0.494140625 0.92822265625 1515707
0.1669921875 0.494140625 0.92822265625 1515707
0.171875 0.4912109375 0.93115234375 1515808
0.171875 0.4912109375 0.93115234375 1515809
0.171875 0.4912109375 0.93115234375 1515809
0.171875 0.4912109375 0.93115234375 1515810
0.171875 0.4912109375 0.93115234375 1515810
0.1650390625 0.498046875 0.92724609375 1515886
0.16650390625 0.4990234375 0.91943359375 1515997
0.16650390625 0.4990234375 0.91943359375 1515997
0.16650390625 0.4990234375 0.91943359375 1515998
0.16650390625 0.4990234375 0.91943359375 1515998
0.16650390625 0.4990234375 0.91943359375 1515999
0.15966796875 0.4970703125 0.927734375 1516100
0.15966796875 0.4970703125 0.927734375 1516100
0.15966796875 0.4970703125 0.927734375 1516101
0.15966796875 0.4970703125 0.927734375 1516101
0.15966796875 0.4970703125 0.927734375 1516101
0.16455078125 0.48583984375 0.90869140625 1516203
0.16455078125 0.48583984375 0.90869140625 1516204
0.16455078125 0.48583984375 0.90869140625 1516204
0.16455078125 0.48583984375 0.90869140625 1516205
0.16455078125 0.48583984375 0.90869140625 1516205
0.162109375 0.5 0.92578125 1516306
0.162109375 0.5 0.92578125 1516307
0.162109375 0.5 0.92578125 1516307
0.162109375 0.5 0.92578125 1516308
0.162109375 0.5 0.92578125 1516308
0.15576171875 0.4931640625 0.92822265625 1516409
0.15576171875 0.4931640625 0.92822265625 1516409
0.15576171875 0.4931640625 0.92822265625 1516410
0.15576171875 0.4931640625 0.92822265625 1516411
0.15576171875 0.4931640625 0.92822265625 1516411
0.15869140625 0.490234375 0.91650390625 1516484
0.15673828125 0.49365234375 0.92236328125 1516597
0.15673828125 0.49365234375 0.92236328125 1516598
0.15673828125 0.49365234375 0.92236328125 1516598
0.15673828125 0.49365234375 0.92236328125 1516599
0.15673828125 0.49365234375 0.92236328125 1516599
0.166015625 0.4951171875 0.9296875 1516703
0.166015625 0.4951171875 0.9296875 1516704
0.166015625 0.4951171875 0.9296875 1516704
0.166015625 0.4951171875 0.9296875 1516705
0.166015625 0.4951171875 0.9296875 1516705
0.16064453125 0.49658203125 0.91943359375 1516808
0.16064453125 0.49658203125 0.91943359375 1516809
0.16064453125 0.49658203125 0.91943359375 1516809
0.16064453125 0.49658203125 0.91943359375 1516809
0.16064453125 0.49658203125 0.91943359375 1516810
0.16455078125 0.49609375 0.91943359375 1516889
0.15673828125 0.49658203125 0.92529296875 1516998
0.15673828125 0.49658203125 0.92529296875 1516998
0.15673828125 0.49658203125 0.92529296875 1516999
0.15673828125 0.49658203125 0.92529296875 1516999
0.15673828125 0.49658203125 0.92529296875 1517000
0.17138671875 0.48681640625 0.9169921875 1517100
0.17138671875 0.48681640625 0.9169921875 1517101
0.17138671875 0.48681640625 0.9169921875 1517101
0.17138671875 0.48681640625 0.9169921875 1517102
0.17138671875 0.48681640625 0.9169921875 1517103
0.1669921875 0.50244140625 0.9306640625 1517202
0.1669921875 0.50244140625 0.9306640625 1517203
0.1669921875 0.50244140625 0.9306640625 1517203
0.1669921875 0.50244140625 0.9306640625 1517203
0.1669921875 0.50244140625 0.9306640625 1517204
0.16162109375 0.49755859375 0.92578125 1517307
0.16162109375 0.49755859375 0.92578125 1517308
0.16162109375 0.49755859375 0.92578125 1517308
0.16162109375 0.49755859375 0.92578125 1517308
0.16162109375 0.49755859375 0.92578125 1517309
0.16748046875 0.4912109375 0.916015625 1517384
0.1611328125 0.5029296875 0.92529296875 1517497
0.1611328125 0.5029296875 0.92529296875 1517497
0.1611328125 0.5029296875 0.92529296875 1517498
0.1611328125 0.5029296875 0.92529296875 1517498
0.1611328125 0.5029296875 0.92529296875 1517498
0.1787109375 0.49609375 0.9296875 1517601
0.1787109375 0.49609375 0.9296875 1517602
0.1787109375 0.49609375 0.9296875 1517602
0.1787109375 0.49609375 0.9296875 1517603
0.1787109375 0.49609375 0.9296875 1517603
0.16064453125 0.50341796875 0.92626953125 1517704
0.16064453125 0.50341796875 0.92626953125 1517704
0.16064453125 0.50341796875 0.92626953125 1517704
0.16064453125 0.50341796875 0.92626953125 1517705
0.16064453125 0.50341796875 0.92626953125 1517705
0.1630859375 0.49560546875 0.921875 1517807
0.1630859375 0.49560546875 0.921875 1517808
0.1630859375 0.49560546875 0.921875 1517809
0.1630859375 0.49560546875 0.921875 1517809
0.1630859375 0.49560546875 0.921875 1517809
0.1767578125 0.494140625 0.92431640625 1517908
0.1767578125 0.494140625 0.92431640625 1517909
0.1767578125 0.494140625 0.92431640625 1517910
0.1767578125 0.494140625 0.92431640625 1517911
0.1767578125 0.494140625 0.92431640625 1517911
0.16162109375 0.49755859375 0.9150390625 1517996
0.17236328125 0.4990234375 0.92626953125 1518099
0.17236328125 0.4990234375 0.92626953125 1518100
0.17236328125 0.4990234375 0.92626953125 1518100
0.17236328125 0.4990234375 0.92626953125 1518101
0.17236328125 0.4990234375 0.92626953125 1518102
0.16943359375 0.4970703125 0.92578125 1518201
0.16943359375 0.4970703125 0.92578125 1518201
0.16943359375 0.4970703125 0.92578125 1518202
0.16943359375 0.4970703125 0.92578125 1518202
0.16943359375 0.4970703125 0.92578125 1518202
0.1650390625 0.498046875 0.9189453125 1518303
0.1650390625 0.498046875 0.9189453125 1518304
0.1650390625 0.498046875 0.9189453125 1518304
0.1650390625 0.498046875 0.9189453125 1518305
0.1650390625 0.498046875 0.9189453125 1518305
0.16796875 0.501953125 0.9287109375 1518406
0.16796875 0.501953125 0.9287109375 1518406
0.16796875 0.501953125 0.9287109375 1518407
0.16796875 0.501953125 0.9287109375 1518407
0.16796875 0.501953125 0.9287109375 1518408
0.17822265625 0.49560546875 0.92431640625 1518483
0.166015625 0.50146484375 0.931640625 1518595
0.166015625 0.50146484375 0.931640625 1518596
0.166015625 0.50146484375 0.931640625 1518596
0.166015625 0.50146484375 0.931640625 1518597
0.166015625 0.50146484375 0.931640625 1518598
0.16259765625 0.52197265625 0.92822265625 1518698
0.16259765625 0.52197265625 0.92822265625 1518699
0.16259765625 0.52197265625 0.92822265625 1518699
0.16259765625 0.52197265625 0.92822265625 1518700
0.16259765625 0.52197265625 0.92822265625 1518700
0.162109375 0.53759765625 0.93017578125 1518801
0.162109375 0.53759765625 0.93017578125 1518801
0.162109375 0.53759765625 0.93017578125 1518802
0.162109375 0.53759765625 0.93017578125 1518802
0.16259765625 0.51611328125 0.91162109375 1518904
0.16259765625 0.51611328125 0.91162109375 1518905
0.16259765625 0.51611328125 0.91162109375 1518905
0.16259765625 0.51611328125 0.91162109375 1518905
0.16259765625 0.51611328125 0.91162109375 1518906
0.1513671875 0.49951171875 0.9130859375 1518982
0.1240234375 0.48046875 0.89892578125 1519090
0.1240234375 0.48046875 0.89892578125 1519090
0.1240234375 0.48046875 0.89892578125 1519091
0.1240234375 0.48046875 0.89892578125 1519091
0.1240234375 0.48046875 0.89892578125 1519092
0.1142578125 0.45458984375 0.9091796875 1519198
0.1142578125 0.45458984375 0.9091796875 1519198
0.1142578125 0.45458984375 0.9091796875 1519199
0.1142578125 0.45458984375 0.9091796875 1519199
0.1142578125 0.45458984375 0.9091796875 1519201
0.09716796875 0.46923828125 0.91845703125 1519302
0.09716796875 0.46923828125 0.91845703125 1519303
0.09716796875 0.46923828125 0.91845703125 1519303
0.09716796875 0.46923828125 0.91845703125 1519304
0.09716796875 0.46923828125 0.91845703125 1519304
-0.06103515625 0.52685546875 0.87939453125 1519382
-0.22314453125 0.560546875 0.771484375 1519493
-0.22314453125 0.560546875 0.771484375 1519493
-0.22314453125 0.560546875 0.771484375 1519494
-0.22314453125 0.560546875 0.771484375 1519494
-0.22314453125 0.560546875 0.771484375 1519495
-0.384765625 0.5625 0.623046875 1519598
-0.384765625 0.5625 0.623046875 1519599
-0.384765625 0.5625 0.623046875 1519600
-0.384765625 0.5625 0.623046875 1519600
-0.384765625 0.5625 0.623046875 1519600
-0.537109375 0.5654296875 0.49755859375 1519699
-0.537109375 0.5654296875 0.49755859375 1519699
-0.595703125 0.53759765625 0.369140625 1519801
-0.595703125 0.53759765625 0.369140625 1519801
-0.595703125 0.53759765625 0.369140625 1519802
-0.595703125 0.53759765625 0.369140625 1519802
-0.595703125 0.53759765625 0.369140625 1519802
-0.6455078125 0.49658203125 0.1943359375 1519906
-0.6455078125 0.49658203125 0.1943359375 1519906
-0.6455078125 0.49658203125 0.1943359375 1519907
-0.6455078125 0.49658203125 0.1943359375 1519907
-0.6455078125 0.49658203125 0.1943359375 1519908
-0.6796875 0.49609375 0.0869140625 1519982
-0.6982421875 0.4677734375 0.03125 1520094
-0.6982421875 0.4677734375 0.03125 1520095
-0.6982421875 0.4677734375 0.03125 1520095
-0.6982421875 0.4677734375 0.03125 1520096
-0.6982421875 0.4677734375 0.03125 1520096
-0.685546875 0.455078125 0.01953125 1520197
-0.685546875 0.455078125 0.01953125 1520197
-0.685546875 0.455078125 0.01953125 1520198
-0.685546875 0.455078125 0.01953125 1520198
-0.685546875 0.455078125 0.01953125 1520199
-0.67578125 0.451171875 0.00146484375 1520299
-0.67578125 0.451171875 0.00146484375 1520300
-0.67578125 0.451171875 0.00146484375 1520300
-0.67578125 0.451171875 0.00146484375 1520301
-0.6875 0.46728515625 0.00341796875 1520403
-0.6875 0.46728515625 0.00341796875 1520403
-0.6875 0.46728515625 0.00341796875 1520404
-0.6875 0.46728515625 0.00341796875 1520404
-0.6875 0.46728515625 0.00341796875 1520405
-0.70166015625 0.49072265625 0.0234375 1520481
-0.68408203125 0.505859375 0.13720703125 1520592
-0.68408203125 0.505859375 0.13720703125 1520593
-0.68408203125 0.505859375 0.13720703125 1520593
-0.68408203125 0.505859375 0.13720703125 1520594
-0.68408203125 0.505859375 0.13720703125 1520594
-0.607421875 0.5029296875 0.314453125 1520696
-0.607421875 0.5029296875 0.314453125 1520697
-0.607421875 0.5029296875 0.314453125 1520697
-0.607421875 0.5029296875 0.314453125 1520698
-0.607421875 0.5029296875 0.314453125 1520698
-0.53173828125 0.51123046875 0.4580078125 1520797
-0.53173828125 0.51123046875 0.4580078125 1520798
-0.53173828125 0.51123046875 0.4580078125 1520799
-0.53173828125 0.51123046875 0.4580078125 1520799
-0.53173828125 0.51123046875 0.4580078125 1520800
-0.46044921875 0.5322265625 0.57373046875 1520900
-0.46044921875 0.5322265625 0.57373046875 1520901
-0.46044921875 0.5322265625 0.57373046875 1520901
-0.46044921875 0.5322265625 0.57373046875 1520902
-0.46044921875 0.5322265625 0.57373046875 1520902
-0.373046875 0.5361328125 0.67919921875 1521004
-0.373046875 0.5361328125 0.67919921875 1521004
-0.373046875 0.5361328125 0.67919921875 1521005
-0.373046875 0.5361328125 0.67919921875 1521005
-0.373046875 0.5361328125 0.67919921875 1521006
-0.30712890625 0.52880859375 0.7373046875 1521102
-0.25732421875 0.51708984375 0.7841796875 1521190
-0.25732421875 0.51708984375 0.7841796875 1521191
-0.25732421875 0.51708984375 0.7841796875 1521191
-0.25732421875 0.51708984375 0.7841796875 1521192
-0.25732421875 0.51708984375 0.7841796875 1521192
-0.24462890625 0.50537109375 0.78076171875 1521293
-0.24462890625 0.50537109375 0.78076171875 1521293
-0.24462890625 0.50537109375 0.78076171875 1521294
-0.24462890625 0.50537109375 0.78076171875 1521294
-0.24462890625 0.50537109375 0.78076171875 1521295
-0.2314453125 0.5029296875 0.78271484375 1521398
-0.2314453125 0.5029296875 0.78271484375 1521399
-0.2314453125 0.5029296875 0.78271484375 1521399
-0.2314453125 0.5029296875 0.78271484375 1521400
-0.2314453125 0.5029296875 0.78271484375 1521401
-0.21728515625 0.49365234375 0.791015625 1521498
-0.21728515625 0.49365234375 0.791015625 1521499
-0.21728515625 0.49365234375 0.791015625 1521499
-0.21728515625 0.49365234375 0.791015625 1521500
-0.2255859375 0.49853515625 0.82177734375 1521602
-0.2255859375 0.49853515625 0.82177734375 1521602
-0.2255859375 0.49853515625 0.82177734375 1521602
-0.2255859375 0.49853515625 0.82177734375 1521602
-0.2255859375 0.49853515625 0.82177734375 1521603
-0.2099609375 0.45166015625 0.85595703125 1521679
-0.18310546875 0.43505859375 0.88623046875 1521793
-0.18310546875 0.43505859375 0.88623046875 1521794
-0.18310546875 0.43505859375 0.88623046875 1521794
-0.18310546875 0.43505859375 0.88623046875 1521795
-0.18310546875 0.43505859375 0.88623046875 1521795
-0.1962890625 0.4013671875 0.853515625 1521896
-0.1962890625 0.4013671875 0.853515625 1521897
-0.1962890625 0.4013671875 0.853515625 1521897
-0.1962890625 0.4013671875 0.853515625 1521897
-0.1962890625 0.4013671875 0.853515625 1521898
-0.22802734375 0.43017578125 0.8056640625 1521999
-0.22802734375 0.43017578125 0.8056640625 1521999
-0.22802734375 0.43017578125 0.8056640625 1522000
-0.22802734375 0.43017578125 0.8056640625 1522001
-0.22802734375 0.43017578125 0.8056640625 1522002
-0.25146484375 0.4912109375 0.76904296875 1522101
-0.25146484375 0.4912109375 0.76904296875 1522101
-0.25146484375 0.4912109375 0.76904296875 1522102
-0.25146484375 0.4912109375 0.76904296875 1522102
-0.25146484375 0.4912109375 0.76904296875 1522103
-0.3388671875 0.52587890625 0.64013671875 1522180
-0.3671875 0.57373046875 0.5439453125 1522293
-0.3671875 0.57373046875 0.5439453125 1522293
-0.3671875 0.57373046875 0.5439453125 1522293
-0.3671875 0.57373046875 0.5439453125 1522294
-0.3671875 0.57373046875 0.5439453125 1522294
-0.3720703125 0.66748046875 0.52685546875 1522396
-0.3720703125 0.66748046875 0.52685546875 1522397
-0.3720703125 0.66748046875 0.52685546875 1522397
-0.3720703125 0.66748046875 0.52685546875 1522397
-0.3720703125 0.66748046875 0.52685546875 1522398
-0.400390625 0.73779296875 0.54541015625 1522498
-0.400390625 0.73779296875 0.54541015625 1522499
-0.400390625 0.73779296875 0.54541015625 1522499
-0.400390625 0.73779296875 0.54541015625 1522500
-0.400390625 0.73779296875 0.54541015625 1522500
-0.36669921875 0.689453125 0.53759765625 1522601
-0.36669921875 0.689453125 0.53759765625 1522611
-0.36669921875 0.689453125 0.53759765625 1522611
-0.36669921875 0.689453125 0.53759765625 1522612
-0.36669921875 0.689453125 0.53759765625 1522612
-0.328125 0.810546875 0.56005859375 1522678
-0.1943359375 0.72412109375 0.66064453125 1522791
-0.1943359375 0.72412109375 0.66064453125 1522791
-0.1943359375 0.72412109375 0.66064453125 1522791
-0.1943359375 0.72412109375 0.66064453125 1522792
-0.1943359375 0.72412109375 0.66064453125 1522792
-0.09033203125 0.66845703125 0.779296875 1522898
-0.09033203125 0.66845703125 0.779296875 1522899
-0.09033203125 0.66845703125 0.779296875 1522947
-0.09033203125 0.66845703125 0.779296875 1522948
0.03466796875 0.5908203125 0.841796875 1523001
0.03466796875 0.5908203125 0.841796875 1523001
0.03466796875 0.5908203125 0.841796875 1523002
0.03466796875 0.5908203125 0.841796875 1523003
0.10986328125 0.55859375 0.8974609375 1523080
0.10986328125 0.55859375 0.8974609375 1523080
0.1318359375 0.54345703125 0.91259765625 1523191
0.1318359375 0.54345703125 0.91259765625 1523191
0.1318359375 0.54345703125 0.91259765625 1523192
0.1318359375 0.54345703125 0.91259765625 1523192
0.1318359375 0.54345703125 0.91259765625 1523193
0.1396484375 0.52587890625 0.90234375 1523294
0.1396484375 0.52587890625 0.90234375 1523295
0.1396484375 0.52587890625 0.90234375 1523295
0.1396484375 0.52587890625 0.90234375 1523295
0.1396484375 0.52587890625 0.90234375 1523296
0.14111328125 0.52392578125 0.90380859375 1523395
0.14111328125 0.52392578125 0.90380859375 1523415
0.14111328125 0.52392578125 0.90380859375 1523416
0.14111328125 0.52392578125 0.90380859375 1523416
0.14111328125 0.52392578125 0.90380859375 1523417
0.12451171875 0.501953125 0.89013671875 1523500
0.12451171875 0.501953125 0.89013671875 1523501
0.1494140625 0.521484375 0.91943359375 1523579
0.1494140625 0.521484375 0.91943359375 1523580
0.1494140625 0.521484375 0.91943359375 1523580
0.1494140625 0.521484375 0.91943359375 1523581
0.1533203125 0.51416015625 0.92822265625 1523690
0.1533203125 0.51416015625 0.92822265625 1523690
0.1533203125 0.51416015625 0.92822265625 1523690
0.1533203125 0.51416015625 0.92822265625 1523691
0.1533203125 0.51416015625 0.92822265625 1523691
0.14697265625 0.52001953125 0.93310546875 1523818
0.14697265625 0.52001953125 0.93310546875 1523818
0.14697265625 0.52001953125 0.93310546875 1523819
0.14697265625 0.52001953125 0.93310546875 1523819
0.14697265625 0.52001953125 0.93310546875 1523819
0.146484375 0.525390625 0.92626953125 1523906
0.13037109375 0.50244140625 0.921875 1523986
0.13037109375 0.50244140625 0.921875 1523987
0.13037109375 0.50244140625 0.921875 1523987
0.13037109375 0.50244140625 0.921875 1523988
0.13037109375 0.50244140625 0.921875 1523988
0.12890625 0.4716796875 0.919921875 1524087
0.12890625 0.4716796875 0.919921875 1524087
0.12890625 0.4716796875 0.919921875 1524088
0.12890625 0.4716796875 0.919921875 1524088
0.12890625 0.4716796875 0.919921875 1524088
0.14599609375 0.4404296875 0.916015625 1524189
0.14599609375 0.4404296875 0.916015625 1524190
0.14599609375 0.4404296875 0.916015625 1524190
0.14599609375 0.4404296875 0.916015625 1524192
0.14599609375 0.4404296875 0.916015625 1524192
0.15771484375 0.43603515625 0.9267578125 1524306
0.15771484375 0.43603515625 0.9267578125 1524306
0.15771484375 0.43603515625 0.9267578125 1524307
0.15771484375 0.43603515625 0.9267578125 1524307
0.15771484375 0.43603515625 0.9267578125 1524307
0.15576171875 0.4228515625 0.9443359375 1524394
0.16015625 0.453125 0.96240234375 1524495
0.16015625 0.453125 0.96240234375 1524496
0.16015625 0.453125 0.96240234375 1524496
0.16015625 0.453125 0.96240234375 1524497
0.16015625 0.453125 0.96240234375 1524497
0.1376953125 0.47216796875 0.94580078125 1524598
0.1376953125 0.47216796875 0.94580078125 1524598
0.1376953125 0.47216796875 0.94580078125 1524598
0.1376953125 0.47216796875 0.94580078125 1524599
0.1376953125 0.47216796875 0.94580078125 1524600
0.14453125 0.47265625 0.93359375 1524676
0.1416015625 0.47265625 0.93359375 1524788
0.1416015625 0.47265625 0.93359375 1524789
0.1416015625 0.47265625 0.93359375 1524789
0.1416015625 0.47265625 0.93359375 1524790
0.1416015625 0.47265625 0.93359375 1524790
0.14306640625 0.47705078125 0.93310546875 1524891
0.14306640625 0.47705078125 0.93310546875 1524892
0.14306640625 0.47705078125 0.93310546875 1524892
0.14306640625 0.47705078125 0.93310546875 1524893
0.14306640625 0.47705078125 0.93310546875 1524893
0.1494140625 0.48193359375 0.9345703125 1524998
0.1494140625 0.48193359375 0.9345703125 1524999
0.1494140625 0.48193359375 0.9345703125 1525000
0.1494140625 0.48193359375 0.9345703125 1525000
0.1494140625 0.48193359375 0.9345703125 1525001
0.14892578125 0.490234375 0.9365234375 1525076
0.142578125 0.48095703125 0.9208984375 1525187
0.142578125 0.48095703125 0.9208984375 1525188
0.142578125 0.48095703125 0.9208984375 1525188
0.142578125 0.48095703125 0.9208984375 1525189
0.142578125 0.48095703125 0.9208984375 1525189
0.14013671875 0.48486328125 0.927734375 1525290
0.14013671875 0.48486328125 0.927734375 1525291
0.14013671875 0.48486328125 0.927734375 1525291
0.14013671875 0.48486328125 0.927734375 1525292
0.14013671875 0.48486328125 0.927734375 1525293
0.14111328125 0.4853515625 0.92578125 1525394
0.14111328125 0.4853515625 0.92578125 1525395
0.14111328125 0.4853515625 0.92578125 1525395
0.14111328125 0.4853515625 0.92578125 1525396
0.14111328125 0.4853515625 0.92578125 1525396
0.1474609375 0.47900390625 0.92041015625 1525499
0.1474609375 0.47900390625 0.92041015625 1525500
0.1474609375 0.47900390625 0.92041015625 1525501
0.1474609375 0.47900390625 0.92041015625 1525501
0.1474609375 0.47900390625 0.92041015625 1525502
0.1376953125 0.4873046875 0.92822265625 1525587
0.146484375 0.48828125 0.9306640625 1525676
0.146484375 0.48828125 0.9306640625 1525676
0.146484375 0.48828125 0.9306640625 1525677
0.146484375 0.48828125 0.9306640625 1525678
0.146484375 0.48828125 0.9306640625 1525678
0.14111328125 0.48486328125 0.92333984375 1525788
0.14111328125 0.48486328125 0.92333984375 1525789
0.14111328125 0.48486328125 0.92333984375 1525789
0.14111328125 0.48486328125 0.92333984375 1525790
0.14111328125 0.48486328125 0.92333984375 1525790
0.15234375 0.4892578125 0.92724609375 1525890
0.15234375 0.4892578125 0.92724609375 1525891
0.15234375 0.4892578125 0.92724609375 1525892
0.15234375 0.4892578125 0.92724609375 1525893
0.15234375 0.4892578125 0.92724609375 1525893
0.1435546875 0.490234375 0.92919921875 1525992
0.1435546875 0.490234375 0.92919921875 1525993
0.1435546875 0.490234375 0.92919921875 1525993
0.1435546875 0.490234375 0.92919921875 1525994
0.1435546875 0.490234375 0.92919921875 1525994
0.1455078125 0.490234375 0.92626953125 1526095
0.1455078125 0.490234375 0.92626953125 1526096
0.1455078125 0.490234375 0.92626953125 1526096
0.1455078125 0.490234375 0.92626953125 1526097
0.1455078125 0.490234375 0.92626953125 1526097
0.1572265625 0.490234375 0.931640625 1526197
0.1572265625 0.490234375 0.931640625 1526198
0.1572265625 0.490234375 0.931640625 1526198
0.1572265625 0.490234375 0.931640625 1526199
0.1572265625 0.490234375 0.931640625 1526199
0.1474609375 0.48486328125 0.9228515625 1526275
0.15185546875 0.48095703125 0.9248046875 1526389
0.15185546875 0.48095703125 0.9248046875 1526390
0.15185546875 0.48095703125 0.9248046875 1526391
0.15185546875 0.48095703125 0.9248046875 1526392
0.15185546875 0.48095703125 0.9248046875 1526392
0.13623046875 0.4951171875 0.92822265625 1526491
0.13623046875 0.4951171875 0.92822265625 1526491
0.13623046875 0.4951171875 0.92822265625 1526492
0.13623046875 0.4951171875 0.92822265625 1526492
0.15283203125 0.48828125 0.9248046875 1526595
0.15283203125 0.48828125 0.9248046875 1526596
0.15283203125 0.48828125 0.9248046875 1526596
0.15283203125 0.48828125 0.9248046875 1526597
0.15283203125 0.48828125 0.9248046875 1526597
0.15673828125 0.48876953125 0.92822265625 1526675
0.14306640625 0.49658203125 0.927734375 1526786
0.14306640625 0.49658203125 0.927734375 1526787
0.14306640625 0.49658203125 0.927734375 1526787
0.14306640625 0.49658203125 0.927734375 1526788
0.14306640625 0.49658203125 0.927734375 1526788
0.14794921875 0.49267578125 0.92333984375 1526891
0.14794921875 0.49267578125 0.92333984375 1526892
0.14794921875 0.49267578125 0.92333984375 1526892
0.14794921875 0.49267578125 0.92333984375 1526893
0.14794921875 0.49267578125 0.92333984375 1526894
0.146484375 0.494140625 0.9287109375 1526993
0.146484375 0.494140625 0.9287109375 1526993
0.146484375 0.494140625 0.9287109375 1526994
0.146484375 0.494140625 0.9287109375 1526994
0.146484375 0.494140625 0.9287109375 1526995
0.16357421875 0.4892578125 0.9326171875 1527096
0.16357421875 0.4892578125 0.9326171875 1527097
0.16357421875 0.4892578125 0.9326171875 1527097
0.16357421875 0.4892578125 0.9326171875 1527098
0.16357421875 0.4892578125 0.9326171875 1527098
0.15185546875 0.48974609375 0.92919921875 1527199
0.15185546875 0.48974609375 0.92919921875 1527200
0.15185546875 0.48974609375 0.92919921875 1527200
0.15185546875 0.48974609375 0.92919921875 1527200
0.15185546875 0.48974609375 0.92919921875 1527201
0.15576171875 0.48486328125 0.92919921875 1527301
0.15576171875 0.48486328125 0.92919921875 1527301
0.15576171875 0.48486328125 0.92919921875 1527302
0.15576171875 0.48486328125 0.92919921875 1527302
0.15576171875 0.48486328125 0.92919921875 1527303
0.1455078125 0.4931640625 0.9296875 1527382
0.14892578125 0.48681640625 0.93115234375 1527488
0.14892578125 0.48681640625 0.93115234375 1527488
0.14892578125 0.48681640625 0.93115234375 1527489
0.14892578125 0.48681640625 0.93115234375 1527489
0.14892578125 0.48681640625 0.93115234375 1527489
0.1591796875 0.4833984375 0.9267578125 1527618
0.1591796875 0.4833984375 0.9267578125 1527619
0.1591796875 0.4833984375 0.9267578125 1527622
0.1591796875 0.4833984375 0.9267578125 1527623
0.1591796875 0.4833984375 0.9267578125 1527623
0.15380859375 0.4892578125 0.93017578125 1527693
0.1494140625 0.4873046875 0.92138671875 1527798
0.1494140625 0.4873046875 0.92138671875 1527798
0.1494140625 0.4873046875 0.92138671875 1527799
0.1494140625 0.4873046875 0.92138671875 1527799
0.1494140625 0.4873046875 0.92138671875 1527800
0.154296875 0.4921875 0.931640625 1527877
0.16015625 0.48779296875 0.92919921875 1528015
0.16015625 0.48779296875 0.92919921875 1528016
0.16015625 0.48779296875 0.92919921875 1528016
0.16015625 0.48779296875 0.92919921875 1528017
0.16015625 0.48779296875 0.92919921875 1528018
0.150390625 0.49658203125 0.93359375 1528093
0.1533203125 0.482421875 0.92626953125 1528196
0.1533203125 0.482421875 0.92626953125 1528197
0.1533203125 0.482421875 0.92626953125 1528197
0.1533203125 0.482421875 0.92626953125 1528197
0.1533203125 0.482421875 0.92626953125 1528198
0.1552734375 0.482421875 0.92578125 1528274
0.1513671875 0.4873046875 0.93310546875 1528386
0.1513671875 0.4873046875 0.93310546875 1528387
0.1513671875 0.4873046875 0.93310546875 1528387
0.1513671875 0.4873046875 0.93310546875 1528388
0.1513671875 0.4873046875 0.93310546875 1528388
0.15625 0.48583984375 0.93115234375 1528490
0.15625 0.48583984375 0.93115234375 1528504
0.15625 0.48583984375 0.93115234375 1528505
0.15625 0.48583984375 0.93115234375 1528505
0.15625 0.48583984375 0.93115234375 1528506
0.1552734375 0.484375 0.9228515625 1528590
0.1552734375 0.484375 0.9228515625 1528591
0.1572265625 0.48291015625 0.93115234375 1528695
0.1572265625 0.48291015625 0.93115234375 1528696
0.1572265625 0.48291015625 0.93115234375 1528696
0.1572265625 0.48291015625 0.93115234375 1528697
0.1572265625 0.48291015625 0.93115234375 1528697
0.1572265625 0.48388671875 0.92431640625 1528786
0.16015625 0.48974609375 0.9365234375 1528872
0.16015625 0.48974609375 0.9365234375 1528872
0.16015625 0.48974609375 0.9365234375 1528872
0.16015625 0.48974609375 0.9365234375 1528873
0.16015625 0.48974609375 0.9365234375 1528873
0.1494140625 0.48828125 0.93896484375 1528983
0.1494140625 0.48828125 0.93896484375 1528984
0.1494140625 0.48828125 0.93896484375 1528984
0.1494140625 0.48828125 0.93896484375 1528985
0.1494140625 0.48828125 0.93896484375 1528985
0.1572265625 0.4765625 0.921875 1529086
0.1572265625 0.4765625 0.921875 1529087
0.1572265625 0.4765625 0.921875 1529088
0.1572265625 0.4765625 0.921875 1529088
0.1572265625 0.4765625 0.921875 1529089
0.14990234375 0.47998046875 0.92529296875 1529191
0.14990234375 0.47998046875 0.92529296875 1529192
0.14990234375 0.47998046875 0.92529296875 1529192
0.14990234375 0.47998046875 0.92529296875 1529193
0.14990234375 0.47998046875 0.92529296875 1529195
0.14501953125 0.4853515625 0.93017578125 1529296
0.14501953125 0.4853515625 0.93017578125 1529296
0.14501953125 0.4853515625 0.93017578125 1529297
0.14501953125 0.4853515625 0.93017578125 1529297
0.14501953125 0.4853515625 0.93017578125 1529298
0.1494140625 0.4853515625 0.93017578125 1529374
0.1591796875 0.4814453125 0.93115234375 1529483
0.1591796875 0.4814453125 0.93115234375 1529483
0.1591796875 0.4814453125 0.93115234375 1529483
0.1591796875 0.4814453125 0.93115234375 1529484
0.1591796875 0.4814453125 0.93115234375 1529485
0.1494140625 0.48779296875 0.93115234375 1529585
0.1494140625 0.48779296875 0.93115234375 1529586
0.1494140625 0.48779296875 0.93115234375 1529586
0.1494140625 0.48779296875 0.93115234375 1529586
0.1494140625 0.48779296875 0.93115234375 1529586
0.15234375 0.48193359375 0.9296875 1529687
0.15234375 0.48193359375 0.9296875 1529688
0.15234375 0.48193359375 0.9296875 1529688
0.15234375 0.48193359375 0.9296875 1529688
0.15234375 0.48193359375 0.9296875 1529689
0.15625 0.48193359375 0.9326171875 1529789
0.15625 0.48193359375 0.9326171875 1529790
0.15625 0.48193359375 0.9326171875 1529790
0.15625 0.48193359375 0.9326171875 1529791
0.15625 0.48193359375 0.9326171875 1529792
0.14404296875 0.48583984375 0.9365234375 1529892
0.14404296875 0.48583984375 0.9365234375 1529893
0.14404296875 0.48583984375 0.9365234375 1529893
0.14404296875 0.48583984375 0.9365234375 1529894
0.14404296875 0.48583984375 0.9365234375 1529894
0.14794921875 0.478515625 0.92236328125 1529970
0.1640625 0.4814453125 0.92626953125 1530082
0.1640625 0.4814453125 0.92626953125 1530083
0.1640625 0.4814453125 0.92626953125 1530083
0.1640625 0.4814453125 0.92626953125 1530083
0.1640625 0.4814453125 0.92626953125 1530084
0.15283203125 0.4833984375 0.93115234375 1530184
0.15283203125 0.4833984375 0.93115234375 1530185
0.15283203125 0.4833984375 0.93115234375 1530186
0.15283203125 0.4833984375 0.93115234375 1530186
0.15283203125 0.4833984375 0.93115234375 1530187
0.15087890625 0.4794921875 0.93212890625 1530287
0.15087890625 0.4794921875 0.93212890625 1530288
0.15087890625 0.4794921875 0.93212890625 1530288
0.15087890625 0.4794921875 0.93212890625 1530289
0.15087890625 0.4794921875 0.93212890625 1530289
0.15771484375 0.482421875 0.9345703125 1530389
0.15771484375 0.482421875 0.9345703125 1530389
0.15771484375 0.482421875 0.9345703125 1530390
0.15771484375 0.482421875 0.9345703125 1530390
0.15771484375 0.482421875 0.9345703125 1530391
0.14697265625 0.4794921875 0.92822265625 1530495
0.14697265625 0.4794921875 0.92822265625 1530495
0.14697265625 0.4794921875 0.92822265625 1530496
0.14697265625 0.4794921875 0.92822265625 1530496
0.14697265625 0.4794921875 0.92822265625 1530497
0.16064453125 0.47265625 0.93017578125 1530573
0.15087890625 0.4873046875 0.94091796875 1530683
0.15087890625 0.4873046875 0.94091796875 1530683
0.15087890625 0.4873046875 0.94091796875 1530684
0.15087890625 0.4873046875 0.94091796875 1530684
0.15087890625 0.4873046875 0.94091796875 1530684
0.1484375 0.474609375 0.93408203125 1530789
0.1484375 0.474609375 0.93408203125 1530789
0.1484375 0.474609375 0.93408203125 1530790
0.1484375 0.474609375 0.93408203125 1530790
0.1484375 0.474609375 0.93408203125 1530791
0.142578125 0.4638671875 0.92138671875 1530892
0.142578125 0.4638671875 0.92138671875 1530892
0.142578125 0.4638671875 0.92138671875 1530893
0.142578125 0.4638671875 0.92138671875 1530893
0.142578125 0.4638671875 0.92138671875 1530894
0.146484375 0.47216796875 0.93603515625 1530995
0.146484375 0.47216796875 0.93603515625 1530995
0.146484375 0.47216796875 0.93603515625 1530995
0.146484375 0.47216796875 0.93603515625 1530996
0.146484375 0.47216796875 0.93603515625 1530996
0.14208984375 0.470703125 0.931640625 1531071
0.138671875 0.4775390625 0.9306640625 1531182
0.138671875 0.4775390625 0.9306640625 1531183
0.138671875 0.4775390625 0.9306640625 1531183
0.138671875 0.4775390625 0.9306640625 1531183
0.138671875 0.4775390625 0.9306640625 1531184
0.14453125 0.49609375 0.93896484375 1531287
0.14453125 0.49609375 0.93896484375 1531288
0.14453125 0.49609375 0.93896484375 1531288
0.14453125 0.49609375 0.93896484375 1531289
0.14453125 0.49609375 0.93896484375 1531289
0.14306640625 0.51318359375 0.9296875 1531389
0.14306640625 0.51318359375 0.9296875 1531390
0.14306640625 0.51318359375 0.9296875 1531390
0.14306640625 0.51318359375 0.9296875 1531391
0.14306640625 0.51318359375 0.9296875 1531392
0.13134765625 0.50634765625 0.91796875 1531493
0.13134765625 0.50634765625 0.91796875 1531494
0.13134765625 0.50634765625 0.91796875 1531495
0.13134765625 0.50634765625 0.91796875 1531495
0.13134765625 0.50634765625 0.91796875 1531496
0.119140625 0.505859375 0.9111328125 1531572
0.134765625 0.46435546875 0.92578125 1531684
0.134765625 0.46435546875 0.92578125 1531685
0.134765625 0.46435546875 0.92578125 1531686
0.134765625 0.46435546875 0.92578125 1531686
0.134765625 0.46435546875 0.92578125 1531687
0.12109375 0.44091796875 0.92138671875 1531785
0.12109375 0.44091796875 0.92138671875 1531785
0.12109375 0.44091796875 0.92138671875 1531786
0.12109375 0.44091796875 0.92138671875 1531786
0.12109375 0.44091796875 0.92138671875 1531786
-0.048828125 0.498046875 0.86474609375 1531890
-0.048828125 0.498046875 0.86474609375 1531891
-0.048828125 0.498046875 0.86474609375 1531891
-0.048828125 0.498046875 0.86474609375 1531892
-0.048828125 0.498046875 0.86474609375 1531892
-0.26123046875 0.54736328125 0.73193359375 1531993
-0.26123046875 0.54736328125 0.73193359375 1531994
-0.26123046875 0.54736328125 0.73193359375 1531994
-0.26123046875 0.54736328125 0.73193359375 1531994
-0.26123046875 0.54736328125 0.73193359375 1531995
-0.51123046875 0.5732421875 0.51171875 1532077
-0.61083984375 0.5595703125 0.33984375 1532183
-0.61083984375 0.5595703125 0.33984375 1532183
-0.61083984375 0.5595703125 0.33984375 1532184
-0.61083984375 0.5595703125 0.33984375 1532184
-0.61083984375 0.5595703125 0.33984375 1532185
-0.6572265625 0.52685546875 0.17333984375 1532286
-0.6572265625 0.52685546875 0.17333984375 1532286
-0.6572265625 0.52685546875 0.17333984375 1532287
-0.6572265625 0.52685546875 0.17333984375 1532287
-0.6572265625 0.52685546875 0.17333984375 1532288
-0.66455078125 0.478515625 0.1005859375 1532389
-0.66455078125 0.478515625 0.1005859375 1532389
-0.66455078125 0.478515625 0.1005859375 1532390
-0.66455078125 0.478515625 0.1005859375 1532390
-0.66455078125 0.478515625 0.1005859375 1532390
-0.681640625 0.48974609375 0.04345703125 1532491
-0.681640625 0.48974609375 0.04345703125 1532491
-0.681640625 0.48974609375 0.04345703125 1532492
-0.681640625 0.48974609375 0.04345703125 1532492
-0.681640625 0.48974609375 0.04345703125 1532492
-0.68798828125 0.4970703125 0.05126953125 1532569
-0.65869140625 0.49755859375 0.154296875 1532681
-0.65869140625 0.49755859375 0.154296875 1532682
-0.65869140625 0.49755859375 0.154296875 1532682
-0.65869140625 0.49755859375 0.154296875 1532683
-0.65869140625 0.49755859375 0.154296875 1532683
-0.65234375 0.53125 0.23681640625 1532783
-0.65234375 0.53125 0.23681640625 1532783
-0.65234375 0.53125 0.23681640625 1532784
-0.65234375 0.53125 0.23681640625 1532784
-0.65234375 0.53125 0.23681640625 1532784
-0.580078125 0.54736328125 0.3935546875 1532892
-0.580078125 0.54736328125 0.3935546875 1532892
-0.580078125 0.54736328125 0.3935546875 1532893
-0.580078125 0.54736328125 0.3935546875 1532894
-0.580078125 0.54736328125 0.3935546875 1532895
-0.486328125 0.54541015625 0.52734375 1532978
-0.39794921875 0.5498046875 0.63916015625 1533079
-0.39794921875 0.5498046875 0.63916015625 1533079
-0.39794921875 0.5498046875 0.63916015625 1533080
-0.39794921875 0.5498046875 0.63916015625 1533080
-0.39794921875 0.5498046875 0.63916015625 1533081
-0.294921875 0.529296875 0.73681640625 1533182
-0.294921875 0.529296875 0.73681640625 1533183
-0.294921875 0.529296875 0.73681640625 1533183
-0.294921875 0.529296875 0.73681640625 1533184
-0.294921875 0.529296875 0.73681640625 1533185
-0.23779296875 0.5166015625 0.7802734375 1533287
-0.23779296875 0.5166015625 0.7802734375 1533287
-0.23779296875 0.5166015625 0.7802734375 1533288
-0.23779296875 0.5166015625 0.7802734375 1533288
-0.23779296875 0.5166015625 0.7802734375 1533289
-0.2412109375 0.51904296875 0.7763671875 1533388
-0.2412109375 0.51904296875 0.7763671875 1533389
-0.2412109375 0.51904296875 0.7763671875 1533390
-0.2412109375 0.51904296875 0.7763671875 1533390
-0.2412109375 0.51904296875 0.7763671875 1533391
-0.21337890625 0.5263671875 0.78564453125 1533491
-0.21337890625 0.5263671875 0.78564453125 1533492
-0.21337890625 0.5263671875 0.78564453125 1533492
-0.21337890625 0.5263671875 0.78564453125 1533492
-0.21337890625 0.5263671875 0.78564453125 1533493
-0.19677734375 0.5146484375 0.8095703125 1533568
-0.177734375 0.517578125 0.83544921875 1533682
-0.177734375 0.517578125 0.83544921875 1533682
-0.177734375 0.517578125 0.83544921875 1533683
-0.177734375 0.517578125 0.83544921875 1533683
-0.177734375 0.517578125 0.83544921875 1533683
-0.17333984375 0.505859375 0.837890625 1533784
-0.17333984375 0.505859375 0.837890625 1533785
-0.17333984375 0.505859375 0.837890625 1533785
-0.17333984375 0.505859375 0.837890625 1533786
-0.17333984375 0.505859375 0.837890625 1533786
-0.13818359375 0.46875 0.857421875 1533902
-0.13818359375 0.46875 0.857421875 1533902
-0.13818359375 0.46875 0.857421875 1533903
-0.13818359375 0.46875 0.857421875 1533903
-0.13818359375 0.46875 0.857421875 1533903
-0.11767578125 0.44873046875 0.9052734375 1533967
-0.150390625 0.421875 0.86474609375 1534079
-0.150390625 0.421875 0.86474609375 1534080
-0.150390625 0.421875 0.86474609375 1534080
-0.150390625 0.421875 0.86474609375 1534081
-0.150390625 0.421875 0.86474609375 1534081
-0.17626953125 0.427734375 0.8349609375 1534181
-0.17626953125 0.427734375 0.8349609375 1534181
-0.17626953125 0.427734375 0.8349609375 1534182
-0.17626953125 0.427734375 0.8349609375 1534182
-0.17626953125 0.427734375 0.8349609375 1534183
-0.1982421875 0.4716796875 0.79833984375 1534288
-0.1982421875 0.4716796875 0.79833984375 1534289
-0.1982421875 0.4716796875 0.79833984375 1534289
-0.1982421875 0.4716796875 0.79833984375 1534290
-0.1982421875 0.4716796875 0.79833984375 1534290
-0.2490234375 0.5146484375 0.74072265625 1534367
-0.30322265625 0.56005859375 0.67138671875 1534479
-0.30322265625 0.56005859375 0.67138671875 1534479
-0.30322265625 0.56005859375 0.67138671875 1534480
-0.30322265625 0.56005859375 0.67138671875 1534480
-0.30322265625 0.56005859375 0.67138671875 1534481
-0.3427734375 0.61572265625 0.6181640625 1534583
-0.3427734375 0.61572265625 0.6181640625 1534583
-0.3427734375 0.61572265625 0.6181640625 1534584
-0.3427734375 0.61572265625 0.6181640625 1534584
-0.3427734375 0.61572265625 0.6181640625 1534584
-0.36181640625 0.6689453125 0.60205078125 1534684
-0.36181640625 0.6689453125 0.60205078125 1534685
-0.36181640625 0.6689453125 0.60205078125 1534685
-0.36181640625 0.6689453125 0.60205078125 1534686
-0.36181640625 0.6689453125 0.60205078125 1534686
-0.3681640625 0.68017578125 0.53076171875 1534788
-0.3681640625 0.68017578125 0.53076171875 1534788
-0.3681640625 0.68017578125 0.53076171875 1534789
-0.3681640625 0.68017578125 0.53076171875 1534789
-0.3681640625 0.68017578125 0.53076171875 1534790
-0.32958984375 0.7314453125 0.5625 1534888
-0.32958984375 0.7314453125 0.5625 1534888
-0.32958984375 0.7314453125 0.5625 1534889
-0.32958984375 0.7314453125 0.5625 1534889
-0.32958984375 0.7314453125 0.5625 1534889
-0.3095703125 0.7373046875 0.55859375 1534966
-0.240234375 0.70654296875 0.58544921875 1535077
-0.240234375 0.70654296875 0.58544921875 1535078
-0.240234375 0.70654296875 0.58544921875 1535079
-0.240234375 0.70654296875 0.58544921875 1535079
-0.240234375 0.70654296875 0.58544921875 1535080
-0.15771484375 0.6943359375 0.73583984375 1535185
-0.15771484375 0.6943359375 0.73583984375 1535186
-0.15771484375 0.6943359375 0.73583984375 1535186
-0.15771484375 0.6943359375 0.73583984375 1535187
-0.15771484375 0.6943359375 0.73583984375 1535187
-0.02783203125 0.6123046875 0.818359375 1535271
0.04638671875 0.5830078125 0.8720703125 1535375
0.04638671875 0.5830078125 0.8720703125 1535375
0.04638671875 0.5830078125 0.8720703125 1535376
0.04638671875 0.5830078125 0.8720703125 1535376
0.04638671875 0.5830078125 0.8720703125 1535377
0.06884765625 0.54248046875 0.86865234375 1535479
0.06884765625 0.54248046875 0.86865234375 1535479
0.06884765625 0.54248046875 0.86865234375 1535479
0.06884765625 0.54248046875 0.86865234375 1535480
0.06884765625 0.54248046875 0.86865234375 1535480
0.09375 0.54150390625 0.904296875 1535580
0.09375 0.54150390625 0.904296875 1535580
0.09375 0.54150390625 0.904296875 1535581
0.09375 0.54150390625 0.904296875 1535581
0.09375 0.54150390625 0.904296875 1535582
0.07470703125 0.5361328125 0.90234375 1535684
0.07470703125 0.5361328125 0.90234375 1535685
0.07470703125 0.5361328125 0.90234375 1535685
0.07470703125 0.5361328125 0.90234375 1535685
0.07470703125 0.5361328125 0.90234375 1535686
0.103515625 0.49853515625 0.89453125 1535786
0.103515625 0.49853515625 0.89453125 1535787
0.103515625 0.49853515625 0.89453125 1535787
0.103515625 0.49853515625 0.89453125 1535787
0.103515625 0.49853515625 0.89453125 1535788
0.0927734375 0.50927734375 0.91064453125 1535890
0.0927734375 0.50927734375 0.91064453125 1535890
0.0927734375 0.50927734375 0.91064453125 1535891
0.0927734375 0.50927734375 0.91064453125 1535892
0.0927734375 0.50927734375 0.91064453125 1535892
0.0986328125 0.51904296875 0.9189453125 1535968
0.10791015625 0.50244140625 0.91796875 1536080
0.10791015625 0.50244140625 0.91796875 1536080
0.10791015625 0.50244140625 0.91796875 1536081
0.10791015625 0.50244140625 0.91796875 1536081
0.10791015625 0.50244140625 0.91796875 1536083
0.13525390625 0.51708984375 0.935546875 1536182
0.13525390625 0.51708984375 0.935546875 1536182
0.13525390625 0.51708984375 0.935546875 1536182
0.13525390625 0.51708984375 0.935546875 1536183
0.13134765625 0.50439453125 0.92919921875 1536286
0.13134765625 0.50439453125 0.92919921875 1536287
0.13134765625 0.50439453125 0.92919921875 1536288
0.13134765625 0.50439453125 0.92919921875 1536288
0.13134765625 0.50439453125 0.92919921875 1536288
0.140625 0.4892578125 0.91845703125 1536364
0.140625 0.47412109375 0.91650390625 1536476
0.140625 0.47412109375 0.91650390625 1536477
0.140625 0.47412109375 0.91650390625 1536477
0.140625 0.47412109375 0.91650390625 1536478
0.140625 0.47412109375 0.91650390625 1536478
0.1337890625 0.4658203125 0.92333984375 1536579
0.1337890625 0.4658203125 0.92333984375 1536579
0.1337890625 0.4658203125 0.92333984375 1536580
0.1337890625 0.4658203125 0.92333984375 1536580
0.1337890625 0.4658203125 0.92333984375 1536580
0.169921875 0.4423828125 0.93701171875 1536681
0.169921875 0.4423828125 0.93701171875 1536682
0.169921875 0.4423828125 0.93701171875 1536682
0.169921875 0.4423828125 0.93701171875 1536683
0.169921875 0.4423828125 0.93701171875 1536683
0.16845703125 0.43408203125 0.9404296875 1536783
0.16845703125 0.43408203125 0.9404296875 1536783
0.16845703125 0.43408203125 0.9404296875 1536784
0.16845703125 0.43408203125 0.9404296875 1536785
0.16845703125 0.43408203125 0.9404296875 1536786
0.16357421875 0.45458984375 0.94873046875 1536886
0.16357421875 0.45458984375 0.94873046875 1536887
0.16357421875 0.45458984375 0.94873046875 1536888
0.16357421875 0.45458984375 0.94873046875 1536888
0.16357421875 0.45458984375 0.94873046875 1536889
0.16259765625 0.47021484375 0.93896484375 1536964
0.16552734375 0.470703125 0.94140625 1537077
0.16552734375 0.470703125 0.94140625 1537078
0.16552734375 0.470703125 0.94140625 1537078
0.16552734375 0.470703125 0.94140625 1537079
0.16552734375 0.470703125 0.94140625 1537079
0.16015625 0.46240234375 0.9345703125 1537180
0.16015625 0.46240234375 0.9345703125 1537181
0.16015625 0.46240234375 0.9345703125 1537181
0.16015625 0.46240234375 0.9345703125 1537182
0.16015625 0.46240234375 0.9345703125 1537182
0.15869140625 0.47802734375 0.9443359375 1537284
0.15869140625 0.47802734375 0.9443359375 1537284
0.15869140625 0.47802734375 0.9443359375 1537284
0.15869140625 0.47802734375 0.9443359375 1537285
0.15869140625 0.47802734375 0.9443359375 1537285
0.17138671875 0.4755859375 0.93359375 1537384
0.17138671875 0.4755859375 0.93359375 1537384
0.17138671875 0.4755859375 0.93359375 1537385
0.17138671875 0.4755859375 0.93359375 1537385
0.17138671875 0.4755859375 0.93359375 1537385
0.1611328125 0.4814453125 0.931640625 1537463
0.1708984375 0.47509765625 0.931640625 1537576
0.1708984375 0.47509765625 0.931640625 1537578
0.1708984375 0.47509765625 0.931640625 1537578
0.1708984375 0.47509765625 0.931640625 1537579
0.1708984375 0.47509765625 0.931640625 1537579
0.171875 0.482421875 0.93212890625 1537678
0.171875 0.482421875 0.93212890625 1537679
0.171875 0.482421875 0.93212890625 1537679
0.171875 0.482421875 0.93212890625 1537679
0.15380859375 0.4873046875 0.93408203125 1537779
0.15380859375 0.4873046875 0.93408203125 1537780
0.15380859375 0.4873046875 0.93408203125 1537780
0.15380859375 0.4873046875 0.93408203125 1537781
0.15380859375 0.4873046875 0.93408203125 1537781
0.171875 0.4775390625 0.9306640625 1537877
0.15673828125 0.48291015625 0.93408203125 1537986
0.15673828125 0.48291015625 0.93408203125 1537987
0.15673828125 0.48291015625 0.93408203125 1537987
0.15673828125 0.48291015625 0.93408203125 1537988
0.15673828125 0.48291015625 0.93408203125 1537988
0.17138671875 0.482421875 0.92626953125 1538063
0.1611328125 0.48193359375 0.935546875 1538175
0.1611328125 0.48193359375 0.935546875 1538176
0.1611328125 0.48193359375 0.935546875 1538176
0.1611328125 0.48193359375 0.935546875 1538177
0.1611328125 0.48193359375 0.935546875 1538177
0.1591796875 0.4833984375 0.927734375 1538281
0.1591796875 0.4833984375 0.927734375 1538282
0.1591796875 0.4833984375 0.927734375 1538283
0.1591796875 0.4833984375 0.927734375 1538283
0.1591796875 0.4833984375 0.927734375 1538284
0.16015625 0.4912109375 0.93408203125 1538384
0.16015625 0.4912109375 0.93408203125 1538385
0.16015625 0.4912109375 0.93408203125 1538385
0.16015625 0.4912109375 0.93408203125 1538386
0.16015625 0.4912109375 0.93408203125 1538386
0.16943359375 0.4794921875 0.9345703125 1538472
0.16162109375 0.4892578125 0.94091796875 1538574
0.16162109375 0.4892578125 0.94091796875 1538575
0.16162109375 0.4892578125 0.94091796875 1538575
0.16162109375 0.4892578125 0.94091796875 1538576
0.16162109375 0.4892578125 0.94091796875 1538576
0.16796875 0.478515625 0.9287109375 1538677
0.16796875 0.478515625 0.9287109375 1538678
0.16796875 0.478515625 0.9287109375 1538678
0.16796875 0.478515625 0.9287109375 1538679
0.16796875 0.478515625 0.9287109375 1538679
0.162109375 0.48193359375 0.92919921875 1538778
0.162109375 0.48193359375 0.92919921875 1538779
0.162109375 0.48193359375 0.92919921875 1538779
0.162109375 0.48193359375 0.92919921875 1538780
0.162109375 0.48193359375 0.92919921875 1538780
0.169921875 0.47607421875 0.93310546875 1538880
0.169921875 0.47607421875 0.93310546875 1538881
0.169921875 0.47607421875 0.93310546875 1538881
0.169921875 0.47607421875 0.93310546875 1538882
0.169921875 0.47607421875 0.93310546875 1538883
0.1630859375 0.48779296875 0.93896484375 1538985
0.1630859375 0.48779296875 0.93896484375 1538989
0.1630859375 0.48779296875 0.93896484375 1538992
0.1630859375 0.48779296875 0.93896484375 1538994
0.1630859375 0.48779296875 0.93896484375 1538994
0.16943359375 0.47216796875 0.921875 1539062
0.16162109375 0.4794921875 0.93115234375 1539176
0.16162109375 0.4794921875 0.93115234375 1539177
0.16162109375 0.4794921875 0.93115234375 1539178
0.16162109375 0.4794921875 0.93115234375 1539178
0.16162109375 0.4794921875 0.93115234375 1539179
0.169921875 0.47509765625 0.9326171875 1539282
0.169921875 0.47509765625 0.9326171875 1539283
0.169921875 0.47509765625 0.9326171875 1539283
0.169921875 0.47509765625 0.9326171875 1539283
0.169921875 0.47509765625 0.9326171875 1539284
0.1630859375 0.4853515625 0.93798828125 1539384
0.1630859375 0.4853515625 0.93798828125 1539385
0.1630859375 0.4853515625 0.93798828125 1539385
0.1630859375 0.4853515625 0.93798828125 1539385
0.1630859375 0.4853515625 0.93798828125 1539386
0.16796875 0.4755859375 0.92822265625 1539462
0.16015625 0.4794921875 0.931640625 1539573
0.16015625 0.4794921875 0.931640625 1539573
0.16015625 0.4794921875 0.931640625 1539574
0.16015625 0.4794921875 0.931640625 1539574
0.16015625 0.4794921875 0.931640625 1539575
0.1728515625 0.466796875 0.92529296875 1539676
0.1728515625 0.466796875 0.92529296875 1539676
0.1728515625 0.466796875 0.92529296875 1539677
0.1728515625 0.466796875 0.92529296875 1539677
0.1728515625 0.466796875 0.92529296875 1539678
0.16796875 0.484375 0.939453125 1539778
0.16796875 0.484375 0.939453125 1539780
0.16796875 0.484375 0.939453125 1539780
0.16796875 0.484375 0.939453125 1539780
0.16943359375 0.484375 0.94287109375 1539881
0.16943359375 0.484375 0.94287109375 1539881
0.16943359375 0.484375 0.94287109375 1539882
0.16943359375 0.484375 0.94287109375 1539882
0.16943359375 0.484375 0.94287109375 1539882
0.169921875 0.47705078125 0.92919921875 1539960
0.162109375 0.47705078125 0.92724609375 1540074
0.162109375 0.47705078125 0.92724609375 1540075
0.162109375 0.47705078125 0.92724609375 1540075
0.162109375 0.47705078125 0.92724609375 1540076
0.162109375 0.47705078125 0.92724609375 1540076
0.17333984375 0.47509765625 0.9306640625 1540174
0.173828125 0.47802734375 0.93310546875 1540276
0.173828125 0.47802734375 0.93310546875 1540277
0.173828125 0.47802734375 0.93310546875 1540277
0.173828125 0.47802734375 0.93310546875 1540278
0.173828125 0.47802734375 0.93310546875 1540278
0.16650390625 0.48095703125 0.93603515625 1540382
0.16650390625 0.48095703125 0.93603515625 1540383
0.16650390625 0.48095703125 0.93603515625 1540383
0.16650390625 0.48095703125 0.93603515625 1540383
0.16650390625 0.48095703125 0.93603515625 1540384
0.17431640625 0.4775390625 0.93359375 1540484
0.17431640625 0.4775390625 0.93359375 1540485
0.17431640625 0.4775390625 0.93359375 1540486
0.17431640625 0.4775390625 0.93359375 1540486
0.17431640625 0.4775390625 0.93359375 1540486
0.16455078125 0.47705078125 0.9267578125 1540561
0.1728515625 0.47900390625 0.93701171875 1540673
0.1728515625 0.47900390625 0.93701171875 1540674
0.1728515625 0.47900390625 0.93701171875 1540674
0.1728515625 0.47900390625 0.93701171875 1540675
0.1728515625 0.47900390625 0.93701171875 1540675
0.1669921875 0.478515625 0.9306640625 1540774
0.1669921875 0.478515625 0.9306640625 1540774
0.1669921875 0.478515625 0.9306640625 1540775
0.1669921875 0.478515625 0.9306640625 1540775
0.1669921875 0.478515625 0.9306640625 1540776
0.16943359375 0.48193359375 0.9375 1540877
0.16943359375 0.48193359375 0.9375 1540878
0.16943359375 0.48193359375 0.9375 1540878
0.16943359375 0.48193359375 0.9375 1540879
0.16943359375 0.48193359375 0.9375 1540880
0.166015625 0.4765625 0.9306640625 1540981
0.166015625 0.4765625 0.9306640625 1540981
0.166015625 0.4765625 0.9306640625 1540982
0.166015625 0.4765625 0.9306640625 1540982
0.166015625 0.4765625 0.9306640625 1540983
0.16845703125 0.48291015625 0.93505859375 1541084
0.16845703125 0.48291015625 0.93505859375 1541085
0.16845703125 0.48291015625 0.93505859375 1541085
0.16845703125 0.48291015625 0.93505859375 1541086
0.16845703125 0.48291015625 0.93505859375 1541087
0.17626953125 0.47509765625 0.935546875 1541162
0.1650390625 0.4833984375 0.93701171875 1541270
0.1650390625 0.4833984375 0.93701171875 1541271
0.1650390625 0.4833984375 0.93701171875 1541271
0.1650390625 0.4833984375 0.93701171875 1541272
0.1650390625 0.4833984375 0.93701171875 1541272
0.1728515625 0.4755859375 0.927734375 1541374
0.1728515625 0.4755859375 0.927734375 1541374
0.1728515625 0.4755859375 0.927734375 1541375
0.1728515625 0.4755859375 0.927734375 1541375
0.1728515625 0.4755859375 0.927734375 1541375
0.1767578125 0.4833984375 0.93798828125 1541476
0.1767578125 0.4833984375 0.93798828125 1541477
0.1767578125 0.4833984375 0.93798828125 1541478
0.1767578125 0.4833984375 0.93798828125 1541478
0.1767578125 0.4833984375 0.93798828125 1541479
0.17333984375 0.47998046875 0.93115234375 1541585
0.17333984375 0.47998046875 0.93115234375 1541586
0.17333984375 0.47998046875 0.93115234375 1541587
0.17333984375 0.47998046875 0.93115234375 1541587
0.17333984375 0.47998046875 0.93115234375 1541588
0.169921875 0.48193359375 0.93212890625 1541672
0.17138671875 0.48291015625 0.92626953125 1541776
0.17138671875 0.48291015625 0.92626953125 1541777
0.17138671875 0.48291015625 0.92626953125 1541778
0.17138671875 0.48291015625 0.92626953125 1541778
0.17138671875 0.48291015625 0.92626953125 1541779
0.1689453125 0.48779296875 0.93896484375 1541879
0.1689453125 0.48779296875 0.93896484375 1541879
0.1689453125 0.48779296875 0.93896484375 1541880
0.1689453125 0.48779296875 0.93896484375 1541880
0.1689453125 0.48779296875 0.93896484375 1541881
0.17919921875 0.47119140625 0.92578125 1541982
0.17919921875 0.47119140625 0.92578125 1541983
0.17919921875 0.47119140625 0.92578125 1541983
0.17919921875 0.47119140625 0.92578125 1541983
0.17919921875 0.47119140625 0.92578125 1541984
0.169921875 0.47998046875 0.93017578125 1542059
0.17333984375 0.48046875 0.93408203125 1542172
0.17333984375 0.48046875 0.93408203125 1542172
0.17333984375 0.48046875 0.93408203125 1542173
0.17333984375 0.48046875 0.93408203125 1542173
0.17333984375 0.48046875 0.93408203125 1542174
0.1708984375 0.47705078125 0.93408203125 1542273
0.1708984375 0.47705078125 0.93408203125 1542274
0.1708984375 0.47705078125 0.93408203125 1542274
0.1708984375 0.47705078125 0.93408203125 1542275
0.1708984375 0.47705078125 0.93408203125 1542275
0.16259765625 0.48193359375 0.931640625 1542376
0.16259765625 0.48193359375 0.931640625 1542377
0.16259765625 0.48193359375 0.931640625 1542377
0.16259765625 0.48193359375 0.931640625 1542377
0.17236328125 0.47216796875 0.9248046875 1542481
0.17236328125 0.47216796875 0.9248046875 1542481
0.17236328125 0.47216796875 0.9248046875 1542482
0.17236328125 0.47216796875 0.9248046875 1542483
0.17236328125 0.47216796875 0.9248046875 1542483
0.17236328125 0.4755859375 0.9365234375 1542558
0.1630859375 0.4833984375 0.9423828125 1542669
0.1630859375 0.4833984375 0.9423828125 1542670
0.1630859375 0.4833984375 0.9423828125 1542670
0.1630859375 0.4833984375 0.9423828125 1542670
0.1630859375 0.4833984375 0.9423828125 1542670
0.1767578125 0.47216796875 0.92626953125 1542772
0.1767578125 0.47216796875 0.92626953125 1542772
0.1767578125 0.47216796875 0.92626953125 1542773
0.1767578125 0.47216796875 0.92626953125 1542773
0.1767578125 0.47216796875 0.92626953125 1542774
0.169921875 0.47314453125 0.92919921875 1542875
0.169921875 0.47314453125 0.92919921875 1542876
0.169921875 0.47314453125 0.92919921875 1542877
0.169921875 0.47314453125 0.92919921875 1542877
0.169921875 0.47314453125 0.92919921875 1542878
0.16943359375 0.48095703125 0.93701171875 1542975
0.16552734375 0.47412109375 0.92138671875 1543080
0.16552734375 0.47412109375 0.92138671875 1543080
0.16552734375 0.47412109375 0.92138671875 1543081
0.16552734375 0.47412109375 0.92138671875 1543081
0.16552734375 0.47412109375 0.92138671875 1543081
0.171875 0.47900390625 0.92822265625 1543158
0.1630859375 0.48193359375 0.93408203125 1543269
0.1630859375 0.48193359375 0.93408203125 1543270
0.1630859375 0.48193359375 0.93408203125 1543271
0.1630859375 0.48193359375 0.93408203125 1543271
0.1630859375 0.48193359375 0.93408203125 1543271
0.1796875 0.48095703125 0.935546875 1543371
0.1796875 0.48095703125 0.935546875 1543372
0.1796875 0.48095703125 0.935546875 1543372
0.1796875 0.48095703125 0.935546875 1543373
0.1796875 0.48095703125 0.935546875 1543373
0.16845703125 0.482421875 0.93212890625 1543476
0.16845703125 0.482421875 0.93212890625 1543477
0.16845703125 0.482421875 0.93212890625 1543478
0.16845703125 0.482421875 0.93212890625 1543478
0.17529296875 0.4814453125 0.931640625 1543579
0.17529296875 0.4814453125 0.931640625 1543580
0.17529296875 0.4814453125 0.931640625 1543580
0.17529296875 0.4814453125 0.931640625 1543582
0.17529296875 0.4814453125 0.931640625 1543582
0.171875 0.48046875 0.92431640625 1543657
0.17626953125 0.48046875 0.9296875 1543769
0.17626953125 0.48046875 0.9296875 1543770
0.17626953125 0.48046875 0.9296875 1543770
0.17626953125 0.48046875 0.9296875 1543771
0.17626953125 0.48046875 0.9296875 1543771
0.18017578125 0.48681640625 0.9404296875 1543872
0.18017578125 0.48681640625 0.9404296875 1543872
0.18017578125 0.48681640625 0.9404296875 1543872
0.18017578125 0.48681640625 0.9404296875 1543873
0.18017578125 0.48681640625 0.9404296875 1543873
0.166015625 0.49560546875 0.93359375 1543976
0.166015625 0.49560546875 0.93359375 1543976
0.166015625 0.49560546875 0.93359375 1543977
0.166015625 0.49560546875 0.93359375 1543977
0.166015625 0.49560546875 0.93359375 1543977
0.17236328125 0.50146484375 0.927734375 1544077
0.17236328125 0.50146484375 0.927734375 1544078
0.17236328125 0.50146484375 0.927734375 1544079
0.17236328125 0.50146484375 0.927734375 1544079
0.17236328125 0.50146484375 0.927734375 1544080
0.1611328125 0.54052734375 0.9423828125 1544179
0.1611328125 0.54052734375 0.9423828125 1544180
0.1611328125 0.54052734375 0.9423828125 1544180
0.1611328125 0.54052734375 0.9423828125 1544181
0.1611328125 0.54052734375 0.9423828125 1544181
0.15673828125 0.52734375 0.912109375 1544258
0.13134765625 0.494140625 0.89892578125 1544368
0.13134765625 0.494140625 0.89892578125 1544369
0.13134765625 0.494140625 0.89892578125 1544369
0.13134765625 0.494140625 0.89892578125 1544369
0.13134765625 0.494140625 0.89892578125 1544369
0.1015625 0.44287109375 0.8994140625 1544471
0.1015625 0.44287109375 0.8994140625 1544472
0.1015625 0.44287109375 0.8994140625 1544472
0.1015625 0.44287109375 0.8994140625 1544473
0.1015625 0.44287109375 0.8994140625 1544473
0.0791015625 0.4482421875 0.90625 1544573
0.0791015625 0.4482421875 0.90625 1544573
0.0791015625 0.4482421875 0.90625 1544574
0.0791015625 0.4482421875 0.90625 1544574
0.0791015625 0.4482421875 0.90625 1544574
-0.08935546875 0.517578125 0.85693359375 1544677
-0.08935546875 0.517578125 0.85693359375 1544677
-0.08935546875 0.517578125 0.85693359375 1544678
-0.08935546875 0.517578125 0.85693359375 1544679
-0.08935546875 0.517578125 0.85693359375 1544679
-0.2734375 0.56982421875 0.7294921875 1544785
-0.2734375 0.56982421875 0.7294921875 1544785
-0.2734375 0.56982421875 0.7294921875 1544786
-0.2734375 0.56982421875 0.7294921875 1544786
-0.2734375 0.56982421875 0.7294921875 1544787
-0.43115234375 0.59423828125 0.5478515625 1544872
-0.5107421875 0.58203125 0.4560546875 1544975
-0.5107421875 0.58203125 0.4560546875 1544976
-0.5107421875 0.58203125 0.4560546875 1544977
-0.5107421875 0.58203125 0.4560546875 1544977
-0.5107421875 0.58203125 0.4560546875 1544978
-0.59423828125 0.5634765625 0.35107421875 1545077
-0.59423828125 0.5634765625 0.35107421875 1545077
-0.59423828125 0.5634765625 0.35107421875 1545078
-0.59423828125 0.5634765625 0.35107421875 1545078
-0.59423828125 0.5634765625 0.35107421875 1545079
-0.638671875 0.54248046875 0.2001953125 1545155
-0.65478515625 0.51220703125 0.09130859375 1545267
-0.65478515625 0.51220703125 0.09130859375 1545268
-0.65478515625 0.51220703125 0.09130859375 1545268
-0.65478515625 0.51220703125 0.09130859375 1545269
-0.65478515625 0.51220703125 0.09130859375 1545270
-0.677734375 0.5068359375 0.0390625 1545369
-0.677734375 0.5068359375 0.0390625 1545369
-0.677734375 0.5068359375 0.0390625 1545370
-0.677734375 0.5068359375 0.0390625 1545370
-0.677734375 0.5068359375 0.0390625 1545371
-0.66357421875 0.50634765625 -0.0009765625 1545472
-0.66357421875 0.50634765625 -0.0009765625 1545473
-0.66357421875 0.50634765625 -0.0009765625 1545474
-0.66357421875 0.50634765625 -0.0009765625 1545474
-0.66357421875 0.50634765625 -0.0009765625 1545474
-0.65478515625 0.49853515625 -0.0546875 1545577
-0.65478515625 0.49853515625 -0.0546875 1545577
-0.65478515625 0.49853515625 -0.0546875 1545578
-0.65478515625 0.49853515625 -0.0546875 1545578
-0.65478515625 0.49853515625 -0.0546875 1545579
-0.685546875 0.50830078125 -0.046875 1545678
-0.685546875 0.50830078125 -0.046875 1545679
-0.685546875 0.50830078125 -0.046875 1545679
-0.685546875 0.50830078125 -0.046875 1545679
-0.685546875 0.50830078125 -0.046875 1545680
-0.6875 0.50537109375 -0.03759765625 1545755
-0.6748046875 0.51171875 -0.0107421875 1545866
-0.6748046875 0.51171875 -0.0107421875 1545867
-0.6748046875 0.51171875 -0.0107421875 1545868
-0.6748046875 0.51171875 -0.0107421875 1545868
-0.6748046875 0.51171875 -0.0107421875 1545869
-0.67431640625 0.529296875 0.0712890625 1545971
-0.67431640625 0.529296875 0.0712890625 1545972
-0.67431640625 0.529296875 0.0712890625 1545973
-0.67431640625 0.529296875 0.0712890625 1545973
-0.67431640625 0.529296875 0.0712890625 1545974
-0.6298828125 0.55078125 0.25732421875 1546074
-0.6298828125 0.55078125 0.25732421875 1546075
-0.6298828125 0.55078125 0.25732421875 1546077
-0.6298828125 0.55078125 0.25732421875 1546077
-0.55517578125 0.52978515625 0.39501953125 1546177
-0.55517578125 0.52978515625 0.39501953125 1546178
-0.55517578125 0.52978515625 0.39501953125 1546178
-0.55517578125 0.52978515625 0.39501953125 1546179
-0.55517578125 0.52978515625 0.39501953125 1546180
-0.47412109375 0.552734375 0.54345703125 1546255
-0.3896484375 0.544921875 0.6376953125 1546367
-0.3896484375 0.544921875 0.6376953125 1546367
-0.3896484375 0.544921875 0.6376953125 1546368
-0.3896484375 0.544921875 0.6376953125 1546368
-0.3896484375 0.544921875 0.6376953125 1546368
-0.32763671875 0.533203125 0.701171875 1546468
-0.32763671875 0.533203125 0.701171875 1546468
-0.32763671875 0.533203125 0.701171875 1546469
-0.32763671875 0.533203125 0.701171875 1546469
-0.32763671875 0.533203125 0.701171875 1546472
-0.2626953125 0.52783203125 0.76611328125 1546571
-0.2626953125 0.52783203125 0.76611328125 1546571
-0.2626953125 0.52783203125 0.76611328125 1546572
-0.2626953125 0.52783203125 0.76611328125 1546572
-0.2626953125 0.52783203125 0.76611328125 1546573
-0.21484375 0.51025390625 0.84228515625 1546672
-0.21484375 0.51025390625 0.84228515625 1546673
-0.21484375 0.51025390625 0.84228515625 1546673
-0.21484375 0.51025390625 0.84228515625 1546674
-0.21484375 0.51025390625 0.84228515625 1546674
-0.15771484375 0.45361328125 0.87890625 1546777
-0.15771484375 0.45361328125 0.87890625 1546778
-0.15771484375 0.45361328125 0.87890625 1546778
-0.15771484375 0.45361328125 0.87890625 1546779
-0.15771484375 0.45361328125 0.87890625 1546780
-0.15087890625 0.43408203125 0.85009765625 1546854
-0.1767578125 0.443359375 0.82373046875 1546972
-0.1767578125 0.443359375 0.82373046875 1546973
-0.1767578125 0.443359375 0.82373046875 1546973
-0.1767578125 0.443359375 0.82373046875 1546974
-0.1767578125 0.443359375 0.82373046875 1546974
-0.2021484375 0.4521484375 0.7939453125 1547073
-0.2021484375 0.4521484375 0.7939453125 1547073
-0.2021484375 0.4521484375 0.7939453125 1547074
-0.2021484375 0.4521484375 0.7939453125 1547074
-0.2021484375 0.4521484375 0.7939453125 1547075
-0.2587890625 0.5185546875 0.7392578125 1547175
-0.2587890625 0.5185546875 0.7392578125 1547176
-0.2587890625 0.5185546875 0.7392578125 1547176
-0.2587890625 0.5185546875 0.7392578125 1547177
-0.2587890625 0.5185546875 0.7392578125 1547177
-0.2626953125 0.5478515625 0.7021484375 1547254
-0.3203125 0.58056640625 0.63720703125 1547369
-0.3203125 0.58056640625 0.63720703125 1547369
-0.3203125 0.58056640625 0.63720703125 1547370
-0.3203125 0.58056640625 0.63720703125 1547370
-0.3203125 0.58056640625 0.63720703125 1547371
-0.33544921875 0.64111328125 0.60986328125 1547473
-0.33544921875 0.64111328125 0.60986328125 1547474
-0.33544921875 0.64111328125 0.60986328125 1547474
-0.33544921875 0.64111328125 0.60986328125 1547474
-0.33544921875 0.64111328125 0.60986328125 1547475
-0.3349609375 0.69921875 0.61865234375 1547575
-0.3349609375 0.69921875 0.61865234375 1547577
-0.3349609375 0.69921875 0.61865234375 1547577
-0.3349609375 0.69921875 0.61865234375 1547578
-0.3349609375 0.69921875 0.61865234375 1547578
-0.31591796875 0.68994140625 0.6015625 1547653
-0.31396484375 0.7333984375 0.556640625 1547764
-0.31396484375 0.7333984375 0.556640625 1547765
-0.31396484375 0.7333984375 0.556640625 1547765
-0.31396484375 0.7333984375 0.556640625 1547765
-0.31396484375 0.7333984375 0.556640625 1547766
-0.234375 0.75 0.64453125 1547868
-0.234375 0.75 0.64453125 1547869
-0.234375 0.75 0.64453125 1547869
-0.234375 0.75 0.64453125 1547870
-0.234375 0.75 0.64453125 1547870
-0.13525390625 0.7041015625 0.7412109375 1547981
-0.13525390625 0.7041015625 0.7412109375 1547981
-0.13525390625 0.7041015625 0.7412109375 1547982
-0.13525390625 0.7041015625 0.7412109375 1547982
-0.13525390625 0.7041015625 0.7412109375 1547983
0.0107421875 0.634765625 0.84912109375 1548071
0.099609375 0.5712890625 0.86767578125 1548176
0.099609375 0.5712890625 0.86767578125 1548176
0.099609375 0.5712890625 0.86767578125 1548177
0.099609375 0.5712890625 0.86767578125 1548177
0.099609375 0.5712890625 0.86767578125 1548178
0.1220703125 0.54931640625 0.88623046875 1548252
0.14013671875 0.53955078125 0.904296875 1548365
0.14013671875 0.53955078125 0.904296875 1548366
0.14013671875 0.53955078125 0.904296875 1548366
0.14013671875 0.53955078125 0.904296875 1548366
0.14013671875 0.53955078125 0.904296875 1548367
0.14453125 0.53564453125 0.90966796875 1548469
0.14453125 0.53564453125 0.90966796875 1548470
0.14453125 0.53564453125 0.90966796875 1548471
0.14453125 0.53564453125 0.90966796875 1548471
0.14453125 0.53564453125 0.90966796875 1548472
0.1328125 0.5126953125 0.89208984375 1548569
0.1494140625 0.53271484375 0.916015625 1548674
0.1494140625 0.53271484375 0.916015625 1548675
0.1494140625 0.53271484375 0.916015625 1548675
0.1494140625 0.53271484375 0.916015625 1548676
0.1494140625 0.53271484375 0.916015625 1548676
0.1591796875 0.54052734375 0.9296875 1548751
0.14599609375 0.52783203125 0.9140625 1548863
0.14599609375 0.52783203125 0.9140625 1548864
0.14599609375 0.52783203125 0.9140625 1548864
0.14599609375 0.52783203125 0.9140625 1548865
0.14599609375 0.52783203125 0.9140625 1548865
0.150390625 0.4970703125 0.9130859375 1548971
0.150390625 0.4970703125 0.9130859375 1548971
0.150390625 0.4970703125 0.9130859375 1548972
0.150390625 0.4970703125 0.9130859375 1548973
0.150390625 0.4970703125 0.9130859375 1548973
0.13134765625 0.470703125 0.8984375 1549074
0.13134765625 0.470703125 0.8984375 1549075
0.13134765625 0.470703125 0.8984375 1549076
0.13134765625 0.470703125 0.8984375 1549076
0.13134765625 0.470703125 0.8984375 1549077
0.146484375 0.44140625 0.92138671875 1549151
0.16943359375 0.4345703125 0.93603515625 1549265
0.16943359375 0.4345703125 0.93603515625 1549266
0.16943359375 0.4345703125 0.93603515625 1549266
0.16943359375 0.4345703125 0.93603515625 1549267
0.16943359375 0.4345703125 0.93603515625 1549267
0.15380859375 0.46240234375 0.94775390625 1549352
0.15380859375 0.47265625 0.9462890625 1549465
0.15380859375 0.47265625 0.9462890625 1549466
0.15380859375 0.47265625 0.9462890625 1549466
0.15380859375 0.47265625 0.9462890625 1549466
0.15380859375 0.47265625 0.9462890625 1549467
0.15087890625 0.48681640625 0.935546875 1549567
0.15087890625 0.48681640625 0.935546875 1549567
0.15087890625 0.48681640625 0.935546875 1549568
0.15087890625 0.48681640625 0.935546875 1549568
0.15087890625 0.48681640625 0.935546875 1549569
0.15185546875 0.48193359375 0.9296875 1549669
0.15185546875 0.48193359375 0.9296875 1549669
0.15185546875 0.48193359375 0.9296875 1549670
0.15185546875 0.48193359375 0.9296875 1549670
0.15185546875 0.48193359375 0.9296875 1549670
0.166015625 0.48046875 0.9306640625 1549771
0.166015625 0.48046875 0.9306640625 1549771
0.166015625 0.48046875 0.9306640625 1549772
0.166015625 0.48046875 0.9306640625 1549772
0.166015625 0.48046875 0.9306640625 1549772
0.1494140625 0.48779296875 0.92724609375 1549850
0.1669921875 0.48681640625 0.9306640625 1549963
0.1669921875 0.48681640625 0.9306640625 1549964
0.1669921875 0.48681640625 0.9306640625 1549964
0.1669921875 0.48681640625 0.9306640625 1549965
0.1669921875 0.48681640625 0.9306640625 1549965
0.15380859375 0.49609375 0.9248046875 1550064
0.15380859375 0.49609375 0.9248046875 1550064
0.15380859375 0.49609375 0.9248046875 1550065
0.15380859375 0.49609375 0.9248046875 1550066
0.15380859375 0.49609375 0.9248046875 1550067
0.16015625 0.4931640625 0.93115234375 1550167
0.16015625 0.4931640625 0.93115234375 1550168
0.16015625 0.4931640625 0.93115234375 1550168
0.16015625 0.4931640625 0.93115234375 1550168
0.16015625 0.4931640625 0.93115234375 1550169
0.16796875 0.47998046875 0.923828125 1550270
0.16796875 0.47998046875 0.923828125 1550271
0.16796875 0.47998046875 0.923828125 1550271
0.16796875 0.47998046875 0.923828125 1550272
0.16796875 0.47998046875 0.923828125 1550272
0.16259765625 0.48828125 0.93359375 1550373
0.16259765625 0.48828125 0.93359375 1550378
0.16259765625 0.48828125 0.93359375 1550380
0.16259765625 0.48828125 0.93359375 1550380
0.16259765625 0.48828125 0.93359375 1550380
0.1689453125 0.4912109375 0.93359375 1550451
0.158203125 0.4853515625 0.927734375 1550562
0.158203125 0.4853515625 0.927734375 1550562
0.158203125 0.4853515625 0.927734375 1550563
0.158203125 0.4853515625 0.927734375 1550563
0.158203125 0.4853515625 0.927734375 1550563
0.1611328125 0.482421875 0.92626953125 1550664
0.1611328125 0.482421875 0.92626953125 1550664
0.1611328125 0.482421875 0.92626953125 1550665
0.1611328125 0.482421875 0.92626953125 1550665
0.1611328125 0.482421875 0.92626953125 1550665
0.16650390625 0.484375 0.91845703125 1550766
0.16650390625 0.484375 0.91845703125 1550766
0.16650390625 0.484375 0.91845703125 1550767
0.16650390625 0.484375 0.91845703125 1550767
0.16650390625 0.484375 0.91845703125 1550767
0.1650390625 0.486328125 0.93212890625 1550869
0.1650390625 0.486328125 0.93212890625 1550870
0.1650390625 0.486328125 0.93212890625 1550870
0.1650390625 0.486328125 0.93212890625 1550871
0.1650390625 0.486328125 0.93212890625 1550871
0.16357421875 0.4853515625 0.931640625 1550971
0.16357421875 0.4853515625 0.931640625 1550971
0.16357421875 0.4853515625 0.931640625 1550972
0.16357421875 0.4853515625 0.931640625 1550972
0.16357421875 0.4853515625 0.931640625 1550973
0.15869140625 0.48876953125 0.927734375 1551059
0.1650390625 0.48486328125 0.92431640625 1551160
0.1650390625 0.48486328125 0.92431640625 1551161
0.1650390625 0.48486328125 0.92431640625 1551161
0.1650390625 0.48486328125 0.92431640625 1551162
0.1650390625 0.48486328125 0.92431640625 1551162
0.16748046875 0.4814453125 0.92822265625 1551265
0.16748046875 0.4814453125 0.92822265625 1551266
0.16748046875 0.4814453125 0.92822265625 1551266
0.16748046875 0.4814453125 0.92822265625 1551266
0.16748046875 0.4814453125 0.92822265625 1551267
0.1611328125 0.48828125 0.9306640625 1551368
0.1611328125 0.48828125 0.9306640625 1551369
0.1611328125 0.48828125 0.9306640625 1551369
0.1611328125 0.48828125 0.9306640625 1551370
0.1611328125 0.48828125 0.9306640625 1551370
0.16357421875 0.4892578125 0.93115234375 1551470
0.16357421875 0.4892578125 0.93115234375 1551470
0.16357421875 0.4892578125 0.93115234375 1551471
0.16357421875 0.4892578125 0.93115234375 1551471
0.16357421875 0.4892578125 0.93115234375 1551471
0.1689453125 0.4873046875 0.93212890625 1551572
0.1689453125 0.4873046875 0.93212890625 1551573
0.1689453125 0.4873046875 0.93212890625 1551573
0.1689453125 0.4873046875 0.93212890625 1551574
0.1689453125 0.4873046875 0.93212890625 1551574
0.17138671875 0.48046875 0.92626953125 1551649
0.17333984375 0.48876953125 0.9306640625 1551760
0.17333984375 0.48876953125 0.9306640625 1551761
0.17333984375 0.48876953125 0.9306640625 1551762
0.17333984375 0.48876953125 0.9306640625 1551762
0.17333984375 0.48876953125 0.9306640625 1551762
0.171875 0.48681640625 0.9306640625 1551864
0.171875 0.48681640625 0.9306640625 1551865
0.171875 0.48681640625 0.9306640625 1551865
0.171875 0.48681640625 0.9306640625 1551865
0.171875 0.48681640625 0.9306640625 1551866
0.16845703125 0.48046875 0.92041015625 1551965
0.16845703125 0.48046875 0.92041015625 1551965
0.16845703125 0.48046875 0.92041015625 1551966
0.16845703125 0.48046875 0.92041015625 1551966
0.16845703125 0.48046875 0.92041015625 1551967
0.16943359375 0.48876953125 0.93017578125 1552068
0.16943359375 0.48876953125 0.93017578125 1552070
0.16943359375 0.48876953125 0.93017578125 1552070
0.16943359375 0.48876953125 0.93017578125 1552071
0.16943359375 0.48876953125 0.93017578125 1552071
0.17333984375 0.48583984375 0.93359375 1552171
0.17333984375 0.48583984375 0.93359375 1552172
0.17333984375 0.48583984375 0.93359375 1552172
0.17333984375 0.48583984375 0.93359375 1552173
0.17333984375 0.48583984375 0.93359375 1552173
0.169921875 0.4892578125 0.93798828125 1552249
0.16845703125 0.486328125 0.92724609375 1552360
0.16845703125 0.486328125 0.92724609375 1552361
0.16845703125 0.486328125 0.92724609375 1552361
0.16845703125 0.486328125 0.92724609375 1552361
0.16845703125 0.486328125 0.92724609375 1552362
0.1669921875 0.48046875 0.91845703125 1552466
0.1669921875 0.48046875 0.91845703125 1552466
0.1669921875 0.48046875 0.91845703125 1552467
0.1669921875 0.48046875 0.91845703125 1552467
0.1669921875 0.48046875 0.91845703125 1552467
0.16015625 0.49365234375 0.9384765625 1552557
0.181640625 0.4765625 0.92822265625 1552660
0.181640625 0.4765625 0.92822265625 1552661
0.181640625 0.4765625 0.92822265625 1552661
0.181640625 0.4765625 0.92822265625 1552662
0.181640625 0.4765625 0.92822265625 1552662
0.158203125 0.484375 0.92138671875 1552762
0.158203125 0.484375 0.92138671875 1552763
0.158203125 0.484375 0.92138671875 1552763
0.158203125 0.484375 0.92138671875 1552764
0.158203125 0.484375 0.92138671875 1552764
0.17236328125 0.48046875 0.9287109375 1552866
0.17236328125 0.48046875 0.9287109375 1552867
0.17236328125 0.48046875 0.9287109375 1552868
0.17236328125 0.48046875 0.9287109375 1552868
0.17236328125 0.48046875 0.9287109375 1552869
0.16943359375 0.4853515625 0.93115234375 1552969
0.16943359375 0.4853515625 0.93115234375 1552969
0.16943359375 0.4853515625 0.93115234375 1552970
0.16943359375 0.4853515625 0.93115234375 1552970
0.16943359375 0.4853515625 0.93115234375 1552971
0.1748046875 0.4833984375 0.9287109375 1553071
0.1748046875 0.4833984375 0.9287109375 1553072
0.1748046875 0.4833984375 0.9287109375 1553072
0.1748046875 0.4833984375 0.9287109375 1553073
0.1748046875 0.4833984375 0.9287109375 1553073
0.16796875 0.48974609375 0.93017578125 1553152
0.18212890625 0.4853515625 0.92919921875 1553260
0.18212890625 0.4853515625 0.92919921875 1553261
0.18212890625 0.4853515625 0.92919921875 1553261
0.18212890625 0.4853515625 0.92919921875 1553262
0.18212890625 0.4853515625 0.92919921875 1553262
0.1708984375 0.47021484375 0.904296875 1553363
0.1708984375 0.47021484375 0.904296875 1553363
0.1708984375 0.47021484375 0.904296875 1553364
0.1708984375 0.47021484375 0.904296875 1553364
0.1708984375 0.47021484375 0.904296875 1553364
0.16943359375 0.4833984375 0.9267578125 1553467
0.16943359375 0.4833984375 0.9267578125 1553467
0.16943359375 0.4833984375 0.9267578125 1553467
0.16943359375 0.4833984375 0.9267578125 1553468
0.16943359375 0.4833984375 0.9267578125 1553469
0.171875 0.49755859375 0.9345703125 1553569
0.171875 0.49755859375 0.9345703125 1553570
0.171875 0.49755859375 0.9345703125 1553570
0.171875 0.49755859375 0.9345703125 1553571
0.171875 0.49755859375 0.9345703125 1553571
0.17919921875 0.478515625 0.92236328125 1553670
0.17919921875 0.478515625 0.92236328125 1553670
0.17919921875 0.478515625 0.92236328125 1553670
0.17919921875 0.478515625 0.92236328125 1553671
0.17919921875 0.478515625 0.92236328125 1553671
0.171875 0.490234375 0.935546875 1553747
0.173828125 0.4892578125 0.92529296875 1553861
0.173828125 0.4892578125 0.92529296875 1553861
0.173828125 0.4892578125 0.92529296875 1553862
0.173828125 0.4892578125 0.92529296875 1553863
0.173828125 0.4892578125 0.92529296875 1553863
0.17626953125 0.49072265625 0.9248046875 1553963
0.17626953125 0.49072265625 0.9248046875 1553963
0.17626953125 0.49072265625 0.9248046875 1553964
0.17626953125 0.49072265625 0.9248046875 1553964
0.17626953125 0.49072265625 0.9248046875 1553964
0.18115234375 0.48974609375 0.9296875 1554069
0.18115234375 0.48974609375 0.9296875 1554069
0.18115234375 0.48974609375 0.9296875 1554070
0.18115234375 0.48974609375 0.9296875 1554070
0.18115234375 0.48974609375 0.9296875 1554071
0.17626953125 0.48583984375 0.92822265625 1554146
0.1806640625 0.48681640625 0.92919921875 1554284
0.1806640625 0.48681640625 0.92919921875 1554284
0.1806640625 0.48681640625 0.92919921875 1554285
0.1806640625 0.48681640625 0.92919921875 1554286
0.1806640625 0.48681640625 0.92919921875 1554286
0.18115234375 0.48681640625 0.92626953125 1554362
0.1728515625 0.49072265625 0.9306640625 1554465
0.1728515625 0.49072265625 0.9306640625 1554465
0.1728515625 0.49072265625 0.9306640625 1554466
0.1728515625 0.49072265625 0.9306640625 1554466
0.1728515625 0.49072265625 0.9306640625 1554467
0.18017578125 0.482421875 0.92041015625 1554567
0.18017578125 0.482421875 0.92041015625 1554568
0.18017578125 0.482421875 0.92041015625 1554568
0.18017578125 0.482421875 0.92041015625 1554569
0.18017578125 0.482421875 0.92041015625 1554569
0.1787109375 0.48974609375 0.93505859375 1554670
0.1787109375 0.48974609375 0.93505859375 1554671
0.1787109375 0.48974609375 0.93505859375 1554671
0.1787109375 0.48974609375 0.93505859375 1554672
0.1787109375 0.48974609375 0.93505859375 1554673
0.17626953125 0.48486328125 0.92431640625 1554746
0.1728515625 0.48828125 0.927734375 1554859
0.1728515625 0.48828125 0.927734375 1554859
0.1728515625 0.48828125 0.927734375 1554860
0.1728515625 0.48828125 0.927734375 1554860
0.1728515625 0.48828125 0.927734375 1554861
0.17626953125 0.48876953125 0.9267578125 1554963
0.17626953125 0.48876953125 0.9267578125 1554964
0.17626953125 0.48876953125 0.9267578125 1554964
0.17626953125 0.48876953125 0.9267578125 1554965
0.17626953125 0.48876953125 0.9267578125 1554965
0.18017578125 0.49072265625 0.9296875 1555065
0.18017578125 0.49072265625 0.9296875 1555065
0.18017578125 0.49072265625 0.9296875 1555066
0.18017578125 0.49072265625 0.9296875 1555066
0.18017578125 0.49072265625 0.9296875 1555067
0.1865234375 0.47802734375 0.92138671875 1555168
0.1865234375 0.47802734375 0.92138671875 1555169
0.1865234375 0.47802734375 0.92138671875 1555169
0.1865234375 0.47802734375 0.92138671875 1555169
0.1865234375 0.47802734375 0.92138671875 1555170
0.169921875 0.4931640625 0.935546875 1555246
0.17724609375 0.48291015625 0.9287109375 1555358
0.17724609375 0.48291015625 0.9287109375 1555359
0.17724609375 0.48291015625 0.9287109375 1555360
0.17724609375 0.48291015625 0.9287109375 1555360
0.17724609375 0.48291015625 0.9287109375 1555361
0.166015625 0.48876953125 0.9287109375 1555459
0.166015625 0.48876953125 0.9287109375 1555459
0.173828125 0.4794921875 0.919921875 1555561
0.173828125 0.4794921875 0.919921875 1555562
0.173828125 0.4794921875 0.919921875 1555562
0.173828125 0.4794921875 0.919921875 1555563
0.173828125 0.4794921875 0.919921875 1555564
0.173828125 0.484375 0.93212890625 1555665
0.173828125 0.484375 0.93212890625 1555665
0.173828125 0.484375 0.93212890625 1555665
0.173828125 0.484375 0.93212890625 1555666
0.173828125 0.484375 0.93212890625 1555666
0.18017578125 0.4873046875 0.92626953125 1555752
0.18212890625 0.4921875 0.9384765625 1555855
0.18212890625 0.4921875 0.9384765625 1555856
0.18212890625 0.4921875 0.9384765625 1555856
0.18212890625 0.4921875 0.9384765625 1555857
0.18212890625 0.4921875 0.9384765625 1555857
0.17822265625 0.4931640625 0.931640625 1555958
0.17822265625 0.4931640625 0.931640625 1555959
0.17822265625 0.4931640625 0.931640625 1555960
0.17822265625 0.4931640625 0.931640625 1555960
0.17822265625 0.4931640625 0.931640625 1555960
0.17041015625 0.48828125 0.92236328125 1556059
0.17041015625 0.48828125 0.92236328125 1556060
0.17041015625 0.48828125 0.92236328125 1556061
0.17041015625 0.48828125 0.92236328125 1556061
0.17041015625 0.48828125 0.92236328125 1556061
0.1806640625 0.49169921875 0.93115234375 1556164
0.1806640625 0.49169921875 0.93115234375 1556165
0.1806640625 0.49169921875 0.93115234375 1556166
0.1806640625 0.49169921875 0.93115234375 1556166
0.1806640625 0.49169921875 0.93115234375 1556166
0.17919921875 0.48828125 0.92333984375 1556266
0.17919921875 0.48828125 0.92333984375 1556267
0.17919921875 0.48828125 0.92333984375 1556268
0.17919921875 0.48828125 0.92333984375 1556268
0.17919921875 0.48828125 0.92333984375 1556269
0.16845703125 0.48876953125 0.92041015625 1556345
0.1748046875 0.4814453125 0.919921875 1556456
0.1748046875 0.4814453125 0.919921875 1556457
0.1748046875 0.4814453125 0.919921875 1556458
0.1748046875 0.4814453125 0.919921875 1556458
0.1748046875 0.4814453125 0.919921875 1556459
0.1787109375 0.49609375 0.93115234375 1556558
0.1787109375 0.49609375 0.93115234375 1556559
0.1787109375 0.49609375 0.93115234375 1556559
0.1787109375 0.49609375 0.93115234375 1556560
0.1787109375 0.49609375 0.93115234375 1556560
0.1728515625 0.48681640625 0.93017578125 1556663
0.1728515625 0.48681640625 0.93017578125 1556663
0.1728515625 0.48681640625 0.93017578125 1556664
0.1728515625 0.48681640625 0.93017578125 1556664
0.17919921875 0.486328125 0.92626953125 1556765
0.17919921875 0.486328125 0.92626953125 1556765
0.17919921875 0.486328125 0.92626953125 1556766
0.17919921875 0.486328125 0.92626953125 1556766
0.17919921875 0.486328125 0.92626953125 1556766
0.16796875 0.49169921875 0.92138671875 1556844
0.18212890625 0.5029296875 0.9287109375 1556955
0.18212890625 0.5029296875 0.9287109375 1556955
0.18212890625 0.5029296875 0.9287109375 1556956
0.18212890625 0.5029296875 0.9287109375 1556956
0.18212890625 0.5029296875 0.9287109375 1556957
0.185546875 0.50634765625 0.9228515625 1557059
0.185546875 0.50634765625 0.9228515625 1557059
0.185546875 0.50634765625 0.9228515625 1557060
0.185546875 0.50634765625 0.9228515625 1557060
0.185546875 0.50634765625 0.9228515625 1557061
0.18310546875 0.54541015625 0.93310546875 1557161
0.18310546875 0.54541015625 0.93310546875 1557162
0.18310546875 0.54541015625 0.93310546875 1557163
0.18310546875 0.54541015625 0.93310546875 1557163
0.18310546875 0.54541015625 0.93310546875 1557163
0.1630859375 0.53662109375 0.91064453125 1557263
0.1630859375 0.53662109375 0.91064453125 1557263
0.1630859375 0.53662109375 0.91064453125 1557264
0.1630859375 0.53662109375 0.91064453125 1557264
0.1630859375 0.53662109375 0.91064453125 1557264
0.10888671875 0.4912109375 0.89013671875 1557366
0.10888671875 0.4912109375 0.89013671875 1557366
0.10888671875 0.4912109375 0.89013671875 1557368
0.10888671875 0.4912109375 0.89013671875 1557369
0.10888671875 0.4912109375 0.89013671875 1557369
0.095703125 0.4501953125 0.90625 1557444
0.0546875 0.45361328125 0.9189453125 1557556
0.0546875 0.45361328125 0.9189453125 1557556
0.0546875 0.45361328125 0.9189453125 1557556
0.0546875 0.45361328125 0.9189453125 1557557
0.0546875 0.45361328125 0.9189453125 1557558
-0.1533203125 0.52734375 0.830078125 1557659
-0.1533203125 0.52734375 0.830078125 1557659
-0.1533203125 0.52734375 0.830078125 1557660
-0.1533203125 0.52734375 0.830078125 1557661
-0.1533203125 0.52734375 0.830078125 1557661
-0.333984375 0.58740234375 0.6904296875 1557762
-0.333984375 0.58740234375 0.6904296875 1557763
-0.333984375 0.58740234375 0.6904296875 1557763
-0.333984375 0.58740234375 0.6904296875 1557764
-0.333984375 0.58740234375 0.6904296875 1557764
-0.4912109375 0.58544921875 0.48681640625 1557864
-0.4912109375 0.58544921875 0.48681640625 1557864
-0.4912109375 0.58544921875 0.48681640625 1557865
-0.4912109375 0.58544921875 0.48681640625 1557865
-0.4912109375 0.58544921875 0.48681640625 1557866
-0.583984375 0.57861328125 0.3388671875 1557959
-0.62451171875 0.54248046875 0.22998046875 1558046
-0.62451171875 0.54248046875 0.22998046875 1558047
-0.62451171875 0.54248046875 0.22998046875 1558047
-0.62451171875 0.54248046875 0.22998046875 1558048
-0.62451171875 0.54248046875 0.22998046875 1558048
-0.65869140625 0.50732421875 0.12841796875 1558157
-0.65869140625 0.50732421875 0.12841796875 1558158
-0.65869140625 0.50732421875 0.12841796875 1558159
-0.65869140625 0.50732421875 0.12841796875 1558159
-0.65869140625 0.50732421875 0.12841796875 1558160
-0.6552734375 0.48974609375 0.06005859375 1558260
-0.6552734375 0.48974609375 0.06005859375 1558260
-0.6552734375 0.48974609375 0.06005859375 1558261
-0.6552734375 0.48974609375 0.06005859375 1558262
-0.6552734375 0.48974609375 0.06005859375 1558262
-0.68896484375 0.50439453125 0.033203125 1558361
-0.68896484375 0.50439453125 0.033203125 1558362
-0.68896484375 0.50439453125 0.033203125 1558363
-0.68896484375 0.50439453125 0.033203125 1558363
-0.69287109375 0.5048828125 0.0751953125 1558464
-0.69287109375 0.5048828125 0.0751953125 1558465
-0.69287109375 0.5048828125 0.0751953125 1558465
-0.69287109375 0.5048828125 0.0751953125 1558466
-0.69287109375 0.5048828125 0.0751953125 1558466
-0.68310546875 0.52392578125 0.11767578125 1558543
-0.63427734375 0.52001953125 0.2529296875 1558655
-0.63427734375 0.52001953125 0.2529296875 1558655
-0.63427734375 0.52001953125 0.2529296875 1558655
-0.63427734375 0.52001953125 0.2529296875 1558655
-0.63427734375 0.52001953125 0.2529296875 1558656
-0.58251953125 0.52734375 0.361328125 1558758
-0.58251953125 0.52734375 0.361328125 1558759
-0.58251953125 0.52734375 0.361328125 1558759
-0.58251953125 0.52734375 0.361328125 1558760
-0.58251953125 0.52734375 0.361328125 1558760
-0.51806640625 0.5185546875 0.49658203125 1558865
-0.51806640625 0.5185546875 0.49658203125 1558866
-0.51806640625 0.5185546875 0.49658203125 1558866
-0.51806640625 0.5185546875 0.49658203125 1558867
-0.51806640625 0.5185546875 0.49658203125 1558867
-0.4580078125 0.5224609375 0.60205078125 1558952
-0.37646484375 0.47802734375 0.6953125 1559054
-0.37646484375 0.47802734375 0.6953125 1559054
-0.37646484375 0.47802734375 0.6953125 1559054
-0.37646484375 0.47802734375 0.6953125 1559055
-0.37646484375 0.47802734375 0.6953125 1559055
-0.3212890625 0.4501953125 0.75390625 1559174
-0.3212890625 0.4501953125 0.75390625 1559175
-0.3212890625 0.4501953125 0.75390625 1559175
-0.3212890625 0.4501953125 0.75390625 1559176
-0.3212890625 0.4501953125 0.75390625 1559198
-0.27197265625 0.42626953125 0.77734375 1559260
-0.283203125 0.44873046875 0.775390625 1559364
-0.283203125 0.44873046875 0.775390625 1559364
-0.283203125 0.44873046875 0.775390625 1559365
-0.283203125 0.44873046875 0.775390625 1559365
-0.283203125 0.44873046875 0.775390625 1559365
-0.2841796875 0.45947265625 0.77490234375 1559465
-0.2841796875 0.45947265625 0.77490234375 1559466
-0.2841796875 0.45947265625 0.77490234375 1559466
-0.2841796875 0.45947265625 0.77490234375 1559467
-0.2841796875 0.45947265625 0.77490234375 1559467
-0.2548828125 0.4453125 0.7802734375 1559546
-0.26025390625 0.45703125 0.7998046875 1559654
-0.26025390625 0.45703125 0.7998046875 1559654
-0.26025390625 0.45703125 0.7998046875 1559655
-0.26025390625 0.45703125 0.7998046875 1559655
-0.26025390625 0.45703125 0.7998046875 1559655
-0.263671875 0.45556640625 0.83203125 1559758
-0.263671875 0.45556640625 0.83203125 1559759
-0.263671875 0.45556640625 0.83203125 1559770
-0.263671875 0.45556640625 0.83203125 1559770
-0.263671875 0.45556640625 0.83203125 1559771
-0.248046875 0.4609375 0.81640625 1559863
-0.248046875 0.4609375 0.81640625 1559864
-0.248046875 0.4609375 0.81640625 1559864
-0.26025390625 0.4658203125 0.77294921875 1559955
-0.26025390625 0.4658203125 0.77294921875 1559956
-0.26025390625 0.4658203125 0.77294921875 1559956
-0.296875 0.494140625 0.71923828125 1560059
-0.296875 0.494140625 0.71923828125 1560059
-0.296875 0.494140625 0.71923828125 1560060
-0.296875 0.494140625 0.71923828125 1560060
-0.296875 0.494140625 0.71923828125 1560060
-0.3125 0.54931640625 0.6962890625 1560160
-0.3125 0.54931640625 0.6962890625 1560160
-0.3125 0.54931640625 0.6962890625 1560162
-0.3125 0.54931640625 0.6962890625 1560163
-0.3125 0.54931640625 0.6962890625 1560163
-0.31103515625 0.5625 0.63330078125 1560262
-0.31103515625 0.5625 0.63330078125 1560263
-0.31103515625 0.5625 0.63330078125 1560263
-0.31103515625 0.5625 0.63330078125 1560263
-0.31103515625 0.5625 0.63330078125 1560263
-0.3603515625 0.63720703125 0.57763671875 1560341
-0.35791015625 0.6962890625 0.59375 1560454
-0.35791015625 0.6962890625 0.59375 1560454
-0.35791015625 0.6962890625 0.59375 1560455
-0.35791015625 0.6962890625 0.59375 1560455
-0.35791015625 0.6962890625 0.59375 1560456
-0.2978515625 0.7060546875 0.58154296875 1560555
-0.2978515625 0.7060546875 0.58154296875 1560556
-0.2978515625 0.7060546875 0.58154296875 1560556
-0.2978515625 0.7060546875 0.58154296875 1560557
-0.2978515625 0.7060546875 0.58154296875 1560558
-0.32763671875 0.7685546875 0.60400390625 1560659
-0.32763671875 0.7685546875 0.60400390625 1560660
-0.32763671875 0.7685546875 0.60400390625 1560661
-0.32763671875 0.7685546875 0.60400390625 1560661
-0.32763671875 0.7685546875 0.60400390625 1560661
-0.1923828125 0.72119140625 0.70068359375 1560788
-0.1923828125 0.72119140625 0.70068359375 1560793
-0.1923828125 0.72119140625 0.70068359375 1560795
-0.1923828125 0.72119140625 0.70068359375 1560799
-0.1923828125 0.72119140625 0.70068359375 1560801
-0.0908203125 0.65087890625 0.78515625 1560872
-0.0048828125 0.59912109375 0.82958984375 1560949
-0.0048828125 0.59912109375 0.82958984375 1560949
-0.0048828125 0.59912109375 0.82958984375 1560950
-0.0048828125 0.59912109375 0.82958984375 1560950
-0.0048828125 0.59912109375 0.82958984375 1560950
0.029296875 0.5751953125 0.8515625 1561052
0.029296875 0.5751953125 0.8515625 1561053
0.029296875 0.5751953125 0.8515625 1561053
0.029296875 0.5751953125 0.8515625 1561053
0.029296875 0.5751953125 0.8515625 1561054
0.05078125 0.5517578125 0.888671875 1561153
0.05078125 0.5517578125 0.888671875 1561153
0.05078125 0.5517578125 0.888671875 1561154
0.05078125 0.5517578125 0.888671875 1561154
0.05078125 0.5517578125 0.888671875 1561154
0.08935546875 0.533203125 0.91845703125 1561256
0.08935546875 0.533203125 0.91845703125 1561257
0.08935546875 0.533203125 0.91845703125 1561257
0.08935546875 0.533203125 0.91845703125 1561258
0.08935546875 0.533203125 0.91845703125 1561258
0.08447265625 0.5048828125 0.892578125 1561360
0.08447265625 0.5048828125 0.892578125 1561360
0.08447265625 0.5048828125 0.892578125 1561361
0.08447265625 0.5048828125 0.892578125 1561361
0.08447265625 0.5048828125 0.892578125 1561361
0.0986328125 0.49365234375 0.8974609375 1561462
0.0986328125 0.49365234375 0.8974609375 1561462
0.0986328125 0.49365234375 0.8974609375 1561463
0.0986328125 0.49365234375 0.8974609375 1561463
0.0986328125 0.49365234375 0.8974609375 1561463
0.10546875 0.5029296875 0.91796875 1561539
0.107421875 0.51220703125 0.9306640625 1561653
0.107421875 0.51220703125 0.9306640625 1561653
0.107421875 0.51220703125 0.9306640625 1561654
0.107421875 0.51220703125 0.9306640625 1561654
0.107421875 0.51220703125 0.9306640625 1561654
0.12841796875 0.5048828125 0.92333984375 1561754
0.12841796875 0.5048828125 0.92333984375 1561755
0.12841796875 0.5048828125 0.92333984375 1561755
0.12841796875 0.5048828125 0.92333984375 1561756
0.12841796875 0.5048828125 0.92333984375 1561756
0.11083984375 0.5087890625 0.927734375 1561857
0.11083984375 0.5087890625 0.927734375 1561857
0.11083984375 0.5087890625 0.927734375 1561857
0.11083984375 0.5087890625 0.927734375 1561858
0.11083984375 0.5087890625 0.927734375 1561858
0.11328125 0.47998046875 0.91064453125 1561959
0.11328125 0.47998046875 0.91064453125 1561959
0.11328125 0.47998046875 0.91064453125 1561960
0.11328125 0.47998046875 0.91064453125 1561960
0.11328125 0.47998046875 0.91064453125 1561961
0.10888671875 0.44580078125 0.9189453125 1562064
0.10888671875 0.44580078125 0.9189453125 1562065
0.10888671875 0.44580078125 0.9189453125 1562065
0.10888671875 0.44580078125 0.9189453125 1562066
0.10888671875 0.44580078125 0.9189453125 1562066
0.1328125 0.44482421875 0.9365234375 1562150
0.14208984375 0.435546875 0.9462890625 1562254
0.14208984375 0.435546875 0.9462890625 1562254
0.14208984375 0.435546875 0.9462890625 1562255
0.14208984375 0.435546875 0.9462890625 1562256
0.14208984375 0.435546875 0.9462890625 1562256
0.1328125 0.4248046875 0.9384765625 1562358
0.1328125 0.4248046875 0.9384765625 1562359
0.1328125 0.4248046875 0.9384765625 1562359
0.1328125 0.4248046875 0.9384765625 1562360
0.1328125 0.4248046875 0.9384765625 1562360
0.14599609375 0.42578125 0.9638671875 1562461
0.14599609375 0.42578125 0.9638671875 1562461
0.14599609375 0.42578125 0.9638671875 1562462
0.14599609375 0.42578125 0.9638671875 1562462
0.14599609375 0.42578125 0.9638671875 1562462
0.13623046875 0.43017578125 0.9638671875 1562539
0.1376953125 0.45361328125 0.916015625 1562651
0.1376953125 0.45361328125 0.916015625 1562651
0.1376953125 0.45361328125 0.916015625 1562652
0.1376953125 0.45361328125 0.916015625 1562652
0.1376953125 0.45361328125 0.916015625 1562652
0.1171875 0.48974609375 0.9072265625 1562753
0.1171875 0.48974609375 0.9072265625 1562754
0.1171875 0.48974609375 0.9072265625 1562754
0.1171875 0.48974609375 0.9072265625 1562755
0.1171875 0.48974609375 0.9072265625 1562755
0.13818359375 0.486328125 0.92724609375 1562856
0.13818359375 0.486328125 0.92724609375 1562856
0.13818359375 0.486328125 0.92724609375 1562857
0.13818359375 0.486328125 0.92724609375 1562857
0.13818359375 0.486328125 0.92724609375 1562858
0.1455078125 0.4716796875 0.93701171875 1562974
0.1455078125 0.4716796875 0.93701171875 1562975
0.1455078125 0.4716796875 0.93701171875 1562976
0.1455078125 0.4716796875 0.93701171875 1562976
0.1455078125 0.4716796875 0.93701171875 1562977
0.15087890625 0.4599609375 0.947265625 1563060
0.16064453125 0.44873046875 0.947265625 1563138
0.16064453125 0.44873046875 0.947265625 1563139
0.16064453125 0.44873046875 0.947265625 1563139
0.16064453125 0.44873046875 0.947265625 1563141
0.16064453125 0.44873046875 0.947265625 1563141
0.1650390625 0.45556640625 0.9404296875 1563275
0.1650390625 0.45556640625 0.9404296875 1563276
0.1650390625 0.45556640625 0.9404296875 1563276
0.1650390625 0.45556640625 0.9404296875 1563277
0.1650390625 0.45556640625 0.9404296875 1563277
0.14990234375 0.462890625 0.93896484375 1563356
0.16748046875 0.4697265625 0.94677734375 1563460
0.16748046875 0.4697265625 0.94677734375 1563461
0.16748046875 0.4697265625 0.94677734375 1563461
0.16748046875 0.4697265625 0.94677734375 1563462
0.16748046875 0.4697265625 0.94677734375 1563462
0.16357421875 0.46142578125 0.9296875 1563537
0.15771484375 0.4736328125 0.94287109375 1563651
0.15771484375 0.4736328125 0.94287109375 1563652
0.15771484375 0.4736328125 0.94287109375 1563652
0.15771484375 0.4736328125 0.94287109375 1563652
0.15771484375 0.4736328125 0.94287109375 1563653
0.16357421875 0.47216796875 0.9365234375 1563776
0.16357421875 0.47216796875 0.9365234375 1563776
0.16357421875 0.47216796875 0.9365234375 1563777
0.16357421875 0.47216796875 0.9365234375 1563778
0.16357421875 0.47216796875 0.9365234375 1563778
0.1630859375 0.47265625 0.92724609375 1563854
0.16357421875 0.478515625 0.93505859375 1563956
0.16357421875 0.478515625 0.93505859375 1563957
0.16357421875 0.478515625 0.93505859375 1563957
0.16357421875 0.478515625 0.93505859375 1563957
0.16357421875 0.478515625 0.93505859375 1563958
0.16162109375 0.47900390625 0.93408203125 1564060
0.16162109375 0.47900390625 0.93408203125 1564060
0.16162109375 0.47900390625 0.93408203125 1564061
0.16162109375 0.47900390625 0.93408203125 1564061
0.16162109375 0.47900390625 0.93408203125 1564062
0.15576171875 0.4775390625 0.935546875 1564140
0.16796875 0.4697265625 0.93505859375 1564250
0.16796875 0.4697265625 0.93505859375 1564250
0.16796875 0.4697265625 0.93505859375 1564251
0.16796875 0.4697265625 0.93505859375 1564252
0.16796875 0.4697265625 0.93505859375 1564252
0.16357421875 0.47119140625 0.93212890625 1564351
0.16357421875 0.47119140625 0.93212890625 1564351
0.16357421875 0.47119140625 0.93212890625 1564351
0.16357421875 0.47119140625 0.93212890625 1564352
0.16357421875 0.47119140625 0.93212890625 1564352
0.16015625 0.47412109375 0.93310546875 1564453
0.16015625 0.47412109375 0.93310546875 1564453
0.16015625 0.47412109375 0.93310546875 1564454
0.16015625 0.47412109375 0.93310546875 1564454
0.16015625 0.47412109375 0.93310546875 1564455
0.17138671875 0.46728515625 0.9326171875 1564558
0.17138671875 0.46728515625 0.9326171875 1564558
0.17138671875 0.46728515625 0.9326171875 1564559
0.17138671875 0.46728515625 0.9326171875 1564559
0.17138671875 0.46728515625 0.9326171875 1564560
0.162109375 0.47412109375 0.93505859375 1564659
0.162109375 0.47412109375 0.93505859375 1564660
0.162109375 0.47412109375 0.93505859375 1564660
0.162109375 0.47412109375 0.93505859375 1564661
0.162109375 0.47412109375 0.93505859375 1564661
0.162109375 0.478515625 0.93603515625 1564736
0.162109375 0.47021484375 0.92919921875 1564848
0.162109375 0.47021484375 0.92919921875 1564848
0.162109375 0.47021484375 0.92919921875 1564849
0.162109375 0.47021484375 0.92919921875 1564849
0.162109375 0.47021484375 0.92919921875 1564850
0.1689453125 0.47412109375 0.93408203125 1564951
0.1689453125 0.47412109375 0.93408203125 1564952
0.1689453125 0.47412109375 0.93408203125 1564953
0.1689453125 0.47412109375 0.93408203125 1564953
0.1689453125 0.47412109375 0.93408203125 1564954
0.16552734375 0.48291015625 0.93896484375 1565058
0.16552734375 0.48291015625 0.93896484375 1565059
0.16552734375 0.48291015625 0.93896484375 1565059
0.16552734375 0.48291015625 0.93896484375 1565060
0.16552734375 0.48291015625 0.93896484375 1565060
0.16552734375 0.47412109375 0.93115234375 1565136
0.16650390625 0.47509765625 0.9306640625 1565262
0.16650390625 0.47509765625 0.9306640625 1565262
0.16650390625 0.47509765625 0.9306640625 1565263
0.16650390625 0.47509765625 0.9306640625 1565263
0.16650390625 0.47509765625 0.9306640625 1565264
0.162109375 0.4833984375 0.93603515625 1565352
0.1650390625 0.4716796875 0.92724609375 1565453
0.1650390625 0.4716796875 0.92724609375 1565453
0.1650390625 0.4716796875 0.92724609375 1565454
0.1650390625 0.4716796875 0.92724609375 1565454
0.1650390625 0.4716796875 0.92724609375 1565455
0.1611328125 0.4775390625 0.94091796875 1565558
0.1611328125 0.4775390625 0.94091796875 1565559
0.1611328125 0.4775390625 0.94091796875 1565559
0.1611328125 0.4775390625 0.94091796875 1565560
0.1611328125 0.4775390625 0.94091796875 1565560
0.1669921875 0.47705078125 0.9365234375 1565685
0.1669921875 0.47705078125 0.9365234375 1565686
0.1669921875 0.47705078125 0.9365234375 1565686
0.1669921875 0.47705078125 0.9365234375 1565686
0.1669921875 0.47705078125 0.9365234375 1565687
0.1728515625 0.47607421875 0.935546875 1565738
0.1611328125 0.47705078125 0.9365234375 1565851
0.1611328125 0.47705078125 0.9365234375 1565852
0.1611328125 0.47705078125 0.9365234375 1565852
0.1611328125 0.47705078125 0.9365234375 1565853
0.1611328125 0.47705078125 0.9365234375 1565853
0.162109375 0.46875 0.92919921875 1565954
0.162109375 0.46875 0.92919921875 1565954
0.162109375 0.46875 0.92919921875 1565955
0.162109375 0.46875 0.92919921875 1565955
0.16748046875 0.46923828125 0.93408203125 1566057
0.16748046875 0.46923828125 0.93408203125 1566058
0.16748046875 0.46923828125 0.93408203125 1566058
0.16748046875 0.46923828125 0.93408203125 1566059
0.16748046875 0.46923828125 0.93408203125 1566059
0.1689453125 0.47265625 0.93359375 1566135
0.166015625 0.4716796875 0.93310546875 1566246
0.166015625 0.4716796875 0.93310546875 1566246
0.166015625 0.4716796875 0.93310546875 1566247
0.166015625 0.4716796875 0.93310546875 1566247
0.166015625 0.4716796875 0.93310546875 1566248
0.15869140625 0.47705078125 0.9326171875 1566348
0.15869140625 0.47705078125 0.9326171875 1566348
0.15869140625 0.47705078125 0.9326171875 1566348
0.15869140625 0.47705078125 0.9326171875 1566349
0.15869140625 0.47705078125 0.9326171875 1566349
0.16015625 0.47900390625 0.93212890625 1566452
0.16015625 0.47900390625 0.93212890625 1566453
0.16015625 0.47900390625 0.93212890625 1566454
0.16015625 0.47900390625 0.93212890625 1566454
0.16015625 0.47900390625 0.93212890625 1566454
0.17138671875 0.4716796875 0.93310546875 1566555
0.17138671875 0.4716796875 0.93310546875 1566556
0.17138671875 0.4716796875 0.93310546875 1566557
0.17138671875 0.4716796875 0.93310546875 1566557
0.17138671875 0.4716796875 0.93310546875 1566558
0.16064453125 0.4853515625 0.93310546875 1566657
0.16064453125 0.4853515625 0.93310546875 1566692
0.16064453125 0.4853515625 0.93310546875 1566692
0.16064453125 0.4853515625 0.93310546875 1566693
0.16064453125 0.4853515625 0.93310546875 1566693
0.1669921875 0.48388671875 0.9296875 1566737
0.1591796875 0.482421875 0.9345703125 1566852
0.1591796875 0.482421875 0.9345703125 1566852
0.1591796875 0.482421875 0.9345703125 1566853
0.1591796875 0.482421875 0.9345703125 1566853
0.1591796875 0.482421875 0.9345703125 1566854
0.16015625 0.47509765625 0.92822265625 1566952
0.16015625 0.47509765625 0.92822265625 1566953
0.16015625 0.47509765625 0.92822265625 1566953
0.16015625 0.47509765625 0.92822265625 1566954
0.16015625 0.47509765625 0.92822265625 1566954
0.1630859375 0.4755859375 0.93115234375 1567053
0.1630859375 0.4755859375 0.93115234375 1567054
0.1630859375 0.4755859375 0.93115234375 1567054
0.1630859375 0.4755859375 0.93115234375 1567054
0.1630859375 0.4755859375 0.93115234375 1567055
0.1640625 0.4814453125 0.93408203125 1567157
0.1640625 0.4814453125 0.93408203125 1567158
0.1640625 0.4814453125 0.93408203125 1567159
0.1640625 0.4814453125 0.93408203125 1567159
0.1640625 0.4814453125 0.93408203125 1567160
0.1650390625 0.46923828125 0.92236328125 1567234
0.16650390625 0.4765625 0.93798828125 1567346
0.16650390625 0.4765625 0.93798828125 1567347
0.16650390625 0.4765625 0.93798828125 1567347
0.16650390625 0.4765625 0.93798828125 1567347
0.16650390625 0.4765625 0.93798828125 1567348
0.1591796875 0.486328125 0.93896484375 1567448
0.1591796875 0.486328125 0.93896484375 1567449
0.1591796875 0.486328125 0.93896484375 1567450
0.1591796875 0.486328125 0.93896484375 1567450
0.1591796875 0.486328125 0.93896484375 1567451
0.1728515625 0.482421875 0.9306640625 1567551
0.1728515625 0.482421875 0.9306640625 1567551
0.1728515625 0.482421875 0.9306640625 1567552
0.1728515625 0.482421875 0.9306640625 1567552
0.1728515625 0.482421875 0.9306640625 1567553
0.166015625 0.48291015625 0.93310546875 1567653
0.166015625 0.48291015625 0.93310546875 1567653
0.166015625 0.48291015625 0.93310546875 1567654
0.166015625 0.48291015625 0.93310546875 1567654
0.166015625 0.48291015625 0.93310546875 1567655
0.16796875 0.48583984375 0.931640625 1567757
0.16796875 0.48583984375 0.931640625 1567758
0.16796875 0.48583984375 0.931640625 1567758
0.16796875 0.48583984375 0.931640625 1567759
0.16796875 0.48583984375 0.931640625 1567759
0.166015625 0.48193359375 0.93408203125 1567836
0.166015625 0.4775390625 0.93408203125 1567945
0.166015625 0.4775390625 0.93408203125 1567946
0.166015625 0.4775390625 0.93408203125 1567946
0.166015625 0.4775390625 0.93408203125 1567947
0.166015625 0.4775390625 0.93408203125 1567947
0.16455078125 0.47705078125 0.927734375 1568044
0.16357421875 0.48681640625 0.93505859375 1568148
0.16357421875 0.48681640625 0.93505859375 1568148
0.16357421875 0.48681640625 0.93505859375 1568149
0.16357421875 0.48681640625 0.93505859375 1568149
0.16357421875 0.48681640625 0.93505859375 1568150
0.16064453125 0.48095703125 0.93310546875 1568277
0.16064453125 0.48095703125 0.93310546875 1568278
0.16064453125 0.48095703125 0.93310546875 1568278
0.16064453125 0.48095703125 0.93310546875 1568279
0.16064453125 0.48095703125 0.93310546875 1568279
0.17333984375 0.4755859375 0.93603515625 1568354
0.16064453125 0.47705078125 0.92138671875 1568434
0.16064453125 0.47705078125 0.92138671875 1568435
0.16064453125 0.47705078125 0.92138671875 1568435
0.16064453125 0.47705078125 0.92138671875 1568436
0.16064453125 0.47705078125 0.92138671875 1568436
0.1640625 0.486328125 0.93017578125 1568550
0.1640625 0.486328125 0.93017578125 1568551
0.1640625 0.486328125 0.93017578125 1568551
0.1640625 0.486328125 0.93017578125 1568551
0.1640625 0.486328125 0.93017578125 1568552
0.1708984375 0.4775390625 0.92626953125 1568652
0.1708984375 0.4775390625 0.92626953125 1568652
0.1708984375 0.4775390625 0.92626953125 1568652
0.1708984375 0.4775390625 0.92626953125 1568653
0.1708984375 0.48291015625 0.93310546875 1568756
0.1708984375 0.48291015625 0.93310546875 1568757
0.1708984375 0.48291015625 0.93310546875 1568758
0.1708984375 0.48291015625 0.93310546875 1568758
0.1708984375 0.48291015625 0.93310546875 1568758
0.1689453125 0.486328125 0.9365234375 1568842
0.177734375 0.47021484375 0.92333984375 1568945
0.177734375 0.47021484375 0.92333984375 1568946
0.177734375 0.47021484375 0.92333984375 1568946
0.177734375 0.47021484375 0.92333984375 1568946
0.177734375 0.47021484375 0.92333984375 1568947
0.1640625 0.48388671875 0.9326171875 1569047
0.1640625 0.48388671875 0.9326171875 1569048
0.1640625 0.48388671875 0.9326171875 1569048
0.1640625 0.48388671875 0.9326171875 1569049
0.1640625 0.48388671875 0.9326171875 1569049
0.1708984375 0.484375 0.93701171875 1569154
0.1708984375 0.484375 0.93701171875 1569155
0.1708984375 0.484375 0.93701171875 1569156
0.1708984375 0.484375 0.93701171875 1569156
0.1708984375 0.484375 0.93701171875 1569157
0.16943359375 0.48046875 0.9267578125 1569235
0.15673828125 0.4853515625 0.93115234375 1569346
0.15673828125 0.4853515625 0.93115234375 1569347
0.15673828125 0.4853515625 0.93115234375 1569347
0.15673828125 0.4853515625 0.93115234375 1569348
0.15673828125 0.4853515625 0.93115234375 1569348
0.16943359375 0.4794921875 0.9287109375 1569451
0.16943359375 0.4794921875 0.9287109375 1569452
0.16943359375 0.4794921875 0.9287109375 1569452
0.16943359375 0.4794921875 0.9287109375 1569452
0.16943359375 0.4794921875 0.9287109375 1569453
0.16796875 0.47607421875 0.9169921875 1569555
0.16796875 0.47607421875 0.9169921875 1569555
0.16796875 0.47607421875 0.9169921875 1569556
0.16796875 0.47607421875 0.9169921875 1569556
0.16796875 0.47607421875 0.9169921875 1569556
0.16552734375 0.4853515625 0.93310546875 1569632
0.17236328125 0.48095703125 0.93701171875 1569745
0.17236328125 0.48095703125 0.93701171875 1569745
0.17236328125 0.48095703125 0.93701171875 1569746
0.17236328125 0.48095703125 0.93701171875 1569746
0.17236328125 0.48095703125 0.93701171875 1569747
0.17138671875 0.48193359375 0.9345703125 1569832
0.15869140625 0.48583984375 0.923828125 1569944
0.15869140625 0.48583984375 0.923828125 1569944
0.15869140625 0.48583984375 0.923828125 1569945
0.15869140625 0.48583984375 0.923828125 1569945
0.15869140625 0.48583984375 0.923828125 1569945
0.16064453125 0.5185546875 0.939453125 1570046
0.16064453125 0.5185546875 0.939453125 1570047
0.16064453125 0.5185546875 0.939453125 1570047
0.16064453125 0.5185546875 0.939453125 1570048
0.16064453125 0.5185546875 0.939453125 1570048
0.16162109375 0.521484375 0.92333984375 1570165
0.16162109375 0.521484375 0.92333984375 1570176
0.16162109375 0.521484375 0.92333984375 1570177
0.16162109375 0.521484375 0.92333984375 1570178
0.16162109375 0.521484375 0.92333984375 1570178
0.1474609375 0.51513671875 0.89306640625 1570231
0.11328125 0.49560546875 0.91162109375 1570344
0.11328125 0.49560546875 0.91162109375 1570344
0.11328125 0.49560546875 0.91162109375 1570345
0.11328125 0.49560546875 0.91162109375 1570345
0.11328125 0.49560546875 0.91162109375 1570346
0.11767578125 0.46240234375 0.908203125 1570446
0.11767578125 0.46240234375 0.908203125 1570447
0.11767578125 0.46240234375 0.908203125 1570447
0.11767578125 0.46240234375 0.908203125 1570448
0.11767578125 0.46240234375 0.908203125 1570449
0.02685546875 0.4814453125 0.8779296875 1570547
0.02685546875 0.4814453125 0.8779296875 1570547
0.02685546875 0.4814453125 0.8779296875 1570548
0.02685546875 0.4814453125 0.8779296875 1570548
0.02685546875 0.4814453125 0.8779296875 1570548
-0.17626953125 0.55419921875 0.81103515625 1570651
-0.17626953125 0.55419921875 0.81103515625 1570651
-0.17626953125 0.55419921875 0.81103515625 1570652
-0.17626953125 0.55419921875 0.81103515625 1570652
-0.17626953125 0.55419921875 0.81103515625 1570653
-0.40673828125 0.599609375 0.61376953125 1570762
-0.40673828125 0.599609375 0.61376953125 1570762
-0.40673828125 0.599609375 0.61376953125 1570763
-0.40673828125 0.599609375 0.61376953125 1570763
-0.40673828125 0.599609375 0.61376953125 1570763
-0.53955078125 0.57958984375 0.3994140625 1570831
-0.640625 0.5859375 0.2041015625 1570944
-0.640625 0.5859375 0.2041015625 1570945
-0.640625 0.5859375 0.2041015625 1570945
-0.640625 0.5859375 0.2041015625 1570945
-0.640625 0.5859375 0.2041015625 1570946
-0.64501953125 0.5126953125 0.07177734375 1571046
-0.64501953125 0.5126953125 0.07177734375 1571046
-0.64501953125 0.5126953125 0.07177734375 1571047
-0.64501953125 0.5126953125 0.07177734375 1571047
-0.64501953125 0.5126953125 0.07177734375 1571047
-0.69677734375 0.51708984375 -0.00634765625 1571148
-0.69677734375 0.51708984375 -0.00634765625 1571150
-0.69677734375 0.51708984375 -0.00634765625 1571150
-0.69677734375 0.51708984375 -0.00634765625 1571150
-0.69677734375 0.51708984375 -0.00634765625 1571150
-0.6875 0.5009765625 -0.02294921875 1571251
-0.6875 0.5009765625 -0.02294921875 1571252
-0.6875 0.5009765625 -0.02294921875 1571253
-0.6875 0.5009765625 -0.02294921875 1571253
-0.6875 0.5009765625 -0.02294921875 1571253
-0.6884765625 0.49755859375 0.06640625 1571355
-0.6884765625 0.49755859375 0.06640625 1571356
-0.6884765625 0.49755859375 0.06640625 1571357
-0.6884765625 0.49755859375 0.06640625 1571357
-0.6884765625 0.49755859375 0.06640625 1571358
-0.68798828125 0.51025390625 0.169921875 1571431
-0.62939453125 0.45751953125 0.31103515625 1571543
-0.62939453125 0.45751953125 0.31103515625 1571543
-0.62939453125 0.45751953125 0.31103515625 1571544
-0.62939453125 0.45751953125 0.31103515625 1571544
-0.62939453125 0.45751953125 0.31103515625 1571545
-0.5791015625 0.3984375 0.49951171875 1571645
-0.5791015625 0.3984375 0.49951171875 1571645
-0.5791015625 0.3984375 0.49951171875 1571646
-0.5791015625 0.3984375 0.49951171875 1571646
-0.5791015625 0.3984375 0.49951171875 1571646
-0.56103515625 0.35693359375 0.58642578125 1571750
-0.56103515625 0.35693359375 0.58642578125 1571750
-0.56103515625 0.35693359375 0.58642578125 1571751
-0.56103515625 0.35693359375 0.58642578125 1571751
-0.56103515625 0.35693359375 0.58642578125 1571752
-0.47607421875 0.32470703125 0.67724609375 1571852
-0.47607421875 0.32470703125 0.67724609375 1571852
-0.47607421875 0.32470703125 0.67724609375 1571853
-0.47607421875 0.32470703125 0.67724609375 1571853
-0.47607421875 0.32470703125 0.67724609375 1571853
-0.38818359375 0.30859375 0.728515625 1571930
-0.3271484375 0.3525390625 0.79736328125 1572042
-0.3271484375 0.3525390625 0.79736328125 1572043
-0.3271484375 0.3525390625 0.79736328125 1572043
-0.3271484375 0.3525390625 0.79736328125 1572044
-0.3271484375 0.3525390625 0.79736328125 1572044
-0.29296875 0.390625 0.80908203125 1572145
-0.29296875 0.390625 0.80908203125 1572146
-0.29296875 0.390625 0.80908203125 1572146
-0.29296875 0.390625 0.80908203125 1572147
-0.29296875 0.390625 0.80908203125 1572147
