19.95849609375 52.978515625 -14.95361328125 1158383
19.95849609375 52.978515625 -14.95361328125 1158383
8.9111328125 3.60107421875 8.72802734375 1158457
8.9111328125 3.60107421875 8.72802734375 1158458
8.9111328125 3.60107421875 8.72802734375 1158459
8.9111328125 3.60107421875 8.72802734375 1158460
12.63427734375 8.97216796875 -12.63427734375 1158472
12.63427734375 8.97216796875 -12.63427734375 1158508
19.775390625 42.3583984375 -0.67138671875 1158509
14.5263671875 37.29248046875 0.48828125 1158591
14.5263671875 37.29248046875 0.48828125 1158592
14.5263671875 37.29248046875 0.48828125 1158593
14.5263671875 37.29248046875 0.48828125 1158594
14.5263671875 37.29248046875 0.48828125 1158703
6.7138671875 43.39599609375 3.84521484375 1158704
6.7138671875 43.39599609375 3.84521484375 1158705
6.7138671875 43.39599609375 3.84521484375 1158706
6.7138671875 43.39599609375 3.84521484375 1158706
6.7138671875 43.39599609375 3.84521484375 1158808
3.90625 -19.71435546875 17.39501953125 1158809
3.90625 -19.71435546875 17.39501953125 1158809
3.90625 -19.71435546875 17.39501953125 1158810
3.90625 -19.71435546875 17.39501953125 1158822
3.90625 -19.71435546875 17.39501953125 1158944
23.62060546875 -1.46484375 2.38037109375 1158945
23.62060546875 -1.46484375 2.38037109375 1158946
23.62060546875 -1.46484375 2.38037109375 1158947
23.62060546875 -1.46484375 2.38037109375 1158947
6.2255859375 -1.89208984375 10.6201171875 1158991
6.2255859375 -1.89208984375 10.6201171875 1159101
-4.82177734375 -9.765625 -1.220703125 1159102
-4.82177734375 -9.765625 -1.220703125 1159103
-4.82177734375 -9.765625 -1.220703125 1159104
-4.82177734375 -9.765625 -1.220703125 1159105
-4.82177734375 -9.765625 -1.220703125 1159212
7.50732421875 9.94873046875 -4.150390625 1159213
7.50732421875 9.94873046875 -4.150390625 1159214
7.50732421875 9.94873046875 -4.150390625 1159214
7.50732421875 9.94873046875 -4.150390625 1159215
-4.2724609375 -23.74267578125 -14.16015625 1159305
-4.2724609375 -23.74267578125 -14.16015625 1159407
-6.89697265625 38.0859375 -4.2724609375 1159408
-6.89697265625 38.0859375 -4.2724609375 1159409
-6.89697265625 38.0859375 -4.2724609375 1159410
-6.89697265625 38.0859375 -4.2724609375 1159411
-6.89697265625 38.0859375 -4.2724609375 1159516
-13.0615234375 -6.34765625 3.173828125 1159531
-13.0615234375 -6.34765625 3.173828125 1159532
-13.0615234375 -6.34765625 3.173828125 1159533
-13.0615234375 -6.34765625 3.173828125 1159534
-16.29638671875 -21.1181640625 -9.765625 1159589
-16.29638671875 -21.1181640625 -9.765625 1159701
-8.36181640625 12.451171875 5.615234375 1159702
-8.36181640625 12.451171875 5.615234375 1159703
-8.36181640625 12.451171875 5.615234375 1159704
-8.36181640625 12.451171875 5.615234375 1159704
-8.36181640625 12.451171875 5.615234375 1159804
7.99560546875 -2.86865234375 -6.53076171875 1159805
7.99560546875 -2.86865234375 -6.53076171875 1159805
7.99560546875 -2.86865234375 -6.53076171875 1159806
7.99560546875 -2.86865234375 -6.53076171875 1159807
1.953125 15.07568359375 13.85498046875 1159907
1.953125 15.07568359375 13.85498046875 1159907
1.953125 15.07568359375 13.85498046875 1159908
1.953125 15.07568359375 13.85498046875 1159909
1.953125 15.07568359375 13.85498046875 1160009
5.0048828125 5.06591796875 -5.43212890625 1160010
5.0048828125 5.06591796875 -5.43212890625 1160011
5.0048828125 5.06591796875 -5.43212890625 1160011
5.0048828125 5.06591796875 -5.43212890625 1160012
5.0048828125 5.06591796875 -5.43212890625 1160111
12.51220703125 -6.65283203125 -0.1220703125 1160138
12.51220703125 -6.65283203125 -0.1220703125 1160139
12.51220703125 -6.65283203125 -0.1220703125 1160140
12.51220703125 -6.65283203125 -0.1220703125 1160141
8.7890625 13.7939453125 6.40869140625 1160190
8.7890625 13.7939453125 6.40869140625 1160302
7.99560546875 11.90185546875 -6.103515625 1160303
7.99560546875 11.90185546875 -6.103515625 1160303
7.99560546875 11.90185546875 -6.103515625 1160304
7.99560546875 11.90185546875 -6.103515625 1160305
7.99560546875 11.90185546875 -6.103515625 1160404
7.99560546875 13.00048828125 -2.25830078125 1160405
7.99560546875 13.00048828125 -2.25830078125 1160405
7.99560546875 13.00048828125 -2.25830078125 1160406
7.99560546875 13.00048828125 -2.25830078125 1160407
7.99560546875 13.00048828125 -2.25830078125 1160507
5.126953125 11.23046875 2.25830078125 1160508
5.126953125 11.23046875 2.25830078125 1160508
5.126953125 11.23046875 2.25830078125 1160509
5.126953125 11.23046875 2.25830078125 1160510
5.126953125 11.23046875 2.25830078125 1160611
2.62451171875 10.31494140625 6.9580078125 1160612
2.62451171875 10.31494140625 6.9580078125 1160613
2.62451171875 10.31494140625 6.9580078125 1160614
2.62451171875 10.31494140625 6.9580078125 1160614
2.62451171875 10.31494140625 6.9580078125 1160713
2.99072265625 0.3662109375 -1.89208984375 1160714
2.99072265625 0.3662109375 -1.89208984375 1160715
2.99072265625 0.3662109375 -1.89208984375 1160716
2.99072265625 0.3662109375 -1.89208984375 1160717
-1.28173828125 -19.775390625 -3.90625 1160793
-1.28173828125 -19.775390625 -3.90625 1160943
-8.4228515625 0 3.11279296875 1160943
-8.4228515625 0 3.11279296875 1160944
-8.4228515625 0 3.11279296875 1160945
-8.4228515625 0 3.11279296875 1160946
-0.244140625 -0.1220703125 0.3662109375 1160992
-0.244140625 -0.1220703125 0.3662109375 1161102
-4.39453125 -20.3857421875 -2.86865234375 1161103
-4.39453125 -20.3857421875 -2.86865234375 1161103
-4.39453125 -20.3857421875 -2.86865234375 1161104
-4.39453125 -20.3857421875 -2.86865234375 1161105
-4.39453125 -20.3857421875 -2.86865234375 1161204
-0.67138671875 5.18798828125 -3.47900390625 1161205
-0.67138671875 5.18798828125 -3.47900390625 1161206
-0.67138671875 5.18798828125 -3.47900390625 1161207
-0.67138671875 5.18798828125 -3.47900390625 1161207
-0.67138671875 5.18798828125 -3.47900390625 1161306
-1.3427734375 -1.64794921875 -3.23486328125 1161307
-1.3427734375 -1.64794921875 -3.23486328125 1161307
-1.3427734375 -1.64794921875 -3.23486328125 1161308
-1.3427734375 -1.64794921875 -3.23486328125 1161309
-1.3427734375 -1.64794921875 -3.23486328125 1161409
5.37109375 -4.7607421875 5.126953125 1161410
5.37109375 -4.7607421875 5.126953125 1161410
5.37109375 -4.7607421875 5.126953125 1161411
5.37109375 -4.7607421875 5.126953125 1161412
5.37109375 -4.7607421875 5.126953125 1161512
0.06103515625 -3.5400390625 -1.953125 1161513
0.06103515625 -3.5400390625 -1.953125 1161514
0.06103515625 -3.5400390625 -1.953125 1161514
0.06103515625 -3.5400390625 -1.953125 1161515
-2.25830078125 0.30517578125 7.32421875 1161590
-2.25830078125 0.30517578125 7.32421875 1161701
2.25830078125 -4.5166015625 -5.7373046875 1161702
2.25830078125 -4.5166015625 -5.7373046875 1161703
2.25830078125 -4.5166015625 -5.7373046875 1161704
2.25830078125 -4.5166015625 -5.7373046875 1161704
2.25830078125 -4.5166015625 -5.7373046875 1161804
-5.67626953125 -10.80322265625 -6.9580078125 1161805
-5.67626953125 -10.80322265625 -6.9580078125 1161806
-5.67626953125 -10.80322265625 -6.9580078125 1161806
-5.67626953125 -10.80322265625 -6.9580078125 1161807
-5.67626953125 -10.80322265625 -6.9580078125 1161907
4.150390625 -0.48828125 1.953125 1161908
4.150390625 -0.48828125 1.953125 1161909
4.150390625 -0.48828125 1.953125 1161910
4.150390625 -0.48828125 1.953125 1161911
4.150390625 -0.48828125 1.953125 1162009
2.44140625 -11.90185546875 0.732421875 1162010
2.44140625 -11.90185546875 0.732421875 1162011
2.44140625 -11.90185546875 0.732421875 1162012
2.44140625 -11.90185546875 0.732421875 1162012
2.44140625 -11.90185546875 0.732421875 1162112
2.74658203125 -14.5263671875 -0.732421875 1162113
2.74658203125 -14.5263671875 -0.732421875 1162133
2.74658203125 -14.5263671875 -0.732421875 1162134
2.74658203125 -14.5263671875 -0.732421875 1162135
2.74658203125 -14.5263671875 -0.732421875 1162214
8.23974609375 -24.169921875 8.9111328125 1162215
8.23974609375 -24.169921875 8.9111328125 1162216
1.52587890625 -6.7138671875 4.21142578125 1162311
1.52587890625 -6.7138671875 4.21142578125 1162312
1.52587890625 -6.7138671875 4.21142578125 1162313
1.52587890625 -6.7138671875 4.21142578125 1162395
-2.0751953125 -11.77978515625 -2.62451171875 1162396
-2.0751953125 -11.77978515625 -2.62451171875 1162397
-2.0751953125 -11.77978515625 -2.62451171875 1162506
2.3193359375 -13.48876953125 10.7421875 1162507
2.3193359375 -13.48876953125 10.7421875 1162508
2.3193359375 -13.48876953125 10.7421875 1162508
2.3193359375 -13.48876953125 10.7421875 1162509
2.3193359375 -13.48876953125 10.7421875 1162608
-10.31494140625 -22.39990234375 2.99072265625 1162609
-10.31494140625 -22.39990234375 2.99072265625 1162610
-10.31494140625 -22.39990234375 2.99072265625 1162611
-10.31494140625 -22.39990234375 2.99072265625 1162612
-10.31494140625 -22.39990234375 2.99072265625 1162710
4.39453125 4.21142578125 4.45556640625 1162711
4.39453125 4.21142578125 4.45556640625 1162711
4.39453125 4.21142578125 4.45556640625 1162712
4.39453125 4.21142578125 4.45556640625 1162713
4.39453125 4.21142578125 4.45556640625 1162847
-6.04248046875 -9.94873046875 7.14111328125 1162848
-6.04248046875 -9.94873046875 7.14111328125 1162862
-6.04248046875 -9.94873046875 7.14111328125 1162863
-6.04248046875 -9.94873046875 7.14111328125 1162872
-4.08935546875 3.72314453125 -10.6201171875 1162913
-4.08935546875 3.72314453125 -10.6201171875 1163016
12.26806640625 -3.60107421875 -0.67138671875 1163017
12.26806640625 -3.60107421875 -0.67138671875 1163018
12.26806640625 -3.60107421875 -0.67138671875 1163019
12.26806640625 -3.60107421875 -0.67138671875 1163020
3.11279296875 -3.72314453125 -0.244140625 1163093
3.11279296875 -3.72314453125 -0.244140625 1163204
-2.50244140625 -1.64794921875 3.96728515625 1163205
-2.50244140625 -1.64794921875 3.96728515625 1163205
-2.50244140625 -1.64794921875 3.96728515625 1163206
-2.50244140625 -1.64794921875 3.96728515625 1163207
-2.50244140625 -1.64794921875 3.96728515625 1163307
-4.8828125 -5.2490234375 5.9814453125 1163308
-4.8828125 -5.2490234375 5.9814453125 1163309
-4.8828125 -5.2490234375 5.9814453125 1163310
-4.8828125 -5.2490234375 5.9814453125 1163311
-4.8828125 -5.2490234375 5.9814453125 1163413
-14.16015625 -15.5029296875 -0.42724609375 1163414
-14.16015625 -15.5029296875 -0.42724609375 1163414
-14.16015625 -15.5029296875 -0.42724609375 1163415
-14.16015625 -15.5029296875 -0.42724609375 1163416
-5.7373046875 -24.35302734375 8.11767578125 1163495
-5.7373046875 -24.35302734375 8.11767578125 1163607
-0.67138671875 9.58251953125 -12.02392578125 1163611
-0.67138671875 9.58251953125 -12.02392578125 1163612
-0.67138671875 9.58251953125 -12.02392578125 1163613
-0.67138671875 9.58251953125 -12.02392578125 1163615
-8.1787109375 -4.0283203125 -1.708984375 1163709
-8.1787109375 -4.0283203125 -1.708984375 1163813
-1.8310546875 13.0615234375 4.0283203125 1163814
-1.8310546875 13.0615234375 4.0283203125 1163815
-1.8310546875 13.0615234375 4.0283203125 1163816
-1.8310546875 13.0615234375 4.0283203125 1163817
-1.8310546875 13.0615234375 4.0283203125 1163915
-2.44140625 8.4228515625 -13.0615234375 1163916
-2.44140625 8.4228515625 -13.0615234375 1163916
-2.44140625 8.4228515625 -13.0615234375 1163917
-2.44140625 8.4228515625 -13.0615234375 1163918
-4.82177734375 -4.45556640625 0.732421875 1163994
-4.82177734375 -4.45556640625 0.732421875 1164107
-5.7373046875 5.79833984375 -6.16455078125 1164107
-5.7373046875 5.79833984375 -6.16455078125 1164108
-5.7373046875 5.79833984375 -6.16455078125 1164109
-5.7373046875 5.79833984375 -6.16455078125 1164110
-7.8125 -9.1552734375 -9.82666015625 1164193
-7.8125 -9.1552734375 -9.82666015625 1164304
-2.0751953125 -1.15966796875 5.18798828125 1164305
-2.0751953125 -1.15966796875 5.18798828125 1164305
-2.0751953125 -1.15966796875 5.18798828125 1164306
-2.0751953125 -1.15966796875 5.18798828125 1164307
-2.0751953125 -1.15966796875 5.18798828125 1164417
-3.11279296875 8.056640625 -6.77490234375 1164418
-3.11279296875 8.056640625 -6.77490234375 1164419
-3.11279296875 8.056640625 -6.77490234375 1164421
-3.11279296875 8.056640625 -6.77490234375 1164424
6.53076171875 -1.77001953125 -2.8076171875 1164509
6.53076171875 -1.77001953125 -2.8076171875 1164611
18.61572265625 20.3857421875 -4.33349609375 1164612
18.61572265625 20.3857421875 -4.33349609375 1164613
18.61572265625 20.3857421875 -4.33349609375 1164614
18.61572265625 20.3857421875 -4.33349609375 1164614
18.61572265625 20.3857421875 -4.33349609375 1164714
5.55419921875 -2.50244140625 0 1164715
5.55419921875 -2.50244140625 0 1164715
5.55419921875 -2.50244140625 0 1164716
5.55419921875 -2.50244140625 0 1164717
0.79345703125 -4.21142578125 3.11279296875 1164793
0.79345703125 -4.21142578125 3.11279296875 1164904
5.0048828125 -0.30517578125 0 1164905
5.0048828125 -0.30517578125 0 1164906
5.0048828125 -0.30517578125 0 1164907
5.0048828125 -0.30517578125 0 1164908
5.0048828125 -0.30517578125 0 1165006
2.13623046875 -2.9296875 0.3662109375 1165007
2.13623046875 -2.9296875 0.3662109375 1165008
2.13623046875 -2.9296875 0.3662109375 1165009
2.13623046875 -2.9296875 0.3662109375 1165010
2.13623046875 -2.9296875 0.3662109375 1165109
2.3193359375 0.91552734375 3.41796875 1165110
2.3193359375 0.91552734375 3.41796875 1165111
2.3193359375 0.91552734375 3.41796875 1165112
2.3193359375 0.91552734375 3.41796875 1165113
2.3193359375 0.91552734375 3.41796875 1165212
-3.11279296875 4.0283203125 -4.45556640625 1165213
-3.11279296875 4.0283203125 -4.45556640625 1165214
-3.11279296875 4.0283203125 -4.45556640625 1165215
-3.11279296875 4.0283203125 -4.45556640625 1165215
-3.11279296875 4.0283203125 -4.45556640625 1165339
0.42724609375 3.0517578125 2.01416015625 1165340
0.42724609375 3.0517578125 2.01416015625 1165341
0.42724609375 3.0517578125 2.01416015625 1165341
0.42724609375 3.0517578125 2.01416015625 1165342
-5.18798828125 3.60107421875 1.46484375 1165393
-5.18798828125 3.60107421875 1.46484375 1165506
1.15966796875 -1.220703125 -5.9814453125 1165507
1.15966796875 -1.220703125 -5.9814453125 1165507
1.15966796875 -1.220703125 -5.9814453125 1165508
1.15966796875 -1.220703125 -5.9814453125 1165509
1.15966796875 -1.220703125 -5.9814453125 1165608
-2.50244140625 2.99072265625 -1.708984375 1165609
-2.50244140625 2.99072265625 -1.708984375 1165610
-2.50244140625 2.99072265625 -1.708984375 1165610
-2.50244140625 2.99072265625 -1.708984375 1165611
-3.173828125 -4.33349609375 -6.8359375 1165710
-3.173828125 -4.33349609375 -6.8359375 1165711
-3.173828125 -4.33349609375 -6.8359375 1165712
-3.173828125 -4.33349609375 -6.8359375 1165712
-3.173828125 -4.33349609375 -6.8359375 1165814
12.6953125 -5.31005859375 6.04248046875 1165815
12.6953125 -5.31005859375 6.04248046875 1165816
12.6953125 -5.31005859375 6.04248046875 1165816
12.6953125 -5.31005859375 6.04248046875 1165817
12.6953125 -5.31005859375 6.04248046875 1165917
7.2021484375 10.8642578125 -0.06103515625 1165918
7.2021484375 10.8642578125 -0.06103515625 1165919
7.2021484375 10.8642578125 -0.06103515625 1165920
7.2021484375 10.8642578125 -0.06103515625 1165921
-4.57763671875 -6.8359375 -9.3994140625 1165994
-4.57763671875 -6.8359375 -9.3994140625 1166106
-2.5634765625 -0.06103515625 -1.220703125 1166107
-2.5634765625 -0.06103515625 -1.220703125 1166107
-2.5634765625 -0.06103515625 -1.220703125 1166108
-2.5634765625 -0.06103515625 -1.220703125 1166109
-2.5634765625 -0.06103515625 -1.220703125 1166209
1.46484375 -3.41796875 -4.45556640625 1166210
1.46484375 -3.41796875 -4.45556640625 1166211
1.46484375 -3.41796875 -4.45556640625 1166211
1.46484375 -3.41796875 -4.45556640625 1166212
1.46484375 -3.41796875 -4.45556640625 1166313
-4.45556640625 -2.01416015625 0.67138671875 1166314
-4.45556640625 -2.01416015625 0.67138671875 1166314
-4.45556640625 -2.01416015625 0.67138671875 1166315
-4.45556640625 -2.01416015625 0.67138671875 1166315
-4.45556640625 -2.01416015625 0.67138671875 1166416
-6.16455078125 -5.06591796875 -0.67138671875 1166417
-6.16455078125 -5.06591796875 -0.67138671875 1166417
-6.16455078125 -5.06591796875 -0.67138671875 1166418
-6.16455078125 -5.06591796875 -0.67138671875 1166418
-1.15966796875 -1.5869140625 -3.662109375 1166504
-1.15966796875 -1.5869140625 -3.662109375 1166607
7.2021484375 8.9111328125 2.50244140625 1166608
7.2021484375 8.9111328125 2.50244140625 1166609
7.2021484375 8.9111328125 2.50244140625 1166610
7.2021484375 8.9111328125 2.50244140625 1166611
7.2021484375 8.9111328125 2.50244140625 1166709
-0.67138671875 -1.5869140625 -0.6103515625 1166728
-0.67138671875 -1.5869140625 -0.6103515625 1166729
-0.67138671875 -1.5869140625 -0.6103515625 1166730
-0.67138671875 -1.5869140625 -0.6103515625 1166731
-0.67138671875 -1.5869140625 -0.6103515625 1166811
-16.6015625 -5.43212890625 1.5869140625 1166812
-16.6015625 -5.43212890625 1.5869140625 1166915
3.72314453125 1.46484375 7.26318359375 1166916
3.72314453125 1.46484375 7.26318359375 1166916
3.72314453125 1.46484375 7.26318359375 1166917
3.72314453125 1.46484375 7.26318359375 1166917
3.72314453125 1.46484375 7.26318359375 1167017
-12.63427734375 -4.33349609375 -9.1552734375 1167018
-12.63427734375 -4.33349609375 -9.1552734375 1167018
-12.63427734375 -4.33349609375 -9.1552734375 1167019
-12.63427734375 -4.33349609375 -9.1552734375 1167020
-7.568359375 -4.08935546875 -2.685546875 1167095
-7.568359375 -4.08935546875 -2.685546875 1167206
4.45556640625 10.25390625 -6.8359375 1167207
4.45556640625 10.25390625 -6.8359375 1167207
4.45556640625 10.25390625 -6.8359375 1167208
4.45556640625 10.25390625 -6.8359375 1167209
4.45556640625 10.25390625 -6.8359375 1167309
2.25830078125 0.732421875 -3.7841796875 1167310
2.25830078125 0.732421875 -3.7841796875 1167311
2.25830078125 0.732421875 -3.7841796875 1167312
2.25830078125 0.732421875 -3.7841796875 1167313
2.25830078125 0.732421875 -3.7841796875 1167413
6.53076171875 8.1787109375 2.9296875 1167414
6.53076171875 8.1787109375 2.9296875 1167415
6.53076171875 8.1787109375 2.9296875 1167416
6.53076171875 8.1787109375 2.9296875 1167416
-3.84521484375 -0.18310546875 -9.765625 1167510
-3.84521484375 -0.18310546875 -9.765625 1167609
4.0283203125 12.3291015625 -5.79833984375 1167610
4.0283203125 12.3291015625 -5.79833984375 1167611
4.0283203125 12.3291015625 -5.79833984375 1167612
4.0283203125 12.3291015625 -5.79833984375 1167612
4.0283203125 12.3291015625 -5.79833984375 1167710
-3.72314453125 -3.84521484375 4.2724609375 1167711
-3.72314453125 -3.84521484375 4.2724609375 1167711
-3.72314453125 -3.84521484375 4.2724609375 1167813
-4.82177734375 -7.50732421875 -13.12255859375 1167814
-4.82177734375 -7.50732421875 -13.12255859375 1167814
-4.82177734375 -7.50732421875 -13.12255859375 1167815
-4.82177734375 -7.50732421875 -13.12255859375 1167816
-4.82177734375 -7.50732421875 -13.12255859375 1167920
2.62451171875 2.38037109375 3.7841796875 1167921
2.62451171875 2.38037109375 3.7841796875 1167922
2.62451171875 2.38037109375 3.7841796875 1167923
2.62451171875 2.38037109375 3.7841796875 1167924
-10.986328125 -0.6103515625 -0.244140625 1167995
-10.986328125 -0.6103515625 -0.244140625 1168107
-1.03759765625 -1.46484375 -2.62451171875 1168108
-1.03759765625 -1.46484375 -2.62451171875 1168109
-1.03759765625 -1.46484375 -2.62451171875 1168110
-1.03759765625 -1.46484375 -2.62451171875 1168110
-1.03759765625 -1.46484375 -2.62451171875 1168209
1.3427734375 -8.7890625 6.2255859375 1168228
1.3427734375 -8.7890625 6.2255859375 1168229
1.3427734375 -8.7890625 6.2255859375 1168230
1.3427734375 -8.7890625 6.2255859375 1168231
1.3427734375 -8.7890625 6.2255859375 1168311
-2.685546875 8.60595703125 -5.9814453125 1168312
-2.685546875 8.60595703125 -5.9814453125 1168414
-5.859375 7.4462890625 -0.3662109375 1168415
-5.859375 7.4462890625 -0.3662109375 1168415
-5.859375 7.4462890625 -0.3662109375 1168416
-5.859375 7.4462890625 -0.3662109375 1168417
-5.859375 7.4462890625 -0.3662109375 1168517
-17.63916015625 -18.37158203125 1.64794921875 1168518
-17.63916015625 -18.37158203125 1.64794921875 1168519
-17.63916015625 -18.37158203125 1.64794921875 1168520
-17.63916015625 -18.37158203125 1.64794921875 1168521
-17.63916015625 -18.37158203125 1.64794921875 1168628
-4.2724609375 6.8359375 -10.498046875 1168629
-4.2724609375 6.8359375 -10.498046875 1168629
-4.2724609375 6.8359375 -10.498046875 1168630
-4.2724609375 6.8359375 -10.498046875 1168631
8.48388671875 19.287109375 2.0751953125 1168706
8.48388671875 19.287109375 2.0751953125 1168809
-6.04248046875 -1.3427734375 -5.55419921875 1168810
-6.04248046875 -1.3427734375 -5.55419921875 1168811
-6.04248046875 -1.3427734375 -5.55419921875 1168812
-6.04248046875 -1.3427734375 -5.55419921875 1168813
-6.04248046875 -1.3427734375 -5.55419921875 1168911
-10.92529296875 -0.42724609375 1.52587890625 1168912
-10.92529296875 -0.42724609375 1.52587890625 1168913
-10.92529296875 -0.42724609375 1.52587890625 1168914
-10.92529296875 -0.42724609375 1.52587890625 1168914
-10.92529296875 -0.42724609375 1.52587890625 1169014
-6.28662109375 0.6103515625 -8.9111328125 1169015
-6.28662109375 0.6103515625 -8.9111328125 1169016
-6.28662109375 0.6103515625 -8.9111328125 1169016
-6.28662109375 0.6103515625 -8.9111328125 1169017
-6.28662109375 0.6103515625 -8.9111328125 1169116
-8.23974609375 -6.89697265625 5.37109375 1169117
-8.23974609375 -6.89697265625 5.37109375 1169117
-8.23974609375 -6.89697265625 5.37109375 1169118
-8.23974609375 -6.89697265625 5.37109375 1169119
-3.35693359375 2.25830078125 -1.77001953125 1169208
-3.35693359375 2.25830078125 -1.77001953125 1169309
0.30517578125 3.35693359375 -9.27734375 1169310
0.30517578125 3.35693359375 -9.27734375 1169311
0.30517578125 3.35693359375 -9.27734375 1169312
0.30517578125 3.35693359375 -9.27734375 1169313
0.30517578125 3.35693359375 -9.27734375 1169410
1.708984375 5.4931640625 0.732421875 1169411
1.708984375 5.4931640625 0.732421875 1169412
1.708984375 5.4931640625 0.732421875 1169413
1.708984375 5.4931640625 0.732421875 1169414
-9.1552734375 -6.34765625 -8.30078125 1169513
-9.1552734375 -6.34765625 -8.30078125 1169514
-9.1552734375 -6.34765625 -8.30078125 1169515
-9.1552734375 -6.34765625 -8.30078125 1169516
-9.1552734375 -6.34765625 -8.30078125 1169615
10.1318359375 6.04248046875 0.67138671875 1169616
10.1318359375 6.04248046875 0.67138671875 1169617
10.1318359375 6.04248046875 0.67138671875 1169618
10.1318359375 6.04248046875 0.67138671875 1169619
10.1318359375 6.04248046875 0.67138671875 1169718
-3.23486328125 0 -1.40380859375 1169719
-3.23486328125 0 -1.40380859375 1169720
-3.23486328125 0 -1.40380859375 1169721
-3.23486328125 0 -1.40380859375 1169722
-0.79345703125 -3.0517578125 -4.57763671875 1169805
-0.79345703125 -3.0517578125 -4.57763671875 1169908
-2.25830078125 -2.5634765625 -1.15966796875 1169909
-2.25830078125 -2.5634765625 -1.15966796875 1169909
-2.25830078125 -2.5634765625 -1.15966796875 1169910
-2.25830078125 -2.5634765625 -1.15966796875 1169911
-2.25830078125 -2.5634765625 -1.15966796875 1170013
-8.7890625 -1.220703125 -3.173828125 1170014
-8.7890625 -1.220703125 -3.173828125 1170015
-8.7890625 -1.220703125 -3.173828125 1170016
-8.7890625 -1.220703125 -3.173828125 1170017
-8.7890625 -1.220703125 -3.173828125 1170113
3.0517578125 2.62451171875 0.42724609375 1170114
3.0517578125 2.62451171875 0.42724609375 1170114
3.0517578125 2.62451171875 0.42724609375 1170215
-1.708984375 1.64794921875 -6.16455078125 1170216
-1.708984375 1.64794921875 -6.16455078125 1170217
-1.708984375 1.64794921875 -6.16455078125 1170218
-1.708984375 1.64794921875 -6.16455078125 1170218
-1.708984375 1.64794921875 -6.16455078125 1170318
-13.427734375 -8.7890625 0.79345703125 1170319
-13.427734375 -8.7890625 0.79345703125 1170319
-13.427734375 -8.7890625 0.79345703125 1170320
-13.427734375 -8.7890625 0.79345703125 1170321
-4.69970703125 -4.39453125 0.48828125 1170398
-4.69970703125 -4.39453125 0.48828125 1170508
3.7841796875 1.5869140625 -0.6103515625 1170510
3.7841796875 1.5869140625 -0.6103515625 1170511
3.7841796875 1.5869140625 -0.6103515625 1170512
3.7841796875 1.5869140625 -0.6103515625 1170513
3.7841796875 1.5869140625 -0.6103515625 1170617
1.708984375 3.96728515625 -2.9296875 1170618
1.708984375 3.96728515625 -2.9296875 1170619
1.708984375 3.96728515625 -2.9296875 1170620
1.708984375 3.96728515625 -2.9296875 1170621
-0.732421875 -0.732421875 0.18310546875 1170704
-0.732421875 -0.732421875 0.18310546875 1170812
-5.0048828125 -0.6103515625 -5.4931640625 1170813
-5.0048828125 -0.6103515625 -5.4931640625 1170836
-5.0048828125 -0.6103515625 -5.4931640625 1170837
-5.0048828125 -0.6103515625 -5.4931640625 1170838
5.126953125 3.35693359375 -0.1220703125 1170914
5.126953125 3.35693359375 -0.1220703125 1170915
5.126953125 3.35693359375 -0.1220703125 1171016
4.0283203125 4.33349609375 -0.732421875 1171017
4.0283203125 4.33349609375 -0.732421875 1171017
4.0283203125 4.33349609375 -0.732421875 1171018
4.0283203125 4.33349609375 -0.732421875 1171019
4.0283203125 4.33349609375 -0.732421875 1171118
-2.8076171875 0.9765625 -5.92041015625 1171119
-2.8076171875 0.9765625 -5.92041015625 1171120
-2.8076171875 0.9765625 -5.92041015625 1171121
-2.8076171875 0.9765625 -5.92041015625 1171122
-3.662109375 -0.3662109375 1.40380859375 1171198
-3.662109375 -0.3662109375 1.40380859375 1171308
-7.38525390625 -1.52587890625 -3.41796875 1171309
-7.38525390625 -1.52587890625 -3.41796875 1171310
-7.38525390625 -1.52587890625 -3.41796875 1171311
-7.38525390625 -1.52587890625 -3.41796875 1171312
-7.38525390625 -1.52587890625 -3.41796875 1171410
3.72314453125 0.67138671875 -4.7607421875 1171411
3.72314453125 0.67138671875 -4.7607421875 1171411
3.72314453125 0.67138671875 -4.7607421875 1171412
3.72314453125 0.67138671875 -4.7607421875 1171413
3.72314453125 0.67138671875 -4.7607421875 1171512
-0.9765625 2.9296875 -2.0751953125 1171513
-0.9765625 2.9296875 -2.0751953125 1171515
-0.9765625 2.9296875 -2.0751953125 1171516
-0.9765625 2.9296875 -2.0751953125 1171516
-0.9765625 2.9296875 -2.0751953125 1171615
-4.8828125 -0.30517578125 -8.30078125 1171616
-4.8828125 -0.30517578125 -8.30078125 1171616
-4.8828125 -0.30517578125 -8.30078125 1171617
-4.8828125 -0.30517578125 -8.30078125 1171617
-4.8828125 -0.30517578125 -8.30078125 1171719
0.18310546875 -2.25830078125 -4.39453125 1171720
0.18310546875 -2.25830078125 -4.39453125 1171721
0.18310546875 -2.25830078125 -4.39453125 1171722
0.18310546875 -2.25830078125 -4.39453125 1171722
2.3193359375 1.46484375 -0.54931640625 1171817
2.3193359375 1.46484375 -0.54931640625 1171912
-0.8544921875 3.41796875 -1.03759765625 1171913
-0.8544921875 3.41796875 -1.03759765625 1171914
-0.8544921875 3.41796875 -1.03759765625 1171915
-0.8544921875 3.41796875 -1.03759765625 1171915
-0.8544921875 3.41796875 -1.03759765625 1172015
-2.01416015625 -0.30517578125 0.48828125 1172016
-2.01416015625 -0.30517578125 0.48828125 1172017
-2.01416015625 -0.30517578125 0.48828125 1172018
-2.01416015625 -0.30517578125 0.48828125 1172018
-2.01416015625 -0.30517578125 0.48828125 1172118
-4.39453125 -1.15966796875 -7.4462890625 1172119
-4.39453125 -1.15966796875 -7.4462890625 1172119
-4.39453125 -1.15966796875 -7.4462890625 1172120
-4.39453125 -1.15966796875 -7.4462890625 1172121
-4.39453125 -1.15966796875 -7.4462890625 1172220
-2.01416015625 0.732421875 -5.4931640625 1172221
-2.01416015625 0.732421875 -5.4931640625 1172222
-2.01416015625 0.732421875 -5.4931640625 1172223
-2.01416015625 0.732421875 -5.4931640625 1172224
-0.18310546875 0.9765625 2.9296875 1172299
-0.18310546875 0.9765625 2.9296875 1172426
-4.69970703125 1.220703125 -7.75146484375 1172427
-4.69970703125 1.220703125 -7.75146484375 1172428
-4.69970703125 1.220703125 -7.75146484375 1172429
-4.69970703125 1.220703125 -7.75146484375 1172429
-2.50244140625 -1.64794921875 1.0986328125 1172512
-2.50244140625 -1.64794921875 1.0986328125 1172604
-4.94384765625 -0.54931640625 -3.662109375 1172616
-4.94384765625 -0.54931640625 -3.662109375 1172617
-4.94384765625 -0.54931640625 -3.662109375 1172617
-4.94384765625 -0.54931640625 -3.662109375 1172618
-4.94384765625 -0.54931640625 -3.662109375 1172718
6.53076171875 -0.67138671875 -6.04248046875 1172719
6.53076171875 -0.67138671875 -6.04248046875 1172720
6.53076171875 -0.67138671875 -6.04248046875 1172721
6.53076171875 -0.67138671875 -6.04248046875 1172721
6.53076171875 -0.67138671875 -6.04248046875 1172820
2.44140625 2.62451171875 0.42724609375 1172821
2.44140625 2.62451171875 0.42724609375 1172821
2.44140625 2.62451171875 0.42724609375 1172822
2.44140625 2.62451171875 0.42724609375 1172822
-6.103515625 -0.06103515625 -6.53076171875 1172898
-6.103515625 -0.06103515625 -6.53076171875 1173011
0.48828125 -0.79345703125 1.3427734375 1173011
0.48828125 -0.79345703125 1.3427734375 1173011
0.48828125 -0.79345703125 1.3427734375 1173012
0.48828125 -0.79345703125 1.3427734375 1173012
0.48828125 -0.79345703125 1.3427734375 1173113
6.53076171875 3.5400390625 -2.13623046875 1173114
6.53076171875 3.5400390625 -2.13623046875 1173114
6.53076171875 3.5400390625 -2.13623046875 1173115
6.53076171875 3.5400390625 -2.13623046875 1173116
3.60107421875 5.31005859375 -1.28173828125 1173215
3.60107421875 5.31005859375 -1.28173828125 1173216
3.60107421875 5.31005859375 -1.28173828125 1173216
3.60107421875 5.31005859375 -1.28173828125 1173217
3.60107421875 5.31005859375 -1.28173828125 1173318
-8.60595703125 -2.8076171875 2.8076171875 1173319
-8.60595703125 -2.8076171875 2.8076171875 1173320
-8.60595703125 -2.8076171875 2.8076171875 1173321
-8.60595703125 -2.8076171875 2.8076171875 1173321
-8.60595703125 -2.8076171875 2.8076171875 1173420
-4.21142578125 0.6103515625 -0.3662109375 1173421
-4.21142578125 0.6103515625 -0.3662109375 1173422
-4.21142578125 0.6103515625 -0.3662109375 1173423
-4.21142578125 0.6103515625 -0.3662109375 1173423
-4.21142578125 0.6103515625 -0.3662109375 1173522
-2.685546875 -3.35693359375 -9.33837890625 1173523
-2.685546875 -3.35693359375 -9.33837890625 1173524
-2.685546875 -3.35693359375 -9.33837890625 1173525
-2.685546875 -3.35693359375 -9.33837890625 1173526
-2.01416015625 3.0517578125 1.40380859375 1173601
-2.01416015625 3.0517578125 1.40380859375 1173711
-1.40380859375 2.25830078125 -4.5166015625 1173712
-1.40380859375 2.25830078125 -4.5166015625 1173713
-1.40380859375 2.25830078125 -4.5166015625 1173715
-1.40380859375 2.25830078125 -4.5166015625 1173716
-1.40380859375 2.25830078125 -4.5166015625 1173818
3.2958984375 0.42724609375 -6.77490234375 1173819
3.2958984375 0.42724609375 -6.77490234375 1173820
3.2958984375 0.42724609375 -6.77490234375 1173821
3.2958984375 0.42724609375 -6.77490234375 1173822
3.2958984375 0.42724609375 -6.77490234375 1173920
-0.8544921875 6.28662109375 -1.46484375 1173921
-0.8544921875 6.28662109375 -1.46484375 1173922
-0.8544921875 6.28662109375 -1.46484375 1173923
-0.8544921875 6.28662109375 -1.46484375 1173924
7.32421875 14.34326171875 -9.3994140625 1173999
7.32421875 14.34326171875 -9.3994140625 1174110
0.54931640625 1.3427734375 1.28173828125 1174111
0.54931640625 1.3427734375 1.28173828125 1174111
0.54931640625 1.3427734375 1.28173828125 1174112
0.54931640625 1.3427734375 1.28173828125 1174113
0.54931640625 1.3427734375 1.28173828125 1174212
2.44140625 7.26318359375 -2.3193359375 1174213
2.44140625 7.26318359375 -2.3193359375 1174213
2.44140625 7.26318359375 -2.3193359375 1174214
2.44140625 7.26318359375 -2.3193359375 1174215
2.44140625 7.26318359375 -2.3193359375 1174316
-1.03759765625 1.77001953125 -2.99072265625 1174317
-1.03759765625 1.77001953125 -2.99072265625 1174318
-1.03759765625 1.77001953125 -2.99072265625 1174318
-1.03759765625 1.77001953125 -2.99072265625 1174319
-1.03759765625 1.77001953125 -2.99072265625 1174419
-1.46484375 1.15966796875 0.3662109375 1174420
-1.46484375 1.15966796875 0.3662109375 1174420
-1.46484375 1.15966796875 0.3662109375 1174421
-1.46484375 1.15966796875 0.3662109375 1174421
-1.46484375 1.15966796875 0.3662109375 1174521
1.64794921875 6.28662109375 -3.47900390625 1174522
1.64794921875 6.28662109375 -3.47900390625 1174522
1.64794921875 6.28662109375 -3.47900390625 1174523
1.64794921875 6.28662109375 -3.47900390625 1174524
1.64794921875 6.28662109375 -3.47900390625 1174639
-2.9296875 -3.72314453125 -5.859375 1174640
-2.9296875 -3.72314453125 -5.859375 1174641
-2.9296875 -3.72314453125 -5.859375 1174642
-2.9296875 -3.72314453125 -5.859375 1174643
0.6103515625 -8.9111328125 1.89208984375 1174710
0.6103515625 -8.9111328125 1.89208984375 1174832
0.18310546875 4.7607421875 -9.82666015625 1174833
0.18310546875 4.7607421875 -9.82666015625 1174834
0.18310546875 4.7607421875 -9.82666015625 1174835
0.18310546875 4.7607421875 -9.82666015625 1174836
0.30517578125 5.18798828125 -2.86865234375 1174915
0.30517578125 5.18798828125 -2.86865234375 1175017
2.50244140625 4.08935546875 3.2958984375 1175018
2.50244140625 4.08935546875 3.2958984375 1175019
2.50244140625 4.08935546875 3.2958984375 1175019
2.50244140625 4.08935546875 3.2958984375 1175020
2.50244140625 4.08935546875 3.2958984375 1175120
-2.3193359375 -0.48828125 -6.7138671875 1175121
-2.3193359375 -0.48828125 -6.7138671875 1175121
-2.3193359375 -0.48828125 -6.7138671875 1175122
-2.3193359375 -0.48828125 -6.7138671875 1175123
-2.3193359375 -0.48828125 -6.7138671875 1175223
-1.953125 -5.9814453125 7.4462890625 1175225
-1.953125 -5.9814453125 7.4462890625 1175226
-1.953125 -5.9814453125 7.4462890625 1175227
-1.953125 -5.9814453125 7.4462890625 1175228
2.38037109375 1.77001953125 -3.60107421875 1175302
2.38037109375 1.77001953125 -3.60107421875 1175412
-2.685546875 -4.57763671875 -2.50244140625 1175413
-2.685546875 -4.57763671875 -2.50244140625 1175414
-2.685546875 -4.57763671875 -2.50244140625 1175415
-2.685546875 -4.57763671875 -2.50244140625 1175416
-2.685546875 -4.57763671875 -2.50244140625 1175515
2.86865234375 0.42724609375 1.77001953125 1175515
2.86865234375 0.42724609375 1.77001953125 1175516
2.86865234375 0.42724609375 1.77001953125 1175517
2.86865234375 0.42724609375 1.77001953125 1175518
2.86865234375 0.42724609375 1.77001953125 1175626
-6.34765625 -5.0048828125 -4.8828125 1175627
-6.34765625 -5.0048828125 -4.8828125 1175628
-6.34765625 -5.0048828125 -4.8828125 1175628
-6.34765625 -5.0048828125 -4.8828125 1175629
-8.7890625 -10.80322265625 6.34765625 1175712
-8.7890625 -10.80322265625 6.34765625 1175816
-6.34765625 -18.73779296875 4.0283203125 1175817
-6.34765625 -18.73779296875 4.0283203125 1175817
-6.34765625 -18.73779296875 4.0283203125 1175818
-6.34765625 -18.73779296875 4.0283203125 1175819
-6.34765625 -18.73779296875 4.0283203125 1175920
-13.3056640625 -16.2353515625 -1.77001953125 1175921
-13.3056640625 -16.2353515625 -1.77001953125 1175922
-13.3056640625 -16.2353515625 -1.77001953125 1175923
-13.3056640625 -16.2353515625 -1.77001953125 1175924
-13.3056640625 -16.2353515625 -1.77001953125 1176020
-3.7841796875 8.23974609375 -2.38037109375 1176021
-3.7841796875 8.23974609375 -2.38037109375 1176021
-3.7841796875 8.23974609375 -2.38037109375 1176122
-7.87353515625 6.4697265625 -9.1552734375 1176123
-7.87353515625 6.4697265625 -9.1552734375 1176124
-7.87353515625 6.4697265625 -9.1552734375 1176125
-7.87353515625 6.4697265625 -9.1552734375 1176126
-5.31005859375 3.41796875 4.2724609375 1176202
-5.31005859375 3.41796875 4.2724609375 1176311
-8.30078125 -0.6103515625 -1.220703125 1176312
-8.30078125 -0.6103515625 -1.220703125 1176313
-8.30078125 -0.6103515625 -1.220703125 1176313
-8.30078125 -0.6103515625 -1.220703125 1176314
-8.30078125 -0.6103515625 -1.220703125 1176414
-2.197265625 0.6103515625 -2.0751953125 1176415
-2.197265625 0.6103515625 -2.0751953125 1176416
-2.197265625 0.6103515625 -2.0751953125 1176416
-2.197265625 0.6103515625 -2.0751953125 1176417
-2.197265625 0.6103515625 -2.0751953125 1176516
-4.57763671875 -0.1220703125 -0.42724609375 1176517
-4.57763671875 -0.1220703125 -0.42724609375 1176518
-4.57763671875 -0.1220703125 -0.42724609375 1176519
-4.57763671875 -0.1220703125 -0.42724609375 1176519
-4.57763671875 -0.1220703125 -0.42724609375 1176619
-8.1787109375 2.685546875 -2.62451171875 1176620
-8.1787109375 2.685546875 -2.62451171875 1176621
-8.1787109375 2.685546875 -2.62451171875 1176622
-8.1787109375 2.685546875 -2.62451171875 1176623
-8.1787109375 2.685546875 -2.62451171875 1176722
-3.23486328125 -0.3662109375 -4.8828125 1176723
-3.23486328125 -0.3662109375 -4.8828125 1176724
-3.23486328125 -0.3662109375 -4.8828125 1176725
-3.23486328125 -0.3662109375 -4.8828125 1176725
-3.23486328125 -0.3662109375 -4.8828125 1176825
0.79345703125 6.28662109375 -0.42724609375 1176826
0.79345703125 6.28662109375 -0.42724609375 1176826
0.79345703125 6.28662109375 -0.42724609375 1176827
0.79345703125 6.28662109375 -0.42724609375 1176828
-6.103515625 -0.42724609375 -5.4931640625 1176908
-6.103515625 -0.42724609375 -5.4931640625 1177019
1.708984375 2.685546875 1.8310546875 1177020
1.708984375 2.685546875 1.8310546875 1177021
1.708984375 2.685546875 1.8310546875 1177022
1.708984375 2.685546875 1.8310546875 1177022
1.708984375 2.685546875 1.8310546875 1177122
-2.685546875 -1.220703125 -5.9814453125 1177123
-2.685546875 -1.220703125 -5.9814453125 1177151
-2.685546875 -1.220703125 -5.9814453125 1177153
-2.685546875 -1.220703125 -5.9814453125 1177154
-2.685546875 -1.220703125 -5.9814453125 1177224
5.92041015625 1.03759765625 -3.72314453125 1177225
5.92041015625 1.03759765625 -3.72314453125 1177226
-2.99072265625 -1.708984375 -4.150390625 1177308
-2.99072265625 -1.708984375 -4.150390625 1177310
-2.99072265625 -1.708984375 -4.150390625 1177311
-2.99072265625 -1.708984375 -4.150390625 1177415
-0.54931640625 0 -3.662109375 1177416
-0.54931640625 0 -3.662109375 1177417
-0.54931640625 0 -3.662109375 1177429
-0.54931640625 0 -3.662109375 1177430
-6.4697265625 1.5869140625 -0.79345703125 1177512
-6.4697265625 1.5869140625 -0.79345703125 1177616
-5.37109375 -0.79345703125 -2.8076171875 1177617
-5.37109375 -0.79345703125 -2.8076171875 1177619
-5.37109375 -0.79345703125 -2.8076171875 1177619
-5.37109375 -0.79345703125 -2.8076171875 1177620
-5.37109375 -0.79345703125 -2.8076171875 1177719
4.21142578125 2.13623046875 -2.5634765625 1177720
4.21142578125 2.13623046875 -2.5634765625 1177721
4.21142578125 2.13623046875 -2.5634765625 1177721
4.21142578125 2.13623046875 -2.5634765625 1177722
4.21142578125 2.13623046875 -2.5634765625 1177823
-0.67138671875 2.74658203125 -6.04248046875 1177831
-0.67138671875 2.74658203125 -6.04248046875 1177832
-0.67138671875 2.74658203125 -6.04248046875 1177833
-0.67138671875 2.74658203125 -6.04248046875 1177834
-1.89208984375 -1.708984375 -1.8310546875 1177910
-1.89208984375 -1.708984375 -1.8310546875 1178016
-0.54931640625 -0.3662109375 -3.41796875 1178016
-0.54931640625 -0.3662109375 -3.41796875 1178017
-0.54931640625 -0.3662109375 -3.41796875 1178018
-0.54931640625 -0.3662109375 -3.41796875 1178019
3.84521484375 5.67626953125 -0.3662109375 1178119
3.84521484375 5.67626953125 -0.3662109375 1178120
3.84521484375 5.67626953125 -0.3662109375 1178120
3.84521484375 5.67626953125 -0.3662109375 1178121
3.84521484375 5.67626953125 -0.3662109375 1178221
-0.48828125 0.3662109375 4.69970703125 1178222
-0.48828125 0.3662109375 4.69970703125 1178222
-0.48828125 0.3662109375 4.69970703125 1178223
-0.48828125 0.3662109375 4.69970703125 1178224
-0.48828125 0.3662109375 4.69970703125 1178323
-3.7841796875 -1.953125 -6.89697265625 1178324
-3.7841796875 -1.953125 -6.89697265625 1178324
-3.7841796875 -1.953125 -6.89697265625 1178325
-3.7841796875 -1.953125 -6.89697265625 1178326
-1.708984375 -3.11279296875 -5.126953125 1178401
-1.708984375 -3.11279296875 -5.126953125 1178513
2.25830078125 2.38037109375 0.1220703125 1178513
2.25830078125 2.38037109375 0.1220703125 1178514
2.25830078125 2.38037109375 0.1220703125 1178515
2.25830078125 2.38037109375 0.1220703125 1178516
2.25830078125 2.38037109375 0.1220703125 1178615
-4.7607421875 2.62451171875 0.79345703125 1178616
-4.7607421875 2.62451171875 0.79345703125 1178616
-4.7607421875 2.62451171875 0.79345703125 1178617
-4.7607421875 2.62451171875 0.79345703125 1178618
-4.7607421875 2.62451171875 0.79345703125 1178717
-5.126953125 -2.86865234375 -6.103515625 1178718
-5.126953125 -2.86865234375 -6.103515625 1178719
-5.126953125 -2.86865234375 -6.103515625 1178720
-5.126953125 -2.86865234375 -6.103515625 1178721
-5.126953125 -2.86865234375 -6.103515625 1178826
4.2724609375 5.67626953125 1.15966796875 1178826
4.2724609375 5.67626953125 1.15966796875 1178827
4.2724609375 5.67626953125 1.15966796875 1178828
4.2724609375 5.67626953125 1.15966796875 1178842
2.01416015625 1.64794921875 -5.79833984375 1178911
2.01416015625 1.64794921875 -5.79833984375 1179014
4.638671875 1.15966796875 0.48828125 1179015
4.638671875 1.15966796875 0.48828125 1179015
4.638671875 1.15966796875 0.48828125 1179016
4.638671875 1.15966796875 0.48828125 1179017
4.638671875 1.15966796875 0.48828125 1179116
-9.33837890625 -1.28173828125 -3.5400390625 1179117
-9.33837890625 -1.28173828125 -3.5400390625 1179118
-9.33837890625 -1.28173828125 -3.5400390625 1179119
-9.33837890625 -1.28173828125 -3.5400390625 1179120
-9.33837890625 -1.28173828125 -3.5400390625 1179219
-2.38037109375 2.5634765625 -2.197265625 1179220
-2.38037109375 2.5634765625 -2.197265625 1179220
-2.38037109375 2.5634765625 -2.197265625 1179221
-2.38037109375 2.5634765625 -2.197265625 1179222
-2.38037109375 2.5634765625 -2.197265625 1179321
0.8544921875 3.7841796875 -2.62451171875 1179322
0.8544921875 3.7841796875 -2.62451171875 1179323
0.8544921875 3.7841796875 -2.62451171875 1179324
0.8544921875 3.7841796875 -2.62451171875 1179325
0.8544921875 3.7841796875 -2.62451171875 1179424
4.57763671875 4.5166015625 -0.18310546875 1179425
4.57763671875 4.5166015625 -0.18310546875 1179425
4.57763671875 4.5166015625 -0.18310546875 1179426
4.57763671875 4.5166015625 -0.18310546875 1179427
-0.3662109375 0.30517578125 0.8544921875 1179504
-0.3662109375 0.30517578125 0.8544921875 1179615
0.3662109375 0.42724609375 -4.21142578125 1179616
0.3662109375 0.42724609375 -4.21142578125 1179616
0.3662109375 0.42724609375 -4.21142578125 1179617
0.3662109375 0.42724609375 -4.21142578125 1179618
0.3662109375 0.42724609375 -4.21142578125 1179718
3.5400390625 4.08935546875 -4.2724609375 1179719
3.5400390625 4.08935546875 -4.2724609375 1179720
3.5400390625 4.08935546875 -4.2724609375 1179721
3.5400390625 4.08935546875 -4.2724609375 1179721
-2.9296875 0.42724609375 -1.220703125 1179820
-2.9296875 0.42724609375 -1.220703125 1179821
-2.9296875 0.42724609375 -1.220703125 1179822
-2.9296875 0.42724609375 -1.220703125 1179823
-2.9296875 0.42724609375 -1.220703125 1179923
-2.99072265625 2.01416015625 -1.40380859375 1179924
-2.99072265625 2.01416015625 -1.40380859375 1179925
-2.99072265625 2.01416015625 -1.40380859375 1179925
-2.99072265625 2.01416015625 -1.40380859375 1179926
-2.99072265625 2.01416015625 -1.40380859375 1180025
-5.4931640625 -1.64794921875 -0.732421875 1180026
-5.4931640625 -1.64794921875 -0.732421875 1180027
-5.4931640625 -1.64794921875 -0.732421875 1180028
-5.4931640625 -1.64794921875 -0.732421875 1180029
-1.28173828125 -0.9765625 -2.685546875 1180108
-1.28173828125 -0.9765625 -2.685546875 1180216
0.9765625 1.46484375 0.3662109375 1180217
0.9765625 1.46484375 0.3662109375 1180217
0.9765625 1.46484375 0.3662109375 1180218
0.9765625 1.46484375 0.3662109375 1180219
0.9765625 1.46484375 0.3662109375 1180319
0.3662109375 -0.732421875 -1.3427734375 1180320
0.3662109375 -0.732421875 -1.3427734375 1180321
0.3662109375 -0.732421875 -1.3427734375 1180322
0.3662109375 -0.732421875 -1.3427734375 1180323
0.3662109375 -0.732421875 -1.3427734375 1180421
7.99560546875 4.08935546875 -1.15966796875 1180422
7.99560546875 4.08935546875 -1.15966796875 1180423
7.99560546875 4.08935546875 -1.15966796875 1180424
7.99560546875 4.08935546875 -1.15966796875 1180425
7.99560546875 4.08935546875 -1.15966796875 1180524
3.2958984375 2.0751953125 -4.08935546875 1180524
3.2958984375 2.0751953125 -4.08935546875 1180525
3.2958984375 2.0751953125 -4.08935546875 1180526
3.2958984375 2.0751953125 -4.08935546875 1180527
3.2958984375 2.0751953125 -4.08935546875 1180626
-6.53076171875 -2.50244140625 2.5634765625 1180627
-6.53076171875 -2.50244140625 2.5634765625 1180627
-6.53076171875 -2.50244140625 2.5634765625 1180628
-6.53076171875 -2.50244140625 2.5634765625 1180629
-6.53076171875 -2.50244140625 2.5634765625 1180765
-10.55908203125 -1.52587890625 -3.173828125 1180766
-10.55908203125 -1.52587890625 -3.173828125 1180767
-10.55908203125 -1.52587890625 -3.173828125 1180769
-10.55908203125 -1.52587890625 -3.173828125 1180770
-1.28173828125 0.8544921875 -4.7607421875 1180818
-1.28173828125 0.8544921875 -4.7607421875 1180920
3.7841796875 6.34765625 0.91552734375 1180921
3.7841796875 6.34765625 0.91552734375 1180922
3.7841796875 6.34765625 0.91552734375 1180923
3.7841796875 6.34765625 0.91552734375 1180924
3.7841796875 6.34765625 0.91552734375 1181022
-2.13623046875 1.03759765625 -3.11279296875 1181023
-2.13623046875 1.03759765625 -3.11279296875 1181024
-2.13623046875 1.03759765625 -3.11279296875 1181025
-2.13623046875 1.03759765625 -3.11279296875 1181026
-2.13623046875 1.03759765625 -3.11279296875 1181125
0.732421875 -2.50244140625 0.18310546875 1181126
0.732421875 -2.50244140625 0.18310546875 1181127
0.732421875 -2.50244140625 0.18310546875 1181128
0.732421875 -2.50244140625 0.18310546875 1181129
-1.220703125 0.42724609375 -2.9296875 1181207
-1.220703125 0.42724609375 -2.9296875 1181315
-1.46484375 1.0986328125 -6.9580078125 1181316
-1.46484375 1.0986328125 -6.9580078125 1181317
-1.46484375 1.0986328125 -6.9580078125 1181318
-1.46484375 1.0986328125 -6.9580078125 1181319
-1.46484375 1.0986328125 -6.9580078125 1181418
3.11279296875 2.25830078125 0.18310546875 1181419
3.11279296875 2.25830078125 0.18310546875 1181420
3.11279296875 2.25830078125 0.18310546875 1181421
3.11279296875 2.25830078125 0.18310546875 1181422
3.11279296875 2.25830078125 0.18310546875 1181520
0.54931640625 0.91552734375 -7.01904296875 1181521
0.54931640625 0.91552734375 -7.01904296875 1181522
0.54931640625 0.91552734375 -7.01904296875 1181523
0.54931640625 0.91552734375 -7.01904296875 1181523
0.54931640625 0.91552734375 -7.01904296875 1181622
0.67138671875 1.77001953125 0.1220703125 1181623
0.67138671875 1.77001953125 0.1220703125 1181624
0.67138671875 1.77001953125 0.1220703125 1181624
0.67138671875 1.77001953125 0.1220703125 1181625
0.67138671875 1.77001953125 0.1220703125 1181724
-4.45556640625 0.91552734375 -1.953125 1181725
-4.45556640625 0.91552734375 -1.953125 1181725
-4.45556640625 0.91552734375 -1.953125 1181726
-4.45556640625 0.91552734375 -1.953125 1181727
-4.45556640625 0.91552734375 -1.953125 1181828
0.91552734375 1.03759765625 -4.8828125 1181829
0.91552734375 1.03759765625 -4.8828125 1181829
0.91552734375 1.03759765625 -4.8828125 1181830
0.91552734375 1.03759765625 -4.8828125 1181831
2.50244140625 0.9765625 3.7841796875 1181921
2.50244140625 0.9765625 3.7841796875 1182027
-3.0517578125 2.62451171875 -8.23974609375 1182028
-3.0517578125 2.62451171875 -8.23974609375 1182029
-3.0517578125 2.62451171875 -8.23974609375 1182030
-3.0517578125 2.62451171875 -8.23974609375 1182031
3.23486328125 1.220703125 1.28173828125 1182121
3.23486328125 1.220703125 1.28173828125 1182215
0.244140625 3.90625 1.40380859375 1182215
0.244140625 3.90625 1.40380859375 1182216
0.244140625 3.90625 1.40380859375 1182217
0.244140625 3.90625 1.40380859375 1182218
0.244140625 3.90625 1.40380859375 1182318
-2.38037109375 1.0986328125 -5.18798828125 1182319
-2.38037109375 1.0986328125 -5.18798828125 1182320
-2.38037109375 1.0986328125 -5.18798828125 1182321
-2.38037109375 1.0986328125 -5.18798828125 1182322
-2.38037109375 1.0986328125 -5.18798828125 1182424
-1.220703125 -2.13623046875 0.42724609375 1182425
-1.220703125 -2.13623046875 0.42724609375 1182426
-1.220703125 -2.13623046875 0.42724609375 1182427
-1.220703125 -2.13623046875 0.42724609375 1182428
-4.82177734375 1.0986328125 -2.0751953125 1182523
-4.82177734375 1.0986328125 -2.0751953125 1182625
-0.1220703125 0.732421875 -3.60107421875 1182626
-0.1220703125 0.732421875 -3.60107421875 1182628
-0.1220703125 0.732421875 -3.60107421875 1182629
-0.1220703125 0.732421875 -3.60107421875 1182630
-0.1220703125 0.732421875 -3.60107421875 1182740
5.0048828125 0.18310546875 2.50244140625 1182743
5.0048828125 0.18310546875 2.50244140625 1182744
5.0048828125 0.18310546875 2.50244140625 1182744
5.0048828125 0.18310546875 2.50244140625 1182745
-3.60107421875 2.74658203125 -2.13623046875 1182821
-3.60107421875 2.74658203125 -2.13623046875 1182923
1.220703125 -1.46484375 -7.50732421875 1182934
1.220703125 -1.46484375 -7.50732421875 1182935
1.220703125 -1.46484375 -7.50732421875 1182945
1.220703125 -1.46484375 -7.50732421875 1182946
1.220703125 -1.46484375 -7.50732421875 1183025
6.89697265625 6.2255859375 1.03759765625 1183026
6.89697265625 6.2255859375 1.03759765625 1183127
-1.5869140625 0.54931640625 -2.8076171875 1183128
-1.5869140625 0.54931640625 -2.8076171875 1183129
-1.5869140625 0.54931640625 -2.8076171875 1183130
-1.5869140625 0.54931640625 -2.8076171875 1183131
-1.5869140625 0.54931640625 -2.8076171875 1183227
-4.08935546875 -3.41796875 -2.74658203125 1183228
-4.08935546875 -3.41796875 -2.74658203125 1183229
-4.08935546875 -3.41796875 -2.74658203125 1183229
-4.33349609375 0.79345703125 -2.3193359375 1183317
-4.33349609375 0.79345703125 -2.3193359375 1183317
-4.33349609375 0.79345703125 -2.3193359375 1183419
-2.86865234375 -1.15966796875 -3.2958984375 1183420
-2.86865234375 -1.15966796875 -3.2958984375 1183440
-2.86865234375 -1.15966796875 -3.2958984375 1183442
-2.86865234375 -1.15966796875 -3.2958984375 1183445
-2.86865234375 -1.15966796875 -3.2958984375 1183521
-1.40380859375 -1.5869140625 0.8544921875 1183523
-1.40380859375 -1.5869140625 0.8544921875 1183524
-1.40380859375 -1.5869140625 0.8544921875 1183623
-4.5166015625 2.685546875 -4.69970703125 1183624
-4.5166015625 2.685546875 -4.69970703125 1183624
-4.5166015625 2.685546875 -4.69970703125 1183625
-4.5166015625 2.685546875 -4.69970703125 1183626
-4.5166015625 2.685546875 -4.69970703125 1183726
2.3193359375 -1.708984375 -4.39453125 1183727
2.3193359375 -1.708984375 -4.39453125 1183728
2.3193359375 -1.708984375 -4.39453125 1183729
2.3193359375 -1.708984375 -4.39453125 1183730
2.3193359375 -1.708984375 -4.39453125 1183828
3.11279296875 1.89208984375 1.03759765625 1183829
3.11279296875 1.89208984375 1.03759765625 1183829
3.11279296875 1.89208984375 1.03759765625 1183830
3.11279296875 1.89208984375 1.03759765625 1183831
-0.9765625 -0.732421875 -6.77490234375 1183927
-0.9765625 -0.732421875 -6.77490234375 1184020
1.220703125 0.18310546875 -4.7607421875 1184021
1.220703125 0.18310546875 -4.7607421875 1184022
1.220703125 0.18310546875 -4.7607421875 1184022
1.220703125 0.18310546875 -4.7607421875 1184023
1.220703125 0.18310546875 -4.7607421875 1184123
-4.0283203125 2.197265625 -5.18798828125 1184124
-4.0283203125 2.197265625 -5.18798828125 1184124
-4.0283203125 2.197265625 -5.18798828125 1184125
-4.0283203125 2.197265625 -5.18798828125 1184126
-4.0283203125 2.197265625 -5.18798828125 1184225
-4.0283203125 -0.67138671875 -12.75634765625 1184226
-4.0283203125 -0.67138671875 -12.75634765625 1184226
-4.0283203125 -0.67138671875 -12.75634765625 1184227
-4.0283203125 -0.67138671875 -12.75634765625 1184228
-4.0283203125 -0.67138671875 -12.75634765625 1184327
-3.84521484375 -3.7841796875 -16.845703125 1184328
-3.84521484375 -3.7841796875 -16.845703125 1184328
-3.84521484375 -3.7841796875 -16.845703125 1184329
-3.84521484375 -3.7841796875 -16.845703125 1184330
4.57763671875 3.41796875 -10.009765625 1184406
4.57763671875 3.41796875 -10.009765625 1184518
-6.28662109375 -4.45556640625 -20.69091796875 1184519
-6.28662109375 -4.45556640625 -20.69091796875 1184519
-6.28662109375 -4.45556640625 -20.69091796875 1184520
-6.28662109375 -4.45556640625 -20.69091796875 1184539
-6.28662109375 -4.45556640625 -20.69091796875 1184620
11.71875 5.43212890625 -12.451171875 1184620
11.71875 5.43212890625 -12.451171875 1184621
11.71875 5.43212890625 -12.451171875 1184622
11.71875 5.43212890625 -12.451171875 1184623
11.71875 5.43212890625 -12.451171875 1184722
-1.28173828125 2.74658203125 -15.31982421875 1184722
-1.28173828125 2.74658203125 -15.31982421875 1184723
-1.28173828125 2.74658203125 -15.31982421875 1184724
-1.28173828125 2.74658203125 -15.31982421875 1184725
-1.28173828125 2.74658203125 -15.31982421875 1184825
18.06640625 13.24462890625 -18.98193359375 1184844
18.06640625 13.24462890625 -18.98193359375 1184845
18.06640625 13.24462890625 -18.98193359375 1184846
18.06640625 13.24462890625 -18.98193359375 1184846
18.06640625 13.24462890625 -18.98193359375 1184927
11.5966796875 15.68603515625 -5.43212890625 1184928
37.90283203125 48.64501953125 1.28173828125 1185007
37.90283203125 48.64501953125 1.28173828125 1185008
37.90283203125 48.64501953125 1.28173828125 1185009
37.90283203125 48.64501953125 1.28173828125 1185011
37.90283203125 48.64501953125 1.28173828125 1185117
37.109375 58.59375 -14.95361328125 1185118
37.109375 58.59375 -14.95361328125 1185119
37.109375 58.59375 -14.95361328125 1185120
37.109375 58.59375 -14.95361328125 1185120
37.109375 58.59375 -14.95361328125 1185255
7.26318359375 45.0439453125 -21.05712890625 1185256
7.26318359375 45.0439453125 -21.05712890625 1185257
7.26318359375 45.0439453125 -21.05712890625 1185257
7.26318359375 45.0439453125 -21.05712890625 1185258
20.6298828125 59.63134765625 -15.7470703125 1185312
20.6298828125 59.63134765625 -15.7470703125 1185415
12.75634765625 52.06298828125 -11.3525390625 1185416
12.75634765625 52.06298828125 -11.3525390625 1185416
12.75634765625 52.06298828125 -11.3525390625 1185417
12.75634765625 52.06298828125 -11.3525390625 1185418
12.75634765625 52.06298828125 -11.3525390625 1185518
28.6865234375 93.3837890625 -27.40478515625 1185519
28.6865234375 93.3837890625 -27.40478515625 1185520
28.6865234375 93.3837890625 -27.40478515625 1185521
28.6865234375 93.3837890625 -27.40478515625 1185521
28.6865234375 93.3837890625 -27.40478515625 1185620
-0.54931640625 45.7763671875 -13.427734375 1185621
-0.54931640625 45.7763671875 -13.427734375 1185622
-0.54931640625 45.7763671875 -13.427734375 1185623
-0.54931640625 45.7763671875 -13.427734375 1185624
-0.54931640625 45.7763671875 -13.427734375 1185722
-13.427734375 -22.88818359375 6.4697265625 1185723
-13.427734375 -22.88818359375 6.4697265625 1185724
-13.427734375 -22.88818359375 6.4697265625 1185725
-13.427734375 -22.88818359375 6.4697265625 1185725
-13.427734375 -22.88818359375 6.4697265625 1185824
3.23486328125 -6.65283203125 2.38037109375 1185833
3.23486328125 -6.65283203125 2.38037109375 1185835
3.23486328125 -6.65283203125 2.38037109375 1185835
3.23486328125 -6.65283203125 2.38037109375 1185836
3.23486328125 -6.65283203125 2.38037109375 1185929
-17.578125 1.52587890625 -13.427734375 1185930
-17.578125 1.52587890625 -13.427734375 1186044
-11.77978515625 -14.16015625 -5.92041015625 1186044
-11.77978515625 -14.16015625 -5.92041015625 1186045
-11.77978515625 -14.16015625 -5.92041015625 1186046
-11.77978515625 -14.16015625 -5.92041015625 1186047
-1.77001953125 -14.404296875 -2.3193359375 1186119
-1.77001953125 -14.404296875 -2.3193359375 1186221
-12.63427734375 -22.5830078125 -12.3291015625 1186225
-12.63427734375 -22.5830078125 -12.3291015625 1186226
-12.63427734375 -22.5830078125 -12.3291015625 1186227
-12.63427734375 -22.5830078125 -12.3291015625 1186228
-12.63427734375 -22.5830078125 -12.3291015625 1186324
-36.56005859375 -43.8232421875 9.58251953125 1186325
-36.56005859375 -43.8232421875 9.58251953125 1186426
-21.6064453125 -25.146484375 -4.8828125 1186427
-21.6064453125 -25.146484375 -4.8828125 1186427
-21.6064453125 -25.146484375 -4.8828125 1186428
-21.6064453125 -25.146484375 -4.8828125 1186429
-21.6064453125 -25.146484375 -4.8828125 1186528
-23.98681640625 -26.06201171875 11.53564453125 1186529
-23.98681640625 -26.06201171875 11.53564453125 1186547
-23.98681640625 -26.06201171875 11.53564453125 1186548
-23.98681640625 -26.06201171875 11.53564453125 1186549
-26.4892578125 -12.0849609375 24.84130859375 1186611
-26.4892578125 -12.0849609375 24.84130859375 1186719
-0.8544921875 36.376953125 39.97802734375 1186720
-0.8544921875 36.376953125 39.97802734375 1186721
-0.8544921875 36.376953125 39.97802734375 1186722
-0.8544921875 36.376953125 39.97802734375 1186723
-0.8544921875 36.376953125 39.97802734375 1186821
7.6904296875 13.73291015625 -0.06103515625 1186822
7.6904296875 13.73291015625 -0.06103515625 1186823
7.6904296875 13.73291015625 -0.06103515625 1186824
7.6904296875 13.73291015625 -0.06103515625 1186825
7.6904296875 13.73291015625 -0.06103515625 1186923
-16.357421875 20.01953125 -7.6904296875 1186924
-16.357421875 20.01953125 -7.6904296875 1186925
-16.357421875 20.01953125 -7.6904296875 1186925
-16.357421875 20.01953125 -7.6904296875 1186926
-16.357421875 20.01953125 -7.6904296875 1187026
1.64794921875 -12.6953125 0.9765625 1187027
1.64794921875 -12.6953125 0.9765625 1187027
1.64794921875 -12.6953125 0.9765625 1187028
1.64794921875 -12.6953125 0.9765625 1187029
1.64794921875 -12.6953125 0.9765625 1187163
-1.28173828125 -3.84521484375 -0.54931640625 1187164
-1.28173828125 -3.84521484375 -0.54931640625 1187165
-1.28173828125 -3.84521484375 -0.54931640625 1187165
-1.28173828125 -3.84521484375 -0.54931640625 1187166
2.3193359375 15.07568359375 2.99072265625 1187239
2.3193359375 15.07568359375 2.99072265625 1187332
3.41796875 1.953125 -5.18798828125 1187333
3.41796875 1.953125 -5.18798828125 1187334
3.41796875 1.953125 -5.18798828125 1187335
3.41796875 1.953125 -5.18798828125 1187336
-2.9296875 -1.89208984375 0.67138671875 1187421
-2.9296875 -1.89208984375 0.67138671875 1187527
0.54931640625 2.685546875 -7.62939453125 1187528
0.54931640625 2.685546875 -7.62939453125 1187529
0.54931640625 2.685546875 -7.62939453125 1187529
0.54931640625 2.685546875 -7.62939453125 1187530
7.080078125 7.9345703125 10.6201171875 1187626
7.080078125 7.9345703125 10.6201171875 1187728
5.9814453125 -1.8310546875 -5.0048828125 1187729
5.9814453125 -1.8310546875 -5.0048828125 1187729
5.9814453125 -1.8310546875 -5.0048828125 1187730
5.9814453125 -1.8310546875 -5.0048828125 1187731
5.9814453125 -1.8310546875 -5.0048828125 1187832
-2.62451171875 -5.55419921875 6.591796875 1187833
-2.62451171875 -5.55419921875 6.591796875 1187834
-2.62451171875 -5.55419921875 6.591796875 1187834
-2.62451171875 -5.55419921875 6.591796875 1187835
1.5869140625 -0.18310546875 1.46484375 1187911
1.5869140625 -0.18310546875 1.46484375 1188022
-7.99560546875 -3.0517578125 -5.43212890625 1188023
-7.99560546875 -3.0517578125 -5.43212890625 1188023
-7.99560546875 -3.0517578125 -5.43212890625 1188024
-7.99560546875 -3.0517578125 -5.43212890625 1188025
-7.99560546875 -3.0517578125 -5.43212890625 1188124
10.3759765625 2.99072265625 7.4462890625 1188125
10.3759765625 2.99072265625 7.4462890625 1188126
10.3759765625 2.99072265625 7.4462890625 1188127
10.3759765625 2.99072265625 7.4462890625 1188143
10.3759765625 2.99072265625 7.4462890625 1188228
5.7373046875 4.82177734375 1.03759765625 1188229
5.7373046875 4.82177734375 1.03759765625 1188230
5.7373046875 4.82177734375 1.03759765625 1188231
5.7373046875 4.82177734375 1.03759765625 1188232
5.7373046875 4.82177734375 1.03759765625 1188330
1.3427734375 -8.7890625 -0.30517578125 1188331
1.3427734375 -8.7890625 -0.30517578125 1188340
1.3427734375 -8.7890625 -0.30517578125 1188341
1.3427734375 -8.7890625 -0.30517578125 1188343
1.3427734375 -8.7890625 -0.30517578125 1188446
9.33837890625 4.21142578125 9.6435546875 1188447
9.33837890625 4.21142578125 9.6435546875 1188448
9.33837890625 4.21142578125 9.6435546875 1188449
9.33837890625 4.21142578125 9.6435546875 1188450
1.953125 -5.92041015625 -6.16455078125 1188511
1.953125 -5.92041015625 -6.16455078125 1188622
-27.34375 -14.6484375 8.7890625 1188623
-27.34375 -14.6484375 8.7890625 1188623
-27.34375 -14.6484375 8.7890625 1188624
-27.34375 -14.6484375 8.7890625 1188625
-27.34375 -14.6484375 8.7890625 1188725
4.8828125 -2.685546875 -10.8642578125 1188726
4.8828125 -2.685546875 -10.8642578125 1188727
4.8828125 -2.685546875 -10.8642578125 1188728
4.8828125 -2.685546875 -10.8642578125 1188729
4.8828125 -2.685546875 -10.8642578125 1188827
7.99560546875 -2.0751953125 4.08935546875 1188828
7.99560546875 -2.0751953125 4.08935546875 1188829
7.99560546875 -2.0751953125 4.08935546875 1188830
7.99560546875 -2.0751953125 4.08935546875 1188831
7.99560546875 -2.0751953125 4.08935546875 1188931
5.2490234375 3.47900390625 1.8310546875 1188932
5.2490234375 3.47900390625 1.8310546875 1188933
5.2490234375 3.47900390625 1.8310546875 1188934
5.2490234375 3.47900390625 1.8310546875 1188935
5.06591796875 -0.48828125 -7.87353515625 1189011
5.06591796875 -0.48828125 -7.87353515625 1189122
6.04248046875 -1.28173828125 6.16455078125 1189123
6.04248046875 -1.28173828125 6.16455078125 1189123
6.04248046875 -1.28173828125 6.16455078125 1189124
6.04248046875 -1.28173828125 6.16455078125 1189141
6.04248046875 -1.28173828125 6.16455078125 1189224
-1.52587890625 6.591796875 -2.86865234375 1189225
-1.52587890625 6.591796875 -2.86865234375 1189226
-1.52587890625 6.591796875 -2.86865234375 1189227
-1.52587890625 6.591796875 -2.86865234375 1189228
-1.52587890625 6.591796875 -2.86865234375 1189328
-5.126953125 1.52587890625 -6.9580078125 1189329
-5.126953125 1.52587890625 -6.9580078125 1189330
-5.126953125 1.52587890625 -6.9580078125 1189331
-5.126953125 1.52587890625 -6.9580078125 1189332
-5.126953125 1.52587890625 -6.9580078125 1189430
7.080078125 -3.23486328125 4.5166015625 1189431
7.080078125 -3.23486328125 4.5166015625 1189432
7.080078125 -3.23486328125 4.5166015625 1189433
7.080078125 -3.23486328125 4.5166015625 1189434
7.080078125 -3.23486328125 4.5166015625 1189532
5.126953125 1.28173828125 2.197265625 1189551
5.126953125 1.28173828125 2.197265625 1189552
5.126953125 1.28173828125 2.197265625 1189552
5.126953125 1.28173828125 2.197265625 1189553
-4.8828125 -21.54541015625 5.06591796875 1189610
-4.8828125 -21.54541015625 5.06591796875 1189721
0.54931640625 -41.68701171875 23.37646484375 1189722
0.54931640625 -41.68701171875 23.37646484375 1189723
0.54931640625 -41.68701171875 23.37646484375 1189730
0.54931640625 -41.68701171875 23.37646484375 1189731
0.54931640625 -41.68701171875 23.37646484375 1189824
-19.10400390625 -30.6396484375 2.99072265625 1189825
-19.10400390625 -30.6396484375 2.99072265625 1189826
-19.10400390625 -30.6396484375 2.99072265625 1189826
-19.10400390625 -30.6396484375 2.99072265625 1189926
8.23974609375 0.67138671875 9.33837890625 1189927
8.23974609375 0.67138671875 9.33837890625 1189927
8.23974609375 0.67138671875 9.33837890625 1189928
8.23974609375 0.67138671875 9.33837890625 1189945
8.23974609375 0.67138671875 9.33837890625 1190028
-10.8642578125 -20.8740234375 5.18798828125 1190030
-10.8642578125 -20.8740234375 5.18798828125 1190031
-10.8642578125 -20.8740234375 5.18798828125 1190032
-10.8642578125 -20.8740234375 5.18798828125 1190033
-10.8642578125 -20.8740234375 5.18798828125 1190131
-21.30126953125 -29.4189453125 -3.84521484375 1190132
-21.30126953125 -29.4189453125 -3.84521484375 1190133
-21.30126953125 -29.4189453125 -3.84521484375 1190134
-21.30126953125 -29.4189453125 -3.84521484375 1190135
-21.30126953125 -29.4189453125 -3.84521484375 1190235
1.220703125 -6.8359375 13.427734375 1190237
1.220703125 -6.8359375 13.427734375 1190238
1.220703125 -6.8359375 13.427734375 1190239
1.220703125 -6.8359375 13.427734375 1190240
-2.86865234375 -7.62939453125 -1.03759765625 1190321
-2.86865234375 -7.62939453125 -1.03759765625 1190425
-3.11279296875 -3.90625 -5.43212890625 1190426
-3.11279296875 -3.90625 -5.43212890625 1190427
-3.11279296875 -3.90625 -5.43212890625 1190428
-3.11279296875 -3.90625 -5.43212890625 1190429
-3.11279296875 -3.90625 -5.43212890625 1190527
-4.94384765625 -21.484375 21.8505859375 1190528
-4.94384765625 -21.484375 21.8505859375 1190529
-4.94384765625 -21.484375 21.8505859375 1190530
-4.94384765625 -21.484375 21.8505859375 1190530
-4.94384765625 -21.484375 21.8505859375 1190630
2.86865234375 1.40380859375 -10.43701171875 1190631
2.86865234375 1.40380859375 -10.43701171875 1190632
2.86865234375 1.40380859375 -10.43701171875 1190633
2.86865234375 1.40380859375 -10.43701171875 1190634
2.86865234375 1.40380859375 -10.43701171875 1190732
-9.21630859375 -8.1787109375 3.96728515625 1190733
-9.21630859375 -8.1787109375 3.96728515625 1190734
-9.21630859375 -8.1787109375 3.96728515625 1190735
-9.21630859375 -8.1787109375 3.96728515625 1190736
-3.173828125 -3.96728515625 -0.48828125 1190814
-3.173828125 -3.96728515625 -0.48828125 1190921
-11.1083984375 2.50244140625 -16.11328125 1190922
-11.1083984375 2.50244140625 -16.11328125 1190923
-11.1083984375 2.50244140625 -16.11328125 1190924
-11.1083984375 2.50244140625 -16.11328125 1190925
-11.1083984375 2.50244140625 -16.11328125 1191023
-1.0986328125 -0.30517578125 6.591796875 1191024
-1.0986328125 -0.30517578125 6.591796875 1191025
-1.0986328125 -0.30517578125 6.591796875 1191025
-1.0986328125 -0.30517578125 6.591796875 1191026
-1.0986328125 -0.30517578125 6.591796875 1191126
-6.4697265625 0.79345703125 -8.36181640625 1191127
-6.4697265625 0.79345703125 -8.36181640625 1191127
-6.4697265625 0.79345703125 -8.36181640625 1191128
-6.4697265625 0.79345703125 -8.36181640625 1191129
-6.4697265625 0.79345703125 -8.36181640625 1191229
6.34765625 25.146484375 -10.55908203125 1191230
6.34765625 25.146484375 -10.55908203125 1191231
6.34765625 25.146484375 -10.55908203125 1191231
6.34765625 25.146484375 -10.55908203125 1191232
6.34765625 25.146484375 -10.55908203125 1191331
4.39453125 2.25830078125 5.37109375 1191331
4.39453125 2.25830078125 5.37109375 1191332
4.39453125 2.25830078125 5.37109375 1191333
4.39453125 2.25830078125 5.37109375 1191333
4.39453125 2.25830078125 5.37109375 1191433
-5.126953125 -6.34765625 -5.615234375 1191434
-5.126953125 -6.34765625 -5.615234375 1191434
-5.126953125 -6.34765625 -5.615234375 1191435
-5.126953125 -6.34765625 -5.615234375 1191436
4.2724609375 1.953125 -1.03759765625 1191511
4.2724609375 1.953125 -1.03759765625 1191627
-3.662109375 0.42724609375 -3.96728515625 1191627
-3.662109375 0.42724609375 -3.96728515625 1191628
-3.662109375 0.42724609375 -3.96728515625 1191629
-3.662109375 0.42724609375 -3.96728515625 1191630
-1.0986328125 2.44140625 -12.6953125 1191713
-1.0986328125 2.44140625 -12.6953125 1191825
5.18798828125 2.38037109375 2.8076171875 1191826
5.18798828125 2.38037109375 2.8076171875 1191827
5.18798828125 2.38037109375 2.8076171875 1191827
5.18798828125 2.38037109375 2.8076171875 1191829
5.18798828125 2.38037109375 2.8076171875 1191928
-2.25830078125 2.74658203125 -3.7841796875 1191929
-2.25830078125 2.74658203125 -3.7841796875 1191930
-2.25830078125 2.74658203125 -3.7841796875 1191931
-2.25830078125 2.74658203125 -3.7841796875 1191932
-2.25830078125 2.74658203125 -3.7841796875 1192030
-8.1787109375 0.1220703125 -9.09423828125 1192031
-8.1787109375 0.1220703125 -9.09423828125 1192032
-8.1787109375 0.1220703125 -9.09423828125 1192033
-8.1787109375 0.1220703125 -9.09423828125 1192034
-8.1787109375 0.1220703125 -9.09423828125 1192132
3.2958984375 -5.2490234375 -0.1220703125 1192133
3.2958984375 -5.2490234375 -0.1220703125 1192134
3.2958984375 -5.2490234375 -0.1220703125 1192135
3.2958984375 -5.2490234375 -0.1220703125 1192135
-10.19287109375 2.99072265625 0.9765625 1192210
-10.19287109375 2.99072265625 0.9765625 1192323
-1.0986328125 7.62939453125 -5.55419921875 1192324
-1.0986328125 7.62939453125 -5.55419921875 1192325
-1.0986328125 7.62939453125 -5.55419921875 1192326
-1.0986328125 7.62939453125 -5.55419921875 1192326
-2.25830078125 4.33349609375 -6.2255859375 1192422
-2.25830078125 4.33349609375 -6.2255859375 1192524
-5.2490234375 2.9296875 -3.173828125 1192525
-5.2490234375 2.9296875 -3.173828125 1192526
-5.2490234375 2.9296875 -3.173828125 1192527
-5.2490234375 2.9296875 -3.173828125 1192528
-5.2490234375 2.9296875 -3.173828125 1192629
-12.5732421875 -3.35693359375 -6.34765625 1192648
-12.5732421875 -3.35693359375 -6.34765625 1192649
-12.5732421875 -3.35693359375 -6.34765625 1192650
-12.5732421875 -3.35693359375 -6.34765625 1192651
-12.5732421875 -3.35693359375 -6.34765625 1192732
-6.89697265625 -2.50244140625 -2.5634765625 1192733
-7.50732421875 0.8544921875 -0.67138671875 1192812
-7.50732421875 0.8544921875 -0.67138671875 1192813
-7.50732421875 0.8544921875 -0.67138671875 1192813
-7.50732421875 0.8544921875 -0.67138671875 1192814
-7.50732421875 0.8544921875 -0.67138671875 1192922
2.86865234375 2.0751953125 2.0751953125 1192923
2.86865234375 2.0751953125 2.0751953125 1192924
2.86865234375 2.0751953125 2.0751953125 1192925
2.86865234375 2.0751953125 2.0751953125 1192925
2.86865234375 2.0751953125 2.0751953125 1193024
-6.103515625 2.685546875 -4.7607421875 1193033
-6.103515625 2.685546875 -4.7607421875 1193034
-6.103515625 2.685546875 -4.7607421875 1193034
-6.103515625 2.685546875 -4.7607421875 1193035
-6.103515625 2.685546875 -4.7607421875 1193264
-5.0048828125 -4.69970703125 -0.8544921875 1193311
-5.0048828125 -4.69970703125 -0.8544921875 1193312
-5.0048828125 -4.69970703125 -0.8544921875 1193312
-5.0048828125 -4.69970703125 -0.8544921875 1193313
-7.38525390625 -4.39453125 -5.2490234375 1193347
-2.685546875 3.35693359375 0.06103515625 1193348
-2.685546875 3.35693359375 0.06103515625 1193444
-8.97216796875 -1.77001953125 1.28173828125 1193445
-8.97216796875 -1.77001953125 1.28173828125 1193446
-8.97216796875 -1.77001953125 1.28173828125 1193463
-8.97216796875 -1.77001953125 1.28173828125 1193464
-3.72314453125 2.13623046875 -1.64794921875 1193531
-3.72314453125 2.13623046875 -1.64794921875 1193627
-1.15966796875 -0.3662109375 -6.103515625 1193628
-1.15966796875 -0.3662109375 -6.103515625 1193629
-1.15966796875 -0.3662109375 -6.103515625 1193631
-1.15966796875 -0.3662109375 -6.103515625 1193632
-1.15966796875 -0.3662109375 -6.103515625 1193729
-0.9765625 0.91552734375 -2.197265625 1193730
-0.9765625 0.91552734375 -2.197265625 1193731
-0.9765625 0.91552734375 -2.197265625 1193732
-0.9765625 0.91552734375 -2.197265625 1193732
-0.9765625 0.91552734375 -2.197265625 1193833
-5.126953125 2.01416015625 -2.01416015625 1193834
-5.126953125 2.01416015625 -2.01416015625 1193835
-5.126953125 2.01416015625 -2.01416015625 1193838
-5.126953125 2.01416015625 -2.01416015625 1193839
-5.126953125 2.01416015625 -2.01416015625 1193935
-0.8544921875 -2.38037109375 -5.859375 1193936
-0.8544921875 -2.38037109375 -5.859375 1193937
-0.8544921875 -2.38037109375 -5.859375 1193938
-0.8544921875 -2.38037109375 -5.859375 1193939
1.0986328125 -2.99072265625 -2.01416015625 1194012
1.0986328125 -2.99072265625 -2.01416015625 1194123
-6.40869140625 -1.03759765625 -4.21142578125 1194124
-6.40869140625 -1.03759765625 -4.21142578125 1194124
-6.40869140625 -1.03759765625 -4.21142578125 1194125
-6.40869140625 -1.03759765625 -4.21142578125 1194127
-6.40869140625 -1.03759765625 -4.21142578125 1194226
-3.0517578125 -2.5634765625 -0.8544921875 1194227
-3.0517578125 -2.5634765625 -0.8544921875 1194228
-3.0517578125 -2.5634765625 -0.8544921875 1194229
-3.0517578125 -2.5634765625 -0.8544921875 1194230
-3.0517578125 -2.5634765625 -0.8544921875 1194329
-2.3193359375 0.42724609375 0.18310546875 1194330
-2.3193359375 0.42724609375 0.18310546875 1194330
-2.3193359375 0.42724609375 0.18310546875 1194331
-2.3193359375 0.42724609375 0.18310546875 1194332
-2.3193359375 0.42724609375 0.18310546875 1194431
-5.4931640625 -0.3662109375 -2.50244140625 1194432
-5.4931640625 -0.3662109375 -2.50244140625 1194433
-5.4931640625 -0.3662109375 -2.50244140625 1194434
-5.4931640625 -0.3662109375 -2.50244140625 1194435
-5.4931640625 -0.3662109375 -2.50244140625 1194559
2.685546875 3.60107421875 -0.1220703125 1194560
2.685546875 3.60107421875 -0.1220703125 1194561
2.685546875 3.60107421875 -0.1220703125 1194562
2.685546875 3.60107421875 -0.1220703125 1194562
-3.7841796875 -0.3662109375 -6.9580078125 1194636
-3.7841796875 -0.3662109375 -6.9580078125 1194715
9.6435546875 0.18310546875 -0.06103515625 1194716
9.6435546875 0.18310546875 -0.06103515625 1194716
9.6435546875 0.18310546875 -0.06103515625 1194717
9.6435546875 0.18310546875 -0.06103515625 1194720
9.6435546875 0.18310546875 -0.06103515625 1194826
-0.54931640625 2.01416015625 0.91552734375 1194827
-0.54931640625 2.01416015625 0.91552734375 1194828
-0.54931640625 2.01416015625 0.91552734375 1194828
-0.54931640625 2.01416015625 0.91552734375 1194829
-0.48828125 1.03759765625 3.11279296875 1194916
-0.48828125 1.03759765625 3.11279296875 1195029
-5.126953125 -1.77001953125 -2.5634765625 1195030
-5.126953125 -1.77001953125 -2.5634765625 1195031
-5.126953125 -1.77001953125 -2.5634765625 1195032
-5.126953125 -1.77001953125 -2.5634765625 1195033
-5.126953125 -1.77001953125 -2.5634765625 1195131
-1.953125 -0.79345703125 -8.4228515625 1195132
-1.953125 -0.79345703125 -8.4228515625 1195132
-1.953125 -0.79345703125 -8.4228515625 1195133
-1.953125 -0.79345703125 -8.4228515625 1195134
-1.953125 -0.79345703125 -8.4228515625 1195233
0.48828125 1.220703125 1.40380859375 1195234
0.48828125 1.220703125 1.40380859375 1195235
0.48828125 1.220703125 1.40380859375 1195236
0.48828125 1.220703125 1.40380859375 1195237
0.48828125 1.220703125 1.40380859375 1195337
-4.82177734375 0.6103515625 -2.99072265625 1195338
-4.82177734375 0.6103515625 -2.99072265625 1195339
-4.82177734375 0.6103515625 -2.99072265625 1195339
-4.82177734375 0.6103515625 -2.99072265625 1195340
0.1220703125 -3.5400390625 -10.43701171875 1195414
0.1220703125 -3.5400390625 -10.43701171875 1195526
5.43212890625 0.67138671875 -0.9765625 1195527
5.43212890625 0.67138671875 -0.9765625 1195527
5.43212890625 0.67138671875 -0.9765625 1195528
5.43212890625 0.67138671875 -0.9765625 1195529
5.43212890625 0.67138671875 -0.9765625 1195628
-4.57763671875 -1.15966796875 -7.26318359375 1195629
-4.57763671875 -1.15966796875 -7.26318359375 1195629
-4.57763671875 -1.15966796875 -7.26318359375 1195630
-4.57763671875 -1.15966796875 -7.26318359375 1195631
-4.57763671875 -1.15966796875 -7.26318359375 1195732
-2.25830078125 1.64794921875 4.8828125 1195733
-2.25830078125 1.64794921875 4.8828125 1195733
-2.25830078125 1.64794921875 4.8828125 1195734
-2.25830078125 1.64794921875 4.8828125 1195735
-2.25830078125 1.64794921875 4.8828125 1195835
-6.2255859375 -0.67138671875 -4.638671875 1195836
-6.2255859375 -0.67138671875 -4.638671875 1195837
-6.2255859375 -0.67138671875 -4.638671875 1195838
-6.2255859375 -0.67138671875 -4.638671875 1195839
0.244140625 1.15966796875 -1.953125 1195919
0.244140625 1.15966796875 -1.953125 1196029
-0.06103515625 2.5634765625 2.0751953125 1196030
-0.06103515625 2.5634765625 2.0751953125 1196030
-0.06103515625 2.5634765625 2.0751953125 1196031
-0.06103515625 2.5634765625 2.0751953125 1196032
-0.06103515625 2.5634765625 2.0751953125 1196149
4.69970703125 1.77001953125 -5.0048828125 1196150
4.69970703125 1.77001953125 -5.0048828125 1196151
4.69970703125 1.77001953125 -5.0048828125 1196152
4.69970703125 1.77001953125 -5.0048828125 1196153
-0.30517578125 -3.23486328125 -2.9296875 1196236
-0.30517578125 -3.23486328125 -2.9296875 1196315
-5.92041015625 0 -3.662109375 1196334
-5.92041015625 0 -3.662109375 1196342
-5.92041015625 0 -3.662109375 1196342
-5.92041015625 0 -3.662109375 1196343
-5.92041015625 0 -3.662109375 1196427
-5.859375 -3.662109375 -3.2958984375 1196480
-5.859375 -3.662109375 -3.2958984375 1196481
-5.859375 -3.662109375 -3.2958984375 1196482
-5.859375 -3.662109375 -3.2958984375 1196482
-5.859375 -3.662109375 -3.2958984375 1196530
2.8076171875 1.220703125 -2.8076171875 1196531
2.8076171875 1.220703125 -2.8076171875 1196632
1.708984375 3.173828125 3.0517578125 1196633
1.708984375 3.173828125 3.0517578125 1196634
1.708984375 3.173828125 3.0517578125 1196634
1.708984375 3.173828125 3.0517578125 1196635
1.708984375 3.173828125 3.0517578125 1196765
0.06103515625 -0.06103515625 -4.638671875 1196766
0.06103515625 -0.06103515625 -4.638671875 1196766
0.06103515625 -0.06103515625 -4.638671875 1196767
0.06103515625 -0.06103515625 -4.638671875 1196768
3.7841796875 2.8076171875 -1.3427734375 1196857
3.7841796875 2.8076171875 -1.3427734375 1196935
-3.2958984375 0.3662109375 -3.662109375 1196936
-3.2958984375 0.3662109375 -3.662109375 1196937
-3.2958984375 0.3662109375 -3.662109375 1196938
-3.2958984375 0.3662109375 -3.662109375 1196938
-3.2958984375 0.3662109375 -3.662109375 1197037
-0.9765625 0 -2.5634765625 1197038
-0.9765625 0 -2.5634765625 1197039
-0.9765625 0 -2.5634765625 1197040
-0.9765625 0 -2.5634765625 1197041
-1.89208984375 2.50244140625 -0.6103515625 1197115
-1.89208984375 2.50244140625 -0.6103515625 1197326
-4.45556640625 1.40380859375 -4.69970703125 1197328
-4.45556640625 1.40380859375 -4.69970703125 1197328
-4.45556640625 1.40380859375 -4.69970703125 1197329
-4.45556640625 1.40380859375 -4.69970703125 1197330
1.0986328125 0.18310546875 -0.06103515625 1197342
1.0986328125 0.18310546875 -0.06103515625 1197432
-1.708984375 -0.18310546875 -4.08935546875 1197433
-1.708984375 -0.18310546875 -4.08935546875 1197434
-1.708984375 -0.18310546875 -4.08935546875 1197434
-1.708984375 -0.18310546875 -4.08935546875 1197435
-1.708984375 -0.18310546875 -4.08935546875 1197544
0.18310546875 2.13623046875 -2.38037109375 1197545
0.18310546875 2.13623046875 -2.38037109375 1197546
0.18310546875 2.13623046875 -2.38037109375 1197547
0.18310546875 2.13623046875 -2.38037109375 1197548
-5.2490234375 0 0.8544921875 1197628
-5.2490234375 0 0.8544921875 1197794
-2.44140625 -0.91552734375 -1.52587890625 1197796
-2.44140625 -0.91552734375 -1.52587890625 1197797
-2.44140625 -0.91552734375 -1.52587890625 1197798
-2.44140625 -0.91552734375 -1.52587890625 1197799
3.662109375 2.74658203125 -0.30517578125 1197834
3.662109375 2.74658203125 -0.30517578125 1197939
-1.220703125 1.03759765625 -4.45556640625 1197940
-1.220703125 1.03759765625 -4.45556640625 1197941
-1.220703125 1.03759765625 -4.45556640625 1197942
-1.220703125 1.03759765625 -4.45556640625 1197943
-1.03759765625 -1.5869140625 -4.82177734375 1198026
-1.03759765625 -1.5869140625 -4.82177734375 1198137
2.74658203125 3.23486328125 -1.89208984375 1198138
2.74658203125 3.23486328125 -1.89208984375 1198139
2.74658203125 3.23486328125 -1.89208984375 1198140
2.74658203125 3.23486328125 -1.89208984375 1198143
-2.13623046875 -1.0986328125 -1.28173828125 1198215
-2.13623046875 -1.0986328125 -1.28173828125 1198328
-3.90625 -1.0986328125 0.732421875 1198329
-3.90625 -1.0986328125 0.732421875 1198330
-3.90625 -1.0986328125 0.732421875 1198331
-3.90625 -1.0986328125 0.732421875 1198331
-3.47900390625 -0.8544921875 0.3662109375 1198420
-3.47900390625 -0.8544921875 0.3662109375 1198528
4.39453125 1.5869140625 -2.3193359375 1198529
4.39453125 1.5869140625 -2.3193359375 1198529
4.39453125 1.5869140625 -2.3193359375 1198530
4.39453125 1.5869140625 -2.3193359375 1198531
4.39453125 1.5869140625 -2.3193359375 1198631
2.25830078125 3.7841796875 -1.953125 1198632
2.25830078125 3.7841796875 -1.953125 1198633
2.25830078125 3.7841796875 -1.953125 1198634
2.25830078125 3.7841796875 -1.953125 1198636
2.25830078125 3.7841796875 -1.953125 1198735
0.732421875 -1.3427734375 -1.40380859375 1198736
0.732421875 -1.3427734375 -1.40380859375 1198736
0.732421875 -1.3427734375 -1.40380859375 1198737
0.732421875 -1.3427734375 -1.40380859375 1198738
0.732421875 -1.3427734375 -1.40380859375 1198837
2.38037109375 2.5634765625 -0.42724609375 1198838
2.38037109375 2.5634765625 -0.42724609375 1198839
2.38037109375 2.5634765625 -0.42724609375 1198840
2.38037109375 2.5634765625 -0.42724609375 1198841
-2.3193359375 1.46484375 -3.41796875 1198921
-2.3193359375 1.46484375 -3.41796875 1199031
-1.15966796875 0 -7.4462890625 1199032
-1.15966796875 0 -7.4462890625 1199033
-1.15966796875 0 -7.4462890625 1199034
-1.15966796875 0 -7.4462890625 1199035
-1.15966796875 0 -7.4462890625 1199134
-4.5166015625 1.40380859375 2.01416015625 1199135
-4.5166015625 1.40380859375 2.01416015625 1199136
-4.5166015625 1.40380859375 2.01416015625 1199136
-4.5166015625 1.40380859375 2.01416015625 1199137
-4.5166015625 1.40380859375 2.01416015625 1199237
-9.521484375 -2.3193359375 -1.5869140625 1199238
-9.521484375 -2.3193359375 -1.5869140625 1199239
-9.521484375 -2.3193359375 -1.5869140625 1199240
-9.521484375 -2.3193359375 -1.5869140625 1199241
-9.521484375 -2.3193359375 -1.5869140625 1199337
0.18310546875 1.3427734375 -0.732421875 1199338
0.18310546875 1.3427734375 -0.732421875 1199339
0.18310546875 1.3427734375 -0.732421875 1199340
0.18310546875 1.3427734375 -0.732421875 1199341
4.94384765625 3.7841796875 -2.44140625 1199431
4.94384765625 3.7841796875 -2.44140625 1199523
-0.9765625 1.77001953125 1.77001953125 1199535
-0.9765625 1.77001953125 1.77001953125 1199554
-0.9765625 1.77001953125 1.77001953125 1199555
-0.9765625 1.77001953125 1.77001953125 1199556
-0.9765625 1.77001953125 1.77001953125 1199637
-7.87353515625 -1.15966796875 -1.40380859375 1199638
-7.87353515625 -1.15966796875 -1.40380859375 1199639
-7.87353515625 -1.15966796875 -1.40380859375 1199739
-2.86865234375 0 -4.8828125 1199740
-2.86865234375 0 -4.8828125 1199740
-2.86865234375 0 -4.8828125 1199741
-2.86865234375 0 -4.8828125 1199742
2.50244140625 2.01416015625 0.30517578125 1199818
2.50244140625 2.01416015625 0.30517578125 1199965
1.40380859375 1.3427734375 -4.638671875 1199966
1.40380859375 1.3427734375 -4.638671875 1199967
1.40380859375 1.3427734375 -4.638671875 1199968
1.40380859375 1.3427734375 -4.638671875 1199969
-3.2958984375 -5.31005859375 -1.77001953125 1200031
-3.2958984375 -5.31005859375 -1.77001953125 1200133
-1.77001953125 1.52587890625 -0.54931640625 1200134
-1.77001953125 1.52587890625 -0.54931640625 1200134
-1.77001953125 1.52587890625 -0.54931640625 1200135
-1.77001953125 1.52587890625 -0.54931640625 1200136
-1.77001953125 1.52587890625 -0.54931640625 1200236
-3.47900390625 1.3427734375 0.732421875 1200262
-3.47900390625 1.3427734375 0.732421875 1200263
-3.47900390625 1.3427734375 0.732421875 1200263
-3.47900390625 1.3427734375 0.732421875 1200264
-3.47900390625 1.3427734375 0.732421875 1200338
2.9296875 2.13623046875 -3.662109375 1200339
-3.72314453125 0.18310546875 0.48828125 1200416
-3.72314453125 0.18310546875 0.48828125 1200417
-3.72314453125 0.18310546875 0.48828125 1200418
-3.72314453125 0.18310546875 0.48828125 1200419
-3.72314453125 0.18310546875 0.48828125 1200529
-2.25830078125 0.48828125 -3.47900390625 1200530
-2.25830078125 0.48828125 -3.47900390625 1200531
-2.25830078125 0.48828125 -3.47900390625 1200532
-2.25830078125 0.48828125 -3.47900390625 1200532
-2.25830078125 0.48828125 -3.47900390625 1200631
5.0048828125 2.74658203125 4.45556640625 1200632
5.0048828125 2.74658203125 4.45556640625 1200633
5.0048828125 2.74658203125 4.45556640625 1200634
5.0048828125 2.74658203125 4.45556640625 1200635
5.0048828125 2.74658203125 4.45556640625 1200733
0.1220703125 3.2958984375 -7.32421875 1200734
0.1220703125 3.2958984375 -7.32421875 1200734
0.1220703125 3.2958984375 -7.32421875 1200735
0.1220703125 3.2958984375 -7.32421875 1200736
0.1220703125 3.2958984375 -7.32421875 1200835
0.42724609375 0.9765625 0.54931640625 1200836
0.42724609375 0.9765625 0.54931640625 1200837
0.42724609375 0.9765625 0.54931640625 1200840
0.42724609375 0.9765625 0.54931640625 1200842
0.42724609375 0.9765625 0.54931640625 1200939
-0.9765625 0.48828125 -2.3193359375 1200940
-0.9765625 0.48828125 -2.3193359375 1200941
-0.9765625 0.48828125 -2.3193359375 1200942
-0.9765625 0.48828125 -2.3193359375 1200943
-0.9765625 0.48828125 -2.3193359375 1201079
-8.4228515625 -1.03759765625 -4.08935546875 1201080
-8.4228515625 -1.03759765625 -4.08935546875 1201081
-8.4228515625 -1.03759765625 -4.08935546875 1201082
-8.4228515625 -1.03759765625 -4.08935546875 1201083
-3.84521484375 0.06103515625 -2.5634765625 1201128
-3.84521484375 0.06103515625 -2.5634765625 1201230
6.53076171875 5.126953125 -0.244140625 1201231
6.53076171875 5.126953125 -0.244140625 1201232
6.53076171875 5.126953125 -0.244140625 1201233
6.53076171875 5.126953125 -0.244140625 1201234
6.53076171875 5.126953125 -0.244140625 1201337
-0.91552734375 -0.244140625 -3.11279296875 1201338
-0.91552734375 -0.244140625 -3.11279296875 1201338
-0.91552734375 -0.244140625 -3.11279296875 1201339
-0.91552734375 -0.244140625 -3.11279296875 1201340
-5.615234375 -1.46484375 -1.03759765625 1201423
-5.615234375 -1.46484375 -1.03759765625 1201528
-7.080078125 -1.52587890625 -3.173828125 1201529
-7.080078125 -1.52587890625 -3.173828125 1201530
-7.080078125 -1.52587890625 -3.173828125 1201531
-7.080078125 -1.52587890625 -3.173828125 1201532
-7.080078125 -1.52587890625 -3.173828125 1201628
3.90625 2.86865234375 -4.33349609375 1201629
3.90625 2.86865234375 -4.33349609375 1201630
3.90625 2.86865234375 -4.33349609375 1201631
3.90625 2.86865234375 -4.33349609375 1201631
3.90625 2.86865234375 -4.33349609375 1201731
2.5634765625 3.0517578125 0.67138671875 1201732
2.5634765625 3.0517578125 0.67138671875 1201733
2.5634765625 3.0517578125 0.67138671875 1201734
2.5634765625 3.0517578125 0.67138671875 1201735
2.5634765625 3.0517578125 0.67138671875 1201833
-1.3427734375 1.89208984375 -0.06103515625 1201834
-1.3427734375 1.89208984375 -0.06103515625 1201835
-1.3427734375 1.89208984375 -0.06103515625 1201836
-1.3427734375 1.89208984375 -0.06103515625 1201837
-1.3427734375 1.89208984375 -0.06103515625 1201937
-7.2021484375 -1.8310546875 -3.35693359375 1201938
-7.2021484375 -1.8310546875 -3.35693359375 1201939
-7.2021484375 -1.8310546875 -3.35693359375 1201940
-7.2021484375 -1.8310546875 -3.35693359375 1201956
-7.2021484375 -1.8310546875 -3.35693359375 1202040
-0.48828125 -0.1220703125 -5.0048828125 1202041
-0.48828125 -0.1220703125 -5.0048828125 1202042
-0.48828125 -0.1220703125 -5.0048828125 1202043
-0.48828125 -0.1220703125 -5.0048828125 1202044
5.67626953125 3.60107421875 1.953125 1202125
5.67626953125 3.60107421875 1.953125 1202233
1.15966796875 0.54931640625 -3.90625 1202234
1.15966796875 0.54931640625 -3.90625 1202234
1.15966796875 0.54931640625 -3.90625 1202235
1.15966796875 0.54931640625 -3.90625 1202236
1.15966796875 0.54931640625 -3.90625 1202335
0.30517578125 0.79345703125 0.42724609375 1202336
0.30517578125 0.79345703125 0.42724609375 1202337
0.30517578125 0.79345703125 0.42724609375 1202338
0.30517578125 0.79345703125 0.42724609375 1202338
0.30517578125 0.79345703125 0.42724609375 1202439
-3.5400390625 -1.03759765625 -1.40380859375 1202440
-3.5400390625 -1.03759765625 -1.40380859375 1202441
-3.5400390625 -1.03759765625 -1.40380859375 1202441
-3.5400390625 -1.03759765625 -1.40380859375 1202442
-3.5400390625 -1.03759765625 -1.40380859375 1202541
-7.01904296875 -0.79345703125 -2.62451171875 1202542
-7.01904296875 -0.79345703125 -2.62451171875 1202543
-7.01904296875 -0.79345703125 -2.62451171875 1202544
-7.01904296875 -0.79345703125 -2.62451171875 1202545
1.708984375 4.2724609375 0.1220703125 1202618
1.708984375 4.2724609375 0.1220703125 1202729
3.2958984375 3.7841796875 -0.18310546875 1202730
3.2958984375 3.7841796875 -0.18310546875 1202731
3.2958984375 3.7841796875 -0.18310546875 1202732
3.2958984375 3.7841796875 -0.18310546875 1202733
3.2958984375 3.7841796875 -0.18310546875 1202832
0.06103515625 -0.732421875 0.732421875 1202833
0.06103515625 -0.732421875 0.732421875 1202834
0.06103515625 -0.732421875 0.732421875 1202835
0.06103515625 -0.732421875 0.732421875 1202836
0.06103515625 -0.732421875 0.732421875 1202934
-1.40380859375 1.5869140625 -2.74658203125 1202935
-1.40380859375 1.5869140625 -2.74658203125 1202936
-1.40380859375 1.5869140625 -2.74658203125 1202937
-1.40380859375 1.5869140625 -2.74658203125 1202938
-1.40380859375 1.5869140625 -2.74658203125 1203037
-1.03759765625 0.06103515625 -8.11767578125 1203038
-1.03759765625 0.06103515625 -8.11767578125 1203038
-1.03759765625 0.06103515625 -8.11767578125 1203039
-1.03759765625 0.06103515625 -8.11767578125 1203040
-1.03759765625 0.06103515625 -8.11767578125 1203145
3.0517578125 0.732421875 -0.244140625 1203146
3.0517578125 0.732421875 -0.244140625 1203148
3.0517578125 0.732421875 -0.244140625 1203148
3.0517578125 0.732421875 -0.244140625 1203148
-0.67138671875 2.0751953125 -6.89697265625 1203232
-0.67138671875 2.0751953125 -6.89697265625 1203335
2.01416015625 -0.54931640625 3.35693359375 1203336
2.01416015625 -0.54931640625 3.35693359375 1203336
2.01416015625 -0.54931640625 3.35693359375 1203337
2.01416015625 -0.54931640625 3.35693359375 1203338
2.01416015625 -0.54931640625 3.35693359375 1203437
-6.8359375 -2.13623046875 -0.9765625 1203438
-6.8359375 -2.13623046875 -0.9765625 1203439
-6.8359375 -2.13623046875 -0.9765625 1203440
-6.8359375 -2.13623046875 -0.9765625 1203441
-6.8359375 -2.13623046875 -0.9765625 1203540
-4.57763671875 1.3427734375 -5.9814453125 1203541
-4.57763671875 1.3427734375 -5.9814453125 1203542
-4.57763671875 1.3427734375 -5.9814453125 1203543
-4.57763671875 1.3427734375 -5.9814453125 1203544
-4.57763671875 1.3427734375 -5.9814453125 1203642
-0.79345703125 0.30517578125 3.173828125 1203643
-0.79345703125 0.30517578125 3.173828125 1203644
-0.79345703125 0.30517578125 3.173828125 1203645
-0.79345703125 0.30517578125 3.173828125 1203648
-0.42724609375 4.5166015625 -1.89208984375 1203722
-0.42724609375 4.5166015625 -1.89208984375 1203834
1.220703125 -0.48828125 0 1203835
1.220703125 -0.48828125 0 1203836
1.220703125 -0.48828125 0 1203837
1.220703125 -0.48828125 0 1203838
1.220703125 -0.48828125 0 1203937
2.44140625 1.64794921875 -1.89208984375 1203937
2.44140625 1.64794921875 -1.89208984375 1203938
2.44140625 1.64794921875 -1.89208984375 1203939
2.44140625 1.64794921875 -1.89208984375 1203939
2.44140625 1.64794921875 -1.89208984375 1204041
-2.197265625 2.86865234375 -3.96728515625 1204046
-2.197265625 2.86865234375 -3.96728515625 1204047
-2.197265625 2.86865234375 -3.96728515625 1204048
-2.197265625 2.86865234375 -3.96728515625 1204049
-2.197265625 2.86865234375 -3.96728515625 1204142
3.90625 -0.8544921875 -7.8125 1204143
-0.6103515625 1.0986328125 -3.90625 1204219
-0.6103515625 1.0986328125 -3.90625 1204220
-0.6103515625 1.0986328125 -3.90625 1204221
-0.6103515625 1.0986328125 -3.90625 1204222
-0.6103515625 1.0986328125 -3.90625 1204331
-4.8828125 -0.54931640625 -2.44140625 1204332
-4.8828125 -0.54931640625 -2.44140625 1204333
-4.8828125 -0.54931640625 -2.44140625 1204333
-4.8828125 -0.54931640625 -2.44140625 1204334
-4.8828125 -0.54931640625 -2.44140625 1204433
-6.34765625 0.54931640625 4.5166015625 1204434
-6.34765625 0.54931640625 4.5166015625 1204435
-6.34765625 0.54931640625 4.5166015625 1204436
-6.34765625 0.54931640625 4.5166015625 1204436
-6.34765625 0.54931640625 4.5166015625 1204538
-2.197265625 -1.52587890625 -6.65283203125 1204539
-2.197265625 -1.52587890625 -6.65283203125 1204540
-2.197265625 -1.52587890625 -6.65283203125 1204540
-2.197265625 -1.52587890625 -6.65283203125 1204541
-2.197265625 -1.52587890625 -6.65283203125 1204640
4.2724609375 6.9580078125 -2.685546875 1204659
4.2724609375 6.9580078125 -2.685546875 1204660
4.2724609375 6.9580078125 -2.685546875 1204661
4.2724609375 6.9580078125 -2.685546875 1204662
4.2724609375 6.9580078125 -2.685546875 1204743
-1.5869140625 2.685546875 -0.8544921875 1204761
-1.5869140625 2.685546875 -0.8544921875 1204762
-1.5869140625 2.685546875 -0.8544921875 1204763
-1.5869140625 2.685546875 -0.8544921875 1204764
-0.732421875 -1.0986328125 -5.43212890625 1204821
-0.732421875 -1.0986328125 -5.43212890625 1204932
0.30517578125 1.03759765625 4.08935546875 1204934
0.30517578125 1.03759765625 4.08935546875 1204935
0.30517578125 1.03759765625 4.08935546875 1204936
0.30517578125 1.03759765625 4.08935546875 1204937
0.30517578125 1.03759765625 4.08935546875 1205035
-2.685546875 0.30517578125 -10.986328125 1205036
-2.685546875 0.30517578125 -10.986328125 1205037
-2.685546875 0.30517578125 -10.986328125 1205038
-2.685546875 0.30517578125 -10.986328125 1205039
-2.685546875 0.30517578125 -10.986328125 1205144
2.99072265625 1.52587890625 0.3662109375 1205145
2.99072265625 1.52587890625 0.3662109375 1205145
2.99072265625 1.52587890625 0.3662109375 1205146
2.99072265625 1.52587890625 0.3662109375 1205147
-0.244140625 0.6103515625 -5.9814453125 1205241
-0.244140625 0.6103515625 -5.9814453125 1205343
-4.57763671875 -1.0986328125 -1.15966796875 1205344
-4.57763671875 -1.0986328125 -1.15966796875 1205345
-4.57763671875 -1.0986328125 -1.15966796875 1205345
-4.57763671875 -1.0986328125 -1.15966796875 1205346
-8.85009765625 -3.35693359375 -5.615234375 1205421
-8.85009765625 -3.35693359375 -5.615234375 1205539
-5.43212890625 0.732421875 -10.986328125 1205541
-5.43212890625 0.732421875 -10.986328125 1205542
-5.43212890625 0.732421875 -10.986328125 1205543
-5.43212890625 0.732421875 -10.986328125 1205544
-8.056640625 0.91552734375 0 1205634
-8.056640625 0.91552734375 0 1205737
-7.4462890625 -2.13623046875 -7.50732421875 1205738
-7.4462890625 -2.13623046875 -7.50732421875 1205739
-7.4462890625 -2.13623046875 -7.50732421875 1205740
-7.4462890625 -2.13623046875 -7.50732421875 1205741
-7.4462890625 -2.13623046875 -7.50732421875 1205840
-1.220703125 -3.41796875 -5.43212890625 1205867
-1.220703125 -3.41796875 -5.43212890625 1205868
-1.220703125 -3.41796875 -5.43212890625 1205869
-1.220703125 -3.41796875 -5.43212890625 1205870
-1.220703125 -3.41796875 -5.43212890625 1205942
-1.89208984375 -0.48828125 -11.04736328125 1205942
-1.89208984375 -0.48828125 -11.04736328125 1206059
-7.38525390625 -8.97216796875 -6.103515625 1206060
-7.38525390625 -8.97216796875 -6.103515625 1206061
-7.38525390625 -8.97216796875 -6.103515625 1206062
-7.38525390625 -8.97216796875 -6.103515625 1206063
-2.74658203125 1.03759765625 -24.2919921875 1206156
-2.74658203125 1.03759765625 -24.2919921875 1206235
2.38037109375 3.35693359375 -19.6533203125 1206235
2.38037109375 3.35693359375 -19.6533203125 1206236
2.38037109375 3.35693359375 -19.6533203125 1206237
2.38037109375 3.35693359375 -19.6533203125 1206238
2.38037109375 3.35693359375 -19.6533203125 1206394
-1.3427734375 -5.4931640625 -15.80810546875 1206395
-1.3427734375 -5.4931640625 -15.80810546875 1206395
-1.3427734375 -5.4931640625 -15.80810546875 1206396
-1.3427734375 -5.4931640625 -15.80810546875 1206397
8.1787109375 8.6669921875 -9.09423828125 1206432
8.1787109375 8.6669921875 -9.09423828125 1206535
-0.06103515625 5.79833984375 -14.16015625 1206536
-0.06103515625 5.79833984375 -14.16015625 1206536
-0.06103515625 5.79833984375 -14.16015625 1206537
-0.06103515625 5.79833984375 -14.16015625 1206538
-0.06103515625 5.79833984375 -14.16015625 1206637
19.6533203125 10.31494140625 -21.1181640625 1206638
19.6533203125 10.31494140625 -21.1181640625 1206638
19.6533203125 10.31494140625 -21.1181640625 1206639
19.6533203125 10.31494140625 -21.1181640625 1206640
19.6533203125 10.31494140625 -21.1181640625 1206740
38.818359375 37.17041015625 -10.3759765625 1206741
38.818359375 37.17041015625 -10.3759765625 1206742
38.818359375 37.17041015625 -10.3759765625 1206743
38.818359375 37.17041015625 -10.3759765625 1206744
38.818359375 37.17041015625 -10.3759765625 1206842
31.3720703125 46.20361328125 -15.9912109375 1206843
31.3720703125 46.20361328125 -15.9912109375 1206844
31.3720703125 46.20361328125 -15.9912109375 1206845
31.3720703125 46.20361328125 -15.9912109375 1206846
31.3720703125 46.20361328125 -15.9912109375 1206945
16.357421875 19.95849609375 6.7138671875 1206946
16.357421875 19.95849609375 6.7138671875 1206947
16.357421875 19.95849609375 6.7138671875 1206947
16.357421875 19.95849609375 6.7138671875 1206948
29.35791015625 55.48095703125 -9.82666015625 1207023
29.35791015625 55.48095703125 -9.82666015625 1207133
7.2021484375 40.4052734375 -20.1416015625 1207134
7.2021484375 40.4052734375 -20.1416015625 1207136
7.2021484375 40.4052734375 -20.1416015625 1207137
7.2021484375 40.4052734375 -20.1416015625 1207139
7.2021484375 40.4052734375 -20.1416015625 1207235
5.31005859375 34.423828125 -14.7705078125 1207236
5.31005859375 34.423828125 -14.7705078125 1207236
5.31005859375 34.423828125 -14.7705078125 1207237
5.31005859375 34.423828125 -14.7705078125 1207238
5.31005859375 34.423828125 -14.7705078125 1207338
27.64892578125 70.1904296875 -23.0712890625 1207339
27.64892578125 70.1904296875 -23.0712890625 1207340
27.64892578125 70.1904296875 -23.0712890625 1207341
27.64892578125 70.1904296875 -23.0712890625 1207342
-15.31982421875 5.9814453125 1.953125 1207437
-15.31982421875 5.9814453125 1.953125 1207528
-5.92041015625 6.04248046875 -0.91552734375 1207540
-5.92041015625 6.04248046875 -0.91552734375 1207541
-5.92041015625 6.04248046875 -0.91552734375 1207542
-5.92041015625 6.04248046875 -0.91552734375 1207543
-5.92041015625 6.04248046875 -0.91552734375 1207643
4.8828125 19.22607421875 -13.427734375 1207643
4.8828125 19.22607421875 -13.427734375 1207644
4.8828125 19.22607421875 -13.427734375 1207645
4.8828125 19.22607421875 -13.427734375 1207646
4.8828125 19.22607421875 -13.427734375 1207746
16.78466796875 36.19384765625 -9.521484375 1207747
16.78466796875 36.19384765625 -9.521484375 1207748
16.78466796875 36.19384765625 -9.521484375 1207749
16.78466796875 36.19384765625 -9.521484375 1207749
-10.43701171875 11.8408203125 -7.01904296875 1207823
-10.43701171875 11.8408203125 -7.01904296875 1207934
-10.07080078125 -15.07568359375 -1.03759765625 1207935
-10.07080078125 -15.07568359375 -1.03759765625 1207935
-10.07080078125 -15.07568359375 -1.03759765625 1207936
-10.07080078125 -15.07568359375 -1.03759765625 1207937
-10.07080078125 -15.07568359375 -1.03759765625 1208036
1.953125 -10.19287109375 4.8828125 1208037
1.953125 -10.19287109375 4.8828125 1208039
1.953125 -10.19287109375 4.8828125 1208040
1.953125 -10.19287109375 4.8828125 1208041
1.953125 -10.19287109375 4.8828125 1208140
-11.474609375 -20.99609375 -0.67138671875 1208141
-11.474609375 -20.99609375 -0.67138671875 1208141
-11.474609375 -20.99609375 -0.67138671875 1208142
-11.474609375 -20.99609375 -0.67138671875 1208143
-11.474609375 -20.99609375 -0.67138671875 1208242
0.8544921875 7.50732421875 -0.48828125 1208243
0.8544921875 7.50732421875 -0.48828125 1208243
0.8544921875 7.50732421875 -0.48828125 1208244
0.8544921875 7.50732421875 -0.48828125 1208245
0.8544921875 7.50732421875 -0.48828125 1208346
-13.97705078125 2.38037109375 -14.22119140625 1208347
-13.97705078125 2.38037109375 -14.22119140625 1208347
-13.97705078125 2.38037109375 -14.22119140625 1208348
-13.97705078125 2.38037109375 -14.22119140625 1208349
20.01953125 11.1083984375 18.49365234375 1208423
20.01953125 11.1083984375 18.49365234375 1208534
5.126953125 -0.48828125 1.03759765625 1208535
5.126953125 -0.48828125 1.03759765625 1208535
5.126953125 -0.48828125 1.03759765625 1208536
5.126953125 -0.48828125 1.03759765625 1208539
5.126953125 -0.48828125 1.03759765625 1208637
-22.27783203125 -14.70947265625 -16.6015625 1208638
-22.27783203125 -14.70947265625 -16.6015625 1208638
-22.27783203125 -14.70947265625 -16.6015625 1208639
-22.27783203125 -14.70947265625 -16.6015625 1208640
-22.27783203125 -14.70947265625 -16.6015625 1208739
9.765625 -0.67138671875 10.19287109375 1208740
9.765625 -0.67138671875 10.19287109375 1208740
9.765625 -0.67138671875 10.19287109375 1208741
9.765625 -0.67138671875 10.19287109375 1208742
9.765625 -0.67138671875 10.19287109375 1208842
-1.220703125 -14.95361328125 -1.52587890625 1208843
-1.220703125 -14.95361328125 -1.52587890625 1208843
-1.220703125 -14.95361328125 -1.52587890625 1208844
-1.220703125 -14.95361328125 -1.52587890625 1208845
-1.220703125 -14.95361328125 -1.52587890625 1208945
-12.451171875 -30.029296875 2.25830078125 1208946
-12.451171875 -30.029296875 2.25830078125 1208947
-12.451171875 -30.029296875 2.25830078125 1208948
-12.451171875 -30.029296875 2.25830078125 1208949
-12.451171875 -30.029296875 2.25830078125 1209047
-4.69970703125 -26.79443359375 -27.83203125 1209048
-4.69970703125 -26.79443359375 -27.83203125 1209048
-4.69970703125 -26.79443359375 -27.83203125 1209049
-4.69970703125 -26.79443359375 -27.83203125 1209050
-4.69970703125 -26.79443359375 -27.83203125 1209158
-19.59228515625 -15.13671875 12.5732421875 1209159
-19.59228515625 -15.13671875 12.5732421875 1209160
-19.59228515625 -15.13671875 12.5732421875 1209160
-19.59228515625 -15.13671875 12.5732421875 1209161
-8.97216796875 -8.6669921875 -3.7841796875 1209237
-8.97216796875 -8.6669921875 -3.7841796875 1209339
-13.36669921875 -23.49853515625 2.685546875 1209340
-13.36669921875 -23.49853515625 2.685546875 1209341
-13.36669921875 -23.49853515625 2.685546875 1209342
-13.36669921875 -23.49853515625 2.685546875 1209343
-13.36669921875 -23.49853515625 2.685546875 1209442
-6.04248046875 -19.47021484375 2.74658203125 1209443
-6.04248046875 -19.47021484375 2.74658203125 1209444
-6.04248046875 -19.47021484375 2.74658203125 1209445
-6.04248046875 -19.47021484375 2.74658203125 1209446
-6.04248046875 -19.47021484375 2.74658203125 1209553
-22.39990234375 -36.80419921875 5.126953125 1209620
-22.39990234375 -36.80419921875 5.126953125 1209621
-22.39990234375 -36.80419921875 5.126953125 1209622
-22.39990234375 -36.80419921875 5.126953125 1209623
-21.728515625 -43.76220703125 -1.3427734375 1209635
-21.728515625 -43.76220703125 -1.3427734375 1209770
-21.484375 -34.7900390625 -5.615234375 1209771
-21.484375 -34.7900390625 -5.615234375 1209772
-21.484375 -34.7900390625 -5.615234375 1209773
-21.484375 -34.7900390625 -5.615234375 1209774
-21.484375 -34.7900390625 -5.615234375 1209918
-19.04296875 -14.892578125 6.89697265625 1209920
-19.04296875 -14.892578125 6.89697265625 1209921
-19.04296875 -14.892578125 6.89697265625 1209921
-19.04296875 -14.892578125 6.89697265625 1209922
-14.6484375 -24.71923828125 -1.0986328125 1209934
-14.6484375 -24.71923828125 -1.0986328125 1210031
-8.9111328125 -5.37109375 6.9580078125 1210043
-8.9111328125 -5.37109375 6.9580078125 1210044
-8.9111328125 -5.37109375 6.9580078125 1210044
-8.9111328125 -5.37109375 6.9580078125 1210045
-8.9111328125 -5.37109375 6.9580078125 1210146
-0.48828125 3.173828125 1.89208984375 1210147
-0.48828125 3.173828125 1.89208984375 1210147
-0.48828125 3.173828125 1.89208984375 1210148
-0.48828125 3.173828125 1.89208984375 1210149
-5.67626953125 0.06103515625 3.23486328125 1210227
-5.67626953125 0.06103515625 3.23486328125 1210336
-13.00048828125 -7.6904296875 4.33349609375 1210337
-13.00048828125 -7.6904296875 4.33349609375 1210338
-13.00048828125 -7.6904296875 4.33349609375 1210339
-13.00048828125 -7.6904296875 4.33349609375 1210340
-13.00048828125 -7.6904296875 4.33349609375 1210540
6.04248046875 13.00048828125 12.939453125 1210541
6.04248046875 13.00048828125 12.939453125 1210541
6.04248046875 13.00048828125 12.939453125 1210542
6.04248046875 13.00048828125 12.939453125 1210543
-7.38525390625 -7.568359375 -14.0380859375 1210544
-7.38525390625 -7.568359375 -14.0380859375 1210662
4.45556640625 9.521484375 16.29638671875 1210663
4.45556640625 9.521484375 16.29638671875 1210664
4.45556640625 9.521484375 16.29638671875 1210665
4.45556640625 9.521484375 16.29638671875 1210665
-10.55908203125 -2.99072265625 6.16455078125 1210751
-10.55908203125 -2.99072265625 6.16455078125 1210850
0.42724609375 -2.9296875 2.74658203125 1210851
0.42724609375 -2.9296875 2.74658203125 1210852
0.42724609375 -2.9296875 2.74658203125 1210853
0.42724609375 -2.9296875 2.74658203125 1210854
0.42724609375 -2.9296875 2.74658203125 1210950
1.708984375 2.38037109375 -0.18310546875 1210951
1.708984375 2.38037109375 -0.18310546875 1210951
1.708984375 2.38037109375 -0.18310546875 1211082
0.42724609375 3.72314453125 3.47900390625 1211083
0.42724609375 3.72314453125 3.47900390625 1211084
0.42724609375 3.72314453125 3.47900390625 1211084
0.42724609375 3.72314453125 3.47900390625 1211085
-4.5166015625 -1.03759765625 -2.86865234375 1211142
-4.5166015625 -1.03759765625 -2.86865234375 1211244
3.35693359375 1.40380859375 4.33349609375 1211245
3.35693359375 1.40380859375 4.33349609375 1211245
3.35693359375 1.40380859375 4.33349609375 1211246
3.35693359375 1.40380859375 4.33349609375 1211247
3.35693359375 1.40380859375 4.33349609375 1211347
5.2490234375 3.35693359375 1.28173828125 1211348
5.2490234375 3.35693359375 1.28173828125 1211349
5.2490234375 3.35693359375 1.28173828125 1211349
5.2490234375 3.35693359375 1.28173828125 1211350
-0.9765625 1.89208984375 -0.42724609375 1211428
-0.9765625 1.89208984375 -0.42724609375 1211539
-2.8076171875 -6.34765625 -8.544921875 1211540
-2.8076171875 -6.34765625 -8.544921875 1211541
-2.8076171875 -6.34765625 -8.544921875 1211542
-2.8076171875 -6.34765625 -8.544921875 1211543
-2.8076171875 -6.34765625 -8.544921875 1211642
-3.47900390625 6.16455078125 -3.41796875 1211650
-3.47900390625 6.16455078125 -3.41796875 1211651
-3.47900390625 6.16455078125 -3.41796875 1211652
-3.47900390625 6.16455078125 -3.41796875 1211653
-7.32421875 -1.52587890625 -1.0986328125 1211743
-7.32421875 -1.52587890625 -1.0986328125 1211847
-1.8310546875 -4.45556640625 -0.06103515625 1211848
-1.8310546875 -4.45556640625 -0.06103515625 1211849
-1.8310546875 -4.45556640625 -0.06103515625 1211852
-1.8310546875 -4.45556640625 -0.06103515625 1211853
-1.8310546875 -4.45556640625 -0.06103515625 1211949
-0.6103515625 2.74658203125 4.57763671875 1211950
-0.6103515625 2.74658203125 4.57763671875 1211950
-0.6103515625 2.74658203125 4.57763671875 1211951
0.79345703125 -2.01416015625 3.173828125 1212027
0.79345703125 -2.01416015625 3.173828125 1212028
0.79345703125 -2.01416015625 3.173828125 1212138
-7.32421875 2.25830078125 2.86865234375 1212139
-7.32421875 2.25830078125 2.86865234375 1212140
-7.32421875 2.25830078125 2.86865234375 1212140
-7.32421875 2.25830078125 2.86865234375 1212141
-7.32421875 2.25830078125 2.86865234375 1212241
-1.64794921875 4.82177734375 15.625 1212242
-1.64794921875 4.82177734375 15.625 1212243
-1.64794921875 4.82177734375 15.625 1212243
-1.64794921875 4.82177734375 15.625 1212244
-1.64794921875 4.82177734375 15.625 1212343
-3.90625 -6.8359375 -2.62451171875 1212344
-3.90625 -6.8359375 -2.62451171875 1212345
-3.90625 -6.8359375 -2.62451171875 1212346
-3.90625 -6.8359375 -2.62451171875 1212347
-3.90625 -6.8359375 -2.62451171875 1212445
8.23974609375 9.09423828125 17.15087890625 1212446
8.23974609375 9.09423828125 17.15087890625 1212447
8.23974609375 9.09423828125 17.15087890625 1212448
8.23974609375 9.09423828125 17.15087890625 1212449
8.23974609375 9.09423828125 17.15087890625 1212549
-4.7607421875 -3.0517578125 0.8544921875 1212549
-4.7607421875 -3.0517578125 0.8544921875 1212550
-4.7607421875 -3.0517578125 0.8544921875 1212552
-4.7607421875 -3.0517578125 0.8544921875 1212553
0.06103515625 0.48828125 1.708984375 1212627
0.06103515625 0.48828125 1.708984375 1212754
-4.2724609375 -3.2958984375 -4.08935546875 1212755
-4.2724609375 -3.2958984375 -4.08935546875 1212756
-4.2724609375 -3.2958984375 -4.08935546875 1212757
-4.2724609375 -3.2958984375 -4.08935546875 1212757
-5.4931640625 0.91552734375 -1.220703125 1212837
-5.4931640625 0.91552734375 -1.220703125 1213068
0.42724609375 1.708984375 -2.3193359375 1213069
0.42724609375 1.708984375 -2.3193359375 1213070
0.42724609375 1.708984375 -2.3193359375 1213071
0.42724609375 1.708984375 -2.3193359375 1213072
-2.9296875 -3.173828125 -1.220703125 1213073
1.953125 6.04248046875 9.58251953125 1213143
1.953125 6.04248046875 9.58251953125 1213245
-1.3427734375 18.49365234375 3.2958984375 1213246
-1.3427734375 18.49365234375 3.2958984375 1213247
-1.3427734375 18.49365234375 3.2958984375 1213248
-1.3427734375 18.49365234375 3.2958984375 1213249
-1.3427734375 18.49365234375 3.2958984375 1213351
5.0048828125 15.9912109375 3.662109375 1213352
5.0048828125 15.9912109375 3.662109375 1213353
5.0048828125 15.9912109375 3.662109375 1213353
5.0048828125 15.9912109375 3.662109375 1213354
29.47998046875 31.494140625 0.54931640625 1213429
29.47998046875 31.494140625 0.54931640625 1213540
16.29638671875 20.263671875 7.9345703125 1213541
16.29638671875 20.263671875 7.9345703125 1213542
16.29638671875 20.263671875 7.9345703125 1213559
16.29638671875 20.263671875 7.9345703125 1213560
16.29638671875 20.263671875 7.9345703125 1213644
18.310546875 2.50244140625 4.39453125 1213645
18.310546875 2.50244140625 4.39453125 1213646
18.310546875 2.50244140625 4.39453125 1213647
18.310546875 2.50244140625 4.39453125 1213746
10.43701171875 3.11279296875 3.35693359375 1213747
10.43701171875 3.11279296875 3.35693359375 1213747
10.43701171875 3.11279296875 3.35693359375 1213748
10.43701171875 3.11279296875 3.35693359375 1213749
10.43701171875 3.11279296875 3.35693359375 1213848
-0.91552734375 -1.52587890625 -7.75146484375 1213849
-0.91552734375 -1.52587890625 -7.75146484375 1213849
-0.91552734375 -1.52587890625 -7.75146484375 1213850
-0.91552734375 -1.52587890625 -7.75146484375 1213851
-0.91552734375 -1.52587890625 -7.75146484375 1213951
6.4697265625 2.3193359375 -12.39013671875 1213952
6.4697265625 2.3193359375 -12.39013671875 1213952
6.4697265625 2.3193359375 -12.39013671875 1213953
6.4697265625 2.3193359375 -12.39013671875 1213954
20.3857421875 9.521484375 -1.77001953125 1214028
20.3857421875 9.521484375 -1.77001953125 1214140
8.6669921875 2.38037109375 0.54931640625 1214141
8.6669921875 2.38037109375 0.54931640625 1214142
8.6669921875 2.38037109375 0.54931640625 1214143
8.6669921875 2.38037109375 0.54931640625 1214144
8.6669921875 2.38037109375 0.54931640625 1214242
12.3291015625 -5.2490234375 8.544921875 1214266
12.3291015625 -5.2490234375 8.544921875 1214267
12.3291015625 -5.2490234375 8.544921875 1214268
12.3291015625 -5.2490234375 8.544921875 1214269
12.3291015625 -5.2490234375 8.544921875 1214344
4.33349609375 -9.1552734375 0.54931640625 1214345
4.33349609375 -9.1552734375 0.54931640625 1214447
-0.42724609375 -3.173828125 0 1214448
-0.42724609375 -3.173828125 0 1214449
-0.42724609375 -3.173828125 0 1214450
-0.42724609375 -3.173828125 0 1214451
-0.42724609375 -3.173828125 0 1214549
1.40380859375 -11.29150390625 -3.2958984375 1214550
1.40380859375 -11.29150390625 -3.2958984375 1214551
1.40380859375 -11.29150390625 -3.2958984375 1214552
1.40380859375 -11.29150390625 -3.2958984375 1214553
-5.7373046875 -6.8359375 -0.48828125 1214629
-5.7373046875 -6.8359375 -0.48828125 1214740
-0.48828125 -7.14111328125 2.3193359375 1214741
-0.48828125 -7.14111328125 2.3193359375 1214742
-0.48828125 -7.14111328125 2.3193359375 1214743
-0.48828125 -7.14111328125 2.3193359375 1214744
-0.48828125 -7.14111328125 2.3193359375 1214843
2.44140625 -3.23486328125 6.9580078125 1214844
2.44140625 -3.23486328125 6.9580078125 1214844
2.44140625 -3.23486328125 6.9580078125 1214845
2.44140625 -3.23486328125 6.9580078125 1214846
-7.8125 -8.056640625 7.99560546875 1214946
-7.8125 -8.056640625 7.99560546875 1214947
-7.8125 -8.056640625 7.99560546875 1214947
-7.8125 -8.056640625 7.99560546875 1214948
-7.8125 -8.056640625 7.99560546875 1215049
-8.056640625 -17.578125 0.91552734375 1215050
-8.056640625 -17.578125 0.91552734375 1215050
-8.056640625 -17.578125 0.91552734375 1215051
-8.056640625 -17.578125 0.91552734375 1215052
-8.056640625 -17.578125 0.91552734375 1215151
-12.63427734375 -0.9765625 -2.0751953125 1215152
-12.63427734375 -0.9765625 -2.0751953125 1215152
-12.63427734375 -0.9765625 -2.0751953125 1215153
-12.63427734375 -0.9765625 -2.0751953125 1215154
-9.33837890625 5.37109375 0.91552734375 1215235
-9.33837890625 5.37109375 0.91552734375 1215341
-19.1650390625 -2.86865234375 -10.19287109375 1215342
-19.1650390625 -2.86865234375 -10.19287109375 1215343
-19.1650390625 -2.86865234375 -10.19287109375 1215344
-19.1650390625 -2.86865234375 -10.19287109375 1215344
-19.1650390625 -2.86865234375 -10.19287109375 1215443
-5.06591796875 -4.33349609375 -0.42724609375 1215444
-5.06591796875 -4.33349609375 -0.42724609375 1215445
-5.06591796875 -4.33349609375 -0.42724609375 1215446
-5.06591796875 -4.33349609375 -0.42724609375 1215446
-5.06591796875 -4.33349609375 -0.42724609375 1215545
-11.53564453125 -2.74658203125 -4.21142578125 1215546
-11.53564453125 -2.74658203125 -4.21142578125 1215546
-11.53564453125 -2.74658203125 -4.21142578125 1215547
-11.53564453125 -2.74658203125 -4.21142578125 1215548
-11.53564453125 -2.74658203125 -4.21142578125 1215648
-5.2490234375 -5.06591796875 -6.2255859375 1215649
-5.2490234375 -5.06591796875 -6.2255859375 1215650
-5.2490234375 -5.06591796875 -6.2255859375 1215653
-5.2490234375 -5.06591796875 -6.2255859375 1215654
-5.2490234375 -5.06591796875 -6.2255859375 1215751
-4.82177734375 -0.3662109375 -3.173828125 1215751
-4.82177734375 -0.3662109375 -3.173828125 1215752
-4.82177734375 -0.3662109375 -3.173828125 1215753
-4.82177734375 -0.3662109375 -3.173828125 1215754
-4.57763671875 2.38037109375 -2.25830078125 1215830
-4.57763671875 2.38037109375 -2.25830078125 1215944
1.0986328125 4.69970703125 -1.64794921875 1215945
1.0986328125 4.69970703125 -1.64794921875 1215946
1.0986328125 4.69970703125 -1.64794921875 1215947
1.0986328125 4.69970703125 -1.64794921875 1215948
2.50244140625 3.35693359375 -6.16455078125 1216031
2.50244140625 3.35693359375 -6.16455078125 1216141
-7.01904296875 -1.40380859375 -3.662109375 1216142
-7.01904296875 -1.40380859375 -3.662109375 1216142
-7.01904296875 -1.40380859375 -3.662109375 1216143
-7.01904296875 -1.40380859375 -3.662109375 1216144
-7.01904296875 -1.40380859375 -3.662109375 1216243
-7.26318359375 0 -1.52587890625 1216244
-7.26318359375 0 -1.52587890625 1216246
-7.26318359375 0 -1.52587890625 1216246
-7.26318359375 0 -1.52587890625 1216247
-7.26318359375 0 -1.52587890625 1216348
0.54931640625 -0.42724609375 -5.55419921875 1216349
0.54931640625 -0.42724609375 -5.55419921875 1216349
0.54931640625 -0.42724609375 -5.55419921875 1216350
0.54931640625 -0.42724609375 -5.55419921875 1216351
0.54931640625 -0.42724609375 -5.55419921875 1216451
2.74658203125 1.77001953125 -2.685546875 1216452
2.74658203125 1.77001953125 -2.685546875 1216452
2.74658203125 1.77001953125 -2.685546875 1216453
2.74658203125 1.77001953125 -2.685546875 1216454
2.74658203125 1.77001953125 -2.685546875 1216553
-7.2021484375 1.5869140625 -4.21142578125 1216554
-7.2021484375 1.5869140625 -4.21142578125 1216554
-7.2021484375 1.5869140625 -4.21142578125 1216555
-7.2021484375 1.5869140625 -4.21142578125 1216556
5.31005859375 3.11279296875 -4.94384765625 1216631
5.31005859375 3.11279296875 -4.94384765625 1216742
-1.40380859375 -0.42724609375 -1.220703125 1216743
-1.40380859375 -0.42724609375 -1.220703125 1216744
-1.40380859375 -0.42724609375 -1.220703125 1216745
-1.40380859375 -0.42724609375 -1.220703125 1216746
-1.40380859375 -0.42724609375 -1.220703125 1216844
-4.69970703125 -3.41796875 -0.30517578125 1216845
-4.69970703125 -3.41796875 -0.30517578125 1216862
-4.69970703125 -3.41796875 -0.30517578125 1216863
-4.69970703125 -3.41796875 -0.30517578125 1216864
-4.69970703125 -3.41796875 -0.30517578125 1216947
3.0517578125 -0.54931640625 -4.8828125 1216948
3.0517578125 -0.54931640625 -4.8828125 1216949
3.0517578125 -0.54931640625 -4.8828125 1217049
1.03759765625 1.953125 1.3427734375 1217050
1.03759765625 1.953125 1.3427734375 1217051
1.03759765625 1.953125 1.3427734375 1217053
1.03759765625 1.953125 1.3427734375 1217054
1.03759765625 1.953125 1.3427734375 1217152
-3.23486328125 -1.15966796875 -1.220703125 1217170
-3.23486328125 -1.15966796875 -1.220703125 1217172
-3.23486328125 -1.15966796875 -1.220703125 1217173
-3.23486328125 -1.15966796875 -1.220703125 1217174
-5.126953125 -3.11279296875 -4.94384765625 1217231
-5.126953125 -3.11279296875 -4.94384765625 1217341
6.4697265625 4.150390625 1.40380859375 1217342
6.4697265625 4.150390625 1.40380859375 1217342
6.4697265625 4.150390625 1.40380859375 1217343
6.4697265625 4.150390625 1.40380859375 1217344
6.4697265625 4.150390625 1.40380859375 1217445
2.0751953125 1.8310546875 -2.25830078125 1217446
2.0751953125 1.8310546875 -2.25830078125 1217447
2.0751953125 1.8310546875 -2.25830078125 1217448
2.0751953125 1.8310546875 -2.25830078125 1217449
-4.94384765625 -0.79345703125 -4.7607421875 1217548
-4.94384765625 -0.79345703125 -4.7607421875 1217550
-4.94384765625 -0.79345703125 -4.7607421875 1217550
-4.94384765625 -0.79345703125 -4.7607421875 1217551
-4.94384765625 -0.79345703125 -4.7607421875 1217652
-4.08935546875 0.6103515625 -1.03759765625 1217652
-4.08935546875 0.6103515625 -1.03759765625 1217653
-4.08935546875 0.6103515625 -1.03759765625 1217654
-4.08935546875 0.6103515625 -1.03759765625 1217655
-4.45556640625 -0.79345703125 -3.96728515625 1217733
-4.45556640625 -0.79345703125 -3.96728515625 1217846
-0.42724609375 3.72314453125 -0.42724609375 1217847
-0.42724609375 3.72314453125 -0.42724609375 1217848
-0.42724609375 3.72314453125 -0.42724609375 1217848
-0.42724609375 3.72314453125 -0.42724609375 1217849
-0.42724609375 3.72314453125 -0.42724609375 1217949
-2.74658203125 1.953125 -3.23486328125 1217950
-2.74658203125 1.953125 -3.23486328125 1217951
-2.74658203125 1.953125 -3.23486328125 1217952
-2.74658203125 1.953125 -3.23486328125 1217953
-2.74658203125 1.953125 -3.23486328125 1218051
2.99072265625 2.13623046875 -1.220703125 1218052
2.99072265625 2.13623046875 -1.220703125 1218053
2.99072265625 2.13623046875 -1.220703125 1218054
2.99072265625 2.13623046875 -1.220703125 1218055
2.99072265625 2.13623046875 -1.220703125 1218154
-2.62451171875 -0.06103515625 -3.11279296875 1218155
-2.62451171875 -0.06103515625 -3.11279296875 1218156
-2.62451171875 -0.06103515625 -3.11279296875 1218157
-2.62451171875 -0.06103515625 -3.11279296875 1218158
0.79345703125 1.708984375 -0.06103515625 1218232
0.79345703125 1.708984375 -0.06103515625 1218343
-3.5400390625 -1.0986328125 -0.54931640625 1218344
-3.5400390625 -1.0986328125 -0.54931640625 1218345
-3.5400390625 -1.0986328125 -0.54931640625 1218346
-3.5400390625 -1.0986328125 -0.54931640625 1218347
-3.5400390625 -1.0986328125 -0.54931640625 1218445
-0.30517578125 -0.91552734375 -2.44140625 1218446
-0.30517578125 -0.91552734375 -2.44140625 1218447
-0.30517578125 -0.91552734375 -2.44140625 1218447
-0.30517578125 -0.91552734375 -2.44140625 1218448
-0.30517578125 -0.91552734375 -2.44140625 1218548
-0.48828125 2.38037109375 -2.3193359375 1218549
-0.48828125 2.38037109375 -2.3193359375 1218552
-0.48828125 2.38037109375 -2.3193359375 1218553
-0.48828125 2.38037109375 -2.3193359375 1218554
-0.48828125 2.38037109375 -2.3193359375 1218651
-2.0751953125 1.15966796875 -2.86865234375 1218652
-2.0751953125 1.15966796875 -2.86865234375 1218652
-2.0751953125 1.15966796875 -2.86865234375 1218753
3.0517578125 1.5869140625 -0.91552734375 1218754
3.0517578125 1.5869140625 -0.91552734375 1218755
3.0517578125 1.5869140625 -0.91552734375 1218756
3.0517578125 1.5869140625 -0.91552734375 1218757
0.06103515625 -0.1220703125 -3.173828125 1218839
0.06103515625 -0.1220703125 -3.173828125 1218942
-2.86865234375 1.40380859375 -1.708984375 1218943
-2.86865234375 1.40380859375 -1.708984375 1218945
-2.86865234375 1.40380859375 -1.708984375 1218945
-2.86865234375 1.40380859375 -1.708984375 1218946
-2.86865234375 1.40380859375 -1.708984375 1219046
-3.60107421875 -1.220703125 -5.0048828125 1219081
-3.60107421875 -1.220703125 -5.0048828125 1219082
-3.60107421875 -1.220703125 -5.0048828125 1219083
-3.60107421875 -1.220703125 -5.0048828125 1219084
-3.60107421875 -1.220703125 -5.0048828125 1219175
-0.79345703125 1.0986328125 -2.44140625 1219176
2.13623046875 4.21142578125 0 1219265
2.13623046875 4.21142578125 0 1219266
2.13623046875 4.21142578125 0 1219341
2.13623046875 4.21142578125 0 1219342
2.13623046875 4.21142578125 0 1219353
-0.18310546875 3.11279296875 -2.8076171875 1219354
-1.3427734375 -0.48828125 -2.13623046875 1219445
-1.3427734375 -0.48828125 -2.13623046875 1219446
-1.3427734375 -0.48828125 -2.13623046875 1219446
-1.3427734375 -0.48828125 -2.13623046875 1219447
-1.3427734375 -0.48828125 -2.13623046875 1219548
-1.15966796875 -0.06103515625 -1.708984375 1219549
-1.15966796875 -0.06103515625 -1.708984375 1219550
-1.15966796875 -0.06103515625 -1.708984375 1219551
-1.15966796875 -0.06103515625 -1.708984375 1219551
-1.15966796875 -0.06103515625 -1.708984375 1219698
-0.6103515625 1.46484375 -0.9765625 1219699
-0.6103515625 1.46484375 -0.9765625 1219700
-0.6103515625 1.46484375 -0.9765625 1219701
-0.6103515625 1.46484375 -0.9765625 1219701
3.35693359375 1.03759765625 -2.9296875 1219753
3.35693359375 1.03759765625 -2.9296875 1219835
0.6103515625 1.953125 -1.3427734375 1219836
0.6103515625 1.953125 -1.3427734375 1219837
0.6103515625 1.953125 -1.3427734375 1219838
0.6103515625 1.953125 -1.3427734375 1219839
0.6103515625 1.953125 -1.3427734375 1219944
-0.91552734375 0.79345703125 -2.3193359375 1219945
-0.91552734375 0.79345703125 -2.3193359375 1219946
-0.91552734375 0.79345703125 -2.3193359375 1219947
-0.91552734375 0.79345703125 -2.3193359375 1219948
-0.91552734375 0.79345703125 -2.3193359375 1220046
-0.18310546875 1.220703125 -2.44140625 1220047
-0.18310546875 1.220703125 -2.44140625 1220047
-0.18310546875 1.220703125 -2.44140625 1220048
-0.18310546875 1.220703125 -2.44140625 1220049
-0.18310546875 1.220703125 -2.44140625 1220150
0.06103515625 2.50244140625 -1.220703125 1220151
0.06103515625 2.50244140625 -1.220703125 1220151
0.06103515625 2.50244140625 -1.220703125 1220152
0.06103515625 2.50244140625 -1.220703125 1220153
0.06103515625 2.50244140625 -1.220703125 1220252
-2.25830078125 0.79345703125 -2.38037109375 1220253
-2.25830078125 0.79345703125 -2.38037109375 1220254
-2.25830078125 0.79345703125 -2.38037109375 1220254
-2.25830078125 0.79345703125 -2.38037109375 1220255
-2.25830078125 0.79345703125 -2.38037109375 1220372
-0.1220703125 0.30517578125 -0.18310546875 1220373
-0.1220703125 0.30517578125 -0.18310546875 1220374
-0.1220703125 0.30517578125 -0.18310546875 1220375
-0.1220703125 0.30517578125 -0.18310546875 1220376
1.953125 2.38037109375 -3.23486328125 1220437
1.953125 2.38037109375 -3.23486328125 1220544
1.46484375 2.0751953125 0.30517578125 1220545
1.46484375 2.0751953125 0.30517578125 1220545
1.46484375 2.0751953125 0.30517578125 1220546
1.46484375 2.0751953125 0.30517578125 1220547
1.46484375 2.0751953125 0.30517578125 1220647
-2.0751953125 -0.48828125 -4.39453125 1220684
-2.0751953125 -0.48828125 -4.39453125 1220685
-2.0751953125 -0.48828125 -4.39453125 1220686
-2.0751953125 -0.48828125 -4.39453125 1220687
-2.0751953125 -0.48828125 -4.39453125 1220753
0.42724609375 0.732421875 -1.708984375 1220754
-1.708984375 1.28173828125 0 1220852
-1.708984375 1.28173828125 0 1220853
-1.708984375 1.28173828125 0 1220853
-1.708984375 1.28173828125 0 1220854
-1.708984375 1.28173828125 0 1220954
-0.732421875 1.3427734375 -3.35693359375 1220955
-0.732421875 1.3427734375 -3.35693359375 1220956
-0.732421875 1.3427734375 -3.35693359375 1220957
-0.732421875 1.3427734375 -3.35693359375 1220958
-0.732421875 1.3427734375 -3.35693359375 1221075
-2.197265625 1.28173828125 -1.46484375 1221076
-2.197265625 1.28173828125 -1.46484375 1221077
-2.197265625 1.28173828125 -1.46484375 1221078
-2.197265625 1.28173828125 -1.46484375 1221079
-1.5869140625 1.03759765625 -2.25830078125 1221151
-1.5869140625 1.03759765625 -2.25830078125 1221255
2.13623046875 0.30517578125 -4.94384765625 1221256
2.13623046875 0.30517578125 -4.94384765625 1221256
2.13623046875 0.30517578125 -4.94384765625 1221257
2.13623046875 0.30517578125 -4.94384765625 1221258
2.13623046875 0.30517578125 -4.94384765625 1221357
-1.64794921875 1.77001953125 -2.38037109375 1221358
-1.64794921875 1.77001953125 -2.38037109375 1221358
-1.64794921875 1.77001953125 -2.38037109375 1221359
-1.64794921875 1.77001953125 -2.38037109375 1221360
1.8310546875 1.77001953125 -1.15966796875 1221434
1.8310546875 1.77001953125 -1.15966796875 1221546
-4.69970703125 -0.732421875 -5.126953125 1221547
-4.69970703125 -0.732421875 -5.126953125 1221547
-4.69970703125 -0.732421875 -5.126953125 1221548
-4.69970703125 -0.732421875 -5.126953125 1221549
-4.69970703125 -0.732421875 -5.126953125 1221649
-2.13623046875 -0.48828125 -2.99072265625 1221650
-2.13623046875 -0.48828125 -2.99072265625 1221651
-2.13623046875 -0.48828125 -2.99072265625 1221652
-2.13623046875 -0.48828125 -2.99072265625 1221653
-2.13623046875 -0.48828125 -2.99072265625 1221751
0.1220703125 1.89208984375 -1.953125 1221752
0.1220703125 1.89208984375 -1.953125 1221753
0.1220703125 1.89208984375 -1.953125 1221754
0.1220703125 1.89208984375 -1.953125 1221754
0.1220703125 1.89208984375 -1.953125 1221854
5.67626953125 3.662109375 -1.0986328125 1221855
5.67626953125 3.662109375 -1.0986328125 1221856
5.67626953125 3.662109375 -1.0986328125 1221857
5.67626953125 3.662109375 -1.0986328125 1221858
5.67626953125 3.662109375 -1.0986328125 1221957
-0.48828125 -0.9765625 -3.662109375 1221958
-0.48828125 -0.9765625 -3.662109375 1221959
-0.48828125 -0.9765625 -3.662109375 1221959
-0.48828125 -0.9765625 -3.662109375 1221960
-2.0751953125 1.40380859375 -1.40380859375 1222035
-2.0751953125 1.40380859375 -1.40380859375 1222145
1.220703125 0.30517578125 -1.46484375 1222146
1.220703125 0.30517578125 -1.46484375 1222146
1.220703125 0.30517578125 -1.46484375 1222147
1.220703125 0.30517578125 -1.46484375 1222148
1.220703125 0.30517578125 -1.46484375 1222247
-3.90625 -1.0986328125 -3.72314453125 1222268
-3.90625 -1.0986328125 -3.72314453125 1222270
-3.90625 -1.0986328125 -3.72314453125 1222270
-3.90625 -1.0986328125 -3.72314453125 1222271
-3.90625 -1.0986328125 -3.72314453125 1222351
-1.708984375 -0.6103515625 -3.0517578125 1222352
-1.708984375 -0.6103515625 -3.0517578125 1222453
-5.126953125 -0.67138671875 -2.74658203125 1222454
-5.126953125 -0.67138671875 -2.74658203125 1222455
-5.126953125 -0.67138671875 -2.74658203125 1222456
-5.126953125 -0.67138671875 -2.74658203125 1222457
-5.126953125 -0.67138671875 -2.74658203125 1222555
-1.5869140625 1.5869140625 0.18310546875 1222556
-1.5869140625 1.5869140625 0.18310546875 1222557
-1.5869140625 1.5869140625 0.18310546875 1222558
-1.5869140625 1.5869140625 0.18310546875 1222558
-1.5869140625 1.5869140625 0.18310546875 1222657
-0.06103515625 1.46484375 -3.7841796875 1222658
-0.06103515625 1.46484375 -3.7841796875 1222659
-0.06103515625 1.46484375 -3.7841796875 1222660
-0.06103515625 1.46484375 -3.7841796875 1222661
6.04248046875 2.8076171875 -2.74658203125 1222740
6.04248046875 2.8076171875 -2.74658203125 1222849
-2.25830078125 0.6103515625 -4.69970703125 1222885
-2.25830078125 0.6103515625 -4.69970703125 1222886
-2.25830078125 0.6103515625 -4.69970703125 1222887
-2.25830078125 0.6103515625 -4.69970703125 1222888
-2.25830078125 0.6103515625 -4.69970703125 1222952
-3.7841796875 -2.13623046875 -2.50244140625 1222953
-3.7841796875 -2.13623046875 -2.50244140625 1223055
-2.5634765625 -0.8544921875 -2.5634765625 1223056
-2.5634765625 -0.8544921875 -2.5634765625 1223057
-2.5634765625 -0.8544921875 -2.5634765625 1223058
-2.5634765625 -0.8544921875 -2.5634765625 1223058
-2.5634765625 -0.8544921875 -2.5634765625 1223158
4.39453125 1.40380859375 -1.40380859375 1223159
4.39453125 1.40380859375 -1.40380859375 1223160
4.39453125 1.40380859375 -1.40380859375 1223160
4.39453125 1.40380859375 -1.40380859375 1223161
-0.91552734375 0.732421875 -2.74658203125 1223236
-0.91552734375 0.732421875 -2.74658203125 1223346
-0.79345703125 2.197265625 -1.64794921875 1223346
-0.79345703125 2.197265625 -1.64794921875 1223347
-0.79345703125 2.197265625 -1.64794921875 1223348
-0.79345703125 2.197265625 -1.64794921875 1223349
-0.79345703125 2.197265625 -1.64794921875 1223448
-2.25830078125 -0.48828125 0.1220703125 1223449
-2.25830078125 -0.48828125 0.1220703125 1223449
-2.25830078125 -0.48828125 0.1220703125 1223450
-2.25830078125 -0.48828125 0.1220703125 1223451
-2.25830078125 -0.48828125 0.1220703125 1223552
-0.48828125 -0.9765625 -3.60107421875 1223553
-0.48828125 -0.9765625 -3.60107421875 1223554
-0.48828125 -0.9765625 -3.60107421875 1223554
-0.48828125 -0.9765625 -3.60107421875 1223555
-0.48828125 -0.9765625 -3.60107421875 1223654
1.220703125 1.8310546875 -2.25830078125 1223655
1.220703125 1.8310546875 -2.25830078125 1223655
1.220703125 1.8310546875 -2.25830078125 1223656
1.220703125 1.8310546875 -2.25830078125 1223657
1.220703125 1.8310546875 -2.25830078125 1223756
-1.708984375 2.197265625 -1.8310546875 1223757
-1.708984375 2.197265625 -1.8310546875 1223758
-1.708984375 2.197265625 -1.8310546875 1223759
-1.708984375 2.197265625 -1.8310546875 1223760
-1.708984375 2.197265625 -1.8310546875 1223859
-3.23486328125 0.30517578125 -2.8076171875 1223860
-3.23486328125 0.30517578125 -2.8076171875 1223860
-3.23486328125 0.30517578125 -2.8076171875 1223861
-3.23486328125 0.30517578125 -2.8076171875 1223862
-3.0517578125 1.15966796875 -3.41796875 1223939
-3.0517578125 1.15966796875 -3.41796875 1224049
3.7841796875 2.685546875 0.42724609375 1224050
3.7841796875 2.685546875 0.42724609375 1224050
3.7841796875 2.685546875 0.42724609375 1224051
3.7841796875 2.685546875 0.42724609375 1224052
3.7841796875 2.685546875 0.42724609375 1224151
-0.42724609375 -1.03759765625 -1.953125 1224152
-0.42724609375 -1.03759765625 -1.953125 1224153
-0.42724609375 -1.03759765625 -1.953125 1224153
-0.42724609375 -1.03759765625 -1.953125 1224154
-0.42724609375 -1.03759765625 -1.953125 1224288
-3.662109375 0.1220703125 -4.21142578125 1224289
-3.662109375 0.1220703125 -4.21142578125 1224291
-3.662109375 0.1220703125 -4.21142578125 1224292
-3.662109375 0.1220703125 -4.21142578125 1224293
-2.99072265625 1.03759765625 -1.220703125 1224352
-2.99072265625 1.03759765625 -1.220703125 1224454
-2.99072265625 -0.1220703125 -2.8076171875 1224455
-2.99072265625 -0.1220703125 -2.8076171875 1224455
-2.99072265625 -0.1220703125 -2.8076171875 1224456
-2.99072265625 -0.1220703125 -2.8076171875 1224457
-2.99072265625 -0.1220703125 -2.8076171875 1224556
0 -0.244140625 -2.44140625 1224557
0 -0.244140625 -2.44140625 1224557
0 -0.244140625 -2.44140625 1224558
0 -0.244140625 -2.44140625 1224559
0 -0.244140625 -2.44140625 1224659
3.5400390625 2.62451171875 0.9765625 1224660
3.5400390625 2.62451171875 0.9765625 1224660
3.5400390625 2.62451171875 0.9765625 1224661
3.5400390625 2.62451171875 0.9765625 1224662
3.5400390625 2.62451171875 0.9765625 1224771
-0.6103515625 -0.48828125 -5.55419921875 1224772
-0.6103515625 -0.48828125 -5.55419921875 1224773
-0.6103515625 -0.48828125 -5.55419921875 1224774
-0.6103515625 -0.48828125 -5.55419921875 1224774
-0.06103515625 1.64794921875 -1.708984375 1224853
-0.06103515625 1.64794921875 -1.708984375 1224951
-1.52587890625 -2.197265625 -2.0751953125 1224952
-1.52587890625 -2.197265625 -2.0751953125 1224953
-1.52587890625 -2.197265625 -2.0751953125 1224954
-1.52587890625 -2.197265625 -2.0751953125 1224955
-4.7607421875 -0.48828125 -2.38037109375 1225054
-4.7607421875 -0.48828125 -2.38037109375 1225055
-4.7607421875 -0.48828125 -2.38037109375 1225055
-4.7607421875 -0.48828125 -2.38037109375 1225056
-4.7607421875 -0.48828125 -2.38037109375 1225158
-3.2958984375 0.244140625 -0.79345703125 1225158
-3.2958984375 0.244140625 -0.79345703125 1225159
-3.2958984375 0.244140625 -0.79345703125 1225160
-3.2958984375 0.244140625 -0.79345703125 1225161
-3.2958984375 0.244140625 -0.79345703125 1225260
1.3427734375 0.1220703125 -0.244140625 1225261
1.3427734375 0.1220703125 -0.244140625 1225261
1.3427734375 0.1220703125 -0.244140625 1225262
1.3427734375 0.1220703125 -0.244140625 1225263
-0.42724609375 2.13623046875 -0.3662109375 1225359
-0.42724609375 2.13623046875 -0.3662109375 1225449
0.732421875 1.77001953125 -4.82177734375 1225450
0.732421875 1.77001953125 -4.82177734375 1225450
0.732421875 1.77001953125 -4.82177734375 1225451
0.732421875 1.77001953125 -4.82177734375 1225452
0.732421875 1.77001953125 -4.82177734375 1225551
-0.91552734375 -2.38037109375 -3.96728515625 1225552
-0.91552734375 -2.38037109375 -3.96728515625 1225552
-0.91552734375 -2.38037109375 -3.96728515625 1225553
-0.91552734375 -2.38037109375 -3.96728515625 1225554
-0.91552734375 -2.38037109375 -3.96728515625 1225656
-4.57763671875 -2.62451171875 -4.8828125 1225657
-4.57763671875 -2.62451171875 -4.8828125 1225658
-4.57763671875 -2.62451171875 -4.8828125 1225675
-4.57763671875 -2.62451171875 -4.8828125 1225676
-4.57763671875 -2.62451171875 -4.8828125 1225759
-1.03759765625 0.1220703125 -2.9296875 1225760
-1.03759765625 0.1220703125 -2.9296875 1225761
-1.03759765625 0.1220703125 -2.9296875 1225761
-2.8076171875 1.5869140625 -1.28173828125 1225839
-2.8076171875 1.5869140625 -1.28173828125 1225840
-2.8076171875 1.5869140625 -1.28173828125 1225949
-6.65283203125 -1.15966796875 -3.41796875 1225950
-6.65283203125 -1.15966796875 -3.41796875 1225951
-6.65283203125 -1.15966796875 -3.41796875 1225952
-6.65283203125 -1.15966796875 -3.41796875 1225953
-6.65283203125 -1.15966796875 -3.41796875 1226051
-0.06103515625 -5.18798828125 -3.662109375 1226052
-0.06103515625 -5.18798828125 -3.662109375 1226053
-0.06103515625 -5.18798828125 -3.662109375 1226053
-0.06103515625 -5.18798828125 -3.662109375 1226054
-0.06103515625 -5.18798828125 -3.662109375 1226155
2.25830078125 1.03759765625 1.0986328125 1226156
2.25830078125 1.03759765625 1.0986328125 1226156
2.25830078125 1.03759765625 1.0986328125 1226157
2.25830078125 1.03759765625 1.0986328125 1226158
2.25830078125 1.03759765625 1.0986328125 1226258
4.150390625 3.11279296875 1.220703125 1226259
4.150390625 3.11279296875 1.220703125 1226259
4.150390625 3.11279296875 1.220703125 1226260
4.150390625 3.11279296875 1.220703125 1226261
4.150390625 3.11279296875 1.220703125 1226360
1.03759765625 1.28173828125 -5.7373046875 1226361
1.03759765625 1.28173828125 -5.7373046875 1226361
1.03759765625 1.28173828125 -5.7373046875 1226362
1.03759765625 1.28173828125 -5.7373046875 1226363
0 -1.40380859375 -2.25830078125 1226440
0 -1.40380859375 -2.25830078125 1226550
-2.685546875 0.54931640625 -0.67138671875 1226551
-2.685546875 0.54931640625 -0.67138671875 1226551
-2.685546875 0.54931640625 -0.67138671875 1226552
-2.685546875 0.54931640625 -0.67138671875 1226553
-2.685546875 0.54931640625 -0.67138671875 1226653
-2.44140625 3.5400390625 -3.173828125 1226654
-2.44140625 3.5400390625 -3.173828125 1226654
-2.44140625 3.5400390625 -3.173828125 1226655
-2.44140625 3.5400390625 -3.173828125 1226656
1.03759765625 -0.91552734375 0 1226756
1.03759765625 -0.91552734375 0 1226757
1.03759765625 -0.91552734375 0 1226757
1.03759765625 -0.91552734375 0 1226758
1.03759765625 -0.91552734375 0 1226862
-1.52587890625 1.28173828125 -1.953125 1226863
-1.52587890625 1.28173828125 -1.953125 1226863
-1.52587890625 1.28173828125 -1.953125 1226864
-1.52587890625 1.28173828125 -1.953125 1226865
-1.52587890625 1.28173828125 -1.953125 1226968
-2.13623046875 2.99072265625 -2.50244140625 1226969
-2.13623046875 2.99072265625 -2.50244140625 1226970
-2.13623046875 2.99072265625 -2.50244140625 1226971
-2.13623046875 2.99072265625 -2.50244140625 1226972
3.5400390625 -2.01416015625 -1.0986328125 1227052
3.5400390625 -2.01416015625 -1.0986328125 1227154
-2.9296875 1.46484375 -2.99072265625 1227155
-2.9296875 1.46484375 -2.99072265625 1227156
-2.9296875 1.46484375 -2.99072265625 1227157
-2.9296875 1.46484375 -2.99072265625 1227158
-2.9296875 1.46484375 -2.99072265625 1227256
1.708984375 1.708984375 -0.6103515625 1227257
1.708984375 1.708984375 -0.6103515625 1227258
1.708984375 1.708984375 -0.6103515625 1227258
1.708984375 1.708984375 -0.6103515625 1227259
1.708984375 1.708984375 -0.6103515625 1227359
0 -1.3427734375 -5.55419921875 1227360
0 -1.3427734375 -5.55419921875 1227361
0 -1.3427734375 -5.55419921875 1227363
0 -1.3427734375 -5.55419921875 1227363
0 -1.3427734375 -5.55419921875 1227483
-1.8310546875 -1.3427734375 -2.74658203125 1227484
-1.8310546875 -1.3427734375 -2.74658203125 1227485
-1.8310546875 -1.3427734375 -2.74658203125 1227486
-1.8310546875 -1.3427734375 -2.74658203125 1227487
-6.2255859375 0.54931640625 -0.67138671875 1227550
-6.2255859375 0.54931640625 -0.67138671875 1227653
-3.35693359375 0 -7.8125 1227654
-3.35693359375 0 -7.8125 1227654
-3.35693359375 0 -7.8125 1227655
-3.35693359375 0 -7.8125 1227656
-3.35693359375 0 -7.8125 1227756
-1.46484375 -1.8310546875 -5.31005859375 1227757
-1.46484375 -1.8310546875 -5.31005859375 1227758
-1.46484375 -1.8310546875 -5.31005859375 1227758
-1.46484375 -1.8310546875 -5.31005859375 1227759
-1.46484375 -1.8310546875 -5.31005859375 1227858
-2.50244140625 -3.23486328125 -1.708984375 1227859
-2.50244140625 -3.23486328125 -1.708984375 1227859
-2.50244140625 -3.23486328125 -1.708984375 1227860
-2.50244140625 -3.23486328125 -1.708984375 1227861
-2.50244140625 -3.23486328125 -1.708984375 1227960
1.64794921875 7.14111328125 -4.94384765625 1227961
1.64794921875 7.14111328125 -4.94384765625 1227961
1.64794921875 7.14111328125 -4.94384765625 1227962
1.64794921875 7.14111328125 -4.94384765625 1227963
1.64794921875 7.14111328125 -4.94384765625 1228062
-8.056640625 -5.79833984375 -12.20703125 1228063
-8.056640625 -5.79833984375 -12.20703125 1228064
-8.056640625 -5.79833984375 -12.20703125 1228065
-8.056640625 -5.79833984375 -12.20703125 1228066
-6.28662109375 -6.89697265625 -12.14599609375 1228142
-6.28662109375 -6.89697265625 -12.14599609375 1228253
-1.953125 -4.33349609375 -7.01904296875 1228267
-1.953125 -4.33349609375 -7.01904296875 1228310
-1.953125 -4.33349609375 -7.01904296875 1228311
-1.953125 -4.33349609375 -7.01904296875 1228311
-1.953125 -4.33349609375 -7.01904296875 1228355
1.03759765625 1.28173828125 -14.5263671875 1228356
1.03759765625 1.28173828125 -14.5263671875 1228457
-5.43212890625 -4.57763671875 -21.3623046875 1228458
-5.43212890625 -4.57763671875 -21.3623046875 1228459
-5.43212890625 -4.57763671875 -21.3623046875 1228459
-5.43212890625 -4.57763671875 -21.3623046875 1228460
-5.43212890625 -4.57763671875 -21.3623046875 1228561
-2.5634765625 -0.3662109375 -15.380859375 1228562
-2.5634765625 -0.3662109375 -15.380859375 1228563
-2.5634765625 -0.3662109375 -15.380859375 1228581
-2.5634765625 -0.3662109375 -15.380859375 1228582
-2.5634765625 -0.3662109375 -15.380859375 1228663
16.54052734375 5.67626953125 -10.55908203125 1228664
16.54052734375 5.67626953125 -10.55908203125 1228665
16.54052734375 5.67626953125 -10.55908203125 1228666
21.97265625 16.845703125 -17.822265625 1228761
21.97265625 16.845703125 -17.822265625 1228763
21.97265625 16.845703125 -17.822265625 1228882
39.73388671875 36.68212890625 -25.32958984375 1228884
39.73388671875 36.68212890625 -25.32958984375 1228884
39.73388671875 36.68212890625 -25.32958984375 1228885
39.73388671875 36.68212890625 -25.32958984375 1228886
28.9306640625 63.78173828125 -17.15087890625 1228958
28.9306640625 63.78173828125 -17.15087890625 1229060
1.77001953125 24.96337890625 -2.5634765625 1229061
1.77001953125 24.96337890625 -2.5634765625 1229062
1.77001953125 24.96337890625 -2.5634765625 1229063
1.77001953125 24.96337890625 -2.5634765625 1229063
1.77001953125 24.96337890625 -2.5634765625 1229163
10.986328125 34.72900390625 -2.01416015625 1229164
10.986328125 34.72900390625 -2.01416015625 1229165
10.986328125 34.72900390625 -2.01416015625 1229166
10.986328125 34.72900390625 -2.01416015625 1229167
7.4462890625 25.81787109375 -2.62451171875 1229243
7.4462890625 25.81787109375 -2.62451171875 1229353
7.6904296875 37.109375 -7.87353515625 1229354
7.6904296875 37.109375 -7.87353515625 1229355
7.6904296875 37.109375 -7.87353515625 1229356
7.6904296875 37.109375 -7.87353515625 1229357
7.6904296875 37.109375 -7.87353515625 1229456
24.7802734375 66.40625 -17.4560546875 1229457
24.7802734375 66.40625 -17.4560546875 1229458
24.7802734375 66.40625 -17.4560546875 1229459
24.7802734375 66.40625 -17.4560546875 1229460
24.7802734375 66.40625 -17.4560546875 1229558
10.6201171875 68.78662109375 -22.705078125 1229559
10.6201171875 68.78662109375 -22.705078125 1229560
10.6201171875 68.78662109375 -22.705078125 1229561
10.6201171875 68.78662109375 -22.705078125 1229562
10.6201171875 68.78662109375 -22.705078125 1229662
-2.13623046875 31.92138671875 -12.20703125 1229663
-2.13623046875 31.92138671875 -12.20703125 1229664
-2.13623046875 31.92138671875 -12.20703125 1229665
-2.13623046875 31.92138671875 -12.20703125 1229666
-2.13623046875 31.92138671875 -12.20703125 1229764
-11.962890625 -4.638671875 3.41796875 1229765
-11.962890625 -4.638671875 3.41796875 1229765
-11.962890625 -4.638671875 3.41796875 1229766
-11.962890625 -4.638671875 3.41796875 1229767
4.150390625 -11.29150390625 7.568359375 1229844
4.150390625 -11.29150390625 7.568359375 1229954
-2.25830078125 -9.033203125 -7.50732421875 1229955
-2.25830078125 -9.033203125 -7.50732421875 1229956
-2.25830078125 -9.033203125 -7.50732421875 1229957
-2.25830078125 -9.033203125 -7.50732421875 1229957
-2.25830078125 -9.033203125 -7.50732421875 1230057
-16.90673828125 -38.9404296875 8.1787109375 1230058
-16.90673828125 -38.9404296875 8.1787109375 1230059
-16.90673828125 -38.9404296875 8.1787109375 1230060
-16.90673828125 -38.9404296875 8.1787109375 1230061
-16.90673828125 -38.9404296875 8.1787109375 1230159
0 -2.86865234375 0.48828125 1230160
0 -2.86865234375 0.48828125 1230161
0 -2.86865234375 0.48828125 1230161
0 -2.86865234375 0.48828125 1230162
0 -2.86865234375 0.48828125 1230268
-10.31494140625 -15.380859375 -4.39453125 1230269
-10.31494140625 -15.380859375 -4.39453125 1230270
-10.31494140625 -15.380859375 -4.39453125 1230271
-10.31494140625 -15.380859375 -4.39453125 1230272
-12.5732421875 -23.86474609375 4.21142578125 1230364
-12.5732421875 -23.86474609375 4.21142578125 1230442
-2.86865234375 -7.62939453125 4.638671875 1230443
-2.86865234375 -7.62939453125 4.638671875 1230443
-2.86865234375 -7.62939453125 4.638671875 1230444
-2.86865234375 -7.62939453125 4.638671875 1230445
-2.86865234375 -7.62939453125 4.638671875 1230553
-1.89208984375 -4.8828125 -2.0751953125 1230556
-1.89208984375 -4.8828125 -2.0751953125 1230558
-1.89208984375 -4.8828125 -2.0751953125 1230559
-1.89208984375 -4.8828125 -2.0751953125 1230559
-1.89208984375 -4.8828125 -2.0751953125 1230689
-5.06591796875 -6.16455078125 -4.8828125 1230690
-5.06591796875 -6.16455078125 -4.8828125 1230691
-5.06591796875 -6.16455078125 -4.8828125 1230692
-5.06591796875 -6.16455078125 -4.8828125 1230693
-4.39453125 1.15966796875 4.39453125 1230752
-4.39453125 1.15966796875 4.39453125 1230854
-12.02392578125 -10.1318359375 -2.685546875 1230855
-12.02392578125 -10.1318359375 -2.685546875 1230855
-12.02392578125 -10.1318359375 -2.685546875 1230856
-12.02392578125 -10.1318359375 -2.685546875 1230857
-12.02392578125 -10.1318359375 -2.685546875 1230956
-7.2021484375 -26.91650390625 2.0751953125 1230957
-7.2021484375 -26.91650390625 2.0751953125 1230957
-7.2021484375 -26.91650390625 2.0751953125 1230958
-7.2021484375 -26.91650390625 2.0751953125 1230959
-5.92041015625 -2.3193359375 -2.25830078125 1231059
-5.92041015625 -2.3193359375 -2.25830078125 1231075
-5.92041015625 -2.3193359375 -2.25830078125 1231076
-5.92041015625 -2.3193359375 -2.25830078125 1231077
-5.92041015625 -2.3193359375 -2.25830078125 1231163
-10.80322265625 -16.6015625 0.9765625 1231164
-10.80322265625 -16.6015625 0.9765625 1231164
-10.80322265625 -16.6015625 0.9765625 1231265
-1.40380859375 -7.32421875 0.8544921875 1231266
-1.40380859375 -7.32421875 0.8544921875 1231267
-1.40380859375 -7.32421875 0.8544921875 1231268
-1.40380859375 -7.32421875 0.8544921875 1231268
-10.07080078125 -8.97216796875 -0.54931640625 1231351
-10.07080078125 -8.97216796875 -0.54931640625 1231456
-1.15966796875 0.8544921875 -5.0048828125 1231457
-1.15966796875 0.8544921875 -5.0048828125 1231458
-1.15966796875 0.8544921875 -5.0048828125 1231458
-1.15966796875 0.8544921875 -5.0048828125 1231459
-1.15966796875 0.8544921875 -5.0048828125 1231559
-11.65771484375 -3.47900390625 1.0986328125 1231578
-11.65771484375 -3.47900390625 1.0986328125 1231579
-11.65771484375 -3.47900390625 1.0986328125 1231580
-11.65771484375 -3.47900390625 1.0986328125 1231581
-11.65771484375 -3.47900390625 1.0986328125 1231662
-2.13623046875 0.91552734375 6.28662109375 1231662
-2.13623046875 0.91552734375 6.28662109375 1231764
-1.5869140625 -5.615234375 9.6435546875 1231764
-1.5869140625 -5.615234375 9.6435546875 1231765
-1.5869140625 -5.615234375 9.6435546875 1231766
-1.5869140625 -5.615234375 9.6435546875 1231767
-1.5869140625 -5.615234375 9.6435546875 1231867
-13.12255859375 -3.84521484375 11.53564453125 1231867
-13.12255859375 -3.84521484375 11.53564453125 1231868
-13.12255859375 -3.84521484375 11.53564453125 1231869
-13.12255859375 -3.84521484375 11.53564453125 1231870
-13.12255859375 -3.84521484375 11.53564453125 1231996
-1.40380859375 -4.21142578125 12.0849609375 1231997
-1.40380859375 -4.21142578125 12.0849609375 1231999
-1.40380859375 -4.21142578125 12.0849609375 1232000
-1.40380859375 -4.21142578125 12.0849609375 1232001
0.79345703125 4.82177734375 8.97216796875 1232056
0.79345703125 4.82177734375 8.97216796875 1232158
3.7841796875 5.37109375 10.68115234375 1232159
3.7841796875 5.37109375 10.68115234375 1232159
3.7841796875 5.37109375 10.68115234375 1232160
3.7841796875 5.37109375 10.68115234375 1232161
3.7841796875 5.37109375 10.68115234375 1232262
3.11279296875 5.2490234375 8.056640625 1232263
3.11279296875 5.2490234375 8.056640625 1232264
3.11279296875 5.2490234375 8.056640625 1232265
3.11279296875 5.2490234375 8.056640625 1232266
3.11279296875 5.2490234375 8.056640625 1232364
1.46484375 3.23486328125 1.953125 1232365
1.46484375 3.23486328125 1.953125 1232366
1.46484375 3.23486328125 1.953125 1232367
1.46484375 3.23486328125 1.953125 1232368
1.46484375 3.23486328125 1.953125 1232466
12.75634765625 6.103515625 7.26318359375 1232467
12.75634765625 6.103515625 7.26318359375 1232467
12.75634765625 6.103515625 7.26318359375 1232468
12.75634765625 6.103515625 7.26318359375 1232469
5.92041015625 -0.18310546875 4.33349609375 1232545
5.92041015625 -0.18310546875 4.33349609375 1232657
0.67138671875 9.521484375 -3.72314453125 1232658
0.67138671875 9.521484375 -3.72314453125 1232658
0.67138671875 9.521484375 -3.72314453125 1232659
0.67138671875 9.521484375 -3.72314453125 1232660
0.67138671875 9.521484375 -3.72314453125 1232761
3.0517578125 -4.39453125 -1.708984375 1232762
3.0517578125 -4.39453125 -1.708984375 1232762
3.0517578125 -4.39453125 -1.708984375 1232763
3.0517578125 -4.39453125 -1.708984375 1232764
3.0517578125 -4.39453125 -1.708984375 1232864
10.8642578125 -1.5869140625 3.23486328125 1232865
10.8642578125 -1.5869140625 3.23486328125 1232865
10.8642578125 -1.5869140625 3.23486328125 1232866
10.8642578125 -1.5869140625 3.23486328125 1232867
10.8642578125 -1.5869140625 3.23486328125 1232966
2.0751953125 -12.0849609375 0.48828125 1232966
2.0751953125 -12.0849609375 0.48828125 1232967
2.0751953125 -12.0849609375 0.48828125 1232968
2.0751953125 -12.0849609375 0.48828125 1232968
-3.7841796875 -13.3056640625 -0.42724609375 1233044
-3.7841796875 -13.3056640625 -0.42724609375 1233156
-8.9111328125 -18.24951171875 0.6103515625 1233157
-8.9111328125 -18.24951171875 0.6103515625 1233158
-8.9111328125 -18.24951171875 0.6103515625 1233159
-8.9111328125 -18.24951171875 0.6103515625 1233159
-8.9111328125 -18.24951171875 0.6103515625 1233258
7.62939453125 0.3662109375 1.64794921875 1233259
7.62939453125 0.3662109375 1.64794921875 1233260
7.62939453125 0.3662109375 1.64794921875 1233261
7.62939453125 0.3662109375 1.64794921875 1233262
7.62939453125 0.3662109375 1.64794921875 1233360
-1.52587890625 -10.009765625 1.03759765625 1233360
-1.52587890625 -10.009765625 1.03759765625 1233361
-1.52587890625 -10.009765625 1.03759765625 1233362
-1.52587890625 -10.009765625 1.03759765625 1233362
3.72314453125 -1.220703125 10.68115234375 1233446
3.72314453125 -1.220703125 10.68115234375 1233557
-4.08935546875 -7.080078125 -0.18310546875 1233558
-4.08935546875 -7.080078125 -0.18310546875 1233558
-4.08935546875 -7.080078125 -0.18310546875 1233559
-4.08935546875 -7.080078125 -0.18310546875 1233560
-4.08935546875 -7.080078125 -0.18310546875 1233659
-10.31494140625 -14.83154296875 6.16455078125 1233660
-10.31494140625 -14.83154296875 6.16455078125 1233661
-10.31494140625 -14.83154296875 6.16455078125 1233662
-10.31494140625 -14.83154296875 6.16455078125 1233662
-5.4931640625 -11.962890625 1.46484375 1233761
-5.4931640625 -11.962890625 1.46484375 1233761
-5.4931640625 -11.962890625 1.46484375 1233762
-5.4931640625 -11.962890625 1.46484375 1233763
-5.4931640625 -11.962890625 1.46484375 1233869
-13.671875 -13.427734375 4.8828125 1233870
-13.671875 -13.427734375 4.8828125 1233871
-13.671875 -13.427734375 4.8828125 1233872
-13.671875 -13.427734375 4.8828125 1233872
-7.50732421875 -9.521484375 5.9814453125 1233951
-7.50732421875 -9.521484375 5.9814453125 1234054
-0.18310546875 -0.67138671875 3.90625 1234054
-0.18310546875 -0.67138671875 3.90625 1234055
-0.18310546875 -0.67138671875 3.90625 1234056
-0.18310546875 -0.67138671875 3.90625 1234057
-0.18310546875 -0.67138671875 3.90625 1234156
3.5400390625 2.01416015625 -1.5869140625 1234157
3.5400390625 2.01416015625 -1.5869140625 1234158
3.5400390625 2.01416015625 -1.5869140625 1234159
3.5400390625 2.01416015625 -1.5869140625 1234160
3.5400390625 2.01416015625 -1.5869140625 1234259
-7.75146484375 -14.58740234375 1.0986328125 1234260
-7.75146484375 -14.58740234375 1.0986328125 1234261
-7.75146484375 -14.58740234375 1.0986328125 1234261
-7.75146484375 -14.58740234375 1.0986328125 1234262
-7.75146484375 -14.58740234375 1.0986328125 1234362
-5.37109375 -12.14599609375 1.15966796875 1234363
-5.37109375 -12.14599609375 1.15966796875 1234364
-5.37109375 -12.14599609375 1.15966796875 1234365
-5.37109375 -12.14599609375 1.15966796875 1234366
-5.37109375 -12.14599609375 1.15966796875 1234468
-3.90625 -18.61572265625 7.32421875 1234469
-3.90625 -18.61572265625 7.32421875 1234469
-3.90625 -18.61572265625 7.32421875 1234470
-3.90625 -18.61572265625 7.32421875 1234473
-3.23486328125 1.0986328125 -10.19287109375 1234550
-3.23486328125 1.0986328125 -10.19287109375 1234659
-4.39453125 7.4462890625 0.6103515625 1234660
-4.39453125 7.4462890625 0.6103515625 1234661
-4.39453125 7.4462890625 0.6103515625 1234662
-4.39453125 7.4462890625 0.6103515625 1234663
-4.39453125 7.4462890625 0.6103515625 1234770
-4.0283203125 -5.4931640625 -8.7890625 1234771
-4.0283203125 -5.4931640625 -8.7890625 1234772
-4.0283203125 -5.4931640625 -8.7890625 1234773
-4.0283203125 -5.4931640625 -8.7890625 1234774
-4.0283203125 -5.4931640625 -8.7890625 1234905
-1.15966796875 0.06103515625 -3.2958984375 1234906
-1.15966796875 0.06103515625 -3.2958984375 1234928
-1.15966796875 0.06103515625 -3.2958984375 1234929
-1.15966796875 0.06103515625 -3.2958984375 1234930
-1.15966796875 0.06103515625 -3.2958984375 1235027
0.8544921875 2.13623046875 -9.58251953125 1235028
0.8544921875 2.13623046875 -9.58251953125 1235028
9.765625 22.88818359375 -3.11279296875 1235069
9.765625 22.88818359375 -3.11279296875 1235070
9.765625 22.88818359375 -3.11279296875 1235071
9.765625 22.88818359375 -3.11279296875 1235146
2.0751953125 8.7890625 -5.126953125 1235147
2.0751953125 8.7890625 -5.126953125 1235147
2.0751953125 8.7890625 -5.126953125 1235256
-0.30517578125 -1.5869140625 -1.52587890625 1235257
-0.30517578125 -1.5869140625 -1.52587890625 1235257
-0.30517578125 -1.5869140625 -1.52587890625 1235258
-0.30517578125 -1.5869140625 -1.52587890625 1235259
-0.30517578125 -1.5869140625 -1.52587890625 1235359
4.8828125 10.3759765625 -1.52587890625 1235360
4.8828125 10.3759765625 -1.52587890625 1235380
4.8828125 10.3759765625 -1.52587890625 1235381
4.8828125 10.3759765625 -1.52587890625 1235381
4.8828125 10.3759765625 -1.52587890625 1235461
5.79833984375 14.6484375 -8.48388671875 1235462
5.79833984375 14.6484375 -8.48388671875 1235463
5.79833984375 14.6484375 -8.48388671875 1235564
-0.79345703125 7.99560546875 -1.5869140625 1235565
-0.79345703125 7.99560546875 -1.5869140625 1235565
-0.79345703125 7.99560546875 -1.5869140625 1235566
-0.79345703125 7.99560546875 -1.5869140625 1235567
-0.79345703125 7.99560546875 -1.5869140625 1235666
0.9765625 0 -11.71875 1235667
0.9765625 0 -11.71875 1235667
0.9765625 0 -11.71875 1235668
0.9765625 0 -11.71875 1235669
0.9765625 0 -11.71875 1235784
-4.7607421875 3.662109375 -2.9296875 1235785
-4.7607421875 3.662109375 -2.9296875 1235786
-4.7607421875 3.662109375 -2.9296875 1235787
-4.7607421875 3.662109375 -2.9296875 1235788
-4.57763671875 3.11279296875 -1.220703125 1235863
-4.57763671875 3.11279296875 -1.220703125 1235958
3.23486328125 15.0146484375 -8.85009765625 1235959
3.23486328125 15.0146484375 -8.85009765625 1235960
3.23486328125 15.0146484375 -8.85009765625 1235961
3.23486328125 15.0146484375 -8.85009765625 1235961
3.23486328125 15.0146484375 -8.85009765625 1236060
-0.3662109375 -0.48828125 -2.0751953125 1236060
-0.3662109375 -0.48828125 -2.0751953125 1236061
-0.3662109375 -0.48828125 -2.0751953125 1236062
-0.3662109375 -0.48828125 -2.0751953125 1236063
-0.3662109375 -0.48828125 -2.0751953125 1236163
0.48828125 4.39453125 -2.25830078125 1236164
0.48828125 4.39453125 -2.25830078125 1236164
0.48828125 4.39453125 -2.25830078125 1236165
0.48828125 4.39453125 -2.25830078125 1236166
0.48828125 4.39453125 -2.25830078125 1236265
0.18310546875 -2.44140625 -2.86865234375 1236266
0.18310546875 -2.44140625 -2.86865234375 1236267
0.18310546875 -2.44140625 -2.86865234375 1236268
0.18310546875 -2.44140625 -2.86865234375 1236269
0.18310546875 -2.44140625 -2.86865234375 1236368
1.708984375 -4.45556640625 -9.70458984375 1236369
1.708984375 -4.45556640625 -9.70458984375 1236370
1.708984375 -4.45556640625 -9.70458984375 1236371
1.708984375 -4.45556640625 -9.70458984375 1236372
-4.82177734375 -5.55419921875 -0.06103515625 1236446
-4.82177734375 -5.55419921875 -0.06103515625 1236558
-1.0986328125 -1.220703125 0.732421875 1236559
-1.0986328125 -1.220703125 0.732421875 1236560
-1.0986328125 -1.220703125 0.732421875 1236560
-1.0986328125 -1.220703125 0.732421875 1236561
-1.0986328125 -1.220703125 0.732421875 1236660
1.0986328125 -3.5400390625 3.41796875 1236661
1.0986328125 -3.5400390625 3.41796875 1236661
1.0986328125 -3.5400390625 3.41796875 1236662
1.0986328125 -3.5400390625 3.41796875 1236663
1.0986328125 -3.5400390625 3.41796875 1236762
2.44140625 -3.35693359375 -3.7841796875 1236763
2.44140625 -3.35693359375 -3.7841796875 1236764
2.44140625 -3.35693359375 -3.7841796875 1236764
2.44140625 -3.35693359375 -3.7841796875 1236766
2.44140625 -3.35693359375 -3.7841796875 1236867
-3.5400390625 -9.09423828125 0.91552734375 1236868
-3.5400390625 -9.09423828125 0.91552734375 1236868
-3.5400390625 -9.09423828125 0.91552734375 1236869
-3.5400390625 -9.09423828125 0.91552734375 1236870
-3.5400390625 -9.09423828125 0.91552734375 1236969
-2.13623046875 -9.82666015625 -4.5166015625 1236970
-2.13623046875 -9.82666015625 -4.5166015625 1236971
-2.13623046875 -9.82666015625 -4.5166015625 1236972
-2.13623046875 -9.82666015625 -4.5166015625 1236973
1.15966796875 0.6103515625 4.150390625 1237061
1.15966796875 0.6103515625 4.150390625 1237150
-5.859375 -5.0048828125 -4.21142578125 1237151
-5.859375 -5.0048828125 -4.21142578125 1237152
-5.859375 -5.0048828125 -4.21142578125 1237153
-5.859375 -5.0048828125 -4.21142578125 1237154
-5.859375 -5.0048828125 -4.21142578125 1237258
-6.40869140625 -2.25830078125 -0.48828125 1237259
-6.40869140625 -2.25830078125 -0.48828125 1237259
-6.40869140625 -2.25830078125 -0.48828125 1237260
-6.40869140625 -2.25830078125 -0.48828125 1237261
-6.40869140625 -2.25830078125 -0.48828125 1237360
-7.8125 1.46484375 -0.6103515625 1237361
-7.8125 1.46484375 -0.6103515625 1237362
-7.8125 1.46484375 -0.6103515625 1237363
-7.8125 1.46484375 -0.6103515625 1237364
-5.43212890625 -7.6904296875 4.2724609375 1237459
-5.43212890625 -7.6904296875 4.2724609375 1237561
-8.544921875 1.40380859375 3.11279296875 1237562
-8.544921875 1.40380859375 3.11279296875 1237563
-8.544921875 1.40380859375 3.11279296875 1237564
-8.544921875 1.40380859375 3.11279296875 1237565
-8.544921875 1.40380859375 3.11279296875 1237664
-7.14111328125 -4.8828125 -4.2724609375 1237665
-7.14111328125 -4.8828125 -4.2724609375 1237665
-7.14111328125 -4.8828125 -4.2724609375 1237666
-7.14111328125 -4.8828125 -4.2724609375 1237667
-7.14111328125 -4.8828125 -4.2724609375 1237768
-8.97216796875 -4.638671875 3.96728515625 1237769
-8.97216796875 -4.638671875 3.96728515625 1237770
-8.97216796875 -4.638671875 3.96728515625 1237771
-8.97216796875 -4.638671875 3.96728515625 1237772
-8.97216796875 -4.638671875 3.96728515625 1237870
-6.103515625 0.18310546875 -1.40380859375 1237871
-6.103515625 0.18310546875 -1.40380859375 1237871
-6.103515625 0.18310546875 -1.40380859375 1237872
-6.103515625 0.18310546875 -1.40380859375 1237873
-14.22119140625 -16.66259765625 1.3427734375 1237953
-14.22119140625 -16.66259765625 1.3427734375 1238060
-12.02392578125 0 6.89697265625 1238061
-12.02392578125 0 6.89697265625 1238061
-12.02392578125 0 6.89697265625 1238062
-12.02392578125 0 6.89697265625 1238063
-12.02392578125 0 6.89697265625 1238162
-4.33349609375 1.708984375 -0.6103515625 1238163
-4.33349609375 1.708984375 -0.6103515625 1238163
-4.33349609375 1.708984375 -0.6103515625 1238164
-4.33349609375 1.708984375 -0.6103515625 1238165
-6.89697265625 -3.35693359375 -4.638671875 1238265
-6.89697265625 -3.35693359375 -4.638671875 1238266
-6.89697265625 -3.35693359375 -4.638671875 1238267
-6.89697265625 -3.35693359375 -4.638671875 1238268
-6.89697265625 -3.35693359375 -4.638671875 1238369
-6.77490234375 -2.25830078125 0.6103515625 1238370
-6.77490234375 -2.25830078125 0.6103515625 1238370
-6.77490234375 -2.25830078125 0.6103515625 1238371
-6.77490234375 -2.25830078125 0.6103515625 1238372
-6.65283203125 0.1220703125 -3.90625 1238448
-6.65283203125 0.1220703125 -3.90625 1238559
-0.30517578125 5.43212890625 -2.13623046875 1238560
-0.30517578125 5.43212890625 -2.13623046875 1238560
-0.30517578125 5.43212890625 -2.13623046875 1238561
-0.30517578125 5.43212890625 -2.13623046875 1238562
-0.30517578125 5.43212890625 -2.13623046875 1238661
-4.33349609375 -7.99560546875 -2.86865234375 1238662
-4.33349609375 -7.99560546875 -2.86865234375 1238663
-4.33349609375 -7.99560546875 -2.86865234375 1238664
-4.33349609375 -7.99560546875 -2.86865234375 1238665
-4.33349609375 -7.99560546875 -2.86865234375 1238764
-4.82177734375 -2.50244140625 -4.0283203125 1238765
-4.82177734375 -2.50244140625 -4.0283203125 1238765
-4.82177734375 -2.50244140625 -4.0283203125 1238766
-4.82177734375 -2.50244140625 -4.0283203125 1238767
-4.82177734375 -2.50244140625 -4.0283203125 1238866
-3.35693359375 -0.8544921875 -1.89208984375 1238867
-3.35693359375 -0.8544921875 -1.89208984375 1238867
-3.35693359375 -0.8544921875 -1.89208984375 1238868
-3.35693359375 -0.8544921875 -1.89208984375 1238868
-3.35693359375 -0.8544921875 -1.89208984375 1238989
-4.150390625 1.52587890625 -3.47900390625 1238991
-4.150390625 1.52587890625 -3.47900390625 1238993
-4.150390625 1.52587890625 -3.47900390625 1238995
-4.150390625 1.52587890625 -3.47900390625 1238997
1.40380859375 0.06103515625 -3.173828125 1239070
1.40380859375 0.06103515625 -3.173828125 1239170
5.31005859375 3.11279296875 -2.62451171875 1239171
5.31005859375 3.11279296875 -2.62451171875 1239171
5.31005859375 3.11279296875 -2.62451171875 1239172
5.31005859375 3.11279296875 -2.62451171875 1239173
-2.13623046875 2.50244140625 -3.5400390625 1239264
-2.13623046875 2.50244140625 -3.5400390625 1239366
0.8544921875 1.28173828125 0.3662109375 1239367
0.8544921875 1.28173828125 0.3662109375 1239368
0.8544921875 1.28173828125 0.3662109375 1239369
0.8544921875 1.28173828125 0.3662109375 1239370
0.8544921875 1.28173828125 0.3662109375 1239468
-3.84521484375 1.0986328125 -2.8076171875 1239508
-3.84521484375 1.0986328125 -2.8076171875 1239509
-3.84521484375 1.0986328125 -2.8076171875 1239510
-3.84521484375 1.0986328125 -2.8076171875 1239511
-3.84521484375 1.0986328125 -2.8076171875 1239572
-4.45556640625 3.47900390625 -7.080078125 1239573
3.41796875 -0.18310546875 0.06103515625 1239649
3.41796875 -0.18310546875 0.06103515625 1239650
3.41796875 -0.18310546875 0.06103515625 1239650
3.41796875 -0.18310546875 0.06103515625 1239651
3.41796875 -0.18310546875 0.06103515625 1239761
3.5400390625 2.38037109375 -2.9296875 1239762
3.5400390625 2.38037109375 -2.9296875 1239763
3.5400390625 2.38037109375 -2.9296875 1239763
3.5400390625 2.38037109375 -2.9296875 1239764
3.5400390625 2.38037109375 -2.9296875 1239863
-1.03759765625 4.0283203125 0.48828125 1239864
-1.03759765625 4.0283203125 0.48828125 1239865
-1.03759765625 4.0283203125 0.48828125 1239865
-1.03759765625 4.0283203125 0.48828125 1239866
-2.13623046875 0.91552734375 -0.79345703125 1239967
-2.13623046875 0.91552734375 -0.79345703125 1239968
-2.13623046875 0.91552734375 -0.79345703125 1239970
-2.13623046875 0.91552734375 -0.79345703125 1239971
-2.13623046875 0.91552734375 -0.79345703125 1240070
2.74658203125 0 -4.45556640625 1240071
2.74658203125 0 -4.45556640625 1240072
2.74658203125 0 -4.45556640625 1240073
2.74658203125 0 -4.45556640625 1240074
2.74658203125 0 -4.45556640625 1240172
-2.01416015625 1.77001953125 -0.8544921875 1240173
-2.01416015625 1.77001953125 -0.8544921875 1240174
-2.01416015625 1.77001953125 -0.8544921875 1240175
-2.01416015625 1.77001953125 -0.8544921875 1240176
-2.01416015625 1.77001953125 -0.8544921875 1240283
-0.8544921875 0.18310546875 -0.91552734375 1240284
-0.8544921875 0.18310546875 -0.91552734375 1240285
-0.8544921875 0.18310546875 -0.91552734375 1240285
-0.8544921875 0.18310546875 -0.91552734375 1240286
-0.1220703125 1.0986328125 -1.52587890625 1240354
-0.1220703125 1.0986328125 -1.52587890625 1240461
-1.64794921875 3.11279296875 -3.7841796875 1240462
-1.64794921875 3.11279296875 -3.7841796875 1240462
-1.64794921875 3.11279296875 -3.7841796875 1240463
-1.64794921875 3.11279296875 -3.7841796875 1240464
-1.64794921875 3.11279296875 -3.7841796875 1240564
2.44140625 2.25830078125 -2.13623046875 1240565
2.44140625 2.25830078125 -2.13623046875 1240566
2.44140625 2.25830078125 -2.13623046875 1240567
2.44140625 2.25830078125 -2.13623046875 1240568
2.44140625 2.25830078125 -2.13623046875 1240691
-1.220703125 2.01416015625 -1.64794921875 1240692
-1.220703125 2.01416015625 -1.64794921875 1240693
-1.220703125 2.01416015625 -1.64794921875 1240694
-1.220703125 2.01416015625 -1.64794921875 1240695
-0.79345703125 -0.1220703125 0.67138671875 1240769
-0.79345703125 -0.1220703125 0.67138671875 1240871
-3.47900390625 -0.18310546875 -3.96728515625 1240872
-3.47900390625 -0.18310546875 -3.96728515625 1240872
-3.47900390625 -0.18310546875 -3.96728515625 1240873
-3.47900390625 -0.18310546875 -3.96728515625 1240874
-4.33349609375 -1.953125 -4.33349609375 1240951
-4.33349609375 -1.953125 -4.33349609375 1241063
2.25830078125 2.0751953125 -0.91552734375 1241064
2.25830078125 2.0751953125 -0.91552734375 1241064
2.25830078125 2.0751953125 -0.91552734375 1241065
2.25830078125 2.0751953125 -0.91552734375 1241066
2.25830078125 2.0751953125 -0.91552734375 1241166
-2.5634765625 -0.79345703125 -4.21142578125 1241167
-2.5634765625 -0.79345703125 -4.21142578125 1241168
-2.5634765625 -0.79345703125 -4.21142578125 1241168
-2.5634765625 -0.79345703125 -4.21142578125 1241169
-2.5634765625 -0.79345703125 -4.21142578125 1241269
1.77001953125 3.2958984375 -3.41796875 1241270
1.77001953125 3.2958984375 -3.41796875 1241270
1.77001953125 3.2958984375 -3.41796875 1241271
1.77001953125 3.2958984375 -3.41796875 1241272
1.77001953125 3.2958984375 -3.41796875 1241371
1.220703125 3.11279296875 -1.3427734375 1241371
1.220703125 3.11279296875 -1.3427734375 1241372
1.220703125 3.11279296875 -1.3427734375 1241373
1.220703125 3.11279296875 -1.3427734375 1241374
-5.06591796875 -1.40380859375 0.3662109375 1241450
-5.06591796875 -1.40380859375 0.3662109375 1241562
-3.173828125 0.79345703125 0.6103515625 1241563
-3.173828125 0.79345703125 0.6103515625 1241563
-3.173828125 0.79345703125 0.6103515625 1241564
-3.173828125 0.79345703125 0.6103515625 1241565
-3.173828125 0.79345703125 0.6103515625 1241664
0.18310546875 0.67138671875 -5.859375 1241665
0.18310546875 0.67138671875 -5.859375 1241666
0.18310546875 0.67138671875 -5.859375 1241667
0.18310546875 0.67138671875 -5.859375 1241667
0.18310546875 0.67138671875 -5.859375 1241766
2.86865234375 2.0751953125 -1.77001953125 1241767
2.86865234375 2.0751953125 -1.77001953125 1241767
2.86865234375 2.0751953125 -1.77001953125 1241768
2.86865234375 2.0751953125 -1.77001953125 1241769
2.86865234375 2.0751953125 -1.77001953125 1241869
-0.54931640625 1.64794921875 -2.44140625 1241870
-0.54931640625 1.64794921875 -2.44140625 1241870
-0.54931640625 1.64794921875 -2.44140625 1241871
-0.54931640625 1.64794921875 -2.44140625 1241872
-0.54931640625 1.64794921875 -2.44140625 1241971
-5.859375 -0.30517578125 -0.1220703125 1241972
-5.859375 -0.30517578125 -0.1220703125 1241972
-5.859375 -0.30517578125 -0.1220703125 1241973
-5.859375 -0.30517578125 -0.1220703125 1241974
-5.859375 -0.30517578125 -0.1220703125 1242074
1.77001953125 0.1220703125 -0.91552734375 1242075
1.77001953125 0.1220703125 -0.91552734375 1242075
1.77001953125 0.1220703125 -0.91552734375 1242076
1.77001953125 0.1220703125 -0.91552734375 1242077
1.28173828125 2.74658203125 -1.64794921875 1242155
1.28173828125 2.74658203125 -1.64794921875 1242267
1.64794921875 1.52587890625 -1.708984375 1242268
1.64794921875 1.52587890625 -1.708984375 1242269
1.64794921875 1.52587890625 -1.708984375 1242293
1.64794921875 1.52587890625 -1.708984375 1242294
1.64794921875 1.52587890625 -1.708984375 1242369
0.732421875 -0.67138671875 -4.7607421875 1242370
0.732421875 -0.67138671875 -4.7607421875 1242370
0.732421875 -0.67138671875 -4.7607421875 1242371
0.732421875 -0.67138671875 -4.7607421875 1242471
-2.13623046875 1.03759765625 -0.91552734375 1242472
-2.13623046875 1.03759765625 -0.91552734375 1242473
-2.13623046875 1.03759765625 -0.91552734375 1242474
-2.13623046875 1.03759765625 -0.91552734375 1242474
-2.13623046875 1.03759765625 -0.91552734375 1242574
-0.732421875 0.54931640625 -2.13623046875 1242575
-0.732421875 0.54931640625 -2.13623046875 1242576
-0.732421875 0.54931640625 -2.13623046875 1242577
-0.732421875 0.54931640625 -2.13623046875 1242577
-2.25830078125 -0.244140625 -4.08935546875 1242652
-2.25830078125 -0.244140625 -4.08935546875 1242762
-2.25830078125 -1.77001953125 -2.8076171875 1242763
-2.25830078125 -1.77001953125 -2.8076171875 1242764
-2.25830078125 -1.77001953125 -2.8076171875 1242765
-2.25830078125 -1.77001953125 -2.8076171875 1242766
-2.25830078125 -1.77001953125 -2.8076171875 1242865
-5.92041015625 0 -3.5400390625 1242866
-5.92041015625 0 -3.5400390625 1242867
-5.92041015625 0 -3.5400390625 1242867
-5.92041015625 0 -3.5400390625 1242868
-5.92041015625 0 -3.5400390625 1242968
0.30517578125 0.91552734375 -2.13623046875 1242969
0.30517578125 0.91552734375 -2.13623046875 1242970
0.30517578125 0.91552734375 -2.13623046875 1242971
0.30517578125 0.91552734375 -2.13623046875 1242972
0.30517578125 0.91552734375 -2.13623046875 1243070
3.47900390625 1.3427734375 -2.74658203125 1243071
3.47900390625 1.3427734375 -2.74658203125 1243072
3.47900390625 1.3427734375 -2.74658203125 1243072
3.47900390625 1.3427734375 -2.74658203125 1243073
3.47900390625 1.3427734375 -2.74658203125 1243172
-0.1220703125 1.8310546875 -1.40380859375 1243173
-0.1220703125 1.8310546875 -1.40380859375 1243174
-0.1220703125 1.8310546875 -1.40380859375 1243175
-0.1220703125 1.8310546875 -1.40380859375 1243177
1.8310546875 1.89208984375 -2.0751953125 1243259
1.8310546875 1.89208984375 -2.0751953125 1243363
-0.732421875 -1.40380859375 -4.39453125 1243364
-0.732421875 -1.40380859375 -4.39453125 1243364
-0.732421875 -1.40380859375 -4.39453125 1243366
-0.732421875 -1.40380859375 -4.39453125 1243367
-0.732421875 -1.40380859375 -4.39453125 1243493
-5.92041015625 -0.244140625 -0.06103515625 1243494
-5.92041015625 -0.244140625 -0.06103515625 1243495
-5.92041015625 -0.244140625 -0.06103515625 1243495
-5.92041015625 -0.244140625 -0.06103515625 1243496
-0.244140625 0.18310546875 -3.41796875 1243559
-0.244140625 0.18310546875 -3.41796875 1243664
-3.5400390625 0.18310546875 -0.79345703125 1243665
-3.5400390625 0.18310546875 -0.79345703125 1243666
-3.5400390625 0.18310546875 -0.79345703125 1243666
-3.5400390625 0.18310546875 -0.79345703125 1243667
-3.5400390625 0.18310546875 -0.79345703125 1243768
-0.91552734375 1.3427734375 2.197265625 1243769
-0.91552734375 1.3427734375 2.197265625 1243770
-0.91552734375 1.3427734375 2.197265625 1243771
-0.91552734375 1.3427734375 2.197265625 1243772
-0.91552734375 1.3427734375 2.197265625 1243870
0.8544921875 2.197265625 -1.28173828125 1243871
0.8544921875 2.197265625 -1.28173828125 1243871
0.8544921875 2.197265625 -1.28173828125 1243872
0.8544921875 2.197265625 -1.28173828125 1243873
0.8544921875 2.197265625 -1.28173828125 1243972
0 0.06103515625 -1.46484375 1243973
0 0.06103515625 -1.46484375 1243974
0 0.06103515625 -1.46484375 1243975
0 0.06103515625 -1.46484375 1243992
0 0.06103515625 -1.46484375 1244075
2.3193359375 2.5634765625 -2.38037109375 1244076
2.3193359375 2.5634765625 -2.38037109375 1244077
2.3193359375 2.5634765625 -2.38037109375 1244078
2.3193359375 2.5634765625 -2.38037109375 1244078
2.3193359375 2.5634765625 -2.38037109375 1244176
-1.46484375 0.54931640625 -0.79345703125 1244178
-1.46484375 0.54931640625 -0.79345703125 1244178
-1.46484375 0.54931640625 -0.79345703125 1244179
-1.46484375 0.54931640625 -0.79345703125 1244180
-3.173828125 -1.40380859375 -3.662109375 1244266
-3.173828125 -1.40380859375 -3.662109375 1244369
-4.94384765625 -0.8544921875 -3.35693359375 1244370
-4.94384765625 -0.8544921875 -3.35693359375 1244371
-4.94384765625 -0.8544921875 -3.35693359375 1244371
-4.94384765625 -0.8544921875 -3.35693359375 1244372
-4.94384765625 -0.8544921875 -3.35693359375 1244472
0.79345703125 1.46484375 -0.8544921875 1244473
0.79345703125 1.46484375 -0.8544921875 1244476
0.79345703125 1.46484375 -0.8544921875 1244477
0.79345703125 1.46484375 -0.8544921875 1244478
0.79345703125 1.46484375 -0.8544921875 1244574
9.94873046875 4.33349609375 -0.6103515625 1244575
9.94873046875 4.33349609375 -0.6103515625 1244576
9.94873046875 4.33349609375 -0.6103515625 1244577
9.94873046875 4.33349609375 -0.6103515625 1244578
-3.2958984375 2.38037109375 -5.7373046875 1244652
-3.2958984375 2.38037109375 -5.7373046875 1244763
-0.3662109375 1.15966796875 -0.6103515625 1244764
-0.3662109375 1.15966796875 -0.6103515625 1244764
-0.3662109375 1.15966796875 -0.6103515625 1244765
-0.3662109375 1.15966796875 -0.6103515625 1244765
-0.3662109375 1.15966796875 -0.6103515625 1244866
-3.47900390625 -2.44140625 -3.173828125 1244867
-3.47900390625 -2.44140625 -3.173828125 1244867
-3.47900390625 -2.44140625 -3.173828125 1244868
-3.47900390625 -2.44140625 -3.173828125 1244869
-3.47900390625 -2.44140625 -3.173828125 1244968
-2.8076171875 -1.3427734375 -2.62451171875 1244969
-2.8076171875 -1.3427734375 -2.62451171875 1244970
-2.8076171875 -1.3427734375 -2.62451171875 1244970
-2.8076171875 -1.3427734375 -2.62451171875 1244971
-2.8076171875 -1.3427734375 -2.62451171875 1245071
1.220703125 2.3193359375 -4.5166015625 1245072
1.220703125 2.3193359375 -4.5166015625 1245072
1.220703125 2.3193359375 -4.5166015625 1245073
1.220703125 2.3193359375 -4.5166015625 1245074
-5.18798828125 0.1220703125 -6.28662109375 1245153
-5.18798828125 0.1220703125 -6.28662109375 1245265
0.54931640625 3.5400390625 1.89208984375 1245266
0.54931640625 3.5400390625 1.89208984375 1245266
0.54931640625 3.5400390625 1.89208984375 1245267
0.54931640625 3.5400390625 1.89208984375 1245268
0.54931640625 3.5400390625 1.89208984375 1245382
-2.5634765625 -1.64794921875 -0.06103515625 1245383
-2.5634765625 -1.64794921875 -0.06103515625 1245383
-2.5634765625 -1.64794921875 -0.06103515625 1245384
-2.5634765625 -1.64794921875 -0.06103515625 1245385
0.244140625 1.64794921875 -2.50244140625 1245471
0.244140625 1.64794921875 -2.50244140625 1245574
4.0283203125 4.2724609375 -1.77001953125 1245575
4.0283203125 4.2724609375 -1.77001953125 1245575
4.0283203125 4.2724609375 -1.77001953125 1245576
4.0283203125 4.2724609375 -1.77001953125 1245577
4.0283203125 4.2724609375 -1.77001953125 1245677
-2.197265625 -0.732421875 -5.55419921875 1245678
-2.197265625 -0.732421875 -5.55419921875 1245678
-2.197265625 -0.732421875 -5.55419921875 1245679
-2.197265625 -0.732421875 -5.55419921875 1245680
-0.9765625 1.3427734375 1.15966796875 1245754
-0.9765625 1.3427734375 1.15966796875 1245867
-0.18310546875 0.1220703125 -3.7841796875 1245868
-0.18310546875 0.1220703125 -3.7841796875 1245868
-0.18310546875 0.1220703125 -3.7841796875 1245869
-0.18310546875 0.1220703125 -3.7841796875 1245870
-0.18310546875 0.1220703125 -3.7841796875 1245969
2.9296875 2.01416015625 -0.06103515625 1245970
2.9296875 2.01416015625 -0.06103515625 1245971
2.9296875 2.01416015625 -0.06103515625 1245971
2.9296875 2.01416015625 -0.06103515625 1245972
2.9296875 2.01416015625 -0.06103515625 1246071
-4.21142578125 -0.91552734375 -7.080078125 1246072
-4.21142578125 -0.91552734375 -7.080078125 1246073
-4.21142578125 -0.91552734375 -7.080078125 1246074
-4.21142578125 -0.91552734375 -7.080078125 1246075
-4.21142578125 -0.91552734375 -7.080078125 1246173
-7.9345703125 -0.67138671875 -3.5400390625 1246174
-7.9345703125 -0.67138671875 -3.5400390625 1246174
-7.9345703125 -0.67138671875 -3.5400390625 1246175
-7.9345703125 -0.67138671875 -3.5400390625 1246176
-7.9345703125 -0.67138671875 -3.5400390625 1246277
-5.31005859375 -1.0986328125 -2.50244140625 1246278
-5.31005859375 -1.0986328125 -2.50244140625 1246279
-5.31005859375 -1.0986328125 -2.50244140625 1246280
-5.31005859375 -1.0986328125 -2.50244140625 1246281
3.72314453125 2.9296875 -1.708984375 1246355
3.72314453125 2.9296875 -1.708984375 1246466
0 0.9765625 -0.48828125 1246467
0 0.9765625 -0.48828125 1246468
0 0.9765625 -0.48828125 1246468
0 0.9765625 -0.48828125 1246469
0 0.9765625 -0.48828125 1246568
-0.732421875 0.8544921875 -5.06591796875 1246569
-0.732421875 0.8544921875 -5.06591796875 1246570
-0.732421875 0.8544921875 -5.06591796875 1246571
-0.732421875 0.8544921875 -5.06591796875 1246572
-2.8076171875 1.64794921875 -1.220703125 1246671
-2.8076171875 1.64794921875 -1.220703125 1246671
-2.8076171875 1.64794921875 -1.220703125 1246672
-2.8076171875 1.64794921875 -1.220703125 1246673
-2.8076171875 1.64794921875 -1.220703125 1246757
-5.06591796875 -0.54931640625 -5.859375 1246758
-5.06591796875 -0.54931640625 -5.859375 1246868
-2.13623046875 -0.8544921875 -4.69970703125 1246869
-2.13623046875 -0.8544921875 -4.69970703125 1246870
-2.13623046875 -0.8544921875 -4.69970703125 1246871
-2.13623046875 -0.8544921875 -4.69970703125 1246872
-5.7373046875 -3.0517578125 -4.82177734375 1246972
-5.7373046875 -3.0517578125 -4.82177734375 1246973
-5.7373046875 -3.0517578125 -4.82177734375 1246974
-5.7373046875 -3.0517578125 -4.82177734375 1246975
-5.7373046875 -3.0517578125 -4.82177734375 1247075
-7.6904296875 -7.6904296875 -4.45556640625 1247076
-7.6904296875 -7.6904296875 -4.45556640625 1247076
-7.6904296875 -7.6904296875 -4.45556640625 1247077
-7.6904296875 -7.6904296875 -4.45556640625 1247078
-7.6904296875 -7.6904296875 -4.45556640625 1247177
-6.77490234375 -4.5166015625 -14.95361328125 1247178
-6.77490234375 -4.5166015625 -14.95361328125 1247179
-6.77490234375 -4.5166015625 -14.95361328125 1247180
-6.77490234375 -4.5166015625 -14.95361328125 1247181
-1.52587890625 -0.8544921875 -12.02392578125 1247272
-1.52587890625 -0.8544921875 -12.02392578125 1247370
-2.62451171875 -1.0986328125 -17.9443359375 1247371
-2.62451171875 -1.0986328125 -17.9443359375 1247372
-2.62451171875 -1.0986328125 -17.9443359375 1247373
-2.62451171875 -1.0986328125 -17.9443359375 1247374
-2.62451171875 -1.0986328125 -17.9443359375 1247470
2.197265625 1.46484375 -11.77978515625 1247471
2.197265625 1.46484375 -11.77978515625 1247472
2.197265625 1.46484375 -11.77978515625 1247472
2.197265625 1.46484375 -11.77978515625 1247572
5.67626953125 2.50244140625 -25.634765625 1247573
5.67626953125 2.50244140625 -25.634765625 1247573
5.67626953125 2.50244140625 -25.634765625 1247574
5.67626953125 2.50244140625 -25.634765625 1247575
5.67626953125 2.50244140625 -25.634765625 1247675
-2.3193359375 -7.87353515625 -20.01953125 1247676
-2.3193359375 -7.87353515625 -20.01953125 1247676
-2.3193359375 -7.87353515625 -20.01953125 1247677
-2.3193359375 -7.87353515625 -20.01953125 1247678
-2.3193359375 -7.87353515625 -20.01953125 1247778
22.76611328125 19.22607421875 -8.23974609375 1247779
22.76611328125 19.22607421875 -8.23974609375 1247779
22.76611328125 19.22607421875 -8.23974609375 1247780
22.76611328125 19.22607421875 -8.23974609375 1247781
12.26806640625 16.2353515625 -13.85498046875 1247855
12.26806640625 16.2353515625 -13.85498046875 1247966
21.484375 14.16015625 -7.50732421875 1247967
21.484375 14.16015625 -7.50732421875 1247967
21.484375 14.16015625 -7.50732421875 1247968
21.484375 14.16015625 -7.50732421875 1247969
21.484375 14.16015625 -7.50732421875 1248068
13.427734375 14.46533203125 -5.2490234375 1248069
13.427734375 14.46533203125 -5.2490234375 1248069
13.427734375 14.46533203125 -5.2490234375 1248070
13.427734375 14.46533203125 -5.2490234375 1248071
13.427734375 14.46533203125 -5.2490234375 1248171
21.8505859375 35.70556640625 0.6103515625 1248172
21.8505859375 35.70556640625 0.6103515625 1248173
21.8505859375 35.70556640625 0.6103515625 1248174
21.8505859375 35.70556640625 0.6103515625 1248175
21.8505859375 35.70556640625 0.6103515625 1248274
24.71923828125 39.73388671875 -15.5029296875 1248275
24.71923828125 39.73388671875 -15.5029296875 1248276
24.71923828125 39.73388671875 -15.5029296875 1248277
24.71923828125 39.73388671875 -15.5029296875 1248278
24.71923828125 39.73388671875 -15.5029296875 1248376
13.3056640625 44.86083984375 -9.765625 1248377
13.3056640625 44.86083984375 -9.765625 1248377
13.3056640625 44.86083984375 -9.765625 1248378
13.3056640625 44.86083984375 -9.765625 1248379
13.3056640625 44.86083984375 -9.765625 1248479
-8.72802734375 34.11865234375 -11.41357421875 1248480
-8.72802734375 34.11865234375 -11.41357421875 1248481
-8.72802734375 34.11865234375 -11.41357421875 1248482
-8.72802734375 34.11865234375 -11.41357421875 1248483
-1.46484375 25.634765625 -6.103515625 1248556
-1.46484375 25.634765625 -6.103515625 1248668
27.099609375 52.42919921875 -16.7236328125 1248669
27.099609375 52.42919921875 -16.7236328125 1248670
27.099609375 52.42919921875 -16.7236328125 1248671
27.099609375 52.42919921875 -16.7236328125 1248671
27.099609375 52.42919921875 -16.7236328125 1248771
21.240234375 62.07275390625 -15.5029296875 1248772
21.240234375 62.07275390625 -15.5029296875 1248772
21.240234375 62.07275390625 -15.5029296875 1248773
21.240234375 62.07275390625 -15.5029296875 1248773
21.240234375 62.07275390625 -15.5029296875 1248874
-5.2490234375 23.62060546875 -12.51220703125 1248875
-5.2490234375 23.62060546875 -12.51220703125 1248876
-5.2490234375 23.62060546875 -12.51220703125 1248877
-5.2490234375 23.62060546875 -12.51220703125 1248878
-5.2490234375 23.62060546875 -12.51220703125 1248977
1.03759765625 -0.9765625 7.4462890625 1248978
1.03759765625 -0.9765625 7.4462890625 1248979
1.03759765625 -0.9765625 7.4462890625 1248980
1.03759765625 -0.9765625 7.4462890625 1248980
1.03759765625 -0.9765625 7.4462890625 1249078
-6.7138671875 -8.72802734375 -2.197265625 1249079
-6.7138671875 -8.72802734375 -2.197265625 1249079
-6.7138671875 -8.72802734375 -2.197265625 1249080
-6.7138671875 -8.72802734375 -2.197265625 1249081
-0.3662109375 -14.83154296875 -1.03759765625 1249156
-0.3662109375 -14.83154296875 -1.03759765625 1249269
-16.54052734375 -41.93115234375 -0.54931640625 1249270
-16.54052734375 -41.93115234375 -0.54931640625 1249271
-16.54052734375 -41.93115234375 -0.54931640625 1249272
-16.54052734375 -41.93115234375 -0.54931640625 1249273
-16.54052734375 -41.93115234375 -0.54931640625 1249371
-9.1552734375 -36.1328125 0.06103515625 1249372
-9.1552734375 -36.1328125 0.06103515625 1249372
-9.1552734375 -36.1328125 0.06103515625 1249373
-9.1552734375 -36.1328125 0.06103515625 1249374
-9.1552734375 -36.1328125 0.06103515625 1249473
-15.2587890625 -37.9638671875 2.9296875 1249474
-15.2587890625 -37.9638671875 2.9296875 1249475
-15.2587890625 -37.9638671875 2.9296875 1249476
-15.2587890625 -37.9638671875 2.9296875 1249476
-15.2587890625 -37.9638671875 2.9296875 1249576
-36.19384765625 -65.24658203125 3.7841796875 1249577
-36.19384765625 -65.24658203125 3.7841796875 1249577
-36.19384765625 -65.24658203125 3.7841796875 1249578
-36.19384765625 -65.24658203125 3.7841796875 1249579
-36.19384765625 -65.24658203125 3.7841796875 1249679
-30.76171875 -66.83349609375 15.56396484375 1249680
-30.76171875 -66.83349609375 15.56396484375 1249681
-30.76171875 -66.83349609375 15.56396484375 1249682
-30.76171875 -66.83349609375 15.56396484375 1249683
-17.39501953125 -16.6015625 5.126953125 1249769
-17.39501953125 -16.6015625 5.126953125 1249868
-16.845703125 -16.357421875 6.103515625 1249869
-16.845703125 -16.357421875 6.103515625 1249870
-16.845703125 -16.357421875 6.103515625 1249870
-16.845703125 -16.357421875 6.103515625 1249871
-16.845703125 -16.357421875 6.103515625 1250001
-9.58251953125 -10.92529296875 11.41357421875 1250003
-9.58251953125 -10.92529296875 11.41357421875 1250003
-9.58251953125 -10.92529296875 11.41357421875 1250004
-9.58251953125 -10.92529296875 11.41357421875 1250005
-36.4990234375 -43.3349609375 14.404296875 1250079
-36.4990234375 -43.3349609375 14.404296875 1250158
-2.50244140625 -4.45556640625 2.0751953125 1250189
-2.50244140625 -4.45556640625 2.0751953125 1250190
-2.50244140625 -4.45556640625 2.0751953125 1250191
-2.50244140625 -4.45556640625 2.0751953125 1250192
-2.50244140625 -4.45556640625 2.0751953125 1250268
6.9580078125 3.60107421875 11.16943359375 1250269
6.9580078125 3.60107421875 11.16943359375 1250371
3.173828125 2.25830078125 2.38037109375 1250372
3.173828125 2.25830078125 2.38037109375 1250372
3.173828125 2.25830078125 2.38037109375 1250373
3.173828125 2.25830078125 2.38037109375 1250374
3.173828125 2.25830078125 2.38037109375 1250474
0.91552734375 3.41796875 2.5634765625 1250475
0.91552734375 3.41796875 2.5634765625 1250476
0.91552734375 3.41796875 2.5634765625 1250477
0.91552734375 3.41796875 2.5634765625 1250478
0.91552734375 3.41796875 2.5634765625 1250578
-2.197265625 -4.21142578125 6.7138671875 1250579
-2.197265625 -4.21142578125 6.7138671875 1250580
-2.197265625 -4.21142578125 6.7138671875 1250583
-2.197265625 -4.21142578125 6.7138671875 1250584
-3.96728515625 -15.7470703125 -0.9765625 1250656
-3.96728515625 -15.7470703125 -0.9765625 1250769
0.6103515625 -2.38037109375 2.685546875 1250770
0.6103515625 -2.38037109375 2.685546875 1250771
0.6103515625 -2.38037109375 2.685546875 1250772
0.6103515625 -2.38037109375 2.685546875 1250772
0.6103515625 -2.38037109375 2.685546875 1250871
-1.708984375 7.62939453125 -5.06591796875 1250872
-1.708984375 7.62939453125 -5.06591796875 1250873
-1.708984375 7.62939453125 -5.06591796875 1250874
-1.708984375 7.62939453125 -5.06591796875 1250874
-1.708984375 7.62939453125 -5.06591796875 1250973
0.244140625 -1.64794921875 -4.21142578125 1250975
0.244140625 -1.64794921875 -4.21142578125 1250976
0.244140625 -1.64794921875 -4.21142578125 1250977
0.244140625 -1.64794921875 -4.21142578125 1250978
