505 1158400
508 1158455
506 1158456
505 1158456
506 1158457
506 1158457
507 1158458
509 1158458
504 1158459
508 1158459
508 1158460
509 1158460
508 1158461
505 1158461
505 1158462
507 1158462
508 1158462
507 1158463
508 1158463
510 1158463
508 1158464
510 1158464
509 1158465
513 1158465
507 1158465
508 1158472
510 1158472
512 1158473
506 1158473
507 1158474
513 1158474
512 1158474
511 1158475
509 1158475
502 1158475
502 1158476
507 1158476
510 1158476
507 1158477
508 1158477
512 1158478
506 1158478
501 1158478
502 1158479
509 1158479
509 1158480
508 1158480
508 1158480
505 1158481
509 1158481
508 1158481
510 1158482
-939 1158482
511 1158483
507 1158483
510 1158484
507 1158484
510 1158485
508 1158485
507 1158486
508 1158486
510 1158486
509 1158487
511 1158487
508 1158488
507 1158488
507 1158488
508 1158489
509 1158489
512 1158490
509 1158492
509 1158492
508 1158523
508 1158532
508 1158565
510 1158572
509 1158582
507 1158592
507 1158605
508 1158631
508 1158633
506 1158633
508 1158640
509 1158651
508 1158664
507 1158672
506 1158682
507 1158691
508 1158712
508 1158721
507 1158734
508 1158755
509 1158755
507 1158762
508 1158772
509 1158782
507 1158792
508 1158828
510 1158831
507 1158856
509 1158857
507 1158857
511 1158858
511 1158862
508 1158929
506 1158929
507 1158930
507 1158930
508 1158933
506 1158933
510 1158933
507 1158943
512 1158991
512 1158992
505 1158992
507 1158993
509 1158993
508 1159014
507 1159014
505 1159021
508 1159031
512 1159054
508 1159054
508 1159061
488 1159071
495 1159081
510 1159092
511 1159103
496 1159112
509 1159122
509 1159132
509 1159155
507 1159155
508 1159162
508 1159172
507 1159189
505 1159191
509 1159202
508 1159212
506 1159222
508 1159233
507 1159242
507 1159252
509 1159262
507 1159272
507 1159282
509 1159292
509 1159314
507 1159314
511 1159322
506 1159332
508 1159343
508 1159352
508 1159362
512 1159371
512 1159382
508 1159391
505 1159401
510 1159411
505 1159421
506 1159431
510 1159454
504 1159454
507 1159462
514 1159473
505 1159482
511 1159492
511 1159502
507 1159512
507 1159533
508 1159533
510 1159542
508 1159552
509 1159562
508 1159572
508 1159582
509 1159592
504 1159603
506 1159612
507 1159622
509 1159632
508 1159642
508 1159664
507 1159664
507 1159672
510 1159682
507 1159695
506 1159702
507 1159722
508 1159733
509 1159741
508 1159752
506 1159762
507 1159771
510 1159781
509 1159791
507 1159801
509 1159811
508 1159821
508 1159831
507 1159842
503 1159865
505 1159865
508 1159872
442 1159882
503 1159892
498 1159902
508 1159912
510 1159922
507 1159932
509 1159942
507 1159953
509 1159962
511 1159972
504 1159982
507 1159992
509 1160002
509 1160012
509 1160022
507 1160032
507 1160042
510 1160052
511 1160064
509 1160071
505 1160094
508 1160094
509 1160102
508 1160133
508 1160138
509 1160139
507 1160141
509 1160156
508 1160404
509 1160404
507 1160405
509 1160405
510 1160405
509 1160406
508 1160406
511 1160407
507 1160407
507 1160408
507 1160408
510 1160408
509 1160409
510 1160409
509 1160409
509 1160410
506 1160410
507 1160410
508 1160411
508 1160411
506 1160411
509 1160412
509 1160412
507 1160412
508 1160413
509 1160415
507 1160611
511 1160611
508 1160612
507 1160612
507 1160613
509 1160613
507 1160614
509 1160614
509 1160615
511 1160616
511 1160616
505 1160616
506 1160617
507 1160617
508 1160617
507 1160618
508 1160618
508 1160618
507 1160619
510 1160621
505 1160713
509 1160714
507 1160714
507 1160714
507 1160715
508 1160715
508 1160716
509 1160716
510 1160724
506 1160724
508 1160793
507 1160793
509 1160794
508 1160795
508 1160795
510 1160796
509 1160804
509 1160804
509 1160812
508 1160834
506 1160834
508 1160842
507 1160852
510 1160861
507 1160872
508 1160902
509 1160902
509 1160903
508 1160938
506 1160938
506 1160939
510 1160941
508 1160992
511 1160993
511 1160993
508 1160994
509 1160994
509 1161002
505 1161012
508 1161022
507 1161032
507 1161042
509 1161052
509 1161062
507 1161204
511 1161204
506 1161205
504 1161205
507 1161206
507 1161206
508 1161207
506 1161207
508 1161208
510 1161208
508 1161209
507 1161209
503 1161209
508 1161212
501 1161409
506 1161409
508 1161410
514 1161410
504 1161410
509 1161411
504 1161411
510 1161412
503 1161413
515 1161413
510 1161414
503 1161414
506 1161414
512 1161415
508 1161415
505 1161416
506 1161416
507 1161416
510 1161417
507 1161419
507 1161512
507 1161512
506 1161513
508 1161513
507 1161514
509 1161514
505 1161514
510 1161515
505 1161515
509 1161516
512 1161522
508 1161532
509 1161542
506 1161560
506 1161562
509 1161571
513 1161590
499 1161590
508 1161606
513 1161611
511 1161622
496 1161632
517 1161641
512 1161651
497 1161661
541 1161684
489 1161684
503 1161691
507 1161701
526 1161719
499 1161721
494 1161804
511 1161804
506 1161805
500 1161805
512 1161806
503 1161806
511 1161806
506 1161807
508 1161812
514 1161822
506 1161832
507 1161842
503 1161852
510 1161874
509 1161875
507 1161882
506 1161891
509 1161914
509 1161914
509 1161922
508 1161932
507 1161951
509 1161961
509 1161971
507 1161981
508 1161993
508 1162002
509 1162011
508 1162021
507 1162031
507 1162041
507 1162051
505 1162061
509 1162084
507 1162084
507 1162092
509 1162102
507 1162112
506 1162132
508 1162134
508 1162142
508 1162214
509 1162214
506 1162215
508 1162215
509 1162216
510 1162217
506 1162217
505 1162222
507 1162233
507 1162242
510 1162252
508 1162262
509 1162272
507 1162292
509 1162292
508 1162300
505 1162310
508 1162395
507 1162395
507 1162396
506 1162396
508 1162397
506 1162397
510 1162398
508 1162398
509 1162401
506 1162506
506 1162506
510 1162507
519 1162507
508 1162508
506 1162508
511 1162508
507 1162509
507 1162509
505 1162608
510 1162608
505 1162609
503 1162609
509 1162610
500 1162610
526 1162611
505 1162611
502 1162612
509 1162612
505 1162613
501 1162615
505 1162812
510 1162812
504 1162813
508 1162813
510 1162813
507 1162814
505 1162814
508 1162815
505 1162815
507 1162815
508 1162816
505 1162816
507 1162817
507 1162817
508 1162818
507 1162818
509 1162819
507 1162819
508 1162819
509 1162847
507 1162847
507 1162848
511 1162852
507 1162862
506 1162872
508 1162882
509 1162892
510 1162927
509 1162927
508 1162932
509 1162932
509 1162942
508 1162952
505 1162962
508 1162972
509 1162982
508 1162992
507 1163002
507 1163024
508 1163024
509 1163032
507 1163042
507 1163051
508 1163061
509 1163071
507 1163081
507 1163104
506 1163104
508 1163124
508 1163124
508 1163131
507 1163141
506 1163151
509 1163161
507 1163171
508 1163181
508 1163191
507 1163201
508 1163214
507 1163222
506 1163233
507 1163242
500 1163264
511 1163264
505 1163272
507 1163294
506 1163294
505 1163302
511 1163313
510 1163322
510 1163333
512 1163342
506 1163354
510 1163364
506 1163490
507 1163490
509 1163492
511 1163492
508 1163493
504 1163493
507 1163493
505 1163494
509 1163494
511 1163494
506 1163497
506 1163497
513 1163507
505 1163510
506 1163607
507 1163607
509 1163608
505 1163608
505 1163609
508 1163609
510 1163609
508 1163610
512 1163614
510 1163614
504 1163622
507 1163632
503 1163642
509 1163813
509 1163813
510 1163814
512 1163814
512 1163815
511 1163816
509 1163816
507 1163817
509 1163817
509 1163818
508 1163818
506 1163819
509 1163819
509 1163820
507 1163820
509 1163821
505 1163822
510 1163824
504 1163993
508 1163993
510 1163994
511 1163994
511 1163994
504 1163995
507 1163995
511 1163996
509 1163996
510 1163997
508 1163997
508 1163997
510 1163998
508 1163998
511 1163998
505 1163999
511 1163999
511 1164001
508 1164010
509 1164022
506 1164032
506 1164044
507 1164052
506 1164062
505 1164072
512 1164092
507 1164104
507 1164104
508 1164112
509 1164122
508 1164136
507 1164142
509 1164157
508 1164162
506 1164171
508 1164191
508 1164213
507 1164213
508 1164235
512 1164235
508 1164242
509 1164251
506 1164262
507 1164272
508 1164281
512 1164302
509 1164302
510 1164320
504 1164321
509 1164331
508 1164341
503 1164352
507 1164362
510 1164372
509 1164382
500 1164392
506 1164403
508 1164412
511 1164423
510 1164432
514 1164454
504 1164465
506 1164465
510 1164472
511 1164482
509 1164492
506 1164502
505 1164512
509 1164522
505 1164532
509 1164542
511 1164553
509 1164566
509 1164572
504 1164582
506 1164592
506 1164602
508 1164612
506 1164622
504 1164631
507 1164642
512 1164651
507 1164665
507 1164674
508 1164681
509 1164691
508 1164701
501 1164711
510 1164721
505 1164733
508 1164742
504 1164754
508 1164762
508 1164793
509 1164793
506 1164794
509 1164802
508 1164812
508 1164822
510 1164832
510 1164842
508 1164852
509 1164862
507 1164872
508 1164904
511 1164904
506 1164905
506 1164911
507 1165006
510 1165006
507 1165007
507 1165008
506 1165008
512 1165008
508 1165009
508 1165010
504 1165012
507 1165109
512 1165109
510 1165110
513 1165110
507 1165111
507 1165112
508 1165112
509 1165112
509 1165113
511 1165116
507 1165212
507 1165212
503 1165213
512 1165213
501 1165214
515 1165214
516 1165215
499 1165215
511 1165216
506 1165216
506 1165222
506 1165233
519 1165242
510 1165252
509 1165262
514 1165272
512 1165282
506 1165304
518 1165304
508 1165312
506 1165391
503 1165391
504 1165392
510 1165392
506 1165393
516 1165393
503 1165394
501 1165394
510 1165401
506 1165414
509 1165421
508 1165431
508 1165441
510 1165451
512 1165465
512 1165472
511 1165482
508 1165492
505 1165514
505 1165514
503 1165522
509 1165532
509 1165542
506 1165552
508 1165562
510 1165572
507 1165582
510 1165600
509 1165614
509 1165614
509 1165622
510 1165631
509 1165642
506 1165662
507 1165671
505 1165681
507 1165691
507 1165701
508 1165711
507 1165741
510 1165742
509 1165743
505 1165751
509 1165761
509 1165771
513 1165781
510 1165791
512 1165814
510 1165814
506 1165821
504 1165831
509 1165841
508 1165854
511 1165917
507 1165917
505 1165918
512 1165918
512 1165919
511 1165919
509 1165921
508 1165994
508 1165994
510 1165995
507 1165995
508 1165996
510 1165996
509 1165996
504 1166002
525 1166012
513 1166022
497 1166031
502 1166042
508 1166051
496 1166061
506 1166495
516 1166495
508 1166496
505 1166496
506 1166496
505 1166497
507 1166497
510 1166497
507 1166498
508 1166498
508 1166499
508 1166499
508 1166499
506 1166500
506 1166500
510 1166500
510 1166501
509 1166501
507 1166501
509 1166502
508 1166502
510 1166502
508 1166503
505 1166503
508 1166503
506 1166504
509 1166504
506 1166505
508 1166506
509 1166506
509 1166507
505 1166507
507 1166507
508 1166508
509 1166508
508 1166509
509 1166509
507 1166509
510 1166510
507 1166510
512 1166511
508 1166511
508 1166513
509 1166513
514 1166607
512 1166607
506 1166608
508 1166608
512 1166609
508 1166610
510 1166610
508 1166611
510 1166611
505 1166614
512 1166811
513 1166811
513 1166812
520 1166812
503 1166813
511 1166813
522 1166814
503 1166814
515 1166814
509 1166815
505 1166815
506 1166815
507 1166816
511 1166816
509 1166816
511 1166817
503 1166817
502 1166818
509 1166818
506 1166824
506 1166824
507 1166831
510 1166841
504 1166851
509 1166862
507 1166872
506 1166882
509 1166892
508 1166902
505 1166912
508 1166932
511 1166932
507 1166942
506 1167017
513 1167017
510 1167018
507 1167018
508 1167019
509 1167019
507 1167024
509 1167024
506 1167032
507 1167042
506 1167052
510 1167094
508 1167094
509 1167095
508 1167095
508 1167101
507 1167111
509 1167121
507 1167131
508 1167151
508 1167161
506 1167206
508 1167206
507 1167207
509 1167207
509 1167210
511 1167309
510 1167309
509 1167310
505 1167310
507 1167311
506 1167311
507 1167312
497 1167312
505 1167313
514 1167315
506 1167393
507 1167393
507 1167394
508 1167394
508 1167395
506 1167395
506 1167395
507 1167412
511 1167415
510 1167415
506 1167427
502 1167434
505 1167442
510 1167464
505 1167464
508 1167471
506 1167481
508 1167491
506 1167501
506 1167524
512 1167524
512 1167531
507 1167541
510 1167551
506 1167561
504 1167571
507 1167581
510 1167591
507 1167601
505 1167611
509 1167621
509 1167632
508 1167642
508 1167652
506 1167663
509 1167672
510 1167682
508 1167692
509 1167702
509 1167724
510 1167724
510 1167733
509 1167748
506 1167752
510 1167762
509 1167772
506 1167782
508 1167792
508 1167802
509 1167812
506 1167822
510 1167832
509 1167841
507 1167851
514 1167863
508 1167871
507 1167891
512 1167901
503 1167921
508 1167921
509 1167931
511 1167941
510 1167964
510 1167964
505 1167971
505 1167982
508 1167993
508 1168020
507 1168020
511 1168023
511 1168032
505 1168042
506 1168051
509 1168062
508 1168071
505 1168082
508 1168092
506 1168102
513 1168112
505 1168122
504 1168131
513 1168142
510 1168152
505 1168162
503 1168172
511 1168181
506 1168204
509 1168204
512 1168230
508 1168230
508 1168233
509 1168244
508 1168251
512 1168261
507 1168271
505 1168281
510 1168291
505 1168301
504 1168311
508 1168334
505 1168334
511 1168341
509 1168353
500 1168361
509 1168378
509 1168381
507 1168517
513 1168517
506 1168518
512 1168518
507 1168519
499 1168519
510 1168520
509 1168521
509 1168521
509 1168522
501 1168522
510 1168522
512 1168523
506 1168525
506 1168594
503 1168594
507 1168595
506 1168595
504 1168595
509 1168596
508 1168596
509 1168601
508 1168613
506 1168621
505 1168631
508 1168643
508 1168668
506 1168671
510 1168686
505 1168706
511 1168706
510 1168724
507 1168724
508 1168733
511 1168741
508 1168752
509 1168762
510 1168772
508 1168781
512 1168792
509 1168802
508 1168812
509 1169194
509 1169194
507 1169195
506 1169195
509 1169196
505 1169196
511 1169196
507 1169197
509 1169197
504 1169197
508 1169198
511 1169198
506 1169198
509 1169199
510 1169199
505 1169199
512 1169200
504 1169200
505 1169201
508 1169201
505 1169201
508 1169202
508 1169202
504 1169203
509 1169203
505 1169203
507 1169204
509 1169204
505 1169204
509 1169205
507 1169205
506 1169205
506 1169206
505 1169206
508 1169206
507 1169207
511 1169207
507 1169207
504 1169210
509 1169210
508 1169308
510 1169308
504 1169309
509 1169310
509 1169310
509 1169311
503 1169311
507 1169312
509 1169312
509 1169315
509 1169410
506 1169410
510 1169411
507 1169412
508 1169412
510 1169413
511 1169413
510 1169414
511 1169416
509 1169615
507 1169616
505 1169616
511 1169616
507 1169617
507 1169617
506 1169618
506 1169618
510 1169619
510 1169619
505 1169620
508 1169620
506 1169620
509 1169621
508 1169621
509 1169621
507 1169622
506 1169622
506 1169622
512 1169626
511 1169626
504 1169795
508 1169795
510 1169796
503 1169796
509 1169796
503 1169797
513 1169797
507 1169798
512 1169798
508 1169798
511 1169799
507 1169799
508 1169799
507 1169800
512 1169800
505 1169800
512 1169801
507 1169803
507 1169812
507 1169821
505 1169832
505 1169854
507 1169854
509 1169861
507 1169871
507 1169881
506 1169891
508 1169901
506 1169911
514 1169921
511 1169931
510 1169942
510 1169953
507 1169961
511 1169984
513 1169984
512 1169991
510 1170001
506 1170012
511 1170032
508 1170032
505 1170042
508 1170052
506 1170062
508 1170082
508 1170094
508 1170094
509 1170112
509 1170122
508 1170144
508 1170144
510 1170152
509 1170162
508 1170172
510 1170181
508 1170191
508 1170201
508 1170223
508 1170234
509 1170244
506 1170244
508 1170251
508 1170261
508 1170271
511 1170281
507 1170291
504 1170342
507 1170342
507 1170345
508 1170345
505 1170346
510 1170352
507 1170361
504 1170371
509 1170381
507 1170392
508 1170402
508 1170412
512 1170422
504 1170432
506 1170442
508 1170452
510 1170462
510 1170472
508 1170494
506 1170494
507 1170502
507 1170512
508 1170529
509 1170531
508 1170542
509 1170559
506 1170562
504 1170695
515 1170695
508 1170696
508 1170696
506 1170696
508 1170697
505 1170697
508 1170698
508 1170698
511 1170698
507 1170699
506 1170699
504 1170699
505 1170702
504 1170712
507 1170721
507 1170735
509 1170741
506 1170751
504 1170761
507 1170772
506 1170782
504 1170794
512 1170807
506 1170810
510 1170833
509 1170833
506 1170842
506 1170851
506 1170897
508 1170897
507 1170902
509 1170902
509 1170912
508 1170921
507 1170931
509 1170941
508 1170951
506 1170961
508 1170971
506 1170982
507 1170991
509 1171001
508 1171011
509 1171022
508 1171043
510 1171043
507 1171051
508 1171061
508 1171071
508 1171100
510 1171100
506 1171101
510 1171111
507 1171133
508 1171133
506 1171167
509 1171167
505 1171172
508 1171172
503 1171182
505 1171192
508 1171202
506 1171212
505 1171235
502 1171236
505 1171242
502 1171259
508 1171261
508 1171308
508 1171308
515 1171313
513 1171314
507 1171316
503 1171320
502 1171331
506 1171342
502 1171364
509 1171364
506 1171371
507 1171381
513 1171391
509 1171401
508 1171512
508 1171512
507 1171513
507 1171513
510 1171515
509 1171515
507 1171516
511 1171516
508 1171516
508 1171517
508 1171518
507 1171534
512 1171534
506 1171542
506 1171552
508 1171562
513 1171572
508 1171582
509 1171602
507 1171612
508 1171634
509 1171634
508 1171654
507 1171654
510 1171719
509 1171719
510 1171720
508 1171720
506 1171721
506 1171723
505 1171725
508 1171744
508 1171744
509 1171751
508 1171761
503 1171771
506 1171820
507 1171820
507 1171823
508 1171823
507 1171833
507 1171834
506 1171864
507 1171865
510 1171866
509 1171871
505 1171881
504 1171892
515 1171902
506 1171924
509 1171924
510 1171932
515 1171942
515 1171975
510 1171975
506 1171982
509 1172007
507 1172007
509 1172015
511 1172015
503 1172220
511 1172220
510 1172221
505 1172221
505 1172222
507 1172222
506 1172223
505 1172224
508 1172224
508 1172225
508 1172225
507 1172226
511 1172226
509 1172227
506 1172227
506 1172228
510 1172228
509 1172228
507 1172229
507 1172229
511 1172230
510 1172232
507 1172415
509 1172415
508 1172416
505 1172416
509 1172416
510 1172417
508 1172417
509 1172418
510 1172418
506 1172418
509 1172419
510 1172419
508 1172419
510 1172420
506 1172420
508 1172420
505 1172421
505 1172423
503 1172616
505 1172616
504 1172617
505 1172617
506 1172617
512 1172618
507 1172618
499 1172619
514 1172619
509 1172619
508 1172620
505 1172620
508 1172620
510 1172621
507 1172621
508 1172621
507 1172622
508 1172627
508 1172627
506 1172629
508 1173420
509 1173420
507 1173421
508 1173421
506 1173422
508 1173422
509 1173423
509 1173423
508 1173424
509 1173424
507 1173425
506 1173425
508 1173425
509 1173426
510 1173426
512 1173426
510 1173427
508 1173429
506 1173430
508 1173430
509 1173430
508 1173431
508 1173431
515 1173431
510 1173432
506 1173432
510 1173432
507 1173433
504 1173433
504 1173434
505 1173434
509 1173434
507 1173435
513 1173435
506 1173435
504 1173436
511 1173436
507 1173437
509 1173437
507 1173437
508 1173438
511 1173438
509 1173438
506 1173439
505 1173439
513 1173440
509 1173440
505 1173440
509 1173441
522 1173441
507 1173442
509 1173442
509 1173442
502 1173443
516 1173443
506 1173444
492 1173444
510 1173444
519 1173445
511 1173445
503 1173446
502 1173446
521 1173447
517 1173447
499 1173448
505 1173448
507 1173448
516 1173449
504 1173449
510 1173450
510 1173450
510 1173450
504 1173451
505 1173451
505 1173451
506 1173452
507 1173452
510 1173452
510 1173453
505 1173455
510 1173455
504 1173455
507 1173522
510 1173522
506 1173523
507 1173523
505 1173524
506 1173524
509 1173525
508 1173711
507 1173711
512 1173712
536 1173712
507 1173713
508 1173715
509 1173715
504 1173716
509 1173716
510 1173717
506 1173717
507 1173718
503 1173718
505 1173719
509 1173719
500 1173720
506 1173720
513 1173720
507 1173721
507 1173723
513 1173818
506 1173818
498 1173819
510 1173819
508 1173820
503 1173820
509 1173821
505 1173821
510 1173822
504 1173920
512 1173920
505 1173921
499 1173922
512 1173922
505 1173923
512 1173923
516 1173924
506 1173924
506 1173926
508 1173932
507 1173942
510 1173954
508 1173962
507 1173972
507 1173982
510 1173991
509 1174003
507 1174012
506 1174022
505 1174032
507 1174041
513 1174051
506 1174061
511 1174071
506 1174081
510 1174099
507 1174101
494 1174316
510 1174316
509 1174317
519 1174317
505 1174318
507 1174318
507 1174318
513 1174319
503 1174319
501 1174320
507 1174320
507 1174321
505 1174321
506 1174321
510 1174322
504 1174322
509 1174322
513 1174323
512 1174323
504 1174323
507 1174324
509 1174326
508 1174598
508 1174598
510 1174599
507 1174599
500 1174600
501 1174600
497 1174600
501 1174601
503 1174601
507 1174629
510 1174630
510 1174631
511 1174631
507 1174632
511 1174632
505 1174633
520 1174633
509 1174634
492 1174634
504 1174634
509 1174635
510 1174635
507 1174636
510 1174636
505 1174636
510 1174637
510 1174639
515 1174639
508 1174640
509 1174640
510 1174643
508 1174651
509 1174661
507 1174671
507 1174685
506 1174693
508 1174702
508 1174712
511 1174721
504 1174733
508 1174742
502 1174752
512 1174762
512 1174771
511 1174794
508 1174794
502 1174802
510 1174811
506 1174834
511 1174834
506 1174841
503 1174851
507 1174861
509 1174878
506 1174880
512 1174896
509 1174901
501 1174912
507 1174921
502 1174931
505 1174941
508 1174951
508 1174961
506 1174971
510 1174981
509 1175002
507 1175002
511 1175011
510 1175033
506 1175034
508 1175041
514 1175051
505 1175062
510 1175072
509 1175082
508 1175092
509 1175102
507 1175111
507 1175125
507 1175139
509 1175141
506 1175223
506 1175224
515 1175225
511 1175225
508 1175226
509 1175226
507 1175227
508 1175227
509 1175233
509 1175241
506 1175251
507 1175261
510 1175271
511 1175281
510 1175301
504 1175311
501 1175321
506 1175331
509 1175341
507 1175351
512 1175361
507 1175371
517 1175381
510 1175391
512 1175401
512 1175420
508 1175421
506 1175432
508 1175442
511 1175452
504 1175462
508 1175472
513 1175481
510 1175492
507 1175511
507 1175512
507 1175532
506 1175533
508 1175541
509 1175551
508 1175561
511 1175571
509 1175581
507 1175591
508 1175601
505 1175611
512 1175652
523 1175652
506 1175653
505 1175653
510 1175661
505 1175671
502 1175681
506 1175691
506 1175701
506 1175733
507 1175733
508 1175734
497 1175741
510 1175752
514 1175761
510 1175773
506 1175781
509 1175791
504 1175801
512 1175812
511 1175822
504 1175832
508 1175841
511 1175852
505 1175862
509 1175871
511 1175882
508 1175891
509 1175902
500 1175911
507 1175921
514 1175931
495 1175941
506 1175951
518 1175961
505 1175971
505 1175991
517 1176002
507 1176011
499 1176021
501 1176031
515 1176054
519 1176055
492 1176061
505 1176071
514 1176081
505 1176091
501 1176101
506 1176114
506 1176414
511 1176414
510 1176415
508 1176415
509 1176416
511 1176416
508 1176417
508 1176417
508 1176419
508 1176419
510 1176420
510 1176420
505 1176420
505 1176421
512 1176421
504 1176421
517 1176422
515 1176422
489 1176422
538 1176423
490 1176423
484 1176423
509 1176424
514 1176424
501 1176424
501 1176425
499 1176425
520 1176425
507 1176426
504 1176426
511 1176428
508 1176619
509 1176619
503 1176620
509 1176620
518 1176621
502 1176621
510 1176622
505 1176622
511 1176623
511 1176623
512 1176624
500 1176624
515 1176624
523 1176625
512 1176625
519 1176625
519 1176626
499 1176626
502 1176627
532 1176629
510 1176825
505 1176825
523 1176826
511 1176826
509 1176827
515 1176827
510 1176828
511 1176828
507 1176828
511 1176829
509 1176829
510 1176830
517 1176830
512 1176830
506 1176831
498 1176831
503 1176831
504 1176832
526 1176834
501 1176834
515 1176903
508 1176903
504 1176904
510 1176904
507 1176904
517 1176905
504 1176905
508 1176912
506 1176921
505 1176944
509 1176944
509 1176951
507 1176961
512 1176971
502 1176981
516 1176991
508 1177001
510 1177011
503 1177021
502 1177031
502 1177041
502 1177051
513 1177061
500 1177071
500 1177081
512 1177091
506 1177101
512 1177111
506 1177121
505 1177142
509 1177142
511 1177151
504 1177161
508 1177176
503 1177184
508 1177191
510 1177201
506 1177211
507 1177221
509 1177243
510 1177243
504 1177251
507 1177261
511 1177284
502 1177284
512 1177292
507 1177303
507 1177311
508 1177321
505 1177331
505 1177341
504 1177351
498 1177361
509 1177371
507 1177381
510 1177395
495 1177399
511 1177430
499 1177430
515 1177431
500 1177454
499 1177455
512 1177461
504 1177471
501 1177491
507 1177501
509 1177511
513 1177521
514 1177531
501 1177554
506 1177554
505 1177561
492 1177571
499 1177616
509 1177616
506 1177617
501 1177617
508 1177620
505 1177823
492 1177831
505 1177832
500 1177832
510 1177832
488 1177833
522 1177833
524 1177834
499 1177834
506 1177834
500 1177835
505 1177835
510 1177836
511 1177836
514 1177836
499 1177837
499 1177837
497 1177837
512 1177838
509 1177838
491 1177841
505 1177900
519 1177900
507 1177901
505 1177901
513 1177901
502 1177902
513 1177902
526 1177911
504 1177921
508 1177934
504 1177941
496 1177952
494 1177961
522 1177973
524 1177981
502 1177991
510 1178013
510 1178013
511 1178021
513 1178032
502 1178042
508 1178064
511 1178064
520 1178072
506 1178081
480 1178091
493 1178101
511 1178124
511 1178124
506 1178144
507 1178144
502 1178151
511 1178161
505 1178171
501 1178181
507 1178191
508 1178201
504 1178214
494 1178221
513 1178233
509 1178241
515 1178259
514 1178262
504 1178271
513 1178281
512 1178291
516 1178311
514 1178321
506 1178331
516 1178341
504 1178351
518 1178361
511 1178371
498 1178381
501 1178391
507 1178401
507 1178412
505 1178421
515 1178432
507 1178467
514 1178468
505 1178472
503 1178473
507 1178481
513 1178491
505 1178501
504 1178511
510 1178521
522 1178531
498 1178541
511 1178564
478 1178564
509 1178571
509 1178582
507 1178615
507 1178615
505 1178616
500 1178621
505 1178631
502 1178641
505 1178651
513 1178661
509 1178717
505 1178717
506 1178718
507 1178718
503 1178719
504 1178722
510 1178822
513 1178822
504 1178823
504 1178823
507 1178823
504 1178824
508 1178824
507 1178825
513 1178825
509 1178825
514 1178874
506 1178875
512 1178875
511 1178875
506 1178876
507 1178880
508 1178894
507 1178901
506 1178917
511 1179116
503 1179116
509 1179117
510 1179118
506 1179118
509 1179119
509 1179119
504 1179120
506 1179120
506 1179121
514 1179122
510 1179122
502 1179123
510 1179123
508 1179124
508 1179124
510 1179125
507 1179125
507 1179126
508 1179128
506 1179130
511 1179141
510 1179151
506 1179162
507 1179172
506 1179182
509 1179192
507 1179202
507 1179211
509 1179321
509 1179321
507 1179322
508 1179322
508 1179323
507 1179323
508 1179324
509 1179324
507 1179325
506 1179325
509 1179325
509 1179331
507 1179341
509 1179351
508 1179374
509 1179374
512 1179381
510 1179404
507 1179404
507 1179411
505 1179444
506 1179444
509 1179445
507 1179477
509 1179480
509 1179480
508 1179502
507 1179502
509 1179503
509 1179511
506 1179521
506 1179530
509 1179542
509 1179552
509 1179562
509 1179590
507 1179591
508 1179591
509 1179601
509 1179611
508 1179634
508 1179641
508 1179643
508 1179650
510 1179668
508 1179671
506 1179820
509 1179820
507 1179821
507 1179822
510 1179822
509 1179823
512 1179823
507 1179824
505 1179825
506 1179825
507 1179826
505 1179826
511 1179827
503 1179833
501 1179833
507 1179841
516 1179851
505 1179861
507 1179871
500 1179881
509 1179891
498 1179901
509 1179911
501 1180025
511 1180025
510 1180026
508 1180026
503 1180027
512 1180027
525 1180028
507 1180028
496 1180029
526 1180029
493 1180030
513 1180032
531 1180102
498 1180111
507 1180112
510 1180112
506 1180112
501 1180113
509 1180113
505 1180116
507 1180119
518 1180131
496 1180140
522 1180149
513 1180161
502 1180174
512 1180181
505 1180191
501 1180213
509 1180213
504 1180221
500 1180232
516 1180241
506 1180251
520 1180264
509 1180283
513 1180283
522 1180304
516 1180304
512 1180311
503 1180321
513 1180343
519 1180354
514 1180354
524 1180361
506 1180371
480 1180381
517 1180404
520 1180404
502 1180426
516 1180427
513 1180436
502 1180441
517 1180451
515 1180473
478 1180473
511 1180481
503 1180501
498 1180511
506 1180521
488 1180537
502 1180540
496 1180704
507 1180704
499 1180705
507 1180705
504 1180707
515 1180708
488 1180708
497 1180709
518 1180724
501 1180725
518 1180725
506 1180726
506 1180726
511 1180726
523 1180727
525 1180727
521 1180729
531 1180729
547 1180740
513 1180740
504 1180758
495 1180761
509 1180769
511 1180781
513 1180791
514 1180801
498 1180811
514 1180821
508 1180831
504 1180841
510 1180851
506 1180861
507 1180876
508 1180899
508 1180899
510 1180920
503 1180920
507 1180921
508 1180931
508 1180941
508 1180951
509 1180961
507 1180971
509 1180981
508 1180990
508 1181001
509 1181125
508 1181125
507 1181126
508 1181126
508 1181127
507 1181128
502 1181128
508 1181129
510 1181129
514 1181130
505 1181130
508 1181131
509 1181133
510 1181202
507 1181202
506 1181203
507 1181203
510 1181204
509 1181204
508 1181204
509 1181211
508 1181221
508 1181232
511 1181251
507 1181261
507 1181297
508 1181300
505 1181302
506 1181302
508 1181315
510 1181321
510 1181331
503 1181341
508 1181351
516 1181373
511 1181373
507 1181381
506 1181391
501 1181401
510 1181411
512 1181430
508 1181431
503 1181440
499 1181452
507 1181905
512 1181905
507 1181906
508 1181906
508 1181906
511 1181907
508 1181907
499 1181907
508 1181908
505 1181908
504 1181908
505 1181909
502 1181909
511 1181909
512 1181910
506 1181910
512 1181910
499 1181911
504 1181911
504 1181912
509 1181912
515 1181912
508 1181913
503 1181913
510 1181913
527 1181914
518 1181914
509 1181914
513 1181915
512 1181915
514 1181915
510 1181916
507 1181916
509 1181916
509 1181917
505 1181917
506 1181917
509 1181918
510 1181918
503 1181918
505 1181919
508 1181919
508 1181919
505 1181920
507 1181920
505 1181922
503 1181940
508 1181940
506 1181941
508 1181951
505 1181961
510 1181971
509 1181981
507 1182001
509 1182011
509 1182021
509 1182043
508 1182043
510 1182051
507 1182061
512 1182081
514 1182093
509 1182094
513 1182101
506 1182122
511 1182134
503 1182134
506 1182141
507 1182152
513 1182162
509 1182171
505 1182181
504 1182191
498 1182202
510 1182225
509 1182226
509 1182233
514 1182241
501 1182251
515 1182261
500 1182271
507 1182294
508 1182294
506 1182301
503 1182311
507 1182324
509 1182335
508 1182341
511 1182353
506 1182363
506 1182375
507 1182381
505 1182391
503 1182401
508 1182436
505 1182440
513 1182440
501 1182443
516 1182451
505 1182461
504 1182471
513 1182488
505 1182503
508 1182503
508 1182511
510 1182522
513 1182532
511 1182541
504 1182551
506 1182561
512 1182571
505 1182594
510 1182595
510 1182625
507 1182625
505 1182634
510 1182634
508 1182641
511 1182651
513 1182661
508 1182671
507 1182681
515 1182691
505 1182701
508 1182711
510 1182730
510 1182740
508 1182751
510 1182769
509 1182812
510 1182812
510 1182815
508 1182815
508 1182817
508 1182819
507 1182855
507 1182856
508 1182923
508 1182923
509 1182926
508 1182927
508 1182927
507 1182928
508 1182928
509 1182929
508 1182944
507 1182944
508 1182951
507 1182961
507 1182971
508 1182981
508 1182991
510 1183001
508 1183011
505 1183021
509 1183127
509 1183127
507 1183128
509 1183128
508 1183129
508 1183129
506 1183130
504 1183130
509 1183132
509 1183133
509 1183135
508 1183204
505 1183204
504 1183205
510 1183205
506 1183206
507 1183206
502 1183206
509 1183211
509 1183221
508 1183234
511 1183241
507 1183251
513 1183263
509 1183272
508 1183282
506 1183292
507 1183301
506 1183311
515 1183321
499 1183331
510 1183341
511 1183353
509 1183361
504 1183371
505 1183381
504 1183391
500 1183401
504 1183411
509 1183421
514 1183443
509 1183446
515 1183463
512 1183464
506 1183471
504 1183504
504 1183504
515 1183511
513 1183521
506 1183531
517 1183541
507 1183551
507 1183561
504 1183571
499 1183581
514 1183592
512 1183601
512 1183611
511 1183621
513 1183631
506 1183642
510 1183652
508 1183662
505 1183671
504 1183681
509 1183691
506 1183701
507 1183712
509 1183721
506 1183733
510 1183747
508 1183751
510 1183761
509 1183771
509 1183781
509 1183791
506 1183801
507 1183823
510 1183823
511 1183831
506 1183841
504 1183851
507 1183874
508 1183874
501 1183881
513 1183901
508 1183929
510 1183929
508 1183929
507 1183932
507 1183940
501 1183952
507 1183961
509 1183970
510 1183980
510 1183990
510 1184007
507 1184009
510 1184327
505 1184327
508 1184328
508 1184328
509 1184329
509 1184329
507 1184330
507 1184330
508 1184330
510 1184331
509 1184331
508 1184331
510 1184332
507 1184334
509 1184334
505 1184334
510 1184335
511 1184335
506 1184335
509 1184336
508 1184336
510 1184336
510 1184337
509 1184337
506 1184337
506 1184338
509 1184338
505 1184338
507 1184339
505 1184341
506 1184341
508 1184341
510 1184405
509 1184405
510 1184406
507 1184406
511 1184407
508 1184407
504 1184410
509 1184422
502 1184440
507 1184440
502 1184451
508 1184461
510 1184471
509 1184481
512 1184516
506 1184518
509 1184539
508 1184540
500 1184541
507 1184541
510 1184554
505 1184573
505 1184573
512 1184581
511 1184591
504 1184601
508 1184611
508 1184621
506 1184631
505 1184641
507 1184663
507 1184663
510 1184673
506 1184681
506 1184691
507 1184713
509 1184713
507 1184720
506 1184743
506 1184743
513 1184763
513 1184763
507 1184784
514 1184784
507 1184791
508 1184807
516 1184810
502 1185005
506 1185006
505 1185006
512 1185007
503 1185007
507 1185008
504 1185008
508 1185009
510 1185010
507 1185010
508 1185011
510 1185011
507 1185012
510 1185012
508 1185013
509 1185013
507 1185014
506 1185016
510 1185043
506 1185044
506 1185044
509 1185053
509 1185053
509 1185061
509 1185071
502 1185081
506 1185091
507 1185126
508 1185130
509 1185130
509 1185133
510 1185220
508 1185220
503 1185221
507 1185221
505 1185221
506 1185222
509 1185222
509 1185222
508 1185223
510 1185255
513 1185255
509 1185256
507 1185260
505 1185317
504 1185317
506 1185318
506 1185318
507 1185356
510 1185356
508 1185357
506 1185357
508 1185358
509 1185360
507 1185373
507 1185393
508 1185393
508 1185401
509 1185411
504 1185421
509 1185431
505 1185441
510 1185450
504 1185492
506 1185492
506 1185493
505 1185493
511 1185500
510 1185542
509 1185543
507 1185543
504 1185544
509 1185551
507 1185561
509 1185571
508 1185594
505 1185594
506 1185601
509 1185624
509 1185624
508 1185631
506 1185652
513 1185652
509 1185824
508 1185824
508 1185825
510 1185825
508 1185826
506 1185826
507 1185826
504 1185827
508 1185827
506 1185828
507 1185828
508 1185829
512 1185829
509 1185830
506 1185836
509 1185836
508 1185841
507 1185841
511 1185851
509 1185873
510 1185873
510 1185880
508 1185890
504 1185901
505 1185911
505 1185921
508 1186006
505 1186006
505 1186007
514 1186007
511 1186007
510 1186008
507 1186008
510 1186009
510 1186011
508 1186042
503 1186043
507 1186043
505 1186063
508 1186063
511 1186083
512 1186085
508 1186091
508 1186101
503 1186136
509 1186136
509 1186139
509 1186221
507 1186221
509 1186222
506 1186232
507 1186232
507 1186233
507 1186235
507 1186324
511 1186324
509 1186325
509 1186325
504 1186326
506 1186326
508 1186326
506 1186327
507 1186327
507 1186328
508 1186426
507 1186426
514 1186427
507 1186427
509 1186428
507 1186428
509 1186428
508 1186429
508 1186429
508 1186430
506 1186432
511 1186434
510 1186453
513 1186453
508 1186461
505 1186483
506 1186483
508 1186524
502 1186524
515 1186548
508 1186548
512 1186549
507 1186549
500 1186574
514 1186574
505 1186596
514 1186614
504 1186614
514 1186642
511 1186642
519 1186643
514 1186646
504 1186646
504 1186659
505 1186661
505 1186821
512 1186821
517 1186822
512 1186822
515 1186823
512 1186824
526 1186824
502 1186824
506 1186825
524 1186826
514 1186826
535 1186827
506 1186827
497 1186827
505 1186828
504 1186828
503 1186830
512 1187129
513 1187129
501 1187130
427 1187130
509 1187131
501 1187131
498 1187131
516 1187132
510 1187132
502 1187132
506 1187133
505 1187133
515 1187133
529 1187134
525 1187134
501 1187134
507 1187135
513 1187135
505 1187135
498 1187136
507 1187136
517 1187136
511 1187137
508 1187137
522 1187137
502 1187138
510 1187138
505 1187138
515 1187139
506 1187145
515 1187146
500 1187165
501 1187165
516 1187171
506 1187191
494 1187201
515 1187211
510 1187221
508 1187231
507 1187241
516 1187251
504 1187261
508 1187271
515 1187281
502 1187291
511 1187302
504 1187323
502 1187323
506 1187343
510 1187343
505 1187350
507 1187360
509 1187370
503 1187380
508 1187390
505 1187401
505 1187411
506 1187421
508 1187444
512 1187444
511 1187451
508 1187461
509 1187471
504 1187481
509 1187491
508 1187501
507 1187511
506 1187547
511 1187549
508 1187549
508 1187565
512 1187566
511 1187571
503 1187594
508 1187595
511 1187601
507 1187611
511 1187621
505 1187631
510 1187641
509 1187651
506 1187684
505 1187685
510 1187685
508 1187705
509 1187706
509 1187710
509 1187721
511 1187750
509 1187750
510 1187751
509 1187774
507 1187774
505 1187781
507 1187791
503 1187801
508 1187811
508 1187822
507 1187831
507 1187841
509 1187851
506 1187861
507 1187883
508 1187883
508 1187891
508 1187901
508 1187911
508 1187928
507 1187945
508 1187951
507 1187987
503 1187991
499 1187991
508 1187992
503 1188000
500 1188011
553 1188021
541 1188031
494 1188041
509 1188050
493 1188061
503 1188070
496 1188088
500 1188090
521 1188228
514 1188228
505 1188229
504 1188229
512 1188230
504 1188230
507 1188231
509 1188231
509 1188232
508 1188232
510 1188233
515 1188233
505 1188234
499 1188236
507 1188330
506 1188330
510 1188331
518 1188332
501 1188339
504 1188340
515 1188341
510 1188342
509 1188343
503 1188343
507 1188353
515 1188353
502 1188361
506 1188371
505 1188381
517 1188398
501 1188400
502 1188511
510 1188511
505 1188512
512 1188512
508 1188513
508 1188513
507 1188514
508 1188514
506 1188515
509 1188515
507 1188516
509 1188520
509 1188531
509 1188541
505 1188551
505 1188561
509 1188583
506 1188583
506 1188591
513 1188601
506 1188725
506 1188728
510 1188728
505 1188729
507 1188730
511 1188730
506 1188731
508 1188731
506 1188732
506 1188732
512 1188733
509 1188735
510 1188931
511 1188932
508 1188932
503 1188933
511 1188933
510 1188934
511 1188934
505 1188935
507 1188935
506 1188936
510 1188936
508 1188937
508 1188937
508 1188938
506 1188938
508 1188938
502 1188939
502 1188939
505 1188939
513 1188940
502 1188942
502 1189007
503 1189055
511 1189056
515 1189056
507 1189057
509 1189057
500 1189059
502 1189059
507 1189060
524 1189060
505 1189060
514 1189063
504 1189083
513 1189083
499 1189091
510 1189101
510 1189111
510 1189121
523 1189144
503 1189145
495 1189163
504 1189163
511 1189224
517 1189224
512 1189225
512 1189225
514 1189226
511 1189226
509 1189229
506 1189430
506 1189430
508 1189431
510 1189431
507 1189432
506 1189433
510 1189433
510 1189434
512 1189434
504 1189435
508 1189435
509 1189436
511 1189436
509 1189437
507 1189437
507 1189438
511 1189438
513 1189439
508 1189439
505 1189441
509 1189441
507 1189610
506 1189610
509 1189611
508 1189611
509 1189611
510 1189612
508 1189612
507 1189613
509 1189613
506 1189613
506 1189614
509 1189614
507 1189614
501 1189615
502 1189615
505 1189615
511 1189620
502 1189643
509 1189643
508 1189650
508 1189661
512 1189671
505 1189681
507 1189704
506 1189704
503 1189721
507 1189721
516 1189744
510 1189744
499 1189824
461 1189824
539 1189825
462 1189825
494 1189826
493 1189826
509 1189826
563 1189833
507 1189833
509 1189841
509 1189851
511 1189861
508 1189871
508 1189881
509 1189903
508 1189903
513 1189910
508 1189921
511 1190028
511 1190028
509 1190030
510 1190031
512 1190031
509 1190032
506 1190032
509 1190033
509 1190033
508 1190034
507 1190036
509 1190209
510 1190209
515 1190210
509 1190210
510 1190211
513 1190211
507 1190211
509 1190212
509 1190228
496 1190229
512 1190229
511 1190230
505 1190230
506 1190230
509 1190231
508 1190231
508 1190233
510 1190233
508 1190233
505 1190243
510 1190260
507 1190261
506 1190271
508 1190281
506 1190291
507 1190301
507 1190311
509 1190321
506 1190331
510 1190341
508 1190351
506 1190373
509 1190374
508 1190380
507 1190390
509 1190414
509 1190414
507 1190421
511 1190431
510 1190448
505 1190450
507 1190630
512 1190630
511 1190631
507 1190631
508 1190632
508 1190633
509 1190633
510 1190634
508 1190634
506 1190634
509 1190635
506 1190635
508 1190636
511 1190636
506 1190637
511 1190637
511 1190637
507 1190655
506 1190657
509 1190810
506 1190810
511 1190811
505 1190811
510 1190811
509 1190812
508 1190812
508 1190813
508 1190813
508 1190813
508 1190814
506 1190814
508 1190816
509 1191511
509 1191511
508 1191512
509 1191512
506 1191513
509 1191513
508 1191514
507 1191514
509 1191514
510 1191515
511 1191515
509 1191515
508 1191516
507 1191516
506 1191517
506 1191517
510 1191517
509 1191518
506 1191518
507 1191519
511 1191519
509 1191520
509 1191520
508 1191521
513 1191522
512 1191522
508 1191523
512 1191523
512 1191524
513 1191524
510 1191525
510 1191525
507 1191525
509 1191526
507 1191526
506 1191526
507 1191527
507 1191527
511 1191528
507 1191528
506 1191528
503 1191529
512 1191529
509 1191529
506 1191530
509 1191530
507 1191531
509 1191531
505 1191531
507 1191532
506 1191532
506 1191532
506 1191534
505 1191534
507 1191534
505 1191535
513 1191535
508 1191535
508 1191536
506 1191536
511 1191537
504 1191537
506 1191537
506 1191538
510 1191538
507 1191538
510 1191539
510 1191539
506 1191540
505 1191540
493 1191540
525 1191541
507 1191541
518 1191543
511 1191543
513 1191543
512 1191624
503 1191624
515 1191625
512 1191625
503 1191626
509 1191626
507 1191626
509 1191630
508 1191641
507 1191654
508 1191661
506 1191671
505 1191681
509 1191692
504 1191701
511 1191711
506 1191721
504 1191731
508 1191740
506 1191825
510 1191825
511 1191826
509 1191826
504 1191827
509 1191828
506 1191828
510 1191829
509 1191831
506 1192030
507 1192030
508 1192031
507 1192031
508 1192032
511 1192033
512 1192033
509 1192034
509 1192034
507 1192035
508 1192036
509 1192037
507 1192037
507 1192038
508 1192038
508 1192039
507 1192039
509 1192040
508 1192040
509 1192041
508 1192043
508 1192210
508 1192210
507 1192211
508 1192211
508 1192212
510 1192212
507 1192213
501 1192213
507 1192214
512 1192214
511 1192214
508 1192215
507 1192215
507 1192215
506 1192216
509 1192216
508 1192217
509 1192219
508 1192239
508 1192323
507 1192323
510 1192324
509 1192324
509 1192325
510 1192325
510 1192326
509 1192326
507 1192326
511 1192331
506 1192341
509 1192351
510 1192361
509 1192394
509 1192394
514 1192426
510 1192426
511 1192442
500 1192442
502 1192443
503 1192456
510 1192524
507 1192524
507 1192525
506 1192526
500 1192526
513 1192527
510 1192527
504 1192530
505 1192732
508 1192732
510 1192733
510 1192733
506 1192734
508 1192734
503 1192735
506 1192735
507 1192736
506 1192736
507 1192736
509 1192737
513 1192739
507 1192739
509 1192740
506 1192740
506 1192740
510 1192741
507 1192741
507 1192741
507 1192744
509 1192810
510 1192810
508 1192811
507 1192811
510 1192811
512 1192812
508 1192812
507 1192821
509 1192831
508 1192854
512 1192854
507 1192861
510 1192871
512 1192881
508 1192890
504 1192901
511 1192923
511 1192923
507 1192943
506 1192943
503 1192963
501 1192963
511 1192970
506 1192980
506 1192990
511 1193000
509 1193010
508 1193024
509 1193030
507 1193041
506 1193070
509 1193070
504 1193071
509 1193081
508 1193115
509 1193115
509 1193116
511 1193121
507 1193208
508 1193209
509 1193210
510 1193210
509 1193211
507 1193276
509 1193276
509 1193349
510 1193350
508 1193350
508 1193351
507 1193351
508 1193352
510 1193352
512 1193355
505 1193355
509 1193355
510 1193356
506 1193356
509 1193357
506 1193357
508 1193357
509 1193360
509 1193392
508 1193394
506 1193394
507 1193405
509 1193446
507 1193449
507 1193449
506 1193450
508 1193452
508 1193477
509 1193478
509 1193480
510 1193627
508 1193628
508 1193628
507 1193629
505 1193629
507 1193630
506 1193631
506 1193631
510 1193632
507 1193654
512 1193662
510 1193664
505 1193665
509 1193665
508 1193668
507 1193668
510 1193669
506 1193669
500 1193671
510 1193681
509 1193691
501 1193700
499 1193710
505 1193720
513 1193730
506 1193740
507 1193751
507 1193760
511 1193833
507 1193833
504 1193834
506 1193834
513 1193835
512 1193835
507 1193838
508 1193841
518 1194012
511 1194012
510 1194013
501 1194013
508 1194014
511 1194014
504 1194014
504 1194015
506 1194015
506 1194015
506 1194030
509 1194031
506 1194031
509 1194032
508 1194032
503 1194033
508 1194035
505 1194035
509 1194123
508 1194123
511 1194124
511 1194124
505 1194125
506 1194125
510 1194126
504 1194126
508 1194226
504 1194226
505 1194227
507 1194228
508 1194228
509 1194229
507 1194229
506 1194230
509 1194230
508 1194230
507 1194231
511 1194233
507 1194431
501 1194431
509 1194432
508 1194432
505 1194433
507 1194434
505 1194434
511 1194435
507 1194435
507 1194436
507 1194436
506 1194437
506 1194437
509 1194437
511 1194438
509 1194438
509 1194439
507 1194439
509 1194441
510 1194443
510 1194443
507 1194636
507 1194636
508 1194637
508 1194637
507 1194638
507 1194658
506 1194659
510 1194659
507 1194660
509 1194660
507 1194661
511 1194661
508 1194662
508 1194662
508 1194663
507 1194663
509 1194666
508 1194666
509 1194667
502 1194667
509 1194668
506 1194670
508 1194681
510 1194691
507 1194701
505 1194711
503 1194735
505 1194736
506 1194758
508 1194759
511 1194771
508 1194783
508 1194783
510 1194790
509 1194800
508 1194810
507 1194820
506 1194843
507 1194843
509 1194850
505 1194860
509 1194870
508 1194882
510 1194890
511 1194951
507 1194967
505 1194967
509 1194968
509 1194968
505 1194969
509 1194972
506 1194972
507 1194998
508 1194998
510 1195029
508 1195029
507 1195030
505 1195032
501 1195233
505 1195233
508 1195234
509 1195234
509 1195235
506 1195235
508 1195236
510 1195236
508 1195237
505 1195237
508 1195238
508 1195238
509 1195239
508 1195239
508 1195239
506 1195240
508 1195240
508 1195241
507 1195241
509 1195244
508 1195244
508 1195912
506 1195912
507 1195913
504 1195913
506 1195914
506 1195914
507 1195914
508 1195915
508 1195915
508 1195916
513 1195916
509 1195916
507 1195917
505 1195917
508 1195918
510 1195918
506 1195918
507 1195919
508 1195919
509 1195919
509 1195920
506 1195920
507 1195921
509 1195921
508 1195921
511 1195922
507 1195922
509 1195923
508 1195923
508 1195923
507 1195924
506 1195924
509 1195936
505 1195954
508 1195955
510 1195955
508 1195956
510 1195956
508 1195964
508 1195964
507 1195964
508 1195965
508 1195965
509 1195966
505 1195966
508 1195966
511 1195967
508 1195981
508 1195982
508 1195982
507 1195983
506 1195984
507 1195984
510 1195985
506 1195985
508 1195986
509 1195986
508 1195987
508 1195987
508 1195988
509 1195988
509 1195989
511 1195989
505 1195990
507 1195990
508 1195993
508 1195993
506 1195994
507 1195994
508 1195995
508 1195995
510 1195996
508 1195996
508 1195997
510 1195999
508 1196011
506 1196021
503 1196034
505 1196041
509 1196053
510 1196061
507 1196082
510 1196103
511 1196103
512 1196111
506 1196121
509 1196131
510 1196154
509 1196154
505 1196178
508 1196179
506 1196181
511 1196236
509 1196236
507 1196237
507 1196237
509 1196243
506 1196243
506 1196263
507 1196263
506 1196271
506 1196281
508 1196290
506 1196300
508 1196311
507 1196334
509 1196334
507 1196348
509 1196350
508 1196427
511 1196479
510 1196480
510 1196480
507 1196481
505 1196483
509 1196483
507 1196483
505 1196484
505 1196484
511 1196485
509 1196485
508 1196485
507 1196530
507 1196530
509 1196531
508 1196531
509 1196632
510 1196632
505 1196633
507 1196633
508 1196634
507 1196635
508 1196635
508 1196636
508 1196636
511 1196637
508 1196637
507 1196640
511 1196734
508 1196734
505 1196735
506 1196735
508 1196736
508 1196736
510 1196737
507 1196737
508 1196738
509 1196740
510 1196751
507 1196774
508 1196775
508 1196781
507 1196791
511 1196801
510 1196811
510 1196821
510 1196841
509 1196851
508 1196861
508 1196871
508 1196892
509 1196893
508 1196935
506 1196935
507 1196936
508 1196936
510 1196941
506 1196952
506 1196960
506 1196970
506 1196981
508 1196990
509 1197000
506 1197023
507 1197023
509 1197030
510 1197114
510 1197115
507 1197115
508 1197116
506 1197116
511 1197117
510 1197117
506 1197117
507 1197120
512 1197131
502 1197144
505 1197149
504 1197161
508 1197201
511 1197201
507 1197202
508 1197202
509 1197258
505 1197259
512 1197259
507 1197260
503 1197262
508 1197262
508 1197282
506 1197283
510 1197325
510 1197325
510 1197326
512 1197326
512 1197330
506 1197341
502 1197363
505 1197363
509 1197370
507 1197380
513 1197390
509 1197403
509 1197419
507 1197420
509 1197447
508 1197447
514 1197463
510 1197463
505 1197470
506 1197493
500 1197493
514 1197500
518 1197511
506 1197521
507 1197531
509 1197541
508 1197551
510 1197561
503 1197572
513 1197581
510 1197601
508 1197611
504 1197621
506 1197631
510 1197677
510 1197683
507 1197683
508 1197686
513 1197686
509 1197693
506 1197700
506 1197710
506 1197753
508 1197753
508 1197754
509 1197763
509 1197763
511 1197770
508 1197780
507 1197790
507 1197813
507 1197813
508 1197831
509 1197842
506 1197842
506 1197850
513 1197860
507 1197883
508 1197883
507 1197903
506 1197903
509 1197911
509 1197933
508 1197933
510 1197981
508 1197981
505 1197982
508 1197984
508 1197991
508 1198009
506 1198009
502 1198061
494 1198062
485 1198062
489 1198063
506 1198063
506 1198065
503 1198420
503 1198420
500 1198421
504 1198422
507 1198422
508 1198422
506 1198423
508 1198423
510 1198424
506 1198424
512 1198425
505 1198425
507 1198426
506 1198426
512 1198426
509 1198427
504 1198427
508 1198428
510 1198428
507 1198429
506 1198429
511 1198430
508 1198430
509 1198431
506 1198431
504 1198432
509 1198432
512 1198433
511 1198433
510 1198434
511 1198434
516 1198435
510 1198435
509 1198435
508 1198438
509 1198438
505 1198442
503 1198451
507 1198473
513 1198473
507 1198480
508 1198503
507 1198503
508 1198510
506 1198520
503 1198530
506 1198545
507 1198550
506 1198631
504 1198631
504 1198632
503 1198633
504 1198633
505 1198634
507 1198635
508 1198635
507 1198654
508 1198654
508 1198661
509 1198671
512 1198681
511 1198691
506 1198701
507 1198711
504 1198721
509 1198731
510 1198837
505 1198837
504 1198838
505 1198838
510 1198839
507 1198840
507 1198840
512 1198841
511 1198841
508 1198844
510 1198846
505 1198849
503 1198860
509 1198870
511 1198880
509 1198890
507 1198900
507 1198914
505 1198920
509 1198931
508 1198949
508 1198949
508 1198960
510 1198970
510 1198980
507 1198990
508 1199000
510 1199010
507 1199021
509 1199043
507 1199043
508 1199051
509 1199071
508 1199104
507 1199105
504 1199106
511 1199111
506 1199134
510 1199143
509 1199143
508 1199150
508 1199161
513 1199171
507 1199181
508 1199191
511 1199201
505 1199211
508 1199314
511 1199314
506 1199315
506 1199315
510 1199316
505 1199316
507 1199317
509 1199317
512 1199317
509 1199318
508 1199370
506 1199370
510 1199371
507 1199371
509 1199372
506 1199372
511 1199396
510 1199397
511 1199431
513 1199431
511 1199432
510 1199443
509 1199443
509 1199451
503 1199461
502 1199483
509 1199483
505 1199491
510 1199501
509 1199523
505 1199523
510 1199556
507 1199556
508 1199557
509 1199637
512 1199637
508 1199638
506 1199638
508 1199639
505 1199639
511 1199640
508 1199640
507 1199643
510 1199817
507 1199817
505 1199818
508 1199818
509 1199819
510 1199819
509 1199819
509 1199820
507 1199820
506 1199820
506 1199821
508 1199821
510 1199822
512 1199822
509 1199822
509 1199823
504 1199838
509 1199838
506 1199841
507 1199851
507 1199861
509 1199871
506 1199880
510 1199891
509 1199901
508 1199911
505 1199921
503 1199931
508 1199941
507 1199963
505 1199963
512 1199970
506 1199980
505 1199991
508 1200000
512 1200010
500 1200020
506 1200030
502 1200042
507 1200050
501 1200060
504 1200070
510 1200080
513 1200090
506 1200100
507 1200204
504 1200204
507 1200205
509 1200205
506 1200206
507 1200207
509 1200207
511 1200208
508 1200208
510 1200209
506 1200223
508 1200223
507 1200243
509 1200278
507 1200281
509 1200281
509 1200303
508 1200304
507 1200304
507 1200305
508 1200310
507 1200321
509 1200330
506 1200340
510 1200350
507 1200360
509 1200370
508 1200386
510 1200389
507 1200406
506 1200409
505 1200437
508 1200438
505 1200441
507 1200472
503 1200472
511 1200482
509 1200482
506 1200490
505 1200500
506 1200510
505 1200521
509 1200543
507 1200543
507 1200631
507 1200631
505 1200632
507 1200632
506 1200633
505 1200634
507 1200634
510 1200635
506 1200640
508 1200651
511 1200661
510 1200671
505 1200681
507 1200691
507 1200701
509 1200723
509 1200723
508 1200743
509 1200743
509 1200751
507 1200760
506 1200835
508 1200835
506 1200836
508 1200837
509 1200837
510 1200837
509 1200841
510 1200843
508 1201016
508 1201016
509 1201017
505 1201017
507 1201018
509 1201018
508 1201018
508 1201019
508 1201019
509 1201020
504 1201020
507 1201020
508 1201021
507 1201021
508 1201022
508 1201022
508 1201025
507 1201025
507 1201050
505 1201050
508 1201053
507 1201230
509 1201230
509 1201231
507 1201232
510 1201232
514 1201233
507 1201233
509 1201234
507 1201234
505 1201235
509 1201235
509 1201236
509 1201236
507 1201236
509 1201237
510 1201237
510 1201238
510 1201243
509 1201243
508 1201250
507 1201260
506 1201271
509 1201281
510 1201301
510 1201311
506 1201321
508 1201331
507 1201341
510 1201358
507 1201423
510 1201423
508 1201424
508 1201424
509 1201425
509 1201425
505 1201433
511 1201433
507 1201440
507 1201451
508 1201460
507 1201470
506 1201480
505 1201490
509 1201500
508 1201628
507 1201628
507 1201629
507 1201630
508 1201630
509 1201631
510 1201631
508 1201632
507 1201632
508 1201633
506 1201633
510 1201634
507 1201634
509 1201640
508 1201663
508 1201663
510 1201671
508 1201681
508 1201691
506 1201701
510 1201723
509 1201723
506 1201731
508 1201740
508 1201753
507 1201833
507 1201833
507 1201834
508 1201835
509 1201835
507 1201836
505 1201836
511 1201843
511 1201843
509 1201850
503 1201860
505 1201870
509 1201880
507 1201890
507 1201900
501 1202040
505 1202041
508 1202041
504 1202042
509 1202043
509 1202043
506 1202044
510 1202044
508 1202045
508 1202045
506 1202046
508 1202046
509 1202047
510 1202076
508 1202076
507 1202081
509 1202081
506 1202091
509 1202101
508 1202110
509 1202139
507 1202140
507 1202140
509 1202150
507 1202169
509 1202170
508 1202180
509 1202190
507 1202200
509 1202210
505 1202220
509 1202254
505 1202254
505 1202255
514 1202260
512 1202270
512 1202282
509 1202290
509 1202300
509 1202310
511 1202320
510 1202355
509 1202355
508 1202376
501 1202376
513 1202377
516 1202379
506 1202390
507 1202413
512 1202413
509 1202421
504 1202431
506 1202445
508 1202451
513 1202461
506 1202470
508 1202480
508 1202501
508 1202515
510 1202729
507 1202730
507 1202730
511 1202730
509 1202731
508 1202731
512 1202732
511 1202732
509 1202733
512 1202734
508 1202734
507 1202734
508 1202735
510 1202735
505 1202736
514 1202736
503 1202737
517 1202737
498 1202738
523 1202738
500 1202738
508 1202739
512 1202739
506 1202742
510 1202832
513 1202832
510 1202833
505 1202833
502 1202834
507 1202834
506 1202835
503 1202835
505 1202934
506 1202934
508 1202935
509 1202935
511 1202936
508 1202936
504 1202937
506 1202937
510 1202938
505 1202938
508 1202941
515 1203139
508 1203139
505 1203140
519 1203140
497 1203140
507 1203141
506 1203141
515 1203141
500 1203142
509 1203142
513 1203142
504 1203143
506 1203143
509 1203143
512 1203144
505 1203144
502 1203145
505 1203145
510 1203145
507 1203146
509 1203151
509 1203161
506 1203171
505 1203181
510 1203191
504 1203201
505 1203211
508 1203221
516 1203231
507 1203241
512 1203250
499 1203265
508 1203270
511 1203280
506 1203290
520 1203325
513 1203330
511 1203330
509 1203332
513 1203437
507 1203437
510 1203438
506 1203439
508 1203439
507 1203440
507 1203440
507 1203441
508 1203442
512 1203455
507 1203455
509 1203458
508 1203540
505 1203540
511 1203541
510 1203541
508 1203542
507 1203542
510 1203545
508 1203545
511 1203642
509 1203642
506 1203643
508 1203643
506 1203644
510 1203644
509 1203645
510 1203645
509 1203646
510 1203648
507 1203651
507 1203834
510 1203834
507 1203835
507 1203836
511 1203836
511 1203837
508 1203837
511 1203837
510 1203838
508 1203839
508 1203839
508 1203840
510 1203840
507 1203841
518 1203841
507 1203841
511 1203842
506 1203843
504 1203845
507 1203849
505 1203860
504 1203882
511 1203882
509 1203890
508 1203913
504 1203913
506 1203921
517 1203931
515 1204042
518 1204042
515 1204043
511 1204043
503 1204044
508 1204044
511 1204045
514 1204045
513 1204046
506 1204046
510 1204047
509 1204049
509 1204219
509 1204222
509 1204222
513 1204238
504 1204239
508 1204239
509 1204240
512 1204245
506 1204246
513 1204246
505 1204246
506 1204247
510 1204247
522 1204248
507 1204248
499 1204249
504 1204249
516 1204252
503 1204252
503 1204252
516 1204259
507 1204293
511 1204293
506 1204301
511 1204311
510 1204321
507 1204331
509 1204340
510 1204350
509 1204360
503 1204370
512 1204381
513 1204433
502 1204433
505 1204434
511 1204434
509 1204435
511 1204440
509 1204475
511 1204477
508 1204640
507 1204640
506 1204641
509 1204641
507 1204642
509 1204642
509 1204642
506 1204643
507 1204643
509 1204644
505 1204644
503 1204644
509 1204645
507 1204645
505 1204645
510 1204646
511 1204646
508 1204647
509 1204649
508 1204821
506 1204821
510 1204822
505 1204823
509 1204823
508 1204824
507 1204824
510 1204825
510 1204825
508 1204826
509 1204826
508 1204826
507 1204827
509 1204827
506 1204828
516 1204828
509 1204829
515 1204831
510 1205035
507 1205035
504 1205036
508 1205036
509 1205037
512 1205037
508 1205038
507 1205039
505 1205039
507 1205040
506 1205040
509 1205041
509 1205041
511 1205042
513 1205042
509 1205042
504 1205043
510 1205045
507 1205047
506 1205051
510 1205051
505 1205061
509 1205071
508 1205081
507 1205131
508 1205131
511 1205134
509 1205134
506 1205135
510 1205139
507 1205150
507 1205160
503 1205170
506 1205180
511 1205190
509 1205200
503 1205210
503 1205220
504 1205230
516 1205254
515 1205254
510 1205260
510 1205270
507 1205280
504 1205303
506 1205303
506 1205310
510 1205332
510 1205332
511 1205352
510 1205352
506 1205360
512 1205381
508 1205381
511 1205390
497 1205400
511 1205411
506 1205421
509 1205431
498 1205470
500 1205480
515 1205482
517 1205482
507 1205483
508 1205491
503 1205501
514 1205510
509 1205520
506 1205543
506 1205543
507 1205550
507 1205560
507 1205570
508 1205580
507 1205590
507 1205600
507 1205610
505 1205620
508 1205631
511 1205640
510 1205650
511 1205660
508 1205670
505 1205692
508 1205692
507 1205700
508 1205710
507 1205742
509 1205742
507 1205750
508 1205760
509 1205770
504 1205780
506 1205791
508 1205801
508 1205811
506 1205868
512 1205868
509 1205869
507 1205869
513 1205870
509 1205872
508 1205882
510 1205890
506 1205901
506 1205910
508 1205920
510 1205931
510 1205940
509 1205950
506 1205960
504 1205970
509 1205980
506 1205990
506 1206000
507 1206010
510 1206020
505 1206030
517 1206040
516 1206061
506 1206061
503 1206070
506 1206080
510 1206090
507 1206112
509 1206112
509 1206160
508 1206160
512 1206161
508 1206161
506 1206163
508 1206169
509 1206200
508 1206201
506 1206201
512 1206210
510 1206220
508 1206230
510 1206241
505 1206250
510 1206260
514 1206270
504 1206280
508 1206290
504 1206302
512 1206310
508 1206320
505 1206331
509 1206363
506 1206363
507 1206364
504 1206371
511 1206380
515 1206390
519 1206400
492 1206410
484 1206420
501 1206430
497 1206453
514 1206453
502 1206460
509 1206477
514 1206480
510 1206509
505 1206510
504 1206535
507 1206535
511 1206541
507 1206551
499 1206573
514 1206573
516 1206581
514 1206591
497 1206600
508 1206610
514 1206620
511 1206630
506 1206659
512 1206660
503 1206686
509 1206690
508 1206690
504 1206693
507 1206740
506 1206740
509 1206741
506 1206741
512 1206753
502 1206753
506 1206781
507 1206797
515 1206801
509 1206801
507 1206802
501 1206810
508 1206842
507 1206868
509 1206868
506 1206869
510 1206886
508 1206890
507 1206890
510 1206891
508 1206900
506 1207133
500 1207133
505 1207134
507 1207134
505 1207135
506 1207136
507 1207136
513 1207137
505 1207137
511 1207138
505 1207139
506 1207139
508 1207140
511 1207141
506 1207141
512 1207142
510 1207142
507 1207143
507 1207143
508 1207144
509 1207144
507 1207169
505 1207169
508 1207172
514 1207172
509 1207338
503 1207338
511 1207339
511 1207340
511 1207340
511 1207341
505 1207341
508 1207342
511 1207342
507 1207343
507 1207343
506 1207343
509 1207344
513 1207344
512 1207345
505 1207345
505 1207345
510 1207348
509 1207350
504 1207360
505 1207370
506 1207393
510 1207393
507 1207400
506 1207423
513 1207423
505 1207443
507 1207443
505 1207470
507 1207470
513 1207471
502 1207540
506 1207540
506 1207541
506 1207541
508 1207542
510 1207543
511 1207543
509 1207550
506 1207560
514 1207570
508 1207592
511 1207592
511 1207600
507 1207612
507 1207620
506 1207630
504 1207652
506 1207652
508 1207660
506 1207746
507 1207746
507 1207747
509 1207748
508 1207748
505 1207749
505 1207749
509 1207752
512 1207754
508 1207761
507 1207770
506 1207780
506 1207790
502 1207812
495 1207823
505 1207823
504 1207830
512 1207840
513 1207850
502 1207860
511 1207880
507 1207890
510 1207900
510 1207910
508 1207940
505 1207969
504 1207969
511 1207972
509 1207972
509 1208945
508 1208946
507 1208946
509 1208946
506 1208947
507 1208947
508 1208948
506 1208948
507 1208949
507 1208949
509 1208950
510 1208950
508 1208951
506 1208951
504 1208951
507 1208952
505 1208952
510 1208952
510 1208953
510 1208953
508 1208954
508 1208954
508 1208954
508 1208955
507 1208955
508 1208956
506 1208956
507 1208956
506 1208957
510 1208957
512 1208957
502 1208958
510 1208958
505 1208958
505 1208959
511 1208959
509 1208960
505 1208960
508 1208960
510 1208961
507 1208961
511 1208961
511 1208962
508 1208962
508 1208962
509 1208963
510 1208963
508 1208963
508 1208964
510 1208964
506 1208964
505 1208964
507 1208965
508 1208965
509 1208965
508 1208966
508 1208966
510 1208966
510 1208967
507 1208967
505 1208967
505 1208968
509 1208968
507 1208968
508 1208969
509 1208969
512 1208969
508 1208970
509 1208970
508 1208970
505 1208971
511 1208971
507 1208971
508 1208972
509 1208972
508 1208972
510 1208973
507 1208973
507 1208973
508 1208974
508 1208974
506 1208974
510 1208975
509 1208975
509 1209177
504 1209177
469 1209178
507 1209180
509 1209181
509 1209181
507 1209182
505 1209183
512 1209183
503 1209184
502 1209184
505 1209185
509 1209187
506 1209187
510 1209188
510 1209188
508 1209188
507 1209189
508 1209189
509 1209190
504 1209190
508 1209190
509 1209191
510 1209191
506 1209192
518 1209192
503 1209193
505 1209193
514 1209194
510 1209194
506 1209195
507 1209195
512 1209196
509 1209196
505 1209197
501 1209197
509 1209215
512 1209218
509 1209218
508 1209237
510 1209237
507 1209240
507 1209339
506 1209339
539 1209340
500 1209340
500 1209341
496 1209341
525 1209342
519 1209342
520 1209342
519 1209366
504 1209370
508 1209370
512 1209373
510 1209545
509 1209545
508 1209546
501 1209546
511 1209547
503 1209547
515 1209547
509 1209548
514 1209548
508 1209549
514 1209549
504 1209549
498 1209550
511 1209550
514 1209551
505 1209551
509 1209551
507 1209554
510 1209647
511 1209647
504 1209648
505 1209648
510 1209649
508 1209649
507 1209680
512 1209680
505 1209683
512 1209683
507 1209684
505 1209720
505 1209720
504 1209755
500 1209755
507 1209766
509 1209767
508 1209767
504 1209768
515 1209907
510 1209913
507 1209914
512 1209914
500 1209915
500 1209915
512 1209915
514 1209916
508 1209916
508 1209917
513 1209917
510 1209917
508 1209918
511 1209918
506 1209920
504 1209920
502 1209923
510 1209923
506 1209934
508 1209971
510 1209971
510 1209974
511 1209974
511 1210013
511 1210014
503 1210025
509 1210027
503 1210029
514 1210070
513 1210070
502 1210071
507 1210073
509 1210104
507 1210106
509 1210119
507 1210119
505 1210120
505 1210132
499 1210132
504 1210164
500 1210164
505 1210170
513 1210180
503 1210193
510 1210193
508 1210210
508 1210246
511 1210250
499 1210250
509 1210253
508 1210269
504 1210270
511 1210280
509 1210290
509 1210313
512 1210313
509 1210320
504 1210330
508 1210340
507 1210350
508 1210360
508 1210370
509 1210385
505 1210390
512 1210413
507 1210413
509 1210420
508 1210430
505 1210440
508 1210450
501 1210460
508 1210470
507 1210480
507 1210503
513 1210503
519 1210510
515 1210520
521 1210530
526 1210541
509 1210551
519 1210571
512 1210571
499 1210580
481 1210590
502 1210600
516 1210610
518 1210620
506 1210630
514 1210652
513 1210652
498 1210660
503 1210670
509 1210699
498 1210700
505 1210700
528 1210711
515 1210720
511 1210730
511 1210740
502 1210751
522 1210761
527 1210770
514 1210780
507 1210790
515 1210800
513 1210810
511 1210830
508 1210830
503 1210841
511 1210850
500 1210860
506 1210870
502 1210880
505 1210890
520 1210900
509 1210910
503 1210920
505 1210930
510 1210951
507 1210960
507 1210970
507 1210980
506 1210990
512 1211000
516 1211010
502 1211020
508 1211035
508 1211060
503 1211061
511 1211061
511 1211071
506 1211080
511 1211090
510 1211100
503 1211123
506 1211123
504 1211141
514 1211163
507 1211163
509 1211173
509 1211173
507 1211180
510 1211202
504 1211202
507 1211210
507 1211220
512 1211230
505 1211240
511 1211254
508 1211260
514 1211283
510 1211283
508 1211290
512 1211300
510 1211322
514 1211322
509 1211331
507 1211340
504 1211350
504 1211360
506 1211395
509 1211395
503 1211400
511 1211400
514 1211410
507 1211431
506 1211454
508 1211454
508 1211455
509 1211460
507 1211471
507 1211490
508 1211490
509 1211498
511 1211510
511 1211538
510 1211538
504 1211541
499 1211550
517 1211576
543 1211582
514 1211582
520 1211590
519 1211600
525 1211610
518 1211620
509 1211630
513 1211640
523 1211650
487 1211660
522 1211670
490 1211693
517 1211715
492 1211715
526 1211720
507 1211730
500 1211740
528 1211750
511 1211772
497 1211772
515 1211782
511 1211847
520 1211847
519 1211848
508 1211848
502 1211849
501 1211851
511 1211854
506 1212138
500 1212138
509 1212139
509 1212139
528 1212139
500 1212140
551 1212141
508 1212141
489 1212142
521 1212142
494 1212143
529 1212143
500 1212143
523 1212144
514 1212144
519 1212145
513 1212145
508 1212145
495 1212146
518 1212146
508 1212146
508 1212147
508 1212147
503 1212147
506 1212148
508 1212148
506 1212148
517 1212149
510 1212151
509 1212343
507 1212343
512 1212344
506 1212345
505 1212345
504 1212346
507 1212346
512 1212346
506 1212347
506 1212347
512 1212348
508 1212348
511 1212348
506 1212349
510 1212349
508 1212349
508 1212350
507 1212350
509 1212351
506 1212353
511 1212353
504 1212445
504 1212445
508 1212446
511 1212447
507 1212447
507 1212448
506 1212448
512 1212449
511 1212452
501 1212549
536 1212549
522 1212549
509 1212549
496 1212550
519 1212550
542 1212552
523 1212552
515 1212553
531 1212553
525 1212560
500 1212570
485 1212593
477 1212593
527 1212600
534 1212610
485 1212649
500 1212649
511 1212650
504 1212650
512 1212660
505 1212682
504 1212682
505 1212690
512 1212700
520 1212710
520 1212720
527 1212730
504 1212740
539 1212750
489 1212772
496 1212772
505 1212805
515 1212810
515 1212810
513 1212811
513 1212846
509 1212848
507 1212850
510 1213063
510 1213066
507 1213066
507 1213066
508 1213067
509 1213067
510 1213068
507 1213068
508 1213069
508 1213069
508 1213070
507 1213070
509 1213071
509 1213072
508 1213072
508 1213073
506 1213073
508 1213074
508 1213074
507 1213074
508 1213092
509 1213092
508 1213095
506 1213095
507 1213099
504 1213110
505 1213132
504 1213132
507 1213152
511 1213152
508 1213160
511 1213170
515 1213180
509 1213190
507 1213200
506 1213239
509 1213239
506 1213242
506 1213268
507 1213269
509 1213269
508 1213270
510 1213279
504 1213290
510 1213300
506 1213323
509 1213323
506 1213341
510 1213353
509 1213353
504 1213360
503 1213370
504 1213393
511 1213393
511 1213424
509 1213424
511 1213445
505 1213447
510 1213451
509 1213463
511 1213463
512 1213470
509 1213493
506 1213493
511 1213513
508 1213513
510 1213520
508 1213530
509 1213540
505 1213562
511 1213562
509 1213570
505 1213580
509 1213592
503 1213600
506 1213610
505 1213620
507 1213655
509 1213659
506 1213659
508 1213662
510 1213693
510 1213693
504 1213701
506 1213710
503 1213720
506 1213730
502 1213740
510 1213790
507 1213791
510 1213791
510 1213811
508 1213823
506 1213823
507 1213835
509 1213837
509 1213840
510 1213842
509 1213852
508 1213873
507 1213873
506 1213880
508 1213890
510 1213900
509 1213910
510 1213920
509 1213950
509 1213965
505 1213967
508 1213969
508 1213982
508 1213982
510 1213990
511 1214000
510 1214064
509 1214064
510 1214065
507 1214066
510 1214066
506 1214067
510 1214069
506 1214106
508 1214107
507 1214108
509 1214110
509 1214120
505 1214143
506 1214143
506 1214176
508 1214222
514 1214266
509 1214268
508 1214268
507 1214269
506 1214269
507 1214269
506 1214270
509 1214270
508 1214271
508 1214271
507 1214344
508 1214344
509 1214345
509 1214345
506 1214346
506 1214346
508 1214347
506 1214347
507 1214350
508 1214549
509 1214549
508 1214550
509 1214551
509 1214551
506 1214552
506 1214552
507 1214553
507 1214553
506 1214554
504 1214554
513 1214555
511 1214555
512 1214555
506 1214556
504 1214556
510 1214557
509 1214557
507 1214558
508 1214558
509 1214561
507 1214627
508 1214627
503 1214628
512 1214628
506 1214628
509 1214629
506 1214631
509 1214682
508 1214682
516 1214683
508 1214683
504 1214690
508 1214700
516 1214722
505 1214722
507 1214730
509 1214740
507 1214750
510 1214761
507 1214782
507 1214782
508 1214791
505 1214800
508 1214811
508 1214822
508 1214830
509 1214851
509 1214863
512 1214863
507 1214871
506 1214880
509 1214890
511 1214900
507 1214910
507 1214920
509 1214930
508 1214940
509 1214950
507 1214960
507 1214983
506 1214983
505 1214990
509 1215000
506 1215023
510 1215023
505 1215030
508 1215040
510 1215090
502 1215091
505 1215092
508 1215092
505 1215229
508 1215229
505 1215230
510 1215230
508 1215231
508 1215231
510 1215232
507 1215232
511 1215233
519 1215233
514 1215234
509 1215234
509 1215235
519 1215237
507 1215237
504 1215240
505 1215250
505 1215273
508 1215273
512 1215293
512 1215293
509 1215300
509 1215310
513 1215320
504 1215345
502 1215346
512 1215363
507 1215363
507 1215382
506 1215382
509 1215394
510 1215423
510 1215423
506 1215430
504 1215481
504 1215481
508 1215484
508 1215484
508 1215487
509 1215489
509 1215648
510 1215648
510 1215649
507 1215649
507 1215650
508 1215653
511 1215653
506 1215654
506 1215654
512 1215655
511 1215655
503 1215655
509 1215656
508 1215656
509 1215657
507 1215663
510 1215663
501 1215670
508 1215680
510 1215690
498 1215700
521 1215710
494 1215720
508 1215730
510 1215740
503 1215750
507 1215828
508 1215828
507 1215829
510 1215829
505 1215829
506 1215830
508 1215840
506 1215840
505 1215841
507 1217049
509 1217049
508 1217050
509 1217050
507 1217051
507 1217051
507 1217053
509 1217053
508 1217054
508 1217055
508 1217055
508 1217055
510 1217056
508 1217056
508 1217057
508 1217057
508 1217057
508 1217058
508 1217058
508 1217059
509 1217059
510 1217060
507 1217060
507 1217060
507 1217061
509 1217061
509 1217061
510 1217063
508 1217063
509 1217064
511 1217064
511 1217064
509 1217065
507 1217065
507 1217065
508 1217066
507 1217066
506 1217066
511 1217067
511 1217067
506 1217068
506 1217068
507 1217068
509 1217069
508 1217069
507 1217069
506 1217070
503 1217070
507 1217071
507 1217071
505 1217071
505 1217072
507 1217072
505 1217072
507 1217073
506 1217073
510 1217074
509 1217074
508 1217074
507 1217075
507 1217075
506 1217075
506 1217076
509 1217076
507 1217076
508 1217077
507 1217077
509 1217078
509 1217078
505 1217078
507 1217079
505 1217079
506 1217080
508 1217080
507 1217080
509 1217133
510 1217133
507 1217133
507 1217134
505 1217134
507 1217134
509 1217135
508 1217135
510 1217135
509 1217136
510 1217136
509 1217136
506 1217137
506 1217137
506 1217137
508 1217138
508 1217138
509 1217138
508 1217139
508 1217139
508 1217139
507 1217140
508 1217140
507 1217140
509 1217141
505 1217141
508 1217141
508 1217142
508 1217142
507 1217143
508 1217143
510 1217143
507 1217144
506 1217144
508 1217145
509 1217145
508 1217146
508 1217146
508 1217146
508 1217147
507 1217147
509 1217148
509 1217148
508 1217149
508 1217151
509 1217151
509 1217152
509 1217152
507 1217170
507 1217171
507 1217172
506 1217172
508 1217173
508 1217173
507 1217176
509 1217176
510 1217179
507 1217229
507 1217229
506 1217230
508 1217230
506 1217231
508 1217240
507 1217250
510 1217262
507 1217282
507 1217282
506 1217291
507 1217300
506 1217315
506 1217320
507 1217330
507 1217340
508 1217350
508 1217360
509 1217370
507 1217380
507 1217389
508 1217400
508 1217409
508 1217423
507 1217430
508 1217442
509 1217450
509 1217460
507 1217483
507 1217483
508 1217490
508 1217513
509 1217513
508 1217520
508 1217555
508 1217556
506 1217556
507 1217573
506 1217573
507 1217580
507 1217590
508 1217600
508 1217610
509 1217620
509 1217640
511 1217650
508 1217660
507 1217673
507 1217686
507 1217689
508 1217729
509 1217729
509 1217730
508 1217731
510 1217752
508 1217752
509 1217759
507 1217770
508 1217779
507 1217789
510 1217800
507 1217809
508 1217820
509 1217863
508 1217864
508 1217864
508 1217864
507 1217949
510 1217949
508 1217950
506 1217950
507 1217951
508 1217951
507 1217952
509 1217952
506 1217953
508 1217960
509 1217970
508 1217980
509 1217990
509 1218000
508 1218010
508 1218020
505 1218154
506 1218154
508 1218155
508 1218156
507 1218156
509 1218157
507 1218157
509 1218158
508 1218158
508 1218159
507 1218159
506 1218159
506 1218160
508 1218162
509 1218232
508 1218232
508 1218233
509 1218233
507 1218234
508 1218234
507 1218234
508 1218343
507 1218343
507 1218344
505 1218344
507 1218345
510 1218345
508 1218346
506 1218346
510 1218347
508 1218348
507 1218350
508 1218548
507 1218548
509 1218549
511 1218549
508 1218552
508 1218553
508 1218553
509 1218554
507 1218554
508 1218555
507 1218555
506 1218556
507 1218556
507 1218557
503 1218557
503 1218557
510 1218558
506 1218558
508 1218559
508 1218559
506 1218562
506 1218753
509 1218753
509 1218754
511 1218754
507 1218755
508 1218755
507 1218756
508 1218756
509 1218757
507 1218757
507 1218758
511 1218759
506 1218759
504 1218760
511 1218760
509 1218761
506 1218763
507 1218764
507 1218764
505 1218766
508 1218830
506 1218830
506 1218831
505 1218831
504 1218831
506 1218832
507 1218832
509 1218840
511 1218850
506 1218860
509 1218869
507 1218880
509 1218889
508 1218900
507 1218909
507 1218922
508 1218929
510 1218966
507 1218970
506 1218970
507 1218973
510 1219046
508 1219081
508 1219081
509 1219103
508 1219103
508 1219103
509 1219104
506 1219115
505 1219116
508 1219116
506 1219117
508 1219117
509 1219118
508 1219175
509 1219177
509 1219177
507 1219178
508 1219178
509 1219179
508 1219181
508 1219190
507 1219200
508 1219209
509 1219220
511 1219230
508 1219265
508 1219265
506 1219269
508 1219305
508 1219306
508 1219306
507 1219306
509 1219309
509 1219319
507 1219330
505 1219355
507 1219363
507 1219363
508 1219370
507 1219380
507 1219390
509 1219400
509 1219436
507 1219440
506 1219440
507 1219528
506 1219528
509 1219529
507 1219529
508 1219530
507 1219530
510 1219531
508 1219531
507 1219532
507 1219543
508 1219544
507 1219576
507 1219580
507 1219580
507 1219581
509 1219590
508 1219599
508 1219610
508 1219619
509 1219642
507 1219642
508 1219649
507 1219660
507 1219669
507 1219679
508 1219689
507 1219700
508 1219710
508 1219720
509 1219730
508 1219763
509 1219763
507 1219786
508 1219790
508 1219790
510 1219793
507 1219839
507 1219840
506 1219841
508 1219841
509 1219850
508 1219860
508 1219870
509 1219880
509 1219890
507 1219900
506 1219910
509 1219920
509 1219944
508 1219944
507 1219950
509 1219960
511 1219970
508 1219979
507 1219989
508 1220000
506 1220009
508 1220020
508 1220029
509 1220040
508 1220049
510 1220059
506 1220069
507 1220080
506 1220103
506 1220103
508 1220110
506 1220120
508 1220130
506 1220140
508 1220150
508 1220160
510 1220182
508 1220182
506 1220190
510 1220200
508 1220210
509 1220220
506 1220230
508 1220240
509 1220250
508 1220260
507 1220271
508 1220280
505 1220290
509 1220300
507 1220310
506 1220320
508 1220330
509 1220340
509 1220388
507 1220389
508 1220389
510 1220390
508 1220390
509 1220400
507 1220409
510 1220434
508 1220435
506 1220438
505 1220449
506 1220472
510 1220472
508 1220480
508 1220490
508 1220500
507 1220510
511 1220520
507 1220530
507 1220540
508 1220550
509 1220560
510 1220573
508 1220605
508 1220605
509 1220612
510 1220612
508 1220630
507 1220640
507 1220668
509 1220668
509 1220671
507 1220682
509 1220690
507 1220700
509 1220710
509 1220719
507 1220729
506 1220739
511 1220749
509 1220759
507 1220770
508 1220779
508 1220790
508 1220811
506 1220812
510 1220819
506 1220830
512 1220840
507 1220850
507 1220873
508 1220873
512 1220880
509 1220890
510 1220901
508 1220910
507 1220920
505 1220930
507 1220941
505 1220963
505 1220963
506 1220982
510 1220982
509 1220990
508 1221004
507 1221010
508 1221030
508 1221030
505 1221040
508 1221050
509 1221060
508 1221077
508 1221079
508 1221090
505 1221100
508 1221110
509 1221120
509 1221130
508 1221143
509 1221149
507 1221159
509 1221210
510 1221210
506 1221211
507 1221213
509 1221224
508 1221224
509 1221230
510 1221242
507 1221250
507 1221260
509 1221280
508 1221316
507 1221320
508 1221320
508 1221323
509 1221434
509 1221434
508 1221435
512 1221435
500 1221436
506 1221436
506 1221436
509 1221437
513 1221437
506 1221438
506 1221456
511 1221458
507 1221460
508 1221460
506 1221469
507 1221480
507 1221489
506 1221500
508 1221509
508 1221520
507 1221529
508 1221539
507 1221568
508 1221568
508 1221569
507 1221580
508 1221649
509 1221649
507 1221650
507 1221650
510 1221651
510 1221651
509 1221652
505 1221673
506 1221673
502 1221680
512 1221690
510 1221700
507 1221710
505 1221720
509 1221730
508 1221751
507 1221751
505 1221854
507 1221854
511 1221855
506 1221855
512 1221856
509 1221857
508 1221857
511 1221858
508 1221858
508 1221861
506 1221863
509 1221869
510 1221880
506 1221890
509 1221900
508 1221910
512 1221919
507 1221942
510 1221942
505 1221949
506 1222034
511 1222035
508 1222036
510 1222036
507 1222037
511 1222037
504 1222038
513 1222061
516 1222062
505 1222062
510 1222068
505 1222080
511 1222090
506 1222112
509 1222112
504 1222120
505 1222130
510 1222140
508 1222150
505 1222160
508 1222170
508 1222181
506 1222190
512 1222207
506 1222210
510 1222351
510 1222351
506 1222352
507 1222352
506 1222353
507 1222353
508 1222354
510 1222354
506 1222354
510 1222355
505 1222355
507 1222355
510 1222356
507 1222356
506 1222360
507 1222370
508 1222380
507 1222390
507 1222400
506 1222410
509 1222420
513 1222430
509 1222440
513 1222555
501 1222555
507 1222556
505 1222556
512 1222557
508 1222557
504 1222558
507 1222558
507 1222558
509 1222559
509 1222559
509 1222562
508 1222657
508 1222657
505 1222658
509 1222658
505 1222659
508 1222659
509 1222660
510 1222660
507 1222661
511 1222663
507 1222736
506 1222736
508 1222737
506 1222737
507 1222738
510 1222738
508 1222739
507 1222741
507 1222849
511 1222849
507 1222850
510 1222850
510 1222850
505 1222851
509 1222851
507 1222851
503 1222852
504 1222852
504 1222883
493 1222884
502 1222884
503 1222888
503 1222899
503 1222922
499 1222923
505 1222930
504 1222983
510 1222983
509 1222984
508 1222984
509 1222992
504 1222992
508 1222999
510 1223011
508 1223019
508 1223029
505 1223039
510 1223049
518 1223059
505 1223070
504 1223079
506 1223090
513 1223104
503 1223110
508 1223123
504 1223130
510 1223140
514 1223150
511 1223178
506 1223178
501 1223181
507 1223202
503 1223202
510 1223210
512 1223220
508 1223230
511 1223240
507 1223275
506 1223275
509 1223280
506 1223281
509 1223290
508 1223300
509 1223310
507 1223331
508 1223331
505 1223340
508 1223350
508 1223360
511 1223370
511 1223379
508 1223389
512 1223399
505 1223409
508 1223419
506 1223430
508 1223439
508 1223449
508 1223460
508 1223470
510 1223480
509 1223490
507 1223502
505 1223524
508 1223524
508 1223531
509 1223540
508 1223550
509 1223570
503 1223580
509 1223590
508 1223600
505 1223610
507 1223620
506 1223630
511 1223640
509 1223650
508 1223660
506 1223670
507 1223692
510 1223692
510 1223700
510 1223710
507 1223720
505 1223730
510 1223739
509 1223756
505 1223777
505 1223777
507 1223780
508 1223789
507 1223799
506 1223809
510 1223819
508 1223829
509 1223840
507 1223850
510 1223864
511 1223870
505 1223880
509 1223890
512 1223900
505 1223910
505 1223920
505 1223930
513 1223940
505 1223950
509 1223961
507 1223971
508 1223980
511 1223990
506 1224000
504 1224010
508 1224031
506 1224031
509 1224040
510 1224060
509 1224072
507 1224072
508 1224079
510 1224093
507 1224102
507 1224109
506 1224132
506 1224132
507 1224139
508 1224149
504 1224159
509 1224169
509 1224192
506 1224192
508 1224199
509 1224210
510 1224221
510 1224230
510 1224253
508 1224253
507 1224288
507 1224289
509 1224289
510 1224313
508 1224313
509 1224345
507 1224345
510 1224350
508 1224350
510 1224360
503 1224370
506 1224380
510 1224390
508 1224400
508 1224410
508 1224420
509 1224436
507 1224439
507 1224449
508 1224460
506 1224469
508 1224480
507 1224502
507 1224502
509 1224509
510 1224519
507 1224529
507 1224539
510 1224549
509 1224559
506 1224573
509 1224582
506 1224590
507 1224601
509 1224610
507 1224632
508 1224632
510 1224640
512 1224650
511 1224672
510 1224672
509 1224682
509 1224690
508 1224737
506 1224737
508 1224738
506 1224738
506 1224752
508 1224752
507 1224760
504 1224769
509 1224779
506 1224802
504 1224803
506 1224810
507 1224819
506 1224830
507 1224840
506 1224849
507 1224859
510 1224869
510 1224879
504 1224889
507 1224899
508 1224909
506 1224920
503 1224929
510 1224939
510 1224949
509 1224959
506 1224970
510 1224980
507 1224990
508 1225000
506 1225010
508 1225023
509 1225030
511 1225040
507 1225060
509 1225070
509 1225092
508 1225092
504 1225102
507 1225110
510 1225120
508 1225155
510 1225155
508 1225180
510 1225180
511 1225181
508 1225182
508 1225190
506 1225200
508 1225210
506 1225220
509 1225230
508 1225240
506 1225250
510 1225281
508 1225281
507 1225282
508 1225289
508 1225299
508 1225309
509 1225319
507 1225329
510 1225352
508 1225352
508 1225360
508 1225370
507 1225380
508 1225390
508 1225400
508 1225410
508 1225420
509 1225430
508 1225440
508 1225451
507 1225461
506 1225470
506 1225480
505 1225490
507 1225512
507 1225512
506 1225520
509 1225530
508 1225540
506 1225550
506 1225560
507 1225569
509 1225579
509 1225590
508 1225599
508 1225609
508 1225632
509 1225632
507 1225639
506 1225649
507 1225659
508 1225677
507 1225679
508 1225689
509 1225699
507 1225709
510 1225728
508 1225743
507 1225743
506 1225750
507 1225760
508 1225770
508 1225790
507 1225800
508 1225810
509 1225820
507 1225833
508 1225858
508 1225859
508 1225859
509 1225870
506 1225880
508 1225890
508 1225900
509 1225911
508 1225920
507 1225929
507 1225952
507 1225953
507 1225959
506 1225969
506 1225979
508 1225990
508 1225999
508 1226009
509 1226019
506 1226029
508 1226040
506 1226051
508 1226059
508 1226069
507 1226079
508 1226090
508 1226102
508 1226110
507 1226120
507 1226130
507 1226165
508 1226165
508 1226171
508 1226172
508 1226182
508 1226190
506 1226200
503 1226210
504 1226220
509 1226230
510 1226241
510 1226939
506 1226940
508 1226940
508 1226941
507 1226959
507 1226960
506 1226960
507 1226960
508 1226961
508 1226961
509 1226962
511 1226962
510 1226963
509 1226963
510 1226963
507 1226964
512 1226964
504 1226964
508 1226965
510 1226965
507 1226965
509 1226966
507 1226966
508 1226967
509 1226967
510 1226967
511 1226968
510 1226968
510 1226969
506 1226969
510 1226970
510 1226970
509 1226971
506 1226971
508 1226972
511 1226972
509 1226972
506 1226973
511 1226973
511 1226974
510 1226974
505 1226974
506 1226975
506 1226975
510 1226976
508 1226976
507 1226976
507 1226977
510 1226977
510 1226978
508 1226978
507 1226978
504 1226979
508 1226979
509 1226980
510 1226980
516 1226980
510 1226981
511 1226981
508 1226982
506 1226982
504 1226983
509 1226983
513 1226983
509 1226984
507 1226984
506 1226985
508 1226985
508 1226985
507 1226989
505 1226989
508 1226990
513 1226990
507 1226990
507 1227154
509 1227154
512 1227155
507 1227155
511 1227156
506 1227156
508 1227157
510 1227157
509 1227158
508 1227158
509 1227159
511 1227159
509 1227160
509 1227160
507 1227163
508 1227165
508 1227170
506 1227170
506 1227179
508 1227189
507 1227199
513 1227210
509 1227219
513 1227229
510 1227359
508 1227359
506 1227360
512 1227360
507 1227361
509 1227361
511 1227363
506 1227363
506 1227364
507 1227364
506 1227364
511 1227373
506 1227373
505 1227380
507 1227390
510 1227400
505 1227410
506 1227420
507 1227430
508 1227440
509 1227450
507 1227462
506 1227482
511 1227482
510 1227490
509 1227500
506 1227510
508 1227520
509 1227531
508 1227541
508 1227549
509 1227559
509 1227569
508 1227579
509 1227589
508 1227599
506 1227609
508 1227619
508 1227629
509 1227639
508 1227662
506 1227662
506 1227669
508 1227679
508 1227689
510 1227711
507 1227711
506 1227719
507 1227729
510 1227740
508 1227750
507 1227760
516 1227770
505 1227780
507 1227790
512 1227800
507 1227810
509 1227824
509 1227830
511 1227852
505 1227852
507 1227860
506 1227870
508 1227880
505 1227902
507 1227902
507 1228062
509 1228062
510 1228063
504 1228063
512 1228064
504 1228064
509 1228065
508 1228065
506 1228066
506 1228066
508 1228067
509 1228067
506 1228068
508 1228068
509 1228084
508 1228086
507 1228253
509 1228267
509 1228267
506 1228268
507 1228268
511 1228269
508 1228269
509 1228270
505 1228270
509 1228271
508 1228271
509 1228271
508 1228272
508 1228272
509 1228273
510 1228273
509 1228273
507 1228276
505 1228276
507 1228276
509 1228279
508 1228290
515 1228300
506 1228310
510 1228332
507 1228332
509 1228339
507 1228349
507 1228457
509 1228457
509 1228458
508 1228458
508 1228459
508 1228460
509 1228460
507 1228461
507 1228461
507 1228462
507 1228465
507 1228663
506 1228663
504 1228664
507 1228664
514 1228665
506 1228666
507 1228666
507 1228667
508 1228667
507 1228667
509 1228668
507 1228668
510 1228668
509 1228669
507 1228669
506 1228669
504 1228669
506 1228675
508 1228679
506 1228679
508 1228681
510 1228761
510 1228761
509 1228762
509 1228762
508 1228763
507 1228763
507 1228801
509 1228801
509 1228804
510 1228805
508 1228805
508 1228834
509 1228835
507 1228835
510 1228836
507 1228838
508 1228883
505 1228883
508 1228890
507 1228919
509 1228919
508 1228922
507 1228922
509 1228958
508 1228958
509 1228992
511 1228992
508 1228995
507 1228995
508 1228997
507 1229003
506 1229003
507 1229061
507 1229061
507 1229064
509 1229064
507 1229065
506 1229078
509 1229078
507 1229110
507 1229163
508 1229163
507 1229164
506 1229164
507 1229165
507 1229165
507 1229166
510 1229191
507 1229202
505 1229202
507 1229214
507 1229216
506 1229218
507 1229220
509 1229243
509 1229251
510 1229353
508 1229353
509 1229354
507 1229354
510 1229355
510 1229355
510 1229356
509 1229356
508 1229357
507 1229357
512 1229362
511 1229362
505 1229370
507 1229380
505 1229389
505 1229399
507 1229410
519 1229419
511 1229429
519 1229558
530 1229558
510 1229559
505 1229559
501 1229560
512 1229560
494 1229561
517 1229561
513 1229562
512 1229563
504 1229565
503 1229565
519 1229568
505 1229579
526 1229589
525 1229600
481 1229610
491 1229620
499 1229630
541 1229640
519 1229650
521 1229764
498 1229764
501 1229765
502 1229765
503 1229765
499 1229766
514 1229766
518 1229767
503 1229767
501 1229768
504 1229772
507 1229772
511 1229780
508 1229802
511 1229802
511 1229809
512 1229819
510 1229829
510 1229839
507 1229849
507 1229861
505 1229954
500 1229954
503 1229955
512 1229955
512 1229956
511 1229956
498 1229957
508 1229965
515 1229967
507 1229967
504 1230057
508 1230057
510 1230058
509 1230059
505 1230059
505 1230060
507 1230060
517 1230061
511 1230062
506 1230064
512 1230159
513 1230159
512 1230160
507 1230160
510 1230161
506 1230161
512 1230161
510 1230162
508 1230162
508 1230163
511 1230169
507 1230190
510 1230200
508 1230222
505 1230222
503 1230230
508 1230239
512 1230268
507 1230269
508 1230269
512 1230364
506 1230364
499 1230365
510 1230365
514 1230366
516 1230366
504 1230366
503 1230367
507 1230367
511 1230369
508 1230553
506 1230554
500 1230555
512 1230557
502 1230557
504 1230558
507 1230558
508 1230559
506 1230559
506 1230560
505 1230560
512 1230561
509 1230561
503 1230561
509 1230562
515 1230562
506 1230563
511 1230574
508 1230576
504 1230578
506 1230604
510 1230606
504 1230610
506 1230611
500 1230655
507 1230690
510 1230690
504 1230693
509 1230693
497 1230694
510 1230694
508 1230695
507 1230717
511 1230736
504 1230740
508 1230740
514 1230743
507 1230748
503 1230760
503 1230770
511 1230780
510 1230802
511 1230802
508 1230810
509 1230820
510 1230833
505 1230852
503 1230852
512 1230860
507 1230870
511 1230880
508 1230890
508 1230900
507 1230910
504 1230920
511 1230930
503 1230939
509 1230962
508 1230962
504 1230973
508 1231059
507 1231059
501 1231060
505 1231060
509 1231061
506 1231061
512 1231062
504 1231062
496 1231069
509 1231079
510 1231091
514 1231099
504 1231110
511 1231120
505 1231130
502 1231140
510 1231185
523 1231186
510 1231265
509 1231265
514 1231266
506 1231266
504 1231267
506 1231267
511 1231268
516 1231268
490 1231269
503 1231285
511 1231289
505 1231289
510 1231291
510 1231344
511 1231344
504 1231345
511 1231345
508 1231346
506 1231348
511 1231363
510 1231378
508 1231379
518 1231402
507 1231402
507 1231409
509 1231430
505 1231442
511 1231442
510 1231449
515 1231459
507 1231469
513 1231480
508 1231490
499 1231500
510 1231510
505 1231520
511 1231542
511 1231542
510 1231580
507 1231580
506 1231581
505 1231605
507 1231605
509 1231610
499 1231610
510 1231642
504 1231642
505 1231650
510 1231660
513 1231670
513 1231680
515 1231689
501 1231712
507 1231712
501 1231721
513 1231740
498 1231741
506 1231749
510 1231759
509 1231769
509 1231779
505 1231830
507 1231830
507 1231833
508 1231833
508 1231835
508 1231839
506 1231850
507 1231860
503 1231872
506 1231884
502 1231890
513 1231900
505 1231910
512 1231920
510 1231942
508 1231942
513 1231949
503 1231996
503 1231997
502 1231997
509 1231998
504 1232001
504 1232014
512 1232657
506 1232657
511 1232658
510 1232658
499 1232658
501 1232659
511 1232659
511 1232660
510 1232660
507 1232661
505 1232661
512 1232662
504 1232662
505 1232662
504 1232664
511 1232665
516 1232665
502 1232666
509 1232666
512 1232666
509 1232667
511 1232667
505 1232667
509 1232668
504 1232668
505 1232668
512 1232669
519 1232669
513 1232670
515 1232670
509 1232670
507 1232671
509 1232671
508 1232671
509 1232672
509 1232672
508 1232672
508 1232673
509 1232673
506 1232673
506 1232674
508 1232674
508 1232674
507 1232674
509 1232675
507 1232675
510 1232675
506 1232676
507 1232676
510 1232676
513 1232677
506 1232677
516 1232677
504 1232678
496 1232678
510 1232678
518 1232679
512 1232679
517 1232679
508 1232680
510 1232680
506 1232680
504 1232682
506 1232682
508 1232682
508 1232683
506 1232864
508 1232864
504 1232865
504 1232865
506 1232866
509 1232866
509 1232866
507 1232867
506 1232867
509 1232867
508 1232868
508 1232868
507 1232869
509 1232869
510 1232869
511 1232870
510 1232870
509 1232871
500 1232873
507 1233044
507 1233044
502 1233045
505 1233045
504 1233046
506 1233046
504 1233047
512 1233047
510 1233047
514 1233048
515 1233048
507 1233049
504 1233049
506 1233050
506 1233050
506 1233050
507 1233051
511 1233062
511 1233064
510 1233069
504 1233079
514 1233090
510 1233100
513 1233110
512 1233156
508 1233156
511 1233157
503 1233157
514 1233160
512 1233258
506 1233258
513 1233259
507 1233259
505 1233260
502 1233260
508 1233261
511 1233261
511 1233262
509 1233269
507 1233279
506 1233302
509 1233302
512 1233309
504 1233319
507 1233329
510 1233339
509 1233349
507 1233359
508 1233376
501 1233379
504 1233446
502 1233446
503 1233447
513 1233447
508 1233448
515 1233448
505 1233451
506 1233659
506 1233659
505 1233660
511 1233660
508 1233661
513 1233661
507 1233662
507 1233662
502 1233662
503 1233663
502 1233663
507 1233664
500 1233664
498 1233665
517 1233665
515 1233665
503 1233666
501 1233666
506 1233666
506 1233667
499 1233672
498 1233672
507 1233680
508 1233689
505 1233699
508 1233709
506 1233719
506 1233754
509 1233754
510 1233757
506 1233865
506 1233865
507 1233866
509 1233866
517 1233867
507 1233867
503 1233867
510 1233868
506 1233868
509 1233869
510 1233869
509 1233871
510 1233882
506 1233909
507 1233910
505 1233911
506 1233919
511 1233929
504 1233939
512 1233949
504 1233969
507 1233979
505 1233989
509 1233999
502 1234009
507 1234030
509 1234042
510 1234042
508 1234049
508 1234059
505 1234069
509 1234079
515 1234089
511 1234099
504 1234109
502 1234122
506 1234129
509 1234139
509 1234149
511 1234159
507 1234169
509 1234181
504 1234189
508 1234199
507 1234209
507 1234219
507 1234230
507 1234259
508 1234259
507 1234260
508 1234270
509 1234280
508 1234290
504 1234299
509 1234309
509 1234319
506 1234329
505 1234339
508 1234374
510 1234376
503 1234468
500 1234468
504 1234469
507 1234469
506 1234470
507 1234470
508 1234470
507 1234471
509 1234473
507 1234473
510 1234474
508 1234546
507 1234546
502 1234547
505 1234547
516 1234548
507 1234549
506 1234549
505 1234552
508 1234563
501 1234569
505 1234579
510 1234589
511 1234600
506 1234635
507 1234635
508 1234640
506 1234640
508 1234650
513 1234672
502 1234672
510 1234679
507 1234692
513 1234699
505 1234719
506 1234729
506 1234739
508 1234750
507 1234772
508 1234772
506 1234779
511 1234790
514 1234800
504 1234809
503 1234832
509 1234832
509 1234840
509 1234849
506 1234905
504 1234906
509 1234906
507 1234930
510 1234931
511 1234932
509 1234932
507 1234932
508 1234939
506 1235018
511 1235018
504 1235019
510 1235019
496 1235020
500 1235020
496 1235020
510 1235023
504 1235031
528 1235039
516 1235049
512 1235059
508 1235069
507 1235079
512 1235091
507 1235099
508 1235109
507 1235119
515 1235129
505 1235139
510 1235149
514 1235159
509 1235169
514 1235179
507 1235202
505 1235202
495 1235210
512 1235219
506 1235229
506 1235245
512 1235248
505 1235277
511 1235277
507 1235280
504 1235310
512 1235311
501 1235311
517 1235338
501 1235339
511 1235339
501 1235381
504 1235381
502 1235382
510 1235383
505 1235390
502 1235400
511 1235422
501 1235422
507 1235429
503 1235449
509 1235459
508 1235469
508 1235479
511 1235501
511 1235501
512 1235509
506 1235519
500 1235529
504 1235539
510 1235549
504 1235559
511 1235569
512 1235579
509 1235589
507 1235599
512 1235769
511 1235769
508 1235770
508 1235770
502 1235770
509 1235771
510 1235771
507 1235771
509 1235772
517 1235772
507 1235772
508 1235773
508 1235773
507 1235773
507 1235774
509 1235774
508 1235775
509 1235779
507 1235790
507 1235799
507 1235809
508 1235825
507 1235843
507 1235844
510 1235850
508 1235859
504 1235869
505 1235879
508 1235889
509 1235899
507 1235909
512 1235920
508 1235930
509 1235939
507 1235949
507 1235959
502 1235969
510 1235979
507 1235989
510 1235999
523 1236009
511 1236019
507 1236029
500 1236039
504 1236049
502 1236059
516 1236081
513 1236081
512 1236089
513 1236099
515 1236110
513 1236120
505 1236131
513 1236140
510 1236151
513 1236172
514 1236172
507 1236189
506 1236199
507 1236209
511 1236219
513 1236229
508 1236239
510 1236250
508 1236259
510 1236275
506 1236278
510 1236289
509 1236299
510 1236309
511 1236319
504 1236329
509 1236344
504 1236349
509 1236359
509 1236369
510 1236399
510 1236399
506 1236400
505 1236409
508 1236432
505 1236433
505 1236439
507 1236449
513 1236459
511 1236469
515 1236481
503 1236493
499 1236506
510 1236509
501 1236523
509 1236529
506 1236540
506 1236558
509 1236558
508 1236569
503 1236580
514 1236589
509 1236599
507 1236609
518 1236620
507 1236637
510 1236640
506 1236649
503 1236762
512 1236762
513 1236763
517 1236763
510 1236764
502 1236765
508 1236765
508 1236766
499 1236766
505 1236767
503 1236771
503 1236771
502 1236779
502 1236789
500 1236799
510 1236809
514 1236819
505 1236829
509 1236839
510 1237047
508 1237047
496 1237048
499 1237048
493 1237049
513 1237049
508 1237050
508 1237050
503 1237051
505 1237051
505 1237052
506 1237052
510 1237053
516 1237053
507 1237053
507 1237054
505 1237054
512 1237055
513 1237055
510 1237058
506 1237058
502 1237150
505 1237150
510 1237151
504 1237151
505 1237152
506 1237152
511 1237153
509 1237153
511 1237154
509 1237159
506 1237169
506 1237179
507 1237189
507 1237199
506 1237209
504 1237219
505 1237360
506 1237360
508 1237361
508 1237361
507 1237362
507 1237362
506 1237363
508 1237363
505 1237364
511 1237364
506 1237364
512 1237365
494 1237365
501 1237366
513 1237368
513 1237561
502 1237561
509 1237562
508 1237562
509 1237563
509 1237563
509 1237564
504 1237564
504 1237565
505 1237566
506 1237566
507 1237567
513 1237567
510 1237567
510 1237568
512 1237568
508 1237568
508 1237569
502 1237569
508 1237571
503 1237768
509 1237768
514 1237769
509 1237769
507 1237770
509 1237770
506 1237771
505 1237771
505 1237772
506 1237774
514 1237775
506 1237775
509 1237775
509 1237776
506 1237776
510 1237776
508 1237777
508 1237777
501 1237777
499 1237780
516 1237947
510 1237947
507 1237948
512 1237948
504 1237948
507 1237949
511 1237949
507 1237950
505 1237950
510 1237950
508 1237951
510 1237951
500 1237951
509 1237952
506 1237952
506 1237952
514 1237953
511 1237970
494 1237970
501 1237979
510 1237990
504 1238000
510 1238010
497 1238020
523 1238033
519 1238040
496 1238049
496 1238059
500 1238084
519 1238090
507 1238102
508 1238102
516 1238109
508 1238119
511 1238129
508 1238139
496 1238150
508 1238172
520 1238172
502 1238179
512 1238189
497 1238199
505 1238209
516 1238219
499 1238229
510 1238240
518 1238249
512 1238265
501 1238269
511 1238279
511 1238301
510 1238301
510 1238309
511 1238319
520 1238329
518 1238339
522 1238349
505 1238360
513 1238370
509 1238379
517 1238390
518 1238400
507 1238409
500 1238430
509 1238439
510 1238451
507 1238462
514 1238469
507 1238479
507 1238489
514 1238499
510 1238509
506 1238519
510 1238529
513 1238539
509 1238549
509 1238559
504 1238580
507 1238581
506 1238601
505 1238601
506 1238609
504 1238619
504 1238629
505 1238645
495 1238648
503 1238970
496 1238970
514 1238971
510 1238971
512 1238971
505 1238972
511 1238972
511 1238973
506 1238973
509 1238973
514 1238974
508 1238974
514 1238974
509 1238975
507 1238990
513 1238991
511 1238992
507 1238993
508 1238994
514 1238995
503 1238995
516 1238997
504 1238998
519 1238999
516 1238999
513 1238999
510 1239000
503 1239000
499 1239000
512 1239001
509 1239001
510 1239001
505 1239004
500 1239004
509 1239005
510 1239009
517 1239019
518 1239029
500 1239039
505 1239049
510 1239059
506 1239069
519 1239079
504 1239089
507 1239099
509 1239109
508 1239122
505 1239129
508 1239139
517 1239149
508 1239159
505 1239169
506 1239190
511 1239200
508 1239209
510 1239219
506 1239230
506 1239239
509 1239250
507 1239272
509 1239272
505 1239280
510 1239292
504 1239299
504 1239309
505 1239319
502 1239329
509 1239339
509 1239349
513 1239359
507 1239369
514 1239387
513 1239389
507 1239397
500 1239415
503 1239419
506 1239429
509 1239439
506 1239449
506 1239459
505 1239469
509 1239510
508 1239510
507 1239511
505 1239511
505 1239526
507 1239529
505 1239545
510 1239549
508 1239560
501 1239592
505 1239594
504 1239594
507 1239600
509 1239610
507 1239619
505 1239629
507 1239647
510 1239651
510 1239672
508 1239672
507 1239680
512 1239689
521 1239699
517 1239709
512 1239719
506 1239729
500 1239739
511 1239749
506 1239759
502 1239770
498 1239779
506 1239789
511 1239799
513 1239809
508 1239819
503 1239829
508 1239839
508 1239849
505 1239869
510 1239967
506 1239967
511 1239968
511 1239970
509 1239970
509 1239971
509 1239971
505 1239972
507 1239972
510 1239974
506 1240172
508 1240172
509 1240173
506 1240174
513 1240174
511 1240175
509 1240175
508 1240176
505 1240176
509 1240177
509 1240177
506 1240178
510 1240178
507 1240179
510 1240179
507 1240180
505 1240180
506 1240181
506 1240181
506 1240183
510 1240183
504 1240249
503 1240249
507 1240250
506 1240250
507 1240250
507 1240251
508 1240251
510 1240259
506 1240283
509 1240283
508 1240287
508 1240326
506 1240328
507 1240330
507 1240330
507 1240339
507 1240362
508 1240362
508 1240370
508 1240379
509 1240390
508 1240399
508 1240409
507 1240419
507 1240431
507 1240442
508 1240449
508 1240459
509 1240482
508 1240482
510 1240489
506 1240499
506 1240509
509 1240519
507 1240529
506 1240540
508 1240549
507 1240572
509 1240572
512 1240592
509 1240621
508 1240622
507 1240622
509 1240647
509 1240648
507 1240649
507 1240684
508 1240685
509 1240685
509 1240693
508 1240701
506 1240710
510 1240719
508 1240729
508 1240739
509 1240749
509 1240759
510 1240769
507 1240779
510 1240789
504 1240799
511 1240809
506 1240821
508 1240829
507 1240840
505 1240849
513 1240859
507 1240869
508 1240879
507 1240889
509 1240910
505 1240923
509 1240924
508 1240932
508 1240939
509 1240949
508 1240959
509 1240969
502 1241020
513 1241020
508 1241021
500 1241021
508 1241022
512 1241032
511 1241041
504 1241049
508 1241072
506 1241072
508 1241079
507 1241090
506 1241100
511 1241122
507 1241122
506 1241129
512 1241140
506 1241149
504 1241203
503 1241204
506 1241204
511 1241204
505 1241205
505 1241209
504 1241232
509 1241232
507 1241239
506 1241249
508 1241259
507 1241269
511 1241279
506 1241289
510 1241299
506 1241309
507 1241319
510 1241329
510 1241340
510 1241349
505 1241359
510 1241369
511 1241379
509 1241400
507 1241409
507 1241430
509 1241433
505 1241439
510 1241449
504 1241460
505 1241469
508 1241479
509 1241489
509 1241499
509 1241509
504 1241521
508 1241529
511 1241539
506 1241549
506 1241559
507 1241569
506 1241579
509 1241589
503 1241599
506 1241609
513 1241619
505 1241629
503 1241639
506 1241649
512 1241659
504 1241679
511 1241680
506 1241688
497 1241699
516 1241709
513 1241719
503 1241729
507 1241739
504 1241749
512 1241759
513 1241769
511 1241779
511 1241789
512 1241799
504 1241809
509 1241819
507 1241831
508 1241840
504 1241850
508 1241859
512 1241882
514 1241882
502 1241889
502 1241899
507 1241910
508 1241932
506 1241932
509 1241939
507 1241949
510 1241959
509 1241969
505 1241993
508 1241993
507 1241999
509 1242009
503 1242019
509 1242029
509 1242039
508 1242049
505 1242059
506 1242081
505 1242081
507 1242101
507 1242101
507 1242109
507 1242119
505 1242139
508 1242149
508 1242159
508 1242169
508 1242179
505 1242189
507 1242199
498 1242209
509 1242219
505 1242230
501 1242239
511 1242249
510 1242291
507 1242292
512 1242293
504 1242293
509 1242299
507 1242309
511 1242319
508 1242329
510 1242339
508 1242349
513 1242359
508 1242373
509 1242379
500 1242401
508 1242401
509 1242409
506 1242422
516 1242434
510 1242438
515 1242471
514 1242471
504 1242472
497 1242574
505 1242574
508 1242575
504 1242575
505 1242576
504 1242576
512 1242577
505 1242577
503 1242578
508 1242578
507 1242581
506 1242652
509 1242652
510 1242653
510 1242653
508 1242654
505 1242654
509 1242655
510 1242762
505 1242762
511 1242763
507 1242763
510 1242764
512 1242765
507 1242765
507 1242766
509 1242766
505 1242767
509 1242772
507 1242772
503 1242779
506 1242789
510 1242799
508 1242809
516 1242819
503 1242829
501 1242968
501 1242969
507 1242969
507 1242970
504 1242970
519 1242971
514 1242971
512 1242972
503 1242973
512 1242973
505 1242973
505 1242974
496 1242974
501 1242979
508 1242989
509 1242999
505 1243009
510 1243019
505 1243029
504 1243039
505 1243049
509 1243172
507 1243172
508 1243173
507 1243173
510 1243174
506 1243174
509 1243175
505 1243175
507 1243178
505 1243178
503 1243179
507 1243181
504 1243181
506 1243249
507 1243249
507 1243250
510 1243250
504 1243250
508 1243251
506 1243251
510 1243259
507 1243269
508 1243279
508 1243288
505 1243301
510 1243308
506 1243319
508 1243342
508 1243342
507 1243349
507 1243359
509 1243369
509 1243385
511 1243389
508 1243399
507 1243409
509 1243419
508 1243431
509 1243441
509 1243449
509 1243459
507 1243501
507 1243501
507 1243502
505 1243502
508 1243509
506 1243519
509 1243530
510 1243551
508 1243551
510 1243581
510 1243581
507 1243591
507 1243591
508 1243599
507 1243609
508 1243629
508 1243639
511 1243649
509 1243659
506 1243669
507 1243691
508 1243692
508 1243700
508 1243709
507 1243719
507 1243729
510 1243739
509 1243749
507 1243759
505 1243769
509 1243779
507 1243789
507 1243799
509 1243809
507 1243819
508 1243829
510 1243840
510 1243849
506 1243859
508 1243869
506 1243879
509 1243889
510 1243901
512 1243909
511 1243919
510 1243954
510 1243954
505 1243959
506 1243959
506 1243970
508 1243993
507 1243993
508 1243999
509 1244009
509 1244019
507 1244028
507 1244040
506 1244059
507 1244059
509 1244068
507 1244079
507 1244090
508 1244099
508 1244109
509 1244120
502 1244129
508 1244162
510 1244162
508 1244179
505 1244179
511 1244180
508 1244188
512 1244203
507 1244216
507 1244218
507 1244244
506 1244244
508 1244249
508 1244259
507 1244269
508 1244287
505 1244289
510 1244300
507 1244323
507 1244324
507 1244329
507 1244339
507 1244359
506 1244369
507 1244379
512 1244391
509 1244399
511 1244409
507 1244419
509 1244428
509 1246071
509 1246071
508 1246072
509 1246072
508 1246073
509 1246074
505 1246074
506 1246074
513 1246075
506 1246075
510 1246076
500 1246076
508 1246077
503 1246077
510 1246077
510 1246078
510 1246078
511 1246078
506 1246079
509 1246079
508 1246080
508 1246080
505 1246080
511 1246081
508 1246081
509 1246081
506 1246082
508 1246082
510 1246083
506 1246083
510 1246084
505 1246084
511 1246085
512 1246085
512 1246085
505 1246086
511 1246086
509 1246087
504 1246087
505 1246088
511 1246088
509 1246089
505 1246089
506 1246090
509 1246090
504 1246090
502 1246091
498 1246091
512 1246092
506 1246092
511 1246092
512 1246093
510 1246093
505 1246094
507 1246094
505 1246095
508 1246095
514 1246095
509 1246096
504 1246096
509 1246097
507 1246098
506 1246098
508 1246099
510 1246099
508 1246100
508 1246100
509 1246101
508 1246101
513 1246102
508 1246102
501 1246103
505 1246103
502 1246104
504 1246104
510 1246105
506 1246106
506 1246106
508 1246107
508 1246107
499 1246108
515 1246108
520 1246109
510 1246109
503 1246110
503 1246110
510 1246111
503 1246111
514 1246112
509 1246112
505 1246112
504 1246113
515 1246113
505 1246113
513 1246114
506 1246114
509 1246115
514 1246115
506 1246116
504 1246116
507 1246116
506 1246117
512 1246117
513 1246118
507 1246118
508 1246118
508 1246119
504 1246119
507 1246120
510 1246120
505 1246121
512 1246121
507 1246121
506 1246122
507 1246122
511 1246123
508 1246123
509 1246123
503 1246124
506 1246124
507 1246125
507 1246125
507 1246125
507 1246126
511 1246126
509 1246126
507 1246127
507 1246127
508 1246128
508 1246128
509 1246128
505 1246129
509 1246129
510 1246129
510 1246130
507 1246130
508 1246131
509 1246131
508 1246132
509 1246132
507 1246132
508 1246133
511 1246133
509 1246133
508 1246134
507 1246302
508 1246302
508 1246303
507 1246304
507 1246304
507 1246305
508 1246305
505 1246306
506 1246306
503 1246307
504 1246307
509 1246308
506 1246308
507 1246308
504 1246309
510 1246309
513 1246310
509 1246312
507 1246312
501 1246313
510 1246313
508 1246313
508 1246314
509 1246314
510 1246314
510 1246315
506 1246315
508 1246315
504 1246316
510 1246316
515 1246317
512 1246317
509 1246317
507 1246318
503 1246318
510 1246318
502 1246319
502 1246319
518 1246319
508 1246320
512 1246320
519 1246331
498 1246333
512 1246354
499 1246354
515 1246372
512 1246372
498 1246379
512 1246389
512 1246399
502 1246409
504 1246419
504 1246429
508 1246439
506 1246449
510 1246568
506 1246568
502 1246569
500 1246569
514 1246570
507 1246570
507 1246571
514 1246571
506 1246572
504 1246572
507 1246573
507 1246573
503 1246589
508 1246598
506 1246609
505 1246620
504 1246629
507 1246639
506 1246649
509 1246659
506 1246669
509 1246687
507 1246690
507 1246752
508 1246753
507 1246753
504 1246754
508 1246754
509 1246775
505 1246786
508 1246786
507 1246787
509 1246789
509 1246868
507 1246868
503 1246869
507 1246869
510 1246870
503 1246870
513 1246871
509 1246871
509 1246972
510 1246972
509 1246973
506 1246973
506 1246974
503 1246974
506 1246975
506 1246975
513 1246975
507 1246982
507 1246982
508 1246989
509 1247034
507 1247034
506 1247035
507 1247035
504 1247177
513 1247177
507 1247178
507 1247178
506 1247179
505 1247179
507 1247180
504 1247181
511 1247181
507 1247182
504 1247182
509 1247183
507 1247184
508 1247186
514 1247186
505 1247189
503 1247199
511 1247209
505 1247219
507 1247229
507 1247239
506 1247249
509 1247259
506 1247276
508 1247278
504 1247289
507 1247309
509 1247309
507 1247329
508 1247338
508 1247350
506 1247360
510 1247382
506 1247382
503 1247389
501 1247412
507 1247412
507 1247419
502 1247429
514 1247452
511 1247452
510 1247470
510 1247470
506 1247675
508 1247675
512 1247676
508 1247676
507 1247676
507 1247677
507 1247677
511 1247678
509 1247678
506 1247679
508 1247679
508 1247679
511 1247680
509 1247680
506 1247681
509 1247681
505 1247681
508 1247682
508 1247682
507 1247683
510 1247685
512 1247687
514 1247699
513 1247709
501 1247719
501 1247730
500 1247855
504 1247855
503 1247856
499 1247857
508 1247857
511 1247858
505 1247858
507 1247859
513 1247859
511 1247860
505 1247860
506 1247861
506 1247864
502 1248171
509 1248171
509 1248172
507 1248172
504 1248173
511 1248173
508 1248174
506 1248174
506 1248175
502 1248175
510 1248176
510 1248176
506 1248177
508 1248177
512 1248178
507 1248178
507 1248178
505 1248179
501 1248179
509 1248180
509 1248180
507 1248180
508 1248181
508 1248181
509 1248182
505 1248182
509 1248182
505 1248183
508 1248183
509 1248184
506 1248186
508 1248188
510 1248199
509 1248209
508 1248219
504 1248229
509 1248239
507 1248249
509 1248259
507 1248291
511 1248291
506 1248292
511 1248299
503 1248479
505 1248479
508 1248480
508 1248480
507 1248481
507 1248481
506 1248482
504 1248482
509 1248483
508 1248483
508 1248484
504 1248484
509 1248485
512 1248485
514 1248485
509 1248486
507 1248486
517 1248487
511 1248489
506 1248668
504 1248668
500 1248669
501 1248669
511 1248670
513 1248670
509 1248671
510 1248671
510 1248672
511 1248672
504 1248672
498 1248673
497 1248673
512 1248674
504 1248674
511 1248674
514 1248675
512 1248675
508 1248679
510 1248689
508 1248699
505 1248709
508 1248719
510 1248729
517 1248739
510 1248749
502 1248759
506 1248874
496 1248874
508 1248875
511 1248875
504 1248876
492 1248876
506 1248877
510 1248877
513 1248878
498 1248882
495 1248882
512 1248889
508 1248899
500 1248909
510 1248919
507 1248929
505 1248939
509 1248949
508 1248976
505 1248976
514 1249018
509 1249018
507 1249019
504 1249019
511 1249022
521 1249029
520 1249039
509 1249049
516 1249059
513 1249069
520 1249080
513 1249089
499 1249099
512 1249109
507 1249119
503 1249129
507 1249138
515 1249148
510 1249163
510 1249168
509 1249178
513 1249188
514 1249198
506 1249227
516 1249228
508 1249230
505 1249237
510 1249249
511 1249259
510 1249269
509 1249279
508 1249289
508 1249299
510 1249321
509 1249321
510 1249329
507 1249339
506 1249350
512 1249359
507 1249369
510 1249392
509 1249392
508 1249399
508 1249409
507 1249419
507 1249429
508 1249439
507 1249449
509 1249459
508 1249481
507 1249481
507 1249490
509 1249498
509 1249508
509 1249541
507 1249542
507 1249542
508 1249548
507 1249600
508 1249622
510 1249622
510 1249664
507 1249664
508 1249667
507 1249667
507 1249670
508 1249670
507 1249738
508 1249738
508 1249739
506 1249741
507 1249741
508 1249754
508 1249765
506 1249918
508 1249918
507 1249919
507 1249921
509 1249921
509 1249921
509 1249922
508 1249924
508 1249926
507 1249942
508 1249942
507 1249943
510 1249944
507 1249947
507 1249947
509 1250001
509 1250002
507 1250002
507 1250003
505 1250009
510 1250019
510 1250029
511 1250039
507 1250049
507 1250059
511 1250069
508 1250079
508 1250089
506 1250099
503 1250156
510 1250156
504 1250157
502 1250157
512 1250158
508 1250189
508 1250190
506 1250190
508 1250191
509 1250474
506 1250474
509 1250475
509 1250475
509 1250476
509 1250476
508 1250477
505 1250477
508 1250478
512 1250478
517 1250479
498 1250479
507 1250480
512 1250480
509 1250481
502 1250481
504 1250481
508 1250482
506 1250482
514 1250482
508 1250483
508 1250483
512 1250484
511 1250484
511 1250484
507 1250485
511 1250485
506 1250485
508 1250488
505 1250488
518 1250578
504 1250578
498 1250579
499 1250580
505 1250580
518 1250581
520 1250581
515 1250582
494 1250582
502 1250656
503 1250656
509 1250657
505 1250657
510 1250658
506 1250659
506 1250659
510 1250661
512 1250673
508 1250769
508 1250799
509 1250799
514 1250800
515 1250800
501 1250801
502 1250802
515 1250802
504 1250803
505 1250803
502 1250806
509 1250806
511 1250807
505 1250809
505 1250819
508 1250829
501 1250839
506 1250849
507 1250859
509 1250869
507 1250879
508 1250889
506 1250973
507 1250975
506 1250976
509 1250976
507 1250976
510 1250977
507 1250977
506 1250980
506 1250982
509 1250988
507 1250999
508 1251022
510 1251022
508 1251028
507 1251049
510 1251058
508 1251068
509 1251078
510 1251089
506 1251111
508 1251112
510 1251130
507 1251131
509 1251139
509 1251161
507 1251161
509 1251169
507 1251179
505 1251203
509 1251203
504 1251209
507 1251219
511 1251229
509 1251525
508 1251526
507 1251526
511 1251526
505 1251527
507 1251527
507 1251527
507 1251528
508 1251528
508 1251529
507 1251529
508 1251530
508 1251531
509 1251531
506 1251531
507 1251532
507 1251532
512 1251533
506 1251533
508 1251533
505 1251534
510 1251534
507 1251535
505 1251535
508 1251535
510 1251536
510 1251536
508 1251539
510 1251539
508 1251539
507 1251540
508 1251547
507 1251559
507 1251582
507 1251582
510 1251601
507 1251601
509 1251609
507 1251619
509 1251629
