0 0 0 1303867
0 0 0 1303867
10.07080078125 6.4697265625 2.197265625 1304159
10.07080078125 6.4697265625 2.197265625 1304160
10.07080078125 6.4697265625 2.197265625 1304161
10.07080078125 6.4697265625 2.197265625 1304161
10.07080078125 6.4697265625 2.197265625 1304162
2.8076171875 3.0517578125 -0.42724609375 1304163
3.5400390625 -4.21142578125 -5.06591796875 1304164
3.11279296875 6.16455078125 -0.3662109375 1304175
-0.91552734375 2.01416015625 0.8544921875 1304176
-3.96728515625 -0.06103515625 -2.62451171875 1304177
-3.96728515625 -0.06103515625 -2.62451171875 1304272
-4.82177734375 -2.8076171875 -5.0048828125 1304290
-4.82177734375 -2.8076171875 -5.0048828125 1304291
-4.82177734375 -2.8076171875 -5.0048828125 1304292
-4.82177734375 -2.8076171875 -5.0048828125 1304294
2.8076171875 7.8125 3.41796875 1304338
2.8076171875 7.8125 3.41796875 1304427
4.638671875 3.60107421875 -1.28173828125 1304428
4.638671875 3.60107421875 -1.28173828125 1304429
4.638671875 3.60107421875 -1.28173828125 1304430
4.638671875 3.60107421875 -1.28173828125 1304430
4.638671875 3.60107421875 -1.28173828125 1304530
0 -1.3427734375 -3.11279296875 1304531
0 -1.3427734375 -3.11279296875 1304532
0 -1.3427734375 -3.11279296875 1304534
0 -1.3427734375 -3.11279296875 1304535
3.47900390625 4.7607421875 -0.30517578125 1304601
3.47900390625 4.7607421875 -0.30517578125 1304721
5.79833984375 3.173828125 -2.5634765625 1304722
5.79833984375 3.173828125 -2.5634765625 1304722
5.79833984375 3.173828125 -2.5634765625 1304723
5.79833984375 3.173828125 -2.5634765625 1304724
5.79833984375 3.173828125 -2.5634765625 1304824
1.03759765625 0.91552734375 -2.685546875 1304825
1.03759765625 0.91552734375 -2.685546875 1304826
1.03759765625 0.91552734375 -2.685546875 1304831
1.03759765625 0.91552734375 -2.685546875 1304832
1.03759765625 0.91552734375 -2.685546875 1304930
-3.0517578125 -1.3427734375 0.6103515625 1304931
-3.0517578125 -1.3427734375 0.6103515625 1304932
-3.0517578125 -1.3427734375 0.6103515625 1304933
-3.0517578125 -1.3427734375 0.6103515625 1304933
-3.0517578125 -1.3427734375 0.6103515625 1305031
13.24462890625 14.404296875 -0.732421875 1305032
13.24462890625 14.404296875 -0.732421875 1305033
13.24462890625 14.404296875 -0.732421875 1305034
13.24462890625 14.404296875 -0.732421875 1305035
-10.31494140625 -3.662109375 -3.0517578125 1305101
-10.31494140625 -3.662109375 -3.0517578125 1305221
9.70458984375 17.4560546875 -9.3994140625 1305222
9.70458984375 17.4560546875 -9.3994140625 1305223
9.70458984375 17.4560546875 -9.3994140625 1305224
9.70458984375 17.4560546875 -9.3994140625 1305224
9.70458984375 17.4560546875 -9.3994140625 1305323
-4.21142578125 1.46484375 0.1220703125 1305324
-4.21142578125 1.46484375 0.1220703125 1305325
-4.21142578125 1.46484375 0.1220703125 1305325
-4.21142578125 1.46484375 0.1220703125 1305326
-4.21142578125 1.46484375 0.1220703125 1305426
2.38037109375 -0.79345703125 2.44140625 1305427
2.38037109375 -0.79345703125 2.44140625 1305428
2.38037109375 -0.79345703125 2.44140625 1305428
2.38037109375 -0.79345703125 2.44140625 1305429
2.38037109375 -0.79345703125 2.44140625 1305527
-0.1220703125 -8.23974609375 -0.3662109375 1305528
-0.1220703125 -8.23974609375 -0.3662109375 1305529
-0.1220703125 -8.23974609375 -0.3662109375 1305529
-0.1220703125 -8.23974609375 -0.3662109375 1305530
-0.1220703125 -8.23974609375 -0.3662109375 1305633
-8.60595703125 -22.03369140625 12.451171875 1305634
-8.60595703125 -22.03369140625 12.451171875 1305635
-8.60595703125 -22.03369140625 12.451171875 1305635
-8.60595703125 -22.03369140625 12.451171875 1305636
1.3427734375 -15.80810546875 5.9814453125 1305702
1.3427734375 -15.80810546875 5.9814453125 1305820
-12.51220703125 -17.9443359375 -1.220703125 1305821
-12.51220703125 -17.9443359375 -1.220703125 1305822
-12.51220703125 -17.9443359375 -1.220703125 1305822
-12.51220703125 -17.9443359375 -1.220703125 1305823
-12.51220703125 -17.9443359375 -1.220703125 1305922
0.18310546875 -9.09423828125 7.9345703125 1305923
0.18310546875 -9.09423828125 7.9345703125 1305924
0.18310546875 -9.09423828125 7.9345703125 1305925
0.18310546875 -9.09423828125 7.9345703125 1305925
0.18310546875 -9.09423828125 7.9345703125 1306026
-26.55029296875 -39.73388671875 10.43701171875 1306026
-26.55029296875 -39.73388671875 10.43701171875 1306027
-26.55029296875 -39.73388671875 10.43701171875 1306028
-26.55029296875 -39.73388671875 10.43701171875 1306028
-26.55029296875 -39.73388671875 10.43701171875 1306128
-8.23974609375 -5.7373046875 3.84521484375 1306129
-8.23974609375 -5.7373046875 3.84521484375 1306130
-8.23974609375 -5.7373046875 3.84521484375 1306130
-8.23974609375 -5.7373046875 3.84521484375 1306131
-8.23974609375 -5.7373046875 3.84521484375 1306230
6.65283203125 4.0283203125 -0.79345703125 1306230
6.65283203125 4.0283203125 -0.79345703125 1306231
6.65283203125 4.0283203125 -0.79345703125 1306232
6.65283203125 4.0283203125 -0.79345703125 1306232
-2.8076171875 5.55419921875 -2.44140625 1306302
-2.8076171875 5.55419921875 -2.44140625 1306422
-16.2353515625 -2.99072265625 -1.77001953125 1306423
-16.2353515625 -2.99072265625 -1.77001953125 1306424
-16.2353515625 -2.99072265625 -1.77001953125 1306424
-16.2353515625 -2.99072265625 -1.77001953125 1306425
-16.2353515625 -2.99072265625 -1.77001953125 1306524
-2.50244140625 5.55419921875 -4.5166015625 1306525
-2.50244140625 5.55419921875 -4.5166015625 1306526
-2.50244140625 5.55419921875 -4.5166015625 1306526
-2.50244140625 5.55419921875 -4.5166015625 1306527
-2.50244140625 5.55419921875 -4.5166015625 1306626
-3.41796875 1.89208984375 -2.86865234375 1306627
-3.41796875 1.89208984375 -2.86865234375 1306628
-3.41796875 1.89208984375 -2.86865234375 1306628
-3.41796875 1.89208984375 -2.86865234375 1306629
-3.41796875 1.89208984375 -2.86865234375 1306729
-10.92529296875 -17.02880859375 4.57763671875 1306730
-10.92529296875 -17.02880859375 4.57763671875 1306731
-10.92529296875 -17.02880859375 4.57763671875 1306732
-10.92529296875 -17.02880859375 4.57763671875 1306732
-10.92529296875 -17.02880859375 4.57763671875 1306831
5.43212890625 5.79833984375 -3.35693359375 1306832
5.43212890625 5.79833984375 -3.35693359375 1306833
5.43212890625 5.79833984375 -3.35693359375 1306833
5.43212890625 5.79833984375 -3.35693359375 1306834
5.2490234375 4.0283203125 -4.7607421875 1306903
5.2490234375 4.0283203125 -4.7607421875 1307023
-5.4931640625 2.01416015625 2.86865234375 1307024
-5.4931640625 2.01416015625 2.86865234375 1307025
-5.4931640625 2.01416015625 2.86865234375 1307025
-5.4931640625 2.01416015625 2.86865234375 1307026
-5.4931640625 2.01416015625 2.86865234375 1307125
-6.2255859375 1.5869140625 -4.638671875 1307126
-6.2255859375 1.5869140625 -4.638671875 1307127
-6.2255859375 1.5869140625 -4.638671875 1307128
-6.2255859375 1.5869140625 -4.638671875 1307128
1.8310546875 1.953125 -4.21142578125 1307226
1.8310546875 1.953125 -4.21142578125 1307331
3.662109375 5.2490234375 0.30517578125 1307332
3.662109375 5.2490234375 0.30517578125 1307333
3.662109375 5.2490234375 0.30517578125 1307334
3.662109375 5.2490234375 0.30517578125 1307334
3.662109375 5.2490234375 0.30517578125 1307434
-5.92041015625 3.2958984375 -4.150390625 1307435
-5.92041015625 3.2958984375 -4.150390625 1307436
-5.92041015625 3.2958984375 -4.150390625 1307436
-5.92041015625 3.2958984375 -4.150390625 1307437
-5.2490234375 -8.30078125 -4.150390625 1307504
-5.2490234375 -8.30078125 -4.150390625 1307624
-4.39453125 -2.3193359375 -1.28173828125 1307625
-4.39453125 -2.3193359375 -1.28173828125 1307626
-4.39453125 -2.3193359375 -1.28173828125 1307626
-4.39453125 -2.3193359375 -1.28173828125 1307627
-4.39453125 -2.3193359375 -1.28173828125 1307727
3.41796875 1.28173828125 -1.8310546875 1307728
3.41796875 1.28173828125 -1.8310546875 1307728
3.41796875 1.28173828125 -1.8310546875 1307729
3.41796875 1.28173828125 -1.8310546875 1307730
3.41796875 1.28173828125 -1.8310546875 1307830
-14.09912109375 -10.009765625 2.62451171875 1307831
-14.09912109375 -10.009765625 2.62451171875 1307831
-14.09912109375 -10.009765625 2.62451171875 1307832
-14.09912109375 -10.009765625 2.62451171875 1307833
-14.09912109375 -10.009765625 2.62451171875 1307932
-16.7236328125 -4.08935546875 4.45556640625 1307933
-16.7236328125 -4.08935546875 4.45556640625 1307933
-16.7236328125 -4.08935546875 4.45556640625 1307934
-16.7236328125 -4.08935546875 4.45556640625 1307935
-16.7236328125 -4.08935546875 4.45556640625 1308033
-6.7138671875 0.67138671875 -6.103515625 1308034
-6.7138671875 0.67138671875 -6.103515625 1308035
-6.7138671875 0.67138671875 -6.103515625 1308035
-6.7138671875 0.67138671875 -6.103515625 1308036
2.62451171875 1.953125 0.42724609375 1308103
2.62451171875 1.953125 0.42724609375 1308223
-2.25830078125 -3.662109375 -4.08935546875 1308224
-2.25830078125 -3.662109375 -4.08935546875 1308225
-2.25830078125 -3.662109375 -4.08935546875 1308226
-2.25830078125 -3.662109375 -4.08935546875 1308227
-2.25830078125 -3.662109375 -4.08935546875 1308326
0.30517578125 -2.0751953125 -3.60107421875 1308327
0.30517578125 -2.0751953125 -3.60107421875 1308328
0.30517578125 -2.0751953125 -3.60107421875 1308328
0.30517578125 -2.0751953125 -3.60107421875 1308329
0.30517578125 -2.0751953125 -3.60107421875 1308428
-6.34765625 -1.3427734375 0.3662109375 1308429
-6.34765625 -1.3427734375 0.3662109375 1308430
-6.34765625 -1.3427734375 0.3662109375 1308431
-6.34765625 -1.3427734375 0.3662109375 1308432
-6.34765625 -1.3427734375 0.3662109375 1308531
-2.9296875 -0.1220703125 1.220703125 1308532
-2.9296875 -0.1220703125 1.220703125 1308532
-2.9296875 -0.1220703125 1.220703125 1308533
-2.9296875 -0.1220703125 1.220703125 1308534
2.01416015625 0.732421875 -5.615234375 1308630
2.01416015625 0.732421875 -5.615234375 1308736
-1.5869140625 0.3662109375 -0.30517578125 1308737
-1.5869140625 0.3662109375 -0.30517578125 1308738
-1.5869140625 0.3662109375 -0.30517578125 1308739
-1.5869140625 0.3662109375 -0.30517578125 1308740
-2.99072265625 3.0517578125 -4.638671875 1308815
-2.99072265625 3.0517578125 -4.638671875 1308934
0.244140625 2.62451171875 -1.64794921875 1308935
0.244140625 2.62451171875 -1.64794921875 1308936
0.244140625 2.62451171875 -1.64794921875 1308936
0.244140625 2.62451171875 -1.64794921875 1308937
-5.126953125 -1.8310546875 -4.5166015625 1309008
-5.126953125 -1.8310546875 -4.5166015625 1309130
-1.64794921875 -0.67138671875 -2.8076171875 1309131
-1.64794921875 -0.67138671875 -2.8076171875 1309132
-1.64794921875 -0.67138671875 -2.8076171875 1309133
-1.64794921875 -0.67138671875 -2.8076171875 1309133
-1.64794921875 -0.67138671875 -2.8076171875 1309232
-3.11279296875 0.54931640625 -0.244140625 1309233
-3.11279296875 0.54931640625 -0.244140625 1309233
-3.11279296875 0.54931640625 -0.244140625 1309234
-3.11279296875 0.54931640625 -0.244140625 1309235
-3.11279296875 0.54931640625 -0.244140625 1309335
-5.31005859375 -2.13623046875 -2.38037109375 1309337
-5.31005859375 -2.13623046875 -2.38037109375 1309338
-5.31005859375 -2.13623046875 -2.38037109375 1309339
-5.31005859375 -2.13623046875 -2.38037109375 1309340
-2.3193359375 -3.0517578125 0.42724609375 1309406
-2.3193359375 -3.0517578125 0.42724609375 1309527
-0.8544921875 0.54931640625 -2.62451171875 1309528
-0.8544921875 0.54931640625 -2.62451171875 1309529
-0.8544921875 0.54931640625 -2.62451171875 1309529
-0.8544921875 0.54931640625 -2.62451171875 1309530
-0.8544921875 0.54931640625 -2.62451171875 1309629
-0.30517578125 3.2958984375 -2.86865234375 1309630
-0.30517578125 3.2958984375 -2.86865234375 1309630
-0.30517578125 3.2958984375 -2.86865234375 1309631
-0.30517578125 3.2958984375 -2.86865234375 1309632
-0.30517578125 3.2958984375 -2.86865234375 1309732
-2.685546875 -3.72314453125 1.3427734375 1309733
-2.685546875 -3.72314453125 1.3427734375 1309733
-2.685546875 -3.72314453125 1.3427734375 1309734
-2.685546875 -3.72314453125 1.3427734375 1309735
-2.685546875 -3.72314453125 1.3427734375 1309835
0.42724609375 2.685546875 -1.77001953125 1309836
0.42724609375 2.685546875 -1.77001953125 1309836
0.42724609375 2.685546875 -1.77001953125 1309837
0.42724609375 2.685546875 -1.77001953125 1309838
-1.64794921875 0.6103515625 -2.74658203125 1309905
-1.64794921875 0.6103515625 -2.74658203125 1310024
2.25830078125 0 -2.74658203125 1310025
2.25830078125 0 -2.74658203125 1310026
2.25830078125 0 -2.74658203125 1310027
2.25830078125 0 -2.74658203125 1310028
2.25830078125 0 -2.74658203125 1310127
3.662109375 2.50244140625 0.30517578125 1310128
3.662109375 2.50244140625 0.30517578125 1310128
3.662109375 2.50244140625 0.30517578125 1310129
3.662109375 2.50244140625 0.30517578125 1310130
3.662109375 2.50244140625 0.30517578125 1310230
-2.197265625 0.244140625 -3.35693359375 1310230
-2.197265625 0.244140625 -3.35693359375 1310231
-2.197265625 0.244140625 -3.35693359375 1310232
-2.197265625 0.244140625 -3.35693359375 1310232
-2.197265625 0.244140625 -3.35693359375 1310332
-2.685546875 -2.01416015625 -4.45556640625 1310333
-2.685546875 -2.01416015625 -4.45556640625 1310334
-2.685546875 -2.01416015625 -4.45556640625 1310334
-2.685546875 -2.01416015625 -4.45556640625 1310335
-2.685546875 -2.01416015625 -4.45556640625 1310434
3.5400390625 2.50244140625 -1.46484375 1310435
3.5400390625 2.50244140625 -1.46484375 1310435
3.5400390625 2.50244140625 -1.46484375 1310436
3.5400390625 2.50244140625 -1.46484375 1310437
3.5400390625 2.50244140625 -1.46484375 1310537
-2.74658203125 0.91552734375 -4.33349609375 1310537
-2.74658203125 0.91552734375 -4.33349609375 1310538
-2.74658203125 0.91552734375 -4.33349609375 1310539
-2.74658203125 0.91552734375 -4.33349609375 1310539
-4.8828125 -1.5869140625 -1.3427734375 1310607
-4.8828125 -1.5869140625 -1.3427734375 1310733
-4.638671875 -1.40380859375 -2.3193359375 1310734
-4.638671875 -1.40380859375 -2.3193359375 1310735
-4.638671875 -1.40380859375 -2.3193359375 1310736
-4.638671875 -1.40380859375 -2.3193359375 1310736
-4.638671875 -1.40380859375 -2.3193359375 1310853
0.79345703125 1.0986328125 -8.056640625 1310854
0.79345703125 1.0986328125 -8.056640625 1310855
0.79345703125 1.0986328125 -8.056640625 1310856
0.79345703125 1.0986328125 -8.056640625 1310857
3.11279296875 2.99072265625 -0.18310546875 1310933
3.11279296875 2.99072265625 -0.18310546875 1311033
-8.85009765625 -5.9814453125 0 1311034
-8.85009765625 -5.9814453125 0 1311034
-8.85009765625 -5.9814453125 0 1311035
-8.85009765625 -5.9814453125 0 1311036
-8.85009765625 -5.9814453125 0 1311138
-0.732421875 2.44140625 2.38037109375 1311139
-0.732421875 2.44140625 2.38037109375 1311140
-0.732421875 2.44140625 2.38037109375 1311140
-0.732421875 2.44140625 2.38037109375 1311141
-7.2021484375 0 -1.953125 1311207
-7.2021484375 0 -1.953125 1311325
-1.03759765625 6.4697265625 -3.84521484375 1311326
-1.03759765625 6.4697265625 -3.84521484375 1311326
-1.03759765625 6.4697265625 -3.84521484375 1311327
-1.03759765625 6.4697265625 -3.84521484375 1311328
-1.03759765625 6.4697265625 -3.84521484375 1311428
-0.1220703125 4.57763671875 -0.3662109375 1311429
-0.1220703125 4.57763671875 -0.3662109375 1311430
-0.1220703125 4.57763671875 -0.3662109375 1311432
-0.1220703125 4.57763671875 -0.3662109375 1311432
9.8876953125 -11.16943359375 -8.11767578125 1311530
9.8876953125 -11.16943359375 -8.11767578125 1311531
9.8876953125 -11.16943359375 -8.11767578125 1311635
-9.09423828125 -4.0283203125 13.671875 1311636
-9.09423828125 -4.0283203125 13.671875 1311637
-9.09423828125 -4.0283203125 13.671875 1311638
-9.09423828125 -4.0283203125 13.671875 1311638
-21.240234375 -7.568359375 15.7470703125 1311707
-21.240234375 -7.568359375 15.7470703125 1311826
-6.103515625 1.708984375 2.685546875 1311827
-6.103515625 1.708984375 2.685546875 1311828
-6.103515625 1.708984375 2.685546875 1311829
-6.103515625 1.708984375 2.685546875 1311829
-6.103515625 1.708984375 2.685546875 1311931
1.0986328125 11.65771484375 6.103515625 1311931
1.0986328125 11.65771484375 6.103515625 1311932
1.0986328125 11.65771484375 6.103515625 1311933
1.0986328125 11.65771484375 6.103515625 1311933
1.0986328125 11.65771484375 6.103515625 1312032
11.41357421875 -5.859375 8.056640625 1312033
11.41357421875 -5.859375 8.056640625 1312033
11.41357421875 -5.859375 8.056640625 1312034
11.41357421875 -5.859375 8.056640625 1312035
11.41357421875 -5.859375 8.056640625 1312135
-28.13720703125 -3.2958984375 9.58251953125 1312136
-28.13720703125 -3.2958984375 9.58251953125 1312137
-28.13720703125 -3.2958984375 9.58251953125 1312137
-28.13720703125 -3.2958984375 9.58251953125 1312138
-28.13720703125 -3.2958984375 9.58251953125 1312238
-4.33349609375 -8.9111328125 24.71923828125 1312239
-4.33349609375 -8.9111328125 24.71923828125 1312240
-4.33349609375 -8.9111328125 24.71923828125 1312241
-4.33349609375 -8.9111328125 24.71923828125 1312241
-17.76123046875 0.244140625 32.04345703125 1312307
-17.76123046875 0.244140625 32.04345703125 1312429
-4.2724609375 7.9345703125 10.25390625 1312429
-4.2724609375 7.9345703125 10.25390625 1312430
-4.2724609375 7.9345703125 10.25390625 1312431
-4.2724609375 7.9345703125 10.25390625 1312431
-4.2724609375 7.9345703125 10.25390625 1312535
5.37109375 10.986328125 7.87353515625 1312536
5.37109375 10.986328125 7.87353515625 1312537
5.37109375 10.986328125 7.87353515625 1312538
5.37109375 10.986328125 7.87353515625 1312539
18.798828125 18.85986328125 3.23486328125 1312635
18.798828125 18.85986328125 3.23486328125 1312714
-13.5498046875 3.41796875 5.126953125 1312715
-13.5498046875 3.41796875 5.126953125 1312716
-13.5498046875 3.41796875 5.126953125 1312716
-13.5498046875 3.41796875 5.126953125 1312717
-13.5498046875 3.41796875 5.126953125 1312827
-30.09033203125 -27.64892578125 39.36767578125 1312886
-30.09033203125 -27.64892578125 39.36767578125 1312887
-30.09033203125 -27.64892578125 39.36767578125 1312887
-30.09033203125 -27.64892578125 39.36767578125 1312888
-30.09033203125 -27.64892578125 39.36767578125 1312930
-8.9111328125 3.23486328125 19.53125 1312931
-2.3193359375 1.8310546875 5.0048828125 1313034
-2.3193359375 1.8310546875 5.0048828125 1313035
-2.3193359375 1.8310546875 5.0048828125 1313035
-2.3193359375 1.8310546875 5.0048828125 1313036
-2.3193359375 1.8310546875 5.0048828125 1313136
13.48876953125 14.70947265625 -8.1787109375 1313137
13.48876953125 14.70947265625 -8.1787109375 1313138
13.48876953125 14.70947265625 -8.1787109375 1313138
13.48876953125 14.70947265625 -8.1787109375 1313139
13.48876953125 14.70947265625 -8.1787109375 1313238
-22.76611328125 -14.5263671875 29.11376953125 1313239
-22.76611328125 -14.5263671875 29.11376953125 1313240
-22.76611328125 -14.5263671875 29.11376953125 1313241
-22.76611328125 -14.5263671875 29.11376953125 1313241
-10.3759765625 -9.765625 28.01513671875 1313310
-10.3759765625 -9.765625 28.01513671875 1313427
6.591796875 11.71875 -5.31005859375 1313428
6.591796875 11.71875 -5.31005859375 1313429
6.591796875 11.71875 -5.31005859375 1313429
6.591796875 11.71875 -5.31005859375 1313430
6.591796875 11.71875 -5.31005859375 1313530
18.06640625 16.357421875 -10.31494140625 1313531
18.06640625 16.357421875 -10.31494140625 1313532
18.06640625 16.357421875 -10.31494140625 1313533
18.06640625 16.357421875 -10.31494140625 1313534
18.06640625 16.357421875 -10.31494140625 1313633
10.1318359375 15.2587890625 -8.056640625 1313634
10.1318359375 15.2587890625 -8.056640625 1313635
10.1318359375 15.2587890625 -8.056640625 1313635
10.1318359375 15.2587890625 -8.056640625 1313636
10.1318359375 15.2587890625 -8.056640625 1313735
-15.56396484375 0.1220703125 1.28173828125 1313736
-15.56396484375 0.1220703125 1.28173828125 1313737
-15.56396484375 0.1220703125 1.28173828125 1313738
-15.56396484375 0.1220703125 1.28173828125 1313738
-15.56396484375 0.1220703125 1.28173828125 1313838
-14.95361328125 -9.82666015625 14.58740234375 1313839
-14.95361328125 -9.82666015625 14.58740234375 1313840
-14.95361328125 -9.82666015625 14.58740234375 1313841
-14.95361328125 -9.82666015625 14.58740234375 1313842
-1.40380859375 2.8076171875 12.3291015625 1313931
-1.40380859375 2.8076171875 12.3291015625 1314028
7.75146484375 3.173828125 5.55419921875 1314029
7.75146484375 3.173828125 5.55419921875 1314030
7.75146484375 3.173828125 5.55419921875 1314030
7.75146484375 3.173828125 5.55419921875 1314031
7.75146484375 3.173828125 5.55419921875 1314130
8.11767578125 9.8876953125 3.41796875 1314130
8.11767578125 9.8876953125 3.41796875 1314131
8.11767578125 9.8876953125 3.41796875 1314132
8.11767578125 9.8876953125 3.41796875 1314132
8.11767578125 9.8876953125 3.41796875 1314233
-3.96728515625 5.615234375 11.77978515625 1314233
-3.96728515625 5.615234375 11.77978515625 1314234
-3.96728515625 5.615234375 11.77978515625 1314235
-3.96728515625 5.615234375 11.77978515625 1314235
-3.96728515625 5.615234375 11.77978515625 1314338
-11.53564453125 -3.7841796875 14.09912109375 1314339
-11.53564453125 -3.7841796875 14.09912109375 1314340
-11.53564453125 -3.7841796875 14.09912109375 1314341
-11.53564453125 -3.7841796875 14.09912109375 1314342
-11.53564453125 -3.7841796875 14.09912109375 1314438
-5.31005859375 -1.77001953125 5.7373046875 1314439
-5.31005859375 -1.77001953125 5.7373046875 1314440
-5.31005859375 -1.77001953125 5.7373046875 1314441
-5.31005859375 -1.77001953125 5.7373046875 1314441
-5.31005859375 -1.77001953125 5.7373046875 1314539
8.36181640625 14.22119140625 5.18798828125 1314540
8.36181640625 14.22119140625 5.18798828125 1314541
8.36181640625 14.22119140625 5.18798828125 1314542
8.36181640625 14.22119140625 5.18798828125 1314542
22.705078125 19.47021484375 -4.39453125 1314612
22.705078125 19.47021484375 -4.39453125 1314731
-21.97265625 0.8544921875 20.6298828125 1314731
-21.97265625 0.8544921875 20.6298828125 1314732
-21.97265625 0.8544921875 20.6298828125 1314733
-21.97265625 0.8544921875 20.6298828125 1314733
-21.97265625 0.8544921875 20.6298828125 1314836
-7.38525390625 1.28173828125 8.36181640625 1314837
-7.38525390625 1.28173828125 8.36181640625 1314838
-7.38525390625 1.28173828125 8.36181640625 1314838
-7.38525390625 1.28173828125 8.36181640625 1314839
-7.38525390625 1.28173828125 8.36181640625 1314936
-15.869140625 -11.41357421875 10.009765625 1314937
-15.869140625 -11.41357421875 10.009765625 1314938
-15.869140625 -11.41357421875 10.009765625 1314938
-15.869140625 -11.41357421875 10.009765625 1314939
-15.869140625 -11.41357421875 10.009765625 1315042
8.4228515625 7.32421875 -1.15966796875 1315043
8.4228515625 7.32421875 -1.15966796875 1315043
8.4228515625 7.32421875 -1.15966796875 1315044
8.4228515625 7.32421875 -1.15966796875 1315045
5.7373046875 5.43212890625 -5.2490234375 1315111
5.7373046875 5.43212890625 -5.2490234375 1315231
6.77490234375 14.83154296875 -5.18798828125 1315232
6.77490234375 14.83154296875 -5.18798828125 1315233
6.77490234375 14.83154296875 -5.18798828125 1315234
6.77490234375 14.83154296875 -5.18798828125 1315234
6.77490234375 14.83154296875 -5.18798828125 1315334
-20.08056640625 -3.23486328125 15.80810546875 1315335
-20.08056640625 -3.23486328125 15.80810546875 1315336
-20.08056640625 -3.23486328125 15.80810546875 1315337
-20.08056640625 -3.23486328125 15.80810546875 1315338
-20.08056640625 -3.23486328125 15.80810546875 1315436
-19.1650390625 -11.29150390625 21.240234375 1315437
-19.1650390625 -11.29150390625 21.240234375 1315438
-19.1650390625 -11.29150390625 21.240234375 1315438
-19.1650390625 -11.29150390625 21.240234375 1315439
-19.1650390625 -11.29150390625 21.240234375 1315539
-1.46484375 -0.42724609375 14.5263671875 1315540
-1.46484375 -0.42724609375 14.5263671875 1315541
-1.46484375 -0.42724609375 14.5263671875 1315542
-1.46484375 -0.42724609375 14.5263671875 1315542
-1.46484375 -0.42724609375 14.5263671875 1315641
0.30517578125 -10.19287109375 8.30078125 1315642
0.30517578125 -10.19287109375 8.30078125 1315643
0.30517578125 -10.19287109375 8.30078125 1315644
0.30517578125 -10.19287109375 8.30078125 1315645
8.97216796875 9.1552734375 -5.859375 1315711
8.97216796875 9.1552734375 -5.859375 1315832
7.8125 9.3994140625 -2.685546875 1315833
7.8125 9.3994140625 -2.685546875 1315834
7.8125 9.3994140625 -2.685546875 1315834
7.8125 9.3994140625 -2.685546875 1315835
7.8125 9.3994140625 -2.685546875 1315934
-10.986328125 0.18310546875 -1.5869140625 1315934
-10.986328125 0.18310546875 -1.5869140625 1315935
-10.986328125 0.18310546875 -1.5869140625 1315936
-10.986328125 0.18310546875 -1.5869140625 1315936
-10.986328125 0.18310546875 -1.5869140625 1316036
-3.0517578125 6.7138671875 -0.18310546875 1316037
-3.0517578125 6.7138671875 -0.18310546875 1316038
-3.0517578125 6.7138671875 -0.18310546875 1316041
-3.0517578125 6.7138671875 -0.18310546875 1316041
-3.0517578125 6.7138671875 -0.18310546875 1316140
-18.24951171875 -9.33837890625 8.72802734375 1316141
-18.24951171875 -9.33837890625 8.72802734375 1316141
-18.24951171875 -9.33837890625 8.72802734375 1316142
-18.24951171875 -9.33837890625 8.72802734375 1316143
-18.24951171875 -9.33837890625 8.72802734375 1316243
-19.1650390625 -11.53564453125 12.02392578125 1316244
-19.1650390625 -11.53564453125 12.02392578125 1316245
-19.1650390625 -11.53564453125 12.02392578125 1316245
-19.1650390625 -11.53564453125 12.02392578125 1316246
5.7373046875 4.2724609375 1.3427734375 1316313
5.7373046875 4.2724609375 1.3427734375 1316431
3.47900390625 4.82177734375 -1.220703125 1316432
3.47900390625 4.82177734375 -1.220703125 1316432
3.47900390625 4.82177734375 -1.220703125 1316433
3.47900390625 4.82177734375 -1.220703125 1316434
3.47900390625 4.82177734375 -1.220703125 1316535
3.23486328125 4.33349609375 -0.18310546875 1316536
3.23486328125 4.33349609375 -0.18310546875 1316538
3.23486328125 4.33349609375 -0.18310546875 1316539
3.23486328125 4.33349609375 -0.18310546875 1316539
4.21142578125 13.48876953125 -7.26318359375 1316635
4.21142578125 13.48876953125 -7.26318359375 1316738
-13.7939453125 2.44140625 3.2958984375 1316739
-13.7939453125 2.44140625 3.2958984375 1316739
-13.7939453125 2.44140625 3.2958984375 1316740
-13.7939453125 2.44140625 3.2958984375 1316741
-13.7939453125 2.44140625 3.2958984375 1316840
-9.82666015625 -2.74658203125 11.65771484375 1316841
-9.82666015625 -2.74658203125 11.65771484375 1316842
-9.82666015625 -2.74658203125 11.65771484375 1316843
-9.82666015625 -2.74658203125 11.65771484375 1316844
-9.82666015625 -2.74658203125 11.65771484375 1316942
-0.48828125 4.08935546875 7.87353515625 1316943
-0.48828125 4.08935546875 7.87353515625 1316945
-0.48828125 4.08935546875 7.87353515625 1316947
-0.48828125 4.08935546875 7.87353515625 1316947
0.67138671875 3.96728515625 2.13623046875 1317013
0.67138671875 3.96728515625 2.13623046875 1317135
7.99560546875 10.43701171875 -5.37109375 1317136
7.99560546875 10.43701171875 -5.37109375 1317137
7.99560546875 10.43701171875 -5.37109375 1317138
7.99560546875 10.43701171875 -5.37109375 1317138
-5.2490234375 9.21630859375 -10.55908203125 1317230
-5.2490234375 9.21630859375 -10.55908203125 1317332
-10.3759765625 0.6103515625 12.5732421875 1317333
-10.3759765625 0.6103515625 12.5732421875 1317334
-10.3759765625 0.6103515625 12.5732421875 1317334
-10.3759765625 0.6103515625 12.5732421875 1317335
-10.3759765625 0.6103515625 12.5732421875 1317448
-10.3759765625 -11.5966796875 16.54052734375 1317449
-10.3759765625 -11.5966796875 16.54052734375 1317449
-10.3759765625 -11.5966796875 16.54052734375 1317450
-10.3759765625 -11.5966796875 16.54052734375 1317451
-16.7236328125 -7.14111328125 16.66259765625 1317537
-16.7236328125 -7.14111328125 16.66259765625 1317639
1.89208984375 2.99072265625 7.87353515625 1317640
1.89208984375 2.99072265625 7.87353515625 1317641
1.89208984375 2.99072265625 7.87353515625 1317642
1.89208984375 2.99072265625 7.87353515625 1317643
-6.04248046875 4.57763671875 9.521484375 1317712
-6.04248046875 4.57763671875 9.521484375 1317832
-0.42724609375 -2.44140625 8.1787109375 1317833
-0.42724609375 -2.44140625 8.1787109375 1317833
-0.42724609375 -2.44140625 8.1787109375 1317834
-0.42724609375 -2.44140625 8.1787109375 1317835
-0.42724609375 -2.44140625 8.1787109375 1317934
10.80322265625 -3.662109375 -9.82666015625 1317935
10.80322265625 -3.662109375 -9.82666015625 1317936
10.80322265625 -3.662109375 -9.82666015625 1317936
10.80322265625 -3.662109375 -9.82666015625 1317937
10.80322265625 -3.662109375 -9.82666015625 1318036
8.36181640625 15.625 -15.31982421875 1318038
8.36181640625 15.625 -15.31982421875 1318039
8.36181640625 15.625 -15.31982421875 1318040
8.36181640625 15.625 -15.31982421875 1318041
8.36181640625 15.625 -15.31982421875 1318140
7.2021484375 8.11767578125 -10.92529296875 1318141
7.2021484375 8.11767578125 -10.92529296875 1318142
7.2021484375 8.11767578125 -10.92529296875 1318143
7.2021484375 8.11767578125 -10.92529296875 1318143
7.2021484375 8.11767578125 -10.92529296875 1318244
-0.79345703125 3.2958984375 -5.37109375 1318245
-0.79345703125 3.2958984375 -5.37109375 1318245
-0.79345703125 3.2958984375 -5.37109375 1318246
-0.79345703125 3.2958984375 -5.37109375 1318247
2.8076171875 2.197265625 -5.79833984375 1318312
2.8076171875 2.197265625 -5.79833984375 1318432
8.30078125 1.46484375 -15.07568359375 1318433
8.30078125 1.46484375 -15.07568359375 1318433
8.30078125 1.46484375 -15.07568359375 1318434
8.30078125 1.46484375 -15.07568359375 1318435
8.30078125 1.46484375 -15.07568359375 1318534
5.9814453125 -6.8359375 -20.6298828125 1318535
5.9814453125 -6.8359375 -20.6298828125 1318536
5.9814453125 -6.8359375 -20.6298828125 1318537
5.9814453125 -6.8359375 -20.6298828125 1318538
5.9814453125 -6.8359375 -20.6298828125 1318638
-3.41796875 7.14111328125 -11.65771484375 1318639
-3.41796875 7.14111328125 -11.65771484375 1318640
-3.41796875 7.14111328125 -11.65771484375 1318641
-3.41796875 7.14111328125 -11.65771484375 1318642
-3.41796875 7.14111328125 -11.65771484375 1318739
3.0517578125 12.14599609375 16.7236328125 1318740
3.0517578125 12.14599609375 16.7236328125 1318741
3.0517578125 12.14599609375 16.7236328125 1318741
3.0517578125 12.14599609375 16.7236328125 1318841
-2.0751953125 2.5634765625 -11.16943359375 1318842
-2.0751953125 2.5634765625 -11.16943359375 1318843
-2.0751953125 2.5634765625 -11.16943359375 1318844
-2.0751953125 2.5634765625 -11.16943359375 1318845
-7.99560546875 -5.9814453125 -15.19775390625 1318913
-7.99560546875 -5.9814453125 -15.19775390625 1319032
5.67626953125 0.54931640625 -13.916015625 1319033
5.67626953125 0.54931640625 -13.916015625 1319034
5.67626953125 0.54931640625 -13.916015625 1319035
5.67626953125 0.54931640625 -13.916015625 1319036
5.67626953125 0.54931640625 -13.916015625 1319139
6.103515625 18.6767578125 -30.09033203125 1319140
6.103515625 18.6767578125 -30.09033203125 1319141
6.103515625 18.6767578125 -30.09033203125 1319142
6.103515625 18.6767578125 -30.09033203125 1319142
6.103515625 18.6767578125 -30.09033203125 1319239
1.953125 21.17919921875 -44.677734375 1319240
1.953125 21.17919921875 -44.677734375 1319241
1.953125 21.17919921875 -44.677734375 1319241
1.953125 21.17919921875 -44.677734375 1319341
-0.54931640625 26.611328125 -29.47998046875 1319342
-0.54931640625 26.611328125 -29.47998046875 1319343
-0.54931640625 26.611328125 -29.47998046875 1319343
-0.54931640625 26.611328125 -29.47998046875 1319344
-0.54931640625 26.611328125 -29.47998046875 1319444
5.06591796875 18.1884765625 2.685546875 1319445
5.06591796875 18.1884765625 2.685546875 1319446
5.06591796875 18.1884765625 2.685546875 1319448
5.06591796875 18.1884765625 2.685546875 1319450
-18.49365234375 -23.8037109375 -6.65283203125 1319513
-18.49365234375 -23.8037109375 -6.65283203125 1319633
-8.056640625 -3.11279296875 -35.82763671875 1319634
-8.056640625 -3.11279296875 -35.82763671875 1319634
-8.056640625 -3.11279296875 -35.82763671875 1319635
-8.056640625 -3.11279296875 -35.82763671875 1319636
-8.056640625 -3.11279296875 -35.82763671875 1319735
24.658203125 46.38671875 -34.3017578125 1319736
24.658203125 46.38671875 -34.3017578125 1319737
24.658203125 46.38671875 -34.3017578125 1319737
24.658203125 46.38671875 -34.3017578125 1319738
24.658203125 46.38671875 -34.3017578125 1319838
31.31103515625 42.3583984375 -19.95849609375 1319839
31.31103515625 42.3583984375 -19.95849609375 1319840
31.31103515625 42.3583984375 -19.95849609375 1319841
31.31103515625 42.3583984375 -19.95849609375 1319841
31.31103515625 42.3583984375 -19.95849609375 1319940
23.01025390625 30.2734375 3.662109375 1319941
23.01025390625 30.2734375 3.662109375 1319942
23.01025390625 30.2734375 3.662109375 1319943
23.01025390625 30.2734375 3.662109375 1319944
23.01025390625 30.2734375 3.662109375 1320043
10.80322265625 -10.19287109375 41.3818359375 1320044
10.80322265625 -10.19287109375 41.3818359375 1320045
10.80322265625 -10.19287109375 41.3818359375 1320045
10.80322265625 -10.19287109375 41.3818359375 1320046
10.80322265625 -10.19287109375 41.3818359375 1320145
21.1181640625 -15.5029296875 -15.68603515625 1320146
21.1181640625 -15.5029296875 -15.68603515625 1320147
21.1181640625 -15.5029296875 -15.68603515625 1320147
21.1181640625 -15.5029296875 -15.68603515625 1320148
11.1083984375 11.1083984375 -24.59716796875 1320217
11.1083984375 11.1083984375 -24.59716796875 1320335
19.22607421875 46.20361328125 -4.57763671875 1320336
19.22607421875 46.20361328125 -4.57763671875 1320337
19.22607421875 46.20361328125 -4.57763671875 1320338
19.22607421875 46.20361328125 -4.57763671875 1320339
7.9345703125 21.54541015625 -24.90234375 1320427
7.9345703125 21.54541015625 -24.90234375 1320534
-3.90625 -33.26416015625 -44.49462890625 1320535
-3.90625 -33.26416015625 -44.49462890625 1320536
-3.90625 -33.26416015625 -44.49462890625 1320537
-3.90625 -33.26416015625 -44.49462890625 1320538
45.95947265625 -12.5732421875 -29.296875 1320634
45.95947265625 -12.5732421875 -29.296875 1320736
-19.53125 -33.26416015625 23.3154296875 1320737
-19.53125 -33.26416015625 23.3154296875 1320739
-19.53125 -33.26416015625 23.3154296875 1320740
-19.53125 -33.26416015625 23.3154296875 1320740
-19.53125 -33.26416015625 23.3154296875 1320841
13.12255859375 -3.90625 -38.6962890625 1320842
13.12255859375 -3.90625 -38.6962890625 1320843
13.12255859375 -3.90625 -38.6962890625 1320843
13.12255859375 -3.90625 -38.6962890625 1320844
13.12255859375 -3.90625 -38.6962890625 1320942
30.94482421875 5.2490234375 -0.67138671875 1320943
30.94482421875 5.2490234375 -0.67138671875 1320944
30.94482421875 5.2490234375 -0.67138671875 1320944
30.94482421875 5.2490234375 -0.67138671875 1320945
30.94482421875 5.2490234375 -0.67138671875 1321045
-21.78955078125 -16.17431640625 5.615234375 1321046
-21.78955078125 -16.17431640625 5.615234375 1321047
-21.78955078125 -16.17431640625 5.615234375 1321048
-21.78955078125 -16.17431640625 5.615234375 1321049
-5.4931640625 -14.58740234375 -6.7138671875 1321115
-5.4931640625 -14.58740234375 -6.7138671875 1321234
2.9296875 -10.7421875 -11.962890625 1321234
2.9296875 -10.7421875 -11.962890625 1321235
2.9296875 -10.7421875 -11.962890625 1321236
2.9296875 -10.7421875 -11.962890625 1321236
2.9296875 -10.7421875 -11.962890625 1321336
2.74658203125 -2.8076171875 8.72802734375 1321337
2.74658203125 -2.8076171875 8.72802734375 1321338
2.74658203125 -2.8076171875 8.72802734375 1321339
2.74658203125 -2.8076171875 8.72802734375 1321340
2.74658203125 -2.8076171875 8.72802734375 1321439
-10.6201171875 -6.591796875 2.197265625 1321440
-10.6201171875 -6.591796875 2.197265625 1321441
-10.6201171875 -6.591796875 2.197265625 1321441
-10.6201171875 -6.591796875 2.197265625 1321443
-10.6201171875 -6.591796875 2.197265625 1321541
6.77490234375 -3.90625 -7.26318359375 1321542
6.77490234375 -3.90625 -7.26318359375 1321543
6.77490234375 -3.90625 -7.26318359375 1321543
6.77490234375 -3.90625 -7.26318359375 1321544
6.77490234375 -3.90625 -7.26318359375 1321643
-3.90625 -12.87841796875 10.07080078125 1321644
-3.90625 -12.87841796875 10.07080078125 1321645
-3.90625 -12.87841796875 10.07080078125 1321646
-3.90625 -12.87841796875 10.07080078125 1321647
-3.90625 -12.87841796875 10.07080078125 1321747
5.55419921875 -6.40869140625 13.0615234375 1321748
5.55419921875 -6.40869140625 13.0615234375 1321749
5.55419921875 -6.40869140625 13.0615234375 1321750
5.55419921875 -6.40869140625 13.0615234375 1321750
0.67138671875 -3.173828125 -13.671875 1321821
0.67138671875 -3.173828125 -13.671875 1321942
-8.056640625 -8.23974609375 -6.28662109375 1321943
-8.056640625 -8.23974609375 -6.28662109375 1321944
-8.056640625 -8.23974609375 -6.28662109375 1321945
-8.056640625 -8.23974609375 -6.28662109375 1321945
-8.056640625 -8.23974609375 -6.28662109375 1322047
3.7841796875 -4.0283203125 -5.55419921875 1322048
3.7841796875 -4.0283203125 -5.55419921875 1322048
3.7841796875 -4.0283203125 -5.55419921875 1322049
3.7841796875 -4.0283203125 -5.55419921875 1322050
-7.6904296875 -4.08935546875 -6.7138671875 1322116
-7.6904296875 -4.08935546875 -6.7138671875 1322236
4.5166015625 1.03759765625 -6.9580078125 1322237
4.5166015625 1.03759765625 -6.9580078125 1322238
4.5166015625 1.03759765625 -6.9580078125 1322239
4.5166015625 1.03759765625 -6.9580078125 1322239
4.5166015625 1.03759765625 -6.9580078125 1322342
-11.71875 -12.02392578125 -0.79345703125 1322343
-11.71875 -12.02392578125 -0.79345703125 1322344
-11.71875 -12.02392578125 -0.79345703125 1322344
-11.71875 -12.02392578125 -0.79345703125 1322345
-11.71875 -12.02392578125 -0.79345703125 1322447
-15.44189453125 -31.73828125 24.7802734375 1322448
-15.44189453125 -31.73828125 24.7802734375 1322449
-15.44189453125 -31.73828125 24.7802734375 1322450
-15.44189453125 -31.73828125 24.7802734375 1322450
4.638671875 -12.39013671875 -11.04736328125 1322518
4.638671875 -12.39013671875 -11.04736328125 1322636
5.7373046875 5.06591796875 -8.7890625 1322637
5.7373046875 5.06591796875 -8.7890625 1322638
5.7373046875 5.06591796875 -8.7890625 1322639
5.7373046875 5.06591796875 -8.7890625 1322640
5.7373046875 5.06591796875 -8.7890625 1322739
-20.3857421875 -18.73779296875 3.0517578125 1322740
-20.3857421875 -18.73779296875 3.0517578125 1322741
-20.3857421875 -18.73779296875 3.0517578125 1322742
-20.3857421875 -18.73779296875 3.0517578125 1322742
-10.92529296875 -13.916015625 -3.7841796875 1322836
-10.92529296875 -13.916015625 -3.7841796875 1322925
0.732421875 -9.33837890625 3.35693359375 1322926
0.732421875 -9.33837890625 3.35693359375 1322927
0.732421875 -9.33837890625 3.35693359375 1322927
0.732421875 -9.33837890625 3.35693359375 1322929
0.732421875 -9.33837890625 3.35693359375 1323038
-9.09423828125 -12.939453125 9.94873046875 1323040
-9.09423828125 -12.939453125 9.94873046875 1323041
-9.09423828125 -12.939453125 9.94873046875 1323042
-9.09423828125 -12.939453125 9.94873046875 1323043
-9.09423828125 -12.939453125 9.94873046875 1323145
0.6103515625 7.50732421875 -29.47998046875 1323146
0.6103515625 7.50732421875 -29.47998046875 1323147
0.6103515625 7.50732421875 -29.47998046875 1323148
0.6103515625 7.50732421875 -29.47998046875 1323149
0.54931640625 0.06103515625 3.96728515625 1323219
0.54931640625 0.06103515625 3.96728515625 1323338
-4.2724609375 -3.173828125 3.90625 1323339
-4.2724609375 -3.173828125 3.90625 1323340
-4.2724609375 -3.173828125 3.90625 1323340
-4.2724609375 -3.173828125 3.90625 1323341
-4.2724609375 -3.173828125 3.90625 1323440
-6.7138671875 -9.09423828125 0.9765625 1323441
-6.7138671875 -9.09423828125 0.9765625 1323442
-6.7138671875 -9.09423828125 0.9765625 1323443
-6.7138671875 -9.09423828125 0.9765625 1323444
-6.7138671875 -9.09423828125 0.9765625 1323570
-1.5869140625 0.79345703125 -7.4462890625 1323571
-1.5869140625 0.79345703125 -7.4462890625 1323573
-1.5869140625 0.79345703125 -7.4462890625 1323573
-1.5869140625 0.79345703125 -7.4462890625 1323574
-5.31005859375 1.15966796875 -11.77978515625 1323621
-5.31005859375 1.15966796875 -11.77978515625 1323742
-2.44140625 5.31005859375 -1.03759765625 1323743
-2.44140625 5.31005859375 -1.03759765625 1323744
-2.44140625 5.31005859375 -1.03759765625 1323745
-2.44140625 5.31005859375 -1.03759765625 1323745
5.55419921875 0 16.90673828125 1323839
5.55419921875 0 16.90673828125 1323941
-4.94384765625 2.8076171875 -8.30078125 1323942
-4.94384765625 2.8076171875 -8.30078125 1323943
-4.94384765625 2.8076171875 -8.30078125 1323944
-4.94384765625 2.8076171875 -8.30078125 1323945
-4.94384765625 2.8076171875 -8.30078125 1324071
-4.94384765625 -2.99072265625 -6.9580078125 1324072
-4.94384765625 -2.99072265625 -6.9580078125 1324073
-4.94384765625 -2.99072265625 -6.9580078125 1324074
-4.94384765625 -2.99072265625 -6.9580078125 1324075
-6.89697265625 -8.7890625 6.40869140625 1324154
-6.89697265625 -8.7890625 6.40869140625 1324220
-8.60595703125 7.99560546875 -0.732421875 1324221
-8.60595703125 7.99560546875 -0.732421875 1324221
-8.60595703125 7.99560546875 -0.732421875 1324222
-8.60595703125 7.99560546875 -0.732421875 1324223
-8.60595703125 7.99560546875 -0.732421875 1324339
-7.2021484375 -8.30078125 5.2490234375 1324340
-7.2021484375 -8.30078125 5.2490234375 1324341
-7.2021484375 -8.30078125 5.2490234375 1324341
-7.2021484375 -8.30078125 5.2490234375 1324342
-7.2021484375 -8.30078125 5.2490234375 1324442
-4.8828125 6.04248046875 -3.90625 1324443
-4.8828125 6.04248046875 -3.90625 1324444
-4.8828125 6.04248046875 -3.90625 1324445
-4.8828125 6.04248046875 -3.90625 1324445
-4.8828125 6.04248046875 -3.90625 1324544
-4.39453125 -4.638671875 -6.40869140625 1324545
-4.39453125 -4.638671875 -6.40869140625 1324545
-4.39453125 -4.638671875 -6.40869140625 1324546
-4.39453125 -4.638671875 -6.40869140625 1324547
-4.39453125 -4.638671875 -6.40869140625 1324648
-0.30517578125 5.37109375 -7.75146484375 1324650
-0.30517578125 5.37109375 -7.75146484375 1324650
-0.30517578125 5.37109375 -7.75146484375 1324651
-0.30517578125 5.37109375 -7.75146484375 1324652
-0.30517578125 5.37109375 -7.75146484375 1324749
-10.986328125 -4.0283203125 1.77001953125 1324750
-10.986328125 -4.0283203125 1.77001953125 1324751
-10.986328125 -4.0283203125 1.77001953125 1324752
-10.986328125 -4.0283203125 1.77001953125 1324752
-6.28662109375 -9.3994140625 10.8642578125 1324818
-6.28662109375 -9.3994140625 10.8642578125 1324937
3.35693359375 4.7607421875 -10.07080078125 1324938
3.35693359375 4.7607421875 -10.07080078125 1324939
3.35693359375 4.7607421875 -10.07080078125 1324940
3.35693359375 4.7607421875 -10.07080078125 1324940
3.35693359375 4.7607421875 -10.07080078125 1325039
8.4228515625 8.056640625 -7.4462890625 1325040
8.4228515625 8.056640625 -7.4462890625 1325041
8.4228515625 8.056640625 -7.4462890625 1325041
8.4228515625 8.056640625 -7.4462890625 1325042
8.4228515625 8.056640625 -7.4462890625 1325141
-12.0849609375 -8.1787109375 -1.40380859375 1325142
-12.0849609375 -8.1787109375 -1.40380859375 1325143
-12.0849609375 -8.1787109375 -1.40380859375 1325144
-12.0849609375 -8.1787109375 -1.40380859375 1325144
-7.2021484375 -2.9296875 -2.38037109375 1325244
-7.2021484375 -2.9296875 -2.38037109375 1325246
-7.2021484375 -2.9296875 -2.38037109375 1325247
-7.2021484375 -2.9296875 -2.38037109375 1325248
-7.2021484375 -2.9296875 -2.38037109375 1325348
-3.662109375 -6.103515625 -5.31005859375 1325349
-3.662109375 -6.103515625 -5.31005859375 1325350
-3.662109375 -6.103515625 -5.31005859375 1325350
-3.662109375 -6.103515625 -5.31005859375 1325351
0.91552734375 7.080078125 -1.64794921875 1325421
0.91552734375 7.080078125 -1.64794921875 1325543
2.3193359375 0 -5.31005859375 1325544
2.3193359375 0 -5.31005859375 1325544
2.3193359375 0 -5.31005859375 1325545
2.3193359375 0 -5.31005859375 1325546
2.3193359375 0 -5.31005859375 1325645
-1.03759765625 -4.0283203125 2.9296875 1325646
-1.03759765625 -4.0283203125 2.9296875 1325646
-1.03759765625 -4.0283203125 2.9296875 1325647
-1.03759765625 -4.0283203125 2.9296875 1325648
-1.03759765625 -4.0283203125 2.9296875 1325752
-2.25830078125 0.732421875 1.708984375 1325753
-2.25830078125 0.732421875 1.708984375 1325754
-2.25830078125 0.732421875 1.708984375 1325755
-2.25830078125 0.732421875 1.708984375 1325756
6.04248046875 7.01904296875 -3.90625 1325820
6.04248046875 7.01904296875 -3.90625 1325940
1.77001953125 5.126953125 -7.8125 1325942
1.77001953125 5.126953125 -7.8125 1325943
1.77001953125 5.126953125 -7.8125 1325944
1.77001953125 5.126953125 -7.8125 1325945
1.77001953125 5.126953125 -7.8125 1326044
-2.99072265625 -0.1220703125 -5.55419921875 1326046
-2.99072265625 -0.1220703125 -5.55419921875 1326046
-2.99072265625 -0.1220703125 -5.55419921875 1326047
-2.99072265625 -0.1220703125 -5.55419921875 1326048
-2.99072265625 -0.1220703125 -5.55419921875 1326145
-6.28662109375 -3.662109375 5.859375 1326146
-6.28662109375 -3.662109375 5.859375 1326146
-6.28662109375 -3.662109375 5.859375 1326147
-6.28662109375 -3.662109375 5.859375 1326148
-6.28662109375 -3.662109375 5.859375 1326247
1.40380859375 -1.5869140625 3.2958984375 1326248
1.40380859375 -1.5869140625 3.2958984375 1326249
1.40380859375 -1.5869140625 3.2958984375 1326250
1.40380859375 -1.5869140625 3.2958984375 1326251
1.40380859375 -1.5869140625 3.2958984375 1326350
-0.9765625 -5.06591796875 -5.67626953125 1326351
-0.9765625 -5.06591796875 -5.67626953125 1326351
-0.9765625 -5.06591796875 -5.67626953125 1326352
-0.9765625 -5.06591796875 -5.67626953125 1326353
4.8828125 -1.03759765625 -0.54931640625 1326422
4.8828125 -1.03759765625 -0.54931640625 1326541
-6.28662109375 -1.03759765625 -0.9765625 1326542
-6.28662109375 -1.03759765625 -0.9765625 1326543
-6.28662109375 -1.03759765625 -0.9765625 1326543
-6.28662109375 -1.03759765625 -0.9765625 1326544
-6.28662109375 -1.03759765625 -0.9765625 1326644
6.591796875 0.244140625 4.33349609375 1326645
6.591796875 0.244140625 4.33349609375 1326646
6.591796875 0.244140625 4.33349609375 1326647
6.591796875 0.244140625 4.33349609375 1326647
14.70947265625 19.71435546875 -13.5498046875 1326740
14.70947265625 19.71435546875 -13.5498046875 1326821
6.40869140625 5.67626953125 -14.892578125 1326823
6.40869140625 5.67626953125 -14.892578125 1326823
6.40869140625 5.67626953125 -14.892578125 1326824
6.40869140625 5.67626953125 -14.892578125 1326825
6.40869140625 5.67626953125 -14.892578125 1326940
-3.662109375 14.404296875 -9.82666015625 1326941
-3.662109375 14.404296875 -9.82666015625 1326942
-3.662109375 14.404296875 -9.82666015625 1326942
-3.662109375 14.404296875 -9.82666015625 1326943
-3.662109375 14.404296875 -9.82666015625 1327045
-3.23486328125 -0.48828125 2.5634765625 1327046
-3.23486328125 -0.48828125 2.5634765625 1327047
-3.23486328125 -0.48828125 2.5634765625 1327048
-3.23486328125 -0.48828125 2.5634765625 1327049
-3.23486328125 -0.48828125 2.5634765625 1327146
-7.080078125 -11.1083984375 9.3994140625 1327147
-7.080078125 -11.1083984375 9.3994140625 1327147
-7.080078125 -11.1083984375 9.3994140625 1327148
-7.080078125 -11.1083984375 9.3994140625 1327149
-7.080078125 -11.1083984375 9.3994140625 1327248
9.27734375 1.89208984375 5.126953125 1327249
9.27734375 1.89208984375 5.126953125 1327250
9.27734375 1.89208984375 5.126953125 1327251
9.27734375 1.89208984375 5.126953125 1327252
9.27734375 1.89208984375 5.126953125 1327350
6.40869140625 7.32421875 -12.75634765625 1327351
6.40869140625 7.32421875 -12.75634765625 1327352
6.40869140625 7.32421875 -12.75634765625 1327353
6.40869140625 7.32421875 -12.75634765625 1327353
-2.50244140625 0 -3.5400390625 1327423
-2.50244140625 0 -3.5400390625 1327542
0 4.8828125 -2.13623046875 1327543
0 4.8828125 -2.13623046875 1327544
0 4.8828125 -2.13623046875 1327544
0 4.8828125 -2.13623046875 1327545
0 4.8828125 -2.13623046875 1327644
-6.103515625 -2.50244140625 -5.31005859375 1327645
-6.103515625 -2.50244140625 -5.31005859375 1327646
-6.103515625 -2.50244140625 -5.31005859375 1327647
-6.103515625 -2.50244140625 -5.31005859375 1327647
1.77001953125 0.42724609375 5.859375 1327736
1.77001953125 0.42724609375 5.859375 1327824
-2.9296875 -3.60107421875 -7.38525390625 1327825
-2.9296875 -3.60107421875 -7.38525390625 1327826
-2.9296875 -3.60107421875 -7.38525390625 1327826
-2.9296875 -3.60107421875 -7.38525390625 1327827
-2.9296875 -3.60107421875 -7.38525390625 1327942
-0.42724609375 -8.36181640625 3.11279296875 1327943
-0.42724609375 -8.36181640625 3.11279296875 1327944
-0.42724609375 -8.36181640625 3.11279296875 1327945
-0.42724609375 -8.36181640625 3.11279296875 1327945
-0.42724609375 -8.36181640625 3.11279296875 1328044
5.92041015625 -1.220703125 -1.15966796875 1328045
5.92041015625 -1.220703125 -1.15966796875 1328046
5.92041015625 -1.220703125 -1.15966796875 1328046
5.92041015625 -1.220703125 -1.15966796875 1328047
5.92041015625 -1.220703125 -1.15966796875 1328148
3.173828125 -1.0986328125 -2.25830078125 1328149
3.173828125 -1.0986328125 -2.25830078125 1328149
3.173828125 -1.0986328125 -2.25830078125 1328150
3.173828125 -1.0986328125 -2.25830078125 1328151
3.173828125 -1.0986328125 -2.25830078125 1328250
-3.72314453125 -5.06591796875 1.0986328125 1328251
-3.72314453125 -5.06591796875 1.0986328125 1328252
-3.72314453125 -5.06591796875 1.0986328125 1328252
-3.72314453125 -5.06591796875 1.0986328125 1328253
1.15966796875 14.70947265625 0.48828125 1328320
1.15966796875 14.70947265625 0.48828125 1328439
1.15966796875 -7.32421875 -1.46484375 1328440
1.15966796875 -7.32421875 -1.46484375 1328441
1.15966796875 -7.32421875 -1.46484375 1328442
1.15966796875 -7.32421875 -1.46484375 1328442
1.15966796875 -7.32421875 -1.46484375 1328545
1.953125 -1.220703125 -2.197265625 1328546
1.953125 -1.220703125 -2.197265625 1328547
1.953125 -1.220703125 -2.197265625 1328548
1.953125 -1.220703125 -2.197265625 1328549
1.953125 -1.220703125 -2.197265625 1328652
-8.4228515625 -3.72314453125 -10.7421875 1328653
-8.4228515625 -3.72314453125 -10.7421875 1328653
-8.4228515625 -3.72314453125 -10.7421875 1328653
-8.4228515625 -3.72314453125 -10.7421875 1328654
0.79345703125 4.2724609375 -1.89208984375 1328749
0.79345703125 4.2724609375 -1.89208984375 1328851
0.30517578125 11.04736328125 -4.5166015625 1328852
0.30517578125 11.04736328125 -4.5166015625 1328853
0.30517578125 11.04736328125 -4.5166015625 1328854
0.30517578125 11.04736328125 -4.5166015625 1328854
7.32421875 6.77490234375 -3.72314453125 1328921
7.32421875 6.77490234375 -3.72314453125 1329043
-11.04736328125 -1.77001953125 -3.2958984375 1329044
-11.04736328125 -1.77001953125 -3.2958984375 1329045
-11.04736328125 -1.77001953125 -3.2958984375 1329046
-11.04736328125 -1.77001953125 -3.2958984375 1329046
-11.04736328125 -1.77001953125 -3.2958984375 1329143
-6.9580078125 -6.28662109375 0.6103515625 1329144
-6.9580078125 -6.28662109375 0.6103515625 1329145
-6.9580078125 -6.28662109375 0.6103515625 1329146
-6.9580078125 -6.28662109375 0.6103515625 1329147
-6.9580078125 -6.28662109375 0.6103515625 1329248
-5.06591796875 -5.7373046875 2.74658203125 1329249
-5.06591796875 -5.7373046875 2.74658203125 1329249
-5.06591796875 -5.7373046875 2.74658203125 1329250
-5.06591796875 -5.7373046875 2.74658203125 1329251
-5.06591796875 -5.7373046875 2.74658203125 1329348
3.72314453125 -1.5869140625 -0.79345703125 1329349
3.72314453125 -1.5869140625 -0.79345703125 1329350
3.72314453125 -1.5869140625 -0.79345703125 1329350
3.72314453125 -1.5869140625 -0.79345703125 1329351
3.72314453125 -1.5869140625 -0.79345703125 1329451
-0.06103515625 0.30517578125 5.126953125 1329452
-0.06103515625 0.30517578125 5.126953125 1329453
-0.06103515625 0.30517578125 5.126953125 1329454
-0.06103515625 0.30517578125 5.126953125 1329454
-3.35693359375 -4.69970703125 -0.6103515625 1329522
-3.35693359375 -4.69970703125 -0.6103515625 1329641
-2.3193359375 -1.03759765625 1.220703125 1329642
-2.3193359375 -1.03759765625 1.220703125 1329643
-2.3193359375 -1.03759765625 1.220703125 1329643
-2.3193359375 -1.03759765625 1.220703125 1329644
-2.3193359375 -1.03759765625 1.220703125 1329743
-4.638671875 -2.0751953125 3.72314453125 1329744
-4.638671875 -2.0751953125 3.72314453125 1329745
-4.638671875 -2.0751953125 3.72314453125 1329746
-4.638671875 -2.0751953125 3.72314453125 1329746
-4.638671875 -2.0751953125 3.72314453125 1329847
7.50732421875 3.11279296875 -4.2724609375 1329848
7.50732421875 3.11279296875 -4.2724609375 1329849
7.50732421875 3.11279296875 -4.2724609375 1329849
7.50732421875 3.11279296875 -4.2724609375 1329850
7.50732421875 3.11279296875 -4.2724609375 1329951
-2.38037109375 -0.244140625 -1.0986328125 1329952
-2.38037109375 -0.244140625 -1.0986328125 1329953
-2.38037109375 -0.244140625 -1.0986328125 1329954
-2.38037109375 -0.244140625 -1.0986328125 1329954
-2.38037109375 -0.244140625 -1.0986328125 1330054
5.126953125 2.74658203125 2.8076171875 1330056
5.126953125 2.74658203125 2.8076171875 1330057
5.126953125 2.74658203125 2.8076171875 1330057
5.126953125 2.74658203125 2.8076171875 1330058
-7.8125 -3.90625 -2.8076171875 1330125
-7.8125 -3.90625 -2.8076171875 1330243
3.60107421875 3.0517578125 3.72314453125 1330244
3.60107421875 3.0517578125 3.72314453125 1330245
3.60107421875 3.0517578125 3.72314453125 1330246
3.60107421875 3.0517578125 3.72314453125 1330246
3.60107421875 3.0517578125 3.72314453125 1330347
-7.87353515625 -3.7841796875 -2.25830078125 1330348
-7.87353515625 -3.7841796875 -2.25830078125 1330349
-7.87353515625 -3.7841796875 -2.25830078125 1330350
-7.87353515625 -3.7841796875 -2.25830078125 1330350
1.953125 -0.244140625 -3.662109375 1330447
1.953125 -0.244140625 -3.662109375 1330551
4.45556640625 3.41796875 -4.2724609375 1330553
4.45556640625 3.41796875 -4.2724609375 1330554
4.45556640625 3.41796875 -4.2724609375 1330554
4.45556640625 3.41796875 -4.2724609375 1330555
4.45556640625 3.41796875 -4.2724609375 1330653
-5.4931640625 0.1220703125 -7.2021484375 1330655
-5.4931640625 0.1220703125 -7.2021484375 1330655
-5.4931640625 0.1220703125 -7.2021484375 1330656
-5.4931640625 0.1220703125 -7.2021484375 1330657
-2.685546875 -1.03759765625 4.8828125 1330723
-2.685546875 -1.03759765625 4.8828125 1330843
-0.732421875 -1.64794921875 -1.15966796875 1330844
-0.732421875 -1.64794921875 -1.15966796875 1330844
-0.732421875 -1.64794921875 -1.15966796875 1330845
-0.732421875 -1.64794921875 -1.15966796875 1330846
-0.732421875 -1.64794921875 -1.15966796875 1330945
1.64794921875 1.28173828125 -0.54931640625 1330946
1.64794921875 1.28173828125 -0.54931640625 1330947
1.64794921875 1.28173828125 -0.54931640625 1330947
1.64794921875 1.28173828125 -0.54931640625 1330948
1.64794921875 1.28173828125 -0.54931640625 1331048
5.7373046875 4.7607421875 -1.64794921875 1331048
5.7373046875 4.7607421875 -1.64794921875 1331049
5.7373046875 4.7607421875 -1.64794921875 1331050
5.7373046875 4.7607421875 -1.64794921875 1331051
5.7373046875 4.7607421875 -1.64794921875 1331150
-4.45556640625 -2.74658203125 -0.3662109375 1331151
-4.45556640625 -2.74658203125 -0.3662109375 1331152
-4.45556640625 -2.74658203125 -0.3662109375 1331153
-4.45556640625 -2.74658203125 -0.3662109375 1331153
-4.45556640625 -2.74658203125 -0.3662109375 1331252
-2.01416015625 0.48828125 6.16455078125 1331253
-2.01416015625 0.48828125 6.16455078125 1331254
-2.01416015625 0.48828125 6.16455078125 1331255
-2.01416015625 0.48828125 6.16455078125 1331256
-2.01416015625 0.48828125 6.16455078125 1331355
1.77001953125 5.0048828125 -4.39453125 1331356
1.77001953125 5.0048828125 -4.39453125 1331357
1.77001953125 5.0048828125 -4.39453125 1331357
1.77001953125 5.0048828125 -4.39453125 1331358
-3.47900390625 1.40380859375 -0.244140625 1331427
-3.47900390625 1.40380859375 -0.244140625 1331549
-2.3193359375 -5.31005859375 -1.40380859375 1331550
-2.3193359375 -5.31005859375 -1.40380859375 1331551
-2.3193359375 -5.31005859375 -1.40380859375 1331551
-2.3193359375 -5.31005859375 -1.40380859375 1331552
-2.3193359375 -5.31005859375 -1.40380859375 1331655
-8.36181640625 -1.64794921875 -0.48828125 1331656
-8.36181640625 -1.64794921875 -0.48828125 1331657
-8.36181640625 -1.64794921875 -0.48828125 1331658
-8.36181640625 -1.64794921875 -0.48828125 1331659
1.46484375 5.126953125 1.64794921875 1331724
1.46484375 5.126953125 1.64794921875 1331851
-2.74658203125 0 2.197265625 1331851
-2.74658203125 0 2.197265625 1331852
-2.74658203125 0 2.197265625 1331853
-2.74658203125 0 2.197265625 1331853
-8.36181640625 -13.5498046875 4.21142578125 1331948
-8.36181640625 -13.5498046875 4.21142578125 1332031
2.38037109375 7.32421875 -5.9814453125 1332053
2.38037109375 7.32421875 -5.9814453125 1332054
2.38037109375 7.32421875 -5.9814453125 1332054
2.38037109375 7.32421875 -5.9814453125 1332055
2.38037109375 7.32421875 -5.9814453125 1332155
1.46484375 1.40380859375 -1.64794921875 1332156
1.46484375 1.40380859375 -1.64794921875 1332156
1.46484375 1.40380859375 -1.64794921875 1332157
1.46484375 1.40380859375 -1.64794921875 1332158
1.46484375 1.40380859375 -1.64794921875 1332257
2.74658203125 -4.57763671875 8.85009765625 1332259
2.74658203125 -4.57763671875 8.85009765625 1332259
2.74658203125 -4.57763671875 8.85009765625 1332260
2.74658203125 -4.57763671875 8.85009765625 1332261
0.06103515625 -6.9580078125 6.16455078125 1332326
0.06103515625 -6.9580078125 6.16455078125 1332446
16.6015625 12.0849609375 1.3427734375 1332447
16.6015625 12.0849609375 1.3427734375 1332448
16.6015625 12.0849609375 1.3427734375 1332449
16.6015625 12.0849609375 1.3427734375 1332449
-3.72314453125 4.82177734375 1.3427734375 1332546
-3.72314453125 4.82177734375 1.3427734375 1332648
-3.11279296875 2.0751953125 2.38037109375 1332649
-3.11279296875 2.0751953125 2.38037109375 1332651
-3.11279296875 2.0751953125 2.38037109375 1332652
-3.11279296875 2.0751953125 2.38037109375 1332653
-3.11279296875 2.0751953125 2.38037109375 1332751
-1.0986328125 6.2255859375 -2.3193359375 1332752
-1.0986328125 6.2255859375 -2.3193359375 1332753
-1.0986328125 6.2255859375 -2.3193359375 1332753
-1.0986328125 6.2255859375 -2.3193359375 1332754
-1.0986328125 6.2255859375 -2.3193359375 1332853
1.953125 2.8076171875 -3.90625 1332854
1.953125 2.8076171875 -3.90625 1332855
1.953125 2.8076171875 -3.90625 1332856
1.953125 2.8076171875 -3.90625 1332856
1.953125 2.8076171875 -3.90625 1332959
-2.38037109375 5.79833984375 0.9765625 1332960
-2.38037109375 5.79833984375 0.9765625 1332961
-2.38037109375 5.79833984375 0.9765625 1332962
-2.38037109375 5.79833984375 0.9765625 1332963
-1.8310546875 4.33349609375 5.43212890625 1333027
-1.8310546875 4.33349609375 5.43212890625 1333140
-4.69970703125 2.50244140625 8.6669921875 1333141
-4.69970703125 2.50244140625 8.6669921875 1333142
-4.69970703125 2.50244140625 8.6669921875 1333143
-4.69970703125 2.50244140625 8.6669921875 1333143
-4.69970703125 2.50244140625 8.6669921875 1333254
-8.9111328125 -6.28662109375 8.85009765625 1333255
-8.9111328125 -6.28662109375 8.85009765625 1333256
-8.9111328125 -6.28662109375 8.85009765625 1333257
-8.9111328125 -6.28662109375 8.85009765625 1333257
-8.9111328125 -6.28662109375 8.85009765625 1333356
7.50732421875 -2.62451171875 -1.89208984375 1333357
7.50732421875 -2.62451171875 -1.89208984375 1333358
7.50732421875 -2.62451171875 -1.89208984375 1333358
7.50732421875 -2.62451171875 -1.89208984375 1333359
12.939453125 19.47021484375 -14.95361328125 1333427
12.939453125 19.47021484375 -14.95361328125 1333548
-7.6904296875 5.31005859375 -0.48828125 1333549
-7.6904296875 5.31005859375 -0.48828125 1333550
-7.6904296875 5.31005859375 -0.48828125 1333551
-7.6904296875 5.31005859375 -0.48828125 1333552
-7.6904296875 5.31005859375 -0.48828125 1333648
-4.82177734375 4.82177734375 4.2724609375 1333652
-4.82177734375 4.82177734375 4.2724609375 1333652
-4.82177734375 4.82177734375 4.2724609375 1333653
-4.82177734375 4.82177734375 4.2724609375 1333654
9.8876953125 7.6904296875 -9.765625 1333753
9.8876953125 7.6904296875 -9.765625 1333754
9.8876953125 7.6904296875 -9.765625 1333754
9.8876953125 7.6904296875 -9.765625 1333755
9.8876953125 7.6904296875 -9.765625 1333856
11.04736328125 12.3291015625 -12.87841796875 1333857
11.04736328125 12.3291015625 -12.87841796875 1333858
11.04736328125 12.3291015625 -12.87841796875 1333858
11.04736328125 12.3291015625 -12.87841796875 1333859
3.662109375 9.3994140625 -2.3193359375 1333927
3.662109375 9.3994140625 -2.3193359375 1334046
2.74658203125 6.65283203125 -0.6103515625 1334047
2.74658203125 6.65283203125 -0.6103515625 1334047
2.74658203125 6.65283203125 -0.6103515625 1334048
2.74658203125 6.65283203125 -0.6103515625 1334049
2.74658203125 6.65283203125 -0.6103515625 1334149
-8.6669921875 -2.5634765625 10.25390625 1334150
-8.6669921875 -2.5634765625 10.25390625 1334151
-8.6669921875 -2.5634765625 10.25390625 1334152
-8.6669921875 -2.5634765625 10.25390625 1334153
-8.6669921875 -2.5634765625 10.25390625 1334251
-6.591796875 -10.55908203125 14.892578125 1334252
-6.591796875 -10.55908203125 14.892578125 1334253
-6.591796875 -10.55908203125 14.892578125 1334254
-6.591796875 -10.55908203125 14.892578125 1334254
-6.591796875 -10.55908203125 14.892578125 1334354
4.2724609375 8.30078125 -7.01904296875 1334357
4.2724609375 8.30078125 -7.01904296875 1334358
4.2724609375 8.30078125 -7.01904296875 1334359
4.2724609375 8.30078125 -7.01904296875 1334360
4.2724609375 8.30078125 -7.01904296875 1334456
4.69970703125 10.80322265625 -7.14111328125 1334457
4.69970703125 10.80322265625 -7.14111328125 1334457
-19.71435546875 -8.85009765625 14.7705078125 1334527
-19.71435546875 -8.85009765625 14.7705078125 1334528
-19.71435546875 -8.85009765625 14.7705078125 1334529
-19.71435546875 -8.85009765625 14.7705078125 1334646
-11.71875 1.220703125 14.5263671875 1334647
-11.71875 1.220703125 14.5263671875 1334648
-11.71875 1.220703125 14.5263671875 1334648
-11.71875 1.220703125 14.5263671875 1334697
-11.71875 1.220703125 14.5263671875 1334750
-12.451171875 -8.97216796875 12.02392578125 1334751
-12.451171875 -8.97216796875 12.02392578125 1334752
-12.451171875 -8.97216796875 12.02392578125 1334753
-12.451171875 -8.97216796875 12.02392578125 1334754
-12.451171875 -8.97216796875 12.02392578125 1334851
9.09423828125 4.0283203125 0.6103515625 1334853
9.09423828125 4.0283203125 0.6103515625 1334854
9.09423828125 4.0283203125 0.6103515625 1334855
9.09423828125 4.0283203125 0.6103515625 1334856
9.09423828125 4.0283203125 0.6103515625 1334954
9.8876953125 13.12255859375 -5.79833984375 1334955
9.8876953125 13.12255859375 -5.79833984375 1334956
9.8876953125 13.12255859375 -5.79833984375 1334957
9.8876953125 13.12255859375 -5.79833984375 1334958
9.8876953125 13.12255859375 -5.79833984375 1335081
-13.916015625 -5.4931640625 14.7705078125 1335083
-13.916015625 -5.4931640625 14.7705078125 1335083
-13.916015625 -5.4931640625 14.7705078125 1335084
-13.916015625 -5.4931640625 14.7705078125 1335085
-8.30078125 -3.0517578125 16.11328125 1335161
-8.30078125 -3.0517578125 16.11328125 1335230
-13.61083984375 -14.95361328125 30.94482421875 1335232
-13.61083984375 -14.95361328125 30.94482421875 1335233
-13.61083984375 -14.95361328125 30.94482421875 1335234
-13.61083984375 -14.95361328125 30.94482421875 1335235
-13.61083984375 -14.95361328125 30.94482421875 1335351
4.8828125 1.52587890625 8.7890625 1335352
4.8828125 1.52587890625 8.7890625 1335353
4.8828125 1.52587890625 8.7890625 1335354
4.8828125 1.52587890625 8.7890625 1335355
4.8828125 1.52587890625 8.7890625 1335454
8.97216796875 11.474609375 -5.55419921875 1335455
8.97216796875 11.474609375 -5.55419921875 1335456
8.97216796875 11.474609375 -5.55419921875 1335456
8.97216796875 11.474609375 -5.55419921875 1335457
8.97216796875 11.474609375 -5.55419921875 1335555
3.72314453125 8.1787109375 -4.08935546875 1335556
3.72314453125 8.1787109375 -4.08935546875 1335557
3.72314453125 8.1787109375 -4.08935546875 1335558
3.72314453125 8.1787109375 -4.08935546875 1335558
3.72314453125 8.1787109375 -4.08935546875 1335661
5.67626953125 7.62939453125 -9.21630859375 1335662
5.67626953125 7.62939453125 -9.21630859375 1335663
5.67626953125 7.62939453125 -9.21630859375 1335664
5.67626953125 7.62939453125 -9.21630859375 1335664
-7.568359375 -5.4931640625 6.04248046875 1335730
-7.568359375 -5.4931640625 6.04248046875 1335847
-9.033203125 -13.0615234375 17.2119140625 1335848
-9.033203125 -13.0615234375 17.2119140625 1335848
-9.033203125 -13.0615234375 17.2119140625 1335849
-9.033203125 -13.0615234375 17.2119140625 1335850
-9.033203125 -13.0615234375 17.2119140625 1335947
7.4462890625 10.25390625 -2.25830078125 1335948
7.4462890625 10.25390625 -2.25830078125 1335949
7.4462890625 10.25390625 -2.25830078125 1335950
7.4462890625 10.25390625 -2.25830078125 1335951
7.4462890625 10.25390625 -2.25830078125 1336052
9.82666015625 10.009765625 -7.4462890625 1336053
9.82666015625 10.009765625 -7.4462890625 1336054
9.82666015625 10.009765625 -7.4462890625 1336054
9.82666015625 10.009765625 -7.4462890625 1336055
9.82666015625 10.009765625 -7.4462890625 1336161
-3.173828125 7.568359375 -3.84521484375 1336162
-3.173828125 7.568359375 -3.84521484375 1336163
-3.173828125 7.568359375 -3.84521484375 1336164
-3.173828125 7.568359375 -3.84521484375 1336164
-10.43701171875 -2.8076171875 5.06591796875 1336257
-10.43701171875 -2.8076171875 5.06591796875 1336360
-7.2021484375 -2.13623046875 12.51220703125 1336361
-7.2021484375 -2.13623046875 12.51220703125 1336361
-7.2021484375 -2.13623046875 12.51220703125 1336362
-7.2021484375 -2.13623046875 12.51220703125 1336363
-7.38525390625 -5.06591796875 16.9677734375 1336430
-7.38525390625 -5.06591796875 16.9677734375 1336551
-7.2021484375 -7.87353515625 15.0146484375 1336552
-7.2021484375 -7.87353515625 15.0146484375 1336552
-7.2021484375 -7.87353515625 15.0146484375 1336553
-7.2021484375 -7.87353515625 15.0146484375 1336554
-7.2021484375 -7.87353515625 15.0146484375 1336652
-12.5732421875 -7.14111328125 9.1552734375 1336653
-12.5732421875 -7.14111328125 9.1552734375 1336654
-12.5732421875 -7.14111328125 9.1552734375 1336654
-12.5732421875 -7.14111328125 9.1552734375 1336655
-12.5732421875 -7.14111328125 9.1552734375 1336757
-0.42724609375 8.11767578125 -7.38525390625 1336758
-0.42724609375 8.11767578125 -7.38525390625 1336759
-0.42724609375 8.11767578125 -7.38525390625 1336759
-0.42724609375 8.11767578125 -7.38525390625 1336760
-0.42724609375 8.11767578125 -7.38525390625 1336862
8.48388671875 16.78466796875 -10.25390625 1336863
8.48388671875 16.78466796875 -10.25390625 1336864
8.48388671875 16.78466796875 -10.25390625 1336865
8.48388671875 16.78466796875 -10.25390625 1336866
-6.89697265625 7.62939453125 -12.0849609375 1336929
-6.89697265625 7.62939453125 -12.0849609375 1337050
-13.73291015625 4.5166015625 -13.24462890625 1337051
-13.73291015625 4.5166015625 -13.24462890625 1337051
-13.73291015625 4.5166015625 -13.24462890625 1337052
-13.73291015625 4.5166015625 -13.24462890625 1337053
-13.73291015625 4.5166015625 -13.24462890625 1337152
-6.40869140625 13.12255859375 -15.2587890625 1337153
-6.40869140625 13.12255859375 -15.2587890625 1337154
-6.40869140625 13.12255859375 -15.2587890625 1337154
-6.40869140625 13.12255859375 -15.2587890625 1337155
2.62451171875 24.96337890625 -17.822265625 1337256
2.62451171875 24.96337890625 -17.822265625 1337257
2.62451171875 24.96337890625 -17.822265625 1337257
2.62451171875 24.96337890625 -17.822265625 1337258
2.62451171875 24.96337890625 -17.822265625 1337359
-3.662109375 6.40869140625 -20.81298828125 1337360
-3.662109375 6.40869140625 -20.81298828125 1337361
-3.662109375 6.40869140625 -20.81298828125 1337362
-3.662109375 6.40869140625 -20.81298828125 1337362
-3.662109375 6.40869140625 -20.81298828125 1337462
6.8359375 5.31005859375 -2.01416015625 1337463
6.8359375 5.31005859375 -2.01416015625 1337464
6.8359375 5.31005859375 -2.01416015625 1337465
6.8359375 5.31005859375 -2.01416015625 1337466
-2.685546875 0.42724609375 7.6904296875 1337530
-2.685546875 0.42724609375 7.6904296875 1337651
6.2255859375 -8.85009765625 -11.5966796875 1337652
6.2255859375 -8.85009765625 -11.5966796875 1337652
6.2255859375 -8.85009765625 -11.5966796875 1337653
6.2255859375 -8.85009765625 -11.5966796875 1337654
6.2255859375 -8.85009765625 -11.5966796875 1337754
-8.48388671875 -14.95361328125 13.5498046875 1337755
-8.48388671875 -14.95361328125 13.5498046875 1337756
-8.48388671875 -14.95361328125 13.5498046875 1337756
-8.48388671875 -14.95361328125 13.5498046875 1337757
-8.48388671875 -14.95361328125 13.5498046875 1337856
-14.6484375 -15.68603515625 -26.611328125 1337858
-14.6484375 -15.68603515625 -26.611328125 1337858
-14.6484375 -15.68603515625 -26.611328125 1337859
-14.6484375 -15.68603515625 -26.611328125 1337860
-14.6484375 -15.68603515625 -26.611328125 1337956
13.24462890625 8.544921875 -58.7158203125 1337957
13.24462890625 8.544921875 -58.7158203125 1338061
39.61181640625 27.52685546875 -62.5 1338061
39.61181640625 27.52685546875 -62.5 1338062
39.61181640625 27.52685546875 -62.5 1338063
39.61181640625 27.52685546875 -62.5 1338064
19.775390625 -23.193359375 5.06591796875 1338131
19.775390625 -23.193359375 5.06591796875 1338254
13.18359375 -13.18359375 -10.68115234375 1338255
13.18359375 -13.18359375 -10.68115234375 1338256
13.18359375 -13.18359375 -10.68115234375 1338257
13.18359375 -13.18359375 -10.68115234375 1338258
6.89697265625 -19.34814453125 -57.0068359375 1338349
6.89697265625 -19.34814453125 -57.0068359375 1338451
10.43701171875 -18.00537109375 -43.3349609375 1338452
10.43701171875 -18.00537109375 -43.3349609375 1338453
10.43701171875 -18.00537109375 -43.3349609375 1338453
10.43701171875 -18.00537109375 -43.3349609375 1338454
10.43701171875 -18.00537109375 -43.3349609375 1338553
3.2958984375 -21.8505859375 13.24462890625 1338554
3.2958984375 -21.8505859375 13.24462890625 1338555
3.2958984375 -21.8505859375 13.24462890625 1338556
3.2958984375 -21.8505859375 13.24462890625 1338556
16.9677734375 13.24462890625 -27.16064453125 1338657
16.9677734375 13.24462890625 -27.16064453125 1338658
16.9677734375 13.24462890625 -27.16064453125 1338659
16.9677734375 13.24462890625 -27.16064453125 1338660
16.9677734375 13.24462890625 -27.16064453125 1338759
7.50732421875 2.50244140625 -23.92578125 1338760
7.50732421875 2.50244140625 -23.92578125 1338761
7.50732421875 2.50244140625 -23.92578125 1338762
7.50732421875 2.50244140625 -23.92578125 1338762
7.50732421875 2.50244140625 -23.92578125 1338862
-3.47900390625 -16.29638671875 14.16015625 1338863
-3.47900390625 -16.29638671875 14.16015625 1338864
-3.47900390625 -16.29638671875 14.16015625 1338865
-3.47900390625 -16.29638671875 14.16015625 1338865
15.80810546875 30.8837890625 -20.8740234375 1338934
15.80810546875 30.8837890625 -20.8740234375 1339051
10.8642578125 1.46484375 0.6103515625 1339052
10.8642578125 1.46484375 0.6103515625 1339053
10.8642578125 1.46484375 0.6103515625 1339053
10.8642578125 1.46484375 0.6103515625 1339054
10.8642578125 1.46484375 0.6103515625 1339153
4.33349609375 -9.09423828125 -2.01416015625 1339154
4.33349609375 -9.09423828125 -2.01416015625 1339155
4.33349609375 -9.09423828125 -2.01416015625 1339156
4.33349609375 -9.09423828125 -2.01416015625 1339157
4.33349609375 -9.09423828125 -2.01416015625 1339256
3.662109375 1.52587890625 21.6064453125 1339257
3.662109375 1.52587890625 21.6064453125 1339257
3.662109375 1.52587890625 21.6064453125 1339258
3.662109375 1.52587890625 21.6064453125 1339259
3.662109375 1.52587890625 21.6064453125 1339357
3.7841796875 9.3994140625 -1.77001953125 1339358
3.7841796875 9.3994140625 -1.77001953125 1339359
3.7841796875 9.3994140625 -1.77001953125 1339360
3.7841796875 9.3994140625 -1.77001953125 1339361
3.7841796875 9.3994140625 -1.77001953125 1339461
-2.8076171875 3.35693359375 -2.0751953125 1339462
-2.8076171875 3.35693359375 -2.0751953125 1339463
-2.8076171875 3.35693359375 -2.0751953125 1339463
-2.8076171875 3.35693359375 -2.0751953125 1339464
-4.21142578125 9.8876953125 -11.8408203125 1339532
-4.21142578125 9.8876953125 -11.8408203125 1339654
12.14599609375 -13.12255859375 -7.6904296875 1339655
12.14599609375 -13.12255859375 -7.6904296875 1339656
12.14599609375 -13.12255859375 -7.6904296875 1339657
12.14599609375 -13.12255859375 -7.6904296875 1339658
12.14599609375 -13.12255859375 -7.6904296875 1339755
30.57861328125 26.123046875 11.1083984375 1339756
30.57861328125 26.123046875 11.1083984375 1339757
30.57861328125 26.123046875 11.1083984375 1339758
30.57861328125 26.123046875 11.1083984375 1339758
7.2021484375 17.02880859375 -12.20703125 1339858
7.2021484375 17.02880859375 -12.20703125 1339859
7.2021484375 17.02880859375 -12.20703125 1339859
7.2021484375 17.02880859375 -12.20703125 1339860
7.2021484375 17.02880859375 -12.20703125 1339960
1.708984375 -2.62451171875 -2.25830078125 1339961
1.708984375 -2.62451171875 -2.25830078125 1339962
1.708984375 -2.62451171875 -2.25830078125 1339963
1.708984375 -2.62451171875 -2.25830078125 1339965
1.708984375 -2.62451171875 -2.25830078125 1340063
0 -6.28662109375 3.60107421875 1340064
0 -6.28662109375 3.60107421875 1340065
0 -6.28662109375 3.60107421875 1340066
0 -6.28662109375 3.60107421875 1340066
12.14599609375 -0.54931640625 5.2490234375 1340133
12.14599609375 -0.54931640625 5.2490234375 1340257
13.73291015625 8.72802734375 4.7607421875 1340258
13.73291015625 8.72802734375 4.7607421875 1340259
13.73291015625 8.72802734375 4.7607421875 1340259
13.73291015625 8.72802734375 4.7607421875 1340260
13.73291015625 8.72802734375 4.7607421875 1340358
4.94384765625 6.7138671875 -7.01904296875 1340360
4.94384765625 6.7138671875 -7.01904296875 1340361
4.94384765625 6.7138671875 -7.01904296875 1340362
4.94384765625 6.7138671875 -7.01904296875 1340363
-5.615234375 -5.37109375 -14.892578125 1340457
-5.615234375 -5.37109375 -14.892578125 1340561
-10.80322265625 -8.11767578125 13.48876953125 1340562
-10.80322265625 -8.11767578125 13.48876953125 1340563
-10.80322265625 -8.11767578125 13.48876953125 1340563
-10.80322265625 -8.11767578125 13.48876953125 1340564
-10.80322265625 -8.11767578125 13.48876953125 1340663
6.28662109375 1.5869140625 -1.3427734375 1340664
6.28662109375 1.5869140625 -1.3427734375 1340665
6.28662109375 1.5869140625 -1.3427734375 1340665
6.28662109375 1.5869140625 -1.3427734375 1340666
4.33349609375 -0.244140625 2.44140625 1340741
4.33349609375 -0.244140625 2.44140625 1340854
-2.44140625 -10.55908203125 -3.47900390625 1340855
-2.44140625 -10.55908203125 -3.47900390625 1340856
-2.44140625 -10.55908203125 -3.47900390625 1340857
-2.44140625 -10.55908203125 -3.47900390625 1340858
-2.44140625 -10.55908203125 -3.47900390625 1340954
2.25830078125 -2.86865234375 -8.36181640625 1340955
2.25830078125 -2.86865234375 -8.36181640625 1340956
2.25830078125 -2.86865234375 -8.36181640625 1340956
2.25830078125 -2.86865234375 -8.36181640625 1341055
-6.4697265625 1.77001953125 10.25390625 1341064
-6.4697265625 1.77001953125 10.25390625 1341065
-6.4697265625 1.77001953125 10.25390625 1341066
-6.4697265625 1.77001953125 10.25390625 1341067
-6.4697265625 1.77001953125 10.25390625 1341158
-4.57763671875 -5.7373046875 4.8828125 1341159
-4.57763671875 -5.7373046875 4.8828125 1341262
-3.0517578125 5.615234375 -11.1083984375 1341263
-3.0517578125 5.615234375 -11.1083984375 1341264
-3.0517578125 5.615234375 -11.1083984375 1341265
-3.0517578125 5.615234375 -11.1083984375 1341265
-3.0517578125 5.615234375 -11.1083984375 1341364
-14.46533203125 -8.7890625 -8.6669921875 1341365
-14.46533203125 -8.7890625 -8.6669921875 1341366
-14.46533203125 -8.7890625 -8.6669921875 1341367
-14.46533203125 -8.7890625 -8.6669921875 1341368
-10.55908203125 -15.625 8.60595703125 1341450
-10.55908203125 -15.625 8.60595703125 1341550
-6.89697265625 4.08935546875 -9.6435546875 1341551
-6.89697265625 4.08935546875 -9.6435546875 1341552
-6.89697265625 4.08935546875 -9.6435546875 1341553
-6.89697265625 4.08935546875 -9.6435546875 1341553
-6.89697265625 4.08935546875 -9.6435546875 1341651
-4.7607421875 2.38037109375 2.0751953125 1341653
-4.7607421875 2.38037109375 2.0751953125 1341653
-4.7607421875 2.38037109375 2.0751953125 1341654
-4.7607421875 2.38037109375 2.0751953125 1341655
-4.7607421875 2.38037109375 2.0751953125 1341754
-6.7138671875 1.5869140625 -8.72802734375 1341755
-6.7138671875 1.5869140625 -8.72802734375 1341755
-6.7138671875 1.5869140625 -8.72802734375 1341756
-6.7138671875 1.5869140625 -8.72802734375 1341757
1.15966796875 -1.5869140625 -2.01416015625 1341853
1.15966796875 -1.5869140625 -2.01416015625 1341958
3.2958984375 0.48828125 4.5166015625 1341958
3.2958984375 0.48828125 4.5166015625 1341959
3.2958984375 0.48828125 4.5166015625 1341960
3.2958984375 0.48828125 4.5166015625 1341960
3.2958984375 0.48828125 4.5166015625 1342059
-8.30078125 9.765625 -9.21630859375 1342060
-8.30078125 9.765625 -9.21630859375 1342061
-8.30078125 9.765625 -9.21630859375 1342061
-8.30078125 9.765625 -9.21630859375 1342062
-8.30078125 9.765625 -9.21630859375 1342163
-3.173828125 3.7841796875 -12.87841796875 1342164
-3.173828125 3.7841796875 -12.87841796875 1342165
-3.173828125 3.7841796875 -12.87841796875 1342166
-3.173828125 3.7841796875 -12.87841796875 1342166
10.986328125 8.97216796875 -1.52587890625 1342238
10.986328125 8.97216796875 -1.52587890625 1342357
18.5546875 -3.0517578125 -3.5400390625 1342358
18.5546875 -3.0517578125 -3.5400390625 1342359
18.5546875 -3.0517578125 -3.5400390625 1342359
18.5546875 -3.0517578125 -3.5400390625 1342360
9.58251953125 8.4228515625 -1.15966796875 1342461
9.58251953125 8.4228515625 -1.15966796875 1342462
9.58251953125 8.4228515625 -1.15966796875 1342462
9.58251953125 8.4228515625 -1.15966796875 1342463
9.58251953125 8.4228515625 -1.15966796875 1342565
11.53564453125 10.92529296875 -7.26318359375 1342566
11.53564453125 10.92529296875 -7.26318359375 1342567
11.53564453125 10.92529296875 -7.26318359375 1342568
11.53564453125 10.92529296875 -7.26318359375 1342569
1.28173828125 12.14599609375 -10.68115234375 1342636
1.28173828125 12.14599609375 -10.68115234375 1342754
-25.20751953125 -23.92578125 18.49365234375 1342755
-25.20751953125 -23.92578125 18.49365234375 1342756
-25.20751953125 -23.92578125 18.49365234375 1342757
-25.20751953125 -23.92578125 18.49365234375 1342757
-25.20751953125 -23.92578125 18.49365234375 1342856
1.953125 -2.0751953125 1.15966796875 1342857
1.953125 -2.0751953125 1.15966796875 1342858
1.953125 -2.0751953125 1.15966796875 1342859
1.953125 -2.0751953125 1.15966796875 1342860
1.953125 -2.0751953125 1.15966796875 1342958
-1.40380859375 2.50244140625 0 1342959
-1.40380859375 2.50244140625 0 1342960
-1.40380859375 2.50244140625 0 1342960
-1.40380859375 2.50244140625 0 1342961
-1.40380859375 2.50244140625 0 1343062
-1.3427734375 -0.79345703125 -9.82666015625 1343063
-1.3427734375 -0.79345703125 -9.82666015625 1343064
-1.3427734375 -0.79345703125 -9.82666015625 1343065
-1.3427734375 -0.79345703125 -9.82666015625 1343065
-1.3427734375 -0.79345703125 -9.82666015625 1343163
-9.1552734375 8.056640625 -9.033203125 1343164
-9.1552734375 8.056640625 -9.033203125 1343165
-9.1552734375 8.056640625 -9.033203125 1343166
-9.1552734375 8.056640625 -9.033203125 1343167
-9.1552734375 8.056640625 -9.033203125 1343266
2.01416015625 -0.244140625 11.41357421875 1343267
2.01416015625 -0.244140625 11.41357421875 1343267
2.01416015625 -0.244140625 11.41357421875 1343268
2.01416015625 -0.244140625 11.41357421875 1343269
-12.20703125 -13.427734375 0.1220703125 1343335
-12.20703125 -13.427734375 0.1220703125 1343458
3.7841796875 7.50732421875 -1.0986328125 1343459
3.7841796875 7.50732421875 -1.0986328125 1343460
3.7841796875 7.50732421875 -1.0986328125 1343461
3.7841796875 7.50732421875 -1.0986328125 1343462
3.7841796875 7.50732421875 -1.0986328125 1343560
-5.92041015625 16.41845703125 -3.47900390625 1343562
-5.92041015625 16.41845703125 -3.47900390625 1343562
-5.92041015625 16.41845703125 -3.47900390625 1343563
-5.92041015625 16.41845703125 -3.47900390625 1343564
-5.92041015625 16.41845703125 -3.47900390625 1343661
-4.82177734375 2.3193359375 -4.94384765625 1343662
-4.82177734375 2.3193359375 -4.94384765625 1343662
-4.82177734375 2.3193359375 -4.94384765625 1343663
-4.82177734375 2.3193359375 -4.94384765625 1343664
-4.82177734375 2.3193359375 -4.94384765625 1343764
-14.892578125 1.89208984375 -7.99560546875 1343765
-14.892578125 1.89208984375 -7.99560546875 1343766
-14.892578125 1.89208984375 -7.99560546875 1343767
-14.892578125 1.89208984375 -7.99560546875 1343767
-14.892578125 1.89208984375 -7.99560546875 1343866
-12.75634765625 -4.33349609375 -1.28173828125 1343867
-12.75634765625 -4.33349609375 -1.28173828125 1343868
-12.75634765625 -4.33349609375 -1.28173828125 1343869
-12.75634765625 -4.33349609375 -1.28173828125 1343870
0.54931640625 0.06103515625 -6.40869140625 1343935
0.54931640625 0.06103515625 -6.40869140625 1344054
-3.47900390625 3.47900390625 -0.54931640625 1344056
-3.47900390625 3.47900390625 -0.54931640625 1344057
-3.47900390625 3.47900390625 -0.54931640625 1344058
-3.47900390625 3.47900390625 -0.54931640625 1344059
-3.47900390625 3.47900390625 -0.54931640625 1344157
0.54931640625 10.498046875 -1.03759765625 1344158
0.54931640625 10.498046875 -1.03759765625 1344159
0.54931640625 10.498046875 -1.03759765625 1344160
0.54931640625 10.498046875 -1.03759765625 1344161
0.54931640625 10.498046875 -1.03759765625 1344259
-15.31982421875 -2.62451171875 -14.70947265625 1344260
-15.31982421875 -2.62451171875 -14.70947265625 1344261
-15.31982421875 -2.62451171875 -14.70947265625 1344261
-15.31982421875 -2.62451171875 -14.70947265625 1344262
-15.31982421875 -2.62451171875 -14.70947265625 1344386
-10.80322265625 -6.4697265625 -3.84521484375 1344387
-10.80322265625 -6.4697265625 -3.84521484375 1344404
-10.80322265625 -6.4697265625 -3.84521484375 1344405
-10.80322265625 -6.4697265625 -3.84521484375 1344406
-3.90625 -3.2958984375 1.77001953125 1344478
-3.90625 -3.2958984375 1.77001953125 1344568
2.3193359375 -0.6103515625 1.8310546875 1344570
2.3193359375 -0.6103515625 1.8310546875 1344571
2.3193359375 -0.6103515625 1.8310546875 1344572
2.3193359375 -0.6103515625 1.8310546875 1344572
10.55908203125 4.82177734375 -3.35693359375 1344653
10.55908203125 4.82177734375 -3.35693359375 1344736
-5.79833984375 2.197265625 -10.3759765625 1344737
-5.79833984375 2.197265625 -10.3759765625 1344738
-5.79833984375 2.197265625 -10.3759765625 1344739
-5.79833984375 2.197265625 -10.3759765625 1344740
-5.79833984375 2.197265625 -10.3759765625 1344856
-4.33349609375 -0.48828125 0.18310546875 1344858
-4.33349609375 -0.48828125 0.18310546875 1344859
-4.33349609375 -0.48828125 0.18310546875 1344860
-4.33349609375 -0.48828125 0.18310546875 1344861
-4.33349609375 -0.48828125 0.18310546875 1344959
-5.2490234375 1.0986328125 -5.859375 1344960
-5.2490234375 1.0986328125 -5.859375 1344961
-5.2490234375 1.0986328125 -5.859375 1344962
-5.2490234375 1.0986328125 -5.859375 1344962
-5.2490234375 1.0986328125 -5.859375 1345063
-0.3662109375 -0.54931640625 -0.3662109375 1345063
-0.3662109375 -0.54931640625 -0.3662109375 1345064
-0.3662109375 -0.54931640625 -0.3662109375 1345065
-0.3662109375 -0.54931640625 -0.3662109375 1345066
-0.3662109375 -0.54931640625 -0.3662109375 1345163
0.3662109375 1.89208984375 3.47900390625 1345164
0.3662109375 1.89208984375 3.47900390625 1345165
0.3662109375 1.89208984375 3.47900390625 1345166
0.3662109375 1.89208984375 3.47900390625 1345167
0.3662109375 1.89208984375 3.47900390625 1345266
-0.9765625 0.244140625 -10.80322265625 1345267
-0.9765625 0.244140625 -10.80322265625 1345268
-0.9765625 0.244140625 -10.80322265625 1345268
-0.9765625 0.244140625 -10.80322265625 1345269
3.662109375 -1.03759765625 -0.54931640625 1345337
3.662109375 -1.03759765625 -0.54931640625 1345455
-2.86865234375 0.67138671875 -4.57763671875 1345456
-2.86865234375 0.67138671875 -4.57763671875 1345457
-2.86865234375 0.67138671875 -4.57763671875 1345458
-2.86865234375 0.67138671875 -4.57763671875 1345459
-2.86865234375 0.67138671875 -4.57763671875 1345560
-5.9814453125 1.03759765625 -0.244140625 1345560
-5.9814453125 1.03759765625 -0.244140625 1345561
-5.9814453125 1.03759765625 -0.244140625 1345562
-5.9814453125 1.03759765625 -0.244140625 1345562
-5.9814453125 1.03759765625 -0.244140625 1345663
-4.21142578125 0.18310546875 1.3427734375 1345664
-4.21142578125 0.18310546875 1.3427734375 1345665
-4.21142578125 0.18310546875 1.3427734375 1345665
-4.21142578125 0.18310546875 1.3427734375 1345666
-4.21142578125 0.18310546875 1.3427734375 1345765
-0.79345703125 -1.3427734375 -8.11767578125 1345766
-0.79345703125 -1.3427734375 -8.11767578125 1345767
-0.79345703125 -1.3427734375 -8.11767578125 1345768
-0.79345703125 -1.3427734375 -8.11767578125 1345769
-0.79345703125 -1.3427734375 -8.11767578125 1345866
1.28173828125 -0.18310546875 5.43212890625 1345886
1.28173828125 -0.18310546875 5.43212890625 1345887
1.28173828125 -0.18310546875 5.43212890625 1345887
1.28173828125 -0.18310546875 5.43212890625 1345888
1.28173828125 -0.18310546875 5.43212890625 1345968
1.40380859375 6.9580078125 -4.57763671875 1345970
0.79345703125 1.28173828125 0.8544921875 1346039
0.79345703125 1.28173828125 0.8544921875 1346040
0.79345703125 1.28173828125 0.8544921875 1346040
0.79345703125 1.28173828125 0.8544921875 1346041
0.79345703125 1.28173828125 0.8544921875 1346159
-3.72314453125 0 -4.8828125 1346160
-3.72314453125 0 -4.8828125 1346160
-3.72314453125 0 -4.8828125 1346161
-3.72314453125 0 -4.8828125 1346162
-3.72314453125 0 -4.8828125 1346261
-2.3193359375 -1.40380859375 -1.8310546875 1346262
-2.3193359375 -1.40380859375 -1.8310546875 1346263
-2.3193359375 -1.40380859375 -1.8310546875 1346264
-2.3193359375 -1.40380859375 -1.8310546875 1346265
-2.3193359375 -1.40380859375 -1.8310546875 1346363
-5.18798828125 -2.74658203125 -4.8828125 1346364
-5.18798828125 -2.74658203125 -4.8828125 1346365
-5.18798828125 -2.74658203125 -4.8828125 1346366
-5.18798828125 -2.74658203125 -4.8828125 1346367
-5.18798828125 -2.74658203125 -4.8828125 1346466
-0.6103515625 3.23486328125 -2.62451171875 1346467
-0.6103515625 3.23486328125 -2.62451171875 1346467
-0.6103515625 3.23486328125 -2.62451171875 1346468
-0.6103515625 3.23486328125 -2.62451171875 1346469
-0.6103515625 3.23486328125 -2.62451171875 1346574
-0.79345703125 -1.0986328125 1.46484375 1346575
-0.79345703125 -1.0986328125 1.46484375 1346576
-0.79345703125 -1.0986328125 1.46484375 1346577
-0.79345703125 -1.0986328125 1.46484375 1346578
-4.45556640625 -3.0517578125 2.38037109375 1346670
-4.45556640625 -3.0517578125 2.38037109375 1346738
-3.2958984375 -0.54931640625 -1.46484375 1346739
-3.2958984375 -0.54931640625 -1.46484375 1346739
-3.2958984375 -0.54931640625 -1.46484375 1346740
-3.2958984375 -0.54931640625 -1.46484375 1346741
-3.2958984375 -0.54931640625 -1.46484375 1346857
6.53076171875 1.52587890625 -2.62451171875 1346858
6.53076171875 1.52587890625 -2.62451171875 1346859
6.53076171875 1.52587890625 -2.62451171875 1346859
6.53076171875 1.52587890625 -2.62451171875 1346860
6.53076171875 1.52587890625 -2.62451171875 1346962
4.7607421875 5.7373046875 -7.62939453125 1346963
4.7607421875 5.7373046875 -7.62939453125 1346964
4.7607421875 5.7373046875 -7.62939453125 1346965
4.7607421875 5.7373046875 -7.62939453125 1346966
4.7607421875 5.7373046875 -7.62939453125 1347062
-1.52587890625 2.197265625 2.74658203125 1347063
-1.52587890625 2.197265625 2.74658203125 1347166
-3.7841796875 -2.25830078125 -7.080078125 1347166
-3.7841796875 -2.25830078125 -7.080078125 1347167
-3.7841796875 -2.25830078125 -7.080078125 1347168
-3.7841796875 -2.25830078125 -7.080078125 1347168
-3.7841796875 -2.25830078125 -7.080078125 1347267
-2.38037109375 -2.0751953125 -2.74658203125 1347268
-2.38037109375 -2.0751953125 -2.74658203125 1347268
-2.38037109375 -2.0751953125 -2.74658203125 1347269
-2.38037109375 -2.0751953125 -2.74658203125 1347269
-2.38037109375 -2.0751953125 -2.74658203125 1347370
-2.44140625 -0.244140625 -6.28662109375 1347371
-2.44140625 -0.244140625 -6.28662109375 1347372
-2.44140625 -0.244140625 -6.28662109375 1347373
-2.44140625 -0.244140625 -6.28662109375 1347374
1.708984375 3.7841796875 1.953125 1347440
1.708984375 3.7841796875 1.953125 1347559
0.30517578125 -1.40380859375 0.1220703125 1347560
0.30517578125 -1.40380859375 0.1220703125 1347561
0.30517578125 -1.40380859375 0.1220703125 1347561
0.30517578125 -1.40380859375 0.1220703125 1347562
0.30517578125 -1.40380859375 0.1220703125 1347665
-2.5634765625 -0.79345703125 2.44140625 1347665
-2.5634765625 -0.79345703125 2.44140625 1347666
-2.5634765625 -0.79345703125 2.44140625 1347667
-2.5634765625 -0.79345703125 2.44140625 1347668
-5.79833984375 -1.15966796875 -3.23486328125 1347766
-5.79833984375 -1.15966796875 -3.23486328125 1347766
-5.79833984375 -1.15966796875 -3.23486328125 1347767
-5.79833984375 -1.15966796875 -3.23486328125 1347768
-5.79833984375 -1.15966796875 -3.23486328125 1347870
3.662109375 2.01416015625 -1.46484375 1347871
3.662109375 2.01416015625 -1.46484375 1347872
3.662109375 2.01416015625 -1.46484375 1347873
3.662109375 2.01416015625 -1.46484375 1347873
-2.8076171875 2.685546875 -4.5166015625 1347940
-2.8076171875 2.685546875 -4.5166015625 1348058
-5.615234375 -3.173828125 -0.3662109375 1348059
-5.615234375 -3.173828125 -0.3662109375 1348060
-5.615234375 -3.173828125 -0.3662109375 1348061
-5.615234375 -3.173828125 -0.3662109375 1348061
-5.615234375 -3.173828125 -0.3662109375 1348161
-4.21142578125 -1.52587890625 2.13623046875 1348161
-4.21142578125 -1.52587890625 2.13623046875 1348162
-4.21142578125 -1.52587890625 2.13623046875 1348163
-4.21142578125 -1.52587890625 2.13623046875 1348163
-4.21142578125 -1.52587890625 2.13623046875 1348264
-3.35693359375 1.708984375 -4.45556640625 1348266
-3.35693359375 1.708984375 -4.45556640625 1348267
-3.35693359375 1.708984375 -4.45556640625 1348268
-3.35693359375 1.708984375 -4.45556640625 1348268
-3.35693359375 1.708984375 -4.45556640625 1348365
3.7841796875 2.86865234375 2.9296875 1348366
3.7841796875 2.86865234375 2.9296875 1348367
3.7841796875 2.86865234375 2.9296875 1348368
3.7841796875 2.86865234375 2.9296875 1348369
3.35693359375 0.3662109375 -1.15966796875 1348444
3.35693359375 0.3662109375 -1.15966796875 1348564
-1.77001953125 0.18310546875 -2.197265625 1348566
-1.77001953125 0.18310546875 -2.197265625 1348567
-1.77001953125 0.18310546875 -2.197265625 1348567
-1.77001953125 0.18310546875 -2.197265625 1348568
-1.77001953125 0.18310546875 -2.197265625 1348666
-1.77001953125 0.1220703125 -7.38525390625 1348668
-1.77001953125 0.1220703125 -7.38525390625 1348668
-1.77001953125 0.1220703125 -7.38525390625 1348669
-1.77001953125 0.1220703125 -7.38525390625 1348670
-1.77001953125 0.1220703125 -7.38525390625 1348769
-1.28173828125 2.62451171875 -6.4697265625 1348769
-1.28173828125 2.62451171875 -6.4697265625 1348770
-1.28173828125 2.62451171875 -6.4697265625 1348771
-1.28173828125 2.62451171875 -6.4697265625 1348771
-2.13623046875 -0.06103515625 -4.2724609375 1348844
-2.13623046875 -0.06103515625 -4.2724609375 1348963
-2.197265625 2.50244140625 -2.5634765625 1348964
-2.197265625 2.50244140625 -2.5634765625 1348965
-2.197265625 2.50244140625 -2.5634765625 1348965
-2.197265625 2.50244140625 -2.5634765625 1348966
4.57763671875 5.55419921875 -6.04248046875 1349068
4.57763671875 5.55419921875 -6.04248046875 1349069
4.57763671875 5.55419921875 -6.04248046875 1349070
4.57763671875 5.55419921875 -6.04248046875 1349071
4.57763671875 5.55419921875 -6.04248046875 1349173
6.9580078125 4.94384765625 -1.708984375 1349174
6.9580078125 4.94384765625 -1.708984375 1349175
6.9580078125 4.94384765625 -1.708984375 1349177
6.9580078125 4.94384765625 -1.708984375 1349177
-1.0986328125 4.2724609375 -4.94384765625 1349241
-1.0986328125 4.2724609375 -4.94384765625 1349361
-4.94384765625 -2.13623046875 -8.60595703125 1349362
-4.94384765625 -2.13623046875 -8.60595703125 1349362
-4.94384765625 -2.13623046875 -8.60595703125 1349363
-4.94384765625 -2.13623046875 -8.60595703125 1349364
-4.94384765625 -2.13623046875 -8.60595703125 1349465
1.52587890625 -2.01416015625 0.42724609375 1349467
1.52587890625 -2.01416015625 0.42724609375 1349467
1.52587890625 -2.01416015625 0.42724609375 1349468
1.52587890625 -2.01416015625 0.42724609375 1349469
1.52587890625 -2.01416015625 0.42724609375 1349569
-0.42724609375 -0.3662109375 -0.244140625 1349570
-0.42724609375 -0.3662109375 -0.244140625 1349571
-0.42724609375 -0.3662109375 -0.244140625 1349571
-0.42724609375 -0.3662109375 -0.244140625 1349572
-0.42724609375 -0.3662109375 -0.244140625 1349669
-4.150390625 -2.0751953125 1.64794921875 1349670
-4.150390625 -2.0751953125 1.64794921875 1349671
-4.150390625 -2.0751953125 1.64794921875 1349672
-4.150390625 -2.0751953125 1.64794921875 1349672
-4.150390625 -2.0751953125 1.64794921875 1349774
-3.173828125 -5.31005859375 2.62451171875 1349775
-3.173828125 -5.31005859375 2.62451171875 1349776
-3.173828125 -5.31005859375 2.62451171875 1349777
-3.173828125 -5.31005859375 2.62451171875 1349778
-6.34765625 -5.18798828125 -6.53076171875 1349869
-6.34765625 -5.18798828125 -6.53076171875 1349971
-1.8310546875 -3.90625 2.13623046875 1349972
-1.8310546875 -3.90625 2.13623046875 1349973
-1.8310546875 -3.90625 2.13623046875 1349973
-1.8310546875 -3.90625 2.13623046875 1349974
3.2958984375 3.35693359375 -0.1220703125 1350045
3.2958984375 3.35693359375 -0.1220703125 1350167
-0.8544921875 1.46484375 4.69970703125 1350168
-0.8544921875 1.46484375 4.69970703125 1350169
-0.8544921875 1.46484375 4.69970703125 1350169
-0.8544921875 1.46484375 4.69970703125 1350170
-1.03759765625 0.732421875 7.01904296875 1350266
-1.03759765625 0.732421875 7.01904296875 1350369
-7.14111328125 -2.86865234375 -1.3427734375 1350370
-7.14111328125 -2.86865234375 -1.3427734375 1350371
-7.14111328125 -2.86865234375 -1.3427734375 1350372
-7.14111328125 -2.86865234375 -1.3427734375 1350374
-7.14111328125 -2.86865234375 -1.3427734375 1350471
-5.0048828125 -0.732421875 2.13623046875 1350472
-5.0048828125 -0.732421875 2.13623046875 1350473
-5.0048828125 -0.732421875 2.13623046875 1350474
-5.0048828125 -0.732421875 2.13623046875 1350474
-6.89697265625 2.25830078125 -7.99560546875 1350542
-6.89697265625 2.25830078125 -7.99560546875 1350662
-2.62451171875 1.3427734375 1.64794921875 1350663
-2.62451171875 1.3427734375 1.64794921875 1350663
-2.62451171875 1.3427734375 1.64794921875 1350664
-2.62451171875 1.3427734375 1.64794921875 1350665
-2.62451171875 1.3427734375 1.64794921875 1350765
-5.126953125 0.9765625 -1.15966796875 1350766
-5.126953125 0.9765625 -1.15966796875 1350767
-5.126953125 0.9765625 -1.15966796875 1350768
-5.126953125 0.9765625 -1.15966796875 1350769
-4.150390625 -1.40380859375 -0.732421875 1350860
-4.150390625 -1.40380859375 -0.732421875 1350942
1.3427734375 1.15966796875 -2.38037109375 1350943
1.3427734375 1.15966796875 -2.38037109375 1350944
1.3427734375 1.15966796875 -2.38037109375 1350945
1.3427734375 1.15966796875 -2.38037109375 1350945
1.3427734375 1.15966796875 -2.38037109375 1351054
-7.99560546875 -2.01416015625 6.34765625 1351055
-7.99560546875 -2.01416015625 6.34765625 1351056
-7.99560546875 -2.01416015625 6.34765625 1351057
-7.99560546875 -2.01416015625 6.34765625 1351058
-7.99560546875 -2.01416015625 6.34765625 1351174
0.244140625 3.90625 0.8544921875 1351175
0.244140625 3.90625 0.8544921875 1351176
0.244140625 3.90625 0.8544921875 1351177
0.244140625 3.90625 0.8544921875 1351177
-2.197265625 2.13623046875 1.52587890625 1351243
-2.197265625 2.13623046875 1.52587890625 1351364
4.638671875 6.9580078125 -0.30517578125 1351365
4.638671875 6.9580078125 -0.30517578125 1351365
4.638671875 6.9580078125 -0.30517578125 1351366
4.638671875 6.9580078125 -0.30517578125 1351367
4.638671875 6.9580078125 -0.30517578125 1351467
-11.8408203125 -7.8125 1.953125 1351468
-11.8408203125 -7.8125 1.953125 1351469
-11.8408203125 -7.8125 1.953125 1351470
-11.8408203125 -7.8125 1.953125 1351471
-11.8408203125 -7.8125 1.953125 1351573
2.3193359375 1.89208984375 10.19287109375 1351575
2.3193359375 1.89208984375 10.19287109375 1351576
2.3193359375 1.89208984375 10.19287109375 1351576
2.3193359375 1.89208984375 10.19287109375 1351577
0.54931640625 13.61083984375 -8.36181640625 1351646
0.54931640625 13.61083984375 -8.36181640625 1351769
0.1220703125 5.92041015625 7.62939453125 1351770
0.1220703125 5.92041015625 7.62939453125 1351771
0.1220703125 5.92041015625 7.62939453125 1351772
0.1220703125 5.92041015625 7.62939453125 1351773
0.1220703125 5.92041015625 7.62939453125 1351873
-1.5869140625 5.31005859375 2.13623046875 1351874
-1.5869140625 5.31005859375 2.13623046875 1351875
-1.5869140625 5.31005859375 2.13623046875 1351876
-1.5869140625 5.31005859375 2.13623046875 1351877
-2.9296875 7.75146484375 -6.34765625 1351942
-2.9296875 7.75146484375 -6.34765625 1352064
1.52587890625 -1.52587890625 4.69970703125 1352065
1.52587890625 -1.52587890625 4.69970703125 1352066
1.52587890625 -1.52587890625 4.69970703125 1352067
1.52587890625 -1.52587890625 4.69970703125 1352068
1.52587890625 -1.52587890625 4.69970703125 1352167
-14.892578125 -9.94873046875 5.4931640625 1352168
-14.892578125 -9.94873046875 5.4931640625 1352169
-14.892578125 -9.94873046875 5.4931640625 1352169
-14.892578125 -9.94873046875 5.4931640625 1352170
-14.892578125 -9.94873046875 5.4931640625 1352272
11.53564453125 16.17431640625 -4.69970703125 1352273
11.53564453125 16.17431640625 -4.69970703125 1352273
11.53564453125 16.17431640625 -4.69970703125 1352274
11.53564453125 16.17431640625 -4.69970703125 1352275
11.53564453125 16.17431640625 -4.69970703125 1352373
4.8828125 10.31494140625 -5.7373046875 1352374
4.8828125 10.31494140625 -5.7373046875 1352374
4.8828125 10.31494140625 -5.7373046875 1352375
4.8828125 10.31494140625 -5.7373046875 1352376
4.8828125 10.31494140625 -5.7373046875 1352474
-1.28173828125 6.77490234375 8.48388671875 1352476
-1.28173828125 6.77490234375 8.48388671875 1352476
-1.28173828125 6.77490234375 8.48388671875 1352477
-1.28173828125 6.77490234375 8.48388671875 1352478
-4.82177734375 -2.8076171875 1.953125 1352544
-4.82177734375 -2.8076171875 1.953125 1352663
6.65283203125 2.9296875 11.8408203125 1352664
6.65283203125 2.9296875 11.8408203125 1352665
6.65283203125 2.9296875 11.8408203125 1352666
6.65283203125 2.9296875 11.8408203125 1352667
6.65283203125 2.9296875 11.8408203125 1352763
10.6201171875 8.30078125 -7.38525390625 1352764
10.6201171875 8.30078125 -7.38525390625 1352765
10.6201171875 8.30078125 -7.38525390625 1352766
10.6201171875 8.30078125 -7.38525390625 1352767
10.6201171875 8.30078125 -7.38525390625 1352868
-3.662109375 0.732421875 0.18310546875 1352869
-3.662109375 0.732421875 0.18310546875 1352870
-3.662109375 0.732421875 0.18310546875 1352870
-3.662109375 0.732421875 0.18310546875 1352871
-3.662109375 0.732421875 0.18310546875 1352974
-8.1787109375 -2.38037109375 -0.54931640625 1352975
-8.1787109375 -2.38037109375 -0.54931640625 1352976
-8.1787109375 -2.38037109375 -0.54931640625 1352978
-8.1787109375 -2.38037109375 -0.54931640625 1352979
-5.859375 0.67138671875 10.3759765625 1353069
-5.859375 0.67138671875 10.3759765625 1353170
-0.54931640625 0.91552734375 1.28173828125 1353171
-0.54931640625 0.91552734375 1.28173828125 1353173
-0.54931640625 0.91552734375 1.28173828125 1353174
-0.54931640625 0.91552734375 1.28173828125 1353174
-0.54931640625 0.91552734375 1.28173828125 1353273
1.40380859375 6.8359375 -11.29150390625 1353274
1.40380859375 6.8359375 -11.29150390625 1353275
1.40380859375 6.8359375 -11.29150390625 1353276
1.40380859375 6.8359375 -11.29150390625 1353277
1.40380859375 6.8359375 -11.29150390625 1353378
2.01416015625 5.79833984375 -0.9765625 1353379
2.01416015625 5.79833984375 -0.9765625 1353381
2.01416015625 5.79833984375 -0.9765625 1353382
2.01416015625 5.79833984375 -0.9765625 1353382
-9.3994140625 3.72314453125 -9.1552734375 1353446
-9.3994140625 3.72314453125 -9.1552734375 1353565
-2.99072265625 -7.62939453125 14.46533203125 1353566
-2.99072265625 -7.62939453125 14.46533203125 1353567
-2.99072265625 -7.62939453125 14.46533203125 1353568
-2.99072265625 -7.62939453125 14.46533203125 1353569
-2.99072265625 -7.62939453125 14.46533203125 1353668
0.48828125 3.5400390625 5.43212890625 1353669
0.48828125 3.5400390625 5.43212890625 1353670
0.48828125 3.5400390625 5.43212890625 1353670
0.48828125 3.5400390625 5.43212890625 1353671
0.48828125 3.5400390625 5.43212890625 1353773
-1.15966796875 -0.6103515625 6.53076171875 1353774
-1.15966796875 -0.6103515625 6.53076171875 1353775
-1.15966796875 -0.6103515625 6.53076171875 1353775
-1.15966796875 -0.6103515625 6.53076171875 1353776
-1.15966796875 -0.6103515625 6.53076171875 1353874
-5.859375 -1.220703125 1.3427734375 1353875
-5.859375 -1.220703125 1.3427734375 1353876
-5.859375 -1.220703125 1.3427734375 1353876
-5.859375 -1.220703125 1.3427734375 1353877
-5.859375 -1.220703125 1.3427734375 1353976
-13.671875 -3.5400390625 2.197265625 1353976
-13.671875 -3.5400390625 2.197265625 1353977
-13.671875 -3.5400390625 2.197265625 1353978
-13.671875 -3.5400390625 2.197265625 1353979
1.46484375 0.91552734375 -1.89208984375 1354046
1.46484375 0.91552734375 -1.89208984375 1354166
4.57763671875 4.7607421875 -9.46044921875 1354167
4.57763671875 4.7607421875 -9.46044921875 1354168
4.57763671875 4.7607421875 -9.46044921875 1354169
4.57763671875 4.7607421875 -9.46044921875 1354170
4.57763671875 4.7607421875 -9.46044921875 1354271
-0.91552734375 -2.5634765625 8.30078125 1354272
-0.91552734375 -2.5634765625 8.30078125 1354272
-0.91552734375 -2.5634765625 8.30078125 1354273
-0.91552734375 -2.5634765625 8.30078125 1354274
-0.91552734375 -2.5634765625 8.30078125 1354377
-7.6904296875 -1.40380859375 4.45556640625 1354377
-7.6904296875 -1.40380859375 4.45556640625 1354378
-7.6904296875 -1.40380859375 4.45556640625 1354379
-7.6904296875 -1.40380859375 4.45556640625 1354379
-7.6904296875 -1.40380859375 4.45556640625 1354477
0.42724609375 -2.44140625 11.8408203125 1354478
0.42724609375 -2.44140625 11.8408203125 1354479
0.42724609375 -2.44140625 11.8408203125 1354480
0.42724609375 -2.44140625 11.8408203125 1354481
3.173828125 0.91552734375 -9.1552734375 1354545
3.173828125 0.91552734375 -9.1552734375 1354664
7.01904296875 1.77001953125 7.26318359375 1354665
7.01904296875 1.77001953125 7.26318359375 1354667
7.01904296875 1.77001953125 7.26318359375 1354668
7.01904296875 1.77001953125 7.26318359375 1354669
7.01904296875 1.77001953125 7.26318359375 1354767
5.92041015625 2.685546875 -5.7373046875 1354768
5.92041015625 2.685546875 -5.7373046875 1354769
5.92041015625 2.685546875 -5.7373046875 1354769
5.92041015625 2.685546875 -5.7373046875 1354770
5.92041015625 2.685546875 -5.7373046875 1354869
1.220703125 -5.9814453125 2.74658203125 1354870
1.220703125 -5.9814453125 2.74658203125 1354871
1.220703125 -5.9814453125 2.74658203125 1354872
1.220703125 -5.9814453125 2.74658203125 1354872
1.220703125 -5.9814453125 2.74658203125 1354975
-13.12255859375 -7.01904296875 -6.65283203125 1354976
-13.12255859375 -7.01904296875 -6.65283203125 1354977
-13.12255859375 -7.01904296875 -6.65283203125 1354978
-13.12255859375 -7.01904296875 -6.65283203125 1354978
-13.12255859375 -7.01904296875 -6.65283203125 1355075
-10.31494140625 0.42724609375 2.44140625 1355076
-10.31494140625 0.42724609375 2.44140625 1355077
-10.31494140625 0.42724609375 2.44140625 1355077
-10.31494140625 0.42724609375 2.44140625 1355178
0.42724609375 3.5400390625 -0.6103515625 1355179
0.42724609375 3.5400390625 -0.6103515625 1355180
0.42724609375 3.5400390625 -0.6103515625 1355180
0.42724609375 3.5400390625 -0.6103515625 1355181
-7.62939453125 0.67138671875 -0.54931640625 1355249
-7.62939453125 0.67138671875 -0.54931640625 1355369
5.31005859375 -3.84521484375 14.95361328125 1355370
5.31005859375 -3.84521484375 14.95361328125 1355371
5.31005859375 -3.84521484375 14.95361328125 1355371
5.31005859375 -3.84521484375 14.95361328125 1355372
5.31005859375 -3.84521484375 14.95361328125 1355470
-2.38037109375 2.3193359375 -5.37109375 1355471
-2.38037109375 2.3193359375 -5.37109375 1355471
-2.38037109375 2.3193359375 -5.37109375 1355472
-2.38037109375 2.3193359375 -5.37109375 1355473
-2.38037109375 2.3193359375 -5.37109375 1355573
4.638671875 3.47900390625 2.99072265625 1355574
4.638671875 3.47900390625 2.99072265625 1355575
4.638671875 3.47900390625 2.99072265625 1355576
4.638671875 3.47900390625 2.99072265625 1355576
4.638671875 3.47900390625 2.99072265625 1355676
5.2490234375 5.43212890625 -5.55419921875 1355676
5.2490234375 5.43212890625 -5.55419921875 1355677
5.2490234375 5.43212890625 -5.55419921875 1355678
5.2490234375 5.43212890625 -5.55419921875 1355678
-5.615234375 3.72314453125 -5.126953125 1355746
-5.615234375 3.72314453125 -5.126953125 1355868
5.43212890625 -2.86865234375 4.82177734375 1355869
5.43212890625 -2.86865234375 4.82177734375 1355870
5.43212890625 -2.86865234375 4.82177734375 1355870
5.43212890625 -2.86865234375 4.82177734375 1355871
5.43212890625 -2.86865234375 4.82177734375 1355970
2.25830078125 0.9765625 -8.6669921875 1355971
2.25830078125 0.9765625 -8.6669921875 1355972
2.25830078125 0.9765625 -8.6669921875 1355974
2.25830078125 0.9765625 -8.6669921875 1355975
2.25830078125 0.9765625 -8.6669921875 1356071
6.77490234375 6.04248046875 7.9345703125 1356072
6.77490234375 6.04248046875 7.9345703125 1356073
6.77490234375 6.04248046875 7.9345703125 1356073
6.77490234375 6.04248046875 7.9345703125 1356174
-8.72802734375 4.39453125 0.06103515625 1356175
-8.72802734375 4.39453125 0.06103515625 1356176
-8.72802734375 4.39453125 0.06103515625 1356176
-8.72802734375 4.39453125 0.06103515625 1356177
-0.42724609375 7.62939453125 7.01904296875 1356270
-0.42724609375 7.62939453125 7.01904296875 1356370
-1.5869140625 5.79833984375 -1.708984375 1356371
-1.5869140625 5.79833984375 -1.708984375 1356372
-1.5869140625 5.79833984375 -1.708984375 1356373
-1.5869140625 5.79833984375 -1.708984375 1356374
-1.5869140625 5.79833984375 -1.708984375 1356473
0.91552734375 2.5634765625 2.685546875 1356474
0.91552734375 2.5634765625 2.685546875 1356475
0.91552734375 2.5634765625 2.685546875 1356476
0.91552734375 2.5634765625 2.685546875 1356477
0.91552734375 2.5634765625 2.685546875 1356575
-4.150390625 -1.03759765625 -1.5869140625 1356576
-4.150390625 -1.03759765625 -1.5869140625 1356577
-4.150390625 -1.03759765625 -1.5869140625 1356578
-4.150390625 -1.03759765625 -1.5869140625 1356579
-4.150390625 -1.03759765625 -1.5869140625 1356678
1.03759765625 -4.33349609375 -1.77001953125 1356679
1.03759765625 -4.33349609375 -1.77001953125 1356680
1.03759765625 -4.33349609375 -1.77001953125 1356681
1.03759765625 -4.33349609375 -1.77001953125 1356682
1.03759765625 -2.99072265625 -12.39013671875 1356747
1.03759765625 -2.99072265625 -12.39013671875 1356867
-5.615234375 5.43212890625 6.16455078125 1356868
-5.615234375 5.43212890625 6.16455078125 1356869
-5.615234375 5.43212890625 6.16455078125 1356869
-5.615234375 5.43212890625 6.16455078125 1356870
-5.615234375 5.43212890625 6.16455078125 1356970
-6.2255859375 -0.6103515625 -1.8310546875 1356971
-6.2255859375 -0.6103515625 -1.8310546875 1356971
-6.2255859375 -0.6103515625 -1.8310546875 1356972
-6.2255859375 -0.6103515625 -1.8310546875 1356973
-6.2255859375 -0.6103515625 -1.8310546875 1357072
-4.150390625 1.220703125 2.0751953125 1357073
-4.150390625 1.220703125 2.0751953125 1357074
-4.150390625 1.220703125 2.0751953125 1357075
-4.150390625 1.220703125 2.0751953125 1357076
-4.150390625 1.220703125 2.0751953125 1357175
-12.02392578125 -10.80322265625 10.25390625 1357176
-12.02392578125 -10.80322265625 10.25390625 1357177
-12.02392578125 -10.80322265625 10.25390625 1357177
-12.02392578125 -10.80322265625 10.25390625 1357178
-12.02392578125 -10.80322265625 10.25390625 1357277
-0.54931640625 2.74658203125 -3.11279296875 1357278
-0.54931640625 2.74658203125 -3.11279296875 1357279
-0.54931640625 2.74658203125 -3.11279296875 1357280
-0.54931640625 2.74658203125 -3.11279296875 1357281
7.14111328125 3.47900390625 -1.40380859375 1357348
7.14111328125 3.47900390625 -1.40380859375 1357473
1.03759765625 6.28662109375 -8.60595703125 1357474
1.03759765625 6.28662109375 -8.60595703125 1357475
1.03759765625 6.28662109375 -8.60595703125 1357476
1.03759765625 6.28662109375 -8.60595703125 1357477
-2.8076171875 6.34765625 -6.77490234375 1357577
-2.8076171875 6.34765625 -6.77490234375 1357578
-2.8076171875 6.34765625 -6.77490234375 1357579
-2.8076171875 6.34765625 -6.77490234375 1357580
-2.8076171875 6.34765625 -6.77490234375 1357677
-5.7373046875 -0.1220703125 -8.60595703125 1357678
-5.7373046875 -0.1220703125 -8.60595703125 1357678
-5.7373046875 -0.1220703125 -8.60595703125 1357679
-5.7373046875 -0.1220703125 -8.60595703125 1357680
-5.7373046875 -0.1220703125 -8.60595703125 1357779
-4.150390625 3.173828125 -1.89208984375 1357780
-4.150390625 3.173828125 -1.89208984375 1357781
-4.150390625 3.173828125 -1.89208984375 1357782
-4.150390625 3.173828125 -1.89208984375 1357782
-1.8310546875 4.69970703125 3.72314453125 1357878
-1.8310546875 4.69970703125 3.72314453125 1357948
11.53564453125 18.49365234375 -11.474609375 1357949
11.53564453125 18.49365234375 -11.474609375 1357950
11.53564453125 18.49365234375 -11.474609375 1357951
11.53564453125 18.49365234375 -11.474609375 1357952
11.53564453125 18.49365234375 -11.474609375 1358067
-9.521484375 5.0048828125 -5.859375 1358068
-9.521484375 5.0048828125 -5.859375 1358069
-9.521484375 5.0048828125 -5.859375 1358069
-9.521484375 5.0048828125 -5.859375 1358070
-9.521484375 5.0048828125 -5.859375 1358175
-9.27734375 -2.25830078125 2.8076171875 1358176
-9.27734375 -2.25830078125 2.8076171875 1358177
-9.27734375 -2.25830078125 2.8076171875 1358178
-9.27734375 -2.25830078125 2.8076171875 1358179
-17.4560546875 -4.21142578125 2.25830078125 1358274
-17.4560546875 -4.21142578125 2.25830078125 1358377
-0.244140625 -8.4228515625 11.90185546875 1358378
-0.244140625 -8.4228515625 11.90185546875 1358378
-0.244140625 -8.4228515625 11.90185546875 1358379
-0.244140625 -8.4228515625 11.90185546875 1358380
-0.244140625 -8.4228515625 11.90185546875 1358479
10.92529296875 14.70947265625 -4.82177734375 1358480
10.92529296875 14.70947265625 -4.82177734375 1358481
10.92529296875 14.70947265625 -4.82177734375 1358482
10.92529296875 14.70947265625 -4.82177734375 1358483
7.14111328125 9.521484375 -5.92041015625 1358549
7.14111328125 9.521484375 -5.92041015625 1358666
1.708984375 5.0048828125 -2.38037109375 1358667
1.708984375 5.0048828125 -2.38037109375 1358668
1.708984375 5.0048828125 -2.38037109375 1358669
1.708984375 5.0048828125 -2.38037109375 1358671
1.708984375 5.0048828125 -2.38037109375 1358770
-0.8544921875 10.8642578125 -17.2119140625 1358771
-0.8544921875 10.8642578125 -17.2119140625 1358772
-0.8544921875 10.8642578125 -17.2119140625 1358772
-0.8544921875 10.8642578125 -17.2119140625 1358773
-0.8544921875 10.8642578125 -17.2119140625 1358873
1.5869140625 15.19775390625 -18.24951171875 1358874
1.5869140625 15.19775390625 -18.24951171875 1358875
1.5869140625 15.19775390625 -18.24951171875 1358876
1.5869140625 15.19775390625 -18.24951171875 1358876
1.5869140625 15.19775390625 -18.24951171875 1358973
-6.4697265625 13.48876953125 -28.80859375 1358975
-6.4697265625 13.48876953125 -28.80859375 1358975
-6.4697265625 13.48876953125 -28.80859375 1358976
-6.4697265625 13.48876953125 -28.80859375 1358977
-6.4697265625 13.48876953125 -28.80859375 1359079
5.615234375 12.0849609375 -18.5546875 1359079
5.615234375 12.0849609375 -18.5546875 1359080
5.615234375 12.0849609375 -18.5546875 1359081
5.615234375 12.0849609375 -18.5546875 1359082
5.615234375 12.0849609375 -18.5546875 1359180
-4.69970703125 3.0517578125 -23.4375 1359181
-4.69970703125 3.0517578125 -23.4375 1359182
-4.69970703125 3.0517578125 -23.4375 1359183
-4.69970703125 3.0517578125 -23.4375 1359183
1.8310546875 17.51708984375 -19.287109375 1359251
1.8310546875 17.51708984375 -19.287109375 1359374
8.056640625 -0.732421875 -21.54541015625 1359375
8.056640625 -0.732421875 -21.54541015625 1359376
8.056640625 -0.732421875 -21.54541015625 1359376
8.056640625 -0.732421875 -21.54541015625 1359377
9.3994140625 -15.07568359375 -2.197265625 1359468
9.3994140625 -15.07568359375 -2.197265625 1359571
10.92529296875 0.244140625 -6.9580078125 1359572
10.92529296875 0.244140625 -6.9580078125 1359572
10.92529296875 0.244140625 -6.9580078125 1359573
10.92529296875 0.244140625 -6.9580078125 1359574
10.92529296875 0.244140625 -6.9580078125 1359673
32.65380859375 20.99609375 -36.31591796875 1359674
32.65380859375 20.99609375 -36.31591796875 1359675
32.65380859375 20.99609375 -36.31591796875 1359676
32.65380859375 20.99609375 -36.31591796875 1359677
34.11865234375 18.9208984375 -72.265625 1359777
34.11865234375 18.9208984375 -72.265625 1359778
34.11865234375 18.9208984375 -72.265625 1359778
34.11865234375 18.9208984375 -72.265625 1359779
34.11865234375 18.9208984375 -72.265625 1359880
12.51220703125 -19.83642578125 -27.2216796875 1359881
12.51220703125 -19.83642578125 -27.2216796875 1359882
12.51220703125 -19.83642578125 -27.2216796875 1359883
12.51220703125 -19.83642578125 -27.2216796875 1359885
12.51220703125 -19.83642578125 -27.2216796875 1359982
-1.46484375 -23.86474609375 -6.591796875 1359983
-1.46484375 -23.86474609375 -6.591796875 1359983
-1.46484375 -23.86474609375 -6.591796875 1359984
-1.46484375 -23.86474609375 -6.591796875 1359985
4.82177734375 -12.6953125 10.7421875 1360052
4.82177734375 -12.6953125 10.7421875 1360172
7.080078125 -4.8828125 5.9814453125 1360172
7.080078125 -4.8828125 5.9814453125 1360173
7.080078125 -4.8828125 5.9814453125 1360174
7.080078125 -4.8828125 5.9814453125 1360175
7.080078125 -4.8828125 5.9814453125 1360274
10.55908203125 13.24462890625 -8.60595703125 1360275
10.55908203125 13.24462890625 -8.60595703125 1360276
10.55908203125 13.24462890625 -8.60595703125 1360278
10.55908203125 13.24462890625 -8.60595703125 1360279
10.55908203125 13.24462890625 -8.60595703125 1360377
-7.26318359375 -2.8076171875 -9.94873046875 1360378
-7.26318359375 -2.8076171875 -9.94873046875 1360379
-7.26318359375 -2.8076171875 -9.94873046875 1360380
-7.26318359375 -2.8076171875 -9.94873046875 1360380
-7.26318359375 -2.8076171875 -9.94873046875 1360479
-11.90185546875 1.52587890625 6.34765625 1360480
-11.90185546875 1.52587890625 6.34765625 1360481
-11.90185546875 1.52587890625 6.34765625 1360481
-11.90185546875 1.52587890625 6.34765625 1360483
-11.90185546875 1.52587890625 6.34765625 1360582
13.7939453125 8.60595703125 -10.31494140625 1360582
13.7939453125 8.60595703125 -10.31494140625 1360583
13.7939453125 8.60595703125 -10.31494140625 1360584
13.7939453125 8.60595703125 -10.31494140625 1360585
1.28173828125 -4.21142578125 1.03759765625 1360653
1.28173828125 -4.21142578125 1.03759765625 1360773
-3.5400390625 0.30517578125 13.18359375 1360774
-3.5400390625 0.30517578125 13.18359375 1360775
-3.5400390625 0.30517578125 13.18359375 1360776
-3.5400390625 0.30517578125 13.18359375 1360776
-3.5400390625 0.30517578125 13.18359375 1360875
7.8125 11.77978515625 -15.380859375 1360876
7.8125 11.77978515625 -15.380859375 1360877
7.8125 11.77978515625 -15.380859375 1360877
7.8125 11.77978515625 -15.380859375 1360878
7.8125 11.77978515625 -15.380859375 1360978
10.31494140625 17.76123046875 -3.23486328125 1360979
10.31494140625 17.76123046875 -3.23486328125 1360979
10.31494140625 17.76123046875 -3.23486328125 1360980
10.31494140625 17.76123046875 -3.23486328125 1360981
10.31494140625 17.76123046875 -3.23486328125 1361081
-7.99560546875 -8.056640625 -0.06103515625 1361082
-7.99560546875 -8.056640625 -0.06103515625 1361083
-7.99560546875 -8.056640625 -0.06103515625 1361083
-7.99560546875 -8.056640625 -0.06103515625 1361084
-7.99560546875 -8.056640625 -0.06103515625 1361183
16.41845703125 31.3720703125 -30.76171875 1361184
16.41845703125 31.3720703125 -30.76171875 1361184
16.41845703125 31.3720703125 -30.76171875 1361185
16.41845703125 31.3720703125 -30.76171875 1361186
1.46484375 -1.0986328125 -13.12255859375 1361253
1.46484375 -1.0986328125 -13.12255859375 1361374
16.29638671875 9.3994140625 -13.3056640625 1361375
16.29638671875 9.3994140625 -13.3056640625 1361376
16.29638671875 9.3994140625 -13.3056640625 1361377
16.29638671875 9.3994140625 -13.3056640625 1361378
16.29638671875 9.3994140625 -13.3056640625 1361479
-11.71875 -4.57763671875 -3.5400390625 1361479
-11.71875 -4.57763671875 -3.5400390625 1361480
-11.71875 -4.57763671875 -3.5400390625 1361481
-11.71875 -4.57763671875 -3.5400390625 1361481
-11.71875 -4.57763671875 -3.5400390625 1361580
-4.94384765625 -2.8076171875 -5.18798828125 1361581
-4.94384765625 -2.8076171875 -5.18798828125 1361581
-4.94384765625 -2.8076171875 -5.18798828125 1361582
-4.94384765625 -2.8076171875 -5.18798828125 1361583
-4.94384765625 -2.8076171875 -5.18798828125 1361682
4.2724609375 7.568359375 -6.40869140625 1361683
4.2724609375 7.568359375 -6.40869140625 1361684
4.2724609375 7.568359375 -6.40869140625 1361685
4.2724609375 7.568359375 -6.40869140625 1361686
-1.5869140625 -0.79345703125 -5.43212890625 1361753
-1.5869140625 -0.79345703125 -5.43212890625 1361864
-1.46484375 -10.25390625 7.8125 1361865
-1.46484375 -10.25390625 7.8125 1361866
-1.46484375 -10.25390625 7.8125 1361867
-1.46484375 -10.25390625 7.8125 1361868
-1.46484375 -10.25390625 7.8125 1361974
5.31005859375 -6.103515625 -3.5400390625 1361974
5.31005859375 -6.103515625 -3.5400390625 1361975
5.31005859375 -6.103515625 -3.5400390625 1361976
5.31005859375 -6.103515625 -3.5400390625 1361976
5.31005859375 -6.103515625 -3.5400390625 1362077
9.1552734375 -1.5869140625 1.40380859375 1362078
9.1552734375 -1.5869140625 1.40380859375 1362079
9.1552734375 -1.5869140625 1.40380859375 1362080
9.1552734375 -1.5869140625 1.40380859375 1362081
9.1552734375 -1.5869140625 1.40380859375 1362179
-12.0849609375 -19.83642578125 1.0986328125 1362180
-12.0849609375 -19.83642578125 1.0986328125 1362180
-12.0849609375 -19.83642578125 1.0986328125 1362181
-12.0849609375 -19.83642578125 1.0986328125 1362182
-12.0849609375 -19.83642578125 1.0986328125 1362282
-16.54052734375 -27.03857421875 -6.103515625 1362283
-16.54052734375 -27.03857421875 -6.103515625 1362284
-16.54052734375 -27.03857421875 -6.103515625 1362285
-16.54052734375 -27.03857421875 -6.103515625 1362286
2.38037109375 -10.498046875 1.15966796875 1362353
2.38037109375 -10.498046875 1.15966796875 1362472
-14.0380859375 -21.91162109375 -4.82177734375 1362473
-14.0380859375 -21.91162109375 -4.82177734375 1362474
-14.0380859375 -21.91162109375 -4.82177734375 1362475
-14.0380859375 -21.91162109375 -4.82177734375 1362476
-14.0380859375 -21.91162109375 -4.82177734375 1362574
-8.85009765625 -9.46044921875 -14.34326171875 1362575
-8.85009765625 -9.46044921875 -14.34326171875 1362575
-8.85009765625 -9.46044921875 -14.34326171875 1362576
-8.85009765625 -9.46044921875 -14.34326171875 1362577
-18.00537109375 -13.24462890625 -13.5498046875 1362668
-18.00537109375 -13.24462890625 -13.5498046875 1362770
-15.0146484375 -13.24462890625 -6.7138671875 1362771
-15.0146484375 -13.24462890625 -6.7138671875 1362772
-15.0146484375 -13.24462890625 -6.7138671875 1362773
-15.0146484375 -13.24462890625 -6.7138671875 1362773
-15.0146484375 -13.24462890625 -6.7138671875 1362874
-13.12255859375 -7.87353515625 4.69970703125 1362875
-13.12255859375 -7.87353515625 4.69970703125 1362876
-13.12255859375 -7.87353515625 4.69970703125 1362893
-13.12255859375 -7.87353515625 4.69970703125 1362894
-13.12255859375 -7.87353515625 4.69970703125 1362975
1.5869140625 6.103515625 -8.056640625 1362976
1.5869140625 6.103515625 -8.056640625 1362977
1.5869140625 6.103515625 -8.056640625 1362978
1.5869140625 6.103515625 -8.056640625 1363076
-2.197265625 1.46484375 -10.25390625 1363077
-2.197265625 1.46484375 -10.25390625 1363078
-2.197265625 1.46484375 -10.25390625 1363078
-2.197265625 1.46484375 -10.25390625 1363079
-2.197265625 1.46484375 -10.25390625 1363180
-5.9814453125 -1.3427734375 -1.708984375 1363181
-5.9814453125 -1.3427734375 -1.708984375 1363182
-5.9814453125 -1.3427734375 -1.708984375 1363182
-5.9814453125 -1.3427734375 -1.708984375 1363183
-5.9814453125 -1.3427734375 -1.708984375 1363284
1.5869140625 5.615234375 -1.3427734375 1363285
1.5869140625 5.615234375 -1.3427734375 1363286
1.5869140625 5.615234375 -1.3427734375 1363287
1.5869140625 5.615234375 -1.3427734375 1363288
1.708984375 10.92529296875 -10.25390625 1363354
1.708984375 10.92529296875 -10.25390625 1363465
2.62451171875 -0.8544921875 2.197265625 1363466
2.62451171875 -0.8544921875 2.197265625 1363467
2.62451171875 -0.8544921875 2.197265625 1363468
2.62451171875 -0.8544921875 2.197265625 1363468
2.62451171875 -0.8544921875 2.197265625 1363575
-13.48876953125 -5.615234375 7.26318359375 1363576
-13.48876953125 -5.615234375 7.26318359375 1363576
-13.48876953125 -5.615234375 7.26318359375 1363577
-13.48876953125 -5.615234375 7.26318359375 1363578
-13.48876953125 -5.615234375 7.26318359375 1363676
1.28173828125 1.64794921875 -9.09423828125 1363677
1.28173828125 1.64794921875 -9.09423828125 1363678
1.28173828125 1.64794921875 -9.09423828125 1363679
1.28173828125 1.64794921875 -9.09423828125 1363679
1.28173828125 1.64794921875 -9.09423828125 1363780
5.9814453125 4.8828125 -8.4228515625 1363781
5.9814453125 4.8828125 -8.4228515625 1363782
5.9814453125 4.8828125 -8.4228515625 1363783
5.9814453125 4.8828125 -8.4228515625 1363784
5.9814453125 4.8828125 -8.4228515625 1363883
-1.5869140625 3.23486328125 -0.42724609375 1363884
-1.5869140625 3.23486328125 -0.42724609375 1363885
-1.5869140625 3.23486328125 -0.42724609375 1363887
-1.5869140625 3.23486328125 -0.42724609375 1363887
-1.5869140625 3.23486328125 -0.42724609375 1363984
-5.615234375 -3.7841796875 -3.0517578125 1363985
-5.615234375 -3.7841796875 -3.0517578125 1363986
-5.615234375 -3.7841796875 -3.0517578125 1363986
-7.01904296875 -3.60107421875 -1.708984375 1364056
-7.01904296875 -3.60107421875 -1.708984375 1364057
-7.01904296875 -3.60107421875 -1.708984375 1364177
0.1220703125 -0.06103515625 -2.3193359375 1364178
0.1220703125 -0.06103515625 -2.3193359375 1364179
0.1220703125 -0.06103515625 -2.3193359375 1364179
0.1220703125 -0.06103515625 -2.3193359375 1364180
0.1220703125 -0.06103515625 -2.3193359375 1364277
0.54931640625 3.84521484375 0.18310546875 1364278
0.54931640625 3.84521484375 0.18310546875 1364279
0.54931640625 3.84521484375 0.18310546875 1364280
0.54931640625 3.84521484375 0.18310546875 1364280
0.54931640625 3.84521484375 0.18310546875 1364380
-2.44140625 -1.77001953125 -7.01904296875 1364381
-2.44140625 -1.77001953125 -7.01904296875 1364382
-2.44140625 -1.77001953125 -7.01904296875 1364383
-2.44140625 -1.77001953125 -7.01904296875 1364384
-2.44140625 -1.77001953125 -7.01904296875 1364489
-2.8076171875 -3.90625 1.8310546875 1364490
-2.8076171875 -3.90625 1.8310546875 1364491
-2.8076171875 -3.90625 1.8310546875 1364492
-2.8076171875 -3.90625 1.8310546875 1364492
-0.18310546875 1.220703125 -4.94384765625 1364555
-0.18310546875 1.220703125 -4.94384765625 1364674
-9.27734375 -5.55419921875 -1.89208984375 1364674
-9.27734375 -5.55419921875 -1.89208984375 1364675
-9.27734375 -5.55419921875 -1.89208984375 1364676
-9.27734375 -5.55419921875 -1.89208984375 1364676
-9.27734375 -5.55419921875 -1.89208984375 1364776
2.9296875 -2.74658203125 -10.92529296875 1364777
2.9296875 -2.74658203125 -10.92529296875 1364778
2.9296875 -2.74658203125 -10.92529296875 1364779
2.9296875 -2.74658203125 -10.92529296875 1364779
2.9296875 -2.74658203125 -10.92529296875 1364880
5.18798828125 3.35693359375 -3.96728515625 1364881
5.18798828125 3.35693359375 -3.96728515625 1364881
5.18798828125 3.35693359375 -3.96728515625 1364882
5.18798828125 3.35693359375 -3.96728515625 1364883
5.18798828125 3.35693359375 -3.96728515625 1364982
-2.99072265625 3.23486328125 -2.99072265625 1364983
-2.99072265625 3.23486328125 -2.99072265625 1364984
-2.99072265625 3.23486328125 -2.99072265625 1364985
-2.99072265625 3.23486328125 -2.99072265625 1364985
-2.99072265625 3.23486328125 -2.99072265625 1365084
-10.07080078125 -5.79833984375 -1.46484375 1365085
-10.07080078125 -5.79833984375 -1.46484375 1365086
-10.07080078125 -5.79833984375 -1.46484375 1365086
-10.07080078125 -5.79833984375 -1.46484375 1365087
-10.07080078125 -5.79833984375 -1.46484375 1365187
-5.9814453125 -3.60107421875 -2.50244140625 1365188
-5.9814453125 -3.60107421875 -2.50244140625 1365189
-5.9814453125 -3.60107421875 -2.50244140625 1365189
-5.9814453125 -3.60107421875 -2.50244140625 1365190
12.39013671875 5.67626953125 -0.42724609375 1365257
12.39013671875 5.67626953125 -0.42724609375 1365376
0.30517578125 2.13623046875 -3.72314453125 1365377
0.30517578125 2.13623046875 -3.72314453125 1365377
0.30517578125 2.13623046875 -3.72314453125 1365378
0.30517578125 2.13623046875 -3.72314453125 1365379
0.30517578125 2.13623046875 -3.72314453125 1365483
2.99072265625 8.7890625 -2.5634765625 1365484
2.99072265625 8.7890625 -2.5634765625 1365485
2.99072265625 8.7890625 -2.5634765625 1365486
2.99072265625 8.7890625 -2.5634765625 1365487
-4.69970703125 2.8076171875 -3.90625 1365581
-4.69970703125 2.8076171875 -3.90625 1365684
-5.92041015625 -2.50244140625 -3.23486328125 1365685
-5.92041015625 -2.50244140625 -3.23486328125 1365685
-5.92041015625 -2.50244140625 -3.23486328125 1365686
-5.92041015625 -2.50244140625 -3.23486328125 1365687
0.54931640625 -1.15966796875 -4.45556640625 1365779
0.54931640625 -1.15966796875 -4.45556640625 1365861
5.43212890625 5.43212890625 -5.37109375 1365862
5.43212890625 5.43212890625 -5.37109375 1365863
5.43212890625 5.43212890625 -5.37109375 1365864
5.43212890625 5.43212890625 -5.37109375 1365865
5.43212890625 5.43212890625 -5.37109375 1365976
-1.64794921875 3.0517578125 -1.28173828125 1365976
-1.64794921875 3.0517578125 -1.28173828125 1365977
-1.64794921875 3.0517578125 -1.28173828125 1365978
-1.64794921875 3.0517578125 -1.28173828125 1365978
-1.64794921875 3.0517578125 -1.28173828125 1366078
-10.43701171875 -2.62451171875 1.52587890625 1366079
-10.43701171875 -2.62451171875 1.52587890625 1366080
-10.43701171875 -2.62451171875 1.52587890625 1366081
-10.43701171875 -2.62451171875 1.52587890625 1366082
-10.43701171875 -2.62451171875 1.52587890625 1366181
0.67138671875 6.04248046875 1.40380859375 1366181
0.67138671875 6.04248046875 1.40380859375 1366182
0.67138671875 6.04248046875 1.40380859375 1366183
0.67138671875 6.04248046875 1.40380859375 1366183
0.67138671875 6.04248046875 1.40380859375 1366283
0.06103515625 3.662109375 -9.033203125 1366284
0.06103515625 3.662109375 -9.033203125 1366284
0.06103515625 3.662109375 -9.033203125 1366285
0.06103515625 3.662109375 -9.033203125 1366285
0.06103515625 3.662109375 -9.033203125 1366385
0.244140625 0 -5.126953125 1366386
0.244140625 0 -5.126953125 1366387
0.244140625 0 -5.126953125 1366388
0.244140625 0 -5.126953125 1366388
-7.75146484375 -1.0986328125 -7.6904296875 1366475
-7.75146484375 -1.0986328125 -7.6904296875 1366577
3.2958984375 3.47900390625 -1.28173828125 1366578
3.2958984375 3.47900390625 -1.28173828125 1366579
3.2958984375 3.47900390625 -1.28173828125 1366580
3.2958984375 3.47900390625 -1.28173828125 1366581
3.2958984375 3.47900390625 -1.28173828125 1366680
1.77001953125 4.82177734375 -0.06103515625 1366681
1.77001953125 4.82177734375 -0.06103515625 1366682
1.77001953125 4.82177734375 -0.06103515625 1366682
1.77001953125 4.82177734375 -0.06103515625 1366683
1.77001953125 4.82177734375 -0.06103515625 1366780
-1.8310546875 0.1220703125 -7.87353515625 1366781
-1.8310546875 0.1220703125 -7.87353515625 1366782
-1.8310546875 0.1220703125 -7.87353515625 1366783
-1.8310546875 0.1220703125 -7.87353515625 1366784
-1.8310546875 0.1220703125 -7.87353515625 1366885
-3.173828125 1.40380859375 -1.46484375 1366886
-3.173828125 1.40380859375 -1.46484375 1366887
-3.173828125 1.40380859375 -1.46484375 1366888
-3.173828125 1.40380859375 -1.46484375 1366888
-3.173828125 1.40380859375 -1.46484375 1366988
-2.62451171875 6.40869140625 3.72314453125 1366989
-2.62451171875 6.40869140625 3.72314453125 1366990
-2.62451171875 6.40869140625 3.72314453125 1366990
-2.62451171875 6.40869140625 3.72314453125 1366991
5.79833984375 9.033203125 3.90625 1367058
5.79833984375 9.033203125 3.90625 1367176
2.0751953125 7.14111328125 6.65283203125 1367177
2.0751953125 7.14111328125 6.65283203125 1367178
2.0751953125 7.14111328125 6.65283203125 1367179
2.0751953125 7.14111328125 6.65283203125 1367179
2.0751953125 7.14111328125 6.65283203125 1367279
-4.5166015625 -5.67626953125 0.6103515625 1367280
-4.5166015625 -5.67626953125 0.6103515625 1367280
-4.5166015625 -5.67626953125 0.6103515625 1367281
-4.5166015625 -5.67626953125 0.6103515625 1367282
-4.5166015625 -5.67626953125 0.6103515625 1367380
-6.65283203125 0.06103515625 5.92041015625 1367381
-6.65283203125 0.06103515625 5.92041015625 1367381
-6.65283203125 0.06103515625 5.92041015625 1367382
-6.65283203125 0.06103515625 5.92041015625 1367383
-1.28173828125 3.47900390625 -1.15966796875 1367484
-1.28173828125 3.47900390625 -1.15966796875 1367485
-1.28173828125 3.47900390625 -1.15966796875 1367486
-1.28173828125 3.47900390625 -1.15966796875 1367487
-1.28173828125 3.47900390625 -1.15966796875 1367586
-0.79345703125 1.3427734375 3.41796875 1367587
-0.79345703125 1.3427734375 3.41796875 1367588
-0.79345703125 1.3427734375 3.41796875 1367589
-0.79345703125 1.3427734375 3.41796875 1367589
-0.79345703125 1.3427734375 3.41796875 1367694
-0.9765625 0.732421875 4.08935546875 1367695
-0.9765625 0.732421875 4.08935546875 1367695
-0.9765625 0.732421875 4.08935546875 1367696
-0.9765625 0.732421875 4.08935546875 1367696
4.69970703125 1.28173828125 -3.11279296875 1367788
4.69970703125 1.28173828125 -3.11279296875 1367862
4.33349609375 2.3193359375 -2.50244140625 1367864
4.33349609375 2.3193359375 -2.50244140625 1367866
4.33349609375 2.3193359375 -2.50244140625 1367867
4.33349609375 2.3193359375 -2.50244140625 1367868
4.33349609375 2.3193359375 -2.50244140625 1367981
-0.6103515625 -0.8544921875 3.23486328125 1367982
-0.6103515625 -0.8544921875 3.23486328125 1367984
-0.6103515625 -0.8544921875 3.23486328125 1367985
-0.6103515625 -0.8544921875 3.23486328125 1367986
-0.6103515625 -0.8544921875 3.23486328125 1368084
0.06103515625 0.48828125 5.37109375 1368085
0.06103515625 0.48828125 5.37109375 1368086
0.06103515625 0.48828125 5.37109375 1368086
0.06103515625 0.48828125 5.37109375 1368087
0.06103515625 0.48828125 5.37109375 1368192
-2.74658203125 -2.86865234375 1.03759765625 1368193
-2.74658203125 -2.86865234375 1.03759765625 1368194
-2.74658203125 -2.86865234375 1.03759765625 1368194
-2.74658203125 -2.86865234375 1.03759765625 1368195
-1.28173828125 2.0751953125 -2.8076171875 1368260
-1.28173828125 2.0751953125 -2.8076171875 1368379
1.953125 0.48828125 -3.96728515625 1368380
1.953125 0.48828125 -3.96728515625 1368381
1.953125 0.48828125 -3.96728515625 1368382
1.953125 0.48828125 -3.96728515625 1368382
1.953125 0.48828125 -3.96728515625 1368481
0.3662109375 4.150390625 -0.9765625 1368482
0.3662109375 4.150390625 -0.9765625 1368483
0.3662109375 4.150390625 -0.9765625 1368485
0.3662109375 4.150390625 -0.9765625 1368488
0.42724609375 -2.197265625 -4.2724609375 1368577
0.42724609375 -2.197265625 -4.2724609375 1368688
3.72314453125 -0.67138671875 0.91552734375 1368688
3.72314453125 -0.67138671875 0.91552734375 1368689
3.72314453125 -0.67138671875 0.91552734375 1368690
3.72314453125 -0.67138671875 0.91552734375 1368691
3.72314453125 -0.67138671875 0.91552734375 1368790
3.2958984375 3.2958984375 -7.01904296875 1368791
3.2958984375 3.2958984375 -7.01904296875 1368792
3.2958984375 3.2958984375 -7.01904296875 1368793
3.2958984375 3.2958984375 -7.01904296875 1368793
-0.06103515625 -2.74658203125 -5.7373046875 1368861
-0.06103515625 -2.74658203125 -5.7373046875 1368973
-5.18798828125 -3.41796875 -0.42724609375 1368975
-5.18798828125 -3.41796875 -0.42724609375 1368975
-5.18798828125 -3.41796875 -0.42724609375 1368976
-5.18798828125 -3.41796875 -0.42724609375 1368977
1.40380859375 0.42724609375 -3.2958984375 1369061
1.40380859375 0.42724609375 -3.2958984375 1369180
-3.2958984375 1.46484375 -10.55908203125 1369181
-3.2958984375 1.46484375 -10.55908203125 1369182
-3.2958984375 1.46484375 -10.55908203125 1369183
-3.2958984375 1.46484375 -10.55908203125 1369183
-3.2958984375 1.46484375 -10.55908203125 1369283
2.13623046875 0.732421875 -2.38037109375 1369284
2.13623046875 0.732421875 -2.38037109375 1369285
2.13623046875 0.732421875 -2.38037109375 1369285
2.13623046875 0.732421875 -2.38037109375 1369286
2.13623046875 0.732421875 -2.38037109375 1369383
-9.21630859375 -7.26318359375 -2.197265625 1369384
-9.21630859375 -7.26318359375 -2.197265625 1369385
-9.21630859375 -7.26318359375 -2.197265625 1369386
-9.21630859375 -7.26318359375 -2.197265625 1369389
-9.21630859375 -7.26318359375 -2.197265625 1369488
-5.615234375 -3.5400390625 3.41796875 1369489
-5.615234375 -3.5400390625 3.41796875 1369490
-5.615234375 -3.5400390625 3.41796875 1369490
-5.615234375 -3.5400390625 3.41796875 1369491
-5.615234375 -3.5400390625 3.41796875 1369590
-0.67138671875 3.41796875 -0.1220703125 1369591
-0.67138671875 3.41796875 -0.1220703125 1369592
-0.67138671875 3.41796875 -0.1220703125 1369592
-0.67138671875 3.41796875 -0.1220703125 1369593
-0.18310546875 0.30517578125 -0.42724609375 1369669
-0.18310546875 0.30517578125 -0.42724609375 1369780
-4.08935546875 -1.03759765625 -1.40380859375 1369782
-4.08935546875 -1.03759765625 -1.40380859375 1369783
-4.08935546875 -1.03759765625 -1.40380859375 1369783
-4.08935546875 -1.03759765625 -1.40380859375 1369784
-4.08935546875 -1.03759765625 -1.40380859375 1369883
-6.04248046875 -3.72314453125 -8.11767578125 1369884
-6.04248046875 -3.72314453125 -8.11767578125 1369885
-6.04248046875 -3.72314453125 -8.11767578125 1369885
-6.04248046875 -3.72314453125 -8.11767578125 1369886
-6.04248046875 -3.72314453125 -8.11767578125 1369987
0 -1.5869140625 -2.74658203125 1369988
0 -1.5869140625 -2.74658203125 1369989
0 -1.5869140625 -2.74658203125 1369990
0 -1.5869140625 -2.74658203125 1369991
0 -1.5869140625 -2.74658203125 1370089
6.103515625 5.18798828125 1.40380859375 1370090
6.103515625 5.18798828125 1.40380859375 1370091
6.103515625 5.18798828125 1.40380859375 1370092
6.103515625 5.18798828125 1.40380859375 1370092
6.103515625 5.18798828125 1.40380859375 1370192
5.126953125 1.3427734375 -5.615234375 1370193
5.126953125 1.3427734375 -5.615234375 1370194
5.126953125 1.3427734375 -5.615234375 1370194
5.126953125 1.3427734375 -5.615234375 1370195
4.33349609375 5.7373046875 3.11279296875 1370263
4.33349609375 5.7373046875 3.11279296875 1370383
-4.94384765625 -2.50244140625 -1.46484375 1370384
-4.94384765625 -2.50244140625 -1.46484375 1370385
-4.94384765625 -2.50244140625 -1.46484375 1370386
-4.94384765625 -2.50244140625 -1.46484375 1370387
-4.94384765625 -2.50244140625 -1.46484375 1370485
-2.3193359375 -2.86865234375 2.0751953125 1370486
-2.3193359375 -2.86865234375 2.0751953125 1370487
-2.3193359375 -2.86865234375 2.0751953125 1370487
-2.3193359375 -2.86865234375 2.0751953125 1370488
-2.3193359375 -2.86865234375 2.0751953125 1370589
3.173828125 2.74658203125 4.82177734375 1370590
3.173828125 2.74658203125 4.82177734375 1370591
3.173828125 2.74658203125 4.82177734375 1370592
3.173828125 2.74658203125 4.82177734375 1370593
3.173828125 2.74658203125 4.82177734375 1370691
3.96728515625 5.43212890625 -0.54931640625 1370692
3.96728515625 5.43212890625 -0.54931640625 1370692
3.96728515625 5.43212890625 -0.54931640625 1370693
3.96728515625 5.43212890625 -0.54931640625 1370694
-0.732421875 -1.5869140625 2.9296875 1370761
-0.732421875 -1.5869140625 2.9296875 1370880
2.9296875 -1.953125 -3.173828125 1370881
2.9296875 -1.953125 -3.173828125 1370882
2.9296875 -1.953125 -3.173828125 1370883
2.9296875 -1.953125 -3.173828125 1370884
2.9296875 -1.953125 -3.173828125 1370984
2.44140625 -2.5634765625 -5.67626953125 1370985
2.44140625 -2.5634765625 -5.67626953125 1370986
2.44140625 -2.5634765625 -5.67626953125 1370987
2.44140625 -2.5634765625 -5.67626953125 1370987
7.32421875 1.89208984375 -0.18310546875 1371087
7.32421875 1.89208984375 -0.18310546875 1371088
7.32421875 1.89208984375 -0.18310546875 1371089
7.32421875 1.89208984375 -0.18310546875 1371089
7.32421875 1.89208984375 -0.18310546875 1371191
0.9765625 1.40380859375 -9.1552734375 1371192
0.9765625 1.40380859375 -9.1552734375 1371192
0.9765625 1.40380859375 -9.1552734375 1371193
0.9765625 1.40380859375 -9.1552734375 1371194
0.9765625 1.40380859375 -9.1552734375 1371295
-3.5400390625 -1.953125 -9.21630859375 1371296
-3.5400390625 -1.953125 -9.21630859375 1371297
-3.5400390625 -1.953125 -9.21630859375 1371298
-3.5400390625 -1.953125 -9.21630859375 1371299
1.64794921875 -1.953125 -3.11279296875 1371362
1.64794921875 -1.953125 -3.11279296875 1371474
-3.0517578125 1.5869140625 -13.00048828125 1371475
-3.0517578125 1.5869140625 -13.00048828125 1371475
-3.0517578125 1.5869140625 -13.00048828125 1371476
-3.0517578125 1.5869140625 -13.00048828125 1371477
-3.0517578125 1.5869140625 -13.00048828125 1371636
-2.197265625 1.953125 -1.8310546875 1371660
-2.197265625 1.953125 -1.8310546875 1371661
-2.197265625 1.953125 -1.8310546875 1371662
-2.197265625 1.953125 -1.8310546875 1371663
3.11279296875 3.173828125 1.03759765625 1371689
3.11279296875 3.173828125 1.03759765625 1371789
-9.765625 -6.7138671875 -1.15966796875 1371789
-9.765625 -6.7138671875 -1.15966796875 1371791
-9.765625 -6.7138671875 -1.15966796875 1371791
-9.765625 -6.7138671875 -1.15966796875 1371792
-9.765625 -6.7138671875 -1.15966796875 1371890
-2.0751953125 -0.8544921875 6.4697265625 1371891
-2.0751953125 -0.8544921875 6.4697265625 1371892
-2.0751953125 -0.8544921875 6.4697265625 1371892
-2.0751953125 -0.8544921875 6.4697265625 1371893
-1.8310546875 -0.79345703125 -2.13623046875 1371962
