0 0 0 1080591
0 0 0 1080591
19.22607421875 1.64794921875 5.06591796875 1080595
19.22607421875 1.64794921875 5.06591796875 1080595
19.22607421875 1.64794921875 5.06591796875 1080596
19.22607421875 1.64794921875 5.06591796875 1080597
-17.578125 -6.4697265625 -4.33349609375 1080598
3.662109375 -2.197265625 -6.65283203125 1080599
22.8271484375 -3.11279296875 -1.8310546875 1080600
-3.72314453125 -3.0517578125 -5.92041015625 1080668
-3.72314453125 -3.0517578125 -5.92041015625 1080771
-24.96337890625 8.85009765625 0.91552734375 1080772
-24.96337890625 8.85009765625 0.91552734375 1080772
-24.96337890625 8.85009765625 0.91552734375 1080773
-24.96337890625 8.85009765625 0.91552734375 1080774
6.2255859375 -3.90625 -4.08935546875 1080841
6.2255859375 -3.90625 -4.08935546875 1080960
13.36669921875 1.953125 4.8828125 1080961
13.36669921875 1.953125 4.8828125 1080962
13.36669921875 1.953125 4.8828125 1080963
13.36669921875 1.953125 4.8828125 1080963
13.36669921875 1.953125 4.8828125 1081087
-23.98681640625 6.7138671875 -7.080078125 1081088
-23.98681640625 6.7138671875 -7.080078125 1081089
-23.98681640625 6.7138671875 -7.080078125 1081090
-23.98681640625 6.7138671875 -7.080078125 1081091
5.43212890625 1.15966796875 -4.33349609375 1081165
5.43212890625 1.15966796875 -4.33349609375 1081270
13.61083984375 1.46484375 1.40380859375 1081271
13.61083984375 1.46484375 1.40380859375 1081272
13.61083984375 1.46484375 1.40380859375 1081273
13.61083984375 1.46484375 1.40380859375 1081274
3.41796875 -4.7607421875 -12.451171875 1081341
3.41796875 -4.7607421875 -12.451171875 1081460
-14.83154296875 9.033203125 -0.6103515625 1081461
-14.83154296875 9.033203125 -0.6103515625 1081462
-14.83154296875 9.033203125 -0.6103515625 1081462
-14.83154296875 9.033203125 -0.6103515625 1081463
-14.83154296875 9.033203125 -0.6103515625 1081560
3.96728515625 -2.13623046875 0.79345703125 1081562
3.96728515625 -2.13623046875 0.79345703125 1081562
3.96728515625 -2.13623046875 0.79345703125 1081564
3.96728515625 -2.13623046875 0.79345703125 1081565
3.96728515625 -2.13623046875 0.79345703125 1081664
10.19287109375 -1.953125 -8.056640625 1081665
10.19287109375 -1.953125 -8.056640625 1081666
10.19287109375 -1.953125 -8.056640625 1081666
10.19287109375 -1.953125 -8.056640625 1081667
10.19287109375 -1.953125 -8.056640625 1081766
-1.953125 5.79833984375 6.7138671875 1081767
-1.953125 5.79833984375 6.7138671875 1081769
-1.953125 5.79833984375 6.7138671875 1081770
-1.953125 5.79833984375 6.7138671875 1081771
-1.953125 5.79833984375 6.7138671875 1081868
-11.962890625 -2.13623046875 -7.9345703125 1081869
-11.962890625 -2.13623046875 -7.9345703125 1081870
-11.962890625 -2.13623046875 -7.9345703125 1081871
-11.962890625 -2.13623046875 -7.9345703125 1081871
-5.4931640625 2.38037109375 -2.13623046875 1081941
-5.4931640625 2.38037109375 -2.13623046875 1082060
13.12255859375 1.3427734375 3.47900390625 1082061
13.12255859375 1.3427734375 3.47900390625 1082062
13.12255859375 1.3427734375 3.47900390625 1082062
13.12255859375 1.3427734375 3.47900390625 1082063
13.12255859375 1.3427734375 3.47900390625 1082162
-1.953125 -11.65771484375 -12.63427734375 1082163
-1.953125 -11.65771484375 -12.63427734375 1082164
-1.953125 -11.65771484375 -12.63427734375 1082164
-1.953125 -11.65771484375 -12.63427734375 1082164
-1.953125 -11.65771484375 -12.63427734375 1082265
-19.47021484375 13.5498046875 4.57763671875 1082265
-19.47021484375 13.5498046875 4.57763671875 1082266
-19.47021484375 13.5498046875 4.57763671875 1082267
-19.47021484375 13.5498046875 4.57763671875 1082267
-19.47021484375 13.5498046875 4.57763671875 1082367
6.40869140625 -2.01416015625 -2.44140625 1082368
6.40869140625 -2.01416015625 -2.44140625 1082368
6.40869140625 -2.01416015625 -2.44140625 1082369
6.40869140625 -2.01416015625 -2.44140625 1082369
6.40869140625 -2.01416015625 -2.44140625 1082471
-1.708984375 -0.79345703125 -3.2958984375 1082471
-1.708984375 -0.79345703125 -3.2958984375 1082472
-1.708984375 -0.79345703125 -3.2958984375 1082473
-1.708984375 -0.79345703125 -3.2958984375 1082474
-1.708984375 -0.79345703125 -3.2958984375 1082572
-10.6201171875 9.033203125 10.43701171875 1082573
-10.6201171875 9.033203125 10.43701171875 1082573
-10.6201171875 9.033203125 10.43701171875 1082574
-10.6201171875 9.033203125 10.43701171875 1082575
12.20703125 -9.27734375 -15.19775390625 1082642
12.20703125 -9.27734375 -15.19775390625 1082763
15.31982421875 14.5263671875 27.587890625 1082763
15.31982421875 14.5263671875 27.587890625 1082764
15.31982421875 14.5263671875 27.587890625 1082765
15.31982421875 14.5263671875 27.587890625 1082765
15.31982421875 14.5263671875 27.587890625 1082865
-8.1787109375 11.962890625 4.8828125 1082866
-8.1787109375 11.962890625 4.8828125 1082866
-8.1787109375 11.962890625 4.8828125 1082867
-8.1787109375 11.962890625 4.8828125 1082867
-8.1787109375 11.962890625 4.8828125 1082968
-29.052734375 2.74658203125 -13.85498046875 1082968
-29.052734375 2.74658203125 -13.85498046875 1082969
-29.052734375 2.74658203125 -13.85498046875 1082970
-29.052734375 2.74658203125 -13.85498046875 1082971
-29.052734375 2.74658203125 -13.85498046875 1083070
26.42822265625 -6.77490234375 -4.82177734375 1083071
26.42822265625 -6.77490234375 -4.82177734375 1083071
26.42822265625 -6.77490234375 -4.82177734375 1083072
26.42822265625 -6.77490234375 -4.82177734375 1083072
26.42822265625 -6.77490234375 -4.82177734375 1083172
9.033203125 -11.71875 -10.498046875 1083173
9.033203125 -11.71875 -10.498046875 1083173
9.033203125 -11.71875 -10.498046875 1083174
9.033203125 -11.71875 -10.498046875 1083175
9.033203125 -11.71875 -10.498046875 1083273
-28.86962890625 16.6015625 4.57763671875 1083274
-28.86962890625 16.6015625 4.57763671875 1083275
-28.86962890625 16.6015625 4.57763671875 1083276
-28.86962890625 16.6015625 4.57763671875 1083277
-4.638671875 16.7236328125 10.8642578125 1083369
-4.638671875 16.7236328125 10.8642578125 1083472
6.16455078125 -13.61083984375 -18.4326171875 1083473
6.16455078125 -13.61083984375 -18.4326171875 1083474
6.16455078125 -13.61083984375 -18.4326171875 1083475
6.16455078125 -13.61083984375 -18.4326171875 1083476
15.56396484375 -6.04248046875 11.41357421875 1083543
15.56396484375 -6.04248046875 11.41357421875 1083662
-17.9443359375 29.84619140625 19.4091796875 1083663
-17.9443359375 29.84619140625 19.4091796875 1083664
-17.9443359375 29.84619140625 19.4091796875 1083665
-17.9443359375 29.84619140625 19.4091796875 1083665
-17.9443359375 29.84619140625 19.4091796875 1083764
-16.7236328125 8.544921875 -25.5126953125 1083765
-16.7236328125 8.544921875 -25.5126953125 1083766
-16.7236328125 8.544921875 -25.5126953125 1083766
-16.7236328125 8.544921875 -25.5126953125 1083767
-16.7236328125 8.544921875 -25.5126953125 1083870
26.42822265625 4.69970703125 2.197265625 1083871
26.42822265625 4.69970703125 2.197265625 1083871
26.42822265625 4.69970703125 2.197265625 1083872
26.42822265625 4.69970703125 2.197265625 1083873
15.44189453125 -14.09912109375 -6.4697265625 1083970
15.44189453125 -14.09912109375 -6.4697265625 1084073
-5.859375 10.3759765625 16.2353515625 1084074
-5.859375 10.3759765625 16.2353515625 1084075
-5.859375 10.3759765625 16.2353515625 1084075
-5.859375 10.3759765625 16.2353515625 1084076
18.24951171875 -4.94384765625 7.6904296875 1084142
18.24951171875 -4.94384765625 7.6904296875 1084262
-22.76611328125 -9.1552734375 -31.06689453125 1084263
-22.76611328125 -9.1552734375 -31.06689453125 1084263
-22.76611328125 -9.1552734375 -31.06689453125 1084264
-22.76611328125 -9.1552734375 -31.06689453125 1084265
22.5830078125 -5.43212890625 6.9580078125 1084360
22.5830078125 -5.43212890625 6.9580078125 1084458
-27.34375 6.77490234375 -8.36181640625 1084459
-27.34375 6.77490234375 -8.36181640625 1084459
-27.34375 6.77490234375 -8.36181640625 1084460
-27.34375 6.77490234375 -8.36181640625 1084461
-27.34375 6.77490234375 -8.36181640625 1084571
15.7470703125 -0.06103515625 0 1084572
15.7470703125 -0.06103515625 0 1084573
15.7470703125 -0.06103515625 0 1084573
15.7470703125 -0.06103515625 0 1084574
15.7470703125 -0.06103515625 0 1084674
10.31494140625 0.54931640625 1.953125 1084675
10.31494140625 0.54931640625 1.953125 1084676
10.31494140625 0.54931640625 1.953125 1084676
10.31494140625 0.54931640625 1.953125 1084677
-10.43701171875 -6.40869140625 0.9765625 1084743
-10.43701171875 -6.40869140625 0.9765625 1084862
-13.7939453125 8.9111328125 -13.671875 1084863
-13.7939453125 8.9111328125 -13.671875 1084864
-13.7939453125 8.9111328125 -13.671875 1084865
-13.7939453125 8.9111328125 -13.671875 1084866
-13.7939453125 8.9111328125 -13.671875 1084965
1.3427734375 -7.6904296875 -18.798828125 1084966
1.3427734375 -7.6904296875 -18.798828125 1084966
1.3427734375 -7.6904296875 -18.798828125 1084967
1.3427734375 -7.6904296875 -18.798828125 1084968
1.3427734375 -7.6904296875 -18.798828125 1085067
17.39501953125 -4.150390625 -10.31494140625 1085068
17.39501953125 -4.150390625 -10.31494140625 1085069
17.39501953125 -4.150390625 -10.31494140625 1085070
17.39501953125 -4.150390625 -10.31494140625 1085071
17.39501953125 -4.150390625 -10.31494140625 1085171
-2.0751953125 7.87353515625 -23.13232421875 1085172
-2.0751953125 7.87353515625 -23.13232421875 1085173
-2.0751953125 7.87353515625 -23.13232421875 1085173
-2.0751953125 7.87353515625 -23.13232421875 1085174
-2.0751953125 7.87353515625 -23.13232421875 1085273
14.22119140625 9.1552734375 -10.43701171875 1085274
14.22119140625 9.1552734375 -10.43701171875 1085275
14.22119140625 9.1552734375 -10.43701171875 1085275
14.22119140625 9.1552734375 -10.43701171875 1085276
9.8876953125 3.5400390625 -8.36181640625 1085343
9.8876953125 3.5400390625 -8.36181640625 1085462
20.99609375 6.9580078125 -19.59228515625 1085464
20.99609375 6.9580078125 -19.59228515625 1085465
20.99609375 6.9580078125 -19.59228515625 1085466
20.99609375 6.9580078125 -19.59228515625 1085467
20.99609375 6.9580078125 -19.59228515625 1085565
21.17919921875 12.20703125 -14.70947265625 1085565
21.17919921875 12.20703125 -14.70947265625 1085566
21.17919921875 12.20703125 -14.70947265625 1085567
21.17919921875 12.20703125 -14.70947265625 1085568
21.17919921875 12.20703125 -14.70947265625 1085693
13.36669921875 6.53076171875 -2.01416015625 1085694
13.36669921875 6.53076171875 -2.01416015625 1085695
13.36669921875 6.53076171875 -2.01416015625 1085696
13.36669921875 6.53076171875 -2.01416015625 1085697
15.56396484375 11.1083984375 -2.62451171875 1085770
15.56396484375 11.1083984375 -2.62451171875 1085873
1.3427734375 3.23486328125 2.01416015625 1085874
1.3427734375 3.23486328125 2.01416015625 1085874
1.3427734375 3.23486328125 2.01416015625 1085875
1.3427734375 3.23486328125 2.01416015625 1085876
-2.3193359375 -1.220703125 -3.0517578125 1085943
-2.3193359375 -1.220703125 -3.0517578125 1086063
-1.5869140625 6.2255859375 -4.82177734375 1086063
-1.5869140625 6.2255859375 -4.82177734375 1086064
-1.5869140625 6.2255859375 -4.82177734375 1086065
-1.5869140625 6.2255859375 -4.82177734375 1086065
-1.5869140625 6.2255859375 -4.82177734375 1086164
-5.7373046875 7.6904296875 -0.9765625 1086165
-5.7373046875 7.6904296875 -0.9765625 1086166
-5.7373046875 7.6904296875 -0.9765625 1086167
-5.7373046875 7.6904296875 -0.9765625 1086167
-5.7373046875 7.6904296875 -0.9765625 1086267
12.20703125 9.1552734375 -7.2021484375 1086268
12.20703125 9.1552734375 -7.2021484375 1086269
12.20703125 9.1552734375 -7.2021484375 1086270
12.20703125 9.1552734375 -7.2021484375 1086270
12.20703125 9.1552734375 -7.2021484375 1086371
12.75634765625 20.263671875 -1.03759765625 1086372
12.75634765625 20.263671875 -1.03759765625 1086373
12.75634765625 20.263671875 -1.03759765625 1086374
12.75634765625 20.263671875 -1.03759765625 1086374
6.77490234375 12.63427734375 3.90625 1086466
6.77490234375 12.63427734375 3.90625 1086550
20.5078125 4.0283203125 -0.79345703125 1086568
20.5078125 4.0283203125 -0.79345703125 1086569
20.5078125 4.0283203125 -0.79345703125 1086570
20.5078125 4.0283203125 -0.79345703125 1086571
20.5078125 4.0283203125 -0.79345703125 1086671
14.2822265625 14.34326171875 8.85009765625 1086672
14.2822265625 14.34326171875 8.85009765625 1086673
14.2822265625 14.34326171875 8.85009765625 1086673
14.2822265625 14.34326171875 8.85009765625 1086674
14.2822265625 14.34326171875 8.85009765625 1086776
0 1.40380859375 2.44140625 1086777
0 1.40380859375 2.44140625 1086778
0 1.40380859375 2.44140625 1086778
0 1.40380859375 2.44140625 1086779
-1.46484375 -6.34765625 -2.0751953125 1086846
-1.46484375 -6.34765625 -2.0751953125 1086964
-3.7841796875 -5.859375 0 1086965
-3.7841796875 -5.859375 0 1086966
-3.7841796875 -5.859375 0 1086966
-3.7841796875 -5.859375 0 1086967
-3.7841796875 -5.859375 0 1087066
5.859375 0.54931640625 1.89208984375 1087069
5.859375 0.54931640625 1.89208984375 1087070
5.859375 0.54931640625 1.89208984375 1087071
5.859375 0.54931640625 1.89208984375 1087071
5.859375 0.54931640625 1.89208984375 1087169
-1.40380859375 -24.47509765625 4.7607421875 1087170
-1.40380859375 -24.47509765625 4.7607421875 1087170
-1.40380859375 -24.47509765625 4.7607421875 1087171
-1.40380859375 -24.47509765625 4.7607421875 1087172
-1.40380859375 -24.47509765625 4.7607421875 1087271
0.91552734375 3.23486328125 2.0751953125 1087272
0.91552734375 3.23486328125 2.0751953125 1087272
0.91552734375 3.23486328125 2.0751953125 1087273
0.91552734375 3.23486328125 2.0751953125 1087274
-3.96728515625 -6.4697265625 1.708984375 1087344
-3.96728515625 -6.4697265625 1.708984375 1087464
-14.83154296875 -18.98193359375 11.41357421875 1087464
-14.83154296875 -18.98193359375 11.41357421875 1087465
-14.83154296875 -18.98193359375 11.41357421875 1087466
-14.83154296875 -18.98193359375 11.41357421875 1087466
-14.83154296875 -18.98193359375 11.41357421875 1087566
-3.84521484375 10.7421875 -6.89697265625 1087567
-3.84521484375 10.7421875 -6.89697265625 1087568
-3.84521484375 10.7421875 -6.89697265625 1087569
-3.84521484375 10.7421875 -6.89697265625 1087570
-3.84521484375 10.7421875 -6.89697265625 1087669
-7.080078125 2.197265625 -6.40869140625 1087670
-7.080078125 2.197265625 -6.40869140625 1087671
-7.080078125 2.197265625 -6.40869140625 1087672
-7.080078125 2.197265625 -6.40869140625 1087672
-7.080078125 2.197265625 -6.40869140625 1087771
-8.85009765625 -0.9765625 0.30517578125 1087772
-8.85009765625 -0.9765625 0.30517578125 1087773
-8.85009765625 -0.9765625 0.30517578125 1087774
-8.85009765625 -0.9765625 0.30517578125 1087775
-8.85009765625 -0.9765625 0.30517578125 1087874
-2.25830078125 -2.62451171875 7.01904296875 1087875
-2.25830078125 -2.62451171875 7.01904296875 1087876
-2.25830078125 -2.62451171875 7.01904296875 1087877
-2.25830078125 -2.62451171875 7.01904296875 1087877
-3.2958984375 -0.18310546875 -3.173828125 1087945
-3.2958984375 -0.18310546875 -3.173828125 1088064
-2.74658203125 -4.150390625 -8.544921875 1088065
-2.74658203125 -4.150390625 -8.544921875 1088066
-2.74658203125 -4.150390625 -8.544921875 1088066
-2.74658203125 -4.150390625 -8.544921875 1088067
-2.74658203125 -4.150390625 -8.544921875 1088165
0.18310546875 0.732421875 0 1088167
0.18310546875 0.732421875 0 1088168
0.18310546875 0.732421875 0 1088171
0.18310546875 0.732421875 0 1088171
0.18310546875 0.732421875 0 1088269
-6.591796875 -6.8359375 2.01416015625 1088269
-6.591796875 -6.8359375 2.01416015625 1088270
-6.591796875 -6.8359375 2.01416015625 1088271
-6.591796875 -6.8359375 2.01416015625 1088272
-6.591796875 -6.8359375 2.01416015625 1088372
3.173828125 4.69970703125 3.2958984375 1088373
3.173828125 4.69970703125 3.2958984375 1088373
3.173828125 4.69970703125 3.2958984375 1088374
3.173828125 4.69970703125 3.2958984375 1088375
3.173828125 4.69970703125 3.2958984375 1088475
2.197265625 3.0517578125 -3.5400390625 1088476
2.197265625 3.0517578125 -3.5400390625 1088477
2.197265625 3.0517578125 -3.5400390625 1088477
2.197265625 3.0517578125 -3.5400390625 1088478
-4.82177734375 -0.06103515625 -0.18310546875 1088544
-4.82177734375 -0.06103515625 -0.18310546875 1088664
-7.32421875 1.40380859375 -3.47900390625 1088665
-7.32421875 1.40380859375 -3.47900390625 1088666
-7.32421875 1.40380859375 -3.47900390625 1088667
-7.32421875 1.40380859375 -3.47900390625 1088668
-7.32421875 1.40380859375 -3.47900390625 1088765
-4.2724609375 -4.5166015625 -0.67138671875 1088765
-4.2724609375 -4.5166015625 -0.67138671875 1088766
-4.2724609375 -4.5166015625 -0.67138671875 1088767
-4.2724609375 -4.5166015625 -0.67138671875 1088768
-4.2724609375 -4.5166015625 -0.67138671875 1088869
9.033203125 3.0517578125 2.62451171875 1088870
9.033203125 3.0517578125 2.62451171875 1088871
9.033203125 3.0517578125 2.62451171875 1088872
9.033203125 3.0517578125 2.62451171875 1088873
9.033203125 3.0517578125 2.62451171875 1088969
-0.91552734375 -4.82177734375 3.96728515625 1088970
-0.91552734375 -4.82177734375 3.96728515625 1088971
-0.91552734375 -4.82177734375 3.96728515625 1088972
-0.91552734375 -4.82177734375 3.96728515625 1088973
-0.91552734375 -4.82177734375 3.96728515625 1089072
1.64794921875 3.173828125 2.9296875 1089073
1.64794921875 3.173828125 2.9296875 1089073
1.64794921875 3.173828125 2.9296875 1089074
1.64794921875 3.173828125 2.9296875 1089075
-6.40869140625 -4.7607421875 -5.4931640625 1089145
-6.40869140625 -4.7607421875 -5.4931640625 1089263
-0.79345703125 2.685546875 2.13623046875 1089264
-0.79345703125 2.685546875 2.13623046875 1089265
-0.79345703125 2.685546875 2.13623046875 1089265
-0.79345703125 2.685546875 2.13623046875 1089266
-0.79345703125 2.685546875 2.13623046875 1089367
-0.6103515625 -0.9765625 -4.45556640625 1089368
-0.6103515625 -0.9765625 -4.45556640625 1089369
-0.6103515625 -0.9765625 -4.45556640625 1089370
-0.6103515625 -0.9765625 -4.45556640625 1089370
-0.6103515625 -0.9765625 -4.45556640625 1089469
2.01416015625 5.06591796875 1.40380859375 1089470
2.01416015625 5.06591796875 1.40380859375 1089471
2.01416015625 5.06591796875 1.40380859375 1089472
2.01416015625 5.06591796875 1.40380859375 1089472
2.01416015625 5.06591796875 1.40380859375 1089572
-1.46484375 -4.39453125 -1.28173828125 1089572
-1.46484375 -4.39453125 -1.28173828125 1089573
-1.46484375 -4.39453125 -1.28173828125 1089574
-1.46484375 -4.39453125 -1.28173828125 1089574
2.99072265625 0.54931640625 2.0751953125 1089665
2.99072265625 0.54931640625 2.0751953125 1089771
-3.11279296875 -1.03759765625 2.25830078125 1089772
-3.11279296875 -1.03759765625 2.25830078125 1089773
-3.11279296875 -1.03759765625 2.25830078125 1089773
-3.11279296875 -1.03759765625 2.25830078125 1089774
-3.11279296875 -1.03759765625 2.25830078125 1089871
-2.44140625 2.197265625 -0.42724609375 1089872
-2.44140625 2.197265625 -0.42724609375 1089872
-2.44140625 2.197265625 -0.42724609375 1089975
-3.0517578125 -0.8544921875 -1.28173828125 1089976
-3.0517578125 -0.8544921875 -1.28173828125 1089977
-3.0517578125 -0.8544921875 -1.28173828125 1089978
-3.0517578125 -0.8544921875 -1.28173828125 1089979
-3.0517578125 -0.8544921875 -1.28173828125 1090076
-4.69970703125 -0.1220703125 -0.1220703125 1090077
-4.69970703125 -0.1220703125 -0.1220703125 1090077
-4.69970703125 -0.1220703125 -0.1220703125 1090078
-4.69970703125 -0.1220703125 -0.1220703125 1090079
-1.77001953125 -0.06103515625 -1.28173828125 1090146
-1.77001953125 -0.06103515625 -1.28173828125 1090265
1.28173828125 3.0517578125 -0.3662109375 1090265
1.28173828125 3.0517578125 -0.3662109375 1090266
1.28173828125 3.0517578125 -0.3662109375 1090267
1.28173828125 3.0517578125 -0.3662109375 1090267
1.28173828125 3.0517578125 -0.3662109375 1090370
-0.67138671875 0.732421875 -3.41796875 1090371
-0.67138671875 0.732421875 -3.41796875 1090371
-0.67138671875 0.732421875 -3.41796875 1090372
-0.67138671875 0.732421875 -3.41796875 1090373
-0.67138671875 0.732421875 -3.41796875 1090470
2.685546875 2.197265625 -1.15966796875 1090470
2.685546875 2.197265625 -1.15966796875 1090572
-2.685546875 -2.8076171875 -4.5166015625 1090573
-2.685546875 -2.8076171875 -4.5166015625 1090574
-2.685546875 -2.8076171875 -4.5166015625 1090575
-2.685546875 -2.8076171875 -4.5166015625 1090576
-2.685546875 -2.8076171875 -4.5166015625 1090675
-1.708984375 -2.99072265625 -1.0986328125 1090675
-1.708984375 -2.99072265625 -1.0986328125 1090676
-1.708984375 -2.99072265625 -1.0986328125 1090677
-1.708984375 -2.99072265625 -1.0986328125 1090678
-7.01904296875 -0.8544921875 -3.41796875 1090745
-7.01904296875 -0.8544921875 -3.41796875 1090857
-6.2255859375 -1.64794921875 -4.0283203125 1090859
-6.2255859375 -1.64794921875 -4.0283203125 1090859
-6.2255859375 -1.64794921875 -4.0283203125 1090860
-6.2255859375 -1.64794921875 -4.0283203125 1090862
2.25830078125 1.52587890625 -1.8310546875 1090970
2.25830078125 1.52587890625 -1.8310546875 1090971
2.25830078125 1.52587890625 -1.8310546875 1090972
2.25830078125 1.52587890625 -1.8310546875 1090973
2.25830078125 1.52587890625 -1.8310546875 1091072
1.89208984375 2.86865234375 1.89208984375 1091073
1.89208984375 2.86865234375 1.89208984375 1091074
1.89208984375 2.86865234375 1.89208984375 1091075
1.89208984375 2.86865234375 1.89208984375 1091075
1.89208984375 2.86865234375 1.89208984375 1091176
-0.06103515625 -2.01416015625 -0.48828125 1091177
-0.06103515625 -2.01416015625 -0.48828125 1091178
-0.06103515625 -2.01416015625 -0.48828125 1091178
-0.06103515625 -2.01416015625 -0.48828125 1091179
-1.0986328125 -2.9296875 -3.2958984375 1091246
-1.0986328125 -2.9296875 -3.2958984375 1091366
-1.40380859375 -0.67138671875 -4.150390625 1091367
-1.40380859375 -0.67138671875 -4.150390625 1091368
-1.40380859375 -0.67138671875 -4.150390625 1091368
-1.40380859375 -0.67138671875 -4.150390625 1091369
-1.40380859375 -0.67138671875 -4.150390625 1091469
0.67138671875 1.03759765625 1.40380859375 1091470
0.67138671875 1.03759765625 1.40380859375 1091470
0.67138671875 1.03759765625 1.40380859375 1091471
0.67138671875 1.03759765625 1.40380859375 1091473
0.67138671875 1.03759765625 1.40380859375 1091572
-2.685546875 1.40380859375 -3.11279296875 1091573
-2.685546875 1.40380859375 -3.11279296875 1091573
-2.685546875 1.40380859375 -3.11279296875 1091574
-2.685546875 1.40380859375 -3.11279296875 1091575
-2.685546875 1.40380859375 -3.11279296875 1091677
-1.64794921875 1.3427734375 -2.38037109375 1091678
-1.64794921875 1.3427734375 -2.38037109375 1091679
-1.64794921875 1.3427734375 -2.38037109375 1091680
-1.64794921875 1.3427734375 -2.38037109375 1091681
-1.64794921875 1.3427734375 -2.38037109375 1091780
0 2.685546875 -3.5400390625 1091781
0 2.685546875 -3.5400390625 1091782
0 2.685546875 -3.5400390625 1091783
0 2.685546875 -3.5400390625 1091783
0.3662109375 2.25830078125 -1.40380859375 1091851
0.3662109375 2.25830078125 -1.40380859375 1091967
0.30517578125 0 -1.64794921875 1091969
0.30517578125 0 -1.64794921875 1091970
0.30517578125 0 -1.64794921875 1091971
0.30517578125 0 -1.64794921875 1091971
0.30517578125 0 -1.64794921875 1092072
-6.591796875 -2.8076171875 -3.72314453125 1092073
-6.591796875 -2.8076171875 -3.72314453125 1092074
-6.591796875 -2.8076171875 -3.72314453125 1092074
-6.591796875 -2.8076171875 -3.72314453125 1092075
-6.591796875 -2.8076171875 -3.72314453125 1092173
-5.31005859375 -1.3427734375 -2.38037109375 1092174
-5.31005859375 -1.3427734375 -2.38037109375 1092175
-5.31005859375 -1.3427734375 -2.38037109375 1092176
-5.31005859375 -1.3427734375 -2.38037109375 1092177
-5.31005859375 -1.3427734375 -2.38037109375 1092277
2.3193359375 2.38037109375 -0.42724609375 1092277
2.3193359375 2.38037109375 -0.42724609375 1092278
2.3193359375 2.38037109375 -0.42724609375 1092279
2.3193359375 2.38037109375 -0.42724609375 1092279
2.3193359375 2.38037109375 -0.42724609375 1092379
0 2.25830078125 -1.15966796875 1092382
0 2.25830078125 -1.15966796875 1092382
0 2.25830078125 -1.15966796875 1092383
0 2.25830078125 -1.15966796875 1092384
-2.9296875 1.15966796875 -0.79345703125 1092449
-2.9296875 1.15966796875 -0.79345703125 1092568
-3.84521484375 0 -1.03759765625 1092569
-3.84521484375 0 -1.03759765625 1092570
-3.84521484375 0 -1.03759765625 1092571
-3.84521484375 0 -1.03759765625 1092572
-3.84521484375 0 -1.03759765625 1092670
-7.32421875 -1.953125 -3.5400390625 1092671
-7.32421875 -1.953125 -3.5400390625 1092672
-7.32421875 -1.953125 -3.5400390625 1092673
-7.32421875 -1.953125 -3.5400390625 1092674
-0.1220703125 0.67138671875 -1.89208984375 1092771
-0.1220703125 0.67138671875 -1.89208984375 1092772
-0.1220703125 0.67138671875 -1.89208984375 1092773
-0.1220703125 0.67138671875 -1.89208984375 1092774
-0.1220703125 0.67138671875 -1.89208984375 1092866
0 1.0986328125 -1.77001953125 1092867
0 1.0986328125 -1.77001953125 1092969
-0.6103515625 0.30517578125 -3.2958984375 1092970
-0.6103515625 0.30517578125 -3.2958984375 1092971
-0.6103515625 0.30517578125 -3.2958984375 1092971
-0.6103515625 0.30517578125 -3.2958984375 1092972
-0.6103515625 0.30517578125 -3.2958984375 1093071
-3.72314453125 -0.6103515625 -3.2958984375 1093072
-3.72314453125 -0.6103515625 -3.2958984375 1093073
-3.72314453125 -0.6103515625 -3.2958984375 1093074
-3.72314453125 -0.6103515625 -3.2958984375 1093075
-3.72314453125 -0.6103515625 -3.2958984375 1093175
5.79833984375 5.55419921875 1.89208984375 1093176
5.79833984375 5.55419921875 1.89208984375 1093178
5.79833984375 5.55419921875 1.89208984375 1093178
5.79833984375 5.55419921875 1.89208984375 1093179
5.79833984375 5.55419921875 1.89208984375 1093276
-4.2724609375 1.953125 -6.04248046875 1093277
-4.2724609375 1.953125 -6.04248046875 1093277
-4.2724609375 1.953125 -6.04248046875 1093379
2.01416015625 2.3193359375 0.79345703125 1093380
2.01416015625 2.3193359375 0.79345703125 1093380
2.01416015625 2.3193359375 0.79345703125 1093381
2.01416015625 2.3193359375 0.79345703125 1093382
-0.9765625 -1.28173828125 -3.41796875 1093450
-0.9765625 -1.28173828125 -3.41796875 1093571
2.9296875 2.01416015625 -2.50244140625 1093572
2.9296875 2.01416015625 -2.50244140625 1093573
2.9296875 2.01416015625 -2.50244140625 1093573
2.9296875 2.01416015625 -2.50244140625 1093574
2.9296875 2.01416015625 -2.50244140625 1093672
-3.7841796875 -0.79345703125 -6.591796875 1093673
-3.7841796875 -0.79345703125 -6.591796875 1093674
-3.7841796875 -0.79345703125 -6.591796875 1093674
-3.7841796875 -0.79345703125 -6.591796875 1093675
-3.7841796875 -0.79345703125 -6.591796875 1093776
-1.15966796875 -0.79345703125 -1.77001953125 1093777
-1.15966796875 -0.79345703125 -1.77001953125 1093777
-1.15966796875 -0.79345703125 -1.77001953125 1093778
-1.15966796875 -0.79345703125 -1.77001953125 1093779
-1.15966796875 -0.79345703125 -1.77001953125 1093879
-1.89208984375 1.3427734375 -2.86865234375 1093879
-1.89208984375 1.3427734375 -2.86865234375 1093880
-1.89208984375 1.3427734375 -2.86865234375 1093881
-1.89208984375 1.3427734375 -2.86865234375 1093882
-3.72314453125 0.67138671875 -2.62451171875 1093948
-3.72314453125 0.67138671875 -2.62451171875 1094076
-3.35693359375 0.18310546875 -1.220703125 1094076
-3.35693359375 0.18310546875 -1.220703125 1094077
-3.35693359375 0.18310546875 -1.220703125 1094078
-3.35693359375 0.18310546875 -1.220703125 1094078
-1.03759765625 0.67138671875 -1.64794921875 1094172
-1.03759765625 0.67138671875 -1.64794921875 1094275
-0.30517578125 -0.67138671875 -0.48828125 1094276
-0.30517578125 -0.67138671875 -0.48828125 1094277
-0.30517578125 -0.67138671875 -0.48828125 1094278
-0.30517578125 -0.67138671875 -0.48828125 1094279
-0.30517578125 -0.67138671875 -0.48828125 1094378
0.3662109375 1.28173828125 -4.45556640625 1094378
0.3662109375 1.28173828125 -4.45556640625 1094379
0.3662109375 1.28173828125 -4.45556640625 1094380
0.3662109375 1.28173828125 -4.45556640625 1094381
0.1220703125 1.8310546875 -1.708984375 1094448
0.1220703125 1.8310546875 -1.708984375 1094567
-3.84521484375 -1.953125 -3.173828125 1094568
-3.84521484375 -1.953125 -3.173828125 1094569
-3.84521484375 -1.953125 -3.173828125 1094570
-3.84521484375 -1.953125 -3.173828125 1094571
-3.84521484375 -1.953125 -3.173828125 1094670
-1.89208984375 -0.06103515625 -3.23486328125 1094671
-1.89208984375 -0.06103515625 -3.23486328125 1094672
-1.89208984375 -0.06103515625 -3.23486328125 1094672
-1.89208984375 -0.06103515625 -3.23486328125 1094673
-3.35693359375 0.30517578125 -1.0986328125 1094773
-3.35693359375 0.30517578125 -1.0986328125 1094774
-3.35693359375 0.30517578125 -1.0986328125 1094775
-3.35693359375 0.30517578125 -1.0986328125 1094775
-3.35693359375 0.30517578125 -1.0986328125 1094875
1.953125 1.953125 -1.8310546875 1094876
1.953125 1.953125 -1.8310546875 1094877
1.953125 1.953125 -1.8310546875 1094877
1.953125 1.953125 -1.8310546875 1094878
1.953125 1.953125 -1.8310546875 1094979
-4.94384765625 -8.11767578125 -8.056640625 1094980
-4.94384765625 -8.11767578125 -8.056640625 1094980
-4.94384765625 -8.11767578125 -8.056640625 1094981
-4.94384765625 -8.11767578125 -8.056640625 1094981
0.79345703125 -1.3427734375 -5.9814453125 1095049
0.79345703125 -1.3427734375 -5.9814453125 1095168
1.46484375 1.28173828125 0.54931640625 1095169
1.46484375 1.28173828125 0.54931640625 1095170
1.46484375 1.28173828125 0.54931640625 1095170
1.46484375 1.28173828125 0.54931640625 1095171
1.46484375 1.28173828125 0.54931640625 1095271
0.48828125 0.91552734375 0.30517578125 1095272
0.48828125 0.91552734375 0.30517578125 1095272
0.48828125 0.91552734375 0.30517578125 1095273
0.48828125 0.91552734375 0.30517578125 1095274
0.48828125 0.91552734375 0.30517578125 1095375
0.42724609375 0.54931640625 -7.38525390625 1095375
0.42724609375 0.54931640625 -7.38525390625 1095376
0.42724609375 0.54931640625 -7.38525390625 1095377
0.42724609375 0.54931640625 -7.38525390625 1095378
0.42724609375 0.54931640625 -7.38525390625 1095476
-7.50732421875 -0.732421875 -9.21630859375 1095477
-7.50732421875 -0.732421875 -9.21630859375 1095477
-7.50732421875 -0.732421875 -9.21630859375 1095478
-7.50732421875 -0.732421875 -9.21630859375 1095479
-7.50732421875 -0.732421875 -9.21630859375 1095578
-6.40869140625 -3.11279296875 -8.4228515625 1095579
-6.40869140625 -3.11279296875 -8.4228515625 1095580
-6.40869140625 -3.11279296875 -8.4228515625 1095581
-6.40869140625 -3.11279296875 -8.4228515625 1095581
-8.23974609375 -2.5634765625 -11.1083984375 1095649
-8.23974609375 -2.5634765625 -11.1083984375 1095769
-3.84521484375 -1.89208984375 -10.009765625 1095770
-3.84521484375 -1.89208984375 -10.009765625 1095771
-3.84521484375 -1.89208984375 -10.009765625 1095772
-3.84521484375 -1.89208984375 -10.009765625 1095773
-3.84521484375 -1.89208984375 -10.009765625 1095871
-3.0517578125 2.38037109375 -11.65771484375 1095871
-3.0517578125 2.38037109375 -11.65771484375 1095872
-3.0517578125 2.38037109375 -11.65771484375 1095873
-3.0517578125 2.38037109375 -11.65771484375 1095873
-3.0517578125 2.38037109375 -11.65771484375 1095971
-3.173828125 -13.18359375 -13.671875 1095972
-3.173828125 -13.18359375 -13.671875 1095973
-3.173828125 -13.18359375 -13.671875 1095974
-3.173828125 -13.18359375 -13.671875 1095975
-10.43701171875 -3.662109375 -19.1650390625 1096067
-10.43701171875 -3.662109375 -19.1650390625 1096168
-11.53564453125 -58.349609375 -3.47900390625 1096169
-11.53564453125 -58.349609375 -3.47900390625 1096170
-11.53564453125 -58.349609375 -3.47900390625 1096170
-11.53564453125 -58.349609375 -3.47900390625 1096171
-11.53564453125 -58.349609375 -3.47900390625 1096274
9.3994140625 2.50244140625 -21.17919921875 1096275
9.3994140625 2.50244140625 -21.17919921875 1096275
9.3994140625 2.50244140625 -21.17919921875 1096276
9.3994140625 2.50244140625 -21.17919921875 1096277
6.16455078125 -16.90673828125 -2.197265625 1096373
6.16455078125 -16.90673828125 -2.197265625 1096476
-8.72802734375 -54.19921875 16.9677734375 1096477
-8.72802734375 -54.19921875 16.9677734375 1096477
-8.72802734375 -54.19921875 16.9677734375 1096478
-8.72802734375 -54.19921875 16.9677734375 1096479
-8.72802734375 -54.19921875 16.9677734375 1096580
3.90625 -0.244140625 -5.92041015625 1096581
3.90625 -0.244140625 -5.92041015625 1096582
3.90625 -0.244140625 -5.92041015625 1096582
3.90625 -0.244140625 -5.92041015625 1096584
2.0751953125 15.44189453125 -8.30078125 1096651
2.0751953125 15.44189453125 -8.30078125 1096771
6.77490234375 45.71533203125 -9.58251953125 1096772
6.77490234375 45.71533203125 -9.58251953125 1096773
6.77490234375 45.71533203125 -9.58251953125 1096773
6.77490234375 45.71533203125 -9.58251953125 1096774
6.77490234375 45.71533203125 -9.58251953125 1096893
24.4140625 55.48095703125 -13.671875 1096894
24.4140625 55.48095703125 -13.671875 1096895
24.4140625 55.48095703125 -13.671875 1096895
24.4140625 55.48095703125 -13.671875 1096896
48.095703125 156.3720703125 -69.3359375 1096975
48.095703125 156.3720703125 -69.3359375 1097080
3.72314453125 -20.56884765625 15.56396484375 1097081
3.72314453125 -20.56884765625 15.56396484375 1097082
3.72314453125 -20.56884765625 15.56396484375 1097083
3.72314453125 -20.56884765625 15.56396484375 1097084
3.72314453125 -20.56884765625 15.56396484375 1097180
-22.4609375 2.9296875 2.44140625 1097181
-22.4609375 2.9296875 2.44140625 1097181
-1.15966796875 4.82177734375 2.3193359375 1097252
-1.15966796875 4.82177734375 2.3193359375 1097253
-1.15966796875 4.82177734375 2.3193359375 1097253
-1.15966796875 4.82177734375 2.3193359375 1097371
9.521484375 17.333984375 -6.53076171875 1097372
9.521484375 17.333984375 -6.53076171875 1097373
9.521484375 17.333984375 -6.53076171875 1097373
9.521484375 17.333984375 -6.53076171875 1097374
9.521484375 17.333984375 -6.53076171875 1097472
15.7470703125 73.79150390625 -9.27734375 1097473
15.7470703125 73.79150390625 -9.27734375 1097473
15.7470703125 73.79150390625 -9.27734375 1097475
15.7470703125 73.79150390625 -9.27734375 1097476
15.7470703125 73.79150390625 -9.27734375 1097574
0.54931640625 31.3720703125 6.77490234375 1097575
0.54931640625 31.3720703125 6.77490234375 1097576
0.54931640625 31.3720703125 6.77490234375 1097576
0.54931640625 31.3720703125 6.77490234375 1097577
0.54931640625 31.3720703125 6.77490234375 1097678
-1.89208984375 37.53662109375 -2.8076171875 1097679
-1.89208984375 37.53662109375 -2.8076171875 1097680
-1.89208984375 37.53662109375 -2.8076171875 1097681
-1.89208984375 37.53662109375 -2.8076171875 1097681
-1.89208984375 37.53662109375 -2.8076171875 1097779
7.38525390625 46.32568359375 -21.17919921875 1097780
7.38525390625 46.32568359375 -21.17919921875 1097783
7.38525390625 46.32568359375 -21.17919921875 1097784
7.38525390625 46.32568359375 -21.17919921875 1097785
-3.60107421875 -2.50244140625 9.21630859375 1097851
-3.60107421875 -2.50244140625 9.21630859375 1097971
4.0283203125 17.9443359375 -8.60595703125 1097972
4.0283203125 17.9443359375 -8.60595703125 1097973
4.0283203125 17.9443359375 -8.60595703125 1097974
4.0283203125 17.9443359375 -8.60595703125 1097974
4.0283203125 17.9443359375 -8.60595703125 1098072
-0.6103515625 26.0009765625 -8.9111328125 1098073
-0.6103515625 26.0009765625 -8.9111328125 1098073
-0.6103515625 26.0009765625 -8.9111328125 1098075
-0.6103515625 26.0009765625 -8.9111328125 1098076
-1.8310546875 16.29638671875 3.0517578125 1098176
-1.8310546875 16.29638671875 3.0517578125 1098177
-1.8310546875 16.29638671875 3.0517578125 1098178
-1.8310546875 16.29638671875 3.0517578125 1098180
-1.8310546875 16.29638671875 3.0517578125 1098278
-6.2255859375 -0.9765625 -5.859375 1098302
-6.2255859375 -0.9765625 -5.859375 1098302
-6.2255859375 -0.9765625 -5.859375 1098303
-6.2255859375 -0.9765625 -5.859375 1098304
-6.2255859375 -0.9765625 -5.859375 1098380
12.5732421875 39.61181640625 -17.63916015625 1098381
-2.74658203125 41.748046875 -14.95361328125 1098451
-2.74658203125 41.748046875 -14.95361328125 1098452
-2.74658203125 41.748046875 -14.95361328125 1098453
-2.74658203125 41.748046875 -14.95361328125 1098454
-2.74658203125 41.748046875 -14.95361328125 1098573
-1.77001953125 25.20751953125 -8.97216796875 1098574
-1.77001953125 25.20751953125 -8.97216796875 1098575
-1.77001953125 25.20751953125 -8.97216796875 1098575
-1.77001953125 25.20751953125 -8.97216796875 1098576
-1.77001953125 25.20751953125 -8.97216796875 1098673
-3.662109375 2.197265625 4.33349609375 1098674
-3.662109375 2.197265625 4.33349609375 1098674
-3.662109375 2.197265625 4.33349609375 1098775
-10.80322265625 -30.8837890625 8.60595703125 1098776
-10.80322265625 -30.8837890625 8.60595703125 1098777
-10.80322265625 -30.8837890625 8.60595703125 1098778
-10.80322265625 -30.8837890625 8.60595703125 1098779
-10.80322265625 -30.8837890625 8.60595703125 1098880
-9.94873046875 -20.93505859375 1.46484375 1098882
-9.94873046875 -20.93505859375 1.46484375 1098883
-9.94873046875 -20.93505859375 1.46484375 1098884
-9.94873046875 -20.93505859375 1.46484375 1098885
-9.94873046875 -20.93505859375 1.46484375 1098980
-1.64794921875 21.97265625 -13.24462890625 1098981
-8.36181640625 5.4931640625 6.8359375 1099051
-8.36181640625 5.4931640625 6.8359375 1099052
-8.36181640625 5.4931640625 6.8359375 1099053
-8.36181640625 5.4931640625 6.8359375 1099053
-8.36181640625 5.4931640625 6.8359375 1099172
6.40869140625 5.79833984375 0.54931640625 1099173
6.40869140625 5.79833984375 0.54931640625 1099173
6.40869140625 5.79833984375 0.54931640625 1099174
6.40869140625 5.79833984375 0.54931640625 1099175
4.33349609375 20.1416015625 -3.84521484375 1099264
4.33349609375 20.1416015625 -3.84521484375 1099357
-12.6953125 2.197265625 -15.2587890625 1099358
-12.6953125 2.197265625 -15.2587890625 1099358
-12.6953125 2.197265625 -15.2587890625 1099359
-12.6953125 2.197265625 -15.2587890625 1099359
-12.6953125 2.197265625 -15.2587890625 1099472
2.5634765625 -15.31982421875 17.4560546875 1099473
2.5634765625 -15.31982421875 17.4560546875 1099474
2.5634765625 -15.31982421875 17.4560546875 1099475
2.5634765625 -15.31982421875 17.4560546875 1099476
2.5634765625 -15.31982421875 17.4560546875 1099573
21.30126953125 10.498046875 -1.5869140625 1099574
21.30126953125 10.498046875 -1.5869140625 1099575
21.30126953125 10.498046875 -1.5869140625 1099575
21.30126953125 10.498046875 -1.5869140625 1099576
21.30126953125 10.498046875 -1.5869140625 1099677
-2.01416015625 -4.33349609375 8.056640625 1099677
-2.01416015625 -4.33349609375 8.056640625 1099678
-2.01416015625 -4.33349609375 8.056640625 1099679
-2.01416015625 -4.33349609375 8.056640625 1099680
-2.01416015625 -4.33349609375 8.056640625 1099778
-20.8740234375 -56.640625 2.62451171875 1099779
-20.8740234375 -56.640625 2.62451171875 1099780
-20.8740234375 -56.640625 2.62451171875 1099780
-20.8740234375 -56.640625 2.62451171875 1099781
-20.8740234375 -56.640625 2.62451171875 1099882
-60.85205078125 -112.548828125 26.06201171875 1099883
-60.85205078125 -112.548828125 26.06201171875 1099884
-60.85205078125 -112.548828125 26.06201171875 1099885
-60.85205078125 -112.548828125 26.06201171875 1099885
-53.77197265625 -86.24267578125 32.53173828125 1099951
-53.77197265625 -86.24267578125 32.53173828125 1100065
-23.8037109375 -26.30615234375 23.92578125 1100066
-23.8037109375 -26.30615234375 23.92578125 1100067
-23.8037109375 -26.30615234375 23.92578125 1100068
-23.8037109375 -26.30615234375 23.92578125 1100069
-23.8037109375 -26.30615234375 23.92578125 1100176
-7.080078125 -1.5869140625 6.103515625 1100177
-7.080078125 -1.5869140625 6.103515625 1100178
-7.080078125 -1.5869140625 6.103515625 1100179
-7.080078125 -1.5869140625 6.103515625 1100180
43.0908203125 77.63671875 3.84521484375 1100274
43.0908203125 77.63671875 3.84521484375 1100377
16.17431640625 21.66748046875 14.0380859375 1100378
16.17431640625 21.66748046875 14.0380859375 1100379
16.17431640625 21.66748046875 14.0380859375 1100380
16.17431640625 21.66748046875 14.0380859375 1100380
16.17431640625 21.66748046875 14.0380859375 1100483
20.01953125 32.04345703125 18.4326171875 1100484
20.01953125 32.04345703125 18.4326171875 1100485
20.01953125 32.04345703125 18.4326171875 1100486
20.01953125 32.04345703125 18.4326171875 1100487
20.01953125 32.04345703125 18.4326171875 1100584
1.3427734375 27.89306640625 -5.7373046875 1100584
1.3427734375 27.89306640625 -5.7373046875 1100585
-18.49365234375 -25.20751953125 -17.15087890625 1100653
-18.49365234375 -25.20751953125 -17.15087890625 1100654
-18.49365234375 -25.20751953125 -17.15087890625 1100654
-18.49365234375 -25.20751953125 -17.15087890625 1100776
-5.79833984375 3.90625 6.8359375 1100777
-5.79833984375 3.90625 6.8359375 1100778
-5.79833984375 3.90625 6.8359375 1100779
-5.79833984375 3.90625 6.8359375 1100779
5.4931640625 19.04296875 5.615234375 1100875
5.4931640625 19.04296875 5.615234375 1100978
6.40869140625 11.8408203125 3.11279296875 1100979
6.40869140625 11.8408203125 3.11279296875 1100980
6.40869140625 11.8408203125 3.11279296875 1100981
6.40869140625 11.8408203125 3.11279296875 1100981
6.40869140625 11.8408203125 3.11279296875 1101082
7.6904296875 -10.68115234375 -0.3662109375 1101084
7.6904296875 -10.68115234375 -0.3662109375 1101085
7.6904296875 -10.68115234375 -0.3662109375 1101086
7.6904296875 -10.68115234375 -0.3662109375 1101087
7.6904296875 -10.68115234375 -0.3662109375 1101183
10.3759765625 12.02392578125 6.8359375 1101184
10.3759765625 12.02392578125 6.8359375 1101185
10.3759765625 12.02392578125 6.8359375 1101186
10.3759765625 12.02392578125 6.8359375 1101186
1.52587890625 -16.90673828125 11.90185546875 1101253
1.52587890625 -16.90673828125 11.90185546875 1101397
-2.86865234375 -26.9775390625 5.4931640625 1101398
-2.86865234375 -26.9775390625 5.4931640625 1101399
-2.86865234375 -26.9775390625 5.4931640625 1101400
-2.86865234375 -26.9775390625 5.4931640625 1101401
-31.73828125 -100.2197265625 34.48486328125 1101475
-31.73828125 -100.2197265625 34.48486328125 1101577
-21.91162109375 -39.73388671875 -9.70458984375 1101578
-21.91162109375 -39.73388671875 -9.70458984375 1101579
-21.91162109375 -39.73388671875 -9.70458984375 1101580
-21.91162109375 -39.73388671875 -9.70458984375 1101581
-21.91162109375 -39.73388671875 -9.70458984375 1101681
-21.240234375 -52.06298828125 10.3759765625 1101681
-21.240234375 -52.06298828125 10.3759765625 1101682
-21.240234375 -52.06298828125 10.3759765625 1101683
-21.240234375 -52.06298828125 10.3759765625 1101684
-21.240234375 -52.06298828125 10.3759765625 1101784
-17.578125 -20.5078125 -1.15966796875 1101785
-17.578125 -20.5078125 -1.15966796875 1101786
-17.578125 -20.5078125 -1.15966796875 1101787
-17.578125 -20.5078125 -1.15966796875 1101788
-14.09912109375 9.58251953125 -4.82177734375 1101853
-14.09912109375 9.58251953125 -4.82177734375 1101973
-4.33349609375 -1.77001953125 -7.99560546875 1101974
-4.33349609375 -1.77001953125 -7.99560546875 1101975
-4.33349609375 -1.77001953125 -7.99560546875 1101975
-4.33349609375 -1.77001953125 -7.99560546875 1101976
-4.33349609375 -1.77001953125 -7.99560546875 1102078
-1.89208984375 -4.94384765625 -1.52587890625 1102079
-1.89208984375 -4.94384765625 -1.52587890625 1102080
-1.89208984375 -4.94384765625 -1.52587890625 1102081
-1.89208984375 -4.94384765625 -1.52587890625 1102081
-9.58251953125 1.3427734375 1.03759765625 1102177
-9.58251953125 1.3427734375 1.03759765625 1102282
-0.30517578125 -6.16455078125 -8.1787109375 1102283
-0.30517578125 -6.16455078125 -8.1787109375 1102283
-0.30517578125 -6.16455078125 -8.1787109375 1102284
-0.30517578125 -6.16455078125 -8.1787109375 1102285
-10.8642578125 -12.75634765625 -0.3662109375 1102377
-10.8642578125 -12.75634765625 -0.3662109375 1102460
0.18310546875 4.94384765625 -5.37109375 1102461
0.18310546875 4.94384765625 -5.37109375 1102462
0.18310546875 4.94384765625 -5.37109375 1102463
0.18310546875 4.94384765625 -5.37109375 1102464
0.18310546875 4.94384765625 -5.37109375 1102566
-2.13623046875 4.39453125 -0.6103515625 1102567
-2.13623046875 4.39453125 -0.6103515625 1102567
-2.13623046875 4.39453125 -0.6103515625 1102568
-2.13623046875 4.39453125 -0.6103515625 1102569
-2.13623046875 4.39453125 -0.6103515625 1102681
-6.591796875 -0.244140625 -1.708984375 1102683
-6.591796875 -0.244140625 -1.708984375 1102684
-6.591796875 -0.244140625 -1.708984375 1102685
-6.591796875 -0.244140625 -1.708984375 1102686
-1.40380859375 -0.67138671875 -4.150390625 1102779
-1.40380859375 -0.67138671875 -4.150390625 1102882
-0.8544921875 -2.3193359375 3.72314453125 1102883
-0.8544921875 -2.3193359375 3.72314453125 1102884
-0.8544921875 -2.3193359375 3.72314453125 1102885
-0.8544921875 -2.3193359375 3.72314453125 1102886
-0.8544921875 -2.3193359375 3.72314453125 1102985
-3.60107421875 -4.2724609375 -2.38037109375 1102986
-3.60107421875 -4.2724609375 -2.38037109375 1102987
-3.60107421875 -4.2724609375 -2.38037109375 1102988
-3.60107421875 -4.2724609375 -2.38037109375 1102989
-1.64794921875 -5.615234375 -3.23486328125 1103057
-1.64794921875 -5.615234375 -3.23486328125 1103175
-0.244140625 4.150390625 -3.96728515625 1103176
-0.244140625 4.150390625 -3.96728515625 1103177
-0.244140625 4.150390625 -3.96728515625 1103177
-0.244140625 4.150390625 -3.96728515625 1103178
-0.244140625 4.150390625 -3.96728515625 1103279
-5.06591796875 -1.15966796875 -3.90625 1103280
-5.06591796875 -1.15966796875 -3.90625 1103281
-5.06591796875 -1.15966796875 -3.90625 1103281
-5.06591796875 -1.15966796875 -3.90625 1103282
-5.2490234375 -2.13623046875 -1.3427734375 1103354
-5.2490234375 -2.13623046875 -1.3427734375 1103474
-1.953125 -0.8544921875 -5.2490234375 1103475
-1.953125 -0.8544921875 -5.2490234375 1103475
-1.953125 -0.8544921875 -5.2490234375 1103476
-1.953125 -0.8544921875 -5.2490234375 1103477
-1.953125 -0.8544921875 -5.2490234375 1103584
5.126953125 3.23486328125 -7.14111328125 1103585
5.126953125 3.23486328125 -7.14111328125 1103586
5.126953125 3.23486328125 -7.14111328125 1103587
5.126953125 3.23486328125 -7.14111328125 1103588
-1.5869140625 5.2490234375 6.8359375 1103680
-1.5869140625 5.2490234375 6.8359375 1103783
-2.5634765625 -0.6103515625 -2.685546875 1103784
-2.5634765625 -0.6103515625 -2.685546875 1103785
-2.5634765625 -0.6103515625 -2.685546875 1103785
-2.5634765625 -0.6103515625 -2.685546875 1103786
0.91552734375 -7.4462890625 -6.77490234375 1103854
0.91552734375 -7.4462890625 -6.77490234375 1103984
0.18310546875 2.44140625 -2.99072265625 1103986
0.18310546875 2.44140625 -2.99072265625 1103987
0.18310546875 2.44140625 -2.99072265625 1103988
0.18310546875 2.44140625 -2.99072265625 1103989
1.5869140625 4.2724609375 0.30517578125 1104075
1.5869140625 4.2724609375 0.30517578125 1104201
-0.8544921875 2.0751953125 -1.15966796875 1104202
-0.8544921875 2.0751953125 -1.15966796875 1104202
-0.8544921875 2.0751953125 -1.15966796875 1104203
-0.8544921875 2.0751953125 -1.15966796875 1104204
-1.28173828125 -1.46484375 0.1220703125 1104288
-1.28173828125 -1.46484375 0.1220703125 1104387
-1.0986328125 0.67138671875 -8.23974609375 1104388
-1.0986328125 0.67138671875 -8.23974609375 1104389
-1.0986328125 0.67138671875 -8.23974609375 1104389
-1.0986328125 0.67138671875 -8.23974609375 1104390
3.47900390625 0.8544921875 -0.30517578125 1104457
3.47900390625 0.8544921875 -0.30517578125 1104568
-0.91552734375 3.2958984375 -2.99072265625 1104578
-0.91552734375 3.2958984375 -2.99072265625 1104578
-0.91552734375 3.2958984375 -2.99072265625 1104579
-0.91552734375 3.2958984375 -2.99072265625 1104580
-0.91552734375 3.2958984375 -2.99072265625 1104678
0 -0.3662109375 -2.01416015625 1104679
0 -0.3662109375 -2.01416015625 1104680
0 -0.3662109375 -2.01416015625 1104680
0 -0.3662109375 -2.01416015625 1104681
0 -0.3662109375 -2.01416015625 1104781
0.18310546875 -0.06103515625 -0.244140625 1104782
0.18310546875 -0.06103515625 -0.244140625 1104782
0.18310546875 -0.06103515625 -0.244140625 1104783
0.18310546875 -0.06103515625 -0.244140625 1104784
0.18310546875 -0.06103515625 -0.244140625 1104883
-4.21142578125 1.03759765625 -3.60107421875 1104883
-4.21142578125 1.03759765625 -3.60107421875 1104884
-4.21142578125 1.03759765625 -3.60107421875 1104885
-4.21142578125 1.03759765625 -3.60107421875 1104886
-4.21142578125 1.03759765625 -3.60107421875 1104988
-2.38037109375 -3.0517578125 -3.60107421875 1104989
-2.38037109375 -3.0517578125 -3.60107421875 1104989
-2.38037109375 -3.0517578125 -3.60107421875 1104990
-2.38037109375 -3.0517578125 -3.60107421875 1104991
1.89208984375 3.72314453125 2.38037109375 1105057
1.89208984375 3.72314453125 2.38037109375 1105176
-1.28173828125 4.150390625 -2.13623046875 1105176
-1.28173828125 4.150390625 -2.13623046875 1105177
-1.28173828125 4.150390625 -2.13623046875 1105178
-1.28173828125 4.150390625 -2.13623046875 1105178
-1.28173828125 4.150390625 -2.13623046875 1105278
1.8310546875 -0.732421875 -4.2724609375 1105279
1.8310546875 -0.732421875 -4.2724609375 1105280
1.8310546875 -0.732421875 -4.2724609375 1105281
1.8310546875 -0.732421875 -4.2724609375 1105281
1.8310546875 -0.732421875 -4.2724609375 1105381
0.1220703125 -0.42724609375 -5.79833984375 1105382
0.1220703125 -0.42724609375 -5.79833984375 1105382
0.1220703125 -0.42724609375 -5.79833984375 1105383
0.1220703125 -0.42724609375 -5.79833984375 1105384
0.1220703125 -0.42724609375 -5.79833984375 1105489
-3.11279296875 0.244140625 1.52587890625 1105490
-3.11279296875 0.244140625 1.52587890625 1105491
-3.11279296875 0.244140625 1.52587890625 1105492
-3.11279296875 0.244140625 1.52587890625 1105492
-0.67138671875 -2.99072265625 -1.5869140625 1105588
-0.67138671875 -2.99072265625 -1.5869140625 1105662
-0.48828125 1.3427734375 -5.06591796875 1105665
-0.48828125 1.3427734375 -5.06591796875 1105666
-0.48828125 1.3427734375 -5.06591796875 1105667
-0.48828125 1.3427734375 -5.06591796875 1105668
-0.48828125 1.3427734375 -5.06591796875 1105776
-0.732421875 5.0048828125 5.18798828125 1105777
-0.732421875 5.0048828125 5.18798828125 1105777
-0.732421875 5.0048828125 5.18798828125 1105778
-0.732421875 5.0048828125 5.18798828125 1105779
-0.732421875 5.0048828125 5.18798828125 1105879
-0.732421875 -3.11279296875 -7.01904296875 1105882
-0.732421875 -3.11279296875 -7.01904296875 1105883
-0.732421875 -3.11279296875 -7.01904296875 1105884
-0.732421875 -3.11279296875 -7.01904296875 1105885
-0.732421875 -3.11279296875 -7.01904296875 1105982
-2.685546875 1.0986328125 -1.5869140625 1105983
-2.685546875 1.0986328125 -1.5869140625 1105983
-2.685546875 1.0986328125 -1.5869140625 1105984
-2.685546875 1.0986328125 -1.5869140625 1105985
-2.685546875 1.0986328125 -1.5869140625 1106084
1.52587890625 3.5400390625 0.18310546875 1106085
1.52587890625 3.5400390625 0.18310546875 1106085
1.52587890625 3.5400390625 0.18310546875 1106087
1.52587890625 3.5400390625 0.18310546875 1106088
1.52587890625 3.5400390625 0.18310546875 1106187
5.126953125 1.77001953125 -7.01904296875 1106188
5.126953125 1.77001953125 -7.01904296875 1106189
5.126953125 1.77001953125 -7.01904296875 1106190
5.126953125 1.77001953125 -7.01904296875 1106190
-1.3427734375 2.25830078125 -1.220703125 1106258
-1.3427734375 2.25830078125 -1.220703125 1106378
-5.126953125 -0.30517578125 -0.42724609375 1106379
-5.126953125 -0.30517578125 -0.42724609375 1106380
-5.126953125 -0.30517578125 -0.42724609375 1106381
-5.126953125 -0.30517578125 -0.42724609375 1106382
-5.126953125 -0.30517578125 -0.42724609375 1106510
-2.44140625 4.82177734375 -4.2724609375 1106510
-2.44140625 4.82177734375 -4.2724609375 1106511
-2.44140625 4.82177734375 -4.2724609375 1106512
-2.44140625 4.82177734375 -4.2724609375 1106512
-0.67138671875 1.953125 -3.72314453125 1106586
-0.67138671875 1.953125 -3.72314453125 1106656
0.91552734375 3.0517578125 3.96728515625 1106657
0.91552734375 3.0517578125 3.96728515625 1106658
0.91552734375 3.0517578125 3.96728515625 1106659
0.91552734375 3.0517578125 3.96728515625 1106659
0.91552734375 3.0517578125 3.96728515625 1106778
-3.662109375 1.8310546875 -1.40380859375 1106779
-3.662109375 1.8310546875 -1.40380859375 1106780
-3.662109375 1.8310546875 -1.40380859375 1106781
-3.662109375 1.8310546875 -1.40380859375 1106782
-3.662109375 1.8310546875 -1.40380859375 1106880
2.5634765625 -3.90625 -6.2255859375 1106881
2.5634765625 -3.90625 -6.2255859375 1106882
2.5634765625 -3.90625 -6.2255859375 1106883
2.5634765625 -3.90625 -6.2255859375 1106884
2.5634765625 -3.90625 -6.2255859375 1106983
1.28173828125 2.62451171875 -3.47900390625 1106984
1.28173828125 2.62451171875 -3.47900390625 1106985
1.28173828125 2.62451171875 -3.47900390625 1106986
1.28173828125 2.62451171875 -3.47900390625 1106987
1.28173828125 2.62451171875 -3.47900390625 1107083
3.72314453125 6.40869140625 -0.91552734375 1107084
3.72314453125 6.40869140625 -0.91552734375 1107188
-2.9296875 -1.0986328125 -5.0048828125 1107189
-2.9296875 -1.0986328125 -5.0048828125 1107190
-2.9296875 -1.0986328125 -5.0048828125 1107191
-2.9296875 -1.0986328125 -5.0048828125 1107192
-4.82177734375 -2.25830078125 -1.15966796875 1107257
-4.82177734375 -2.25830078125 -1.15966796875 1107378
3.35693359375 -0.30517578125 -1.77001953125 1107378
3.35693359375 -0.30517578125 -1.77001953125 1107379
3.35693359375 -0.30517578125 -1.77001953125 1107380
3.35693359375 -0.30517578125 -1.77001953125 1107380
3.35693359375 -0.30517578125 -1.77001953125 1107478
2.01416015625 2.0751953125 -3.35693359375 1107479
2.01416015625 2.0751953125 -3.35693359375 1107480
2.01416015625 2.0751953125 -3.35693359375 1107481
2.01416015625 2.0751953125 -3.35693359375 1107481
-2.13623046875 2.25830078125 2.0751953125 1107586
-2.13623046875 2.25830078125 2.0751953125 1107587
-2.13623046875 2.25830078125 2.0751953125 1107588
-2.13623046875 2.25830078125 2.0751953125 1107588
-2.13623046875 2.25830078125 2.0751953125 1107684
-0.244140625 0.48828125 -4.21142578125 1107685
-7.38525390625 -3.23486328125 -6.40869140625 1107758
-7.38525390625 -3.23486328125 -6.40869140625 1107759
-7.38525390625 -3.23486328125 -6.40869140625 1107760
-7.38525390625 -3.23486328125 -6.40869140625 1107761
-7.38525390625 -3.23486328125 -6.40869140625 1107876
0 2.0751953125 -1.15966796875 1107877
0 2.0751953125 -1.15966796875 1107878
0 2.0751953125 -1.15966796875 1107878
0 2.0751953125 -1.15966796875 1107879
0 2.0751953125 -1.15966796875 1107981
1.52587890625 1.5869140625 -0.8544921875 1107982
1.52587890625 1.5869140625 -0.8544921875 1107983
1.52587890625 1.5869140625 -0.8544921875 1107984
1.52587890625 1.5869140625 -0.8544921875 1107985
-2.13623046875 2.50244140625 3.23486328125 1108080
-2.13623046875 2.50244140625 3.23486328125 1108191
-0.48828125 -1.28173828125 -4.45556640625 1108192
-0.48828125 -1.28173828125 -4.45556640625 1108192
-0.48828125 -1.28173828125 -4.45556640625 1108193
-0.48828125 -1.28173828125 -4.45556640625 1108194
-3.72314453125 -1.708984375 -6.103515625 1108258
-3.72314453125 -1.708984375 -6.103515625 1108379
0.244140625 4.2724609375 -4.7607421875 1108380
0.244140625 4.2724609375 -4.7607421875 1108380
0.244140625 4.2724609375 -4.7607421875 1108381
0.244140625 4.2724609375 -4.7607421875 1108382
0.732421875 2.0751953125 -8.85009765625 1108478
0.732421875 2.0751953125 -8.85009765625 1108587
-8.85009765625 -3.173828125 -15.869140625 1108588
-8.85009765625 -3.173828125 -15.869140625 1108589
-8.85009765625 -3.173828125 -15.869140625 1108590
-8.85009765625 -3.173828125 -15.869140625 1108591
-2.3193359375 -0.79345703125 -6.7138671875 1108686
-2.3193359375 -0.79345703125 -6.7138671875 1108771
-3.662109375 -1.03759765625 -10.8642578125 1108772
-3.662109375 -1.03759765625 -10.8642578125 1108773
-3.662109375 -1.03759765625 -10.8642578125 1108774
-3.662109375 -1.03759765625 -10.8642578125 1108775
-3.7841796875 -7.38525390625 -16.66259765625 1108858
-3.7841796875 -7.38525390625 -16.66259765625 1108979
-14.7705078125 -24.84130859375 -8.11767578125 1108980
-14.7705078125 -24.84130859375 -8.11767578125 1108981
-14.7705078125 -24.84130859375 -8.11767578125 1108982
-14.7705078125 -24.84130859375 -8.11767578125 1108983
-14.7705078125 -24.84130859375 -8.11767578125 1109079
-0.06103515625 -0.67138671875 -26.9775390625 1109080
-0.06103515625 -0.67138671875 -26.9775390625 1109080
-0.06103515625 -0.67138671875 -26.9775390625 1109183
9.09423828125 14.46533203125 -12.39013671875 1109184
9.09423828125 14.46533203125 -12.39013671875 1109185
9.09423828125 14.46533203125 -12.39013671875 1109186
9.09423828125 14.46533203125 -12.39013671875 1109187
9.09423828125 14.46533203125 -12.39013671875 1109290
14.0380859375 12.87841796875 -10.1318359375 1109291
14.0380859375 12.87841796875 -10.1318359375 1109292
14.0380859375 12.87841796875 -10.1318359375 1109293
14.0380859375 12.87841796875 -10.1318359375 1109294
5.126953125 -5.4931640625 -3.41796875 1109387
5.126953125 -5.4931640625 -3.41796875 1109457
14.6484375 32.65380859375 -10.55908203125 1109458
14.6484375 32.65380859375 -10.55908203125 1109459
14.6484375 32.65380859375 -10.55908203125 1109460
14.6484375 32.65380859375 -10.55908203125 1109460
14.6484375 32.65380859375 -10.55908203125 1109579
13.61083984375 21.484375 -10.25390625 1109580
13.61083984375 21.484375 -10.25390625 1109581
13.61083984375 21.484375 -10.25390625 1109582
13.61083984375 21.484375 -10.25390625 1109583
13.61083984375 21.484375 -10.25390625 1109680
-1.0986328125 17.7001953125 -9.58251953125 1109680
-1.0986328125 17.7001953125 -9.58251953125 1109681
-1.0986328125 17.7001953125 -9.58251953125 1109682
-1.0986328125 17.7001953125 -9.58251953125 1109683
-1.0986328125 17.7001953125 -9.58251953125 1109782
3.5400390625 4.57763671875 1.3427734375 1109783
3.5400390625 4.57763671875 1.3427734375 1109784
3.5400390625 4.57763671875 1.3427734375 1109785
3.5400390625 4.57763671875 1.3427734375 1109786
3.5400390625 4.57763671875 1.3427734375 1109885
26.79443359375 66.83349609375 -22.3388671875 1109886
26.79443359375 66.83349609375 -22.3388671875 1109886
26.79443359375 66.83349609375 -22.3388671875 1109887
26.79443359375 66.83349609375 -22.3388671875 1109888
26.79443359375 66.83349609375 -22.3388671875 1109990
10.25390625 28.80859375 -12.02392578125 1109990
10.25390625 28.80859375 -12.02392578125 1109991
10.25390625 28.80859375 -12.02392578125 1109992
10.25390625 28.80859375 -12.02392578125 1109993
10.25390625 28.80859375 -12.02392578125 1110090
-4.2724609375 14.0380859375 -5.615234375 1110091
-4.2724609375 14.0380859375 -5.615234375 1110092
-4.2724609375 14.0380859375 -5.615234375 1110092
-4.2724609375 14.0380859375 -5.615234375 1110093
4.2724609375 31.25 -7.14111328125 1110160
4.2724609375 31.25 -7.14111328125 1110278
14.95361328125 42.96875 -14.46533203125 1110279
14.95361328125 42.96875 -14.46533203125 1110280
14.95361328125 42.96875 -14.46533203125 1110281
14.95361328125 42.96875 -14.46533203125 1110282
14.95361328125 42.96875 -14.46533203125 1110382
5.615234375 35.94970703125 -10.986328125 1110383
5.615234375 35.94970703125 -10.986328125 1110384
5.615234375 35.94970703125 -10.986328125 1110385
5.615234375 35.94970703125 -10.986328125 1110385
5.615234375 35.94970703125 -10.986328125 1110482
-15.56396484375 9.6435546875 -12.63427734375 1110483
-15.56396484375 9.6435546875 -12.63427734375 1110484
-15.56396484375 9.6435546875 -12.63427734375 1110484
-15.56396484375 9.6435546875 -12.63427734375 1110584
-0.8544921875 5.37109375 -0.18310546875 1110585
-0.8544921875 5.37109375 -0.18310546875 1110586
-0.8544921875 5.37109375 -0.18310546875 1110587
-0.8544921875 5.37109375 -0.18310546875 1110587
-0.8544921875 5.37109375 -0.18310546875 1110691
7.62939453125 9.82666015625 0.54931640625 1110692
7.62939453125 9.82666015625 0.54931640625 1110693
7.62939453125 9.82666015625 0.54931640625 1110694
7.62939453125 9.82666015625 0.54931640625 1110695
2.99072265625 28.076171875 -22.52197265625 1110784
2.99072265625 28.076171875 -22.52197265625 1110890
0 -2.8076171875 -2.44140625 1110891
0 -2.8076171875 -2.44140625 1110891
0 -2.8076171875 -2.44140625 1110892
0 -2.8076171875 -2.44140625 1110893
-0.8544921875 -8.85009765625 2.9296875 1110959
-0.8544921875 -8.85009765625 2.9296875 1111078
3.84521484375 -4.7607421875 -0.9765625 1111079
3.84521484375 -4.7607421875 -0.9765625 1111080
3.84521484375 -4.7607421875 -0.9765625 1111080
3.84521484375 -4.7607421875 -0.9765625 1111081
3.84521484375 -4.7607421875 -0.9765625 1111179
-4.8828125 -25.08544921875 -1.3427734375 1111180
-4.8828125 -25.08544921875 -1.3427734375 1111181
-4.8828125 -25.08544921875 -1.3427734375 1111181
-4.8828125 -25.08544921875 -1.3427734375 1111182
-4.8828125 -25.08544921875 -1.3427734375 1111286
0.42724609375 -3.2958984375 -3.35693359375 1111287
0.42724609375 -3.2958984375 -3.35693359375 1111287
0.42724609375 -3.2958984375 -3.35693359375 1111288
0.42724609375 -3.2958984375 -3.35693359375 1111289
0.42724609375 -3.2958984375 -3.35693359375 1111386
-10.009765625 -21.17919921875 -5.55419921875 1111387
-10.009765625 -21.17919921875 -5.55419921875 1111389
-10.009765625 -21.17919921875 -5.55419921875 1111390
-10.009765625 -21.17919921875 -5.55419921875 1111391
-10.009765625 -21.17919921875 -5.55419921875 1111488
-13.85498046875 -23.86474609375 2.38037109375 1111489
-13.85498046875 -23.86474609375 2.38037109375 1111490
-13.85498046875 -23.86474609375 2.38037109375 1111490
-13.85498046875 -23.86474609375 2.38037109375 1111491
-11.53564453125 -12.02392578125 -8.60595703125 1111559
-11.53564453125 -12.02392578125 -8.60595703125 1111679
-7.6904296875 -26.55029296875 1.77001953125 1111680
-7.6904296875 -26.55029296875 1.77001953125 1111681
-7.6904296875 -26.55029296875 1.77001953125 1111681
-7.6904296875 -26.55029296875 1.77001953125 1111682
-7.6904296875 -26.55029296875 1.77001953125 1111783
-4.150390625 -4.8828125 -2.62451171875 1111783
-4.150390625 -4.8828125 -2.62451171875 1111784
-4.150390625 -4.8828125 -2.62451171875 1111785
-4.150390625 -4.8828125 -2.62451171875 1111785
-4.150390625 -4.8828125 -2.62451171875 1111883
-0.8544921875 -13.61083984375 0.3662109375 1111884
-0.8544921875 -13.61083984375 0.3662109375 1111885
-0.8544921875 -13.61083984375 0.3662109375 1111885
-0.8544921875 -13.61083984375 0.3662109375 1111886
-0.8544921875 -13.61083984375 0.3662109375 1111988
-8.36181640625 -19.10400390625 2.8076171875 1111989
-8.36181640625 -19.10400390625 2.8076171875 1111989
-8.36181640625 -19.10400390625 2.8076171875 1111990
-8.36181640625 -19.10400390625 2.8076171875 1111991
-8.36181640625 -19.10400390625 2.8076171875 1112090
2.197265625 -3.72314453125 0.9765625 1112091
2.197265625 -3.72314453125 0.9765625 1112092
2.197265625 -3.72314453125 0.9765625 1112092
2.197265625 -3.72314453125 0.9765625 1112093
-0.732421875 -7.99560546875 -1.708984375 1112161
-0.732421875 -7.99560546875 -1.708984375 1112279
-2.0751953125 -12.14599609375 -2.25830078125 1112280
-2.0751953125 -12.14599609375 -2.25830078125 1112281
-2.0751953125 -12.14599609375 -2.25830078125 1112281
-2.0751953125 -12.14599609375 -2.25830078125 1112282
-2.0751953125 -12.14599609375 -2.25830078125 1112384
1.0986328125 -4.82177734375 -2.685546875 1112385
1.0986328125 -4.82177734375 -2.685546875 1112386
1.0986328125 -4.82177734375 -2.685546875 1112387
1.0986328125 -4.82177734375 -2.685546875 1112388
1.0986328125 -4.82177734375 -2.685546875 1112488
-2.86865234375 -9.1552734375 -3.41796875 1112490
-2.86865234375 -9.1552734375 -3.41796875 1112491
-2.86865234375 -9.1552734375 -3.41796875 1112492
-2.86865234375 -9.1552734375 -3.41796875 1112493
-2.86865234375 -9.1552734375 -3.41796875 1112591
-15.93017578125 -34.97314453125 7.32421875 1112592
-15.93017578125 -34.97314453125 7.32421875 1112593
-15.93017578125 -34.97314453125 7.32421875 1112594
-15.93017578125 -34.97314453125 7.32421875 1112594
-3.41796875 -22.15576171875 1.77001953125 1112660
-3.41796875 -22.15576171875 1.77001953125 1112780
-8.72802734375 -11.962890625 -4.7607421875 1112781
-8.72802734375 -11.962890625 -4.7607421875 1112781
-8.72802734375 -11.962890625 -4.7607421875 1112782
-8.72802734375 -11.962890625 -4.7607421875 1112783
-8.72802734375 -11.962890625 -4.7607421875 1112884
-16.6015625 -24.0478515625 5.18798828125 1112885
-16.6015625 -24.0478515625 5.18798828125 1112886
-16.6015625 -24.0478515625 5.18798828125 1112887
-16.6015625 -24.0478515625 5.18798828125 1112888
-16.6015625 -24.0478515625 5.18798828125 1112984
-7.87353515625 -1.8310546875 -7.14111328125 1112985
-7.87353515625 -1.8310546875 -7.14111328125 1112986
-7.87353515625 -1.8310546875 -7.14111328125 1112987
-7.87353515625 -1.8310546875 -7.14111328125 1113087
-0.9765625 5.2490234375 0.42724609375 1113088
-0.9765625 5.2490234375 0.42724609375 1113089
-0.9765625 5.2490234375 0.42724609375 1113089
-0.9765625 5.2490234375 0.42724609375 1113090
-0.9765625 5.2490234375 0.42724609375 1113189
-5.43212890625 -12.26806640625 -1.708984375 1113190
-5.43212890625 -12.26806640625 -1.708984375 1113191
-5.43212890625 -12.26806640625 -1.708984375 1113192
-5.43212890625 -12.26806640625 -1.708984375 1113192
2.197265625 1.953125 -2.74658203125 1113268
2.197265625 1.953125 -2.74658203125 1113382
-5.4931640625 1.708984375 -4.45556640625 1113382
-5.4931640625 1.708984375 -4.45556640625 1113383
-5.4931640625 1.708984375 -4.45556640625 1113384
-5.4931640625 1.708984375 -4.45556640625 1113385
-5.4931640625 1.708984375 -4.45556640625 1113483
-4.39453125 -14.6484375 -1.953125 1113484
-4.39453125 -14.6484375 -1.953125 1113485
-4.39453125 -14.6484375 -1.953125 1113486
-4.39453125 -14.6484375 -1.953125 1113487
-4.39453125 -14.6484375 -1.953125 1113590
0.42724609375 1.708984375 4.33349609375 1113591
0.42724609375 1.708984375 4.33349609375 1113592
0.42724609375 1.708984375 4.33349609375 1113593
0.42724609375 1.708984375 4.33349609375 1113594
0.42724609375 1.708984375 4.33349609375 1113694
-6.65283203125 1.953125 6.28662109375 1113695
-6.65283203125 1.953125 6.28662109375 1113696
-6.65283203125 1.953125 6.28662109375 1113697
-6.65283203125 1.953125 6.28662109375 1113697
2.38037109375 -1.220703125 2.74658203125 1113792
2.38037109375 -1.220703125 2.74658203125 1113862
-3.11279296875 2.13623046875 4.57763671875 1113863
-3.11279296875 2.13623046875 4.57763671875 1113864
-3.11279296875 2.13623046875 4.57763671875 1113865
-3.11279296875 2.13623046875 4.57763671875 1113866
-3.11279296875 2.13623046875 4.57763671875 1113979
-0.79345703125 1.89208984375 4.33349609375 1113981
-0.79345703125 1.89208984375 4.33349609375 1113982
-0.79345703125 1.89208984375 4.33349609375 1113983
-0.79345703125 1.89208984375 4.33349609375 1113984
-0.79345703125 1.89208984375 4.33349609375 1114085
-3.84521484375 -0.3662109375 6.2255859375 1114086
-3.84521484375 -0.3662109375 6.2255859375 1114086
-3.84521484375 -0.3662109375 6.2255859375 1114087
-3.84521484375 -0.3662109375 6.2255859375 1114088
-3.84521484375 -0.3662109375 6.2255859375 1114188
-4.150390625 4.7607421875 9.765625 1114189
-4.150390625 4.7607421875 9.765625 1114190
-4.150390625 4.7607421875 9.765625 1114191
-4.150390625 4.7607421875 9.765625 1114192
-1.40380859375 12.39013671875 18.310546875 1114282
-1.40380859375 12.39013671875 18.310546875 1114389
1.15966796875 29.72412109375 6.04248046875 1114390
1.15966796875 29.72412109375 6.04248046875 1114390
1.15966796875 29.72412109375 6.04248046875 1114391
1.15966796875 29.72412109375 6.04248046875 1114392
1.15966796875 29.72412109375 6.04248046875 1114491
15.9912109375 25.08544921875 12.02392578125 1114492
15.9912109375 25.08544921875 12.02392578125 1114493
15.9912109375 25.08544921875 12.02392578125 1114494
15.9912109375 25.08544921875 12.02392578125 1114494
8.544921875 26.30615234375 13.73291015625 1114561
8.544921875 26.30615234375 13.73291015625 1114680
6.9580078125 23.37646484375 7.8125 1114681
6.9580078125 23.37646484375 7.8125 1114682
6.9580078125 23.37646484375 7.8125 1114683
6.9580078125 23.37646484375 7.8125 1114684
6.9580078125 23.37646484375 7.8125 1114783
-6.2255859375 0.8544921875 -3.47900390625 1114783
-6.2255859375 0.8544921875 -3.47900390625 1114784
-6.2255859375 0.8544921875 -3.47900390625 1114785
-6.2255859375 0.8544921875 -3.47900390625 1114785
-6.2255859375 0.8544921875 -3.47900390625 1114883
3.11279296875 18.49365234375 2.62451171875 1114884
3.11279296875 18.49365234375 2.62451171875 1114885
3.11279296875 18.49365234375 2.62451171875 1114886
3.11279296875 18.49365234375 2.62451171875 1114887
3.11279296875 18.49365234375 2.62451171875 1114991
21.6064453125 36.31591796875 -4.08935546875 1114992
21.6064453125 36.31591796875 -4.08935546875 1114993
21.6064453125 36.31591796875 -4.08935546875 1114993
21.6064453125 36.31591796875 -4.08935546875 1114994
21.6064453125 36.31591796875 -4.08935546875 1115092
8.544921875 14.7705078125 -1.15966796875 1115094
8.544921875 14.7705078125 -1.15966796875 1115094
8.544921875 14.7705078125 -1.15966796875 1115095
8.544921875 14.7705078125 -1.15966796875 1115096
0.3662109375 3.47900390625 -7.9345703125 1115171
0.3662109375 3.47900390625 -7.9345703125 1115290
-4.150390625 -3.47900390625 6.4697265625 1115291
-4.150390625 -3.47900390625 6.4697265625 1115292
-4.150390625 -3.47900390625 6.4697265625 1115293
-4.150390625 -3.47900390625 6.4697265625 1115293
-2.685546875 -3.2958984375 6.65283203125 1115362
-2.685546875 -3.2958984375 6.65283203125 1115481
1.953125 -9.6435546875 1.52587890625 1115482
1.953125 -9.6435546875 1.52587890625 1115482
1.953125 -9.6435546875 1.52587890625 1115483
1.953125 -9.6435546875 1.52587890625 1115484
1.953125 -9.6435546875 1.52587890625 1115583
-4.82177734375 -33.87451171875 13.61083984375 1115583
-4.82177734375 -33.87451171875 13.61083984375 1115584
-4.82177734375 -33.87451171875 13.61083984375 1115585
-4.82177734375 -33.87451171875 13.61083984375 1115586
-4.82177734375 -33.87451171875 13.61083984375 1115686
-7.9345703125 -20.44677734375 8.36181640625 1115688
-7.9345703125 -20.44677734375 8.36181640625 1115688
-7.9345703125 -20.44677734375 8.36181640625 1115689
-7.9345703125 -20.44677734375 8.36181640625 1115690
-7.9345703125 -20.44677734375 8.36181640625 1115790
-18.310546875 -85.99853515625 29.47998046875 1115791
-18.310546875 -85.99853515625 29.47998046875 1115792
-18.310546875 -85.99853515625 29.47998046875 1115792
-18.310546875 -85.99853515625 29.47998046875 1115793
-18.310546875 -85.99853515625 29.47998046875 1115894
8.7890625 14.58740234375 -5.31005859375 1115895
8.7890625 14.58740234375 -5.31005859375 1115896
8.7890625 14.58740234375 -5.31005859375 1115896
8.7890625 14.58740234375 -5.31005859375 1115897
-8.6669921875 1.5869140625 -3.96728515625 1115961
-8.6669921875 1.5869140625 -3.96728515625 1116079
-8.1787109375 -6.7138671875 6.16455078125 1116080
-8.1787109375 -6.7138671875 6.16455078125 1116081
-8.1787109375 -6.7138671875 6.16455078125 1116081
-8.1787109375 -6.7138671875 6.16455078125 1116082
-8.1787109375 -6.7138671875 6.16455078125 1116184
6.2255859375 7.75146484375 -2.62451171875 1116185
6.2255859375 7.75146484375 -2.62451171875 1116186
6.2255859375 7.75146484375 -2.62451171875 1116187
6.2255859375 7.75146484375 -2.62451171875 1116187
6.2255859375 7.75146484375 -2.62451171875 1116285
-16.41845703125 -22.8271484375 0.732421875 1116286
-16.41845703125 -22.8271484375 0.732421875 1116287
-16.41845703125 -22.8271484375 0.732421875 1116287
-16.41845703125 -22.8271484375 0.732421875 1116288
-16.41845703125 -22.8271484375 0.732421875 1116388
-12.6953125 -23.13232421875 3.72314453125 1116390
-12.6953125 -23.13232421875 3.72314453125 1116391
-12.6953125 -23.13232421875 3.72314453125 1116392
-12.6953125 -23.13232421875 3.72314453125 1116393
-12.6953125 -23.13232421875 3.72314453125 1116489
-7.14111328125 0.48828125 -11.3525390625 1116490
-7.14111328125 0.48828125 -11.3525390625 1116592
-3.2958984375 -0.1220703125 -3.5400390625 1116594
-3.2958984375 -0.1220703125 -3.5400390625 1116595
-3.2958984375 -0.1220703125 -3.5400390625 1116596
-3.2958984375 -0.1220703125 -3.5400390625 1116597
-12.0849609375 -9.21630859375 1.15966796875 1116663
-12.0849609375 -9.21630859375 1.15966796875 1116788
-13.0615234375 -4.94384765625 -1.5869140625 1116790
-13.0615234375 -4.94384765625 -1.5869140625 1116791
-13.0615234375 -4.94384765625 -1.5869140625 1116792
-13.0615234375 -4.94384765625 -1.5869140625 1116793
-1.40380859375 -0.18310546875 -4.150390625 1116885
-1.40380859375 -0.18310546875 -4.150390625 1116986
-4.82177734375 -2.13623046875 -6.65283203125 1116987
-4.82177734375 -2.13623046875 -6.65283203125 1116988
-4.82177734375 -2.13623046875 -6.65283203125 1116989
-4.82177734375 -2.13623046875 -6.65283203125 1116990
-4.82177734375 -2.13623046875 -6.65283203125 1117091
22.27783203125 23.0712890625 -0.67138671875 1117092
22.27783203125 23.0712890625 -0.67138671875 1117093
22.27783203125 23.0712890625 -0.67138671875 1117093
22.27783203125 23.0712890625 -0.67138671875 1117094
13.36669921875 8.544921875 -1.3427734375 1117185
13.36669921875 8.544921875 -1.3427734375 1117287
-1.52587890625 1.5869140625 -7.87353515625 1117288
-1.52587890625 1.5869140625 -7.87353515625 1117289
-1.52587890625 1.5869140625 -7.87353515625 1117289
-1.52587890625 1.5869140625 -7.87353515625 1117290
-1.52587890625 1.5869140625 -7.87353515625 1117388
-2.685546875 -1.220703125 5.615234375 1117389
-2.685546875 -1.220703125 5.615234375 1117390
-2.685546875 -1.220703125 5.615234375 1117390
-2.685546875 -1.220703125 5.615234375 1117391
-2.685546875 -1.220703125 5.615234375 1117491
-2.0751953125 -2.197265625 -6.16455078125 1117492
-2.0751953125 -2.197265625 -6.16455078125 1117493
-2.0751953125 -2.197265625 -6.16455078125 1117493
-2.0751953125 -2.197265625 -6.16455078125 1117494
-1.0986328125 -5.2490234375 0 1117562
-1.0986328125 -5.2490234375 0 1117684
-1.15966796875 -3.173828125 2.62451171875 1117686
-1.15966796875 -3.173828125 2.62451171875 1117687
-1.15966796875 -3.173828125 2.62451171875 1117688
-1.15966796875 -3.173828125 2.62451171875 1117689
-5.859375 -4.2724609375 -10.55908203125 1117782
-5.859375 -4.2724609375 -10.55908203125 1117884
-15.2587890625 0.8544921875 -2.197265625 1117886
-15.2587890625 0.8544921875 -2.197265625 1117887
-15.2587890625 0.8544921875 -2.197265625 1117888
-15.2587890625 0.8544921875 -2.197265625 1117889
-15.2587890625 0.8544921875 -2.197265625 1117989
-7.75146484375 -0.30517578125 -1.77001953125 1117990
-7.75146484375 -0.30517578125 -1.77001953125 1117991
-7.75146484375 -0.30517578125 -1.77001953125 1117992
-7.75146484375 -0.30517578125 -1.77001953125 1117992
-7.75146484375 -0.30517578125 -1.77001953125 1118092
-4.08935546875 -3.41796875 -6.7138671875 1118092
-4.08935546875 -3.41796875 -6.7138671875 1118093
-4.08935546875 -3.41796875 -6.7138671875 1118094
-4.08935546875 -3.41796875 -6.7138671875 1118095
-4.08935546875 -3.41796875 -6.7138671875 1118192
-2.25830078125 -7.568359375 0.48828125 1118193
-2.25830078125 -7.568359375 0.48828125 1118194
-2.25830078125 -7.568359375 0.48828125 1118195
-2.25830078125 -7.568359375 0.48828125 1118196
-7.75146484375 -0.54931640625 -5.37109375 1118263
-7.75146484375 -0.54931640625 -5.37109375 1118401
-2.62451171875 0.1220703125 -2.0751953125 1118402
-2.62451171875 0.1220703125 -2.0751953125 1118403
-2.62451171875 0.1220703125 -2.0751953125 1118404
-2.62451171875 0.1220703125 -2.0751953125 1118405
-5.859375 2.0751953125 -2.3193359375 1118490
-5.859375 2.0751953125 -2.3193359375 1118594
-5.859375 -6.28662109375 -0.8544921875 1118595
-5.859375 -6.28662109375 -0.8544921875 1118596
-5.859375 -6.28662109375 -0.8544921875 1118597
-5.859375 -6.28662109375 -0.8544921875 1118597
-3.23486328125 -2.5634765625 -3.2958984375 1118665
-3.23486328125 -2.5634765625 -3.2958984375 1118785
-1.3427734375 3.2958984375 -4.8828125 1118786
-1.3427734375 3.2958984375 -4.8828125 1118786
-1.3427734375 3.2958984375 -4.8828125 1118787
-1.3427734375 3.2958984375 -4.8828125 1118788
-1.3427734375 3.2958984375 -4.8828125 1118887
-0.54931640625 5.06591796875 -2.01416015625 1118888
-0.54931640625 5.06591796875 -2.01416015625 1118889
-0.54931640625 5.06591796875 -2.01416015625 1118889
-0.54931640625 5.06591796875 -2.01416015625 1118890
-0.54931640625 5.06591796875 -2.01416015625 1118989
-0.8544921875 0.244140625 -0.67138671875 1118990
-0.8544921875 0.244140625 -0.67138671875 1118991
-0.8544921875 0.244140625 -0.67138671875 1118992
-0.8544921875 0.244140625 -0.67138671875 1118992
-0.8544921875 0.244140625 -0.67138671875 1119093
-2.685546875 -6.7138671875 -7.32421875 1119094
-2.685546875 -6.7138671875 -7.32421875 1119095
-2.685546875 -6.7138671875 -7.32421875 1119096
-2.685546875 -6.7138671875 -7.32421875 1119096
1.953125 4.39453125 -6.4697265625 1119164
1.953125 4.39453125 -6.4697265625 1119285
-1.46484375 4.69970703125 -0.8544921875 1119286
-1.46484375 4.69970703125 -0.8544921875 1119286
-1.46484375 4.69970703125 -0.8544921875 1119287
-1.46484375 4.69970703125 -0.8544921875 1119288
-1.46484375 4.69970703125 -0.8544921875 1119389
-5.7373046875 -1.15966796875 -2.0751953125 1119390
-5.7373046875 -1.15966796875 -2.0751953125 1119391
-5.7373046875 -1.15966796875 -2.0751953125 1119392
-5.7373046875 -1.15966796875 -2.0751953125 1119393
-5.7373046875 -1.15966796875 -2.0751953125 1119495
-0.18310546875 -0.91552734375 -1.77001953125 1119496
-0.18310546875 -0.91552734375 -1.77001953125 1119496
-0.18310546875 -0.91552734375 -1.77001953125 1119497
-0.18310546875 -0.91552734375 -1.77001953125 1119498
3.11279296875 2.0751953125 -2.01416015625 1119588
3.11279296875 2.0751953125 -2.01416015625 1119691
-2.86865234375 2.86865234375 -2.25830078125 1119692
-2.86865234375 2.86865234375 -2.25830078125 1119693
-2.86865234375 2.86865234375 -2.25830078125 1119693
-2.86865234375 2.86865234375 -2.25830078125 1119694
-2.86865234375 2.86865234375 -2.25830078125 1119793
-3.35693359375 0.30517578125 -3.0517578125 1119794
-3.35693359375 0.30517578125 -3.0517578125 1119794
-3.35693359375 0.30517578125 -3.0517578125 1119795
-3.35693359375 0.30517578125 -3.0517578125 1119796
-1.03759765625 -1.40380859375 -4.33349609375 1119866
-1.03759765625 -1.40380859375 -4.33349609375 1119985
-2.01416015625 0.3662109375 0.1220703125 1119986
-2.01416015625 0.3662109375 0.1220703125 1119987
-2.01416015625 0.3662109375 0.1220703125 1119988
-2.01416015625 0.3662109375 0.1220703125 1119988
-2.01416015625 0.3662109375 0.1220703125 1120097
0.06103515625 -2.685546875 -5.615234375 1120098
0.06103515625 -2.685546875 -5.615234375 1120099
0.06103515625 -2.685546875 -5.615234375 1120100
0.06103515625 -2.685546875 -5.615234375 1120100
-2.5634765625 -0.30517578125 -5.06591796875 1120167
-2.5634765625 -0.30517578125 -5.06591796875 1120291
-2.5634765625 -1.220703125 1.40380859375 1120292
-2.5634765625 -1.220703125 1.40380859375 1120293
-2.5634765625 -1.220703125 1.40380859375 1120294
-2.5634765625 -1.220703125 1.40380859375 1120294
2.44140625 0.91552734375 -3.41796875 1120384
2.44140625 0.91552734375 -3.41796875 1120491
-0.42724609375 0.732421875 -2.685546875 1120492
-0.42724609375 0.732421875 -2.685546875 1120493
-0.42724609375 0.732421875 -2.685546875 1120494
-0.42724609375 0.732421875 -2.685546875 1120494
-0.42724609375 0.732421875 -2.685546875 1120594
-1.03759765625 0.244140625 -3.96728515625 1120595
-1.03759765625 0.244140625 -3.96728515625 1120596
-1.03759765625 0.244140625 -3.96728515625 1120597
-1.03759765625 0.244140625 -3.96728515625 1120598
-1.03759765625 0.244140625 -3.96728515625 1120696
-1.40380859375 -1.40380859375 2.8076171875 1120697
-1.40380859375 -1.40380859375 2.8076171875 1120698
-1.40380859375 -1.40380859375 2.8076171875 1120699
-1.40380859375 -1.40380859375 2.8076171875 1120700
-5.79833984375 -1.953125 -7.8125 1120765
-5.79833984375 -1.953125 -7.8125 1120885
2.9296875 3.84521484375 -2.0751953125 1120886
2.9296875 3.84521484375 -2.0751953125 1120887
2.9296875 3.84521484375 -2.0751953125 1120887
2.9296875 3.84521484375 -2.0751953125 1120888
2.9296875 3.84521484375 -2.0751953125 1120991
-5.2490234375 0.91552734375 -0.91552734375 1120992
-5.2490234375 0.91552734375 -0.91552734375 1120993
-5.2490234375 0.91552734375 -0.91552734375 1120994
-5.2490234375 0.91552734375 -0.91552734375 1120995
-5.2490234375 0.91552734375 -0.91552734375 1121096
-5.06591796875 0.42724609375 -3.84521484375 1121097
-5.06591796875 0.42724609375 -3.84521484375 1121098
-5.06591796875 0.42724609375 -3.84521484375 1121099
-5.06591796875 0.42724609375 -3.84521484375 1121100
-1.3427734375 0 2.197265625 1121165
-1.3427734375 0 2.197265625 1121282
0.8544921875 1.52587890625 -6.9580078125 1121283
0.8544921875 1.52587890625 -6.9580078125 1121284
0.8544921875 1.52587890625 -6.9580078125 1121284
0.8544921875 1.52587890625 -6.9580078125 1121285
0.8544921875 1.52587890625 -6.9580078125 1121388
0.06103515625 -0.79345703125 -1.708984375 1121389
0.06103515625 -0.79345703125 -1.708984375 1121390
0.06103515625 -0.79345703125 -1.708984375 1121390
0.06103515625 -0.79345703125 -1.708984375 1121391
-4.45556640625 0.1220703125 1.5869140625 1121494
-4.45556640625 0.1220703125 1.5869140625 1121495
-4.45556640625 0.1220703125 1.5869140625 1121495
-4.45556640625 0.1220703125 1.5869140625 1121496
-4.45556640625 0.1220703125 1.5869140625 1121571
-1.52587890625 2.50244140625 -1.708984375 1121573
-1.52587890625 2.50244140625 -1.708984375 1121672
2.9296875 -0.244140625 -5.67626953125 1121697
2.9296875 -0.244140625 -5.67626953125 1121698
2.9296875 -0.244140625 -5.67626953125 1121698
2.9296875 -0.244140625 -5.67626953125 1121699
2.9296875 -0.244140625 -5.67626953125 1121798
-2.8076171875 2.38037109375 -0.79345703125 1121800
-2.8076171875 2.38037109375 -0.79345703125 1121801
-2.8076171875 2.38037109375 -0.79345703125 1121802
-2.8076171875 2.38037109375 -0.79345703125 1121803
-0.42724609375 2.62451171875 -2.197265625 1121868
-0.42724609375 2.62451171875 -2.197265625 1121989
2.44140625 0.732421875 -1.5869140625 1121990
2.44140625 0.732421875 -1.5869140625 1121991
2.44140625 0.732421875 -1.5869140625 1121992
2.44140625 0.732421875 -1.5869140625 1121992
2.44140625 0.732421875 -1.5869140625 1122092
-1.8310546875 3.173828125 -4.21142578125 1122093
-1.8310546875 3.173828125 -4.21142578125 1122093
-1.8310546875 3.173828125 -4.21142578125 1122094
-1.8310546875 3.173828125 -4.21142578125 1122094
-1.8310546875 3.173828125 -4.21142578125 1122197
4.33349609375 3.11279296875 -1.64794921875 1122198
4.33349609375 3.11279296875 -1.64794921875 1122199
4.33349609375 3.11279296875 -1.64794921875 1122200
4.33349609375 3.11279296875 -1.64794921875 1122200
-1.77001953125 -1.8310546875 -0.48828125 1122266
-1.77001953125 -1.8310546875 -0.48828125 1122392
-5.79833984375 1.15966796875 -4.33349609375 1122393
-5.79833984375 1.15966796875 -4.33349609375 1122393
-5.79833984375 1.15966796875 -4.33349609375 1122394
-5.79833984375 1.15966796875 -4.33349609375 1122395
-5.79833984375 1.15966796875 -4.33349609375 1122494
0.30517578125 -1.15966796875 -1.220703125 1122495
0.30517578125 -1.15966796875 -1.220703125 1122496
0.30517578125 -1.15966796875 -1.220703125 1122496
0.30517578125 -1.15966796875 -1.220703125 1122497
-0.79345703125 4.08935546875 -2.99072265625 1122566
-0.79345703125 4.08935546875 -2.99072265625 1122687
-5.31005859375 -2.197265625 -5.37109375 1122688
-5.31005859375 -2.197265625 -5.37109375 1122689
-5.31005859375 -2.197265625 -5.37109375 1122690
-5.31005859375 -2.197265625 -5.37109375 1122690
-5.31005859375 -2.197265625 -5.37109375 1122790
2.50244140625 0.54931640625 1.0986328125 1122791
2.50244140625 0.54931640625 1.0986328125 1122792
2.50244140625 0.54931640625 1.0986328125 1122793
2.50244140625 0.54931640625 1.0986328125 1122793
2.50244140625 0.54931640625 1.0986328125 1122893
1.708984375 3.173828125 -3.72314453125 1122894
1.708984375 3.173828125 -3.72314453125 1122894
1.708984375 3.173828125 -3.72314453125 1122895
1.708984375 3.173828125 -3.72314453125 1122896
1.708984375 3.173828125 -3.72314453125 1122997
2.74658203125 -0.54931640625 -5.126953125 1122998
2.74658203125 -0.54931640625 -5.126953125 1122998
2.74658203125 -0.54931640625 -5.126953125 1122999
2.74658203125 -0.54931640625 -5.126953125 1123000
-0.30517578125 1.46484375 -0.42724609375 1123068
-0.30517578125 1.46484375 -0.42724609375 1123187
0.67138671875 6.16455078125 -3.47900390625 1123188
0.67138671875 6.16455078125 -3.47900390625 1123188
0.67138671875 6.16455078125 -3.47900390625 1123189
0.67138671875 6.16455078125 -3.47900390625 1123190
0.67138671875 6.16455078125 -3.47900390625 1123289
-2.3193359375 -0.30517578125 -0.91552734375 1123290
-2.3193359375 -0.30517578125 -0.91552734375 1123291
-2.3193359375 -0.30517578125 -0.91552734375 1123292
-2.3193359375 -0.30517578125 -0.91552734375 1123293
-2.3193359375 -0.30517578125 -0.91552734375 1123395
-1.28173828125 2.25830078125 -1.3427734375 1123467
-1.28173828125 2.25830078125 -1.3427734375 1123467
-1.28173828125 2.25830078125 -1.3427734375 1123468
-1.28173828125 2.25830078125 -1.3427734375 1123469
-1.28173828125 2.25830078125 -1.3427734375 1123617
0.9765625 5.79833984375 -0.54931640625 1123618
0.9765625 5.79833984375 -0.54931640625 1123619
0.9765625 5.79833984375 -0.54931640625 1123620
0.9765625 5.79833984375 -0.54931640625 1123621
-4.638671875 -3.35693359375 -0.91552734375 1123621
-4.638671875 -3.35693359375 -0.91552734375 1123744
-6.28662109375 2.13623046875 -2.9296875 1123745
-6.28662109375 2.13623046875 -2.9296875 1123746
-6.28662109375 2.13623046875 -2.9296875 1123747
-6.28662109375 2.13623046875 -2.9296875 1123748
-6.28662109375 2.13623046875 -2.9296875 1123849
4.638671875 3.35693359375 -1.708984375 1123851
4.638671875 3.35693359375 -1.708984375 1123852
4.638671875 3.35693359375 -1.708984375 1123852
4.638671875 3.35693359375 -1.708984375 1123853
0.06103515625 0.48828125 -9.033203125 1123893
0.06103515625 0.48828125 -9.033203125 1123989
1.8310546875 1.8310546875 -1.15966796875 1123990
1.8310546875 1.8310546875 -1.15966796875 1123991
1.8310546875 1.8310546875 -1.15966796875 1123992
1.8310546875 1.8310546875 -1.15966796875 1123993
-3.173828125 -3.11279296875 2.13623046875 1124070
-3.173828125 -3.11279296875 2.13623046875 1124190
1.5869140625 -3.72314453125 -4.39453125 1124191
1.5869140625 -3.72314453125 -4.39453125 1124192
1.5869140625 -3.72314453125 -4.39453125 1124193
1.5869140625 -3.72314453125 -4.39453125 1124193
-1.953125 3.173828125 -4.33349609375 1124288
-1.953125 3.173828125 -4.33349609375 1124395
-2.8076171875 6.2255859375 0.732421875 1124396
-2.8076171875 6.2255859375 0.732421875 1124397
-2.8076171875 6.2255859375 0.732421875 1124398
-2.8076171875 6.2255859375 0.732421875 1124399
-2.8076171875 6.2255859375 0.732421875 1124497
-2.13623046875 -5.4931640625 -3.47900390625 1124498
-2.13623046875 -5.4931640625 -3.47900390625 1124499
-2.13623046875 -5.4931640625 -3.47900390625 1124500
-2.13623046875 -5.4931640625 -3.47900390625 1124501
-1.5869140625 2.01416015625 -3.23486328125 1124567
-1.5869140625 2.01416015625 -3.23486328125 1124689
1.40380859375 2.74658203125 -1.5869140625 1124690
1.40380859375 2.74658203125 -1.5869140625 1124691
1.40380859375 2.74658203125 -1.5869140625 1124692
1.40380859375 2.74658203125 -1.5869140625 1124692
1.40380859375 2.74658203125 -1.5869140625 1124790
3.11279296875 1.40380859375 -3.662109375 1124791
3.11279296875 1.40380859375 -3.662109375 1124792
3.11279296875 1.40380859375 -3.662109375 1124793
3.11279296875 1.40380859375 -3.662109375 1124793
3.11279296875 1.40380859375 -3.662109375 1124921
-4.57763671875 -2.8076171875 -1.89208984375 1124922
-4.57763671875 -2.8076171875 -1.89208984375 1124923
-4.57763671875 -2.8076171875 -1.89208984375 1124924
-4.57763671875 -2.8076171875 -1.89208984375 1124925
-8.6669921875 -3.0517578125 3.0517578125 1125000
-8.6669921875 -3.0517578125 3.0517578125 1125069
5.92041015625 4.21142578125 -5.126953125 1125070
5.92041015625 4.21142578125 -5.126953125 1125071
5.92041015625 4.21142578125 -5.126953125 1125072
5.92041015625 4.21142578125 -5.126953125 1125072
5.92041015625 4.21142578125 -5.126953125 1125187
-1.46484375 0.6103515625 -0.06103515625 1125187
-1.46484375 0.6103515625 -0.06103515625 1125188
-1.46484375 0.6103515625 -0.06103515625 1125189
-1.46484375 0.6103515625 -0.06103515625 1125189
-1.46484375 0.6103515625 -0.06103515625 1125290
-3.0517578125 -0.91552734375 -1.8310546875 1125291
-3.0517578125 -0.91552734375 -1.8310546875 1125291
-3.0517578125 -0.91552734375 -1.8310546875 1125292
-3.0517578125 -0.91552734375 -1.8310546875 1125293
-3.0517578125 -0.91552734375 -1.8310546875 1125391
0.06103515625 -0.1220703125 -6.7138671875 1125392
0.06103515625 -0.1220703125 -6.7138671875 1125393
0.06103515625 -0.1220703125 -6.7138671875 1125394
0.06103515625 -0.1220703125 -6.7138671875 1125395
0.06103515625 -0.1220703125 -6.7138671875 1125499
-2.38037109375 1.953125 -1.220703125 1125500
-2.38037109375 1.953125 -1.220703125 1125501
-2.38037109375 1.953125 -1.220703125 1125502
-2.38037109375 1.953125 -1.220703125 1125503
2.3193359375 -3.72314453125 -6.103515625 1125567
2.3193359375 -3.72314453125 -6.103515625 1125691
-1.220703125 -0.67138671875 -2.74658203125 1125693
-1.220703125 -0.67138671875 -2.74658203125 1125694
-1.220703125 -0.67138671875 -2.74658203125 1125695
-1.220703125 -0.67138671875 -2.74658203125 1125696
-3.173828125 0.06103515625 4.7607421875 1125790
-3.173828125 0.06103515625 4.7607421875 1125894
2.62451171875 2.01416015625 -3.173828125 1125895
2.62451171875 2.01416015625 -3.173828125 1125896
2.62451171875 2.01416015625 -3.173828125 1125897
2.62451171875 2.01416015625 -3.173828125 1125898
-4.21142578125 0.54931640625 -3.0517578125 1125970
-4.21142578125 0.54931640625 -3.0517578125 1126088
-0.9765625 -0.6103515625 -0.18310546875 1126089
-0.9765625 -0.6103515625 -0.18310546875 1126089
-0.9765625 -0.6103515625 -0.18310546875 1126090
-0.9765625 -0.6103515625 -0.18310546875 1126091
-0.9765625 -0.6103515625 -0.18310546875 1126193
1.64794921875 1.0986328125 -1.46484375 1126194
1.64794921875 1.0986328125 -1.46484375 1126195
1.64794921875 1.0986328125 -1.46484375 1126195
1.64794921875 1.0986328125 -1.46484375 1126196
1.64794921875 1.0986328125 -1.46484375 1126294
-2.0751953125 -1.708984375 -3.96728515625 1126295
-2.0751953125 -1.708984375 -3.96728515625 1126296
-2.0751953125 -1.708984375 -3.96728515625 1126298
-2.0751953125 -1.708984375 -3.96728515625 1126298
-2.0751953125 -1.708984375 -3.96728515625 1126397
0.1220703125 2.13623046875 0.18310546875 1126398
0.1220703125 2.13623046875 0.18310546875 1126399
0.1220703125 2.13623046875 0.18310546875 1126400
0.1220703125 2.13623046875 0.18310546875 1126400
-3.11279296875 -1.3427734375 -2.13623046875 1126469
-3.11279296875 -1.3427734375 -2.13623046875 1126589
-0.6103515625 2.5634765625 -0.244140625 1126590
-0.6103515625 2.5634765625 -0.244140625 1126591
-0.6103515625 2.5634765625 -0.244140625 1126591
-0.6103515625 2.5634765625 -0.244140625 1126592
-0.6103515625 2.5634765625 -0.244140625 1126691
2.197265625 5.7373046875 -3.0517578125 1126692
2.197265625 5.7373046875 -3.0517578125 1126693
2.197265625 5.7373046875 -3.0517578125 1126693
2.197265625 5.7373046875 -3.0517578125 1126694
-1.220703125 -0.1220703125 -6.9580078125 1126785
-1.220703125 -0.1220703125 -6.9580078125 1126888
4.5166015625 -0.18310546875 0.8544921875 1126892
4.5166015625 -0.18310546875 0.8544921875 1126893
4.5166015625 -0.18310546875 0.8544921875 1126893
4.5166015625 -0.18310546875 0.8544921875 1126894
4.5166015625 -0.18310546875 0.8544921875 1126992
-1.708984375 -0.1220703125 -9.46044921875 1126993
-1.708984375 -0.1220703125 -9.46044921875 1126994
-1.708984375 -0.1220703125 -9.46044921875 1126995
-1.708984375 -0.1220703125 -9.46044921875 1126996
-1.708984375 -0.1220703125 -9.46044921875 1127093
-2.01416015625 -4.39453125 -8.60595703125 1127094
-2.01416015625 -4.39453125 -8.60595703125 1127094
-2.01416015625 -4.39453125 -8.60595703125 1127195
-5.79833984375 -1.3427734375 -8.23974609375 1127196
-5.79833984375 -1.3427734375 -8.23974609375 1127198
-5.79833984375 -1.3427734375 -8.23974609375 1127199
-5.79833984375 -1.3427734375 -8.23974609375 1127200
-5.79833984375 -1.3427734375 -8.23974609375 1127297
-0.30517578125 5.2490234375 -5.7373046875 1127298
-0.30517578125 5.2490234375 -5.7373046875 1127299
-0.30517578125 5.2490234375 -5.7373046875 1127300
-0.30517578125 5.2490234375 -5.7373046875 1127300
-6.8359375 -5.859375 -19.10400390625 1127370
-6.8359375 -5.859375 -19.10400390625 1127489
-6.4697265625 -7.080078125 -13.73291015625 1127490
-6.4697265625 -7.080078125 -13.73291015625 1127491
-6.4697265625 -7.080078125 -13.73291015625 1127492
-6.4697265625 -7.080078125 -13.73291015625 1127493
-6.4697265625 -7.080078125 -13.73291015625 1127590
-2.38037109375 -4.82177734375 -14.892578125 1127591
-2.38037109375 -4.82177734375 -14.892578125 1127592
-2.38037109375 -4.82177734375 -14.892578125 1127592
-2.38037109375 -4.82177734375 -14.892578125 1127593
-2.38037109375 -4.82177734375 -14.892578125 1127692
2.86865234375 -0.244140625 -16.29638671875 1127693
2.86865234375 -0.244140625 -16.29638671875 1127694
2.86865234375 -0.244140625 -16.29638671875 1127695
2.86865234375 -0.244140625 -16.29638671875 1127696
2.86865234375 -0.244140625 -16.29638671875 1127799
10.1318359375 3.35693359375 -13.0615234375 1127800
10.1318359375 3.35693359375 -13.0615234375 1127801
10.1318359375 3.35693359375 -13.0615234375 1127801
10.1318359375 3.35693359375 -13.0615234375 1127802
33.38623046875 44.00634765625 -24.71923828125 1127870
33.38623046875 44.00634765625 -24.71923828125 1127989
22.8271484375 55.0537109375 -17.27294921875 1127990
22.8271484375 55.0537109375 -17.27294921875 1127990
22.8271484375 55.0537109375 -17.27294921875 1127991
22.8271484375 55.0537109375 -17.27294921875 1127992
22.8271484375 55.0537109375 -17.27294921875 1128093
-5.126953125 7.4462890625 4.82177734375 1128094
-5.126953125 7.4462890625 4.82177734375 1128094
-5.126953125 7.4462890625 4.82177734375 1128095
-5.126953125 7.4462890625 4.82177734375 1128096
-5.126953125 7.4462890625 4.82177734375 1128193
8.23974609375 35.82763671875 -4.5166015625 1128194
8.23974609375 35.82763671875 -4.5166015625 1128195
8.23974609375 35.82763671875 -4.5166015625 1128196
8.23974609375 35.82763671875 -4.5166015625 1128197
8.23974609375 35.82763671875 -4.5166015625 1128295
19.04296875 46.7529296875 -22.15576171875 1128296
19.04296875 46.7529296875 -22.15576171875 1128297
19.04296875 46.7529296875 -22.15576171875 1128297
19.04296875 46.7529296875 -22.15576171875 1128298
19.04296875 46.7529296875 -22.15576171875 1128399
5.18798828125 35.70556640625 -18.798828125 1128400
5.18798828125 35.70556640625 -18.798828125 1128400
5.18798828125 35.70556640625 -18.798828125 1128401
5.18798828125 35.70556640625 -18.798828125 1128402
5.67626953125 36.56005859375 -6.7138671875 1128469
5.67626953125 36.56005859375 -6.7138671875 1128590
3.2958984375 15.625 5.126953125 1128591
3.2958984375 15.625 5.126953125 1128591
3.2958984375 15.625 5.126953125 1128592
3.2958984375 15.625 5.126953125 1128593
3.2958984375 15.625 5.126953125 1128693
2.74658203125 26.0009765625 -1.0986328125 1128694
2.74658203125 26.0009765625 -1.0986328125 1128695
2.74658203125 26.0009765625 -1.0986328125 1128695
2.74658203125 26.0009765625 -1.0986328125 1128696
2.74658203125 26.0009765625 -1.0986328125 1128797
0.244140625 2.197265625 -2.8076171875 1128798
0.244140625 2.197265625 -2.8076171875 1128799
0.244140625 2.197265625 -2.8076171875 1128799
0.244140625 2.197265625 -2.8076171875 1128800
5.06591796875 18.5546875 -3.7841796875 1128895
5.06591796875 18.5546875 -3.7841796875 1129001
19.95849609375 53.22265625 -6.591796875 1129002
19.95849609375 53.22265625 -6.591796875 1129003
19.95849609375 53.22265625 -6.591796875 1129004
19.95849609375 53.22265625 -6.591796875 1129005
-2.99072265625 25.81787109375 -2.3193359375 1129070
-2.99072265625 25.81787109375 -2.3193359375 1129187
0.06103515625 75.1953125 -15.869140625 1129188
0.06103515625 75.1953125 -15.869140625 1129189
0.06103515625 75.1953125 -15.869140625 1129190
0.06103515625 75.1953125 -15.869140625 1129190
0.06103515625 75.1953125 -15.869140625 1129291
10.19287109375 22.27783203125 -13.671875 1129292
10.19287109375 22.27783203125 -13.671875 1129292
10.19287109375 22.27783203125 -13.671875 1129293
10.19287109375 22.27783203125 -13.671875 1129294
10.19287109375 22.27783203125 -13.671875 1129399
-0.48828125 11.29150390625 9.521484375 1129400
-0.48828125 11.29150390625 9.521484375 1129400
-0.48828125 11.29150390625 9.521484375 1129401
-0.48828125 11.29150390625 9.521484375 1129402
-0.48828125 11.29150390625 9.521484375 1129502
-12.939453125 -23.49853515625 2.25830078125 1129503
-12.939453125 -23.49853515625 2.25830078125 1129504
-12.939453125 -23.49853515625 2.25830078125 1129504
-12.939453125 -23.49853515625 2.25830078125 1129505
-1.64794921875 -5.06591796875 0.42724609375 1129571
-1.64794921875 -5.06591796875 0.42724609375 1129689
-13.18359375 0.18310546875 -5.37109375 1129690
-13.18359375 0.18310546875 -5.37109375 1129691
-13.18359375 0.18310546875 -5.37109375 1129692
-13.18359375 0.18310546875 -5.37109375 1129692
-13.18359375 0.18310546875 -5.37109375 1129793
4.638671875 80.87158203125 -39.85595703125 1129794
4.638671875 80.87158203125 -39.85595703125 1129795
4.638671875 80.87158203125 -39.85595703125 1129795
4.638671875 80.87158203125 -39.85595703125 1129796
19.95849609375 14.09912109375 17.9443359375 1129889
19.95849609375 14.09912109375 17.9443359375 1129990
-26.79443359375 -21.54541015625 -15.5029296875 1129991
-26.79443359375 -21.54541015625 -15.5029296875 1129992
-26.79443359375 -21.54541015625 -15.5029296875 1129992
-26.79443359375 -21.54541015625 -15.5029296875 1129993
-26.79443359375 -21.54541015625 -15.5029296875 1130092
5.615234375 -12.939453125 18.1884765625 1130093
5.615234375 -12.939453125 18.1884765625 1130094
5.615234375 -12.939453125 18.1884765625 1130094
5.615234375 -12.939453125 18.1884765625 1130095
5.615234375 -12.939453125 18.1884765625 1130193
-9.46044921875 -7.8125 -2.86865234375 1130194
-9.46044921875 -7.8125 -2.86865234375 1130195
-9.46044921875 -7.8125 -2.86865234375 1130196
-9.46044921875 -7.8125 -2.86865234375 1130196
-9.46044921875 -7.8125 -2.86865234375 1130295
-21.54541015625 -14.09912109375 -23.74267578125 1130296
-21.54541015625 -14.09912109375 -23.74267578125 1130297
-21.54541015625 -14.09912109375 -23.74267578125 1130298
-21.54541015625 -14.09912109375 -23.74267578125 1130298
22.76611328125 2.8076171875 6.77490234375 1130372
22.76611328125 2.8076171875 6.77490234375 1130497
-5.126953125 -26.85546875 8.97216796875 1130498
-5.126953125 -26.85546875 8.97216796875 1130499
-5.126953125 -26.85546875 8.97216796875 1130500
-5.126953125 -26.85546875 8.97216796875 1130500
-11.1083984375 -32.16552734375 5.31005859375 1130593
-11.1083984375 -32.16552734375 5.31005859375 1130695
-7.01904296875 -10.7421875 -6.40869140625 1130696
-7.01904296875 -10.7421875 -6.40869140625 1130697
-7.01904296875 -10.7421875 -6.40869140625 1130697
-7.01904296875 -10.7421875 -6.40869140625 1130698
-7.01904296875 -10.7421875 -6.40869140625 1130795
7.26318359375 9.3994140625 -10.498046875 1130797
7.26318359375 9.3994140625 -10.498046875 1130797
7.26318359375 9.3994140625 -10.498046875 1130798
7.26318359375 9.3994140625 -10.498046875 1130799
7.26318359375 9.3994140625 -10.498046875 1130899
2.0751953125 -1.8310546875 8.85009765625 1130900
2.0751953125 -1.8310546875 8.85009765625 1130901
2.0751953125 -1.8310546875 8.85009765625 1130902
2.0751953125 -1.8310546875 8.85009765625 1130903
2.0751953125 -1.8310546875 8.85009765625 1131012
-9.8876953125 -3.5400390625 -12.26806640625 1131013
-9.8876953125 -3.5400390625 -12.26806640625 1131014
-9.8876953125 -3.5400390625 -12.26806640625 1131015
-9.8876953125 -3.5400390625 -12.26806640625 1131016
-32.8369140625 -46.08154296875 22.27783203125 1131080
-32.8369140625 -46.08154296875 22.27783203125 1131190
8.72802734375 -8.056640625 6.2255859375 1131190
8.72802734375 -8.056640625 6.2255859375 1131191
8.72802734375 -8.056640625 6.2255859375 1131192
8.72802734375 -8.056640625 6.2255859375 1131193
8.72802734375 -8.056640625 6.2255859375 1131293
20.93505859375 19.6533203125 17.7001953125 1131294
20.93505859375 19.6533203125 17.7001953125 1131294
20.93505859375 19.6533203125 17.7001953125 1131295
20.93505859375 19.6533203125 17.7001953125 1131296
20.93505859375 19.6533203125 17.7001953125 1131396
-31.55517578125 -16.78466796875 7.62939453125 1131396
-31.55517578125 -16.78466796875 7.62939453125 1131397
-31.55517578125 -16.78466796875 7.62939453125 1131398
-31.55517578125 -16.78466796875 7.62939453125 1131398
-31.55517578125 -16.78466796875 7.62939453125 1131497
-30.1513671875 -22.3388671875 8.7890625 1131499
-30.1513671875 -22.3388671875 8.7890625 1131500
-30.1513671875 -22.3388671875 8.7890625 1131501
-30.1513671875 -22.3388671875 8.7890625 1131502
-30.1513671875 -22.3388671875 8.7890625 1131600
7.99560546875 -3.0517578125 4.57763671875 1131601
7.99560546875 -3.0517578125 4.57763671875 1131602
7.99560546875 -3.0517578125 4.57763671875 1131603
7.99560546875 -3.0517578125 4.57763671875 1131603
7.99560546875 -3.0517578125 4.57763671875 1131705
5.92041015625 13.12255859375 4.21142578125 1131706
5.92041015625 13.12255859375 4.21142578125 1131707
5.92041015625 13.12255859375 4.21142578125 1131708
5.92041015625 13.12255859375 4.21142578125 1131709
-23.193359375 -16.6015625 8.11767578125 1131772
-23.193359375 -16.6015625 8.11767578125 1131892
-20.751953125 -39.9169921875 1.03759765625 1131893
-20.751953125 -39.9169921875 1.03759765625 1131894
-20.751953125 -39.9169921875 1.03759765625 1131894
-20.751953125 -39.9169921875 1.03759765625 1131895
-20.751953125 -39.9169921875 1.03759765625 1131997
2.3193359375 8.97216796875 24.2919921875 1131998
2.3193359375 8.97216796875 24.2919921875 1131998
2.3193359375 8.97216796875 24.2919921875 1131999
2.3193359375 8.97216796875 24.2919921875 1132000
2.3193359375 8.97216796875 24.2919921875 1132097
-44.43359375 -89.2333984375 8.72802734375 1132098
-44.43359375 -89.2333984375 8.72802734375 1132099
-44.43359375 -89.2333984375 8.72802734375 1132100
-44.43359375 -89.2333984375 8.72802734375 1132100
-44.43359375 -89.2333984375 8.72802734375 1132201
10.498046875 7.38525390625 -1.5869140625 1132202
10.498046875 7.38525390625 -1.5869140625 1132203
10.498046875 7.38525390625 -1.5869140625 1132204
10.498046875 7.38525390625 -1.5869140625 1132205
21.484375 24.4140625 3.662109375 1132272
21.484375 24.4140625 3.662109375 1132390
13.18359375 30.82275390625 20.69091796875 1132391
13.18359375 30.82275390625 20.69091796875 1132392
13.18359375 30.82275390625 20.69091796875 1132393
13.18359375 30.82275390625 20.69091796875 1132394
13.18359375 30.82275390625 20.69091796875 1132498
15.19775390625 31.982421875 4.8828125 1132499
15.19775390625 31.982421875 4.8828125 1132500
15.19775390625 31.982421875 4.8828125 1132501
15.19775390625 31.982421875 4.8828125 1132502
15.19775390625 31.982421875 4.8828125 1132601
12.14599609375 3.5400390625 11.962890625 1132602
12.14599609375 3.5400390625 11.962890625 1132603
12.14599609375 3.5400390625 11.962890625 1132603
12.14599609375 3.5400390625 11.962890625 1132604
12.14599609375 3.5400390625 11.962890625 1132703
1.52587890625 -4.8828125 2.5634765625 1132705
1.52587890625 -4.8828125 2.5634765625 1132706
1.52587890625 -4.8828125 2.5634765625 1132707
1.52587890625 -4.8828125 2.5634765625 1132707
1.52587890625 -4.8828125 2.5634765625 1132804
-0.244140625 -16.2353515625 7.6904296875 1132805
-6.89697265625 -12.87841796875 9.033203125 1132874
-6.89697265625 -12.87841796875 9.033203125 1132875
-6.89697265625 -12.87841796875 9.033203125 1132876
-6.89697265625 -12.87841796875 9.033203125 1132876
-6.89697265625 -12.87841796875 9.033203125 1132993
-11.53564453125 -36.865234375 14.58740234375 1132994
-11.53564453125 -36.865234375 14.58740234375 1132995
-11.53564453125 -36.865234375 14.58740234375 1132996
-11.53564453125 -36.865234375 14.58740234375 1132996
-19.10400390625 -51.6357421875 10.07080078125 1133090
-19.10400390625 -51.6357421875 10.07080078125 1133179
-1.953125 -11.962890625 -7.080078125 1133180
-1.953125 -11.962890625 -7.080078125 1133182
-1.953125 -11.962890625 -7.080078125 1133182
-1.953125 -11.962890625 -7.080078125 1133183
-1.953125 -11.962890625 -7.080078125 1133293
-1.953125 -21.91162109375 4.150390625 1133294
-1.953125 -21.91162109375 4.150390625 1133295
-1.953125 -21.91162109375 4.150390625 1133296
-1.953125 -21.91162109375 4.150390625 1133297
-1.953125 -21.91162109375 4.150390625 1133398
-19.6533203125 -30.09033203125 -2.9296875 1133399
-19.6533203125 -30.09033203125 -2.9296875 1133400
-19.6533203125 -30.09033203125 -2.9296875 1133402
-19.6533203125 -30.09033203125 -2.9296875 1133403
-22.27783203125 -38.02490234375 17.51708984375 1133497
-22.27783203125 -38.02490234375 17.51708984375 1133600
-11.1083984375 -20.5078125 -2.197265625 1133601
-11.1083984375 -20.5078125 -2.197265625 1133602
-11.1083984375 -20.5078125 -2.197265625 1133603
-11.1083984375 -20.5078125 -2.197265625 1133604
-11.1083984375 -20.5078125 -2.197265625 1133701
-7.26318359375 4.39453125 1.220703125 1133702
-7.26318359375 4.39453125 1.220703125 1133703
-7.26318359375 4.39453125 1.220703125 1133704
-7.26318359375 4.39453125 1.220703125 1133704
-10.55908203125 -6.40869140625 -8.48388671875 1133774
-10.55908203125 -6.40869140625 -8.48388671875 1133893
-11.16943359375 -5.92041015625 2.74658203125 1133894
-11.16943359375 -5.92041015625 2.74658203125 1133895
-11.16943359375 -5.92041015625 2.74658203125 1133895
-11.16943359375 -5.92041015625 2.74658203125 1133896
-11.16943359375 -5.92041015625 2.74658203125 1133995
-8.7890625 -11.3525390625 -0.6103515625 1133996
-8.7890625 -11.3525390625 -0.6103515625 1133997
-8.7890625 -11.3525390625 -0.6103515625 1133998
-8.7890625 -11.3525390625 -0.6103515625 1133998
-8.7890625 -11.3525390625 -0.6103515625 1134098
2.62451171875 6.7138671875 -4.8828125 1134099
2.62451171875 6.7138671875 -4.8828125 1134099
2.62451171875 6.7138671875 -4.8828125 1134100
2.62451171875 6.7138671875 -4.8828125 1134101
2.62451171875 6.7138671875 -4.8828125 1134200
5.7373046875 9.09423828125 -3.2958984375 1134201
5.7373046875 9.09423828125 -3.2958984375 1134202
5.7373046875 9.09423828125 -3.2958984375 1134202
5.7373046875 9.09423828125 -3.2958984375 1134203
5.7373046875 9.09423828125 -3.2958984375 1134303
9.765625 5.92041015625 -8.11767578125 1134304
9.765625 5.92041015625 -8.11767578125 1134305
9.765625 5.92041015625 -8.11767578125 1134306
9.765625 5.92041015625 -8.11767578125 1134307
7.2021484375 23.86474609375 -3.2958984375 1134373
7.2021484375 23.86474609375 -3.2958984375 1134492
-3.35693359375 -4.0283203125 -2.9296875 1134493
-3.35693359375 -4.0283203125 -2.9296875 1134494
-3.35693359375 -4.0283203125 -2.9296875 1134496
-3.35693359375 -4.0283203125 -2.9296875 1134497
-3.35693359375 -4.0283203125 -2.9296875 1134595
1.3427734375 4.5166015625 3.5400390625 1134596
1.3427734375 4.5166015625 3.5400390625 1134596
1.3427734375 4.5166015625 3.5400390625 1134597
1.3427734375 4.5166015625 3.5400390625 1134598
1.8310546875 1.220703125 0.732421875 1134698
1.8310546875 1.220703125 0.732421875 1134699
1.8310546875 1.220703125 0.732421875 1134700
1.8310546875 1.220703125 0.732421875 1134701
1.8310546875 1.220703125 0.732421875 1134801
-2.5634765625 -7.080078125 -0.06103515625 1134801
-2.5634765625 -7.080078125 -0.06103515625 1134802
-2.5634765625 -7.080078125 -0.06103515625 1134804
-2.5634765625 -7.080078125 -0.06103515625 1134805
-2.5634765625 -7.080078125 -0.06103515625 1134903
-6.591796875 5.79833984375 4.08935546875 1134904
-6.591796875 5.79833984375 4.08935546875 1134905
-6.591796875 5.79833984375 4.08935546875 1134923
-6.591796875 5.79833984375 4.08935546875 1134924
-8.6669921875 3.0517578125 -1.220703125 1134974
-8.6669921875 3.0517578125 -1.220703125 1135088
-9.033203125 -14.34326171875 -3.41796875 1135089
-9.033203125 -14.34326171875 -3.41796875 1135090
-9.033203125 -14.34326171875 -3.41796875 1135091
-9.033203125 -14.34326171875 -3.41796875 1135092
-9.033203125 -14.34326171875 -3.41796875 1135196
-19.47021484375 -30.09033203125 7.38525390625 1135198
-19.47021484375 -30.09033203125 7.38525390625 1135198
-19.47021484375 -30.09033203125 7.38525390625 1135199
-19.47021484375 -30.09033203125 7.38525390625 1135200
-19.47021484375 -30.09033203125 7.38525390625 1135300
0.6103515625 13.97705078125 -13.97705078125 1135300
0.6103515625 13.97705078125 -13.97705078125 1135301
0.6103515625 13.97705078125 -13.97705078125 1135302
0.6103515625 13.97705078125 -13.97705078125 1135302
0.6103515625 13.97705078125 -13.97705078125 1135401
-2.38037109375 12.02392578125 0.48828125 1135401
-2.38037109375 12.02392578125 0.48828125 1135402
-2.38037109375 12.02392578125 0.48828125 1135403
-2.38037109375 12.02392578125 0.48828125 1135404
-2.38037109375 12.02392578125 0.48828125 1135505
-6.04248046875 -3.90625 -0.8544921875 1135506
-6.04248046875 -3.90625 -0.8544921875 1135507
-6.04248046875 -3.90625 -0.8544921875 1135508
-6.04248046875 -3.90625 -0.8544921875 1135508
-0.42724609375 0.6103515625 -3.41796875 1135575
-0.42724609375 0.6103515625 -3.41796875 1135695
-2.38037109375 6.4697265625 0.48828125 1135695
-2.38037109375 6.4697265625 0.48828125 1135696
-2.38037109375 6.4697265625 0.48828125 1135697
-2.38037109375 6.4697265625 0.48828125 1135698
-2.38037109375 6.4697265625 0.48828125 1135797
0.9765625 3.72314453125 -2.25830078125 1135798
0.9765625 3.72314453125 -2.25830078125 1135799
0.9765625 3.72314453125 -2.25830078125 1135801
0.9765625 3.72314453125 -2.25830078125 1135802
0.9765625 3.72314453125 -2.25830078125 1135899
-0.244140625 3.60107421875 3.72314453125 1135900
-0.244140625 3.60107421875 3.72314453125 1135901
-0.244140625 3.60107421875 3.72314453125 1135901
-0.244140625 3.60107421875 3.72314453125 1135902
-0.244140625 3.60107421875 3.72314453125 1136001
-4.638671875 1.0986328125 -1.77001953125 1136002
-4.638671875 1.0986328125 -1.77001953125 1136003
-4.638671875 1.0986328125 -1.77001953125 1136004
-4.638671875 1.0986328125 -1.77001953125 1136004
-4.638671875 1.0986328125 -1.77001953125 1136102
1.0986328125 -0.30517578125 -3.662109375 1136103
1.0986328125 -0.30517578125 -3.662109375 1136104
1.0986328125 -0.30517578125 -3.662109375 1136105
1.0986328125 -0.30517578125 -3.662109375 1136106
-1.28173828125 0.732421875 -3.47900390625 1136175
-1.28173828125 0.732421875 -3.47900390625 1136290
-4.39453125 1.953125 -3.41796875 1136293
-4.39453125 1.953125 -3.41796875 1136293
-4.39453125 1.953125 -3.41796875 1136294
-4.39453125 1.953125 -3.41796875 1136294
0.18310546875 -1.708984375 -3.72314453125 1136381
0.18310546875 -1.708984375 -3.72314453125 1136484
3.173828125 -0.30517578125 -0.18310546875 1136504
3.173828125 -0.30517578125 -0.18310546875 1136505
3.173828125 -0.30517578125 -0.18310546875 1136505
3.173828125 -0.30517578125 -0.18310546875 1136506
-3.41796875 0 -6.34765625 1136577
-3.41796875 0 -6.34765625 1136698
0 1.15966796875 -6.04248046875 1136698
0 1.15966796875 -6.04248046875 1136699
0 1.15966796875 -6.04248046875 1136700
0 1.15966796875 -6.04248046875 1136700
1.28173828125 2.50244140625 -0.06103515625 1136802
1.28173828125 2.50244140625 -0.06103515625 1136803
1.28173828125 2.50244140625 -0.06103515625 1136804
1.28173828125 2.50244140625 -0.06103515625 1136804
1.28173828125 2.50244140625 -0.06103515625 1136881
-2.13623046875 0.30517578125 -4.8828125 1136882
-2.13623046875 0.30517578125 -4.8828125 1137001
2.9296875 0 -1.0986328125 1137002
2.9296875 0 -1.0986328125 1137003
2.9296875 0 -1.0986328125 1137003
2.9296875 0 -1.0986328125 1137004
2.9296875 0 -1.0986328125 1137107
-0.244140625 1.15966796875 0.9765625 1137108
-0.244140625 1.15966796875 0.9765625 1137108
-0.244140625 1.15966796875 0.9765625 1137109
-0.244140625 1.15966796875 0.9765625 1137110
-3.662109375 1.708984375 -0.67138671875 1137176
-3.662109375 1.708984375 -0.67138671875 1137296
-0.8544921875 -1.3427734375 -2.197265625 1137297
-0.8544921875 -1.3427734375 -2.197265625 1137298
-0.8544921875 -1.3427734375 -2.197265625 1137299
-0.8544921875 -1.3427734375 -2.197265625 1137300
-0.8544921875 -1.3427734375 -2.197265625 1137402
-2.13623046875 -3.96728515625 -6.77490234375 1137403
-2.13623046875 -3.96728515625 -6.77490234375 1137404
-2.13623046875 -3.96728515625 -6.77490234375 1137405
-2.13623046875 -3.96728515625 -6.77490234375 1137406
-1.03759765625 6.103515625 0.732421875 1137492
-1.03759765625 6.103515625 0.732421875 1137586
0.30517578125 3.0517578125 -1.220703125 1137587
0.30517578125 3.0517578125 -1.220703125 1137588
0.30517578125 3.0517578125 -1.220703125 1137589
0.30517578125 3.0517578125 -1.220703125 1137590
0.30517578125 3.0517578125 -1.220703125 1137691
2.8076171875 0.6103515625 -3.72314453125 1137692
2.8076171875 0.6103515625 -3.72314453125 1137692
2.8076171875 0.6103515625 -3.72314453125 1137693
2.8076171875 0.6103515625 -3.72314453125 1137694
2.8076171875 0.6103515625 -3.72314453125 1137793
4.0283203125 6.53076171875 1.03759765625 1137794
4.0283203125 6.53076171875 1.03759765625 1137795
4.0283203125 6.53076171875 1.03759765625 1137796
4.0283203125 6.53076171875 1.03759765625 1137797
4.0283203125 6.53076171875 1.03759765625 1137898
-4.638671875 -2.86865234375 -4.57763671875 1137899
-4.638671875 -2.86865234375 -4.57763671875 1137899
-4.638671875 -2.86865234375 -4.57763671875 1137900
-4.638671875 -2.86865234375 -4.57763671875 1137901
-4.638671875 -2.86865234375 -4.57763671875 1138000
-3.60107421875 0.732421875 -3.96728515625 1138001
-3.60107421875 0.732421875 -3.96728515625 1138002
-3.60107421875 0.732421875 -3.96728515625 1138003
-3.60107421875 0.732421875 -3.96728515625 1138004
-3.60107421875 0.732421875 -3.96728515625 1138103
0.244140625 1.64794921875 -0.91552734375 1138104
0.244140625 1.64794921875 -0.91552734375 1138104
0.244140625 1.64794921875 -0.91552734375 1138105
0.244140625 1.64794921875 -0.91552734375 1138105
0.244140625 1.64794921875 -0.91552734375 1138210
-2.8076171875 0.244140625 0 1138212
-2.8076171875 0.244140625 0 1138212
-2.8076171875 0.244140625 0 1138213
-2.8076171875 0.244140625 0 1138214
-7.14111328125 0 -2.9296875 1138305
-7.14111328125 0 -2.9296875 1138376
1.40380859375 0.54931640625 -0.91552734375 1138377
1.40380859375 0.54931640625 -0.91552734375 1138377
1.40380859375 0.54931640625 -0.91552734375 1138378
1.40380859375 0.54931640625 -0.91552734375 1138379
1.40380859375 0.54931640625 -0.91552734375 1138495
4.5166015625 2.38037109375 -3.96728515625 1138496
4.5166015625 2.38037109375 -3.96728515625 1138497
4.5166015625 2.38037109375 -3.96728515625 1138497
4.5166015625 2.38037109375 -3.96728515625 1138498
4.5166015625 2.38037109375 -3.96728515625 1138598
1.89208984375 6.65283203125 -1.28173828125 1138599
1.89208984375 6.65283203125 -1.28173828125 1138599
1.89208984375 6.65283203125 -1.28173828125 1138600
1.89208984375 6.65283203125 -1.28173828125 1138601
1.89208984375 6.65283203125 -1.28173828125 1138701
-4.69970703125 0.6103515625 0.9765625 1138702
-4.69970703125 0.6103515625 0.9765625 1138703
-4.69970703125 0.6103515625 0.9765625 1138703
-4.69970703125 0.6103515625 0.9765625 1138704
-4.69970703125 0.6103515625 0.9765625 1138803
-5.4931640625 -6.28662109375 -3.41796875 1138804
-5.4931640625 -6.28662109375 -3.41796875 1138805
-5.4931640625 -6.28662109375 -3.41796875 1138806
-5.4931640625 -6.28662109375 -3.41796875 1138807
-5.4931640625 -6.28662109375 -3.41796875 1138905
2.13623046875 5.31005859375 1.220703125 1138906
2.13623046875 5.31005859375 1.220703125 1138907
2.13623046875 5.31005859375 1.220703125 1138907
2.13623046875 5.31005859375 1.220703125 1138908
2.13623046875 5.31005859375 1.220703125 1139009
2.25830078125 5.79833984375 -1.3427734375 1139010
2.25830078125 5.79833984375 -1.3427734375 1139011
2.25830078125 5.79833984375 -1.3427734375 1139012
2.25830078125 5.79833984375 -1.3427734375 1139013
-1.46484375 -1.953125 -0.6103515625 1139081
-1.46484375 -1.953125 -0.6103515625 1139201
-2.8076171875 -0.54931640625 -2.25830078125 1139202
-2.8076171875 -0.54931640625 -2.25830078125 1139203
-2.8076171875 -0.54931640625 -2.25830078125 1139204
-2.8076171875 -0.54931640625 -2.25830078125 1139204
-2.8076171875 -0.54931640625 -2.25830078125 1139306
4.69970703125 1.15966796875 -0.79345703125 1139307
4.69970703125 1.15966796875 -0.79345703125 1139308
4.69970703125 1.15966796875 -0.79345703125 1139309
4.69970703125 1.15966796875 -0.79345703125 1139310
5.9814453125 3.0517578125 -4.45556640625 1139406
5.9814453125 3.0517578125 -4.45556640625 1139493
-2.62451171875 1.77001953125 -1.15966796875 1139494
-2.62451171875 1.77001953125 -1.15966796875 1139495
-2.62451171875 1.77001953125 -1.15966796875 1139496
-2.62451171875 1.77001953125 -1.15966796875 1139497
-5.0048828125 -3.41796875 -4.5166015625 1139580
-5.0048828125 -3.41796875 -4.5166015625 1139698
-2.74658203125 1.28173828125 -4.33349609375 1139699
-2.74658203125 1.28173828125 -4.33349609375 1139699
-2.74658203125 1.28173828125 -4.33349609375 1139700
-2.74658203125 1.28173828125 -4.33349609375 1139701
-2.74658203125 1.28173828125 -4.33349609375 1139800
-1.03759765625 0.91552734375 -1.89208984375 1139801
-1.03759765625 0.91552734375 -1.89208984375 1139802
-1.03759765625 0.91552734375 -1.89208984375 1139802
-1.03759765625 0.91552734375 -1.89208984375 1139803
-2.9296875 1.46484375 -0.54931640625 1139904
-2.9296875 1.46484375 -0.54931640625 1139905
-2.9296875 1.46484375 -0.54931640625 1139905
-2.9296875 1.46484375 -0.54931640625 1139906
-2.9296875 1.46484375 -0.54931640625 1140007
-6.04248046875 0.8544921875 0 1140008
-6.04248046875 0.8544921875 0 1140008
-6.04248046875 0.8544921875 0 1140009
-6.04248046875 0.8544921875 0 1140010
0.30517578125 0.3662109375 -2.50244140625 1140077
0.30517578125 0.3662109375 -2.50244140625 1140198
3.0517578125 -2.13623046875 -5.67626953125 1140199
3.0517578125 -2.13623046875 -5.67626953125 1140200
3.0517578125 -2.13623046875 -5.67626953125 1140200
3.0517578125 -2.13623046875 -5.67626953125 1140201
3.0517578125 -2.13623046875 -5.67626953125 1140298
-0.48828125 4.7607421875 -0.79345703125 1140300
-0.48828125 4.7607421875 -0.79345703125 1140301
-0.48828125 4.7607421875 -0.79345703125 1140302
-0.48828125 4.7607421875 -0.79345703125 1140303
-0.48828125 4.7607421875 -0.79345703125 1140402
-2.197265625 -1.5869140625 -5.37109375 1140402
-2.197265625 -1.5869140625 -5.37109375 1140403
-2.197265625 -1.5869140625 -5.37109375 1140404
-2.197265625 -1.5869140625 -5.37109375 1140405
-2.197265625 -1.5869140625 -5.37109375 1140503
-4.0283203125 -1.0986328125 -2.01416015625 1140504
-4.0283203125 -1.0986328125 -2.01416015625 1140505
-4.0283203125 -1.0986328125 -2.01416015625 1140507
-4.0283203125 -1.0986328125 -2.01416015625 1140507
-4.0283203125 -1.0986328125 -2.01416015625 1140606
-1.953125 0.6103515625 1.28173828125 1140607
-1.953125 0.6103515625 1.28173828125 1140608
-1.953125 0.6103515625 1.28173828125 1140608
-1.953125 0.6103515625 1.28173828125 1140609
-1.953125 0.6103515625 1.28173828125 1140708
-1.28173828125 0.79345703125 -5.126953125 1140709
-1.28173828125 0.79345703125 -5.126953125 1140710
-1.28173828125 0.79345703125 -5.126953125 1140711
-1.28173828125 0.79345703125 -5.126953125 1140712
-5.18798828125 -1.40380859375 -3.5400390625 1140780
-5.18798828125 -1.40380859375 -3.5400390625 1140898
-4.94384765625 0.3662109375 -4.08935546875 1140899
-4.94384765625 0.3662109375 -4.08935546875 1140900
-4.94384765625 0.3662109375 -4.08935546875 1140901
-4.94384765625 0.3662109375 -4.08935546875 1140901
-4.94384765625 0.3662109375 -4.08935546875 1141001
-0.67138671875 1.0986328125 -2.62451171875 1141002
-0.67138671875 1.0986328125 -2.62451171875 1141003
-0.67138671875 1.0986328125 -2.62451171875 1141003
-0.67138671875 1.0986328125 -2.62451171875 1141004
-0.67138671875 1.0986328125 -2.62451171875 1141104
-5.859375 -1.28173828125 -2.74658203125 1141105
-5.859375 -1.28173828125 -2.74658203125 1141106
-5.859375 -1.28173828125 -2.74658203125 1141106
-5.859375 -1.28173828125 -2.74658203125 1141107
-5.859375 -1.28173828125 -2.74658203125 1141206
-3.173828125 -1.77001953125 -2.99072265625 1141206
-3.173828125 -1.77001953125 -2.99072265625 1141207
-3.173828125 -1.77001953125 -2.99072265625 1141208
-3.173828125 -1.77001953125 -2.99072265625 1141208
-3.173828125 -1.77001953125 -2.99072265625 1141310
-5.0048828125 0.30517578125 -4.69970703125 1141310
-5.0048828125 0.30517578125 -4.69970703125 1141311
-5.0048828125 0.30517578125 -4.69970703125 1141312
-5.0048828125 0.30517578125 -4.69970703125 1141312
-1.0986328125 1.15966796875 -3.96728515625 1141380
-1.0986328125 1.15966796875 -3.96728515625 1141498
-2.13623046875 2.74658203125 -1.8310546875 1141499
-2.13623046875 2.74658203125 -1.8310546875 1141500
-2.13623046875 2.74658203125 -1.8310546875 1141501
-2.13623046875 2.74658203125 -1.8310546875 1141501
-2.13623046875 2.74658203125 -1.8310546875 1141602
-3.662109375 1.28173828125 1.89208984375 1141603
-3.662109375 1.28173828125 1.89208984375 1141603
-3.662109375 1.28173828125 1.89208984375 1141604
-3.662109375 1.28173828125 1.89208984375 1141605
1.77001953125 -1.0986328125 -3.11279296875 1141705
1.77001953125 -1.0986328125 -3.11279296875 1141706
1.77001953125 -1.0986328125 -3.11279296875 1141706
1.77001953125 -1.0986328125 -3.11279296875 1141707
1.77001953125 -1.0986328125 -3.11279296875 1141807
-2.44140625 1.5869140625 -3.72314453125 1141808
-2.44140625 1.5869140625 -3.72314453125 1141809
-2.44140625 1.5869140625 -3.72314453125 1141809
-2.44140625 1.5869140625 -3.72314453125 1141810
-1.3427734375 1.89208984375 -0.9765625 1141878
-1.3427734375 1.89208984375 -0.9765625 1142000
1.220703125 0.244140625 -0.3662109375 1142001
1.220703125 0.244140625 -0.3662109375 1142001
1.220703125 0.244140625 -0.3662109375 1142002
1.220703125 0.244140625 -0.3662109375 1142003
1.220703125 0.244140625 -0.3662109375 1142102
5.7373046875 2.9296875 -0.3662109375 1142103
5.7373046875 2.9296875 -0.3662109375 1142104
5.7373046875 2.9296875 -0.3662109375 1142105
5.7373046875 2.9296875 -0.3662109375 1142106
5.7373046875 2.9296875 -0.3662109375 1142205
-0.42724609375 3.7841796875 -3.84521484375 1142206
-0.42724609375 3.7841796875 -3.84521484375 1142207
-0.42724609375 3.7841796875 -3.84521484375 1142208
-0.42724609375 3.7841796875 -3.84521484375 1142209
-0.42724609375 3.7841796875 -3.84521484375 1142310
-4.94384765625 -1.708984375 -0.67138671875 1142311
-4.94384765625 -1.708984375 -0.67138671875 1142312
-4.94384765625 -1.708984375 -0.67138671875 1142312
-4.94384765625 -1.708984375 -0.67138671875 1142314
-5.2490234375 -3.11279296875 -1.3427734375 1142380
-5.2490234375 -3.11279296875 -1.3427734375 1142500
4.0283203125 2.685546875 -0.244140625 1142501
4.0283203125 2.685546875 -0.244140625 1142501
4.0283203125 2.685546875 -0.244140625 1142502
4.0283203125 2.685546875 -0.244140625 1142502
4.0283203125 2.685546875 -0.244140625 1142601
0.3662109375 1.8310546875 -3.2958984375 1142602
0.3662109375 1.8310546875 -3.2958984375 1142603
0.3662109375 1.8310546875 -3.2958984375 1142604
0.3662109375 1.8310546875 -3.2958984375 1142605
3.41796875 -0.79345703125 2.197265625 1142698
3.41796875 -0.79345703125 2.197265625 1142779
-3.84521484375 0.6103515625 -3.7841796875 1142780
-3.84521484375 0.6103515625 -3.7841796875 1142780
-3.84521484375 0.6103515625 -3.7841796875 1142781
-3.84521484375 0.6103515625 -3.7841796875 1142782
-3.84521484375 0.6103515625 -3.7841796875 1142899
2.01416015625 0 -5.55419921875 1142900
2.01416015625 0 -5.55419921875 1142900
2.01416015625 0 -5.55419921875 1142902
2.01416015625 0 -5.55419921875 1142902
2.01416015625 0 -5.55419921875 1143001
-1.77001953125 0.48828125 0.54931640625 1143002
-1.77001953125 0.48828125 0.54931640625 1143003
-1.77001953125 0.48828125 0.54931640625 1143004
-1.77001953125 0.48828125 0.54931640625 1143004
-1.77001953125 0.48828125 0.54931640625 1143105
-2.0751953125 2.62451171875 -2.9296875 1143106
-2.0751953125 2.62451171875 -2.9296875 1143107
-2.0751953125 2.62451171875 -2.9296875 1143107
-2.0751953125 2.62451171875 -2.9296875 1143108
-2.0751953125 2.62451171875 -2.9296875 1143207
-3.96728515625 -0.54931640625 -1.40380859375 1143208
-3.96728515625 -0.54931640625 -1.40380859375 1143209
-3.96728515625 -0.54931640625 -1.40380859375 1143209
-3.96728515625 -0.54931640625 -1.40380859375 1143210
-3.96728515625 -0.54931640625 -1.40380859375 1143311
-3.2958984375 -0.54931640625 2.44140625 1143312
-3.2958984375 -0.54931640625 2.44140625 1143313
-3.2958984375 -0.54931640625 2.44140625 1143314
-3.2958984375 -0.54931640625 2.44140625 1143315
-0.48828125 -0.30517578125 -4.33349609375 1143381
-0.48828125 -0.30517578125 -4.33349609375 1143499
3.11279296875 2.8076171875 -3.7841796875 1143500
3.11279296875 2.8076171875 -3.7841796875 1143500
3.11279296875 2.8076171875 -3.7841796875 1143501
3.11279296875 2.8076171875 -3.7841796875 1143503
3.11279296875 2.8076171875 -3.7841796875 1143601
-2.197265625 2.5634765625 1.708984375 1143601
-2.197265625 2.5634765625 1.708984375 1143603
-2.197265625 2.5634765625 1.708984375 1143604
-2.197265625 2.5634765625 1.708984375 1143604
-2.197265625 2.5634765625 1.708984375 1143703
-4.08935546875 -2.86865234375 -3.47900390625 1143704
-4.08935546875 -2.86865234375 -3.47900390625 1143705
-4.08935546875 -2.86865234375 -3.47900390625 1143706
-4.08935546875 -2.86865234375 -3.47900390625 1143707
-4.08935546875 -2.86865234375 -3.47900390625 1143806
-0.6103515625 -0.30517578125 -2.5634765625 1143807
-0.6103515625 -0.30517578125 -2.5634765625 1143808
-0.6103515625 -0.30517578125 -2.5634765625 1143808
-0.6103515625 -0.30517578125 -2.5634765625 1143809
-0.6103515625 -0.30517578125 -2.5634765625 1143909
-3.23486328125 1.708984375 -4.08935546875 1143910
-3.23486328125 1.708984375 -4.08935546875 1143911
-3.23486328125 1.708984375 -4.08935546875 1143912
-3.23486328125 1.708984375 -4.08935546875 1143912
-3.23486328125 1.708984375 -4.08935546875 1144010
6.77490234375 1.89208984375 -2.3193359375 1144011
6.77490234375 1.89208984375 -2.3193359375 1144012
6.77490234375 1.89208984375 -2.3193359375 1144013
6.77490234375 1.89208984375 -2.3193359375 1144013
-3.7841796875 -0.30517578125 -0.91552734375 1144081
-3.7841796875 -0.30517578125 -0.91552734375 1144201
-7.8125 1.15966796875 -5.2490234375 1144202
-7.8125 1.15966796875 -5.2490234375 1144203
-7.8125 1.15966796875 -5.2490234375 1144204
-7.8125 1.15966796875 -5.2490234375 1144205
-7.8125 1.15966796875 -5.2490234375 1144302
-1.953125 0.1220703125 0.54931640625 1144303
-1.953125 0.1220703125 0.54931640625 1144303
-1.953125 0.1220703125 0.54931640625 1144304
-1.953125 0.1220703125 0.54931640625 1144305
-1.953125 0.1220703125 0.54931640625 1144408
-2.9296875 0 -1.220703125 1144409
-2.9296875 0 -1.220703125 1144410
-2.9296875 0 -1.220703125 1144411
-2.9296875 0 -1.220703125 1144412
-2.9296875 0 -1.220703125 1144513
-4.0283203125 3.173828125 -2.197265625 1144515
-4.0283203125 3.173828125 -2.197265625 1144515
-4.0283203125 3.173828125 -2.197265625 1144516
-4.0283203125 3.173828125 -2.197265625 1144517
0 1.5869140625 -0.1220703125 1144607
0 1.5869140625 -0.1220703125 1144704
0.3662109375 -0.8544921875 -3.2958984375 1144705
0.3662109375 -0.8544921875 -3.2958984375 1144706
0.3662109375 -0.8544921875 -3.2958984375 1144706
0.3662109375 -0.8544921875 -3.2958984375 1144707
0.3662109375 -0.8544921875 -3.2958984375 1144807
5.31005859375 0.1220703125 -4.5166015625 1144808
5.31005859375 0.1220703125 -4.5166015625 1144809
5.31005859375 0.1220703125 -4.5166015625 1144810
5.31005859375 0.1220703125 -4.5166015625 1144811
5.31005859375 0.1220703125 -4.5166015625 1144909
-2.38037109375 4.0283203125 0.1220703125 1144910
-2.38037109375 4.0283203125 0.1220703125 1144911
-2.38037109375 4.0283203125 0.1220703125 1144912
-2.38037109375 4.0283203125 0.1220703125 1144913
-5.7373046875 -0.244140625 0.06103515625 1144983
-5.7373046875 -0.244140625 0.06103515625 1145099
-2.8076171875 -1.89208984375 -6.7138671875 1145100
-2.8076171875 -1.89208984375 -6.7138671875 1145101
-2.8076171875 -1.89208984375 -6.7138671875 1145101
-2.8076171875 -1.89208984375 -6.7138671875 1145102
-2.8076171875 -1.89208984375 -6.7138671875 1145227
0.30517578125 2.0751953125 0.48828125 1145228
0.30517578125 2.0751953125 0.48828125 1145229
0.30517578125 2.0751953125 0.48828125 1145229
0.30517578125 2.0751953125 0.48828125 1145230
-4.0283203125 1.28173828125 0.06103515625 1145306
-4.0283203125 1.28173828125 0.06103515625 1145408
-2.5634765625 -0.79345703125 -2.44140625 1145409
-2.5634765625 -0.79345703125 -2.44140625 1145410
-2.5634765625 -0.79345703125 -2.44140625 1145410
-2.5634765625 -0.79345703125 -2.44140625 1145411
-2.5634765625 -0.79345703125 -2.44140625 1145511
2.685546875 2.74658203125 0.30517578125 1145512
2.685546875 2.74658203125 0.30517578125 1145513
2.685546875 2.74658203125 0.30517578125 1145514
2.685546875 2.74658203125 0.30517578125 1145514
-1.5869140625 0 -4.39453125 1145581
-1.5869140625 0 -4.39453125 1145700
0.6103515625 3.0517578125 -2.685546875 1145701
0.6103515625 3.0517578125 -2.685546875 1145702
0.6103515625 3.0517578125 -2.685546875 1145703
0.6103515625 3.0517578125 -2.685546875 1145704
0.6103515625 3.0517578125 -2.685546875 1145802
-5.2490234375 -2.5634765625 -0.54931640625 1145803
-5.2490234375 -2.5634765625 -0.54931640625 1145804
-5.2490234375 -2.5634765625 -0.54931640625 1145805
-5.2490234375 -2.5634765625 -0.54931640625 1145807
-5.2490234375 -2.5634765625 -0.54931640625 1145908
-0.8544921875 1.8310546875 -1.15966796875 1145908
-0.8544921875 1.8310546875 -1.15966796875 1145909
-0.8544921875 1.8310546875 -1.15966796875 1145910
-0.8544921875 1.8310546875 -1.15966796875 1145910
-0.8544921875 1.8310546875 -1.15966796875 1146011
0.30517578125 3.2958984375 -5.0048828125 1146012
0.30517578125 3.2958984375 -5.0048828125 1146013
0.30517578125 3.2958984375 -5.0048828125 1146013
0.30517578125 3.2958984375 -5.0048828125 1146014
0.30517578125 3.2958984375 -5.0048828125 1146112
-1.46484375 0.244140625 -3.60107421875 1146113
-1.46484375 0.244140625 -3.60107421875 1146114
-1.46484375 0.244140625 -3.60107421875 1146115
-1.46484375 0.244140625 -3.60107421875 1146115
-2.99072265625 1.64794921875 -0.732421875 1146182
-2.99072265625 1.64794921875 -0.732421875 1146301
-3.84521484375 0.8544921875 -3.84521484375 1146303
-3.84521484375 0.8544921875 -3.84521484375 1146304
-3.84521484375 0.8544921875 -3.84521484375 1146305
-3.84521484375 0.8544921875 -3.84521484375 1146306
-3.84521484375 0.8544921875 -3.84521484375 1146404
2.13623046875 0.06103515625 -3.72314453125 1146405
2.13623046875 0.06103515625 -3.72314453125 1146405
2.13623046875 0.06103515625 -3.72314453125 1146406
2.13623046875 0.06103515625 -3.72314453125 1146407
2.13623046875 0.06103515625 -3.72314453125 1146506
0.732421875 0 -5.67626953125 1146507
0.732421875 0 -5.67626953125 1146508
0.732421875 0 -5.67626953125 1146509
0.732421875 0 -5.67626953125 1146510
0.732421875 0 -5.67626953125 1146610
0.3662109375 -2.44140625 -0.9765625 1146611
0.3662109375 -2.44140625 -0.9765625 1146612
0.3662109375 -2.44140625 -0.9765625 1146613
0.3662109375 -2.44140625 -0.9765625 1146613
0.3662109375 -2.44140625 -0.9765625 1146711
-1.0986328125 1.28173828125 1.46484375 1146712
-1.0986328125 1.28173828125 1.46484375 1146713
-1.0986328125 1.28173828125 1.46484375 1146714
-1.0986328125 1.28173828125 1.46484375 1146715
-1.64794921875 1.03759765625 -2.13623046875 1146782
-1.64794921875 1.03759765625 -2.13623046875 1146901
0.79345703125 -0.244140625 -2.685546875 1146902
0.79345703125 -0.244140625 -2.685546875 1146902
0.79345703125 -0.244140625 -2.685546875 1146903
0.79345703125 -0.244140625 -2.685546875 1146904
0.79345703125 -0.244140625 -2.685546875 1147009
2.38037109375 1.220703125 -5.615234375 1147010
2.38037109375 1.220703125 -5.615234375 1147011
2.38037109375 1.220703125 -5.615234375 1147012
2.38037109375 1.220703125 -5.615234375 1147012
2.38037109375 1.220703125 -5.615234375 1147109
-1.0986328125 3.662109375 -5.615234375 1147109
-1.0986328125 3.662109375 -5.615234375 1147212
-5.2490234375 0.1220703125 -2.99072265625 1147213
-5.2490234375 0.1220703125 -2.99072265625 1147214
-5.2490234375 0.1220703125 -2.99072265625 1147214
-5.2490234375 0.1220703125 -2.99072265625 1147215
-14.16015625 -7.32421875 -15.93017578125 1147282
-14.16015625 -7.32421875 -15.93017578125 1147390
-2.86865234375 0 -10.25390625 1147391
-2.86865234375 0 -10.25390625 1147392
-2.86865234375 0 -10.25390625 1147393
-2.86865234375 0 -10.25390625 1147394
-2.86865234375 0 -10.25390625 1147503
-3.35693359375 4.57763671875 -6.9580078125 1147504
-3.35693359375 4.57763671875 -6.9580078125 1147505
-3.35693359375 4.57763671875 -6.9580078125 1147505
-3.35693359375 4.57763671875 -6.9580078125 1147506
-3.35693359375 4.57763671875 -6.9580078125 1147608
-1.03759765625 1.8310546875 -8.97216796875 1147609
-1.03759765625 1.8310546875 -8.97216796875 1147610
-1.03759765625 1.8310546875 -8.97216796875 1147611
-1.03759765625 1.8310546875 -8.97216796875 1147613
-1.03759765625 1.8310546875 -8.97216796875 1147709
-7.38525390625 -14.83154296875 -7.87353515625 1147710
-7.38525390625 -14.83154296875 -7.87353515625 1147710
-7.38525390625 -14.83154296875 -7.87353515625 1147810
-2.62451171875 -0.48828125 -14.16015625 1147811
-2.62451171875 -0.48828125 -14.16015625 1147812
-2.62451171875 -0.48828125 -14.16015625 1147812
-2.62451171875 -0.48828125 -14.16015625 1147813
-1.46484375 -7.01904296875 -18.73779296875 1147903
-1.46484375 -7.01904296875 -18.73779296875 1147989
13.61083984375 1.89208984375 -8.4228515625 1148006
13.61083984375 1.89208984375 -8.4228515625 1148007
13.61083984375 1.89208984375 -8.4228515625 1148008
13.61083984375 1.89208984375 -8.4228515625 1148009
13.61083984375 1.89208984375 -8.4228515625 1148109
1.5869140625 -11.71875 -11.53564453125 1148110
1.5869140625 -11.71875 -11.53564453125 1148111
1.5869140625 -11.71875 -11.53564453125 1148112
1.5869140625 -11.71875 -11.53564453125 1148112
1.5869140625 -11.71875 -11.53564453125 1148217
10.19287109375 -3.47900390625 -1.40380859375 1148219
10.19287109375 -3.47900390625 -1.40380859375 1148220
10.19287109375 -3.47900390625 -1.40380859375 1148221
10.19287109375 -3.47900390625 -1.40380859375 1148222
26.91650390625 15.68603515625 -6.34765625 1148283
26.91650390625 15.68603515625 -6.34765625 1148395
13.5498046875 27.7099609375 -18.9208984375 1148396
13.5498046875 27.7099609375 -18.9208984375 1148397
13.5498046875 27.7099609375 -18.9208984375 1148398
13.5498046875 27.7099609375 -18.9208984375 1148398
13.5498046875 27.7099609375 -18.9208984375 1148508
10.3759765625 13.671875 0.244140625 1148508
10.3759765625 13.671875 0.244140625 1148509
10.3759765625 13.671875 0.244140625 1148510
10.3759765625 13.671875 0.244140625 1148511
10.3759765625 13.671875 0.244140625 1148609
19.95849609375 52.978515625 -14.95361328125 1148610
19.95849609375 52.978515625 -14.95361328125 1148611
19.95849609375 52.978515625 -14.95361328125 1148611
19.95849609375 52.978515625 -14.95361328125 1148612
