0.26123046875 0.31494140625 0.8720703125 964814
0.26123046875 0.31494140625 0.8720703125 964814
0.26123046875 0.31494140625 0.8720703125 964831
0.26123046875 0.31494140625 0.8720703125 964832
0.26123046875 0.31494140625 0.8720703125 964833
0.26123046875 0.31494140625 0.8720703125 964834
0.2041015625 0.31201171875 0.908203125 964907
0.259765625 0.31494140625 0.8271484375 965003
0.259765625 0.31494140625 0.8271484375 965004
0.259765625 0.31494140625 0.8271484375 965004
0.259765625 0.31494140625 0.8271484375 965005
0.259765625 0.31494140625 0.8271484375 965006
0.23095703125 0.283203125 0.84521484375 965106
0.23095703125 0.283203125 0.84521484375 965107
0.23095703125 0.283203125 0.84521484375 965108
0.23095703125 0.283203125 0.84521484375 965149
0.23095703125 0.283203125 0.84521484375 965150
0.26513671875 0.275390625 0.86865234375 965184
0.25927734375 0.3046875 0.85791015625 965306
0.25927734375 0.3046875 0.85791015625 965307
0.25927734375 0.3046875 0.85791015625 965308
0.25927734375 0.3046875 0.85791015625 965309
0.25927734375 0.3046875 0.85791015625 965310
0.24462890625 0.265625 0.84912109375 965413
0.24462890625 0.265625 0.84912109375 965414
0.24462890625 0.265625 0.84912109375 965415
0.24462890625 0.265625 0.84912109375 965416
0.24462890625 0.265625 0.84912109375 965417
0.2763671875 0.31103515625 0.8427734375 965500
0.28857421875 0.3037109375 0.888671875 965606
0.28857421875 0.3037109375 0.888671875 965622
0.28857421875 0.3037109375 0.888671875 965623
0.28857421875 0.3037109375 0.888671875 965624
0.28857421875 0.3037109375 0.888671875 965625
0.20166015625 0.27880859375 0.9150390625 965728
0.20166015625 0.27880859375 0.9150390625 965729
0.20166015625 0.27880859375 0.9150390625 965730
0.20166015625 0.27880859375 0.9150390625 965731
0.20166015625 0.27880859375 0.9150390625 965732
0.26123046875 0.3046875 0.81591796875 965807
0.28955078125 0.28369140625 0.83642578125 965885
0.28955078125 0.28369140625 0.83642578125 965886
0.28955078125 0.28369140625 0.83642578125 965887
0.28955078125 0.28369140625 0.83642578125 965888
0.28955078125 0.28369140625 0.83642578125 965889
0.28173828125 0.27685546875 0.86865234375 965996
0.28173828125 0.27685546875 0.86865234375 965997
0.28173828125 0.27685546875 0.86865234375 965998
0.28173828125 0.27685546875 0.86865234375 965999
0.28173828125 0.27685546875 0.86865234375 965999
0.2978515625 0.30810546875 0.8828125 966098
0.2978515625 0.30810546875 0.8828125 966099
0.2978515625 0.30810546875 0.8828125 966099
0.2978515625 0.30810546875 0.8828125 966100
0.2978515625 0.30810546875 0.8828125 966101
0.24365234375 0.2666015625 0.83837890625 966201
0.24365234375 0.2666015625 0.83837890625 966202
0.24365234375 0.2666015625 0.83837890625 966203
0.24365234375 0.2666015625 0.83837890625 966204
0.24365234375 0.2666015625 0.83837890625 966205
0.2333984375 0.21826171875 0.955078125 966303
0.2333984375 0.21826171875 0.955078125 966304
0.2333984375 0.21826171875 0.955078125 966304
0.2333984375 0.21826171875 0.955078125 966305
0.2333984375 0.21826171875 0.955078125 966306
0.31640625 0.31884765625 0.82421875 966405
0.31640625 0.31884765625 0.82421875 966406
0.31640625 0.31884765625 0.82421875 966406
0.31640625 0.31884765625 0.82421875 966407
0.31640625 0.31884765625 0.82421875 966408
0.24658203125 0.3095703125 0.869140625 966508
0.24658203125 0.3095703125 0.869140625 966509
0.24658203125 0.3095703125 0.869140625 966510
0.24658203125 0.3095703125 0.869140625 966511
0.24658203125 0.3095703125 0.869140625 966512
0.2734375 0.34716796875 0.865234375 966586
0.25146484375 0.31201171875 0.86865234375 966697
0.25146484375 0.31201171875 0.86865234375 966698
0.25146484375 0.31201171875 0.86865234375 966699
0.25146484375 0.31201171875 0.86865234375 966700
0.25146484375 0.31201171875 0.86865234375 966700
0.23193359375 0.326171875 0.8349609375 966805
0.23193359375 0.326171875 0.8349609375 966806
0.23193359375 0.326171875 0.8349609375 966806
0.23193359375 0.326171875 0.8349609375 966807
0.23193359375 0.326171875 0.8349609375 966808
0.244140625 0.3330078125 0.86181640625 966890
0.18212890625 0.341796875 0.87646484375 966997
0.18212890625 0.341796875 0.87646484375 966998
0.18212890625 0.341796875 0.87646484375 966998
0.18212890625 0.341796875 0.87646484375 966999
0.18212890625 0.341796875 0.87646484375 967000
0.15673828125 0.37255859375 0.84814453125 967100
0.15673828125 0.37255859375 0.84814453125 967101
0.15673828125 0.37255859375 0.84814453125 967102
0.15673828125 0.37255859375 0.84814453125 967103
0.15673828125 0.37255859375 0.84814453125 967103
0.154296875 0.357421875 0.83349609375 967202
0.154296875 0.357421875 0.83349609375 967203
0.154296875 0.357421875 0.83349609375 967203
0.154296875 0.357421875 0.83349609375 967204
0.154296875 0.357421875 0.83349609375 967205
0.115234375 0.38134765625 0.83740234375 967305
0.115234375 0.38134765625 0.83740234375 967306
0.115234375 0.38134765625 0.83740234375 967307
0.115234375 0.38134765625 0.83740234375 967308
0.115234375 0.38134765625 0.83740234375 967327
0.15185546875 0.3876953125 0.86962890625 967408
0.15185546875 0.3876953125 0.86962890625 967409
0.15185546875 0.3876953125 0.86962890625 967410
0.15185546875 0.3876953125 0.86962890625 967411
0.15185546875 0.3876953125 0.86962890625 967412
0.08349609375 0.384765625 0.85009765625 967486
0.064453125 0.40625 0.7998046875 967598
0.064453125 0.40625 0.7998046875 967599
0.064453125 0.40625 0.7998046875 967599
0.064453125 0.40625 0.7998046875 967600
0.064453125 0.40625 0.7998046875 967601
0.04052734375 0.42578125 0.833984375 967701
0.04052734375 0.42578125 0.833984375 967702
0.04052734375 0.42578125 0.833984375 967703
0.04052734375 0.42578125 0.833984375 967704
0.04052734375 0.42578125 0.833984375 967705
0.013671875 0.423828125 0.81005859375 967804
0.013671875 0.423828125 0.81005859375 967805
0.013671875 0.423828125 0.81005859375 967806
0.013671875 0.423828125 0.81005859375 967807
0.013671875 0.423828125 0.81005859375 967808
-0.0185546875 0.48193359375 0.79345703125 967907
-0.0185546875 0.48193359375 0.79345703125 967908
-0.0185546875 0.48193359375 0.79345703125 967908
-0.0185546875 0.48193359375 0.79345703125 967909
-0.0185546875 0.48193359375 0.79345703125 967910
-0.01904296875 0.486328125 0.82470703125 967988
-0.064453125 0.51708984375 0.7978515625 968098
-0.064453125 0.51708984375 0.7978515625 968099
-0.064453125 0.51708984375 0.7978515625 968100
-0.064453125 0.51708984375 0.7978515625 968101
-0.064453125 0.51708984375 0.7978515625 968102
-0.10986328125 0.48486328125 0.7099609375 968203
-0.10986328125 0.48486328125 0.7099609375 968204
-0.10986328125 0.48486328125 0.7099609375 968204
-0.10986328125 0.48486328125 0.7099609375 968205
-0.10986328125 0.48486328125 0.7099609375 968206
-0.1240234375 0.5224609375 0.7294921875 968301
-0.119140625 0.55126953125 0.70068359375 968406
-0.119140625 0.55126953125 0.70068359375 968407
-0.119140625 0.55126953125 0.70068359375 968408
-0.119140625 0.55126953125 0.70068359375 968409
-0.119140625 0.55126953125 0.70068359375 968410
-0.10107421875 0.52783203125 0.70263671875 968508
-0.10107421875 0.52783203125 0.70263671875 968509
-0.10107421875 0.52783203125 0.70263671875 968511
-0.10107421875 0.52783203125 0.70263671875 968512
-0.10107421875 0.52783203125 0.70263671875 968512
-0.09765625 0.57373046875 0.71533203125 968586
-0.08251953125 0.57568359375 0.71923828125 968698
-0.08251953125 0.57568359375 0.71923828125 968699
-0.08251953125 0.57568359375 0.71923828125 968700
-0.08251953125 0.57568359375 0.71923828125 968701
-0.08251953125 0.57568359375 0.71923828125 968702
-0.126953125 0.5546875 0.72900390625 968800
-0.126953125 0.5546875 0.72900390625 968801
-0.126953125 0.5546875 0.72900390625 968802
-0.126953125 0.5546875 0.72900390625 968802
-0.126953125 0.5546875 0.72900390625 968803
-0.076171875 0.56640625 0.69189453125 968903
-0.076171875 0.56640625 0.69189453125 968904
-0.076171875 0.56640625 0.69189453125 968904
-0.076171875 0.56640625 0.69189453125 968905
-0.03466796875 0.56689453125 0.748046875 969005
-0.03466796875 0.56689453125 0.748046875 969006
-0.03466796875 0.56689453125 0.748046875 969007
-0.03466796875 0.56689453125 0.748046875 969008
-0.03466796875 0.56689453125 0.748046875 969009
0 0.54931640625 0.73388671875 969108
0 0.54931640625 0.73388671875 969109
0 0.54931640625 0.73388671875 969110
0 0.54931640625 0.73388671875 969111
0 0.54931640625 0.73388671875 969112
0.005859375 0.54638671875 0.79541015625 969186
0.0498046875 0.52392578125 0.7333984375 969297
0.0498046875 0.52392578125 0.7333984375 969298
0.0498046875 0.52392578125 0.7333984375 969299
0.0498046875 0.52392578125 0.7333984375 969299
0.0498046875 0.52392578125 0.7333984375 969301
0.09033203125 0.52001953125 0.78125 969399
0.09033203125 0.52001953125 0.78125 969400
0.09033203125 0.52001953125 0.78125 969401
0.09033203125 0.52001953125 0.78125 969402
0.09033203125 0.52001953125 0.78125 969403
0.13525390625 0.54052734375 0.79736328125 969502
0.13525390625 0.54052734375 0.79736328125 969503
0.13525390625 0.54052734375 0.79736328125 969504
0.13525390625 0.54052734375 0.79736328125 969505
0.13525390625 0.54052734375 0.79736328125 969506
0.09423828125 0.525390625 0.7578125 969604
0.09423828125 0.525390625 0.7578125 969605
0.09423828125 0.525390625 0.7578125 969605
0.09423828125 0.525390625 0.7578125 969606
0.09423828125 0.525390625 0.7578125 969607
0.091796875 0.525390625 0.78857421875 969707
0.091796875 0.525390625 0.78857421875 969708
0.091796875 0.525390625 0.78857421875 969709
0.091796875 0.525390625 0.78857421875 969710
0.091796875 0.525390625 0.78857421875 969710
0.0888671875 0.53857421875 0.74365234375 969809
0.0888671875 0.53857421875 0.74365234375 969810
0.0888671875 0.53857421875 0.74365234375 969810
0.0888671875 0.53857421875 0.74365234375 969811
0.0888671875 0.53857421875 0.74365234375 969812
0.08056640625 0.53173828125 0.7646484375 969896
0.11572265625 0.52099609375 0.78515625 970007
0.11572265625 0.52099609375 0.78515625 970008
0.11572265625 0.52099609375 0.78515625 970009
0.11572265625 0.52099609375 0.78515625 970009
0.11572265625 0.52099609375 0.78515625 970010
0.134765625 0.51513671875 0.767578125 970111
0.134765625 0.51513671875 0.767578125 970112
0.134765625 0.51513671875 0.767578125 970112
0.134765625 0.51513671875 0.767578125 970113
0.134765625 0.51513671875 0.767578125 970114
0.17041015625 0.498046875 0.8212890625 970190
0.17724609375 0.4921875 0.77978515625 970298
0.17724609375 0.4921875 0.77978515625 970299
0.17724609375 0.4921875 0.77978515625 970299
0.17724609375 0.4921875 0.77978515625 970300
0.17724609375 0.4921875 0.77978515625 970301
0.193359375 0.466796875 0.7900390625 970400
0.193359375 0.466796875 0.7900390625 970401
0.193359375 0.466796875 0.7900390625 970402
0.193359375 0.466796875 0.7900390625 970403
0.193359375 0.466796875 0.7900390625 970404
0.1826171875 0.47998046875 0.81982421875 970504
0.1826171875 0.47998046875 0.81982421875 970505
0.1826171875 0.47998046875 0.81982421875 970505
0.1826171875 0.47998046875 0.81982421875 970506
0.1826171875 0.47998046875 0.81982421875 970507
0.197265625 0.4794921875 0.7880859375 970607
0.197265625 0.4794921875 0.7880859375 970608
0.197265625 0.4794921875 0.7880859375 970609
0.197265625 0.4794921875 0.7880859375 970610
0.197265625 0.4794921875 0.7880859375 970611
0.1806640625 0.45703125 0.8125 970687
0.20166015625 0.4736328125 0.802734375 970798
0.20166015625 0.4736328125 0.802734375 970799
0.20166015625 0.4736328125 0.802734375 970800
0.20166015625 0.4736328125 0.802734375 970801
0.20166015625 0.4736328125 0.802734375 970802
0.1962890625 0.4599609375 0.8193359375 970901
0.1962890625 0.4599609375 0.8193359375 970902
0.1962890625 0.4599609375 0.8193359375 970902
0.1962890625 0.4599609375 0.8193359375 970903
0.1962890625 0.4599609375 0.8193359375 970904
0.1787109375 0.45947265625 0.828125 971003
0.1787109375 0.45947265625 0.828125 971004
0.1787109375 0.45947265625 0.828125 971005
0.1787109375 0.45947265625 0.828125 971008
0.1787109375 0.45947265625 0.828125 971009
0.19384765625 0.466796875 0.7958984375 971106
0.19384765625 0.466796875 0.7958984375 971107
0.19384765625 0.466796875 0.7958984375 971107
0.19384765625 0.466796875 0.7958984375 971108
0.1806640625 0.4482421875 0.82470703125 971209
0.1806640625 0.4482421875 0.82470703125 971210
0.1806640625 0.4482421875 0.82470703125 971210
0.1806640625 0.4482421875 0.82470703125 971211
0.1806640625 0.4482421875 0.82470703125 971212
0.19384765625 0.45556640625 0.8115234375 971288
0.1767578125 0.4453125 0.8056640625 971398
0.1767578125 0.4453125 0.8056640625 971399
0.1767578125 0.4453125 0.8056640625 971400
0.1767578125 0.4453125 0.8056640625 971401
0.1767578125 0.4453125 0.8056640625 971402
0.17236328125 0.455078125 0.828125 971500
0.17236328125 0.455078125 0.828125 971501
0.17236328125 0.455078125 0.828125 971521
0.17236328125 0.455078125 0.828125 971526
0.17236328125 0.455078125 0.828125 971527
0.20751953125 0.4609375 0.81884765625 971603
0.20751953125 0.4609375 0.81884765625 971604
0.20751953125 0.4609375 0.81884765625 971605
0.17138671875 0.4287109375 0.8017578125 971705
0.17138671875 0.4287109375 0.8017578125 971706
0.17138671875 0.4287109375 0.8017578125 971707
0.17138671875 0.4287109375 0.8017578125 971708
0.17138671875 0.4287109375 0.8017578125 971708
0.1630859375 0.4599609375 0.8173828125 971810
0.1630859375 0.4599609375 0.8173828125 971811
0.1630859375 0.4599609375 0.8173828125 971812
0.1630859375 0.4599609375 0.8173828125 971813
0.1630859375 0.4599609375 0.8173828125 971813
0.185546875 0.45361328125 0.8017578125 971903
0.154296875 0.43701171875 0.83447265625 972007
0.154296875 0.43701171875 0.83447265625 972008
0.154296875 0.43701171875 0.83447265625 972008
0.154296875 0.43701171875 0.83447265625 972009
0.154296875 0.43701171875 0.83447265625 972010
0.19677734375 0.45947265625 0.80859375 972109
0.19677734375 0.45947265625 0.80859375 972110
0.19677734375 0.45947265625 0.80859375 972111
0.19677734375 0.45947265625 0.80859375 972112
0.19677734375 0.45947265625 0.80859375 972113
0.17333984375 0.44091796875 0.81298828125 972188
0.1748046875 0.4560546875 0.84375 972298
0.1748046875 0.4560546875 0.84375 972299
0.1748046875 0.4560546875 0.84375 972300
0.1748046875 0.4560546875 0.84375 972301
0.1748046875 0.4560546875 0.84375 972302
0.1826171875 0.46435546875 0.8095703125 972400
0.1826171875 0.46435546875 0.8095703125 972401
0.1826171875 0.46435546875 0.8095703125 972402
0.1826171875 0.46435546875 0.8095703125 972402
0.1826171875 0.46435546875 0.8095703125 972403
0.177734375 0.4443359375 0.798828125 972505
0.177734375 0.4443359375 0.798828125 972506
0.177734375 0.4443359375 0.798828125 972506
0.177734375 0.4443359375 0.798828125 972507
0.177734375 0.4443359375 0.798828125 972508
0.15380859375 0.458984375 0.8076171875 972608
0.15380859375 0.458984375 0.8076171875 972609
0.15380859375 0.458984375 0.8076171875 972609
0.15380859375 0.458984375 0.8076171875 972610
0.15380859375 0.458984375 0.8076171875 972610
0.21630859375 0.4521484375 0.810546875 972710
0.21630859375 0.4521484375 0.810546875 972711
0.21630859375 0.4521484375 0.810546875 972711
0.21630859375 0.4521484375 0.810546875 972712
0.21630859375 0.4521484375 0.810546875 972712
0.1748046875 0.4638671875 0.82080078125 972789
0.16552734375 0.46826171875 0.796875 972901
0.16552734375 0.46826171875 0.796875 972902
0.16552734375 0.46826171875 0.796875 972902
0.16552734375 0.46826171875 0.796875 972903
0.16552734375 0.46826171875 0.796875 972903
0.173828125 0.46142578125 0.8193359375 973009
0.173828125 0.46142578125 0.8193359375 973010
0.173828125 0.46142578125 0.8193359375 973010
0.173828125 0.46142578125 0.8193359375 973011
0.173828125 0.46142578125 0.8193359375 973011
0.1875 0.458984375 0.8193359375 973094
0.2197265625 0.4599609375 0.806640625 973207
0.2197265625 0.4599609375 0.806640625 973208
0.2197265625 0.4599609375 0.806640625 973209
0.2197265625 0.4599609375 0.806640625 973210
0.2197265625 0.4599609375 0.806640625 973211
0.1640625 0.44677734375 0.80224609375 973308
0.1640625 0.44677734375 0.80224609375 973309
0.1640625 0.44677734375 0.80224609375 973310
0.1640625 0.44677734375 0.80224609375 973310
0.1640625 0.44677734375 0.80224609375 973311
0.1669921875 0.46630859375 0.8076171875 973411
0.1669921875 0.46630859375 0.8076171875 973412
0.1669921875 0.46630859375 0.8076171875 973412
0.1669921875 0.46630859375 0.8076171875 973413
0.1669921875 0.46630859375 0.8076171875 973414
0.16162109375 0.4580078125 0.80859375 973488
0.197265625 0.44970703125 0.810546875 973600
0.197265625 0.44970703125 0.810546875 973601
0.197265625 0.44970703125 0.810546875 973602
0.197265625 0.44970703125 0.810546875 973603
0.197265625 0.44970703125 0.810546875 973604
0.19140625 0.45556640625 0.81591796875 973703
0.19140625 0.45556640625 0.81591796875 973704
0.19140625 0.45556640625 0.81591796875 973704
0.19140625 0.45556640625 0.81591796875 973705
0.19140625 0.45556640625 0.81591796875 973706
0.1953125 0.4580078125 0.828125 973807
0.1953125 0.4580078125 0.828125 973808
0.1953125 0.4580078125 0.828125 973809
0.1953125 0.4580078125 0.828125 973810
0.1953125 0.4580078125 0.828125 973811
0.16259765625 0.44677734375 0.802734375 973905
0.19482421875 0.44970703125 0.8154296875 974010
0.19482421875 0.44970703125 0.8154296875 974011
0.19482421875 0.44970703125 0.8154296875 974012
0.19482421875 0.44970703125 0.8154296875 974029
0.19482421875 0.44970703125 0.8154296875 974030
0.16064453125 0.4775390625 0.8388671875 974099
0.2333984375 0.45556640625 0.791015625 974199
0.2333984375 0.45556640625 0.791015625 974200
0.2333984375 0.45556640625 0.791015625 974200
0.2333984375 0.45556640625 0.791015625 974201
0.2333984375 0.45556640625 0.791015625 974202
0.1474609375 0.4501953125 0.8271484375 974303
0.1474609375 0.4501953125 0.8271484375 974304
0.1474609375 0.4501953125 0.8271484375 974305
0.1474609375 0.4501953125 0.8271484375 974305
0.1474609375 0.4501953125 0.8271484375 974306
0.15478515625 0.45361328125 0.783203125 974406
0.15478515625 0.45361328125 0.783203125 974407
0.15478515625 0.45361328125 0.783203125 974408
0.15478515625 0.45361328125 0.783203125 974409
0.16650390625 0.447265625 0.80078125 974509
0.16650390625 0.447265625 0.80078125 974510
0.16650390625 0.447265625 0.80078125 974510
0.16650390625 0.447265625 0.80078125 974511
0.16650390625 0.447265625 0.80078125 974512
0.22021484375 0.4501953125 0.8291015625 974596
0.18359375 0.4716796875 0.82958984375 974700
0.18359375 0.4716796875 0.82958984375 974701
0.18359375 0.4716796875 0.82958984375 974702
0.18359375 0.4716796875 0.82958984375 974702
0.18359375 0.4716796875 0.82958984375 974703
0.1669921875 0.45556640625 0.8203125 974803
0.1669921875 0.45556640625 0.8203125 974804
0.1669921875 0.45556640625 0.8203125 974805
0.1669921875 0.45556640625 0.8203125 974806
0.1669921875 0.45556640625 0.8203125 974809
0.17138671875 0.46044921875 0.79296875 974905
0.17138671875 0.46044921875 0.79296875 974906
0.17138671875 0.46044921875 0.79296875 974906
0.17138671875 0.46044921875 0.79296875 974907
0.17724609375 0.4423828125 0.8017578125 975020
0.17724609375 0.4423828125 0.8017578125 975021
0.17724609375 0.4423828125 0.8017578125 975022
0.17724609375 0.4423828125 0.8017578125 975022
0.17724609375 0.4423828125 0.8017578125 975023
0.1884765625 0.4462890625 0.8310546875 975101
0.19384765625 0.46875 0.818359375 975203
0.19384765625 0.46875 0.818359375 975204
0.19384765625 0.46875 0.818359375 975205
0.19384765625 0.46875 0.818359375 975205
0.19384765625 0.46875 0.818359375 975206
0.14599609375 0.43994140625 0.80126953125 975305
0.14599609375 0.43994140625 0.80126953125 975306
0.14599609375 0.43994140625 0.80126953125 975306
0.14599609375 0.43994140625 0.80126953125 975307
0.20361328125 0.455078125 0.826171875 975410
0.20361328125 0.455078125 0.826171875 975410
0.20361328125 0.455078125 0.826171875 975410
0.20361328125 0.455078125 0.826171875 975411
0.20361328125 0.455078125 0.826171875 975412
0.19873046875 0.455078125 0.81640625 975512
0.19873046875 0.455078125 0.81640625 975513
0.19873046875 0.455078125 0.81640625 975513
0.19873046875 0.455078125 0.81640625 975514
0.19873046875 0.455078125 0.81640625 975514
0.208984375 0.45361328125 0.8330078125 975590
0.158203125 0.46630859375 0.81689453125 975700
0.158203125 0.46630859375 0.81689453125 975701
0.158203125 0.46630859375 0.81689453125 975701
0.158203125 0.46630859375 0.81689453125 975702
0.158203125 0.46630859375 0.81689453125 975703
0.193359375 0.44287109375 0.7958984375 975803
0.193359375 0.44287109375 0.7958984375 975804
0.193359375 0.44287109375 0.7958984375 975805
0.193359375 0.44287109375 0.7958984375 975806
0.193359375 0.44287109375 0.7958984375 975807
0.14013671875 0.45703125 0.80908203125 975907
0.14013671875 0.45703125 0.80908203125 975908
0.14013671875 0.45703125 0.80908203125 975909
0.14013671875 0.45703125 0.80908203125 975909
0.14013671875 0.45703125 0.80908203125 975910
0.18212890625 0.46875 0.80859375 976009
0.18212890625 0.46875 0.80859375 976010
0.18212890625 0.46875 0.80859375 976011
0.18212890625 0.46875 0.80859375 976014
0.18212890625 0.46875 0.80859375 976015
0.1787109375 0.45556640625 0.83447265625 976111
0.1787109375 0.45556640625 0.83447265625 976112
0.1787109375 0.45556640625 0.83447265625 976113
0.1787109375 0.45556640625 0.83447265625 976113
0.18212890625 0.455078125 0.8125 976196
0.18212890625 0.455078125 0.8125 976220
0.20703125 0.443359375 0.7958984375 976303
0.20703125 0.443359375 0.7958984375 976304
0.20703125 0.443359375 0.7958984375 976305
0.20703125 0.443359375 0.7958984375 976306
0.20703125 0.443359375 0.7958984375 976306
0.16015625 0.4619140625 0.8388671875 976417
0.16015625 0.4619140625 0.8388671875 976418
0.16015625 0.4619140625 0.8388671875 976419
0.16015625 0.4619140625 0.8388671875 976419
0.16015625 0.4619140625 0.8388671875 976420
0.18603515625 0.46875 0.80029296875 976508
0.16552734375 0.44140625 0.8125 976636
0.16552734375 0.44140625 0.8125 976637
0.16552734375 0.44140625 0.8125 976638
0.16552734375 0.44140625 0.8125 976639
0.16552734375 0.44140625 0.8125 976640
0.1669921875 0.453125 0.81591796875 976689
0.20849609375 0.46044921875 0.80322265625 976800
0.20849609375 0.46044921875 0.80322265625 976801
0.20849609375 0.46044921875 0.80322265625 976801
0.20849609375 0.46044921875 0.80322265625 976802
0.20849609375 0.46044921875 0.80322265625 976803
0.15771484375 0.46728515625 0.8388671875 976905
0.15771484375 0.46728515625 0.8388671875 976906
0.15771484375 0.46728515625 0.8388671875 976907
0.15771484375 0.46728515625 0.8388671875 976907
0.15771484375 0.46728515625 0.8388671875 976908
0.19775390625 0.46484375 0.8076171875 977008
0.19775390625 0.46484375 0.8076171875 977009
0.19775390625 0.46484375 0.8076171875 977010
0.19775390625 0.46484375 0.8076171875 977010
0.19775390625 0.46484375 0.8076171875 977011
0.18408203125 0.4541015625 0.81396484375 977110
0.18408203125 0.4541015625 0.81396484375 977111
0.18408203125 0.4541015625 0.81396484375 977111
0.18408203125 0.4541015625 0.81396484375 977112
0.18408203125 0.4541015625 0.81396484375 977113
0.13232421875 0.44970703125 0.79248046875 977189
0.2099609375 0.44482421875 0.80859375 977301
0.2099609375 0.44482421875 0.80859375 977302
0.2099609375 0.44482421875 0.80859375 977303
0.2099609375 0.44482421875 0.80859375 977304
0.2099609375 0.44482421875 0.80859375 977304
0.15380859375 0.455078125 0.83203125 977403
0.15380859375 0.455078125 0.83203125 977404
0.15380859375 0.455078125 0.83203125 977404
0.15380859375 0.455078125 0.83203125 977405
0.15380859375 0.455078125 0.83203125 977406
0.18798828125 0.4677734375 0.7900390625 977505
0.18798828125 0.4677734375 0.7900390625 977506
0.18798828125 0.4677734375 0.7900390625 977506
0.18798828125 0.4677734375 0.7900390625 977507
0.18798828125 0.4677734375 0.7900390625 977508
0.154296875 0.44384765625 0.81591796875 977607
0.154296875 0.44384765625 0.81591796875 977608
0.154296875 0.44384765625 0.81591796875 977609
0.154296875 0.44384765625 0.81591796875 977610
0.154296875 0.44384765625 0.81591796875 977611
0.19677734375 0.45751953125 0.8232421875 977711
0.19677734375 0.45751953125 0.8232421875 977712
0.19677734375 0.45751953125 0.8232421875 977712
0.19677734375 0.45751953125 0.8232421875 977713
0.19677734375 0.45751953125 0.8232421875 977714
0.18505859375 0.45947265625 0.8115234375 977789
0.1689453125 0.451171875 0.828125 977900
0.1689453125 0.451171875 0.828125 977901
0.1689453125 0.451171875 0.828125 977902
0.1689453125 0.451171875 0.828125 977903
0.1689453125 0.451171875 0.828125 977904
0.1650390625 0.45654296875 0.79541015625 978002
0.1650390625 0.45654296875 0.79541015625 978003
0.1650390625 0.45654296875 0.79541015625 978004
0.1650390625 0.45654296875 0.79541015625 978004
0.1650390625 0.45654296875 0.79541015625 978005
0.1796875 0.435546875 0.79931640625 978106
0.1796875 0.435546875 0.79931640625 978107
0.1796875 0.435546875 0.79931640625 978108
0.1796875 0.435546875 0.79931640625 978109
0.1796875 0.435546875 0.79931640625 978110
0.1845703125 0.4658203125 0.85009765625 978214
0.1845703125 0.4658203125 0.85009765625 978215
0.1845703125 0.4658203125 0.85009765625 978215
0.1845703125 0.4658203125 0.85009765625 978216
0.1845703125 0.4658203125 0.85009765625 978217
0.16552734375 0.4609375 0.80419921875 978301
0.1982421875 0.4462890625 0.80908203125 978404
0.1982421875 0.4462890625 0.80908203125 978405
0.1982421875 0.4462890625 0.80908203125 978405
0.1982421875 0.4462890625 0.80908203125 978406
0.1982421875 0.4462890625 0.80908203125 978407
0.18701171875 0.46923828125 0.8369140625 978507
0.18701171875 0.46923828125 0.8369140625 978508
0.18701171875 0.46923828125 0.8369140625 978509
0.18701171875 0.46923828125 0.8369140625 978509
0.16845703125 0.44091796875 0.80908203125 978612
0.16845703125 0.44091796875 0.80908203125 978613
0.16845703125 0.44091796875 0.80908203125 978614
0.16845703125 0.44091796875 0.80908203125 978615
0.16845703125 0.44091796875 0.80908203125 978616
0.21337890625 0.45947265625 0.8203125 978694
0.15380859375 0.4609375 0.81640625 978801
0.15380859375 0.4609375 0.81640625 978802
0.15380859375 0.4609375 0.81640625 978803
0.15380859375 0.4609375 0.81640625 978804
0.15380859375 0.4609375 0.81640625 978804
0.185546875 0.44384765625 0.818359375 978904
0.185546875 0.44384765625 0.818359375 978905
0.185546875 0.44384765625 0.818359375 978906
0.185546875 0.44384765625 0.818359375 978906
0.185546875 0.44384765625 0.818359375 978907
0.16845703125 0.46337890625 0.814453125 979008
0.16845703125 0.46337890625 0.814453125 979009
0.16845703125 0.46337890625 0.814453125 979010
0.16845703125 0.46337890625 0.814453125 979010
0.16845703125 0.46337890625 0.814453125 979011
0.16259765625 0.4384765625 0.80810546875 979110
0.16259765625 0.4384765625 0.80810546875 979111
0.16259765625 0.4384765625 0.80810546875 979112
0.16259765625 0.4384765625 0.80810546875 979112
0.16259765625 0.4384765625 0.80810546875 979113
0.20751953125 0.4404296875 0.81591796875 979191
0.181640625 0.46875 0.8330078125 979302
0.181640625 0.46875 0.8330078125 979304
0.181640625 0.46875 0.8330078125 979304
0.181640625 0.46875 0.8330078125 979305
0.181640625 0.46875 0.8330078125 979306
0.16650390625 0.4384765625 0.7998046875 979404
0.16650390625 0.4384765625 0.7998046875 979405
0.16650390625 0.4384765625 0.7998046875 979406
0.16650390625 0.4384765625 0.7998046875 979407
0.16650390625 0.4384765625 0.7998046875 979408
0.16552734375 0.46435546875 0.8125 979507
0.16552734375 0.46435546875 0.8125 979508
0.16552734375 0.46435546875 0.8125 979508
0.16552734375 0.46435546875 0.8125 979509
0.16552734375 0.46435546875 0.8125 979510
0.1669921875 0.45849609375 0.81884765625 979609
0.1669921875 0.45849609375 0.81884765625 979619
0.1669921875 0.45849609375 0.81884765625 979620
0.1669921875 0.45849609375 0.81884765625 979621
0.1669921875 0.45849609375 0.81884765625 979621
0.181640625 0.4453125 0.83251953125 979711
0.181640625 0.4453125 0.83251953125 979731
0.181640625 0.4453125 0.83251953125 979732
0.181640625 0.4453125 0.83251953125 979732
0.181640625 0.4453125 0.83251953125 979733
0.17626953125 0.46044921875 0.8076171875 979799
0.17626953125 0.4306640625 0.79443359375 979901
0.17626953125 0.4306640625 0.79443359375 979936
0.17626953125 0.4306640625 0.79443359375 979937
0.17626953125 0.4306640625 0.79443359375 979938
0.17626953125 0.4306640625 0.79443359375 979939
0.1591796875 0.44775390625 0.85009765625 980005
0.1591796875 0.44775390625 0.85009765625 980006
0.19873046875 0.4599609375 0.8193359375 980107
0.19873046875 0.4599609375 0.8193359375 980108
0.19873046875 0.4599609375 0.8193359375 980109
0.19873046875 0.4599609375 0.8193359375 980110
0.19873046875 0.4599609375 0.8193359375 980111
0.17333984375 0.43115234375 0.80908203125 980211
0.17333984375 0.43115234375 0.80908203125 980212
0.17333984375 0.43115234375 0.80908203125 980212
0.17333984375 0.43115234375 0.80908203125 980213
0.17333984375 0.43115234375 0.80908203125 980214
0.150390625 0.435546875 0.8486328125 980305
0.21044921875 0.42919921875 0.8154296875 980402
0.21044921875 0.42919921875 0.8154296875 980403
0.21044921875 0.42919921875 0.8154296875 980403
0.21044921875 0.42919921875 0.8154296875 980404
0.21044921875 0.42919921875 0.8154296875 980405
0.18212890625 0.3935546875 0.83154296875 980504
0.18212890625 0.3935546875 0.83154296875 980505
0.18212890625 0.3935546875 0.83154296875 980505
0.18212890625 0.3935546875 0.83154296875 980506
0.18212890625 0.3935546875 0.83154296875 980507
0.19921875 0.42236328125 0.83984375 980609
0.19921875 0.42236328125 0.83984375 980610
0.19921875 0.42236328125 0.83984375 980610
0.19921875 0.42236328125 0.83984375 980611
0.19921875 0.42236328125 0.83984375 980612
0.2060546875 0.3857421875 0.8125 980709
0.20068359375 0.3828125 0.82373046875 980812
0.20068359375 0.3828125 0.82373046875 980813
0.20068359375 0.3828125 0.82373046875 980813
0.20068359375 0.3828125 0.82373046875 980814
0.20068359375 0.3828125 0.82373046875 980815
0.19921875 0.42626953125 0.79345703125 980891
0.20556640625 0.3935546875 0.78759765625 981002
0.20556640625 0.3935546875 0.78759765625 981003
0.20556640625 0.3935546875 0.78759765625 981004
0.20556640625 0.3935546875 0.78759765625 981020
0.20556640625 0.3935546875 0.78759765625 981021
0.1474609375 0.4736328125 0.8505859375 981104
0.1474609375 0.4736328125 0.8505859375 981105
0.1474609375 0.4736328125 0.8505859375 981106
0.1474609375 0.4736328125 0.8505859375 981106
0.14697265625 0.4677734375 0.81689453125 981207
0.14697265625 0.4677734375 0.81689453125 981208
0.14697265625 0.4677734375 0.81689453125 981209
0.14697265625 0.4677734375 0.81689453125 981210
0.14697265625 0.4677734375 0.81689453125 981211
0.0546875 0.49169921875 0.833984375 981309
0.0546875 0.49169921875 0.833984375 981310
0.0546875 0.49169921875 0.833984375 981312
0.0546875 0.49169921875 0.833984375 981313
0.0546875 0.49169921875 0.833984375 981314
0.0458984375 0.51123046875 0.7587890625 981415
0.0458984375 0.51123046875 0.7587890625 981416
0.0458984375 0.51123046875 0.7587890625 981416
0.0458984375 0.51123046875 0.7587890625 981417
0.0458984375 0.51123046875 0.7587890625 981418
0.01611328125 0.533203125 0.80078125 981525
0.01611328125 0.533203125 0.80078125 981526
0.01611328125 0.533203125 0.80078125 981527
0.01611328125 0.533203125 0.80078125 981528
0.01611328125 0.533203125 0.80078125 981529
-0.12939453125 0.55419921875 0.70703125 981603
-0.16259765625 0.5244140625 0.708984375 981705
-0.16259765625 0.5244140625 0.708984375 981706
-0.16259765625 0.5244140625 0.708984375 981707
-0.16259765625 0.5244140625 0.708984375 981708
-0.16259765625 0.5244140625 0.708984375 981709
-0.18359375 0.5546875 0.73828125 981808
-0.18359375 0.5546875 0.73828125 981809
-0.18359375 0.5546875 0.73828125 981810
-0.18359375 0.5546875 0.73828125 981811
-0.22900390625 0.521484375 0.662109375 981911
-0.22900390625 0.521484375 0.662109375 981959
-0.22900390625 0.521484375 0.662109375 981960
-0.22900390625 0.521484375 0.662109375 981961
-0.22900390625 0.521484375 0.662109375 981962
-0.19287109375 0.50439453125 0.6708984375 982014
-0.19287109375 0.50439453125 0.6708984375 982015
-0.298828125 0.52099609375 0.6044921875 982093
-0.298828125 0.52099609375 0.6044921875 982094
-0.298828125 0.52099609375 0.6044921875 982095
-0.298828125 0.52099609375 0.6044921875 982096
-0.3857421875 0.56201171875 0.580078125 982203
-0.3857421875 0.56201171875 0.580078125 982204
-0.3857421875 0.56201171875 0.580078125 982205
-0.3857421875 0.56201171875 0.580078125 982206
-0.3857421875 0.56201171875 0.580078125 982207
-0.40283203125 0.564453125 0.6162109375 982305
-0.40283203125 0.564453125 0.6162109375 982307
-0.40283203125 0.564453125 0.6162109375 982308
-0.40283203125 0.564453125 0.6162109375 982309
-0.40283203125 0.564453125 0.6162109375 982310
-0.36474609375 0.53271484375 0.5478515625 982409
-0.36474609375 0.53271484375 0.5478515625 982410
-0.36474609375 0.53271484375 0.5478515625 982411
-0.36474609375 0.53271484375 0.5478515625 982412
-0.36474609375 0.53271484375 0.5478515625 982412
-0.408203125 0.51513671875 0.54248046875 982511
-0.408203125 0.51513671875 0.54248046875 982512
-0.408203125 0.51513671875 0.54248046875 982513
-0.408203125 0.51513671875 0.54248046875 982514
-0.408203125 0.51513671875 0.54248046875 982515
-0.421875 0.52734375 0.54443359375 982614
-0.421875 0.52734375 0.54443359375 982615
-0.421875 0.52734375 0.54443359375 982634
-0.421875 0.52734375 0.54443359375 982634
-0.421875 0.52734375 0.54443359375 982635
-0.423828125 0.5244140625 0.53759765625 982694
-0.44580078125 0.54150390625 0.52099609375 982805
-0.44580078125 0.54150390625 0.52099609375 982806
-0.44580078125 0.54150390625 0.52099609375 982807
-0.44580078125 0.54150390625 0.52099609375 982808
-0.44580078125 0.54150390625 0.52099609375 982809
-0.51513671875 0.5400390625 0.49853515625 982908
-0.51513671875 0.5400390625 0.49853515625 982909
-0.51513671875 0.5400390625 0.49853515625 982909
-0.51513671875 0.5400390625 0.49853515625 982910
-0.51513671875 0.5400390625 0.49853515625 982911
-0.4892578125 0.55029296875 0.52978515625 983010
-0.4892578125 0.55029296875 0.52978515625 983011
-0.4892578125 0.55029296875 0.52978515625 983011
-0.4892578125 0.55029296875 0.52978515625 983012
-0.4892578125 0.55029296875 0.52978515625 983013
-0.4541015625 0.5146484375 0.50146484375 983112
-0.4541015625 0.5146484375 0.50146484375 983114
-0.4541015625 0.5146484375 0.50146484375 983115
-0.4541015625 0.5146484375 0.50146484375 983116
-0.4541015625 0.5146484375 0.50146484375 983116
-0.4375 0.505859375 0.53125 983193
-0.42529296875 0.52734375 0.57958984375 983303
-0.42529296875 0.52734375 0.57958984375 983304
-0.42529296875 0.52734375 0.57958984375 983305
-0.42529296875 0.52734375 0.57958984375 983306
-0.42529296875 0.52734375 0.57958984375 983307
-0.40087890625 0.49072265625 0.5361328125 983406
-0.40087890625 0.49072265625 0.5361328125 983407
-0.40087890625 0.49072265625 0.5361328125 983407
-0.40087890625 0.49072265625 0.5361328125 983408
-0.40087890625 0.49072265625 0.5361328125 983409
-0.43310546875 0.5009765625 0.59375 983509
-0.43310546875 0.5009765625 0.59375 983510
-0.43310546875 0.5009765625 0.59375 983511
-0.43310546875 0.5009765625 0.59375 983512
-0.43310546875 0.5009765625 0.59375 983512
-0.38916015625 0.48388671875 0.57373046875 983612
-0.38916015625 0.48388671875 0.57373046875 983613
-0.38916015625 0.48388671875 0.57373046875 983613
-0.38916015625 0.48388671875 0.57373046875 983614
-0.38916015625 0.48388671875 0.57373046875 983615
-0.39599609375 0.54345703125 0.63232421875 983714
-0.39599609375 0.54345703125 0.63232421875 983715
-0.39599609375 0.54345703125 0.63232421875 983716
-0.39599609375 0.54345703125 0.63232421875 983717
-0.39599609375 0.54345703125 0.63232421875 983718
-0.4794921875 0.45751953125 0.5185546875 983794
-0.41064453125 0.51171875 0.62744140625 983903
-0.41064453125 0.51171875 0.62744140625 983904
-0.41064453125 0.51171875 0.62744140625 983905
-0.41064453125 0.51171875 0.62744140625 983906
-0.41064453125 0.51171875 0.62744140625 983906
-0.4443359375 0.4755859375 0.55126953125 984007
-0.4443359375 0.4755859375 0.55126953125 984008
-0.4443359375 0.4755859375 0.55126953125 984009
-0.4443359375 0.4755859375 0.55126953125 984009
-0.4443359375 0.4755859375 0.55126953125 984010
-0.38818359375 0.51806640625 0.6826171875 984109
-0.38818359375 0.51806640625 0.6826171875 984110
-0.38818359375 0.51806640625 0.6826171875 984110
-0.38818359375 0.51806640625 0.6826171875 984111
-0.43212890625 0.45068359375 0.52587890625 984212
-0.43212890625 0.45068359375 0.52587890625 984213
-0.43212890625 0.45068359375 0.52587890625 984214
-0.43212890625 0.45068359375 0.52587890625 984214
-0.43212890625 0.45068359375 0.52587890625 984215
-0.39306640625 0.4267578125 0.54443359375 984316
-0.39306640625 0.4267578125 0.54443359375 984317
-0.39306640625 0.4267578125 0.54443359375 984318
-0.39306640625 0.4267578125 0.54443359375 984319
-0.39306640625 0.4267578125 0.54443359375 984320
-0.48779296875 0.521484375 0.65380859375 984393
-0.3232421875 0.45166015625 0.5888671875 984502
-0.3232421875 0.45166015625 0.5888671875 984503
-0.3232421875 0.45166015625 0.5888671875 984504
-0.3232421875 0.45166015625 0.5888671875 984505
-0.3232421875 0.45166015625 0.5888671875 984505
-0.3896484375 0.46875 0.6796875 984704
-0.3896484375 0.46875 0.6796875 984704
-0.3896484375 0.46875 0.6796875 984705
-0.3896484375 0.46875 0.6796875 984706
-0.3896484375 0.46875 0.6796875 984707
-0.30126953125 0.44140625 0.64111328125 984708
-0.3076171875 0.41015625 0.74365234375 984807
-0.3076171875 0.41015625 0.74365234375 984808
-0.3076171875 0.41015625 0.74365234375 984809
-0.3076171875 0.41015625 0.74365234375 984810
-0.3076171875 0.41015625 0.74365234375 984810
-0.17431640625 0.40625 0.77734375 984910
-0.17431640625 0.40625 0.77734375 984911
-0.17431640625 0.40625 0.77734375 984912
-0.17431640625 0.40625 0.77734375 984913
-0.17431640625 0.40625 0.77734375 984914
-0.140625 0.40966796875 0.7470703125 985007
-0.0810546875 0.3447265625 0.8740234375 985110
-0.0810546875 0.3447265625 0.8740234375 985111
-0.0810546875 0.3447265625 0.8740234375 985112
-0.0810546875 0.3447265625 0.8740234375 985113
-0.0810546875 0.3447265625 0.8740234375 985114
-0.11865234375 0.35498046875 0.86962890625 985213
-0.11865234375 0.35498046875 0.86962890625 985214
-0.11865234375 0.35498046875 0.86962890625 985215
-0.11865234375 0.35498046875 0.86962890625 985216
-0.11865234375 0.35498046875 0.86962890625 985217
0.025390625 0.35986328125 0.81201171875 985295
0.06005859375 0.27294921875 0.8662109375 985421
0.06005859375 0.27294921875 0.8662109375 985421
0.06005859375 0.27294921875 0.8662109375 985422
0.06005859375 0.27294921875 0.8662109375 985423
0.06005859375 0.27294921875 0.8662109375 985423
0.09033203125 0.302734375 0.85107421875 985507
0.13623046875 0.248046875 0.85986328125 985609
0.13623046875 0.248046875 0.85986328125 985610
0.13623046875 0.248046875 0.85986328125 985611
0.13623046875 0.248046875 0.85986328125 985612
0.13623046875 0.248046875 0.85986328125 985613
0.27294921875 0.1748046875 0.86279296875 985711
0.27294921875 0.1748046875 0.86279296875 985712
0.27294921875 0.1748046875 0.86279296875 985712
0.27294921875 0.1748046875 0.86279296875 985713
0.27294921875 0.1748046875 0.86279296875 985714
0.23779296875 0.177734375 0.89404296875 985814
0.23779296875 0.177734375 0.89404296875 985814
0.23779296875 0.177734375 0.89404296875 985815
0.23779296875 0.177734375 0.89404296875 985816
0.23779296875 0.177734375 0.89404296875 985817
0.29736328125 0.15234375 0.87158203125 985899
0.27734375 0.13232421875 0.88671875 986005
0.27734375 0.13232421875 0.88671875 986006
0.27734375 0.13232421875 0.88671875 986006
0.27734375 0.13232421875 0.88671875 986007
0.27734375 0.13232421875 0.88671875 986008
0.322265625 0.158203125 0.90087890625 986107
0.322265625 0.158203125 0.90087890625 986108
0.322265625 0.158203125 0.90087890625 986108
0.322265625 0.158203125 0.90087890625 986109
0.322265625 0.158203125 0.90087890625 986110
0.283203125 0.1533203125 0.9013671875 986211
0.283203125 0.1533203125 0.9013671875 986212
0.283203125 0.1533203125 0.9013671875 986213
0.283203125 0.1533203125 0.9013671875 986214
0.3359375 0.17626953125 0.88037109375 986315
0.3359375 0.17626953125 0.88037109375 986317
0.3359375 0.17626953125 0.88037109375 986318
0.3359375 0.17626953125 0.88037109375 986319
0.3359375 0.17626953125 0.88037109375 986320
0.275390625 0.19873046875 0.904296875 986392
0.22119140625 0.240234375 0.89306640625 986503
0.22119140625 0.240234375 0.89306640625 986504
0.22119140625 0.240234375 0.89306640625 986504
0.22119140625 0.240234375 0.89306640625 986505
0.22119140625 0.240234375 0.89306640625 986506
0.11669921875 0.25341796875 0.79931640625 986609
0.11669921875 0.25341796875 0.79931640625 986610
0.11669921875 0.25341796875 0.79931640625 986610
0.11669921875 0.25341796875 0.79931640625 986611
0.11669921875 0.25341796875 0.79931640625 986612
0.02978515625 0.31640625 0.861328125 986711
0.02978515625 0.31640625 0.861328125 986712
0.02978515625 0.31640625 0.861328125 986713
0.02978515625 0.31640625 0.861328125 986714
0.02978515625 0.31640625 0.861328125 986714
-0.03076171875 0.41162109375 0.888671875 986814
-0.03076171875 0.41162109375 0.888671875 986815
-0.03076171875 0.41162109375 0.888671875 986815
-0.03076171875 0.41162109375 0.888671875 986816
-0.03076171875 0.41162109375 0.888671875 986817
-0.08935546875 0.41064453125 0.79150390625 986917
-0.08935546875 0.41064453125 0.79150390625 986918
-0.08935546875 0.41064453125 0.79150390625 986919
-0.08935546875 0.41064453125 0.79150390625 986919
-0.08935546875 0.41064453125 0.79150390625 986920
-0.0615234375 0.39501953125 0.7802734375 986994
-0.13671875 0.3662109375 0.79541015625 987104
-0.13671875 0.3662109375 0.79541015625 987123
-0.13671875 0.3662109375 0.79541015625 987124
-0.13671875 0.3662109375 0.79541015625 987125
-0.13671875 0.3662109375 0.79541015625 987125
-0.15234375 0.494140625 0.79248046875 987209
-0.15234375 0.494140625 0.79248046875 987210
-0.20458984375 0.45703125 0.66064453125 987312
-0.20458984375 0.45703125 0.66064453125 987312
-0.20458984375 0.45703125 0.66064453125 987313
-0.20458984375 0.45703125 0.66064453125 987314
-0.20458984375 0.45703125 0.66064453125 987315
-0.1982421875 0.50439453125 0.73779296875 987415
-0.1982421875 0.50439453125 0.73779296875 987416
-0.1982421875 0.50439453125 0.73779296875 987417
-0.1982421875 0.50439453125 0.73779296875 987418
-0.1982421875 0.50439453125 0.73779296875 987419
-0.22412109375 0.5400390625 0.68310546875 987516
-0.22412109375 0.5400390625 0.68310546875 987517
-0.22412109375 0.5400390625 0.68310546875 987517
-0.22412109375 0.5400390625 0.68310546875 987518
-0.22412109375 0.5400390625 0.68310546875 987519
-0.2177734375 0.5107421875 0.61962890625 987594
-0.2548828125 0.57373046875 0.65673828125 987707
-0.2548828125 0.57373046875 0.65673828125 987708
-0.2548828125 0.57373046875 0.65673828125 987708
-0.2548828125 0.57373046875 0.65673828125 987709
-0.2548828125 0.57373046875 0.65673828125 987710
-0.28515625 0.5693359375 0.63916015625 987812
-0.28515625 0.5693359375 0.63916015625 987813
-0.28515625 0.5693359375 0.63916015625 987814
-0.28515625 0.5693359375 0.63916015625 987815
-0.28515625 0.5693359375 0.63916015625 987816
-0.2880859375 0.607421875 0.63818359375 987899
-0.24853515625 0.61083984375 0.55810546875 988005
-0.24853515625 0.61083984375 0.55810546875 988006
-0.24853515625 0.61083984375 0.55810546875 988007
-0.24853515625 0.61083984375 0.55810546875 988007
-0.24853515625 0.61083984375 0.55810546875 988008
-0.2275390625 0.61376953125 0.595703125 988108
-0.2275390625 0.61376953125 0.595703125 988109
-0.2275390625 0.61376953125 0.595703125 988109
-0.2275390625 0.61376953125 0.595703125 988110
-0.2275390625 0.61376953125 0.595703125 988111
-0.12060546875 0.6337890625 0.71240234375 988210
-0.12060546875 0.6337890625 0.71240234375 988211
-0.12060546875 0.6337890625 0.71240234375 988212
-0.12060546875 0.6337890625 0.71240234375 988213
-0.12060546875 0.6337890625 0.71240234375 988213
-0.1796875 0.61767578125 0.68798828125 988313
-0.1796875 0.61767578125 0.68798828125 988314
-0.1796875 0.61767578125 0.68798828125 988315
-0.1796875 0.61767578125 0.68798828125 988316
-0.1796875 0.61767578125 0.68798828125 988317
-0.052734375 0.58984375 0.68017578125 988415
-0.052734375 0.58984375 0.68017578125 988416
-0.052734375 0.58984375 0.68017578125 988417
-0.052734375 0.58984375 0.68017578125 988418
-0.052734375 0.58984375 0.68017578125 988419
-0.033203125 0.587890625 0.6826171875 988494
0.06787109375 0.533203125 0.74853515625 988606
0.06787109375 0.533203125 0.74853515625 988607
0.06787109375 0.533203125 0.74853515625 988608
0.06787109375 0.533203125 0.74853515625 988609
0.06787109375 0.533203125 0.74853515625 988610
0.0966796875 0.55810546875 0.77294921875 988708
0.0966796875 0.55810546875 0.77294921875 988709
0.0966796875 0.55810546875 0.77294921875 988709
0.0966796875 0.55810546875 0.77294921875 988710
0.0966796875 0.55810546875 0.77294921875 988711
0.1162109375 0.53466796875 0.7802734375 988810
0.1162109375 0.53466796875 0.7802734375 988811
0.1162109375 0.53466796875 0.7802734375 988812
0.1162109375 0.53466796875 0.7802734375 988812
0.1162109375 0.53466796875 0.7802734375 988813
0.130859375 0.5068359375 0.796875 988909
0.091796875 0.50830078125 0.76318359375 989001
0.091796875 0.50830078125 0.76318359375 989013
0.091796875 0.50830078125 0.76318359375 989014
0.091796875 0.50830078125 0.76318359375 989015
0.091796875 0.50830078125 0.76318359375 989016
0.1259765625 0.49560546875 0.7841796875 989115
0.1259765625 0.49560546875 0.7841796875 989116
0.1259765625 0.49560546875 0.7841796875 989117
0.1259765625 0.49560546875 0.7841796875 989118
0.1259765625 0.49560546875 0.7841796875 989119
0.11083984375 0.48828125 0.806640625 989217
0.11083984375 0.48828125 0.806640625 989218
0.11083984375 0.48828125 0.806640625 989219
0.11083984375 0.48828125 0.806640625 989221
0.11083984375 0.48828125 0.806640625 989222
0.15673828125 0.4765625 0.7978515625 989295
0.1015625 0.4658203125 0.7919921875 989405
0.1015625 0.4658203125 0.7919921875 989406
0.1015625 0.4658203125 0.7919921875 989406
0.1015625 0.4658203125 0.7919921875 989407
0.1015625 0.4658203125 0.7919921875 989408
0.1123046875 0.48193359375 0.8037109375 989508
0.1123046875 0.48193359375 0.8037109375 989509
0.1123046875 0.48193359375 0.8037109375 989510
0.1123046875 0.48193359375 0.8037109375 989511
0.1123046875 0.48193359375 0.8037109375 989511
0.11669921875 0.46337890625 0.79638671875 989610
0.11669921875 0.46337890625 0.79638671875 989611
0.11669921875 0.46337890625 0.79638671875 989612
0.11669921875 0.46337890625 0.79638671875 989613
0.11669921875 0.46337890625 0.79638671875 989614
0.13134765625 0.48291015625 0.8193359375 989712
0.13134765625 0.48291015625 0.8193359375 989713
0.13134765625 0.48291015625 0.8193359375 989714
0.13134765625 0.48291015625 0.8193359375 989715
0.13134765625 0.48291015625 0.8193359375 989716
0.111328125 0.45361328125 0.79052734375 989817
0.111328125 0.45361328125 0.79052734375 989818
0.111328125 0.45361328125 0.79052734375 989818
0.111328125 0.45361328125 0.79052734375 989819
0.111328125 0.45361328125 0.79052734375 989820
0.15869140625 0.48095703125 0.81494140625 989898
0.11767578125 0.48193359375 0.80859375 990007
0.11767578125 0.48193359375 0.80859375 990008
0.11767578125 0.48193359375 0.80859375 990009
0.11767578125 0.48193359375 0.80859375 990010
0.11767578125 0.48193359375 0.80859375 990011
0.134765625 0.4716796875 0.8115234375 990111
0.134765625 0.4716796875 0.8115234375 990112
0.134765625 0.4716796875 0.8115234375 990113
0.134765625 0.4716796875 0.8115234375 990114
0.134765625 0.4716796875 0.8115234375 990115
0.1259765625 0.4853515625 0.80322265625 990213
0.1259765625 0.4853515625 0.80322265625 990214
0.1259765625 0.4853515625 0.80322265625 990215
0.1259765625 0.4853515625 0.80322265625 990216
0.1259765625 0.4853515625 0.80322265625 990217
0.1279296875 0.46533203125 0.80419921875 990315
0.1279296875 0.46533203125 0.80419921875 990316
0.1279296875 0.46533203125 0.80419921875 990317
0.1279296875 0.46533203125 0.80419921875 990318
0.1279296875 0.46533203125 0.80419921875 990319
0.134765625 0.462890625 0.80712890625 990417
0.134765625 0.462890625 0.80712890625 990418
0.134765625 0.462890625 0.80712890625 990419
0.134765625 0.462890625 0.80712890625 990420
0.134765625 0.462890625 0.80712890625 990420
0.12646484375 0.47509765625 0.7998046875 990496
0.1298828125 0.4775390625 0.8125 990607
0.1298828125 0.4775390625 0.8125 990608
0.1298828125 0.4775390625 0.8125 990608
0.1298828125 0.4775390625 0.8125 990611
0.1298828125 0.4775390625 0.8125 990612
0.1123046875 0.45654296875 0.79248046875 990709
0.1123046875 0.45654296875 0.79248046875 990710
0.1123046875 0.45654296875 0.79248046875 990711
0.1123046875 0.45654296875 0.79248046875 990712
0.1123046875 0.45654296875 0.79248046875 990713
0.130859375 0.474609375 0.8271484375 990811
0.130859375 0.474609375 0.8271484375 990812
0.130859375 0.474609375 0.8271484375 990813
0.130859375 0.474609375 0.8271484375 990814
0.130859375 0.474609375 0.8271484375 990815
0.12255859375 0.46923828125 0.7841796875 990914
0.12255859375 0.46923828125 0.7841796875 990915
0.12255859375 0.46923828125 0.7841796875 990916
0.12255859375 0.46923828125 0.7841796875 990917
0.12255859375 0.46923828125 0.7841796875 990918
0.1103515625 0.46533203125 0.80419921875 991016
0.1103515625 0.46533203125 0.80419921875 991017
0.1103515625 0.46533203125 0.80419921875 991018
0.1103515625 0.46533203125 0.80419921875 991018
0.1103515625 0.46533203125 0.80419921875 991019
0.12939453125 0.4765625 0.81005859375 991100
0.09521484375 0.482421875 0.7998046875 991206
0.09521484375 0.482421875 0.7998046875 991207
0.09521484375 0.482421875 0.7998046875 991207
0.09521484375 0.482421875 0.7998046875 991208
0.09521484375 0.482421875 0.7998046875 991209
0.10986328125 0.4599609375 0.78515625 991309
0.10986328125 0.4599609375 0.78515625 991310
0.10986328125 0.4599609375 0.78515625 991310
0.10986328125 0.4599609375 0.78515625 991311
0.10986328125 0.4599609375 0.78515625 991312
0.13427734375 0.49755859375 0.81494140625 991411
0.13427734375 0.49755859375 0.81494140625 991412
0.13427734375 0.49755859375 0.81494140625 991412
0.13427734375 0.49755859375 0.81494140625 991413
0.13427734375 0.49755859375 0.81494140625 991414
0.12548828125 0.46826171875 0.79150390625 991513
0.12548828125 0.46826171875 0.79150390625 991514
0.12548828125 0.46826171875 0.79150390625 991514
0.12548828125 0.46826171875 0.79150390625 991515
0.12548828125 0.46826171875 0.79150390625 991516
0.1103515625 0.4833984375 0.82958984375 991617
0.1103515625 0.4833984375 0.82958984375 991618
0.1103515625 0.4833984375 0.82958984375 991618
0.1103515625 0.4833984375 0.82958984375 991619
0.1103515625 0.4833984375 0.82958984375 991620
0.1259765625 0.478515625 0.783203125 991698
0.119140625 0.4765625 0.802734375 991811
0.119140625 0.4765625 0.802734375 991812
0.119140625 0.4765625 0.802734375 991812
0.119140625 0.4765625 0.802734375 991813
0.119140625 0.4765625 0.802734375 991815
0.12744140625 0.482421875 0.81005859375 991913
0.12744140625 0.482421875 0.81005859375 991914
0.12744140625 0.482421875 0.81005859375 991915
0.12744140625 0.482421875 0.81005859375 991915
0.12744140625 0.482421875 0.81005859375 991916
0.125 0.4716796875 0.826171875 992018
0.125 0.4716796875 0.826171875 992019
0.125 0.4716796875 0.826171875 992020
0.125 0.4716796875 0.826171875 992021
0.125 0.4716796875 0.826171875 992022
0.17626953125 0.4833984375 0.82177734375 992096
0.09521484375 0.48388671875 0.7802734375 992207
0.09521484375 0.48388671875 0.7802734375 992208
0.09521484375 0.48388671875 0.7802734375 992209
0.09521484375 0.48388671875 0.7802734375 992210
0.09521484375 0.48388671875 0.7802734375 992211
0.12158203125 0.47998046875 0.8193359375 992310
0.12158203125 0.47998046875 0.8193359375 992311
0.12158203125 0.47998046875 0.8193359375 992312
0.12158203125 0.47998046875 0.8193359375 992313
0.12158203125 0.47998046875 0.8193359375 992314
0.1259765625 0.4775390625 0.79248046875 992412
0.1259765625 0.4775390625 0.79248046875 992414
0.1259765625 0.4775390625 0.79248046875 992415
0.1259765625 0.4775390625 0.79248046875 992415
0.1259765625 0.4775390625 0.79248046875 992416
0.11669921875 0.4716796875 0.76611328125 992516
0.11669921875 0.4716796875 0.76611328125 992517
0.11669921875 0.4716796875 0.76611328125 992518
0.11669921875 0.4716796875 0.76611328125 992519
0.11669921875 0.4716796875 0.76611328125 992520
0.14013671875 0.47705078125 0.80908203125 992620
0.14013671875 0.47705078125 0.80908203125 992621
0.14013671875 0.47705078125 0.80908203125 992622
0.14013671875 0.47705078125 0.80908203125 992623
0.14013671875 0.47705078125 0.80908203125 992623
0.1318359375 0.48779296875 0.81005859375 992698
0.10693359375 0.4697265625 0.798828125 992809
0.10693359375 0.4697265625 0.798828125 992810
0.10693359375 0.4697265625 0.798828125 992810
0.10693359375 0.4697265625 0.798828125 992811
0.10693359375 0.4697265625 0.798828125 992812
0.1142578125 0.48876953125 0.82470703125 992911
0.1142578125 0.48876953125 0.82470703125 992912
0.1142578125 0.48876953125 0.82470703125 992913
0.1142578125 0.48876953125 0.82470703125 992914
0.1142578125 0.48876953125 0.82470703125 992915
0.14208984375 0.47900390625 0.794921875 993015
0.14208984375 0.47900390625 0.794921875 993016
0.14208984375 0.47900390625 0.794921875 993017
0.14208984375 0.47900390625 0.794921875 993017
0.14208984375 0.47900390625 0.794921875 993018
0.14794921875 0.4638671875 0.82177734375 993118
0.14794921875 0.4638671875 0.82177734375 993119
0.14794921875 0.4638671875 0.82177734375 993119
0.14794921875 0.4638671875 0.82177734375 993120
0.14794921875 0.4638671875 0.82177734375 993121
0.095703125 0.486328125 0.810546875 993198
0.1337890625 0.4755859375 0.77783203125 993308
0.1337890625 0.4755859375 0.77783203125 993309
0.1337890625 0.4755859375 0.77783203125 993310
0.1337890625 0.4755859375 0.77783203125 993310
0.1337890625 0.4755859375 0.77783203125 993311
0.1025390625 0.4775390625 0.81982421875 993410
0.1025390625 0.4775390625 0.81982421875 993411
0.1025390625 0.4775390625 0.81982421875 993412
0.1025390625 0.4775390625 0.81982421875 993413
0.1025390625 0.4775390625 0.81982421875 993414
0.15234375 0.47216796875 0.78662109375 993513
0.15234375 0.47216796875 0.78662109375 993514
0.15234375 0.47216796875 0.78662109375 993515
0.15234375 0.47216796875 0.78662109375 993516
0.15234375 0.47216796875 0.78662109375 993517
0.12841796875 0.46875 0.794921875 993615
0.12841796875 0.46875 0.794921875 993616
0.12841796875 0.46875 0.794921875 993617
0.12841796875 0.46875 0.794921875 993618
0.12841796875 0.46875 0.794921875 993619
0.10693359375 0.47607421875 0.80078125 993719
0.10693359375 0.47607421875 0.80078125 993720
0.10693359375 0.47607421875 0.80078125 993721
0.10693359375 0.47607421875 0.80078125 993721
0.10693359375 0.47607421875 0.80078125 993723
0.11083984375 0.4970703125 0.802734375 993830
0.11083984375 0.4970703125 0.802734375 993831
0.11083984375 0.4970703125 0.802734375 993832
0.11083984375 0.4970703125 0.802734375 993833
0.11083984375 0.4970703125 0.802734375 993834
0.10693359375 0.46826171875 0.78173828125 993927
0.11572265625 0.49169921875 0.82568359375 994019
0.11572265625 0.49169921875 0.82568359375 994020
0.11572265625 0.49169921875 0.82568359375 994021
0.11572265625 0.49169921875 0.82568359375 994022
0.11572265625 0.49169921875 0.82568359375 994023
0.1259765625 0.4716796875 0.77783203125 994104
0.14501953125 0.48095703125 0.8310546875 994214
0.14501953125 0.48095703125 0.8310546875 994215
0.14501953125 0.48095703125 0.8310546875 994216
0.14501953125 0.48095703125 0.8310546875 994217
0.14501953125 0.48095703125 0.8310546875 994218
0.1123046875 0.48291015625 0.8076171875 994300
0.11474609375 0.47998046875 0.78271484375 994434
0.11474609375 0.47998046875 0.78271484375 994436
0.11474609375 0.47998046875 0.78271484375 994437
0.11474609375 0.47998046875 0.78271484375 994438
0.11474609375 0.47998046875 0.78271484375 994439
0.0791015625 0.47412109375 0.78466796875 994511
0.1474609375 0.4755859375 0.7861328125 994616
0.1474609375 0.4755859375 0.7861328125 994617
0.1474609375 0.4755859375 0.7861328125 994618
0.1474609375 0.4755859375 0.7861328125 994619
0.1474609375 0.4755859375 0.7861328125 994619
0.10546875 0.4638671875 0.8046875 994718
0.10546875 0.4638671875 0.8046875 994719
0.10546875 0.4638671875 0.8046875 994719
0.10546875 0.4638671875 0.8046875 994720
0.10546875 0.4638671875 0.8046875 994721
0.1171875 0.482421875 0.8037109375 994833
0.1171875 0.482421875 0.8037109375 994834
0.1171875 0.482421875 0.8037109375 994835
0.1171875 0.482421875 0.8037109375 994836
0.1171875 0.482421875 0.8037109375 994837
0.130859375 0.48681640625 0.80859375 994910
0.12255859375 0.47998046875 0.81689453125 995012
0.12255859375 0.47998046875 0.81689453125 995013
0.12255859375 0.47998046875 0.81689453125 995014
0.12255859375 0.47998046875 0.81689453125 995015
0.12255859375 0.47998046875 0.81689453125 995016
0.11572265625 0.48876953125 0.79052734375 995117
0.11572265625 0.48876953125 0.79052734375 995118
0.11572265625 0.48876953125 0.79052734375 995119
0.11572265625 0.48876953125 0.79052734375 995120
0.11572265625 0.48876953125 0.79052734375 995121
0.17431640625 0.48779296875 0.81884765625 995201
0.07568359375 0.47607421875 0.80224609375 995309
0.07568359375 0.47607421875 0.80224609375 995310
0.07568359375 0.47607421875 0.80224609375 995311
0.07568359375 0.47607421875 0.80224609375 995311
0.07568359375 0.47607421875 0.80224609375 995312
0.14892578125 0.48388671875 0.77783203125 995411
0.14892578125 0.48388671875 0.77783203125 995412
0.14892578125 0.48388671875 0.77783203125 995413
0.14892578125 0.48388671875 0.77783203125 995414
0.14892578125 0.48388671875 0.77783203125 995415
0.11572265625 0.4755859375 0.80322265625 995514
0.11572265625 0.4755859375 0.80322265625 995515
0.11572265625 0.4755859375 0.80322265625 995516
0.11572265625 0.4755859375 0.80322265625 995517
0.11572265625 0.4755859375 0.80322265625 995519
0.11181640625 0.4853515625 0.80712890625 995616
0.11181640625 0.4853515625 0.80712890625 995617
0.11181640625 0.4853515625 0.80712890625 995618
0.11181640625 0.4853515625 0.80712890625 995619
0.11181640625 0.4853515625 0.80712890625 995620
0.15576171875 0.47998046875 0.78076171875 995722
0.15576171875 0.47998046875 0.78076171875 995723
0.15576171875 0.47998046875 0.78076171875 995724
0.15576171875 0.47998046875 0.78076171875 995725
0.15576171875 0.47998046875 0.78076171875 995725
0.119140625 0.48291015625 0.8271484375 995798
0.12646484375 0.486328125 0.78076171875 995908
0.12646484375 0.486328125 0.78076171875 995909
0.12646484375 0.486328125 0.78076171875 995910
0.12646484375 0.486328125 0.78076171875 995911
0.12646484375 0.486328125 0.78076171875 995912
0.119140625 0.4677734375 0.7919921875 996011
0.119140625 0.4677734375 0.7919921875 996012
0.119140625 0.4677734375 0.7919921875 996013
0.119140625 0.4677734375 0.7919921875 996014
0.119140625 0.4677734375 0.7919921875 996015
0.13916015625 0.48779296875 0.79248046875 996113
0.13916015625 0.48779296875 0.79248046875 996114
0.13916015625 0.48779296875 0.79248046875 996116
0.13916015625 0.48779296875 0.79248046875 996117
0.13916015625 0.48779296875 0.79248046875 996118
0.13232421875 0.490234375 0.8017578125 996217
0.13232421875 0.490234375 0.8017578125 996218
0.13232421875 0.490234375 0.8017578125 996219
0.13232421875 0.490234375 0.8017578125 996220
0.13232421875 0.490234375 0.8017578125 996221
0.13330078125 0.482421875 0.8173828125 996320
0.13330078125 0.482421875 0.8173828125 996321
0.13330078125 0.482421875 0.8173828125 996321
0.13330078125 0.482421875 0.8173828125 996322
0.13330078125 0.482421875 0.8173828125 996323
0.14453125 0.50537109375 0.79052734375 996399
0.12548828125 0.474609375 0.80810546875 996509
0.12548828125 0.474609375 0.80810546875 996510
0.12548828125 0.474609375 0.80810546875 996511
0.12548828125 0.474609375 0.80810546875 996512
0.12548828125 0.474609375 0.80810546875 996513
0.1435546875 0.4814453125 0.78564453125 996615
0.1435546875 0.4814453125 0.78564453125 996616
0.1435546875 0.4814453125 0.78564453125 996617
0.1435546875 0.4814453125 0.78564453125 996618
0.12109375 0.48681640625 0.78076171875 996699
0.12109375 0.48681640625 0.78076171875 996700
0.12451171875 0.48779296875 0.794921875 996809
0.12451171875 0.48779296875 0.794921875 996810
0.12451171875 0.48779296875 0.794921875 996811
0.12451171875 0.48779296875 0.794921875 996812
0.12451171875 0.48779296875 0.794921875 996813
0.14453125 0.47802734375 0.79345703125 996911
0.14453125 0.47802734375 0.79345703125 996912
0.14453125 0.47802734375 0.79345703125 996913
0.14453125 0.47802734375 0.79345703125 996914
0.14453125 0.47802734375 0.79345703125 996915
0.15576171875 0.48974609375 0.8271484375 997013
0.15576171875 0.48974609375 0.8271484375 997014
0.15576171875 0.48974609375 0.8271484375 997015
0.15576171875 0.48974609375 0.8271484375 997016
0.15576171875 0.48974609375 0.8271484375 997017
0.1201171875 0.4794921875 0.7841796875 997117
0.1201171875 0.4794921875 0.7841796875 997118
0.1201171875 0.4794921875 0.7841796875 997119
0.1201171875 0.4794921875 0.7841796875 997120
0.1201171875 0.4794921875 0.7841796875 997121
0.1328125 0.49609375 0.79638671875 997219
0.1328125 0.49609375 0.79638671875 997220
0.1328125 0.49609375 0.79638671875 997221
0.1328125 0.49609375 0.79638671875 997222
0.1328125 0.49609375 0.79638671875 997223
0.111328125 0.48193359375 0.79052734375 997321
0.111328125 0.48193359375 0.79052734375 997322
0.111328125 0.48193359375 0.79052734375 997341
0.111328125 0.48193359375 0.79052734375 997342
0.111328125 0.48193359375 0.79052734375 997342
0.17041015625 0.48291015625 0.8134765625 997413
0.11474609375 0.490234375 0.79541015625 997501
0.11474609375 0.490234375 0.79541015625 997502
0.11474609375 0.490234375 0.79541015625 997503
0.11474609375 0.490234375 0.79541015625 997504
0.11474609375 0.490234375 0.79541015625 997505
0.17333984375 0.49267578125 0.78955078125 997612
0.17333984375 0.49267578125 0.78955078125 997613
0.17333984375 0.49267578125 0.78955078125 997613
0.17333984375 0.49267578125 0.78955078125 997614
0.17333984375 0.49267578125 0.78955078125 997615
0.0751953125 0.4833984375 0.79345703125 997714
0.0751953125 0.4833984375 0.79345703125 997715
0.0751953125 0.4833984375 0.79345703125 997716
0.0751953125 0.4833984375 0.79345703125 997717
0.0751953125 0.4833984375 0.79345703125 997718
0.1728515625 0.46630859375 0.81494140625 997816
0.1728515625 0.46630859375 0.81494140625 997817
0.1728515625 0.46630859375 0.81494140625 997818
0.1728515625 0.46630859375 0.81494140625 997835
0.1728515625 0.46630859375 0.81494140625 997842
0.12548828125 0.48291015625 0.77880859375 997919
0.12548828125 0.48291015625 0.77880859375 997920
0.12548828125 0.48291015625 0.77880859375 997921
0.12548828125 0.48291015625 0.77880859375 997922
0.1181640625 0.4873046875 0.78369140625 998022
0.1181640625 0.4873046875 0.78369140625 998023
0.1181640625 0.4873046875 0.78369140625 998023
0.1181640625 0.4873046875 0.78369140625 998024
0.1181640625 0.4873046875 0.78369140625 998025
0.14794921875 0.484375 0.84375 998100
0.13916015625 0.48681640625 0.7822265625 998210
0.13916015625 0.48681640625 0.7822265625 998211
0.13916015625 0.48681640625 0.7822265625 998212
0.13916015625 0.48681640625 0.7822265625 998213
0.13916015625 0.48681640625 0.7822265625 998214
0.11865234375 0.4853515625 0.802734375 998313
0.11865234375 0.4853515625 0.802734375 998314
0.11865234375 0.4853515625 0.802734375 998314
0.11865234375 0.4853515625 0.802734375 998315
0.11865234375 0.4853515625 0.802734375 998316
0.17138671875 0.48681640625 0.81005859375 998415
0.17138671875 0.48681640625 0.81005859375 998416
0.17138671875 0.48681640625 0.81005859375 998417
0.17138671875 0.48681640625 0.81005859375 998418
0.17138671875 0.48681640625 0.81005859375 998418
0.09912109375 0.4736328125 0.7685546875 998517
0.09912109375 0.4736328125 0.7685546875 998518
0.09912109375 0.4736328125 0.7685546875 998519
0.09912109375 0.4736328125 0.7685546875 998520
0.09912109375 0.4736328125 0.7685546875 998520
0.1376953125 0.48291015625 0.8056640625 998603
0.1552734375 0.4921875 0.7998046875 998710
0.1552734375 0.4921875 0.7998046875 998711
0.1552734375 0.4921875 0.7998046875 998712
0.1552734375 0.4921875 0.7998046875 998713
0.1552734375 0.4921875 0.7998046875 998713
0.10888671875 0.48095703125 0.79345703125 998815
0.10888671875 0.48095703125 0.79345703125 998816
0.10888671875 0.48095703125 0.79345703125 998817
0.10888671875 0.48095703125 0.79345703125 998818
0.10888671875 0.48095703125 0.79345703125 998818
0.13525390625 0.48193359375 0.80322265625 998915
0.13525390625 0.48193359375 0.80322265625 998916
0.13525390625 0.48193359375 0.80322265625 998917
0.14990234375 0.4921875 0.81396484375 999021
0.14990234375 0.4921875 0.81396484375 999022
0.14990234375 0.4921875 0.81396484375 999023
0.14990234375 0.4921875 0.81396484375 999024
0.14990234375 0.4921875 0.81396484375 999025
0.134765625 0.47509765625 0.80029296875 999120
0.15966796875 0.49072265625 0.78759765625 999200
0.15966796875 0.49072265625 0.78759765625 999201
0.15966796875 0.49072265625 0.78759765625 999201
0.15966796875 0.49072265625 0.78759765625 999202
0.15966796875 0.49072265625 0.78759765625 999203
0.09765625 0.4775390625 0.79931640625 999310
0.09765625 0.4775390625 0.79931640625 999311
0.09765625 0.4775390625 0.79931640625 999312
0.09765625 0.4775390625 0.79931640625 999312
0.09765625 0.4775390625 0.79931640625 999313
0.15966796875 0.4814453125 0.8134765625 999413
0.15966796875 0.4814453125 0.8134765625 999414
0.15966796875 0.4814453125 0.8134765625 999415
0.15966796875 0.4814453125 0.8134765625 999416
0.15966796875 0.4814453125 0.8134765625 999418
0.1240234375 0.48828125 0.78955078125 999516
0.1240234375 0.48828125 0.78955078125 999517
0.1240234375 0.48828125 0.78955078125 999518
0.1240234375 0.48828125 0.78955078125 999519
0.15234375 0.4765625 0.80322265625 999619
0.15234375 0.4765625 0.80322265625 999620
0.15234375 0.4765625 0.80322265625 999621
0.15234375 0.4765625 0.80322265625 999622
0.15234375 0.4765625 0.80322265625 999623
0.12548828125 0.5048828125 0.81884765625 999719
0.14306640625 0.47509765625 0.80322265625 999810
0.14306640625 0.47509765625 0.80322265625 999811
0.14306640625 0.47509765625 0.80322265625 999812
0.14306640625 0.47509765625 0.80322265625 999812
0.14306640625 0.47509765625 0.80322265625 999813
0.1533203125 0.47412109375 0.80126953125 999912
0.1533203125 0.47412109375 0.80126953125 999913
0.1533203125 0.47412109375 0.80126953125 999931
0.1533203125 0.47412109375 0.80126953125 999932
0.1533203125 0.47412109375 0.80126953125 999933
0.1083984375 0.4912109375 0.794921875 1000017
0.1083984375 0.4912109375 0.794921875 1000018
0.1083984375 0.4912109375 0.794921875 1000018
0.14892578125 0.47119140625 0.79931640625 1000119
0.14892578125 0.47119140625 0.79931640625 1000120
0.14892578125 0.47119140625 0.79931640625 1000121
0.14892578125 0.47119140625 0.79931640625 1000122
0.14892578125 0.47119140625 0.79931640625 1000123
0.13037109375 0.48828125 0.8232421875 1000199
0.07568359375 0.51806640625 0.837890625 1000311
0.07568359375 0.51806640625 0.837890625 1000312
0.07568359375 0.51806640625 0.837890625 1000313
0.07568359375 0.51806640625 0.837890625 1000314
0.07568359375 0.51806640625 0.837890625 1000315
0.15283203125 0.47509765625 0.79541015625 1000417
0.15283203125 0.47509765625 0.79541015625 1000418
0.15283203125 0.47509765625 0.79541015625 1000418
0.15283203125 0.47509765625 0.79541015625 1000419
0.11328125 0.4619140625 0.78955078125 1000520
0.11328125 0.4619140625 0.78955078125 1000521
0.11328125 0.4619140625 0.78955078125 1000521
0.11328125 0.4619140625 0.78955078125 1000522
0.11328125 0.4619140625 0.78955078125 1000523
0.13623046875 0.4716796875 0.818359375 1000622
0.13623046875 0.4716796875 0.818359375 1000623
0.13623046875 0.4716796875 0.818359375 1000623
0.13623046875 0.4716796875 0.818359375 1000624
0.13623046875 0.4716796875 0.818359375 1000624
0.12451171875 0.44580078125 0.80322265625 1000701
0.11572265625 0.43115234375 0.8115234375 1000812
0.11572265625 0.43115234375 0.8115234375 1000813
0.11572265625 0.43115234375 0.8115234375 1000813
0.11572265625 0.43115234375 0.8115234375 1000816
0.11572265625 0.43115234375 0.8115234375 1000817
0.1572265625 0.42626953125 0.798828125 1000914
0.1572265625 0.42626953125 0.798828125 1000915
0.1572265625 0.42626953125 0.798828125 1000915
0.1572265625 0.42626953125 0.798828125 1000916
0.1572265625 0.42626953125 0.798828125 1000917
0.11181640625 0.4150390625 0.76318359375 1001041
0.11181640625 0.4150390625 0.76318359375 1001042
0.11181640625 0.4150390625 0.76318359375 1001042
0.11181640625 0.4150390625 0.76318359375 1001043
0.11181640625 0.4150390625 0.76318359375 1001044
0.0908203125 0.45556640625 0.7724609375 1001119
0.03173828125 0.53271484375 0.80517578125 1001221
0.03173828125 0.53271484375 0.80517578125 1001222
0.03173828125 0.53271484375 0.80517578125 1001222
0.03173828125 0.53271484375 0.80517578125 1001223
0.03173828125 0.53271484375 0.80517578125 1001224
0.02001953125 0.57470703125 0.77978515625 1001300
-0.0615234375 0.560546875 0.771484375 1001411
-0.0615234375 0.560546875 0.771484375 1001412
-0.0615234375 0.560546875 0.771484375 1001413
-0.0615234375 0.560546875 0.771484375 1001413
-0.0615234375 0.560546875 0.771484375 1001414
-0.10888671875 0.5693359375 0.69970703125 1001514
-0.10888671875 0.5693359375 0.69970703125 1001515
-0.10888671875 0.5693359375 0.69970703125 1001516
-0.10888671875 0.5693359375 0.69970703125 1001516
-0.10888671875 0.5693359375 0.69970703125 1001517
-0.22802734375 0.60107421875 0.63232421875 1001616
-0.22802734375 0.60107421875 0.63232421875 1001617
-0.22802734375 0.60107421875 0.63232421875 1001617
-0.22802734375 0.60107421875 0.63232421875 1001618
-0.22802734375 0.60107421875 0.63232421875 1001619
-0.31005859375 0.6064453125 0.57275390625 1001719
-0.31005859375 0.6064453125 0.57275390625 1001720
-0.31005859375 0.6064453125 0.57275390625 1001721
-0.31005859375 0.6064453125 0.57275390625 1001721
-0.31005859375 0.6064453125 0.57275390625 1001723
-0.43310546875 0.64013671875 0.4990234375 1001821
-0.43310546875 0.64013671875 0.4990234375 1001822
-0.43310546875 0.64013671875 0.4990234375 1001823
-0.43310546875 0.64013671875 0.4990234375 1001824
-0.43310546875 0.64013671875 0.4990234375 1001825
-0.41552734375 0.6220703125 0.48974609375 1001901
-0.43359375 0.60009765625 0.52490234375 1002025
-0.43359375 0.60009765625 0.52490234375 1002027
-0.43359375 0.60009765625 0.52490234375 1002027
-0.43359375 0.60009765625 0.52490234375 1002028
-0.43359375 0.60009765625 0.52490234375 1002029
-0.43115234375 0.60107421875 0.466796875 1002115
-0.38916015625 0.5537109375 0.447265625 1002217
-0.38916015625 0.5537109375 0.447265625 1002218
-0.38916015625 0.5537109375 0.447265625 1002219
-0.38916015625 0.5537109375 0.447265625 1002220
-0.38916015625 0.5537109375 0.447265625 1002221
-0.44091796875 0.56298828125 0.43701171875 1002320
-0.44091796875 0.56298828125 0.43701171875 1002321
-0.44091796875 0.56298828125 0.43701171875 1002322
-0.44091796875 0.56298828125 0.43701171875 1002323
-0.44091796875 0.56298828125 0.43701171875 1002323
-0.44482421875 0.6162109375 0.49658203125 1002422
-0.44482421875 0.6162109375 0.49658203125 1002423
-0.44482421875 0.6162109375 0.49658203125 1002423
-0.44482421875 0.6162109375 0.49658203125 1002424
-0.44482421875 0.6162109375 0.49658203125 1002425
-0.466796875 0.63427734375 0.4921875 1002500
-0.48291015625 0.60400390625 0.4208984375 1002616
-0.48291015625 0.60400390625 0.4208984375 1002617
-0.48291015625 0.60400390625 0.4208984375 1002617
-0.48291015625 0.60400390625 0.4208984375 1002618
-0.48291015625 0.60400390625 0.4208984375 1002619
-0.46142578125 0.5927734375 0.490234375 1002719
-0.46142578125 0.5927734375 0.490234375 1002720
-0.46142578125 0.5927734375 0.490234375 1002721
-0.46142578125 0.5927734375 0.490234375 1002722
-0.46142578125 0.5927734375 0.490234375 1002723
-0.4560546875 0.5576171875 0.46044921875 1002843
-0.4560546875 0.5576171875 0.46044921875 1002844
-0.4560546875 0.5576171875 0.46044921875 1002844
-0.4560546875 0.5576171875 0.46044921875 1002846
-0.4560546875 0.5576171875 0.46044921875 1002846
-0.3701171875 0.5478515625 0.4111328125 1002923
-0.5537109375 0.619140625 0.46142578125 1003023
-0.5537109375 0.619140625 0.46142578125 1003024
-0.5537109375 0.619140625 0.46142578125 1003025
-0.5537109375 0.619140625 0.46142578125 1003026
-0.5537109375 0.619140625 0.46142578125 1003027
-0.4658203125 0.58984375 0.4208984375 1003117
-0.494140625 0.640625 0.4765625 1003235
-0.494140625 0.640625 0.4765625 1003236
-0.494140625 0.640625 0.4765625 1003237
-0.494140625 0.640625 0.4765625 1003238
-0.494140625 0.640625 0.4765625 1003239
-0.40625 0.4697265625 0.4267578125 1003318
-0.52294921875 0.65234375 0.4912109375 1003422
-0.52294921875 0.65234375 0.4912109375 1003423
-0.52294921875 0.65234375 0.4912109375 1003424
-0.52294921875 0.65234375 0.4912109375 1003424
-0.52294921875 0.65234375 0.4912109375 1003425
-0.3427734375 0.48828125 0.419921875 1003524
-0.3427734375 0.48828125 0.419921875 1003525
-0.3427734375 0.48828125 0.419921875 1003525
-0.3427734375 0.48828125 0.419921875 1003526
-0.3427734375 0.48828125 0.419921875 1003527
-0.73828125 0.68017578125 0.3310546875 1003616
-0.58837890625 0.67236328125 0.41650390625 1003713
-0.58837890625 0.67236328125 0.41650390625 1003714
-0.58837890625 0.67236328125 0.41650390625 1003715
-0.58837890625 0.67236328125 0.41650390625 1003715
-0.58837890625 0.67236328125 0.41650390625 1003716
-0.26611328125 0.44775390625 0.41162109375 1003816
-0.26611328125 0.44775390625 0.41162109375 1003817
-0.26611328125 0.44775390625 0.41162109375 1003818
-0.26611328125 0.44775390625 0.41162109375 1003819
-0.26611328125 0.44775390625 0.41162109375 1003819
-0.59375 0.67431640625 0.404296875 1003921
-0.59375 0.67431640625 0.404296875 1003922
-0.59375 0.67431640625 0.404296875 1003923
-0.59375 0.67431640625 0.404296875 1003924
-0.59375 0.67431640625 0.404296875 1003924
-0.400390625 0.53271484375 0.46728515625 1004024
-0.400390625 0.53271484375 0.46728515625 1004025
-0.400390625 0.53271484375 0.46728515625 1004027
-0.400390625 0.53271484375 0.46728515625 1004028
-0.400390625 0.53271484375 0.46728515625 1004029
-0.5009765625 0.59033203125 0.515625 1004101
-0.39990234375 0.58740234375 0.53369140625 1004213
-0.39990234375 0.58740234375 0.53369140625 1004214
-0.39990234375 0.58740234375 0.53369140625 1004215
-0.39990234375 0.58740234375 0.53369140625 1004215
-0.39990234375 0.58740234375 0.53369140625 1004216
-0.3037109375 0.49267578125 0.6484375 1004315
-0.3037109375 0.49267578125 0.6484375 1004316
-0.3037109375 0.49267578125 0.6484375 1004316
-0.3037109375 0.49267578125 0.6484375 1004317
-0.3037109375 0.49267578125 0.6484375 1004318
-0.21435546875 0.50146484375 0.71923828125 1004417
-0.21435546875 0.50146484375 0.71923828125 1004418
-0.21435546875 0.50146484375 0.71923828125 1004419
-0.21435546875 0.50146484375 0.71923828125 1004419
-0.21435546875 0.50146484375 0.71923828125 1004420
-0.10302734375 0.46337890625 0.763671875 1004522
-0.10302734375 0.46337890625 0.763671875 1004523
-0.10302734375 0.46337890625 0.763671875 1004524
-0.10302734375 0.46337890625 0.763671875 1004525
-0.10302734375 0.46337890625 0.763671875 1004526
-0.0380859375 0.404296875 0.798828125 1004624
-0.0380859375 0.404296875 0.798828125 1004625
-0.0380859375 0.404296875 0.798828125 1004626
-0.0380859375 0.404296875 0.798828125 1004627
-0.0380859375 0.404296875 0.798828125 1004628
0.013671875 0.3671875 0.9287109375 1004701
0.09033203125 0.20654296875 0.74365234375 1004812
0.09033203125 0.20654296875 0.74365234375 1004813
0.09033203125 0.20654296875 0.74365234375 1004813
0.09033203125 0.20654296875 0.74365234375 1004814
0.09033203125 0.20654296875 0.74365234375 1004815
0.0810546875 0.296875 0.89794921875 1004915
0.0810546875 0.296875 0.89794921875 1004916
0.0810546875 0.296875 0.89794921875 1004916
0.0810546875 0.296875 0.89794921875 1004917
0.0810546875 0.296875 0.89794921875 1004918
0.16064453125 0.26025390625 0.87109375 1005018
0.16064453125 0.26025390625 0.87109375 1005021
0.16064453125 0.26025390625 0.87109375 1005022
0.16064453125 0.26025390625 0.87109375 1005023
0.16064453125 0.26025390625 0.87109375 1005024
0.111328125 0.2587890625 0.85546875 1005120
0.111328125 0.2587890625 0.85546875 1005121
0.111328125 0.2587890625 0.85546875 1005121
0.2021484375 0.28076171875 0.873046875 1005222
0.2021484375 0.28076171875 0.873046875 1005223
0.2021484375 0.28076171875 0.873046875 1005224
0.2021484375 0.28076171875 0.873046875 1005224
0.2021484375 0.28076171875 0.873046875 1005225
0.1884765625 0.2763671875 0.849609375 1005303
0.203125 0.31005859375 0.896484375 1005412
0.203125 0.31005859375 0.896484375 1005432
0.203125 0.31005859375 0.896484375 1005434
0.203125 0.31005859375 0.896484375 1005435
0.203125 0.31005859375 0.896484375 1005436
0.2255859375 0.35498046875 0.87060546875 1005515
0.2255859375 0.35498046875 0.87060546875 1005516
0.17333984375 0.31640625 0.82373046875 1005617
0.17333984375 0.31640625 0.82373046875 1005621
0.17333984375 0.31640625 0.82373046875 1005623
0.17333984375 0.31640625 0.82373046875 1005624
0.17333984375 0.31640625 0.82373046875 1005625
0.21923828125 0.35791015625 0.892578125 1005734
0.21923828125 0.35791015625 0.892578125 1005735
0.21923828125 0.35791015625 0.892578125 1005736
0.21923828125 0.35791015625 0.892578125 1005737
0.21923828125 0.35791015625 0.892578125 1005737
0.197265625 0.32421875 0.802734375 1005819
0.16845703125 0.36279296875 0.88427734375 1005922
0.16845703125 0.36279296875 0.88427734375 1005923
0.16845703125 0.36279296875 0.88427734375 1005924
0.16845703125 0.36279296875 0.88427734375 1005924
0.16845703125 0.36279296875 0.88427734375 1005925
0.2548828125 0.3740234375 0.82373046875 1006024
0.2548828125 0.3740234375 0.82373046875 1006025
0.2548828125 0.3740234375 0.82373046875 1006026
0.2548828125 0.3740234375 0.82373046875 1006027
0.2548828125 0.3740234375 0.82373046875 1006028
0.12109375 0.318359375 0.82666015625 1006102
0.2568359375 0.345703125 0.87548828125 1006212
0.2568359375 0.345703125 0.87548828125 1006213
0.2568359375 0.345703125 0.87548828125 1006231
0.2568359375 0.345703125 0.87548828125 1006232
0.2568359375 0.345703125 0.87548828125 1006233
0.18603515625 0.37060546875 0.80419921875 1006315
0.18603515625 0.37060546875 0.80419921875 1006316
0.18603515625 0.37060546875 0.80419921875 1006317
0.1123046875 0.45166015625 0.900390625 1006417
0.1123046875 0.45166015625 0.900390625 1006418
0.1123046875 0.45166015625 0.900390625 1006418
0.1123046875 0.45166015625 0.900390625 1006419
0.1123046875 0.45166015625 0.900390625 1006420
0.08056640625 0.44775390625 0.7724609375 1006520
0.08056640625 0.44775390625 0.7724609375 1006521
0.08056640625 0.44775390625 0.7724609375 1006522
0.08056640625 0.44775390625 0.7724609375 1006523
0.08056640625 0.44775390625 0.7724609375 1006524
0.046875 0.48974609375 0.78857421875 1006622
0.046875 0.48974609375 0.78857421875 1006623
0.046875 0.48974609375 0.78857421875 1006624
0.046875 0.48974609375 0.78857421875 1006625
0.046875 0.48974609375 0.78857421875 1006625
-0.04248046875 0.5732421875 0.76708984375 1006725
-0.04248046875 0.5732421875 0.76708984375 1006726
-0.04248046875 0.5732421875 0.76708984375 1006726
-0.04248046875 0.5732421875 0.76708984375 1006745
-0.04248046875 0.5732421875 0.76708984375 1006746
-0.07568359375 0.603515625 0.70703125 1006809
-0.13134765625 0.61376953125 0.67578125 1006913
-0.13134765625 0.61376953125 0.67578125 1006914
-0.13134765625 0.61376953125 0.67578125 1006915
-0.13134765625 0.61376953125 0.67578125 1006916
-0.13134765625 0.61376953125 0.67578125 1006916
-0.16064453125 0.6220703125 0.60498046875 1007016
-0.16064453125 0.6220703125 0.60498046875 1007017
-0.16064453125 0.6220703125 0.60498046875 1007018
-0.16064453125 0.6220703125 0.60498046875 1007019
-0.16064453125 0.6220703125 0.60498046875 1007020
-0.189453125 0.6279296875 0.65185546875 1007124
-0.189453125 0.6279296875 0.65185546875 1007125
-0.189453125 0.6279296875 0.65185546875 1007126
-0.189453125 0.6279296875 0.65185546875 1007126
-0.189453125 0.6279296875 0.65185546875 1007127
-0.15478515625 0.64794921875 0.65966796875 1007203
-0.11376953125 0.59033203125 0.69482421875 1007314
-0.11376953125 0.59033203125 0.69482421875 1007315
-0.11376953125 0.59033203125 0.69482421875 1007315
-0.11376953125 0.59033203125 0.69482421875 1007316
-0.11376953125 0.59033203125 0.69482421875 1007317
-0.078125 0.59765625 0.71142578125 1007416
-0.078125 0.59765625 0.71142578125 1007417
-0.078125 0.59765625 0.71142578125 1007418
-0.078125 0.59765625 0.71142578125 1007419
-0.078125 0.59765625 0.71142578125 1007419
0.00048828125 0.58349609375 0.70166015625 1007518
0.00048828125 0.58349609375 0.70166015625 1007519
0.00048828125 0.58349609375 0.70166015625 1007520
0.00048828125 0.58349609375 0.70166015625 1007521
0.00048828125 0.58349609375 0.70166015625 1007522
0.0185546875 0.57177734375 0.75439453125 1007621
0.0185546875 0.57177734375 0.75439453125 1007622
0.0185546875 0.57177734375 0.75439453125 1007623
0.0185546875 0.57177734375 0.75439453125 1007624
0.0185546875 0.57177734375 0.75439453125 1007625
0.0390625 0.55908203125 0.75830078125 1007725
0.0390625 0.55908203125 0.75830078125 1007726
0.0390625 0.55908203125 0.75830078125 1007726
0.0390625 0.55908203125 0.75830078125 1007727
0.0390625 0.55908203125 0.75830078125 1007728
0.10546875 0.53369140625 0.76708984375 1007802
0.0673828125 0.521484375 0.787109375 1007913
0.0673828125 0.521484375 0.787109375 1007914
0.0673828125 0.521484375 0.787109375 1007915
0.0673828125 0.521484375 0.787109375 1007916
0.0673828125 0.521484375 0.787109375 1007917
0.0908203125 0.54443359375 0.78564453125 1008016
0.0908203125 0.54443359375 0.78564453125 1008017
0.0908203125 0.54443359375 0.78564453125 1008018
0.0908203125 0.54443359375 0.78564453125 1008019
0.0908203125 0.54443359375 0.78564453125 1008020
0.080078125 0.5029296875 0.77197265625 1008119
0.080078125 0.5029296875 0.77197265625 1008120
0.080078125 0.5029296875 0.77197265625 1008121
0.080078125 0.5029296875 0.77197265625 1008122
0.080078125 0.5029296875 0.77197265625 1008123
0.0947265625 0.50244140625 0.77392578125 1008221
0.0947265625 0.50244140625 0.77392578125 1008222
0.0947265625 0.50244140625 0.77392578125 1008223
0.0947265625 0.50244140625 0.77392578125 1008224
0.0947265625 0.50244140625 0.77392578125 1008225
0.1171875 0.5009765625 0.79248046875 1008324
0.1171875 0.5009765625 0.79248046875 1008325
0.1171875 0.5009765625 0.79248046875 1008326
0.1171875 0.5009765625 0.79248046875 1008327
0.1171875 0.5009765625 0.79248046875 1008328
0.09765625 0.48486328125 0.79150390625 1008426
0.09765625 0.48486328125 0.79150390625 1008427
0.09765625 0.48486328125 0.79150390625 1008428
0.09765625 0.48486328125 0.79150390625 1008429
0.09765625 0.48486328125 0.79150390625 1008430
0.11181640625 0.49658203125 0.7802734375 1008504
0.1025390625 0.48095703125 0.8056640625 1008617
0.1025390625 0.48095703125 0.8056640625 1008618
0.1025390625 0.48095703125 0.8056640625 1008619
0.1025390625 0.48095703125 0.8056640625 1008619
0.1025390625 0.48095703125 0.8056640625 1008620
0.10986328125 0.4814453125 0.802734375 1008718
0.10986328125 0.4814453125 0.802734375 1008719
0.10986328125 0.4814453125 0.802734375 1008720
0.10986328125 0.4814453125 0.802734375 1008721
0.10986328125 0.4814453125 0.802734375 1008722
0.138671875 0.478515625 0.79248046875 1008826
0.138671875 0.478515625 0.79248046875 1008827
0.138671875 0.478515625 0.79248046875 1008827
0.138671875 0.478515625 0.79248046875 1008828
0.138671875 0.478515625 0.79248046875 1008829
0.11669921875 0.45458984375 0.79052734375 1008909
0.13037109375 0.4794921875 0.81640625 1009018
0.13037109375 0.4794921875 0.81640625 1009019
0.13037109375 0.4794921875 0.81640625 1009020
0.13037109375 0.4794921875 0.81640625 1009020
0.13037109375 0.4794921875 0.81640625 1009022
0.0966796875 0.4736328125 0.806640625 1009125
0.0966796875 0.4736328125 0.806640625 1009126
0.0966796875 0.4736328125 0.806640625 1009127
0.0966796875 0.4736328125 0.806640625 1009128
0.0966796875 0.4736328125 0.806640625 1009128
0.13232421875 0.45849609375 0.8095703125 1009204
0.15283203125 0.47998046875 0.7822265625 1009315
0.15283203125 0.47998046875 0.7822265625 1009316
0.15283203125 0.47998046875 0.7822265625 1009341
0.15283203125 0.47998046875 0.7822265625 1009342
0.15283203125 0.47998046875 0.7822265625 1009343
0.0986328125 0.455078125 0.80615234375 1009420
0.0986328125 0.455078125 0.80615234375 1009421
0.0986328125 0.455078125 0.80615234375 1009422
0.11572265625 0.466796875 0.7998046875 1009522
0.11572265625 0.466796875 0.7998046875 1009523
0.11572265625 0.466796875 0.7998046875 1009524
0.11572265625 0.466796875 0.7998046875 1009525
0.11572265625 0.466796875 0.7998046875 1009525
0.13671875 0.48583984375 0.80224609375 1009625
0.13671875 0.48583984375 0.80224609375 1009626
0.13671875 0.48583984375 0.80224609375 1009627
0.13671875 0.48583984375 0.80224609375 1009628
0.13671875 0.48583984375 0.80224609375 1009629
0.12109375 0.46337890625 0.82470703125 1009704
0.15966796875 0.470703125 0.787109375 1009815
0.15966796875 0.470703125 0.787109375 1009816
0.15966796875 0.470703125 0.787109375 1009817
0.15966796875 0.470703125 0.787109375 1009818
0.15966796875 0.470703125 0.787109375 1009819
0.115234375 0.47705078125 0.8203125 1009917
0.115234375 0.47705078125 0.8203125 1009918
0.115234375 0.47705078125 0.8203125 1009919
0.115234375 0.47705078125 0.8203125 1009920
0.115234375 0.47705078125 0.8203125 1009920
0.125 0.46533203125 0.7841796875 1010020
0.125 0.46533203125 0.7841796875 1010021
0.125 0.46533203125 0.7841796875 1010022
0.125 0.46533203125 0.7841796875 1010023
0.125 0.46533203125 0.7841796875 1010024
0.1591796875 0.4755859375 0.806640625 1010123
0.1591796875 0.4755859375 0.806640625 1010124
0.1591796875 0.4755859375 0.806640625 1010124
0.1591796875 0.4755859375 0.806640625 1010125
0.1591796875 0.4755859375 0.806640625 1010126
0.1416015625 0.4716796875 0.8505859375 1010226
0.1416015625 0.4716796875 0.8505859375 1010227
0.1416015625 0.4716796875 0.8505859375 1010228
0.1416015625 0.4716796875 0.8505859375 1010229
0.1416015625 0.4716796875 0.8505859375 1010230
0.115234375 0.474609375 0.79150390625 1010304
0.1806640625 0.458984375 0.796875 1010416
0.1806640625 0.458984375 0.796875 1010417
0.1806640625 0.458984375 0.796875 1010417
0.1806640625 0.458984375 0.796875 1010418
0.1806640625 0.458984375 0.796875 1010419
0.10986328125 0.4677734375 0.84765625 1010518
0.10986328125 0.4677734375 0.84765625 1010519
0.10986328125 0.4677734375 0.84765625 1010520
0.10986328125 0.4677734375 0.84765625 1010521
0.10986328125 0.4677734375 0.84765625 1010522
0.15283203125 0.4677734375 0.78125 1010648
0.15283203125 0.4677734375 0.78125 1010649
0.15283203125 0.4677734375 0.78125 1010650
0.15283203125 0.4677734375 0.78125 1010651
0.15283203125 0.4677734375 0.78125 1010652
0.13232421875 0.462890625 0.80419921875 1010705
0.1279296875 0.47119140625 0.80908203125 1010815
0.1279296875 0.47119140625 0.80908203125 1010816
0.1279296875 0.47119140625 0.80908203125 1010817
0.1279296875 0.47119140625 0.80908203125 1010818
0.1279296875 0.47119140625 0.80908203125 1010819
0.1611328125 0.4599609375 0.79296875 1010918
0.1611328125 0.4599609375 0.79296875 1010919
0.1611328125 0.4599609375 0.79296875 1010920
0.1611328125 0.4599609375 0.79296875 1010921
0.1611328125 0.4599609375 0.79296875 1010922
0.14599609375 0.46142578125 0.826171875 1011023
0.14599609375 0.46142578125 0.826171875 1011024
0.14599609375 0.46142578125 0.826171875 1011025
0.14599609375 0.46142578125 0.826171875 1011026
0.14599609375 0.46142578125 0.826171875 1011027
0.1162109375 0.48583984375 0.8056640625 1011126
0.1162109375 0.48583984375 0.8056640625 1011127
0.1162109375 0.48583984375 0.8056640625 1011128
0.1162109375 0.48583984375 0.8056640625 1011128
0.1162109375 0.48583984375 0.8056640625 1011129
0.17041015625 0.44482421875 0.8017578125 1011205
0.134765625 0.46484375 0.83447265625 1011314
0.134765625 0.46484375 0.83447265625 1011315
0.134765625 0.46484375 0.83447265625 1011315
0.134765625 0.46484375 0.83447265625 1011316
0.134765625 0.46484375 0.83447265625 1011317
0.1240234375 0.45263671875 0.76953125 1011417
0.1240234375 0.45263671875 0.76953125 1011418
0.1240234375 0.45263671875 0.76953125 1011420
0.1240234375 0.45263671875 0.76953125 1011420
0.1240234375 0.45263671875 0.76953125 1011421
0.15185546875 0.4560546875 0.80712890625 1011520
0.15185546875 0.4560546875 0.80712890625 1011521
0.15185546875 0.4560546875 0.80712890625 1011522
0.15185546875 0.4560546875 0.80712890625 1011523
0.15185546875 0.4560546875 0.80712890625 1011523
0.12353515625 0.4677734375 0.82373046875 1011623
0.12353515625 0.4677734375 0.82373046875 1011624
0.12353515625 0.4677734375 0.82373046875 1011626
0.12353515625 0.4677734375 0.82373046875 1011627
0.12353515625 0.4677734375 0.82373046875 1011628
0.15576171875 0.48779296875 0.81201171875 1011725
0.15576171875 0.48779296875 0.81201171875 1011726
0.15576171875 0.48779296875 0.81201171875 1011727
0.15576171875 0.48779296875 0.81201171875 1011728
0.15576171875 0.48779296875 0.81201171875 1011729
0.14306640625 0.4697265625 0.84033203125 1011806
0.150390625 0.478515625 0.79638671875 1011915
0.150390625 0.478515625 0.79638671875 1011916
0.150390625 0.478515625 0.79638671875 1011917
0.150390625 0.478515625 0.79638671875 1011918
0.150390625 0.478515625 0.79638671875 1011919
0.1533203125 0.447265625 0.78076171875 1012018
0.1533203125 0.447265625 0.78076171875 1012019
0.1533203125 0.447265625 0.78076171875 1012021
0.1533203125 0.447265625 0.78076171875 1012021
0.1533203125 0.447265625 0.78076171875 1012022
0.1181640625 0.45849609375 0.81884765625 1012142
0.1181640625 0.45849609375 0.81884765625 1012143
0.1181640625 0.45849609375 0.81884765625 1012143
0.1181640625 0.45849609375 0.81884765625 1012144
0.1181640625 0.45849609375 0.81884765625 1012145
0.13134765625 0.4765625 0.7978515625 1012220
0.1220703125 0.44384765625 0.79345703125 1012322
0.1220703125 0.44384765625 0.79345703125 1012323
0.1220703125 0.44384765625 0.79345703125 1012323
0.1220703125 0.44384765625 0.79345703125 1012324
0.1220703125 0.44384765625 0.79345703125 1012325
0.12646484375 0.47802734375 0.83154296875 1012425
0.12646484375 0.47802734375 0.83154296875 1012426
0.12646484375 0.47802734375 0.83154296875 1012427
0.12646484375 0.47802734375 0.83154296875 1012428
0.12646484375 0.47802734375 0.83154296875 1012429
0.1923828125 0.48046875 0.80224609375 1012527
0.1923828125 0.48046875 0.80224609375 1012528
0.1923828125 0.48046875 0.80224609375 1012529
0.1923828125 0.48046875 0.80224609375 1012530
0.1923828125 0.48046875 0.80224609375 1012547
0.11669921875 0.44921875 0.80419921875 1012607
0.11669921875 0.47265625 0.78857421875 1012717
0.11669921875 0.47265625 0.78857421875 1012718
0.11669921875 0.47265625 0.78857421875 1012719
0.11669921875 0.47265625 0.78857421875 1012719
0.11669921875 0.47265625 0.78857421875 1012720
0.1572265625 0.46728515625 0.8173828125 1012820
0.1572265625 0.46728515625 0.8173828125 1012821
0.1572265625 0.46728515625 0.8173828125 1012822
0.1572265625 0.46728515625 0.8173828125 1012823
0.1572265625 0.46728515625 0.8173828125 1012824
0.1259765625 0.4794921875 0.8359375 1012925
0.1259765625 0.4794921875 0.8359375 1012928
0.1259765625 0.4794921875 0.8359375 1012929
0.1259765625 0.4794921875 0.8359375 1012930
0.1259765625 0.4794921875 0.8359375 1012930
0.14111328125 0.46435546875 0.77685546875 1013005
0.13134765625 0.44775390625 0.7978515625 1013141
0.13134765625 0.44775390625 0.7978515625 1013142
0.13134765625 0.44775390625 0.7978515625 1013143
0.13134765625 0.44775390625 0.7978515625 1013143
0.13134765625 0.44775390625 0.7978515625 1013144
0.1240234375 0.47509765625 0.80908203125 1013218
0.15478515625 0.47900390625 0.7958984375 1013325
0.15478515625 0.47900390625 0.7958984375 1013326
0.15478515625 0.47900390625 0.7958984375 1013327
0.15478515625 0.47900390625 0.7958984375 1013328
0.15478515625 0.47900390625 0.7958984375 1013328
0.13427734375 0.466796875 0.82666015625 1013427
0.13427734375 0.466796875 0.82666015625 1013428
0.13427734375 0.466796875 0.82666015625 1013429
0.13427734375 0.466796875 0.82666015625 1013429
0.13427734375 0.466796875 0.82666015625 1013430
0.13720703125 0.4560546875 0.79248046875 1013505
0.1923828125 0.470703125 0.82470703125 1013616
0.1923828125 0.470703125 0.82470703125 1013617
0.1923828125 0.470703125 0.82470703125 1013617
0.1923828125 0.470703125 0.82470703125 1013618
0.1923828125 0.470703125 0.82470703125 1013619
0.0859375 0.46435546875 0.82421875 1013718
0.0859375 0.46435546875 0.82421875 1013719
0.0859375 0.46435546875 0.82421875 1013719
0.0859375 0.46435546875 0.82421875 1013720
0.0859375 0.46435546875 0.82421875 1013720
0.16552734375 0.48046875 0.78759765625 1013823
0.16552734375 0.48046875 0.78759765625 1013824
0.16552734375 0.48046875 0.78759765625 1013825
0.16552734375 0.48046875 0.78759765625 1013826
0.16552734375 0.48046875 0.78759765625 1013827
0.1083984375 0.43896484375 0.78466796875 1013930
0.1083984375 0.43896484375 0.78466796875 1013931
0.1083984375 0.43896484375 0.78466796875 1013931
0.1083984375 0.43896484375 0.78466796875 1013932
0.1083984375 0.43896484375 0.78466796875 1013933
0.14892578125 0.47412109375 0.8115234375 1014007
0.20068359375 0.46435546875 0.8076171875 1014119
0.20068359375 0.46435546875 0.8076171875 1014120
0.20068359375 0.46435546875 0.8076171875 1014121
0.20068359375 0.46435546875 0.8076171875 1014122
0.20068359375 0.46435546875 0.8076171875 1014123
0.103515625 0.4755859375 0.84912109375 1014225
0.103515625 0.4755859375 0.84912109375 1014226
0.103515625 0.4755859375 0.84912109375 1014227
0.103515625 0.4755859375 0.84912109375 1014228
0.103515625 0.4755859375 0.84912109375 1014229
0.1904296875 0.46923828125 0.79150390625 1014327
0.1904296875 0.46923828125 0.79150390625 1014328
0.1904296875 0.46923828125 0.79150390625 1014328
0.1904296875 0.46923828125 0.79150390625 1014329
0.1904296875 0.46923828125 0.79150390625 1014330
0.0908203125 0.46923828125 0.7998046875 1014407
0.1591796875 0.47216796875 0.79541015625 1014519
0.1591796875 0.47216796875 0.79541015625 1014520
0.1591796875 0.47216796875 0.79541015625 1014521
0.1591796875 0.47216796875 0.79541015625 1014522
0.1591796875 0.47216796875 0.79541015625 1014523
0.16455078125 0.47119140625 0.818359375 1014624
0.16455078125 0.47119140625 0.818359375 1014625
0.16455078125 0.47119140625 0.818359375 1014626
0.16455078125 0.47119140625 0.818359375 1014627
0.16455078125 0.47119140625 0.818359375 1014628
0.111328125 0.458984375 0.8154296875 1014726
0.111328125 0.458984375 0.8154296875 1014727
0.111328125 0.458984375 0.8154296875 1014728
0.111328125 0.458984375 0.8154296875 1014728
0.111328125 0.458984375 0.8154296875 1014729
0.17333984375 0.47509765625 0.796875 1014828
0.17333984375 0.47509765625 0.796875 1014829
0.17333984375 0.47509765625 0.796875 1014830
0.17333984375 0.47509765625 0.796875 1014830
0.17333984375 0.47509765625 0.796875 1014831
0.09033203125 0.46044921875 0.806640625 1014909
0.15380859375 0.4736328125 0.8173828125 1015020
0.15380859375 0.4736328125 0.8173828125 1015021
0.15380859375 0.4736328125 0.8173828125 1015021
0.15380859375 0.4736328125 0.8173828125 1015022
0.15380859375 0.4736328125 0.8173828125 1015023
0.13232421875 0.4658203125 0.79931640625 1015124
0.13232421875 0.4658203125 0.79931640625 1015125
0.13232421875 0.4658203125 0.79931640625 1015126
0.13232421875 0.4658203125 0.79931640625 1015127
0.13232421875 0.4658203125 0.79931640625 1015130
0.16162109375 0.4716796875 0.82421875 1015226
0.16162109375 0.4716796875 0.82421875 1015227
0.16162109375 0.4716796875 0.82421875 1015228
0.16162109375 0.4716796875 0.82421875 1015228
0.16162109375 0.4716796875 0.82421875 1015229
0.12744140625 0.4677734375 0.80712890625 1015329
0.12744140625 0.4677734375 0.80712890625 1015330
0.12744140625 0.4677734375 0.80712890625 1015331
0.12744140625 0.4677734375 0.80712890625 1015331
0.12744140625 0.4677734375 0.80712890625 1015332
0.15673828125 0.45703125 0.82568359375 1015419
0.1279296875 0.47265625 0.8056640625 1015521
0.1279296875 0.47265625 0.8056640625 1015522
0.1279296875 0.47265625 0.8056640625 1015523
0.1279296875 0.47265625 0.8056640625 1015523
0.1279296875 0.47265625 0.8056640625 1015524
0.1123046875 0.45849609375 0.796875 1015626
0.1123046875 0.45849609375 0.796875 1015627
0.1123046875 0.45849609375 0.796875 1015628
0.1123046875 0.45849609375 0.796875 1015628
0.1123046875 0.45849609375 0.796875 1015629
0.18310546875 0.4619140625 0.7978515625 1015729
0.18310546875 0.4619140625 0.7978515625 1015730
0.18310546875 0.4619140625 0.7978515625 1015731
0.18310546875 0.4619140625 0.7978515625 1015732
0.18310546875 0.4619140625 0.7978515625 1015732
0.13671875 0.4736328125 0.8271484375 1015806
0.10498046875 0.47265625 0.82275390625 1015917
0.10498046875 0.47265625 0.82275390625 1015918
0.10498046875 0.47265625 0.82275390625 1015919
0.10498046875 0.47265625 0.82275390625 1015920
0.10498046875 0.47265625 0.82275390625 1015921
0.146484375 0.47705078125 0.7734375 1016020
0.146484375 0.47705078125 0.7734375 1016021
0.146484375 0.47705078125 0.7734375 1016021
0.146484375 0.47705078125 0.7734375 1016022
0.146484375 0.47705078125 0.7734375 1016023
0.12841796875 0.4716796875 0.8349609375 1016128
0.12841796875 0.4716796875 0.8349609375 1016140
0.12841796875 0.4716796875 0.8349609375 1016141
0.12841796875 0.4716796875 0.8349609375 1016141
0.12841796875 0.4716796875 0.8349609375 1016142
0.16015625 0.47314453125 0.79248046875 1016209
0.126953125 0.46533203125 0.79638671875 1016318
0.126953125 0.46533203125 0.79638671875 1016319
0.126953125 0.46533203125 0.79638671875 1016320
0.126953125 0.46533203125 0.79638671875 1016320
0.126953125 0.46533203125 0.79638671875 1016321
0.146484375 0.4775390625 0.830078125 1016427
0.146484375 0.4775390625 0.830078125 1016428
0.146484375 0.4775390625 0.830078125 1016428
0.146484375 0.4775390625 0.830078125 1016429
0.146484375 0.4775390625 0.830078125 1016430
0.1611328125 0.46875 0.78564453125 1016511
0.11962890625 0.4697265625 0.8251953125 1016618
0.11962890625 0.4697265625 0.8251953125 1016619
0.11962890625 0.4697265625 0.8251953125 1016619
0.11962890625 0.4697265625 0.8251953125 1016620
0.11962890625 0.4697265625 0.8251953125 1016621
0.15283203125 0.48974609375 0.79931640625 1016724
0.15283203125 0.48974609375 0.79931640625 1016725
0.15283203125 0.48974609375 0.79931640625 1016726
0.15283203125 0.48974609375 0.79931640625 1016727
0.15283203125 0.48974609375 0.79931640625 1016728
0.15869140625 0.49267578125 0.81884765625 1016808
0.09033203125 0.4619140625 0.81982421875 1016919
0.09033203125 0.4619140625 0.81982421875 1016920
0.09033203125 0.4619140625 0.81982421875 1016921
0.09033203125 0.4619140625 0.81982421875 1016922
0.09033203125 0.4619140625 0.81982421875 1016922
0.15478515625 0.474609375 0.7724609375 1017021
0.15478515625 0.474609375 0.7724609375 1017022
0.15478515625 0.474609375 0.7724609375 1017040
0.15478515625 0.474609375 0.7724609375 1017040
0.15478515625 0.474609375 0.7724609375 1017041
0.07275390625 0.4697265625 0.828125 1017125
0.07275390625 0.4697265625 0.828125 1017126
0.07275390625 0.4697265625 0.828125 1017127
0.13232421875 0.4765625 0.83056640625 1017229
0.13232421875 0.4765625 0.83056640625 1017230
0.13232421875 0.4765625 0.83056640625 1017230
0.13232421875 0.4765625 0.83056640625 1017231
0.13232421875 0.4765625 0.83056640625 1017232
0.1474609375 0.4814453125 0.82763671875 1017311
0.16943359375 0.40771484375 0.80126953125 1017420
0.16943359375 0.40771484375 0.80126953125 1017421
0.16943359375 0.40771484375 0.80126953125 1017422
0.16943359375 0.40771484375 0.80126953125 1017423
0.16943359375 0.40771484375 0.80126953125 1017423
0.17236328125 0.43115234375 0.81787109375 1017523
0.17236328125 0.43115234375 0.81787109375 1017524
0.17236328125 0.43115234375 0.81787109375 1017524
0.17236328125 0.43115234375 0.81787109375 1017525
0.17236328125 0.43115234375 0.81787109375 1017526
0.20263671875 0.419921875 0.82666015625 1017626
0.20263671875 0.419921875 0.82666015625 1017627
0.20263671875 0.419921875 0.82666015625 1017628
0.20263671875 0.419921875 0.82666015625 1017629
0.20263671875 0.419921875 0.82666015625 1017629
0.16552734375 0.40380859375 0.80712890625 1017729
0.16552734375 0.40380859375 0.80712890625 1017730
0.16552734375 0.40380859375 0.80712890625 1017731
0.16552734375 0.40380859375 0.80712890625 1017732
0.16552734375 0.40380859375 0.80712890625 1017733
0.197265625 0.41845703125 0.8046875 1017807
0.22021484375 0.42431640625 0.8525390625 1017918
0.22021484375 0.42431640625 0.8525390625 1017919
0.22021484375 0.42431640625 0.8525390625 1017920
0.22021484375 0.42431640625 0.8525390625 1017921
0.22021484375 0.42431640625 0.8525390625 1017922
0.103515625 0.44580078125 0.79638671875 1018021
0.103515625 0.44580078125 0.79638671875 1018022
0.103515625 0.44580078125 0.79638671875 1018040
0.103515625 0.44580078125 0.79638671875 1018041
0.103515625 0.44580078125 0.79638671875 1018042
0.08056640625 0.49658203125 0.75732421875 1018124
0.08056640625 0.49658203125 0.75732421875 1018125
0.08056640625 0.49658203125 0.75732421875 1018125
0.09326171875 0.5 0.80517578125 1018226
0.09326171875 0.5 0.80517578125 1018227
0.09326171875 0.5 0.80517578125 1018228
0.09326171875 0.5 0.80517578125 1018228
0.09326171875 0.5 0.80517578125 1018229
-0.04345703125 0.5673828125 0.763671875 1018328
-0.04345703125 0.5673828125 0.763671875 1018329
-0.04345703125 0.5673828125 0.763671875 1018330
-0.04345703125 0.5673828125 0.763671875 1018331
-0.04345703125 0.5673828125 0.763671875 1018332
-0.0927734375 0.54345703125 0.720703125 1018412
-0.23291015625 0.560546875 0.66357421875 1018535
-0.23291015625 0.560546875 0.66357421875 1018536
-0.23291015625 0.560546875 0.66357421875 1018537
-0.23291015625 0.560546875 0.66357421875 1018538
-0.23291015625 0.560546875 0.66357421875 1018539
-0.23388671875 0.55078125 0.60546875 1018620
-0.322265625 0.5673828125 0.55712890625 1018724
-0.322265625 0.5673828125 0.55712890625 1018724
-0.322265625 0.5673828125 0.55712890625 1018725
-0.322265625 0.5673828125 0.55712890625 1018726
-0.322265625 0.5673828125 0.55712890625 1018744
-0.4365234375 0.60693359375 0.52978515625 1018827
-0.4365234375 0.60693359375 0.52978515625 1018828
-0.4365234375 0.60693359375 0.52978515625 1018829
-0.4365234375 0.60693359375 0.52978515625 1018830
-0.4365234375 0.60693359375 0.52978515625 1018831
-0.45458984375 0.64892578125 0.49072265625 1018923
-0.38623046875 0.560546875 0.50048828125 1019010
-0.38623046875 0.560546875 0.50048828125 1019013
-0.38623046875 0.560546875 0.50048828125 1019015
-0.38623046875 0.560546875 0.50048828125 1019016
-0.38623046875 0.560546875 0.50048828125 1019017
-0.39453125 0.60107421875 0.494140625 1019120
-0.39453125 0.60107421875 0.494140625 1019121
-0.39453125 0.60107421875 0.494140625 1019122
-0.39453125 0.60107421875 0.494140625 1019123
-0.39453125 0.60107421875 0.494140625 1019124
-0.423828125 0.599609375 0.5 1019257
-0.423828125 0.599609375 0.5 1019258
-0.423828125 0.599609375 0.5 1019259
-0.423828125 0.599609375 0.5 1019260
-0.423828125 0.599609375 0.5 1019261
-0.44287109375 0.5908203125 0.537109375 1019329
-0.38232421875 0.60107421875 0.4892578125 1019430
-0.38232421875 0.60107421875 0.4892578125 1019431
-0.38232421875 0.60107421875 0.4892578125 1019432
-0.38232421875 0.60107421875 0.4892578125 1019433
-0.38232421875 0.60107421875 0.4892578125 1019433
-0.45556640625 0.57958984375 0.52880859375 1019531
-0.45556640625 0.57958984375 0.52880859375 1019532
-0.45556640625 0.57958984375 0.52880859375 1019533
-0.45556640625 0.57958984375 0.52880859375 1019534
-0.45556640625 0.57958984375 0.52880859375 1019534
-0.4033203125 0.58203125 0.49658203125 1019633
-0.4033203125 0.58203125 0.49658203125 1019634
-0.4033203125 0.58203125 0.49658203125 1019635
-0.4033203125 0.58203125 0.49658203125 1019636
-0.4033203125 0.58203125 0.49658203125 1019637
-0.404296875 0.57568359375 0.54736328125 1019711
-0.47705078125 0.576171875 0.53125 1019820
-0.47705078125 0.576171875 0.53125 1019821
-0.47705078125 0.576171875 0.53125 1019822
-0.47705078125 0.576171875 0.53125 1019823
-0.47705078125 0.576171875 0.53125 1019824
-0.3759765625 0.56640625 0.47021484375 1019925
-0.3759765625 0.56640625 0.47021484375 1019926
-0.3759765625 0.56640625 0.47021484375 1019927
-0.3759765625 0.56640625 0.47021484375 1019928
-0.3759765625 0.56640625 0.47021484375 1019945
-0.45458984375 0.5517578125 0.5009765625 1020028
-0.45458984375 0.5517578125 0.5009765625 1020029
-0.45458984375 0.5517578125 0.5009765625 1020030
-0.45458984375 0.5517578125 0.5009765625 1020031
-0.45458984375 0.5517578125 0.5009765625 1020032
-0.48974609375 0.5712890625 0.4970703125 1020131
-0.48974609375 0.5712890625 0.4970703125 1020132
-0.48974609375 0.5712890625 0.4970703125 1020132
-0.48974609375 0.5712890625 0.4970703125 1020133
-0.48974609375 0.5712890625 0.4970703125 1020134
-0.37646484375 0.5712890625 0.4443359375 1020214
-0.4873046875 0.5830078125 0.513671875 1020319
-0.4873046875 0.5830078125 0.513671875 1020320
-0.4873046875 0.5830078125 0.513671875 1020321
-0.4873046875 0.5830078125 0.513671875 1020322
-0.4873046875 0.5830078125 0.513671875 1020323
-0.466796875 0.583984375 0.44873046875 1020422
-0.466796875 0.583984375 0.44873046875 1020423
-0.466796875 0.583984375 0.44873046875 1020424
-0.466796875 0.583984375 0.44873046875 1020425
-0.466796875 0.583984375 0.44873046875 1020425
-0.40625 0.55224609375 0.4853515625 1020525
-0.40625 0.55224609375 0.4853515625 1020526
-0.40625 0.55224609375 0.4853515625 1020527
-0.40625 0.55224609375 0.4853515625 1020544
-0.51171875 0.560546875 0.47314453125 1020629
-0.51171875 0.560546875 0.47314453125 1020630
-0.51171875 0.560546875 0.47314453125 1020631
-0.51171875 0.560546875 0.47314453125 1020632
-0.51171875 0.560546875 0.47314453125 1020633
-0.38330078125 0.57958984375 0.5205078125 1020707
-0.49951171875 0.5439453125 0.462890625 1020821
-0.49951171875 0.5439453125 0.462890625 1020822
-0.49951171875 0.5439453125 0.462890625 1020823
-0.49951171875 0.5439453125 0.462890625 1020824
-0.49951171875 0.5439453125 0.462890625 1020825
-0.4990234375 0.5517578125 0.4580078125 1020923
-0.4990234375 0.5517578125 0.4580078125 1020924
-0.4990234375 0.5517578125 0.4580078125 1020925
-0.4990234375 0.5517578125 0.4580078125 1020927
-0.4990234375 0.5517578125 0.4580078125 1020928
-0.3798828125 0.607421875 0.48388671875 1021026
-0.3798828125 0.607421875 0.48388671875 1021027
-0.3798828125 0.607421875 0.48388671875 1021028
-0.3798828125 0.607421875 0.48388671875 1021028
-0.55224609375 0.53515625 0.5400390625 1021129
-0.55224609375 0.53515625 0.5400390625 1021130
-0.55224609375 0.53515625 0.5400390625 1021131
-0.55224609375 0.53515625 0.5400390625 1021132
-0.55224609375 0.53515625 0.5400390625 1021133
-0.38916015625 0.544921875 0.5048828125 1021232
-0.38916015625 0.544921875 0.5048828125 1021233
-0.38916015625 0.544921875 0.5048828125 1021233
-0.38916015625 0.544921875 0.5048828125 1021234
-0.38916015625 0.544921875 0.5048828125 1021235
-0.38720703125 0.5595703125 0.51416015625 1021310
-0.50732421875 0.552734375 0.61083984375 1021421
-0.50732421875 0.552734375 0.61083984375 1021422
-0.50732421875 0.552734375 0.61083984375 1021423
-0.50732421875 0.552734375 0.61083984375 1021424
-0.50732421875 0.552734375 0.61083984375 1021425
-0.3330078125 0.5029296875 0.48046875 1021523
-0.3330078125 0.5029296875 0.48046875 1021526
-0.3330078125 0.5029296875 0.48046875 1021529
-0.3330078125 0.5029296875 0.48046875 1021530
-0.3330078125 0.5029296875 0.48046875 1021531
-0.4873046875 0.53173828125 0.54931640625 1021626
-0.4873046875 0.53173828125 0.54931640625 1021627
-0.4873046875 0.53173828125 0.54931640625 1021628
-0.49169921875 0.51220703125 0.5078125 1021731
-0.49169921875 0.51220703125 0.5078125 1021732
-0.49169921875 0.51220703125 0.5078125 1021733
-0.49169921875 0.51220703125 0.5078125 1021734
-0.49169921875 0.51220703125 0.5078125 1021735
-0.46875 0.5869140625 0.533203125 1021818
-0.47998046875 0.5244140625 0.4501953125 1021921
-0.47998046875 0.5244140625 0.4501953125 1021922
-0.47998046875 0.5244140625 0.4501953125 1021923
-0.47998046875 0.5244140625 0.4501953125 1021924
-0.47998046875 0.5244140625 0.4501953125 1021925
-0.4326171875 0.53759765625 0.50927734375 1022024
-0.4326171875 0.53759765625 0.50927734375 1022025
-0.4326171875 0.53759765625 0.50927734375 1022025
-0.4326171875 0.53759765625 0.50927734375 1022026
-0.4326171875 0.53759765625 0.50927734375 1022027
-0.53125 0.56689453125 0.51611328125 1022125
-0.53125 0.56689453125 0.51611328125 1022126
-0.53125 0.56689453125 0.51611328125 1022127
-0.53125 0.56689453125 0.51611328125 1022128
-0.53125 0.56689453125 0.51611328125 1022128
-0.34423828125 0.49072265625 0.5283203125 1022228
-0.34423828125 0.49072265625 0.5283203125 1022229
-0.34423828125 0.49072265625 0.5283203125 1022230
-0.34423828125 0.49072265625 0.5283203125 1022230
-0.34423828125 0.49072265625 0.5283203125 1022231
-0.55322265625 0.67822265625 0.400390625 1022330
-0.55322265625 0.67822265625 0.400390625 1022331
-0.55322265625 0.67822265625 0.400390625 1022332
-0.55322265625 0.67822265625 0.400390625 1022332
-0.55322265625 0.67822265625 0.400390625 1022333
-0.28515625 0.4892578125 0.533203125 1022410
-0.41259765625 0.599609375 0.6162109375 1022520
-0.41259765625 0.599609375 0.6162109375 1022521
-0.41259765625 0.599609375 0.6162109375 1022523
-0.41259765625 0.599609375 0.6162109375 1022524
-0.41259765625 0.599609375 0.6162109375 1022525
-0.24609375 0.5 0.6201171875 1022623
-0.24609375 0.5 0.6201171875 1022624
-0.24609375 0.5 0.6201171875 1022625
-0.24609375 0.5 0.6201171875 1022626
-0.24609375 0.5 0.6201171875 1022626
-0.28173828125 0.541015625 0.703125 1022725
-0.28173828125 0.541015625 0.703125 1022726
-0.28173828125 0.541015625 0.703125 1022727
-0.28173828125 0.541015625 0.703125 1022728
-0.28173828125 0.541015625 0.703125 1022729
-0.08251953125 0.48486328125 0.73681640625 1022828
-0.08251953125 0.48486328125 0.73681640625 1022847
-0.08251953125 0.48486328125 0.73681640625 1022847
-0.08251953125 0.48486328125 0.73681640625 1022848
-0.08251953125 0.48486328125 0.73681640625 1022849
-0.1025390625 0.46484375 0.8701171875 1022930
-0.1025390625 0.46484375 0.8701171875 1022931
-0.01220703125 0.40576171875 0.7421875 1023065
-0.01220703125 0.40576171875 0.7421875 1023066
-0.01220703125 0.40576171875 0.7421875 1023068
-0.01220703125 0.40576171875 0.7421875 1023069
-0.01220703125 0.40576171875 0.7421875 1023070
0.00537109375 0.36474609375 0.82275390625 1023124
0.1103515625 0.3701171875 0.8525390625 1023253
0.1103515625 0.3701171875 0.8525390625 1023254
0.1103515625 0.3701171875 0.8525390625 1023255
0.1103515625 0.3701171875 0.8525390625 1023256
0.1103515625 0.3701171875 0.8525390625 1023257
0.1572265625 0.3681640625 0.8134765625 1023334
0.06396484375 0.3701171875 0.87255859375 1023434
0.06396484375 0.3701171875 0.87255859375 1023435
0.06396484375 0.3701171875 0.87255859375 1023436
0.06396484375 0.3701171875 0.87255859375 1023437
0.06396484375 0.3701171875 0.87255859375 1023438
0.158203125 0.37255859375 0.8505859375 1023511
0.1494140625 0.34375 0.8291015625 1023622
0.1494140625 0.34375 0.8291015625 1023623
0.1494140625 0.34375 0.8291015625 1023624
0.1494140625 0.34375 0.8291015625 1023625
0.1494140625 0.34375 0.8291015625 1023626
0.1484375 0.35107421875 0.8583984375 1023726
0.1484375 0.35107421875 0.8583984375 1023727
0.1484375 0.35107421875 0.8583984375 1023727
0.1484375 0.35107421875 0.8583984375 1023728
0.1484375 0.35107421875 0.8583984375 1023729
0.22021484375 0.3759765625 0.84326171875 1023828
0.22021484375 0.3759765625 0.84326171875 1023829
0.22021484375 0.3759765625 0.84326171875 1023830
0.22021484375 0.3759765625 0.84326171875 1023831
0.22021484375 0.3759765625 0.84326171875 1023832
0.17431640625 0.32763671875 0.86181640625 1023929
0.17431640625 0.32763671875 0.86181640625 1023930
0.17431640625 0.32763671875 0.86181640625 1023931
0.17431640625 0.32763671875 0.86181640625 1023932
0.17431640625 0.32763671875 0.86181640625 1023933
0.18994140625 0.3505859375 0.869140625 1024023
0.193359375 0.33447265625 0.8212890625 1024126
0.193359375 0.33447265625 0.8212890625 1024127
0.193359375 0.33447265625 0.8212890625 1024128
0.193359375 0.33447265625 0.8212890625 1024129
0.193359375 0.33447265625 0.8212890625 1024129
0.14892578125 0.3603515625 0.89990234375 1024230
0.14892578125 0.3603515625 0.89990234375 1024231
0.14892578125 0.3603515625 0.89990234375 1024275
0.14892578125 0.3603515625 0.89990234375 1024311
0.14892578125 0.3603515625 0.89990234375 1024312
0.18017578125 0.3564453125 0.779296875 1024324
0.08837890625 0.3720703125 0.8271484375 1024433
0.08837890625 0.3720703125 0.8271484375 1024434
0.08837890625 0.3720703125 0.8271484375 1024434
0.08837890625 0.3720703125 0.8271484375 1024435
0.08837890625 0.3720703125 0.8271484375 1024436
0.03271484375 0.41455078125 0.81982421875 1024512
0.06689453125 0.46435546875 0.84619140625 1024781
0.06689453125 0.46435546875 0.84619140625 1024782
0.06689453125 0.46435546875 0.84619140625 1024783
0.06689453125 0.46435546875 0.84619140625 1024783
0.06689453125 0.46435546875 0.84619140625 1024784
-0.02587890625 0.48046875 0.79931640625 1024785
-0.0498046875 0.4951171875 0.720703125 1024826
-0.06884765625 0.53076171875 0.74267578125 1024933
-0.06884765625 0.53076171875 0.74267578125 1024934
-0.06884765625 0.53076171875 0.74267578125 1024935
-0.06884765625 0.53076171875 0.74267578125 1024935
-0.06884765625 0.53076171875 0.74267578125 1024936
-0.119140625 0.560546875 0.7001953125 1025018
-0.119140625 0.57763671875 0.669921875 1025120
-0.119140625 0.57763671875 0.669921875 1025121
-0.119140625 0.57763671875 0.669921875 1025121
-0.119140625 0.57763671875 0.669921875 1025122
-0.119140625 0.57763671875 0.669921875 1025123
-0.134765625 0.580078125 0.71533203125 1025223
-0.134765625 0.580078125 0.71533203125 1025224
-0.134765625 0.580078125 0.71533203125 1025226
-0.134765625 0.580078125 0.71533203125 1025227
-0.134765625 0.580078125 0.71533203125 1025228
-0.09521484375 0.60986328125 0.68017578125 1025325
-0.09521484375 0.60986328125 0.68017578125 1025326
-0.09521484375 0.60986328125 0.68017578125 1025327
-0.09521484375 0.60986328125 0.68017578125 1025328
-0.09521484375 0.60986328125 0.68017578125 1025329
-0.05712890625 0.6298828125 0.716796875 1025428
-0.05712890625 0.6298828125 0.716796875 1025429
-0.05712890625 0.6298828125 0.716796875 1025430
-0.05712890625 0.6298828125 0.716796875 1025431
-0.05712890625 0.6298828125 0.716796875 1025432
-0.01318359375 0.60302734375 0.73046875 1025531
-0.01318359375 0.60302734375 0.73046875 1025532
-0.01318359375 0.60302734375 0.73046875 1025533
-0.01318359375 0.60302734375 0.73046875 1025534
-0.01318359375 0.60302734375 0.73046875 1025535
0.0927734375 0.58544921875 0.775390625 1025612
0.11865234375 0.54638671875 0.765625 1025785
0.11865234375 0.54638671875 0.765625 1025786
0.11865234375 0.54638671875 0.765625 1025787
0.11865234375 0.54638671875 0.765625 1025789
0.11865234375 0.54638671875 0.765625 1025790
0.15283203125 0.52587890625 0.7705078125 1025826
0.142578125 0.52392578125 0.82958984375 1025928
0.142578125 0.52392578125 0.82958984375 1025929
0.142578125 0.52392578125 0.82958984375 1025929
0.142578125 0.52392578125 0.82958984375 1025930
0.142578125 0.52392578125 0.82958984375 1025931
0.1083984375 0.48291015625 0.81591796875 1026031
0.1083984375 0.48291015625 0.81591796875 1026032
0.1083984375 0.48291015625 0.81591796875 1026032
0.1083984375 0.48291015625 0.81591796875 1026033
0.1083984375 0.48291015625 0.81591796875 1026034
0.14306640625 0.48583984375 0.76611328125 1026133
0.14306640625 0.48583984375 0.76611328125 1026134
0.14306640625 0.48583984375 0.76611328125 1026134
0.14306640625 0.48583984375 0.76611328125 1026135
0.14306640625 0.48583984375 0.76611328125 1026136
0.15234375 0.44482421875 0.806640625 1026213
0.1201171875 0.48681640625 0.82177734375 1026324
0.1201171875 0.48681640625 0.82177734375 1026325
0.1201171875 0.48681640625 0.82177734375 1026326
0.1201171875 0.48681640625 0.82177734375 1026327
0.1201171875 0.48681640625 0.82177734375 1026329
0.14404296875 0.47314453125 0.794921875 1026427
0.14404296875 0.47314453125 0.794921875 1026428
0.14404296875 0.47314453125 0.794921875 1026429
0.14404296875 0.47314453125 0.794921875 1026430
0.14404296875 0.47314453125 0.794921875 1026432
0.1328125 0.4521484375 0.81201171875 1026529
0.1328125 0.4521484375 0.81201171875 1026530
0.1328125 0.4521484375 0.81201171875 1026530
0.1328125 0.4521484375 0.81201171875 1026531
0.1328125 0.4521484375 0.81201171875 1026532
0.1767578125 0.46484375 0.79833984375 1026633
0.1767578125 0.46484375 0.79833984375 1026634
0.1767578125 0.46484375 0.79833984375 1026635
0.1767578125 0.46484375 0.79833984375 1026636
0.1767578125 0.46484375 0.79833984375 1026637
0.1318359375 0.4521484375 0.81396484375 1026713
0.138671875 0.4609375 0.8076171875 1026823
0.138671875 0.4609375 0.8076171875 1026824
0.138671875 0.4609375 0.8076171875 1026825
0.138671875 0.4609375 0.8076171875 1026825
0.138671875 0.4609375 0.8076171875 1026827
0.16162109375 0.46484375 0.81591796875 1026927
0.16162109375 0.46484375 0.81591796875 1026928
0.16162109375 0.46484375 0.81591796875 1026929
0.16162109375 0.46484375 0.81591796875 1026945
0.16162109375 0.46484375 0.81591796875 1026946
0.126953125 0.45751953125 0.8447265625 1027029
0.126953125 0.45751953125 0.8447265625 1027030
0.126953125 0.45751953125 0.8447265625 1027031
0.14697265625 0.45849609375 0.77587890625 1027133
0.14697265625 0.45849609375 0.77587890625 1027134
0.14697265625 0.45849609375 0.77587890625 1027135
0.14697265625 0.45849609375 0.77587890625 1027136
0.14697265625 0.45849609375 0.77587890625 1027137
0.12060546875 0.44091796875 0.78759765625 1027236
0.12060546875 0.44091796875 0.78759765625 1027237
0.12060546875 0.44091796875 0.78759765625 1027238
0.12060546875 0.44091796875 0.78759765625 1027240
0.12060546875 0.44091796875 0.78759765625 1027241
0.1123046875 0.47265625 0.82958984375 1027314
0.16064453125 0.4560546875 0.7890625 1027424
0.16064453125 0.4560546875 0.7890625 1027425
0.16064453125 0.4560546875 0.7890625 1027426
0.16064453125 0.4560546875 0.7890625 1027427
0.16064453125 0.4560546875 0.7890625 1027428
0.1220703125 0.4755859375 0.8330078125 1027527
0.1220703125 0.4755859375 0.8330078125 1027528
0.1220703125 0.4755859375 0.8330078125 1027529
0.1220703125 0.4755859375 0.8330078125 1027530
0.1220703125 0.4755859375 0.8330078125 1027530
0.15966796875 0.46484375 0.806640625 1027630
0.15966796875 0.46484375 0.806640625 1027631
0.15966796875 0.46484375 0.806640625 1027634
0.15966796875 0.46484375 0.806640625 1027635
0.15966796875 0.46484375 0.806640625 1027636
0.12060546875 0.44287109375 0.79345703125 1027733
0.12060546875 0.44287109375 0.79345703125 1027734
0.12060546875 0.44287109375 0.79345703125 1027735
0.12060546875 0.44287109375 0.79345703125 1027736
0.12060546875 0.44287109375 0.79345703125 1027737
0.10546875 0.47216796875 0.80810546875 1027836
0.10546875 0.47216796875 0.80810546875 1027837
0.10546875 0.47216796875 0.80810546875 1027838
0.10546875 0.47216796875 0.80810546875 1027839
0.10546875 0.47216796875 0.80810546875 1027840
0.18212890625 0.474609375 0.78466796875 1027914
0.08837890625 0.45849609375 0.82470703125 1028024
0.08837890625 0.45849609375 0.82470703125 1028025
0.08837890625 0.45849609375 0.82470703125 1028026
0.08837890625 0.45849609375 0.82470703125 1028027
0.08837890625 0.45849609375 0.82470703125 1028027
0.18017578125 0.46728515625 0.8095703125 1028148
0.18017578125 0.46728515625 0.8095703125 1028149
0.18017578125 0.46728515625 0.8095703125 1028149
0.18017578125 0.46728515625 0.8095703125 1028150
0.18017578125 0.46728515625 0.8095703125 1028151
0.12646484375 0.44140625 0.7978515625 1028222
0.13134765625 0.462890625 0.822265625 1028325
0.13134765625 0.462890625 0.822265625 1028326
0.13134765625 0.462890625 0.822265625 1028327
0.13134765625 0.462890625 0.822265625 1028328
0.13134765625 0.462890625 0.822265625 1028329
0.17041015625 0.48779296875 0.79736328125 1028427
0.17041015625 0.48779296875 0.79736328125 1028428
0.17041015625 0.48779296875 0.79736328125 1028429
0.17041015625 0.48779296875 0.79736328125 1028430
0.17041015625 0.48779296875 0.79736328125 1028431
0.13134765625 0.4560546875 0.8173828125 1028529
0.13134765625 0.4560546875 0.8173828125 1028530
0.13134765625 0.4560546875 0.8173828125 1028530
0.13134765625 0.4560546875 0.8173828125 1028531
0.13134765625 0.4560546875 0.8173828125 1028532
0.12109375 0.47119140625 0.798828125 1028633
0.12109375 0.47119140625 0.798828125 1028634
0.12109375 0.47119140625 0.798828125 1028634
0.12109375 0.47119140625 0.798828125 1028635
0.12109375 0.47119140625 0.798828125 1028636
0.14599609375 0.45458984375 0.79833984375 1028734
0.14599609375 0.45458984375 0.79833984375 1028735
0.14599609375 0.45458984375 0.79833984375 1028736
0.14599609375 0.45458984375 0.79833984375 1028737
0.14599609375 0.45458984375 0.79833984375 1028738
0.12353515625 0.47265625 0.83984375 1028813
0.17919921875 0.4892578125 0.79296875 1028924
0.17919921875 0.4892578125 0.79296875 1028925
0.17919921875 0.4892578125 0.79296875 1028926
0.17919921875 0.4892578125 0.79296875 1028927
0.17919921875 0.4892578125 0.79296875 1028928
0.10595703125 0.4599609375 0.8076171875 1029027
0.10595703125 0.4599609375 0.8076171875 1029028
0.10595703125 0.4599609375 0.8076171875 1029028
0.10595703125 0.4599609375 0.8076171875 1029029
0.10595703125 0.4599609375 0.8076171875 1029030
0.1396484375 0.4716796875 0.80908203125 1029129
0.1396484375 0.4716796875 0.80908203125 1029130
0.1396484375 0.4716796875 0.80908203125 1029131
0.1396484375 0.4716796875 0.80908203125 1029132
0.1396484375 0.4716796875 0.80908203125 1029133
0.14794921875 0.45263671875 0.7783203125 1029232
0.14794921875 0.45263671875 0.7783203125 1029233
0.14794921875 0.45263671875 0.7783203125 1029233
0.14794921875 0.45263671875 0.7783203125 1029234
0.14794921875 0.45263671875 0.7783203125 1029235
0.11865234375 0.47119140625 0.83544921875 1029334
0.11865234375 0.47119140625 0.83544921875 1029336
0.11865234375 0.47119140625 0.83544921875 1029337
0.11865234375 0.47119140625 0.83544921875 1029338
0.11865234375 0.47119140625 0.83544921875 1029338
0.14697265625 0.47021484375 0.796875 1029437
0.14697265625 0.47021484375 0.796875 1029438
0.14697265625 0.47021484375 0.796875 1029438
0.14697265625 0.47021484375 0.796875 1029439
0.14697265625 0.47021484375 0.796875 1029440
0.16455078125 0.45458984375 0.79833984375 1029517
0.10009765625 0.48828125 0.84033203125 1029626
0.10009765625 0.48828125 0.84033203125 1029627
0.10009765625 0.48828125 0.84033203125 1029628
0.10009765625 0.48828125 0.84033203125 1029628
0.10009765625 0.48828125 0.84033203125 1029629
0.17529296875 0.47216796875 0.79150390625 1029729
0.17529296875 0.47216796875 0.79150390625 1029730
0.17529296875 0.47216796875 0.79150390625 1029730
0.17529296875 0.47216796875 0.79150390625 1029731
0.17529296875 0.47216796875 0.79150390625 1029732
0.14501953125 0.4697265625 0.822265625 1029831
0.14501953125 0.4697265625 0.822265625 1029832
0.14501953125 0.4697265625 0.822265625 1029832
0.14501953125 0.4697265625 0.822265625 1029833
0.14501953125 0.4697265625 0.822265625 1029834
0.1435546875 0.46728515625 0.7978515625 1029934
0.1435546875 0.46728515625 0.7978515625 1029935
0.1435546875 0.46728515625 0.7978515625 1029937
0.1435546875 0.46728515625 0.7978515625 1029938
0.1435546875 0.46728515625 0.7978515625 1029939
0.1240234375 0.4697265625 0.794921875 1030069
0.1240234375 0.4697265625 0.794921875 1030070
0.1240234375 0.4697265625 0.794921875 1030071
0.1240234375 0.4697265625 0.794921875 1030072
0.1240234375 0.4697265625 0.794921875 1030073
0.138671875 0.47119140625 0.80712890625 1030115
0.14453125 0.46826171875 0.8056640625 1030226
0.14453125 0.46826171875 0.8056640625 1030227
0.14453125 0.46826171875 0.8056640625 1030228
0.14453125 0.46826171875 0.8056640625 1030229
0.14453125 0.46826171875 0.8056640625 1030229
0.14208984375 0.4697265625 0.818359375 1030328
0.14208984375 0.4697265625 0.818359375 1030329
0.14208984375 0.4697265625 0.818359375 1030330
0.14208984375 0.4697265625 0.818359375 1030331
0.14208984375 0.4697265625 0.818359375 1030332
0.14599609375 0.470703125 0.77490234375 1030436
0.14599609375 0.470703125 0.77490234375 1030437
0.14599609375 0.470703125 0.77490234375 1030438
0.14599609375 0.470703125 0.77490234375 1030439
0.14599609375 0.470703125 0.77490234375 1030440
0.119140625 0.45654296875 0.80126953125 1030560
0.119140625 0.45654296875 0.80126953125 1030562
0.119140625 0.45654296875 0.80126953125 1030562
0.119140625 0.45654296875 0.80126953125 1030563
0.119140625 0.45654296875 0.80126953125 1030564
0.14404296875 0.4736328125 0.80517578125 1030645
0.20556640625 0.48193359375 0.82861328125 1030716
0.20556640625 0.48193359375 0.82861328125 1030717
0.20556640625 0.48193359375 0.82861328125 1030718
0.20556640625 0.48193359375 0.82861328125 1030719
0.20556640625 0.48193359375 0.82861328125 1030720
0.1123046875 0.4658203125 0.82568359375 1030825
0.1123046875 0.4658203125 0.82568359375 1030826
0.1123046875 0.4658203125 0.82568359375 1030826
0.1123046875 0.4658203125 0.82568359375 1030827
0.1123046875 0.4658203125 0.82568359375 1030828
0.16845703125 0.47607421875 0.787109375 1030928
0.16845703125 0.47607421875 0.787109375 1030962
0.16845703125 0.47607421875 0.787109375 1030963
0.16845703125 0.47607421875 0.787109375 1030963
0.16845703125 0.47607421875 0.787109375 1030964
0.12451171875 0.46826171875 0.80908203125 1031031
0.12451171875 0.46826171875 0.80908203125 1031032
0.12353515625 0.47265625 0.8056640625 1031133
0.12353515625 0.47265625 0.8056640625 1031134
0.12353515625 0.47265625 0.8056640625 1031135
0.12353515625 0.47265625 0.8056640625 1031136
0.12353515625 0.47265625 0.8056640625 1031137
0.16064453125 0.4736328125 0.78369140625 1031236
0.16064453125 0.4736328125 0.78369140625 1031237
0.16064453125 0.4736328125 0.78369140625 1031237
0.16064453125 0.4736328125 0.78369140625 1031238
0.16064453125 0.4736328125 0.78369140625 1031239
0.11962890625 0.466796875 0.81982421875 1031338
0.11962890625 0.466796875 0.81982421875 1031339
0.11962890625 0.466796875 0.81982421875 1031340
0.11962890625 0.466796875 0.81982421875 1031340
0.11962890625 0.466796875 0.81982421875 1031341
0.15966796875 0.474609375 0.81884765625 1031419
0.1435546875 0.4482421875 0.7861328125 1031528
0.1435546875 0.4482421875 0.7861328125 1031529
0.1435546875 0.4482421875 0.7861328125 1031530
0.1435546875 0.4482421875 0.7861328125 1031531
0.1435546875 0.4482421875 0.7861328125 1031532
0.1513671875 0.46826171875 0.810546875 1031631
0.1513671875 0.46826171875 0.810546875 1031632
0.1513671875 0.46826171875 0.810546875 1031633
0.1513671875 0.46826171875 0.810546875 1031633
0.1513671875 0.46826171875 0.810546875 1031634
0.1455078125 0.46923828125 0.8115234375 1031733
0.1455078125 0.46923828125 0.8115234375 1031734
0.1455078125 0.46923828125 0.8115234375 1031735
0.1455078125 0.46923828125 0.8115234375 1031736
0.1455078125 0.46923828125 0.8115234375 1031736
0.1435546875 0.4619140625 0.802734375 1031837
0.1435546875 0.4619140625 0.802734375 1031838
0.1435546875 0.4619140625 0.802734375 1031839
0.1435546875 0.4619140625 0.802734375 1031839
0.1435546875 0.4619140625 0.802734375 1031840
0.0986328125 0.48974609375 0.80908203125 1031915
0.19091796875 0.45849609375 0.78662109375 1032034
0.19091796875 0.45849609375 0.78662109375 1032036
0.19091796875 0.45849609375 0.78662109375 1032037
0.19091796875 0.45849609375 0.78662109375 1032038
0.19091796875 0.45849609375 0.78662109375 1032039
0.11865234375 0.46728515625 0.837890625 1032130
0.14990234375 0.478515625 0.7783203125 1032232
0.14990234375 0.478515625 0.7783203125 1032236
0.14990234375 0.478515625 0.7783203125 1032237
0.14990234375 0.478515625 0.7783203125 1032237
0.14990234375 0.478515625 0.7783203125 1032238
0.1201171875 0.4580078125 0.7958984375 1032334
0.1201171875 0.4580078125 0.7958984375 1032335
0.15087890625 0.47998046875 0.8125 1032417
0.15087890625 0.47998046875 0.8125 1032418
0.15087890625 0.47998046875 0.8125 1032419
0.15087890625 0.47998046875 0.8125 1032419
0.14208984375 0.49169921875 0.8095703125 1032527
0.14208984375 0.49169921875 0.8095703125 1032528
0.14208984375 0.49169921875 0.8095703125 1032528
0.14208984375 0.49169921875 0.8095703125 1032529
0.14208984375 0.49169921875 0.8095703125 1032530
0.15185546875 0.46337890625 0.83251953125 1032629
0.15185546875 0.46337890625 0.83251953125 1032630
0.15185546875 0.46337890625 0.83251953125 1032630
0.15185546875 0.46337890625 0.83251953125 1032631
0.15185546875 0.46337890625 0.83251953125 1032632
0.14501953125 0.4892578125 0.7861328125 1032738
0.14501953125 0.4892578125 0.7861328125 1032739
0.14501953125 0.4892578125 0.7861328125 1032740
0.14501953125 0.4892578125 0.7861328125 1032741
0.14501953125 0.4892578125 0.7861328125 1032741
0.15771484375 0.47265625 0.81787109375 1032818
0.10986328125 0.45458984375 0.830078125 1032928
0.10986328125 0.45458984375 0.830078125 1032929
0.10986328125 0.45458984375 0.830078125 1032930
0.10986328125 0.45458984375 0.830078125 1032932
0.10986328125 0.45458984375 0.830078125 1032933
0.1513671875 0.4755859375 0.791015625 1033030
0.1513671875 0.4755859375 0.791015625 1033031
0.1513671875 0.4755859375 0.791015625 1033031
0.1513671875 0.4755859375 0.791015625 1033032
0.1513671875 0.4755859375 0.791015625 1033033
0.13916015625 0.4658203125 0.82373046875 1033133
0.13916015625 0.4658203125 0.82373046875 1033134
0.13916015625 0.4658203125 0.82373046875 1033135
0.13916015625 0.4658203125 0.82373046875 1033135
0.12451171875 0.45654296875 0.82177734375 1033260
0.12451171875 0.45654296875 0.82177734375 1033261
0.12451171875 0.45654296875 0.82177734375 1033262
0.12451171875 0.45654296875 0.82177734375 1033262
0.12451171875 0.45654296875 0.82177734375 1033263
0.17138671875 0.48193359375 0.8154296875 1033339
0.12841796875 0.3720703125 0.78271484375 1033416
0.12841796875 0.3720703125 0.78271484375 1033417
0.12841796875 0.3720703125 0.78271484375 1033418
0.12841796875 0.3720703125 0.78271484375 1033419
0.12841796875 0.3720703125 0.78271484375 1033420
0.1845703125 0.4453125 0.826171875 1033526
0.1845703125 0.4453125 0.826171875 1033527
0.1845703125 0.4453125 0.826171875 1033528
0.1845703125 0.4453125 0.826171875 1033529
0.1845703125 0.4453125 0.826171875 1033531
0.150390625 0.4345703125 0.78759765625 1033629
0.150390625 0.4345703125 0.78759765625 1033630
0.150390625 0.4345703125 0.78759765625 1033631
0.150390625 0.4345703125 0.78759765625 1033632
0.150390625 0.4345703125 0.78759765625 1033632
0.11474609375 0.470703125 0.81982421875 1033732
0.11474609375 0.470703125 0.81982421875 1033733
0.11474609375 0.470703125 0.81982421875 1033733
0.11474609375 0.470703125 0.81982421875 1033734
0.11474609375 0.470703125 0.81982421875 1033735
0.1572265625 0.52685546875 0.8662109375 1033834
0.1572265625 0.52685546875 0.8662109375 1033835
0.1572265625 0.52685546875 0.8662109375 1033836
0.1572265625 0.52685546875 0.8662109375 1033837
0.1572265625 0.52685546875 0.8662109375 1033838
-0.0146484375 0.4951171875 0.72119140625 1033937
-0.0146484375 0.4951171875 0.72119140625 1033938
-0.0146484375 0.4951171875 0.72119140625 1033939
-0.0146484375 0.4951171875 0.72119140625 1033940
-0.0146484375 0.4951171875 0.72119140625 1033940
-0.0927734375 0.57568359375 0.71240234375 1034035
-0.2021484375 0.599609375 0.6572265625 1034138
-0.2021484375 0.599609375 0.6572265625 1034146
-0.2021484375 0.599609375 0.6572265625 1034147
-0.2021484375 0.599609375 0.6572265625 1034148
-0.2021484375 0.599609375 0.6572265625 1034149
-0.3173828125 0.56689453125 0.62451171875 1034219
-0.2783203125 0.607421875 0.6064453125 1034328
-0.2783203125 0.607421875 0.6064453125 1034329
-0.2783203125 0.607421875 0.6064453125 1034330
-0.2783203125 0.607421875 0.6064453125 1034330
-0.2783203125 0.607421875 0.6064453125 1034331
-0.33056640625 0.54638671875 0.5185546875 1034430
-0.33056640625 0.54638671875 0.5185546875 1034431
-0.33056640625 0.54638671875 0.5185546875 1034431
-0.33056640625 0.54638671875 0.5185546875 1034432
-0.33056640625 0.54638671875 0.5185546875 1034433
-0.39892578125 0.59521484375 0.49951171875 1034537
-0.39892578125 0.59521484375 0.49951171875 1034538
-0.39892578125 0.59521484375 0.49951171875 1034539
-0.39892578125 0.59521484375 0.49951171875 1034539
-0.39892578125 0.59521484375 0.49951171875 1034540
-0.41064453125 0.64599609375 0.51953125 1034619
-0.52685546875 0.61962890625 0.48388671875 1034730
-0.52685546875 0.61962890625 0.48388671875 1034731
-0.52685546875 0.61962890625 0.48388671875 1034732
-0.52685546875 0.61962890625 0.48388671875 1034733
-0.52685546875 0.61962890625 0.48388671875 1034734
-0.45068359375 0.603515625 0.408203125 1034840
-0.45068359375 0.603515625 0.408203125 1034841
-0.45068359375 0.603515625 0.408203125 1034842
-0.45068359375 0.603515625 0.408203125 1034843
-0.45068359375 0.603515625 0.408203125 1034845
-0.43408203125 0.57958984375 0.4677734375 1034935
-0.486328125 0.57958984375 0.466796875 1035040
-0.486328125 0.57958984375 0.466796875 1035041
-0.486328125 0.57958984375 0.466796875 1035042
-0.486328125 0.57958984375 0.466796875 1035042
-0.486328125 0.57958984375 0.466796875 1035043
-0.4248046875 0.59619140625 0.47509765625 1035122
-0.4599609375 0.5732421875 0.50927734375 1035228
-0.4599609375 0.5732421875 0.50927734375 1035229
-0.4599609375 0.5732421875 0.50927734375 1035230
-0.4599609375 0.5732421875 0.50927734375 1035231
-0.4599609375 0.5732421875 0.50927734375 1035232
