0 0 0 879354
0 0 0 879354
-0.79345703125 -0.244140625 -1.52587890625 879382
-0.79345703125 -0.244140625 -1.52587890625 879383
-0.79345703125 -0.244140625 -1.52587890625 879385
-0.79345703125 -0.244140625 -1.52587890625 879402
7.14111328125 2.13623046875 -2.44140625 879403
-8.9111328125 0.30517578125 1.40380859375 879404
-0.1220703125 -0.732421875 -3.23486328125 879406
4.5166015625 -3.23486328125 -5.18798828125 879417
4.5166015625 -3.23486328125 -5.18798828125 879498
-1.220703125 1.15966796875 1.28173828125 879499
-1.220703125 1.15966796875 1.28173828125 879500
-1.220703125 1.15966796875 1.28173828125 879500
-1.220703125 1.15966796875 1.28173828125 879501
-1.220703125 1.15966796875 1.28173828125 879599
-8.1787109375 3.60107421875 -3.662109375 879600
-8.1787109375 3.60107421875 -3.662109375 879601
-8.1787109375 3.60107421875 -3.662109375 879602
-8.1787109375 3.60107421875 -3.662109375 879602
7.87353515625 -3.11279296875 -0.1220703125 879695
7.87353515625 -3.11279296875 -0.1220703125 879757
-4.7607421875 0.1220703125 -4.8828125 879758
-4.7607421875 0.1220703125 -4.8828125 879759
-4.7607421875 0.1220703125 -4.8828125 879759
-4.7607421875 0.1220703125 -4.8828125 879760
-4.7607421875 0.1220703125 -4.8828125 879880
-2.74658203125 3.35693359375 0.244140625 879881
-2.74658203125 3.35693359375 0.244140625 879881
-2.74658203125 3.35693359375 0.244140625 879882
-2.74658203125 3.35693359375 0.244140625 879882
-2.74658203125 3.35693359375 0.244140625 879982
1.46484375 0.6103515625 -0.30517578125 879982
1.46484375 0.6103515625 -0.30517578125 879983
1.46484375 0.6103515625 -0.30517578125 879984
1.46484375 0.6103515625 -0.30517578125 879984
1.46484375 0.6103515625 -0.30517578125 880084
-2.13623046875 -1.52587890625 -5.2490234375 880085
-2.13623046875 -1.52587890625 -5.2490234375 880086
-2.13623046875 -1.52587890625 -5.2490234375 880086
-2.13623046875 -1.52587890625 -5.2490234375 880087
-2.13623046875 -1.52587890625 -5.2490234375 880186
-9.21630859375 3.90625 0.9765625 880187
-9.21630859375 3.90625 0.9765625 880188
-9.21630859375 3.90625 0.9765625 880189
-9.21630859375 3.90625 0.9765625 880189
0.06103515625 0.91552734375 -0.54931640625 880257
0.06103515625 0.91552734375 -0.54931640625 880377
3.47900390625 -0.1220703125 -5.31005859375 880377
3.47900390625 -0.1220703125 -5.31005859375 880378
3.47900390625 -0.1220703125 -5.31005859375 880379
3.47900390625 -0.1220703125 -5.31005859375 880379
3.47900390625 -0.1220703125 -5.31005859375 880482
-8.23974609375 4.21142578125 3.2958984375 880483
-8.23974609375 4.21142578125 3.2958984375 880484
-8.23974609375 4.21142578125 3.2958984375 880485
-8.23974609375 4.21142578125 3.2958984375 880485
-8.23974609375 4.21142578125 3.2958984375 880585
4.69970703125 -1.03759765625 -1.03759765625 880586
4.69970703125 -1.03759765625 -1.03759765625 880587
4.69970703125 -1.03759765625 -1.03759765625 880587
4.69970703125 -1.03759765625 -1.03759765625 880588
6.65283203125 -2.74658203125 -3.41796875 880659
6.65283203125 -2.74658203125 -3.41796875 880778
-8.544921875 1.15966796875 -0.8544921875 880779
-8.544921875 1.15966796875 -0.8544921875 880779
-8.544921875 1.15966796875 -0.8544921875 880780
-8.544921875 1.15966796875 -0.8544921875 880780
-8.544921875 1.15966796875 -0.8544921875 880884
1.77001953125 -0.18310546875 -1.46484375 880885
1.77001953125 -0.18310546875 -1.46484375 880886
1.77001953125 -0.18310546875 -1.46484375 880886
1.77001953125 -0.18310546875 -1.46484375 880887
1.77001953125 -0.18310546875 -1.46484375 880986
5.4931640625 -0.30517578125 -2.38037109375 880987
5.4931640625 -0.30517578125 -2.38037109375 880988
5.4931640625 -0.30517578125 -2.38037109375 880988
5.4931640625 -0.30517578125 -2.38037109375 880989
-7.32421875 1.89208984375 -1.953125 881058
-7.32421875 1.89208984375 -1.953125 881175
4.08935546875 0.42724609375 -1.5869140625 881176
4.08935546875 0.42724609375 -1.5869140625 881177
4.08935546875 0.42724609375 -1.5869140625 881177
4.08935546875 0.42724609375 -1.5869140625 881178
4.08935546875 0.42724609375 -1.5869140625 881278
7.9345703125 -1.15966796875 -4.638671875 881278
7.9345703125 -1.15966796875 -4.638671875 881279
7.9345703125 -1.15966796875 -4.638671875 881280
7.9345703125 -1.15966796875 -4.638671875 881281
7.9345703125 -1.15966796875 -4.638671875 881381
-7.99560546875 1.28173828125 -1.15966796875 881382
-7.99560546875 1.28173828125 -1.15966796875 881383
-7.99560546875 1.28173828125 -1.15966796875 881383
-7.99560546875 1.28173828125 -1.15966796875 881384
-7.99560546875 1.28173828125 -1.15966796875 881484
-3.662109375 2.9296875 -1.52587890625 881485
-3.662109375 2.9296875 -1.52587890625 881486
-3.662109375 2.9296875 -1.52587890625 881486
-3.662109375 2.9296875 -1.52587890625 881487
3.60107421875 -1.03759765625 -1.953125 881582
3.60107421875 -1.03759765625 -1.953125 881670
2.50244140625 -0.06103515625 -1.40380859375 881671
2.50244140625 -0.06103515625 -1.40380859375 881671
2.50244140625 -0.06103515625 -1.40380859375 881672
2.50244140625 -0.06103515625 -1.40380859375 881673
2.50244140625 -0.06103515625 -1.40380859375 881771
-9.94873046875 1.5869140625 -3.23486328125 881772
-9.94873046875 1.5869140625 -3.23486328125 881773
-9.94873046875 1.5869140625 -3.23486328125 881774
-9.94873046875 1.5869140625 -3.23486328125 881774
-9.94873046875 1.5869140625 -3.23486328125 881881
3.47900390625 1.3427734375 0.18310546875 881882
3.47900390625 1.3427734375 0.18310546875 881883
3.47900390625 1.3427734375 0.18310546875 881884
3.47900390625 1.3427734375 0.18310546875 881885
6.4697265625 -1.3427734375 -3.23486328125 881980
6.4697265625 -1.3427734375 -3.23486328125 882063
-10.80322265625 2.38037109375 1.89208984375 882075
-10.80322265625 2.38037109375 1.89208984375 882075
-10.80322265625 2.38037109375 1.89208984375 882076
-10.80322265625 2.38037109375 1.89208984375 882077
-10.80322265625 2.38037109375 1.89208984375 882187
-0.48828125 1.953125 -0.54931640625 882188
-0.48828125 1.953125 -0.54931640625 882188
-0.48828125 1.953125 -0.54931640625 882189
-0.48828125 1.953125 -0.54931640625 882190
2.01416015625 -1.708984375 -4.150390625 882257
2.01416015625 -1.708984375 -4.150390625 882376
-4.69970703125 2.38037109375 -1.46484375 882377
-4.69970703125 2.38037109375 -1.46484375 882377
-4.69970703125 2.38037109375 -1.46484375 882378
-4.69970703125 2.38037109375 -1.46484375 882379
-4.69970703125 2.38037109375 -1.46484375 882479
4.08935546875 5.615234375 1.8310546875 882480
4.08935546875 5.615234375 1.8310546875 882481
4.08935546875 5.615234375 1.8310546875 882481
4.08935546875 5.615234375 1.8310546875 882482
4.08935546875 5.615234375 1.8310546875 882581
6.103515625 -1.03759765625 -5.92041015625 882582
6.103515625 -1.03759765625 -5.92041015625 882584
6.103515625 -1.03759765625 -5.92041015625 882584
6.103515625 -1.03759765625 -5.92041015625 882585
6.103515625 -1.03759765625 -5.92041015625 882683
3.2958984375 0.42724609375 -2.685546875 882683
3.2958984375 0.42724609375 -2.685546875 882684
3.2958984375 0.42724609375 -2.685546875 882685
3.2958984375 0.42724609375 -2.685546875 882685
3.2958984375 0.42724609375 -2.685546875 882786
-6.89697265625 5.4931640625 -0.1220703125 882787
-6.89697265625 5.4931640625 -0.1220703125 882788
-6.89697265625 5.4931640625 -0.1220703125 882788
-6.89697265625 5.4931640625 -0.1220703125 882789
-6.89697265625 5.4931640625 -0.1220703125 882886
7.080078125 -0.8544921875 0.54931640625 882887
7.080078125 -0.8544921875 0.54931640625 882888
7.080078125 -0.8544921875 0.54931640625 882888
7.080078125 -0.8544921875 0.54931640625 882889
7.568359375 -0.48828125 -1.28173828125 882959
7.568359375 -0.48828125 -1.28173828125 883082
9.033203125 5.67626953125 -3.173828125 883083
9.033203125 5.67626953125 -3.173828125 883084
9.033203125 5.67626953125 -3.173828125 883085
9.033203125 5.67626953125 -3.173828125 883086
-4.638671875 2.99072265625 -2.0751953125 883179
-4.638671875 2.99072265625 -2.0751953125 883259
-0.1220703125 2.62451171875 1.46484375 883260
-0.1220703125 2.62451171875 1.46484375 883261
-0.1220703125 2.62451171875 1.46484375 883261
-0.1220703125 2.62451171875 1.46484375 883262
-0.1220703125 2.62451171875 1.46484375 883370
9.27734375 -0.48828125 -0.732421875 883371
9.27734375 -0.48828125 -0.732421875 883372
9.27734375 -0.48828125 -0.732421875 883373
9.27734375 -0.48828125 -0.732421875 883373
9.27734375 -0.48828125 -0.732421875 883487
0.91552734375 1.03759765625 -2.86865234375 883488
0.91552734375 1.03759765625 -2.86865234375 883489
0.91552734375 1.03759765625 -2.86865234375 883490
0.91552734375 1.03759765625 -2.86865234375 883491
0.91552734375 1.03759765625 -2.86865234375 883588
-4.45556640625 7.568359375 5.7373046875 883589
-4.45556640625 7.568359375 5.7373046875 883590
-4.45556640625 7.568359375 5.7373046875 883590
4.8828125 5.18798828125 -2.197265625 883658
4.8828125 5.18798828125 -2.197265625 883659
4.8828125 5.18798828125 -2.197265625 883776
21.78955078125 7.8125 -0.91552734375 883776
21.78955078125 7.8125 -0.91552734375 883777
21.78955078125 7.8125 -0.91552734375 883778
21.78955078125 7.8125 -0.91552734375 883778
21.78955078125 7.8125 -0.91552734375 883878
19.47021484375 6.591796875 0.8544921875 883879
19.47021484375 6.591796875 0.8544921875 883881
19.47021484375 6.591796875 0.8544921875 883882
19.47021484375 6.591796875 0.8544921875 883883
19.47021484375 6.591796875 0.8544921875 883981
7.50732421875 1.953125 -0.30517578125 883982
7.50732421875 1.953125 -0.30517578125 883983
7.50732421875 1.953125 -0.30517578125 883984
7.50732421875 1.953125 -0.30517578125 883984
7.50732421875 1.953125 -0.30517578125 884084
6.8359375 4.39453125 1.3427734375 884085
6.8359375 4.39453125 1.3427734375 884086
6.8359375 4.39453125 1.3427734375 884086
6.8359375 4.39453125 1.3427734375 884087
6.8359375 4.39453125 1.3427734375 884186
3.90625 7.01904296875 -16.7236328125 884187
3.90625 7.01904296875 -16.7236328125 884188
3.90625 7.01904296875 -16.7236328125 884189
3.90625 7.01904296875 -16.7236328125 884189
12.939453125 17.7001953125 -3.72314453125 884257
12.939453125 17.7001953125 -3.72314453125 884376
16.29638671875 32.3486328125 3.7841796875 884377
16.29638671875 32.3486328125 3.7841796875 884378
16.29638671875 32.3486328125 3.7841796875 884379
16.29638671875 32.3486328125 3.7841796875 884380
16.29638671875 32.3486328125 3.7841796875 884479
15.68603515625 39.24560546875 6.89697265625 884480
15.68603515625 39.24560546875 6.89697265625 884481
15.68603515625 39.24560546875 6.89697265625 884481
15.68603515625 39.24560546875 6.89697265625 884482
15.68603515625 39.24560546875 6.89697265625 884582
7.4462890625 3.5400390625 6.591796875 884583
7.4462890625 3.5400390625 6.591796875 884583
7.4462890625 3.5400390625 6.591796875 884584
7.4462890625 3.5400390625 6.591796875 884585
7.4462890625 3.5400390625 6.591796875 884689
2.99072265625 7.62939453125 -2.3193359375 884690
2.99072265625 7.62939453125 -2.3193359375 884691
2.99072265625 7.62939453125 -2.3193359375 884691
2.99072265625 7.62939453125 -2.3193359375 884692
2.685546875 2.99072265625 -1.8310546875 884772
2.685546875 2.99072265625 -1.8310546875 884863
-3.23486328125 1.0986328125 5.9814453125 884864
-3.23486328125 1.0986328125 5.9814453125 884864
-3.23486328125 1.0986328125 5.9814453125 884865
-3.23486328125 1.0986328125 5.9814453125 884866
-3.23486328125 1.0986328125 5.9814453125 884980
-0.54931640625 -1.77001953125 -0.1220703125 884981
-0.54931640625 -1.77001953125 -0.1220703125 884982
-0.54931640625 -1.77001953125 -0.1220703125 884982
-0.54931640625 -1.77001953125 -0.1220703125 884983
-0.54931640625 -1.77001953125 -0.1220703125 885082
-2.3193359375 2.0751953125 1.3427734375 885083
-2.3193359375 2.0751953125 1.3427734375 885084
-2.3193359375 2.0751953125 1.3427734375 885085
-2.3193359375 2.0751953125 1.3427734375 885087
-2.3193359375 2.0751953125 1.3427734375 885186
2.86865234375 1.708984375 0.54931640625 885186
2.86865234375 1.708984375 0.54931640625 885187
2.86865234375 1.708984375 0.54931640625 885188
2.86865234375 1.708984375 0.54931640625 885189
2.86865234375 1.708984375 0.54931640625 885290
-2.86865234375 -2.5634765625 -1.8310546875 885290
-2.86865234375 -2.5634765625 -1.8310546875 885291
-2.86865234375 -2.5634765625 -1.8310546875 885292
-2.86865234375 -2.5634765625 -1.8310546875 885292
0.18310546875 1.89208984375 7.8125 885364
0.18310546875 1.89208984375 7.8125 885481
-1.77001953125 -0.244140625 -4.7607421875 885482
-1.77001953125 -0.244140625 -4.7607421875 885483
-1.77001953125 -0.244140625 -4.7607421875 885483
-1.77001953125 -0.244140625 -4.7607421875 885484
-0.18310546875 0.67138671875 -1.40380859375 885580
-0.18310546875 0.67138671875 -1.40380859375 885684
2.5634765625 -1.64794921875 -1.8310546875 885685
2.5634765625 -1.64794921875 -1.8310546875 885686
2.5634765625 -1.64794921875 -1.8310546875 885687
2.5634765625 -1.64794921875 -1.8310546875 885688
2.5634765625 -1.64794921875 -1.8310546875 885786
-4.39453125 0.30517578125 2.38037109375 885787
-4.39453125 0.30517578125 2.38037109375 885788
-4.39453125 0.30517578125 2.38037109375 885789
-4.39453125 0.30517578125 2.38037109375 885789
-6.53076171875 1.0986328125 0.9765625 885860
-6.53076171875 1.0986328125 0.9765625 885981
0.1220703125 7.8125 5.859375 885981
0.1220703125 7.8125 5.859375 885982
0.1220703125 7.8125 5.859375 885983
0.1220703125 7.8125 5.859375 885983
0.1220703125 7.8125 5.859375 886083
3.662109375 48.828125 7.4462890625 886084
3.662109375 48.828125 7.4462890625 886085
3.662109375 48.828125 7.4462890625 886086
3.662109375 48.828125 7.4462890625 886087
3.662109375 48.828125 7.4462890625 886188
-9.21630859375 -22.15576171875 -17.39501953125 886189
-9.21630859375 -22.15576171875 -17.39501953125 886189
-9.21630859375 -22.15576171875 -17.39501953125 886190
-9.21630859375 -22.15576171875 -17.39501953125 886191
-5.615234375 -35.58349609375 6.40869140625 886260
-5.615234375 -35.58349609375 6.40869140625 886380
-3.7841796875 -32.470703125 0.3662109375 886381
-3.7841796875 -32.470703125 0.3662109375 886382
-3.7841796875 -32.470703125 0.3662109375 886383
-3.7841796875 -32.470703125 0.3662109375 886384
-3.7841796875 -32.470703125 0.3662109375 886489
-11.474609375 -58.41064453125 9.70458984375 886509
-11.474609375 -58.41064453125 9.70458984375 886510
-11.474609375 -58.41064453125 9.70458984375 886510
-11.474609375 -58.41064453125 9.70458984375 886511
-10.6201171875 -7.4462890625 -6.591796875 886587
-10.6201171875 -7.4462890625 -6.591796875 886657
-10.1318359375 -13.12255859375 -3.41796875 886658
-10.1318359375 -13.12255859375 -3.41796875 886659
-10.1318359375 -13.12255859375 -3.41796875 886659
-10.1318359375 -13.12255859375 -3.41796875 886660
-10.1318359375 -13.12255859375 -3.41796875 886778
-5.859375 3.72314453125 -3.47900390625 886780
-5.859375 3.72314453125 -3.47900390625 886781
-5.859375 3.72314453125 -3.47900390625 886781
-5.859375 3.72314453125 -3.47900390625 886782
-5.859375 3.72314453125 -3.47900390625 886880
-0.3662109375 4.33349609375 -1.3427734375 886881
-0.3662109375 4.33349609375 -1.3427734375 886881
-0.3662109375 4.33349609375 -1.3427734375 886900
-0.3662109375 4.33349609375 -1.3427734375 886900
1.708984375 5.92041015625 -4.82177734375 886987
1.708984375 5.92041015625 -4.82177734375 886988
1.708984375 5.92041015625 -4.82177734375 886988
1.708984375 5.92041015625 -4.82177734375 887057
-0.67138671875 -2.99072265625 -2.25830078125 887057
-0.67138671875 -2.99072265625 -2.25830078125 887058
-0.67138671875 -2.99072265625 -2.25830078125 887177
-3.0517578125 -1.5869140625 -3.90625 887178
-3.0517578125 -1.5869140625 -3.90625 887179
-3.0517578125 -1.5869140625 -3.90625 887180
-3.0517578125 -1.5869140625 -3.90625 887181
-3.0517578125 -1.5869140625 -3.90625 887280
-4.150390625 -6.2255859375 -3.84521484375 887280
-4.150390625 -6.2255859375 -3.84521484375 887283
-4.150390625 -6.2255859375 -3.84521484375 887284
-4.150390625 -6.2255859375 -3.84521484375 887285
-4.150390625 -6.2255859375 -3.84521484375 887382
2.74658203125 1.77001953125 -0.79345703125 887383
2.74658203125 1.77001953125 -0.79345703125 887384
2.74658203125 1.77001953125 -0.79345703125 887384
2.74658203125 1.77001953125 -0.79345703125 887485
-2.8076171875 7.568359375 -3.41796875 887486
-2.8076171875 7.568359375 -3.41796875 887487
-2.8076171875 7.568359375 -3.41796875 887487
-2.8076171875 7.568359375 -3.41796875 887488
-2.8076171875 7.568359375 -3.41796875 887590
-3.35693359375 1.3427734375 -0.54931640625 887591
-3.35693359375 1.3427734375 -0.54931640625 887591
-3.35693359375 1.3427734375 -0.54931640625 887592
-3.35693359375 1.3427734375 -0.54931640625 887593
-8.056640625 -1.77001953125 -4.82177734375 887658
-8.056640625 -1.77001953125 -4.82177734375 887777
-3.7841796875 -3.662109375 -4.08935546875 887778
-3.7841796875 -3.662109375 -4.08935546875 887779
-3.7841796875 -3.662109375 -4.08935546875 887780
-3.7841796875 -3.662109375 -4.08935546875 887782
-3.7841796875 -3.662109375 -4.08935546875 887879
-1.28173828125 0.244140625 1.3427734375 887880
-1.28173828125 0.244140625 1.3427734375 887881
-1.28173828125 0.244140625 1.3427734375 887881
-1.28173828125 0.244140625 1.3427734375 887882
-1.28173828125 0.244140625 1.3427734375 887988
-2.74658203125 1.03759765625 -0.48828125 887989
-2.74658203125 1.03759765625 -0.48828125 887990
-2.74658203125 1.03759765625 -0.48828125 887990
-2.74658203125 1.03759765625 -0.48828125 887991
0.54931640625 -1.953125 -7.9345703125 888058
0.54931640625 -1.953125 -7.9345703125 888177
-0.9765625 2.62451171875 1.64794921875 888178
-0.9765625 2.62451171875 1.64794921875 888178
-0.9765625 2.62451171875 1.64794921875 888179
-0.9765625 2.62451171875 1.64794921875 888180
-0.9765625 2.62451171875 1.64794921875 888281
-1.3427734375 2.50244140625 1.953125 888282
-1.3427734375 2.50244140625 1.953125 888283
-1.3427734375 2.50244140625 1.953125 888284
-1.3427734375 2.50244140625 1.953125 888284
-1.3427734375 2.50244140625 1.953125 888384
-0.54931640625 4.150390625 -3.0517578125 888385
-0.54931640625 4.150390625 -3.0517578125 888386
-0.54931640625 4.150390625 -3.0517578125 888386
-0.54931640625 4.150390625 -3.0517578125 888387
-0.54931640625 4.150390625 -3.0517578125 888485
-5.67626953125 0.1220703125 -5.4931640625 888486
-5.67626953125 0.1220703125 -5.4931640625 888487
-5.67626953125 0.1220703125 -5.4931640625 888488
-5.67626953125 0.1220703125 -5.4931640625 888489
-5.67626953125 0.1220703125 -5.4931640625 888590
0.91552734375 0.30517578125 -3.72314453125 888591
0.91552734375 0.30517578125 -3.72314453125 888591
0.91552734375 0.30517578125 -3.72314453125 888592
0.91552734375 0.30517578125 -3.72314453125 888593
3.0517578125 3.2958984375 -1.40380859375 888672
3.0517578125 3.2958984375 -1.40380859375 888776
-3.5400390625 3.7841796875 -1.3427734375 888777
-3.5400390625 3.7841796875 -1.3427734375 888778
-3.5400390625 3.7841796875 -1.3427734375 888779
-3.5400390625 3.7841796875 -1.3427734375 888780
-3.5400390625 3.7841796875 -1.3427734375 888880
-6.9580078125 -1.77001953125 1.3427734375 888881
-6.9580078125 -1.77001953125 1.3427734375 888882
-6.9580078125 -1.77001953125 1.3427734375 888882
-6.9580078125 -1.77001953125 1.3427734375 888883
-6.9580078125 -1.77001953125 1.3427734375 888980
-4.08935546875 -2.0751953125 -5.79833984375 888980
-4.08935546875 -2.0751953125 -5.79833984375 889082
5.18798828125 1.46484375 -2.86865234375 889083
5.18798828125 1.46484375 -2.86865234375 889084
5.18798828125 1.46484375 -2.86865234375 889084
5.18798828125 1.46484375 -2.86865234375 889085
5.18798828125 1.46484375 -2.86865234375 889185
0.8544921875 6.04248046875 -0.9765625 889186
0.8544921875 6.04248046875 -0.9765625 889187
0.8544921875 6.04248046875 -0.9765625 889187
0.8544921875 6.04248046875 -0.9765625 889188
0.8544921875 6.04248046875 -0.9765625 889288
-4.150390625 -1.5869140625 -1.40380859375 889288
-4.150390625 -1.5869140625 -1.40380859375 889289
-4.150390625 -1.5869140625 -1.40380859375 889290
-4.150390625 -1.5869140625 -1.40380859375 889291
4.150390625 -0.8544921875 1.3427734375 889362
4.150390625 -0.8544921875 1.3427734375 889481
1.3427734375 2.99072265625 -2.86865234375 889482
1.3427734375 2.99072265625 -2.86865234375 889483
1.3427734375 2.99072265625 -2.86865234375 889484
1.3427734375 2.99072265625 -2.86865234375 889484
1.3427734375 2.99072265625 -2.86865234375 889584
5.4931640625 1.5869140625 -2.38037109375 889585
5.4931640625 1.5869140625 -2.38037109375 889585
5.4931640625 1.5869140625 -2.38037109375 889586
5.4931640625 1.5869140625 -2.38037109375 889587
5.4931640625 1.5869140625 -2.38037109375 889684
1.28173828125 0.30517578125 -2.8076171875 889685
1.28173828125 0.30517578125 -2.8076171875 889686
1.28173828125 0.30517578125 -2.8076171875 889687
1.28173828125 0.30517578125 -2.8076171875 889687
1.28173828125 0.30517578125 -2.8076171875 889789
-2.62451171875 -1.3427734375 -4.5166015625 889790
-2.62451171875 -1.3427734375 -4.5166015625 889790
-2.62451171875 -1.3427734375 -4.5166015625 889791
-2.62451171875 -1.3427734375 -4.5166015625 889791
-2.44140625 0.42724609375 -0.42724609375 889862
-2.44140625 0.42724609375 -0.42724609375 889979
-4.82177734375 -2.3193359375 -5.126953125 889980
-4.82177734375 -2.3193359375 -5.126953125 889981
-4.82177734375 -2.3193359375 -5.126953125 889982
-4.82177734375 -2.3193359375 -5.126953125 889983
-4.82177734375 -2.3193359375 -5.126953125 890081
0.9765625 -0.06103515625 -1.5869140625 890082
0.9765625 -0.06103515625 -1.5869140625 890083
0.9765625 -0.06103515625 -1.5869140625 890084
0.9765625 -0.06103515625 -1.5869140625 890085
0.9765625 -0.06103515625 -1.5869140625 890184
-2.9296875 3.5400390625 -2.13623046875 890185
-2.9296875 3.5400390625 -2.13623046875 890185
-2.9296875 3.5400390625 -2.13623046875 890186
-2.9296875 3.5400390625 -2.13623046875 890186
-2.9296875 3.5400390625 -2.13623046875 890287
-1.15966796875 -0.42724609375 -3.173828125 890287
-1.15966796875 -0.42724609375 -3.173828125 890288
-1.15966796875 -0.42724609375 -3.173828125 890289
-1.15966796875 -0.42724609375 -3.173828125 890289
-1.15966796875 -0.42724609375 -3.173828125 890390
1.28173828125 -0.06103515625 -1.15966796875 890391
1.28173828125 -0.06103515625 -1.15966796875 890392
1.28173828125 -0.06103515625 -1.15966796875 890393
1.28173828125 -0.06103515625 -1.15966796875 890394
-1.5869140625 2.01416015625 -3.662109375 890460
-1.5869140625 2.01416015625 -3.662109375 890579
1.5869140625 5.31005859375 -2.5634765625 890581
1.5869140625 5.31005859375 -2.5634765625 890581
1.5869140625 5.31005859375 -2.5634765625 890582
1.5869140625 5.31005859375 -2.5634765625 890583
-3.5400390625 -3.0517578125 -2.5634765625 890678
-3.5400390625 -3.0517578125 -2.5634765625 890785
-1.28173828125 0.91552734375 -0.54931640625 890786
-1.28173828125 0.91552734375 -0.54931640625 890786
-1.28173828125 0.91552734375 -0.54931640625 890787
-1.28173828125 0.91552734375 -0.54931640625 890788
-1.28173828125 0.91552734375 -0.54931640625 890887
0.48828125 0.244140625 -0.3662109375 890888
0.48828125 0.244140625 -0.3662109375 890888
0.48828125 0.244140625 -0.3662109375 890889
0.48828125 0.244140625 -0.3662109375 890890
-1.3427734375 2.38037109375 -4.45556640625 890963
-1.3427734375 2.38037109375 -4.45556640625 891084
-0.732421875 -0.18310546875 -1.64794921875 891085
-0.732421875 -0.18310546875 -1.64794921875 891086
-0.732421875 -0.18310546875 -1.64794921875 891087
-0.732421875 -0.18310546875 -1.64794921875 891088
-1.03759765625 0.67138671875 -3.11279296875 891177
-1.03759765625 0.67138671875 -3.11279296875 891264
6.8359375 5.9814453125 -0.79345703125 891265
6.8359375 5.9814453125 -0.79345703125 891265
6.8359375 5.9814453125 -0.79345703125 891266
6.8359375 5.9814453125 -0.79345703125 891267
6.8359375 5.9814453125 -0.79345703125 891380
3.60107421875 -0.48828125 0.42724609375 891381
3.60107421875 -0.48828125 0.42724609375 891382
3.60107421875 -0.48828125 0.42724609375 891382
3.60107421875 -0.48828125 0.42724609375 891383
3.60107421875 -0.48828125 0.42724609375 891482
-3.7841796875 -0.79345703125 -3.47900390625 891483
-3.7841796875 -0.79345703125 -3.47900390625 891486
-3.7841796875 -0.79345703125 -3.47900390625 891487
-3.7841796875 -0.79345703125 -3.47900390625 891488
-3.7841796875 -0.79345703125 -3.47900390625 891586
-1.8310546875 -2.38037109375 -1.46484375 891587
-1.8310546875 -2.38037109375 -1.46484375 891588
-1.8310546875 -2.38037109375 -1.46484375 891588
-1.8310546875 -2.38037109375 -1.46484375 891589
-1.8310546875 -2.38037109375 -1.46484375 891687
-0.6103515625 2.5634765625 -2.50244140625 891688
-0.6103515625 2.5634765625 -2.50244140625 891691
-0.6103515625 2.5634765625 -2.50244140625 891692
-0.6103515625 2.5634765625 -2.50244140625 891692
-0.6103515625 2.5634765625 -2.50244140625 891790
-2.9296875 -0.48828125 -2.9296875 891791
-2.9296875 -0.48828125 -2.9296875 891792
-2.9296875 -0.48828125 -2.9296875 891792
-3.35693359375 -0.732421875 -2.197265625 891862
-3.35693359375 -0.732421875 -2.197265625 891862
-3.35693359375 -0.732421875 -2.197265625 891982
1.03759765625 1.40380859375 -0.244140625 891982
1.03759765625 1.40380859375 -0.244140625 891983
1.03759765625 1.40380859375 -0.244140625 891984
1.03759765625 1.40380859375 -0.244140625 891985
-2.3193359375 4.5166015625 0.42724609375 892085
-2.3193359375 4.5166015625 0.42724609375 892087
-2.3193359375 4.5166015625 0.42724609375 892088
-2.3193359375 4.5166015625 0.42724609375 892089
-2.3193359375 4.5166015625 0.42724609375 892188
-0.91552734375 0.06103515625 -1.220703125 892189
-0.91552734375 0.06103515625 -1.220703125 892190
-0.91552734375 0.06103515625 -1.220703125 892190
-0.91552734375 0.06103515625 -1.220703125 892191
-0.91552734375 0.06103515625 -1.220703125 892292
-0.9765625 -0.48828125 -0.79345703125 892293
-0.9765625 -0.48828125 -0.79345703125 892293
-0.9765625 -0.48828125 -0.79345703125 892294
-0.9765625 -0.48828125 -0.79345703125 892295
0.244140625 2.44140625 2.01416015625 892361
0.244140625 2.44140625 2.01416015625 892481
-1.708984375 3.11279296875 -0.48828125 892481
-1.708984375 3.11279296875 -0.48828125 892482
-1.708984375 3.11279296875 -0.48828125 892483
-1.708984375 3.11279296875 -0.48828125 892484
-1.708984375 3.11279296875 -0.48828125 892583
-2.99072265625 -3.90625 -3.47900390625 892584
-2.99072265625 -3.90625 -3.47900390625 892585
-2.99072265625 -3.90625 -3.47900390625 892586
-2.99072265625 -3.90625 -3.47900390625 892587
-2.99072265625 -3.90625 -3.47900390625 892685
0.1220703125 -2.01416015625 -4.82177734375 892686
0.1220703125 -2.01416015625 -4.82177734375 892687
0.1220703125 -2.01416015625 -4.82177734375 892688
0.1220703125 -2.01416015625 -4.82177734375 892688
0.1220703125 -2.01416015625 -4.82177734375 892787
2.01416015625 5.4931640625 1.64794921875 892788
2.01416015625 5.4931640625 1.64794921875 892788
2.01416015625 5.4931640625 1.64794921875 892789
2.01416015625 5.4931640625 1.64794921875 892790
2.01416015625 5.4931640625 1.64794921875 892890
-1.46484375 1.40380859375 0 892891
-1.46484375 1.40380859375 0 892892
-1.46484375 1.40380859375 0 892892
-1.46484375 1.40380859375 0 892893
4.08935546875 2.86865234375 -3.72314453125 892970
4.08935546875 2.86865234375 -3.72314453125 893083
1.5869140625 -0.67138671875 -2.5634765625 893084
1.5869140625 -0.67138671875 -2.5634765625 893085
1.5869140625 -0.67138671875 -2.5634765625 893086
1.5869140625 -0.67138671875 -2.5634765625 893086
1.5869140625 -0.67138671875 -2.5634765625 893188
0.79345703125 -0.54931640625 -1.46484375 893189
0.79345703125 -0.54931640625 -1.46484375 893190
0.79345703125 -0.54931640625 -1.46484375 893191
0.79345703125 -0.54931640625 -1.46484375 893192
0.79345703125 -0.54931640625 -1.46484375 893289
1.953125 0 4.94384765625 893290
1.953125 0 4.94384765625 893290
-2.5634765625 1.3427734375 -5.859375 893363
-2.5634765625 1.3427734375 -5.859375 893364
-2.5634765625 1.3427734375 -5.859375 893365
-2.5634765625 1.3427734375 -5.859375 893481
-3.0517578125 -0.9765625 0.3662109375 893482
-3.0517578125 -0.9765625 0.3662109375 893483
-3.0517578125 -0.9765625 0.3662109375 893483
-3.0517578125 -0.9765625 0.3662109375 893484
-3.0517578125 -0.9765625 0.3662109375 893587
-3.5400390625 2.0751953125 2.74658203125 893588
-3.5400390625 2.0751953125 2.74658203125 893588
-3.5400390625 2.0751953125 2.74658203125 893589
-3.5400390625 2.0751953125 2.74658203125 893590
-3.5400390625 2.0751953125 2.74658203125 893688
-5.06591796875 -1.708984375 -4.82177734375 893689
-5.06591796875 -1.708984375 -4.82177734375 893690
-5.06591796875 -1.708984375 -4.82177734375 893691
-5.06591796875 -1.708984375 -4.82177734375 893692
-5.06591796875 -1.708984375 -4.82177734375 893790
0.1220703125 1.77001953125 -7.080078125 893791
0.1220703125 1.77001953125 -7.080078125 893792
0.1220703125 1.77001953125 -7.080078125 893792
0.1220703125 1.77001953125 -7.080078125 893793
2.3193359375 1.15966796875 -4.7607421875 893860
2.3193359375 1.15966796875 -4.7607421875 893979
-1.89208984375 0.79345703125 -1.64794921875 893979
-1.89208984375 0.79345703125 -1.64794921875 893980
-1.89208984375 0.79345703125 -1.64794921875 893981
-1.89208984375 0.79345703125 -1.64794921875 893982
-1.89208984375 0.79345703125 -1.64794921875 894088
4.82177734375 2.13623046875 -0.42724609375 894090
4.82177734375 2.13623046875 -0.42724609375 894091
4.82177734375 2.13623046875 -0.42724609375 894092
4.82177734375 2.13623046875 -0.42724609375 894093
4.82177734375 2.13623046875 -0.42724609375 894190
-3.7841796875 -5.4931640625 0.30517578125 894191
-3.7841796875 -5.4931640625 0.30517578125 894191
-7.87353515625 2.0751953125 0.3662109375 894260
-7.87353515625 2.0751953125 0.3662109375 894261
-7.87353515625 2.0751953125 0.3662109375 894261
-7.87353515625 2.0751953125 0.3662109375 894377
-5.9814453125 1.953125 -2.25830078125 894378
-5.9814453125 1.953125 -2.25830078125 894379
-5.9814453125 1.953125 -2.25830078125 894380
-5.9814453125 1.953125 -2.25830078125 894381
-5.9814453125 1.953125 -2.25830078125 894482
-2.44140625 0.244140625 -3.173828125 894482
-2.44140625 0.244140625 -3.173828125 894483
-2.44140625 0.244140625 -3.173828125 894484
-2.44140625 0.244140625 -3.173828125 894485
-2.44140625 0.244140625 -3.173828125 894585
-0.30517578125 -0.9765625 -10.3759765625 894586
-0.30517578125 -0.9765625 -10.3759765625 894587
-0.30517578125 -0.9765625 -10.3759765625 894588
-0.30517578125 -0.9765625 -10.3759765625 894589
-0.30517578125 -0.9765625 -10.3759765625 894688
2.9296875 1.46484375 -2.685546875 894689
2.9296875 1.46484375 -2.685546875 894691
2.9296875 1.46484375 -2.685546875 894692
2.9296875 1.46484375 -2.685546875 894693
4.57763671875 6.7138671875 3.41796875 894764
4.57763671875 6.7138671875 3.41796875 894886
-2.44140625 -0.79345703125 -3.7841796875 894888
-2.44140625 -0.79345703125 -3.7841796875 894888
-2.44140625 -0.79345703125 -3.7841796875 894889
-2.44140625 -0.79345703125 -3.7841796875 894890
-2.44140625 -0.79345703125 -3.7841796875 894989
1.40380859375 -2.0751953125 -0.244140625 894990
1.40380859375 -2.0751953125 -0.244140625 894993
1.40380859375 -2.0751953125 -0.244140625 894994
1.40380859375 -2.0751953125 -0.244140625 894995
-3.7841796875 -2.5634765625 -0.18310546875 895061
-3.7841796875 -2.5634765625 -0.18310546875 895187
-0.54931640625 1.89208984375 -5.06591796875 895188
-0.54931640625 1.89208984375 -5.06591796875 895189
-0.54931640625 1.89208984375 -5.06591796875 895190
-0.54931640625 1.89208984375 -5.06591796875 895191
-0.54931640625 1.89208984375 -5.06591796875 895290
0.18310546875 1.03759765625 -7.62939453125 895291
0.18310546875 1.03759765625 -7.62939453125 895292
0.18310546875 1.03759765625 -7.62939453125 895293
0.18310546875 1.03759765625 -7.62939453125 895294
-0.732421875 2.44140625 -1.220703125 895360
-0.732421875 2.44140625 -1.220703125 895483
0.42724609375 1.0986328125 2.13623046875 895483
0.42724609375 1.0986328125 2.13623046875 895484
0.42724609375 1.0986328125 2.13623046875 895485
0.42724609375 1.0986328125 2.13623046875 895486
-0.18310546875 3.0517578125 -2.3193359375 895565
-0.18310546875 3.0517578125 -2.3193359375 895680
-1.46484375 0.67138671875 -3.84521484375 895681
-1.46484375 0.67138671875 -3.84521484375 895682
-1.46484375 0.67138671875 -3.84521484375 895683
-1.46484375 0.67138671875 -3.84521484375 895684
-1.46484375 0.67138671875 -3.84521484375 895786
0.79345703125 -1.03759765625 2.62451171875 895786
0.79345703125 -1.03759765625 2.62451171875 895787
0.79345703125 -1.03759765625 2.62451171875 895788
0.79345703125 -1.03759765625 2.62451171875 895789
0.79345703125 -1.03759765625 2.62451171875 895888
-0.732421875 0.30517578125 0.18310546875 895889
-0.732421875 0.30517578125 0.18310546875 895889
-0.732421875 0.30517578125 0.18310546875 895890
-0.732421875 0.30517578125 0.18310546875 895891
-0.732421875 0.30517578125 0.18310546875 895991
-2.3193359375 0.06103515625 -5.92041015625 895992
-2.3193359375 0.06103515625 -5.92041015625 895993
-2.3193359375 0.06103515625 -5.92041015625 895993
-2.3193359375 0.06103515625 -5.92041015625 895994
-0.54931640625 1.220703125 -9.765625 896061
-0.54931640625 1.220703125 -9.765625 896180
-6.65283203125 -2.197265625 -8.48388671875 896181
-6.65283203125 -2.197265625 -8.48388671875 896182
-6.65283203125 -2.197265625 -8.48388671875 896183
-6.65283203125 -2.197265625 -8.48388671875 896183
-6.65283203125 -2.197265625 -8.48388671875 896283
-1.64794921875 1.40380859375 -7.9345703125 896284
-1.64794921875 1.40380859375 -7.9345703125 896284
-1.64794921875 1.40380859375 -7.9345703125 896285
-1.64794921875 1.40380859375 -7.9345703125 896286
-1.64794921875 1.40380859375 -7.9345703125 896388
3.72314453125 0.91552734375 -8.1787109375 896389
3.72314453125 0.91552734375 -8.1787109375 896390
3.72314453125 0.91552734375 -8.1787109375 896391
3.72314453125 0.91552734375 -8.1787109375 896391
3.72314453125 0.91552734375 -8.1787109375 896490
-2.44140625 -2.50244140625 -16.41845703125 896491
-2.44140625 -2.50244140625 -16.41845703125 896492
-2.44140625 -2.50244140625 -16.41845703125 896493
-2.44140625 -2.50244140625 -16.41845703125 896494
5.4931640625 0.18310546875 -12.14599609375 896564
5.4931640625 0.18310546875 -12.14599609375 896686
0.6103515625 0.42724609375 -4.638671875 896687
0.6103515625 0.42724609375 -4.638671875 896688
0.6103515625 0.42724609375 -4.638671875 896689
0.6103515625 0.42724609375 -4.638671875 896690
0.6103515625 0.42724609375 -4.638671875 896789
0.91552734375 0.244140625 -13.3056640625 896790
0.91552734375 0.244140625 -13.3056640625 896790
0.91552734375 0.244140625 -13.3056640625 896791
0.91552734375 0.244140625 -13.3056640625 896792
0.91552734375 0.244140625 -13.3056640625 896891
1.64794921875 -3.72314453125 -6.4697265625 896893
1.64794921875 -3.72314453125 -6.4697265625 896894
1.64794921875 -3.72314453125 -6.4697265625 896896
1.64794921875 -3.72314453125 -6.4697265625 896896
-1.77001953125 -4.0283203125 -12.63427734375 896964
-1.77001953125 -4.0283203125 -12.63427734375 897085
0.1220703125 0.91552734375 -6.34765625 897086
0.1220703125 0.91552734375 -6.34765625 897087
0.1220703125 0.91552734375 -6.34765625 897088
0.1220703125 0.91552734375 -6.34765625 897088
0.1220703125 0.91552734375 -6.34765625 897199
1.3427734375 1.708984375 -7.26318359375 897200
1.3427734375 1.708984375 -7.26318359375 897201
1.3427734375 1.708984375 -7.26318359375 897202
1.3427734375 1.708984375 -7.26318359375 897203
0.42724609375 1.708984375 -8.6669921875 897290
0.42724609375 1.708984375 -8.6669921875 897364
5.2490234375 2.74658203125 -5.37109375 897366
5.2490234375 2.74658203125 -5.37109375 897366
5.2490234375 2.74658203125 -5.37109375 897367
5.2490234375 2.74658203125 -5.37109375 897368
5.2490234375 2.74658203125 -5.37109375 897484
0.06103515625 4.2724609375 -8.30078125 897485
0.06103515625 4.2724609375 -8.30078125 897487
0.06103515625 4.2724609375 -8.30078125 897488
0.06103515625 4.2724609375 -8.30078125 897489
-10.6201171875 1.64794921875 -3.662109375 897579
-10.6201171875 1.64794921875 -3.662109375 897668
2.25830078125 1.0986328125 -3.5400390625 897669
2.25830078125 1.0986328125 -3.5400390625 897669
2.25830078125 1.0986328125 -3.5400390625 897670
2.25830078125 1.0986328125 -3.5400390625 897671
2.25830078125 1.0986328125 -3.5400390625 897781
8.30078125 5.859375 -6.89697265625 897782
8.30078125 5.859375 -6.89697265625 897783
8.30078125 5.859375 -6.89697265625 897783
8.30078125 5.859375 -6.89697265625 897784
8.30078125 5.859375 -6.89697265625 897884
4.7607421875 5.06591796875 -7.75146484375 897885
4.7607421875 5.06591796875 -7.75146484375 897885
4.7607421875 5.06591796875 -7.75146484375 897886
4.7607421875 5.06591796875 -7.75146484375 897887
4.7607421875 5.06591796875 -7.75146484375 897986
6.04248046875 4.7607421875 -7.26318359375 897988
6.04248046875 4.7607421875 -7.26318359375 897989
6.04248046875 4.7607421875 -7.26318359375 897990
6.04248046875 4.7607421875 -7.26318359375 897991
6.04248046875 4.7607421875 -7.26318359375 898090
7.50732421875 15.5029296875 -3.11279296875 898090
7.50732421875 15.5029296875 -3.11279296875 898091
7.50732421875 15.5029296875 -3.11279296875 898092
7.50732421875 15.5029296875 -3.11279296875 898093
6.40869140625 19.1650390625 -1.0986328125 898164
6.40869140625 19.1650390625 -1.0986328125 898296
6.28662109375 27.16064453125 2.197265625 898297
6.28662109375 27.16064453125 2.197265625 898298
6.28662109375 27.16064453125 2.197265625 898302
6.28662109375 27.16064453125 2.197265625 898302
5.2490234375 1.46484375 11.962890625 898371
5.2490234375 1.46484375 11.962890625 898722
7.62939453125 10.55908203125 -0.244140625 898723
7.62939453125 10.55908203125 -0.244140625 898724
7.62939453125 10.55908203125 -0.244140625 898725
7.62939453125 10.55908203125 -0.244140625 898726
9.09423828125 31.55517578125 -6.40869140625 898738
18.5546875 72.6318359375 -25.69580078125 898739
5.4931640625 29.4189453125 -7.568359375 898813
5.4931640625 29.4189453125 -7.568359375 898884
-1.5869140625 -3.2958984375 2.5634765625 898885
-1.5869140625 -3.2958984375 2.5634765625 898886
-1.5869140625 -3.2958984375 2.5634765625 898886
-1.5869140625 -3.2958984375 2.5634765625 898887
-1.5869140625 -3.2958984375 2.5634765625 898991
8.97216796875 43.76220703125 -27.77099609375 898992
8.97216796875 43.76220703125 -27.77099609375 898993
8.97216796875 43.76220703125 -27.77099609375 898994
8.97216796875 43.76220703125 -27.77099609375 898995
9.3994140625 18.85986328125 -10.80322265625 899061
9.3994140625 18.85986328125 -10.80322265625 899180
4.57763671875 18.5546875 -0.3662109375 899181
4.57763671875 18.5546875 -0.3662109375 899181
4.57763671875 18.5546875 -0.3662109375 899182
4.57763671875 18.5546875 -0.3662109375 899183
4.57763671875 18.5546875 -0.3662109375 899283
2.13623046875 16.6015625 -7.568359375 899284
2.13623046875 16.6015625 -7.568359375 899285
2.13623046875 16.6015625 -7.568359375 899285
2.13623046875 16.6015625 -7.568359375 899286
2.13623046875 16.6015625 -7.568359375 899385
-1.28173828125 22.216796875 -4.8828125 899386
-1.28173828125 22.216796875 -4.8828125 899386
-1.28173828125 22.216796875 -4.8828125 899387
-1.28173828125 22.216796875 -4.8828125 899388
-1.28173828125 22.216796875 -4.8828125 899495
-12.20703125 -9.033203125 5.31005859375 899496
-12.20703125 -9.033203125 5.31005859375 899496
-12.20703125 -9.033203125 5.31005859375 899497
-12.20703125 -9.033203125 5.31005859375 899498
-6.8359375 -22.3388671875 6.40869140625 899591
-6.8359375 -22.3388671875 6.40869140625 899691
3.7841796875 17.333984375 -6.591796875 899692
3.7841796875 17.333984375 -6.591796875 899693
3.7841796875 17.333984375 -6.591796875 899694
3.7841796875 17.333984375 -6.591796875 899694
-7.080078125 -7.01904296875 -6.2255859375 899766
-7.080078125 -7.01904296875 -6.2255859375 899886
15.5029296875 90.88134765625 -25.7568359375 899887
15.5029296875 90.88134765625 -25.7568359375 899888
15.5029296875 90.88134765625 -25.7568359375 899888
15.5029296875 90.88134765625 -25.7568359375 899891
15.5029296875 90.88134765625 -25.7568359375 899988
1.64794921875 28.25927734375 -0.3662109375 899988
1.64794921875 28.25927734375 -0.3662109375 899989
1.64794921875 28.25927734375 -0.3662109375 899990
1.64794921875 28.25927734375 -0.3662109375 899990
1.64794921875 28.25927734375 -0.3662109375 900091
-3.72314453125 -2.685546875 1.15966796875 900092
-3.72314453125 -2.685546875 1.15966796875 900093
-3.72314453125 -2.685546875 1.15966796875 900094
-3.72314453125 -2.685546875 1.15966796875 900095
-3.72314453125 -2.685546875 1.15966796875 900193
-14.892578125 -57.12890625 19.8974609375 900195
-14.892578125 -57.12890625 19.8974609375 900196
-14.892578125 -57.12890625 19.8974609375 900197
-14.892578125 -57.12890625 19.8974609375 900197
0 -10.3759765625 -6.34765625 900262
0 -10.3759765625 -6.34765625 900380
4.7607421875 35.09521484375 -14.0380859375 900380
4.7607421875 35.09521484375 -14.0380859375 900381
4.7607421875 35.09521484375 -14.0380859375 900382
4.7607421875 35.09521484375 -14.0380859375 900383
4.7607421875 35.09521484375 -14.0380859375 900481
8.544921875 15.869140625 -16.2353515625 900482
8.544921875 15.869140625 -16.2353515625 900483
8.544921875 15.869140625 -16.2353515625 900483
8.544921875 15.869140625 -16.2353515625 900484
8.544921875 15.869140625 -16.2353515625 900585
5.43212890625 52.79541015625 -2.13623046875 900586
5.43212890625 52.79541015625 -2.13623046875 900586
5.43212890625 52.79541015625 -2.13623046875 900587
5.43212890625 52.79541015625 -2.13623046875 900588
5.43212890625 52.79541015625 -2.13623046875 900687
-7.14111328125 -24.2919921875 6.40869140625 900688
-7.14111328125 -24.2919921875 6.40869140625 900689
-7.14111328125 -24.2919921875 6.40869140625 900689
-7.14111328125 -24.2919921875 6.40869140625 900690
-7.14111328125 -24.2919921875 6.40869140625 900794
-4.7607421875 -7.080078125 2.197265625 900795
-4.7607421875 -7.080078125 2.197265625 900796
-4.7607421875 -7.080078125 2.197265625 900796
-4.7607421875 -7.080078125 2.197265625 900798
-4.2724609375 61.46240234375 -12.87841796875 900864
-4.2724609375 61.46240234375 -12.87841796875 900980
20.751953125 38.51318359375 -62.98828125 900981
20.751953125 38.51318359375 -62.98828125 900982
20.751953125 38.51318359375 -62.98828125 900983
20.751953125 38.51318359375 -62.98828125 900984
20.751953125 38.51318359375 -62.98828125 901109
0.06103515625 17.02880859375 11.41357421875 901110
0.06103515625 17.02880859375 11.41357421875 901111
0.06103515625 17.02880859375 11.41357421875 901112
0.06103515625 17.02880859375 11.41357421875 901112
-0.1220703125 -14.7705078125 -2.13623046875 901186
-0.1220703125 -14.7705078125 -2.13623046875 901288
0.1220703125 -17.9443359375 9.27734375 901289
0.1220703125 -17.9443359375 9.27734375 901290
0.1220703125 -17.9443359375 9.27734375 901290
0.1220703125 -17.9443359375 9.27734375 901291
0.1220703125 -17.9443359375 9.27734375 901397
-15.31982421875 -47.4853515625 2.685546875 901399
-15.31982421875 -47.4853515625 2.685546875 901400
-15.31982421875 -47.4853515625 2.685546875 901401
-15.31982421875 -47.4853515625 2.685546875 901402
-44.86083984375 -45.47119140625 -17.15087890625 901464
-44.86083984375 -45.47119140625 -17.15087890625 901581
-13.916015625 -34.7900390625 0 901581
-13.916015625 -34.7900390625 0 901582
-13.916015625 -34.7900390625 0 901583
-13.916015625 -34.7900390625 0 901583
-13.916015625 -34.7900390625 0 901684
-7.568359375 -40.6494140625 5.4931640625 901685
-7.568359375 -40.6494140625 5.4931640625 901685
-7.568359375 -40.6494140625 5.4931640625 901686
-7.568359375 -40.6494140625 5.4931640625 901687
-7.568359375 -40.6494140625 5.4931640625 901786
-13.61083984375 -21.42333984375 2.74658203125 901787
-13.61083984375 -21.42333984375 2.74658203125 901787
-13.61083984375 -21.42333984375 2.74658203125 901788
-13.61083984375 -21.42333984375 2.74658203125 901789
-13.61083984375 -21.42333984375 2.74658203125 901891
-26.18408203125 -8.7890625 6.89697265625 901892
-26.18408203125 -8.7890625 6.89697265625 901893
-26.18408203125 -8.7890625 6.89697265625 901894
-26.18408203125 -8.7890625 6.89697265625 901895
-11.53564453125 6.7138671875 14.7705078125 901991
-11.53564453125 6.7138671875 14.7705078125 902063
-3.5400390625 3.2958984375 6.53076171875 902064
-3.5400390625 3.2958984375 6.53076171875 902064
-3.5400390625 3.2958984375 6.53076171875 902065
-3.5400390625 3.2958984375 6.53076171875 902066
-3.5400390625 3.2958984375 6.53076171875 902200
2.5634765625 12.0849609375 21.1181640625 902200
2.5634765625 12.0849609375 21.1181640625 902201
2.5634765625 12.0849609375 21.1181640625 902202
2.5634765625 12.0849609375 21.1181640625 902202
11.23046875 14.83154296875 33.87451171875 902285
11.23046875 14.83154296875 33.87451171875 902387
7.75146484375 11.53564453125 5.4931640625 902388
7.75146484375 11.53564453125 5.4931640625 902389
7.75146484375 11.53564453125 5.4931640625 902389
7.75146484375 11.53564453125 5.4931640625 902390
7.75146484375 11.53564453125 5.4931640625 902491
1.953125 -6.103515625 1.0986328125 902492
1.953125 -6.103515625 1.0986328125 902494
1.953125 -6.103515625 1.0986328125 902494
1.953125 -6.103515625 1.0986328125 902496
6.9580078125 -21.1181640625 5.92041015625 902566
6.9580078125 -21.1181640625 5.92041015625 902692
9.33837890625 15.13671875 3.7841796875 902693
9.33837890625 15.13671875 3.7841796875 902695
9.33837890625 15.13671875 3.7841796875 902696
9.33837890625 15.13671875 3.7841796875 902697
1.40380859375 9.033203125 -2.01416015625 902788
1.40380859375 9.033203125 -2.01416015625 902894
8.056640625 29.4189453125 -10.80322265625 902895
8.056640625 29.4189453125 -10.80322265625 902896
8.056640625 29.4189453125 -10.80322265625 902897
8.056640625 29.4189453125 -10.80322265625 902897
1.15966796875 4.33349609375 8.23974609375 902968
1.15966796875 4.33349609375 8.23974609375 903102
-7.87353515625 -1.77001953125 -3.5400390625 903103
-7.87353515625 -1.77001953125 -3.5400390625 903103
-7.87353515625 -1.77001953125 -3.5400390625 903104
-7.87353515625 -1.77001953125 -3.5400390625 903105
5.67626953125 2.86865234375 1.953125 903182
5.67626953125 2.86865234375 1.953125 903282
-1.46484375 -0.67138671875 -1.5869140625 903283
-1.46484375 -0.67138671875 -1.5869140625 903284
-1.46484375 -0.67138671875 -1.5869140625 903285
-1.46484375 -0.67138671875 -1.5869140625 903286
-1.46484375 -0.67138671875 -1.5869140625 903385
0.18310546875 6.2255859375 4.33349609375 903386
0.18310546875 6.2255859375 4.33349609375 903387
0.18310546875 6.2255859375 4.33349609375 903387
0.18310546875 6.2255859375 4.33349609375 903388
-2.9296875 -3.72314453125 -3.173828125 903489
-2.9296875 -3.72314453125 -3.173828125 903490
-2.9296875 -3.72314453125 -3.173828125 903490
-2.9296875 -3.72314453125 -3.173828125 903491
-2.9296875 -3.72314453125 -3.173828125 903591
1.28173828125 -6.8359375 -3.11279296875 903593
1.28173828125 -6.8359375 -3.11279296875 903594
1.28173828125 -6.8359375 -3.11279296875 903595
1.28173828125 -6.8359375 -3.11279296875 903595
-4.638671875 -12.39013671875 -0.06103515625 903663
-4.638671875 -12.39013671875 -0.06103515625 903781
-8.7890625 -19.1650390625 -2.62451171875 903781
-8.7890625 -19.1650390625 -2.62451171875 903782
-8.7890625 -19.1650390625 -2.62451171875 903783
-8.7890625 -19.1650390625 -2.62451171875 903784
-8.7890625 -19.1650390625 -2.62451171875 903884
-11.41357421875 -62.56103515625 13.85498046875 903886
-11.41357421875 -62.56103515625 13.85498046875 903887
-11.41357421875 -62.56103515625 13.85498046875 903888
-11.41357421875 -62.56103515625 13.85498046875 903888
-7.75146484375 -20.99609375 -2.38037109375 903979
-7.75146484375 -20.99609375 -2.38037109375 904069
-4.33349609375 1.5869140625 -3.47900390625 904069
-4.33349609375 1.5869140625 -3.47900390625 904070
-4.33349609375 1.5869140625 -3.47900390625 904071
-4.33349609375 1.5869140625 -3.47900390625 904071
-4.33349609375 1.5869140625 -3.47900390625 904180
-0.30517578125 6.103515625 5.4931640625 904181
-0.30517578125 6.103515625 5.4931640625 904181
-0.30517578125 6.103515625 5.4931640625 904182
-0.30517578125 6.103515625 5.4931640625 904183
-0.30517578125 6.103515625 5.4931640625 904285
-0.732421875 -2.5634765625 -4.39453125 904286
-0.732421875 -2.5634765625 -4.39453125 904286
-0.732421875 -2.5634765625 -4.39453125 904287
-0.732421875 -2.5634765625 -4.39453125 904288
-8.4228515625 -13.5498046875 -2.99072265625 904388
-8.4228515625 -13.5498046875 -2.99072265625 904389
-8.4228515625 -13.5498046875 -2.99072265625 904390
-8.4228515625 -13.5498046875 -2.99072265625 904390
-8.4228515625 -13.5498046875 -2.99072265625 904493
-1.3427734375 14.6484375 -0.54931640625 904494
-1.3427734375 14.6484375 -0.54931640625 904495
-1.3427734375 14.6484375 -0.54931640625 904496
-1.3427734375 14.6484375 -0.54931640625 904497
4.94384765625 23.92578125 -5.859375 904564
4.94384765625 23.92578125 -5.859375 904682
-2.197265625 -10.92529296875 -6.77490234375 904683
-2.197265625 -10.92529296875 -6.77490234375 904684
-2.197265625 -10.92529296875 -6.77490234375 904684
-2.197265625 -10.92529296875 -6.77490234375 904685
-2.197265625 -10.92529296875 -6.77490234375 904785
-3.173828125 -4.39453125 -1.40380859375 904786
-3.173828125 -4.39453125 -1.40380859375 904787
-3.173828125 -4.39453125 -1.40380859375 904788
-3.173828125 -4.39453125 -1.40380859375 904788
-3.173828125 -4.39453125 -1.40380859375 904889
-2.62451171875 18.73779296875 -0.79345703125 904890
-2.62451171875 18.73779296875 -0.79345703125 904891
-2.62451171875 18.73779296875 -0.79345703125 904892
-2.62451171875 18.73779296875 -0.79345703125 904893
-2.62451171875 18.73779296875 -0.79345703125 904991
0.91552734375 -4.2724609375 -7.8125 904992
0.91552734375 -4.2724609375 -7.8125 904993
0.91552734375 -4.2724609375 -7.8125 904994
0.91552734375 -4.2724609375 -7.8125 904995
0.91552734375 -4.2724609375 -7.8125 905094
-2.99072265625 -8.23974609375 -2.62451171875 905096
-2.99072265625 -8.23974609375 -2.62451171875 905097
-2.99072265625 -8.23974609375 -2.62451171875 905098
-2.99072265625 -8.23974609375 -2.62451171875 905099
-2.25830078125 6.04248046875 -2.38037109375 905164
-2.25830078125 6.04248046875 -2.38037109375 905284
-6.4697265625 6.53076171875 13.00048828125 905284
-6.4697265625 6.53076171875 13.00048828125 905285
-6.4697265625 6.53076171875 13.00048828125 905286
-6.4697265625 6.53076171875 13.00048828125 905286
-6.4697265625 6.53076171875 13.00048828125 905387
-17.08984375 -77.880859375 22.0947265625 905388
-17.08984375 -77.880859375 22.0947265625 905389
-17.08984375 -77.880859375 22.0947265625 905390
-17.08984375 -77.880859375 22.0947265625 905390
-17.08984375 -77.880859375 22.0947265625 905489
-5.43212890625 -13.18359375 -1.0986328125 905490
-5.43212890625 -13.18359375 -1.0986328125 905491
-5.43212890625 -13.18359375 -1.0986328125 905492
-5.43212890625 -13.18359375 -1.0986328125 905493
-5.43212890625 -13.18359375 -1.0986328125 905593
-0.42724609375 -8.23974609375 -2.62451171875 905594
-0.42724609375 -8.23974609375 -2.62451171875 905595
-0.42724609375 -8.23974609375 -2.62451171875 905596
-0.42724609375 -8.23974609375 -2.62451171875 905597
-0.42724609375 -8.23974609375 -2.62451171875 905694
-1.64794921875 5.67626953125 -3.60107421875 905695
-1.64794921875 5.67626953125 -3.60107421875 905696
-1.64794921875 5.67626953125 -3.60107421875 905697
-1.64794921875 5.67626953125 -3.60107421875 905698
-0.6103515625 -0.48828125 -2.44140625 905765
-0.6103515625 -0.48828125 -2.44140625 905892
-8.23974609375 -24.5361328125 9.09423828125 905893
-8.23974609375 -24.5361328125 9.09423828125 905893
-8.23974609375 -24.5361328125 9.09423828125 905894
-8.23974609375 -24.5361328125 9.09423828125 905895
-3.72314453125 -7.75146484375 -3.35693359375 905989
-3.72314453125 -7.75146484375 -3.35693359375 906091
0.79345703125 6.2255859375 -11.77978515625 906092
0.79345703125 6.2255859375 -11.77978515625 906093
0.79345703125 6.2255859375 -11.77978515625 906093
0.79345703125 6.2255859375 -11.77978515625 906094
0.79345703125 6.2255859375 -11.77978515625 906195
-4.0283203125 -0.54931640625 1.8310546875 906196
-4.0283203125 -0.54931640625 1.8310546875 906196
-4.0283203125 -0.54931640625 1.8310546875 906197
-4.0283203125 -0.54931640625 1.8310546875 906198
-1.52587890625 0.18310546875 -2.685546875 906265
-1.52587890625 0.18310546875 -2.685546875 906383
1.28173828125 2.25830078125 -7.9345703125 906384
1.28173828125 2.25830078125 -7.9345703125 906384
1.28173828125 2.25830078125 -7.9345703125 906385
1.28173828125 2.25830078125 -7.9345703125 906386
1.28173828125 2.25830078125 -7.9345703125 906485
-1.77001953125 5.0048828125 -2.44140625 906485
-1.77001953125 5.0048828125 -2.44140625 906486
-1.77001953125 5.0048828125 -2.44140625 906487
-1.77001953125 5.0048828125 -2.44140625 906488
-1.77001953125 5.0048828125 -2.44140625 906588
-1.15966796875 2.197265625 1.5869140625 906589
-1.15966796875 2.197265625 1.5869140625 906590
-1.15966796875 2.197265625 1.5869140625 906591
-1.15966796875 2.197265625 1.5869140625 906592
-0.3662109375 1.8310546875 -1.64794921875 906682
-0.3662109375 1.8310546875 -1.64794921875 906767
-2.685546875 -1.3427734375 -7.9345703125 906768
-2.685546875 -1.3427734375 -7.9345703125 906769
-2.685546875 -1.3427734375 -7.9345703125 906770
-2.685546875 -1.3427734375 -7.9345703125 906772
-2.685546875 -1.3427734375 -7.9345703125 906886
-2.8076171875 0 4.150390625 906887
-2.8076171875 0 4.150390625 906888
-2.8076171875 0 4.150390625 906889
-2.8076171875 0 4.150390625 906889
-2.8076171875 0 4.150390625 906991
-1.40380859375 -0.06103515625 -5.126953125 906993
-1.40380859375 -0.06103515625 -5.126953125 906994
-1.40380859375 -0.06103515625 -5.126953125 906995
-1.40380859375 -0.06103515625 -5.126953125 906996
-0.6103515625 0.18310546875 -5.55419921875 907091
-0.6103515625 0.18310546875 -5.55419921875 907176
-0.06103515625 2.74658203125 -4.39453125 907176
-0.06103515625 2.74658203125 -4.39453125 907176
-0.06103515625 2.74658203125 -4.39453125 907177
-0.06103515625 2.74658203125 -4.39453125 907178
-0.42724609375 2.38037109375 -3.41796875 907263
-0.42724609375 2.38037109375 -3.41796875 907382
1.46484375 3.0517578125 -0.8544921875 907383
1.46484375 3.0517578125 -0.8544921875 907384
1.46484375 3.0517578125 -0.8544921875 907384
1.46484375 3.0517578125 -0.8544921875 907385
1.46484375 3.0517578125 -0.8544921875 907485
-1.0986328125 0.30517578125 -3.60107421875 907486
-1.0986328125 0.30517578125 -3.60107421875 907488
-1.0986328125 0.30517578125 -3.60107421875 907489
-1.0986328125 0.30517578125 -3.60107421875 907490
-1.0986328125 0.30517578125 -3.60107421875 907587
-2.0751953125 -0.9765625 -5.06591796875 907588
-2.0751953125 -0.9765625 -5.06591796875 907588
-2.0751953125 -0.9765625 -5.06591796875 907589
-2.0751953125 -0.9765625 -5.06591796875 907590
-2.0751953125 -0.9765625 -5.06591796875 907693
-0.9765625 1.5869140625 -2.5634765625 907694
-0.9765625 1.5869140625 -2.5634765625 907695
-0.9765625 1.5869140625 -2.5634765625 907696
-0.9765625 1.5869140625 -2.5634765625 907696
2.9296875 3.0517578125 -0.06103515625 907787
2.9296875 3.0517578125 -0.06103515625 907877
-3.0517578125 0.1220703125 -0.18310546875 907878
-3.0517578125 0.1220703125 -0.18310546875 907879
-3.0517578125 0.1220703125 -0.18310546875 907880
-3.0517578125 0.1220703125 -0.18310546875 907881
-3.0517578125 0.1220703125 -0.18310546875 907980
-0.3662109375 -5.18798828125 -3.35693359375 907981
-0.3662109375 -5.18798828125 -3.35693359375 907981
-0.3662109375 -5.18798828125 -3.35693359375 907982
-0.3662109375 -5.18798828125 -3.35693359375 907983
-0.3662109375 -5.18798828125 -3.35693359375 908086
1.0986328125 1.52587890625 -2.3193359375 908087
1.0986328125 1.52587890625 -2.3193359375 908088
1.0986328125 1.52587890625 -2.3193359375 908088
1.0986328125 1.52587890625 -2.3193359375 908089
0 3.35693359375 -2.197265625 908192
0 3.35693359375 -2.197265625 908193
0 3.35693359375 -2.197265625 908194
0 3.35693359375 -2.197265625 908194
0 3.35693359375 -2.197265625 908294
-0.8544921875 2.0751953125 -4.0283203125 908295
-0.8544921875 2.0751953125 -4.0283203125 908296
-0.8544921875 2.0751953125 -4.0283203125 908299
-0.8544921875 2.0751953125 -4.0283203125 908300
-0.8544921875 0.79345703125 -1.3427734375 908365
-0.8544921875 0.79345703125 -1.3427734375 908489
-0.244140625 0.6103515625 -2.62451171875 908490
-0.244140625 0.6103515625 -2.62451171875 908490
-0.244140625 0.6103515625 -2.62451171875 908491
-0.244140625 0.6103515625 -2.62451171875 908492
-0.244140625 0.6103515625 -2.62451171875 908594
0.1220703125 2.3193359375 -3.5400390625 908595
0.1220703125 2.3193359375 -3.5400390625 908596
0.1220703125 2.3193359375 -3.5400390625 908597
0.1220703125 2.3193359375 -3.5400390625 908598
0.1220703125 2.3193359375 -3.5400390625 908694
-0.30517578125 3.35693359375 -1.89208984375 908695
-0.30517578125 3.35693359375 -1.89208984375 908696
-0.30517578125 3.35693359375 -1.89208984375 908697
-0.30517578125 3.35693359375 -1.89208984375 908697
-3.47900390625 -1.220703125 -2.8076171875 908768
-3.47900390625 -1.220703125 -2.8076171875 908889
-1.03759765625 -2.01416015625 -4.08935546875 908890
-1.03759765625 -2.01416015625 -4.08935546875 908891
-1.03759765625 -2.01416015625 -4.08935546875 908892
-1.03759765625 -2.01416015625 -4.08935546875 908892
-1.03759765625 -2.01416015625 -4.08935546875 908990
-1.40380859375 1.220703125 -3.173828125 908991
-1.40380859375 1.220703125 -3.173828125 908992
-1.40380859375 1.220703125 -3.173828125 908992
-1.40380859375 1.220703125 -3.173828125 908993
-1.40380859375 1.220703125 -3.173828125 909096
-0.6103515625 1.64794921875 -1.220703125 909097
-0.6103515625 1.64794921875 -1.220703125 909098
-0.6103515625 1.64794921875 -1.220703125 909099
-0.6103515625 1.64794921875 -1.220703125 909099
-0.79345703125 1.52587890625 -1.8310546875 909193
-0.79345703125 1.52587890625 -1.8310546875 909297
0.18310546875 1.28173828125 -3.11279296875 909298
0.18310546875 1.28173828125 -3.11279296875 909299
0.18310546875 1.28173828125 -3.11279296875 909300
0.18310546875 1.28173828125 -3.11279296875 909301
2.01416015625 3.0517578125 -5.126953125 909365
2.01416015625 3.0517578125 -5.126953125 909485
-0.732421875 2.685546875 -0.732421875 909486
-0.732421875 2.685546875 -0.732421875 909487
-0.732421875 2.685546875 -0.732421875 909488
-0.732421875 2.685546875 -0.732421875 909488
-0.732421875 2.685546875 -0.732421875 909597
-1.15966796875 1.40380859375 -0.79345703125 909598
-1.15966796875 1.40380859375 -0.79345703125 909599
-1.15966796875 1.40380859375 -0.79345703125 909600
-1.15966796875 1.40380859375 -0.79345703125 909601
0 -0.79345703125 -4.638671875 909692
0 -0.79345703125 -4.638671875 909795
-1.40380859375 0.6103515625 -2.8076171875 909796
-1.40380859375 0.6103515625 -2.8076171875 909797
-1.40380859375 0.6103515625 -2.8076171875 909798
-1.40380859375 0.6103515625 -2.8076171875 909799
-1.28173828125 2.197265625 -2.62451171875 909867
-1.28173828125 2.197265625 -2.62451171875 909988
0.6103515625 1.953125 -2.50244140625 909989
0.6103515625 1.953125 -2.50244140625 909989
0.6103515625 1.953125 -2.50244140625 909990
0.6103515625 1.953125 -2.50244140625 909991
0.6103515625 1.953125 -2.50244140625 910088
-1.77001953125 -0.54931640625 -1.03759765625 910089
-1.77001953125 -0.54931640625 -1.03759765625 910089
-1.77001953125 -0.54931640625 -1.03759765625 910090
-1.77001953125 -0.54931640625 -1.03759765625 910091
-1.77001953125 -0.54931640625 -1.03759765625 910192
-0.30517578125 1.5869140625 -5.06591796875 910193
-0.30517578125 1.5869140625 -5.06591796875 910194
-0.30517578125 1.5869140625 -5.06591796875 910194
-0.30517578125 1.5869140625 -5.06591796875 910195
-0.30517578125 1.5869140625 -5.06591796875 910292
-1.52587890625 1.64794921875 -2.38037109375 910293
-1.52587890625 1.64794921875 -2.38037109375 910293
-1.03759765625 0.9765625 -0.3662109375 910375
-1.03759765625 0.9765625 -0.3662109375 910376
-1.03759765625 0.9765625 -0.3662109375 910377
-1.03759765625 0.9765625 -0.3662109375 910494
-2.99072265625 -2.44140625 -2.86865234375 910495
-2.99072265625 -2.44140625 -2.86865234375 910496
-2.99072265625 -2.44140625 -2.86865234375 910497
-2.99072265625 -2.44140625 -2.86865234375 910497
-0.30517578125 0.732421875 -1.64794921875 910567
-0.30517578125 0.732421875 -1.64794921875 910688
-1.953125 2.5634765625 -1.52587890625 910689
-1.953125 2.5634765625 -1.52587890625 910690
-1.953125 2.5634765625 -1.52587890625 910691
-1.953125 2.5634765625 -1.52587890625 910692
-1.953125 2.5634765625 -1.52587890625 910788
-2.25830078125 -3.23486328125 0.30517578125 910789
-2.25830078125 -3.23486328125 0.30517578125 910790
-2.25830078125 -3.23486328125 0.30517578125 910790
-2.25830078125 -3.23486328125 0.30517578125 910891
-1.3427734375 -0.9765625 -3.96728515625 910892
-1.3427734375 -0.9765625 -3.96728515625 910893
-1.3427734375 -0.9765625 -3.96728515625 910894
-1.3427734375 -0.9765625 -3.96728515625 910894
-1.3427734375 -0.9765625 -3.96728515625 910994
3.60107421875 1.89208984375 -4.94384765625 910995
3.60107421875 1.89208984375 -4.94384765625 910995
3.60107421875 1.89208984375 -4.94384765625 910996
3.60107421875 1.89208984375 -4.94384765625 910996
3.60107421875 1.89208984375 -4.94384765625 911103
-1.89208984375 2.44140625 -1.15966796875 911104
-1.89208984375 2.44140625 -1.15966796875 911105
-1.89208984375 2.44140625 -1.15966796875 911106
-1.89208984375 2.44140625 -1.15966796875 911107
-2.13623046875 1.77001953125 -2.685546875 911168
-2.13623046875 1.77001953125 -2.685546875 911289
0.18310546875 -0.67138671875 -0.54931640625 911290
0.18310546875 -0.67138671875 -0.54931640625 911290
0.18310546875 -0.67138671875 -0.54931640625 911291
0.18310546875 -0.67138671875 -0.54931640625 911292
0.18310546875 -0.67138671875 -0.54931640625 911391
-3.2958984375 -1.64794921875 -4.21142578125 911392
-3.2958984375 -1.64794921875 -4.21142578125 911392
-3.2958984375 -1.64794921875 -4.21142578125 911393
-3.2958984375 -1.64794921875 -4.21142578125 911394
-3.2958984375 -1.64794921875 -4.21142578125 911494
3.11279296875 3.72314453125 -2.8076171875 911495
3.11279296875 3.72314453125 -2.8076171875 911495
3.11279296875 3.72314453125 -2.8076171875 911496
3.11279296875 3.72314453125 -2.8076171875 911496
3.11279296875 3.72314453125 -2.8076171875 911596
0.30517578125 0.30517578125 0.18310546875 911597
0.30517578125 0.30517578125 0.18310546875 911598
0.30517578125 0.30517578125 0.18310546875 911598
0.30517578125 0.30517578125 0.18310546875 911599
-0.79345703125 0.91552734375 -1.89208984375 911667
-0.79345703125 0.91552734375 -1.89208984375 911787
-0.8544921875 0.54931640625 -1.3427734375 911788
-0.8544921875 0.54931640625 -1.3427734375 911789
-0.8544921875 0.54931640625 -1.3427734375 911790
-0.8544921875 0.54931640625 -1.3427734375 911791
0.06103515625 -0.1220703125 -1.89208984375 911886
0.06103515625 -0.1220703125 -1.89208984375 911989
0.244140625 0.8544921875 -2.99072265625 911990
0.244140625 0.8544921875 -2.99072265625 911991
0.244140625 0.8544921875 -2.99072265625 911991
0.244140625 0.8544921875 -2.99072265625 911992
0.244140625 0.8544921875 -2.99072265625 912094
-0.48828125 0 0.6103515625 912095
-0.48828125 0 0.6103515625 912095
-0.48828125 0 0.6103515625 912096
-0.48828125 0 0.6103515625 912097
-0.48828125 0 0.6103515625 912197
-1.0986328125 0 0 912199
-1.0986328125 0 0 912200
-1.0986328125 0 0 912200
-1.0986328125 0 0 912202
-2.8076171875 0.54931640625 -2.685546875 912267
-2.8076171875 0.54931640625 -2.685546875 912387
-0.9765625 -0.30517578125 -4.45556640625 912388
-0.9765625 -0.30517578125 -4.45556640625 912389
-0.9765625 -0.30517578125 -4.45556640625 912390
-0.9765625 -0.30517578125 -4.45556640625 912391
-0.9765625 -0.30517578125 -4.45556640625 912492
1.52587890625 -0.42724609375 -3.72314453125 912493
1.52587890625 -0.42724609375 -3.72314453125 912494
1.52587890625 -0.42724609375 -3.72314453125 912494
1.52587890625 -0.42724609375 -3.72314453125 912495
1.52587890625 -0.42724609375 -3.72314453125 912601
-1.953125 0.67138671875 -1.3427734375 912602
-1.953125 0.67138671875 -1.3427734375 912603
-1.953125 0.67138671875 -1.3427734375 912604
-1.953125 0.67138671875 -1.3427734375 912605
-4.21142578125 0.6103515625 0.67138671875 912665
-4.21142578125 0.6103515625 0.67138671875 912784
-4.150390625 -1.40380859375 -0.3662109375 912785
-4.150390625 -1.40380859375 -0.3662109375 912786
-4.150390625 -1.40380859375 -0.3662109375 912786
-4.150390625 -1.40380859375 -0.3662109375 912787
-4.150390625 -1.40380859375 -0.3662109375 912892
-0.91552734375 -0.9765625 -4.2724609375 912893
-0.91552734375 -0.9765625 -4.2724609375 912894
-0.91552734375 -0.9765625 -4.2724609375 912895
-0.91552734375 -0.9765625 -4.2724609375 912896
-0.91552734375 -0.9765625 -4.2724609375 912993
2.3193359375 2.74658203125 -3.60107421875 912994
2.3193359375 2.74658203125 -3.60107421875 912995
2.3193359375 2.74658203125 -3.60107421875 912996
2.3193359375 2.74658203125 -3.60107421875 912996
2.3193359375 2.74658203125 -3.60107421875 913096
-0.8544921875 1.77001953125 0.30517578125 913096
-0.8544921875 1.77001953125 0.30517578125 913097
-0.8544921875 1.77001953125 0.30517578125 913098
-0.8544921875 1.77001953125 0.30517578125 913099
-1.64794921875 0.6103515625 -1.46484375 913166
-1.64794921875 0.6103515625 -1.46484375 913286
0.42724609375 1.03759765625 -0.42724609375 913287
0.42724609375 1.03759765625 -0.42724609375 913288
0.42724609375 1.03759765625 -0.42724609375 913289
0.42724609375 1.03759765625 -0.42724609375 913290
0.42724609375 1.03759765625 -0.42724609375 913395
-0.18310546875 1.3427734375 -4.33349609375 913396
-0.18310546875 1.3427734375 -4.33349609375 913397
-0.18310546875 1.3427734375 -4.33349609375 913398
-0.18310546875 1.3427734375 -4.33349609375 913399
0.30517578125 2.197265625 -3.47900390625 913491
0.30517578125 2.197265625 -3.47900390625 913593
-0.30517578125 1.708984375 -2.50244140625 913594
-0.30517578125 1.708984375 -2.50244140625 913595
-0.30517578125 1.708984375 -2.50244140625 913596
-0.30517578125 1.708984375 -2.50244140625 913597
-0.30517578125 1.708984375 -2.50244140625 913698
-2.01416015625 -1.46484375 -2.50244140625 913699
-2.01416015625 -1.46484375 -2.50244140625 913701
-2.01416015625 -1.46484375 -2.50244140625 913702
-2.01416015625 -1.46484375 -2.50244140625 913702
-0.79345703125 1.89208984375 -2.197265625 913768
-0.79345703125 1.89208984375 -2.197265625 913887
-1.64794921875 0.67138671875 -2.13623046875 913888
-1.64794921875 0.67138671875 -2.13623046875 913889
-1.64794921875 0.67138671875 -2.13623046875 913889
-1.64794921875 0.67138671875 -2.13623046875 913890
-1.64794921875 0.67138671875 -2.13623046875 913991
-1.03759765625 0.6103515625 -3.96728515625 913992
-1.03759765625 0.6103515625 -3.96728515625 913993
-1.03759765625 0.6103515625 -3.96728515625 913993
-1.03759765625 0.6103515625 -3.96728515625 913994
-1.03759765625 0.6103515625 -3.96728515625 914093
-0.244140625 -0.06103515625 -2.25830078125 914094
-0.244140625 -0.06103515625 -2.25830078125 914094
-0.244140625 -0.06103515625 -2.25830078125 914095
-0.244140625 -0.06103515625 -2.25830078125 914096
-1.708984375 -0.67138671875 -2.99072265625 914192
-1.708984375 -0.67138671875 -2.99072265625 914265
-1.64794921875 -0.1220703125 -1.0986328125 914266
-1.64794921875 -0.1220703125 -1.0986328125 914267
-1.64794921875 -0.1220703125 -1.0986328125 914269
-1.64794921875 -0.1220703125 -1.0986328125 914271
-1.64794921875 -0.1220703125 -1.0986328125 914383
-2.50244140625 -0.91552734375 -1.77001953125 914385
-2.50244140625 -0.91552734375 -1.77001953125 914385
-2.50244140625 -0.91552734375 -1.77001953125 914388
-2.50244140625 -0.91552734375 -1.77001953125 914389
-2.50244140625 -0.91552734375 -1.77001953125 914487
-4.39453125 0.9765625 -2.99072265625 914488
-4.39453125 0.9765625 -2.99072265625 914489
-4.39453125 0.9765625 -2.99072265625 914489
-4.39453125 0.9765625 -2.99072265625 914490
-4.39453125 0.9765625 -2.99072265625 914590
-1.46484375 -0.06103515625 -1.15966796875 914590
-1.46484375 -0.06103515625 -1.15966796875 914591
-1.46484375 -0.06103515625 -1.15966796875 914592
-1.46484375 -0.06103515625 -1.15966796875 914592
-1.46484375 -0.06103515625 -1.15966796875 914690
-0.54931640625 -0.67138671875 -4.21142578125 914691
-0.54931640625 -0.67138671875 -4.21142578125 914691
-0.54931640625 -0.67138671875 -4.21142578125 914692
-0.54931640625 -0.67138671875 -4.21142578125 914693
-0.54931640625 -0.67138671875 -4.21142578125 914795
-0.1220703125 0.67138671875 -4.2724609375 914796
-0.1220703125 0.67138671875 -4.2724609375 914797
-0.1220703125 0.67138671875 -4.2724609375 914798
-0.1220703125 0.67138671875 -4.2724609375 914799
-0.1220703125 0.67138671875 -4.2724609375 914897
-2.685546875 0.3662109375 -0.9765625 914898
-2.685546875 0.3662109375 -0.9765625 914899
-2.685546875 0.3662109375 -0.9765625 914900
-2.685546875 0.3662109375 -0.9765625 914901
-2.01416015625 -0.9765625 -0.732421875 914968
-2.01416015625 -0.9765625 -0.732421875 915089
-0.6103515625 -1.3427734375 -3.662109375 915089
-0.6103515625 -1.3427734375 -3.662109375 915090
-0.6103515625 -1.3427734375 -3.662109375 915091
-0.6103515625 -1.3427734375 -3.662109375 915092
-1.03759765625 0.6103515625 -1.28173828125 915188
-1.03759765625 0.6103515625 -1.28173828125 915292
-2.13623046875 -0.1220703125 -2.13623046875 915293
-2.13623046875 -0.1220703125 -2.13623046875 915293
-2.13623046875 -0.1220703125 -2.13623046875 915294
-2.13623046875 -0.1220703125 -2.13623046875 915295
-2.13623046875 -0.1220703125 -2.13623046875 915394
0.244140625 -0.79345703125 -3.60107421875 915395
0.244140625 -0.79345703125 -3.60107421875 915396
0.244140625 -0.79345703125 -3.60107421875 915396
0.244140625 -0.79345703125 -3.60107421875 915397
0.244140625 -0.79345703125 -3.60107421875 915496
-0.67138671875 -0.3662109375 -1.89208984375 915496
-0.67138671875 -0.3662109375 -1.89208984375 915497
-0.67138671875 -0.3662109375 -1.89208984375 915498
-0.67138671875 -0.3662109375 -1.89208984375 915498
-0.79345703125 0.91552734375 -1.708984375 915590
-0.79345703125 0.91552734375 -1.708984375 915692
-0.3662109375 0.8544921875 -1.03759765625 915695
-0.3662109375 0.8544921875 -1.03759765625 915695
-0.3662109375 0.8544921875 -1.03759765625 915696
-0.3662109375 0.8544921875 -1.03759765625 915697
-0.3662109375 0.8544921875 -1.03759765625 915796
0.30517578125 0.1220703125 -3.41796875 915797
0.30517578125 0.1220703125 -3.41796875 915798
0.30517578125 0.1220703125 -3.41796875 915798
0.30517578125 0.1220703125 -3.41796875 915799
0.30517578125 0.1220703125 -3.41796875 915897
1.28173828125 1.46484375 0.30517578125 915900
1.28173828125 1.46484375 0.30517578125 915901
1.28173828125 1.46484375 0.30517578125 915902
1.28173828125 1.46484375 0.30517578125 915902
-0.8544921875 0.54931640625 -2.3193359375 915968
-0.8544921875 0.54931640625 -2.3193359375 916087
-0.54931640625 -0.79345703125 -2.38037109375 916088
-0.54931640625 -0.79345703125 -2.38037109375 916089
-0.54931640625 -0.79345703125 -2.38037109375 916089
-0.54931640625 -0.79345703125 -2.38037109375 916090
-0.54931640625 -0.79345703125 -2.38037109375 916191
-1.5869140625 -0.6103515625 -2.13623046875 916192
-1.5869140625 -0.6103515625 -2.13623046875 916193
-1.5869140625 -0.6103515625 -2.13623046875 916194
-1.5869140625 -0.6103515625 -2.13623046875 916194
-1.5869140625 -0.6103515625 -2.13623046875 916297
-1.708984375 -0.06103515625 -2.38037109375 916298
-1.708984375 -0.06103515625 -2.38037109375 916299
-1.708984375 -0.06103515625 -2.38037109375 916300
-1.708984375 -0.06103515625 -2.38037109375 916300
0.6103515625 0.6103515625 -1.46484375 916368
0.6103515625 0.6103515625 -1.46484375 916489
0.244140625 1.220703125 -3.23486328125 916491
0.244140625 1.220703125 -3.23486328125 916492
0.244140625 1.220703125 -3.23486328125 916493
0.244140625 1.220703125 -3.23486328125 916494
0.244140625 1.220703125 -3.23486328125 916593
-0.732421875 0.18310546875 -1.953125 916593
-0.732421875 0.18310546875 -1.953125 916594
-0.732421875 0.18310546875 -1.953125 916595
-0.732421875 0.18310546875 -1.953125 916596
-0.732421875 0.18310546875 -1.953125 916695
0.1220703125 0.54931640625 -3.173828125 916696
0.1220703125 0.54931640625 -3.173828125 916697
0.1220703125 0.54931640625 -3.173828125 916697
0.1220703125 0.54931640625 -3.173828125 916698
0.1220703125 0.54931640625 -3.173828125 916799
-1.5869140625 0 0.30517578125 916800
-1.5869140625 0 0.30517578125 916801
-1.5869140625 0 0.30517578125 916801
-1.5869140625 0 0.30517578125 916802
-2.44140625 -0.244140625 -3.11279296875 916873
-2.44140625 -0.244140625 -3.11279296875 916990
-0.48828125 0.67138671875 -1.77001953125 916991
-0.48828125 0.67138671875 -1.77001953125 916992
-0.48828125 0.67138671875 -1.77001953125 916993
-0.48828125 0.67138671875 -1.77001953125 916994
-0.48828125 0.67138671875 -1.77001953125 917090
-0.48828125 1.40380859375 0.06103515625 917091
-0.48828125 1.40380859375 0.06103515625 917091
-0.48828125 1.40380859375 0.06103515625 917192
-1.03759765625 1.220703125 -4.69970703125 917193
-1.03759765625 1.220703125 -4.69970703125 917194
-1.03759765625 1.220703125 -4.69970703125 917195
-1.03759765625 1.220703125 -4.69970703125 917196
-1.03759765625 1.220703125 -4.69970703125 917297
-0.3662109375 1.220703125 -6.103515625 917297
-0.3662109375 1.220703125 -6.103515625 917298
-0.3662109375 1.220703125 -6.103515625 917299
-0.3662109375 1.220703125 -6.103515625 917299
-2.5634765625 3.0517578125 -0.244140625 917369
-2.5634765625 3.0517578125 -0.244140625 917490
-1.708984375 2.0751953125 3.47900390625 917491
-1.708984375 2.0751953125 3.47900390625 917491
-1.708984375 2.0751953125 3.47900390625 917492
-1.708984375 2.0751953125 3.47900390625 917493
-2.25830078125 -0.732421875 -3.41796875 917593
-2.25830078125 -0.732421875 -3.41796875 917594
-2.25830078125 -0.732421875 -3.41796875 917595
-2.25830078125 -0.732421875 -3.41796875 917596
-2.25830078125 -0.732421875 -3.41796875 917695
0.06103515625 -1.3427734375 -3.5400390625 917696
0.06103515625 -1.3427734375 -3.5400390625 917697
0.06103515625 -1.3427734375 -3.5400390625 917697
0.06103515625 -1.3427734375 -3.5400390625 917698
0.79345703125 1.15966796875 -3.90625 917771
0.79345703125 1.15966796875 -3.90625 917892
-1.15966796875 1.220703125 0.244140625 917893
-1.15966796875 1.220703125 0.244140625 917894
-1.15966796875 1.220703125 0.244140625 917895
-1.15966796875 1.220703125 0.244140625 917896
-2.74658203125 2.0751953125 -5.2490234375 917994
-2.74658203125 2.0751953125 -5.2490234375 917996
-2.74658203125 2.0751953125 -5.2490234375 917996
-2.74658203125 2.0751953125 -5.2490234375 917997
-2.74658203125 2.0751953125 -5.2490234375 918090
0 1.52587890625 -2.01416015625 918091
-0.732421875 0.42724609375 -1.89208984375 918193
-0.732421875 0.42724609375 -1.89208984375 918194
-0.732421875 0.42724609375 -1.89208984375 918195
-0.732421875 0.42724609375 -1.89208984375 918195
-0.732421875 0.42724609375 -1.89208984375 918295
-1.89208984375 -0.54931640625 -3.7841796875 918296
-1.89208984375 -0.54931640625 -3.7841796875 918297
-1.89208984375 -0.54931640625 -3.7841796875 918298
-1.89208984375 -0.54931640625 -3.7841796875 918299
-1.89208984375 -0.54931640625 -3.7841796875 918396
-0.79345703125 0.6103515625 -6.103515625 918397
-0.79345703125 0.6103515625 -6.103515625 918397
-0.79345703125 0.6103515625 -6.103515625 918398
-0.79345703125 0.6103515625 -6.103515625 918399
-1.40380859375 1.5869140625 -3.2958984375 918469
-1.40380859375 1.5869140625 -3.2958984375 918589
-6.89697265625 -9.46044921875 -5.43212890625 918590
-6.89697265625 -9.46044921875 -5.43212890625 918591
-6.89697265625 -9.46044921875 -5.43212890625 918591
-6.89697265625 -9.46044921875 -5.43212890625 918592
-6.89697265625 -9.46044921875 -5.43212890625 918695
-10.92529296875 -17.2119140625 -10.8642578125 918696
-10.92529296875 -17.2119140625 -10.8642578125 918697
-10.92529296875 -17.2119140625 -10.8642578125 918697
-10.92529296875 -17.2119140625 -10.8642578125 918698
-6.4697265625 2.5634765625 -19.8974609375 918790
-6.4697265625 2.5634765625 -19.8974609375 918893
-6.591796875 1.03759765625 -15.5029296875 918894
-6.591796875 1.03759765625 -15.5029296875 918894
-6.591796875 1.03759765625 -15.5029296875 918895
-6.591796875 1.03759765625 -15.5029296875 918896
-1.40380859375 6.7138671875 -22.5830078125 918990
-1.40380859375 6.7138671875 -22.5830078125 919071
12.6953125 34.5458984375 -24.23095703125 919072
12.6953125 34.5458984375 -24.23095703125 919073
12.6953125 34.5458984375 -24.23095703125 919073
12.6953125 34.5458984375 -24.23095703125 919075
12.6953125 34.5458984375 -24.23095703125 919180
13.5498046875 41.015625 -22.03369140625 919181
13.5498046875 41.015625 -22.03369140625 919182
13.5498046875 41.015625 -22.03369140625 919183
13.5498046875 41.015625 -22.03369140625 919184
13.5498046875 41.015625 -22.03369140625 919291
2.5634765625 3.84521484375 3.662109375 919292
2.5634765625 3.84521484375 3.662109375 919293
2.5634765625 3.84521484375 3.662109375 919293
2.5634765625 3.84521484375 3.662109375 919294
2.5634765625 3.84521484375 3.662109375 919394
0.18310546875 -0.1220703125 14.22119140625 919395
0.18310546875 -0.1220703125 14.22119140625 919395
0.18310546875 -0.1220703125 14.22119140625 919396
0.18310546875 -0.1220703125 14.22119140625 919397
0.18310546875 -0.1220703125 14.22119140625 919495
-1.64794921875 10.1318359375 8.7890625 919496
-1.64794921875 10.1318359375 8.7890625 919498
-1.64794921875 10.1318359375 8.7890625 919498
-1.64794921875 10.1318359375 8.7890625 919499
-1.64794921875 10.1318359375 8.7890625 919599
31.79931640625 101.9287109375 -38.6962890625 919600
31.79931640625 101.9287109375 -38.6962890625 919601
31.79931640625 101.9287109375 -38.6962890625 919602
31.79931640625 101.9287109375 -38.6962890625 919603
38.330078125 126.40380859375 -40.22216796875 919668
38.330078125 126.40380859375 -40.22216796875 919789
27.89306640625 111.4501953125 -23.0712890625 919791
27.89306640625 111.4501953125 -23.0712890625 919791
27.89306640625 111.4501953125 -23.0712890625 919792
27.89306640625 111.4501953125 -23.0712890625 919793
27.89306640625 111.4501953125 -23.0712890625 919891
9.6435546875 39.61181640625 3.2958984375 919892
9.6435546875 39.61181640625 3.2958984375 919893
9.6435546875 39.61181640625 3.2958984375 919894
9.6435546875 39.61181640625 3.2958984375 919894
9.6435546875 39.61181640625 3.2958984375 919992
-0.79345703125 -6.8359375 15.2587890625 919993
-0.79345703125 -6.8359375 15.2587890625 919994
-0.79345703125 -6.8359375 15.2587890625 919996
-0.79345703125 -6.8359375 15.2587890625 919997
-0.79345703125 -6.8359375 15.2587890625 920095
-28.076171875 -75.13427734375 11.1083984375 920096
-28.076171875 -75.13427734375 11.1083984375 920097
-28.076171875 -75.13427734375 11.1083984375 920097
-28.076171875 -75.13427734375 11.1083984375 920098
-28.076171875 -75.13427734375 11.1083984375 920237
-20.99609375 -48.583984375 4.21142578125 920238
-20.99609375 -48.583984375 4.21142578125 920239
-20.99609375 -48.583984375 4.21142578125 920239
-20.99609375 -48.583984375 4.21142578125 920240
-10.80322265625 -14.404296875 2.62451171875 920291
-10.80322265625 -14.404296875 2.62451171875 920390
-7.01904296875 -16.05224609375 1.5869140625 920392
-7.01904296875 -16.05224609375 1.5869140625 920393
-7.01904296875 -16.05224609375 1.5869140625 920393
-7.01904296875 -16.05224609375 1.5869140625 920419
-7.01904296875 -16.05224609375 1.5869140625 920490
-4.8828125 0 -4.45556640625 920491
-4.8828125 0 -4.45556640625 920600
-5.7373046875 -7.32421875 -9.33837890625 920601
-5.7373046875 -7.32421875 -9.33837890625 920602
-5.7373046875 -7.32421875 -9.33837890625 920603
-5.7373046875 -7.32421875 -9.33837890625 920603
0.42724609375 -40.34423828125 10.3759765625 920697
0.42724609375 -40.34423828125 10.3759765625 920769
-18.310546875 -32.470703125 -6.04248046875 920770
-18.310546875 -32.470703125 -6.04248046875 920770
-18.310546875 -32.470703125 -6.04248046875 920771
-18.310546875 -32.470703125 -6.04248046875 920772
-18.310546875 -32.470703125 -6.04248046875 920886
-26.123046875 -46.69189453125 10.3759765625 920887
-26.123046875 -46.69189453125 10.3759765625 920888
-26.123046875 -46.69189453125 10.3759765625 920888
-26.123046875 -46.69189453125 10.3759765625 920889
-26.123046875 -46.69189453125 10.3759765625 920993
-35.21728515625 -32.04345703125 7.9345703125 920994
-35.21728515625 -32.04345703125 7.9345703125 920994
-35.21728515625 -32.04345703125 7.9345703125 920995
-35.21728515625 -32.04345703125 7.9345703125 920996
-16.29638671875 -19.775390625 15.7470703125 921095
-16.29638671875 -19.775390625 15.7470703125 921096
-16.29638671875 -19.775390625 15.7470703125 921096
-16.29638671875 -19.775390625 15.7470703125 921097
-16.29638671875 -19.775390625 15.7470703125 921197
-1.708984375 7.99560546875 34.1796875 921198
-1.708984375 7.99560546875 34.1796875 921198
-1.708984375 7.99560546875 34.1796875 921199
-1.708984375 7.99560546875 34.1796875 921200
-1.77001953125 16.29638671875 23.5595703125 921267
-1.77001953125 16.29638671875 23.5595703125 921387
9.33837890625 12.51220703125 15.68603515625 921388
9.33837890625 12.51220703125 15.68603515625 921389
9.33837890625 12.51220703125 15.68603515625 921390
9.33837890625 12.51220703125 15.68603515625 921390
9.33837890625 12.51220703125 15.68603515625 921492
4.2724609375 14.892578125 15.68603515625 921493
4.2724609375 14.892578125 15.68603515625 921493
4.2724609375 14.892578125 15.68603515625 921494
4.2724609375 14.892578125 15.68603515625 921495
4.2724609375 14.892578125 15.68603515625 921593
2.86865234375 -2.0751953125 8.60595703125 921594
2.86865234375 -2.0751953125 8.60595703125 921595
2.86865234375 -2.0751953125 8.60595703125 921596
2.86865234375 -2.0751953125 8.60595703125 921597
2.86865234375 -2.0751953125 8.60595703125 921695
27.7099609375 28.01513671875 7.32421875 921696
27.7099609375 28.01513671875 7.32421875 921696
27.7099609375 28.01513671875 7.32421875 921697
27.7099609375 28.01513671875 7.32421875 921698
27.7099609375 28.01513671875 7.32421875 921799
1.15966796875 -0.48828125 2.01416015625 921800
1.15966796875 -0.48828125 2.01416015625 921801
1.15966796875 -0.48828125 2.01416015625 921803
1.15966796875 -0.48828125 2.01416015625 921804
8.72802734375 0.732421875 -1.46484375 921894
8.72802734375 0.732421875 -1.46484375 921991
-1.46484375 -13.427734375 0 921992
-1.46484375 -13.427734375 0 921993
-1.46484375 -13.427734375 0 921994
-1.46484375 -13.427734375 0 921995
-3.41796875 -0.54931640625 -2.197265625 922091
-3.41796875 -0.54931640625 -2.197265625 922175
-4.2724609375 -15.56396484375 7.4462890625 922233
-4.2724609375 -15.56396484375 7.4462890625 922233
-4.2724609375 -15.56396484375 7.4462890625 922234
-4.2724609375 -15.56396484375 7.4462890625 922235
-4.2724609375 -15.56396484375 7.4462890625 922299
0.67138671875 -10.31494140625 -0.79345703125 922300
0.67138671875 -10.31494140625 -0.79345703125 922400
-5.67626953125 -11.3525390625 -4.69970703125 922401
-5.67626953125 -11.3525390625 -4.69970703125 922402
-5.67626953125 -11.3525390625 -4.69970703125 922402
-5.67626953125 -11.3525390625 -4.69970703125 922403
-5.55419921875 -20.5078125 0.54931640625 922470
-5.55419921875 -20.5078125 0.54931640625 922585
-1.5869140625 -8.6669921875 -0.48828125 922586
-1.5869140625 -8.6669921875 -0.48828125 922587
-1.5869140625 -8.6669921875 -0.48828125 922588
-1.5869140625 -8.6669921875 -0.48828125 922588
-1.5869140625 -8.6669921875 -0.48828125 922694
-7.26318359375 -13.85498046875 -2.74658203125 922695
-7.26318359375 -13.85498046875 -2.74658203125 922696
-7.26318359375 -13.85498046875 -2.74658203125 922697
-7.26318359375 -13.85498046875 -2.74658203125 922697
-5.31005859375 -22.94921875 1.52587890625 922790
-5.31005859375 -22.94921875 1.52587890625 922897
-10.55908203125 -15.5029296875 -3.23486328125 922898
-10.55908203125 -15.5029296875 -3.23486328125 922899
-10.55908203125 -15.5029296875 -3.23486328125 922900
-10.55908203125 -15.5029296875 -3.23486328125 922901
-10.25390625 -17.578125 -1.5869140625 922973
-10.25390625 -17.578125 -1.5869140625 923096
-5.9814453125 -6.89697265625 -4.5166015625 923097
-5.9814453125 -6.89697265625 -4.5166015625 923098
-5.9814453125 -6.89697265625 -4.5166015625 923099
-5.9814453125 -6.89697265625 -4.5166015625 923100
-5.9814453125 -6.89697265625 -4.5166015625 923200
-6.2255859375 -6.77490234375 -1.5869140625 923201
-6.2255859375 -6.77490234375 -1.5869140625 923201
-6.2255859375 -6.77490234375 -1.5869140625 923202
-6.2255859375 -6.77490234375 -1.5869140625 923203
-10.6201171875 -8.11767578125 -0.6103515625 923269
-10.6201171875 -8.11767578125 -0.6103515625 923388
4.33349609375 21.66748046875 -8.1787109375 923389
4.33349609375 21.66748046875 -8.1787109375 923390
4.33349609375 21.66748046875 -8.1787109375 923391
4.33349609375 21.66748046875 -8.1787109375 923391
4.33349609375 21.66748046875 -8.1787109375 923493
2.38037109375 1.5869140625 2.44140625 923494
2.38037109375 1.5869140625 2.44140625 923495
2.38037109375 1.5869140625 2.44140625 923495
2.38037109375 1.5869140625 2.44140625 923496
-6.04248046875 -6.2255859375 -1.708984375 923591
-6.04248046875 -6.2255859375 -1.708984375 923695
-8.056640625 -75.0732421875 9.82666015625 923696
-8.056640625 -75.0732421875 9.82666015625 923697
-8.056640625 -75.0732421875 9.82666015625 923697
-8.056640625 -75.0732421875 9.82666015625 923698
-8.056640625 -75.0732421875 9.82666015625 923801
-4.39453125 16.54052734375 -14.46533203125 923802
-4.39453125 16.54052734375 -14.46533203125 923802
-4.39453125 16.54052734375 -14.46533203125 923803
-4.39453125 16.54052734375 -14.46533203125 923804
-3.173828125 6.77490234375 -2.3193359375 923871
-3.173828125 6.77490234375 -2.3193359375 923980
3.2958984375 10.55908203125 2.5634765625 923981
3.2958984375 10.55908203125 2.5634765625 923982
3.2958984375 10.55908203125 2.5634765625 923983
3.2958984375 10.55908203125 2.5634765625 923984
3.2958984375 10.55908203125 2.5634765625 924092
7.87353515625 12.8173828125 -8.544921875 924093
7.87353515625 12.8173828125 -8.544921875 924094
7.87353515625 12.8173828125 -8.544921875 924095
7.87353515625 12.8173828125 -8.544921875 924096
7.87353515625 12.8173828125 -8.544921875 924194
9.765625 22.03369140625 -8.11767578125 924195
9.765625 22.03369140625 -8.11767578125 924196
9.765625 22.03369140625 -8.11767578125 924196
9.765625 22.03369140625 -8.11767578125 924197
9.765625 22.03369140625 -8.11767578125 924296
2.8076171875 5.55419921875 1.708984375 924297
2.8076171875 5.55419921875 1.708984375 924298
2.8076171875 5.55419921875 1.708984375 924299
2.8076171875 5.55419921875 1.708984375 924300
2.8076171875 5.55419921875 1.708984375 924401
-0.06103515625 40.8935546875 -14.6484375 924402
-0.06103515625 40.8935546875 -14.6484375 924403
-0.06103515625 40.8935546875 -14.6484375 924403
-0.06103515625 40.8935546875 -14.6484375 924404
2.38037109375 -0.42724609375 1.40380859375 924468
2.38037109375 -0.42724609375 1.40380859375 924588
-2.01416015625 -1.15966796875 -1.15966796875 924589
-2.01416015625 -1.15966796875 -1.15966796875 924590
-2.01416015625 -1.15966796875 -1.15966796875 924590
-2.01416015625 -1.15966796875 -1.15966796875 924591
-2.01416015625 -1.15966796875 -1.15966796875 924693
-9.521484375 -17.9443359375 4.0283203125 924694
-9.521484375 -17.9443359375 4.0283203125 924695
-9.521484375 -17.9443359375 4.0283203125 924696
-9.521484375 -17.9443359375 4.0283203125 924697
-9.521484375 -17.9443359375 4.0283203125 924795
-4.150390625 -7.99560546875 -2.9296875 924796
-4.150390625 -7.99560546875 -2.9296875 924797
-4.150390625 -7.99560546875 -2.9296875 924798
-4.150390625 -7.99560546875 -2.9296875 924799
-4.150390625 -7.99560546875 -2.9296875 924896
-3.47900390625 -1.40380859375 -3.23486328125 924897
-3.47900390625 -1.40380859375 -3.23486328125 924897
-3.47900390625 -1.40380859375 -3.23486328125 924898
-3.47900390625 -1.40380859375 -3.23486328125 924899
-3.47900390625 -1.40380859375 -3.23486328125 924998
-2.3193359375 -2.197265625 -3.2958984375 924999
-2.3193359375 -2.197265625 -3.2958984375 925000
-2.3193359375 -2.197265625 -3.2958984375 925001
-2.3193359375 -2.197265625 -3.2958984375 925002
2.5634765625 33.8134765625 -2.3193359375 925092
2.5634765625 33.8134765625 -2.3193359375 925191
3.7841796875 15.07568359375 -5.37109375 925192
3.7841796875 15.07568359375 -5.37109375 925192
3.7841796875 15.07568359375 -5.37109375 925193
3.7841796875 15.07568359375 -5.37109375 925194
3.7841796875 15.07568359375 -5.37109375 925291
0.8544921875 -4.57763671875 -3.35693359375 925293
0.8544921875 -4.57763671875 -3.35693359375 925294
0.8544921875 -4.57763671875 -3.35693359375 925295
0.8544921875 -4.57763671875 -3.35693359375 925296
0.8544921875 -4.57763671875 -3.35693359375 925393
-3.35693359375 -2.13623046875 0.3662109375 925394
-3.35693359375 -2.13623046875 0.3662109375 925394
-3.35693359375 -2.13623046875 0.3662109375 925395
-3.35693359375 -2.13623046875 0.3662109375 925396
-3.35693359375 -2.13623046875 0.3662109375 925523
0.06103515625 12.6953125 1.15966796875 925524
0.06103515625 12.6953125 1.15966796875 925524
0.06103515625 12.6953125 1.15966796875 925525
0.06103515625 12.6953125 1.15966796875 925526
-1.89208984375 -6.8359375 0.9765625 925598
-1.89208984375 -6.8359375 0.9765625 925699
-1.3427734375 -11.29150390625 -1.77001953125 925700
-1.3427734375 -11.29150390625 -1.77001953125 925701
-1.3427734375 -11.29150390625 -1.77001953125 925701
-1.3427734375 -11.29150390625 -1.77001953125 925702
2.685546875 8.11767578125 5.92041015625 925772
2.685546875 8.11767578125 5.92041015625 925890
-0.8544921875 5.2490234375 -1.28173828125 925892
-0.8544921875 5.2490234375 -1.28173828125 925893
-0.8544921875 5.2490234375 -1.28173828125 925894
-0.8544921875 5.2490234375 -1.28173828125 925894
-0.8544921875 5.2490234375 -1.28173828125 925995
2.01416015625 11.23046875 -8.7890625 925996
2.01416015625 11.23046875 -8.7890625 925997
2.01416015625 11.23046875 -8.7890625 925997
2.01416015625 11.23046875 -8.7890625 925998
2.01416015625 11.23046875 -8.7890625 926096
2.86865234375 22.88818359375 -5.55419921875 926097
2.86865234375 22.88818359375 -5.55419921875 926098
2.86865234375 22.88818359375 -5.55419921875 926099
2.86865234375 22.88818359375 -5.55419921875 926100
2.86865234375 22.88818359375 -5.55419921875 926198
0.42724609375 -4.150390625 1.15966796875 926199
0.42724609375 -4.150390625 1.15966796875 926200
0.42724609375 -4.150390625 1.15966796875 926201
0.42724609375 -4.150390625 1.15966796875 926201
0.42724609375 -4.150390625 1.15966796875 926299
-3.173828125 -5.79833984375 -5.4931640625 926300
-3.173828125 -5.79833984375 -5.4931640625 926301
-3.173828125 -5.79833984375 -5.4931640625 926302
-3.173828125 -5.79833984375 -5.4931640625 926303
-3.60107421875 -8.1787109375 -4.150390625 926374
-3.60107421875 -8.1787109375 -4.150390625 926496
-2.5634765625 -31.92138671875 0.67138671875 926497
-2.5634765625 -31.92138671875 0.67138671875 926498
-2.5634765625 -31.92138671875 0.67138671875 926499
-2.5634765625 -31.92138671875 0.67138671875 926500
-2.5634765625 -31.92138671875 0.67138671875 926597
-1.64794921875 7.2021484375 0 926598
-1.64794921875 7.2021484375 0 926599
-1.64794921875 7.2021484375 0 926600
-1.64794921875 7.2021484375 0 926600
-1.64794921875 7.2021484375 0 926699
1.3427734375 8.48388671875 4.33349609375 926699
1.3427734375 8.48388671875 4.33349609375 926700
1.3427734375 8.48388671875 4.33349609375 926701
1.3427734375 8.48388671875 4.33349609375 926701
-2.01416015625 -29.296875 -6.77490234375 926774
-2.01416015625 -29.296875 -6.77490234375 926892
-5.67626953125 -4.5166015625 -7.62939453125 926893
-5.67626953125 -4.5166015625 -7.62939453125 926893
-5.67626953125 -4.5166015625 -7.62939453125 926894
-5.67626953125 -4.5166015625 -7.62939453125 926895
-5.67626953125 -4.5166015625 -7.62939453125 926995
6.53076171875 6.40869140625 7.26318359375 926996
6.53076171875 6.40869140625 7.26318359375 926997
6.53076171875 6.40869140625 7.26318359375 926998
6.53076171875 6.40869140625 7.26318359375 926999
6.53076171875 6.40869140625 7.26318359375 927100
-9.82666015625 -24.23095703125 11.77978515625 927101
-9.82666015625 -24.23095703125 11.77978515625 927103
-9.82666015625 -24.23095703125 11.77978515625 927104
-9.82666015625 -24.23095703125 11.77978515625 927105
-5.43212890625 -7.568359375 -17.2119140625 927174
-5.43212890625 -7.568359375 -17.2119140625 927295
-0.30517578125 -2.3193359375 -4.08935546875 927296
-0.30517578125 -2.3193359375 -4.08935546875 927296
-0.30517578125 -2.3193359375 -4.08935546875 927297
-0.30517578125 -2.3193359375 -4.08935546875 927298
-0.30517578125 -2.3193359375 -4.08935546875 927395
-15.7470703125 -24.96337890625 -4.08935546875 927396
-15.7470703125 -24.96337890625 -4.08935546875 927397
-15.7470703125 -24.96337890625 -4.08935546875 927398
-15.7470703125 -24.96337890625 -4.08935546875 927399
-15.7470703125 -24.96337890625 -4.08935546875 927498
-10.498046875 -26.42822265625 -5.18798828125 927499
-10.498046875 -26.42822265625 -5.18798828125 927500
-10.498046875 -26.42822265625 -5.18798828125 927500
-10.498046875 -26.42822265625 -5.18798828125 927501
-10.498046875 -26.42822265625 -5.18798828125 927602
-2.0751953125 7.26318359375 -3.7841796875 927603
-2.0751953125 7.26318359375 -3.7841796875 927604
-2.0751953125 7.26318359375 -3.7841796875 927605
-2.0751953125 7.26318359375 -3.7841796875 927606
-3.0517578125 0.48828125 -0.06103515625 927671
-3.0517578125 0.48828125 -0.06103515625 927792
-1.40380859375 3.11279296875 -3.11279296875 927793
-1.40380859375 3.11279296875 -3.11279296875 927794
-1.40380859375 3.11279296875 -3.11279296875 927794
-1.40380859375 3.11279296875 -3.11279296875 927795
-1.40380859375 3.11279296875 -3.11279296875 927895
0.67138671875 0.42724609375 -2.38037109375 927896
0.67138671875 0.42724609375 -2.38037109375 927896
0.67138671875 0.42724609375 -2.38037109375 927897
0.67138671875 0.42724609375 -2.38037109375 927898
0.67138671875 0.42724609375 -2.38037109375 927999
-0.79345703125 -8.4228515625 -1.5869140625 928000
-0.79345703125 -8.4228515625 -1.5869140625 928002
-0.79345703125 -8.4228515625 -1.5869140625 928003
-0.79345703125 -8.4228515625 -1.5869140625 928004
-0.79345703125 -8.4228515625 -1.5869140625 928100
-4.0283203125 4.69970703125 -4.39453125 928102
-4.0283203125 4.69970703125 -4.39453125 928102
-4.0283203125 4.69970703125 -4.39453125 928103
-4.0283203125 4.69970703125 -4.39453125 928104
1.220703125 4.39453125 -5.67626953125 928173
1.220703125 4.39453125 -5.67626953125 928295
0.91552734375 4.39453125 -2.38037109375 928296
0.91552734375 4.39453125 -2.38037109375 928297
0.91552734375 4.39453125 -2.38037109375 928298
0.91552734375 4.39453125 -2.38037109375 928299
-0.732421875 1.3427734375 -4.08935546875 928391
-0.732421875 1.3427734375 -4.08935546875 928491
1.89208984375 2.5634765625 -3.662109375 928492
1.89208984375 2.5634765625 -3.662109375 928493
1.89208984375 2.5634765625 -3.662109375 928494
1.89208984375 2.5634765625 -3.662109375 928495
1.89208984375 2.5634765625 -3.662109375 928595
-1.40380859375 1.708984375 -4.08935546875 928595
-1.40380859375 1.708984375 -4.08935546875 928596
-1.40380859375 1.708984375 -4.08935546875 928596
-1.40380859375 1.708984375 -4.08935546875 928598
-1.40380859375 1.708984375 -4.08935546875 928699
-2.197265625 2.5634765625 1.40380859375 928700
-2.197265625 2.5634765625 1.40380859375 928701
-2.197265625 2.5634765625 1.40380859375 928701
-2.197265625 2.5634765625 1.40380859375 928702
-2.197265625 2.5634765625 1.40380859375 928800
-3.72314453125 0.91552734375 -3.47900390625 928801
-3.72314453125 0.91552734375 -3.47900390625 928801
-3.72314453125 0.91552734375 -3.47900390625 928802
-3.72314453125 0.91552734375 -3.47900390625 928803
-3.72314453125 0.91552734375 -3.47900390625 928901
0.06103515625 0.54931640625 -3.2958984375 928902
0.06103515625 0.54931640625 -3.2958984375 928903
0.06103515625 0.54931640625 -3.2958984375 928903
0.06103515625 0.54931640625 -3.2958984375 928904
0.732421875 2.197265625 -5.615234375 928974
0.732421875 2.197265625 -5.615234375 929093
-1.3427734375 1.64794921875 -1.8310546875 929094
-1.3427734375 1.64794921875 -1.8310546875 929095
-1.3427734375 1.64794921875 -1.8310546875 929095
-1.3427734375 1.64794921875 -1.8310546875 929096
-1.3427734375 1.64794921875 -1.8310546875 929196
-2.685546875 -1.15966796875 -4.33349609375 929197
-2.685546875 -1.15966796875 -4.33349609375 929198
-2.685546875 -1.15966796875 -4.33349609375 929199
-2.685546875 -1.15966796875 -4.33349609375 929200
-2.685546875 -1.15966796875 -4.33349609375 929299
-0.18310546875 1.708984375 -3.7841796875 929301
-0.18310546875 1.708984375 -3.7841796875 929302
-0.18310546875 1.708984375 -3.7841796875 929303
-0.18310546875 1.708984375 -3.7841796875 929304
-0.18310546875 1.708984375 -3.7841796875 929402
-0.30517578125 -0.06103515625 -1.77001953125 929403
-0.30517578125 -0.06103515625 -1.77001953125 929404
-0.30517578125 -0.06103515625 -1.77001953125 929405
-0.30517578125 -0.06103515625 -1.77001953125 929405
-4.0283203125 1.15966796875 0.79345703125 929471
-4.0283203125 1.15966796875 0.79345703125 929595
-2.9296875 0.54931640625 -2.99072265625 929596
-2.9296875 0.54931640625 -2.99072265625 929598
-2.9296875 0.54931640625 -2.99072265625 929599
-2.9296875 0.54931640625 -2.99072265625 929600
-2.9296875 0.54931640625 -2.99072265625 929696
3.35693359375 2.0751953125 -5.4931640625 929697
3.35693359375 2.0751953125 -5.4931640625 929697
3.35693359375 2.0751953125 -5.4931640625 929798
3.7841796875 4.82177734375 -5.55419921875 929799
3.7841796875 4.82177734375 -5.55419921875 929800
3.7841796875 4.82177734375 -5.55419921875 929801
3.7841796875 4.82177734375 -5.55419921875 929802
3.7841796875 4.82177734375 -5.55419921875 929903
-2.3193359375 -4.33349609375 -0.8544921875 929904
-2.3193359375 -4.33349609375 -0.8544921875 929905
-2.3193359375 -4.33349609375 -0.8544921875 929906
-2.3193359375 -4.33349609375 -0.8544921875 929907
-3.173828125 0.48828125 1.64794921875 929972
-3.173828125 0.48828125 1.64794921875 930094
-4.638671875 -0.8544921875 -2.197265625 930095
-4.638671875 -0.8544921875 -2.197265625 930095
-4.638671875 -0.8544921875 -2.197265625 930096
-4.638671875 -0.8544921875 -2.197265625 930097
-4.638671875 -0.8544921875 -2.197265625 930194
-1.28173828125 -2.8076171875 -5.37109375 930195
-1.28173828125 -2.8076171875 -5.37109375 930196
-1.28173828125 -2.8076171875 -5.37109375 930197
-1.28173828125 -2.8076171875 -5.37109375 930198
-1.28173828125 -2.8076171875 -5.37109375 930297
0.18310546875 1.953125 -2.5634765625 930298
0.18310546875 1.953125 -2.5634765625 930299
0.18310546875 1.953125 -2.5634765625 930300
0.18310546875 1.953125 -2.5634765625 930300
0.18310546875 1.953125 -2.5634765625 930401
-0.54931640625 0.54931640625 1.3427734375 930402
-0.54931640625 0.54931640625 1.3427734375 930403
-0.54931640625 0.54931640625 1.3427734375 930403
-0.54931640625 0.54931640625 1.3427734375 930404
-2.3193359375 2.38037109375 1.5869140625 930472
-2.3193359375 2.38037109375 1.5869140625 930589
1.708984375 -0.67138671875 -3.2958984375 930590
1.708984375 -0.67138671875 -3.2958984375 930591
1.708984375 -0.67138671875 -3.2958984375 930591
1.708984375 -0.67138671875 -3.2958984375 930592
1.708984375 -0.67138671875 -3.2958984375 930693
-1.40380859375 -0.6103515625 -3.96728515625 930693
-1.40380859375 -0.6103515625 -3.96728515625 930694
-1.40380859375 -0.6103515625 -3.96728515625 930695
-1.40380859375 -0.6103515625 -3.96728515625 930696
-1.40380859375 -0.6103515625 -3.96728515625 930797
-2.3193359375 0.3662109375 -4.8828125 930798
-2.3193359375 0.3662109375 -4.8828125 930799
-2.3193359375 0.3662109375 -4.8828125 930800
-2.3193359375 0.3662109375 -4.8828125 930800
-2.3193359375 0.3662109375 -4.8828125 930898
0.91552734375 2.0751953125 1.15966796875 930899
0.91552734375 2.0751953125 1.15966796875 930900
0.91552734375 2.0751953125 1.15966796875 930900
0.91552734375 2.0751953125 1.15966796875 930901
0.91552734375 2.0751953125 1.15966796875 931001
-5.2490234375 1.5869140625 1.89208984375 931002
-5.2490234375 1.5869140625 1.89208984375 931003
-5.2490234375 1.5869140625 1.89208984375 931003
-5.2490234375 1.5869140625 1.89208984375 931004
-5.2490234375 1.5869140625 1.89208984375 931102
-2.197265625 -1.0986328125 -2.9296875 931103
-2.197265625 -1.0986328125 -2.9296875 931104
-2.197265625 -1.0986328125 -2.9296875 931105
-2.197265625 -1.0986328125 -2.9296875 931107
1.220703125 0.42724609375 -5.06591796875 931174
1.220703125 0.42724609375 -5.06591796875 931293
1.3427734375 2.50244140625 -0.79345703125 931294
1.3427734375 2.50244140625 -0.79345703125 931295
1.3427734375 2.50244140625 -0.79345703125 931296
1.3427734375 2.50244140625 -0.79345703125 931296
1.3427734375 2.50244140625 -0.79345703125 931396
-1.8310546875 0.1220703125 -2.0751953125 931397
-1.8310546875 0.1220703125 -2.0751953125 931398
-1.8310546875 0.1220703125 -2.0751953125 931399
-1.8310546875 0.1220703125 -2.0751953125 931400
-1.28173828125 2.197265625 1.03759765625 931494
-1.28173828125 2.197265625 1.03759765625 931589
-1.46484375 -0.06103515625 -3.23486328125 931591
-1.46484375 -0.06103515625 -3.23486328125 931591
-1.46484375 -0.06103515625 -3.23486328125 931592
-1.46484375 -0.06103515625 -3.23486328125 931593
-1.46484375 -0.06103515625 -3.23486328125 931691
0.06103515625 0.30517578125 -6.40869140625 931692
0.06103515625 0.30517578125 -6.40869140625 931692
0.06103515625 0.30517578125 -6.40869140625 931693
0.06103515625 0.30517578125 -6.40869140625 931694
0.06103515625 0.30517578125 -6.40869140625 931797
0.30517578125 4.21142578125 -0.9765625 931798
0.30517578125 4.21142578125 -0.9765625 931799
0.30517578125 4.21142578125 -0.9765625 931800
0.30517578125 4.21142578125 -0.9765625 931801
0.30517578125 4.21142578125 -0.9765625 931901
0.3662109375 3.23486328125 -1.77001953125 931902
0.3662109375 3.23486328125 -1.77001953125 931903
0.3662109375 3.23486328125 -1.77001953125 931904
0.3662109375 3.23486328125 -1.77001953125 931904
0.3662109375 3.23486328125 -1.77001953125 932002
-2.86865234375 0 -0.1220703125 932003
-2.86865234375 0 -0.1220703125 932003
-2.86865234375 0 -0.1220703125 932004
-2.86865234375 0 -0.1220703125 932005
-2.8076171875 0.48828125 -1.708984375 932073
-2.8076171875 0.48828125 -1.708984375 932194
1.5869140625 1.8310546875 -3.7841796875 932195
1.5869140625 1.8310546875 -3.7841796875 932196
1.5869140625 1.8310546875 -3.7841796875 932197
1.5869140625 1.8310546875 -3.7841796875 932198
1.5869140625 1.8310546875 -3.7841796875 932298
-1.220703125 -1.28173828125 -3.60107421875 932299
-1.220703125 -1.28173828125 -3.60107421875 932300
-1.220703125 -1.28173828125 -3.60107421875 932300
-1.220703125 -1.28173828125 -3.60107421875 932301
-1.220703125 -1.28173828125 -3.60107421875 932403
0.42724609375 1.3427734375 -2.38037109375 932404
0.42724609375 1.3427734375 -2.38037109375 932405
0.42724609375 1.3427734375 -2.38037109375 932406
0.42724609375 1.3427734375 -2.38037109375 932407
-2.197265625 -0.30517578125 0.732421875 932473
-2.197265625 -0.30517578125 0.732421875 932592
-1.0986328125 0.91552734375 -2.3193359375 932593
-1.0986328125 0.91552734375 -2.3193359375 932594
-1.0986328125 0.91552734375 -2.3193359375 932595
-1.0986328125 0.91552734375 -2.3193359375 932595
-1.0986328125 0.91552734375 -2.3193359375 932719
-2.0751953125 -0.8544921875 -1.03759765625 932721
-2.0751953125 -0.8544921875 -1.03759765625 932722
-2.0751953125 -0.8544921875 -1.03759765625 932723
-2.0751953125 -0.8544921875 -1.03759765625 932723
-1.64794921875 1.28173828125 -4.150390625 932797
-1.64794921875 1.28173828125 -4.150390625 932899
0.48828125 1.52587890625 -0.1220703125 932900
0.48828125 1.52587890625 -0.1220703125 932901
0.48828125 1.52587890625 -0.1220703125 932901
0.48828125 1.52587890625 -0.1220703125 932902
0.48828125 1.52587890625 -0.1220703125 933004
-2.99072265625 -0.18310546875 -1.77001953125 933005
-2.99072265625 -0.18310546875 -1.77001953125 933006
-2.99072265625 -0.18310546875 -1.77001953125 933007
-2.99072265625 -0.18310546875 -1.77001953125 933008
-0.244140625 2.13623046875 -1.40380859375 933073
-0.244140625 2.13623046875 -1.40380859375 933192
-1.03759765625 3.23486328125 -1.03759765625 933193
-1.03759765625 3.23486328125 -1.03759765625 933194
-1.03759765625 3.23486328125 -1.03759765625 933194
-1.03759765625 3.23486328125 -1.03759765625 933195
-1.03759765625 3.23486328125 -1.03759765625 933294
2.50244140625 1.0986328125 -2.0751953125 933295
2.50244140625 1.0986328125 -2.0751953125 933295
2.50244140625 1.0986328125 -2.0751953125 933296
2.50244140625 1.0986328125 -2.0751953125 933297
2.50244140625 1.0986328125 -2.0751953125 933397
4.150390625 1.46484375 -3.5400390625 933405
4.150390625 1.46484375 -3.5400390625 933406
4.150390625 1.46484375 -3.5400390625 933407
4.150390625 1.46484375 -3.5400390625 933407
4.150390625 1.46484375 -3.5400390625 933503
-3.72314453125 -1.3427734375 -3.173828125 933504
-3.72314453125 -1.3427734375 -3.173828125 933605
-3.23486328125 0 -0.732421875 933605
-3.23486328125 0 -0.732421875 933606
-3.23486328125 0 -0.732421875 933607
-3.23486328125 0 -0.732421875 933608
-3.5400390625 -1.64794921875 -2.01416015625 933672
-3.5400390625 -1.64794921875 -2.01416015625 933794
3.47900390625 3.41796875 -1.28173828125 933795
3.47900390625 3.41796875 -1.28173828125 933795
3.47900390625 3.41796875 -1.28173828125 933796
3.47900390625 3.41796875 -1.28173828125 933797
3.47900390625 3.41796875 -1.28173828125 933898
0.30517578125 1.708984375 -5.126953125 933899
0.30517578125 1.708984375 -5.126953125 933900
0.30517578125 1.708984375 -5.126953125 933901
0.30517578125 1.708984375 -5.126953125 933901
0.42724609375 3.173828125 -0.54931640625 933993
0.42724609375 3.173828125 -0.54931640625 934074
0.54931640625 2.5634765625 -2.0751953125 934075
0.54931640625 2.5634765625 -2.0751953125 934075
0.54931640625 2.5634765625 -2.0751953125 934076
0.54931640625 2.5634765625 -2.0751953125 934077
0.54931640625 2.5634765625 -2.0751953125 934194
-3.47900390625 -2.01416015625 -2.0751953125 934195
-3.47900390625 -2.01416015625 -2.0751953125 934196
-3.47900390625 -2.01416015625 -2.0751953125 934197
-3.47900390625 -2.01416015625 -2.0751953125 934198
-3.47900390625 -2.01416015625 -2.0751953125 934294
-0.48828125 -1.03759765625 -0.9765625 934295
-0.48828125 -1.03759765625 -0.9765625 934296
-0.48828125 -1.03759765625 -0.9765625 934297
-0.48828125 -1.03759765625 -0.9765625 934297
-0.48828125 -1.03759765625 -0.9765625 934397
-1.5869140625 2.38037109375 -5.0048828125 934398
-1.5869140625 2.38037109375 -5.0048828125 934399
-1.5869140625 2.38037109375 -5.0048828125 934400
-1.5869140625 2.38037109375 -5.0048828125 934401
-1.5869140625 2.38037109375 -5.0048828125 934502
-2.685546875 0 -0.9765625 934503
-2.685546875 0 -0.9765625 934504
-2.685546875 0 -0.9765625 934505
-2.685546875 0 -0.9765625 934505
-2.685546875 0 -0.9765625 934604
2.01416015625 1.46484375 -2.13623046875 934605
2.01416015625 1.46484375 -2.13623046875 934606
2.01416015625 1.46484375 -2.13623046875 934607
2.01416015625 1.46484375 -2.13623046875 934608
-0.91552734375 0.6103515625 -2.25830078125 934700
-0.91552734375 0.6103515625 -2.25830078125 934788
-1.89208984375 -1.89208984375 -2.38037109375 934789
-1.89208984375 -1.89208984375 -2.38037109375 934790
-1.89208984375 -1.89208984375 -2.38037109375 934790
-1.89208984375 -1.89208984375 -2.38037109375 934810
-1.89208984375 -1.89208984375 -2.38037109375 934891
-2.5634765625 0.06103515625 -5.859375 934892
-2.5634765625 0.06103515625 -5.859375 934893
-2.5634765625 0.06103515625 -5.859375 934894
-2.5634765625 0.06103515625 -5.859375 934895
-2.5634765625 0.06103515625 -5.859375 934993
-0.9765625 2.197265625 -1.0986328125 934994
-0.9765625 2.197265625 -1.0986328125 934995
-0.9765625 2.197265625 -1.0986328125 934995
-0.9765625 2.197265625 -1.0986328125 934996
-0.9765625 2.197265625 -1.0986328125 935096
-1.52587890625 1.15966796875 -3.0517578125 935097
-1.52587890625 1.15966796875 -3.0517578125 935098
-1.52587890625 1.15966796875 -3.0517578125 935099
-1.52587890625 1.15966796875 -3.0517578125 935100
-1.52587890625 1.15966796875 -3.0517578125 935201
-4.94384765625 -1.28173828125 -3.35693359375 935202
-4.94384765625 -1.28173828125 -3.35693359375 935203
-4.94384765625 -1.28173828125 -3.35693359375 935204
-4.94384765625 -1.28173828125 -3.35693359375 935205
-4.94384765625 -1.28173828125 -3.35693359375 935302
-0.79345703125 -0.244140625 -2.01416015625 935303
-0.79345703125 -0.244140625 -2.01416015625 935305
-0.79345703125 -0.244140625 -2.01416015625 935305
-0.79345703125 -0.244140625 -2.01416015625 935306
-0.6103515625 0.91552734375 -2.44140625 935377
-0.6103515625 0.91552734375 -2.44140625 935497
-1.15966796875 0.06103515625 -4.94384765625 935498
-1.15966796875 0.06103515625 -4.94384765625 935499
-1.15966796875 0.06103515625 -4.94384765625 935499
-1.15966796875 0.06103515625 -4.94384765625 935500
-1.15966796875 0.06103515625 -4.94384765625 935600
4.21142578125 3.2958984375 -1.708984375 935601
4.21142578125 3.2958984375 -1.708984375 935601
4.21142578125 3.2958984375 -1.708984375 935602
4.21142578125 3.2958984375 -1.708984375 935603
4.21142578125 3.2958984375 -1.708984375 935702
-5.92041015625 -0.79345703125 1.52587890625 935703
-5.92041015625 -0.79345703125 1.52587890625 935703
-5.92041015625 -0.79345703125 1.52587890625 935704
-5.92041015625 -0.79345703125 1.52587890625 935705
-5.92041015625 -0.79345703125 1.52587890625 935804
-4.5166015625 -2.62451171875 -1.28173828125 935805
-4.5166015625 -2.62451171875 -1.28173828125 935806
-4.5166015625 -2.62451171875 -1.28173828125 935807
-4.5166015625 -2.62451171875 -1.28173828125 935808
1.708984375 2.0751953125 -3.84521484375 935874
1.708984375 2.0751953125 -3.84521484375 935993
4.39453125 5.0048828125 -0.9765625 935994
4.39453125 5.0048828125 -0.9765625 935995
4.39453125 5.0048828125 -0.9765625 935995
4.39453125 5.0048828125 -0.9765625 935996
4.39453125 5.0048828125 -0.9765625 936098
-0.18310546875 -0.1220703125 -3.662109375 936099
-0.18310546875 -0.1220703125 -3.662109375 936100
-0.18310546875 -0.1220703125 -3.662109375 936101
-0.18310546875 -0.1220703125 -3.662109375 936106
-0.18310546875 -0.1220703125 -3.662109375 936199
-5.2490234375 0.244140625 -2.3193359375 936200
-5.2490234375 0.244140625 -2.3193359375 936201
-5.2490234375 0.244140625 -2.3193359375 936201
-5.2490234375 0.244140625 -2.3193359375 936202
-5.2490234375 0.244140625 -2.3193359375 936302
-0.3662109375 0.18310546875 1.28173828125 936303
-0.3662109375 0.18310546875 1.28173828125 936304
-0.3662109375 0.18310546875 1.28173828125 936305
-0.3662109375 0.18310546875 1.28173828125 936306
-0.3662109375 0.18310546875 1.28173828125 936404
-0.54931640625 1.15966796875 -3.41796875 936405
-0.54931640625 1.15966796875 -3.41796875 936406
-0.54931640625 1.15966796875 -3.41796875 936407
-0.54931640625 1.15966796875 -3.41796875 936407
1.03759765625 2.01416015625 -4.21142578125 936474
1.03759765625 2.01416015625 -4.21142578125 936593
0.42724609375 0.8544921875 -4.69970703125 936594
0.42724609375 0.8544921875 -4.69970703125 936594
0.42724609375 0.8544921875 -4.69970703125 936595
0.42724609375 0.8544921875 -4.69970703125 936596
-4.638671875 1.15966796875 0.244140625 936691
-4.638671875 1.15966796875 0.244140625 936804
-2.38037109375 0.91552734375 -0.54931640625 936805
-2.38037109375 0.91552734375 -0.54931640625 936806
-2.38037109375 0.91552734375 -0.54931640625 936806
-2.38037109375 0.91552734375 -0.54931640625 936807
-2.01416015625 -1.46484375 -5.7373046875 936874
-2.01416015625 -1.46484375 -5.7373046875 936995
1.89208984375 2.685546875 -0.67138671875 936996
1.89208984375 2.685546875 -0.67138671875 936997
1.89208984375 2.685546875 -0.67138671875 936998
1.89208984375 2.685546875 -0.67138671875 936999
0.6103515625 0.48828125 -2.9296875 937093
0.6103515625 0.48828125 -2.9296875 937198
0.54931640625 0.732421875 -2.197265625 937200
0.54931640625 0.732421875 -2.197265625 937201
0.54931640625 0.732421875 -2.197265625 937202
0.54931640625 0.732421875 -2.197265625 937203
0.54931640625 0.732421875 -2.197265625 937300
-4.82177734375 0.9765625 -2.01416015625 937301
-4.82177734375 0.9765625 -2.01416015625 937302
-4.82177734375 0.9765625 -2.01416015625 937302
-4.82177734375 0.9765625 -2.01416015625 937303
-4.82177734375 0.9765625 -2.01416015625 937403
-0.48828125 1.953125 1.28173828125 937403
-0.48828125 1.953125 1.28173828125 937404
-0.48828125 1.953125 1.28173828125 937405
-0.48828125 1.953125 1.28173828125 937406
-0.48828125 1.953125 1.28173828125 937506
-3.84521484375 0.67138671875 -5.06591796875 937507
-3.84521484375 0.67138671875 -5.06591796875 937507
-3.84521484375 0.67138671875 -5.06591796875 937508
-3.84521484375 0.67138671875 -5.06591796875 937508
1.0986328125 0.3662109375 -0.42724609375 937576
1.0986328125 0.3662109375 -0.42724609375 937696
-0.732421875 0.18310546875 -1.220703125 937697
-0.732421875 0.18310546875 -1.220703125 937697
-0.732421875 0.18310546875 -1.220703125 937698
-0.732421875 0.18310546875 -1.220703125 937699
-0.732421875 0.18310546875 -1.220703125 937798
-2.01416015625 1.46484375 -3.662109375 937799
-2.01416015625 1.46484375 -3.662109375 937800
-2.01416015625 1.46484375 -3.662109375 937801
-2.01416015625 1.46484375 -3.662109375 937802
3.11279296875 1.89208984375 -4.57763671875 937895
3.11279296875 1.89208984375 -4.57763671875 937989
-2.01416015625 0.91552734375 -2.38037109375 937990
-2.01416015625 0.91552734375 -2.38037109375 937991
-2.01416015625 0.91552734375 -2.38037109375 937992
-2.01416015625 0.91552734375 -2.38037109375 937993
-2.01416015625 0.91552734375 -2.38037109375 938094
0.54931640625 0.9765625 -1.77001953125 938094
0.54931640625 0.9765625 -1.77001953125 938095
0.54931640625 0.9765625 -1.77001953125 938096
0.54931640625 0.9765625 -1.77001953125 938096
0.54931640625 0.9765625 -1.77001953125 938199
-1.89208984375 0.1220703125 -0.3662109375 938200
-1.89208984375 0.1220703125 -0.3662109375 938200
-1.89208984375 0.1220703125 -0.3662109375 938201
-1.89208984375 0.1220703125 -0.3662109375 938202
-1.89208984375 0.1220703125 -0.3662109375 938302
-2.5634765625 0.1220703125 -1.15966796875 938303
-2.5634765625 0.1220703125 -1.15966796875 938304
-2.5634765625 0.1220703125 -1.15966796875 938304
-2.5634765625 0.1220703125 -1.15966796875 938305
-2.5634765625 0.1220703125 -1.15966796875 938403
0.79345703125 0.30517578125 -2.86865234375 938404
0.79345703125 0.30517578125 -2.86865234375 938404
0.79345703125 0.30517578125 -2.86865234375 938405
0.79345703125 0.30517578125 -2.86865234375 938406
-1.708984375 -0.9765625 -6.28662109375 938475
-1.708984375 -0.9765625 -6.28662109375 938596
-0.67138671875 1.220703125 -6.7138671875 938597
-0.67138671875 1.220703125 -6.7138671875 938597
-0.67138671875 1.220703125 -6.7138671875 938598
-0.67138671875 1.220703125 -6.7138671875 938599
-0.67138671875 1.220703125 -6.7138671875 938696
-1.708984375 1.77001953125 -3.2958984375 938697
-1.708984375 1.77001953125 -3.2958984375 938698
-1.708984375 1.77001953125 -3.2958984375 938699
-1.708984375 1.77001953125 -3.2958984375 938699
-1.708984375 1.77001953125 -3.2958984375 938802
0.54931640625 4.2724609375 -0.1220703125 938803
0.54931640625 4.2724609375 -0.1220703125 938803
0.54931640625 4.2724609375 -0.1220703125 938804
0.54931640625 4.2724609375 -0.1220703125 938804
0.54931640625 4.2724609375 -0.1220703125 938904
-10.7421875 -9.765625 -5.92041015625 938905
-10.7421875 -9.765625 -5.92041015625 938906
-10.7421875 -9.765625 -5.92041015625 938907
-10.7421875 -9.765625 -5.92041015625 938908
-3.60107421875 0.18310546875 -11.65771484375 938977
-3.60107421875 0.18310546875 -11.65771484375 939097
-2.62451171875 1.52587890625 -7.4462890625 939098
-2.62451171875 1.52587890625 -7.4462890625 939099
-2.62451171875 1.52587890625 -7.4462890625 939100
-2.62451171875 1.52587890625 -7.4462890625 939101
-2.62451171875 1.52587890625 -7.4462890625 939200
-2.50244140625 1.89208984375 -5.7373046875 939201
-2.50244140625 1.89208984375 -5.7373046875 939202
-2.50244140625 1.89208984375 -5.7373046875 939202
-2.50244140625 1.89208984375 -5.7373046875 939203
-2.50244140625 1.89208984375 -5.7373046875 939303
1.40380859375 3.2958984375 3.0517578125 939304
1.40380859375 3.2958984375 3.0517578125 939304
1.40380859375 3.2958984375 3.0517578125 939305
1.40380859375 3.2958984375 3.0517578125 939306
1.40380859375 3.2958984375 3.0517578125 939405
-1.46484375 -2.38037109375 -1.46484375 939406
-1.46484375 -2.38037109375 -1.46484375 939407
-1.46484375 -2.38037109375 -1.46484375 939408
-1.46484375 -2.38037109375 -1.46484375 939410
-2.86865234375 -3.35693359375 -6.34765625 939475
-2.86865234375 -3.35693359375 -6.34765625 939595
0.6103515625 -3.2958984375 -2.74658203125 939596
0.6103515625 -3.2958984375 -2.74658203125 939596
0.6103515625 -3.2958984375 -2.74658203125 939597
0.6103515625 -3.2958984375 -2.74658203125 939598
0.6103515625 -3.2958984375 -2.74658203125 939696
-7.9345703125 -2.86865234375 -14.16015625 939697
-7.9345703125 -2.86865234375 -14.16015625 939698
-7.9345703125 -2.86865234375 -14.16015625 939699
-7.9345703125 -2.86865234375 -14.16015625 939700
-7.9345703125 -2.86865234375 -14.16015625 939799
-3.47900390625 3.0517578125 -11.16943359375 939800
-3.47900390625 3.0517578125 -11.16943359375 939801
-3.47900390625 3.0517578125 -11.16943359375 939802
-3.47900390625 3.0517578125 -11.16943359375 939802
-3.47900390625 3.0517578125 -11.16943359375 939902
3.11279296875 2.01416015625 -9.521484375 939903
3.11279296875 2.01416015625 -9.521484375 939904
3.11279296875 2.01416015625 -9.521484375 939905
3.11279296875 2.01416015625 -9.521484375 939906
3.11279296875 2.01416015625 -9.521484375 940008
-2.0751953125 -2.38037109375 -9.6435546875 940009
-2.0751953125 -2.38037109375 -9.6435546875 940010
-2.0751953125 -2.38037109375 -9.6435546875 940010
-2.0751953125 -2.38037109375 -9.6435546875 940011
2.5634765625 0.732421875 -5.4931640625 940077
2.5634765625 0.732421875 -5.4931640625 940194
6.04248046875 0.9765625 -6.65283203125 940195
6.04248046875 0.9765625 -6.65283203125 940196
6.04248046875 0.9765625 -6.65283203125 940196
6.04248046875 0.9765625 -6.65283203125 940197
6.04248046875 0.9765625 -6.65283203125 940297
3.90625 -2.01416015625 -10.986328125 940298
3.90625 -2.01416015625 -10.986328125 940298
3.90625 -2.01416015625 -10.986328125 940299
3.90625 -2.01416015625 -10.986328125 940300
3.90625 -2.01416015625 -10.986328125 940399
-1.52587890625 0.06103515625 -0.732421875 940400
-1.52587890625 0.06103515625 -0.732421875 940400
-1.52587890625 0.06103515625 -0.732421875 940401
-1.52587890625 0.06103515625 -0.732421875 940402
-1.52587890625 0.06103515625 -0.732421875 940501
3.0517578125 0.1220703125 -5.4931640625 940502
3.0517578125 0.1220703125 -5.4931640625 940503
3.0517578125 0.1220703125 -5.4931640625 940503
3.0517578125 0.1220703125 -5.4931640625 940504
3.0517578125 0.1220703125 -5.4931640625 940605
3.47900390625 -2.62451171875 -2.9296875 940606
3.47900390625 -2.62451171875 -2.9296875 940607
3.47900390625 -2.62451171875 -2.9296875 940607
3.47900390625 -2.62451171875 -2.9296875 940608
2.50244140625 -0.9765625 -6.40869140625 940676
2.50244140625 -0.9765625 -6.40869140625 940796
6.4697265625 -1.46484375 -1.3427734375 940797
6.4697265625 -1.46484375 -1.3427734375 940798
6.4697265625 -1.46484375 -1.3427734375 940799
6.4697265625 -1.46484375 -1.3427734375 940800
6.4697265625 -1.46484375 -1.3427734375 940898
10.43701171875 47.8515625 -15.5029296875 940899
10.43701171875 47.8515625 -15.5029296875 940900
10.43701171875 47.8515625 -15.5029296875 940900
10.43701171875 47.8515625 -15.5029296875 940901
10.43701171875 47.8515625 -15.5029296875 941025
5.18798828125 6.591796875 2.13623046875 941026
5.18798828125 6.591796875 2.13623046875 941027
5.18798828125 6.591796875 2.13623046875 941028
5.18798828125 6.591796875 2.13623046875 941028
4.08935546875 2.5634765625 -6.28662109375 941095
4.08935546875 2.5634765625 -6.28662109375 941182
15.80810546875 27.7099609375 -0.8544921875 941183
15.80810546875 27.7099609375 -0.8544921875 941183
15.80810546875 27.7099609375 -0.8544921875 941185
15.80810546875 27.7099609375 -0.8544921875 941186
15.80810546875 27.7099609375 -0.8544921875 941295
14.0380859375 41.8701171875 -11.41357421875 941296
14.0380859375 41.8701171875 -11.41357421875 941297
14.0380859375 41.8701171875 -11.41357421875 941298
14.0380859375 41.8701171875 -11.41357421875 941299
14.0380859375 41.8701171875 -11.41357421875 941399
17.7001953125 73.3642578125 -18.9208984375 941400
17.7001953125 73.3642578125 -18.9208984375 941400
17.7001953125 73.3642578125 -18.9208984375 941401
17.7001953125 73.3642578125 -18.9208984375 941402
-8.48388671875 7.568359375 6.40869140625 941499
-8.48388671875 7.568359375 6.40869140625 941605
-6.4697265625 -7.14111328125 1.220703125 941606
-6.4697265625 -7.14111328125 1.220703125 941607
-6.4697265625 -7.14111328125 1.220703125 941607
-6.4697265625 -7.14111328125 1.220703125 941608
-6.4697265625 -7.14111328125 1.220703125 941705
6.28662109375 29.96826171875 -9.33837890625 941707
6.28662109375 29.96826171875 -9.33837890625 941708
6.28662109375 29.96826171875 -9.33837890625 941708
6.28662109375 29.96826171875 -9.33837890625 941709
23.92578125 78.4912109375 -29.47998046875 941778
23.92578125 78.4912109375 -29.47998046875 941897
12.39013671875 69.03076171875 -17.39501953125 941898
12.39013671875 69.03076171875 -17.39501953125 941899
12.39013671875 69.03076171875 -17.39501953125 941899
12.39013671875 69.03076171875 -17.39501953125 941900
12.39013671875 69.03076171875 -17.39501953125 941999
-6.28662109375 5.06591796875 9.94873046875 942000
-6.28662109375 5.06591796875 9.94873046875 942000
-6.28662109375 5.06591796875 9.94873046875 942001
-6.28662109375 5.06591796875 9.94873046875 942002
-6.28662109375 5.06591796875 9.94873046875 942101
-14.46533203125 -30.3955078125 5.859375 942102
-14.46533203125 -30.3955078125 5.859375 942103
-14.46533203125 -30.3955078125 5.859375 942104
-14.46533203125 -30.3955078125 5.859375 942105
-8.1787109375 -29.296875 5.859375 942199
-8.1787109375 -29.296875 5.859375 942307
-5.43212890625 -6.2255859375 -2.0751953125 942308
-5.43212890625 -6.2255859375 -2.0751953125 942310
-5.43212890625 -6.2255859375 -2.0751953125 942311
-5.43212890625 -6.2255859375 -2.0751953125 942312
5.55419921875 40.10009765625 -16.4794921875 942377
5.55419921875 40.10009765625 -16.4794921875 942495
-7.080078125 19.53125 -7.9345703125 942496
-7.080078125 19.53125 -7.9345703125 942497
-7.080078125 19.53125 -7.9345703125 942498
-7.080078125 19.53125 -7.9345703125 942498
11.71875 43.45703125 -9.33837890625 942591
11.71875 43.45703125 -9.33837890625 942706
3.7841796875 40.52734375 -2.5634765625 942706
3.7841796875 40.52734375 -2.5634765625 942707
3.7841796875 40.52734375 -2.5634765625 942708
3.7841796875 40.52734375 -2.5634765625 942708
3.7841796875 40.52734375 -2.5634765625 942814
-8.9111328125 -5.126953125 3.90625 942814
-8.9111328125 -5.126953125 3.90625 942815
-8.9111328125 -5.126953125 3.90625 942816
-8.9111328125 -5.126953125 3.90625 942816
0.732421875 -28.13720703125 12.451171875 942878
0.732421875 -28.13720703125 12.451171875 942996
-15.0146484375 -18.12744140625 -1.220703125 942997
-15.0146484375 -18.12744140625 -1.220703125 942997
-15.0146484375 -18.12744140625 -1.220703125 942998
-15.0146484375 -18.12744140625 -1.220703125 942999
-3.72314453125 2.3193359375 2.62451171875 943102
-3.72314453125 2.3193359375 2.62451171875 943103
-3.72314453125 2.3193359375 2.62451171875 943104
-3.72314453125 2.3193359375 2.62451171875 943105
-3.72314453125 2.3193359375 2.62451171875 943211
2.62451171875 2.01416015625 -3.84521484375 943212
2.62451171875 2.01416015625 -3.84521484375 943213
2.62451171875 2.01416015625 -3.84521484375 943214
2.62451171875 2.01416015625 -3.84521484375 943214
-12.6953125 -34.11865234375 -6.2255859375 943279
-12.6953125 -34.11865234375 -6.2255859375 943396
-4.39453125 -35.15625 -6.04248046875 943397
-4.39453125 -35.15625 -6.04248046875 943398
-4.39453125 -35.15625 -6.04248046875 943399
-4.39453125 -35.15625 -6.04248046875 943399
-4.39453125 -35.15625 -6.04248046875 943500
-12.20703125 -25.69580078125 2.685546875 943500
-12.20703125 -25.69580078125 2.685546875 943501
-12.20703125 -25.69580078125 2.685546875 943502
-12.20703125 -25.69580078125 2.685546875 943502
-12.20703125 -25.69580078125 2.685546875 943604
-10.009765625 -20.08056640625 3.35693359375 943605
-10.009765625 -20.08056640625 3.35693359375 943606
-10.009765625 -20.08056640625 3.35693359375 943607
-10.009765625 -20.08056640625 3.35693359375 943607
-10.009765625 -20.08056640625 3.35693359375 943705
-17.333984375 -34.7900390625 -1.15966796875 943706
-17.333984375 -34.7900390625 -1.15966796875 943707
-17.333984375 -34.7900390625 -1.15966796875 943708
-17.333984375 -34.7900390625 -1.15966796875 943709
-17.333984375 -34.7900390625 -1.15966796875 943806
-6.7138671875 -15.0146484375 -5.615234375 943807
-6.7138671875 -15.0146484375 -5.615234375 943808
-6.7138671875 -15.0146484375 -5.615234375 943808
-6.7138671875 -15.0146484375 -5.615234375 943809
-14.404296875 -30.6396484375 0.732421875 943877
-14.404296875 -30.6396484375 0.732421875 943996
-27.4658203125 -36.376953125 3.90625 943997
-27.4658203125 -36.376953125 3.90625 943998
-27.4658203125 -36.376953125 3.90625 943999
-27.4658203125 -36.376953125 3.90625 944000
-27.4658203125 -36.376953125 3.90625 944099
-16.29638671875 -36.19384765625 3.60107421875 944100
-16.29638671875 -36.19384765625 3.60107421875 944101
-16.29638671875 -36.19384765625 3.60107421875 944102
-16.29638671875 -36.19384765625 3.60107421875 944103
-16.29638671875 -36.19384765625 3.60107421875 944201
-20.56884765625 -44.86083984375 7.8125 944202
-20.56884765625 -44.86083984375 7.8125 944203
-20.56884765625 -44.86083984375 7.8125 944203
-20.56884765625 -44.86083984375 7.8125 944204
-7.01904296875 -41.015625 5.7373046875 944297
-7.01904296875 -41.015625 5.7373046875 944382
-1.89208984375 -11.04736328125 9.70458984375 944383
-1.89208984375 -11.04736328125 9.70458984375 944384
-1.89208984375 -11.04736328125 9.70458984375 944384
-1.89208984375 -11.04736328125 9.70458984375 944385
-1.89208984375 -11.04736328125 9.70458984375 944497
-4.8828125 -21.484375 19.1650390625 944498
-4.8828125 -21.484375 19.1650390625 944499
-4.8828125 -21.484375 19.1650390625 944499
-4.8828125 -21.484375 19.1650390625 944500
-4.8828125 -21.484375 19.1650390625 944599
-24.5361328125 -42.05322265625 9.09423828125 944600
-24.5361328125 -42.05322265625 9.09423828125 944601
-24.5361328125 -42.05322265625 9.09423828125 944602
-24.5361328125 -42.05322265625 9.09423828125 944602
-24.5361328125 -42.05322265625 9.09423828125 944708
5.43212890625 -1.220703125 6.2255859375 944708
5.43212890625 -1.220703125 6.2255859375 944709
5.43212890625 -1.220703125 6.2255859375 944710
5.43212890625 -1.220703125 6.2255859375 944711
-15.2587890625 -11.5966796875 7.4462890625 944804
-15.2587890625 -11.5966796875 7.4462890625 944906
-1.953125 -3.90625 15.07568359375 944907
-1.953125 -3.90625 15.07568359375 944908
-1.953125 -3.90625 15.07568359375 944909
-1.953125 -3.90625 15.07568359375 944910
2.38037109375 -8.30078125 6.591796875 944979
2.38037109375 -8.30078125 6.591796875 945098
-2.685546875 -1.40380859375 -7.62939453125 945099
-2.685546875 -1.40380859375 -7.62939453125 945099
-2.685546875 -1.40380859375 -7.62939453125 945100
-2.685546875 -1.40380859375 -7.62939453125 945101
-2.685546875 -1.40380859375 -7.62939453125 945202
0.3662109375 7.26318359375 6.8359375 945203
0.3662109375 7.26318359375 6.8359375 945204
0.3662109375 7.26318359375 6.8359375 945205
0.3662109375 7.26318359375 6.8359375 945206
0.3662109375 7.26318359375 6.8359375 945304
-8.7890625 -1.5869140625 -18.4326171875 945305
-8.7890625 -1.5869140625 -18.4326171875 945306
-8.7890625 -1.5869140625 -18.4326171875 945307
-8.7890625 -1.5869140625 -18.4326171875 945308
-8.7890625 -1.5869140625 -18.4326171875 945407
12.939453125 9.21630859375 -6.4697265625 945408
12.939453125 9.21630859375 -6.4697265625 945409
12.939453125 9.21630859375 -6.4697265625 945411
12.939453125 9.21630859375 -6.4697265625 945411
9.70458984375 6.103515625 -1.0986328125 945477
9.70458984375 6.103515625 -1.0986328125 945597
1.953125 11.53564453125 -2.74658203125 945598
1.953125 11.53564453125 -2.74658203125 945599
1.953125 11.53564453125 -2.74658203125 945600
1.953125 11.53564453125 -2.74658203125 945601
1.953125 11.53564453125 -2.74658203125 945699
8.1787109375 2.01416015625 -4.8828125 945700
8.1787109375 2.01416015625 -4.8828125 945701
8.1787109375 2.01416015625 -4.8828125 945701
8.1787109375 2.01416015625 -4.8828125 945702
8.1787109375 2.01416015625 -4.8828125 945802
3.23486328125 5.4931640625 0.3662109375 945803
3.23486328125 5.4931640625 0.3662109375 945804
3.23486328125 5.4931640625 0.3662109375 945805
3.23486328125 5.4931640625 0.3662109375 945805
3.23486328125 5.4931640625 0.3662109375 945904
-5.06591796875 7.568359375 -0.1220703125 945905
-5.06591796875 7.568359375 -0.1220703125 945906
-5.06591796875 7.568359375 -0.1220703125 945907
-5.06591796875 7.568359375 -0.1220703125 945908
-5.06591796875 7.568359375 -0.1220703125 946005
5.92041015625 5.0048828125 0.3662109375 946006
5.92041015625 5.0048828125 0.3662109375 946007
5.92041015625 5.0048828125 0.3662109375 946008
5.92041015625 5.0048828125 0.3662109375 946009
5.92041015625 5.0048828125 0.3662109375 946109
11.41357421875 14.34326171875 -1.03759765625 946110
11.41357421875 14.34326171875 -1.03759765625 946111
11.41357421875 14.34326171875 -1.03759765625 946112
11.41357421875 14.34326171875 -1.03759765625 946113
20.751953125 9.33837890625 -2.99072265625 946180
20.751953125 9.33837890625 -2.99072265625 946298
19.8974609375 40.4052734375 -5.67626953125 946299
19.8974609375 40.4052734375 -5.67626953125 946299
19.8974609375 40.4052734375 -5.67626953125 946300
19.8974609375 40.4052734375 -5.67626953125 946301
15.07568359375 48.03466796875 -7.14111328125 946404
15.07568359375 48.03466796875 -7.14111328125 946405
15.07568359375 48.03466796875 -7.14111328125 946406
15.07568359375 48.03466796875 -7.14111328125 946406
15.07568359375 48.03466796875 -7.14111328125 946508
9.765625 36.31591796875 1.46484375 946508
9.765625 36.31591796875 1.46484375 946509
9.765625 36.31591796875 1.46484375 946510
9.765625 36.31591796875 1.46484375 946510
13.427734375 13.18359375 7.75146484375 946581
13.427734375 13.18359375 7.75146484375 946700
25.390625 34.48486328125 1.15966796875 946701
25.390625 34.48486328125 1.15966796875 946702
25.390625 34.48486328125 1.15966796875 946702
25.390625 34.48486328125 1.15966796875 946703
25.390625 34.48486328125 1.15966796875 946803
2.44140625 16.66259765625 0.42724609375 946805
2.44140625 16.66259765625 0.42724609375 946805
2.44140625 16.66259765625 0.42724609375 946806
2.44140625 16.66259765625 0.42724609375 946807
2.44140625 16.66259765625 0.42724609375 946907
11.8408203125 27.52685546875 -4.82177734375 946908
11.8408203125 27.52685546875 -4.82177734375 946909
11.8408203125 27.52685546875 -4.82177734375 946910
11.8408203125 27.52685546875 -4.82177734375 946910
11.8408203125 27.52685546875 -4.82177734375 947008
-1.0986328125 -2.8076171875 4.150390625 947008
0.6103515625 -2.9296875 7.568359375 947078
0.6103515625 -2.9296875 7.568359375 947079
0.6103515625 -2.9296875 7.568359375 947080
0.6103515625 -2.9296875 7.568359375 947081
0.6103515625 -2.9296875 7.568359375 947199
1.220703125 1.220703125 0.06103515625 947200
1.220703125 1.220703125 0.06103515625 947201
1.220703125 1.220703125 0.06103515625 947201
1.220703125 1.220703125 0.06103515625 947203
1.220703125 1.220703125 0.06103515625 947301
-1.28173828125 -0.3662109375 1.77001953125 947302
-1.28173828125 -0.3662109375 1.77001953125 947303
-1.28173828125 -0.3662109375 1.77001953125 947304
-1.28173828125 -0.3662109375 1.77001953125 947305
-1.28173828125 -0.3662109375 1.77001953125 947404
1.03759765625 2.0751953125 3.173828125 947405
1.03759765625 2.0751953125 3.173828125 947406
1.03759765625 2.0751953125 3.173828125 947406
1.03759765625 2.0751953125 3.173828125 947407
