0.11474609375 0.4033203125 0.81591796875 430666
0.11474609375 0.4033203125 0.81591796875 430666
0.11474609375 0.4033203125 0.81591796875 430718
0.11474609375 0.4033203125 0.81591796875 430720
0.11474609375 0.4033203125 0.81591796875 430744
-0.03076171875 0.26123046875 0.85400390625 430756
-0.03076171875 0.26123046875 0.85400390625 430757
-0.0380859375 0.26953125 0.84375 430769
-0.0380859375 0.26953125 0.84375 430770
-0.0263671875 0.26806640625 0.85986328125 430878
-0.0263671875 0.26806640625 0.85986328125 430879
-0.0263671875 0.26806640625 0.85986328125 430880
-0.0263671875 0.26806640625 0.85986328125 430881
-0.0263671875 0.26806640625 0.85986328125 430882
-0.0263671875 0.2626953125 0.8515625 430983
-0.0263671875 0.2626953125 0.8515625 430986
-0.0263671875 0.2626953125 0.8515625 430987
-0.0263671875 0.2626953125 0.8515625 430988
-0.0263671875 0.2626953125 0.8515625 430989
-0.02978515625 0.27099609375 0.85888671875 431068
-0.041015625 0.279296875 0.85791015625 431178
-0.041015625 0.279296875 0.85791015625 431196
-0.041015625 0.279296875 0.85791015625 431197
-0.041015625 0.279296875 0.85791015625 431198
-0.041015625 0.279296875 0.85791015625 431199
-0.0263671875 0.2509765625 0.87158203125 431281
-0.0263671875 0.2509765625 0.87158203125 431282
-0.0419921875 0.2744140625 0.84033203125 431383
-0.0419921875 0.2744140625 0.84033203125 431384
-0.0419921875 0.2744140625 0.84033203125 431386
-0.0419921875 0.2744140625 0.84033203125 431387
-0.0419921875 0.2744140625 0.84033203125 431388
-0.0322265625 0.26123046875 0.8759765625 431485
-0.0322265625 0.26123046875 0.8759765625 431486
-0.0322265625 0.26123046875 0.8759765625 431487
-0.0322265625 0.26123046875 0.8759765625 431488
-0.0322265625 0.26123046875 0.8759765625 431489
-0.03564453125 0.28564453125 0.86376953125 431569
-0.0390625 0.27197265625 0.84521484375 431680
-0.0390625 0.27197265625 0.84521484375 431681
-0.0390625 0.27197265625 0.84521484375 431683
-0.0390625 0.27197265625 0.84521484375 431685
-0.0390625 0.27197265625 0.84521484375 431686
-0.046875 0.3046875 0.80322265625 431783
-0.046875 0.3046875 0.80322265625 431785
-0.046875 0.3046875 0.80322265625 431786
-0.046875 0.3046875 0.80322265625 431787
-0.046875 0.3046875 0.80322265625 431788
-0.0029296875 0.2841796875 0.84228515625 431885
-0.0029296875 0.2841796875 0.84228515625 431887
-0.0029296875 0.2841796875 0.84228515625 431888
-0.0029296875 0.2841796875 0.84228515625 431890
-0.0029296875 0.2841796875 0.84228515625 431891
-0.02197265625 0.30322265625 0.86572265625 431988
-0.02197265625 0.30322265625 0.86572265625 431990
-0.02197265625 0.30322265625 0.86572265625 431991
-0.02197265625 0.30322265625 0.86572265625 431992
-0.02197265625 0.30322265625 0.86572265625 431993
-0.060546875 0.30615234375 0.83740234375 432068
-0.08203125 0.30419921875 0.81640625 432181
-0.08203125 0.30419921875 0.81640625 432182
-0.08203125 0.30419921875 0.81640625 432183
-0.08203125 0.30419921875 0.81640625 432184
-0.08203125 0.30419921875 0.81640625 432185
-0.0390625 0.31298828125 0.8642578125 432283
-0.0390625 0.31298828125 0.8642578125 432284
-0.0390625 0.31298828125 0.8642578125 432288
-0.0390625 0.31298828125 0.8642578125 432289
-0.0390625 0.31298828125 0.8642578125 432290
-0.01220703125 0.2685546875 0.8671875 432403
-0.01220703125 0.2685546875 0.8671875 432405
-0.01220703125 0.2685546875 0.8671875 432406
-0.01220703125 0.2685546875 0.8671875 432408
-0.01220703125 0.2685546875 0.8671875 432409
0.0087890625 0.234375 0.90380859375 432488
-0.025390625 0.22119140625 0.87158203125 432566
-0.025390625 0.22119140625 0.87158203125 432568
-0.025390625 0.22119140625 0.87158203125 432569
-0.025390625 0.22119140625 0.87158203125 432570
-0.025390625 0.22119140625 0.87158203125 432571
-0.017578125 0.23779296875 0.8740234375 432678
-0.017578125 0.23779296875 0.8740234375 432679
-0.017578125 0.23779296875 0.8740234375 432680
-0.017578125 0.23779296875 0.8740234375 432681
-0.017578125 0.23779296875 0.8740234375 432682
-0.05224609375 0.2646484375 0.82763671875 432781
-0.05224609375 0.2646484375 0.82763671875 432782
-0.05224609375 0.2646484375 0.82763671875 432784
-0.05224609375 0.2646484375 0.82763671875 432785
-0.05224609375 0.2646484375 0.82763671875 432786
-0.06396484375 0.2763671875 0.84228515625 432898
-0.06396484375 0.2763671875 0.84228515625 432931
-0.06396484375 0.2763671875 0.84228515625 432935
-0.06396484375 0.2763671875 0.84228515625 432944
-0.06396484375 0.2763671875 0.84228515625 432947
-0.04931640625 0.2646484375 0.865234375 432986
-0.06787109375 0.275390625 0.8447265625 433095
-0.06787109375 0.275390625 0.8447265625 433096
-0.06787109375 0.275390625 0.8447265625 433097
-0.06787109375 0.275390625 0.8447265625 433098
-0.06787109375 0.275390625 0.8447265625 433099
-0.052734375 0.30126953125 0.8662109375 433169
-0.07958984375 0.265625 0.8515625 433279
-0.07958984375 0.265625 0.8515625 433280
-0.07958984375 0.265625 0.8515625 433281
-0.07958984375 0.265625 0.8515625 433282
-0.07958984375 0.265625 0.8515625 433283
-0.09814453125 0.2919921875 0.82177734375 433396
-0.09814453125 0.2919921875 0.82177734375 433398
-0.09814453125 0.2919921875 0.82177734375 433398
-0.09814453125 0.2919921875 0.82177734375 433401
-0.09814453125 0.2919921875 0.82177734375 433402
-0.0966796875 0.32080078125 0.806640625 433486
-0.0849609375 0.322265625 0.82275390625 433588
-0.0849609375 0.322265625 0.82275390625 433589
-0.0849609375 0.322265625 0.82275390625 433590
-0.0849609375 0.322265625 0.82275390625 433591
-0.0849609375 0.322265625 0.82275390625 433592
-0.09619140625 0.31884765625 0.80908203125 433666
-0.09716796875 0.3388671875 0.814453125 433777
-0.09716796875 0.3388671875 0.814453125 433778
-0.09716796875 0.3388671875 0.814453125 433779
-0.09716796875 0.3388671875 0.814453125 433780
-0.09716796875 0.3388671875 0.814453125 433781
-0.0947265625 0.34228515625 0.8359375 433882
-0.0947265625 0.34228515625 0.8359375 433883
-0.0947265625 0.34228515625 0.8359375 433885
-0.0947265625 0.34228515625 0.8359375 433886
-0.0947265625 0.34228515625 0.8359375 433887
-0.09375 0.33984375 0.82568359375 433987
-0.09375 0.33984375 0.82568359375 433989
-0.09375 0.33984375 0.82568359375 433990
-0.09375 0.33984375 0.82568359375 433991
-0.09375 0.33984375 0.82568359375 433992
-0.08056640625 0.34912109375 0.8115234375 434087
-0.08056640625 0.34912109375 0.8115234375 434088
-0.08984375 0.34716796875 0.8115234375 434169
-0.08984375 0.34716796875 0.8115234375 434171
-0.08984375 0.34716796875 0.8115234375 434172
-0.08984375 0.34716796875 0.8115234375 434173
-0.1142578125 0.36181640625 0.8095703125 434282
-0.1142578125 0.36181640625 0.8095703125 434283
-0.1142578125 0.36181640625 0.8095703125 434285
-0.1142578125 0.36181640625 0.8095703125 434286
-0.1142578125 0.36181640625 0.8095703125 434287
-0.09716796875 0.337890625 0.83544921875 434383
-0.09716796875 0.337890625 0.83544921875 434384
-0.09716796875 0.337890625 0.83544921875 434385
-0.09716796875 0.337890625 0.83544921875 434386
-0.09716796875 0.337890625 0.83544921875 434388
-0.087890625 0.29296875 0.85400390625 434478
-0.12744140625 0.32568359375 0.7978515625 434594
-0.12744140625 0.32568359375 0.7978515625 434595
-0.12744140625 0.32568359375 0.7978515625 434596
-0.12744140625 0.32568359375 0.7978515625 434597
-0.12744140625 0.32568359375 0.7978515625 434598
-0.1162109375 0.4365234375 0.7958984375 434689
-0.15380859375 0.43408203125 0.6640625 434768
-0.15380859375 0.43408203125 0.6640625 434770
-0.15380859375 0.43408203125 0.6640625 434771
-0.15380859375 0.43408203125 0.6640625 434772
-0.15380859375 0.43408203125 0.6640625 434772
-0.10595703125 0.51318359375 0.6962890625 434879
-0.10595703125 0.51318359375 0.6962890625 434880
-0.10595703125 0.51318359375 0.6962890625 434882
-0.10595703125 0.51318359375 0.6962890625 434883
-0.10595703125 0.51318359375 0.6962890625 434884
-0.03466796875 0.6142578125 0.814453125 434982
-0.03466796875 0.6142578125 0.814453125 434983
-0.03466796875 0.6142578125 0.814453125 434984
-0.03466796875 0.6142578125 0.814453125 434985
-0.03466796875 0.6142578125 0.814453125 434986
-0.0654296875 0.662109375 0.671875 435089
-0.0654296875 0.662109375 0.671875 435090
-0.0654296875 0.662109375 0.671875 435091
-0.0654296875 0.662109375 0.671875 435091
-0.0654296875 0.662109375 0.671875 435092
-0.03564453125 0.6806640625 0.6396484375 435187
0.0048828125 0.66650390625 0.65869140625 435265
0.0048828125 0.66650390625 0.65869140625 435267
0.0048828125 0.66650390625 0.65869140625 435268
0.0048828125 0.66650390625 0.65869140625 435269
0.0048828125 0.66650390625 0.65869140625 435270
-0.001953125 0.7216796875 0.642578125 435376
-0.001953125 0.7216796875 0.642578125 435377
-0.001953125 0.7216796875 0.642578125 435378
-0.001953125 0.7216796875 0.642578125 435379
-0.001953125 0.7216796875 0.642578125 435380
-0.00048828125 0.7294921875 0.61572265625 435479
-0.00048828125 0.7294921875 0.61572265625 435480
-0.00048828125 0.7294921875 0.61572265625 435481
-0.00048828125 0.7294921875 0.61572265625 435482
-0.00048828125 0.7294921875 0.61572265625 435482
0.00927734375 0.71923828125 0.60400390625 435581
0.00927734375 0.71923828125 0.60400390625 435582
0.00927734375 0.71923828125 0.60400390625 435583
0.00927734375 0.71923828125 0.60400390625 435584
0.00927734375 0.71923828125 0.60400390625 435585
0.0302734375 0.74365234375 0.625 435683
0.0302734375 0.74365234375 0.625 435684
0.0302734375 0.74365234375 0.625 435685
0.0302734375 0.74365234375 0.625 435686
0.0302734375 0.74365234375 0.625 435687
0.03662109375 0.7353515625 0.61279296875 435785
0.03662109375 0.7353515625 0.61279296875 435786
0.03662109375 0.7353515625 0.61279296875 435787
0.03662109375 0.7353515625 0.61279296875 435789
0.03662109375 0.7353515625 0.61279296875 435790
0.0654296875 0.75634765625 0.63671875 435889
0.0654296875 0.75634765625 0.63671875 435890
0.0654296875 0.75634765625 0.63671875 435890
0.0654296875 0.75634765625 0.63671875 435891
0.0654296875 0.75634765625 0.63671875 435892
0.126953125 0.68017578125 0.732421875 435968
0.1357421875 0.5859375 0.72412109375 436079
0.1357421875 0.5859375 0.72412109375 436080
0.1357421875 0.5859375 0.72412109375 436081
0.1357421875 0.5859375 0.72412109375 436082
0.1357421875 0.5859375 0.72412109375 436083
0.17041015625 0.5341796875 0.78564453125 436182
0.17041015625 0.5341796875 0.78564453125 436183
0.17041015625 0.5341796875 0.78564453125 436184
0.17041015625 0.5341796875 0.78564453125 436186
0.17041015625 0.5341796875 0.78564453125 436187
0.17431640625 0.46533203125 0.81591796875 436287
0.17431640625 0.46533203125 0.81591796875 436289
0.17431640625 0.46533203125 0.81591796875 436289
0.17431640625 0.46533203125 0.81591796875 436290
0.17431640625 0.46533203125 0.81591796875 436291
0.14111328125 0.47119140625 0.80419921875 436387
0.14111328125 0.47119140625 0.80419921875 436388
0.14453125 0.455078125 0.8134765625 436465
0.14453125 0.455078125 0.8134765625 436466
0.14453125 0.455078125 0.8134765625 436468
0.14453125 0.455078125 0.8134765625 436469
0.1279296875 0.42333984375 0.82080078125 436577
0.1279296875 0.42333984375 0.82080078125 436578
0.1279296875 0.42333984375 0.82080078125 436579
0.1279296875 0.42333984375 0.82080078125 436580
0.1279296875 0.42333984375 0.82080078125 436581
0.1435546875 0.4130859375 0.81982421875 436681
0.1435546875 0.4130859375 0.81982421875 436682
0.1435546875 0.4130859375 0.81982421875 436684
0.1435546875 0.4130859375 0.81982421875 436685
0.1435546875 0.4130859375 0.81982421875 436686
0.14501953125 0.41943359375 0.8583984375 436783
0.14501953125 0.41943359375 0.8583984375 436784
0.14501953125 0.41943359375 0.8583984375 436785
0.14501953125 0.41943359375 0.8583984375 436787
0.14501953125 0.41943359375 0.8583984375 436788
0.1201171875 0.4111328125 0.82421875 436885
0.1201171875 0.4111328125 0.82421875 436887
0.1201171875 0.4111328125 0.82421875 436888
0.1201171875 0.4111328125 0.82421875 436889
0.1201171875 0.4111328125 0.82421875 436890
0.10986328125 0.38330078125 0.8125 436988
0.10986328125 0.38330078125 0.8125 436989
0.10986328125 0.38330078125 0.8125 436990
0.10986328125 0.38330078125 0.8125 436991
0.10986328125 0.38330078125 0.8125 436992
0.11328125 0.39111328125 0.810546875 437066
0.12255859375 0.41259765625 0.84033203125 437176
0.12255859375 0.41259765625 0.84033203125 437177
0.12255859375 0.41259765625 0.84033203125 437178
0.12255859375 0.41259765625 0.84033203125 437179
0.12255859375 0.41259765625 0.84033203125 437180
0.12841796875 0.40771484375 0.8408203125 437279
0.12841796875 0.40771484375 0.8408203125 437280
0.12841796875 0.40771484375 0.8408203125 437281
0.12841796875 0.40771484375 0.8408203125 437283
0.12841796875 0.40771484375 0.8408203125 437284
0.1396484375 0.3935546875 0.83203125 437381
0.1396484375 0.3935546875 0.83203125 437383
0.1396484375 0.3935546875 0.83203125 437384
0.1396484375 0.3935546875 0.83203125 437385
0.1396484375 0.3935546875 0.83203125 437386
0.1357421875 0.39501953125 0.80419921875 437484
0.1357421875 0.39501953125 0.80419921875 437486
0.1357421875 0.39501953125 0.80419921875 437487
0.1357421875 0.39501953125 0.80419921875 437488
0.1357421875 0.39501953125 0.80419921875 437489
0.134765625 0.4140625 0.83984375 437587
0.134765625 0.4140625 0.83984375 437588
0.134765625 0.4140625 0.83984375 437589
0.134765625 0.4140625 0.83984375 437591
0.134765625 0.4140625 0.83984375 437592
0.13330078125 0.42919921875 0.8359375 437665
0.13818359375 0.40966796875 0.8291015625 437781
0.13818359375 0.40966796875 0.8291015625 437782
0.13818359375 0.40966796875 0.8291015625 437783
0.13818359375 0.40966796875 0.8291015625 437784
0.13818359375 0.40966796875 0.8291015625 437785
0.1494140625 0.41162109375 0.84326171875 437879
0.14453125 0.4140625 0.83935546875 437967
0.14453125 0.4140625 0.83935546875 437968
0.14453125 0.4140625 0.83935546875 437969
0.14453125 0.4140625 0.83935546875 437970
0.14453125 0.4140625 0.83935546875 437971
0.13671875 0.41796875 0.82080078125 438082
0.13671875 0.41796875 0.82080078125 438083
0.13671875 0.41796875 0.82080078125 438084
0.13671875 0.41796875 0.82080078125 438085
0.13671875 0.41796875 0.82080078125 438087
0.1416015625 0.42431640625 0.8291015625 438181
0.14208984375 0.42626953125 0.8427734375 438286
0.14208984375 0.42626953125 0.8427734375 438287
0.14208984375 0.42626953125 0.8427734375 438288
0.14208984375 0.42626953125 0.8427734375 438289
0.14208984375 0.42626953125 0.8427734375 438290
0.140625 0.39990234375 0.826171875 438406
0.140625 0.39990234375 0.826171875 438407
0.140625 0.39990234375 0.826171875 438408
0.140625 0.39990234375 0.826171875 438410
0.140625 0.39990234375 0.826171875 438410
0.1396484375 0.42041015625 0.82958984375 438466
0.13818359375 0.4130859375 0.82421875 438578
0.13818359375 0.4130859375 0.82421875 438580
0.13818359375 0.4130859375 0.82421875 438581
0.13818359375 0.4130859375 0.82421875 438582
0.13818359375 0.4130859375 0.82421875 438583
0.13916015625 0.41943359375 0.8330078125 438678
0.13916015625 0.41943359375 0.8330078125 438679
0.1357421875 0.40771484375 0.818359375 438781
0.1357421875 0.40771484375 0.818359375 438782
0.1357421875 0.40771484375 0.818359375 438784
0.1357421875 0.40771484375 0.818359375 438785
0.1357421875 0.40771484375 0.818359375 438786
0.1435546875 0.41357421875 0.8359375 438899
0.1435546875 0.41357421875 0.8359375 438901
0.1435546875 0.41357421875 0.8359375 438902
0.1435546875 0.41357421875 0.8359375 438903
0.1435546875 0.41357421875 0.8359375 438904
0.14111328125 0.423828125 0.83740234375 438987
0.142578125 0.40771484375 0.8310546875 439065
0.142578125 0.40771484375 0.8310546875 439069
0.142578125 0.40771484375 0.8310546875 439070
0.142578125 0.40771484375 0.8310546875 439071
0.142578125 0.40771484375 0.8310546875 439072
0.142578125 0.4072265625 0.8349609375 439177
0.142578125 0.4072265625 0.8349609375 439178
0.142578125 0.4072265625 0.8349609375 439179
0.142578125 0.4072265625 0.8349609375 439180
0.142578125 0.4072265625 0.8349609375 439181
0.1376953125 0.4111328125 0.82568359375 439283
0.1376953125 0.4111328125 0.82568359375 439284
0.1376953125 0.4111328125 0.82568359375 439285
0.1376953125 0.4111328125 0.82568359375 439286
0.1376953125 0.4111328125 0.82568359375 439287
0.14208984375 0.412109375 0.8359375 439382
0.14501953125 0.40380859375 0.83544921875 439484
0.14501953125 0.40380859375 0.83544921875 439488
0.14501953125 0.40380859375 0.83544921875 439489
0.14501953125 0.40380859375 0.83544921875 439490
0.14501953125 0.40380859375 0.83544921875 439491
0.14111328125 0.4091796875 0.82666015625 439586
0.14111328125 0.4091796875 0.82666015625 439587
0.14990234375 0.4140625 0.8359375 439665
0.14990234375 0.4140625 0.8359375 439667
0.14990234375 0.4140625 0.8359375 439668
0.14990234375 0.4140625 0.8359375 439669
0.14306640625 0.4091796875 0.828125 439770
0.14306640625 0.4091796875 0.828125 439771
0.14306640625 0.4091796875 0.828125 439772
0.14306640625 0.4091796875 0.828125 439774
0.14306640625 0.4091796875 0.828125 439775
0.1533203125 0.40673828125 0.83935546875 439882
0.1533203125 0.40673828125 0.83935546875 439883
0.1533203125 0.40673828125 0.83935546875 439884
0.1533203125 0.40673828125 0.83935546875 439885
0.1533203125 0.40673828125 0.83935546875 439886
0.146484375 0.4072265625 0.83203125 439985
0.146484375 0.4072265625 0.83203125 439986
0.146484375 0.4072265625 0.83203125 439988
0.146484375 0.4072265625 0.83203125 439989
0.146484375 0.4072265625 0.83203125 439990
0.1513671875 0.41357421875 0.837890625 440104
0.1513671875 0.41357421875 0.837890625 440105
0.1513671875 0.41357421875 0.837890625 440106
0.1513671875 0.41357421875 0.837890625 440107
0.1513671875 0.41357421875 0.837890625 440108
0.14697265625 0.396484375 0.83203125 440166
0.15234375 0.4091796875 0.84033203125 440278
0.15234375 0.4091796875 0.84033203125 440279
0.15234375 0.4091796875 0.84033203125 440280
0.15234375 0.4091796875 0.84033203125 440282
0.15234375 0.4091796875 0.84033203125 440283
0.14306640625 0.40771484375 0.828125 440387
0.14306640625 0.40771484375 0.828125 440388
0.14306640625 0.40771484375 0.828125 440389
0.14306640625 0.40771484375 0.828125 440390
0.14306640625 0.40771484375 0.828125 440391
0.1533203125 0.40966796875 0.841796875 440486
0.14892578125 0.39306640625 0.8388671875 440588
0.14892578125 0.39306640625 0.8388671875 440589
0.14892578125 0.39306640625 0.8388671875 440590
0.14892578125 0.39306640625 0.8388671875 440591
0.14892578125 0.39306640625 0.8388671875 440591
0.1484375 0.40380859375 0.830078125 440665
0.1533203125 0.40771484375 0.8466796875 440777
0.1533203125 0.40771484375 0.8466796875 440778
0.1533203125 0.40771484375 0.8466796875 440779
0.1533203125 0.40771484375 0.8466796875 440780
0.1533203125 0.40771484375 0.8466796875 440781
0.14599609375 0.39453125 0.83642578125 440880
0.14599609375 0.39453125 0.83642578125 440881
0.14599609375 0.39453125 0.83642578125 440882
0.14599609375 0.39453125 0.83642578125 440883
0.14599609375 0.39453125 0.83642578125 440884
0.1494140625 0.4072265625 0.84130859375 440982
0.1494140625 0.4072265625 0.84130859375 440984
0.1494140625 0.4072265625 0.84130859375 440985
0.1494140625 0.4072265625 0.84130859375 440986
0.1494140625 0.4072265625 0.84130859375 440987
0.146484375 0.40869140625 0.83642578125 441085
0.146484375 0.40869140625 0.83642578125 441086
0.146484375 0.40869140625 0.83642578125 441087
0.146484375 0.40869140625 0.83642578125 441089
0.146484375 0.40869140625 0.83642578125 441090
0.14306640625 0.400390625 0.83056640625 441167
0.14111328125 0.40478515625 0.83203125 441282
0.14111328125 0.40478515625 0.83203125 441283
0.14111328125 0.40478515625 0.83203125 441284
0.14111328125 0.40478515625 0.83203125 441286
0.14111328125 0.40478515625 0.83203125 441287
0.146484375 0.40625 0.841796875 441380
0.1376953125 0.3935546875 0.8232421875 441484
0.1376953125 0.3935546875 0.8232421875 441485
0.1376953125 0.3935546875 0.8232421875 441487
0.1376953125 0.3935546875 0.8232421875 441488
0.1376953125 0.3935546875 0.8232421875 441489
0.14599609375 0.41748046875 0.8447265625 441586
0.14599609375 0.41748046875 0.8447265625 441587
0.14599609375 0.41748046875 0.8447265625 441589
0.14599609375 0.41748046875 0.8447265625 441590
0.14599609375 0.41748046875 0.8447265625 441591
0.14697265625 0.39306640625 0.83544921875 441688
0.14697265625 0.39306640625 0.83544921875 441689
0.14697265625 0.39306640625 0.83544921875 441690
0.14697265625 0.39306640625 0.83544921875 441691
0.14697265625 0.39306640625 0.83544921875 441692
0.14697265625 0.39404296875 0.83056640625 441766
0.1396484375 0.41015625 0.833984375 441878
0.1396484375 0.41015625 0.833984375 441879
0.1396484375 0.41015625 0.833984375 441880
0.1396484375 0.41015625 0.833984375 441881
0.1396484375 0.41015625 0.833984375 441883
0.14501953125 0.3935546875 0.83984375 441980
0.14501953125 0.3935546875 0.83984375 441981
0.14501953125 0.3935546875 0.83984375 441982
0.14501953125 0.3935546875 0.83984375 441984
0.14501953125 0.3935546875 0.83984375 441985
0.142578125 0.3994140625 0.83349609375 442083
0.142578125 0.3994140625 0.83349609375 442084
0.142578125 0.3994140625 0.83349609375 442085
0.142578125 0.3994140625 0.83349609375 442086
0.142578125 0.3994140625 0.83349609375 442087
0.14892578125 0.3935546875 0.83251953125 442190
0.14892578125 0.3935546875 0.83251953125 442192
0.14892578125 0.3935546875 0.83251953125 442193
0.14892578125 0.3935546875 0.83251953125 442195
0.14892578125 0.3935546875 0.83251953125 442196
0.1494140625 0.3974609375 0.84619140625 442303
0.1494140625 0.3974609375 0.84619140625 442304
0.1494140625 0.3974609375 0.84619140625 442305
0.1494140625 0.3974609375 0.84619140625 442306
0.1494140625 0.3974609375 0.84619140625 442307
0.14111328125 0.40283203125 0.83251953125 442367
0.14306640625 0.40380859375 0.830078125 442493
0.14306640625 0.40380859375 0.830078125 442495
0.14306640625 0.40380859375 0.830078125 442501
0.14306640625 0.40380859375 0.830078125 442502
0.14306640625 0.40380859375 0.830078125 442504
0.14404296875 0.400390625 0.830078125 442582
0.14111328125 0.400390625 0.8291015625 442698
0.14111328125 0.400390625 0.8291015625 442700
0.14111328125 0.400390625 0.8291015625 442701
0.14111328125 0.400390625 0.8291015625 442702
0.14111328125 0.400390625 0.8291015625 442703
0.1474609375 0.40576171875 0.84228515625 442789
0.13818359375 0.375 0.82666015625 442865
0.13818359375 0.375 0.82666015625 442867
0.13818359375 0.375 0.82666015625 442890
0.13818359375 0.375 0.82666015625 442892
0.13818359375 0.375 0.82666015625 442894
0.14453125 0.408203125 0.84130859375 442977
0.14453125 0.408203125 0.84130859375 442978
0.14453125 0.408203125 0.84130859375 442979
0.14111328125 0.3984375 0.83740234375 443081
0.14111328125 0.3984375 0.83740234375 443083
0.14111328125 0.3984375 0.83740234375 443111
0.14111328125 0.3984375 0.83740234375 443112
0.14111328125 0.3984375 0.83740234375 443113
0.146484375 0.39111328125 0.83203125 443183
0.146484375 0.39111328125 0.83203125 443184
0.14697265625 0.38671875 0.84130859375 443286
0.14697265625 0.38671875 0.84130859375 443287
0.14697265625 0.38671875 0.84130859375 443288
0.14697265625 0.38671875 0.84130859375 443289
0.14697265625 0.38671875 0.84130859375 443290
0.14013671875 0.40380859375 0.8388671875 443392
0.14013671875 0.40380859375 0.8388671875 443393
0.14013671875 0.40380859375 0.8388671875 443394
0.14013671875 0.40380859375 0.8388671875 443395
0.14013671875 0.40380859375 0.8388671875 443396
0.1455078125 0.3935546875 0.84228515625 443478
0.146484375 0.3857421875 0.8291015625 443577
0.146484375 0.3857421875 0.8291015625 443578
0.146484375 0.3857421875 0.8291015625 443579
0.146484375 0.3857421875 0.8291015625 443579
0.146484375 0.3857421875 0.8291015625 443580
0.14453125 0.4072265625 0.83154296875 443694
0.14453125 0.4072265625 0.83154296875 443696
0.14453125 0.4072265625 0.83154296875 443697
0.14453125 0.4072265625 0.83154296875 443698
0.14453125 0.4072265625 0.83154296875 443699
0.15283203125 0.3857421875 0.8466796875 443782
0.14501953125 0.38720703125 0.84130859375 443899
0.14501953125 0.38720703125 0.84130859375 443900
0.14501953125 0.38720703125 0.84130859375 443901
0.14501953125 0.38720703125 0.84130859375 443903
0.14501953125 0.38720703125 0.84130859375 443904
0.1357421875 0.39453125 0.8291015625 443990
0.14453125 0.40087890625 0.84228515625 444065
0.14453125 0.40087890625 0.84228515625 444067
0.14453125 0.40087890625 0.84228515625 444090
0.14453125 0.40087890625 0.84228515625 444091
0.14453125 0.40087890625 0.84228515625 444092
0.140625 0.39111328125 0.83935546875 444177
0.140625 0.39111328125 0.83935546875 444178
0.140625 0.39111328125 0.83935546875 444179
0.14453125 0.3955078125 0.8447265625 444279
0.14453125 0.3955078125 0.8447265625 444280
0.14453125 0.3955078125 0.8447265625 444282
0.14453125 0.3955078125 0.8447265625 444283
0.14453125 0.3955078125 0.8447265625 444284
0.13330078125 0.39013671875 0.81982421875 444367
0.15087890625 0.39892578125 0.85693359375 444478
0.15087890625 0.39892578125 0.85693359375 444479
0.15087890625 0.39892578125 0.85693359375 444480
0.15087890625 0.39892578125 0.85693359375 444481
0.15087890625 0.39892578125 0.85693359375 444482
0.14208984375 0.38720703125 0.828125 444584
0.14208984375 0.38720703125 0.828125 444585
0.14208984375 0.38720703125 0.828125 444586
0.14208984375 0.38720703125 0.828125 444587
0.13720703125 0.388671875 0.8388671875 444685
0.13720703125 0.388671875 0.8388671875 444686
0.13720703125 0.388671875 0.8388671875 444687
0.13720703125 0.388671875 0.8388671875 444688
0.13720703125 0.388671875 0.8388671875 444689
0.1396484375 0.3896484375 0.84130859375 444788
0.1396484375 0.3896484375 0.84130859375 444789
0.1396484375 0.3896484375 0.84130859375 444790
0.1396484375 0.3896484375 0.84130859375 444791
0.1396484375 0.3896484375 0.84130859375 444792
0.13525390625 0.3818359375 0.83203125 444865
0.14306640625 0.39599609375 0.83740234375 444975
0.14306640625 0.39599609375 0.83740234375 444976
0.14306640625 0.39599609375 0.83740234375 444977
0.14306640625 0.39599609375 0.83740234375 444978
0.14306640625 0.39599609375 0.83740234375 444979
0.1376953125 0.40673828125 0.833984375 445078
0.1376953125 0.40673828125 0.833984375 445079
0.1376953125 0.40673828125 0.833984375 445080
0.1376953125 0.40673828125 0.833984375 445082
0.1376953125 0.40673828125 0.833984375 445083
0.13427734375 0.4052734375 0.84375 445180
0.13427734375 0.4052734375 0.84375 445182
0.13427734375 0.4052734375 0.84375 445183
0.13427734375 0.4052734375 0.84375 445185
0.13427734375 0.4052734375 0.84375 445186
0.11767578125 0.4111328125 0.826171875 445283
0.11767578125 0.4111328125 0.826171875 445284
0.11767578125 0.4111328125 0.826171875 445286
0.11767578125 0.4111328125 0.826171875 445288
0.08642578125 0.44091796875 0.7998046875 445399
0.08642578125 0.44091796875 0.7998046875 445409
0.08642578125 0.44091796875 0.7998046875 445410
0.08642578125 0.44091796875 0.7998046875 445411
0.08642578125 0.44091796875 0.7998046875 445412
0.07958984375 0.4658203125 0.80908203125 445488
0.0869140625 0.4521484375 0.80078125 445581
0.0869140625 0.4521484375 0.80078125 445582
0.0869140625 0.4521484375 0.80078125 445583
0.0869140625 0.4521484375 0.80078125 445584
0.0869140625 0.4521484375 0.80078125 445585
0.072265625 0.47412109375 0.796875 445680
0.07470703125 0.5068359375 0.810546875 445784
0.07470703125 0.5068359375 0.810546875 445785
0.07470703125 0.5068359375 0.810546875 445786
0.07470703125 0.5068359375 0.810546875 445787
0.07470703125 0.5068359375 0.810546875 445788
0.04541015625 0.53076171875 0.80419921875 445885
0.04541015625 0.53076171875 0.80419921875 445886
0.04541015625 0.53076171875 0.80419921875 445887
0.04541015625 0.53076171875 0.80419921875 445888
0.04541015625 0.53076171875 0.80419921875 445889
0.005859375 0.52587890625 0.74755859375 445988
0.005859375 0.52587890625 0.74755859375 445996
0.005859375 0.52587890625 0.74755859375 445998
0.005859375 0.52587890625 0.74755859375 445999
0.005859375 0.52587890625 0.74755859375 446000
-0.04736328125 0.5908203125 0.697265625 446067
-0.123046875 0.69091796875 0.6708984375 446178
-0.123046875 0.69091796875 0.6708984375 446179
-0.123046875 0.69091796875 0.6708984375 446180
-0.123046875 0.69091796875 0.6708984375 446182
-0.123046875 0.69091796875 0.6708984375 446183
-0.244140625 0.7275390625 0.53515625 446281
-0.244140625 0.7275390625 0.53515625 446282
-0.244140625 0.7275390625 0.53515625 446309
-0.244140625 0.7275390625 0.53515625 446315
-0.244140625 0.7275390625 0.53515625 446316
-0.34619140625 0.7265625 0.3798828125 446384
-0.34619140625 0.7265625 0.3798828125 446385
-0.34619140625 0.7265625 0.3798828125 446387
-0.44384765625 0.744140625 0.2041015625 446487
-0.44384765625 0.744140625 0.2041015625 446488
-0.44384765625 0.744140625 0.2041015625 446489
-0.44384765625 0.744140625 0.2041015625 446490
-0.44384765625 0.744140625 0.2041015625 446491
-0.51123046875 0.75927734375 0.001953125 446589
-0.51123046875 0.75927734375 0.001953125 446590
-0.51123046875 0.75927734375 0.001953125 446591
-0.51123046875 0.75927734375 0.001953125 446592
-0.51123046875 0.75927734375 0.001953125 446593
-0.52685546875 0.810546875 -0.13623046875 446674
-0.4951171875 0.78125 0.0595703125 446776
-0.4951171875 0.78125 0.0595703125 446777
-0.4951171875 0.78125 0.0595703125 446778
-0.4951171875 0.78125 0.0595703125 446779
-0.4951171875 0.78125 0.0595703125 446781
-0.3896484375 0.685546875 0.390625 446879
-0.3896484375 0.685546875 0.390625 446880
-0.3896484375 0.685546875 0.390625 446881
-0.3896484375 0.685546875 0.390625 446883
-0.3896484375 0.685546875 0.390625 446884
-0.28759765625 0.6630859375 0.5673828125 446985
-0.28759765625 0.6630859375 0.5673828125 446986
-0.28759765625 0.6630859375 0.5673828125 446987
-0.28759765625 0.6630859375 0.5673828125 446988
-0.28759765625 0.6630859375 0.5673828125 446989
-0.2529296875 0.62060546875 0.59619140625 447084
-0.203125 0.56884765625 0.66796875 447186
-0.203125 0.56884765625 0.66796875 447187
-0.203125 0.56884765625 0.66796875 447188
-0.203125 0.56884765625 0.66796875 447189
-0.203125 0.56884765625 0.66796875 447190
-0.18896484375 0.564453125 0.66162109375 447306
-0.18896484375 0.564453125 0.66162109375 447308
-0.18896484375 0.564453125 0.66162109375 447309
-0.18896484375 0.564453125 0.66162109375 447310
-0.18896484375 0.564453125 0.66162109375 447311
-0.12548828125 0.51171875 0.7451171875 447368
-0.1220703125 0.52685546875 0.67431640625 447481
-0.1220703125 0.52685546875 0.67431640625 447482
-0.1220703125 0.52685546875 0.67431640625 447483
-0.1220703125 0.52685546875 0.67431640625 447484
-0.1220703125 0.52685546875 0.67431640625 447485
-0.07958984375 0.59716796875 0.7119140625 447570
-0.0126953125 0.578125 0.72314453125 447672
-0.0126953125 0.578125 0.72314453125 447684
-0.0126953125 0.578125 0.72314453125 447685
-0.0126953125 0.578125 0.72314453125 447686
-0.0126953125 0.578125 0.72314453125 447687
0.04443359375 0.677734375 0.72314453125 447787
0.04443359375 0.677734375 0.72314453125 447788
0.04443359375 0.677734375 0.72314453125 447789
0.04443359375 0.677734375 0.72314453125 447790
0.04443359375 0.677734375 0.72314453125 447791
0.05126953125 0.681640625 0.6650390625 447888
0.05126953125 0.681640625 0.6650390625 447980
0.05126953125 0.681640625 0.6650390625 447981
0.05126953125 0.681640625 0.6650390625 447995
0.05126953125 0.681640625 0.6650390625 448005
0.05908203125 0.7041015625 0.6416015625 448016
0.05908203125 0.7041015625 0.6416015625 448017
0.078125 0.7294921875 0.65869140625 448080
0.078125 0.7294921875 0.65869140625 448081
0.06787109375 0.7265625 0.64111328125 448184
0.06787109375 0.7265625 0.64111328125 448185
0.06787109375 0.7265625 0.64111328125 448187
0.06787109375 0.7265625 0.64111328125 448188
0.06787109375 0.7265625 0.64111328125 448189
0.08251953125 0.69580078125 0.66015625 448287
0.08251953125 0.69580078125 0.66015625 448288
0.08251953125 0.69580078125 0.66015625 448289
0.08251953125 0.69580078125 0.66015625 448291
0.08251953125 0.69580078125 0.66015625 448292
0.09912109375 0.703125 0.6630859375 448369
0.115234375 0.70361328125 0.6767578125 448481
0.115234375 0.70361328125 0.6767578125 448482
0.115234375 0.70361328125 0.6767578125 448484
0.115234375 0.70361328125 0.6767578125 448485
0.115234375 0.70361328125 0.6767578125 448486
0.11669921875 0.7099609375 0.662109375 448597
0.11669921875 0.7099609375 0.662109375 448598
0.11669921875 0.7099609375 0.662109375 448599
0.11669921875 0.7099609375 0.662109375 448600
0.11669921875 0.7099609375 0.662109375 448601
0.14013671875 0.67724609375 0.6953125 448685
0.1533203125 0.638671875 0.72021484375 448789
0.1533203125 0.638671875 0.72021484375 448790
0.1533203125 0.638671875 0.72021484375 448791
0.1533203125 0.638671875 0.72021484375 448793
0.1533203125 0.638671875 0.72021484375 448794
0.17431640625 0.5927734375 0.7529296875 448868
0.18896484375 0.53076171875 0.7939453125 448983
0.18896484375 0.53076171875 0.7939453125 448984
0.18896484375 0.53076171875 0.7939453125 448985
0.18896484375 0.53076171875 0.7939453125 448986
0.18896484375 0.53076171875 0.7939453125 448987
0.17822265625 0.48388671875 0.7958984375 449081
0.17333984375 0.4453125 0.8076171875 449185
0.17333984375 0.4453125 0.8076171875 449186
0.17333984375 0.4453125 0.8076171875 449187
0.17333984375 0.4453125 0.8076171875 449188
0.17333984375 0.4453125 0.8076171875 449189
0.18115234375 0.4228515625 0.83203125 449287
0.18115234375 0.4228515625 0.83203125 449288
0.18115234375 0.4228515625 0.83203125 449290
0.18115234375 0.4228515625 0.83203125 449291
0.18115234375 0.4228515625 0.83203125 449292
0.1640625 0.42919921875 0.82275390625 449410
0.1640625 0.42919921875 0.82275390625 449411
0.1640625 0.42919921875 0.82275390625 449412
0.1640625 0.42919921875 0.82275390625 449413
0.1640625 0.42919921875 0.82275390625 449414
0.16552734375 0.41796875 0.83154296875 449485
0.1591796875 0.3798828125 0.8251953125 449588
0.1591796875 0.3798828125 0.8251953125 449590
0.1591796875 0.3798828125 0.8251953125 449591
0.1591796875 0.3798828125 0.8251953125 449592
0.1591796875 0.3798828125 0.8251953125 449592
0.16259765625 0.392578125 0.84912109375 449687
0.15087890625 0.38134765625 0.83935546875 449791
0.15087890625 0.38134765625 0.83935546875 449792
0.15087890625 0.38134765625 0.83935546875 449793
0.15087890625 0.38134765625 0.83935546875 449795
0.15087890625 0.38134765625 0.83935546875 449796
0.14501953125 0.3828125 0.8388671875 449871
0.15087890625 0.38330078125 0.83642578125 449978
0.15087890625 0.38330078125 0.83642578125 449979
0.15087890625 0.38330078125 0.83642578125 449980
0.15087890625 0.38330078125 0.83642578125 449982
0.15087890625 0.38330078125 0.83642578125 449983
0.14111328125 0.36083984375 0.833984375 450080
0.14111328125 0.36083984375 0.833984375 450081
0.14111328125 0.36083984375 0.833984375 450082
0.14111328125 0.36083984375 0.833984375 450083
0.14111328125 0.36083984375 0.833984375 450096
0.1552734375 0.3642578125 0.85107421875 450187
0.1552734375 0.3642578125 0.85107421875 450189
0.1552734375 0.3642578125 0.85107421875 450190
0.1552734375 0.3642578125 0.85107421875 450191
0.1552734375 0.3642578125 0.85107421875 450192
0.15478515625 0.3671875 0.84619140625 450285
0.158203125 0.37939453125 0.8515625 450388
0.158203125 0.37939453125 0.8515625 450389
0.158203125 0.37939453125 0.8515625 450390
0.158203125 0.37939453125 0.8515625 450391
0.158203125 0.37939453125 0.8515625 450392
0.158203125 0.3681640625 0.8486328125 450467
0.158203125 0.36328125 0.84130859375 450578
0.158203125 0.36328125 0.84130859375 450579
0.158203125 0.36328125 0.84130859375 450580
0.158203125 0.36328125 0.84130859375 450582
0.158203125 0.36328125 0.84130859375 450583
0.15966796875 0.3759765625 0.8408203125 450680
0.15966796875 0.3759765625 0.8408203125 450682
0.15966796875 0.3759765625 0.8408203125 450683
0.15966796875 0.3759765625 0.8408203125 450684
0.15966796875 0.3759765625 0.8408203125 450685
0.162109375 0.3720703125 0.85205078125 450782
0.162109375 0.3720703125 0.85205078125 450783
0.162109375 0.3720703125 0.85205078125 450784
0.162109375 0.3720703125 0.85205078125 450788
0.162109375 0.3720703125 0.85205078125 450789
0.15771484375 0.36767578125 0.84375 450882
0.16162109375 0.36767578125 0.837890625 450984
0.16162109375 0.36767578125 0.837890625 450985
0.16162109375 0.36767578125 0.837890625 450986
0.16162109375 0.36767578125 0.837890625 450987
0.16162109375 0.36767578125 0.837890625 450988
0.15869140625 0.38916015625 0.84765625 451087
0.15869140625 0.38916015625 0.84765625 451089
0.15869140625 0.38916015625 0.84765625 451090
0.15869140625 0.38916015625 0.84765625 451091
0.15869140625 0.38916015625 0.84765625 451092
0.16552734375 0.3701171875 0.84814453125 451189
0.16552734375 0.3701171875 0.84814453125 451190
0.16552734375 0.3701171875 0.84814453125 451191
0.16552734375 0.3701171875 0.84814453125 451192
0.16552734375 0.3701171875 0.84814453125 451192
0.16845703125 0.3642578125 0.85302734375 451269
0.16064453125 0.38134765625 0.837890625 451382
0.16064453125 0.38134765625 0.837890625 451383
0.16064453125 0.38134765625 0.837890625 451384
0.16064453125 0.38134765625 0.837890625 451385
0.16064453125 0.38134765625 0.837890625 451386
0.16748046875 0.3701171875 0.84375 451484
0.16748046875 0.3701171875 0.84375 451485
0.16748046875 0.3701171875 0.84375 451486
0.16748046875 0.3701171875 0.84375 451487
0.16748046875 0.3701171875 0.84375 451488
0.1669921875 0.369140625 0.84375 451587
0.1669921875 0.369140625 0.84375 451588
0.1669921875 0.369140625 0.84375 451612
0.1669921875 0.369140625 0.84375 451645
0.1669921875 0.369140625 0.84375 451696
0.16064453125 0.3681640625 0.83642578125 451714
0.16064453125 0.3681640625 0.83642578125 451715
0.16064453125 0.3681640625 0.83642578125 451716
0.16064453125 0.3681640625 0.83642578125 451716
0.1650390625 0.39111328125 0.84619140625 451771
0.1650390625 0.39111328125 0.84619140625 451772
0.1611328125 0.375 0.83203125 451880
0.1611328125 0.375 0.83203125 451881
0.1611328125 0.375 0.83203125 451882
0.1611328125 0.375 0.83203125 451883
0.1611328125 0.375 0.83203125 451884
0.171875 0.37890625 0.84765625 451983
0.171875 0.37890625 0.84765625 451984
0.171875 0.37890625 0.84765625 451985
0.171875 0.37890625 0.84765625 451986
0.171875 0.37890625 0.84765625 452008
0.16357421875 0.39306640625 0.837890625 452086
0.16357421875 0.39306640625 0.837890625 452087
0.16357421875 0.39306640625 0.837890625 452088
0.16357421875 0.39306640625 0.837890625 452088
0.16357421875 0.39306640625 0.837890625 452089
0.17724609375 0.384765625 0.85107421875 452192
0.17724609375 0.384765625 0.85107421875 452193
0.17724609375 0.384765625 0.85107421875 452194
0.17724609375 0.384765625 0.85107421875 452195
0.17724609375 0.384765625 0.85107421875 452196
0.17138671875 0.38427734375 0.841796875 452266
0.17138671875 0.37744140625 0.83935546875 452378
0.17138671875 0.37744140625 0.83935546875 452379
0.17138671875 0.37744140625 0.83935546875 452380
0.17138671875 0.37744140625 0.83935546875 452381
0.17138671875 0.37744140625 0.83935546875 452382
0.171875 0.39111328125 0.84326171875 452502
0.171875 0.39111328125 0.84326171875 452503
0.171875 0.39111328125 0.84326171875 452504
0.171875 0.39111328125 0.84326171875 452505
0.171875 0.39111328125 0.84326171875 452506
0.166015625 0.388671875 0.84619140625 452598
0.17333984375 0.38720703125 0.8505859375 452686
0.17333984375 0.38720703125 0.8505859375 452687
0.17333984375 0.38720703125 0.8505859375 452688
0.17333984375 0.38720703125 0.8505859375 452689
0.17333984375 0.38720703125 0.8505859375 452690
0.16357421875 0.3818359375 0.8271484375 452788
0.16357421875 0.3818359375 0.8271484375 452789
0.16357421875 0.3818359375 0.8271484375 452790
0.16357421875 0.3818359375 0.8271484375 452791
0.16357421875 0.3818359375 0.8271484375 452792
0.17578125 0.38671875 0.8515625 452866
0.18212890625 0.3701171875 0.84765625 452969
0.18212890625 0.3701171875 0.84765625 452971
0.18212890625 0.3701171875 0.84765625 452972
0.18212890625 0.3701171875 0.84765625 452973
0.18212890625 0.3701171875 0.84765625 452974
0.17626953125 0.38671875 0.84228515625 453081
0.17626953125 0.38671875 0.84228515625 453082
0.17626953125 0.38671875 0.84228515625 453083
0.17626953125 0.38671875 0.84228515625 453084
0.17626953125 0.38671875 0.84228515625 453084
0.1748046875 0.3955078125 0.83447265625 453183
0.1748046875 0.3955078125 0.83447265625 453184
0.1748046875 0.3955078125 0.83447265625 453185
0.1748046875 0.3955078125 0.83447265625 453186
0.1748046875 0.3955078125 0.83447265625 453187
0.171875 0.37890625 0.84814453125 453292
0.171875 0.37890625 0.84814453125 453294
0.171875 0.37890625 0.84814453125 453295
0.171875 0.37890625 0.84814453125 453296
0.171875 0.37890625 0.84814453125 453297
0.17236328125 0.3798828125 0.845703125 453387
0.17333984375 0.38427734375 0.830078125 453481
0.17333984375 0.38427734375 0.830078125 453489
0.17333984375 0.38427734375 0.830078125 453490
0.17333984375 0.38427734375 0.830078125 453491
0.17333984375 0.38427734375 0.830078125 453492
0.181640625 0.38134765625 0.8466796875 453588
0.181640625 0.38134765625 0.8466796875 453603
0.181640625 0.38134765625 0.8466796875 453604
0.181640625 0.38134765625 0.8466796875 453605
0.181640625 0.38134765625 0.8466796875 453606
0.17626953125 0.388671875 0.8486328125 453695
0.17626953125 0.388671875 0.8486328125 453697
0.181640625 0.37060546875 0.83740234375 453784
0.181640625 0.37060546875 0.83740234375 453785
0.181640625 0.37060546875 0.83740234375 453786
0.181640625 0.37060546875 0.83740234375 453787
0.17724609375 0.38671875 0.83642578125 453888
0.17724609375 0.38671875 0.83642578125 453890
0.17724609375 0.38671875 0.83642578125 453891
0.17724609375 0.38671875 0.83642578125 453892
0.17724609375 0.38671875 0.83642578125 453893
0.18505859375 0.38525390625 0.84521484375 453967
0.1796875 0.38427734375 0.83642578125 454080
0.1796875 0.38427734375 0.83642578125 454081
0.1796875 0.38427734375 0.83642578125 454082
0.1796875 0.38427734375 0.83642578125 454083
0.1796875 0.38427734375 0.83642578125 454084
0.177734375 0.38525390625 0.83837890625 454184
0.177734375 0.38525390625 0.83837890625 454203
0.177734375 0.38525390625 0.83837890625 454204
0.177734375 0.38525390625 0.83837890625 454206
0.177734375 0.38525390625 0.83837890625 454207
0.18212890625 0.37548828125 0.84033203125 454288
0.18212890625 0.37548828125 0.84033203125 454289
0.18603515625 0.392578125 0.8408203125 454381
0.18603515625 0.392578125 0.8408203125 454383
0.18603515625 0.392578125 0.8408203125 454384
0.18603515625 0.392578125 0.8408203125 454385
0.18603515625 0.37939453125 0.83837890625 454481
0.18603515625 0.37939453125 0.83837890625 454482
0.18603515625 0.37939453125 0.83837890625 454483
0.18603515625 0.37939453125 0.83837890625 454485
0.18603515625 0.37939453125 0.83837890625 454486
0.185546875 0.39208984375 0.84912109375 454585
0.185546875 0.39208984375 0.84912109375 454586
0.185546875 0.39208984375 0.84912109375 454587
0.185546875 0.39208984375 0.84912109375 454588
0.185546875 0.39208984375 0.84912109375 454589
0.1826171875 0.3837890625 0.83740234375 454667
0.18408203125 0.380859375 0.837890625 454777
0.18408203125 0.380859375 0.837890625 454778
0.18408203125 0.380859375 0.837890625 454780
0.18408203125 0.380859375 0.837890625 454781
0.18408203125 0.380859375 0.837890625 454782
0.18505859375 0.37841796875 0.84326171875 454881
0.18505859375 0.37841796875 0.84326171875 454882
0.18505859375 0.37841796875 0.84326171875 454883
0.18505859375 0.37841796875 0.84326171875 454883
0.18505859375 0.37841796875 0.84326171875 454884
0.181640625 0.39501953125 0.8388671875 454983
0.181640625 0.39501953125 0.8388671875 454984
0.181640625 0.39501953125 0.8388671875 454985
0.181640625 0.39501953125 0.8388671875 454987
0.181640625 0.39501953125 0.8388671875 454988
0.18310546875 0.38427734375 0.84326171875 455108
0.18310546875 0.38427734375 0.84326171875 455109
0.18310546875 0.38427734375 0.84326171875 455110
0.18310546875 0.38427734375 0.84326171875 455111
0.18310546875 0.38427734375 0.84326171875 455112
0.189453125 0.37646484375 0.841796875 455188
0.181640625 0.388671875 0.8408203125 455266
0.181640625 0.388671875 0.8408203125 455267
0.181640625 0.388671875 0.8408203125 455268
0.181640625 0.388671875 0.8408203125 455269
0.181640625 0.388671875 0.8408203125 455270
0.18408203125 0.3837890625 0.84765625 455383
0.18408203125 0.3837890625 0.84765625 455384
0.18408203125 0.3837890625 0.84765625 455385
0.18408203125 0.3837890625 0.84765625 455387
0.18408203125 0.3837890625 0.84765625 455388
0.18310546875 0.38916015625 0.84033203125 455480
0.18212890625 0.37890625 0.83251953125 455582
0.18212890625 0.37890625 0.83251953125 455583
0.18212890625 0.37890625 0.83251953125 455584
0.18212890625 0.37890625 0.83251953125 455585
0.18212890625 0.37890625 0.83251953125 455586
0.181640625 0.3984375 0.841796875 455686
0.181640625 0.3984375 0.841796875 455687
0.181640625 0.3984375 0.841796875 455689
0.181640625 0.3984375 0.841796875 455690
0.181640625 0.3984375 0.841796875 455691
0.18017578125 0.3857421875 0.8447265625 455816
0.18017578125 0.3857421875 0.8447265625 455819
0.18017578125 0.3857421875 0.8447265625 455820
0.18017578125 0.3857421875 0.8447265625 455821
0.18017578125 0.3857421875 0.8447265625 455821
0.17529296875 0.384765625 0.82958984375 456252
0.17529296875 0.384765625 0.82958984375 456254
0.17529296875 0.384765625 0.82958984375 456255
0.17529296875 0.384765625 0.82958984375 456256
0.17529296875 0.384765625 0.82958984375 456257
0.18408203125 0.3896484375 0.84521484375 456259
0.1767578125 0.40185546875 0.8388671875 456260
0.18017578125 0.39697265625 0.8388671875 456272
0.17578125 0.38037109375 0.83154296875 456284
0.1865234375 0.396484375 0.84619140625 456421
0.1865234375 0.396484375 0.84619140625 456422
0.1865234375 0.396484375 0.84619140625 456423
0.1865234375 0.396484375 0.84619140625 456435
0.1865234375 0.396484375 0.84619140625 456436
0.1806640625 0.3798828125 0.841796875 456466
0.1845703125 0.388671875 0.8427734375 456578
0.1845703125 0.388671875 0.8427734375 456579
0.1845703125 0.388671875 0.8427734375 456580
0.1845703125 0.388671875 0.8427734375 456582
0.1845703125 0.388671875 0.8427734375 456583
0.1708984375 0.39892578125 0.8349609375 456680
0.1708984375 0.39892578125 0.8349609375 456681
0.1708984375 0.39892578125 0.8349609375 456682
0.1708984375 0.39892578125 0.8349609375 456683
0.1708984375 0.39892578125 0.8349609375 456684
0.18505859375 0.38818359375 0.84375 456782
0.18505859375 0.38818359375 0.84375 456783
0.18505859375 0.38818359375 0.84375 456784
0.18505859375 0.38818359375 0.84375 456785
0.18505859375 0.38818359375 0.84375 456787
0.17529296875 0.3916015625 0.8330078125 456885
0.17529296875 0.3916015625 0.8330078125 456887
0.17529296875 0.3916015625 0.8330078125 456888
0.17529296875 0.3916015625 0.8330078125 456889
0.17529296875 0.3916015625 0.8330078125 456890
0.18310546875 0.38525390625 0.8505859375 456989
0.18310546875 0.38525390625 0.8505859375 456990
0.18310546875 0.38525390625 0.8505859375 456991
0.18310546875 0.38525390625 0.8505859375 456993
0.18310546875 0.38525390625 0.8505859375 456994
0.17919921875 0.37255859375 0.8369140625 457078
0.173828125 0.3994140625 0.83154296875 457170
0.173828125 0.3994140625 0.83154296875 457172
0.173828125 0.3994140625 0.83154296875 457173
0.173828125 0.3994140625 0.83154296875 457174
0.173828125 0.3994140625 0.83154296875 457175
0.18359375 0.376953125 0.84619140625 457282
0.18359375 0.376953125 0.84619140625 457283
0.18359375 0.376953125 0.84619140625 457284
0.18359375 0.376953125 0.84619140625 457285
0.18359375 0.376953125 0.84619140625 457286
0.17724609375 0.3779296875 0.8369140625 457409
0.17724609375 0.3779296875 0.8369140625 457410
0.17724609375 0.3779296875 0.8369140625 457412
0.17724609375 0.3779296875 0.8369140625 457413
0.17626953125 0.3837890625 0.84228515625 457487
0.17626953125 0.3837890625 0.84228515625 457489
0.1767578125 0.3876953125 0.845703125 457590
0.1767578125 0.3876953125 0.845703125 457591
0.1767578125 0.3876953125 0.845703125 457592
0.1767578125 0.3876953125 0.845703125 457612
0.1767578125 0.3876953125 0.845703125 457613
0.169921875 0.390625 0.8359375 457677
0.17626953125 0.373046875 0.84130859375 457782
0.17626953125 0.373046875 0.84130859375 457783
0.17626953125 0.373046875 0.84130859375 457784
0.17626953125 0.373046875 0.84130859375 457786
0.17626953125 0.373046875 0.84130859375 457787
0.17431640625 0.39599609375 0.84033203125 457884
0.17431640625 0.39599609375 0.84033203125 457885
0.17431640625 0.39599609375 0.84033203125 457886
0.17431640625 0.39599609375 0.84033203125 457887
0.1787109375 0.39208984375 0.849609375 458002
0.1787109375 0.39208984375 0.849609375 458003
0.1787109375 0.39208984375 0.849609375 458005
0.1787109375 0.39208984375 0.849609375 458006
0.1787109375 0.39208984375 0.849609375 458007
0.177734375 0.38330078125 0.82861328125 458093
0.17578125 0.3935546875 0.83056640625 458189
0.17578125 0.3935546875 0.83056640625 458191
0.17578125 0.3935546875 0.83056640625 458192
0.17578125 0.3935546875 0.83056640625 458193
0.17578125 0.3935546875 0.83056640625 458194
0.18017578125 0.39599609375 0.8544921875 458280
0.17529296875 0.38525390625 0.83984375 458398
0.17529296875 0.38525390625 0.83984375 458400
0.17529296875 0.38525390625 0.83984375 458401
0.17529296875 0.38525390625 0.83984375 458402
0.17529296875 0.38525390625 0.83984375 458403
0.18359375 0.38525390625 0.8310546875 458485
0.1806640625 0.380859375 0.83935546875 458587
0.1806640625 0.380859375 0.83935546875 458589
0.1806640625 0.380859375 0.83935546875 458590
0.1806640625 0.380859375 0.83935546875 458591
0.1806640625 0.380859375 0.83935546875 458592
0.185546875 0.380859375 0.8623046875 458689
0.185546875 0.380859375 0.8623046875 458690
0.185546875 0.380859375 0.8623046875 458691
0.185546875 0.380859375 0.8623046875 458692
0.185546875 0.380859375 0.8623046875 458693
0.16845703125 0.36767578125 0.84326171875 458780
0.15283203125 0.37109375 0.82763671875 458882
0.15283203125 0.37109375 0.82763671875 458883
0.15283203125 0.37109375 0.82763671875 458884
0.15283203125 0.37109375 0.82763671875 458885
0.15283203125 0.37109375 0.82763671875 458899
0.1513671875 0.36083984375 0.837890625 458999
0.1513671875 0.36083984375 0.837890625 459000
0.1513671875 0.36083984375 0.837890625 459001
0.1513671875 0.36083984375 0.837890625 459002
0.1513671875 0.36083984375 0.837890625 459003
0.14013671875 0.36376953125 0.84228515625 459100
0.14013671875 0.36376953125 0.84228515625 459103
0.14013671875 0.36376953125 0.84228515625 459104
0.14013671875 0.36376953125 0.84228515625 459106
0.14013671875 0.36376953125 0.84228515625 459107
0.130859375 0.37939453125 0.84521484375 459188
0.11474609375 0.3349609375 0.8291015625 459267
0.11474609375 0.3349609375 0.8291015625 459268
0.11474609375 0.3349609375 0.8291015625 459270
0.11474609375 0.3349609375 0.8291015625 459271
0.11474609375 0.3349609375 0.8291015625 459273
0.11279296875 0.37255859375 0.85595703125 459378
0.11279296875 0.37255859375 0.85595703125 459379
0.11279296875 0.37255859375 0.85595703125 459380
0.11279296875 0.37255859375 0.85595703125 459381
0.11279296875 0.37255859375 0.85595703125 459382
0.10546875 0.42041015625 0.87841796875 459480
0.10546875 0.42041015625 0.87841796875 459481
0.10546875 0.42041015625 0.87841796875 459482
0.10546875 0.42041015625 0.87841796875 459483
0.10546875 0.42041015625 0.87841796875 459484
0.06591796875 0.3876953125 0.80419921875 459586
0.06591796875 0.3876953125 0.80419921875 459587
0.06591796875 0.3876953125 0.80419921875 459588
0.06591796875 0.3876953125 0.80419921875 459589
0.06591796875 0.3876953125 0.80419921875 459589
0.02783203125 0.4794921875 0.80908203125 459683
-0.01171875 0.57568359375 0.77783203125 459787
-0.01171875 0.57568359375 0.77783203125 459788
-0.01171875 0.57568359375 0.77783203125 459789
-0.01171875 0.57568359375 0.77783203125 459790
-0.01171875 0.57568359375 0.77783203125 459791
-0.078125 0.6103515625 0.71923828125 459889
-0.078125 0.6103515625 0.71923828125 459890
-0.078125 0.6103515625 0.71923828125 459891
-0.078125 0.6103515625 0.71923828125 459892
-0.078125 0.6103515625 0.71923828125 459893
-0.169921875 0.6328125 0.60791015625 459971
-0.2451171875 0.7216796875 0.52587890625 460083
-0.2451171875 0.7216796875 0.52587890625 460084
-0.2451171875 0.7216796875 0.52587890625 460085
-0.2451171875 0.7216796875 0.52587890625 460086
-0.2451171875 0.7216796875 0.52587890625 460098
-0.33349609375 0.7626953125 0.421875 460185
-0.33349609375 0.7626953125 0.421875 460186
-0.33349609375 0.7626953125 0.421875 460187
-0.33349609375 0.7626953125 0.421875 460188
-0.33349609375 0.7626953125 0.421875 460189
-0.37939453125 0.76513671875 0.3291015625 460288
-0.37939453125 0.76513671875 0.3291015625 460289
-0.37939453125 0.76513671875 0.3291015625 460290
-0.37939453125 0.76513671875 0.3291015625 460291
-0.37939453125 0.76513671875 0.3291015625 460293
-0.42724609375 0.77490234375 0.25732421875 460390
-0.42724609375 0.77490234375 0.25732421875 460391
-0.42724609375 0.77490234375 0.25732421875 460393
-0.42724609375 0.77490234375 0.25732421875 460394
-0.42724609375 0.77490234375 0.25732421875 460395
-0.46923828125 0.7919921875 0.1806640625 460468
-0.50244140625 0.75341796875 0.07421875 460578
-0.50244140625 0.75341796875 0.07421875 460580
-0.50244140625 0.75341796875 0.07421875 460581
-0.50244140625 0.75341796875 0.07421875 460582
-0.50244140625 0.75341796875 0.07421875 460583
-0.5244140625 0.72314453125 -0.041015625 460681
-0.5244140625 0.72314453125 -0.041015625 460682
-0.5244140625 0.72314453125 -0.041015625 460683
-0.5244140625 0.72314453125 -0.041015625 460684
-0.5244140625 0.72314453125 -0.041015625 460685
-0.546875 0.7392578125 -0.08837890625 460785
-0.546875 0.7392578125 -0.08837890625 460786
-0.546875 0.7392578125 -0.08837890625 460787
-0.546875 0.7392578125 -0.08837890625 460788
-0.546875 0.7392578125 -0.08837890625 460789
-0.55517578125 0.73974609375 0.0888671875 460901
-0.55517578125 0.73974609375 0.0888671875 460903
-0.55517578125 0.73974609375 0.0888671875 460923
-0.55517578125 0.73974609375 0.0888671875 460926
-0.55517578125 0.73974609375 0.0888671875 460927
-0.45361328125 0.69482421875 0.34130859375 460990
-0.353515625 0.67333984375 0.44775390625 461071
-0.353515625 0.67333984375 0.44775390625 461072
-0.353515625 0.67333984375 0.44775390625 461073
-0.353515625 0.67333984375 0.44775390625 461075
-0.353515625 0.67333984375 0.44775390625 461076
-0.2568359375 0.724609375 0.51416015625 461179
-0.2568359375 0.724609375 0.51416015625 461180
-0.2568359375 0.724609375 0.51416015625 461181
-0.2568359375 0.724609375 0.51416015625 461182
-0.2568359375 0.724609375 0.51416015625 461183
-0.193359375 0.734375 0.55859375 461277
-0.11279296875 0.65625 0.55078125 461384
-0.11279296875 0.65625 0.55078125 461385
-0.11279296875 0.65625 0.55078125 461386
-0.11279296875 0.65625 0.55078125 461388
-0.11279296875 0.65625 0.55078125 461389
-0.03662109375 0.65673828125 0.62109375 461486
-0.03662109375 0.65673828125 0.62109375 461487
-0.03662109375 0.65673828125 0.62109375 461488
-0.03662109375 0.65673828125 0.62109375 461489
-0.03662109375 0.65673828125 0.62109375 461490
-0.0107421875 0.7099609375 0.6494140625 461589
-0.0107421875 0.7099609375 0.6494140625 461591
-0.0107421875 0.7099609375 0.6494140625 461592
-0.0107421875 0.7099609375 0.6494140625 461594
-0.0107421875 0.7099609375 0.6494140625 461595
0.0166015625 0.7314453125 0.6689453125 461667
0.00244140625 0.73583984375 0.6083984375 461783
0.00244140625 0.73583984375 0.6083984375 461784
0.00244140625 0.73583984375 0.6083984375 461786
0.00244140625 0.73583984375 0.6083984375 461811
0.00244140625 0.73583984375 0.6083984375 461816
0.00439453125 0.74755859375 0.62646484375 461889
0.00439453125 0.74755859375 0.62646484375 461890
0.00439453125 0.74755859375 0.62646484375 461891
0.00439453125 0.74755859375 0.62646484375 461892
0.0244140625 0.716796875 0.62060546875 461987
0.0244140625 0.716796875 0.62060546875 461988
0.03564453125 0.77734375 0.640625 462090
0.03564453125 0.77734375 0.640625 462092
0.03564453125 0.77734375 0.640625 462093
0.03564453125 0.77734375 0.640625 462094
0.03564453125 0.77734375 0.640625 462095
0.05029296875 0.7431640625 0.62548828125 462181
0.0634765625 0.71875 0.646484375 462282
0.0634765625 0.71875 0.646484375 462283
0.0634765625 0.71875 0.646484375 462284
0.0634765625 0.71875 0.646484375 462285
0.0634765625 0.71875 0.646484375 462285
0.09033203125 0.689453125 0.68310546875 462384
0.09033203125 0.689453125 0.68310546875 462385
0.09033203125 0.689453125 0.68310546875 462386
0.09033203125 0.689453125 0.68310546875 462387
0.09033203125 0.689453125 0.68310546875 462387
0.1142578125 0.63134765625 0.71728515625 462487
0.1142578125 0.63134765625 0.71728515625 462488
0.1142578125 0.63134765625 0.71728515625 462489
0.1142578125 0.63134765625 0.71728515625 462490
0.1142578125 0.63134765625 0.71728515625 462491
0.11181640625 0.59765625 0.74951171875 462603
0.11181640625 0.59765625 0.74951171875 462605
0.11181640625 0.59765625 0.74951171875 462606
0.11181640625 0.59765625 0.74951171875 462607
0.11181640625 0.59765625 0.74951171875 462608
0.11865234375 0.5400390625 0.77734375 462667
0.12744140625 0.48046875 0.78369140625 462779
0.12744140625 0.48046875 0.78369140625 462780
0.12744140625 0.48046875 0.78369140625 462781
0.12744140625 0.48046875 0.78369140625 462782
0.12744140625 0.48046875 0.78369140625 462783
0.12255859375 0.48583984375 0.79736328125 462882
0.12255859375 0.48583984375 0.79736328125 462883
0.12255859375 0.48583984375 0.79736328125 462884
0.12255859375 0.48583984375 0.79736328125 462885
0.12255859375 0.48583984375 0.79736328125 462886
0.13037109375 0.4609375 0.82177734375 462998
0.13037109375 0.4609375 0.82177734375 462999
0.13037109375 0.4609375 0.82177734375 463000
0.13037109375 0.4609375 0.82177734375 463001
0.13037109375 0.4609375 0.82177734375 463002
0.12548828125 0.427734375 0.83056640625 463088
0.1298828125 0.4189453125 0.83642578125 463188
0.1298828125 0.4189453125 0.83642578125 463189
0.1298828125 0.4189453125 0.83642578125 463190
0.1298828125 0.4189453125 0.83642578125 463191
0.1298828125 0.4189453125 0.83642578125 463192
0.1142578125 0.4091796875 0.8154296875 463267
0.109375 0.39208984375 0.82568359375 463380
0.109375 0.39208984375 0.82568359375 463381
0.109375 0.39208984375 0.82568359375 463383
0.109375 0.39208984375 0.82568359375 463384
0.109375 0.39208984375 0.82568359375 463385
0.1123046875 0.396484375 0.841796875 463482
0.1123046875 0.396484375 0.841796875 463483
0.1123046875 0.396484375 0.841796875 463484
0.1123046875 0.396484375 0.841796875 463485
0.1123046875 0.396484375 0.841796875 463486
0.11328125 0.37548828125 0.82861328125 463569
0.11279296875 0.37744140625 0.84130859375 463681
0.11279296875 0.37744140625 0.84130859375 463682
0.11279296875 0.37744140625 0.84130859375 463683
0.11279296875 0.37744140625 0.84130859375 463685
0.11279296875 0.37744140625 0.84130859375 463696
0.11328125 0.3896484375 0.8359375 463782
0.11328125 0.3896484375 0.8359375 463783
0.11328125 0.3896484375 0.8359375 463784
0.11328125 0.3896484375 0.8359375 463786
0.11328125 0.3896484375 0.8359375 463786
0.12060546875 0.39306640625 0.8349609375 463885
0.12060546875 0.39306640625 0.8349609375 463886
0.12060546875 0.39306640625 0.8349609375 463887
0.12060546875 0.39306640625 0.8349609375 463888
0.12060546875 0.39306640625 0.8349609375 463889
0.1162109375 0.40283203125 0.83251953125 463989
0.1162109375 0.40283203125 0.83251953125 463990
0.1162109375 0.40283203125 0.83251953125 463992
0.1162109375 0.40283203125 0.83251953125 463993
0.1162109375 0.40283203125 0.83251953125 463994
0.1220703125 0.38818359375 0.84228515625 464090
0.1220703125 0.38818359375 0.84228515625 464091
0.1220703125 0.38818359375 0.84228515625 464092
0.1220703125 0.38818359375 0.84228515625 464093
0.1220703125 0.38818359375 0.84228515625 464094
0.1162109375 0.39013671875 0.833984375 464169
0.12353515625 0.39208984375 0.83642578125 464281
0.12353515625 0.39208984375 0.83642578125 464283
0.12353515625 0.39208984375 0.83642578125 464283
0.12353515625 0.39208984375 0.83642578125 464284
0.12353515625 0.39208984375 0.83642578125 464285
0.1240234375 0.396484375 0.8408203125 464383
0.1240234375 0.396484375 0.8408203125 464384
0.1240234375 0.396484375 0.8408203125 464385
0.1240234375 0.396484375 0.8408203125 464386
0.1240234375 0.396484375 0.8408203125 464387
0.11962890625 0.39111328125 0.83251953125 464485
0.11962890625 0.39111328125 0.83251953125 464486
0.11962890625 0.39111328125 0.83251953125 464487
0.11962890625 0.39111328125 0.83251953125 464488
0.11962890625 0.39111328125 0.83251953125 464488
0.12158203125 0.388671875 0.83984375 464601
0.12158203125 0.388671875 0.83984375 464602
0.12158203125 0.388671875 0.83984375 464603
0.12158203125 0.388671875 0.83984375 464604
0.12158203125 0.388671875 0.83984375 464605
0.125 0.3984375 0.8515625 464688
0.11865234375 0.3916015625 0.83154296875 464791
0.11865234375 0.3916015625 0.83154296875 464793
0.11865234375 0.3916015625 0.83154296875 464794
0.11865234375 0.3916015625 0.83154296875 464796
0.11865234375 0.3916015625 0.83154296875 464797
0.1201171875 0.3876953125 0.83642578125 464883
0.126953125 0.40087890625 0.83984375 464981
0.126953125 0.40087890625 0.83984375 464982
0.126953125 0.40087890625 0.83984375 464983
0.126953125 0.40087890625 0.83984375 464984
0.126953125 0.40087890625 0.83984375 464985
0.1240234375 0.38916015625 0.84033203125 465083
0.1240234375 0.38916015625 0.84033203125 465084
0.1240234375 0.38916015625 0.84033203125 465085
0.1240234375 0.38916015625 0.84033203125 465086
0.1240234375 0.38916015625 0.84033203125 465087
0.1279296875 0.37744140625 0.83203125 465196
0.1279296875 0.37744140625 0.83203125 465197
0.1279296875 0.37744140625 0.83203125 465198
0.1279296875 0.37744140625 0.83203125 465199
0.1279296875 0.37744140625 0.83203125 465200
0.1337890625 0.38037109375 0.84033203125 465305
0.1337890625 0.38037109375 0.84033203125 465307
0.1337890625 0.38037109375 0.84033203125 465308
0.1337890625 0.38037109375 0.84033203125 465309
0.1337890625 0.38037109375 0.84033203125 465310
0.12890625 0.4033203125 0.837890625 465394
0.13330078125 0.38818359375 0.8408203125 465488
0.13330078125 0.38818359375 0.8408203125 465489
0.13330078125 0.38818359375 0.8408203125 465491
0.13330078125 0.38818359375 0.8408203125 465492
0.13330078125 0.38818359375 0.8408203125 465494
0.13037109375 0.388671875 0.833984375 465586
0.12646484375 0.39794921875 0.83154296875 465689
0.12646484375 0.39794921875 0.83154296875 465690
0.12646484375 0.39794921875 0.83154296875 465691
0.12646484375 0.39794921875 0.83154296875 465692
0.12646484375 0.39794921875 0.83154296875 465693
0.14306640625 0.3876953125 0.85107421875 465779
0.1337890625 0.37939453125 0.83642578125 465883
0.1337890625 0.37939453125 0.83642578125 465884
0.1337890625 0.37939453125 0.83642578125 465886
0.1337890625 0.37939453125 0.83642578125 465887
0.1337890625 0.37939453125 0.83642578125 465898
0.134765625 0.3837890625 0.84228515625 465985
0.134765625 0.3837890625 0.84228515625 465986
0.134765625 0.3837890625 0.84228515625 465987
0.134765625 0.3837890625 0.84228515625 465988
0.134765625 0.3837890625 0.84228515625 465989
0.1318359375 0.3974609375 0.8427734375 466087
0.1318359375 0.3974609375 0.8427734375 466088
0.1318359375 0.3974609375 0.8427734375 466089
0.1318359375 0.3974609375 0.8427734375 466090
0.1318359375 0.3974609375 0.8427734375 466092
0.13427734375 0.380859375 0.8369140625 466190
0.13427734375 0.380859375 0.8369140625 466191
0.13427734375 0.380859375 0.8369140625 466192
0.13427734375 0.380859375 0.8369140625 466193
0.13427734375 0.380859375 0.8369140625 466194
0.13720703125 0.38671875 0.85205078125 466269
0.13427734375 0.40087890625 0.83544921875 466398
0.13427734375 0.40087890625 0.83544921875 466399
0.13427734375 0.40087890625 0.83544921875 466400
0.13427734375 0.40087890625 0.83544921875 466401
0.13427734375 0.40087890625 0.83544921875 466402
0.142578125 0.39501953125 0.84375 466481
0.13916015625 0.37890625 0.83740234375 466576
0.13916015625 0.37890625 0.83740234375 466577
0.13916015625 0.37890625 0.83740234375 466578
0.13916015625 0.37890625 0.83740234375 466579
0.13916015625 0.37890625 0.83740234375 466580
0.13818359375 0.3876953125 0.83642578125 466686
0.13818359375 0.3876953125 0.83642578125 466687
0.13818359375 0.3876953125 0.83642578125 466689
0.13818359375 0.3876953125 0.83642578125 466690
0.13818359375 0.3876953125 0.83642578125 466691
0.13427734375 0.39013671875 0.83056640625 466771
0.1328125 0.37109375 0.82568359375 466883
0.1328125 0.37109375 0.82568359375 466884
0.1328125 0.37109375 0.82568359375 466885
0.1328125 0.37109375 0.82568359375 466887
0.1328125 0.37109375 0.82568359375 466888
0.14453125 0.396484375 0.85009765625 466986
0.14453125 0.396484375 0.85009765625 466987
0.14453125 0.396484375 0.85009765625 466988
0.14453125 0.396484375 0.85009765625 466989
0.13916015625 0.39013671875 0.84228515625 467089
0.13916015625 0.39013671875 0.84228515625 467090
0.13916015625 0.39013671875 0.84228515625 467091
0.13916015625 0.39013671875 0.84228515625 467092
0.13916015625 0.39013671875 0.84228515625 467093
0.14306640625 0.380859375 0.84814453125 467171
0.14306640625 0.3681640625 0.83837890625 467282
0.14306640625 0.3681640625 0.83837890625 467283
0.14306640625 0.3681640625 0.83837890625 467284
0.14306640625 0.3681640625 0.83837890625 467285
0.14306640625 0.3681640625 0.83837890625 467286
0.13623046875 0.3798828125 0.83544921875 467387
0.13623046875 0.3798828125 0.83544921875 467388
0.13623046875 0.3798828125 0.83544921875 467389
0.13623046875 0.3798828125 0.83544921875 467390
0.13623046875 0.3798828125 0.83544921875 467391
0.14306640625 0.38916015625 0.8310546875 467489
0.14306640625 0.38916015625 0.8310546875 467490
0.14306640625 0.38916015625 0.8310546875 467491
0.14306640625 0.38916015625 0.8310546875 467492
0.14306640625 0.38916015625 0.8310546875 467493
0.14404296875 0.38671875 0.85205078125 467571
0.1416015625 0.376953125 0.84130859375 467683
0.1416015625 0.376953125 0.84130859375 467683
0.1416015625 0.376953125 0.84130859375 467684
0.1416015625 0.376953125 0.84130859375 467685
0.1416015625 0.376953125 0.84130859375 467686
0.14697265625 0.36865234375 0.83740234375 467796
0.14697265625 0.36865234375 0.83740234375 467798
0.14697265625 0.36865234375 0.83740234375 467799
0.14697265625 0.36865234375 0.83740234375 467800
0.14599609375 0.4052734375 0.8466796875 467889
0.14599609375 0.4052734375 0.8466796875 467890
0.14990234375 0.380859375 0.84765625 467980
0.14990234375 0.380859375 0.84765625 467981
0.14990234375 0.380859375 0.84765625 467982
0.14990234375 0.380859375 0.84765625 467983
0.14599609375 0.36767578125 0.8408203125 468101
0.14599609375 0.36767578125 0.8408203125 468102
0.14599609375 0.36767578125 0.8408203125 468103
0.14599609375 0.36767578125 0.8408203125 468104
0.14599609375 0.36767578125 0.8408203125 468106
0.14990234375 0.384765625 0.8466796875 468185
0.15087890625 0.38037109375 0.8486328125 468289
0.15087890625 0.38037109375 0.8486328125 468290
0.15087890625 0.38037109375 0.8486328125 468291
0.15087890625 0.38037109375 0.8486328125 468292
0.15087890625 0.38037109375 0.8486328125 468293
0.146484375 0.3828125 0.84375 468394
0.146484375 0.3828125 0.84375 468396
0.146484375 0.3828125 0.84375 468397
0.146484375 0.3828125 0.84375 468397
0.146484375 0.3828125 0.84375 468399
0.15087890625 0.3837890625 0.84033203125 468469
0.14697265625 0.38720703125 0.8359375 468595
0.14697265625 0.38720703125 0.8359375 468596
0.14697265625 0.38720703125 0.8359375 468597
0.14697265625 0.38720703125 0.8359375 468598
0.14697265625 0.38720703125 0.8359375 468599
0.1494140625 0.3798828125 0.85498046875 468698
0.1494140625 0.3798828125 0.85498046875 468699
0.1494140625 0.3798828125 0.85498046875 468700
0.1494140625 0.3798828125 0.85498046875 468701
0.1494140625 0.3798828125 0.85498046875 468702
0.15234375 0.3818359375 0.85302734375 468786
0.14697265625 0.38427734375 0.8291015625 468889
0.14697265625 0.38427734375 0.8291015625 468890
0.14697265625 0.38427734375 0.8291015625 468891
0.14697265625 0.38427734375 0.8291015625 468892
0.14697265625 0.38427734375 0.8291015625 468893
0.1484375 0.3916015625 0.83203125 468991
0.1484375 0.3916015625 0.83203125 468992
0.1484375 0.3916015625 0.83203125 468993
0.1484375 0.3916015625 0.83203125 469016
0.1484375 0.3916015625 0.83203125 469017
0.15283203125 0.37255859375 0.8447265625 469069
0.15283203125 0.38037109375 0.85009765625 469193
0.15283203125 0.38037109375 0.85009765625 469195
0.15283203125 0.38037109375 0.85009765625 469197
0.15283203125 0.38037109375 0.85009765625 469198
0.15283203125 0.38037109375 0.85009765625 469199
0.150390625 0.4013671875 0.84326171875 469297
0.150390625 0.4013671875 0.84326171875 469298
0.150390625 0.4013671875 0.84326171875 469299
0.150390625 0.4013671875 0.84326171875 469300
0.150390625 0.4013671875 0.84326171875 469301
0.15673828125 0.380859375 0.8408203125 469385
0.15283203125 0.380859375 0.83544921875 469488
0.15283203125 0.380859375 0.83544921875 469489
0.15283203125 0.380859375 0.83544921875 469490
0.15283203125 0.380859375 0.83544921875 469490
0.15283203125 0.380859375 0.83544921875 469491
0.1513671875 0.39892578125 0.8427734375 469593
0.1513671875 0.39892578125 0.8427734375 469594
0.1513671875 0.39892578125 0.8427734375 469595
0.1513671875 0.39892578125 0.8427734375 469597
0.1513671875 0.39892578125 0.8427734375 469598
0.15185546875 0.388671875 0.84423828125 469680
0.15625 0.38916015625 0.83935546875 469781
0.15625 0.38916015625 0.83935546875 469782
0.15625 0.38916015625 0.83935546875 469783
0.15625 0.38916015625 0.83935546875 469784
0.15625 0.38916015625 0.83935546875 469786
0.1533203125 0.38671875 0.82958984375 469887
0.1533203125 0.38671875 0.82958984375 469888
0.1533203125 0.38671875 0.82958984375 469889
0.1533203125 0.38671875 0.82958984375 469890
0.1533203125 0.38671875 0.82958984375 469891
0.15234375 0.3916015625 0.8427734375 469992
0.15234375 0.3916015625 0.8427734375 469993
0.15234375 0.3916015625 0.8427734375 469994
0.15234375 0.3916015625 0.8427734375 469995
0.15234375 0.3916015625 0.8427734375 469996
0.15087890625 0.39794921875 0.83447265625 470069
0.154296875 0.38720703125 0.84228515625 470202
0.154296875 0.38720703125 0.84228515625 470203
0.154296875 0.38720703125 0.84228515625 470205
0.154296875 0.38720703125 0.84228515625 470206
0.154296875 0.38720703125 0.84228515625 470207
0.15771484375 0.38525390625 0.83544921875 470282
0.14697265625 0.39599609375 0.83544921875 470385
0.14697265625 0.39599609375 0.83544921875 470387
0.14697265625 0.39599609375 0.83544921875 470388
0.14697265625 0.39599609375 0.83544921875 470389
0.14697265625 0.39599609375 0.83544921875 470391
0.154296875 0.40087890625 0.8447265625 470487
0.154296875 0.40087890625 0.8447265625 470489
0.154296875 0.40087890625 0.8447265625 470490
0.154296875 0.40087890625 0.8447265625 470491
0.154296875 0.40087890625 0.8447265625 470492
0.142578125 0.3798828125 0.83203125 470591
0.142578125 0.3798828125 0.83203125 470593
0.142578125 0.3798828125 0.83203125 470594
0.142578125 0.3798828125 0.83203125 470595
0.142578125 0.3798828125 0.83203125 470597
0.1552734375 0.3876953125 0.84716796875 470668
0.14453125 0.39697265625 0.82275390625 470780
0.14453125 0.39697265625 0.82275390625 470781
0.14453125 0.39697265625 0.82275390625 470782
0.14453125 0.39697265625 0.82275390625 470783
0.14453125 0.39697265625 0.82275390625 470784
0.1572265625 0.39404296875 0.8525390625 470882
0.1572265625 0.39404296875 0.8525390625 470883
0.1572265625 0.39404296875 0.8525390625 470884
0.1572265625 0.39404296875 0.8525390625 470885
0.1572265625 0.39404296875 0.8525390625 470886
0.1513671875 0.3984375 0.8408203125 470985
0.1513671875 0.3984375 0.8408203125 470986
0.1513671875 0.3984375 0.8408203125 470987
0.1513671875 0.3984375 0.8408203125 470988
0.1513671875 0.3984375 0.8408203125 470989
0.15185546875 0.38232421875 0.84228515625 471087
0.15185546875 0.38232421875 0.84228515625 471088
0.15185546875 0.38232421875 0.84228515625 471090
0.15185546875 0.38232421875 0.84228515625 471091
0.15185546875 0.38232421875 0.84228515625 471092
0.15283203125 0.3916015625 0.84521484375 471190
0.15283203125 0.3916015625 0.84521484375 471212
0.15283203125 0.3916015625 0.84521484375 471220
0.15283203125 0.3916015625 0.84521484375 471221
0.15283203125 0.3916015625 0.84521484375 471222
0.1640625 0.37890625 0.8388671875 471269
0.14306640625 0.3955078125 0.84619140625 471399
0.14306640625 0.3955078125 0.84619140625 471400
0.14306640625 0.3955078125 0.84619140625 471402
0.14306640625 0.3955078125 0.84619140625 471403
0.14306640625 0.3955078125 0.84619140625 471404
0.14990234375 0.38916015625 0.85302734375 471482
0.12939453125 0.36865234375 0.83349609375 471600
0.12939453125 0.36865234375 0.83349609375 471601
0.12939453125 0.36865234375 0.83349609375 471602
0.12939453125 0.36865234375 0.83349609375 471603
0.12939453125 0.36865234375 0.83349609375 471604
0.1181640625 0.37353515625 0.822265625 471692
0.10498046875 0.36376953125 0.8525390625 471809
0.10498046875 0.36376953125 0.8525390625 471812
0.10498046875 0.36376953125 0.8525390625 471814
0.10498046875 0.36376953125 0.8525390625 471815
0.10498046875 0.36376953125 0.8525390625 471817
0.091796875 0.3193359375 0.81884765625 471885
0.09375 0.302734375 0.84716796875 471994
0.09375 0.302734375 0.84716796875 471995
0.09375 0.302734375 0.84716796875 471996
0.09375 0.302734375 0.84716796875 471997
0.09375 0.302734375 0.84716796875 471998
0.0673828125 0.36572265625 0.87646484375 472090
0.04052734375 0.34716796875 0.86962890625 472396
0.04052734375 0.34716796875 0.86962890625 472398
0.04052734375 0.34716796875 0.86962890625 472399
0.04052734375 0.34716796875 0.86962890625 472400
0.04052734375 0.34716796875 0.86962890625 472401
-0.0283203125 0.4658203125 0.822265625 472403
-0.09716796875 0.56298828125 0.76171875 472415
-0.16796875 0.59521484375 0.67236328125 472500
-0.16796875 0.59521484375 0.67236328125 472501
-0.16796875 0.59521484375 0.67236328125 472502
-0.16796875 0.59521484375 0.67236328125 472503
-0.16796875 0.59521484375 0.67236328125 472504
-0.2705078125 0.66015625 0.564453125 472742
-0.2705078125 0.66015625 0.564453125 472743
-0.2705078125 0.66015625 0.564453125 472744
-0.2705078125 0.66015625 0.564453125 472745
-0.2705078125 0.66015625 0.564453125 472746
-0.37060546875 0.67578125 0.4375 472747
-0.4482421875 0.69091796875 0.3447265625 472780
-0.51416015625 0.70458984375 0.27587890625 472881
-0.51416015625 0.70458984375 0.27587890625 472882
-0.51416015625 0.70458984375 0.27587890625 472883
-0.51416015625 0.70458984375 0.27587890625 472884
-0.51416015625 0.70458984375 0.27587890625 472885
-0.5419921875 0.67529296875 0.15966796875 472984
-0.5419921875 0.67529296875 0.15966796875 472985
-0.5419921875 0.67529296875 0.15966796875 472986
-0.5419921875 0.67529296875 0.15966796875 472987
-0.5419921875 0.67529296875 0.15966796875 472988
-0.59033203125 0.71142578125 0.091796875 473086
-0.59033203125 0.71142578125 0.091796875 473087
-0.59033203125 0.71142578125 0.091796875 473088
-0.59033203125 0.71142578125 0.091796875 473090
-0.5947265625 0.6298828125 0.0888671875 473196
-0.5947265625 0.6298828125 0.0888671875 473197
-0.5947265625 0.6298828125 0.0888671875 473198
-0.5947265625 0.6298828125 0.0888671875 473199
-0.5947265625 0.6298828125 0.0888671875 473200
-0.66455078125 0.64990234375 -0.0576171875 473283
-0.6328125 0.626953125 -0.03515625 473400
-0.6328125 0.626953125 -0.03515625 473427
-0.6328125 0.626953125 -0.03515625 473429
-0.6328125 0.626953125 -0.03515625 473430
-0.6328125 0.626953125 -0.03515625 473431
-0.67236328125 0.59814453125 -0.0498046875 473490
-0.6748046875 0.6455078125 0.04052734375 473607
-0.6748046875 0.6455078125 0.04052734375 473608
-0.6748046875 0.6455078125 0.04052734375 473609
-0.6748046875 0.6455078125 0.04052734375 473611
-0.6748046875 0.6455078125 0.04052734375 473612
-0.53271484375 0.6171875 0.4189453125 473669
-0.5009765625 0.42724609375 0.49462890625 473787
-0.5009765625 0.42724609375 0.49462890625 473789
-0.5009765625 0.42724609375 0.49462890625 473791
-0.5009765625 0.42724609375 0.49462890625 473791
-0.5009765625 0.42724609375 0.49462890625 473792
-0.28662109375 0.39453125 0.68017578125 473899
-0.28662109375 0.39453125 0.68017578125 473900
-0.28662109375 0.39453125 0.68017578125 473901
-0.28662109375 0.39453125 0.68017578125 473902
-0.28662109375 0.39453125 0.68017578125 473903
-0.21875 0.52099609375 0.671875 473986
-0.12548828125 0.53173828125 0.66650390625 474090
-0.12548828125 0.53173828125 0.66650390625 474091
-0.12548828125 0.53173828125 0.66650390625 474092
-0.12548828125 0.53173828125 0.66650390625 474093
-0.12548828125 0.53173828125 0.66650390625 474094
-0.08349609375 0.57568359375 0.658203125 474174
0.0009765625 0.61865234375 0.70458984375 474295
0.0009765625 0.61865234375 0.70458984375 474297
0.0009765625 0.61865234375 0.70458984375 474298
0.0009765625 0.61865234375 0.70458984375 474300
0.0009765625 0.61865234375 0.70458984375 474301
0.04736328125 0.6240234375 0.72607421875 474389
0.09716796875 0.609375 0.70458984375 474492
0.09716796875 0.609375 0.70458984375 474493
0.09716796875 0.609375 0.70458984375 474494
0.09716796875 0.609375 0.70458984375 474495
0.09716796875 0.609375 0.70458984375 474496
0.09423828125 0.67529296875 0.693359375 474585
0.08154296875 0.6962890625 0.67626953125 474682
0.08154296875 0.6962890625 0.67626953125 474683
0.08154296875 0.6962890625 0.67626953125 474684
0.08154296875 0.6962890625 0.67626953125 474685
0.08154296875 0.6962890625 0.67626953125 474686
0.0908203125 0.6689453125 0.67724609375 474785
0.0908203125 0.6689453125 0.67724609375 474786
0.0908203125 0.6689453125 0.67724609375 474787
0.0908203125 0.6689453125 0.67724609375 474788
0.0908203125 0.6689453125 0.67724609375 474789
0.07470703125 0.72216796875 0.65087890625 474891
0.07470703125 0.72216796875 0.65087890625 474892
0.07470703125 0.72216796875 0.65087890625 474893
0.07470703125 0.72216796875 0.65087890625 474895
0.07470703125 0.72216796875 0.65087890625 474896
0.09375 0.6962890625 0.65478515625 474999
0.09375 0.6962890625 0.65478515625 475000
0.09375 0.6962890625 0.65478515625 475001
0.09375 0.6962890625 0.65478515625 475002
0.09375 0.6962890625 0.65478515625 475002
0.09619140625 0.7001953125 0.6455078125 475085
0.09814453125 0.73095703125 0.650390625 475190
0.09814453125 0.73095703125 0.650390625 475191
0.09814453125 0.73095703125 0.650390625 475192
0.09814453125 0.73095703125 0.650390625 475193
0.09814453125 0.73095703125 0.650390625 475194
0.103515625 0.72021484375 0.64453125 475289
0.140625 0.67724609375 0.68603515625 475373
0.140625 0.67724609375 0.68603515625 475374
0.140625 0.67724609375 0.68603515625 475375
0.140625 0.67724609375 0.68603515625 475377
0.140625 0.67724609375 0.68603515625 475378
0.15185546875 0.64111328125 0.7177734375 475482
0.15185546875 0.64111328125 0.7177734375 475483
0.15185546875 0.64111328125 0.7177734375 475484
0.15185546875 0.64111328125 0.7177734375 475485
0.15185546875 0.64111328125 0.7177734375 475486
0.17236328125 0.607421875 0.74853515625 475585
0.17236328125 0.607421875 0.74853515625 475586
0.17236328125 0.607421875 0.74853515625 475587
0.17236328125 0.607421875 0.74853515625 475588
0.17236328125 0.607421875 0.74853515625 475589
0.1640625 0.56396484375 0.74560546875 475687
0.1640625 0.56396484375 0.74560546875 475688
0.1640625 0.56396484375 0.74560546875 475689
0.1640625 0.56396484375 0.74560546875 475690
0.1640625 0.56396484375 0.74560546875 475690
0.1728515625 0.50439453125 0.79052734375 475790
0.1728515625 0.50439453125 0.79052734375 475791
0.1728515625 0.50439453125 0.79052734375 475792
0.1728515625 0.50439453125 0.79052734375 475793
0.1728515625 0.50439453125 0.79052734375 475794
0.16455078125 0.474609375 0.80859375 475892
0.16455078125 0.474609375 0.80859375 475917
0.16455078125 0.474609375 0.80859375 475922
0.16455078125 0.474609375 0.80859375 475924
0.16455078125 0.474609375 0.80859375 475925
0.16064453125 0.46728515625 0.818359375 475970
0.1474609375 0.46533203125 0.8291015625 476083
0.1474609375 0.46533203125 0.8291015625 476117
0.1474609375 0.46533203125 0.8291015625 476118
0.1474609375 0.46533203125 0.8291015625 476119
0.1474609375 0.46533203125 0.8291015625 476121
0.12158203125 0.4326171875 0.81640625 476184
0.12158203125 0.4326171875 0.81640625 476185
0.1142578125 0.3916015625 0.80908203125 476287
0.1142578125 0.3916015625 0.80908203125 476289
0.1142578125 0.3916015625 0.80908203125 476290
0.1142578125 0.3916015625 0.80908203125 476291
0.1142578125 0.3916015625 0.80908203125 476292
0.11474609375 0.392578125 0.81982421875 476417
0.11474609375 0.392578125 0.81982421875 476418
0.11474609375 0.392578125 0.81982421875 476419
0.11474609375 0.392578125 0.81982421875 476420
0.11474609375 0.392578125 0.81982421875 476421
0.11474609375 0.39453125 0.83154296875 476492
0.10888671875 0.412109375 0.84521484375 476571
0.10888671875 0.412109375 0.84521484375 476572
0.10888671875 0.412109375 0.84521484375 476573
0.10888671875 0.412109375 0.84521484375 476574
0.10888671875 0.412109375 0.84521484375 476575
0.11767578125 0.38427734375 0.8349609375 476700
0.11767578125 0.38427734375 0.8349609375 476701
0.11767578125 0.38427734375 0.8349609375 476711
0.11767578125 0.38427734375 0.8349609375 476712
0.11767578125 0.38427734375 0.8349609375 476713
0.1240234375 0.39501953125 0.833984375 476784
0.12353515625 0.39697265625 0.83935546875 476887
0.12353515625 0.39697265625 0.83935546875 476888
0.12353515625 0.39697265625 0.83935546875 476889
0.12353515625 0.39697265625 0.83935546875 476890
0.12353515625 0.39697265625 0.83935546875 476891
0.115234375 0.39208984375 0.83642578125 476991
0.115234375 0.39208984375 0.83642578125 476992
0.115234375 0.39208984375 0.83642578125 476993
0.115234375 0.39208984375 0.83642578125 476994
0.115234375 0.39208984375 0.83642578125 477007
0.12158203125 0.38671875 0.83837890625 477070
0.1181640625 0.4091796875 0.8349609375 477181
0.1181640625 0.4091796875 0.8349609375 477182
0.1181640625 0.4091796875 0.8349609375 477183
0.1181640625 0.4091796875 0.8349609375 477184
0.1181640625 0.4091796875 0.8349609375 477185
0.11474609375 0.39990234375 0.83251953125 477284
0.11474609375 0.39990234375 0.83251953125 477285
0.11474609375 0.39990234375 0.83251953125 477286
0.11474609375 0.39990234375 0.83251953125 477287
0.11474609375 0.39990234375 0.83251953125 477288
0.12353515625 0.38671875 0.83349609375 477386
0.12353515625 0.38671875 0.83349609375 477387
0.12353515625 0.38671875 0.83349609375 477388
0.12353515625 0.38671875 0.83349609375 477389
0.12353515625 0.38671875 0.83349609375 477390
0.11376953125 0.41259765625 0.8232421875 477490
0.11376953125 0.41259765625 0.8232421875 477491
0.11376953125 0.41259765625 0.8232421875 477492
0.11376953125 0.41259765625 0.8232421875 477493
0.11376953125 0.41259765625 0.8232421875 477494
0.1259765625 0.3974609375 0.8447265625 477596
0.1259765625 0.3974609375 0.8447265625 477597
0.1259765625 0.3974609375 0.8447265625 477598
0.1259765625 0.3974609375 0.8447265625 477598
0.1259765625 0.3974609375 0.8447265625 477599
0.115234375 0.39453125 0.82958984375 477670
0.126953125 0.38916015625 0.84228515625 477781
0.126953125 0.38916015625 0.84228515625 477782
0.126953125 0.38916015625 0.84228515625 477783
0.126953125 0.38916015625 0.84228515625 477784
0.126953125 0.38916015625 0.84228515625 477785
0.11767578125 0.4013671875 0.82177734375 477898
0.11767578125 0.4013671875 0.82177734375 477899
0.11767578125 0.4013671875 0.82177734375 477900
0.11767578125 0.4013671875 0.82177734375 477901
0.11767578125 0.4013671875 0.82177734375 477902
0.1328125 0.4013671875 0.84521484375 477987
0.12744140625 0.3916015625 0.82421875 478089
0.12744140625 0.3916015625 0.82421875 478090
0.12744140625 0.3916015625 0.82421875 478091
0.12744140625 0.3916015625 0.82421875 478092
0.12744140625 0.3916015625 0.82421875 478093
0.12255859375 0.40673828125 0.8271484375 478203
0.12255859375 0.40673828125 0.8271484375 478204
0.12255859375 0.40673828125 0.8271484375 478205
0.12255859375 0.40673828125 0.8271484375 478206
0.12255859375 0.40673828125 0.8271484375 478207
0.1357421875 0.39892578125 0.84619140625 478285
0.13623046875 0.39208984375 0.83056640625 478388
0.13623046875 0.39208984375 0.83056640625 478389
0.13623046875 0.39208984375 0.83056640625 478389
0.13623046875 0.39208984375 0.83056640625 478390
0.13623046875 0.39208984375 0.83056640625 478403
0.1376953125 0.4072265625 0.83544921875 478493
0.1376953125 0.4072265625 0.83544921875 478494
0.1376953125 0.4072265625 0.83544921875 478495
0.1376953125 0.4072265625 0.83544921875 478497
0.1376953125 0.4072265625 0.83544921875 478498
0.13525390625 0.39501953125 0.8349609375 478592
0.13671875 0.400390625 0.84375 478671
0.13671875 0.400390625 0.84375 478672
0.13671875 0.400390625 0.84375 478673
0.13671875 0.400390625 0.84375 478674
0.13671875 0.400390625 0.84375 478675
0.13671875 0.39794921875 0.8388671875 478784
0.13671875 0.39794921875 0.8388671875 478785
0.13671875 0.39794921875 0.8388671875 478786
0.13671875 0.39794921875 0.8388671875 478787
0.13671875 0.39794921875 0.8388671875 478788
0.13525390625 0.40576171875 0.82861328125 478886
0.13525390625 0.40576171875 0.82861328125 478901
0.13525390625 0.40576171875 0.82861328125 478902
0.13525390625 0.40576171875 0.82861328125 478903
0.13525390625 0.40576171875 0.82861328125 478905
0.12548828125 0.40283203125 0.83544921875 478989
0.12548828125 0.40283203125 0.83544921875 478990
0.13330078125 0.39208984375 0.83984375 479092
0.13330078125 0.39208984375 0.83984375 479093
0.13330078125 0.39208984375 0.83984375 479094
0.13330078125 0.39208984375 0.83984375 479095
0.13330078125 0.39208984375 0.83984375 479096
0.1240234375 0.3955078125 0.8359375 479173
0.134765625 0.408203125 0.83447265625 479285
0.134765625 0.408203125 0.83447265625 479286
0.134765625 0.408203125 0.83447265625 479286
0.134765625 0.408203125 0.83447265625 479287
0.134765625 0.408203125 0.83447265625 479288
0.130859375 0.39599609375 0.8408203125 479390
0.130859375 0.39599609375 0.8408203125 479391
0.130859375 0.39599609375 0.8408203125 479392
0.130859375 0.39599609375 0.8408203125 479393
0.130859375 0.39599609375 0.8408203125 479394
0.13427734375 0.38671875 0.8359375 479490
0.12646484375 0.38623046875 0.833984375 479593
0.12646484375 0.38623046875 0.833984375 479594
0.12646484375 0.38623046875 0.833984375 479595
0.12646484375 0.38623046875 0.833984375 479596
0.12646484375 0.38623046875 0.833984375 479597
0.13134765625 0.390625 0.84765625 479689
0.1298828125 0.39892578125 0.8447265625 479786
0.1298828125 0.39892578125 0.8447265625 479787
0.1298828125 0.39892578125 0.8447265625 479788
0.1298828125 0.39892578125 0.8447265625 479789
0.1298828125 0.39892578125 0.8447265625 479790
0.12744140625 0.36865234375 0.830078125 479881
0.1240234375 0.38330078125 0.8427734375 480001
0.1240234375 0.38330078125 0.8427734375 480002
0.1240234375 0.38330078125 0.8427734375 480003
0.1240234375 0.38330078125 0.8427734375 480004
0.1240234375 0.38330078125 0.8427734375 480006
0.1279296875 0.390625 0.85400390625 480086
0.12646484375 0.38671875 0.84326171875 480189
0.12646484375 0.38671875 0.84326171875 480190
0.12646484375 0.38671875 0.84326171875 480192
0.12646484375 0.38671875 0.84326171875 480193
0.12646484375 0.38671875 0.84326171875 480194
0.12109375 0.36328125 0.82421875 480307
0.12109375 0.36328125 0.82421875 480308
0.12109375 0.36328125 0.82421875 480309
0.12109375 0.36328125 0.82421875 480311
0.12109375 0.36328125 0.82421875 480312
0.1279296875 0.380859375 0.8466796875 480395
0.11962890625 0.39697265625 0.8349609375 480472
0.11962890625 0.39697265625 0.8349609375 480473
0.11962890625 0.39697265625 0.8349609375 480474
0.11962890625 0.39697265625 0.8349609375 480475
0.11962890625 0.39697265625 0.8349609375 480476
0.12890625 0.38134765625 0.85205078125 480586
0.12890625 0.38134765625 0.85205078125 480587
0.12890625 0.38134765625 0.85205078125 480588
0.12890625 0.38134765625 0.85205078125 480597
0.12890625 0.38134765625 0.85205078125 480598
0.1201171875 0.376953125 0.83837890625 480685
0.123046875 0.3876953125 0.845703125 480787
0.123046875 0.3876953125 0.845703125 480788
0.123046875 0.3876953125 0.845703125 480789
0.123046875 0.3876953125 0.845703125 480790
0.123046875 0.3876953125 0.845703125 480791
0.123046875 0.36962890625 0.8408203125 480890
0.123046875 0.36962890625 0.8408203125 480891
0.123046875 0.36962890625 0.8408203125 480892
0.123046875 0.36962890625 0.8408203125 480893
0.123046875 0.36962890625 0.8408203125 480893
0.12353515625 0.3779296875 0.84326171875 480993
0.12353515625 0.3779296875 0.84326171875 480994
0.12353515625 0.3779296875 0.84326171875 480995
0.12353515625 0.3779296875 0.84326171875 480996
0.12353515625 0.3779296875 0.84326171875 480997
0.11328125 0.3798828125 0.8291015625 481088
0.123046875 0.384765625 0.84765625 481188
0.123046875 0.384765625 0.84765625 481189
0.123046875 0.384765625 0.84765625 481190
0.123046875 0.384765625 0.84765625 481191
0.123046875 0.384765625 0.84765625 481192
0.1279296875 0.373046875 0.84130859375 481292
0.1279296875 0.373046875 0.84130859375 481293
0.1279296875 0.373046875 0.84130859375 481294
0.1279296875 0.373046875 0.84130859375 481295
0.1279296875 0.373046875 0.84130859375 481296
0.12158203125 0.376953125 0.8359375 481394
0.12158203125 0.376953125 0.8359375 481396
0.12158203125 0.376953125 0.8359375 481397
0.12158203125 0.376953125 0.8359375 481398
0.12158203125 0.376953125 0.8359375 481400
0.12548828125 0.39599609375 0.849609375 481484
0.12548828125 0.37646484375 0.83642578125 481586
0.12548828125 0.37646484375 0.83642578125 481587
0.12548828125 0.37646484375 0.83642578125 481601
0.12548828125 0.37646484375 0.83642578125 481602
0.12548828125 0.37646484375 0.83642578125 481603
0.12646484375 0.3857421875 0.8466796875 481691
0.12646484375 0.3857421875 0.8466796875 481692
0.12646484375 0.3857421875 0.8466796875 481694
0.1279296875 0.36767578125 0.83837890625 481781
0.1279296875 0.36767578125 0.83837890625 481783
0.1279296875 0.36767578125 0.83837890625 481784
0.12060546875 0.38623046875 0.8359375 481885
0.12060546875 0.38623046875 0.8359375 481886
0.12060546875 0.38623046875 0.8359375 481887
0.12060546875 0.38623046875 0.8359375 481888
0.12060546875 0.38623046875 0.8359375 481888
0.12939453125 0.38671875 0.8525390625 481987
0.12939453125 0.38671875 0.8525390625 481988
0.12939453125 0.38671875 0.8525390625 481989
0.12939453125 0.38671875 0.8525390625 481990
0.12939453125 0.38671875 0.8525390625 481991
0.12060546875 0.3935546875 0.83837890625 482092
0.12060546875 0.3935546875 0.83837890625 482093
0.12060546875 0.3935546875 0.83837890625 482095
0.12060546875 0.3935546875 0.83837890625 482096
0.12060546875 0.3935546875 0.83837890625 482097
0.126953125 0.373046875 0.8408203125 482172
0.12890625 0.380859375 0.8388671875 482285
0.12890625 0.380859375 0.8388671875 482286
0.12890625 0.380859375 0.8388671875 482287
0.12890625 0.380859375 0.8388671875 482288
0.12890625 0.380859375 0.8388671875 482289
0.1298828125 0.39892578125 0.8525390625 482399
0.1298828125 0.39892578125 0.8525390625 482401
0.1298828125 0.39892578125 0.8525390625 482402
0.1298828125 0.39892578125 0.8525390625 482404
0.1298828125 0.39892578125 0.8525390625 482405
0.1279296875 0.3720703125 0.841796875 482491
0.1240234375 0.38134765625 0.83203125 482571
0.1240234375 0.38134765625 0.83203125 482572
0.1240234375 0.38134765625 0.83203125 482573
0.1240234375 0.38134765625 0.83203125 482575
0.1240234375 0.38134765625 0.83203125 482576
0.12548828125 0.3818359375 0.84619140625 482685
0.12548828125 0.3818359375 0.84619140625 482686
0.12548828125 0.3818359375 0.84619140625 482687
0.12548828125 0.3818359375 0.84619140625 482688
0.12548828125 0.3818359375 0.84619140625 482689
0.125 0.3896484375 0.83740234375 482814
0.125 0.3896484375 0.83740234375 482815
0.125 0.3896484375 0.83740234375 482816
0.125 0.3896484375 0.83740234375 482817
0.125 0.3896484375 0.83740234375 482817
0.12646484375 0.3759765625 0.83544921875 482892
0.1279296875 0.3837890625 0.84423828125 482971
0.1279296875 0.3837890625 0.84423828125 482972
0.1279296875 0.3837890625 0.84423828125 482973
0.1279296875 0.3837890625 0.84423828125 482974
0.1279296875 0.3837890625 0.84423828125 482975
0.13427734375 0.3818359375 0.84130859375 483082
0.13427734375 0.3818359375 0.84130859375 483083
0.13427734375 0.3818359375 0.84130859375 483084
0.13427734375 0.3818359375 0.84130859375 483086
0.13427734375 0.3818359375 0.84130859375 483087
0.12744140625 0.39599609375 0.83837890625 483184
0.12744140625 0.39599609375 0.83837890625 483185
0.12744140625 0.39599609375 0.83837890625 483187
0.12744140625 0.39599609375 0.83837890625 483188
0.12744140625 0.39599609375 0.83837890625 483189
0.123046875 0.37158203125 0.83154296875 483287
0.123046875 0.37158203125 0.83154296875 483288
0.123046875 0.37158203125 0.83154296875 483289
0.123046875 0.37158203125 0.83154296875 483303
0.1259765625 0.39013671875 0.84765625 483392
0.1259765625 0.39013671875 0.84765625 483393
0.1259765625 0.39013671875 0.84765625 483394
0.1259765625 0.39013671875 0.84765625 483394
0.1259765625 0.39013671875 0.84765625 483395
0.13134765625 0.3818359375 0.845703125 483470
0.130859375 0.38330078125 0.837890625 483582
0.130859375 0.38330078125 0.837890625 483583
0.130859375 0.38330078125 0.837890625 483584
0.130859375 0.38330078125 0.837890625 483585
0.130859375 0.38330078125 0.837890625 483586
0.1298828125 0.384765625 0.84716796875 483683
0.1298828125 0.384765625 0.84716796875 483685
0.1298828125 0.384765625 0.84716796875 483686
0.1298828125 0.384765625 0.84716796875 483687
0.1298828125 0.384765625 0.84716796875 483688
0.1279296875 0.38330078125 0.84130859375 483787
0.1279296875 0.38330078125 0.84130859375 483789
0.1279296875 0.38330078125 0.84130859375 483790
0.1279296875 0.38330078125 0.84130859375 483791
0.1279296875 0.38330078125 0.84130859375 483792
0.1328125 0.37939453125 0.84716796875 483908
0.1328125 0.37939453125 0.84716796875 483909
0.1328125 0.37939453125 0.84716796875 483911
0.1328125 0.37939453125 0.84716796875 483911
0.1328125 0.37939453125 0.84716796875 483912
0.134765625 0.3720703125 0.853515625 483992
0.1298828125 0.37548828125 0.845703125 484069
0.1298828125 0.37548828125 0.845703125 484071
0.1298828125 0.37548828125 0.845703125 484072
0.1298828125 0.37548828125 0.845703125 484073
0.1298828125 0.37548828125 0.845703125 484074
0.138671875 0.38232421875 0.84326171875 484185
0.138671875 0.38232421875 0.84326171875 484186
0.138671875 0.38232421875 0.84326171875 484188
0.138671875 0.38232421875 0.84326171875 484189
0.138671875 0.38232421875 0.84326171875 484190
0.1279296875 0.376953125 0.83251953125 484283
0.13720703125 0.36083984375 0.83251953125 484386
0.13720703125 0.36083984375 0.83251953125 484387
0.13720703125 0.36083984375 0.83251953125 484388
0.13720703125 0.36083984375 0.83251953125 484389
0.13720703125 0.36083984375 0.83251953125 484390
0.138671875 0.3759765625 0.86181640625 484492
0.138671875 0.3759765625 0.86181640625 484493
0.138671875 0.3759765625 0.86181640625 484494
0.138671875 0.3759765625 0.86181640625 484494
0.138671875 0.3759765625 0.86181640625 484495
0.1240234375 0.35205078125 0.83935546875 484598
0.1240234375 0.35205078125 0.83935546875 484600
0.1240234375 0.35205078125 0.83935546875 484601
0.1240234375 0.35205078125 0.83935546875 484602
0.1240234375 0.35205078125 0.83935546875 484603
0.107421875 0.3291015625 0.83056640625 484684
0.09716796875 0.34765625 0.859375 484776
0.09716796875 0.34765625 0.859375 484808
0.09716796875 0.34765625 0.859375 484810
0.09716796875 0.34765625 0.859375 484811
0.09716796875 0.34765625 0.859375 484811
0.078125 0.33251953125 0.83251953125 484892
0.078125 0.33251953125 0.83251953125 484893
0.076171875 0.3359375 0.87255859375 484971
0.076171875 0.3359375 0.87255859375 484973
0.076171875 0.3359375 0.87255859375 484974
0.076171875 0.3359375 0.87255859375 484974
0.05078125 0.35302734375 0.85107421875 485085
0.05078125 0.35302734375 0.85107421875 485086
0.05078125 0.35302734375 0.85107421875 485087
0.05078125 0.35302734375 0.85107421875 485088
0.05078125 0.35302734375 0.85107421875 485089
0.01318359375 0.4306640625 0.84716796875 485186
0.01318359375 0.4306640625 0.84716796875 485187
0.01318359375 0.4306640625 0.84716796875 485188
0.01318359375 0.4306640625 0.84716796875 485190
0.01318359375 0.4306640625 0.84716796875 485191
-0.0576171875 0.48046875 0.77978515625 485302
-0.0576171875 0.48046875 0.77978515625 485303
-0.0576171875 0.48046875 0.77978515625 485328
-0.0576171875 0.48046875 0.77978515625 485329
-0.0576171875 0.48046875 0.77978515625 485330
-0.13134765625 0.5478515625 0.72998046875 485392
-0.19482421875 0.58642578125 0.66259765625 485471
-0.19482421875 0.58642578125 0.66259765625 485472
-0.19482421875 0.58642578125 0.66259765625 485473
-0.19482421875 0.58642578125 0.66259765625 485474
-0.19482421875 0.58642578125 0.66259765625 485475
-0.2685546875 0.65283203125 0.58740234375 485582
-0.2685546875 0.65283203125 0.58740234375 485583
-0.2685546875 0.65283203125 0.58740234375 485598
-0.2685546875 0.65283203125 0.58740234375 485599
-0.2685546875 0.65283203125 0.58740234375 485600
-0.3486328125 0.6943359375 0.4853515625 485685
-0.3486328125 0.6943359375 0.4853515625 485686
-0.3486328125 0.6943359375 0.4853515625 485688
-0.40087890625 0.65380859375 0.3955078125 485787
-0.40087890625 0.65380859375 0.3955078125 485788
-0.40087890625 0.65380859375 0.3955078125 485789
-0.40087890625 0.65380859375 0.3955078125 485790
-0.40087890625 0.65380859375 0.3955078125 485791
-0.46826171875 0.708984375 0.30029296875 485890
-0.46826171875 0.708984375 0.30029296875 485891
-0.46826171875 0.708984375 0.30029296875 485892
-0.46826171875 0.708984375 0.30029296875 485893
-0.46826171875 0.708984375 0.30029296875 485894
-0.52587890625 0.71337890625 0.24462890625 485996
-0.52587890625 0.71337890625 0.24462890625 486031
-0.52587890625 0.71337890625 0.24462890625 486034
-0.52587890625 0.71337890625 0.24462890625 486035
-0.52587890625 0.71337890625 0.24462890625 486036
-0.56689453125 0.67138671875 0.15673828125 486070
-0.6015625 0.64794921875 0.044921875 486182
-0.6015625 0.64794921875 0.044921875 486184
-0.6015625 0.64794921875 0.044921875 486185
-0.6015625 0.64794921875 0.044921875 486186
-0.6015625 0.64794921875 0.044921875 486187
-0.62890625 0.68798828125 -0.0263671875 486287
-0.62890625 0.68798828125 -0.0263671875 486288
-0.62890625 0.68798828125 -0.0263671875 486289
-0.62890625 0.68798828125 -0.0263671875 486290
-0.62890625 0.68798828125 -0.0263671875 486291
-0.6484375 0.673828125 0.009765625 486387
-0.62548828125 0.64404296875 0.09521484375 486490
-0.62548828125 0.64404296875 0.09521484375 486491
-0.62548828125 0.64404296875 0.09521484375 486492
-0.62548828125 0.64404296875 0.09521484375 486493
-0.62548828125 0.64404296875 0.09521484375 486494
-0.59228515625 0.58642578125 0.1298828125 486593
-0.59228515625 0.58642578125 0.1298828125 486595
-0.59228515625 0.58642578125 0.1298828125 486596
-0.59228515625 0.58642578125 0.1298828125 486597
-0.59228515625 0.58642578125 0.1298828125 486598
-0.55322265625 0.5205078125 0.330078125 486671
-0.44140625 0.5107421875 0.57470703125 486782
-0.44140625 0.5107421875 0.57470703125 486783
-0.44140625 0.5107421875 0.57470703125 486784
-0.44140625 0.5107421875 0.57470703125 486785
-0.44140625 0.5107421875 0.57470703125 486786
-0.3046875 0.44384765625 0.669921875 486884
-0.3046875 0.44384765625 0.669921875 486886
-0.3046875 0.44384765625 0.669921875 486887
-0.3046875 0.44384765625 0.669921875 486888
-0.3046875 0.44384765625 0.669921875 486889
-0.2001953125 0.4951171875 0.68408203125 486997
-0.2001953125 0.4951171875 0.68408203125 486998
-0.2001953125 0.4951171875 0.68408203125 486999
-0.2001953125 0.4951171875 0.68408203125 487000
-0.2001953125 0.4951171875 0.68408203125 487002
-0.12744140625 0.52392578125 0.68798828125 487104
-0.12744140625 0.52392578125 0.68798828125 487106
-0.12744140625 0.52392578125 0.68798828125 487107
-0.12744140625 0.52392578125 0.68798828125 487108
-0.12744140625 0.52392578125 0.68798828125 487108
-0.046875 0.60107421875 0.71923828125 487193
0.0322265625 0.6259765625 0.75048828125 487286
0.0322265625 0.6259765625 0.75048828125 487288
0.0322265625 0.6259765625 0.75048828125 487289
0.0322265625 0.6259765625 0.75048828125 487290
0.0322265625 0.6259765625 0.75048828125 487292
0.05615234375 0.6650390625 0.70947265625 487398
0.05615234375 0.6650390625 0.70947265625 487407
0.05615234375 0.6650390625 0.70947265625 487408
0.05615234375 0.6650390625 0.70947265625 487410
0.05615234375 0.6650390625 0.70947265625 487411
0.09228515625 0.6875 0.70361328125 487484
0.0712890625 0.71728515625 0.65478515625 487588
0.0712890625 0.71728515625 0.65478515625 487589
0.0712890625 0.71728515625 0.65478515625 487590
0.0712890625 0.71728515625 0.65478515625 487592
0.0712890625 0.71728515625 0.65478515625 487593
0.08203125 0.6796875 0.66357421875 487690
0.08203125 0.6796875 0.66357421875 487691
0.08203125 0.6796875 0.66357421875 487692
0.08203125 0.6796875 0.66357421875 487693
0.08203125 0.6796875 0.66357421875 487694
0.0908203125 0.70068359375 0.6640625 487798
0.0908203125 0.70068359375 0.6640625 487799
0.0908203125 0.70068359375 0.6640625 487801
0.0908203125 0.70068359375 0.6640625 487802
0.0908203125 0.70068359375 0.6640625 487803
0.11279296875 0.69287109375 0.66796875 487884
0.1240234375 0.69873046875 0.66015625 487987
0.1240234375 0.69873046875 0.66015625 487988
0.1240234375 0.69873046875 0.66015625 487989
0.1240234375 0.69873046875 0.66015625 487990
0.1240234375 0.69873046875 0.66015625 487991
0.134765625 0.70068359375 0.67431640625 488090
0.134765625 0.70068359375 0.67431640625 488092
0.134765625 0.70068359375 0.67431640625 488094
0.134765625 0.70068359375 0.67431640625 488095
0.134765625 0.70068359375 0.67431640625 488096
0.14306640625 0.6943359375 0.66796875 488192
0.14306640625 0.6943359375 0.66796875 488193
0.14306640625 0.6943359375 0.66796875 488195
0.14306640625 0.6943359375 0.66796875 488196
0.14306640625 0.6943359375 0.66796875 488197
0.1396484375 0.69189453125 0.67236328125 488294
0.1396484375 0.69189453125 0.67236328125 488295
0.1396484375 0.69189453125 0.67236328125 488296
0.1396484375 0.69189453125 0.67236328125 488296
0.1396484375 0.69189453125 0.67236328125 488297
0.16943359375 0.67236328125 0.7080078125 488373
0.17041015625 0.62451171875 0.724609375 488500
0.17041015625 0.62451171875 0.724609375 488503
0.17041015625 0.62451171875 0.724609375 488504
0.17041015625 0.62451171875 0.724609375 488506
0.17041015625 0.62451171875 0.724609375 488510
0.18115234375 0.5869140625 0.76904296875 488587
0.17578125 0.54150390625 0.7841796875 488689
0.17578125 0.54150390625 0.7841796875 488690
0.17578125 0.54150390625 0.7841796875 488692
0.17578125 0.54150390625 0.7841796875 488694
0.17578125 0.54150390625 0.7841796875 488696
0.17578125 0.490234375 0.78515625 488808
0.17578125 0.490234375 0.78515625 488823
0.17578125 0.490234375 0.78515625 488824
0.17578125 0.490234375 0.78515625 488825
0.17578125 0.490234375 0.78515625 488826
0.16943359375 0.48046875 0.81494140625 488895
0.15234375 0.4697265625 0.7998046875 488973
0.15234375 0.4697265625 0.7998046875 488974
0.15234375 0.4697265625 0.7998046875 488975
0.15234375 0.4697265625 0.7998046875 488976
0.15234375 0.4697265625 0.7998046875 488977
0.14111328125 0.4814453125 0.7978515625 489084
0.14111328125 0.4814453125 0.7978515625 489086
0.14111328125 0.4814453125 0.7978515625 489087
0.14111328125 0.4814453125 0.7978515625 489088
0.14111328125 0.4814453125 0.7978515625 489089
0.1416015625 0.48046875 0.80517578125 489190
0.1416015625 0.48046875 0.80517578125 489191
0.1416015625 0.48046875 0.80517578125 489192
0.1416015625 0.48046875 0.80517578125 489193
0.1416015625 0.48046875 0.80517578125 489194
0.14501953125 0.4462890625 0.8017578125 489327
0.14501953125 0.4462890625 0.8017578125 489328
0.14501953125 0.4462890625 0.8017578125 489330
0.14501953125 0.4462890625 0.8017578125 489331
0.14501953125 0.4462890625 0.8017578125 489333
0.1484375 0.46044921875 0.822265625 489395
0.142578125 0.44580078125 0.8193359375 489480
0.142578125 0.44580078125 0.8193359375 489481
0.142578125 0.44580078125 0.8193359375 489482
0.142578125 0.44580078125 0.8193359375 489483
0.142578125 0.44580078125 0.8193359375 489484
0.14404296875 0.435546875 0.81640625 489583
0.14404296875 0.435546875 0.81640625 489585
0.14404296875 0.435546875 0.81640625 489586
0.14404296875 0.435546875 0.81640625 489612
0.14404296875 0.435546875 0.81640625 489613
0.14013671875 0.43212890625 0.8173828125 489685
0.14013671875 0.43212890625 0.8173828125 489687
0.14013671875 0.43212890625 0.8173828125 489688
0.14013671875 0.43212890625 0.8173828125 489689
0.14013671875 0.42626953125 0.828125 489789
0.14013671875 0.42626953125 0.828125 489790
0.14013671875 0.42626953125 0.828125 489792
0.14013671875 0.42626953125 0.828125 489793
0.14013671875 0.42626953125 0.828125 489804
0.138671875 0.4228515625 0.82666015625 489896
0.138671875 0.4228515625 0.82666015625 489898
0.138671875 0.4228515625 0.82666015625 489899
0.138671875 0.4228515625 0.82666015625 489900
0.138671875 0.4228515625 0.82666015625 489901
0.13525390625 0.4111328125 0.82763671875 489994
0.13232421875 0.41015625 0.82080078125 490072
0.13232421875 0.41015625 0.82080078125 490073
0.13232421875 0.41015625 0.82080078125 490074
0.13232421875 0.41015625 0.82080078125 490075
0.13232421875 0.41015625 0.82080078125 490076
0.1376953125 0.41748046875 0.837890625 490183
0.1376953125 0.41748046875 0.837890625 490185
0.1376953125 0.41748046875 0.837890625 490186
0.1376953125 0.41748046875 0.837890625 490187
0.1376953125 0.41748046875 0.837890625 490188
0.14453125 0.4052734375 0.83203125 490285
0.14453125 0.4052734375 0.83203125 490287
0.14453125 0.4052734375 0.83203125 490288
0.14453125 0.4052734375 0.83203125 490289
0.14453125 0.4052734375 0.83203125 490307
0.13525390625 0.419921875 0.8232421875 490388
0.13525390625 0.419921875 0.8232421875 490389
0.13525390625 0.419921875 0.8232421875 490390
0.13525390625 0.419921875 0.8232421875 490403
0.13525390625 0.419921875 0.8232421875 490404
0.14013671875 0.4130859375 0.8232421875 490491
0.14013671875 0.4130859375 0.8232421875 490493
0.14013671875 0.4130859375 0.8232421875 490494
0.14013671875 0.4130859375 0.8232421875 490495
0.14404296875 0.42529296875 0.84326171875 490593
0.14404296875 0.42529296875 0.84326171875 490594
0.14404296875 0.42529296875 0.84326171875 490595
0.14404296875 0.42529296875 0.84326171875 490596
0.14404296875 0.42529296875 0.84326171875 490597
0.14208984375 0.4111328125 0.82568359375 490672
0.14892578125 0.40771484375 0.83349609375 490783
0.14892578125 0.40771484375 0.83349609375 490804
0.14892578125 0.40771484375 0.83349609375 490807
0.14892578125 0.40771484375 0.83349609375 490809
0.14892578125 0.40771484375 0.83349609375 490810
0.14697265625 0.4140625 0.833984375 490886
0.14697265625 0.4140625 0.833984375 490887
0.1484375 0.4208984375 0.8291015625 490998
0.1484375 0.4208984375 0.8291015625 490999
0.1484375 0.4208984375 0.8291015625 491000
0.1484375 0.4208984375 0.8291015625 491001
0.1484375 0.4208984375 0.8291015625 491003
0.15087890625 0.40478515625 0.8291015625 491084
0.14892578125 0.419921875 0.841796875 491186
0.14892578125 0.419921875 0.841796875 491187
0.14892578125 0.419921875 0.841796875 491188
0.14892578125 0.419921875 0.841796875 491189
0.14892578125 0.419921875 0.841796875 491190
0.1494140625 0.41015625 0.8359375 491290
0.1494140625 0.41015625 0.8359375 491291
0.1494140625 0.41015625 0.8359375 491292
0.1494140625 0.41015625 0.8359375 491293
0.14990234375 0.40673828125 0.828125 491429
0.14990234375 0.40673828125 0.828125 491431
0.14990234375 0.40673828125 0.828125 491432
0.14990234375 0.40673828125 0.828125 491434
0.14990234375 0.40673828125 0.828125 491435
0.14453125 0.40576171875 0.8251953125 491471
0.14453125 0.4150390625 0.82958984375 491583
0.14453125 0.4150390625 0.82958984375 491584
0.14453125 0.4150390625 0.82958984375 491600
0.14453125 0.4150390625 0.82958984375 491602
0.14453125 0.4150390625 0.82958984375 491603
0.150390625 0.40185546875 0.8349609375 491686
0.150390625 0.40185546875 0.8349609375 491688
0.150390625 0.40185546875 0.8349609375 491689
0.14599609375 0.40869140625 0.82861328125 491788
0.14599609375 0.40869140625 0.82861328125 491789
0.14599609375 0.40869140625 0.82861328125 491790
0.14599609375 0.40869140625 0.82861328125 491791
0.14599609375 0.40869140625 0.82861328125 491792
0.1474609375 0.41259765625 0.833984375 491890
0.1474609375 0.41259765625 0.833984375 491891
0.1474609375 0.41259765625 0.833984375 491891
0.1474609375 0.41259765625 0.833984375 491892
0.1474609375 0.41259765625 0.833984375 491893
0.14892578125 0.41064453125 0.82861328125 491995
0.14892578125 0.41064453125 0.82861328125 491996
0.14892578125 0.41064453125 0.82861328125 491997
0.14892578125 0.41064453125 0.82861328125 491998
0.14892578125 0.41064453125 0.82861328125 492009
0.150390625 0.40869140625 0.830078125 492096
0.150390625 0.40869140625 0.830078125 492097
0.150390625 0.40869140625 0.830078125 492099
0.150390625 0.40869140625 0.830078125 492100
0.150390625 0.40869140625 0.830078125 492102
0.1533203125 0.40234375 0.83642578125 492174
0.1474609375 0.41845703125 0.82958984375 492286
0.1474609375 0.41845703125 0.82958984375 492287
0.1474609375 0.41845703125 0.82958984375 492288
0.1474609375 0.41845703125 0.82958984375 492289
0.1474609375 0.41845703125 0.82958984375 492290
0.15087890625 0.3984375 0.8359375 492407
0.15087890625 0.3984375 0.8359375 492412
0.15087890625 0.3984375 0.8359375 492413
0.15087890625 0.3984375 0.8359375 492413
0.15087890625 0.3984375 0.8359375 492414
0.15185546875 0.404296875 0.84033203125 492493
0.1494140625 0.40087890625 0.82470703125 492599
0.1494140625 0.40087890625 0.82470703125 492614
0.1494140625 0.40087890625 0.82470703125 492620
0.1494140625 0.40087890625 0.82470703125 492622
0.1494140625 0.40087890625 0.82470703125 492623
0.15234375 0.40576171875 0.84130859375 492676
0.15234375 0.3984375 0.83349609375 492784
0.15234375 0.3984375 0.83349609375 492785
0.15234375 0.3984375 0.83349609375 492787
0.15234375 0.3984375 0.83349609375 492790
0.15234375 0.3984375 0.83349609375 492791
0.15576171875 0.392578125 0.83740234375 492889
0.15576171875 0.392578125 0.83740234375 492891
0.15576171875 0.392578125 0.83740234375 492896
0.15576171875 0.392578125 0.83740234375 492897
0.15576171875 0.392578125 0.83740234375 492898
0.154296875 0.40087890625 0.8349609375 492989
0.154296875 0.40087890625 0.8349609375 492990
0.15771484375 0.39990234375 0.8427734375 493093
0.15771484375 0.39990234375 0.8427734375 493094
0.15771484375 0.39990234375 0.8427734375 493095
0.15771484375 0.39990234375 0.8427734375 493096
0.15771484375 0.39990234375 0.8427734375 493097
0.15380859375 0.404296875 0.83251953125 493196
0.15380859375 0.404296875 0.83251953125 493197
0.15380859375 0.404296875 0.83251953125 493199
0.15380859375 0.404296875 0.83251953125 493200
0.15380859375 0.404296875 0.83251953125 493202
0.15771484375 0.3974609375 0.83349609375 493273
0.15576171875 0.39794921875 0.82470703125 493384
0.15576171875 0.39794921875 0.82470703125 493385
0.15576171875 0.39794921875 0.82470703125 493386
0.15576171875 0.39794921875 0.82470703125 493388
0.15576171875 0.39794921875 0.82470703125 493389
0.15673828125 0.404296875 0.837890625 493498
0.15673828125 0.404296875 0.837890625 493499
0.15673828125 0.404296875 0.837890625 493500
0.15673828125 0.404296875 0.837890625 493502
0.15673828125 0.404296875 0.837890625 493503
0.16357421875 0.40478515625 0.8447265625 493590
0.15380859375 0.4111328125 0.83447265625 493692
0.15380859375 0.4111328125 0.83447265625 493693
0.15380859375 0.4111328125 0.83447265625 493694
0.15380859375 0.4111328125 0.83447265625 493696
0.15380859375 0.4111328125 0.83447265625 493697
0.16064453125 0.3984375 0.830078125 493827
0.16064453125 0.3984375 0.830078125 493832
0.16064453125 0.3984375 0.830078125 493835
0.16064453125 0.3984375 0.830078125 493845
0.16064453125 0.3984375 0.830078125 493846
0.1552734375 0.404296875 0.82763671875 493873
0.1591796875 0.40771484375 0.84375 493990
0.1591796875 0.40771484375 0.84375 493991
0.1591796875 0.40771484375 0.84375 493992
0.1591796875 0.40771484375 0.84375 493993
0.1591796875 0.40771484375 0.84375 493994
0.16015625 0.40185546875 0.8310546875 494087
0.1591796875 0.39453125 0.83349609375 494202
0.1591796875 0.39453125 0.83349609375 494204
0.1591796875 0.39453125 0.83349609375 494205
0.1591796875 0.39453125 0.83349609375 494206
0.1591796875 0.39453125 0.83349609375 494207
0.15234375 0.4091796875 0.837890625 494290
0.16015625 0.3896484375 0.83544921875 494387
0.16015625 0.3896484375 0.83544921875 494388
0.16015625 0.3896484375 0.83544921875 494389
0.16015625 0.3896484375 0.83544921875 494403
0.16015625 0.3896484375 0.83544921875 494405
0.1591796875 0.41455078125 0.83544921875 494489
0.1591796875 0.41455078125 0.83544921875 494490
0.1591796875 0.41455078125 0.83544921875 494491
0.1591796875 0.41455078125 0.83544921875 494493
0.15283203125 0.39794921875 0.82763671875 494596
0.15283203125 0.39794921875 0.82763671875 494597
0.15283203125 0.39794921875 0.82763671875 494598
0.15283203125 0.39794921875 0.82763671875 494599
0.15283203125 0.39794921875 0.82763671875 494600
0.1552734375 0.40283203125 0.84716796875 494735
0.1552734375 0.40283203125 0.84716796875 494736
0.1552734375 0.40283203125 0.84716796875 494737
0.1552734375 0.40283203125 0.84716796875 494738
0.1552734375 0.40283203125 0.84716796875 494739
0.15673828125 0.39306640625 0.83349609375 494835
0.15673828125 0.39306640625 0.83349609375 494836
0.15673828125 0.39306640625 0.83349609375 494837
0.15673828125 0.39306640625 0.83349609375 494838
0.15673828125 0.39306640625 0.83349609375 494839
0.15478515625 0.396484375 0.83544921875 494894
0.1533203125 0.40283203125 0.8310546875 494977
0.1533203125 0.40283203125 0.8310546875 494978
0.1533203125 0.40283203125 0.8310546875 494979
0.1533203125 0.40283203125 0.8310546875 494980
0.1533203125 0.40283203125 0.8310546875 494981
0.14599609375 0.40576171875 0.83544921875 495088
0.14599609375 0.40576171875 0.83544921875 495089
0.14599609375 0.40576171875 0.83544921875 495090
0.14599609375 0.40576171875 0.83544921875 495091
0.14599609375 0.40576171875 0.83544921875 495092
0.15380859375 0.40380859375 0.8388671875 495190
0.15380859375 0.40380859375 0.8388671875 495191
0.15380859375 0.40380859375 0.8388671875 495192
0.15380859375 0.40380859375 0.8388671875 495193
0.15380859375 0.40380859375 0.8388671875 495194
0.15478515625 0.400390625 0.8291015625 495293
0.15478515625 0.400390625 0.8291015625 495294
0.15478515625 0.400390625 0.8291015625 495296
0.15478515625 0.400390625 0.8291015625 495319
0.15478515625 0.400390625 0.8291015625 495320
0.15673828125 0.40380859375 0.83203125 495398
0.15673828125 0.40380859375 0.83203125 495399
0.15673828125 0.40380859375 0.83203125 495400
0.15673828125 0.40380859375 0.83203125 495401
0.1533203125 0.404296875 0.8330078125 495476
0.1533203125 0.404296875 0.8330078125 495478
0.15283203125 0.40771484375 0.8359375 495588
0.15283203125 0.40771484375 0.8359375 495589
0.15283203125 0.40771484375 0.8359375 495590
0.15283203125 0.40771484375 0.8359375 495591
0.15283203125 0.40771484375 0.8359375 495591
0.1513671875 0.39990234375 0.83349609375 495694
0.1513671875 0.39990234375 0.83349609375 495695
0.1513671875 0.39990234375 0.83349609375 495696
0.1513671875 0.39990234375 0.83349609375 495697
0.158203125 0.40673828125 0.83984375 495794
0.158203125 0.40673828125 0.83984375 495795
0.158203125 0.40673828125 0.83984375 495796
0.158203125 0.40673828125 0.83984375 495797
0.158203125 0.40673828125 0.83984375 495798
0.1552734375 0.39599609375 0.8251953125 495873
0.15185546875 0.41064453125 0.8388671875 495987
0.15185546875 0.41064453125 0.8388671875 495988
0.15185546875 0.41064453125 0.8388671875 495989
0.15185546875 0.41064453125 0.8388671875 495990
0.15185546875 0.41064453125 0.8388671875 495991
0.16064453125 0.3974609375 0.8349609375 496087
0.15283203125 0.41015625 0.83349609375 496180
0.15283203125 0.41015625 0.83349609375 496192
0.15283203125 0.41015625 0.83349609375 496193
0.15283203125 0.41015625 0.83349609375 496194
0.15283203125 0.41015625 0.83349609375 496195
0.15966796875 0.40576171875 0.83056640625 496301
0.15966796875 0.40576171875 0.83056640625 496302
0.15966796875 0.40576171875 0.83056640625 496303
0.15966796875 0.40576171875 0.83056640625 496304
0.15966796875 0.40576171875 0.83056640625 496305
0.15478515625 0.41064453125 0.83056640625 496396
0.15478515625 0.41259765625 0.83349609375 496474
0.15478515625 0.41259765625 0.83349609375 496475
0.15478515625 0.41259765625 0.83349609375 496476
0.15478515625 0.41259765625 0.83349609375 496477
0.15478515625 0.41259765625 0.83349609375 496478
0.15673828125 0.39794921875 0.830078125 496586
0.15673828125 0.39794921875 0.830078125 496587
0.15673828125 0.39794921875 0.830078125 496588
0.15673828125 0.39794921875 0.830078125 496589
0.15673828125 0.39794921875 0.830078125 496590
0.1572265625 0.4150390625 0.82568359375 496686
0.1572265625 0.4150390625 0.82568359375 496687
0.1572265625 0.4150390625 0.82568359375 496688
0.1572265625 0.4150390625 0.82568359375 496689
0.1572265625 0.4150390625 0.82568359375 496690
0.1640625 0.41455078125 0.837890625 496789
0.1640625 0.41455078125 0.837890625 496791
0.1640625 0.41455078125 0.837890625 496792
0.1640625 0.41455078125 0.837890625 496793
0.1640625 0.41455078125 0.837890625 496794
0.1640625 0.40966796875 0.8427734375 496893
0.1640625 0.40966796875 0.8427734375 496894
0.1640625 0.40966796875 0.8427734375 496895
0.1640625 0.40966796875 0.8427734375 496896
0.1640625 0.40966796875 0.8427734375 496897
0.16015625 0.40380859375 0.83203125 496994
0.16015625 0.40380859375 0.83203125 496995
0.16015625 0.40380859375 0.83203125 497011
0.16015625 0.40380859375 0.83203125 497012
0.16015625 0.40380859375 0.83203125 497013
0.1611328125 0.3974609375 0.828125 497097
0.1611328125 0.3974609375 0.828125 497098
0.1611328125 0.3974609375 0.828125 497099
0.1630859375 0.41943359375 0.84375 497175
0.1630859375 0.41943359375 0.84375 497177
0.1630859375 0.41943359375 0.84375 497178
0.16455078125 0.40478515625 0.82861328125 497287
0.16455078125 0.40478515625 0.82861328125 497288
0.16455078125 0.40478515625 0.82861328125 497289
0.16455078125 0.40478515625 0.82861328125 497291
0.16455078125 0.40478515625 0.82861328125 497292
0.17919921875 0.40283203125 0.82568359375 497398
0.17919921875 0.40283203125 0.82568359375 497399
0.17919921875 0.40283203125 0.82568359375 497400
0.17919921875 0.40283203125 0.82568359375 497401
0.17919921875 0.40283203125 0.82568359375 497402
0.16748046875 0.40576171875 0.83447265625 497486
0.16357421875 0.3955078125 0.83447265625 497586
0.16357421875 0.3955078125 0.83447265625 497587
0.16357421875 0.3955078125 0.83447265625 497588
0.16357421875 0.3955078125 0.83447265625 497589
0.16357421875 0.3955078125 0.83447265625 497590
0.1572265625 0.39111328125 0.83203125 497691
0.1572265625 0.39111328125 0.83203125 497693
0.1572265625 0.39111328125 0.83203125 497694
0.1572265625 0.39111328125 0.83203125 497695
0.1572265625 0.39111328125 0.83203125 497696
0.126953125 0.38671875 0.8271484375 497792
0.126953125 0.38671875 0.8271484375 497793
0.12109375 0.3447265625 0.81005859375 497895
0.12109375 0.3447265625 0.81005859375 497912
0.12109375 0.3447265625 0.81005859375 497913
0.12109375 0.3447265625 0.81005859375 497914
0.12109375 0.3447265625 0.81005859375 497915
0.12548828125 0.3525390625 0.8515625 497997
0.12548828125 0.3525390625 0.8515625 497998
0.09765625 0.34423828125 0.8486328125 498075
0.09765625 0.34423828125 0.8486328125 498076
0.09765625 0.34423828125 0.8486328125 498077
0.09765625 0.34423828125 0.8486328125 498078
0.09619140625 0.37744140625 0.84912109375 498186
0.09619140625 0.37744140625 0.84912109375 498187
0.09619140625 0.37744140625 0.84912109375 498188
0.09619140625 0.37744140625 0.84912109375 498190
0.09619140625 0.37744140625 0.84912109375 498191
0.06689453125 0.46142578125 0.85009765625 498294
0.06689453125 0.46142578125 0.85009765625 498296
0.06689453125 0.46142578125 0.85009765625 498298
0.06689453125 0.46142578125 0.85009765625 498299
0.06689453125 0.46142578125 0.85009765625 498300
0 0.48876953125 0.7861328125 498391
-0.06103515625 0.57421875 0.74609375 498494
-0.06103515625 0.57421875 0.74609375 498497
-0.06103515625 0.57421875 0.74609375 498497
-0.06103515625 0.57421875 0.74609375 498498
-0.06103515625 0.57421875 0.74609375 498499
-0.1435546875 0.603515625 0.640625 498655
-0.1435546875 0.603515625 0.640625 498658
-0.1435546875 0.603515625 0.640625 498659
-0.1435546875 0.603515625 0.640625 498660
-0.1435546875 0.603515625 0.640625 498661
-0.2021484375 0.6396484375 0.59716796875 498684
-0.2744140625 0.71435546875 0.548828125 498788
-0.2744140625 0.71435546875 0.548828125 498789
-0.2744140625 0.71435546875 0.548828125 498790
-0.2744140625 0.71435546875 0.548828125 498792
-0.2744140625 0.71435546875 0.548828125 498806
-0.33154296875 0.70361328125 0.50732421875 498891
-0.33154296875 0.70361328125 0.50732421875 498892
-0.33154296875 0.70361328125 0.50732421875 498893
-0.33154296875 0.70361328125 0.50732421875 498895
-0.33154296875 0.70361328125 0.50732421875 498896
-0.37548828125 0.69970703125 0.41845703125 498993
-0.37548828125 0.69970703125 0.41845703125 498994
-0.37548828125 0.69970703125 0.41845703125 498995
-0.37548828125 0.69970703125 0.41845703125 498996
-0.37548828125 0.69970703125 0.41845703125 498997
