0 0 0 270387
0 0 0 270387
-2.74658203125 0.6103515625 -3.47900390625 270393
-2.74658203125 0.6103515625 -3.47900390625 270394
-2.74658203125 0.6103515625 -3.47900390625 270394
-2.74658203125 0.6103515625 -3.47900390625 270395
-1.220703125 0.91552734375 -3.5400390625 270396
0 0.54931640625 -0.06103515625 270397
-2.3193359375 1.15966796875 -3.5400390625 270421
-2.3193359375 1.15966796875 -3.5400390625 270535
-0.91552734375 1.03759765625 -3.60107421875 270536
-0.91552734375 1.03759765625 -3.60107421875 270537
-0.91552734375 1.03759765625 -3.60107421875 270538
-0.91552734375 1.03759765625 -3.60107421875 270539
-0.91552734375 1.03759765625 -3.60107421875 270660
0.42724609375 0.48828125 -2.44140625 270661
0.42724609375 0.48828125 -2.44140625 270933
0.42724609375 0.48828125 -2.44140625 270935
0.42724609375 0.48828125 -2.44140625 270936
0.42724609375 0.48828125 -2.44140625 270950
-0.9765625 1.3427734375 -4.21142578125 270951
-0.9765625 1.3427734375 -4.21142578125 270952
0.79345703125 0.244140625 -0.54931640625 270953
-1.03759765625 1.03759765625 -0.244140625 270954
-5.31005859375 1.0986328125 -1.52587890625 271047
-5.31005859375 1.0986328125 -1.52587890625 271048
-5.31005859375 1.0986328125 -1.52587890625 271048
-5.31005859375 1.0986328125 -1.52587890625 271113
-0.91552734375 1.8310546875 -2.9296875 271114
-0.91552734375 1.8310546875 -2.9296875 271115
-0.91552734375 1.8310546875 -2.9296875 271237
0.6103515625 0.244140625 -2.50244140625 271239
0.6103515625 0.244140625 -2.50244140625 271240
0.6103515625 0.244140625 -2.50244140625 271241
0.6103515625 0.244140625 -2.50244140625 271242
0.6103515625 0.244140625 -2.50244140625 271339
-0.8544921875 0.67138671875 -1.64794921875 271340
-0.8544921875 0.67138671875 -1.64794921875 271341
-0.8544921875 0.67138671875 -1.64794921875 271342
-0.8544921875 0.67138671875 -1.64794921875 271343
-0.8544921875 0.67138671875 -1.64794921875 271443
-0.6103515625 0.91552734375 -4.638671875 271444
-0.6103515625 0.91552734375 -4.638671875 271446
-0.6103515625 0.91552734375 -4.638671875 271447
-0.6103515625 0.91552734375 -4.638671875 271448
-0.6103515625 0.91552734375 -4.638671875 271544
-1.220703125 1.15966796875 -3.60107421875 271545
-1.220703125 1.15966796875 -3.60107421875 271546
-1.220703125 1.15966796875 -3.60107421875 271547
-1.220703125 1.15966796875 -3.60107421875 271548
-2.50244140625 0.8544921875 -3.35693359375 271613
-2.50244140625 0.8544921875 -3.35693359375 271736
-1.89208984375 1.3427734375 -1.5869140625 271738
-1.89208984375 1.3427734375 -1.5869140625 271738
-1.89208984375 1.3427734375 -1.5869140625 271739
-1.89208984375 1.3427734375 -1.5869140625 271740
-1.89208984375 1.3427734375 -1.5869140625 271853
-2.01416015625 1.03759765625 -3.35693359375 271854
-2.01416015625 1.03759765625 -3.35693359375 271855
-2.01416015625 1.03759765625 -3.35693359375 271855
-2.01416015625 1.03759765625 -3.35693359375 271856
-1.40380859375 0 -3.60107421875 271944
-1.40380859375 0 -3.60107421875 272010
0.8544921875 -0.18310546875 -2.8076171875 272011
0.8544921875 -0.18310546875 -2.8076171875 272012
0.8544921875 -0.18310546875 -2.8076171875 272013
0.8544921875 -0.18310546875 -2.8076171875 272013
0.8544921875 -0.18310546875 -2.8076171875 272125
-0.8544921875 0.48828125 -3.60107421875 272130
-0.8544921875 0.48828125 -3.60107421875 272131
-0.8544921875 0.48828125 -3.60107421875 272132
-0.8544921875 0.48828125 -3.60107421875 272133
-3.35693359375 -0.54931640625 -0.732421875 272212
-3.35693359375 -0.54931640625 -0.732421875 272334
0.6103515625 0.67138671875 -3.0517578125 272336
0.6103515625 0.67138671875 -3.0517578125 272336
0.6103515625 0.67138671875 -3.0517578125 272337
0.6103515625 0.67138671875 -3.0517578125 272338
0.6103515625 0.67138671875 -3.0517578125 272436
-4.94384765625 0.30517578125 -3.47900390625 272437
-4.94384765625 0.30517578125 -3.47900390625 272438
-4.94384765625 0.30517578125 -3.47900390625 272439
-4.94384765625 0.30517578125 -3.47900390625 272440
-4.94384765625 0.30517578125 -3.47900390625 272542
-5.06591796875 0.06103515625 -2.99072265625 272544
-5.06591796875 0.06103515625 -2.99072265625 272545
-5.06591796875 0.06103515625 -2.99072265625 272546
-5.06591796875 0.06103515625 -2.99072265625 272547
-5.06591796875 0.06103515625 -2.99072265625 272645
0.48828125 0.79345703125 -0.8544921875 272646
0.48828125 0.79345703125 -0.8544921875 272647
0.48828125 0.79345703125 -0.8544921875 272648
0.48828125 0.79345703125 -0.8544921875 272649
-2.197265625 0 -2.50244140625 272711
-2.197265625 0 -2.50244140625 272836
-0.6103515625 1.03759765625 -2.62451171875 272837
-0.6103515625 1.03759765625 -2.62451171875 272838
-0.6103515625 1.03759765625 -2.62451171875 272838
-0.6103515625 1.03759765625 -2.62451171875 272839
-0.79345703125 1.40380859375 -3.35693359375 272940
-0.79345703125 1.40380859375 -3.35693359375 272942
-0.79345703125 1.40380859375 -3.35693359375 272943
-0.79345703125 1.40380859375 -3.35693359375 272944
-0.79345703125 1.40380859375 -3.35693359375 273043
-1.15966796875 0.48828125 -2.9296875 273043
-1.15966796875 0.48828125 -2.9296875 273044
-1.15966796875 0.48828125 -2.9296875 273045
-1.15966796875 0.48828125 -2.9296875 273046
0.3662109375 1.28173828125 -3.5400390625 273113
0.3662109375 1.28173828125 -3.5400390625 273236
2.685546875 4.33349609375 -2.50244140625 273237
2.685546875 4.33349609375 -2.50244140625 273238
2.685546875 4.33349609375 -2.50244140625 273239
2.685546875 4.33349609375 -2.50244140625 273240
2.685546875 7.8125 -4.21142578125 273340
2.685546875 7.8125 -4.21142578125 273341
2.685546875 7.8125 -4.21142578125 273342
2.685546875 7.8125 -4.21142578125 273343
2.685546875 7.8125 -4.21142578125 273443
2.62451171875 5.4931640625 -3.173828125 273444
2.62451171875 5.4931640625 -3.173828125 273445
2.62451171875 5.4931640625 -3.173828125 273445
2.62451171875 5.4931640625 -3.173828125 273446
0.42724609375 4.7607421875 0.9765625 273513
0.42724609375 4.7607421875 0.9765625 273637
-7.568359375 5.859375 11.474609375 273638
-7.568359375 5.859375 11.474609375 273639
-7.568359375 5.859375 11.474609375 273640
-7.568359375 5.859375 11.474609375 273641
-7.568359375 5.859375 11.474609375 273740
13.00048828125 1.220703125 -14.7705078125 273741
13.00048828125 1.220703125 -14.7705078125 273742
13.00048828125 1.220703125 -14.7705078125 273742
13.00048828125 1.220703125 -14.7705078125 273743
13.00048828125 1.220703125 -14.7705078125 273842
3.0517578125 4.7607421875 -10.1318359375 273844
3.0517578125 4.7607421875 -10.1318359375 273844
3.0517578125 4.7607421875 -10.1318359375 273845
3.0517578125 4.7607421875 -10.1318359375 273846
3.0517578125 4.7607421875 -10.1318359375 273944
-2.685546875 2.99072265625 -5.06591796875 273945
-2.685546875 2.99072265625 -5.06591796875 273946
-2.685546875 2.99072265625 -5.06591796875 273947
-2.685546875 2.99072265625 -5.06591796875 273948
0.42724609375 1.953125 -1.52587890625 274010
0.42724609375 1.953125 -1.52587890625 274134
0.91552734375 -0.54931640625 -5.18798828125 274135
0.91552734375 -0.54931640625 -5.18798828125 274136
0.91552734375 -0.54931640625 -5.18798828125 274138
0.91552734375 -0.54931640625 -5.18798828125 274138
0.91552734375 -0.54931640625 -5.18798828125 274241
2.3193359375 1.77001953125 -3.5400390625 274242
2.3193359375 1.77001953125 -3.5400390625 274243
2.3193359375 1.77001953125 -3.5400390625 274244
2.3193359375 1.77001953125 -3.5400390625 274246
2.3193359375 1.77001953125 -3.5400390625 274343
1.46484375 -0.18310546875 -2.9296875 274344
1.46484375 -0.18310546875 -2.9296875 274345
1.46484375 -0.18310546875 -2.9296875 274346
1.46484375 -0.18310546875 -2.9296875 274347
1.64794921875 0.244140625 -4.0283203125 274408
1.64794921875 0.244140625 -4.0283203125 274532
-0.6103515625 -0.6103515625 -1.5869140625 274533
-0.6103515625 -0.6103515625 -1.5869140625 274534
-0.6103515625 -0.6103515625 -1.5869140625 274534
-0.6103515625 -0.6103515625 -1.5869140625 274535
-0.6103515625 -0.6103515625 -1.5869140625 274635
-1.220703125 -0.244140625 -2.38037109375 274636
-1.220703125 -0.244140625 -2.38037109375 274637
-1.220703125 -0.244140625 -2.38037109375 274638
-1.220703125 -0.244140625 -2.38037109375 274639
-1.220703125 -0.244140625 -2.38037109375 274767
-0.30517578125 0.8544921875 -0.9765625 274768
-0.30517578125 0.8544921875 -0.9765625 274769
-0.30517578125 0.8544921875 -0.9765625 274770
-0.30517578125 0.8544921875 -0.9765625 274771
0.6103515625 1.03759765625 -1.5869140625 274821
0.6103515625 1.03759765625 -1.5869140625 274945
2.38037109375 0.67138671875 -2.9296875 274946
2.38037109375 0.67138671875 -2.9296875 274947
2.38037109375 0.67138671875 -2.9296875 274948
2.38037109375 0.67138671875 -2.9296875 274949
1.953125 0.244140625 -0.244140625 275010
1.953125 0.244140625 -0.244140625 275134
6.53076171875 0.67138671875 -1.77001953125 275135
6.53076171875 0.67138671875 -1.77001953125 275136
6.53076171875 0.67138671875 -1.77001953125 275137
6.53076171875 0.67138671875 -1.77001953125 275138
6.53076171875 0.67138671875 -1.77001953125 275236
5.06591796875 -1.89208984375 -0.67138671875 275238
5.06591796875 -1.89208984375 -0.67138671875 275238
5.06591796875 -1.89208984375 -0.67138671875 275239
5.06591796875 -1.89208984375 -0.67138671875 275240
7.38525390625 3.173828125 -3.41796875 275327
7.38525390625 3.173828125 -3.41796875 275414
10.986328125 4.33349609375 -4.33349609375 275415
10.986328125 4.33349609375 -4.33349609375 275416
10.986328125 4.33349609375 -4.33349609375 275417
10.986328125 4.33349609375 -4.33349609375 275417
10.986328125 4.33349609375 -4.33349609375 275532
18.4326171875 8.1787109375 -6.89697265625 275533
18.4326171875 8.1787109375 -6.89697265625 275534
18.4326171875 8.1787109375 -6.89697265625 275535
18.4326171875 8.1787109375 -6.89697265625 275535
18.4326171875 8.1787109375 -6.89697265625 275633
18.37158203125 3.72314453125 -1.52587890625 275634
18.37158203125 3.72314453125 -1.52587890625 275635
18.37158203125 3.72314453125 -1.52587890625 275636
18.37158203125 3.72314453125 -1.52587890625 275636
18.37158203125 3.72314453125 -1.52587890625 275736
27.16064453125 7.9345703125 -6.34765625 275738
27.16064453125 7.9345703125 -6.34765625 275739
27.16064453125 7.9345703125 -6.34765625 275740
27.16064453125 7.9345703125 -6.34765625 275741
26.4892578125 3.35693359375 2.25830078125 275831
26.4892578125 3.35693359375 2.25830078125 275943
25.93994140625 2.50244140625 -4.39453125 275944
25.93994140625 2.50244140625 -4.39453125 275945
25.93994140625 2.50244140625 -4.39453125 275946
25.93994140625 2.50244140625 -4.39453125 275947
29.72412109375 -0.91552734375 5.7373046875 276010
29.72412109375 -0.91552734375 5.7373046875 276134
26.42822265625 -1.52587890625 -1.708984375 276136
26.42822265625 -1.52587890625 -1.708984375 276137
26.42822265625 -1.52587890625 -1.708984375 276137
26.42822265625 -1.52587890625 -1.708984375 276138
26.42822265625 -1.52587890625 -1.708984375 276234
23.8037109375 7.50732421875 -14.2822265625 276235
28.6865234375 5.92041015625 -2.685546875 276337
28.6865234375 5.92041015625 -2.685546875 276338
28.6865234375 5.92041015625 -2.685546875 276340
28.6865234375 5.92041015625 -2.685546875 276340
28.6865234375 5.92041015625 -2.685546875 276441
24.35302734375 8.11767578125 -4.82177734375 276442
24.35302734375 8.11767578125 -4.82177734375 276443
24.35302734375 8.11767578125 -4.82177734375 276443
24.35302734375 8.11767578125 -4.82177734375 276444
21.54541015625 -7.75146484375 7.6904296875 276510
21.54541015625 -7.75146484375 7.6904296875 276634
21.8505859375 2.62451171875 -3.11279296875 276636
21.8505859375 2.62451171875 -3.11279296875 276637
21.8505859375 2.62451171875 -3.11279296875 276637
21.8505859375 2.62451171875 -3.11279296875 276638
21.8505859375 2.62451171875 -3.11279296875 276736
10.1318359375 5.7373046875 -1.77001953125 276737
10.1318359375 5.7373046875 -1.77001953125 276739
10.1318359375 5.7373046875 -1.77001953125 276740
10.1318359375 5.7373046875 -1.77001953125 276741
10.1318359375 5.7373046875 -1.77001953125 276839
-2.50244140625 7.32421875 6.04248046875 276840
-2.50244140625 7.32421875 6.04248046875 276841
-2.50244140625 7.32421875 6.04248046875 276842
-2.50244140625 7.32421875 6.04248046875 276843
-2.50244140625 7.32421875 6.04248046875 276944
1.220703125 0.18310546875 5.43212890625 276945
1.220703125 0.18310546875 5.43212890625 276946
1.220703125 0.18310546875 5.43212890625 276947
1.220703125 0.18310546875 5.43212890625 276948
-9.27734375 -7.080078125 13.97705078125 277007
-9.27734375 -7.080078125 13.97705078125 277130
-58.77685546875 -19.71435546875 22.15576171875 277131
-58.77685546875 -19.71435546875 22.15576171875 277132
-58.77685546875 -19.71435546875 22.15576171875 277133
-58.77685546875 -19.71435546875 22.15576171875 277134
-58.77685546875 -19.71435546875 22.15576171875 277233
-54.443359375 -15.93017578125 19.287109375 277234
-54.443359375 -15.93017578125 19.287109375 277235
-54.443359375 -15.93017578125 19.287109375 277236
-54.443359375 -15.93017578125 19.287109375 277237
-54.443359375 -15.93017578125 19.287109375 277336
-50.84228515625 -15.19775390625 15.19775390625 277337
-50.84228515625 -15.19775390625 15.19775390625 277337
-50.84228515625 -15.19775390625 15.19775390625 277338
-50.84228515625 -15.19775390625 15.19775390625 277339
-50.84228515625 -15.19775390625 15.19775390625 277439
-26.06201171875 5.615234375 -1.52587890625 277440
-26.06201171875 5.615234375 -1.52587890625 277441
-26.06201171875 5.615234375 -1.52587890625 277442
-26.06201171875 5.615234375 -1.52587890625 277443
-26.06201171875 5.615234375 -1.52587890625 277542
-8.6669921875 10.80322265625 -4.8828125 277543
-8.6669921875 10.80322265625 -4.8828125 277544
-8.6669921875 10.80322265625 -4.8828125 277545
-8.6669921875 10.80322265625 -4.8828125 277546
-13.427734375 10.1318359375 -6.7138671875 277607
-13.427734375 10.1318359375 -6.7138671875 277731
-9.82666015625 5.67626953125 -1.3427734375 277733
-9.82666015625 5.67626953125 -1.3427734375 277734
-9.82666015625 5.67626953125 -1.3427734375 277734
-9.82666015625 5.67626953125 -1.3427734375 277735
-9.82666015625 5.67626953125 -1.3427734375 277833
-8.9111328125 2.685546875 -2.8076171875 277834
-7.32421875 -1.03759765625 -4.57763671875 277936
-7.32421875 -1.03759765625 -4.57763671875 277937
-7.32421875 -1.03759765625 -4.57763671875 277938
-7.32421875 -1.03759765625 -4.57763671875 277940
-7.32421875 -1.03759765625 -4.57763671875 278038
-3.23486328125 1.40380859375 -6.28662109375 278039
-3.23486328125 1.40380859375 -6.28662109375 278040
-3.23486328125 1.40380859375 -6.28662109375 278041
-3.23486328125 1.40380859375 -6.28662109375 278042
-3.23486328125 1.40380859375 -6.28662109375 278144
-4.57763671875 0.18310546875 -5.31005859375 278146
-4.57763671875 0.18310546875 -5.31005859375 278147
-4.57763671875 0.18310546875 -5.31005859375 278148
-4.57763671875 0.18310546875 -5.31005859375 278149
-1.89208984375 1.220703125 -4.8828125 278207
-1.89208984375 1.220703125 -4.8828125 278329
0.9765625 -2.685546875 -1.89208984375 278330
0.9765625 -2.685546875 -1.89208984375 278331
0.9765625 -2.685546875 -1.89208984375 278332
0.9765625 -2.685546875 -1.89208984375 278333
0.9765625 -2.685546875 -1.89208984375 278434
-2.8076171875 -1.77001953125 -2.25830078125 278435
-2.8076171875 -1.77001953125 -2.25830078125 278436
-2.8076171875 -1.77001953125 -2.25830078125 278437
-2.8076171875 -1.77001953125 -2.25830078125 278438
-2.197265625 0.732421875 -5.4931640625 278525
-2.197265625 0.732421875 -5.4931640625 278625
-2.50244140625 0 -4.150390625 278626
-2.50244140625 0 -4.150390625 278627
-2.50244140625 0 -4.150390625 278627
-2.50244140625 0 -4.150390625 278628
-2.50244140625 0 -4.150390625 278729
-1.40380859375 -1.220703125 -2.25830078125 278731
-1.40380859375 -1.220703125 -2.25830078125 278732
-1.40380859375 -1.220703125 -2.25830078125 278733
-1.40380859375 -1.220703125 -2.25830078125 278734
-1.40380859375 -1.220703125 -2.25830078125 278829
-3.11279296875 0.6103515625 -4.0283203125 278830
-3.11279296875 0.6103515625 -4.0283203125 278932
0.06103515625 1.0986328125 -3.47900390625 278933
0.06103515625 1.0986328125 -3.47900390625 278933
0.06103515625 1.0986328125 -3.47900390625 278934
0.06103515625 1.0986328125 -3.47900390625 278935
0.06103515625 1.0986328125 -3.47900390625 279034
-1.953125 -0.67138671875 -2.25830078125 279035
-1.953125 -0.67138671875 -2.25830078125 279035
-1.953125 -0.67138671875 -2.25830078125 279036
-1.953125 -0.67138671875 -2.25830078125 279037
-1.953125 -0.67138671875 -2.25830078125 279136
-0.8544921875 0.1220703125 -1.64794921875 279137
-0.8544921875 0.1220703125 -1.64794921875 279138
-0.8544921875 0.1220703125 -1.64794921875 279138
-0.8544921875 0.1220703125 -1.64794921875 279139
-1.46484375 0.06103515625 -0.244140625 279235
-1.46484375 0.06103515625 -0.244140625 279338
-2.13623046875 0 -2.86865234375 279339
-2.13623046875 0 -2.86865234375 279340
-2.13623046875 0 -2.86865234375 279340
-2.13623046875 0 -2.86865234375 279341
-1.03759765625 0.6103515625 -1.77001953125 279429
-1.03759765625 0.6103515625 -1.77001953125 279506
-0.54931640625 0.54931640625 -2.62451171875 279507
-0.54931640625 0.54931640625 -2.62451171875 279508
-0.54931640625 0.54931640625 -2.62451171875 279509
-0.54931640625 0.54931640625 -2.62451171875 279511
-0.54931640625 0.54931640625 -2.62451171875 279630
0.48828125 -0.244140625 -1.5869140625 279631
0.48828125 -0.244140625 -1.5869140625 279633
0.48828125 -0.244140625 -1.5869140625 279634
0.48828125 -0.244140625 -1.5869140625 279635
0.48828125 -0.244140625 -1.5869140625 279732
0 -0.9765625 0.1220703125 279733
0 -0.9765625 0.1220703125 279734
0 -0.9765625 0.1220703125 279735
0 -0.9765625 0.1220703125 279736
0 -0.9765625 0.1220703125 279836
0 0.30517578125 -2.5634765625 279837
0 0.30517578125 -2.5634765625 279839
0 0.30517578125 -2.5634765625 279840
0 0.30517578125 -2.5634765625 279841
0 0.30517578125 -2.5634765625 279937
-1.46484375 0.8544921875 -1.77001953125 279938
-1.46484375 0.8544921875 -1.77001953125 279939
-1.46484375 0.8544921875 -1.77001953125 279940
-1.46484375 0.8544921875 -1.77001953125 279940
-0.6103515625 0.6103515625 -1.28173828125 280004
-0.6103515625 0.6103515625 -1.28173828125 280128
-1.28173828125 0.244140625 -1.77001953125 280129
-1.28173828125 0.244140625 -1.77001953125 280130
-1.28173828125 0.244140625 -1.77001953125 280131
-1.28173828125 0.244140625 -1.77001953125 280131
-1.28173828125 0.244140625 -1.77001953125 280230
-0.48828125 0.54931640625 -0.91552734375 280231
-0.48828125 0.54931640625 -0.91552734375 280232
-0.48828125 0.54931640625 -0.91552734375 280233
-0.48828125 0.54931640625 -0.91552734375 280234
-0.48828125 0.54931640625 -0.91552734375 280333
-2.38037109375 0.3662109375 -2.44140625 280334
-2.38037109375 0.3662109375 -2.44140625 280334
-2.38037109375 0.3662109375 -2.44140625 280335
-2.38037109375 0.3662109375 -2.44140625 280336
-2.38037109375 0.3662109375 -2.44140625 280434
-2.25830078125 1.15966796875 -1.46484375 280436
-2.25830078125 1.15966796875 -1.46484375 280436
-2.25830078125 1.15966796875 -1.46484375 280437
-2.25830078125 1.15966796875 -1.46484375 280438
-2.25830078125 1.15966796875 -1.46484375 280539
-2.62451171875 -0.3662109375 -1.3427734375 280540
-2.62451171875 -0.3662109375 -1.3427734375 280541
-2.62451171875 -0.3662109375 -1.3427734375 280542
-2.62451171875 -0.3662109375 -1.3427734375 280542
-2.0751953125 0.79345703125 -1.15966796875 280604
-2.0751953125 0.79345703125 -1.15966796875 280728
-0.54931640625 -0.244140625 -0.67138671875 280729
-0.54931640625 -0.244140625 -0.67138671875 280730
-0.54931640625 -0.244140625 -0.67138671875 280730
-0.54931640625 -0.244140625 -0.67138671875 280731
-0.54931640625 -0.244140625 -0.67138671875 280830
0.54931640625 0.18310546875 -1.953125 280831
0.54931640625 0.18310546875 -1.953125 280832
0.54931640625 0.18310546875 -1.953125 280833
0.54931640625 0.18310546875 -1.953125 280834
0.54931640625 0.18310546875 -1.953125 280936
-1.28173828125 1.28173828125 -4.2724609375 280937
-1.28173828125 1.28173828125 -4.2724609375 280939
-1.28173828125 1.28173828125 -4.2724609375 280940
-1.28173828125 1.28173828125 -4.2724609375 280941
-0.18310546875 1.220703125 -3.47900390625 281033
-0.18310546875 1.220703125 -3.47900390625 281138
0.732421875 0.1220703125 -1.77001953125 281140
0.732421875 0.1220703125 -1.77001953125 281141
0.732421875 0.1220703125 -1.77001953125 281142
0.732421875 0.1220703125 -1.77001953125 281143
0.91552734375 0.6103515625 -1.708984375 281203
0.91552734375 0.6103515625 -1.708984375 281327
1.03759765625 0.3662109375 -4.82177734375 281329
1.03759765625 0.3662109375 -4.82177734375 281329
1.03759765625 0.3662109375 -4.82177734375 281330
1.03759765625 0.3662109375 -4.82177734375 281331
1.03759765625 0.3662109375 -4.82177734375 281429
0.3662109375 1.28173828125 -4.08935546875 281430
0.3662109375 1.28173828125 -4.08935546875 281432
0.3662109375 1.28173828125 -4.08935546875 281432
0.3662109375 1.28173828125 -4.08935546875 281434
-0.8544921875 0.6103515625 -1.3427734375 281534
-0.8544921875 0.6103515625 -1.3427734375 281535
-0.8544921875 0.6103515625 -1.3427734375 281536
-0.8544921875 0.6103515625 -1.3427734375 281537
-0.8544921875 0.6103515625 -1.3427734375 281636
-0.9765625 0.1220703125 -3.96728515625 281637
-0.9765625 0.1220703125 -3.96728515625 281638
-0.9765625 0.1220703125 -3.96728515625 281639
-0.9765625 0.1220703125 -3.96728515625 281640
-2.25830078125 0.8544921875 -3.90625 281727
-2.25830078125 0.8544921875 -3.90625 281825
-0.54931640625 -0.06103515625 0 281826
-0.54931640625 -0.06103515625 0 281827
-0.54931640625 -0.06103515625 0 281827
-0.54931640625 -0.06103515625 0 281829
-0.54931640625 -0.06103515625 0 281931
-1.220703125 1.953125 -5.31005859375 281932
-1.220703125 1.953125 -5.31005859375 281933
-1.220703125 1.953125 -5.31005859375 281934
-1.220703125 1.953125 -5.31005859375 281934
-2.99072265625 0 -3.2958984375 282030
-2.99072265625 0 -3.2958984375 282110
-1.15966796875 0.30517578125 -1.52587890625 282135
-1.15966796875 0.30517578125 -1.52587890625 282136
-1.15966796875 0.30517578125 -1.52587890625 282137
-1.15966796875 0.30517578125 -1.52587890625 282138
-1.15966796875 0.30517578125 -1.52587890625 282236
-1.28173828125 0.9765625 -2.50244140625 282238
-1.28173828125 0.9765625 -2.50244140625 282239
-1.28173828125 0.9765625 -2.50244140625 282240
-1.28173828125 0.9765625 -2.50244140625 282241
-0.18310546875 1.03759765625 -1.52587890625 282307
-0.18310546875 1.03759765625 -1.52587890625 282433
-1.0986328125 0.9765625 -0.30517578125 282435
-1.0986328125 0.9765625 -0.30517578125 282436
-1.0986328125 0.9765625 -0.30517578125 282438
-1.0986328125 0.9765625 -0.30517578125 282439
0.18310546875 0.8544921875 -0.30517578125 282533
0.18310546875 0.8544921875 -0.30517578125 282635
0.30517578125 0.67138671875 -1.3427734375 282636
0.30517578125 0.67138671875 -1.3427734375 282637
0.30517578125 0.67138671875 -1.3427734375 282638
0.30517578125 0.67138671875 -1.3427734375 282639
0.30517578125 0.67138671875 -1.3427734375 282738
-0.244140625 0.54931640625 -1.15966796875 282739
-0.244140625 0.54931640625 -1.15966796875 282740
-0.244140625 0.54931640625 -1.15966796875 282741
-0.244140625 0.54931640625 -1.15966796875 282742
-1.0986328125 -0.48828125 -0.6103515625 282803
-1.0986328125 -0.48828125 -0.6103515625 282929
-1.64794921875 1.15966796875 -1.64794921875 282931
-1.64794921875 1.15966796875 -1.64794921875 282932
-1.64794921875 1.15966796875 -1.64794921875 282932
-1.64794921875 1.15966796875 -1.64794921875 282933
1.40380859375 0.67138671875 -0.8544921875 283028
1.40380859375 0.67138671875 -0.8544921875 283131
0.54931640625 0.18310546875 0.79345703125 283132
0.54931640625 0.18310546875 0.79345703125 283133
0.54931640625 0.18310546875 0.79345703125 283133
0.54931640625 0.18310546875 0.79345703125 283135
0.54931640625 0.18310546875 0.79345703125 283234
-1.40380859375 0.91552734375 -3.662109375 283235
-1.40380859375 0.91552734375 -3.662109375 283236
-1.40380859375 0.91552734375 -3.662109375 283236
-1.40380859375 0.91552734375 -3.662109375 283237
-1.40380859375 0.91552734375 -3.662109375 283336
0 0.06103515625 -0.48828125 283338
0 0.06103515625 -0.48828125 283339
0 0.06103515625 -0.48828125 283339
0 0.06103515625 -0.48828125 283340
-2.50244140625 0.54931640625 -0.91552734375 283403
-2.50244140625 0.54931640625 -0.91552734375 283528
-0.48828125 0.6103515625 -2.685546875 283529
-0.48828125 0.6103515625 -2.685546875 283530
-0.48828125 0.6103515625 -2.685546875 283531
-0.48828125 0.6103515625 -2.685546875 283532
-0.48828125 0.6103515625 -2.685546875 283633
-1.15966796875 0.06103515625 -0.8544921875 283634
-1.15966796875 0.06103515625 -0.8544921875 283635
-1.15966796875 0.06103515625 -0.8544921875 283635
-1.15966796875 0.06103515625 -0.8544921875 283636
-1.708984375 0.48828125 -1.5869140625 283732
-1.708984375 0.48828125 -1.5869140625 283837
-0.48828125 -0.06103515625 -0.67138671875 283838
-0.48828125 -0.06103515625 -0.67138671875 283839
-0.48828125 -0.06103515625 -0.67138671875 283840
-0.48828125 -0.06103515625 -0.67138671875 283841
-1.5869140625 1.03759765625 -2.38037109375 283905
-1.5869140625 1.03759765625 -2.38037109375 284029
-1.89208984375 0.18310546875 -0.9765625 284030
-1.89208984375 0.18310546875 -0.9765625 284031
-1.89208984375 0.18310546875 -0.9765625 284033
-1.89208984375 0.18310546875 -0.9765625 284034
-1.28173828125 -0.18310546875 -1.220703125 284133
-1.28173828125 -0.18310546875 -1.220703125 284134
-1.28173828125 -0.18310546875 -1.220703125 284135
-1.28173828125 -0.18310546875 -1.220703125 284135
-1.28173828125 -0.18310546875 -1.220703125 284242
-1.89208984375 -0.3662109375 -1.8310546875 284243
-1.89208984375 -0.3662109375 -1.8310546875 284244
-1.89208984375 -0.3662109375 -1.8310546875 284245
-1.89208984375 -0.3662109375 -1.8310546875 284246
-1.03759765625 1.52587890625 -0.42724609375 284305
-1.03759765625 1.52587890625 -0.42724609375 284427
-0.91552734375 0.8544921875 -2.38037109375 284428
-0.91552734375 0.8544921875 -2.38037109375 284430
-0.91552734375 0.8544921875 -2.38037109375 284431
-0.91552734375 0.8544921875 -2.38037109375 284432
-0.91552734375 0.8544921875 -2.38037109375 284530
-1.8310546875 1.3427734375 -3.2958984375 284531
-1.8310546875 1.3427734375 -3.2958984375 284532
-1.8310546875 1.3427734375 -3.2958984375 284533
-1.8310546875 1.3427734375 -3.2958984375 284534
-1.8310546875 1.3427734375 -3.2958984375 284633
-0.91552734375 0.54931640625 -3.5400390625 284634
-0.91552734375 0.54931640625 -3.5400390625 284635
-0.91552734375 0.54931640625 -3.5400390625 284637
-0.91552734375 0.54931640625 -3.5400390625 284638
-0.91552734375 0.54931640625 -3.5400390625 284735
-1.220703125 0 -2.99072265625 284737
-1.220703125 0 -2.99072265625 284737
-1.220703125 0 -2.99072265625 284738
-1.220703125 0 -2.99072265625 284739
-0.91552734375 0.30517578125 -3.7841796875 284801
-0.91552734375 0.30517578125 -3.7841796875 284926
-2.01416015625 -0.79345703125 -5.2490234375 284928
-2.01416015625 -0.79345703125 -5.2490234375 284929
-2.01416015625 -0.79345703125 -5.2490234375 284930
-2.01416015625 -0.79345703125 -5.2490234375 284931
-2.3193359375 -3.47900390625 -6.34765625 285013
-2.3193359375 -3.47900390625 -6.34765625 285128
-0.18310546875 -2.50244140625 -9.033203125 285129
-0.18310546875 -2.50244140625 -9.033203125 285130
-0.18310546875 -2.50244140625 -9.033203125 285131
-0.18310546875 -2.50244140625 -9.033203125 285132
-0.8544921875 -0.06103515625 -10.25390625 285219
-0.8544921875 -0.06103515625 -10.25390625 285335
5.7373046875 0.18310546875 -17.2119140625 285336
5.7373046875 0.18310546875 -17.2119140625 285337
5.7373046875 0.18310546875 -17.2119140625 285337
5.7373046875 0.18310546875 -17.2119140625 285338
5.79833984375 -0.91552734375 -14.2822265625 285401
5.79833984375 -0.91552734375 -14.2822265625 285527
16.41845703125 3.90625 -15.13671875 285528
16.41845703125 3.90625 -15.13671875 285529
16.41845703125 3.90625 -15.13671875 285530
16.41845703125 3.90625 -15.13671875 285531
18.61572265625 8.48388671875 -18.6767578125 285634
18.61572265625 8.48388671875 -18.6767578125 285635
18.61572265625 8.48388671875 -18.6767578125 285637
18.61572265625 8.48388671875 -18.6767578125 285638
18.61572265625 8.48388671875 -18.6767578125 285735
35.21728515625 17.822265625 -26.91650390625 285736
35.21728515625 17.822265625 -26.91650390625 285737
35.21728515625 17.822265625 -26.91650390625 285738
35.21728515625 17.822265625 -26.91650390625 285739
35.82763671875 16.54052734375 -20.263671875 285801
35.82763671875 16.54052734375 -20.263671875 285924
39.1845703125 23.92578125 -23.5595703125 285925
39.1845703125 23.92578125 -23.5595703125 285926
39.1845703125 23.92578125 -23.5595703125 285928
39.1845703125 23.92578125 -23.5595703125 285929
39.1845703125 23.92578125 -23.5595703125 286026
24.2919921875 26.85546875 -22.216796875 286027
24.2919921875 26.85546875 -22.216796875 286028
24.2919921875 26.85546875 -22.216796875 286030
24.2919921875 26.85546875 -22.216796875 286031
24.2919921875 26.85546875 -22.216796875 286129
33.8134765625 30.517578125 -20.751953125 286130
33.8134765625 30.517578125 -20.751953125 286132
33.8134765625 30.517578125 -20.751953125 286133
33.8134765625 30.517578125 -20.751953125 286154
33.8134765625 30.517578125 -20.751953125 286231
35.70556640625 36.43798828125 -23.25439453125 286232
35.70556640625 36.43798828125 -23.25439453125 286233
35.70556640625 36.43798828125 -23.25439453125 286234
35.70556640625 36.43798828125 -23.25439453125 286235
35.70556640625 36.43798828125 -23.25439453125 286332
29.4189453125 38.2080078125 -27.099609375 286333
29.4189453125 38.2080078125 -27.099609375 286334
29.4189453125 38.2080078125 -27.099609375 286335
29.4189453125 38.2080078125 -27.099609375 286336
43.39599609375 53.466796875 -32.04345703125 286400
43.39599609375 53.466796875 -32.04345703125 286523
46.7529296875 63.8427734375 -29.72412109375 286525
46.7529296875 63.8427734375 -29.72412109375 286526
46.7529296875 63.8427734375 -29.72412109375 286527
46.7529296875 63.8427734375 -29.72412109375 286528
46.7529296875 63.8427734375 -29.72412109375 286628
43.88427734375 61.4013671875 -22.88818359375 286629
43.88427734375 61.4013671875 -22.88818359375 286630
43.88427734375 61.4013671875 -22.88818359375 286631
43.88427734375 61.4013671875 -22.88818359375 286632
43.88427734375 61.4013671875 -22.88818359375 286730
28.4423828125 51.33056640625 -21.54541015625 286731
28.4423828125 51.33056640625 -21.54541015625 286732
28.4423828125 51.33056640625 -21.54541015625 286733
28.4423828125 51.33056640625 -21.54541015625 286733
28.4423828125 51.33056640625 -21.54541015625 286833
19.95849609375 26.30615234375 -18.37158203125 286834
19.95849609375 26.30615234375 -18.37158203125 286835
19.95849609375 26.30615234375 -18.37158203125 286835
19.95849609375 26.30615234375 -18.37158203125 286836
5.43212890625 13.18359375 3.662109375 286907
5.43212890625 13.18359375 3.662109375 287018
-2.9296875 -2.25830078125 0.48828125 287019
-2.9296875 -2.25830078125 0.48828125 287021
-2.9296875 -2.25830078125 0.48828125 287022
-2.9296875 -2.25830078125 0.48828125 287023
-2.9296875 -2.25830078125 0.48828125 287134
-14.95361328125 -14.5263671875 2.9296875 287135
-14.95361328125 -14.5263671875 2.9296875 287136
-14.95361328125 -14.5263671875 2.9296875 287136
-14.95361328125 -14.5263671875 2.9296875 287137
-28.4423828125 -25.2685546875 2.62451171875 287200
-28.4423828125 -25.2685546875 2.62451171875 287312
-27.099609375 -25.2685546875 4.69970703125 287313
-27.099609375 -25.2685546875 4.69970703125 287314
-27.099609375 -25.2685546875 4.69970703125 287317
-27.099609375 -25.2685546875 4.69970703125 287318
-27.099609375 -25.2685546875 4.69970703125 287416
-24.658203125 -24.35302734375 6.8359375 287418
-24.658203125 -24.35302734375 6.8359375 287419
-24.658203125 -24.35302734375 6.8359375 287419
-24.658203125 -24.35302734375 6.8359375 287421
-24.658203125 -24.35302734375 6.8359375 287534
-22.39990234375 -25.390625 8.23974609375 287535
-22.39990234375 -25.390625 8.23974609375 287536
-22.39990234375 -25.390625 8.23974609375 287537
-22.39990234375 -25.390625 8.23974609375 287538
-22.39990234375 -25.390625 8.23974609375 287635
-44.189453125 -39.36767578125 10.31494140625 287636
-44.189453125 -39.36767578125 10.31494140625 287637
-44.189453125 -39.36767578125 10.31494140625 287638
-44.189453125 -39.36767578125 10.31494140625 287639
-53.16162109375 -52.42919921875 16.29638671875 287702
-53.16162109375 -52.42919921875 16.29638671875 287826
-69.15283203125 -50.72021484375 19.287109375 287827
-69.15283203125 -50.72021484375 19.287109375 287828
-69.15283203125 -50.72021484375 19.287109375 287829
-69.15283203125 -50.72021484375 19.287109375 287830
-70.86181640625 -41.6259765625 17.76123046875 287933
-70.86181640625 -41.6259765625 17.76123046875 287935
-70.86181640625 -41.6259765625 17.76123046875 287936
-70.86181640625 -41.6259765625 17.76123046875 287937
-70.86181640625 -41.6259765625 17.76123046875 288032
-36.865234375 -20.44677734375 19.8974609375 288033
-36.865234375 -20.44677734375 19.8974609375 288034
19.47021484375 7.01904296875 0.8544921875 288123
19.47021484375 7.01904296875 0.8544921875 288124
19.47021484375 7.01904296875 0.8544921875 288125
19.47021484375 7.01904296875 0.8544921875 288201
-0.30517578125 -5.859375 20.81298828125 288202
-0.30517578125 -5.859375 20.81298828125 288203
-0.30517578125 -5.859375 20.81298828125 288323
13.3056640625 2.8076171875 16.17431640625 288325
13.3056640625 2.8076171875 16.17431640625 288325
13.3056640625 2.8076171875 16.17431640625 288326
13.3056640625 2.8076171875 16.17431640625 288327
13.3056640625 2.8076171875 16.17431640625 288427
19.47021484375 3.2958984375 16.78466796875 288428
19.47021484375 3.2958984375 16.78466796875 288429
19.47021484375 3.2958984375 16.78466796875 288430
19.47021484375 3.2958984375 16.78466796875 288431
19.47021484375 3.2958984375 16.78466796875 288528
15.7470703125 -2.0751953125 6.53076171875 288530
15.7470703125 -2.0751953125 6.53076171875 288531
15.7470703125 -2.0751953125 6.53076171875 288532
15.7470703125 -2.0751953125 6.53076171875 288533
15.7470703125 -2.0751953125 6.53076171875 288630
11.41357421875 -1.03759765625 8.97216796875 288631
11.41357421875 -1.03759765625 8.97216796875 288632
11.41357421875 -1.03759765625 8.97216796875 288633
11.41357421875 -1.03759765625 8.97216796875 288633
11.41357421875 -1.03759765625 8.97216796875 288734
3.60107421875 -5.0048828125 7.26318359375 288735
3.60107421875 -5.0048828125 7.26318359375 288736
3.60107421875 -5.0048828125 7.26318359375 288737
3.60107421875 -5.0048828125 7.26318359375 288738
-12.87841796875 -10.68115234375 13.73291015625 288798
-12.87841796875 -10.68115234375 13.73291015625 288925
1.8310546875 -4.150390625 4.5166015625 288927
1.8310546875 -4.150390625 4.5166015625 288928
1.8310546875 -4.150390625 4.5166015625 288929
1.8310546875 -4.150390625 4.5166015625 288930
-5.67626953125 -9.33837890625 10.986328125 289025
-5.67626953125 -9.33837890625 10.986328125 289128
-3.173828125 -11.16943359375 17.63916015625 289129
-3.173828125 -11.16943359375 17.63916015625 289130
-3.173828125 -11.16943359375 17.63916015625 289131
-3.173828125 -11.16943359375 17.63916015625 289132
-3.173828125 -11.16943359375 17.63916015625 289235
-7.6904296875 -7.9345703125 4.94384765625 289236
-7.6904296875 -7.9345703125 4.94384765625 289237
-7.6904296875 -7.9345703125 4.94384765625 289238
-7.6904296875 -7.9345703125 4.94384765625 289239
-13.00048828125 -5.7373046875 5.31005859375 289301
-13.00048828125 -5.7373046875 5.31005859375 289413
-5.9814453125 -4.21142578125 -0.48828125 289414
-5.9814453125 -4.21142578125 -0.48828125 289415
-5.9814453125 -4.21142578125 -0.48828125 289416
-5.9814453125 -4.21142578125 -0.48828125 289417
-5.9814453125 -4.21142578125 -0.48828125 289529
-24.2919921875 -8.72802734375 3.0517578125 289530
-24.2919921875 -8.72802734375 3.0517578125 289532
-24.2919921875 -8.72802734375 3.0517578125 289533
-24.2919921875 -8.72802734375 3.0517578125 289534
-24.2919921875 -8.72802734375 3.0517578125 289635
-18.9208984375 -5.67626953125 3.23486328125 289637
-18.9208984375 -5.67626953125 3.23486328125 289638
-18.9208984375 -5.67626953125 3.23486328125 289639
-18.9208984375 -5.67626953125 3.23486328125 289640
-26.42822265625 -2.01416015625 1.64794921875 289698
-26.42822265625 -2.01416015625 1.64794921875 289822
-28.1982421875 8.056640625 -3.72314453125 289823
-28.1982421875 8.056640625 -3.72314453125 289824
-28.1982421875 8.056640625 -3.72314453125 289826
-28.1982421875 8.056640625 -3.72314453125 289827
-28.1982421875 8.056640625 -3.72314453125 289926
-33.3251953125 5.4931640625 2.38037109375 289927
-33.3251953125 5.4931640625 2.38037109375 289928
-33.3251953125 5.4931640625 2.38037109375 289930
-33.3251953125 5.4931640625 2.38037109375 289931
-33.3251953125 5.4931640625 2.38037109375 290029
-17.51708984375 1.03759765625 3.47900390625 290030
-17.51708984375 1.03759765625 3.47900390625 290031
-17.51708984375 1.03759765625 3.47900390625 290033
-17.51708984375 1.03759765625 3.47900390625 290034
-17.51708984375 1.03759765625 3.47900390625 290131
-12.939453125 4.08935546875 -4.08935546875 290133
-12.939453125 4.08935546875 -4.08935546875 290135
-12.939453125 4.08935546875 -4.08935546875 290136
-12.939453125 4.08935546875 -4.08935546875 290138
-7.50732421875 4.638671875 -9.765625 290197
-7.50732421875 4.638671875 -9.765625 290321
-4.08935546875 0.91552734375 -5.92041015625 290323
-4.08935546875 0.91552734375 -5.92041015625 290324
-4.08935546875 0.91552734375 -5.92041015625 290324
-4.08935546875 0.91552734375 -5.92041015625 290325
-4.08935546875 0.91552734375 -5.92041015625 290424
-3.72314453125 0.18310546875 -4.69970703125 290425
-3.72314453125 0.18310546875 -4.69970703125 290426
-3.72314453125 0.18310546875 -4.69970703125 290427
-3.72314453125 0.18310546875 -4.69970703125 290428
-3.72314453125 0.18310546875 -4.69970703125 290526
-2.9296875 1.40380859375 -2.86865234375 290530
-2.9296875 1.40380859375 -2.86865234375 290531
-2.9296875 1.40380859375 -2.86865234375 290533
-2.9296875 1.40380859375 -2.86865234375 290534
-2.9296875 1.40380859375 -2.86865234375 290629
-0.6103515625 0.244140625 -1.708984375 290630
-0.6103515625 0.244140625 -1.708984375 290631
-0.6103515625 0.244140625 -1.708984375 290731
-1.5869140625 -0.3662109375 -1.8310546875 290733
-1.5869140625 -0.3662109375 -1.8310546875 290734
-1.5869140625 -0.3662109375 -1.8310546875 290735
-1.5869140625 -0.3662109375 -1.8310546875 290737
-3.0517578125 1.953125 -5.37109375 290797
-3.0517578125 1.953125 -5.37109375 290922
-1.46484375 0.67138671875 -3.47900390625 290923
-1.46484375 0.67138671875 -3.47900390625 290924
-1.46484375 0.67138671875 -3.47900390625 290925
-1.46484375 0.67138671875 -3.47900390625 290927
-1.46484375 0.67138671875 -3.47900390625 291026
-0.48828125 0.1220703125 -2.3193359375 291027
-0.48828125 0.1220703125 -2.3193359375 291028
-0.48828125 0.1220703125 -2.3193359375 291029
-0.48828125 0.1220703125 -2.3193359375 291030
-0.48828125 0.1220703125 -2.3193359375 291127
-2.25830078125 0.18310546875 -2.25830078125 291128
-2.25830078125 0.18310546875 -2.25830078125 291129
-2.25830078125 0.18310546875 -2.25830078125 291131
-2.25830078125 0.18310546875 -2.25830078125 291132
-2.25830078125 0.18310546875 -2.25830078125 291232
-0.6103515625 -0.9765625 -0.6103515625 291233
-0.6103515625 -0.9765625 -0.6103515625 291234
-0.6103515625 -0.9765625 -0.6103515625 291235
-0.6103515625 -0.9765625 -0.6103515625 291235
-2.197265625 0.18310546875 -1.40380859375 291323
-2.197265625 0.18310546875 -1.40380859375 291424
-1.3427734375 -0.18310546875 -0.732421875 291425
-1.3427734375 -0.18310546875 -0.732421875 291426
-1.3427734375 -0.18310546875 -0.732421875 291426
-1.3427734375 -0.18310546875 -0.732421875 291427
-2.38037109375 0.91552734375 -2.44140625 291527
-2.38037109375 0.91552734375 -2.44140625 291528
-2.38037109375 0.91552734375 -2.44140625 291529
-2.38037109375 0.91552734375 -2.44140625 291530
-2.38037109375 0.91552734375 -2.44140625 291634
-1.64794921875 -0.06103515625 -2.197265625 291636
-1.64794921875 -0.06103515625 -2.197265625 291637
-1.64794921875 -0.06103515625 -2.197265625 291639
-1.64794921875 -0.06103515625 -2.197265625 291640
-3.11279296875 0.42724609375 -1.64794921875 291697
-3.11279296875 0.42724609375 -1.64794921875 291822
-2.13623046875 0.8544921875 -2.197265625 291823
-2.13623046875 0.8544921875 -2.197265625 291824
-2.13623046875 0.8544921875 -2.197265625 291825
-2.13623046875 0.8544921875 -2.197265625 291826
-2.13623046875 0.8544921875 -2.197265625 291926
-1.40380859375 0.79345703125 -2.197265625 291927
-1.40380859375 0.79345703125 -2.197265625 291928
-1.40380859375 0.79345703125 -2.197265625 291929
-1.40380859375 0.79345703125 -2.197265625 291930
-1.40380859375 0.79345703125 -2.197265625 292027
-1.708984375 1.46484375 -1.220703125 292028
-1.708984375 1.46484375 -1.220703125 292029
-1.708984375 1.46484375 -1.220703125 292030
-1.708984375 1.46484375 -1.220703125 292031
-1.708984375 1.46484375 -1.220703125 292128
-2.197265625 0.48828125 -3.35693359375 292130
-2.197265625 0.48828125 -3.35693359375 292130
-2.197265625 0.48828125 -3.35693359375 292131
-2.197265625 0.48828125 -3.35693359375 292132
-2.197265625 0.48828125 -3.35693359375 292232
-2.25830078125 1.3427734375 -2.3193359375 292233
-2.25830078125 1.3427734375 -2.3193359375 292234
-2.25830078125 1.3427734375 -2.3193359375 292236
-2.25830078125 1.3427734375 -2.3193359375 292237
0.1220703125 1.0986328125 -3.173828125 292297
0.1220703125 1.0986328125 -3.173828125 292421
-0.91552734375 0.6103515625 -2.25830078125 292422
-0.91552734375 0.6103515625 -2.25830078125 292423
-0.91552734375 0.6103515625 -2.25830078125 292424
-0.91552734375 0.6103515625 -2.25830078125 292425
-0.91552734375 0.6103515625 -2.25830078125 292525
-1.52587890625 0.18310546875 -1.40380859375 292526
-1.52587890625 0.18310546875 -1.40380859375 292527
-1.52587890625 0.18310546875 -1.40380859375 292528
-1.52587890625 0.18310546875 -1.40380859375 292529
-2.9296875 0.18310546875 -2.13623046875 292614
-2.9296875 0.18310546875 -2.13623046875 292731
-1.46484375 0.79345703125 -0.79345703125 292732
-1.46484375 0.79345703125 -0.79345703125 292733
-1.46484375 0.79345703125 -0.79345703125 292734
-1.46484375 0.79345703125 -0.79345703125 292735
-1.5869140625 0.732421875 -1.46484375 292798
-1.5869140625 0.732421875 -1.46484375 292921
-1.953125 0 -0.3662109375 292922
-1.953125 0 -0.3662109375 292923
-1.953125 0 -0.3662109375 292924
-1.953125 0 -0.3662109375 292925
-1.953125 0 -0.3662109375 293022
-2.62451171875 0.9765625 -2.44140625 293023
-2.62451171875 0.9765625 -2.44140625 293024
-2.62451171875 0.9765625 -2.44140625 293025
-2.62451171875 0.9765625 -2.44140625 293026
-0.42724609375 0.30517578125 -1.5869140625 293129
-0.42724609375 0.30517578125 -1.5869140625 293130
-0.42724609375 0.30517578125 -1.5869140625 293131
-0.42724609375 0.30517578125 -1.5869140625 293132
-0.42724609375 0.30517578125 -1.5869140625 293230
-1.8310546875 0.30517578125 -1.52587890625 293232
-1.8310546875 0.30517578125 -1.52587890625 293233
-1.8310546875 0.30517578125 -1.52587890625 293234
-1.8310546875 0.30517578125 -1.52587890625 293235
-0.42724609375 0.1220703125 -0.732421875 293296
-0.42724609375 0.1220703125 -0.732421875 293420
-1.89208984375 1.64794921875 -0.3662109375 293421
-1.89208984375 1.64794921875 -0.3662109375 293421
-1.89208984375 1.64794921875 -0.3662109375 293422
-1.89208984375 1.64794921875 -0.3662109375 293423
-1.89208984375 1.64794921875 -0.3662109375 293523
-1.953125 0.79345703125 -1.5869140625 293524
-1.953125 0.79345703125 -1.5869140625 293525
-1.953125 0.79345703125 -1.5869140625 293527
-1.953125 0.79345703125 -1.5869140625 293528
-2.3193359375 0.30517578125 -2.74658203125 293628
-2.3193359375 0.30517578125 -2.74658203125 293630
-2.3193359375 0.30517578125 -2.74658203125 293631
-2.3193359375 0.30517578125 -2.74658203125 293632
-2.3193359375 0.30517578125 -2.74658203125 293728
0.8544921875 0.1220703125 -1.64794921875 293729
0.8544921875 0.1220703125 -1.64794921875 293730
0.8544921875 0.1220703125 -1.64794921875 293731
0.8544921875 0.1220703125 -1.64794921875 293732
-1.03759765625 1.28173828125 -2.01416015625 293796
-1.03759765625 1.28173828125 -2.01416015625 293907
-0.79345703125 0.3662109375 -1.64794921875 293908
-0.79345703125 0.3662109375 -1.64794921875 293909
-0.79345703125 0.3662109375 -1.64794921875 293910
-0.79345703125 0.3662109375 -1.64794921875 293911
-0.79345703125 0.3662109375 -1.64794921875 294024
-1.77001953125 0.79345703125 -2.01416015625 294025
-1.77001953125 0.79345703125 -2.01416015625 294026
-1.77001953125 0.79345703125 -2.01416015625 294026
-1.77001953125 0.79345703125 -2.01416015625 294027
-1.77001953125 0.79345703125 -2.01416015625 294124
-1.15966796875 0.67138671875 -2.9296875 294125
-1.15966796875 0.67138671875 -2.9296875 294126
-1.15966796875 0.67138671875 -2.9296875 294128
-1.15966796875 0.67138671875 -2.9296875 294129
-1.15966796875 0.67138671875 -2.9296875 294227
-0.3662109375 1.15966796875 -3.2958984375 294229
-0.3662109375 1.15966796875 -3.2958984375 294229
-0.3662109375 1.15966796875 -3.2958984375 294230
-0.3662109375 1.15966796875 -3.2958984375 294231
-0.3662109375 0.732421875 -2.5634765625 294326
-0.3662109375 0.732421875 -2.5634765625 294429
-1.64794921875 1.708984375 -2.62451171875 294430
-1.64794921875 1.708984375 -2.62451171875 294431
-1.64794921875 1.708984375 -2.62451171875 294432
-1.64794921875 1.708984375 -2.62451171875 294434
-1.46484375 0.9765625 -1.708984375 294522
-1.46484375 0.9765625 -1.708984375 294625
0.54931640625 1.5869140625 -0.9765625 294627
0.54931640625 1.5869140625 -0.9765625 294628
0.54931640625 1.5869140625 -0.9765625 294629
0.54931640625 1.5869140625 -0.9765625 294630
-0.67138671875 1.0986328125 -2.25830078125 294725
-0.67138671875 1.0986328125 -2.25830078125 294828
0 -0.3662109375 -2.0751953125 294830
0 -0.3662109375 -2.0751953125 294831
0 -0.3662109375 -2.0751953125 294832
0 -0.3662109375 -2.0751953125 294833
-0.18310546875 0.48828125 -1.89208984375 294898
-0.18310546875 0.48828125 -1.89208984375 295022
-1.708984375 1.46484375 -2.86865234375 295024
-1.708984375 1.46484375 -2.86865234375 295025
-1.708984375 1.46484375 -2.86865234375 295026
-1.708984375 1.46484375 -2.86865234375 295027
1.0986328125 -0.48828125 -1.77001953125 295096
1.0986328125 -0.48828125 -1.77001953125 295220
-1.03759765625 1.03759765625 -3.41796875 295221
-1.03759765625 1.03759765625 -3.41796875 295222
-1.03759765625 1.03759765625 -3.41796875 295223
-1.03759765625 1.03759765625 -3.41796875 295224
-1.03759765625 1.03759765625 -3.41796875 295330
-0.732421875 0.8544921875 -2.13623046875 295331
-0.732421875 0.8544921875 -2.13623046875 295332
-0.732421875 0.8544921875 -2.13623046875 295334
-0.732421875 0.8544921875 -2.13623046875 295335
-0.42724609375 0.54931640625 -1.52587890625 295397
-0.42724609375 0.54931640625 -1.52587890625 295521
-1.03759765625 0.54931640625 -2.25830078125 295522
-1.03759765625 0.54931640625 -2.25830078125 295524
-1.03759765625 0.54931640625 -2.25830078125 295525
-1.03759765625 0.54931640625 -2.25830078125 295525
0.9765625 0.54931640625 -1.15966796875 295626
0.9765625 0.54931640625 -1.15966796875 295627
0.9765625 0.54931640625 -1.15966796875 295628
0.9765625 0.54931640625 -1.15966796875 295629
0.9765625 0.54931640625 -1.15966796875 295727
0.54931640625 0 -2.685546875 295728
0.54931640625 0 -2.685546875 295730
0.54931640625 0 -2.685546875 295730
0.54931640625 0 -2.685546875 295732
-0.18310546875 1.3427734375 -1.15966796875 295806
-0.18310546875 1.3427734375 -1.15966796875 295897
0.9765625 0 -3.0517578125 295898
0.9765625 0 -3.0517578125 295900
0.9765625 0 -3.0517578125 295901
0.9765625 0 -3.0517578125 295902
0.9765625 0 -3.0517578125 296021
-1.708984375 1.52587890625 -4.69970703125 296023
-1.708984375 1.52587890625 -4.69970703125 296024
-1.708984375 1.52587890625 -4.69970703125 296025
-1.708984375 1.52587890625 -4.69970703125 296026
-1.708984375 1.52587890625 -4.69970703125 296124
1.3427734375 1.15966796875 -2.50244140625 296125
1.3427734375 1.15966796875 -2.50244140625 296126
1.3427734375 1.15966796875 -2.50244140625 296127
1.3427734375 1.15966796875 -2.50244140625 296128
-1.953125 0.42724609375 -4.0283203125 296219
-1.953125 0.42724609375 -4.0283203125 296300
-0.54931640625 0.79345703125 -2.3193359375 296302
-0.54931640625 0.79345703125 -2.3193359375 296302
-0.54931640625 0.79345703125 -2.3193359375 296303
-0.54931640625 0.79345703125 -2.3193359375 296304
-0.54931640625 0.79345703125 -2.3193359375 296417
-1.28173828125 1.28173828125 -2.685546875 296418
-1.28173828125 1.28173828125 -2.685546875 296419
-1.28173828125 1.28173828125 -2.685546875 296420
-1.28173828125 1.28173828125 -2.685546875 296422
-1.28173828125 1.28173828125 -2.685546875 296523
0.54931640625 0.79345703125 -1.89208984375 296524
0.54931640625 0.79345703125 -1.89208984375 296525
0.54931640625 0.79345703125 -1.89208984375 296526
0.54931640625 0.79345703125 -1.89208984375 296527
0.54931640625 0.79345703125 -1.89208984375 296629
-2.38037109375 0.54931640625 -2.5634765625 296630
-2.38037109375 0.54931640625 -2.5634765625 296631
-2.38037109375 0.54931640625 -2.5634765625 296632
-2.38037109375 0.54931640625 -2.5634765625 296632
-0.732421875 0.3662109375 -0.54931640625 296695
-0.732421875 0.3662109375 -0.54931640625 296821
-2.62451171875 0.8544921875 -1.89208984375 296822
-2.62451171875 0.8544921875 -1.89208984375 296823
-2.62451171875 0.8544921875 -1.89208984375 296824
-2.62451171875 0.8544921875 -1.89208984375 296825
-2.62451171875 0.8544921875 -1.89208984375 296924
-0.18310546875 1.0986328125 -3.173828125 296925
-0.18310546875 1.0986328125 -3.173828125 296925
-0.18310546875 1.0986328125 -3.173828125 296926
-0.18310546875 1.0986328125 -3.173828125 296927
-0.18310546875 1.0986328125 -3.173828125 297026
-2.44140625 0.732421875 -3.35693359375 297028
-2.44140625 0.732421875 -3.35693359375 297029
-2.44140625 0.732421875 -3.35693359375 297030
-2.44140625 0.732421875 -3.35693359375 297031
-2.44140625 0.732421875 -3.35693359375 297132
-1.46484375 0.79345703125 -1.15966796875 297133
-1.46484375 0.79345703125 -1.15966796875 297134
-1.46484375 0.79345703125 -1.15966796875 297135
-1.46484375 0.79345703125 -1.15966796875 297136
-0.30517578125 0.42724609375 -1.40380859375 297195
-0.30517578125 0.42724609375 -1.40380859375 297321
-0.9765625 0.244140625 -3.0517578125 297323
-0.9765625 0.244140625 -3.0517578125 297324
-0.9765625 0.244140625 -3.0517578125 297325
-0.9765625 0.244140625 -3.0517578125 297326
-0.9765625 0.244140625 -3.0517578125 297422
-2.50244140625 1.03759765625 -1.8310546875 297423
-2.50244140625 1.03759765625 -1.8310546875 297424
-2.50244140625 1.03759765625 -1.8310546875 297425
-2.50244140625 1.03759765625 -1.8310546875 297426
-2.50244140625 1.03759765625 -1.8310546875 297524
-1.89208984375 1.15966796875 0.1220703125 297525
-1.89208984375 1.15966796875 0.1220703125 297528
-1.89208984375 1.15966796875 0.1220703125 297530
-1.89208984375 1.15966796875 0.1220703125 297531
-1.89208984375 1.15966796875 0.1220703125 297627
-3.5400390625 1.0986328125 -2.01416015625 297628
-3.5400390625 1.0986328125 -2.01416015625 297628
-3.5400390625 1.0986328125 -2.01416015625 297629
-4.638671875 1.3427734375 -2.8076171875 297726
-4.638671875 1.3427734375 -2.8076171875 297727
-4.638671875 1.3427734375 -2.8076171875 297825
-3.0517578125 2.197265625 -2.0751953125 297826
-3.0517578125 2.197265625 -2.0751953125 297827
-3.0517578125 2.197265625 -2.0751953125 297827
-3.0517578125 2.197265625 -2.0751953125 297828
-6.04248046875 1.89208984375 -5.859375 297916
-6.04248046875 1.89208984375 -5.859375 297996
-4.7607421875 -0.30517578125 -7.4462890625 297997
-4.7607421875 -0.30517578125 -7.4462890625 297998
-4.7607421875 -0.30517578125 -7.4462890625 297999
-4.7607421875 -0.30517578125 -7.4462890625 298000
-4.7607421875 -0.30517578125 -7.4462890625 298117
-2.01416015625 -0.30517578125 -7.50732421875 298118
-2.01416015625 -0.30517578125 -7.50732421875 298119
-2.01416015625 -0.30517578125 -7.50732421875 298120
-2.01416015625 -0.30517578125 -7.50732421875 298121
-2.01416015625 -0.30517578125 -7.50732421875 298219
-5.55419921875 -0.06103515625 -10.55908203125 298221
-5.55419921875 -0.06103515625 -10.55908203125 298221
-5.55419921875 -0.06103515625 -10.55908203125 298222
-5.55419921875 -0.06103515625 -10.55908203125 298223
-5.55419921875 -0.06103515625 -10.55908203125 298324
-4.21142578125 -1.40380859375 -16.54052734375 298326
-4.21142578125 -1.40380859375 -16.54052734375 298326
-4.21142578125 -1.40380859375 -16.54052734375 298327
-4.21142578125 -1.40380859375 -16.54052734375 298328
-4.21142578125 -1.40380859375 -16.54052734375 298425
-2.13623046875 -0.3662109375 -22.15576171875 298426
-2.13623046875 -0.3662109375 -22.15576171875 298427
-2.13623046875 -0.3662109375 -22.15576171875 298428
-2.13623046875 -0.3662109375 -22.15576171875 298429
-2.13623046875 -0.3662109375 -22.15576171875 298527
12.02392578125 3.2958984375 -27.28271484375 298528
12.02392578125 3.2958984375 -27.28271484375 298530
12.02392578125 3.2958984375 -27.28271484375 298531
12.02392578125 3.2958984375 -27.28271484375 298532
-1.5869140625 -2.01416015625 -11.29150390625 298592
-1.5869140625 -2.01416015625 -11.29150390625 298717
-1.28173828125 -2.13623046875 -11.474609375 298721
-1.28173828125 -2.13623046875 -11.474609375 298722
-1.28173828125 -2.13623046875 -11.474609375 298723
-1.28173828125 -2.13623046875 -11.474609375 298724
-1.28173828125 -2.13623046875 -11.474609375 298819
15.7470703125 4.69970703125 -18.9208984375 298821
15.7470703125 4.69970703125 -18.9208984375 298821
15.7470703125 4.69970703125 -18.9208984375 298923
12.26806640625 6.65283203125 -12.51220703125 298924
12.26806640625 6.65283203125 -12.51220703125 298925
12.26806640625 6.65283203125 -12.51220703125 298926
12.26806640625 6.65283203125 -12.51220703125 298927
36.9873046875 20.81298828125 -17.822265625 299013
36.9873046875 20.81298828125 -17.822265625 299093
42.29736328125 30.70068359375 -14.892578125 299094
42.29736328125 30.70068359375 -14.892578125 299095
42.29736328125 30.70068359375 -14.892578125 299096
42.29736328125 30.70068359375 -14.892578125 299097
42.29736328125 30.70068359375 -14.892578125 299218
47.4853515625 38.75732421875 -19.8974609375 299220
47.4853515625 38.75732421875 -19.8974609375 299221
47.4853515625 38.75732421875 -19.8974609375 299222
47.4853515625 38.75732421875 -19.8974609375 299223
47.4853515625 38.75732421875 -19.8974609375 299321
48.27880859375 46.5087890625 -21.66748046875 299323
48.27880859375 46.5087890625 -21.66748046875 299323
48.27880859375 46.5087890625 -21.66748046875 299324
48.27880859375 46.5087890625 -21.66748046875 299325
48.27880859375 46.5087890625 -21.66748046875 299423
43.02978515625 46.69189453125 -22.52197265625 299434
43.02978515625 46.69189453125 -22.52197265625 299435
43.02978515625 46.69189453125 -22.52197265625 299436
43.02978515625 46.69189453125 -22.52197265625 299437
43.02978515625 46.69189453125 -22.52197265625 299525
42.96875 48.095703125 -23.92578125 299526
40.283203125 50.10986328125 -25.2685546875 299616
40.283203125 50.10986328125 -25.2685546875 299617
40.283203125 50.10986328125 -25.2685546875 299619
40.283203125 50.10986328125 -25.2685546875 299621
40.283203125 50.10986328125 -25.2685546875 299716
40.4052734375 51.6357421875 -10.92529296875 299717
40.4052734375 51.6357421875 -10.92529296875 299719
40.4052734375 51.6357421875 -10.92529296875 299720
40.4052734375 51.6357421875 -10.92529296875 299721
40.58837890625 50.6591796875 -13.671875 299815
40.58837890625 50.6591796875 -13.671875 299921
15.2587890625 26.123046875 -10.8642578125 299922
15.2587890625 26.123046875 -10.8642578125 299923
15.2587890625 26.123046875 -10.8642578125 299924
15.2587890625 26.123046875 -10.8642578125 299925
15.2587890625 26.123046875 -10.8642578125 300022
19.10400390625 18.85986328125 -4.45556640625 300023
19.10400390625 18.85986328125 -4.45556640625 300024
19.10400390625 18.85986328125 -4.45556640625 300025
19.10400390625 18.85986328125 -4.45556640625 300026
19.10400390625 18.85986328125 -4.45556640625 300127
-11.77978515625 -0.91552734375 -9.58251953125 300129
-11.77978515625 -0.91552734375 -9.58251953125 300130
-11.77978515625 -0.91552734375 -9.58251953125 300131
-11.77978515625 -0.91552734375 -9.58251953125 300132
-7.01904296875 -4.21142578125 -7.080078125 300227
-7.01904296875 -4.21142578125 -7.080078125 300292
-13.97705078125 -9.033203125 3.41796875 300306
-13.97705078125 -9.033203125 3.41796875 300307
-13.97705078125 -9.033203125 3.41796875 300308
-13.97705078125 -9.033203125 3.41796875 300310
-13.97705078125 -9.033203125 3.41796875 300417
-29.9072265625 -32.28759765625 5.9814453125 300419
-29.9072265625 -32.28759765625 5.9814453125 300420
-29.9072265625 -32.28759765625 5.9814453125 300421
-29.9072265625 -32.28759765625 5.9814453125 300422
-29.9072265625 -32.28759765625 5.9814453125 300519
-79.58984375 -63.720703125 15.2587890625 300521
-79.58984375 -63.720703125 15.2587890625 300522
-79.58984375 -63.720703125 15.2587890625 300524
-79.58984375 -63.720703125 15.2587890625 300525
-79.58984375 -63.720703125 15.2587890625 300621
-83.06884765625 -55.419921875 12.939453125 300622
-83.06884765625 -55.419921875 12.939453125 300623
-83.06884765625 -55.419921875 12.939453125 300624
-83.06884765625 -55.419921875 12.939453125 300625
-83.06884765625 -55.419921875 12.939453125 300727
-67.138671875 -47.36328125 25.146484375 300728
-67.138671875 -47.36328125 25.146484375 300730
-67.138671875 -47.36328125 25.146484375 300731
-67.138671875 -47.36328125 25.146484375 300733
-67.138671875 -47.36328125 25.146484375 300828
-30.33447265625 -37.53662109375 14.83154296875 300829
-30.33447265625 -37.53662109375 14.83154296875 300830
-30.33447265625 -37.53662109375 14.83154296875 300830
-10.19287109375 -25.57373046875 13.97705078125 300892
-10.19287109375 -25.57373046875 13.97705078125 300893
-10.19287109375 -25.57373046875 13.97705078125 301015
7.6904296875 -11.41357421875 17.9443359375 301016
7.6904296875 -11.41357421875 17.9443359375 301017
7.6904296875 -11.41357421875 17.9443359375 301018
7.6904296875 -11.41357421875 17.9443359375 301019
7.6904296875 -11.41357421875 17.9443359375 301122
3.47900390625 -13.427734375 21.42333984375 301123
3.47900390625 -13.427734375 21.42333984375 301124
3.47900390625 -13.427734375 21.42333984375 301124
3.47900390625 -13.427734375 21.42333984375 301125
3.47900390625 -13.427734375 21.42333984375 301223
-0.79345703125 -11.5966796875 15.93017578125 301224
-0.79345703125 -11.5966796875 15.93017578125 301225
-0.79345703125 -11.5966796875 15.93017578125 301226
-0.79345703125 -11.5966796875 15.93017578125 301227
-0.79345703125 -11.5966796875 15.93017578125 301324
6.591796875 -7.4462890625 15.31982421875 301325
6.591796875 -7.4462890625 15.31982421875 301326
6.591796875 -7.4462890625 15.31982421875 301327
6.591796875 -7.4462890625 15.31982421875 301328
9.6435546875 -8.23974609375 14.09912109375 301390
9.6435546875 -8.23974609375 14.09912109375 301515
3.60107421875 -7.62939453125 6.77490234375 301516
3.60107421875 -7.62939453125 6.77490234375 301517
3.60107421875 -7.62939453125 6.77490234375 301518
3.60107421875 -7.62939453125 6.77490234375 301519
3.60107421875 -7.62939453125 6.77490234375 301617
2.86865234375 -5.79833984375 2.685546875 301619
2.86865234375 -5.79833984375 2.685546875 301620
2.86865234375 -5.79833984375 2.685546875 301621
2.86865234375 -5.79833984375 2.685546875 301621
1.40380859375 -8.36181640625 13.0615234375 301722
1.40380859375 -8.36181640625 13.0615234375 301723
1.40380859375 -8.36181640625 13.0615234375 301724
1.40380859375 -8.36181640625 13.0615234375 301725
1.40380859375 -8.36181640625 13.0615234375 301823
-1.03759765625 -4.94384765625 5.06591796875 301824
-1.03759765625 -4.94384765625 5.06591796875 301825
-1.03759765625 -4.94384765625 5.06591796875 301826
-1.03759765625 -4.94384765625 5.06591796875 301826
-1.03759765625 -4.94384765625 5.06591796875 301926
1.03759765625 -1.40380859375 2.44140625 301927
1.03759765625 -1.40380859375 2.44140625 301928
1.03759765625 -1.40380859375 2.44140625 301929
1.03759765625 -1.40380859375 2.44140625 301930
4.08935546875 -2.197265625 4.33349609375 301992
4.08935546875 -2.197265625 4.33349609375 302115
-6.8359375 -6.7138671875 6.2255859375 302117
-6.8359375 -6.7138671875 6.2255859375 302118
-6.8359375 -6.7138671875 6.2255859375 302119
-6.8359375 -6.7138671875 6.2255859375 302119
-21.484375 -12.63427734375 13.48876953125 302206
-21.484375 -12.63427734375 13.48876953125 302292
-16.66259765625 -6.65283203125 4.57763671875 302293
-16.66259765625 -6.65283203125 4.57763671875 302294
-16.66259765625 -6.65283203125 4.57763671875 302295
-16.66259765625 -6.65283203125 4.57763671875 302295
-16.66259765625 -6.65283203125 4.57763671875 302419
-29.60205078125 -9.8876953125 10.19287109375 302421
-29.60205078125 -9.8876953125 10.19287109375 302422
-29.60205078125 -9.8876953125 10.19287109375 302423
-29.60205078125 -9.8876953125 10.19287109375 302424
-14.5263671875 -3.72314453125 0.1220703125 302518
-14.5263671875 -3.72314453125 0.1220703125 302623
-22.03369140625 -2.74658203125 4.33349609375 302625
-22.03369140625 -2.74658203125 4.33349609375 302626
-22.03369140625 -2.74658203125 4.33349609375 302627
-22.03369140625 -2.74658203125 4.33349609375 302628
-22.03369140625 -2.74658203125 4.33349609375 302724
-19.8974609375 3.72314453125 0.79345703125 302725
-19.8974609375 3.72314453125 0.79345703125 302725
-16.4794921875 3.60107421875 -4.8828125 302790
-16.4794921875 3.60107421875 -4.8828125 302791
-16.4794921875 3.60107421875 -4.8828125 302792
-16.4794921875 3.60107421875 -4.8828125 302922
-13.671875 1.708984375 -2.86865234375 302923
-13.671875 1.708984375 -2.86865234375 302925
-13.671875 1.708984375 -2.86865234375 302926
-13.671875 1.708984375 -2.86865234375 302927
-7.50732421875 4.5166015625 -5.7373046875 303018
-7.50732421875 4.5166015625 -5.7373046875 303119
-10.6201171875 3.173828125 -2.74658203125 303120
-10.6201171875 3.173828125 -2.74658203125 303122
-10.6201171875 3.173828125 -2.74658203125 303123
-10.6201171875 3.173828125 -2.74658203125 303124
-10.6201171875 3.173828125 -2.74658203125 303220
-9.09423828125 5.0048828125 -4.57763671875 303221
-9.09423828125 5.0048828125 -4.57763671875 303222
-9.09423828125 5.0048828125 -4.57763671875 303223
-9.09423828125 5.0048828125 -4.57763671875 303224
-5.0048828125 5.7373046875 -6.34765625 303293
-5.0048828125 5.7373046875 -6.34765625 303417
-6.591796875 1.64794921875 -4.82177734375 303420
-6.591796875 1.64794921875 -4.82177734375 303421
-6.591796875 1.64794921875 -4.82177734375 303422
-6.591796875 1.64794921875 -4.82177734375 303423
-6.591796875 1.64794921875 -4.82177734375 303545
-5.31005859375 -0.67138671875 -1.5869140625 303546
-5.31005859375 -0.67138671875 -1.5869140625 303547
-5.31005859375 -0.67138671875 -1.5869140625 303548
-5.31005859375 -0.67138671875 -1.5869140625 303549
-0.48828125 0.91552734375 -3.47900390625 303610
-0.48828125 0.91552734375 -3.47900390625 303727
-1.40380859375 0.1220703125 -2.86865234375 303729
-1.40380859375 0.1220703125 -2.86865234375 303730
-1.40380859375 0.1220703125 -2.86865234375 303731
-1.40380859375 0.1220703125 -2.86865234375 303732
0.244140625 0 -2.99072265625 303790
0.244140625 0 -2.99072265625 303913
0 0.18310546875 -1.708984375 303914
0 0.18310546875 -1.708984375 303915
0 0.18310546875 -1.708984375 303916
0 0.18310546875 -1.708984375 303917
-0.9765625 0.244140625 -0.30517578125 304003
-0.9765625 0.244140625 -0.30517578125 304122
-1.64794921875 -0.1220703125 -2.86865234375 304123
-1.64794921875 -0.1220703125 -2.86865234375 304124
-1.64794921875 -0.1220703125 -2.86865234375 304125
-1.64794921875 -0.1220703125 -2.86865234375 304126
-3.47900390625 1.40380859375 -2.86865234375 304202
-3.47900390625 1.40380859375 -2.86865234375 304290
-0.30517578125 1.46484375 -0.48828125 304292
-0.30517578125 1.46484375 -0.48828125 304293
-0.30517578125 1.46484375 -0.48828125 304294
-0.30517578125 1.46484375 -0.48828125 304294
-0.30517578125 1.46484375 -0.48828125 304417
-0.54931640625 0.54931640625 0.42724609375 304418
-0.54931640625 0.54931640625 0.42724609375 304419
-0.54931640625 0.54931640625 0.42724609375 304420
-0.54931640625 0.54931640625 0.42724609375 304421
-1.28173828125 1.0986328125 -1.8310546875 304520
-1.28173828125 1.0986328125 -1.8310546875 304521
-1.28173828125 1.0986328125 -1.8310546875 304522
-1.28173828125 1.0986328125 -1.8310546875 304523
-1.28173828125 1.0986328125 -1.8310546875 304622
-1.708984375 0.9765625 -2.685546875 304623
-1.708984375 0.9765625 -2.685546875 304624
-1.708984375 0.9765625 -2.685546875 304625
-1.708984375 0.9765625 -2.685546875 304626
-1.708984375 0.9765625 -2.685546875 304727
-3.35693359375 0.9765625 -2.0751953125 304728
-3.35693359375 0.9765625 -2.0751953125 304729
-3.35693359375 0.9765625 -2.0751953125 304730
-3.35693359375 0.9765625 -2.0751953125 304731
-1.708984375 -0.42724609375 -0.42724609375 304791
-1.708984375 -0.42724609375 -0.42724609375 304913
-1.64794921875 0.9765625 -1.40380859375 304914
-1.64794921875 0.9765625 -1.40380859375 304915
-1.64794921875 0.9765625 -1.40380859375 304916
-1.64794921875 0.9765625 -1.40380859375 304916
-1.64794921875 0.9765625 -1.40380859375 305014
-0.79345703125 1.953125 -2.50244140625 305015
-0.79345703125 1.953125 -2.50244140625 305016
-0.79345703125 1.953125 -2.50244140625 305018
-0.79345703125 1.953125 -2.50244140625 305018
-0.79345703125 1.953125 -2.50244140625 305118
-0.91552734375 1.5869140625 -1.40380859375 305119
-0.91552734375 1.5869140625 -1.40380859375 305120
-0.91552734375 1.5869140625 -1.40380859375 305121
-0.91552734375 1.5869140625 -1.40380859375 305122
-0.91552734375 1.5869140625 -1.40380859375 305221
0.1220703125 1.28173828125 0 305222
0.1220703125 1.28173828125 0 305223
0.1220703125 1.28173828125 0 305224
0.1220703125 1.28173828125 0 305225
0.1220703125 1.28173828125 0 305325
0.91552734375 -0.30517578125 0.732421875 305326
0.91552734375 -0.30517578125 0.732421875 305327
0.91552734375 -0.30517578125 0.732421875 305328
0.91552734375 -0.30517578125 0.732421875 305328
-2.197265625 0.42724609375 -2.50244140625 305402
-2.197265625 0.42724609375 -2.50244140625 305491
-0.6103515625 -0.6103515625 -0.91552734375 305492
-0.6103515625 -0.6103515625 -0.91552734375 305494
-0.6103515625 -0.6103515625 -0.91552734375 305495
-0.6103515625 -0.6103515625 -0.91552734375 305496
-0.6103515625 -0.6103515625 -0.91552734375 305616
-0.06103515625 -0.3662109375 -2.13623046875 305617
-0.06103515625 -0.3662109375 -2.13623046875 305618
-0.06103515625 -0.3662109375 -2.13623046875 305620
-0.06103515625 -0.3662109375 -2.13623046875 305621
-0.06103515625 -0.3662109375 -2.13623046875 305717
-0.732421875 0.6103515625 -1.89208984375 305718
-0.732421875 0.6103515625 -1.89208984375 305720
-0.732421875 0.6103515625 -1.89208984375 305721
-0.732421875 0.6103515625 -1.89208984375 305722
-0.732421875 0.6103515625 -1.89208984375 305820
1.89208984375 -0.42724609375 -0.6103515625 305822
1.89208984375 -0.42724609375 -0.6103515625 305823
1.89208984375 -0.42724609375 -0.6103515625 305824
1.89208984375 -0.42724609375 -0.6103515625 305826
-1.28173828125 0.91552734375 -3.5400390625 305890
-1.28173828125 0.91552734375 -3.5400390625 306013
-2.38037109375 -0.06103515625 -1.64794921875 306014
-2.38037109375 -0.06103515625 -1.64794921875 306015
-2.38037109375 -0.06103515625 -1.64794921875 306016
-2.38037109375 -0.06103515625 -1.64794921875 306017
-2.38037109375 -0.06103515625 -1.64794921875 306114
0.9765625 0.42724609375 -1.89208984375 306115
0.9765625 0.42724609375 -1.89208984375 306116
0.9765625 0.42724609375 -1.89208984375 306117
0.9765625 0.42724609375 -1.89208984375 306118
0.9765625 0.42724609375 -1.89208984375 306218
0.67138671875 1.46484375 -3.173828125 306219
0.67138671875 1.46484375 -3.173828125 306220
0.67138671875 1.46484375 -3.173828125 306221
0.67138671875 1.46484375 -3.173828125 306222
0.67138671875 1.46484375 -3.173828125 306322
0.1220703125 0.42724609375 -2.44140625 306323
0.1220703125 0.42724609375 -2.44140625 306324
0.1220703125 0.42724609375 -2.44140625 306325
0.1220703125 0.42724609375 -2.44140625 306325
-1.52587890625 0.9765625 -2.13623046875 306388
-1.52587890625 0.9765625 -2.13623046875 306512
-2.13623046875 0.54931640625 -3.2958984375 306513
-2.13623046875 0.54931640625 -3.2958984375 306514
-2.13623046875 0.54931640625 -3.2958984375 306515
-2.13623046875 0.54931640625 -3.2958984375 306516
-2.13623046875 0.54931640625 -3.2958984375 306615
0.91552734375 -0.3662109375 -1.89208984375 306616
0.91552734375 -0.3662109375 -1.89208984375 306617
0.91552734375 -0.3662109375 -1.89208984375 306618
0.91552734375 -0.3662109375 -1.89208984375 306619
0.91552734375 -0.3662109375 -1.89208984375 306717
-2.3193359375 0.1220703125 -0.67138671875 306718
-2.3193359375 0.1220703125 -0.67138671875 306719
-2.3193359375 0.1220703125 -0.67138671875 306719
-2.3193359375 0.1220703125 -0.67138671875 306720
-2.3193359375 0.1220703125 -0.67138671875 306822
0.1220703125 0.42724609375 -2.25830078125 306824
0.1220703125 0.42724609375 -2.25830078125 306825
0.1220703125 0.42724609375 -2.25830078125 306826
0.1220703125 0.42724609375 -2.25830078125 306827
0.1220703125 0.42724609375 -2.25830078125 306924
0.79345703125 0.79345703125 -0.8544921875 306925
0.79345703125 0.79345703125 -0.8544921875 306926
0.79345703125 0.79345703125 -0.8544921875 306927
0.79345703125 0.79345703125 -0.8544921875 306928
0.732421875 0.06103515625 -1.77001953125 306988
0.732421875 0.06103515625 -1.77001953125 307112
-0.244140625 0.30517578125 -2.01416015625 307113
-0.244140625 0.30517578125 -2.01416015625 307114
-0.244140625 0.30517578125 -2.01416015625 307114
-0.244140625 0.30517578125 -2.01416015625 307115
-0.244140625 0.30517578125 -2.01416015625 307215
-1.28173828125 0.9765625 -3.11279296875 307216
-1.28173828125 0.9765625 -3.11279296875 307217
-1.28173828125 0.9765625 -3.11279296875 307218
-1.28173828125 0.9765625 -3.11279296875 307219
-0.54931640625 0.732421875 -1.46484375 307304
-0.54931640625 0.732421875 -1.46484375 307422
-0.8544921875 0.6103515625 -3.11279296875 307424
-0.8544921875 0.6103515625 -3.11279296875 307425
-0.8544921875 0.6103515625 -3.11279296875 307426
-0.8544921875 0.6103515625 -3.11279296875 307427
-1.15966796875 0.79345703125 -3.41796875 307488
-1.15966796875 0.79345703125 -3.41796875 307612
2.13623046875 0 -0.54931640625 307614
2.13623046875 0 -0.54931640625 307615
2.13623046875 0 -0.54931640625 307616
2.13623046875 0 -0.54931640625 307617
-1.28173828125 0.42724609375 -1.89208984375 307703
-1.28173828125 0.42724609375 -1.89208984375 307819
-0.9765625 0.67138671875 -1.5869140625 307820
-0.9765625 0.67138671875 -1.5869140625 307821
-0.9765625 0.67138671875 -1.5869140625 307822
-0.9765625 0.67138671875 -1.5869140625 307823
-0.79345703125 0.732421875 -1.40380859375 307888
-0.79345703125 0.732421875 -1.40380859375 308015
-1.5869140625 -0.06103515625 -1.52587890625 308016
-1.5869140625 -0.06103515625 -1.52587890625 308017
-1.5869140625 -0.06103515625 -1.52587890625 308018
-1.5869140625 -0.06103515625 -1.52587890625 308019
-1.5869140625 -0.06103515625 -1.52587890625 308121
0 -0.06103515625 -1.03759765625 308122
0 -0.06103515625 -1.03759765625 308124
0 -0.06103515625 -1.03759765625 308125
0 -0.06103515625 -1.03759765625 308126
0.06103515625 0.732421875 -1.77001953125 308218
0.06103515625 0.732421875 -1.77001953125 308321
0.30517578125 1.15966796875 -2.13623046875 308323
0.30517578125 1.15966796875 -2.13623046875 308324
0.30517578125 1.15966796875 -2.13623046875 308326
0.30517578125 1.15966796875 -2.13623046875 308327
0 0.244140625 -2.44140625 308387
0 0.244140625 -2.44140625 308509
-0.9765625 -0.1220703125 0 308511
-0.9765625 -0.1220703125 0 308514
-0.9765625 -0.1220703125 0 308515
-0.9765625 -0.1220703125 0 308516
-0.30517578125 0.42724609375 -2.3193359375 308604
-0.30517578125 0.42724609375 -2.3193359375 308694
0.244140625 0.79345703125 -0.3662109375 308695
0.244140625 0.79345703125 -0.3662109375 308696
0.244140625 0.79345703125 -0.3662109375 308697
0.244140625 0.79345703125 -0.3662109375 308698
0.244140625 0.79345703125 -0.3662109375 308810
0.48828125 1.15966796875 -3.173828125 308811
0.48828125 1.15966796875 -3.173828125 308812
0.48828125 1.15966796875 -3.173828125 308813
0.48828125 1.15966796875 -3.173828125 308814
0.48828125 1.15966796875 -3.173828125 308912
-2.8076171875 1.03759765625 -2.01416015625 308913
-2.8076171875 1.03759765625 -2.01416015625 308913
-2.8076171875 1.03759765625 -2.01416015625 308914
-2.8076171875 1.03759765625 -2.01416015625 308915
-2.8076171875 1.03759765625 -2.01416015625 309016
-0.8544921875 -0.48828125 -0.30517578125 309017
-0.8544921875 -0.48828125 -0.30517578125 309018
-0.8544921875 -0.48828125 -0.30517578125 309019
-0.8544921875 -0.48828125 -0.30517578125 309020
-1.5869140625 2.01416015625 -2.50244140625 309106
-1.5869140625 2.01416015625 -2.50244140625 309222
-1.8310546875 1.40380859375 -2.3193359375 309223
-1.8310546875 1.40380859375 -2.3193359375 309224
-1.8310546875 1.40380859375 -2.3193359375 309225
-1.8310546875 1.40380859375 -2.3193359375 309226
-0.244140625 -0.06103515625 -1.0986328125 309314
-0.244140625 -0.06103515625 -1.0986328125 309417
-1.64794921875 0.48828125 -2.197265625 309418
-1.64794921875 0.48828125 -2.197265625 309419
-1.64794921875 0.48828125 -2.197265625 309420
-1.64794921875 0.48828125 -2.197265625 309421
-1.64794921875 0.48828125 -2.197265625 309520
2.197265625 0.732421875 -2.44140625 309521
2.197265625 0.732421875 -2.44140625 309522
2.197265625 0.732421875 -2.44140625 309523
2.197265625 0.732421875 -2.44140625 309524
2.197265625 0.732421875 -2.44140625 309623
-0.244140625 0.30517578125 -3.173828125 309624
-0.244140625 0.30517578125 -3.173828125 309625
-0.244140625 0.30517578125 -3.173828125 309626
-0.244140625 0.30517578125 -3.173828125 309627
-2.38037109375 0.67138671875 -1.220703125 309688
-2.38037109375 0.67138671875 -1.220703125 309812
-1.8310546875 0.79345703125 -0.54931640625 309813
-1.8310546875 0.79345703125 -0.54931640625 309814
-1.8310546875 0.79345703125 -0.54931640625 309815
-1.8310546875 0.79345703125 -0.54931640625 309816
-1.8310546875 0.79345703125 -0.54931640625 309915
-0.18310546875 0.8544921875 -2.01416015625 309916
-0.18310546875 0.8544921875 -2.01416015625 309917
-0.18310546875 0.8544921875 -2.01416015625 309918
-0.18310546875 0.8544921875 -2.01416015625 309919
-0.18310546875 0.8544921875 -2.01416015625 310017
-2.62451171875 1.15966796875 -2.25830078125 310018
-2.62451171875 1.15966796875 -2.25830078125 310019
-2.62451171875 1.15966796875 -2.25830078125 310020
-2.62451171875 1.15966796875 -2.25830078125 310021
-2.62451171875 1.15966796875 -2.25830078125 310120
-2.0751953125 0.67138671875 -2.99072265625 310121
-2.0751953125 0.67138671875 -2.99072265625 310122
-2.0751953125 0.67138671875 -2.99072265625 310123
-2.0751953125 0.67138671875 -2.99072265625 310123
-0.54931640625 0.91552734375 -4.21142578125 310186
-0.54931640625 0.91552734375 -4.21142578125 310312
-1.03759765625 0.30517578125 -2.50244140625 310314
-1.03759765625 0.30517578125 -2.50244140625 310315
-1.03759765625 0.30517578125 -2.50244140625 310316
-1.03759765625 0.30517578125 -2.50244140625 310317
-1.15966796875 1.220703125 -3.60107421875 310410
-1.15966796875 1.220703125 -3.60107421875 310515
-4.0283203125 1.8310546875 -2.50244140625 310516
-4.0283203125 1.8310546875 -2.50244140625 310517
-4.0283203125 1.8310546875 -2.50244140625 310518
-4.0283203125 1.8310546875 -2.50244140625 310520
-4.0283203125 1.8310546875 -2.50244140625 310618
-1.5869140625 0.67138671875 -2.5634765625 310619
-1.5869140625 0.67138671875 -2.5634765625 310620
-1.5869140625 0.67138671875 -2.5634765625 310620
-1.5869140625 0.67138671875 -2.5634765625 310621
-1.5869140625 0.67138671875 -2.5634765625 310721
-5.7373046875 2.38037109375 -3.47900390625 310723
-5.7373046875 2.38037109375 -3.47900390625 310724
-5.7373046875 2.38037109375 -3.47900390625 310725
-5.7373046875 2.38037109375 -3.47900390625 310726
-4.150390625 2.38037109375 -4.21142578125 310786
-4.150390625 2.38037109375 -4.21142578125 310910
-2.86865234375 1.52587890625 -8.30078125 310911
-2.86865234375 1.52587890625 -8.30078125 310912
-2.86865234375 1.52587890625 -8.30078125 310912
-2.86865234375 1.52587890625 -8.30078125 310913
-2.86865234375 1.52587890625 -8.30078125 311012
-2.38037109375 1.40380859375 -7.38525390625 311064
-2.38037109375 1.40380859375 -7.38525390625 311065
-2.38037109375 1.40380859375 -7.38525390625 311067
-2.38037109375 1.40380859375 -7.38525390625 311068
-2.38037109375 0.48828125 -8.7890625 311104
-2.38037109375 0.48828125 -8.7890625 311206
-7.6904296875 -2.44140625 -13.18359375 311207
-7.6904296875 -2.44140625 -13.18359375 311207
-7.6904296875 -2.44140625 -13.18359375 311208
-7.6904296875 -2.44140625 -13.18359375 311210
-2.8076171875 -2.197265625 -18.06640625 311287
-2.8076171875 -2.197265625 -18.06640625 311416
4.45556640625 -0.30517578125 -18.98193359375 311417
4.45556640625 -0.30517578125 -18.98193359375 311418
4.45556640625 -0.30517578125 -18.98193359375 311418
4.45556640625 -0.30517578125 -18.98193359375 311419
2.38037109375 -1.220703125 -14.6484375 311514
2.38037109375 -1.220703125 -14.6484375 311601
11.90185546875 2.9296875 -14.0380859375 311603
11.90185546875 2.9296875 -14.0380859375 311603
11.90185546875 2.9296875 -14.0380859375 311604
11.90185546875 2.9296875 -14.0380859375 311605
11.90185546875 2.9296875 -14.0380859375 311719
22.94921875 16.41845703125 -22.4609375 311720
22.94921875 16.41845703125 -22.4609375 311721
22.94921875 16.41845703125 -22.4609375 311722
22.94921875 16.41845703125 -22.4609375 311723
23.3154296875 16.4794921875 -15.2587890625 311802
23.3154296875 16.4794921875 -15.2587890625 311928
40.283203125 24.71923828125 -18.12744140625 311929
40.283203125 24.71923828125 -18.12744140625 311930
40.283203125 24.71923828125 -18.12744140625 311931
40.283203125 24.71923828125 -18.12744140625 311932
34.66796875 30.029296875 -20.1416015625 312008
34.66796875 30.029296875 -20.1416015625 312109
40.22216796875 33.447265625 -15.68603515625 312110
40.22216796875 33.447265625 -15.68603515625 312111
40.22216796875 33.447265625 -15.68603515625 312112
40.22216796875 33.447265625 -15.68603515625 312112
40.22216796875 33.447265625 -15.68603515625 312210
41.07666015625 32.89794921875 -16.9677734375 312212
41.07666015625 32.89794921875 -16.9677734375 312212
41.07666015625 32.89794921875 -16.9677734375 312213
41.07666015625 32.89794921875 -16.9677734375 312214
41.07666015625 32.89794921875 -16.9677734375 312313
26.55029296875 32.1044921875 -10.7421875 312314
26.55029296875 32.1044921875 -10.7421875 312314
26.55029296875 32.1044921875 -10.7421875 312315
26.55029296875 32.1044921875 -10.7421875 312316
26.55029296875 32.1044921875 -10.7421875 312425
27.89306640625 28.13720703125 -16.90673828125 312427
27.89306640625 28.13720703125 -16.90673828125 312427
27.89306640625 28.13720703125 -16.90673828125 312428
27.89306640625 28.13720703125 -16.90673828125 312429
39.9169921875 35.400390625 -19.22607421875 312520
39.9169921875 35.400390625 -19.22607421875 312609
38.0859375 37.59765625 -15.19775390625 312610
38.0859375 37.59765625 -15.19775390625 312611
38.0859375 37.59765625 -15.19775390625 312612
38.0859375 37.59765625 -15.19775390625 312613
38.0859375 37.59765625 -15.19775390625 312710
34.97314453125 33.8134765625 -12.451171875 312711
34.97314453125 33.8134765625 -12.451171875 312712
34.97314453125 33.8134765625 -12.451171875 312713
34.97314453125 33.8134765625 -12.451171875 312714
34.97314453125 33.8134765625 -12.451171875 312811
27.03857421875 31.73828125 -16.29638671875 312812
27.03857421875 31.73828125 -16.29638671875 312813
27.03857421875 31.73828125 -16.29638671875 312814
27.03857421875 31.73828125 -16.29638671875 312815
27.03857421875 31.73828125 -16.29638671875 312914
18.6767578125 23.5595703125 -14.404296875 312915
18.6767578125 23.5595703125 -14.404296875 312916
18.6767578125 23.5595703125 -14.404296875 312917
18.6767578125 23.5595703125 -14.404296875 312919
18.6767578125 23.5595703125 -14.404296875 313016
6.4697265625 24.5361328125 -10.8642578125 313017
6.4697265625 24.5361328125 -10.8642578125 313018
6.4697265625 24.5361328125 -10.8642578125 313019
6.4697265625 24.5361328125 -10.8642578125 313020
6.4697265625 24.5361328125 -10.8642578125 313119
10.80322265625 13.48876953125 -8.544921875 313120
10.80322265625 13.48876953125 -8.544921875 313121
10.80322265625 13.48876953125 -8.544921875 313122
10.80322265625 13.48876953125 -8.544921875 313123
0.30517578125 13.24462890625 -7.9345703125 313184
0.30517578125 13.24462890625 -7.9345703125 313289
-7.14111328125 7.38525390625 -8.48388671875 313290
-7.14111328125 7.38525390625 -8.48388671875 313291
-7.14111328125 7.38525390625 -8.48388671875 313292
-7.14111328125 7.38525390625 -8.48388671875 313293
-7.14111328125 7.38525390625 -8.48388671875 313411
-21.728515625 -25.57373046875 8.544921875 313412
-21.728515625 -25.57373046875 8.544921875 313413
-21.728515625 -25.57373046875 8.544921875 313414
-21.728515625 -25.57373046875 8.544921875 313414
-21.728515625 -25.57373046875 8.544921875 313516
-90.4541015625 -56.21337890625 17.08984375 313517
-90.4541015625 -56.21337890625 17.08984375 313518
-90.4541015625 -56.21337890625 17.08984375 313519
-90.4541015625 -56.21337890625 17.08984375 313520
-90.75927734375 -68.66455078125 13.73291015625 313616
-90.75927734375 -68.66455078125 13.73291015625 313718
-89.111328125 -70.37353515625 18.37158203125 313719
-89.111328125 -70.37353515625 18.37158203125 313720
-89.111328125 -70.37353515625 18.37158203125 313721
-89.111328125 -70.37353515625 18.37158203125 313722
-48.7060546875 -35.5224609375 22.5830078125 313785
-48.7060546875 -35.5224609375 22.5830078125 313908
5.859375 -12.20703125 17.08984375 313909
5.859375 -12.20703125 17.08984375 313910
5.859375 -12.20703125 17.08984375 313911
5.859375 -12.20703125 17.08984375 313912
5.859375 -12.20703125 17.08984375 314009
-12.0849609375 -24.4140625 19.34814453125 314011
-12.0849609375 -24.4140625 19.34814453125 314012
-12.0849609375 -24.4140625 19.34814453125 314013
-12.0849609375 -24.4140625 19.34814453125 314014
-12.0849609375 -24.4140625 19.34814453125 314111
-2.25830078125 -28.25927734375 9.94873046875 314112
-2.25830078125 -28.25927734375 9.94873046875 314113
-2.25830078125 -28.25927734375 9.94873046875 314114
-2.25830078125 -28.25927734375 9.94873046875 314115
-2.25830078125 -28.25927734375 9.94873046875 314221
8.97216796875 -8.6669921875 13.0615234375 314222
8.97216796875 -8.6669921875 13.0615234375 314223
8.97216796875 -8.6669921875 13.0615234375 314224
8.97216796875 -8.6669921875 13.0615234375 314225
-2.5634765625 -14.09912109375 20.44677734375 314318
-2.5634765625 -14.09912109375 20.44677734375 314385
9.8876953125 -13.73291015625 8.48388671875 314386
9.8876953125 -13.73291015625 8.48388671875 314387
9.8876953125 -13.73291015625 8.48388671875 314388
9.8876953125 -13.73291015625 8.48388671875 314389
9.8876953125 -13.73291015625 8.48388671875 314509
9.94873046875 -5.18798828125 15.2587890625 314511
9.94873046875 -5.18798828125 15.2587890625 314512
9.94873046875 -5.18798828125 15.2587890625 314513
9.94873046875 -5.18798828125 15.2587890625 314514
9.94873046875 -5.18798828125 15.2587890625 314609
13.916015625 -4.82177734375 4.33349609375 314610
13.916015625 -4.82177734375 4.33349609375 314711
6.16455078125 -4.57763671875 1.46484375 314713
6.16455078125 -4.57763671875 1.46484375 314713
6.16455078125 -4.57763671875 1.46484375 314714
6.16455078125 -4.57763671875 1.46484375 314715
6.16455078125 -4.57763671875 1.46484375 314814
-0.79345703125 -0.42724609375 1.3427734375 314815
-0.79345703125 -0.42724609375 1.3427734375 314816
-0.79345703125 -0.42724609375 1.3427734375 314817
-0.79345703125 -0.42724609375 1.3427734375 314818
-0.79345703125 -0.42724609375 1.3427734375 314917
-3.84521484375 -6.16455078125 5.615234375 314918
-3.84521484375 -6.16455078125 5.615234375 314919
-3.84521484375 -6.16455078125 5.615234375 314920
-3.84521484375 -6.16455078125 5.615234375 314920
4.7607421875 -2.0751953125 2.25830078125 315001
4.7607421875 -2.0751953125 2.25830078125 315104
4.638671875 -0.42724609375 1.03759765625 315106
4.638671875 -0.42724609375 1.03759765625 315107
4.638671875 -0.42724609375 1.03759765625 315109
4.638671875 -0.42724609375 1.03759765625 315110
4.638671875 -0.42724609375 1.03759765625 315206
-0.3662109375 -3.7841796875 5.31005859375 315207
-0.3662109375 -3.7841796875 5.31005859375 315208
-0.3662109375 -3.7841796875 5.31005859375 315208
-0.3662109375 -3.7841796875 5.31005859375 315310
-16.78466796875 -7.75146484375 4.5166015625 315312
-16.78466796875 -7.75146484375 4.5166015625 315313
-16.78466796875 -7.75146484375 4.5166015625 315314
-16.78466796875 -7.75146484375 4.5166015625 315316
-16.78466796875 -7.75146484375 4.5166015625 315410
-28.9306640625 -6.53076171875 7.32421875 315411
-28.9306640625 -6.53076171875 7.32421875 315515
-27.587890625 -9.09423828125 3.41796875 315516
-27.587890625 -9.09423828125 3.41796875 315517
-27.587890625 -9.09423828125 3.41796875 315518
-27.587890625 -9.09423828125 3.41796875 315519
-21.78955078125 -2.86865234375 -0.30517578125 315614
-21.78955078125 -2.86865234375 -0.30517578125 315687
-16.66259765625 0.91552734375 -0.18310546875 315688
-16.66259765625 0.91552734375 -0.18310546875 315689
-16.66259765625 0.91552734375 -0.18310546875 315690
-16.66259765625 0.91552734375 -0.18310546875 315691
-16.66259765625 0.91552734375 -0.18310546875 315813
-16.357421875 3.662109375 3.173828125 315814
-16.357421875 3.662109375 3.173828125 315815
-16.357421875 3.662109375 3.173828125 315816
-16.357421875 3.662109375 3.173828125 315817
-16.357421875 3.662109375 3.173828125 315914
-14.404296875 8.60595703125 -6.591796875 315915
-14.404296875 8.60595703125 -6.591796875 315916
-14.404296875 8.60595703125 -6.591796875 315917
-14.404296875 8.60595703125 -6.591796875 315918
-14.404296875 8.60595703125 -6.591796875 316016
-9.033203125 7.6904296875 -5.79833984375 316017
-9.033203125 7.6904296875 -5.79833984375 316018
-9.033203125 7.6904296875 -5.79833984375 316019
-9.033203125 7.6904296875 -5.79833984375 316019
-9.033203125 7.6904296875 -5.79833984375 316120
-7.99560546875 5.126953125 -0.732421875 316121
-7.99560546875 5.126953125 -0.732421875 316122
-7.99560546875 5.126953125 -0.732421875 316123
-7.99560546875 5.126953125 -0.732421875 316124
-4.0283203125 4.8828125 -6.9580078125 316183
-4.0283203125 4.8828125 -6.9580078125 316307
-8.1787109375 3.84521484375 -9.033203125 316308
-8.1787109375 3.84521484375 -9.033203125 316309
-8.1787109375 3.84521484375 -9.033203125 316310
-8.1787109375 3.84521484375 -9.033203125 316311
-8.1787109375 3.84521484375 -9.033203125 316410
-4.150390625 -1.46484375 0.3662109375 316412
-4.150390625 -1.46484375 0.3662109375 316413
-4.150390625 -1.46484375 0.3662109375 316415
-4.150390625 -1.46484375 0.3662109375 316417
-4.150390625 -1.46484375 0.3662109375 316512
-3.35693359375 -1.46484375 0.8544921875 316513
-3.35693359375 -1.46484375 0.8544921875 316517
-3.35693359375 -1.46484375 0.8544921875 316518
-3.35693359375 -1.46484375 0.8544921875 316520
-3.35693359375 -1.46484375 0.8544921875 316614
-2.38037109375 -0.54931640625 -4.45556640625 316616
-2.38037109375 -0.54931640625 -4.45556640625 316617
-2.38037109375 -0.54931640625 -4.45556640625 316618
-2.38037109375 -0.54931640625 -4.45556640625 316620
-2.38037109375 -0.54931640625 -4.45556640625 316718
-4.150390625 -2.74658203125 -4.0283203125 316719
-4.150390625 -2.74658203125 -4.0283203125 316720
-4.150390625 -2.74658203125 -4.0283203125 316721
-4.150390625 -2.74658203125 -4.0283203125 316722
-2.50244140625 -2.74658203125 -3.41796875 316783
-2.50244140625 -2.74658203125 -3.41796875 316909
0.54931640625 -0.732421875 -2.99072265625 316910
0.54931640625 -0.732421875 -2.99072265625 316911
0.54931640625 -0.732421875 -2.99072265625 316912
0.54931640625 -0.732421875 -2.99072265625 316913
-2.3193359375 0.91552734375 -2.9296875 317006
-2.3193359375 0.91552734375 -2.9296875 317116
0.91552734375 1.89208984375 -3.23486328125 317117
0.91552734375 1.89208984375 -3.23486328125 317118
0.91552734375 1.89208984375 -3.23486328125 317119
0.91552734375 1.89208984375 -3.23486328125 317120
-1.0986328125 1.52587890625 -0.67138671875 317186
-1.0986328125 1.52587890625 -0.67138671875 317308
-1.28173828125 0.8544921875 -2.197265625 317309
-1.28173828125 0.8544921875 -2.197265625 317310
-1.28173828125 0.8544921875 -2.197265625 317311
-1.28173828125 0.8544921875 -2.197265625 317312
-1.28173828125 0.8544921875 -2.197265625 317409
-3.662109375 1.77001953125 -3.173828125 317410
-3.662109375 1.77001953125 -3.173828125 317411
-3.662109375 1.77001953125 -3.173828125 317412
-3.662109375 1.77001953125 -3.173828125 317412
-1.03759765625 0.6103515625 -2.44140625 317516
-1.03759765625 0.6103515625 -2.44140625 317517
-1.03759765625 0.6103515625 -2.44140625 317518
-1.03759765625 0.6103515625 -2.44140625 317519
-1.03759765625 0.6103515625 -2.44140625 317616
0.6103515625 1.15966796875 -2.38037109375 317617
0.6103515625 1.15966796875 -2.38037109375 317618
0.6103515625 1.15966796875 -2.38037109375 317619
0.6103515625 1.15966796875 -2.38037109375 317619
0.6103515625 1.15966796875 -2.38037109375 317718
-1.0986328125 0.67138671875 -3.0517578125 317719
-1.0986328125 0.67138671875 -3.0517578125 317720
-1.0986328125 0.67138671875 -3.0517578125 317721
-1.0986328125 0.67138671875 -3.0517578125 317722
0.67138671875 1.28173828125 -1.89208984375 317784
0.67138671875 1.28173828125 -1.89208984375 317906
-0.54931640625 1.64794921875 -1.220703125 317907
-0.54931640625 1.64794921875 -1.220703125 317908
-0.54931640625 1.64794921875 -1.220703125 317909
-0.54931640625 1.64794921875 -1.220703125 317910
-0.54931640625 1.64794921875 -1.220703125 318009
1.40380859375 1.46484375 -1.77001953125 318010
1.40380859375 1.46484375 -1.77001953125 318011
1.40380859375 1.46484375 -1.77001953125 318012
1.40380859375 1.46484375 -1.77001953125 318013
-1.77001953125 1.89208984375 -4.39453125 318115
-1.77001953125 1.89208984375 -4.39453125 318116
-1.77001953125 1.89208984375 -4.39453125 318117
-1.77001953125 1.89208984375 -4.39453125 318118
-1.77001953125 1.89208984375 -4.39453125 318205
-0.732421875 2.50244140625 -3.72314453125 318207
-0.79345703125 0.8544921875 -2.50244140625 318304
-0.79345703125 0.8544921875 -2.50244140625 318305
-0.79345703125 0.8544921875 -2.50244140625 318306
-0.79345703125 0.8544921875 -2.50244140625 318307
-0.79345703125 0.8544921875 -2.50244140625 318406
-0.9765625 2.38037109375 -4.0283203125 318408
-0.9765625 2.38037109375 -4.0283203125 318409
-0.9765625 2.38037109375 -4.0283203125 318410
-0.9765625 2.38037109375 -4.0283203125 318411
-2.13623046875 0.732421875 -2.13623046875 318499
-2.13623046875 0.732421875 -2.13623046875 318615
0.06103515625 1.46484375 -1.46484375 318617
0.06103515625 1.46484375 -1.46484375 318618
0.06103515625 1.46484375 -1.46484375 318619
0.06103515625 1.46484375 -1.46484375 318620
0.06103515625 1.46484375 -1.46484375 318716
-1.89208984375 1.03759765625 -0.30517578125 318718
-1.89208984375 1.03759765625 -0.30517578125 318718
-1.89208984375 1.03759765625 -0.30517578125 318719
-1.89208984375 1.03759765625 -0.30517578125 318720
-0.9765625 0.79345703125 -3.0517578125 318782
-0.9765625 0.79345703125 -3.0517578125 318906
0.18310546875 1.46484375 -2.01416015625 318907
0.18310546875 1.46484375 -2.01416015625 318907
0.18310546875 1.46484375 -2.01416015625 318908
0.18310546875 1.46484375 -2.01416015625 318909
0.18310546875 1.46484375 -2.01416015625 319008
-1.8310546875 0.48828125 -1.3427734375 319009
-1.8310546875 0.48828125 -1.3427734375 319010
-1.8310546875 0.48828125 -1.3427734375 319011
-1.8310546875 0.48828125 -1.3427734375 319012
-1.8310546875 0.48828125 -1.3427734375 319123
-1.52587890625 1.89208984375 -1.52587890625 319124
-1.52587890625 1.89208984375 -1.52587890625 319125
-1.52587890625 1.89208984375 -1.52587890625 319126
-1.52587890625 1.89208984375 -1.52587890625 319128
-0.54931640625 1.03759765625 0 319213
-0.54931640625 1.03759765625 0 319316
-1.28173828125 0.1220703125 -3.23486328125 319317
-1.28173828125 0.1220703125 -3.23486328125 319317
-1.28173828125 0.1220703125 -3.23486328125 319320
-1.28173828125 0.1220703125 -3.23486328125 319321
-2.8076171875 1.28173828125 -1.8310546875 319381
-2.8076171875 1.28173828125 -1.8310546875 319493
0.1220703125 0.06103515625 -2.99072265625 319495
0.1220703125 0.06103515625 -2.99072265625 319496
0.1220703125 0.06103515625 -2.99072265625 319497
0.1220703125 0.06103515625 -2.99072265625 319498
0.1220703125 0.06103515625 -2.99072265625 319599
-1.03759765625 1.15966796875 -2.197265625 319600
-1.03759765625 1.15966796875 -2.197265625 319601
-1.03759765625 1.15966796875 -2.197265625 319602
-1.03759765625 1.15966796875 -2.197265625 319604
-1.03759765625 1.15966796875 -2.197265625 319715
-1.15966796875 1.0986328125 -1.03759765625 319717
-1.15966796875 1.0986328125 -1.03759765625 319717
-1.15966796875 1.0986328125 -1.03759765625 319718
-1.15966796875 1.0986328125 -1.03759765625 319719
-1.28173828125 0.732421875 -3.35693359375 319781
-1.28173828125 0.732421875 -3.35693359375 319908
-1.15966796875 1.220703125 -1.0986328125 319910
-1.15966796875 1.220703125 -1.0986328125 319911
-1.15966796875 1.220703125 -1.0986328125 319912
-1.15966796875 1.220703125 -1.0986328125 319914
0.1220703125 0 -2.38037109375 320006
0.1220703125 0 -2.38037109375 320113
1.28173828125 0.18310546875 -2.50244140625 320114
1.28173828125 0.18310546875 -2.50244140625 320115
1.28173828125 0.18310546875 -2.50244140625 320116
1.28173828125 0.18310546875 -2.50244140625 320117
1.28173828125 0.18310546875 -2.50244140625 320215
-1.46484375 0.6103515625 -1.40380859375 320216
-1.46484375 0.6103515625 -1.40380859375 320217
-1.46484375 0.6103515625 -1.40380859375 320218
-1.46484375 0.6103515625 -1.40380859375 320219
-0.79345703125 1.03759765625 -3.11279296875 320282
-0.79345703125 1.03759765625 -3.11279296875 320407
1.0986328125 1.03759765625 -3.41796875 320408
1.0986328125 1.03759765625 -3.41796875 320409
1.0986328125 1.03759765625 -3.41796875 320409
1.0986328125 1.03759765625 -3.41796875 320410
1.0986328125 1.03759765625 -3.41796875 320509
-1.708984375 1.953125 -3.47900390625 320510
-1.708984375 1.953125 -3.47900390625 320511
-1.708984375 1.953125 -3.47900390625 320512
-1.708984375 1.953125 -3.47900390625 320513
-1.708984375 1.953125 -3.47900390625 320614
-0.1220703125 0.8544921875 -1.40380859375 320616
-0.1220703125 0.8544921875 -1.40380859375 320617
-0.1220703125 0.8544921875 -1.40380859375 320618
-0.1220703125 0.8544921875 -1.40380859375 320619
1.708984375 0 0 320714
1.708984375 0 0 320780
-0.91552734375 1.89208984375 -3.72314453125 320782
-0.91552734375 1.89208984375 -3.72314453125 320783
-0.91552734375 1.89208984375 -3.72314453125 320784
-0.91552734375 1.89208984375 -3.72314453125 320785
-0.91552734375 1.89208984375 -3.72314453125 320906
-1.46484375 -0.3662109375 -1.3427734375 320907
-1.46484375 -0.3662109375 -1.3427734375 320908
-1.46484375 -0.3662109375 -1.3427734375 320910
-1.46484375 -0.3662109375 -1.3427734375 320911
-1.46484375 -0.3662109375 -1.3427734375 321006
-3.72314453125 0.06103515625 -1.708984375 321007
-3.72314453125 0.06103515625 -1.708984375 321008
-3.72314453125 0.06103515625 -1.708984375 321009
-3.72314453125 0.06103515625 -1.708984375 321109
0 1.28173828125 -1.89208984375 321110
0 1.28173828125 -1.89208984375 321111
0 1.28173828125 -1.89208984375 321112
0 1.28173828125 -1.89208984375 321113
0 1.28173828125 -1.89208984375 321213
-0.54931640625 0.8544921875 -2.86865234375 321214
-0.54931640625 0.8544921875 -2.86865234375 321215
-0.54931640625 0.8544921875 -2.86865234375 321216
-0.54931640625 0.8544921875 -2.86865234375 321217
-0.54931640625 0.8544921875 -2.86865234375 321317
-0.48828125 1.40380859375 -4.0283203125 321318
-0.48828125 1.40380859375 -4.0283203125 321320
-0.48828125 1.40380859375 -4.0283203125 321321
-0.48828125 1.40380859375 -4.0283203125 321322
-0.732421875 0.48828125 -2.01416015625 321402
-0.732421875 0.48828125 -2.01416015625 321503
1.46484375 0.48828125 -2.38037109375 321504
1.46484375 0.48828125 -2.38037109375 321505
1.46484375 0.48828125 -2.38037109375 321506
1.46484375 0.48828125 -2.38037109375 321507
1.46484375 0.48828125 -2.38037109375 321605
-0.54931640625 0.79345703125 -2.13623046875 321607
-0.54931640625 0.79345703125 -2.13623046875 321608
-0.54931640625 0.79345703125 -2.13623046875 321609
-0.54931640625 0.79345703125 -2.13623046875 321610
-0.54931640625 0.79345703125 -2.13623046875 321707
-1.28173828125 0 -0.54931640625 321708
-1.28173828125 0 -0.54931640625 321709
-1.28173828125 0 -0.54931640625 321710
-1.28173828125 0 -0.54931640625 321711
-1.28173828125 0 -0.54931640625 321813
-3.0517578125 0.91552734375 -2.99072265625 321814
-3.0517578125 0.91552734375 -2.99072265625 321815
-3.0517578125 0.91552734375 -2.99072265625 321817
-3.0517578125 0.91552734375 -2.99072265625 321818
-3.0517578125 0.91552734375 -2.99072265625 321913
-1.220703125 0.67138671875 -2.01416015625 321914
-1.220703125 0.67138671875 -2.01416015625 321915
-1.220703125 0.67138671875 -2.01416015625 321916
-1.220703125 0.67138671875 -2.01416015625 322015
-0.67138671875 0.48828125 -1.28173828125 322016
-0.67138671875 0.48828125 -1.28173828125 322017
-0.67138671875 0.48828125 -1.28173828125 322018
-0.67138671875 0.48828125 -1.28173828125 322019
-1.0986328125 -0.18310546875 -2.5634765625 322082
-1.0986328125 -0.18310546875 -2.5634765625 322210
-2.197265625 0.30517578125 -1.15966796875 322211
-2.197265625 0.30517578125 -1.15966796875 322212
-2.197265625 0.30517578125 -1.15966796875 322213
-2.197265625 0.30517578125 -1.15966796875 322214
-2.197265625 0.30517578125 -1.15966796875 322311
0 0.48828125 -0.732421875 322313
0 0.48828125 -0.732421875 322314
0 0.48828125 -0.732421875 322315
0 0.48828125 -0.732421875 322315
0 0.48828125 -0.732421875 322413
-0.54931640625 0.3662109375 -1.8310546875 322414
-0.54931640625 0.3662109375 -1.8310546875 322414
-0.54931640625 0.3662109375 -1.8310546875 322415
-0.54931640625 0.3662109375 -1.8310546875 322416
-0.3662109375 0 -1.40380859375 322504
-0.3662109375 0 -1.40380859375 322581
-1.708984375 -0.91552734375 -1.5869140625 322582
-1.708984375 -0.91552734375 -1.5869140625 322583
-1.708984375 -0.91552734375 -1.5869140625 322585
-1.708984375 -0.91552734375 -1.5869140625 322586
-1.708984375 -0.91552734375 -1.5869140625 322695
-2.3193359375 1.03759765625 -1.3427734375 322696
-2.3193359375 1.03759765625 -1.3427734375 322698
-2.3193359375 1.03759765625 -1.3427734375 322699
-2.3193359375 1.03759765625 -1.3427734375 322700
-2.3193359375 1.03759765625 -1.3427734375 322813
-1.64794921875 1.8310546875 -2.44140625 322814
-1.64794921875 1.8310546875 -2.44140625 322815
-1.64794921875 1.8310546875 -2.44140625 322816
-1.64794921875 1.8310546875 -2.44140625 322817
-1.64794921875 1.8310546875 -2.44140625 322916
-1.953125 0.48828125 -2.74658203125 322917
-1.953125 0.48828125 -2.74658203125 322919
-1.953125 0.48828125 -2.74658203125 322920
-1.953125 0.48828125 -2.74658203125 322922
-1.953125 0.48828125 -2.74658203125 323016
-0.244140625 0 -2.9296875 323017
-0.42724609375 -0.30517578125 -1.220703125 323082
-0.42724609375 -0.30517578125 -1.220703125 323083
-0.42724609375 -0.30517578125 -1.220703125 323084
-0.42724609375 -0.30517578125 -1.220703125 323085
-0.42724609375 -0.30517578125 -1.220703125 323208
-1.5869140625 0.8544921875 -2.62451171875 323209
-1.5869140625 0.8544921875 -2.62451171875 323210
-1.5869140625 0.8544921875 -2.62451171875 323211
-1.5869140625 0.8544921875 -2.62451171875 323212
-1.5869140625 0.8544921875 -2.62451171875 323308
-2.197265625 1.03759765625 -2.197265625 323309
-2.197265625 1.03759765625 -2.197265625 323310
-2.197265625 1.03759765625 -2.197265625 323413
-2.0751953125 -0.30517578125 -2.685546875 323414
-2.0751953125 -0.30517578125 -2.685546875 323415
-2.0751953125 -0.30517578125 -2.685546875 323416
-2.0751953125 -0.30517578125 -2.685546875 323418
-2.0751953125 -0.30517578125 -2.685546875 323516
-2.13623046875 0.1220703125 -2.9296875 323518
-2.13623046875 0.1220703125 -2.9296875 323519
-2.13623046875 0.1220703125 -2.9296875 323520
-2.13623046875 0.1220703125 -2.9296875 323521
-3.72314453125 1.64794921875 -3.41796875 323580
-3.72314453125 1.64794921875 -3.41796875 323703
-4.0283203125 2.44140625 -3.5400390625 323705
-4.0283203125 2.44140625 -3.5400390625 323706
-4.0283203125 2.44140625 -3.5400390625 323706
-4.0283203125 2.44140625 -3.5400390625 323707
-4.0283203125 2.44140625 -3.5400390625 323808
-5.55419921875 0.3662109375 -2.25830078125 323810
-5.55419921875 0.3662109375 -2.25830078125 323811
-5.55419921875 0.3662109375 -2.25830078125 323812
-5.55419921875 0.3662109375 -2.25830078125 323813
-7.50732421875 0.79345703125 -4.5166015625 323910
-7.50732421875 0.79345703125 -4.5166015625 323912
-7.50732421875 0.79345703125 -4.5166015625 323913
-7.50732421875 0.79345703125 -4.5166015625 323914
-7.50732421875 0.79345703125 -4.5166015625 324014
-4.69970703125 0.48828125 -6.40869140625 324015
-4.69970703125 0.48828125 -6.40869140625 324016
-4.69970703125 0.48828125 -6.40869140625 324017
-4.69970703125 0.48828125 -6.40869140625 324018
-1.5869140625 1.708984375 -8.11767578125 324083
-1.5869140625 1.708984375 -8.11767578125 324207
-3.7841796875 2.01416015625 -8.4228515625 324209
-3.7841796875 2.01416015625 -8.4228515625 324210
-3.7841796875 2.01416015625 -8.4228515625 324211
-3.7841796875 2.01416015625 -8.4228515625 324212
-1.03759765625 -0.9765625 -14.22119140625 324310
-1.03759765625 -0.9765625 -14.22119140625 324311
-1.03759765625 -0.9765625 -14.22119140625 324312
-1.03759765625 -0.9765625 -14.22119140625 324313
-1.03759765625 -0.9765625 -14.22119140625 324410
0.6103515625 0.8544921875 -18.06640625 324411
0.6103515625 0.8544921875 -18.06640625 324412
0.6103515625 0.8544921875 -18.06640625 324413
0.6103515625 0.8544921875 -18.06640625 324415
0.6103515625 0.8544921875 -18.06640625 324514
-3.0517578125 -3.662109375 -12.39013671875 324515
-3.0517578125 -3.662109375 -12.39013671875 324516
-3.0517578125 -3.662109375 -12.39013671875 324518
-3.0517578125 -3.662109375 -12.39013671875 324519
4.94384765625 -4.45556640625 -13.18359375 324601
4.94384765625 -4.45556640625 -13.18359375 324702
6.65283203125 -2.0751953125 -16.7236328125 324703
6.65283203125 -2.0751953125 -16.7236328125 324704
6.65283203125 -2.0751953125 -16.7236328125 324705
6.65283203125 -2.0751953125 -16.7236328125 324706
6.65283203125 -2.0751953125 -16.7236328125 324806
20.99609375 12.26806640625 -22.76611328125 324808
20.99609375 12.26806640625 -22.76611328125 324808
20.99609375 12.26806640625 -22.76611328125 324809
20.99609375 12.26806640625 -22.76611328125 324810
20.99609375 12.26806640625 -22.76611328125 324908
41.80908203125 22.8271484375 -18.5546875 324909
41.80908203125 22.8271484375 -18.5546875 324910
41.80908203125 22.8271484375 -18.5546875 324911
41.80908203125 22.8271484375 -18.5546875 324912
41.80908203125 22.8271484375 -18.5546875 325010
51.26953125 27.40478515625 -21.54541015625 325011
51.26953125 27.40478515625 -21.54541015625 325012
51.26953125 27.40478515625 -21.54541015625 325013
51.26953125 27.40478515625 -21.54541015625 325014
51.26953125 27.40478515625 -21.54541015625 325116
34.0576171875 30.029296875 -20.32470703125 325117
34.0576171875 30.029296875 -20.32470703125 325119
34.0576171875 30.029296875 -20.32470703125 325120
34.0576171875 30.029296875 -20.32470703125 325121
23.3154296875 31.43310546875 -12.0849609375 325179
23.3154296875 31.43310546875 -12.0849609375 325303
43.15185546875 41.748046875 -20.08056640625 325304
43.15185546875 41.748046875 -20.08056640625 325306
43.15185546875 41.748046875 -20.08056640625 325307
43.15185546875 41.748046875 -20.08056640625 325308
43.15185546875 41.748046875 -20.08056640625 325405
25.634765625 38.9404296875 -22.4609375 325406
25.634765625 38.9404296875 -22.4609375 325407
25.634765625 38.9404296875 -22.4609375 325408
25.634765625 38.9404296875 -22.4609375 325409
25.634765625 38.9404296875 -22.4609375 325507
33.14208984375 46.56982421875 -18.12744140625 325509
33.14208984375 46.56982421875 -18.12744140625 325510
33.14208984375 46.56982421875 -18.12744140625 325511
33.14208984375 46.56982421875 -18.12744140625 325512
33.14208984375 46.56982421875 -18.12744140625 325612
26.30615234375 42.90771484375 -4.33349609375 325614
26.30615234375 42.90771484375 -4.33349609375 325615
26.30615234375 42.90771484375 -4.33349609375 325616
26.30615234375 42.90771484375 -4.33349609375 325617
26.30615234375 42.90771484375 -4.33349609375 325715
30.70068359375 34.423828125 -15.56396484375 325716
30.70068359375 34.423828125 -15.56396484375 325717
30.70068359375 34.423828125 -15.56396484375 325718
30.70068359375 34.423828125 -15.56396484375 325719
32.958984375 34.5458984375 -19.287109375 325779
32.958984375 34.5458984375 -19.287109375 325899
37.29248046875 35.7666015625 -15.19775390625 325901
37.29248046875 35.7666015625 -15.19775390625 325902
37.29248046875 35.7666015625 -15.19775390625 325904
37.29248046875 35.7666015625 -15.19775390625 325905
37.29248046875 35.7666015625 -15.19775390625 326009
4.33349609375 26.4892578125 -3.2958984375 326011
4.33349609375 26.4892578125 -3.2958984375 326013
4.33349609375 26.4892578125 -3.2958984375 326015
4.33349609375 26.4892578125 -3.2958984375 326016
4.33349609375 26.4892578125 -3.2958984375 326132
6.4697265625 7.568359375 2.3193359375 326133
6.4697265625 7.568359375 2.3193359375 326135
6.4697265625 7.568359375 2.3193359375 326136
6.4697265625 7.568359375 2.3193359375 326137
-29.96826171875 -35.64453125 7.9345703125 326214
-29.96826171875 -35.64453125 7.9345703125 326280
-62.43896484375 -57.7392578125 10.07080078125 326281
-62.43896484375 -57.7392578125 10.07080078125 326282
-62.43896484375 -57.7392578125 10.07080078125 326283
-62.43896484375 -57.7392578125 10.07080078125 326284
-62.43896484375 -57.7392578125 10.07080078125 326404
-86.36474609375 -85.51025390625 19.8974609375 326406
-86.36474609375 -85.51025390625 19.8974609375 326407
-86.36474609375 -85.51025390625 19.8974609375 326408
-86.36474609375 -85.51025390625 19.8974609375 326409
-86.36474609375 -85.51025390625 19.8974609375 326508
-68.05419921875 -60.05859375 14.58740234375 326510
-68.05419921875 -60.05859375 14.58740234375 326512
-68.05419921875 -60.05859375 14.58740234375 326513
-68.05419921875 -60.05859375 14.58740234375 326514
-68.05419921875 -60.05859375 14.58740234375 326610
-58.2275390625 -39.6728515625 22.88818359375 326611
-58.2275390625 -39.6728515625 22.88818359375 326612
-58.2275390625 -39.6728515625 22.88818359375 326613
-58.2275390625 -39.6728515625 22.88818359375 326614
-58.2275390625 -39.6728515625 22.88818359375 326713
-22.15576171875 -15.19775390625 9.8876953125 326715
-22.15576171875 -15.19775390625 9.8876953125 326716
-22.15576171875 -15.19775390625 9.8876953125 326717
-22.15576171875 -15.19775390625 9.8876953125 326718
-15.9912109375 -13.427734375 9.521484375 326804
-15.9912109375 -13.427734375 9.521484375 326888
23.4375 -1.220703125 4.69970703125 326890
23.4375 -1.220703125 4.69970703125 326891
23.4375 -1.220703125 4.69970703125 326892
23.4375 -1.220703125 4.69970703125 326893
23.4375 -1.220703125 4.69970703125 327003
7.6904296875 -6.7138671875 20.263671875 327004
7.6904296875 -6.7138671875 20.263671875 327005
7.6904296875 -6.7138671875 20.263671875 327006
7.6904296875 -6.7138671875 20.263671875 327006
7.6904296875 -6.7138671875 20.263671875 327104
10.498046875 -2.44140625 15.44189453125 327106
10.498046875 -2.44140625 15.44189453125 327107
10.498046875 -2.44140625 15.44189453125 327108
10.498046875 -2.44140625 15.44189453125 327109
10.498046875 -2.44140625 15.44189453125 327206
9.1552734375 -4.2724609375 18.9208984375 327207
9.1552734375 -4.2724609375 18.9208984375 327208
9.1552734375 -4.2724609375 18.9208984375 327209
9.1552734375 -4.2724609375 18.9208984375 327209
9.1552734375 -4.2724609375 18.9208984375 327312
11.5966796875 -1.28173828125 7.9345703125 327336
11.5966796875 -1.28173828125 7.9345703125 327337
11.5966796875 -1.28173828125 7.9345703125 327338
11.5966796875 -1.28173828125 7.9345703125 327339
11.5966796875 -1.28173828125 7.9345703125 327414
1.5869140625 -5.06591796875 9.521484375 327416
-1.46484375 -6.4697265625 5.06591796875 327481
-1.46484375 -6.4697265625 5.06591796875 327482
-1.46484375 -6.4697265625 5.06591796875 327483
-1.46484375 -6.4697265625 5.06591796875 327485
-1.46484375 -6.4697265625 5.06591796875 327605
-7.9345703125 -10.498046875 11.16943359375 327606
-7.9345703125 -10.498046875 11.16943359375 327606
-7.9345703125 -10.498046875 11.16943359375 327607
-7.9345703125 -10.498046875 11.16943359375 327608
-7.9345703125 -10.498046875 11.16943359375 327706
-2.0751953125 -1.89208984375 -1.15966796875 327708
-2.0751953125 -1.89208984375 -1.15966796875 327708
-2.0751953125 -1.89208984375 -1.15966796875 327709
-2.0751953125 -1.89208984375 -1.15966796875 327710
-1.46484375 -0.732421875 3.72314453125 327806
-1.46484375 -0.732421875 3.72314453125 327904
-0.67138671875 -0.732421875 -2.99072265625 327905
-0.67138671875 -0.732421875 -2.99072265625 327906
-0.67138671875 -0.732421875 -2.99072265625 327907
-0.67138671875 -0.732421875 -2.99072265625 327908
-0.67138671875 -0.732421875 -2.99072265625 328006
-2.74658203125 -5.7373046875 -0.42724609375 328007
-2.74658203125 -5.7373046875 -0.42724609375 328008
-2.74658203125 -5.7373046875 -0.42724609375 328009
-2.74658203125 -5.7373046875 -0.42724609375 328010
-2.74658203125 -5.7373046875 -0.42724609375 328109
3.662109375 2.0751953125 -0.67138671875 328110
3.662109375 2.0751953125 -0.67138671875 328111
3.662109375 2.0751953125 -0.67138671875 328112
3.662109375 2.0751953125 -0.67138671875 328113
3.662109375 2.0751953125 -0.67138671875 328211
2.01416015625 -2.62451171875 0.6103515625 328212
2.01416015625 -2.62451171875 0.6103515625 328213
2.01416015625 -2.62451171875 0.6103515625 328214
2.01416015625 -2.62451171875 0.6103515625 328216
0 -1.40380859375 1.708984375 328282
0 -1.40380859375 1.708984375 328406
-22.5830078125 -9.1552734375 11.3525390625 328407
-22.5830078125 -9.1552734375 11.3525390625 328408
-22.5830078125 -9.1552734375 11.3525390625 328409
-22.5830078125 -9.1552734375 11.3525390625 328411
-24.4140625 -11.3525390625 6.591796875 328509
-24.4140625 -11.3525390625 6.591796875 328510
-24.4140625 -11.3525390625 6.591796875 328511
-24.4140625 -11.3525390625 6.591796875 328512
-24.4140625 -11.3525390625 6.591796875 328612
-30.2734375 -8.60595703125 7.32421875 328614
-30.2734375 -8.60595703125 7.32421875 328615
-30.2734375 -8.60595703125 7.32421875 328616
-30.2734375 -8.60595703125 7.32421875 328617
-25.20751953125 -2.197265625 1.89208984375 328680
-25.20751953125 -2.197265625 1.89208984375 328805
-25.2685546875 5.18798828125 -4.2724609375 328806
-25.2685546875 5.18798828125 -4.2724609375 328807
-25.2685546875 5.18798828125 -4.2724609375 328808
-25.2685546875 5.18798828125 -4.2724609375 328809
-25.2685546875 5.18798828125 -4.2724609375 328907
-10.31494140625 5.126953125 -5.37109375 328909
-10.31494140625 5.126953125 -5.37109375 328910
-10.31494140625 5.126953125 -5.37109375 328911
-10.31494140625 5.126953125 -5.37109375 328912
-7.2021484375 6.89697265625 -9.82666015625 328997
-7.2021484375 6.89697265625 -9.82666015625 329086
-9.6435546875 4.39453125 -4.08935546875 329087
-9.6435546875 4.39453125 -4.08935546875 329088
-9.6435546875 4.39453125 -4.08935546875 329089
-9.6435546875 4.39453125 -4.08935546875 329089
-9.6435546875 4.39453125 -4.08935546875 329210
-5.06591796875 2.01416015625 -0.6103515625 329210
-5.06591796875 2.01416015625 -0.6103515625 329211
-5.06591796875 2.01416015625 -0.6103515625 329212
-5.06591796875 2.01416015625 -0.6103515625 329213
-5.06591796875 2.01416015625 -0.6103515625 329312
-6.103515625 1.46484375 -2.86865234375 329313
-6.103515625 1.46484375 -2.86865234375 329314
-6.103515625 1.46484375 -2.86865234375 329315
-6.103515625 1.46484375 -2.86865234375 329315
-4.82177734375 0.9765625 -5.92041015625 329378
-4.82177734375 0.9765625 -5.92041015625 329503
-1.89208984375 -2.13623046875 -4.33349609375 329504
-1.89208984375 -2.13623046875 -4.33349609375 329505
-1.89208984375 -2.13623046875 -4.33349609375 329506
-1.89208984375 -2.13623046875 -4.33349609375 329507
-1.89208984375 -2.13623046875 -4.33349609375 329605
1.52587890625 -1.953125 -0.9765625 329606
1.52587890625 -1.953125 -0.9765625 329607
1.52587890625 -1.953125 -0.9765625 329608
1.52587890625 -1.953125 -0.9765625 329608
1.52587890625 -1.953125 -0.9765625 329710
-0.1220703125 0.244140625 -0.06103515625 329712
-0.1220703125 0.244140625 -0.06103515625 329714
-0.1220703125 0.244140625 -0.06103515625 329715
-0.1220703125 0.244140625 -0.06103515625 329716
-0.1220703125 0.244140625 -0.06103515625 329811
-2.0751953125 1.77001953125 -4.0283203125 329812
-2.0751953125 1.77001953125 -4.0283203125 329913
-1.5869140625 0.06103515625 -1.8310546875 329916
-1.5869140625 0.06103515625 -1.8310546875 329917
-1.5869140625 0.06103515625 -1.8310546875 329918
-1.5869140625 0.06103515625 -1.8310546875 329919
-3.96728515625 1.40380859375 -1.0986328125 329978
-3.96728515625 1.40380859375 -1.0986328125 330103
-0.67138671875 0.9765625 -2.01416015625 330104
-0.67138671875 0.9765625 -2.01416015625 330105
-0.67138671875 0.9765625 -2.01416015625 330105
-0.67138671875 0.9765625 -2.01416015625 330106
-0.67138671875 0.9765625 -2.01416015625 330205
0.30517578125 0.79345703125 -1.708984375 330206
0.30517578125 0.79345703125 -1.708984375 330207
0.30517578125 0.79345703125 -1.708984375 330208
0.30517578125 0.79345703125 -1.708984375 330209
0.30517578125 0.79345703125 -1.708984375 330306
-1.953125 0.91552734375 -3.60107421875 330307
-1.953125 0.91552734375 -3.60107421875 330308
-1.953125 0.91552734375 -3.60107421875 330309
-1.953125 0.91552734375 -3.60107421875 330310
-1.953125 0.91552734375 -3.60107421875 330409
-0.8544921875 1.64794921875 -1.40380859375 330410
-0.8544921875 1.64794921875 -1.40380859375 330411
-0.8544921875 1.64794921875 -1.40380859375 330412
-0.8544921875 1.64794921875 -1.40380859375 330413
-0.8544921875 1.64794921875 -1.40380859375 330511
-0.3662109375 0.9765625 -1.28173828125 330512
-0.3662109375 0.9765625 -1.28173828125 330513
-0.3662109375 0.9765625 -1.28173828125 330514
-0.3662109375 0.9765625 -1.28173828125 330515
-0.732421875 2.13623046875 -3.173828125 330578
-0.732421875 2.13623046875 -3.173828125 330702
-1.28173828125 0.67138671875 -1.0986328125 330703
-1.28173828125 0.67138671875 -1.0986328125 330704
-1.28173828125 0.67138671875 -1.0986328125 330705
-1.28173828125 0.67138671875 -1.0986328125 330707
-1.28173828125 0.67138671875 -1.0986328125 330804
1.3427734375 0.3662109375 -1.708984375 330806
1.3427734375 0.3662109375 -1.708984375 330806
1.3427734375 0.3662109375 -1.708984375 330808
1.3427734375 0.3662109375 -1.708984375 330809
1.3427734375 0.3662109375 -1.708984375 330906
-0.18310546875 1.64794921875 -2.197265625 330908
-0.18310546875 1.64794921875 -2.197265625 330908
-0.18310546875 1.64794921875 -2.197265625 330909
-0.18310546875 1.64794921875 -2.197265625 330910
0.67138671875 0.9765625 -2.197265625 331005
0.67138671875 0.9765625 -2.197265625 331104
-1.15966796875 1.03759765625 -1.40380859375 331105
-1.15966796875 1.03759765625 -1.40380859375 331106
-1.15966796875 1.03759765625 -1.40380859375 331107
-1.15966796875 1.03759765625 -1.40380859375 331108
-1.15966796875 1.03759765625 -1.40380859375 331208
-2.99072265625 0.9765625 -2.5634765625 331209
-2.99072265625 0.9765625 -2.5634765625 331210
-2.99072265625 0.9765625 -2.5634765625 331212
-2.99072265625 0.9765625 -2.5634765625 331213
-2.99072265625 0.9765625 -2.5634765625 331309
-0.244140625 0.67138671875 -2.38037109375 331310
-0.244140625 0.67138671875 -2.38037109375 331311
-0.244140625 0.67138671875 -2.38037109375 331311
-0.244140625 0.67138671875 -2.38037109375 331419
-1.5869140625 0.8544921875 -1.46484375 331421
-1.5869140625 0.8544921875 -1.46484375 331422
-1.5869140625 0.8544921875 -1.46484375 331423
-1.5869140625 0.8544921875 -1.46484375 331424
-1.28173828125 1.708984375 -1.40380859375 331482
-1.28173828125 1.708984375 -1.40380859375 331605
-1.708984375 1.953125 -4.638671875 331606
-1.708984375 1.953125 -4.638671875 331607
-1.708984375 1.953125 -4.638671875 331608
-1.708984375 1.953125 -4.638671875 331609
-1.708984375 1.953125 -4.638671875 331709
-0.244140625 1.220703125 -3.2958984375 331710
-0.244140625 1.220703125 -3.2958984375 331711
-0.244140625 1.220703125 -3.2958984375 331712
-0.244140625 1.220703125 -3.2958984375 331713
-0.244140625 1.220703125 -3.2958984375 331810
0.8544921875 1.5869140625 -3.2958984375 331811
0.8544921875 1.5869140625 -3.2958984375 331812
0.8544921875 1.5869140625 -3.2958984375 331813
0.8544921875 1.5869140625 -3.2958984375 331814
0.8544921875 1.5869140625 -3.2958984375 331911
-2.9296875 1.220703125 -2.5634765625 331912
-2.9296875 1.220703125 -2.5634765625 331913
-2.9296875 1.220703125 -2.5634765625 331914
-2.9296875 1.220703125 -2.5634765625 331915
-2.3193359375 0.3662109375 -0.30517578125 331978
-2.3193359375 0.3662109375 -0.30517578125 332090
-1.52587890625 0.42724609375 0.48828125 332091
-1.52587890625 0.42724609375 0.48828125 332092
-1.52587890625 0.42724609375 0.48828125 332093
-1.52587890625 0.42724609375 0.48828125 332095
-1.52587890625 0.42724609375 0.48828125 332205
-2.13623046875 0.8544921875 -3.47900390625 332206
-2.13623046875 0.8544921875 -3.47900390625 332207
-2.13623046875 0.8544921875 -3.47900390625 332208
-2.13623046875 0.8544921875 -3.47900390625 332209
-2.197265625 1.52587890625 -2.685546875 332292
-2.197265625 1.52587890625 -2.685546875 332409
-1.5869140625 0.1220703125 -0.06103515625 332411
-1.5869140625 0.1220703125 -0.06103515625 332411
-1.5869140625 0.1220703125 -0.06103515625 332412
-1.5869140625 0.1220703125 -0.06103515625 332413
-1.5869140625 0.1220703125 -0.06103515625 332512
-1.52587890625 0 -0.79345703125 332513
-1.52587890625 0 -0.79345703125 332514
-1.52587890625 0 -0.79345703125 332515
-1.52587890625 0 -0.79345703125 332516
-1.15966796875 0.54931640625 -2.25830078125 332577
-1.15966796875 0.54931640625 -2.25830078125 332701
-2.13623046875 1.0986328125 -2.50244140625 332703
-2.13623046875 1.0986328125 -2.50244140625 332704
-2.13623046875 1.0986328125 -2.50244140625 332705
-2.13623046875 1.0986328125 -2.50244140625 332705
-2.13623046875 1.0986328125 -2.50244140625 332805
-1.77001953125 1.220703125 -0.8544921875 332807
-1.77001953125 1.220703125 -0.8544921875 332808
-1.77001953125 1.220703125 -0.8544921875 332810
-1.77001953125 1.220703125 -0.8544921875 332811
-1.77001953125 1.220703125 -0.8544921875 332910
-2.9296875 0.42724609375 -2.01416015625 332912
-2.9296875 0.42724609375 -2.01416015625 332913
-2.9296875 0.42724609375 -2.01416015625 332914
-2.9296875 0.42724609375 -2.01416015625 332915
-2.9296875 0.42724609375 -2.01416015625 333011
-1.8310546875 0.79345703125 -1.52587890625 333012
-1.46484375 0.30517578125 -0.67138671875 333079
-1.46484375 0.30517578125 -0.67138671875 333080
-1.46484375 0.30517578125 -0.67138671875 333081
-1.46484375 0.30517578125 -0.67138671875 333082
-1.46484375 0.30517578125 -0.67138671875 333203
-1.46484375 0.79345703125 -2.3193359375 333204
-1.46484375 0.79345703125 -2.3193359375 333205
-1.46484375 0.79345703125 -2.3193359375 333205
-1.46484375 0.79345703125 -2.3193359375 333206
-1.46484375 0.79345703125 -2.3193359375 333305
0.42724609375 0 -0.79345703125 333306
0.42724609375 0 -0.79345703125 333307
0.42724609375 0 -0.79345703125 333308
0.42724609375 0 -0.79345703125 333308
0.42724609375 0 -0.79345703125 333408
-2.3193359375 0.6103515625 -1.64794921875 333409
-2.3193359375 0.6103515625 -1.64794921875 333410
-2.3193359375 0.6103515625 -1.64794921875 333410
-2.3193359375 0.6103515625 -1.64794921875 333411
-2.3193359375 0.6103515625 -1.64794921875 333511
-1.15966796875 1.220703125 -2.5634765625 333512
-1.15966796875 1.220703125 -2.5634765625 333515
-1.15966796875 1.220703125 -2.5634765625 333515
-1.15966796875 1.220703125 -2.5634765625 333516
-0.48828125 1.89208984375 -1.52587890625 333577
-0.48828125 1.89208984375 -1.52587890625 333700
-3.23486328125 0.06103515625 -1.28173828125 333701
-3.23486328125 0.06103515625 -1.28173828125 333702
-3.23486328125 0.06103515625 -1.28173828125 333703
-3.23486328125 0.06103515625 -1.28173828125 333704
-3.23486328125 0.06103515625 -1.28173828125 333802
-1.5869140625 0.6103515625 -2.5634765625 333804
-1.5869140625 0.6103515625 -2.5634765625 333805
-1.5869140625 0.6103515625 -2.5634765625 333806
-1.5869140625 0.6103515625 -2.5634765625 333807
-1.5869140625 0.6103515625 -2.5634765625 333906
-0.48828125 1.28173828125 -2.44140625 333907
-0.48828125 1.28173828125 -2.44140625 333907
-0.48828125 1.28173828125 -2.44140625 333908
-0.48828125 1.28173828125 -2.44140625 333909
-0.48828125 1.28173828125 -2.44140625 334007
0 0.79345703125 -2.44140625 334008
0 0.79345703125 -2.44140625 334009
0 0.79345703125 -2.44140625 334010
0 0.79345703125 -2.44140625 334011
0 0.79345703125 -2.44140625 334110
-1.953125 0.9765625 -3.662109375 334111
-1.953125 0.9765625 -3.662109375 334113
-1.953125 0.9765625 -3.662109375 334114
-1.953125 0.9765625 -3.662109375 334115
-1.64794921875 0.8544921875 -3.41796875 334202
-1.64794921875 0.8544921875 -3.41796875 334292
-1.52587890625 0.06103515625 -1.15966796875 334293
-1.52587890625 0.06103515625 -1.15966796875 334294
-1.52587890625 0.06103515625 -1.15966796875 334297
-1.52587890625 0.06103515625 -1.15966796875 334298
-1.52587890625 0.06103515625 -1.15966796875 334409
-0.91552734375 2.38037109375 -2.50244140625 334410
-0.91552734375 2.38037109375 -2.50244140625 334411
-0.91552734375 2.38037109375 -2.50244140625 334412
-0.91552734375 2.38037109375 -2.50244140625 334413
-0.91552734375 2.38037109375 -2.50244140625 334511
-1.0986328125 1.220703125 -3.2958984375 334512
-1.0986328125 1.220703125 -3.2958984375 334513
-1.0986328125 1.220703125 -3.2958984375 334514
-1.0986328125 1.220703125 -3.2958984375 334515
-1.220703125 0.9765625 -2.50244140625 334579
-1.220703125 0.9765625 -2.50244140625 334703
-0.732421875 2.0751953125 -1.77001953125 334705
-0.732421875 2.0751953125 -1.77001953125 334706
-0.732421875 2.0751953125 -1.77001953125 334707
-0.732421875 2.0751953125 -1.77001953125 334708
-1.5869140625 1.77001953125 -3.23486328125 334802
-1.5869140625 1.77001953125 -3.23486328125 334906
-1.953125 1.28173828125 -3.173828125 334907
-1.953125 1.28173828125 -3.173828125 334909
-1.953125 1.28173828125 -3.173828125 334910
-1.953125 1.28173828125 -3.173828125 334911
-1.953125 1.28173828125 -3.173828125 335009
-1.0986328125 0.48828125 -1.28173828125 335010
-1.0986328125 0.48828125 -1.28173828125 335011
-1.0986328125 0.48828125 -1.28173828125 335012
-1.0986328125 0.48828125 -1.28173828125 335013
-3.7841796875 0.6103515625 -0.30517578125 335100
-3.7841796875 0.6103515625 -0.30517578125 335180
-2.685546875 1.3427734375 -3.41796875 335181
-2.685546875 1.3427734375 -3.41796875 335182
-2.685546875 1.3427734375 -3.41796875 335183
-2.685546875 1.3427734375 -3.41796875 335184
-2.685546875 1.3427734375 -3.41796875 335301
0 0.3662109375 -2.0751953125 335303
0 0.3662109375 -2.0751953125 335304
0 0.3662109375 -2.0751953125 335305
0 0.3662109375 -2.0751953125 335306
0 0.3662109375 -2.0751953125 335402
-2.685546875 0.8544921875 -1.3427734375 335403
-2.685546875 0.8544921875 -1.3427734375 335404
-2.685546875 0.8544921875 -1.3427734375 335405
-2.685546875 0.8544921875 -1.3427734375 335406
-2.685546875 0.8544921875 -1.3427734375 335506
-1.953125 0.6103515625 -1.03759765625 335507
-1.953125 0.6103515625 -1.03759765625 335508
-1.953125 0.6103515625 -1.03759765625 335509
-1.953125 0.6103515625 -1.03759765625 335510
-1.953125 0.6103515625 -1.03759765625 335611
-1.953125 0.8544921875 -1.40380859375 335612
-1.953125 0.8544921875 -1.40380859375 335613
-1.953125 0.8544921875 -1.40380859375 335614
-1.953125 0.8544921875 -1.40380859375 335614
-1.953125 0.8544921875 -1.40380859375 335713
1.03759765625 0.54931640625 -3.5400390625 335714
1.03759765625 0.54931640625 -3.5400390625 335714
1.03759765625 0.54931640625 -3.5400390625 335715
1.03759765625 0.54931640625 -3.5400390625 335716
-0.67138671875 0.79345703125 -3.11279296875 335779
-0.67138671875 0.79345703125 -3.11279296875 335900
0.06103515625 0.67138671875 0 335901
0.06103515625 0.67138671875 0 335902
0.06103515625 0.67138671875 0 335903
0.06103515625 0.67138671875 0 335904
0.06103515625 0.67138671875 0 336003
-2.74658203125 1.3427734375 -3.60107421875 336005
-2.74658203125 1.3427734375 -3.60107421875 336006
-2.74658203125 1.3427734375 -3.60107421875 336007
-2.74658203125 1.3427734375 -3.60107421875 336008
-2.74658203125 1.3427734375 -3.60107421875 336104
-1.46484375 1.220703125 -0.79345703125 336106
-1.46484375 1.220703125 -0.79345703125 336106
-1.46484375 1.220703125 -0.79345703125 336107
-1.46484375 1.220703125 -0.79345703125 336109
-1.46484375 1.220703125 -0.79345703125 336210
0 0.732421875 -1.89208984375 336210
0 0.732421875 -1.89208984375 336212
0 0.732421875 -1.89208984375 336213
0 0.732421875 -1.89208984375 336214
-0.18310546875 -0.67138671875 -1.15966796875 336280
-0.18310546875 -0.67138671875 -1.15966796875 336404
-2.62451171875 0.79345703125 -2.9296875 336406
-2.62451171875 0.79345703125 -2.9296875 336408
-2.62451171875 0.79345703125 -2.9296875 336409
-2.62451171875 0.79345703125 -2.9296875 336410
-2.62451171875 0.79345703125 -2.9296875 336507
-3.90625 1.64794921875 -3.47900390625 336509
-3.90625 1.64794921875 -3.47900390625 336510
-3.90625 1.64794921875 -3.47900390625 336510
-3.90625 1.64794921875 -3.47900390625 336511
-3.90625 1.64794921875 -3.47900390625 336609
-3.72314453125 0.42724609375 -2.74658203125 336610
-3.72314453125 0.42724609375 -2.74658203125 336611
-3.72314453125 0.42724609375 -2.74658203125 336613
-3.72314453125 0.42724609375 -2.74658203125 336614
-3.72314453125 0.42724609375 -2.74658203125 336712
-6.7138671875 2.8076171875 -5.0048828125 336713
-6.7138671875 2.8076171875 -5.0048828125 336714
-6.7138671875 2.8076171875 -5.0048828125 336715
-6.7138671875 2.8076171875 -5.0048828125 336717
-6.53076171875 2.13623046875 -7.14111328125 336776
-6.53076171875 2.13623046875 -7.14111328125 336900
-3.60107421875 0.18310546875 -7.8125 336901
-3.60107421875 0.18310546875 -7.8125 336902
-3.60107421875 0.18310546875 -7.8125 336903
-3.60107421875 0.18310546875 -7.8125 336904
-3.60107421875 0.18310546875 -7.8125 337003
-3.23486328125 0.48828125 -4.57763671875 337004
-3.23486328125 0.48828125 -4.57763671875 337005
-3.23486328125 0.48828125 -4.57763671875 337006
-3.23486328125 0.48828125 -4.57763671875 337007
-3.23486328125 0.48828125 -4.57763671875 337131
-1.15966796875 -0.91552734375 -6.89697265625 337132
-1.15966796875 -0.91552734375 -6.89697265625 337133
-1.15966796875 -0.91552734375 -6.89697265625 337134
-1.15966796875 -0.91552734375 -6.89697265625 337135
-2.01416015625 0.06103515625 -13.00048828125 337209
-2.01416015625 0.06103515625 -13.00048828125 337299
-1.28173828125 1.0986328125 -13.73291015625 337300
-1.28173828125 1.0986328125 -13.73291015625 337302
-1.28173828125 1.0986328125 -13.73291015625 337303
-1.28173828125 1.0986328125 -13.73291015625 337304
-1.28173828125 1.0986328125 -13.73291015625 337401
2.74658203125 1.77001953125 -20.08056640625 337403
2.74658203125 1.77001953125 -20.08056640625 337404
2.74658203125 1.77001953125 -20.08056640625 337405
2.74658203125 1.77001953125 -20.08056640625 337406
2.74658203125 1.77001953125 -20.08056640625 337503
2.25830078125 -2.01416015625 -16.54052734375 337504
2.25830078125 -2.01416015625 -16.54052734375 337506
2.25830078125 -2.01416015625 -16.54052734375 337507
2.25830078125 -2.01416015625 -16.54052734375 337508
2.25830078125 -2.01416015625 -16.54052734375 337605
9.033203125 -2.0751953125 -16.54052734375 337606
9.033203125 -2.0751953125 -16.54052734375 337607
9.033203125 -2.0751953125 -16.54052734375 337608
9.033203125 -2.0751953125 -16.54052734375 337609
9.033203125 -2.0751953125 -16.54052734375 337708
21.17919921875 15.56396484375 -23.4375 337709
21.17919921875 15.56396484375 -23.4375 337710
21.17919921875 15.56396484375 -23.4375 337711
21.17919921875 15.56396484375 -23.4375 337712
21.17919921875 15.56396484375 -23.4375 337812
41.9921875 24.35302734375 -16.41845703125 337814
41.9921875 24.35302734375 -16.41845703125 337815
41.9921875 24.35302734375 -16.41845703125 337815
41.9921875 24.35302734375 -16.41845703125 337816
55.419921875 32.16552734375 -12.20703125 337880
55.419921875 32.16552734375 -12.20703125 338005
57.0068359375 50.537109375 -20.69091796875 338006
57.0068359375 50.537109375 -20.69091796875 338007
57.0068359375 50.537109375 -20.69091796875 338008
57.0068359375 50.537109375 -20.69091796875 338009
57.0068359375 50.537109375 -20.69091796875 338106
50.537109375 52.91748046875 -27.40478515625 338107
50.537109375 52.91748046875 -27.40478515625 338108
50.537109375 52.91748046875 -27.40478515625 338109
50.537109375 52.91748046875 -27.40478515625 338110
50.537109375 52.91748046875 -27.40478515625 338208
45.41015625 47.66845703125 -20.81298828125 338209
45.41015625 47.66845703125 -20.81298828125 338210
45.41015625 47.66845703125 -20.81298828125 338212
45.41015625 47.66845703125 -20.81298828125 338212
45.41015625 47.66845703125 -20.81298828125 338311
51.08642578125 52.18505859375 -24.4140625 338313
51.08642578125 52.18505859375 -24.4140625 338313
51.08642578125 52.18505859375 -24.4140625 338314
51.08642578125 52.18505859375 -24.4140625 338315
27.34375 50.537109375 -27.28271484375 338376
27.34375 50.537109375 -27.28271484375 338514
24.47509765625 33.38623046875 -13.916015625 338515
24.47509765625 33.38623046875 -13.916015625 338516
24.47509765625 33.38623046875 -13.916015625 338517
24.47509765625 33.38623046875 -13.916015625 338518
