0.91552734375 0.67138671875 -4.08935546875 430666
0.91552734375 0.67138671875 -4.08935546875 430666
0.91552734375 0.67138671875 -4.08935546875 430718
0.91552734375 0.67138671875 -4.08935546875 430720
0.91552734375 0.67138671875 -4.08935546875 430744
0.91552734375 0.67138671875 -4.08935546875 430756
-1.28173828125 1.89208984375 -3.23486328125 430757
-0.91552734375 -1.03759765625 1.28173828125 430769
-0.91552734375 -1.03759765625 1.28173828125 430770
-0.91552734375 -1.03759765625 1.28173828125 430878
-1.40380859375 1.52587890625 -3.60107421875 430879
-1.40380859375 1.52587890625 -3.60107421875 430880
-1.40380859375 1.52587890625 -3.60107421875 430881
-1.40380859375 1.52587890625 -3.60107421875 430882
-1.40380859375 1.52587890625 -3.60107421875 430983
-2.99072265625 1.89208984375 -5.55419921875 430986
-2.99072265625 1.89208984375 -5.55419921875 430987
-2.99072265625 1.89208984375 -5.55419921875 430988
-2.99072265625 1.89208984375 -5.55419921875 430989
-0.1220703125 -0.30517578125 0.1220703125 431068
-0.1220703125 -0.30517578125 0.1220703125 431178
0 2.197265625 -2.3193359375 431196
0 2.197265625 -2.3193359375 431197
0 2.197265625 -2.3193359375 431198
0 2.197265625 -2.3193359375 431199
0 2.197265625 -2.3193359375 431281
-0.91552734375 0.9765625 -1.77001953125 431282
-0.91552734375 0.9765625 -1.77001953125 431383
-1.28173828125 2.0751953125 -0.1220703125 431384
-1.28173828125 2.0751953125 -0.1220703125 431386
-1.28173828125 2.0751953125 -0.1220703125 431387
-1.28173828125 2.0751953125 -0.1220703125 431388
-1.28173828125 2.0751953125 -0.1220703125 431485
2.86865234375 4.94384765625 0 431486
2.86865234375 4.94384765625 0 431487
2.86865234375 4.94384765625 0 431488
2.86865234375 4.94384765625 0 431489
0.732421875 2.50244140625 0.732421875 431569
0.732421875 2.50244140625 0.732421875 431680
3.0517578125 2.99072265625 5.92041015625 431681
3.0517578125 2.99072265625 5.92041015625 431683
3.0517578125 2.99072265625 5.92041015625 431685
3.0517578125 2.99072265625 5.92041015625 431686
3.0517578125 2.99072265625 5.92041015625 431783
-0.732421875 -0.79345703125 4.5166015625 431785
-0.732421875 -0.79345703125 4.5166015625 431786
-0.732421875 -0.79345703125 4.5166015625 431787
-0.732421875 -0.79345703125 4.5166015625 431788
-0.732421875 -0.79345703125 4.5166015625 431885
-5.18798828125 -0.48828125 -20.99609375 431887
-5.18798828125 -0.48828125 -20.99609375 431888
-5.18798828125 -0.48828125 -20.99609375 431890
-5.18798828125 -0.48828125 -20.99609375 431891
-5.18798828125 -0.48828125 -20.99609375 431988
9.33837890625 -1.89208984375 -12.939453125 431990
9.33837890625 -1.89208984375 -12.939453125 431991
9.33837890625 -1.89208984375 -12.939453125 431992
9.33837890625 -1.89208984375 -12.939453125 431993
12.939453125 -7.2021484375 -30.57861328125 432068
12.939453125 -7.2021484375 -30.57861328125 432181
5.06591796875 -4.2724609375 -5.9814453125 432182
5.06591796875 -4.2724609375 -5.9814453125 432183
5.06591796875 -4.2724609375 -5.9814453125 432184
5.06591796875 -4.2724609375 -5.9814453125 432185
5.06591796875 -4.2724609375 -5.9814453125 432283
-18.9208984375 -10.7421875 -3.23486328125 432284
-18.9208984375 -10.7421875 -3.23486328125 432288
-18.9208984375 -10.7421875 -3.23486328125 432289
-18.9208984375 -10.7421875 -3.23486328125 432290
-18.9208984375 -10.7421875 -3.23486328125 432403
-31.79931640625 -2.5634765625 10.8642578125 432405
-31.79931640625 -2.5634765625 10.8642578125 432406
-31.79931640625 -2.5634765625 10.8642578125 432408
-31.79931640625 -2.5634765625 10.8642578125 432409
1.5869140625 1.77001953125 2.01416015625 432488
1.5869140625 1.77001953125 2.01416015625 432566
-5.9814453125 5.0048828125 -4.33349609375 432568
-5.9814453125 5.0048828125 -4.33349609375 432569
-5.9814453125 5.0048828125 -4.33349609375 432570
-5.9814453125 5.0048828125 -4.33349609375 432571
-5.9814453125 5.0048828125 -4.33349609375 432678
12.02392578125 6.591796875 -0.06103515625 432679
12.02392578125 6.591796875 -0.06103515625 432680
12.02392578125 6.591796875 -0.06103515625 432681
12.02392578125 6.591796875 -0.06103515625 432682
12.02392578125 6.591796875 -0.06103515625 432781
5.79833984375 10.92529296875 0.30517578125 432782
5.79833984375 10.92529296875 0.30517578125 432784
5.79833984375 10.92529296875 0.30517578125 432785
5.79833984375 10.92529296875 0.30517578125 432786
5.79833984375 10.92529296875 0.30517578125 432898
-0.30517578125 8.056640625 -0.48828125 432931
-0.30517578125 8.056640625 -0.48828125 432935
-0.30517578125 8.056640625 -0.48828125 432944
-0.30517578125 8.056640625 -0.48828125 432947
-4.7607421875 4.2724609375 1.77001953125 432986
-4.7607421875 4.2724609375 1.77001953125 433095
-1.708984375 10.3759765625 -1.708984375 433096
-1.708984375 10.3759765625 -1.708984375 433097
-1.708984375 10.3759765625 -1.708984375 433098
-1.708984375 10.3759765625 -1.708984375 433099
-0.732421875 2.50244140625 4.57763671875 433169
-0.732421875 2.50244140625 4.57763671875 433279
3.5400390625 3.72314453125 3.96728515625 433280
3.5400390625 3.72314453125 3.96728515625 433281
3.5400390625 3.72314453125 3.96728515625 433282
3.5400390625 3.72314453125 3.96728515625 433283
3.5400390625 3.72314453125 3.96728515625 433396
8.544921875 8.4228515625 9.1552734375 433398
8.544921875 8.4228515625 9.1552734375 433398
8.544921875 8.4228515625 9.1552734375 433401
8.544921875 8.4228515625 9.1552734375 433402
5.55419921875 5.2490234375 1.40380859375 433486
5.55419921875 5.2490234375 1.40380859375 433588
0.30517578125 3.5400390625 1.3427734375 433589
0.30517578125 3.5400390625 1.3427734375 433590
0.30517578125 3.5400390625 1.3427734375 433591
0.30517578125 3.5400390625 1.3427734375 433592
-4.57763671875 0.48828125 4.5166015625 433666
-4.57763671875 0.48828125 4.5166015625 433777
4.8828125 0.67138671875 1.708984375 433778
4.8828125 0.67138671875 1.708984375 433779
4.8828125 0.67138671875 1.708984375 433780
4.8828125 0.67138671875 1.708984375 433781
4.8828125 0.67138671875 1.708984375 433882
4.150390625 3.0517578125 1.220703125 433883
4.150390625 3.0517578125 1.220703125 433885
4.150390625 3.0517578125 1.220703125 433886
4.150390625 3.0517578125 1.220703125 433887
4.150390625 3.0517578125 1.220703125 433987
-1.8310546875 4.7607421875 -2.50244140625 433989
-1.8310546875 4.7607421875 -2.50244140625 433990
-1.8310546875 4.7607421875 -2.50244140625 433991
-1.8310546875 4.7607421875 -2.50244140625 433992
-1.8310546875 4.7607421875 -2.50244140625 434087
-0.67138671875 4.69970703125 -0.6103515625 434088
-6.2255859375 6.34765625 0 434169
-6.2255859375 6.34765625 0 434171
-6.2255859375 6.34765625 0 434172
-6.2255859375 6.34765625 0 434173
-6.2255859375 6.34765625 0 434282
-12.39013671875 -3.2958984375 2.86865234375 434283
-12.39013671875 -3.2958984375 2.86865234375 434285
-12.39013671875 -3.2958984375 2.86865234375 434286
-12.39013671875 -3.2958984375 2.86865234375 434287
-12.39013671875 -3.2958984375 2.86865234375 434383
-9.70458984375 -7.568359375 10.19287109375 434384
-9.70458984375 -7.568359375 10.19287109375 434385
-9.70458984375 -7.568359375 10.19287109375 434386
-9.70458984375 -7.568359375 10.19287109375 434388
21.30126953125 6.28662109375 5.43212890625 434478
21.30126953125 6.28662109375 5.43212890625 434594
31.6162109375 18.00537109375 13.5498046875 434595
31.6162109375 18.00537109375 13.5498046875 434596
31.6162109375 18.00537109375 13.5498046875 434597
31.6162109375 18.00537109375 13.5498046875 434598
25.20751953125 26.91650390625 5.0048828125 434689
25.20751953125 26.91650390625 5.0048828125 434768
9.521484375 12.26806640625 17.88330078125 434770
9.521484375 12.26806640625 17.88330078125 434771
9.521484375 12.26806640625 17.88330078125 434772
9.521484375 12.26806640625 17.88330078125 434772
9.521484375 12.26806640625 17.88330078125 434879
33.63037109375 -2.8076171875 29.296875 434880
33.63037109375 -2.8076171875 29.296875 434882
33.63037109375 -2.8076171875 29.296875 434883
33.63037109375 -2.8076171875 29.296875 434884
33.63037109375 -2.8076171875 29.296875 434982
36.865234375 -3.47900390625 25.7568359375 434983
36.865234375 -3.47900390625 25.7568359375 434984
36.865234375 -3.47900390625 25.7568359375 434985
36.865234375 -3.47900390625 25.7568359375 434986
36.865234375 -3.47900390625 25.7568359375 435089
20.6298828125 -8.85009765625 30.76171875 435090
20.6298828125 -8.85009765625 30.76171875 435091
20.6298828125 -8.85009765625 30.76171875 435091
20.6298828125 -8.85009765625 30.76171875 435092
20.32470703125 -1.77001953125 -0.79345703125 435187
20.32470703125 -1.77001953125 -0.79345703125 435265
15.9912109375 -4.0283203125 2.62451171875 435267
15.9912109375 -4.0283203125 2.62451171875 435268
15.9912109375 -4.0283203125 2.62451171875 435269
15.9912109375 -4.0283203125 2.62451171875 435270
15.9912109375 -4.0283203125 2.62451171875 435376
13.5498046875 2.685546875 0.9765625 435377
13.5498046875 2.685546875 0.9765625 435378
13.5498046875 2.685546875 0.9765625 435379
13.5498046875 2.685546875 0.9765625 435380
13.5498046875 2.685546875 0.9765625 435479
2.5634765625 -2.44140625 9.70458984375 435480
2.5634765625 -2.44140625 9.70458984375 435481
2.5634765625 -2.44140625 9.70458984375 435482
2.5634765625 -2.44140625 9.70458984375 435482
2.5634765625 -2.44140625 9.70458984375 435581
1.52587890625 -0.79345703125 7.26318359375 435582
1.52587890625 -0.79345703125 7.26318359375 435583
1.52587890625 -0.79345703125 7.26318359375 435584
1.52587890625 -0.79345703125 7.26318359375 435585
1.52587890625 -0.79345703125 7.26318359375 435683
4.33349609375 -2.197265625 7.87353515625 435684
4.33349609375 -2.197265625 7.87353515625 435685
4.33349609375 -2.197265625 7.87353515625 435686
4.33349609375 -2.197265625 7.87353515625 435687
4.33349609375 -2.197265625 7.87353515625 435785
-0.54931640625 -4.7607421875 10.1318359375 435786
-0.54931640625 -4.7607421875 10.1318359375 435787
-0.54931640625 -4.7607421875 10.1318359375 435789
-0.54931640625 -4.7607421875 10.1318359375 435790
-0.54931640625 -4.7607421875 10.1318359375 435889
-38.9404296875 -14.2822265625 15.80810546875 435890
-38.9404296875 -14.2822265625 15.80810546875 435890
-38.9404296875 -14.2822265625 15.80810546875 435891
-38.9404296875 -14.2822265625 15.80810546875 435892
-44.921875 -14.46533203125 3.662109375 435968
-44.921875 -14.46533203125 3.662109375 436079
-54.38232421875 -12.939453125 15.07568359375 436080
-54.38232421875 -12.939453125 15.07568359375 436081
-54.38232421875 -12.939453125 15.07568359375 436082
-54.38232421875 -12.939453125 15.07568359375 436083
-54.38232421875 -12.939453125 15.07568359375 436182
-33.38623046875 1.3427734375 -0.1220703125 436183
-33.38623046875 1.3427734375 -0.1220703125 436184
-33.38623046875 1.3427734375 -0.1220703125 436186
-33.38623046875 1.3427734375 -0.1220703125 436187
-33.38623046875 1.3427734375 -0.1220703125 436287
-29.11376953125 5.859375 -10.1318359375 436289
-29.11376953125 5.859375 -10.1318359375 436289
-29.11376953125 5.859375 -10.1318359375 436290
-29.11376953125 5.859375 -10.1318359375 436291
-29.11376953125 5.859375 -10.1318359375 436387
-4.2724609375 4.638671875 -6.8359375 436388
-8.4228515625 0.8544921875 -4.57763671875 436465
-8.4228515625 0.8544921875 -4.57763671875 436466
-8.4228515625 0.8544921875 -4.57763671875 436468
-8.4228515625 0.8544921875 -4.57763671875 436469
-8.4228515625 0.8544921875 -4.57763671875 436577
-17.15087890625 1.953125 -8.7890625 436578
-17.15087890625 1.953125 -8.7890625 436579
-17.15087890625 1.953125 -8.7890625 436580
-17.15087890625 1.953125 -8.7890625 436581
-17.15087890625 1.953125 -8.7890625 436681
-12.20703125 1.220703125 -6.89697265625 436682
-12.20703125 1.220703125 -6.89697265625 436684
-12.20703125 1.220703125 -6.89697265625 436685
-12.20703125 1.220703125 -6.89697265625 436686
-12.20703125 1.220703125 -6.89697265625 436783
5.7373046875 4.0283203125 -12.5732421875 436784
5.7373046875 4.0283203125 -12.5732421875 436785
5.7373046875 4.0283203125 -12.5732421875 436787
5.7373046875 4.0283203125 -12.5732421875 436788
5.7373046875 4.0283203125 -12.5732421875 436885
-7.14111328125 1.5869140625 -4.21142578125 436887
-7.14111328125 1.5869140625 -4.21142578125 436888
-7.14111328125 1.5869140625 -4.21142578125 436889
-7.14111328125 1.5869140625 -4.21142578125 436890
-7.14111328125 1.5869140625 -4.21142578125 436988
-0.91552734375 -2.01416015625 -5.126953125 436989
-0.91552734375 -2.01416015625 -5.126953125 436990
-0.91552734375 -2.01416015625 -5.126953125 436991
-0.91552734375 -2.01416015625 -5.126953125 436992
4.39453125 -8.60595703125 -3.35693359375 437066
4.39453125 -8.60595703125 -3.35693359375 437176
1.3427734375 -4.150390625 -9.3994140625 437177
1.3427734375 -4.150390625 -9.3994140625 437178
1.3427734375 -4.150390625 -9.3994140625 437179
1.3427734375 -4.150390625 -9.3994140625 437180
1.3427734375 -4.150390625 -9.3994140625 437279
-1.03759765625 -1.89208984375 -7.080078125 437280
-1.03759765625 -1.89208984375 -7.080078125 437281
-1.03759765625 -1.89208984375 -7.080078125 437283
-1.03759765625 -1.89208984375 -7.080078125 437284
-1.03759765625 -1.89208984375 -7.080078125 437381
-2.9296875 -2.3193359375 -5.126953125 437383
-2.9296875 -2.3193359375 -5.126953125 437384
-2.9296875 -2.3193359375 -5.126953125 437385
-2.9296875 -2.3193359375 -5.126953125 437386
-2.9296875 -2.3193359375 -5.126953125 437484
1.89208984375 1.28173828125 -8.11767578125 437486
1.89208984375 1.28173828125 -8.11767578125 437487
1.89208984375 1.28173828125 -8.11767578125 437488
1.89208984375 1.28173828125 -8.11767578125 437489
1.89208984375 1.28173828125 -8.11767578125 437587
7.4462890625 -2.01416015625 -4.638671875 437588
7.4462890625 -2.01416015625 -4.638671875 437589
7.4462890625 -2.01416015625 -4.638671875 437591
7.4462890625 -2.01416015625 -4.638671875 437592
-2.50244140625 -1.5869140625 -1.40380859375 437665
-2.50244140625 -1.5869140625 -1.40380859375 437781
-1.28173828125 1.15966796875 -6.65283203125 437782
-1.28173828125 1.15966796875 -6.65283203125 437783
-1.28173828125 1.15966796875 -6.65283203125 437784
-1.28173828125 1.15966796875 -6.65283203125 437785
0.30517578125 0.6103515625 -1.0986328125 437879
0.30517578125 0.6103515625 -1.0986328125 437967
-2.25830078125 2.38037109375 -5.79833984375 437968
-2.25830078125 2.38037109375 -5.79833984375 437969
-2.25830078125 2.38037109375 -5.79833984375 437970
-2.25830078125 2.38037109375 -5.79833984375 437971
-2.25830078125 2.38037109375 -5.79833984375 438082
0.06103515625 1.3427734375 -4.5166015625 438083
0.06103515625 1.3427734375 -4.5166015625 438084
0.06103515625 1.3427734375 -4.5166015625 438085
0.06103515625 1.3427734375 -4.5166015625 438087
-1.5869140625 0.18310546875 -1.15966796875 438181
-1.5869140625 0.18310546875 -1.15966796875 438286
-1.40380859375 1.5869140625 -3.173828125 438287
-1.40380859375 1.5869140625 -3.173828125 438288
-1.40380859375 1.5869140625 -3.173828125 438289
-1.40380859375 1.5869140625 -3.173828125 438290
-1.40380859375 1.5869140625 -3.173828125 438406
-3.7841796875 1.953125 -2.86865234375 438407
-3.7841796875 1.953125 -2.86865234375 438408
-3.7841796875 1.953125 -2.86865234375 438410
-3.7841796875 1.953125 -2.86865234375 438410
-2.8076171875 1.3427734375 -2.74658203125 438466
-2.8076171875 1.3427734375 -2.74658203125 438578
-1.15966796875 1.0986328125 -2.5634765625 438580
-1.15966796875 1.0986328125 -2.5634765625 438581
-1.15966796875 1.0986328125 -2.5634765625 438582
-1.15966796875 1.0986328125 -2.5634765625 438583
-1.15966796875 1.0986328125 -2.5634765625 438678
0.18310546875 0.48828125 -0.732421875 438679
0.18310546875 0.48828125 -0.732421875 438781
-4.150390625 1.28173828125 -2.44140625 438782
-4.150390625 1.28173828125 -2.44140625 438784
-4.150390625 1.28173828125 -2.44140625 438785
-4.150390625 1.28173828125 -2.44140625 438786
-4.150390625 1.28173828125 -2.44140625 438899
-0.30517578125 -0.18310546875 -0.91552734375 438901
-0.30517578125 -0.18310546875 -0.91552734375 438902
-0.30517578125 -0.18310546875 -0.91552734375 438903
-0.30517578125 -0.18310546875 -0.91552734375 438904
-0.732421875 0.54931640625 -1.64794921875 438987
-0.732421875 0.54931640625 -1.64794921875 439065
-1.220703125 0.67138671875 -1.89208984375 439069
-1.220703125 0.67138671875 -1.89208984375 439070
-1.220703125 0.67138671875 -1.89208984375 439071
-1.220703125 0.67138671875 -1.89208984375 439072
-1.220703125 0.67138671875 -1.89208984375 439177
-2.0751953125 0.48828125 -3.11279296875 439178
-2.0751953125 0.48828125 -3.11279296875 439179
-2.0751953125 0.48828125 -3.11279296875 439180
-2.0751953125 0.48828125 -3.11279296875 439181
-2.0751953125 0.48828125 -3.11279296875 439283
-2.50244140625 0.9765625 -2.3193359375 439284
-2.50244140625 0.9765625 -2.3193359375 439285
-2.50244140625 0.9765625 -2.3193359375 439286
-2.50244140625 0.9765625 -2.3193359375 439287
-0.79345703125 0.244140625 -1.89208984375 439382
-0.79345703125 0.244140625 -1.89208984375 439484
-2.3193359375 0.48828125 -2.13623046875 439488
-2.3193359375 0.48828125 -2.13623046875 439489
-2.3193359375 0.48828125 -2.13623046875 439490
-2.3193359375 0.48828125 -2.13623046875 439491
-2.3193359375 0.48828125 -2.13623046875 439586
-0.54931640625 0.8544921875 -0.3662109375 439587
-1.46484375 1.03759765625 -2.3193359375 439665
-1.46484375 1.03759765625 -2.3193359375 439667
-1.46484375 1.03759765625 -2.3193359375 439668
-1.46484375 1.03759765625 -2.3193359375 439669
-1.46484375 1.03759765625 -2.3193359375 439770
0.1220703125 0.6103515625 -2.8076171875 439771
0.1220703125 0.6103515625 -2.8076171875 439772
0.1220703125 0.6103515625 -2.8076171875 439774
0.1220703125 0.6103515625 -2.8076171875 439775
0.1220703125 0.6103515625 -2.8076171875 439882
-1.3427734375 0.732421875 -0.67138671875 439883
-1.3427734375 0.732421875 -0.67138671875 439884
-1.3427734375 0.732421875 -0.67138671875 439885
-1.3427734375 0.732421875 -0.67138671875 439886
-1.3427734375 0.732421875 -0.67138671875 439985
-1.8310546875 1.40380859375 -3.84521484375 439986
-1.8310546875 1.40380859375 -3.84521484375 439988
-1.8310546875 1.40380859375 -3.84521484375 439989
-1.8310546875 1.40380859375 -3.84521484375 439990
-1.8310546875 1.40380859375 -3.84521484375 440104
-1.8310546875 0.42724609375 -2.3193359375 440105
-1.8310546875 0.42724609375 -2.3193359375 440106
-1.8310546875 0.42724609375 -2.3193359375 440107
-1.8310546875 0.42724609375 -2.3193359375 440108
-2.197265625 0.6103515625 -2.86865234375 440166
-2.197265625 0.6103515625 -2.86865234375 440278
-0.244140625 0.244140625 0.3662109375 440279
-0.244140625 0.244140625 0.3662109375 440280
-0.244140625 0.244140625 0.3662109375 440282
-0.244140625 0.244140625 0.3662109375 440283
-0.244140625 0.244140625 0.3662109375 440387
-2.13623046875 1.220703125 -1.8310546875 440388
-2.13623046875 1.220703125 -1.8310546875 440389
-2.13623046875 1.220703125 -1.8310546875 440390
-2.13623046875 1.220703125 -1.8310546875 440391
-0.54931640625 0.30517578125 -0.91552734375 440486
-0.54931640625 0.30517578125 -0.91552734375 440588
-2.99072265625 1.03759765625 -2.50244140625 440589
-2.99072265625 1.03759765625 -2.50244140625 440590
-2.99072265625 1.03759765625 -2.50244140625 440591
-2.99072265625 1.03759765625 -2.50244140625 440591
-0.6103515625 0.3662109375 -0.91552734375 440665
-0.6103515625 0.3662109375 -0.91552734375 440777
0.67138671875 0.8544921875 -0.9765625 440778
0.67138671875 0.8544921875 -0.9765625 440779
0.67138671875 0.8544921875 -0.9765625 440780
0.67138671875 0.8544921875 -0.9765625 440781
0.67138671875 0.8544921875 -0.9765625 440880
-1.5869140625 1.0986328125 -0.91552734375 440881
-1.5869140625 1.0986328125 -0.91552734375 440882
-1.5869140625 1.0986328125 -0.91552734375 440883
-1.5869140625 1.0986328125 -0.91552734375 440884
-1.5869140625 1.0986328125 -0.91552734375 440982
-0.1220703125 0.67138671875 -1.77001953125 440984
-0.1220703125 0.67138671875 -1.77001953125 440985
-0.1220703125 0.67138671875 -1.77001953125 440986
-0.1220703125 0.67138671875 -1.77001953125 440987
-0.1220703125 0.67138671875 -1.77001953125 441085
0.18310546875 1.953125 -3.23486328125 441086
0.18310546875 1.953125 -3.23486328125 441087
0.18310546875 1.953125 -3.23486328125 441089
0.18310546875 1.953125 -3.23486328125 441090
-1.15966796875 1.15966796875 -1.5869140625 441167
-1.15966796875 1.15966796875 -1.5869140625 441282
-2.01416015625 0.9765625 -0.67138671875 441283
-2.01416015625 0.9765625 -0.67138671875 441284
-2.01416015625 0.9765625 -0.67138671875 441286
-2.01416015625 0.9765625 -0.67138671875 441287
-2.01416015625 0.6103515625 -1.28173828125 441380
-2.01416015625 0.6103515625 -1.28173828125 441484
-2.74658203125 0.54931640625 -1.64794921875 441485
-2.74658203125 0.54931640625 -1.64794921875 441487
-2.74658203125 0.54931640625 -1.64794921875 441488
-2.74658203125 0.54931640625 -1.64794921875 441489
-2.74658203125 0.54931640625 -1.64794921875 441586
0.8544921875 -0.244140625 0.48828125 441587
0.8544921875 -0.244140625 0.48828125 441589
0.8544921875 -0.244140625 0.48828125 441590
0.8544921875 -0.244140625 0.48828125 441591
0.8544921875 -0.244140625 0.48828125 441688
-1.220703125 1.28173828125 -2.74658203125 441689
-1.220703125 1.28173828125 -2.74658203125 441690
-1.220703125 1.28173828125 -2.74658203125 441691
-1.220703125 1.28173828125 -2.74658203125 441692
-1.3427734375 0.54931640625 -3.5400390625 441766
-1.3427734375 0.54931640625 -3.5400390625 441878
-1.3427734375 0.42724609375 -2.99072265625 441879
-1.3427734375 0.42724609375 -2.99072265625 441880
-1.3427734375 0.42724609375 -2.99072265625 441881
-1.3427734375 0.42724609375 -2.99072265625 441883
-1.3427734375 0.42724609375 -2.99072265625 441980
-1.40380859375 0.42724609375 -1.220703125 441981
-1.40380859375 0.42724609375 -1.220703125 441982
-1.40380859375 0.42724609375 -1.220703125 441984
-1.40380859375 0.42724609375 -1.220703125 441985
-1.40380859375 0.42724609375 -1.220703125 442083
-3.41796875 0.91552734375 -1.708984375 442084
-3.41796875 0.91552734375 -1.708984375 442085
-3.41796875 0.91552734375 -1.708984375 442086
-3.41796875 0.91552734375 -1.708984375 442087
-3.41796875 0.91552734375 -1.708984375 442190
-3.7841796875 1.220703125 -1.953125 442192
-3.7841796875 1.220703125 -1.953125 442193
-3.7841796875 1.220703125 -1.953125 442195
-3.7841796875 1.220703125 -1.953125 442196
-3.7841796875 1.220703125 -1.953125 442303
-0.91552734375 1.28173828125 -3.41796875 442304
-0.91552734375 1.28173828125 -3.41796875 442305
-0.91552734375 1.28173828125 -3.41796875 442306
-0.91552734375 1.28173828125 -3.41796875 442307
0.67138671875 0.91552734375 -1.28173828125 442367
0.67138671875 0.91552734375 -1.28173828125 442493
0.1220703125 0.48828125 0.3662109375 442495
0.1220703125 0.48828125 0.3662109375 442501
0.1220703125 0.48828125 0.3662109375 442502
0.1220703125 0.48828125 0.3662109375 442504
-0.8544921875 0.67138671875 -0.9765625 442582
-0.8544921875 0.67138671875 -0.9765625 442698
-1.220703125 0.79345703125 -1.77001953125 442700
-1.220703125 0.79345703125 -1.77001953125 442701
-1.220703125 0.79345703125 -1.77001953125 442702
-1.220703125 0.79345703125 -1.77001953125 442703
1.0986328125 0.3662109375 -0.79345703125 442789
1.0986328125 0.3662109375 -0.79345703125 442865
-2.99072265625 1.46484375 -1.8310546875 442867
-2.99072265625 1.46484375 -1.8310546875 442890
-2.99072265625 1.46484375 -1.8310546875 442892
-2.99072265625 1.46484375 -1.8310546875 442894
-2.99072265625 1.46484375 -1.8310546875 442977
-1.89208984375 0.30517578125 -1.28173828125 442978
-1.89208984375 0.30517578125 -1.28173828125 442979
-1.89208984375 0.30517578125 -1.28173828125 443081
0.3662109375 1.708984375 -2.38037109375 443083
0.3662109375 1.708984375 -2.38037109375 443111
0.3662109375 1.708984375 -2.38037109375 443112
0.3662109375 1.708984375 -2.38037109375 443113
0.79345703125 1.40380859375 -1.8310546875 443183
0.79345703125 1.40380859375 -1.8310546875 443184
0.79345703125 1.40380859375 -1.8310546875 443286
-1.28173828125 0.6103515625 -2.9296875 443287
-1.28173828125 0.6103515625 -2.9296875 443288
-1.28173828125 0.6103515625 -2.9296875 443289
-1.28173828125 0.6103515625 -2.9296875 443290
-1.28173828125 0.6103515625 -2.9296875 443392
-0.67138671875 0.6103515625 -2.9296875 443393
-0.67138671875 0.6103515625 -2.9296875 443394
-0.67138671875 0.6103515625 -2.9296875 443395
-0.67138671875 0.6103515625 -2.9296875 443396
-0.42724609375 0.6103515625 -1.0986328125 443478
-0.42724609375 0.6103515625 -1.0986328125 443577
-1.708984375 0.06103515625 -2.01416015625 443578
-1.708984375 0.06103515625 -2.01416015625 443579
-1.708984375 0.06103515625 -2.01416015625 443579
-1.708984375 0.06103515625 -2.01416015625 443580
-1.708984375 0.06103515625 -2.01416015625 443694
-1.953125 1.15966796875 -2.0751953125 443696
-1.953125 1.15966796875 -2.0751953125 443697
-1.953125 1.15966796875 -2.0751953125 443698
-1.953125 1.15966796875 -2.0751953125 443699
-1.5869140625 0.48828125 -2.5634765625 443782
-1.5869140625 0.48828125 -2.5634765625 443899
-3.60107421875 1.0986328125 -4.21142578125 443900
-3.60107421875 1.0986328125 -4.21142578125 443901
-3.60107421875 1.0986328125 -4.21142578125 443903
-3.60107421875 1.0986328125 -4.21142578125 443904
-1.8310546875 1.03759765625 -0.48828125 443990
-1.8310546875 1.03759765625 -0.48828125 444065
-1.708984375 0.6103515625 -0.9765625 444067
-1.708984375 0.6103515625 -0.9765625 444090
-1.708984375 0.6103515625 -0.9765625 444091
-1.708984375 0.6103515625 -0.9765625 444092
-1.708984375 0.6103515625 -0.9765625 444177
-1.28173828125 1.28173828125 -1.8310546875 444178
-1.28173828125 1.28173828125 -1.8310546875 444179
-1.28173828125 1.28173828125 -1.8310546875 444279
0.244140625 0.8544921875 -1.40380859375 444280
0.244140625 0.8544921875 -1.40380859375 444282
0.244140625 0.8544921875 -1.40380859375 444283
0.244140625 0.8544921875 -1.40380859375 444284
-2.8076171875 1.28173828125 -1.0986328125 444367
-2.8076171875 1.28173828125 -1.0986328125 444478
-0.67138671875 0.30517578125 -1.28173828125 444479
-0.67138671875 0.30517578125 -1.28173828125 444480
-0.67138671875 0.30517578125 -1.28173828125 444481
-0.67138671875 0.30517578125 -1.28173828125 444482
-3.60107421875 1.8310546875 -2.86865234375 444584
-3.60107421875 1.8310546875 -2.86865234375 444585
-3.60107421875 1.8310546875 -2.86865234375 444586
-3.60107421875 1.8310546875 -2.86865234375 444587
-3.60107421875 1.8310546875 -2.86865234375 444685
-1.0986328125 0.67138671875 -1.5869140625 444686
-1.0986328125 0.67138671875 -1.5869140625 444687
-1.0986328125 0.67138671875 -1.5869140625 444688
-1.0986328125 0.67138671875 -1.5869140625 444689
-1.0986328125 0.67138671875 -1.5869140625 444788
-3.96728515625 1.77001953125 -2.86865234375 444789
-3.96728515625 1.77001953125 -2.86865234375 444790
-3.96728515625 1.77001953125 -2.86865234375 444791
-3.96728515625 1.77001953125 -2.86865234375 444792
-2.13623046875 0.48828125 -2.9296875 444865
-2.13623046875 0.48828125 -2.9296875 444975
2.0751953125 0 -5.67626953125 444976
2.0751953125 0 -5.67626953125 444977
2.0751953125 0 -5.67626953125 444978
2.0751953125 0 -5.67626953125 444979
2.0751953125 0 -5.67626953125 445078
3.2958984375 1.220703125 -9.033203125 445079
3.2958984375 1.220703125 -9.033203125 445080
3.2958984375 1.220703125 -9.033203125 445082
3.2958984375 1.220703125 -9.033203125 445083
3.2958984375 1.220703125 -9.033203125 445180
7.75146484375 3.2958984375 -12.8173828125 445182
7.75146484375 3.2958984375 -12.8173828125 445183
7.75146484375 3.2958984375 -12.8173828125 445185
7.75146484375 3.2958984375 -12.8173828125 445186
11.5966796875 6.16455078125 -15.625 445283
11.5966796875 6.16455078125 -15.625 445284
11.5966796875 6.16455078125 -15.625 445286
11.5966796875 6.16455078125 -15.625 445288
11.5966796875 6.16455078125 -15.625 445399
16.2353515625 5.37109375 -13.916015625 445409
16.2353515625 5.37109375 -13.916015625 445410
16.2353515625 5.37109375 -13.916015625 445411
16.2353515625 5.37109375 -13.916015625 445412
-0.06103515625 0.244140625 -4.21142578125 445488
-0.06103515625 0.244140625 -4.21142578125 445581
5.55419921875 2.8076171875 -9.033203125 445582
5.55419921875 2.8076171875 -9.033203125 445583
5.55419921875 2.8076171875 -9.033203125 445584
5.55419921875 2.8076171875 -9.033203125 445585
13.85498046875 4.45556640625 -9.765625 445680
13.85498046875 4.45556640625 -9.765625 445784
11.53564453125 4.82177734375 -13.3056640625 445785
11.53564453125 4.82177734375 -13.3056640625 445786
11.53564453125 4.82177734375 -13.3056640625 445787
11.53564453125 4.82177734375 -13.3056640625 445788
11.53564453125 4.82177734375 -13.3056640625 445885
19.4091796875 11.77978515625 -19.6533203125 445886
19.4091796875 11.77978515625 -19.6533203125 445887
19.4091796875 11.77978515625 -19.6533203125 445888
19.4091796875 11.77978515625 -19.6533203125 445889
19.4091796875 11.77978515625 -19.6533203125 445988
26.79443359375 20.3857421875 -20.3857421875 445996
26.79443359375 20.3857421875 -20.3857421875 445998
26.79443359375 20.3857421875 -20.3857421875 445999
26.79443359375 20.3857421875 -20.3857421875 446000
59.5703125 33.0810546875 -33.99658203125 446067
59.5703125 33.0810546875 -33.99658203125 446178
71.77734375 45.7763671875 -39.794921875 446179
71.77734375 45.7763671875 -39.794921875 446180
71.77734375 45.7763671875 -39.794921875 446182
71.77734375 45.7763671875 -39.794921875 446183
71.77734375 45.7763671875 -39.794921875 446281
55.0537109375 62.98828125 -39.36767578125 446282
55.0537109375 62.98828125 -39.36767578125 446309
55.0537109375 62.98828125 -39.36767578125 446315
55.0537109375 62.98828125 -39.36767578125 446316
55.0537109375 62.98828125 -39.36767578125 446384
47.8515625 71.2890625 -31.79931640625 446385
47.8515625 71.2890625 -31.79931640625 446387
47.8515625 71.2890625 -31.79931640625 446487
73.30322265625 89.4775390625 -23.01025390625 446488
73.30322265625 89.4775390625 -23.01025390625 446489
73.30322265625 89.4775390625 -23.01025390625 446490
73.30322265625 89.4775390625 -23.01025390625 446491
73.30322265625 89.4775390625 -23.01025390625 446589
48.828125 64.453125 -5.9814453125 446590
48.828125 64.453125 -5.9814453125 446591
48.828125 64.453125 -5.9814453125 446592
48.828125 64.453125 -5.9814453125 446593
-27.2216796875 -11.04736328125 1.0986328125 446674
-27.2216796875 -11.04736328125 1.0986328125 446776
-109.0087890625 -63.3544921875 15.44189453125 446777
-109.0087890625 -63.3544921875 15.44189453125 446778
-109.0087890625 -63.3544921875 15.44189453125 446779
-109.0087890625 -63.3544921875 15.44189453125 446781
-109.0087890625 -63.3544921875 15.44189453125 446879
-79.7119140625 -69.7021484375 14.70947265625 446880
-79.7119140625 -69.7021484375 14.70947265625 446881
-79.7119140625 -69.7021484375 14.70947265625 446883
-79.7119140625 -69.7021484375 14.70947265625 446884
-79.7119140625 -69.7021484375 14.70947265625 446985
-76.11083984375 -48.03466796875 14.22119140625 446986
-76.11083984375 -48.03466796875 14.22119140625 446987
-76.11083984375 -48.03466796875 14.22119140625 446988
-76.11083984375 -48.03466796875 14.22119140625 446989
-50.78125 -26.18408203125 20.01953125 447084
-50.78125 -26.18408203125 20.01953125 447186
-31.982421875 -14.95361328125 15.07568359375 447187
-31.982421875 -14.95361328125 15.07568359375 447188
-31.982421875 -14.95361328125 15.07568359375 447189
-31.982421875 -14.95361328125 15.07568359375 447190
-31.982421875 -14.95361328125 15.07568359375 447306
-39.97802734375 -16.845703125 17.2119140625 447308
-39.97802734375 -16.845703125 17.2119140625 447309
-39.97802734375 -16.845703125 17.2119140625 447310
-39.97802734375 -16.845703125 17.2119140625 447311
-9.521484375 -9.765625 6.8359375 447368
-9.521484375 -9.765625 6.8359375 447481
11.474609375 -0.54931640625 11.962890625 447482
11.474609375 -0.54931640625 11.962890625 447483
11.474609375 -0.54931640625 11.962890625 447484
11.474609375 -0.54931640625 11.962890625 447485
-2.3193359375 -15.07568359375 19.4091796875 447570
-2.3193359375 -15.07568359375 19.4091796875 447672
13.5498046875 -16.54052734375 11.04736328125 447684
13.5498046875 -16.54052734375 11.04736328125 447685
13.5498046875 -16.54052734375 11.04736328125 447686
13.5498046875 -16.54052734375 11.04736328125 447687
13.5498046875 -16.54052734375 11.04736328125 447787
15.56396484375 -18.85986328125 26.3671875 447788
15.56396484375 -18.85986328125 26.3671875 447789
15.56396484375 -18.85986328125 26.3671875 447790
15.56396484375 -18.85986328125 26.3671875 447791
15.56396484375 -18.85986328125 26.3671875 447888
23.01025390625 -8.97216796875 14.16015625 447980
23.01025390625 -8.97216796875 14.16015625 447981
23.01025390625 -8.97216796875 14.16015625 447995
23.01025390625 -8.97216796875 14.16015625 448005
23.01025390625 -8.97216796875 14.16015625 448016
20.69091796875 -2.25830078125 2.9296875 448017
7.99560546875 -2.8076171875 8.23974609375 448080
7.99560546875 -2.8076171875 8.23974609375 448081
7.99560546875 -2.8076171875 8.23974609375 448184
-3.5400390625 -3.2958984375 0.1220703125 448185
-3.5400390625 -3.2958984375 0.1220703125 448187
-3.5400390625 -3.2958984375 0.1220703125 448188
-3.5400390625 -3.2958984375 0.1220703125 448189
-3.5400390625 -3.2958984375 0.1220703125 448287
-6.65283203125 -4.21142578125 1.708984375 448288
-6.65283203125 -4.21142578125 1.708984375 448289
-6.65283203125 -4.21142578125 1.708984375 448291
-6.65283203125 -4.21142578125 1.708984375 448292
-3.72314453125 -5.79833984375 5.67626953125 448369
-3.72314453125 -5.79833984375 5.67626953125 448481
-0.79345703125 -1.77001953125 0.1220703125 448482
-0.79345703125 -1.77001953125 0.1220703125 448484
-0.79345703125 -1.77001953125 0.1220703125 448485
-0.79345703125 -1.77001953125 0.1220703125 448486
-0.79345703125 -1.77001953125 0.1220703125 448597
-13.00048828125 -4.0283203125 3.35693359375 448598
-13.00048828125 -4.0283203125 3.35693359375 448599
-13.00048828125 -4.0283203125 3.35693359375 448600
-13.00048828125 -4.0283203125 3.35693359375 448601
-28.99169921875 -5.0048828125 4.2724609375 448685
-28.99169921875 -5.0048828125 4.2724609375 448789
-33.69140625 -9.21630859375 10.3759765625 448790
-33.69140625 -9.21630859375 10.3759765625 448791
-33.69140625 -9.21630859375 10.3759765625 448793
-33.69140625 -9.21630859375 10.3759765625 448794
-37.59765625 -2.74658203125 4.2724609375 448868
-37.59765625 -2.74658203125 4.2724609375 448983
-30.21240234375 3.84521484375 -2.25830078125 448984
-30.21240234375 3.84521484375 -2.25830078125 448985
-30.21240234375 3.84521484375 -2.25830078125 448986
-30.21240234375 3.84521484375 -2.25830078125 448987
-24.71923828125 0 -1.89208984375 449081
-24.71923828125 0 -1.89208984375 449185
-18.24951171875 1.220703125 -5.0048828125 449186
-18.24951171875 1.220703125 -5.0048828125 449187
-18.24951171875 1.220703125 -5.0048828125 449188
-18.24951171875 1.220703125 -5.0048828125 449189
-18.24951171875 1.220703125 -5.0048828125 449287
-9.82666015625 2.86865234375 -5.79833984375 449288
-9.82666015625 2.86865234375 -5.79833984375 449290
-9.82666015625 2.86865234375 -5.79833984375 449291
-9.82666015625 2.86865234375 -5.79833984375 449292
-9.82666015625 2.86865234375 -5.79833984375 449410
-4.82177734375 -0.30517578125 0.67138671875 449411
-4.82177734375 -0.30517578125 0.67138671875 449412
-4.82177734375 -0.30517578125 0.67138671875 449413
-4.82177734375 -0.30517578125 0.67138671875 449414
-15.31982421875 3.662109375 -4.150390625 449485
-15.31982421875 3.662109375 -4.150390625 449588
-10.498046875 3.72314453125 -3.96728515625 449590
-10.498046875 3.72314453125 -3.96728515625 449591
-10.498046875 3.72314453125 -3.96728515625 449592
-10.498046875 3.72314453125 -3.96728515625 449592
-0.79345703125 2.685546875 -5.9814453125 449687
-0.79345703125 2.685546875 -5.9814453125 449791
-2.62451171875 1.953125 -5.79833984375 449792
-2.62451171875 1.953125 -5.79833984375 449793
-2.62451171875 1.953125 -5.79833984375 449795
-2.62451171875 1.953125 -5.79833984375 449796
-2.74658203125 0.1220703125 -1.52587890625 449871
-2.74658203125 0.1220703125 -1.52587890625 449978
-0.732421875 -0.30517578125 -2.01416015625 449979
-0.732421875 -0.30517578125 -2.01416015625 449980
-0.732421875 -0.30517578125 -2.01416015625 449982
-0.732421875 -0.30517578125 -2.01416015625 449983
-0.732421875 -0.30517578125 -2.01416015625 450080
-3.2958984375 -1.15966796875 -0.67138671875 450081
-3.2958984375 -1.15966796875 -0.67138671875 450082
-3.2958984375 -1.15966796875 -0.67138671875 450083
-3.2958984375 -1.15966796875 -0.67138671875 450096
-3.2958984375 -1.15966796875 -0.67138671875 450187
-4.39453125 -1.8310546875 -1.77001953125 450189
-4.39453125 -1.8310546875 -1.77001953125 450190
-4.39453125 -1.8310546875 -1.77001953125 450191
-4.39453125 -1.8310546875 -1.77001953125 450192
1.40380859375 2.01416015625 -2.38037109375 450285
1.40380859375 2.01416015625 -2.38037109375 450388
-2.13623046875 1.40380859375 -1.77001953125 450389
-2.13623046875 1.40380859375 -1.77001953125 450390
-2.13623046875 1.40380859375 -1.77001953125 450391
-2.13623046875 1.40380859375 -1.77001953125 450392
-2.25830078125 1.77001953125 -0.732421875 450467
-2.25830078125 1.77001953125 -0.732421875 450578
-1.89208984375 0.244140625 0.06103515625 450579
-1.89208984375 0.244140625 0.06103515625 450580
-1.89208984375 0.244140625 0.06103515625 450582
-1.89208984375 0.244140625 0.06103515625 450583
-1.89208984375 0.244140625 0.06103515625 450680
2.01416015625 0.244140625 -0.8544921875 450682
2.01416015625 0.244140625 -0.8544921875 450683
2.01416015625 0.244140625 -0.8544921875 450684
2.01416015625 0.244140625 -0.8544921875 450685
2.01416015625 0.244140625 -0.8544921875 450782
-0.67138671875 0.42724609375 -1.89208984375 450783
-0.67138671875 0.42724609375 -1.89208984375 450784
-0.67138671875 0.42724609375 -1.89208984375 450788
-0.67138671875 0.42724609375 -1.89208984375 450789
-2.44140625 0.79345703125 -1.89208984375 450882
-2.44140625 0.79345703125 -1.89208984375 450984
-1.15966796875 0.1220703125 -0.9765625 450985
-1.15966796875 0.1220703125 -0.9765625 450986
-1.15966796875 0.1220703125 -0.9765625 450987
-1.15966796875 0.1220703125 -0.9765625 450988
-1.15966796875 0.1220703125 -0.9765625 451087
0 0.54931640625 -1.0986328125 451089
0 0.54931640625 -1.0986328125 451090
0 0.54931640625 -1.0986328125 451091
0 0.54931640625 -1.0986328125 451092
0 0.54931640625 -1.0986328125 451189
-1.46484375 0.67138671875 -2.9296875 451190
-1.46484375 0.67138671875 -2.9296875 451191
-1.46484375 0.67138671875 -2.9296875 451192
-1.46484375 0.67138671875 -2.9296875 451192
-3.41796875 0.244140625 -2.5634765625 451269
-3.41796875 0.244140625 -2.5634765625 451382
1.28173828125 1.5869140625 -1.40380859375 451383
1.28173828125 1.5869140625 -1.40380859375 451384
1.28173828125 1.5869140625 -1.40380859375 451385
1.28173828125 1.5869140625 -1.40380859375 451386
1.28173828125 1.5869140625 -1.40380859375 451484
-0.6103515625 0.91552734375 -1.28173828125 451485
-0.6103515625 0.91552734375 -1.28173828125 451486
-0.6103515625 0.91552734375 -1.28173828125 451487
-0.6103515625 0.91552734375 -1.28173828125 451488
-0.6103515625 0.91552734375 -1.28173828125 451587
-1.15966796875 1.40380859375 -2.0751953125 451588
-1.15966796875 1.40380859375 -2.0751953125 451612
-1.15966796875 1.40380859375 -2.0751953125 451645
-1.15966796875 1.40380859375 -2.0751953125 451696
-1.15966796875 1.40380859375 -2.0751953125 451714
0.54931640625 0.732421875 -3.0517578125 451715
0.54931640625 0.732421875 -3.0517578125 451716
0.54931640625 0.732421875 -3.0517578125 451716
0 -0.06103515625 -0.8544921875 451771
0 -0.06103515625 -0.8544921875 451772
0 -0.06103515625 -0.8544921875 451880
-3.47900390625 0.3662109375 -1.77001953125 451881
-3.47900390625 0.3662109375 -1.77001953125 451882
-3.47900390625 0.3662109375 -1.77001953125 451883
-3.47900390625 0.3662109375 -1.77001953125 451884
-3.47900390625 0.3662109375 -1.77001953125 451983
0.3662109375 -0.3662109375 -2.197265625 451984
0.3662109375 -0.3662109375 -2.197265625 451985
0.3662109375 -0.3662109375 -2.197265625 451986
0.3662109375 -0.3662109375 -2.197265625 452008
0.3662109375 -0.3662109375 -2.197265625 452086
-0.1220703125 0.91552734375 -1.3427734375 452087
-0.1220703125 0.91552734375 -1.3427734375 452088
-0.1220703125 0.91552734375 -1.3427734375 452088
-0.1220703125 0.91552734375 -1.3427734375 452089
-0.1220703125 0.91552734375 -1.3427734375 452192
2.0751953125 0.91552734375 -0.91552734375 452193
2.0751953125 0.91552734375 -0.91552734375 452194
2.0751953125 0.91552734375 -0.91552734375 452195
2.0751953125 0.91552734375 -0.91552734375 452196
-1.220703125 0.18310546875 -0.91552734375 452266
-1.220703125 0.18310546875 -0.91552734375 452378
-2.44140625 1.15966796875 -3.47900390625 452379
-2.44140625 1.15966796875 -3.47900390625 452380
-2.44140625 1.15966796875 -3.47900390625 452381
-2.44140625 1.15966796875 -3.47900390625 452382
-2.44140625 1.15966796875 -3.47900390625 452502
-1.220703125 2.3193359375 -4.8828125 452503
-1.220703125 2.3193359375 -4.8828125 452504
-1.220703125 2.3193359375 -4.8828125 452505
-1.220703125 2.3193359375 -4.8828125 452506
2.197265625 -1.28173828125 0.67138671875 452598
2.197265625 -1.28173828125 0.67138671875 452686
-0.9765625 1.3427734375 -2.5634765625 452687
-0.9765625 1.3427734375 -2.5634765625 452688
-0.9765625 1.3427734375 -2.5634765625 452689
-0.9765625 1.3427734375 -2.5634765625 452690
-0.9765625 1.3427734375 -2.5634765625 452788
-1.40380859375 0.8544921875 -0.67138671875 452789
-1.40380859375 0.8544921875 -0.67138671875 452790
-1.40380859375 0.8544921875 -0.67138671875 452791
-1.40380859375 0.8544921875 -0.67138671875 452792
2.25830078125 -0.30517578125 -1.953125 452866
2.25830078125 -0.30517578125 -1.953125 452969
-2.74658203125 1.03759765625 -3.23486328125 452971
-2.74658203125 1.03759765625 -3.23486328125 452972
-2.74658203125 1.03759765625 -3.23486328125 452973
-2.74658203125 1.03759765625 -3.23486328125 452974
-2.74658203125 1.03759765625 -3.23486328125 453081
-0.48828125 0 -2.13623046875 453082
-0.48828125 0 -2.13623046875 453083
-0.48828125 0 -2.13623046875 453084
-0.48828125 0 -2.13623046875 453084
-0.48828125 0 -2.13623046875 453183
0 0.48828125 -3.11279296875 453184
0 0.48828125 -3.11279296875 453185
0 0.48828125 -3.11279296875 453186
0 0.48828125 -3.11279296875 453187
0 0.48828125 -3.11279296875 453292
0.67138671875 -1.0986328125 -0.30517578125 453294
0.67138671875 -1.0986328125 -0.30517578125 453295
0.67138671875 -1.0986328125 -0.30517578125 453296
0.67138671875 -1.0986328125 -0.30517578125 453297
-1.220703125 -0.18310546875 -1.52587890625 453387
-1.220703125 -0.18310546875 -1.52587890625 453481
-1.46484375 1.46484375 -0.244140625 453489
-1.46484375 1.46484375 -0.244140625 453490
-1.46484375 1.46484375 -0.244140625 453491
-1.46484375 1.46484375 -0.244140625 453492
-1.46484375 1.46484375 -0.244140625 453588
1.77001953125 -0.6103515625 -2.38037109375 453603
1.77001953125 -0.6103515625 -2.38037109375 453604
1.77001953125 -0.6103515625 -2.38037109375 453605
1.77001953125 -0.6103515625 -2.38037109375 453606
1.77001953125 -0.6103515625 -2.38037109375 453695
-0.48828125 1.03759765625 -2.74658203125 453697
-1.0986328125 0 -0.67138671875 453784
-1.0986328125 0 -0.67138671875 453785
-1.0986328125 0 -0.67138671875 453786
-1.0986328125 0 -0.67138671875 453787
-1.0986328125 0 -0.67138671875 453888
-2.01416015625 0.30517578125 -0.732421875 453890
-2.01416015625 0.30517578125 -0.732421875 453891
-2.01416015625 0.30517578125 -0.732421875 453892
-2.01416015625 0.30517578125 -0.732421875 453893
-0.06103515625 0.06103515625 -1.40380859375 453967
-0.06103515625 0.06103515625 -1.40380859375 454080
-1.5869140625 0.3662109375 -1.03759765625 454081
-1.5869140625 0.3662109375 -1.03759765625 454082
-1.5869140625 0.3662109375 -1.03759765625 454083
-1.5869140625 0.3662109375 -1.03759765625 454084
-1.5869140625 0.3662109375 -1.03759765625 454184
-0.8544921875 0.3662109375 0.54931640625 454203
-0.8544921875 0.3662109375 0.54931640625 454204
-0.8544921875 0.3662109375 0.54931640625 454206
-0.8544921875 0.3662109375 0.54931640625 454207
-0.8544921875 0.3662109375 0.54931640625 454288
-1.28173828125 0.244140625 -1.64794921875 454289
-1.40380859375 0.8544921875 -0.9765625 454381
-1.40380859375 0.8544921875 -0.9765625 454383
-1.40380859375 0.8544921875 -0.9765625 454384
-1.40380859375 0.8544921875 -0.9765625 454385
-1.40380859375 0.8544921875 -0.9765625 454481
1.3427734375 1.77001953125 -1.8310546875 454482
1.3427734375 1.77001953125 -1.8310546875 454483
1.3427734375 1.77001953125 -1.8310546875 454485
1.3427734375 1.77001953125 -1.8310546875 454486
1.3427734375 1.77001953125 -1.8310546875 454585
-0.54931640625 0.79345703125 -1.64794921875 454586
-0.54931640625 0.79345703125 -1.64794921875 454587
-0.54931640625 0.79345703125 -1.64794921875 454588
-0.54931640625 0.79345703125 -1.64794921875 454589
-2.197265625 1.28173828125 -3.35693359375 454667
-2.197265625 1.28173828125 -3.35693359375 454777
-2.197265625 0.244140625 -2.01416015625 454778
-2.197265625 0.244140625 -2.01416015625 454780
-2.197265625 0.244140625 -2.01416015625 454781
-2.197265625 0.244140625 -2.01416015625 454782
-2.197265625 0.244140625 -2.01416015625 454881
-1.953125 0.244140625 -1.40380859375 454882
-1.953125 0.244140625 -1.40380859375 454883
-1.953125 0.244140625 -1.40380859375 454883
-1.953125 0.244140625 -1.40380859375 454884
-1.953125 0.244140625 -1.40380859375 454983
-0.6103515625 0.54931640625 -1.0986328125 454984
-0.6103515625 0.54931640625 -1.0986328125 454985
-0.6103515625 0.54931640625 -1.0986328125 454987
-0.6103515625 0.54931640625 -1.0986328125 454988
-0.6103515625 0.54931640625 -1.0986328125 455108
-2.25830078125 0.42724609375 -1.46484375 455109
-2.25830078125 0.42724609375 -1.46484375 455110
-2.25830078125 0.42724609375 -1.46484375 455111
-2.25830078125 0.42724609375 -1.46484375 455112
-0.1220703125 1.8310546875 -1.89208984375 455188
-0.1220703125 1.8310546875 -1.89208984375 455266
-0.1220703125 -0.244140625 -2.0751953125 455267
-0.1220703125 -0.244140625 -2.0751953125 455268
-0.1220703125 -0.244140625 -2.0751953125 455269
-0.1220703125 -0.244140625 -2.0751953125 455270
-0.1220703125 -0.244140625 -2.0751953125 455383
0.1220703125 1.3427734375 -1.89208984375 455384
0.1220703125 1.3427734375 -1.89208984375 455385
0.1220703125 1.3427734375 -1.89208984375 455387
0.1220703125 1.3427734375 -1.89208984375 455388
2.8076171875 1.89208984375 -2.5634765625 455480
2.8076171875 1.89208984375 -2.5634765625 455582
-0.54931640625 1.220703125 -3.0517578125 455583
-0.54931640625 1.220703125 -3.0517578125 455584
-0.54931640625 1.220703125 -3.0517578125 455585
-0.54931640625 1.220703125 -3.0517578125 455586
-0.54931640625 1.220703125 -3.0517578125 455686
-1.03759765625 1.15966796875 -2.86865234375 455687
-1.03759765625 1.15966796875 -2.86865234375 455689
-1.03759765625 1.15966796875 -2.86865234375 455690
-1.03759765625 1.15966796875 -2.86865234375 455691
-1.03759765625 1.15966796875 -2.86865234375 455816
-2.197265625 1.77001953125 -2.13623046875 455819
-2.197265625 1.77001953125 -2.13623046875 455820
-2.197265625 1.77001953125 -2.13623046875 455821
-2.197265625 1.77001953125 -2.13623046875 455821
-2.197265625 1.77001953125 -2.13623046875 456252
-2.74658203125 0.06103515625 -2.685546875 456254
-2.74658203125 0.06103515625 -2.685546875 456255
-2.74658203125 0.06103515625 -2.685546875 456256
-2.74658203125 0.06103515625 -2.685546875 456257
-1.28173828125 0.6103515625 -3.47900390625 456259
2.25830078125 1.28173828125 -2.86865234375 456260
2.01416015625 1.46484375 -1.953125 456272
0.54931640625 0.244140625 -2.0751953125 456284
0.54931640625 0.244140625 -2.0751953125 456421
-1.15966796875 0.6103515625 -0.732421875 456422
-1.15966796875 0.6103515625 -0.732421875 456423
-1.15966796875 0.6103515625 -0.732421875 456435
-1.15966796875 0.6103515625 -0.732421875 456436
-2.86865234375 0.48828125 -4.33349609375 456466
-2.86865234375 0.48828125 -4.33349609375 456578
-0.06103515625 0.6103515625 -2.25830078125 456579
-0.06103515625 0.6103515625 -2.25830078125 456580
-0.06103515625 0.6103515625 -2.25830078125 456582
-0.06103515625 0.6103515625 -2.25830078125 456583
-0.06103515625 0.6103515625 -2.25830078125 456680
-0.48828125 0.91552734375 -0.3662109375 456681
-0.48828125 0.91552734375 -0.3662109375 456682
-0.48828125 0.91552734375 -0.3662109375 456683
-0.48828125 0.91552734375 -0.3662109375 456684
-0.48828125 0.91552734375 -0.3662109375 456782
0.91552734375 0.91552734375 -1.28173828125 456783
0.91552734375 0.91552734375 -1.28173828125 456784
0.91552734375 0.91552734375 -1.28173828125 456785
0.91552734375 0.91552734375 -1.28173828125 456787
0.91552734375 0.91552734375 -1.28173828125 456885
-0.91552734375 -0.06103515625 -0.9765625 456887
-0.91552734375 -0.06103515625 -0.9765625 456888
-0.91552734375 -0.06103515625 -0.9765625 456889
-0.91552734375 -0.06103515625 -0.9765625 456890
-0.91552734375 -0.06103515625 -0.9765625 456989
-0.91552734375 -0.6103515625 -3.173828125 456990
-0.91552734375 -0.6103515625 -3.173828125 456991
-0.91552734375 -0.6103515625 -3.173828125 456993
-0.91552734375 -0.6103515625 -3.173828125 456994
-2.197265625 0.6103515625 -1.89208984375 457078
-2.197265625 0.6103515625 -1.89208984375 457170
-3.60107421875 1.708984375 -2.86865234375 457172
-3.60107421875 1.708984375 -2.86865234375 457173
-3.60107421875 1.708984375 -2.86865234375 457174
-3.60107421875 1.708984375 -2.86865234375 457175
-3.60107421875 1.708984375 -2.86865234375 457282
-1.220703125 0.30517578125 -3.60107421875 457283
-1.220703125 0.30517578125 -3.60107421875 457284
-1.220703125 0.30517578125 -3.60107421875 457285
-1.220703125 0.30517578125 -3.60107421875 457286
-1.5869140625 0.732421875 -2.197265625 457409
-1.5869140625 0.732421875 -2.197265625 457410
-1.5869140625 0.732421875 -2.197265625 457412
-1.5869140625 0.732421875 -2.197265625 457413
-1.5869140625 0.732421875 -2.197265625 457487
-2.44140625 1.46484375 -3.2958984375 457489
-2.44140625 1.46484375 -3.2958984375 457590
1.03759765625 0.79345703125 -1.52587890625 457591
1.03759765625 0.79345703125 -1.52587890625 457592
1.03759765625 0.79345703125 -1.52587890625 457612
1.03759765625 0.79345703125 -1.52587890625 457613
-0.67138671875 0.48828125 -1.77001953125 457677
-0.67138671875 0.48828125 -1.77001953125 457782
-1.0986328125 1.03759765625 -2.86865234375 457783
-1.0986328125 1.03759765625 -2.86865234375 457784
-1.0986328125 1.03759765625 -2.86865234375 457786
-1.0986328125 1.03759765625 -2.86865234375 457787
0.1220703125 0 -1.15966796875 457884
0.1220703125 0 -1.15966796875 457885
0.1220703125 0 -1.15966796875 457886
0.1220703125 0 -1.15966796875 457887
0.1220703125 0 -1.15966796875 458002
-1.15966796875 0.8544921875 -2.5634765625 458003
-1.15966796875 0.8544921875 -2.5634765625 458005
-1.15966796875 0.8544921875 -2.5634765625 458006
-1.15966796875 0.8544921875 -2.5634765625 458007
-2.99072265625 1.77001953125 -1.3427734375 458093
-2.99072265625 1.77001953125 -1.3427734375 458189
-1.89208984375 0.48828125 -1.64794921875 458191
-1.89208984375 0.48828125 -1.64794921875 458192
-1.89208984375 0.48828125 -1.64794921875 458193
-1.89208984375 0.48828125 -1.64794921875 458194
-2.197265625 0.18310546875 -4.45556640625 458280
-2.197265625 0.18310546875 -4.45556640625 458398
-4.45556640625 2.25830078125 -4.21142578125 458400
-4.45556640625 2.25830078125 -4.21142578125 458401
-4.45556640625 2.25830078125 -4.21142578125 458402
-4.45556640625 2.25830078125 -4.21142578125 458403
-5.31005859375 1.52587890625 -7.01904296875 458485
-5.31005859375 1.52587890625 -7.01904296875 458587
-0.48828125 -0.6103515625 -7.8125 458589
-0.48828125 -0.6103515625 -7.8125 458590
-0.48828125 -0.6103515625 -7.8125 458591
-0.48828125 -0.6103515625 -7.8125 458592
-0.48828125 -0.6103515625 -7.8125 458689
-2.44140625 1.40380859375 -7.01904296875 458690
-2.44140625 1.40380859375 -7.01904296875 458691
-2.44140625 1.40380859375 -7.01904296875 458692
-2.44140625 1.40380859375 -7.01904296875 458693
-1.953125 3.23486328125 -6.34765625 458780
-1.953125 3.23486328125 -6.34765625 458882
-3.60107421875 4.21142578125 -12.20703125 458883
-3.60107421875 4.21142578125 -12.20703125 458884
-3.60107421875 4.21142578125 -12.20703125 458885
-3.60107421875 4.21142578125 -12.20703125 458899
-3.60107421875 4.21142578125 -12.20703125 458999
-2.50244140625 1.28173828125 -15.13671875 459000
-2.50244140625 1.28173828125 -15.13671875 459001
-2.50244140625 1.28173828125 -15.13671875 459002
-2.50244140625 1.28173828125 -15.13671875 459003
-2.50244140625 1.28173828125 -15.13671875 459100
0.6103515625 1.28173828125 -13.00048828125 459103
0.6103515625 1.28173828125 -13.00048828125 459104
0.6103515625 1.28173828125 -13.00048828125 459106
0.6103515625 1.28173828125 -13.00048828125 459107
3.41796875 -0.18310546875 -17.08984375 459188
3.41796875 -0.18310546875 -17.08984375 459267
-1.28173828125 -0.6103515625 -15.44189453125 459268
-1.28173828125 -0.6103515625 -15.44189453125 459270
-1.28173828125 -0.6103515625 -15.44189453125 459271
-1.28173828125 -0.6103515625 -15.44189453125 459273
-1.28173828125 -0.6103515625 -15.44189453125 459378
15.07568359375 -2.8076171875 -13.85498046875 459379
15.07568359375 -2.8076171875 -13.85498046875 459380
15.07568359375 -2.8076171875 -13.85498046875 459381
15.07568359375 -2.8076171875 -13.85498046875 459382
15.07568359375 -2.8076171875 -13.85498046875 459480
21.8505859375 10.8642578125 -24.90234375 459481
21.8505859375 10.8642578125 -24.90234375 459482
21.8505859375 10.8642578125 -24.90234375 459483
21.8505859375 10.8642578125 -24.90234375 459484
21.8505859375 10.8642578125 -24.90234375 459586
16.7236328125 15.7470703125 -19.47021484375 459587
16.7236328125 15.7470703125 -19.47021484375 459588
16.7236328125 15.7470703125 -19.47021484375 459589
16.7236328125 15.7470703125 -19.47021484375 459589
49.37744140625 16.54052734375 -16.90673828125 459683
49.37744140625 16.54052734375 -16.90673828125 459787
42.41943359375 25.0244140625 -24.2919921875 459788
42.41943359375 25.0244140625 -24.2919921875 459789
42.41943359375 25.0244140625 -24.2919921875 459790
42.41943359375 25.0244140625 -24.2919921875 459791
42.41943359375 25.0244140625 -24.2919921875 459889
46.69189453125 36.19384765625 -35.5224609375 459890
46.69189453125 36.19384765625 -35.5224609375 459891
46.69189453125 36.19384765625 -35.5224609375 459892
46.69189453125 36.19384765625 -35.5224609375 459893
58.2275390625 49.01123046875 -30.33447265625 459971
58.2275390625 49.01123046875 -30.33447265625 460083
47.54638671875 51.025390625 -15.869140625 460084
47.54638671875 51.025390625 -15.869140625 460085
47.54638671875 51.025390625 -15.869140625 460086
47.54638671875 51.025390625 -15.869140625 460098
47.54638671875 51.025390625 -15.869140625 460185
49.6826171875 46.32568359375 -22.88818359375 460186
49.6826171875 46.32568359375 -22.88818359375 460187
49.6826171875 46.32568359375 -22.88818359375 460188
49.6826171875 46.32568359375 -22.88818359375 460189
49.6826171875 46.32568359375 -22.88818359375 460288
35.82763671875 47.42431640625 -22.52197265625 460289
35.82763671875 47.42431640625 -22.52197265625 460290
35.82763671875 47.42431640625 -22.52197265625 460291
35.82763671875 47.42431640625 -22.52197265625 460293
35.82763671875 47.42431640625 -22.52197265625 460390
18.06640625 39.794921875 -7.6904296875 460391
18.06640625 39.794921875 -7.6904296875 460393
18.06640625 39.794921875 -7.6904296875 460394
18.06640625 39.794921875 -7.6904296875 460395
26.123046875 35.21728515625 -16.29638671875 460468
26.123046875 35.21728515625 -16.29638671875 460578
42.78564453125 49.9267578125 -11.23046875 460580
42.78564453125 49.9267578125 -11.23046875 460581
42.78564453125 49.9267578125 -11.23046875 460582
42.78564453125 49.9267578125 -11.23046875 460583
42.78564453125 49.9267578125 -11.23046875 460681
36.4990234375 29.9072265625 -2.197265625 460682
36.4990234375 29.9072265625 -2.197265625 460683
36.4990234375 29.9072265625 -2.197265625 460684
36.4990234375 29.9072265625 -2.197265625 460685
36.4990234375 29.9072265625 -2.197265625 460785
-55.0537109375 -21.42333984375 13.85498046875 460786
-55.0537109375 -21.42333984375 13.85498046875 460787
-55.0537109375 -21.42333984375 13.85498046875 460788
-55.0537109375 -21.42333984375 13.85498046875 460789
-55.0537109375 -21.42333984375 13.85498046875 460901
-65.7958984375 -42.236328125 -8.97216796875 460903
-65.7958984375 -42.236328125 -8.97216796875 460923
-65.7958984375 -42.236328125 -8.97216796875 460926
-65.7958984375 -42.236328125 -8.97216796875 460927
-95.15380859375 -49.62158203125 2.685546875 460990
-95.15380859375 -49.62158203125 2.685546875 461071
-65.73486328125 -56.15234375 28.076171875 461072
-65.73486328125 -56.15234375 28.076171875 461073
-65.73486328125 -56.15234375 28.076171875 461075
-65.73486328125 -56.15234375 28.076171875 461076
-65.73486328125 -56.15234375 28.076171875 461179
-32.958984375 -32.958984375 45.0439453125 461180
-32.958984375 -32.958984375 45.0439453125 461181
-32.958984375 -32.958984375 45.0439453125 461182
-32.958984375 -32.958984375 45.0439453125 461183
-20.99609375 -32.1044921875 36.07177734375 461277
-20.99609375 -32.1044921875 36.07177734375 461384
-26.4892578125 -38.2080078125 32.53173828125 461385
-26.4892578125 -38.2080078125 32.53173828125 461386
-26.4892578125 -38.2080078125 32.53173828125 461388
-26.4892578125 -38.2080078125 32.53173828125 461389
-26.4892578125 -38.2080078125 32.53173828125 461486
-2.13623046875 -20.44677734375 18.9208984375 461487
-2.13623046875 -20.44677734375 18.9208984375 461488
-2.13623046875 -20.44677734375 18.9208984375 461489
-2.13623046875 -20.44677734375 18.9208984375 461490
-2.13623046875 -20.44677734375 18.9208984375 461589
7.50732421875 -15.80810546875 16.29638671875 461591
7.50732421875 -15.80810546875 16.29638671875 461592
7.50732421875 -15.80810546875 16.29638671875 461594
7.50732421875 -15.80810546875 16.29638671875 461595
11.3525390625 0.06103515625 -0.48828125 461667
11.3525390625 0.06103515625 -0.48828125 461783
7.87353515625 -0.54931640625 3.662109375 461784
7.87353515625 -0.54931640625 3.662109375 461786
7.87353515625 -0.54931640625 3.662109375 461811
7.87353515625 -0.54931640625 3.662109375 461816
7.87353515625 -0.54931640625 3.662109375 461889
1.0986328125 -1.46484375 1.52587890625 461890
1.0986328125 -1.46484375 1.52587890625 461891
1.0986328125 -1.46484375 1.52587890625 461892
-6.591796875 -3.84521484375 8.1787109375 461987
-6.591796875 -3.84521484375 8.1787109375 461988
-6.591796875 -3.84521484375 8.1787109375 462090
-3.0517578125 -7.4462890625 13.61083984375 462092
-3.0517578125 -7.4462890625 13.61083984375 462093
-3.0517578125 -7.4462890625 13.61083984375 462094
-3.0517578125 -7.4462890625 13.61083984375 462095
-0.6103515625 -3.96728515625 1.3427734375 462181
-0.6103515625 -3.96728515625 1.3427734375 462282
-23.49853515625 -7.38525390625 5.0048828125 462283
-23.49853515625 -7.38525390625 5.0048828125 462284
-23.49853515625 -7.38525390625 5.0048828125 462285
-23.49853515625 -7.38525390625 5.0048828125 462285
-23.49853515625 -7.38525390625 5.0048828125 462384
-33.75244140625 -8.544921875 6.2255859375 462385
-33.75244140625 -8.544921875 6.2255859375 462386
-33.75244140625 -8.544921875 6.2255859375 462387
-33.75244140625 -8.544921875 6.2255859375 462387
-33.75244140625 -8.544921875 6.2255859375 462487
-28.01513671875 0.3662109375 -0.244140625 462488
-28.01513671875 0.3662109375 -0.244140625 462489
-28.01513671875 0.3662109375 -0.244140625 462490
-28.01513671875 0.3662109375 -0.244140625 462491
-28.01513671875 0.3662109375 -0.244140625 462603
-30.3955078125 -1.3427734375 0.244140625 462605
-30.3955078125 -1.3427734375 0.244140625 462606
-30.3955078125 -1.3427734375 0.244140625 462607
-30.3955078125 -1.3427734375 0.244140625 462608
-35.46142578125 -3.72314453125 2.62451171875 462667
-35.46142578125 -3.72314453125 2.62451171875 462779
-17.15087890625 -0.30517578125 -1.953125 462780
-17.15087890625 -0.30517578125 -1.953125 462781
-17.15087890625 -0.30517578125 -1.953125 462782
-17.15087890625 -0.30517578125 -1.953125 462783
-17.15087890625 -0.30517578125 -1.953125 462882
-9.82666015625 -0.244140625 -1.8310546875 462883
-9.82666015625 -0.244140625 -1.8310546875 462884
-9.82666015625 -0.244140625 -1.8310546875 462885
-9.82666015625 -0.244140625 -1.8310546875 462886
-9.82666015625 -0.244140625 -1.8310546875 462998
-24.7802734375 -0.244140625 -4.150390625 462999
-24.7802734375 -0.244140625 -4.150390625 463000
-24.7802734375 -0.244140625 -4.150390625 463001
-24.7802734375 -0.244140625 -4.150390625 463002
-13.3056640625 1.64794921875 0.79345703125 463088
-13.3056640625 1.64794921875 0.79345703125 463188
-7.75146484375 5.0048828125 -0.30517578125 463189
-7.75146484375 5.0048828125 -0.30517578125 463190
-7.75146484375 5.0048828125 -0.30517578125 463191
-7.75146484375 5.0048828125 -0.30517578125 463192
-10.009765625 4.5166015625 -4.45556640625 463267
-10.009765625 4.5166015625 -4.45556640625 463380
-5.9814453125 -0.732421875 -3.72314453125 463381
-5.9814453125 -0.732421875 -3.72314453125 463383
-5.9814453125 -0.732421875 -3.72314453125 463384
-5.9814453125 -0.732421875 -3.72314453125 463385
-5.9814453125 -0.732421875 -3.72314453125 463482
-0.54931640625 0 -5.4931640625 463483
-0.54931640625 0 -5.4931640625 463484
-0.54931640625 0 -5.4931640625 463485
-0.54931640625 0 -5.4931640625 463486
-2.5634765625 0.06103515625 -2.62451171875 463569
-2.5634765625 0.06103515625 -2.62451171875 463681
1.3427734375 0.67138671875 -4.21142578125 463682
1.3427734375 0.67138671875 -4.21142578125 463683
1.3427734375 0.67138671875 -4.21142578125 463685
1.3427734375 0.67138671875 -4.21142578125 463696
1.3427734375 0.67138671875 -4.21142578125 463782
1.03759765625 1.708984375 -3.23486328125 463783
1.03759765625 1.708984375 -3.23486328125 463784
1.03759765625 1.708984375 -3.23486328125 463786
1.03759765625 1.708984375 -3.23486328125 463786
1.03759765625 1.708984375 -3.23486328125 463885
-0.6103515625 -0.244140625 0.244140625 463886
-0.6103515625 -0.244140625 0.244140625 463887
-0.6103515625 -0.244140625 0.244140625 463888
-0.6103515625 -0.244140625 0.244140625 463889
-0.6103515625 -0.244140625 0.244140625 463989
-0.1220703125 -0.1220703125 -0.8544921875 463990
-0.1220703125 -0.1220703125 -0.8544921875 463992
-0.1220703125 -0.1220703125 -0.8544921875 463993
-0.1220703125 -0.1220703125 -0.8544921875 463994
-0.1220703125 -0.1220703125 -0.8544921875 464090
-1.46484375 -0.244140625 -2.01416015625 464091
-1.46484375 -0.244140625 -2.01416015625 464092
-1.46484375 -0.244140625 -2.01416015625 464093
-1.46484375 -0.244140625 -2.01416015625 464094
-1.64794921875 0.30517578125 -3.2958984375 464169
-1.64794921875 0.30517578125 -3.2958984375 464281
-1.0986328125 1.52587890625 -2.0751953125 464283
-1.0986328125 1.52587890625 -2.0751953125 464283
-1.0986328125 1.52587890625 -2.0751953125 464284
-1.0986328125 1.52587890625 -2.0751953125 464285
-1.0986328125 1.52587890625 -2.0751953125 464383
-0.1220703125 1.0986328125 -2.99072265625 464384
-0.1220703125 1.0986328125 -2.99072265625 464385
-0.1220703125 1.0986328125 -2.99072265625 464386
-0.1220703125 1.0986328125 -2.99072265625 464387
-0.1220703125 1.0986328125 -2.99072265625 464485
-0.9765625 1.03759765625 -3.173828125 464486
-0.9765625 1.03759765625 -3.173828125 464487
-0.9765625 1.03759765625 -3.173828125 464488
-0.9765625 1.03759765625 -3.173828125 464488
-0.9765625 1.03759765625 -3.173828125 464601
0.18310546875 -0.30517578125 -0.3662109375 464602
0.18310546875 -0.30517578125 -0.3662109375 464603
0.18310546875 -0.30517578125 -0.3662109375 464604
0.18310546875 -0.30517578125 -0.3662109375 464605
-2.74658203125 0.06103515625 -0.3662109375 464688
-2.74658203125 0.06103515625 -0.3662109375 464791
-1.0986328125 1.03759765625 -0.6103515625 464793
-1.0986328125 1.03759765625 -0.6103515625 464794
-1.0986328125 1.03759765625 -0.6103515625 464796
-1.0986328125 1.03759765625 -0.6103515625 464797
-2.25830078125 0.18310546875 -0.244140625 464883
-2.25830078125 0.18310546875 -0.244140625 464981
1.3427734375 -0.42724609375 -0.732421875 464982
1.3427734375 -0.42724609375 -0.732421875 464983
1.3427734375 -0.42724609375 -0.732421875 464984
1.3427734375 -0.42724609375 -0.732421875 464985
1.3427734375 -0.42724609375 -0.732421875 465083
-1.03759765625 0.18310546875 -0.244140625 465084
-1.03759765625 0.18310546875 -0.244140625 465085
-1.03759765625 0.18310546875 -0.244140625 465086
-1.03759765625 0.18310546875 -0.244140625 465087
-1.03759765625 0.18310546875 -0.244140625 465196
-2.5634765625 0.42724609375 -2.13623046875 465197
-2.5634765625 0.42724609375 -2.13623046875 465198
-2.5634765625 0.42724609375 -2.13623046875 465199
-2.5634765625 0.42724609375 -2.13623046875 465200
-2.5634765625 0.42724609375 -2.13623046875 465305
-3.0517578125 0.3662109375 -2.197265625 465307
-3.0517578125 0.3662109375 -2.197265625 465308
-3.0517578125 0.3662109375 -2.197265625 465309
-3.0517578125 0.3662109375 -2.197265625 465310
-1.40380859375 0.54931640625 -1.15966796875 465394
-1.40380859375 0.54931640625 -1.15966796875 465488
-0.8544921875 0.79345703125 -2.86865234375 465489
-0.8544921875 0.79345703125 -2.86865234375 465491
-0.8544921875 0.79345703125 -2.86865234375 465492
-0.8544921875 0.79345703125 -2.86865234375 465494
-0.06103515625 -0.3662109375 -1.77001953125 465586
-0.06103515625 -0.3662109375 -1.77001953125 465689
-0.18310546875 0.91552734375 -0.54931640625 465690
-0.18310546875 0.91552734375 -0.54931640625 465691
-0.18310546875 0.91552734375 -0.54931640625 465692
-0.18310546875 0.91552734375 -0.54931640625 465693
-1.46484375 -0.244140625 -1.52587890625 465779
-1.46484375 -0.244140625 -1.52587890625 465883
-2.74658203125 0.732421875 -2.13623046875 465884
-2.74658203125 0.732421875 -2.13623046875 465886
-2.74658203125 0.732421875 -2.13623046875 465887
-2.74658203125 0.732421875 -2.13623046875 465898
-2.74658203125 0.732421875 -2.13623046875 465985
-3.0517578125 -0.06103515625 -1.46484375 465986
-3.0517578125 -0.06103515625 -1.46484375 465987
-3.0517578125 -0.06103515625 -1.46484375 465988
-3.0517578125 -0.06103515625 -1.46484375 465989
-3.0517578125 -0.06103515625 -1.46484375 466087
-3.23486328125 1.0986328125 -0.54931640625 466088
-3.23486328125 1.0986328125 -0.54931640625 466089
-3.23486328125 1.0986328125 -0.54931640625 466090
-3.23486328125 1.0986328125 -0.54931640625 466092
-3.23486328125 1.0986328125 -0.54931640625 466190
0.91552734375 0.8544921875 -2.86865234375 466191
0.91552734375 0.8544921875 -2.86865234375 466192
0.91552734375 0.8544921875 -2.86865234375 466193
0.91552734375 0.8544921875 -2.86865234375 466194
0.06103515625 -0.48828125 -2.13623046875 466269
0.06103515625 -0.48828125 -2.13623046875 466398
-0.06103515625 2.38037109375 -1.953125 466399
-0.06103515625 2.38037109375 -1.953125 466400
-0.06103515625 2.38037109375 -1.953125 466401
-0.06103515625 2.38037109375 -1.953125 466402
0.6103515625 0.732421875 -2.5634765625 466481
0.6103515625 0.732421875 -2.5634765625 466576
-3.5400390625 -0.732421875 -1.89208984375 466577
-3.5400390625 -0.732421875 -1.89208984375 466578
-3.5400390625 -0.732421875 -1.89208984375 466579
-3.5400390625 -0.732421875 -1.89208984375 466580
-3.5400390625 -0.732421875 -1.89208984375 466686
-0.54931640625 -0.67138671875 -0.3662109375 466687
-0.54931640625 -0.67138671875 -0.3662109375 466689
-0.54931640625 -0.67138671875 -0.3662109375 466690
-0.54931640625 -0.67138671875 -0.3662109375 466691
-5.18798828125 1.5869140625 -3.0517578125 466771
-5.18798828125 1.5869140625 -3.0517578125 466883
-2.25830078125 0 -1.220703125 466884
-2.25830078125 0 -1.220703125 466885
-2.25830078125 0 -1.220703125 466887
-2.25830078125 0 -1.220703125 466888
-1.0986328125 0 -1.89208984375 466986
-1.0986328125 0 -1.89208984375 466987
-1.0986328125 0 -1.89208984375 466988
-1.0986328125 0 -1.89208984375 466989
-1.0986328125 0 -1.89208984375 467089
1.40380859375 -0.1220703125 0.6103515625 467090
1.40380859375 -0.1220703125 0.6103515625 467091
1.40380859375 -0.1220703125 0.6103515625 467092
1.40380859375 -0.1220703125 0.6103515625 467093
-2.44140625 0.1220703125 -2.99072265625 467171
-2.44140625 0.1220703125 -2.99072265625 467282
-1.953125 0.6103515625 -2.685546875 467283
-1.953125 0.6103515625 -2.685546875 467284
-1.953125 0.6103515625 -2.685546875 467285
-1.953125 0.6103515625 -2.685546875 467286
-1.953125 0.6103515625 -2.685546875 467387
-4.45556640625 0.6103515625 0 467388
-4.45556640625 0.6103515625 0 467389
-4.45556640625 0.6103515625 0 467390
-4.45556640625 0.6103515625 0 467391
-4.45556640625 0.6103515625 0 467489
-2.01416015625 1.0986328125 -2.99072265625 467490
-2.01416015625 1.0986328125 -2.99072265625 467491
-2.01416015625 1.0986328125 -2.99072265625 467492
-2.01416015625 1.0986328125 -2.99072265625 467493
1.77001953125 0 -0.79345703125 467571
1.77001953125 0 -0.79345703125 467683
-2.44140625 1.03759765625 -0.67138671875 467683
-2.44140625 1.03759765625 -0.67138671875 467684
-2.44140625 1.03759765625 -0.67138671875 467685
-2.44140625 1.03759765625 -0.67138671875 467686
-3.84521484375 0.42724609375 -2.5634765625 467796
-3.84521484375 0.42724609375 -2.5634765625 467798
-3.84521484375 0.42724609375 -2.5634765625 467799
-3.84521484375 0.42724609375 -2.5634765625 467800
-3.84521484375 0.42724609375 -2.5634765625 467889
1.708984375 0.1220703125 -0.732421875 467890
1.52587890625 0.9765625 -2.38037109375 467980
1.52587890625 0.9765625 -2.38037109375 467981
1.52587890625 0.9765625 -2.38037109375 467982
1.52587890625 0.9765625 -2.38037109375 467983
1.52587890625 0.9765625 -2.38037109375 468101
-1.708984375 0.48828125 0.3662109375 468102
-1.708984375 0.48828125 0.3662109375 468103
-1.708984375 0.48828125 0.3662109375 468104
-1.708984375 0.48828125 0.3662109375 468106
-1.46484375 0.8544921875 -3.2958984375 468185
-1.46484375 0.8544921875 -3.2958984375 468289
-1.03759765625 1.46484375 -5.2490234375 468290
-1.03759765625 1.46484375 -5.2490234375 468291
-1.03759765625 1.46484375 -5.2490234375 468292
-1.03759765625 1.46484375 -5.2490234375 468293
-1.03759765625 1.46484375 -5.2490234375 468394
2.25830078125 0.3662109375 -0.6103515625 468396
2.25830078125 0.3662109375 -0.6103515625 468397
2.25830078125 0.3662109375 -0.6103515625 468397
2.25830078125 0.3662109375 -0.6103515625 468399
-0.79345703125 -0.3662109375 -1.0986328125 468469
-0.79345703125 -0.3662109375 -1.0986328125 468595
-1.5869140625 -0.6103515625 -1.0986328125 468596
-1.5869140625 -0.6103515625 -1.0986328125 468597
-1.5869140625 -0.6103515625 -1.0986328125 468598
-1.5869140625 -0.6103515625 -1.0986328125 468599
-1.5869140625 -0.6103515625 -1.0986328125 468698
-1.0986328125 0 -2.25830078125 468699
-1.0986328125 0 -2.25830078125 468700
-1.0986328125 0 -2.25830078125 468701
-1.0986328125 0 -2.25830078125 468702
-1.708984375 -0.244140625 -1.52587890625 468786
-1.708984375 -0.244140625 -1.52587890625 468889
-2.01416015625 1.708984375 -1.40380859375 468890
-2.01416015625 1.708984375 -1.40380859375 468891
-2.01416015625 1.708984375 -1.40380859375 468892
-2.01416015625 1.708984375 -1.40380859375 468893
-2.01416015625 1.708984375 -1.40380859375 468991
-1.40380859375 -0.54931640625 -0.3662109375 468992
-1.40380859375 -0.54931640625 -0.3662109375 468993
-1.40380859375 -0.54931640625 -0.3662109375 469016
-1.40380859375 -0.54931640625 -0.3662109375 469017
-2.01416015625 0.3662109375 -3.0517578125 469069
-2.01416015625 0.3662109375 -3.0517578125 469193
-0.18310546875 0 -2.3193359375 469195
-0.18310546875 0 -2.3193359375 469197
-0.18310546875 0 -2.3193359375 469198
-0.18310546875 0 -2.3193359375 469199
-0.18310546875 0 -2.3193359375 469297
0.244140625 1.8310546875 -0.3662109375 469298
0.244140625 1.8310546875 -0.3662109375 469299
0.244140625 1.8310546875 -0.3662109375 469300
0.244140625 1.8310546875 -0.3662109375 469301
-0.244140625 0.18310546875 -2.25830078125 469385
-0.244140625 0.18310546875 -2.25830078125 469488
-0.54931640625 0.42724609375 -1.28173828125 469489
-0.54931640625 0.42724609375 -1.28173828125 469490
-0.54931640625 0.42724609375 -1.28173828125 469490
-0.54931640625 0.42724609375 -1.28173828125 469491
-0.54931640625 0.42724609375 -1.28173828125 469593
0.67138671875 0.67138671875 -1.03759765625 469594
0.67138671875 0.67138671875 -1.03759765625 469595
0.67138671875 0.67138671875 -1.03759765625 469597
0.67138671875 0.67138671875 -1.03759765625 469598
-0.48828125 0.9765625 -2.0751953125 469680
-0.48828125 0.9765625 -2.0751953125 469781
0 0.06103515625 -2.01416015625 469782
0 0.06103515625 -2.01416015625 469783
0 0.06103515625 -2.01416015625 469784
0 0.06103515625 -2.01416015625 469786
0 0.06103515625 -2.01416015625 469887
-0.91552734375 0.9765625 -3.23486328125 469888
-0.91552734375 0.9765625 -3.23486328125 469889
-0.91552734375 0.9765625 -3.23486328125 469890
-0.91552734375 0.9765625 -3.23486328125 469891
-0.91552734375 0.9765625 -3.23486328125 469992
-1.15966796875 0.18310546875 -2.0751953125 469993
-1.15966796875 0.18310546875 -2.0751953125 469994
-1.15966796875 0.18310546875 -2.0751953125 469995
-1.15966796875 0.18310546875 -2.0751953125 469996
-1.708984375 1.953125 -1.89208984375 470069
-1.708984375 1.953125 -1.89208984375 470202
0.91552734375 1.5869140625 -0.9765625 470203
0.91552734375 1.5869140625 -0.9765625 470205
0.91552734375 1.5869140625 -0.9765625 470206
0.91552734375 1.5869140625 -0.9765625 470207
-2.197265625 1.5869140625 -4.08935546875 470282
-2.197265625 1.5869140625 -4.08935546875 470385
-0.42724609375 0.6103515625 -2.99072265625 470387
-0.42724609375 0.6103515625 -2.99072265625 470388
-0.42724609375 0.6103515625 -2.99072265625 470389
-0.42724609375 0.6103515625 -2.99072265625 470391
-0.42724609375 0.6103515625 -2.99072265625 470487
-0.6103515625 1.708984375 -2.50244140625 470489
-0.6103515625 1.708984375 -2.50244140625 470490
-0.6103515625 1.708984375 -2.50244140625 470491
-0.6103515625 1.708984375 -2.50244140625 470492
-0.6103515625 1.708984375 -2.50244140625 470591
0.8544921875 0.3662109375 -2.50244140625 470593
0.8544921875 0.3662109375 -2.50244140625 470594
0.8544921875 0.3662109375 -2.50244140625 470595
0.8544921875 0.3662109375 -2.50244140625 470597
-2.44140625 0.732421875 -2.3193359375 470668
-2.44140625 0.732421875 -2.3193359375 470780
-2.8076171875 1.77001953125 -2.685546875 470781
-2.8076171875 1.77001953125 -2.685546875 470782
-2.8076171875 1.77001953125 -2.685546875 470783
-2.8076171875 1.77001953125 -2.685546875 470784
-2.8076171875 1.77001953125 -2.685546875 470882
0.3662109375 0.6103515625 -2.86865234375 470883
0.3662109375 0.6103515625 -2.86865234375 470884
0.3662109375 0.6103515625 -2.86865234375 470885
0.3662109375 0.6103515625 -2.86865234375 470886
0.3662109375 0.6103515625 -2.86865234375 470985
-2.74658203125 2.38037109375 -3.7841796875 470986
-2.74658203125 2.38037109375 -3.7841796875 470987
-2.74658203125 2.38037109375 -3.7841796875 470988
-2.74658203125 2.38037109375 -3.7841796875 470989
-2.74658203125 2.38037109375 -3.7841796875 471087
-2.25830078125 1.64794921875 -3.2958984375 471088
-2.25830078125 1.64794921875 -3.2958984375 471090
-2.25830078125 1.64794921875 -3.2958984375 471091
-2.25830078125 1.64794921875 -3.2958984375 471092
-2.25830078125 1.64794921875 -3.2958984375 471190
-4.08935546875 2.9296875 -2.13623046875 471212
-4.08935546875 2.9296875 -2.13623046875 471220
-4.08935546875 2.9296875 -2.13623046875 471221
-4.08935546875 2.9296875 -2.13623046875 471222
-5.18798828125 1.8310546875 -5.43212890625 471269
-5.18798828125 1.8310546875 -5.43212890625 471399
0.18310546875 2.685546875 -2.685546875 471400
0.18310546875 2.685546875 -2.685546875 471402
0.18310546875 2.685546875 -2.685546875 471403
0.18310546875 2.685546875 -2.685546875 471404
-1.46484375 2.74658203125 -8.60595703125 471482
-1.46484375 2.74658203125 -8.60595703125 471600
-4.69970703125 2.197265625 -15.80810546875 471601
-4.69970703125 2.197265625 -15.80810546875 471602
-4.69970703125 2.197265625 -15.80810546875 471603
-4.69970703125 2.197265625 -15.80810546875 471604
-3.72314453125 0.8544921875 -18.4326171875 471692
-3.72314453125 0.8544921875 -18.4326171875 471809
-2.50244140625 -1.03759765625 -21.66748046875 471812
-2.50244140625 -1.03759765625 -21.66748046875 471814
-2.50244140625 -1.03759765625 -21.66748046875 471815
-2.50244140625 -1.03759765625 -21.66748046875 471817
-5.37109375 -2.3193359375 -27.77099609375 471885
-5.37109375 -2.3193359375 -27.77099609375 471994
-2.13623046875 -2.685546875 -25.2685546875 471995
-2.13623046875 -2.685546875 -25.2685546875 471996
-2.13623046875 -2.685546875 -25.2685546875 471997
-2.13623046875 -2.685546875 -25.2685546875 471998
21.3623046875 4.33349609375 -35.888671875 472090
21.3623046875 4.33349609375 -35.888671875 472396
22.03369140625 16.357421875 -34.36279296875 472398
22.03369140625 16.357421875 -34.36279296875 472399
22.03369140625 16.357421875 -34.36279296875 472400
22.03369140625 16.357421875 -34.36279296875 472401
51.81884765625 26.18408203125 -27.83203125 472403
70.12939453125 36.376953125 -36.19384765625 472415
70.12939453125 36.376953125 -36.19384765625 472500
67.93212890625 48.9501953125 -47.119140625 472501
67.93212890625 48.9501953125 -47.119140625 472502
67.93212890625 48.9501953125 -47.119140625 472503
67.93212890625 48.9501953125 -47.119140625 472504
67.93212890625 48.9501953125 -47.119140625 472742
37.04833984375 49.6826171875 -29.11376953125 472743
37.04833984375 49.6826171875 -29.11376953125 472744
37.04833984375 49.6826171875 -29.11376953125 472745
37.04833984375 49.6826171875 -29.11376953125 472746
57.0068359375 54.62646484375 -33.69140625 472747
24.169921875 39.85595703125 -27.34375 472780
24.169921875 39.85595703125 -27.34375 472881
45.10498046875 49.62158203125 -31.43310546875 472882
45.10498046875 49.62158203125 -31.43310546875 472883
45.10498046875 49.62158203125 -31.43310546875 472884
45.10498046875 49.62158203125 -31.43310546875 472885
45.10498046875 49.62158203125 -31.43310546875 472984
11.41357421875 35.82763671875 -17.15087890625 472985
11.41357421875 35.82763671875 -17.15087890625 472986
11.41357421875 35.82763671875 -17.15087890625 472987
11.41357421875 35.82763671875 -17.15087890625 472988
49.31640625 31.8603515625 -18.5546875 473086
49.31640625 31.8603515625 -18.5546875 473087
49.31640625 31.8603515625 -18.5546875 473088
49.31640625 31.8603515625 -18.5546875 473090
49.31640625 31.8603515625 -18.5546875 473196
4.150390625 14.34326171875 -23.92578125 473197
4.150390625 14.34326171875 -23.92578125 473198
4.150390625 14.34326171875 -23.92578125 473199
4.150390625 14.34326171875 -23.92578125 473200
37.9638671875 19.47021484375 -16.845703125 473283
37.9638671875 19.47021484375 -16.845703125 473400
-10.3759765625 -6.40869140625 -5.615234375 473427
-10.3759765625 -6.40869140625 -5.615234375 473429
-10.3759765625 -6.40869140625 -5.615234375 473430
-10.3759765625 -6.40869140625 -5.615234375 473431
-29.47998046875 -29.4189453125 1.8310546875 473490
-29.47998046875 -29.4189453125 1.8310546875 473607
-51.513671875 -58.77685546875 19.71435546875 473608
-51.513671875 -58.77685546875 19.71435546875 473609
-51.513671875 -58.77685546875 19.71435546875 473611
-51.513671875 -58.77685546875 19.71435546875 473612
-122.0703125 -95.0927734375 43.212890625 473669
-122.0703125 -95.0927734375 43.212890625 473787
-101.86767578125 -70.61767578125 49.86572265625 473789
-101.86767578125 -70.61767578125 49.86572265625 473791
-101.86767578125 -70.61767578125 49.86572265625 473791
-101.86767578125 -70.61767578125 49.86572265625 473792
-101.86767578125 -70.61767578125 49.86572265625 473899
-55.908203125 -35.64453125 49.86572265625 473900
-55.908203125 -35.64453125 49.86572265625 473901
-55.908203125 -35.64453125 49.86572265625 473902
-55.908203125 -35.64453125 49.86572265625 473903
-9.82666015625 0.244140625 46.7529296875 473986
-9.82666015625 0.244140625 46.7529296875 474090
-8.23974609375 -12.3291015625 33.447265625 474091
-8.23974609375 -12.3291015625 33.447265625 474092
-8.23974609375 -12.3291015625 33.447265625 474093
-8.23974609375 -12.3291015625 33.447265625 474094
4.94384765625 -17.08984375 40.1611328125 474174
4.94384765625 -17.08984375 40.1611328125 474295
14.95361328125 -26.91650390625 28.13720703125 474297
14.95361328125 -26.91650390625 28.13720703125 474298
14.95361328125 -26.91650390625 28.13720703125 474300
14.95361328125 -26.91650390625 28.13720703125 474301
0.30517578125 -16.11328125 16.54052734375 474389
0.30517578125 -16.11328125 16.54052734375 474492
9.765625 -5.79833984375 8.48388671875 474493
9.765625 -5.79833984375 8.48388671875 474494
9.765625 -5.79833984375 8.48388671875 474495
9.765625 -5.79833984375 8.48388671875 474496
15.56396484375 -1.64794921875 3.72314453125 474585
15.56396484375 -1.64794921875 3.72314453125 474682
13.5498046875 0.244140625 -0.42724609375 474683
13.5498046875 0.244140625 -0.42724609375 474684
13.5498046875 0.244140625 -0.42724609375 474685
13.5498046875 0.244140625 -0.42724609375 474686
13.5498046875 0.244140625 -0.42724609375 474785
9.3994140625 0.06103515625 -0.9765625 474786
9.3994140625 0.06103515625 -0.9765625 474787
9.3994140625 0.06103515625 -0.9765625 474788
9.3994140625 0.06103515625 -0.9765625 474789
9.3994140625 0.06103515625 -0.9765625 474891
6.40869140625 2.01416015625 0.8544921875 474892
6.40869140625 2.01416015625 0.8544921875 474893
6.40869140625 2.01416015625 0.8544921875 474895
6.40869140625 2.01416015625 0.8544921875 474896
6.40869140625 2.01416015625 0.8544921875 474999
1.3427734375 -1.220703125 2.197265625 475000
1.3427734375 -1.220703125 2.197265625 475001
1.3427734375 -1.220703125 2.197265625 475002
1.3427734375 -1.220703125 2.197265625 475002
3.173828125 2.74658203125 -0.244140625 475085
3.173828125 2.74658203125 -0.244140625 475190
0.67138671875 -1.5869140625 1.953125 475191
0.67138671875 -1.5869140625 1.953125 475192
0.67138671875 -1.5869140625 1.953125 475193
0.67138671875 -1.5869140625 1.953125 475194
-15.2587890625 -4.150390625 7.99560546875 475289
-15.2587890625 -4.150390625 7.99560546875 475373
-26.7333984375 -3.72314453125 8.60595703125 475374
-26.7333984375 -3.72314453125 8.60595703125 475375
-26.7333984375 -3.72314453125 8.60595703125 475377
-26.7333984375 -3.72314453125 8.60595703125 475378
-26.7333984375 -3.72314453125 8.60595703125 475482
-31.494140625 -0.8544921875 11.3525390625 475483
-31.494140625 -0.8544921875 11.3525390625 475484
-31.494140625 -0.8544921875 11.3525390625 475485
-31.494140625 -0.8544921875 11.3525390625 475486
-31.494140625 -0.8544921875 11.3525390625 475585
-25.5126953125 -0.79345703125 8.48388671875 475586
-25.5126953125 -0.79345703125 8.48388671875 475587
-25.5126953125 -0.79345703125 8.48388671875 475588
-25.5126953125 -0.79345703125 8.48388671875 475589
-25.5126953125 -0.79345703125 8.48388671875 475687
-37.4755859375 2.25830078125 2.5634765625 475688
-37.4755859375 2.25830078125 2.5634765625 475689
-37.4755859375 2.25830078125 2.5634765625 475690
-37.4755859375 2.25830078125 2.5634765625 475690
-37.4755859375 2.25830078125 2.5634765625 475790
-25.08544921875 3.5400390625 -7.26318359375 475791
-25.08544921875 3.5400390625 -7.26318359375 475792
-25.08544921875 3.5400390625 -7.26318359375 475793
-25.08544921875 3.5400390625 -7.26318359375 475794
-25.08544921875 3.5400390625 -7.26318359375 475892
-9.27734375 3.60107421875 -4.94384765625 475917
-9.27734375 3.60107421875 -4.94384765625 475922
-9.27734375 3.60107421875 -4.94384765625 475924
-9.27734375 3.60107421875 -4.94384765625 475925
-10.19287109375 4.5166015625 -7.6904296875 475970
-10.19287109375 4.5166015625 -7.6904296875 476083
-13.48876953125 6.28662109375 -6.89697265625 476117
-13.48876953125 6.28662109375 -6.89697265625 476118
-13.48876953125 6.28662109375 -6.89697265625 476119
-13.48876953125 6.28662109375 -6.89697265625 476121
-13.48876953125 6.28662109375 -6.89697265625 476184
-7.4462890625 6.7138671875 -5.06591796875 476185
-7.4462890625 6.7138671875 -5.06591796875 476287
-10.986328125 5.615234375 -9.033203125 476289
-10.986328125 5.615234375 -9.033203125 476290
-10.986328125 5.615234375 -9.033203125 476291
-10.986328125 5.615234375 -9.033203125 476292
-10.986328125 5.615234375 -9.033203125 476417
-2.8076171875 0.48828125 1.64794921875 476418
-2.8076171875 0.48828125 1.64794921875 476419
-2.8076171875 0.48828125 1.64794921875 476420
-2.8076171875 0.48828125 1.64794921875 476421
-3.41796875 0.06103515625 -1.64794921875 476492
-3.41796875 0.06103515625 -1.64794921875 476571
-2.38037109375 1.28173828125 -1.77001953125 476572
-2.38037109375 1.28173828125 -1.77001953125 476573
-2.38037109375 1.28173828125 -1.77001953125 476574
-2.38037109375 1.28173828125 -1.77001953125 476575
-2.38037109375 1.28173828125 -1.77001953125 476700
-4.7607421875 0.1220703125 -2.9296875 476701
-4.7607421875 0.1220703125 -2.9296875 476711
-4.7607421875 0.1220703125 -2.9296875 476712
-4.7607421875 0.1220703125 -2.9296875 476713
-2.50244140625 -1.15966796875 -3.11279296875 476784
-2.50244140625 -1.15966796875 -3.11279296875 476887
0.91552734375 0.244140625 -2.0751953125 476888
0.91552734375 0.244140625 -2.0751953125 476889
0.91552734375 0.244140625 -2.0751953125 476890
0.91552734375 0.244140625 -2.0751953125 476891
0.91552734375 0.244140625 -2.0751953125 476991
0.30517578125 1.64794921875 -0.67138671875 476992
0.30517578125 1.64794921875 -0.67138671875 476993
0.30517578125 1.64794921875 -0.67138671875 476994
0.30517578125 1.64794921875 -0.67138671875 477007
0.6103515625 1.52587890625 -4.5166015625 477070
0.6103515625 1.52587890625 -4.5166015625 477181
1.0986328125 1.03759765625 -2.3193359375 477182
1.0986328125 1.03759765625 -2.3193359375 477183
1.0986328125 1.03759765625 -2.3193359375 477184
1.0986328125 1.03759765625 -2.3193359375 477185
1.0986328125 1.03759765625 -2.3193359375 477284
-1.5869140625 0 -1.64794921875 477285
-1.5869140625 0 -1.64794921875 477286
-1.5869140625 0 -1.64794921875 477287
-1.5869140625 0 -1.64794921875 477288
-1.5869140625 0 -1.64794921875 477386
-3.2958984375 1.220703125 -4.21142578125 477387
-3.2958984375 1.220703125 -4.21142578125 477388
-3.2958984375 1.220703125 -4.21142578125 477389
-3.2958984375 1.220703125 -4.21142578125 477390
-3.2958984375 1.220703125 -4.21142578125 477490
-0.48828125 0.18310546875 -1.3427734375 477491
-0.48828125 0.18310546875 -1.3427734375 477492
-0.48828125 0.18310546875 -1.3427734375 477493
-0.48828125 0.18310546875 -1.3427734375 477494
-0.48828125 0.18310546875 -1.3427734375 477596
0.54931640625 0 -1.40380859375 477597
0.54931640625 0 -1.40380859375 477598
0.54931640625 0 -1.40380859375 477598
0.54931640625 0 -1.40380859375 477599
-3.35693359375 0.8544921875 -1.953125 477670
-3.35693359375 0.8544921875 -1.953125 477781
0 -0.06103515625 -1.77001953125 477782
0 -0.06103515625 -1.77001953125 477783
0 -0.06103515625 -1.77001953125 477784
0 -0.06103515625 -1.77001953125 477785
0 -0.06103515625 -1.77001953125 477898
-2.50244140625 -2.13623046875 0.8544921875 477899
-2.50244140625 -2.13623046875 0.8544921875 477900
-2.50244140625 -2.13623046875 0.8544921875 477901
-2.50244140625 -2.13623046875 0.8544921875 477902
0.06103515625 1.0986328125 -0.18310546875 477987
0.06103515625 1.0986328125 -0.18310546875 478089
0.06103515625 0.732421875 -3.11279296875 478090
0.06103515625 0.732421875 -3.11279296875 478091
0.06103515625 0.732421875 -3.11279296875 478092
0.06103515625 0.732421875 -3.11279296875 478093
0.06103515625 0.732421875 -3.11279296875 478203
-1.28173828125 -0.18310546875 0 478204
-1.28173828125 -0.18310546875 0 478205
-1.28173828125 -0.18310546875 0 478206
-1.28173828125 -0.18310546875 0 478207
-2.3193359375 0.54931640625 -1.708984375 478285
-2.3193359375 0.54931640625 -1.708984375 478388
0.42724609375 0.1220703125 -2.50244140625 478389
0.42724609375 0.1220703125 -2.50244140625 478389
0.42724609375 0.1220703125 -2.50244140625 478390
0.42724609375 0.1220703125 -2.50244140625 478403
0.42724609375 0.1220703125 -2.50244140625 478493
-1.3427734375 0 -0.67138671875 478494
-1.3427734375 0 -0.67138671875 478495
-1.3427734375 0 -0.67138671875 478497
-1.3427734375 0 -0.67138671875 478498
-0.06103515625 0.1220703125 -0.79345703125 478592
-0.06103515625 0.1220703125 -0.79345703125 478671
-1.15966796875 1.3427734375 -2.3193359375 478672
-1.15966796875 1.3427734375 -2.3193359375 478673
-1.15966796875 1.3427734375 -2.3193359375 478674
-1.15966796875 1.3427734375 -2.3193359375 478675
-1.15966796875 1.3427734375 -2.3193359375 478784
-1.15966796875 1.708984375 -2.197265625 478785
-1.15966796875 1.708984375 -2.197265625 478786
-1.15966796875 1.708984375 -2.197265625 478787
-1.15966796875 1.708984375 -2.197265625 478788
-1.15966796875 1.708984375 -2.197265625 478886
0.54931640625 0.67138671875 -0.54931640625 478901
0.54931640625 0.67138671875 -0.54931640625 478902
0.54931640625 0.67138671875 -0.54931640625 478903
0.54931640625 0.67138671875 -0.54931640625 478905
0.54931640625 0.67138671875 -0.54931640625 478989
-2.01416015625 1.5869140625 -2.5634765625 478990
-2.01416015625 1.5869140625 -2.5634765625 479092
0.91552734375 1.52587890625 -2.8076171875 479093
0.91552734375 1.52587890625 -2.8076171875 479094
0.91552734375 1.52587890625 -2.8076171875 479095
0.91552734375 1.52587890625 -2.8076171875 479096
-1.15966796875 1.40380859375 -1.15966796875 479173
-1.15966796875 1.40380859375 -1.15966796875 479285
-0.54931640625 1.0986328125 0.06103515625 479286
-0.54931640625 1.0986328125 0.06103515625 479286
-0.54931640625 1.0986328125 0.06103515625 479287
-0.54931640625 1.0986328125 0.06103515625 479288
-0.54931640625 1.0986328125 0.06103515625 479390
-0.06103515625 -0.18310546875 -1.8310546875 479391
-0.06103515625 -0.18310546875 -1.8310546875 479392
-0.06103515625 -0.18310546875 -1.8310546875 479393
-0.06103515625 -0.18310546875 -1.8310546875 479394
-1.77001953125 -0.1220703125 -1.89208984375 479490
-1.77001953125 -0.1220703125 -1.89208984375 479593
-5.37109375 2.25830078125 -3.96728515625 479594
-5.37109375 2.25830078125 -3.96728515625 479595
-5.37109375 2.25830078125 -3.96728515625 479596
-5.37109375 2.25830078125 -3.96728515625 479597
1.28173828125 0.244140625 0.42724609375 479689
1.28173828125 0.244140625 0.42724609375 479786
-1.03759765625 1.5869140625 -2.62451171875 479787
-1.03759765625 1.5869140625 -2.62451171875 479788
-1.03759765625 1.5869140625 -2.62451171875 479789
-1.03759765625 1.5869140625 -2.62451171875 479790
-3.23486328125 2.44140625 -4.39453125 479881
-3.23486328125 2.44140625 -4.39453125 480001
-2.74658203125 -0.06103515625 -1.46484375 480002
-2.74658203125 -0.06103515625 -1.46484375 480003
-2.74658203125 -0.06103515625 -1.46484375 480004
-2.74658203125 -0.06103515625 -1.46484375 480006
-0.1220703125 0.6103515625 -1.52587890625 480086
-0.1220703125 0.6103515625 -1.52587890625 480189
-2.0751953125 2.13623046875 -4.2724609375 480190
-2.0751953125 2.13623046875 -4.2724609375 480192
-2.0751953125 2.13623046875 -4.2724609375 480193
-2.0751953125 2.13623046875 -4.2724609375 480194
-2.0751953125 2.13623046875 -4.2724609375 480307
-1.5869140625 0.48828125 -3.47900390625 480308
-1.5869140625 0.48828125 -3.47900390625 480309
-1.5869140625 0.48828125 -3.47900390625 480311
-1.5869140625 0.48828125 -3.47900390625 480312
-1.52587890625 1.0986328125 -2.13623046875 480395
-1.52587890625 1.0986328125 -2.13623046875 480472
0.8544921875 1.03759765625 -0.91552734375 480473
0.8544921875 1.03759765625 -0.91552734375 480474
0.8544921875 1.03759765625 -0.91552734375 480475
0.8544921875 1.03759765625 -0.91552734375 480476
0.8544921875 1.03759765625 -0.91552734375 480586
0.8544921875 1.15966796875 -2.50244140625 480587
0.8544921875 1.15966796875 -2.50244140625 480588
0.8544921875 1.15966796875 -2.50244140625 480597
0.8544921875 1.15966796875 -2.50244140625 480598
-1.28173828125 1.03759765625 -1.52587890625 480685
-1.28173828125 1.03759765625 -1.52587890625 480787
0.79345703125 0.79345703125 -0.54931640625 480788
0.79345703125 0.79345703125 -0.54931640625 480789
0.79345703125 0.79345703125 -0.54931640625 480790
0.79345703125 0.79345703125 -0.54931640625 480791
0.79345703125 0.79345703125 -0.54931640625 480890
-0.9765625 1.0986328125 -3.173828125 480891
-0.9765625 1.0986328125 -3.173828125 480892
-0.9765625 1.0986328125 -3.173828125 480893
-0.9765625 1.0986328125 -3.173828125 480893
-0.9765625 1.0986328125 -3.173828125 480993
-1.64794921875 0.54931640625 -1.3427734375 480994
-1.64794921875 0.54931640625 -1.3427734375 480995
-1.64794921875 0.54931640625 -1.3427734375 480996
-1.64794921875 0.54931640625 -1.3427734375 480997
-2.74658203125 0.06103515625 -0.9765625 481088
-2.74658203125 0.06103515625 -0.9765625 481188
-1.8310546875 0.30517578125 0.30517578125 481189
-1.8310546875 0.30517578125 0.30517578125 481190
-1.8310546875 0.30517578125 0.30517578125 481191
-1.8310546875 0.30517578125 0.30517578125 481192
-1.8310546875 0.30517578125 0.30517578125 481292
-1.77001953125 1.220703125 -2.685546875 481293
-1.77001953125 1.220703125 -2.685546875 481294
-1.77001953125 1.220703125 -2.685546875 481295
-1.77001953125 1.220703125 -2.685546875 481296
-1.77001953125 1.220703125 -2.685546875 481394
-1.953125 0.6103515625 -2.3193359375 481396
-1.953125 0.6103515625 -2.3193359375 481397
-1.953125 0.6103515625 -2.3193359375 481398
-1.953125 0.6103515625 -2.3193359375 481400
-0.18310546875 0.67138671875 -1.46484375 481484
-0.18310546875 0.67138671875 -1.46484375 481586
1.52587890625 0.48828125 -2.3193359375 481587
1.52587890625 0.48828125 -2.3193359375 481601
1.52587890625 0.48828125 -2.3193359375 481602
1.52587890625 0.48828125 -2.3193359375 481603
1.52587890625 0.48828125 -2.3193359375 481691
0.244140625 1.0986328125 -1.3427734375 481692
0.244140625 1.0986328125 -1.3427734375 481694
-2.8076171875 1.40380859375 -3.41796875 481781
-2.8076171875 1.40380859375 -3.41796875 481783
-2.8076171875 1.40380859375 -3.41796875 481784
-2.8076171875 1.40380859375 -3.41796875 481885
-2.13623046875 0.67138671875 -1.220703125 481886
-2.13623046875 0.67138671875 -1.220703125 481887
-2.13623046875 0.67138671875 -1.220703125 481888
-2.13623046875 0.67138671875 -1.220703125 481888
-2.13623046875 0.67138671875 -1.220703125 481987
0.732421875 0.42724609375 -1.5869140625 481988
0.732421875 0.42724609375 -1.5869140625 481989
0.732421875 0.42724609375 -1.5869140625 481990
0.732421875 0.42724609375 -1.5869140625 481991
0.732421875 0.42724609375 -1.5869140625 482092
1.708984375 0.8544921875 -0.8544921875 482093
1.708984375 0.8544921875 -0.8544921875 482095
1.708984375 0.8544921875 -0.8544921875 482096
1.708984375 0.8544921875 -0.8544921875 482097
-0.732421875 0.244140625 -1.220703125 482172
-0.732421875 0.244140625 -1.220703125 482285
-0.79345703125 0.30517578125 -2.99072265625 482286
-0.79345703125 0.30517578125 -2.99072265625 482287
-0.79345703125 0.30517578125 -2.99072265625 482288
-0.79345703125 0.30517578125 -2.99072265625 482289
-0.79345703125 0.30517578125 -2.99072265625 482399
0.91552734375 0.48828125 -2.685546875 482401
0.91552734375 0.48828125 -2.685546875 482402
0.91552734375 0.48828125 -2.685546875 482404
0.91552734375 0.48828125 -2.685546875 482405
0.732421875 0.42724609375 -2.13623046875 482491
0.732421875 0.42724609375 -2.13623046875 482571
-2.50244140625 0.8544921875 0 482572
-2.50244140625 0.8544921875 0 482573
-2.50244140625 0.8544921875 0 482575
-2.50244140625 0.8544921875 0 482576
-2.50244140625 0.8544921875 0 482685
-1.52587890625 0 -1.52587890625 482686
-1.52587890625 0 -1.52587890625 482687
-1.52587890625 0 -1.52587890625 482688
-1.52587890625 0 -1.52587890625 482689
-1.52587890625 0 -1.52587890625 482814
-2.62451171875 1.03759765625 -2.0751953125 482815
-2.62451171875 1.03759765625 -2.0751953125 482816
-2.62451171875 1.03759765625 -2.0751953125 482817
-2.62451171875 1.03759765625 -2.0751953125 482817
-0.79345703125 0.79345703125 -1.708984375 482892
-0.79345703125 0.79345703125 -1.708984375 482971
-0.9765625 1.0986328125 -2.74658203125 482972
-0.9765625 1.0986328125 -2.74658203125 482973
-0.9765625 1.0986328125 -2.74658203125 482974
-0.9765625 1.0986328125 -2.74658203125 482975
-0.9765625 1.0986328125 -2.74658203125 483082
-0.06103515625 0.8544921875 -3.0517578125 483083
-0.06103515625 0.8544921875 -3.0517578125 483084
-0.06103515625 0.8544921875 -3.0517578125 483086
-0.06103515625 0.8544921875 -3.0517578125 483087
-0.06103515625 0.8544921875 -3.0517578125 483184
1.15966796875 0.54931640625 -1.52587890625 483185
1.15966796875 0.54931640625 -1.52587890625 483187
1.15966796875 0.54931640625 -1.52587890625 483188
1.15966796875 0.54931640625 -1.52587890625 483189
-3.173828125 0.91552734375 -1.5869140625 483287
-3.173828125 0.91552734375 -1.5869140625 483288
-3.173828125 0.91552734375 -1.5869140625 483289
-3.173828125 0.91552734375 -1.5869140625 483303
-3.173828125 0.91552734375 -1.5869140625 483392
-0.79345703125 0.18310546875 -0.91552734375 483393
-0.79345703125 0.18310546875 -0.91552734375 483394
-0.79345703125 0.18310546875 -0.91552734375 483394
-0.79345703125 0.18310546875 -0.91552734375 483395
0.244140625 0.42724609375 -1.64794921875 483470
0.244140625 0.42724609375 -1.64794921875 483582
-0.6103515625 1.0986328125 -3.662109375 483583
-0.6103515625 1.0986328125 -3.662109375 483584
-0.6103515625 1.0986328125 -3.662109375 483585
-0.6103515625 1.0986328125 -3.662109375 483586
-0.6103515625 1.0986328125 -3.662109375 483683
-0.67138671875 0.48828125 -2.38037109375 483685
-0.67138671875 0.48828125 -2.38037109375 483686
-0.67138671875 0.48828125 -2.38037109375 483687
-0.67138671875 0.48828125 -2.38037109375 483688
-0.67138671875 0.48828125 -2.38037109375 483787
-2.197265625 1.0986328125 -3.11279296875 483789
-2.197265625 1.0986328125 -3.11279296875 483790
-2.197265625 1.0986328125 -3.11279296875 483791
-2.197265625 1.0986328125 -3.11279296875 483792
-2.197265625 1.0986328125 -3.11279296875 483908
0.244140625 0.3662109375 -1.15966796875 483909
0.244140625 0.3662109375 -1.15966796875 483911
0.244140625 0.3662109375 -1.15966796875 483911
0.244140625 0.3662109375 -1.15966796875 483912
-2.86865234375 1.28173828125 -3.72314453125 483992
-2.86865234375 1.28173828125 -3.72314453125 484069
-1.52587890625 1.46484375 -4.45556640625 484071
-1.52587890625 1.46484375 -4.45556640625 484072
-1.52587890625 1.46484375 -4.45556640625 484073
-1.52587890625 1.46484375 -4.45556640625 484074
-1.52587890625 1.46484375 -4.45556640625 484185
-2.74658203125 2.01416015625 -4.39453125 484186
-2.74658203125 2.01416015625 -4.39453125 484188
-2.74658203125 2.01416015625 -4.39453125 484189
-2.74658203125 2.01416015625 -4.39453125 484190
-3.72314453125 0.8544921875 -5.9814453125 484283
-3.72314453125 0.8544921875 -5.9814453125 484386
-5.4931640625 -1.8310546875 -9.82666015625 484387
-5.4931640625 -1.8310546875 -9.82666015625 484388
-5.4931640625 -1.8310546875 -9.82666015625 484389
-5.4931640625 -1.8310546875 -9.82666015625 484390
-5.4931640625 -1.8310546875 -9.82666015625 484492
-3.84521484375 0.48828125 -9.09423828125 484493
-3.84521484375 0.48828125 -9.09423828125 484494
-3.84521484375 0.48828125 -9.09423828125 484494
-3.84521484375 0.48828125 -9.09423828125 484495
-3.84521484375 0.48828125 -9.09423828125 484598
-5.0048828125 2.8076171875 -17.15087890625 484600
-5.0048828125 2.8076171875 -17.15087890625 484601
-5.0048828125 2.8076171875 -17.15087890625 484602
-5.0048828125 2.8076171875 -17.15087890625 484603
-1.77001953125 0.79345703125 -21.1181640625 484684
-1.77001953125 0.79345703125 -21.1181640625 484776
0.6103515625 -1.220703125 -19.47021484375 484808
0.6103515625 -1.220703125 -19.47021484375 484810
0.6103515625 -1.220703125 -19.47021484375 484811
0.6103515625 -1.220703125 -19.47021484375 484811
0.6103515625 -1.220703125 -19.47021484375 484892
4.69970703125 -2.25830078125 -20.93505859375 484893
8.1787109375 -0.3662109375 -23.01025390625 484971
8.1787109375 -0.3662109375 -23.01025390625 484973
8.1787109375 -0.3662109375 -23.01025390625 484974
8.1787109375 -0.3662109375 -23.01025390625 484974
8.1787109375 -0.3662109375 -23.01025390625 485085
28.9306640625 10.25390625 -33.69140625 485086
28.9306640625 10.25390625 -33.69140625 485087
28.9306640625 10.25390625 -33.69140625 485088
28.9306640625 10.25390625 -33.69140625 485089
28.9306640625 10.25390625 -33.69140625 485186
46.69189453125 18.85986328125 -32.77587890625 485187
46.69189453125 18.85986328125 -32.77587890625 485188
46.69189453125 18.85986328125 -32.77587890625 485190
46.69189453125 18.85986328125 -32.77587890625 485191
46.69189453125 18.85986328125 -32.77587890625 485302
52.001953125 31.55517578125 -36.7431640625 485303
52.001953125 31.55517578125 -36.7431640625 485328
52.001953125 31.55517578125 -36.7431640625 485329
52.001953125 31.55517578125 -36.7431640625 485330
37.04833984375 30.1513671875 -23.74267578125 485392
37.04833984375 30.1513671875 -23.74267578125 485471
52.1240234375 40.4052734375 -28.62548828125 485472
52.1240234375 40.4052734375 -28.62548828125 485473
52.1240234375 40.4052734375 -28.62548828125 485474
52.1240234375 40.4052734375 -28.62548828125 485475
52.1240234375 40.4052734375 -28.62548828125 485582
53.3447265625 46.875 -29.541015625 485583
53.3447265625 46.875 -29.541015625 485598
53.3447265625 46.875 -29.541015625 485599
53.3447265625 46.875 -29.541015625 485600
53.3447265625 46.875 -29.541015625 485685
25.81787109375 41.07666015625 -23.0712890625 485686
25.81787109375 41.07666015625 -23.0712890625 485688
25.81787109375 41.07666015625 -23.0712890625 485787
37.29248046875 49.072265625 -19.34814453125 485788
37.29248046875 49.072265625 -19.34814453125 485789
37.29248046875 49.072265625 -19.34814453125 485790
37.29248046875 49.072265625 -19.34814453125 485791
37.29248046875 49.072265625 -19.34814453125 485890
46.9970703125 45.8984375 -21.6064453125 485891
46.9970703125 45.8984375 -21.6064453125 485892
46.9970703125 45.8984375 -21.6064453125 485893
46.9970703125 45.8984375 -21.6064453125 485894
46.9970703125 45.8984375 -21.6064453125 485996
23.25439453125 36.1328125 -28.4423828125 486031
23.25439453125 36.1328125 -28.4423828125 486034
23.25439453125 36.1328125 -28.4423828125 486035
23.25439453125 36.1328125 -28.4423828125 486036
29.6630859375 34.36279296875 -26.9775390625 486070
29.6630859375 34.36279296875 -26.9775390625 486182
37.29248046875 36.376953125 -9.3994140625 486184
37.29248046875 36.376953125 -9.3994140625 486185
37.29248046875 36.376953125 -9.3994140625 486186
37.29248046875 36.376953125 -9.3994140625 486187
37.29248046875 36.376953125 -9.3994140625 486287
6.34765625 5.55419921875 -1.8310546875 486288
6.34765625 5.55419921875 -1.8310546875 486289
6.34765625 5.55419921875 -1.8310546875 486290
6.34765625 5.55419921875 -1.8310546875 486291
-12.6953125 -12.39013671875 -15.13671875 486387
-12.6953125 -12.39013671875 -15.13671875 486490
-32.77587890625 -23.74267578125 -0.30517578125 486491
-32.77587890625 -23.74267578125 -0.30517578125 486492
-32.77587890625 -23.74267578125 -0.30517578125 486493
-32.77587890625 -23.74267578125 -0.30517578125 486494
-32.77587890625 -23.74267578125 -0.30517578125 486593
-57.9833984375 -59.87548828125 24.84130859375 486595
-57.9833984375 -59.87548828125 24.84130859375 486596
-57.9833984375 -59.87548828125 24.84130859375 486597
-57.9833984375 -59.87548828125 24.84130859375 486598
-98.6328125 -82.51953125 37.353515625 486671
-98.6328125 -82.51953125 37.353515625 486782
-92.59033203125 -62.68310546875 39.9169921875 486783
-92.59033203125 -62.68310546875 39.9169921875 486784
-92.59033203125 -62.68310546875 39.9169921875 486785
-92.59033203125 -62.68310546875 39.9169921875 486786
-92.59033203125 -62.68310546875 39.9169921875 486884
-74.3408203125 -43.27392578125 37.41455078125 486886
-74.3408203125 -43.27392578125 37.41455078125 486887
-74.3408203125 -43.27392578125 37.41455078125 486888
-74.3408203125 -43.27392578125 37.41455078125 486889
-74.3408203125 -43.27392578125 37.41455078125 486997
-16.54052734375 -9.94873046875 38.14697265625 486998
-16.54052734375 -9.94873046875 38.14697265625 486999
-16.54052734375 -9.94873046875 38.14697265625 487000
-16.54052734375 -9.94873046875 38.14697265625 487002
-16.54052734375 -9.94873046875 38.14697265625 487104
10.92529296875 -13.427734375 32.28759765625 487106
10.92529296875 -13.427734375 32.28759765625 487107
10.92529296875 -13.427734375 32.28759765625 487108
10.92529296875 -13.427734375 32.28759765625 487108
14.22119140625 -25.32958984375 41.93115234375 487193
14.22119140625 -25.32958984375 41.93115234375 487286
7.87353515625 -26.67236328125 34.5458984375 487288
7.87353515625 -26.67236328125 34.5458984375 487289
7.87353515625 -26.67236328125 34.5458984375 487290
7.87353515625 -26.67236328125 34.5458984375 487292
7.87353515625 -26.67236328125 34.5458984375 487398
19.775390625 -9.58251953125 19.8974609375 487407
19.775390625 -9.58251953125 19.8974609375 487408
19.775390625 -9.58251953125 19.8974609375 487410
19.775390625 -9.58251953125 19.8974609375 487411
16.357421875 -0.79345703125 9.33837890625 487484
16.357421875 -0.79345703125 9.33837890625 487588
8.7890625 -1.28173828125 9.46044921875 487589
8.7890625 -1.28173828125 9.46044921875 487590
8.7890625 -1.28173828125 9.46044921875 487592
8.7890625 -1.28173828125 9.46044921875 487593
8.7890625 -1.28173828125 9.46044921875 487690
2.3193359375 -2.62451171875 -0.1220703125 487691
2.3193359375 -2.62451171875 -0.1220703125 487692
2.3193359375 -2.62451171875 -0.1220703125 487693
2.3193359375 -2.62451171875 -0.1220703125 487694
2.3193359375 -2.62451171875 -0.1220703125 487798
-2.5634765625 -4.5166015625 5.06591796875 487799
-2.5634765625 -4.5166015625 5.06591796875 487801
-2.5634765625 -4.5166015625 5.06591796875 487802
-2.5634765625 -4.5166015625 5.06591796875 487803
-5.18798828125 -2.3193359375 1.52587890625 487884
-5.18798828125 -2.3193359375 1.52587890625 487987
-2.38037109375 -2.9296875 3.5400390625 487988
-2.38037109375 -2.9296875 3.5400390625 487989
-2.38037109375 -2.9296875 3.5400390625 487990
-2.38037109375 -2.9296875 3.5400390625 487991
-2.38037109375 -2.9296875 3.5400390625 488090
2.8076171875 -2.25830078125 -0.54931640625 488092
2.8076171875 -2.25830078125 -0.54931640625 488094
2.8076171875 -2.25830078125 -0.54931640625 488095
2.8076171875 -2.25830078125 -0.54931640625 488096
2.8076171875 -2.25830078125 -0.54931640625 488192
-2.74658203125 -2.13623046875 8.7890625 488193
-2.74658203125 -2.13623046875 8.7890625 488195
-2.74658203125 -2.13623046875 8.7890625 488196
-2.74658203125 -2.13623046875 8.7890625 488197
-2.74658203125 -2.13623046875 8.7890625 488294
-7.32421875 -1.220703125 0.6103515625 488295
-7.32421875 -1.220703125 0.6103515625 488296
-7.32421875 -1.220703125 0.6103515625 488296
-7.32421875 -1.220703125 0.6103515625 488297
-26.42822265625 -2.38037109375 3.90625 488373
-26.42822265625 -2.38037109375 3.90625 488500
-33.203125 -1.52587890625 11.53564453125 488503
-33.203125 -1.52587890625 11.53564453125 488504
-33.203125 -1.52587890625 11.53564453125 488506
-33.203125 -1.52587890625 11.53564453125 488510
-29.23583984375 -0.3662109375 4.150390625 488587
-29.23583984375 -0.3662109375 4.150390625 488689
-26.611328125 2.25830078125 -0.9765625 488690
-26.611328125 2.25830078125 -0.9765625 488692
-26.611328125 2.25830078125 -0.9765625 488694
-26.611328125 2.25830078125 -0.9765625 488696
-26.611328125 2.25830078125 -0.9765625 488808
-7.4462890625 4.7607421875 -6.89697265625 488823
-7.4462890625 4.7607421875 -6.89697265625 488824
-7.4462890625 4.7607421875 -6.89697265625 488825
-7.4462890625 4.7607421875 -6.89697265625 488826
-15.625 7.01904296875 -11.77978515625 488895
-15.625 7.01904296875 -11.77978515625 488973
-1.220703125 4.8828125 -2.50244140625 488974
-1.220703125 4.8828125 -2.50244140625 488975
-1.220703125 4.8828125 -2.50244140625 488976
-1.220703125 4.8828125 -2.50244140625 488977
-1.220703125 4.8828125 -2.50244140625 489084
-4.150390625 3.662109375 -1.40380859375 489086
-4.150390625 3.662109375 -1.40380859375 489087
-4.150390625 3.662109375 -1.40380859375 489088
-4.150390625 3.662109375 -1.40380859375 489089
-4.150390625 3.662109375 -1.40380859375 489190
-8.7890625 -0.732421875 -4.82177734375 489191
-8.7890625 -0.732421875 -4.82177734375 489192
-8.7890625 -0.732421875 -4.82177734375 489193
-8.7890625 -0.732421875 -4.82177734375 489194
-8.7890625 -0.732421875 -4.82177734375 489327
-3.72314453125 -1.40380859375 -0.3662109375 489328
-3.72314453125 -1.40380859375 -0.3662109375 489330
-3.72314453125 -1.40380859375 -0.3662109375 489331
-3.72314453125 -1.40380859375 -0.3662109375 489333
-3.7841796875 1.0986328125 -1.0986328125 489395
-3.7841796875 1.0986328125 -1.0986328125 489480
-6.89697265625 0.79345703125 -2.50244140625 489481
-6.89697265625 0.79345703125 -2.50244140625 489482
-6.89697265625 0.79345703125 -2.50244140625 489483
-6.89697265625 0.79345703125 -2.50244140625 489484
-6.89697265625 0.79345703125 -2.50244140625 489583
-4.94384765625 2.197265625 -3.84521484375 489585
-4.94384765625 2.197265625 -3.84521484375 489586
-4.94384765625 2.197265625 -3.84521484375 489612
-4.94384765625 2.197265625 -3.84521484375 489613
-4.94384765625 2.197265625 -3.84521484375 489685
-4.69970703125 1.40380859375 -6.103515625 489687
-4.69970703125 1.40380859375 -6.103515625 489688
-4.69970703125 1.40380859375 -6.103515625 489689
-4.69970703125 1.40380859375 -6.103515625 489789
-3.41796875 0.48828125 -3.0517578125 489790
-3.41796875 0.48828125 -3.0517578125 489792
-3.41796875 0.48828125 -3.0517578125 489793
-3.41796875 0.48828125 -3.0517578125 489804
-3.41796875 0.48828125 -3.0517578125 489896
-2.9296875 1.708984375 -1.953125 489898
-2.9296875 1.708984375 -1.953125 489899
-2.9296875 1.708984375 -1.953125 489900
-2.9296875 1.708984375 -1.953125 489901
-3.11279296875 0.8544921875 -2.0751953125 489994
-3.11279296875 0.8544921875 -2.0751953125 490072
-4.150390625 1.0986328125 -4.08935546875 490073
-4.150390625 1.0986328125 -4.08935546875 490074
-4.150390625 1.0986328125 -4.08935546875 490075
-4.150390625 1.0986328125 -4.08935546875 490076
-4.150390625 1.0986328125 -4.08935546875 490183
-1.77001953125 0.06103515625 -0.18310546875 490185
-1.77001953125 0.06103515625 -0.18310546875 490186
-1.77001953125 0.06103515625 -0.18310546875 490187
-1.77001953125 0.06103515625 -0.18310546875 490188
-1.77001953125 0.06103515625 -0.18310546875 490285
-3.7841796875 0.06103515625 -1.5869140625 490287
-3.7841796875 0.06103515625 -1.5869140625 490288
-3.7841796875 0.06103515625 -1.5869140625 490289
-3.7841796875 0.06103515625 -1.5869140625 490307
-3.7841796875 0.06103515625 -1.5869140625 490388
-0.42724609375 1.0986328125 -1.0986328125 490389
-0.42724609375 1.0986328125 -1.0986328125 490390
-0.42724609375 1.0986328125 -1.0986328125 490403
-0.42724609375 1.0986328125 -1.0986328125 490404
-0.42724609375 1.0986328125 -1.0986328125 490491
-0.48828125 0 0.18310546875 490493
-0.48828125 0 0.18310546875 490494
-0.48828125 0 0.18310546875 490495
-0.48828125 0 0.18310546875 490593
1.28173828125 -0.54931640625 -0.79345703125 490594
1.28173828125 -0.54931640625 -0.79345703125 490595
1.28173828125 -0.54931640625 -0.79345703125 490596
1.28173828125 -0.54931640625 -0.79345703125 490597
-0.9765625 0.1220703125 -1.46484375 490672
-0.9765625 0.1220703125 -1.46484375 490783
-2.01416015625 0 -1.52587890625 490804
-2.01416015625 0 -1.52587890625 490807
-2.01416015625 0 -1.52587890625 490809
-2.01416015625 0 -1.52587890625 490810
-2.01416015625 0 -1.52587890625 490886
-2.5634765625 1.03759765625 -3.96728515625 490887
-2.5634765625 1.03759765625 -3.96728515625 490998
0.54931640625 1.3427734375 -1.64794921875 490999
0.54931640625 1.3427734375 -1.64794921875 491000
0.54931640625 1.3427734375 -1.64794921875 491001
0.54931640625 1.3427734375 -1.64794921875 491003
-1.708984375 0.8544921875 -0.6103515625 491084
-1.708984375 0.8544921875 -0.6103515625 491186
2.62451171875 -0.18310546875 -1.5869140625 491187
2.62451171875 -0.18310546875 -1.5869140625 491188
2.62451171875 -0.18310546875 -1.5869140625 491189
2.62451171875 -0.18310546875 -1.5869140625 491190
-2.197265625 1.0986328125 -2.25830078125 491290
-2.197265625 1.0986328125 -2.25830078125 491291
-2.197265625 1.0986328125 -2.25830078125 491292
-2.197265625 1.0986328125 -2.25830078125 491293
-2.197265625 1.0986328125 -2.25830078125 491429
-1.953125 1.0986328125 -0.732421875 491431
-1.953125 1.0986328125 -0.732421875 491432
-1.953125 1.0986328125 -0.732421875 491434
-1.953125 1.0986328125 -0.732421875 491435
-2.0751953125 1.40380859375 -2.99072265625 491471
-2.0751953125 1.40380859375 -2.99072265625 491583
-1.15966796875 0.48828125 -2.25830078125 491584
-1.15966796875 0.48828125 -2.25830078125 491600
-1.15966796875 0.48828125 -2.25830078125 491602
-1.15966796875 0.48828125 -2.25830078125 491603
-1.15966796875 0.48828125 -2.25830078125 491686
0.30517578125 0.9765625 -1.8310546875 491688
0.30517578125 0.9765625 -1.8310546875 491689
0.30517578125 0.9765625 -1.8310546875 491788
-1.03759765625 1.0986328125 -1.89208984375 491789
-1.03759765625 1.0986328125 -1.89208984375 491790
-1.03759765625 1.0986328125 -1.89208984375 491791
-1.03759765625 1.0986328125 -1.89208984375 491792
-1.03759765625 1.0986328125 -1.89208984375 491890
-1.0986328125 0.42724609375 -0.9765625 491891
-1.0986328125 0.42724609375 -0.9765625 491891
-1.0986328125 0.42724609375 -0.9765625 491892
-1.0986328125 0.42724609375 -0.9765625 491893
-1.0986328125 0.42724609375 -0.9765625 491995
0 0.244140625 -0.8544921875 491996
0 0.244140625 -0.8544921875 491997
0 0.244140625 -0.8544921875 491998
0 0.244140625 -0.8544921875 492009
0 0.244140625 -0.8544921875 492096
-0.79345703125 0.3662109375 -2.5634765625 492097
-0.79345703125 0.3662109375 -2.5634765625 492099
-0.79345703125 0.3662109375 -2.5634765625 492100
-0.79345703125 0.3662109375 -2.5634765625 492102
-1.5869140625 1.52587890625 -3.72314453125 492174
-1.5869140625 1.52587890625 -3.72314453125 492286
-0.67138671875 0.8544921875 -2.01416015625 492287
-0.67138671875 0.8544921875 -2.01416015625 492288
-0.67138671875 0.8544921875 -2.01416015625 492289
-0.67138671875 0.8544921875 -2.01416015625 492290
-0.67138671875 0.8544921875 -2.01416015625 492407
-0.3662109375 0.54931640625 -3.173828125 492412
-0.3662109375 0.54931640625 -3.173828125 492413
-0.3662109375 0.54931640625 -3.173828125 492413
-0.3662109375 0.54931640625 -3.173828125 492414
-1.28173828125 1.03759765625 -1.03759765625 492493
-1.28173828125 1.03759765625 -1.03759765625 492599
-2.3193359375 0.30517578125 -0.1220703125 492614
-2.3193359375 0.30517578125 -0.1220703125 492620
-2.3193359375 0.30517578125 -0.1220703125 492622
-2.3193359375 0.30517578125 -0.1220703125 492623
-2.62451171875 0.06103515625 -2.3193359375 492676
-2.62451171875 0.06103515625 -2.3193359375 492784
-1.953125 0 -2.25830078125 492785
-1.953125 0 -2.25830078125 492787
-1.953125 0 -2.25830078125 492790
-1.953125 0 -2.25830078125 492791
-1.953125 0 -2.25830078125 492889
-1.708984375 0.30517578125 -2.01416015625 492891
-1.708984375 0.30517578125 -2.01416015625 492896
-1.708984375 0.30517578125 -2.01416015625 492897
-1.708984375 0.30517578125 -2.01416015625 492898
-1.708984375 0.30517578125 -2.01416015625 492989
-2.25830078125 0.18310546875 0.18310546875 492990
-2.25830078125 0.18310546875 0.18310546875 493093
-2.44140625 0 -2.01416015625 493094
-2.44140625 0 -2.01416015625 493095
-2.44140625 0 -2.01416015625 493096
-2.44140625 0 -2.01416015625 493097
-2.44140625 0 -2.01416015625 493196
-0.9765625 1.40380859375 -1.40380859375 493197
-0.9765625 1.40380859375 -1.40380859375 493199
-0.9765625 1.40380859375 -1.40380859375 493200
-0.9765625 1.40380859375 -1.40380859375 493202
-0.79345703125 1.40380859375 -0.3662109375 493273
-0.79345703125 1.40380859375 -0.3662109375 493384
-1.46484375 0.8544921875 -2.99072265625 493385
-1.46484375 0.8544921875 -2.99072265625 493386
-1.46484375 0.8544921875 -2.99072265625 493388
-1.46484375 0.8544921875 -2.99072265625 493389
-1.46484375 0.8544921875 -2.99072265625 493498
-1.953125 1.40380859375 -3.90625 493499
-1.953125 1.40380859375 -3.90625 493500
-1.953125 1.40380859375 -3.90625 493502
-1.953125 1.40380859375 -3.90625 493503
1.708984375 -0.06103515625 -2.197265625 493590
1.708984375 -0.06103515625 -2.197265625 493692
-0.48828125 1.15966796875 -1.77001953125 493693
-0.48828125 1.15966796875 -1.77001953125 493694
-0.48828125 1.15966796875 -1.77001953125 493696
-0.48828125 1.15966796875 -1.77001953125 493697
-0.48828125 1.15966796875 -1.77001953125 493827
-1.46484375 0.48828125 -1.708984375 493832
-1.46484375 0.48828125 -1.708984375 493835
-1.46484375 0.48828125 -1.708984375 493845
-1.46484375 0.48828125 -1.708984375 493846
-2.197265625 1.28173828125 -2.3193359375 493873
-2.197265625 1.28173828125 -2.3193359375 493990
1.5869140625 0.6103515625 -3.0517578125 493991
1.5869140625 0.6103515625 -3.0517578125 493992
1.5869140625 0.6103515625 -3.0517578125 493993
1.5869140625 0.6103515625 -3.0517578125 493994
0.244140625 0.18310546875 -1.46484375 494087
0.244140625 0.18310546875 -1.46484375 494202
-2.44140625 0 -2.197265625 494204
-2.44140625 0 -2.197265625 494205
-2.44140625 0 -2.197265625 494206
-2.44140625 0 -2.197265625 494207
-4.0283203125 1.220703125 -0.54931640625 494290
-4.0283203125 1.220703125 -0.54931640625 494387
-3.23486328125 1.3427734375 -1.46484375 494388
-3.23486328125 1.3427734375 -1.46484375 494389
-3.23486328125 1.3427734375 -1.46484375 494403
-3.23486328125 1.3427734375 -1.46484375 494405
-3.23486328125 1.3427734375 -1.46484375 494489
1.40380859375 2.197265625 -4.82177734375 494490
1.40380859375 2.197265625 -4.82177734375 494491
1.40380859375 2.197265625 -4.82177734375 494493
1.40380859375 2.197265625 -4.82177734375 494596
-2.197265625 0.06103515625 -0.8544921875 494597
-2.197265625 0.06103515625 -0.8544921875 494598
-2.197265625 0.06103515625 -0.8544921875 494599
-2.197265625 0.06103515625 -0.8544921875 494600
-2.197265625 0.06103515625 -0.8544921875 494735
1.15966796875 -0.18310546875 0.6103515625 494736
1.15966796875 -0.18310546875 0.6103515625 494737
1.15966796875 -0.18310546875 0.6103515625 494738
1.15966796875 -0.18310546875 0.6103515625 494739
1.15966796875 -0.18310546875 0.6103515625 494835
-4.08935546875 2.0751953125 -1.89208984375 494836
-4.08935546875 2.0751953125 -1.89208984375 494837
-4.08935546875 2.0751953125 -1.89208984375 494838
-4.08935546875 2.0751953125 -1.89208984375 494839
-0.732421875 1.3427734375 -2.9296875 494894
-0.732421875 1.3427734375 -2.9296875 494977
2.8076171875 1.40380859375 -4.94384765625 494978
2.8076171875 1.40380859375 -4.94384765625 494979
2.8076171875 1.40380859375 -4.94384765625 494980
2.8076171875 1.40380859375 -4.94384765625 494981
2.8076171875 1.40380859375 -4.94384765625 495088
1.0986328125 0.244140625 -1.220703125 495089
1.0986328125 0.244140625 -1.220703125 495090
1.0986328125 0.244140625 -1.220703125 495091
1.0986328125 0.244140625 -1.220703125 495092
1.0986328125 0.244140625 -1.220703125 495190
-0.42724609375 0.8544921875 -1.8310546875 495191
-0.42724609375 0.8544921875 -1.8310546875 495192
-0.42724609375 0.8544921875 -1.8310546875 495193
-0.42724609375 0.8544921875 -1.8310546875 495194
-0.42724609375 0.8544921875 -1.8310546875 495293
-0.42724609375 0.244140625 -0.732421875 495294
-0.42724609375 0.244140625 -0.732421875 495296
-0.42724609375 0.244140625 -0.732421875 495319
-0.42724609375 0.244140625 -0.732421875 495320
-0.42724609375 0.244140625 -0.732421875 495398
-0.18310546875 0.79345703125 -3.2958984375 495399
-0.18310546875 0.79345703125 -3.2958984375 495400
-0.18310546875 0.79345703125 -3.2958984375 495401
-0.06103515625 -0.1220703125 -3.23486328125 495476
-0.06103515625 -0.1220703125 -3.23486328125 495478
-0.06103515625 -0.1220703125 -3.23486328125 495588
-0.42724609375 1.15966796875 -0.06103515625 495589
-0.42724609375 1.15966796875 -0.06103515625 495590
-0.42724609375 1.15966796875 -0.06103515625 495591
-0.42724609375 1.15966796875 -0.06103515625 495591
-0.67138671875 1.03759765625 -1.3427734375 495694
-0.67138671875 1.03759765625 -1.3427734375 495695
-0.67138671875 1.03759765625 -1.3427734375 495696
-0.67138671875 1.03759765625 -1.3427734375 495697
-0.67138671875 1.03759765625 -1.3427734375 495794
-1.3427734375 0.6103515625 -1.03759765625 495795
-1.3427734375 0.6103515625 -1.03759765625 495796
-1.3427734375 0.6103515625 -1.03759765625 495797
-1.3427734375 0.6103515625 -1.03759765625 495798
-0.9765625 0.244140625 -1.8310546875 495873
-0.9765625 0.244140625 -1.8310546875 495987
-1.15966796875 0.30517578125 -0.42724609375 495988
-1.15966796875 0.30517578125 -0.42724609375 495989
-1.15966796875 0.30517578125 -0.42724609375 495990
-1.15966796875 0.30517578125 -0.42724609375 495991
-1.5869140625 0.67138671875 -2.01416015625 496087
-1.5869140625 0.67138671875 -2.01416015625 496180
-0.3662109375 0.67138671875 -0.91552734375 496192
-0.3662109375 0.67138671875 -0.91552734375 496193
-0.3662109375 0.67138671875 -0.91552734375 496194
-0.3662109375 0.67138671875 -0.91552734375 496195
-0.3662109375 0.67138671875 -0.91552734375 496301
-1.77001953125 1.40380859375 -1.708984375 496302
-1.77001953125 1.40380859375 -1.708984375 496303
-1.77001953125 1.40380859375 -1.708984375 496304
-1.77001953125 1.40380859375 -1.708984375 496305
0.42724609375 0.244140625 -2.99072265625 496396
0.42724609375 0.244140625 -2.99072265625 496474
-0.18310546875 1.52587890625 -2.74658203125 496475
-0.18310546875 1.52587890625 -2.74658203125 496476
-0.18310546875 1.52587890625 -2.74658203125 496477
-0.18310546875 1.52587890625 -2.74658203125 496478
-0.18310546875 1.52587890625 -2.74658203125 496586
-0.42724609375 0.18310546875 -2.197265625 496587
-0.42724609375 0.18310546875 -2.197265625 496588
-0.42724609375 0.18310546875 -2.197265625 496589
-0.42724609375 0.18310546875 -2.197265625 496590
-0.42724609375 0.18310546875 -2.197265625 496686
-0.79345703125 0.6103515625 -1.953125 496687
-0.79345703125 0.6103515625 -1.953125 496688
-0.79345703125 0.6103515625 -1.953125 496689
-0.79345703125 0.6103515625 -1.953125 496690
-0.79345703125 0.6103515625 -1.953125 496789
1.52587890625 0.732421875 -1.5869140625 496791
1.52587890625 0.732421875 -1.5869140625 496792
1.52587890625 0.732421875 -1.5869140625 496793
1.52587890625 0.732421875 -1.5869140625 496794
1.52587890625 0.732421875 -1.5869140625 496893
-2.197265625 0.06103515625 -3.47900390625 496894
-2.197265625 0.06103515625 -3.47900390625 496895
-2.197265625 0.06103515625 -3.47900390625 496896
-2.197265625 0.06103515625 -3.47900390625 496897
-2.197265625 0.06103515625 -3.47900390625 496994
-3.72314453125 1.0986328125 -3.41796875 496995
-3.72314453125 1.0986328125 -3.41796875 497011
-3.72314453125 1.0986328125 -3.41796875 497012
-3.72314453125 1.0986328125 -3.41796875 497013
-3.72314453125 1.0986328125 -3.41796875 497097
-1.5869140625 0 -3.90625 497098
-1.5869140625 0 -3.90625 497099
-0.91552734375 0.91552734375 -3.11279296875 497175
-0.91552734375 0.91552734375 -3.11279296875 497177
-0.91552734375 0.91552734375 -3.11279296875 497178
-0.91552734375 0.91552734375 -3.11279296875 497287
-4.94384765625 1.220703125 -3.7841796875 497288
-4.94384765625 1.220703125 -3.7841796875 497289
-4.94384765625 1.220703125 -3.7841796875 497291
-4.94384765625 1.220703125 -3.7841796875 497292
-4.94384765625 1.220703125 -3.7841796875 497398
-3.662109375 1.77001953125 -6.103515625 497399
-3.662109375 1.77001953125 -6.103515625 497400
-3.662109375 1.77001953125 -6.103515625 497401
-3.662109375 1.77001953125 -6.103515625 497402
-3.90625 -0.06103515625 -8.48388671875 497486
-3.90625 -0.06103515625 -8.48388671875 497586
-3.0517578125 0.732421875 -11.53564453125 497587
-3.0517578125 0.732421875 -11.53564453125 497588
-3.0517578125 0.732421875 -11.53564453125 497589
-3.0517578125 0.732421875 -11.53564453125 497590
-3.0517578125 0.732421875 -11.53564453125 497691
-5.06591796875 1.8310546875 -12.26806640625 497693
-5.06591796875 1.8310546875 -12.26806640625 497694
-5.06591796875 1.8310546875 -12.26806640625 497695
-5.06591796875 1.8310546875 -12.26806640625 497696
-5.06591796875 1.8310546875 -12.26806640625 497792
-4.5166015625 0.9765625 -16.90673828125 497793
-4.5166015625 0.9765625 -16.90673828125 497895
-1.46484375 -2.685546875 -25.87890625 497912
-1.46484375 -2.685546875 -25.87890625 497913
-1.46484375 -2.685546875 -25.87890625 497914
-1.46484375 -2.685546875 -25.87890625 497915
-1.46484375 -2.685546875 -25.87890625 497997
-2.13623046875 -1.708984375 -27.16064453125 497998
9.27734375 -1.15966796875 -19.10400390625 498075
9.27734375 -1.15966796875 -19.10400390625 498076
9.27734375 -1.15966796875 -19.10400390625 498077
9.27734375 -1.15966796875 -19.10400390625 498078
9.27734375 -1.15966796875 -19.10400390625 498186
36.07177734375 6.2255859375 -31.8603515625 498187
36.07177734375 6.2255859375 -31.8603515625 498188
36.07177734375 6.2255859375 -31.8603515625 498190
36.07177734375 6.2255859375 -31.8603515625 498191
36.07177734375 6.2255859375 -31.8603515625 498294
30.029296875 15.380859375 -33.02001953125 498296
30.029296875 15.380859375 -33.02001953125 498298
30.029296875 15.380859375 -33.02001953125 498299
30.029296875 15.380859375 -33.02001953125 498300
38.6962890625 22.27783203125 -23.98681640625 498391
38.6962890625 22.27783203125 -23.98681640625 498494
44.00634765625 34.7900390625 -31.982421875 498497
44.00634765625 34.7900390625 -31.982421875 498497
44.00634765625 34.7900390625 -31.982421875 498498
44.00634765625 34.7900390625 -31.982421875 498499
44.00634765625 34.7900390625 -31.982421875 498655
40.6494140625 38.02490234375 -28.01513671875 498658
40.6494140625 38.02490234375 -28.01513671875 498659
40.6494140625 38.02490234375 -28.01513671875 498660
40.6494140625 38.02490234375 -28.01513671875 498661
31.6162109375 30.57861328125 -20.8740234375 498684
31.6162109375 30.57861328125 -20.8740234375 498788
48.76708984375 41.50390625 -27.52685546875 498789
48.76708984375 41.50390625 -27.52685546875 498790
48.76708984375 41.50390625 -27.52685546875 498792
48.76708984375 41.50390625 -27.52685546875 498806
48.76708984375 41.50390625 -27.52685546875 498891
9.70458984375 37.9638671875 -18.1884765625 498892
9.70458984375 37.9638671875 -18.1884765625 498893
9.70458984375 37.9638671875 -18.1884765625 498895
9.70458984375 37.9638671875 -18.1884765625 498896
9.70458984375 37.9638671875 -18.1884765625 498993
35.94970703125 39.36767578125 -26.611328125 498994
35.94970703125 39.36767578125 -26.611328125 498995
35.94970703125 39.36767578125 -26.611328125 498996
35.94970703125 39.36767578125 -26.611328125 498997
