-0.41650390625 0.49365234375 0.57568359375 350283
-0.41650390625 0.49365234375 0.57568359375 350283
-0.41650390625 0.49365234375 0.57568359375 350285
-0.41650390625 0.49365234375 0.57568359375 350286
-0.41650390625 0.49365234375 0.57568359375 350287
-0.41650390625 0.49365234375 0.57568359375 350288
-0.41162109375 0.4775390625 0.58349609375 350300
-0.41552734375 0.49853515625 0.595703125 350396
-0.41552734375 0.49853515625 0.595703125 350397
-0.41552734375 0.49853515625 0.595703125 350398
-0.41552734375 0.49853515625 0.595703125 350399
-0.41552734375 0.49853515625 0.595703125 350400
-0.40185546875 0.49169921875 0.5869140625 350476
-0.39453125 0.49658203125 0.58447265625 350594
-0.39453125 0.49658203125 0.58447265625 350596
-0.39453125 0.49658203125 0.58447265625 350620
-0.39453125 0.49658203125 0.58447265625 350621
-0.39453125 0.49658203125 0.58447265625 350622
-0.3974609375 0.48876953125 0.58837890625 350700
-0.3974609375 0.48876953125 0.58837890625 350701
-0.3974609375 0.48876953125 0.58837890625 350702
-0.3974609375 0.48779296875 0.60986328125 350791
-0.3974609375 0.48779296875 0.60986328125 350792
-0.3974609375 0.48779296875 0.60986328125 350794
-0.38525390625 0.4921875 0.607421875 350895
-0.38525390625 0.4921875 0.607421875 350896
-0.38525390625 0.4921875 0.607421875 350897
-0.38525390625 0.4921875 0.607421875 350899
-0.38525390625 0.4921875 0.607421875 350900
-0.388671875 0.4990234375 0.603515625 350997
-0.388671875 0.4990234375 0.603515625 351020
-0.388671875 0.4990234375 0.603515625 351021
-0.388671875 0.4990234375 0.603515625 351022
-0.388671875 0.4990234375 0.603515625 351023
-0.37939453125 0.4755859375 0.603515625 351077
-0.3818359375 0.50390625 0.60888671875 351186
-0.3818359375 0.50390625 0.60888671875 351187
-0.3818359375 0.50390625 0.60888671875 351187
-0.3818359375 0.50390625 0.60888671875 351188
-0.3818359375 0.50390625 0.60888671875 351189
-0.3759765625 0.47412109375 0.61474609375 351288
-0.3759765625 0.47412109375 0.61474609375 351289
-0.3759765625 0.47412109375 0.61474609375 351290
-0.3759765625 0.47412109375 0.61474609375 351291
-0.3759765625 0.47412109375 0.61474609375 351292
-0.37060546875 0.478515625 0.60400390625 351392
-0.37060546875 0.478515625 0.60400390625 351393
-0.37060546875 0.478515625 0.60400390625 351394
-0.37060546875 0.478515625 0.60400390625 351396
-0.35693359375 0.4951171875 0.638671875 351495
-0.35693359375 0.4951171875 0.638671875 351496
-0.35693359375 0.4951171875 0.638671875 351498
-0.35693359375 0.4951171875 0.638671875 351499
-0.35693359375 0.4951171875 0.638671875 351500
-0.35546875 0.48291015625 0.62890625 351597
-0.35546875 0.48291015625 0.62890625 351599
-0.35546875 0.48291015625 0.62890625 351600
-0.35546875 0.48291015625 0.62890625 351601
-0.35546875 0.48291015625 0.62890625 351602
-0.3466796875 0.48388671875 0.62939453125 351675
-0.34619140625 0.49169921875 0.65234375 351785
-0.34619140625 0.49169921875 0.65234375 351786
-0.34619140625 0.49169921875 0.65234375 351787
-0.34619140625 0.49169921875 0.65234375 351788
-0.34619140625 0.49169921875 0.65234375 351789
-0.34228515625 0.47509765625 0.634765625 351887
-0.34228515625 0.47509765625 0.634765625 351888
-0.34228515625 0.47509765625 0.634765625 351889
-0.34228515625 0.47509765625 0.634765625 351890
-0.34228515625 0.47509765625 0.634765625 351891
-0.3203125 0.455078125 0.6708984375 351990
-0.3203125 0.455078125 0.6708984375 351991
-0.3203125 0.455078125 0.6708984375 351992
-0.3203125 0.455078125 0.6708984375 351993
-0.3203125 0.455078125 0.6708984375 351993
-0.28955078125 0.470703125 0.703125 352092
-0.28955078125 0.470703125 0.703125 352093
-0.28955078125 0.470703125 0.703125 352094
-0.28955078125 0.470703125 0.703125 352095
-0.28955078125 0.470703125 0.703125 352096
-0.29443359375 0.43994140625 0.6767578125 352197
-0.29443359375 0.43994140625 0.6767578125 352198
-0.29443359375 0.43994140625 0.6767578125 352198
-0.29443359375 0.43994140625 0.6767578125 352199
-0.29443359375 0.43994140625 0.6767578125 352201
-0.2939453125 0.44384765625 0.69140625 352274
-0.27734375 0.439453125 0.71142578125 352385
-0.27734375 0.439453125 0.71142578125 352386
-0.27734375 0.439453125 0.71142578125 352387
-0.27734375 0.439453125 0.71142578125 352387
-0.27734375 0.439453125 0.71142578125 352388
-0.2861328125 0.44580078125 0.68896484375 352488
-0.2861328125 0.44580078125 0.68896484375 352489
-0.2861328125 0.44580078125 0.68896484375 352490
-0.2861328125 0.44580078125 0.68896484375 352491
-0.2861328125 0.44580078125 0.68896484375 352492
-0.26904296875 0.453125 0.70263671875 352592
-0.26904296875 0.453125 0.70263671875 352596
-0.26904296875 0.453125 0.70263671875 352597
-0.26904296875 0.453125 0.70263671875 352598
-0.26904296875 0.453125 0.70263671875 352599
-0.27392578125 0.44921875 0.6982421875 352720
-0.27392578125 0.44921875 0.6982421875 352721
-0.27392578125 0.44921875 0.6982421875 352722
-0.27392578125 0.44921875 0.6982421875 352723
-0.27392578125 0.44921875 0.6982421875 352723
-0.2685546875 0.43603515625 0.6982421875 352775
-0.2685546875 0.4609375 0.72314453125 352886
-0.2685546875 0.4609375 0.72314453125 352887
-0.2685546875 0.4609375 0.72314453125 352888
-0.2685546875 0.4609375 0.72314453125 352889
-0.2685546875 0.4609375 0.72314453125 352890
-0.26416015625 0.4462890625 0.6943359375 352990
-0.26416015625 0.4462890625 0.6943359375 352991
-0.26416015625 0.4462890625 0.6943359375 352992
-0.26416015625 0.4462890625 0.6943359375 352993
-0.26416015625 0.4462890625 0.6943359375 352994
-0.26611328125 0.44189453125 0.71044921875 353100
-0.26611328125 0.44189453125 0.71044921875 353101
-0.26611328125 0.44189453125 0.71044921875 353102
-0.26611328125 0.44189453125 0.71044921875 353103
-0.26611328125 0.44189453125 0.71044921875 353105
-0.2548828125 0.45166015625 0.720703125 353213
-0.2548828125 0.45166015625 0.720703125 353214
-0.2548828125 0.45166015625 0.720703125 353215
-0.2548828125 0.45166015625 0.720703125 353215
-0.2548828125 0.45166015625 0.720703125 353216
-0.2529296875 0.45361328125 0.7236328125 353298
-0.25146484375 0.43994140625 0.705078125 353398
-0.25146484375 0.43994140625 0.705078125 353399
-0.25146484375 0.43994140625 0.705078125 353400
-0.25146484375 0.43994140625 0.705078125 353401
-0.25146484375 0.43994140625 0.705078125 353402
-0.2548828125 0.44580078125 0.7138671875 353486
-0.25341796875 0.44921875 0.72900390625 353590
-0.25341796875 0.44921875 0.72900390625 353591
-0.25341796875 0.44921875 0.72900390625 353592
-0.25341796875 0.44921875 0.72900390625 353593
-0.25341796875 0.44921875 0.72900390625 353595
-0.25244140625 0.44580078125 0.7158203125 353694
-0.25244140625 0.44580078125 0.7158203125 353695
-0.25244140625 0.44580078125 0.7158203125 353696
-0.25244140625 0.44580078125 0.7158203125 353697
-0.24951171875 0.44091796875 0.7109375 353795
-0.24951171875 0.44091796875 0.7109375 353796
-0.24951171875 0.44091796875 0.7109375 353797
-0.24951171875 0.44091796875 0.7109375 353798
-0.24951171875 0.44091796875 0.7109375 353799
-0.24462890625 0.44580078125 0.7255859375 353898
-0.24462890625 0.44580078125 0.7255859375 353899
-0.24462890625 0.44580078125 0.7255859375 353900
-0.24462890625 0.44580078125 0.7255859375 353901
-0.24462890625 0.44580078125 0.7255859375 353912
-0.25341796875 0.4384765625 0.7138671875 353976
-0.244140625 0.44580078125 0.7265625 354091
-0.244140625 0.44580078125 0.7265625 354092
-0.244140625 0.44580078125 0.7265625 354093
-0.244140625 0.44580078125 0.7265625 354099
-0.244140625 0.44580078125 0.7265625 354100
-0.24560546875 0.4365234375 0.72216796875 354183
-0.244140625 0.4453125 0.74951171875 354295
-0.244140625 0.4453125 0.74951171875 354296
-0.244140625 0.4453125 0.74951171875 354297
-0.244140625 0.4453125 0.74951171875 354298
-0.244140625 0.4453125 0.74951171875 354298
-0.24755859375 0.42578125 0.7421875 354377
-0.2548828125 0.408203125 0.75390625 354489
-0.2548828125 0.408203125 0.75390625 354490
-0.2548828125 0.408203125 0.75390625 354491
-0.2548828125 0.408203125 0.75390625 354492
-0.2548828125 0.408203125 0.75390625 354493
-0.24267578125 0.396484375 0.77197265625 354592
-0.24267578125 0.396484375 0.77197265625 354593
-0.24267578125 0.396484375 0.77197265625 354594
-0.24267578125 0.396484375 0.77197265625 354595
-0.22119140625 0.34814453125 0.7509765625 354695
-0.22119140625 0.34814453125 0.7509765625 354696
-0.22119140625 0.34814453125 0.7509765625 354697
-0.22119140625 0.34814453125 0.7509765625 354698
-0.22119140625 0.34814453125 0.7509765625 354699
-0.21142578125 0.39111328125 0.734375 354777
-0.17236328125 0.3427734375 0.7685546875 354888
-0.17236328125 0.3427734375 0.7685546875 354889
-0.17236328125 0.3427734375 0.7685546875 354911
-0.17236328125 0.3427734375 0.7685546875 354913
-0.17236328125 0.3427734375 0.7685546875 354914
-0.14990234375 0.38720703125 0.7529296875 354992
-0.14990234375 0.38720703125 0.7529296875 354993
-0.15234375 0.46630859375 0.74658203125 355096
-0.15234375 0.46630859375 0.74658203125 355097
-0.15234375 0.46630859375 0.74658203125 355098
-0.15234375 0.46630859375 0.74658203125 355099
-0.15234375 0.46630859375 0.74658203125 355100
-0.10302734375 0.44775390625 0.75927734375 355201
-0.10302734375 0.44775390625 0.75927734375 355202
-0.10302734375 0.44775390625 0.75927734375 355203
-0.10302734375 0.44775390625 0.75927734375 355204
-0.10302734375 0.44775390625 0.75927734375 355204
-0.09033203125 0.5078125 0.71044921875 355278
-0.0400390625 0.564453125 0.70556640625 355386
-0.0400390625 0.564453125 0.70556640625 355387
-0.0400390625 0.564453125 0.70556640625 355388
-0.0400390625 0.564453125 0.70556640625 355389
-0.0400390625 0.564453125 0.70556640625 355390
0.0185546875 0.623046875 0.78173828125 355489
0.0185546875 0.623046875 0.78173828125 355490
0.0185546875 0.623046875 0.78173828125 355491
0.0185546875 0.623046875 0.78173828125 355492
0.0185546875 0.623046875 0.78173828125 355493
0.00146484375 0.62646484375 0.71435546875 355591
0.00146484375 0.62646484375 0.71435546875 355592
0.00146484375 0.62646484375 0.71435546875 355593
0.00146484375 0.62646484375 0.71435546875 355594
-0.009765625 0.65771484375 0.693359375 355694
-0.009765625 0.65771484375 0.693359375 355695
-0.009765625 0.65771484375 0.693359375 355696
-0.009765625 0.65771484375 0.693359375 355697
-0.009765625 0.65771484375 0.693359375 355698
-0.0146484375 0.6845703125 0.61083984375 355777
0.05126953125 0.70654296875 0.6767578125 355890
0.05126953125 0.70654296875 0.6767578125 355891
0.05126953125 0.70654296875 0.6767578125 355892
0.05126953125 0.70654296875 0.6767578125 355894
0.05126953125 0.70654296875 0.6767578125 355895
0.0380859375 0.7265625 0.64892578125 355991
0.0380859375 0.7265625 0.64892578125 355992
0.0380859375 0.7265625 0.64892578125 355995
0.0380859375 0.7265625 0.64892578125 355996
0.03955078125 0.71826171875 0.6220703125 356094
0.03955078125 0.71826171875 0.6220703125 356095
0.03955078125 0.71826171875 0.6220703125 356096
0.03955078125 0.71826171875 0.6220703125 356097
0.03955078125 0.71826171875 0.6220703125 356097
0.04736328125 0.71240234375 0.62744140625 356177
0.07177734375 0.70751953125 0.64404296875 356298
0.07177734375 0.70751953125 0.64404296875 356299
0.07177734375 0.70751953125 0.64404296875 356300
0.07177734375 0.70751953125 0.64404296875 356301
0.07177734375 0.70751953125 0.64404296875 356302
0.08935546875 0.7236328125 0.62939453125 356380
0.1298828125 0.6845703125 0.71533203125 356487
0.1298828125 0.6845703125 0.71533203125 356488
0.1298828125 0.6845703125 0.71533203125 356489
0.1298828125 0.6845703125 0.71533203125 356491
0.1298828125 0.6845703125 0.71533203125 356492
0.1640625 0.595703125 0.76513671875 356597
0.1640625 0.595703125 0.76513671875 356598
0.1640625 0.595703125 0.76513671875 356599
0.1640625 0.595703125 0.76513671875 356600
0.1640625 0.595703125 0.76513671875 356601
0.15576171875 0.56494140625 0.76708984375 356689
0.166015625 0.51318359375 0.7783203125 356776
0.166015625 0.51318359375 0.7783203125 356778
0.166015625 0.51318359375 0.7783203125 356779
0.166015625 0.51318359375 0.7783203125 356780
0.166015625 0.51318359375 0.7783203125 356781
0.15869140625 0.47705078125 0.7880859375 356906
0.15869140625 0.47705078125 0.7880859375 356907
0.15869140625 0.47705078125 0.7880859375 356908
0.15869140625 0.47705078125 0.7880859375 356910
0.15869140625 0.47705078125 0.7880859375 356911
0.15771484375 0.46728515625 0.81494140625 356991
0.1533203125 0.439453125 0.8173828125 357093
0.1533203125 0.439453125 0.8173828125 357094
0.1533203125 0.439453125 0.8173828125 357096
0.1533203125 0.439453125 0.8173828125 357097
0.1533203125 0.439453125 0.8173828125 357098
0.140625 0.4287109375 0.83251953125 357197
0.140625 0.4287109375 0.83251953125 357198
0.140625 0.4287109375 0.83251953125 357199
0.140625 0.4287109375 0.83251953125 357200
0.140625 0.4287109375 0.83251953125 357201
0.14111328125 0.41162109375 0.83935546875 357284
0.12646484375 0.392578125 0.830078125 357387
0.12646484375 0.392578125 0.830078125 357389
0.12646484375 0.392578125 0.830078125 357390
0.12646484375 0.392578125 0.830078125 357391
0.12646484375 0.392578125 0.830078125 357392
0.1376953125 0.38427734375 0.845703125 357493
0.1376953125 0.38427734375 0.845703125 357494
0.1376953125 0.38427734375 0.845703125 357495
0.1376953125 0.38427734375 0.845703125 357497
0.1376953125 0.38427734375 0.845703125 357498
0.12744140625 0.37939453125 0.84375 357596
0.12744140625 0.37939453125 0.84375 357598
0.12744140625 0.37939453125 0.84375 357599
0.12744140625 0.37939453125 0.84375 357600
0.12744140625 0.37939453125 0.84375 357601
0.1240234375 0.3828125 0.84375 357686
0.12060546875 0.37939453125 0.83251953125 357787
0.12060546875 0.37939453125 0.83251953125 357788
0.12060546875 0.37939453125 0.83251953125 357789
0.12060546875 0.37939453125 0.83251953125 357790
0.12060546875 0.37939453125 0.83251953125 357791
0.115234375 0.37158203125 0.8369140625 357893
0.115234375 0.37158203125 0.8369140625 357894
0.115234375 0.37158203125 0.8369140625 357895
0.115234375 0.37158203125 0.8369140625 357896
0.115234375 0.37158203125 0.8369140625 357898
0.12109375 0.38427734375 0.83642578125 357977
0.119140625 0.3671875 0.849609375 358088
0.119140625 0.3671875 0.849609375 358089
0.119140625 0.3671875 0.849609375 358090
0.119140625 0.3671875 0.849609375 358090
0.119140625 0.3671875 0.849609375 358091
0.1337890625 0.35498046875 0.85791015625 358190
0.1337890625 0.35498046875 0.85791015625 358191
0.1337890625 0.35498046875 0.85791015625 358192
0.1337890625 0.35498046875 0.85791015625 358193
0.1337890625 0.35498046875 0.85791015625 358194
0.1083984375 0.37158203125 0.85888671875 358294
0.1083984375 0.37158203125 0.85888671875 358295
0.1083984375 0.37158203125 0.85888671875 358296
0.1083984375 0.37158203125 0.85888671875 358297
0.1083984375 0.37158203125 0.85888671875 358298
0.095703125 0.36181640625 0.83935546875 358396
0.095703125 0.36181640625 0.83935546875 358397
0.095703125 0.36181640625 0.83935546875 358398
0.095703125 0.36181640625 0.83935546875 358399
0.095703125 0.36181640625 0.83935546875 358400
0.1083984375 0.35546875 0.83984375 358473
0.1201171875 0.37939453125 0.8525390625 358586
0.1201171875 0.37939453125 0.8525390625 358587
0.1201171875 0.37939453125 0.8525390625 358589
0.1201171875 0.37939453125 0.8525390625 358590
0.1201171875 0.37939453125 0.8525390625 358591
0.11669921875 0.37744140625 0.84619140625 358689
0.11669921875 0.37744140625 0.84619140625 358690
0.11669921875 0.37744140625 0.84619140625 358711
0.11669921875 0.37744140625 0.84619140625 358712
0.11669921875 0.37744140625 0.84619140625 358713
0.1171875 0.3759765625 0.8486328125 358791
0.1171875 0.3759765625 0.8486328125 358792
0.1171875 0.3759765625 0.8486328125 358793
0.125 0.359375 0.84423828125 358893
0.125 0.359375 0.84423828125 358894
0.125 0.359375 0.84423828125 358896
0.125 0.359375 0.84423828125 358897
0.125 0.359375 0.84423828125 358898
0.12158203125 0.37646484375 0.84375 358996
0.12158203125 0.37646484375 0.84375 358997
0.12158203125 0.37646484375 0.84375 358998
0.12158203125 0.37646484375 0.84375 358999
0.12158203125 0.37646484375 0.84375 359001
0.12890625 0.38720703125 0.84765625 359074
0.134765625 0.39306640625 0.85791015625 359185
0.134765625 0.39306640625 0.85791015625 359186
0.134765625 0.39306640625 0.85791015625 359190
0.134765625 0.39306640625 0.85791015625 359191
0.134765625 0.39306640625 0.85791015625 359192
0.134765625 0.36865234375 0.84033203125 359283
0.12548828125 0.39794921875 0.83935546875 359386
0.12548828125 0.39794921875 0.83935546875 359387
0.12548828125 0.39794921875 0.83935546875 359388
0.12548828125 0.39794921875 0.83935546875 359389
0.12548828125 0.39794921875 0.83935546875 359391
0.1298828125 0.388671875 0.83642578125 359489
0.1298828125 0.388671875 0.83642578125 359490
0.1298828125 0.388671875 0.83642578125 359491
0.1298828125 0.388671875 0.83642578125 359492
0.1298828125 0.388671875 0.83642578125 359493
0.12744140625 0.37646484375 0.83447265625 359591
0.12744140625 0.37646484375 0.83447265625 359592
0.12744140625 0.37646484375 0.83447265625 359593
0.12744140625 0.37646484375 0.83447265625 359594
0.12744140625 0.37646484375 0.83447265625 359595
0.1259765625 0.3818359375 0.84228515625 359694
0.1259765625 0.3818359375 0.84228515625 359695
0.1259765625 0.3818359375 0.84228515625 359696
0.1259765625 0.3818359375 0.84228515625 359717
0.1259765625 0.3818359375 0.84228515625 359718
0.12109375 0.3935546875 0.82861328125 359819
0.12109375 0.3935546875 0.82861328125 359820
0.12109375 0.3935546875 0.82861328125 359822
0.12109375 0.3935546875 0.82861328125 359823
0.12109375 0.3935546875 0.82861328125 359824
0.13623046875 0.38525390625 0.84765625 359889
0.12939453125 0.40185546875 0.8447265625 359994
0.12939453125 0.40185546875 0.8447265625 359995
0.12939453125 0.40185546875 0.8447265625 359996
0.12939453125 0.40185546875 0.8447265625 359998
0.12939453125 0.40185546875 0.8447265625 359999
0.13525390625 0.38916015625 0.83740234375 360093
0.13427734375 0.39208984375 0.83447265625 360196
0.13427734375 0.39208984375 0.83447265625 360197
0.13427734375 0.39208984375 0.83447265625 360198
0.13427734375 0.39208984375 0.83447265625 360199
0.13427734375 0.39208984375 0.83447265625 360200
0.142578125 0.3857421875 0.841796875 360274
0.138671875 0.39013671875 0.8427734375 360385
0.138671875 0.39013671875 0.8427734375 360386
0.138671875 0.39013671875 0.8427734375 360386
0.138671875 0.39013671875 0.8427734375 360387
0.138671875 0.39013671875 0.8427734375 360388
0.1337890625 0.3994140625 0.8388671875 360488
0.1337890625 0.3994140625 0.8388671875 360489
0.1337890625 0.3994140625 0.8388671875 360490
0.1337890625 0.3994140625 0.8388671875 360491
0.1337890625 0.3994140625 0.8388671875 360492
0.134765625 0.38134765625 0.83447265625 360589
0.134765625 0.38134765625 0.83447265625 360590
0.134765625 0.38134765625 0.83447265625 360591
0.134765625 0.38134765625 0.83447265625 360592
0.134765625 0.38134765625 0.83447265625 360592
0.1376953125 0.3984375 0.84326171875 360692
0.1376953125 0.3984375 0.84326171875 360693
0.1376953125 0.3984375 0.84326171875 360694
0.1376953125 0.3984375 0.84326171875 360695
0.1376953125 0.3984375 0.84326171875 360697
0.13671875 0.39599609375 0.83642578125 360794
0.13671875 0.39599609375 0.83642578125 360795
0.13671875 0.39599609375 0.83642578125 360796
0.13671875 0.39599609375 0.83642578125 360798
0.13671875 0.39599609375 0.83642578125 360799
0.13720703125 0.38671875 0.8388671875 360874
0.1396484375 0.39501953125 0.8447265625 360989
0.1396484375 0.39501953125 0.8447265625 360991
0.1396484375 0.39501953125 0.8447265625 360992
0.1396484375 0.39501953125 0.8447265625 360993
0.1396484375 0.39501953125 0.8447265625 360995
0.130859375 0.39208984375 0.8291015625 361087
0.13916015625 0.400390625 0.84033203125 361195
0.13916015625 0.400390625 0.84033203125 361196
0.13916015625 0.400390625 0.84033203125 361198
0.13916015625 0.400390625 0.84033203125 361199
0.13916015625 0.400390625 0.84033203125 361200
0.13232421875 0.3974609375 0.83837890625 361273
0.140625 0.40185546875 0.84326171875 361385
0.140625 0.40185546875 0.84326171875 361386
0.140625 0.40185546875 0.84326171875 361387
0.140625 0.40185546875 0.84326171875 361388
0.140625 0.40185546875 0.84326171875 361389
0.1337890625 0.390625 0.83447265625 361487
0.1337890625 0.390625 0.83447265625 361488
0.1337890625 0.390625 0.83447265625 361489
0.1337890625 0.390625 0.83447265625 361491
0.1337890625 0.390625 0.83447265625 361492
0.134765625 0.396484375 0.8388671875 361590
0.134765625 0.396484375 0.8388671875 361591
0.134765625 0.396484375 0.8388671875 361592
0.134765625 0.396484375 0.8388671875 361593
0.134765625 0.396484375 0.8388671875 361594
0.134765625 0.3984375 0.83935546875 361695
0.134765625 0.3984375 0.83935546875 361696
0.134765625 0.3984375 0.83935546875 361698
0.134765625 0.3984375 0.83935546875 361699
0.134765625 0.3984375 0.83935546875 361700
0.14013671875 0.396484375 0.84033203125 361776
0.13037109375 0.40380859375 0.83203125 361886
0.13037109375 0.40380859375 0.83203125 361887
0.13037109375 0.40380859375 0.83203125 361888
0.13037109375 0.40380859375 0.83203125 361932
0.13037109375 0.40380859375 0.83203125 361934
0.138671875 0.3994140625 0.84033203125 361989
0.138671875 0.3994140625 0.84033203125 361990
0.138671875 0.3994140625 0.84033203125 361991
0.138671875 0.3994140625 0.84033203125 361993
0.1337890625 0.4013671875 0.83349609375 362095
0.1337890625 0.4013671875 0.83349609375 362096
0.1337890625 0.4013671875 0.83349609375 362097
0.1337890625 0.4013671875 0.83349609375 362098
0.1337890625 0.4013671875 0.83349609375 362099
0.1318359375 0.39794921875 0.8330078125 362182
0.134765625 0.3974609375 0.8349609375 362288
0.134765625 0.3974609375 0.8349609375 362289
0.134765625 0.3974609375 0.8349609375 362290
0.134765625 0.3974609375 0.8349609375 362291
0.134765625 0.3974609375 0.8349609375 362291
0.1357421875 0.40283203125 0.83984375 362391
0.1357421875 0.40283203125 0.83984375 362392
0.1357421875 0.40283203125 0.83984375 362393
0.1357421875 0.40283203125 0.83984375 362394
0.1357421875 0.40283203125 0.83984375 362395
0.1298828125 0.39892578125 0.83154296875 362494
0.1298828125 0.39892578125 0.83154296875 362495
0.1298828125 0.39892578125 0.83154296875 362496
0.1298828125 0.39892578125 0.83154296875 362497
0.1298828125 0.39892578125 0.83154296875 362499
0.13232421875 0.388671875 0.8369140625 362596
0.13232421875 0.388671875 0.8369140625 362597
0.13232421875 0.388671875 0.8369140625 362598
0.13232421875 0.388671875 0.8369140625 362599
0.13232421875 0.388671875 0.8369140625 362600
0.13818359375 0.3984375 0.83740234375 362673
0.13916015625 0.40576171875 0.8369140625 362785
0.13916015625 0.40576171875 0.8369140625 362786
0.13916015625 0.40576171875 0.8369140625 362788
0.13916015625 0.40576171875 0.8369140625 362789
0.13916015625 0.40576171875 0.8369140625 362790
0.13623046875 0.40576171875 0.82861328125 362890
0.13623046875 0.40576171875 0.82861328125 362891
0.13623046875 0.40576171875 0.82861328125 362892
0.13623046875 0.40576171875 0.82861328125 362893
0.13623046875 0.40576171875 0.82861328125 362894
0.1337890625 0.39892578125 0.83447265625 363000
0.1337890625 0.39892578125 0.83447265625 363002
0.1337890625 0.39892578125 0.83447265625 363003
0.1337890625 0.39892578125 0.83447265625 363004
0.1337890625 0.39892578125 0.83447265625 363005
0.1318359375 0.3984375 0.83984375 363087
0.1357421875 0.39404296875 0.833984375 363190
0.1357421875 0.39404296875 0.833984375 363191
0.1357421875 0.39404296875 0.833984375 363193
0.1357421875 0.39404296875 0.833984375 363194
0.1357421875 0.39404296875 0.833984375 363195
0.1337890625 0.40771484375 0.8310546875 363292
0.1337890625 0.40771484375 0.8310546875 363293
0.1337890625 0.40771484375 0.8310546875 363294
0.1337890625 0.40771484375 0.8310546875 363295
0.1337890625 0.40771484375 0.8310546875 363296
0.13671875 0.39208984375 0.8408203125 363395
0.13671875 0.39208984375 0.8408203125 363396
0.13671875 0.39208984375 0.8408203125 363397
0.13671875 0.39208984375 0.8408203125 363398
0.13671875 0.39208984375 0.8408203125 363399
0.1376953125 0.38916015625 0.8310546875 363523
0.1376953125 0.38916015625 0.8310546875 363525
0.1376953125 0.38916015625 0.8310546875 363527
0.1376953125 0.38916015625 0.8310546875 363528
0.1376953125 0.38916015625 0.8310546875 363530
0.138671875 0.408203125 0.84228515625 363615
0.13525390625 0.4091796875 0.8359375 363688
0.13525390625 0.4091796875 0.8359375 363689
0.13525390625 0.4091796875 0.8359375 363691
0.13525390625 0.4091796875 0.8359375 363692
0.13525390625 0.4091796875 0.8359375 363693
0.13427734375 0.39404296875 0.8388671875 363790
0.13427734375 0.39404296875 0.8388671875 363791
0.13427734375 0.39404296875 0.8388671875 363793
0.13427734375 0.39404296875 0.8388671875 363794
0.13427734375 0.39404296875 0.8388671875 363795
0.12841796875 0.39892578125 0.82763671875 363892
0.12841796875 0.39892578125 0.82763671875 363893
0.12841796875 0.39892578125 0.82763671875 363894
0.12841796875 0.39892578125 0.82763671875 363895
0.12841796875 0.39892578125 0.82763671875 363897
0.138671875 0.39990234375 0.837890625 363995
0.138671875 0.39990234375 0.837890625 363996
0.138671875 0.39990234375 0.837890625 363997
0.138671875 0.39990234375 0.837890625 363998
0.138671875 0.39990234375 0.837890625 363999
0.13232421875 0.400390625 0.82421875 364086
0.13916015625 0.39599609375 0.83544921875 364189
0.13916015625 0.39599609375 0.83544921875 364190
0.13916015625 0.39599609375 0.83544921875 364214
0.13916015625 0.39599609375 0.83544921875 364215
0.13916015625 0.39599609375 0.83544921875 364216
0.1337890625 0.40869140625 0.8359375 364289
0.1337890625 0.40869140625 0.8359375 364326
0.1337890625 0.40869140625 0.8359375 364327
0.1337890625 0.40869140625 0.8359375 364328
0.1337890625 0.40869140625 0.8359375 364330
0.13916015625 0.40625 0.8369140625 364392
0.13916015625 0.40625 0.8369140625 364394
0.1376953125 0.3955078125 0.833984375 364485
0.1376953125 0.3955078125 0.833984375 364487
0.1376953125 0.3955078125 0.833984375 364488
0.1376953125 0.3955078125 0.833984375 364513
0.1337890625 0.39404296875 0.8408203125 364585
0.1337890625 0.39404296875 0.8408203125 364586
0.1337890625 0.39404296875 0.8408203125 364587
0.1337890625 0.39404296875 0.8408203125 364589
0.1337890625 0.39404296875 0.8408203125 364590
0.134765625 0.39794921875 0.83935546875 364687
0.134765625 0.39794921875 0.83935546875 364688
0.134765625 0.39794921875 0.83935546875 364689
0.134765625 0.39794921875 0.83935546875 364690
0.134765625 0.39794921875 0.83935546875 364691
0.134765625 0.3984375 0.83642578125 364790
0.134765625 0.3984375 0.83642578125 364791
0.134765625 0.3984375 0.83642578125 364792
0.134765625 0.3984375 0.83642578125 364796
0.134765625 0.3984375 0.83642578125 364797
0.13623046875 0.40185546875 0.84130859375 364892
0.13623046875 0.40185546875 0.84130859375 364893
0.13623046875 0.40185546875 0.84130859375 364894
0.13623046875 0.40185546875 0.84130859375 364896
0.13623046875 0.40185546875 0.84130859375 364897
0.1318359375 0.38916015625 0.83056640625 364996
0.1318359375 0.38916015625 0.83056640625 364998
0.1318359375 0.38916015625 0.83056640625 364999
0.1318359375 0.38916015625 0.83056640625 365000
0.1318359375 0.38916015625 0.83056640625 365001
0.134765625 0.400390625 0.833984375 365076
0.134765625 0.40234375 0.833984375 365186
0.134765625 0.40234375 0.833984375 365187
0.134765625 0.40234375 0.833984375 365188
0.134765625 0.40234375 0.833984375 365190
0.134765625 0.40234375 0.833984375 365191
0.1298828125 0.39794921875 0.81787109375 365288
0.1298828125 0.39794921875 0.81787109375 365290
0.1298828125 0.39794921875 0.81787109375 365291
0.1298828125 0.39794921875 0.81787109375 365312
0.1298828125 0.39794921875 0.81787109375 365313
0.13232421875 0.392578125 0.810546875 365391
0.13232421875 0.392578125 0.810546875 365392
0.13232421875 0.392578125 0.810546875 365394
0.13232421875 0.392578125 0.810546875 365395
0.14404296875 0.4013671875 0.83447265625 365493
0.14404296875 0.4013671875 0.83447265625 365494
0.14404296875 0.4013671875 0.83447265625 365495
0.14404296875 0.4013671875 0.83447265625 365496
0.14404296875 0.4013671875 0.83447265625 365497
0.1279296875 0.40771484375 0.82470703125 365596
0.1279296875 0.40771484375 0.82470703125 365597
0.1279296875 0.40771484375 0.82470703125 365598
0.1279296875 0.40771484375 0.82470703125 365600
0.1279296875 0.40771484375 0.82470703125 365601
0.12744140625 0.41796875 0.84033203125 365673
0.10546875 0.43798828125 0.81591796875 365784
0.10546875 0.43798828125 0.81591796875 365785
0.10546875 0.43798828125 0.81591796875 365786
0.10546875 0.43798828125 0.81591796875 365787
0.10546875 0.43798828125 0.81591796875 365788
0.08251953125 0.4853515625 0.806640625 365887
0.08251953125 0.4853515625 0.806640625 365888
0.08251953125 0.4853515625 0.806640625 365889
0.08251953125 0.4853515625 0.806640625 365890
0.08251953125 0.4853515625 0.806640625 365891
0.04248046875 0.54443359375 0.7763671875 365990
0.04248046875 0.54443359375 0.7763671875 365991
0.04248046875 0.54443359375 0.7763671875 365992
0.04248046875 0.54443359375 0.7763671875 365993
0.04248046875 0.54443359375 0.7763671875 365994
0.00927734375 0.60400390625 0.7470703125 366093
0.00927734375 0.60400390625 0.7470703125 366094
0.00927734375 0.60400390625 0.7470703125 366095
0.00927734375 0.60400390625 0.7470703125 366095
0.00927734375 0.60400390625 0.7470703125 366096
-0.0390625 0.662109375 0.69580078125 366212
-0.0390625 0.662109375 0.69580078125 366214
-0.0390625 0.662109375 0.69580078125 366215
-0.0390625 0.662109375 0.69580078125 366216
-0.0390625 0.662109375 0.69580078125 366222
-0.1005859375 0.69287109375 0.6328125 366292
-0.1796875 0.73828125 0.56689453125 366400
-0.1796875 0.73828125 0.56689453125 366401
-0.1796875 0.73828125 0.56689453125 366402
-0.1796875 0.73828125 0.56689453125 366403
-0.1796875 0.73828125 0.56689453125 366404
-0.25439453125 0.736328125 0.4765625 366473
-0.32421875 0.76953125 0.40087890625 366584
-0.32421875 0.76953125 0.40087890625 366585
-0.32421875 0.76953125 0.40087890625 366587
-0.32421875 0.76953125 0.40087890625 366588
-0.32421875 0.76953125 0.40087890625 366589
-0.39501953125 0.76416015625 0.279296875 366687
-0.39501953125 0.76416015625 0.279296875 366688
-0.39501953125 0.76416015625 0.279296875 366689
-0.39501953125 0.76416015625 0.279296875 366689
-0.39501953125 0.76416015625 0.279296875 366690
-0.45849609375 0.78564453125 0.16748046875 366791
-0.45849609375 0.78564453125 0.16748046875 366793
-0.45849609375 0.78564453125 0.16748046875 366794
-0.45849609375 0.78564453125 0.16748046875 366795
-0.45849609375 0.78564453125 0.16748046875 366796
-0.49853515625 0.8291015625 0.0791015625 366893
-0.49853515625 0.8291015625 0.0791015625 366894
-0.49853515625 0.8291015625 0.0791015625 366895
-0.49853515625 0.8291015625 0.0791015625 366896
-0.49853515625 0.8291015625 0.0791015625 366898
-0.51318359375 0.80224609375 0.05810546875 366995
-0.51318359375 0.80224609375 0.05810546875 366997
-0.51318359375 0.80224609375 0.05810546875 366998
-0.51318359375 0.80224609375 0.05810546875 366999
-0.51318359375 0.80224609375 0.05810546875 367000
-0.51513671875 0.71630859375 0.060546875 367103
-0.51513671875 0.71630859375 0.060546875 367104
-0.51513671875 0.71630859375 0.060546875 367105
-0.51513671875 0.71630859375 0.060546875 367106
-0.51513671875 0.71630859375 0.060546875 367107
-0.52685546875 0.751953125 0.0869140625 367184
-0.5458984375 0.78466796875 0.06201171875 367287
-0.5458984375 0.78466796875 0.06201171875 367288
-0.5458984375 0.78466796875 0.06201171875 367289
-0.5458984375 0.78466796875 0.06201171875 367291
-0.5458984375 0.78466796875 0.06201171875 367292
-0.537109375 0.6884765625 0.03466796875 367390
-0.537109375 0.6884765625 0.03466796875 367391
-0.537109375 0.6884765625 0.03466796875 367393
-0.537109375 0.6884765625 0.03466796875 367394
-0.62109375 0.7705078125 -0.10986328125 367493
-0.62109375 0.7705078125 -0.10986328125 367494
-0.62109375 0.7705078125 -0.10986328125 367495
-0.62109375 0.7705078125 -0.10986328125 367496
-0.62109375 0.7705078125 -0.10986328125 367497
-0.64990234375 0.44482421875 -0.27685546875 367596
-0.64990234375 0.44482421875 -0.27685546875 367597
-0.64990234375 0.44482421875 -0.27685546875 367598
-0.64990234375 0.44482421875 -0.27685546875 367600
-0.64990234375 0.44482421875 -0.27685546875 367600
-0.62646484375 0.732421875 0.08447265625 367673
-0.5166015625 0.65576171875 0.37939453125 367808
-0.5166015625 0.65576171875 0.37939453125 367809
-0.5166015625 0.65576171875 0.37939453125 367810
-0.5166015625 0.65576171875 0.37939453125 367812
-0.5166015625 0.65576171875 0.37939453125 367813
-0.28515625 0.52880859375 0.63037109375 367885
-0.18115234375 0.58154296875 0.62451171875 367979
-0.18115234375 0.58154296875 0.62451171875 367991
-0.18115234375 0.58154296875 0.62451171875 367992
-0.18115234375 0.58154296875 0.62451171875 367993
-0.18115234375 0.58154296875 0.62451171875 367994
-0.1005859375 0.59716796875 0.68212890625 368093
-0.1005859375 0.59716796875 0.68212890625 368094
-0.1005859375 0.59716796875 0.68212890625 368095
-0.1005859375 0.59716796875 0.68212890625 368096
-0.1005859375 0.59716796875 0.68212890625 368097
0.02783203125 0.6123046875 0.77197265625 368173
0.05224609375 0.6162109375 0.73828125 368284
0.05224609375 0.6162109375 0.73828125 368285
0.05224609375 0.6162109375 0.73828125 368286
0.05224609375 0.6162109375 0.73828125 368287
0.05224609375 0.6162109375 0.73828125 368288
0.0146484375 0.6533203125 0.68505859375 368387
0.0146484375 0.6533203125 0.68505859375 368388
0.0146484375 0.6533203125 0.68505859375 368389
0.0146484375 0.6533203125 0.68505859375 368391
0.0146484375 0.6533203125 0.68505859375 368392
0.01953125 0.6904296875 0.673828125 368490
0.01953125 0.6904296875 0.673828125 368491
0.01953125 0.6904296875 0.673828125 368493
0.01953125 0.6904296875 0.673828125 368494
0.0380859375 0.69482421875 0.6865234375 368593
0.0380859375 0.69482421875 0.6865234375 368594
0.0380859375 0.69482421875 0.6865234375 368596
0.0380859375 0.69482421875 0.6865234375 368597
0.0380859375 0.69482421875 0.6865234375 368598
0.03955078125 0.6669921875 0.66357421875 368681
0.04150390625 0.68896484375 0.64013671875 368783
0.04150390625 0.68896484375 0.64013671875 368784
0.04150390625 0.68896484375 0.64013671875 368785
0.04150390625 0.68896484375 0.64013671875 368786
0.04150390625 0.68896484375 0.64013671875 368787
0.0859375 0.67578125 0.70947265625 368886
0.0859375 0.67578125 0.70947265625 368887
0.0859375 0.67578125 0.70947265625 368888
0.0859375 0.67578125 0.70947265625 368889
0.0859375 0.67578125 0.70947265625 368890
0.05712890625 0.685546875 0.66259765625 368988
0.05712890625 0.685546875 0.66259765625 368989
0.05712890625 0.685546875 0.66259765625 368990
0.05712890625 0.685546875 0.66259765625 368991
0.05712890625 0.685546875 0.66259765625 368993
0.07080078125 0.689453125 0.64892578125 369091
0.07080078125 0.689453125 0.64892578125 369092
0.07080078125 0.689453125 0.64892578125 369093
0.07080078125 0.689453125 0.64892578125 369094
0.07080078125 0.689453125 0.64892578125 369095
0.09619140625 0.68017578125 0.701171875 369193
0.09619140625 0.68017578125 0.701171875 369194
0.09619140625 0.68017578125 0.701171875 369195
0.09619140625 0.68017578125 0.701171875 369197
0.09619140625 0.68017578125 0.701171875 369198
0.11083984375 0.6630859375 0.71044921875 369277
0.13525390625 0.60205078125 0.7216796875 369416
0.13525390625 0.60205078125 0.7216796875 369418
0.13525390625 0.60205078125 0.7216796875 369419
0.13525390625 0.60205078125 0.7216796875 369420
0.13525390625 0.60205078125 0.7216796875 369421
0.1533203125 0.568359375 0.77685546875 369487
0.13720703125 0.54150390625 0.76953125 369579
0.13720703125 0.54150390625 0.76953125 369591
0.13720703125 0.54150390625 0.76953125 369592
0.13720703125 0.54150390625 0.76953125 369593
0.13720703125 0.54150390625 0.76953125 369595
0.1494140625 0.48291015625 0.81201171875 369695
0.1494140625 0.48291015625 0.81201171875 369697
0.1494140625 0.48291015625 0.81201171875 369698
0.1494140625 0.48291015625 0.81201171875 369699
0.1494140625 0.48291015625 0.81201171875 369700
0.1396484375 0.45556640625 0.81396484375 369817
0.1396484375 0.45556640625 0.81396484375 369820
0.1396484375 0.45556640625 0.81396484375 369821
0.1396484375 0.45556640625 0.81396484375 369822
0.1396484375 0.45556640625 0.81396484375 369823
0.126953125 0.44189453125 0.82470703125 369890
0.11865234375 0.439453125 0.82470703125 370017
0.11865234375 0.439453125 0.82470703125 370018
0.11865234375 0.439453125 0.82470703125 370019
0.11865234375 0.439453125 0.82470703125 370021
0.11865234375 0.439453125 0.82470703125 370022
0.12109375 0.40185546875 0.8271484375 370091
0.09521484375 0.40625 0.8115234375 370193
0.09521484375 0.40625 0.8115234375 370194
0.09521484375 0.40625 0.8115234375 370195
0.09521484375 0.40625 0.8115234375 370197
0.09521484375 0.40625 0.8115234375 370198
0.09619140625 0.39306640625 0.8291015625 370275
0.10107421875 0.39501953125 0.8349609375 370383
0.10107421875 0.39501953125 0.8349609375 370384
0.10107421875 0.39501953125 0.8349609375 370385
0.10107421875 0.39501953125 0.8349609375 370386
0.10107421875 0.39501953125 0.8349609375 370387
0.10693359375 0.3974609375 0.84765625 370486
0.10693359375 0.3974609375 0.84765625 370487
0.10693359375 0.3974609375 0.84765625 370489
0.10693359375 0.3974609375 0.84765625 370490
0.10693359375 0.3974609375 0.84765625 370491
0.1103515625 0.39208984375 0.8505859375 370588
0.1103515625 0.39208984375 0.8505859375 370589
0.1103515625 0.39208984375 0.8505859375 370590
0.1103515625 0.39208984375 0.8505859375 370591
0.1103515625 0.39208984375 0.8505859375 370592
0.10400390625 0.390625 0.8310546875 370691
0.10400390625 0.390625 0.8310546875 370692
0.10400390625 0.390625 0.8310546875 370693
0.10400390625 0.390625 0.8310546875 370695
0.10400390625 0.390625 0.8310546875 370696
0.10986328125 0.390625 0.8349609375 370793
0.10986328125 0.390625 0.8349609375 370794
0.10986328125 0.390625 0.8349609375 370796
0.10986328125 0.390625 0.8349609375 370797
0.10986328125 0.390625 0.8349609375 370799
0.11279296875 0.4013671875 0.837890625 370875
0.1171875 0.388671875 0.83642578125 370988
0.1171875 0.388671875 0.83642578125 370990
0.1171875 0.388671875 0.83642578125 370991
0.1171875 0.388671875 0.83642578125 370992
0.1171875 0.388671875 0.83642578125 370993
0.1142578125 0.40185546875 0.84326171875 371088
0.12744140625 0.3935546875 0.8447265625 371191
0.12744140625 0.3935546875 0.8447265625 371192
0.12744140625 0.3935546875 0.8447265625 371193
0.12744140625 0.3935546875 0.8447265625 371194
0.12744140625 0.3935546875 0.8447265625 371195
0.12060546875 0.38916015625 0.833984375 371293
0.12060546875 0.38916015625 0.833984375 371294
0.12060546875 0.38916015625 0.833984375 371295
0.12060546875 0.38916015625 0.833984375 371296
0.12060546875 0.38916015625 0.833984375 371297
0.1181640625 0.39990234375 0.8330078125 371373
0.12890625 0.37841796875 0.84765625 371485
0.12890625 0.37841796875 0.84765625 371486
0.12890625 0.37841796875 0.84765625 371487
0.12890625 0.37841796875 0.84765625 371488
0.12890625 0.37841796875 0.84765625 371489
0.126953125 0.38134765625 0.8369140625 371587
0.126953125 0.38134765625 0.8369140625 371588
0.126953125 0.38134765625 0.8369140625 371589
0.126953125 0.38134765625 0.8369140625 371591
0.126953125 0.38134765625 0.8369140625 371592
0.12451171875 0.3857421875 0.83935546875 371689
0.12451171875 0.3857421875 0.83935546875 371709
0.12451171875 0.3857421875 0.83935546875 371710
0.12451171875 0.3857421875 0.83935546875 371711
0.12451171875 0.3857421875 0.83935546875 371712
0.12451171875 0.3935546875 0.841796875 371792
0.12451171875 0.3935546875 0.841796875 371793
0.12939453125 0.38720703125 0.84423828125 371895
0.12939453125 0.38720703125 0.84423828125 371896
0.12939453125 0.38720703125 0.84423828125 371897
0.12939453125 0.38720703125 0.84423828125 371899
0.12939453125 0.38720703125 0.84423828125 371900
0.123046875 0.38623046875 0.84130859375 371974
0.126953125 0.37939453125 0.84033203125 372110
0.126953125 0.37939453125 0.84033203125 372111
0.126953125 0.37939453125 0.84033203125 372112
0.126953125 0.37939453125 0.84033203125 372113
0.126953125 0.37939453125 0.84033203125 372114
0.1298828125 0.36865234375 0.84375 372189
0.126953125 0.38427734375 0.8486328125 372294
0.126953125 0.38427734375 0.8486328125 372295
0.126953125 0.38427734375 0.8486328125 372296
0.126953125 0.38427734375 0.8486328125 372297
0.126953125 0.38427734375 0.8486328125 372298
0.12158203125 0.3798828125 0.83349609375 372376
0.13134765625 0.3798828125 0.841796875 372487
0.13134765625 0.3798828125 0.841796875 372488
0.13134765625 0.3798828125 0.841796875 372489
0.13134765625 0.3798828125 0.841796875 372490
0.13134765625 0.3798828125 0.841796875 372491
0.1240234375 0.39990234375 0.85107421875 372600
0.1240234375 0.39990234375 0.85107421875 372602
0.1240234375 0.39990234375 0.85107421875 372603
0.1240234375 0.39990234375 0.85107421875 372604
0.1240234375 0.39990234375 0.85107421875 372605
0.13037109375 0.36962890625 0.83642578125 372687
0.13037109375 0.37646484375 0.83984375 372792
0.13037109375 0.37646484375 0.83984375 372793
0.13037109375 0.37646484375 0.83984375 372794
0.13037109375 0.37646484375 0.83984375 372795
0.13037109375 0.37646484375 0.83984375 372795
0.13134765625 0.38525390625 0.85107421875 372895
0.13134765625 0.38525390625 0.85107421875 372896
0.13134765625 0.38525390625 0.85107421875 372897
0.13134765625 0.38525390625 0.85107421875 372898
0.13134765625 0.38525390625 0.85107421875 372899
0.1240234375 0.36767578125 0.8349609375 373015
0.1240234375 0.36767578125 0.8349609375 373017
0.1240234375 0.36767578125 0.8349609375 373018
0.1240234375 0.36767578125 0.8349609375 373019
0.1240234375 0.36767578125 0.8349609375 373020
0.1259765625 0.396484375 0.84912109375 373086
0.12255859375 0.38037109375 0.8369140625 373189
0.12255859375 0.38037109375 0.8369140625 373190
0.12255859375 0.38037109375 0.8369140625 373192
0.12255859375 0.38037109375 0.8369140625 373193
0.12255859375 0.38037109375 0.8369140625 373194
0.12255859375 0.38818359375 0.84423828125 373292
0.12255859375 0.38818359375 0.84423828125 373293
0.12255859375 0.38818359375 0.84423828125 373294
0.12255859375 0.38818359375 0.84423828125 373295
0.12255859375 0.38818359375 0.84423828125 373295
0.12451171875 0.3681640625 0.833984375 373395
0.12451171875 0.3681640625 0.833984375 373396
0.12451171875 0.3681640625 0.833984375 373398
0.12451171875 0.3681640625 0.833984375 373399
0.12451171875 0.3681640625 0.833984375 373400
0.1298828125 0.3818359375 0.849609375 373472
0.1220703125 0.37353515625 0.8388671875 373583
0.1220703125 0.37353515625 0.8388671875 373584
0.1220703125 0.37353515625 0.8388671875 373585
0.1220703125 0.37353515625 0.8388671875 373586
0.1220703125 0.37353515625 0.8388671875 373587
0.12646484375 0.3876953125 0.84423828125 373686
0.12646484375 0.3876953125 0.84423828125 373687
0.12646484375 0.3876953125 0.84423828125 373688
0.12646484375 0.3876953125 0.84423828125 373689
0.12646484375 0.3876953125 0.84423828125 373690
0.13525390625 0.37841796875 0.8505859375 373788
0.13525390625 0.37841796875 0.8505859375 373789
0.13525390625 0.37841796875 0.8505859375 373790
0.13525390625 0.37841796875 0.8505859375 373790
0.13525390625 0.37841796875 0.8505859375 373791
0.13232421875 0.38427734375 0.84619140625 373891
0.13232421875 0.38427734375 0.84619140625 373892
0.13232421875 0.38427734375 0.84619140625 373893
0.13232421875 0.38427734375 0.84619140625 373895
0.13232421875 0.38427734375 0.84619140625 373896
0.12939453125 0.384765625 0.84130859375 374015
0.12939453125 0.384765625 0.84130859375 374017
0.12939453125 0.384765625 0.84130859375 374018
0.12939453125 0.384765625 0.84130859375 374019
0.12939453125 0.384765625 0.84130859375 374020
0.1298828125 0.3818359375 0.84033203125 374087
0.13037109375 0.38671875 0.84228515625 374189
0.13037109375 0.38671875 0.84228515625 374190
0.13037109375 0.38671875 0.84228515625 374191
0.13037109375 0.38671875 0.84228515625 374192
0.13037109375 0.38671875 0.84228515625 374194
0.13330078125 0.3701171875 0.84130859375 374288
0.12890625 0.38671875 0.84765625 374391
0.12890625 0.38671875 0.84765625 374392
0.12890625 0.38671875 0.84765625 374393
0.12890625 0.38671875 0.84765625 374394
0.12890625 0.38671875 0.84765625 374394
0.13623046875 0.3857421875 0.83740234375 374493
0.13623046875 0.3857421875 0.83740234375 374494
0.13623046875 0.3857421875 0.83740234375 374496
0.13623046875 0.3857421875 0.83740234375 374497
0.13623046875 0.3857421875 0.83740234375 374499
0.130859375 0.3720703125 0.8349609375 374574
0.138671875 0.390625 0.85009765625 374684
0.138671875 0.390625 0.85009765625 374685
0.138671875 0.390625 0.85009765625 374686
0.138671875 0.390625 0.85009765625 374687
0.138671875 0.390625 0.85009765625 374688
0.1337890625 0.38916015625 0.83251953125 374787
0.1337890625 0.38916015625 0.83251953125 374788
0.1337890625 0.38916015625 0.83251953125 374789
0.1337890625 0.38916015625 0.83251953125 374790
0.1337890625 0.38916015625 0.83251953125 374790
0.1396484375 0.38916015625 0.84814453125 374918
0.1396484375 0.38916015625 0.84814453125 374920
0.1396484375 0.38916015625 0.84814453125 374921
0.1396484375 0.38916015625 0.84814453125 374922
0.1396484375 0.38916015625 0.84814453125 374923
0.1357421875 0.38427734375 0.84619140625 374992
0.1357421875 0.390625 0.84375 375094
0.1357421875 0.390625 0.84375 375095
0.1357421875 0.390625 0.84375 375096
0.1357421875 0.390625 0.84375 375097
0.1357421875 0.390625 0.84375 375098
0.13232421875 0.388671875 0.8369140625 375179
0.13720703125 0.3720703125 0.8369140625 375285
0.13720703125 0.3720703125 0.8369140625 375286
0.13720703125 0.3720703125 0.8369140625 375287
0.13720703125 0.3720703125 0.8369140625 375288
0.13720703125 0.3720703125 0.8369140625 375289
0.12890625 0.3876953125 0.8388671875 375388
0.12890625 0.3876953125 0.8388671875 375389
0.12890625 0.3876953125 0.8388671875 375390
0.12890625 0.3876953125 0.8388671875 375391
0.12890625 0.3876953125 0.8388671875 375392
0.13720703125 0.384765625 0.8427734375 375489
0.13720703125 0.384765625 0.8427734375 375547
0.13720703125 0.384765625 0.8427734375 375549
0.13720703125 0.384765625 0.8427734375 375550
0.13720703125 0.384765625 0.8427734375 375551
0.13916015625 0.37939453125 0.8466796875 375592
0.13916015625 0.37939453125 0.8466796875 375593
0.1328125 0.3984375 0.8369140625 375719
0.1328125 0.3984375 0.8369140625 375720
0.1328125 0.3984375 0.8369140625 375721
0.1328125 0.3984375 0.8369140625 375722
0.1328125 0.3984375 0.8369140625 375723
0.130859375 0.38818359375 0.83740234375 375797
0.13330078125 0.37451171875 0.8369140625 375885
0.13330078125 0.37451171875 0.8369140625 375886
0.13330078125 0.37451171875 0.8369140625 375887
0.13330078125 0.37451171875 0.8369140625 375890
0.13330078125 0.37451171875 0.8369140625 375891
0.1328125 0.38037109375 0.8427734375 375988
0.1328125 0.38037109375 0.8427734375 375989
0.1328125 0.38037109375 0.8427734375 375991
0.1328125 0.38037109375 0.8427734375 375992
0.1328125 0.38037109375 0.8427734375 375993
0.13427734375 0.3896484375 0.84130859375 376091
0.13427734375 0.3896484375 0.84130859375 376092
0.13427734375 0.3896484375 0.84130859375 376093
0.13427734375 0.3896484375 0.84130859375 376094
0.13427734375 0.3896484375 0.84130859375 376095
0.13720703125 0.375 0.8359375 376193
0.13720703125 0.375 0.8359375 376194
0.13720703125 0.375 0.8359375 376195
0.13720703125 0.375 0.8359375 376196
0.13720703125 0.375 0.8359375 376197
0.1337890625 0.39208984375 0.849609375 376296
0.1337890625 0.39208984375 0.849609375 376297
0.1337890625 0.39208984375 0.849609375 376299
0.1337890625 0.39208984375 0.849609375 376300
0.1337890625 0.39208984375 0.849609375 376301
0.12939453125 0.37353515625 0.83935546875 376375
0.126953125 0.39306640625 0.84716796875 376487
0.126953125 0.39306640625 0.84716796875 376488
0.126953125 0.39306640625 0.84716796875 376489
0.126953125 0.39306640625 0.84716796875 376490
0.126953125 0.39306640625 0.84716796875 376491
0.13623046875 0.36962890625 0.83984375 376589
0.13623046875 0.36962890625 0.83984375 376590
0.13623046875 0.36962890625 0.83984375 376591
0.13623046875 0.36962890625 0.83984375 376592
0.13623046875 0.36962890625 0.83984375 376593
0.12890625 0.38525390625 0.83837890625 376692
0.12890625 0.38525390625 0.83837890625 376693
0.12890625 0.38525390625 0.83837890625 376694
0.12890625 0.38525390625 0.83837890625 376695
0.12890625 0.38525390625 0.83837890625 376696
0.1337890625 0.380859375 0.841796875 376794
0.1337890625 0.380859375 0.841796875 376795
0.1337890625 0.380859375 0.841796875 376796
0.1337890625 0.380859375 0.841796875 376797
0.1337890625 0.380859375 0.841796875 376798
0.1298828125 0.38916015625 0.83837890625 376872
0.13232421875 0.38671875 0.84130859375 376983
0.13232421875 0.38671875 0.84130859375 376984
0.13232421875 0.38671875 0.84130859375 376985
0.13232421875 0.38671875 0.84130859375 376986
0.13232421875 0.38671875 0.84130859375 377008
0.1337890625 0.376953125 0.84375 377086
0.1337890625 0.376953125 0.84375 377087
0.1337890625 0.376953125 0.84375 377088
0.1337890625 0.376953125 0.84375 377089
0.1337890625 0.376953125 0.84375 377091
0.12841796875 0.3818359375 0.83544921875 377194
0.12841796875 0.3818359375 0.83544921875 377195
0.12841796875 0.3818359375 0.83544921875 377196
0.12841796875 0.3818359375 0.83544921875 377197
0.12841796875 0.3818359375 0.83544921875 377198
0.12841796875 0.38134765625 0.8408203125 377281
0.130859375 0.38720703125 0.845703125 377387
0.130859375 0.38720703125 0.845703125 377388
0.130859375 0.38720703125 0.845703125 377389
0.130859375 0.38720703125 0.845703125 377390
0.130859375 0.38720703125 0.845703125 377391
0.12109375 0.380859375 0.8359375 377485
0.12841796875 0.380859375 0.84228515625 377577
0.12841796875 0.380859375 0.84228515625 377589
0.12841796875 0.380859375 0.84228515625 377590
0.12841796875 0.380859375 0.84228515625 377591
0.12841796875 0.380859375 0.84228515625 377592
0.123046875 0.37939453125 0.83837890625 377692
0.123046875 0.37939453125 0.83837890625 377693
0.123046875 0.37939453125 0.83837890625 377695
0.123046875 0.37939453125 0.83837890625 377696
0.123046875 0.37939453125 0.83837890625 377697
0.123046875 0.37890625 0.8408203125 377782
0.134765625 0.373046875 0.85302734375 377885
0.134765625 0.373046875 0.85302734375 377886
0.134765625 0.373046875 0.85302734375 377887
0.134765625 0.373046875 0.85302734375 377888
0.134765625 0.373046875 0.85302734375 377889
0.123046875 0.3681640625 0.83251953125 377987
0.123046875 0.3681640625 0.83251953125 377988
0.123046875 0.3681640625 0.83251953125 377990
0.123046875 0.3681640625 0.83251953125 377991
0.123046875 0.3681640625 0.83251953125 377992
0.12353515625 0.3759765625 0.84423828125 378090
0.12353515625 0.3759765625 0.84423828125 378092
0.12353515625 0.3759765625 0.84423828125 378093
0.12353515625 0.3759765625 0.84423828125 378094
0.12353515625 0.3759765625 0.84423828125 378095
0.12890625 0.36181640625 0.8466796875 378192
0.12890625 0.36181640625 0.8466796875 378193
0.12890625 0.36181640625 0.8466796875 378194
0.12890625 0.36181640625 0.8466796875 378195
0.12890625 0.36181640625 0.8466796875 378216
0.13037109375 0.37158203125 0.8486328125 378294
0.13037109375 0.37158203125 0.8486328125 378295
0.13037109375 0.37158203125 0.8486328125 378296
0.13037109375 0.37158203125 0.8486328125 378297
0.13037109375 0.37158203125 0.8486328125 378299
0.12890625 0.37109375 0.8369140625 378374
0.125 0.37841796875 0.8349609375 378484
0.125 0.37841796875 0.8349609375 378485
0.125 0.37841796875 0.8349609375 378486
0.125 0.37841796875 0.8349609375 378487
0.125 0.37841796875 0.8349609375 378488
0.130859375 0.3701171875 0.85205078125 378587
0.130859375 0.3701171875 0.85205078125 378588
0.130859375 0.3701171875 0.85205078125 378590
0.130859375 0.3701171875 0.85205078125 378591
0.130859375 0.3701171875 0.85205078125 378592
0.11962890625 0.3583984375 0.84130859375 378689
0.11962890625 0.3583984375 0.84130859375 378690
0.11962890625 0.3583984375 0.84130859375 378691
0.11962890625 0.3583984375 0.84130859375 378692
0.11962890625 0.3583984375 0.84130859375 378693
0.10791015625 0.34912109375 0.82666015625 378792
0.10791015625 0.34912109375 0.82666015625 378793
0.10791015625 0.34912109375 0.82666015625 378794
0.10791015625 0.34912109375 0.82666015625 378795
0.10791015625 0.34912109375 0.82666015625 378796
0.115234375 0.35986328125 0.84130859375 378894
0.115234375 0.35986328125 0.84130859375 378895
0.115234375 0.35986328125 0.84130859375 378896
0.115234375 0.35986328125 0.84130859375 378898
0.115234375 0.35986328125 0.84130859375 378899
0.11181640625 0.35009765625 0.8544921875 378997
0.11181640625 0.35009765625 0.8544921875 378998
0.11181640625 0.35009765625 0.8544921875 378999
0.11181640625 0.35009765625 0.8544921875 379000
0.11181640625 0.35009765625 0.8544921875 379000
0.109375 0.349609375 0.865234375 379085
0.1015625 0.3427734375 0.8525390625 379177
0.1015625 0.3427734375 0.8525390625 379190
0.1015625 0.3427734375 0.8525390625 379191
0.1015625 0.3427734375 0.8525390625 379192
0.1015625 0.3427734375 0.8525390625 379193
0.07763671875 0.3740234375 0.85498046875 379292
0.07763671875 0.3740234375 0.85498046875 379293
0.07763671875 0.3740234375 0.85498046875 379294
0.07763671875 0.3740234375 0.85498046875 379295
0.07763671875 0.3740234375 0.85498046875 379296
0.03369140625 0.4248046875 0.83544921875 379394
0.03369140625 0.4248046875 0.83544921875 379395
0.03369140625 0.4248046875 0.83544921875 379396
0.03369140625 0.4248046875 0.83544921875 379397
0.03369140625 0.4248046875 0.83544921875 379398
0.01171875 0.43896484375 0.80615234375 379471
-0.044921875 0.533203125 0.77587890625 379582
-0.044921875 0.533203125 0.77587890625 379583
-0.044921875 0.533203125 0.77587890625 379584
-0.044921875 0.533203125 0.77587890625 379586
-0.044921875 0.533203125 0.77587890625 379587
-0.10595703125 0.59716796875 0.70654296875 379684
-0.10595703125 0.59716796875 0.70654296875 379685
-0.10595703125 0.59716796875 0.70654296875 379686
-0.10595703125 0.59716796875 0.70654296875 379687
-0.10595703125 0.59716796875 0.70654296875 379688
-0.17626953125 0.6328125 0.63671875 379788
-0.17626953125 0.6328125 0.63671875 379789
-0.17626953125 0.6328125 0.63671875 379790
-0.17626953125 0.6328125 0.63671875 379791
-0.24462890625 0.67138671875 0.57763671875 379892
-0.24462890625 0.67138671875 0.57763671875 379912
-0.24462890625 0.67138671875 0.57763671875 379913
-0.24462890625 0.67138671875 0.57763671875 379914
-0.24462890625 0.67138671875 0.57763671875 379915
-0.314453125 0.69140625 0.48291015625 379976
-0.38525390625 0.68359375 0.404296875 380085
-0.38525390625 0.68359375 0.404296875 380086
-0.38525390625 0.68359375 0.404296875 380087
-0.38525390625 0.68359375 0.404296875 380089
-0.38525390625 0.68359375 0.404296875 380090
-0.4345703125 0.75048828125 0.31591796875 380188
-0.4345703125 0.75048828125 0.31591796875 380189
-0.4345703125 0.75048828125 0.31591796875 380191
-0.4345703125 0.75048828125 0.31591796875 380191
-0.4736328125 0.7333984375 0.2099609375 380291
-0.4736328125 0.7333984375 0.2099609375 380292
-0.4736328125 0.7333984375 0.2099609375 380293
-0.4736328125 0.7333984375 0.2099609375 380294
-0.4736328125 0.7333984375 0.2099609375 380295
-0.49609375 0.7548828125 0.13330078125 380374
-0.5361328125 0.78564453125 0.04638671875 380483
-0.5361328125 0.78564453125 0.04638671875 380484
-0.5361328125 0.78564453125 0.04638671875 380485
-0.5361328125 0.78564453125 0.04638671875 380487
-0.5361328125 0.78564453125 0.04638671875 380487
-0.556640625 0.75244140625 0.01171875 380585
-0.556640625 0.75244140625 0.01171875 380586
-0.556640625 0.75244140625 0.01171875 380587
-0.556640625 0.75244140625 0.01171875 380588
-0.556640625 0.75244140625 0.01171875 380589
-0.55712890625 0.70703125 -0.03662109375 380688
-0.55712890625 0.70703125 -0.03662109375 380689
-0.55712890625 0.70703125 -0.03662109375 380691
-0.55712890625 0.70703125 -0.03662109375 380692
-0.58349609375 0.7412109375 -0.00927734375 380793
-0.58349609375 0.7412109375 -0.00927734375 380794
-0.58349609375 0.7412109375 -0.00927734375 380795
-0.58349609375 0.7412109375 -0.00927734375 380796
-0.58349609375 0.7412109375 -0.00927734375 380797
-0.54345703125 0.6953125 0.22412109375 380873
-0.4150390625 0.59912109375 0.4619140625 380984
-0.4150390625 0.59912109375 0.4619140625 380985
-0.4150390625 0.59912109375 0.4619140625 380986
-0.4150390625 0.59912109375 0.4619140625 380987
-0.4150390625 0.59912109375 0.4619140625 381020
-0.32958984375 0.56982421875 0.5908203125 381086
-0.32958984375 0.56982421875 0.5908203125 381087
-0.32958984375 0.56982421875 0.5908203125 381088
-0.32958984375 0.56982421875 0.5908203125 381089
-0.32958984375 0.56982421875 0.5908203125 381091
-0.2275390625 0.53125 0.66162109375 381189
-0.2275390625 0.53125 0.66162109375 381190
-0.2275390625 0.53125 0.66162109375 381191
-0.2275390625 0.53125 0.66162109375 381193
-0.2275390625 0.53125 0.66162109375 381194
-0.1435546875 0.5615234375 0.6767578125 381291
-0.1435546875 0.5615234375 0.6767578125 381293
-0.1435546875 0.5615234375 0.6767578125 381294
-0.1435546875 0.5615234375 0.6767578125 381295
-0.1435546875 0.5615234375 0.6767578125 381296
-0.0849609375 0.52685546875 0.72265625 381395
-0.0849609375 0.52685546875 0.72265625 381396
-0.0849609375 0.52685546875 0.72265625 381397
-0.0849609375 0.52685546875 0.72265625 381398
-0.0849609375 0.52685546875 0.72265625 381399
-0.0302734375 0.5419921875 0.76513671875 381483
-0.02392578125 0.59375 0.7294921875 381585
-0.02392578125 0.59375 0.7294921875 381587
-0.02392578125 0.59375 0.7294921875 381588
-0.02392578125 0.59375 0.7294921875 381589
-0.02392578125 0.59375 0.7294921875 381591
-0.00146484375 0.6005859375 0.72607421875 381689
-0.00146484375 0.6005859375 0.72607421875 381690
-0.00146484375 0.6005859375 0.72607421875 381691
-0.00146484375 0.6005859375 0.72607421875 381692
0.0078125 0.59130859375 0.720703125 381794
0.0078125 0.59130859375 0.720703125 381795
0.0078125 0.59130859375 0.720703125 381796
0.0078125 0.59130859375 0.720703125 381798
0.0078125 0.59130859375 0.720703125 381799
0.00048828125 0.609375 0.70751953125 381870
0.0009765625 0.6611328125 0.7333984375 381981
0.0009765625 0.6611328125 0.7333984375 381982
0.0009765625 0.6611328125 0.7333984375 381984
0.0009765625 0.6611328125 0.7333984375 381985
0.0009765625 0.6611328125 0.7333984375 381987
-0.00439453125 0.67236328125 0.673828125 382085
-0.00439453125 0.67236328125 0.673828125 382086
-0.00439453125 0.67236328125 0.673828125 382087
-0.00439453125 0.67236328125 0.673828125 382088
-0.00439453125 0.67236328125 0.673828125 382089
-0.0078125 0.66455078125 0.64111328125 382200
-0.0078125 0.66455078125 0.64111328125 382201
-0.0078125 0.66455078125 0.64111328125 382212
-0.0078125 0.66455078125 0.64111328125 382214
-0.0078125 0.66455078125 0.64111328125 382215
0.03466796875 0.64892578125 0.6962890625 382286
0.04638671875 0.65283203125 0.71435546875 382391
0.04638671875 0.65283203125 0.71435546875 382392
0.04638671875 0.65283203125 0.71435546875 382393
0.04638671875 0.65283203125 0.71435546875 382395
0.04638671875 0.65283203125 0.71435546875 382396
0.0361328125 0.66845703125 0.67626953125 382492
0.0361328125 0.66845703125 0.67626953125 382493
0.0361328125 0.66845703125 0.67626953125 382494
0.0361328125 0.66845703125 0.67626953125 382495
0.05078125 0.66845703125 0.66845703125 382575
0.05078125 0.66845703125 0.66845703125 382576
0.0537109375 0.685546875 0.6689453125 382685
0.0537109375 0.685546875 0.6689453125 382686
0.0537109375 0.685546875 0.6689453125 382687
0.0537109375 0.685546875 0.6689453125 382688
0.0537109375 0.685546875 0.6689453125 382689
0.0791015625 0.662109375 0.7109375 382788
0.0791015625 0.662109375 0.7109375 382790
0.0791015625 0.662109375 0.7109375 382792
0.0791015625 0.662109375 0.7109375 382793
0.125 0.59814453125 0.75390625 382892
0.125 0.59814453125 0.75390625 382915
0.125 0.59814453125 0.75390625 382916
0.125 0.59814453125 0.75390625 382917
0.125 0.59814453125 0.75390625 382918
0.13671875 0.52001953125 0.77880859375 382987
0.13916015625 0.46875 0.8017578125 383088
0.13916015625 0.46875 0.8017578125 383089
0.13916015625 0.46875 0.8017578125 383090
0.13916015625 0.46875 0.8017578125 383092
0.13916015625 0.46875 0.8017578125 383093
0.14013671875 0.4599609375 0.830078125 383189
0.12841796875 0.455078125 0.8173828125 383292
0.12841796875 0.455078125 0.8173828125 383293
0.12841796875 0.455078125 0.8173828125 383294
0.12841796875 0.455078125 0.8173828125 383295
0.12841796875 0.455078125 0.8173828125 383296
0.12939453125 0.4287109375 0.83056640625 383382
0.1171875 0.43115234375 0.81591796875 383485
0.1171875 0.43115234375 0.81591796875 383486
0.1171875 0.43115234375 0.81591796875 383488
0.1171875 0.43115234375 0.81591796875 383489
0.1171875 0.43115234375 0.81591796875 383491
0.10107421875 0.423828125 0.82275390625 383591
0.10107421875 0.423828125 0.82275390625 383593
0.10107421875 0.423828125 0.82275390625 383594
0.10107421875 0.423828125 0.82275390625 383595
0.10107421875 0.423828125 0.82275390625 383597
0.09423828125 0.41552734375 0.82177734375 383673
0.1025390625 0.4033203125 0.833984375 383781
0.1025390625 0.4033203125 0.833984375 383782
0.1025390625 0.4033203125 0.833984375 383783
0.1025390625 0.4033203125 0.833984375 383784
0.1025390625 0.4033203125 0.833984375 383786
0.10009765625 0.3876953125 0.83642578125 383884
0.10009765625 0.3876953125 0.83642578125 383885
0.10009765625 0.3876953125 0.83642578125 383886
0.10009765625 0.3876953125 0.83642578125 383887
0.10009765625 0.3876953125 0.83642578125 383889
0.10498046875 0.396484375 0.8408203125 383986
0.10498046875 0.396484375 0.8408203125 384000
0.10498046875 0.396484375 0.8408203125 384001
0.10498046875 0.396484375 0.8408203125 384003
0.10498046875 0.396484375 0.8408203125 384004
0.08642578125 0.38623046875 0.82080078125 384089
0.08642578125 0.38623046875 0.82080078125 384091
0.08056640625 0.39111328125 0.8251953125 384171
0.08056640625 0.39111328125 0.8251953125 384174
0.08056640625 0.39111328125 0.8251953125 384176
0.08056640625 0.39111328125 0.8251953125 384177
0.087890625 0.36962890625 0.833984375 384283
0.087890625 0.36962890625 0.833984375 384284
0.087890625 0.36962890625 0.833984375 384285
0.087890625 0.36962890625 0.833984375 384286
0.087890625 0.36962890625 0.833984375 384287
0.0908203125 0.37158203125 0.8388671875 384385
0.0908203125 0.37158203125 0.8388671875 384386
0.0908203125 0.37158203125 0.8388671875 384387
0.0908203125 0.37158203125 0.8388671875 384388
0.0908203125 0.37158203125 0.8388671875 384389
0.08447265625 0.35009765625 0.84326171875 384488
0.08447265625 0.35009765625 0.84326171875 384489
0.08447265625 0.35009765625 0.84326171875 384490
0.08447265625 0.35009765625 0.84326171875 384491
0.08447265625 0.35009765625 0.84326171875 384493
0.08837890625 0.35888671875 0.85400390625 384590
0.08837890625 0.35888671875 0.85400390625 384592
0.08837890625 0.35888671875 0.85400390625 384593
0.08837890625 0.35888671875 0.85400390625 384594
0.08837890625 0.35888671875 0.85400390625 384596
0.0888671875 0.3681640625 0.84521484375 384693
0.0888671875 0.3681640625 0.84521484375 384694
0.0888671875 0.3681640625 0.84521484375 384695
0.0888671875 0.3681640625 0.84521484375 384697
0.0888671875 0.3681640625 0.84521484375 384698
0.09228515625 0.36669921875 0.8486328125 384780
0.099609375 0.36181640625 0.84375 384890
0.099609375 0.36181640625 0.84375 384892
0.099609375 0.36181640625 0.84375 384893
0.099609375 0.36181640625 0.84375 384894
0.099609375 0.36181640625 0.84375 384896
0.09765625 0.38427734375 0.84033203125 384987
0.09912109375 0.36767578125 0.85205078125 385089
0.09912109375 0.36767578125 0.85205078125 385090
0.09912109375 0.36767578125 0.85205078125 385091
0.09912109375 0.36767578125 0.85205078125 385092
0.09912109375 0.36767578125 0.85205078125 385093
0.09912109375 0.3642578125 0.84521484375 385199
0.09912109375 0.3642578125 0.84521484375 385200
0.09912109375 0.3642578125 0.84521484375 385201
0.09912109375 0.3642578125 0.84521484375 385203
0.09912109375 0.3642578125 0.84521484375 385204
0.10009765625 0.36865234375 0.837890625 385273
0.1025390625 0.3916015625 0.8515625 385402
0.1025390625 0.3916015625 0.8515625 385403
0.1025390625 0.3916015625 0.8515625 385404
0.1025390625 0.3916015625 0.8515625 385405
0.1025390625 0.3916015625 0.8515625 385406
0.10205078125 0.35595703125 0.83935546875 385492
0.103515625 0.3701171875 0.84814453125 385592
0.103515625 0.3701171875 0.84814453125 385640
0.103515625 0.3701171875 0.84814453125 385641
0.103515625 0.3701171875 0.84814453125 385642
0.103515625 0.3701171875 0.84814453125 385644
0.09619140625 0.369140625 0.83984375 385691
0.1025390625 0.37646484375 0.84765625 385776
0.1025390625 0.37646484375 0.84765625 385777
0.1025390625 0.37646484375 0.84765625 385779
0.1025390625 0.37646484375 0.84765625 385780
0.1025390625 0.37646484375 0.84765625 385781
0.10400390625 0.3837890625 0.83935546875 385898
0.10400390625 0.3837890625 0.83935546875 385899
0.10400390625 0.3837890625 0.83935546875 385900
0.10400390625 0.3837890625 0.83935546875 385901
0.10400390625 0.3837890625 0.83935546875 385902
0.09814453125 0.3798828125 0.83251953125 385988
0.103515625 0.3828125 0.84619140625 386099
0.103515625 0.3828125 0.84619140625 386123
0.103515625 0.3828125 0.84619140625 386125
0.103515625 0.3828125 0.84619140625 386126
0.103515625 0.3828125 0.84619140625 386127
0.09765625 0.37158203125 0.84423828125 386193
0.107421875 0.36572265625 0.849609375 386270
0.107421875 0.36572265625 0.849609375 386271
0.107421875 0.36572265625 0.849609375 386294
0.107421875 0.36572265625 0.849609375 386296
0.107421875 0.36572265625 0.849609375 386319
0.103515625 0.36474609375 0.84033203125 386381
0.103515625 0.36474609375 0.84033203125 386382
0.103515625 0.36474609375 0.84033203125 386383
0.10546875 0.38916015625 0.84912109375 386485
0.10546875 0.38916015625 0.84912109375 386487
0.10546875 0.38916015625 0.84912109375 386488
0.10546875 0.38916015625 0.84912109375 386489
0.10546875 0.38916015625 0.84912109375 386491
0.10791015625 0.353515625 0.84765625 386588
0.10791015625 0.353515625 0.84765625 386589
0.10791015625 0.353515625 0.84765625 386590
0.10791015625 0.353515625 0.84765625 386591
0.10791015625 0.353515625 0.84765625 386592
0.107421875 0.373046875 0.8505859375 386690
0.107421875 0.373046875 0.8505859375 386691
0.107421875 0.373046875 0.8505859375 386692
0.107421875 0.373046875 0.8505859375 386693
0.107421875 0.373046875 0.8505859375 386694
0.10107421875 0.37255859375 0.8427734375 386793
0.10107421875 0.37255859375 0.8427734375 386794
0.10107421875 0.37255859375 0.8427734375 386795
0.10107421875 0.37255859375 0.8427734375 386796
0.10107421875 0.37255859375 0.8427734375 386797
0.1123046875 0.37060546875 0.853515625 386872
0.10400390625 0.37109375 0.8466796875 386982
0.10400390625 0.37109375 0.8466796875 386983
0.10400390625 0.37109375 0.8466796875 386984
0.10400390625 0.37109375 0.8466796875 386986
0.10400390625 0.37109375 0.8466796875 386987
0.10498046875 0.36767578125 0.83984375 387084
0.10498046875 0.36767578125 0.83984375 387085
0.10498046875 0.36767578125 0.83984375 387086
0.10498046875 0.36767578125 0.83984375 387087
0.10498046875 0.36767578125 0.83984375 387088
0.10693359375 0.36767578125 0.85009765625 387186
0.10693359375 0.36767578125 0.85009765625 387187
0.10693359375 0.36767578125 0.85009765625 387188
0.10693359375 0.36767578125 0.85009765625 387190
0.10693359375 0.36767578125 0.85009765625 387191
0.10302734375 0.369140625 0.8486328125 387291
0.10302734375 0.369140625 0.8486328125 387292
0.10302734375 0.369140625 0.8486328125 387293
0.10302734375 0.369140625 0.8486328125 387294
0.10302734375 0.369140625 0.8486328125 387295
0.107421875 0.37353515625 0.8427734375 387374
0.1025390625 0.37060546875 0.84228515625 387485
0.1025390625 0.37060546875 0.84228515625 387486
0.1025390625 0.37060546875 0.84228515625 387487
0.1025390625 0.37060546875 0.84228515625 387488
0.1025390625 0.37060546875 0.84228515625 387488
0.10498046875 0.375 0.84912109375 387587
0.10498046875 0.375 0.84912109375 387588
0.10498046875 0.375 0.84912109375 387591
0.10498046875 0.375 0.84912109375 387592
0.10498046875 0.375 0.84912109375 387593
0.1025390625 0.365234375 0.8486328125 387691
0.1025390625 0.365234375 0.8486328125 387692
0.1025390625 0.365234375 0.8486328125 387693
0.1025390625 0.365234375 0.8486328125 387694
0.1025390625 0.365234375 0.8486328125 387695
0.10498046875 0.36865234375 0.84521484375 387793
0.10498046875 0.36865234375 0.84521484375 387794
0.10498046875 0.36865234375 0.84521484375 387795
0.10498046875 0.36865234375 0.84521484375 387797
0.10498046875 0.36865234375 0.84521484375 387798
0.1064453125 0.3662109375 0.8525390625 387870
0.10302734375 0.36865234375 0.8408203125 387982
0.10302734375 0.36865234375 0.8408203125 387983
0.10302734375 0.36865234375 0.8408203125 387984
0.10302734375 0.36865234375 0.8408203125 387985
0.10302734375 0.36865234375 0.8408203125 387986
0.1015625 0.3701171875 0.83935546875 388084
0.1015625 0.3701171875 0.83935546875 388085
0.1015625 0.3701171875 0.83935546875 388086
0.1015625 0.3701171875 0.83935546875 388089
0.1015625 0.3701171875 0.83935546875 388091
0.10693359375 0.3564453125 0.841796875 388188
0.10693359375 0.3564453125 0.841796875 388189
0.10693359375 0.3564453125 0.841796875 388191
0.10693359375 0.3564453125 0.841796875 388192
0.10693359375 0.3564453125 0.841796875 388193
0.10986328125 0.37744140625 0.8544921875 388290
0.10986328125 0.37744140625 0.8544921875 388291
0.10986328125 0.37744140625 0.8544921875 388292
0.10986328125 0.37744140625 0.8544921875 388294
0.10986328125 0.37744140625 0.8544921875 388295
0.10107421875 0.3671875 0.84423828125 388393
0.10107421875 0.3671875 0.84423828125 388394
0.10107421875 0.3671875 0.84423828125 388395
0.10107421875 0.3671875 0.84423828125 388396
0.10107421875 0.3671875 0.84423828125 388397
0.1005859375 0.3818359375 0.84716796875 388471
0.10205078125 0.36181640625 0.83837890625 388598
0.10205078125 0.36181640625 0.83837890625 388600
0.10205078125 0.36181640625 0.83837890625 388601
0.10205078125 0.36181640625 0.83837890625 388602
0.10205078125 0.36181640625 0.83837890625 388602
0.10205078125 0.376953125 0.8505859375 388685
0.10546875 0.365234375 0.84130859375 388788
0.10546875 0.365234375 0.84130859375 388790
0.10546875 0.365234375 0.84130859375 388791
0.10546875 0.365234375 0.84130859375 388792
0.10546875 0.365234375 0.84130859375 388793
0.09716796875 0.37060546875 0.83935546875 388892
0.09716796875 0.37060546875 0.83935546875 388893
0.09716796875 0.37060546875 0.83935546875 388918
0.09716796875 0.37060546875 0.83935546875 388920
0.09716796875 0.37060546875 0.83935546875 388921
0.10107421875 0.37646484375 0.84716796875 388978
0.1005859375 0.36279296875 0.84130859375 389085
0.1005859375 0.36279296875 0.84130859375 389086
0.1005859375 0.36279296875 0.84130859375 389087
0.1005859375 0.36279296875 0.84130859375 389088
0.1005859375 0.36279296875 0.84130859375 389089
0.09765625 0.3720703125 0.8447265625 389188
0.09765625 0.3720703125 0.8447265625 389189
0.09765625 0.3720703125 0.8447265625 389190
0.09765625 0.3720703125 0.8447265625 389191
0.09765625 0.3720703125 0.8447265625 389192
0.09521484375 0.3662109375 0.84033203125 389299
0.09521484375 0.3662109375 0.84033203125 389300
0.09521484375 0.3662109375 0.84033203125 389301
0.09521484375 0.3662109375 0.84033203125 389302
0.09521484375 0.3662109375 0.84033203125 389303
0.10205078125 0.3583984375 0.84326171875 389378
0.1044921875 0.37255859375 0.85546875 389481
0.1044921875 0.37255859375 0.85546875 389482
0.1044921875 0.37255859375 0.85546875 389484
0.1044921875 0.37255859375 0.85546875 389485
0.1044921875 0.37255859375 0.85546875 389486
0.10009765625 0.3515625 0.83251953125 389583
0.10009765625 0.3515625 0.83251953125 389587
0.10009765625 0.3515625 0.83251953125 389588
0.10009765625 0.3515625 0.83251953125 389589
0.10009765625 0.3515625 0.83251953125 389591
0.09912109375 0.3837890625 0.84423828125 389685
0.09912109375 0.3837890625 0.84423828125 389686
0.1044921875 0.36083984375 0.84814453125 389788
0.1044921875 0.36083984375 0.84814453125 389789
0.1044921875 0.36083984375 0.84814453125 389790
0.1044921875 0.36083984375 0.84814453125 389792
0.1044921875 0.36083984375 0.84814453125 389793
0.10107421875 0.3671875 0.84619140625 389891
0.10107421875 0.3671875 0.84619140625 389892
0.10107421875 0.3671875 0.84619140625 389893
0.10107421875 0.3671875 0.84619140625 389894
0.10107421875 0.3671875 0.84619140625 389895
0.0966796875 0.37646484375 0.84423828125 389993
0.0966796875 0.37646484375 0.84423828125 389994
0.0966796875 0.37646484375 0.84423828125 389995
0.0966796875 0.37646484375 0.84423828125 389996
0.0966796875 0.37646484375 0.84423828125 389996
0.1064453125 0.35595703125 0.84912109375 390070
0.0966796875 0.3662109375 0.8388671875 390187
0.0966796875 0.3662109375 0.8388671875 390188
0.0966796875 0.3662109375 0.8388671875 390189
0.0966796875 0.3662109375 0.8388671875 390189
0.0966796875 0.3662109375 0.8388671875 390190
0.10498046875 0.36328125 0.85205078125 390289
0.10498046875 0.36328125 0.85205078125 390290
0.10498046875 0.36328125 0.85205078125 390291
0.10498046875 0.36328125 0.85205078125 390292
0.10498046875 0.36328125 0.85205078125 390294
0.10009765625 0.36669921875 0.84326171875 390373
0.0966796875 0.36279296875 0.84814453125 390484
0.0966796875 0.36279296875 0.84814453125 390485
0.0966796875 0.36279296875 0.84814453125 390486
0.0966796875 0.36279296875 0.84814453125 390488
0.0966796875 0.36279296875 0.84814453125 390489
0.10595703125 0.36328125 0.85546875 390588
0.10595703125 0.36328125 0.85546875 390590
0.10595703125 0.36328125 0.85546875 390591
0.10595703125 0.36328125 0.85546875 390592
0.10595703125 0.36328125 0.85546875 390593
0.09912109375 0.3642578125 0.837890625 390690
0.09912109375 0.3642578125 0.837890625 390691
0.09912109375 0.3642578125 0.837890625 390693
0.09912109375 0.3642578125 0.837890625 390694
0.09912109375 0.3642578125 0.837890625 390695
0.1015625 0.36767578125 0.84423828125 390793
0.1015625 0.36767578125 0.84423828125 390794
0.1015625 0.36767578125 0.84423828125 390795
0.1015625 0.36767578125 0.84423828125 390796
0.1015625 0.36767578125 0.84423828125 390796
0.103515625 0.373046875 0.85107421875 390870
0.10546875 0.365234375 0.8408203125 390981
0.10546875 0.365234375 0.8408203125 390982
0.10546875 0.365234375 0.8408203125 390983
0.10546875 0.365234375 0.8408203125 390984
0.10546875 0.365234375 0.8408203125 390985
0.10498046875 0.37109375 0.83837890625 391086
0.10498046875 0.37109375 0.83837890625 391087
0.10498046875 0.37109375 0.83837890625 391088
0.10498046875 0.37109375 0.83837890625 391090
0.10498046875 0.37109375 0.83837890625 391091
0.10986328125 0.36328125 0.84765625 391187
0.10986328125 0.36328125 0.84765625 391188
0.10986328125 0.36328125 0.84765625 391190
0.10986328125 0.36328125 0.84765625 391191
0.10986328125 0.36328125 0.84765625 391192
0.11572265625 0.3544921875 0.85595703125 391315
0.11572265625 0.3544921875 0.85595703125 391316
0.11572265625 0.3544921875 0.85595703125 391318
0.11572265625 0.3544921875 0.85595703125 391319
0.11572265625 0.3544921875 0.85595703125 391321
0.11279296875 0.3623046875 0.8447265625 391375
0.109375 0.35986328125 0.82666015625 391527
0.109375 0.35986328125 0.82666015625 391529
0.109375 0.35986328125 0.82666015625 391530
0.109375 0.35986328125 0.82666015625 391531
0.109375 0.35986328125 0.82666015625 391532
0.1083984375 0.35693359375 0.83740234375 391587
0.12060546875 0.33740234375 0.85986328125 391693
0.12060546875 0.33740234375 0.85986328125 391715
0.12060546875 0.33740234375 0.85986328125 391716
0.12060546875 0.33740234375 0.85986328125 391717
0.12060546875 0.33740234375 0.85986328125 391718
0.10009765625 0.3642578125 0.8515625 391824
0.10009765625 0.3642578125 0.8515625 391826
0.10009765625 0.3642578125 0.8515625 391827
0.10009765625 0.3642578125 0.8515625 391828
0.10009765625 0.3642578125 0.8515625 391831
0.07861328125 0.37939453125 0.8251953125 392032
0.07861328125 0.37939453125 0.8251953125 392033
0.07861328125 0.37939453125 0.8251953125 392034
0.07861328125 0.37939453125 0.8251953125 392036
0.07861328125 0.37939453125 0.8251953125 392037
0.06884765625 0.4140625 0.8203125 392038
0.05126953125 0.44580078125 0.8154296875 392133
0.05126953125 0.44580078125 0.8154296875 392134
0.05126953125 0.44580078125 0.8154296875 392135
0.05126953125 0.44580078125 0.8154296875 392136
0.05126953125 0.44580078125 0.8154296875 392137
0.025390625 0.490234375 0.82080078125 392195
-0.041015625 0.548828125 0.76806640625 392285
-0.041015625 0.548828125 0.76806640625 392286
-0.041015625 0.548828125 0.76806640625 392287
-0.041015625 0.548828125 0.76806640625 392289
-0.041015625 0.548828125 0.76806640625 392290
-0.1103515625 0.6181640625 0.69091796875 392388
-0.1103515625 0.6181640625 0.69091796875 392389
-0.1103515625 0.6181640625 0.69091796875 392390
-0.1103515625 0.6181640625 0.69091796875 392391
-0.1103515625 0.6181640625 0.69091796875 392392
-0.19482421875 0.65087890625 0.60107421875 392490
-0.19482421875 0.65087890625 0.60107421875 392491
-0.19482421875 0.65087890625 0.60107421875 392492
-0.19482421875 0.65087890625 0.60107421875 392519
-0.19482421875 0.65087890625 0.60107421875 392535
-0.25341796875 0.701171875 0.552734375 392593
-0.25341796875 0.701171875 0.552734375 392594
-0.25341796875 0.701171875 0.552734375 392595
-0.25341796875 0.701171875 0.552734375 392597
-0.32568359375 0.7314453125 0.46337890625 392677
-0.32568359375 0.7314453125 0.46337890625 392678
-0.38232421875 0.6982421875 0.3798828125 392782
-0.38232421875 0.6982421875 0.3798828125 392783
-0.38232421875 0.6982421875 0.3798828125 392784
-0.38232421875 0.6982421875 0.3798828125 392785
-0.38232421875 0.6982421875 0.3798828125 392786
-0.4208984375 0.7353515625 0.33154296875 392884
-0.4208984375 0.7353515625 0.33154296875 392885
-0.4208984375 0.7353515625 0.33154296875 392886
-0.4208984375 0.7353515625 0.33154296875 392887
-0.4208984375 0.7353515625 0.33154296875 392889
-0.4638671875 0.74072265625 0.24169921875 392987
-0.4638671875 0.74072265625 0.24169921875 392988
-0.4638671875 0.74072265625 0.24169921875 392989
-0.4638671875 0.74072265625 0.24169921875 392991
-0.4638671875 0.74072265625 0.24169921875 392992
-0.4912109375 0.76806640625 0.1796875 393092
-0.4912109375 0.76806640625 0.1796875 393093
-0.4912109375 0.76806640625 0.1796875 393094
-0.4912109375 0.76806640625 0.1796875 393095
-0.4912109375 0.76806640625 0.1796875 393097
-0.52490234375 0.76025390625 0.11181640625 393205
-0.52490234375 0.76025390625 0.11181640625 393206
-0.52490234375 0.76025390625 0.11181640625 393207
-0.52490234375 0.76025390625 0.11181640625 393208
-0.52490234375 0.76025390625 0.11181640625 393209
-0.5341796875 0.751953125 0.0869140625 393285
-0.541015625 0.7392578125 0.06494140625 393388
-0.541015625 0.7392578125 0.06494140625 393389
-0.541015625 0.7392578125 0.06494140625 393390
-0.541015625 0.7392578125 0.06494140625 393396
-0.541015625 0.7392578125 0.06494140625 393397
-0.54931640625 0.72509765625 0.04296875 393490
-0.54931640625 0.72509765625 0.04296875 393491
-0.54931640625 0.72509765625 0.04296875 393492
-0.54931640625 0.72509765625 0.04296875 393493
-0.5546875 0.75244140625 0.05078125 393593
-0.5546875 0.75244140625 0.05078125 393594
-0.5546875 0.75244140625 0.05078125 393595
-0.5546875 0.75244140625 0.05078125 393597
-0.5546875 0.75244140625 0.05078125 393598
-0.5654296875 0.7421875 0.01904296875 393671
-0.556640625 0.68603515625 0.05859375 393783
-0.556640625 0.68603515625 0.05859375 393784
-0.556640625 0.68603515625 0.05859375 393785
-0.556640625 0.68603515625 0.05859375 393786
-0.556640625 0.68603515625 0.05859375 393787
-0.56494140625 0.736328125 0.0380859375 393885
-0.56494140625 0.736328125 0.0380859375 393886
-0.56494140625 0.736328125 0.0380859375 393887
-0.56494140625 0.736328125 0.0380859375 393888
-0.56494140625 0.736328125 0.0380859375 393889
-0.5634765625 0.69580078125 0.0009765625 393988
-0.5634765625 0.69580078125 0.0009765625 393989
-0.5634765625 0.69580078125 0.0009765625 393990
-0.5634765625 0.69580078125 0.0009765625 393990
-0.5634765625 0.69580078125 0.0009765625 393991
-0.599609375 0.71533203125 0.00390625 394090
-0.599609375 0.71533203125 0.00390625 394091
-0.599609375 0.71533203125 0.00390625 394092
-0.599609375 0.71533203125 0.00390625 394093
-0.599609375 0.71533203125 0.00390625 394094
-0.60595703125 0.71875 0.10400390625 394193
-0.60595703125 0.71875 0.10400390625 394194
-0.60595703125 0.71875 0.10400390625 394195
-0.60595703125 0.71875 0.10400390625 394196
-0.60595703125 0.71875 0.10400390625 394197
-0.47119140625 0.6396484375 0.36767578125 394276
-0.369140625 0.61083984375 0.478515625 394385
-0.369140625 0.61083984375 0.478515625 394386
-0.369140625 0.61083984375 0.478515625 394387
-0.369140625 0.61083984375 0.478515625 394388
-0.369140625 0.61083984375 0.478515625 394389
-0.29248046875 0.5615234375 0.55810546875 394487
-0.29248046875 0.5615234375 0.55810546875 394489
-0.29248046875 0.5615234375 0.55810546875 394490
-0.29248046875 0.5615234375 0.55810546875 394491
-0.29248046875 0.5615234375 0.55810546875 394492
-0.14404296875 0.58203125 0.65869140625 394590
-0.14404296875 0.58203125 0.65869140625 394591
-0.14404296875 0.58203125 0.65869140625 394592
-0.14404296875 0.58203125 0.65869140625 394593
-0.14404296875 0.58203125 0.65869140625 394594
-0.08251953125 0.63427734375 0.681640625 394692
-0.08251953125 0.63427734375 0.681640625 394694
-0.08251953125 0.63427734375 0.681640625 394695
-0.08251953125 0.63427734375 0.681640625 394696
-0.08251953125 0.63427734375 0.681640625 394697
-0.029296875 0.603515625 0.66650390625 394783
0.05322265625 0.59228515625 0.73828125 394882
0.05322265625 0.59228515625 0.73828125 394907
0.05322265625 0.59228515625 0.73828125 394909
0.05322265625 0.59228515625 0.73828125 394910
0.05322265625 0.59228515625 0.73828125 394912
0.04296875 0.640625 0.68212890625 395026
0.04296875 0.640625 0.68212890625 395028
0.04296875 0.640625 0.68212890625 395029
0.04296875 0.640625 0.68212890625 395030
0.04296875 0.640625 0.68212890625 395031
0.06396484375 0.65673828125 0.689453125 395086
0.1015625 0.669921875 0.74072265625 395215
0.1015625 0.669921875 0.74072265625 395217
0.1015625 0.669921875 0.74072265625 395218
0.1015625 0.669921875 0.74072265625 395220
0.1015625 0.669921875 0.74072265625 395221
0.06787109375 0.662109375 0.66259765625 395333
0.06787109375 0.662109375 0.66259765625 395337
0.06787109375 0.662109375 0.66259765625 395338
0.06787109375 0.662109375 0.66259765625 395339
0.06787109375 0.662109375 0.66259765625 395340
0.087890625 0.66748046875 0.67529296875 395474
0.087890625 0.66748046875 0.67529296875 395475
0.087890625 0.66748046875 0.67529296875 395476
0.087890625 0.66748046875 0.67529296875 395477
0.087890625 0.66748046875 0.67529296875 395478
0.11083984375 0.6708984375 0.71142578125 395479
0.1064453125 0.67431640625 0.67822265625 395590
0.1064453125 0.67431640625 0.67822265625 395592
0.1064453125 0.67431640625 0.67822265625 395593
0.1064453125 0.67431640625 0.67822265625 395593
0.1064453125 0.67431640625 0.67822265625 395594
0.13134765625 0.68994140625 0.69580078125 395688
0.14990234375 0.64599609375 0.7119140625 395790
0.14990234375 0.64599609375 0.7119140625 395791
0.14990234375 0.64599609375 0.7119140625 395792
0.14990234375 0.64599609375 0.7119140625 395793
0.14990234375 0.64599609375 0.7119140625 395793
0.1875 0.59130859375 0.7734375 395892
0.1875 0.59130859375 0.7734375 395893
0.1875 0.59130859375 0.7734375 395894
0.1875 0.59130859375 0.7734375 395896
0.1875 0.59130859375 0.7734375 395897
0.17919921875 0.55322265625 0.77197265625 395973
0.18115234375 0.50048828125 0.78955078125 396083
0.18115234375 0.50048828125 0.78955078125 396084
0.18115234375 0.50048828125 0.78955078125 396086
0.18115234375 0.50048828125 0.78955078125 396087
0.18115234375 0.50048828125 0.78955078125 396088
0.181640625 0.4794921875 0.806640625 396185
0.181640625 0.4794921875 0.806640625 396186
0.181640625 0.4794921875 0.806640625 396187
0.181640625 0.4794921875 0.806640625 396188
0.181640625 0.4794921875 0.806640625 396190
0.177734375 0.44873046875 0.82568359375 396287
0.177734375 0.44873046875 0.82568359375 396289
0.177734375 0.44873046875 0.82568359375 396290
0.177734375 0.44873046875 0.82568359375 396291
0.177734375 0.44873046875 0.82568359375 396292
0.14892578125 0.43408203125 0.82861328125 396393
0.14892578125 0.43408203125 0.82861328125 396394
0.14892578125 0.43408203125 0.82861328125 396395
0.14892578125 0.43408203125 0.82861328125 396396
0.14892578125 0.43408203125 0.82861328125 396397
0.13720703125 0.43798828125 0.8271484375 396470
0.1591796875 0.39990234375 0.845703125 396580
0.1591796875 0.39990234375 0.845703125 396581
0.1591796875 0.39990234375 0.845703125 396582
0.1591796875 0.39990234375 0.845703125 396583
0.1591796875 0.39990234375 0.845703125 396584
0.14990234375 0.40087890625 0.85498046875 396682
0.14990234375 0.40087890625 0.85498046875 396684
0.14990234375 0.40087890625 0.85498046875 396685
0.14990234375 0.40087890625 0.85498046875 396687
0.14990234375 0.40087890625 0.85498046875 396688
0.1298828125 0.38916015625 0.83544921875 396785
0.1298828125 0.38916015625 0.83544921875 396786
0.1298828125 0.38916015625 0.83544921875 396787
0.1298828125 0.38916015625 0.83544921875 396788
0.1298828125 0.38916015625 0.83544921875 396789
0.10791015625 0.3701171875 0.81298828125 396888
0.10791015625 0.3701171875 0.81298828125 396890
0.10791015625 0.3701171875 0.81298828125 396891
0.10791015625 0.3701171875 0.81298828125 396892
0.10791015625 0.3701171875 0.81298828125 396893
0.09326171875 0.39013671875 0.8232421875 396991
0.09326171875 0.39013671875 0.8232421875 396992
0.09326171875 0.39013671875 0.8232421875 396994
0.09326171875 0.39013671875 0.8232421875 396995
0.09326171875 0.39013671875 0.8232421875 396996
0.1103515625 0.380859375 0.83837890625 397069
0.1162109375 0.36767578125 0.85107421875 397180
0.1162109375 0.36767578125 0.85107421875 397181
0.1162109375 0.36767578125 0.85107421875 397182
0.1162109375 0.36767578125 0.85107421875 397204
0.1162109375 0.36767578125 0.85107421875 397205
0.12548828125 0.34912109375 0.86083984375 397282
0.12548828125 0.34912109375 0.86083984375 397283
0.12548828125 0.34912109375 0.86083984375 397284
0.12548828125 0.34912109375 0.86083984375 397285
0.11767578125 0.365234375 0.85400390625 397385
0.11767578125 0.365234375 0.85400390625 397386
0.11767578125 0.365234375 0.85400390625 397387
0.11767578125 0.365234375 0.85400390625 397388
0.11767578125 0.365234375 0.85400390625 397390
0.1142578125 0.37109375 0.84326171875 397487
0.1142578125 0.37109375 0.84326171875 397489
0.1142578125 0.37109375 0.84326171875 397493
0.1142578125 0.37109375 0.84326171875 397494
0.1142578125 0.37109375 0.84326171875 397495
0.1171875 0.3740234375 0.8447265625 397590
0.1171875 0.3740234375 0.8447265625 397591
0.1171875 0.3740234375 0.8447265625 397592
0.12548828125 0.37841796875 0.8525390625 397692
0.12548828125 0.37841796875 0.8525390625 397693
0.12548828125 0.37841796875 0.8525390625 397694
0.12548828125 0.37841796875 0.8525390625 397695
0.12548828125 0.37841796875 0.8525390625 397696
0.11376953125 0.3916015625 0.83837890625 397782
0.111328125 0.38330078125 0.83447265625 397883
0.111328125 0.38330078125 0.83447265625 397884
0.111328125 0.38330078125 0.83447265625 397885
0.111328125 0.38330078125 0.83447265625 397887
0.111328125 0.38330078125 0.83447265625 397888
0.11572265625 0.39111328125 0.85107421875 397985
0.11572265625 0.39111328125 0.85107421875 397986
0.11572265625 0.39111328125 0.85107421875 397987
0.11572265625 0.39111328125 0.85107421875 398010
0.11572265625 0.39111328125 0.85107421875 398011
0.1103515625 0.36279296875 0.82080078125 398088
0.1103515625 0.36279296875 0.82080078125 398089
0.1103515625 0.36279296875 0.82080078125 398090
0.1103515625 0.36279296875 0.82080078125 398092
0.11083984375 0.392578125 0.8369140625 398217
0.11083984375 0.392578125 0.8369140625 398218
0.11083984375 0.392578125 0.8369140625 398219
0.11083984375 0.392578125 0.8369140625 398220
0.11083984375 0.392578125 0.8369140625 398221
0.115234375 0.39306640625 0.83740234375 398287
0.111328125 0.39208984375 0.83056640625 398390
0.111328125 0.39208984375 0.83056640625 398391
0.111328125 0.39208984375 0.83056640625 398392
0.111328125 0.39208984375 0.83056640625 398393
0.111328125 0.39208984375 0.83056640625 398394
0.1142578125 0.3984375 0.84375 398492
0.1142578125 0.3984375 0.84375 398493
0.1142578125 0.3984375 0.84375 398494
0.1142578125 0.3984375 0.84375 398495
0.1142578125 0.3984375 0.84375 398496
0.111328125 0.39501953125 0.8291015625 398572
0.11328125 0.3896484375 0.83740234375 398683
0.11328125 0.3896484375 0.83740234375 398684
0.11328125 0.3896484375 0.83740234375 398685
0.11328125 0.3896484375 0.83740234375 398687
0.11328125 0.3896484375 0.83740234375 398688
0.11279296875 0.40380859375 0.83544921875 398787
0.11279296875 0.40380859375 0.83544921875 398788
0.11279296875 0.40380859375 0.83544921875 398789
0.11279296875 0.40380859375 0.83544921875 398790
0.109375 0.3974609375 0.83154296875 398890
0.109375 0.3974609375 0.83154296875 398891
0.109375 0.3974609375 0.83154296875 398892
0.109375 0.3974609375 0.83154296875 398893
0.109375 0.3974609375 0.83154296875 398894
0.1142578125 0.39208984375 0.83837890625 398996
0.1142578125 0.39208984375 0.83837890625 398997
0.1142578125 0.39208984375 0.83837890625 398998
0.1142578125 0.39208984375 0.83837890625 398998
0.1142578125 0.39208984375 0.83837890625 399000
0.111328125 0.3974609375 0.8359375 399087
0.10888671875 0.4052734375 0.8359375 399219
0.10888671875 0.4052734375 0.8359375 399220
0.10888671875 0.4052734375 0.8359375 399221
0.10888671875 0.4052734375 0.8359375 399222
0.10888671875 0.4052734375 0.8359375 399223
0.11083984375 0.39892578125 0.82958984375 399298
0.10888671875 0.39794921875 0.82568359375 399379
0.10888671875 0.39794921875 0.82568359375 399380
0.10888671875 0.39794921875 0.82568359375 399381
0.10888671875 0.39794921875 0.82568359375 399382
0.10888671875 0.39794921875 0.82568359375 399382
0.1083984375 0.40869140625 0.833984375 399483
0.1083984375 0.40869140625 0.833984375 399484
0.1083984375 0.40869140625 0.833984375 399485
0.1083984375 0.40869140625 0.833984375 399486
0.1083984375 0.40869140625 0.833984375 399487
0.11083984375 0.390625 0.826171875 399591
0.11083984375 0.390625 0.826171875 399592
0.11083984375 0.390625 0.826171875 399593
0.11083984375 0.390625 0.826171875 399594
0.11083984375 0.390625 0.826171875 399595
0.11376953125 0.408203125 0.837890625 399669
0.11572265625 0.3994140625 0.84375 399780
0.11572265625 0.3994140625 0.84375 399781
0.11572265625 0.3994140625 0.84375 399782
0.11572265625 0.3994140625 0.84375 399784
0.11572265625 0.3994140625 0.84375 399785
0.1142578125 0.3955078125 0.8408203125 399883
0.1142578125 0.3955078125 0.8408203125 399884
0.1142578125 0.3955078125 0.8408203125 399890
0.1142578125 0.3955078125 0.8408203125 399891
0.1142578125 0.3955078125 0.8408203125 399892
0.11572265625 0.39013671875 0.8388671875 399985
0.11572265625 0.39013671875 0.8388671875 399986
0.11572265625 0.39013671875 0.8388671875 399988
0.11572265625 0.3955078125 0.83642578125 400100
0.11572265625 0.3955078125 0.83642578125 400102
0.11572265625 0.3955078125 0.83642578125 400103
0.11572265625 0.3955078125 0.83642578125 400104
0.11572265625 0.3955078125 0.83642578125 400105
0.1123046875 0.3984375 0.8466796875 400192
0.11083984375 0.38525390625 0.82568359375 400270
0.11083984375 0.38525390625 0.82568359375 400271
0.11083984375 0.38525390625 0.82568359375 400272
0.11083984375 0.38525390625 0.82568359375 400273
0.11083984375 0.38525390625 0.82568359375 400295
0.11328125 0.39306640625 0.833984375 400381
0.11328125 0.39306640625 0.833984375 400383
0.11328125 0.39306640625 0.833984375 400384
0.11328125 0.39306640625 0.833984375 400386
0.11328125 0.39306640625 0.833984375 400387
0.1142578125 0.41015625 0.845703125 400483
0.1142578125 0.41015625 0.845703125 400484
0.1142578125 0.41015625 0.845703125 400485
0.1142578125 0.41015625 0.845703125 400486
0.1142578125 0.41015625 0.845703125 400487
0.107421875 0.384765625 0.82763671875 400587
0.107421875 0.384765625 0.82763671875 400588
0.107421875 0.384765625 0.82763671875 400589
0.107421875 0.384765625 0.82763671875 400590
0.1083984375 0.4052734375 0.8388671875 400671
0.1083984375 0.4052734375 0.8388671875 400672
0.11328125 0.38525390625 0.8408203125 400780
0.11328125 0.38525390625 0.8408203125 400781
0.11328125 0.38525390625 0.8408203125 400782
0.11328125 0.38525390625 0.8408203125 400783
0.11328125 0.38525390625 0.8408203125 400784
0.1044921875 0.3935546875 0.82275390625 400883
0.1044921875 0.3935546875 0.82275390625 400884
0.1044921875 0.3935546875 0.82275390625 400885
0.1044921875 0.3935546875 0.82275390625 400887
0.1044921875 0.3935546875 0.82275390625 400889
0.11181640625 0.3896484375 0.84228515625 400987
0.11181640625 0.3896484375 0.84228515625 400988
0.11181640625 0.3896484375 0.84228515625 400989
0.11181640625 0.3896484375 0.84228515625 400990
0.11279296875 0.3955078125 0.84716796875 401091
0.11279296875 0.3955078125 0.84716796875 401092
0.11279296875 0.3955078125 0.84716796875 401093
0.11279296875 0.3955078125 0.84716796875 401094
0.11279296875 0.3955078125 0.84716796875 401096
0.10986328125 0.3779296875 0.83740234375 401174
0.10888671875 0.40380859375 0.845703125 401290
0.10888671875 0.40380859375 0.845703125 401291
0.10888671875 0.40380859375 0.845703125 401292
0.10888671875 0.40380859375 0.845703125 401293
0.10888671875 0.40380859375 0.845703125 401294
0.10498046875 0.39501953125 0.8349609375 401380
0.109375 0.396484375 0.84033203125 401495
0.109375 0.396484375 0.84033203125 401496
0.109375 0.396484375 0.84033203125 401497
0.109375 0.396484375 0.84033203125 401498
0.109375 0.396484375 0.84033203125 401499
0.1064453125 0.3916015625 0.8232421875 401586
0.1162109375 0.4033203125 0.83740234375 401689
0.1162109375 0.4033203125 0.83740234375 401690
0.1162109375 0.4033203125 0.83740234375 401691
0.1162109375 0.4033203125 0.83740234375 401693
0.1162109375 0.4033203125 0.83740234375 401693
0.10302734375 0.39697265625 0.8359375 401791
0.10302734375 0.39697265625 0.8359375 401803
0.10302734375 0.39697265625 0.8359375 401804
0.10302734375 0.39697265625 0.8359375 401805
0.10302734375 0.39697265625 0.8359375 401806
0.1171875 0.39306640625 0.84716796875 401869
0.115234375 0.40087890625 0.83984375 401980
0.115234375 0.40087890625 0.83984375 401981
0.115234375 0.40087890625 0.83984375 401982
0.115234375 0.40087890625 0.83984375 401983
0.115234375 0.40087890625 0.83984375 401983
0.11669921875 0.37841796875 0.83056640625 402088
0.11669921875 0.37841796875 0.83056640625 402089
0.11669921875 0.37841796875 0.83056640625 402090
0.11669921875 0.37841796875 0.83056640625 402091
0.11669921875 0.37841796875 0.83056640625 402091
0.11376953125 0.3916015625 0.84814453125 402190
0.11376953125 0.3916015625 0.84814453125 402191
0.11376953125 0.3916015625 0.84814453125 402193
0.11376953125 0.3916015625 0.84814453125 402194
0.11376953125 0.3916015625 0.84814453125 402195
0.1181640625 0.39892578125 0.8388671875 402269
0.11083984375 0.39794921875 0.82080078125 402380
0.11083984375 0.39794921875 0.82080078125 402381
0.11083984375 0.39794921875 0.82080078125 402382
0.11083984375 0.39794921875 0.82080078125 402383
0.11083984375 0.39794921875 0.82080078125 402384
0.1171875 0.40234375 0.84033203125 402483
0.1171875 0.40234375 0.84033203125 402484
0.1171875 0.40234375 0.84033203125 402485
0.1171875 0.40234375 0.84033203125 402486
0.1171875 0.40234375 0.84033203125 402487
0.1142578125 0.38671875 0.8310546875 402585
0.1142578125 0.38671875 0.8310546875 402586
0.1142578125 0.38671875 0.8310546875 402587
0.1142578125 0.38671875 0.8310546875 402588
0.1142578125 0.38671875 0.8310546875 402589
0.1162109375 0.4013671875 0.83544921875 402687
0.1162109375 0.4013671875 0.83544921875 402688
0.1162109375 0.4013671875 0.83544921875 402689
0.1162109375 0.4013671875 0.83544921875 402690
0.1162109375 0.4013671875 0.83544921875 402691
0.1162109375 0.3828125 0.830078125 402772
0.115234375 0.4052734375 0.84423828125 402884
0.115234375 0.4052734375 0.84423828125 402885
0.115234375 0.4052734375 0.84423828125 402886
0.115234375 0.4052734375 0.84423828125 402888
0.115234375 0.4052734375 0.84423828125 402889
0.11279296875 0.38720703125 0.8359375 402986
0.11279296875 0.38720703125 0.8359375 402987
0.11279296875 0.38720703125 0.8359375 402988
0.11279296875 0.38720703125 0.8359375 402989
0.11279296875 0.38720703125 0.8359375 402991
0.11865234375 0.3916015625 0.8388671875 403088
0.11865234375 0.3916015625 0.8388671875 403089
0.11865234375 0.3916015625 0.8388671875 403090
0.11865234375 0.3916015625 0.8388671875 403091
0.11865234375 0.3916015625 0.8388671875 403092
0.1142578125 0.38134765625 0.83544921875 403192
0.1142578125 0.38134765625 0.83544921875 403193
0.1142578125 0.38134765625 0.83544921875 403194
0.1142578125 0.38134765625 0.83544921875 403195
0.1142578125 0.38134765625 0.83544921875 403197
0.11181640625 0.40966796875 0.8330078125 403270
0.12109375 0.37939453125 0.84814453125 403381
0.12109375 0.37939453125 0.84814453125 403382
0.12109375 0.37939453125 0.84814453125 403384
0.12109375 0.37939453125 0.84814453125 403385
0.12109375 0.37939453125 0.84814453125 403388
0.1201171875 0.3974609375 0.84375 403484
0.1201171875 0.3974609375 0.84375 403485
0.1201171875 0.3974609375 0.84375 403486
0.1201171875 0.3974609375 0.84375 403487
0.1201171875 0.3974609375 0.84375 403488
0.1142578125 0.39111328125 0.828125 403587
0.1142578125 0.39111328125 0.828125 403588
0.1142578125 0.39111328125 0.828125 403589
0.1142578125 0.39111328125 0.828125 403590
0.1142578125 0.39111328125 0.828125 403591
0.11669921875 0.38623046875 0.83984375 403689
0.11669921875 0.38623046875 0.83984375 403690
0.11669921875 0.38623046875 0.83984375 403691
0.11669921875 0.38623046875 0.83984375 403692
0.11669921875 0.38623046875 0.83984375 403693
0.11865234375 0.3974609375 0.83984375 403791
0.11865234375 0.3974609375 0.83984375 403792
0.11865234375 0.3974609375 0.83984375 403794
0.11865234375 0.3974609375 0.83984375 403795
0.11865234375 0.3974609375 0.83984375 403796
0.1181640625 0.38671875 0.84130859375 403869
0.10986328125 0.3896484375 0.8359375 403981
0.10986328125 0.3896484375 0.8359375 403982
0.10986328125 0.3896484375 0.8359375 403984
0.10986328125 0.3896484375 0.8359375 403985
0.10986328125 0.3896484375 0.8359375 403986
0.11767578125 0.38671875 0.845703125 404082
0.11767578125 0.38671875 0.845703125 404083
0.11767578125 0.38671875 0.845703125 404106
0.11767578125 0.38671875 0.845703125 404107
0.11767578125 0.38671875 0.845703125 404108
0.109375 0.37841796875 0.82177734375 404185
0.109375 0.37841796875 0.82177734375 404186
0.109375 0.37841796875 0.82177734375 404187
0.1220703125 0.39453125 0.85107421875 404287
0.1220703125 0.39453125 0.85107421875 404289
0.1220703125 0.39453125 0.85107421875 404290
0.1220703125 0.39453125 0.85107421875 404291
0.1220703125 0.39453125 0.85107421875 404292
0.10693359375 0.3837890625 0.833984375 404386
0.12255859375 0.3779296875 0.84814453125 404489
0.12255859375 0.3779296875 0.84814453125 404490
0.12255859375 0.3779296875 0.84814453125 404491
0.12255859375 0.3779296875 0.84814453125 404492
0.12255859375 0.3779296875 0.84814453125 404493
0.11376953125 0.3828125 0.83740234375 404643
0.11376953125 0.3828125 0.83740234375 404645
0.11376953125 0.3828125 0.83740234375 404645
0.11376953125 0.3828125 0.83740234375 404647
0.11376953125 0.3828125 0.83740234375 404648
0.11669921875 0.3837890625 0.845703125 404711
0.11669921875 0.3779296875 0.83642578125 404814
0.11669921875 0.3779296875 0.83642578125 404815
0.11669921875 0.3779296875 0.83642578125 404816
0.11669921875 0.3779296875 0.83642578125 404817
0.11669921875 0.3779296875 0.83642578125 404819
0.11572265625 0.384765625 0.82958984375 404914
0.11572265625 0.384765625 0.82958984375 404916
0.11572265625 0.384765625 0.82958984375 404917
0.11572265625 0.384765625 0.82958984375 404918
0.11572265625 0.384765625 0.82958984375 404919
0.11767578125 0.3798828125 0.8408203125 404983
0.119140625 0.39599609375 0.8447265625 405082
0.119140625 0.39599609375 0.8447265625 405084
0.119140625 0.39599609375 0.8447265625 405085
0.119140625 0.39599609375 0.8447265625 405086
0.119140625 0.39599609375 0.8447265625 405087
0.12451171875 0.37451171875 0.83642578125 405185
0.12451171875 0.37451171875 0.83642578125 405187
0.12451171875 0.37451171875 0.83642578125 405188
0.12451171875 0.37451171875 0.83642578125 405189
0.12451171875 0.37451171875 0.83642578125 405190
0.1123046875 0.388671875 0.82861328125 405292
0.1123046875 0.388671875 0.82861328125 405294
0.1123046875 0.388671875 0.82861328125 405295
0.1123046875 0.388671875 0.82861328125 405296
0.1123046875 0.388671875 0.82861328125 405297
0.12451171875 0.41357421875 0.84326171875 405380
0.10791015625 0.3955078125 0.81640625 405482
0.10791015625 0.3955078125 0.81640625 405483
0.10791015625 0.3955078125 0.81640625 405484
0.10791015625 0.3955078125 0.81640625 405485
0.10791015625 0.3955078125 0.81640625 405486
0.1103515625 0.40087890625 0.830078125 405585
0.1103515625 0.40087890625 0.830078125 405600
0.1103515625 0.40087890625 0.830078125 405601
0.1103515625 0.40087890625 0.830078125 405603
0.1103515625 0.40087890625 0.830078125 405604
0.08837890625 0.40478515625 0.8134765625 405687
0.08837890625 0.40478515625 0.8134765625 405689
0.0927734375 0.44677734375 0.83349609375 405790
0.0927734375 0.44677734375 0.83349609375 405815
0.0927734375 0.44677734375 0.83349609375 405817
0.0927734375 0.44677734375 0.83349609375 405818
0.0927734375 0.44677734375 0.83349609375 405819
0.0546875 0.53759765625 0.78564453125 405908
0.0546875 0.53759765625 0.78564453125 405909
0.00927734375 0.5966796875 0.74267578125 405992
0.00927734375 0.5966796875 0.74267578125 405993
0.00927734375 0.5966796875 0.74267578125 405994
0.00927734375 0.5966796875 0.74267578125 405996
-0.05615234375 0.646484375 0.68505859375 406069
-0.05615234375 0.646484375 0.68505859375 406070
-0.13623046875 0.70947265625 0.60595703125 406180
-0.13623046875 0.70947265625 0.60595703125 406189
-0.13623046875 0.70947265625 0.60595703125 406190
-0.13623046875 0.70947265625 0.60595703125 406191
-0.13623046875 0.70947265625 0.60595703125 406192
-0.25732421875 0.78369140625 0.44482421875 406282
-0.25732421875 0.78369140625 0.44482421875 406283
-0.32666015625 0.79052734375 0.34326171875 406391
-0.32666015625 0.79052734375 0.34326171875 406395
-0.32666015625 0.79052734375 0.34326171875 406396
-0.32666015625 0.79052734375 0.34326171875 406398
-0.32666015625 0.79052734375 0.34326171875 406399
-0.3974609375 0.8173828125 0.2373046875 406489
-0.4453125 0.8076171875 0.1171875 406591
-0.4453125 0.8076171875 0.1171875 406592
-0.4453125 0.8076171875 0.1171875 406593
-0.4453125 0.8076171875 0.1171875 406594
-0.4453125 0.8076171875 0.1171875 406595
-0.48974609375 0.77294921875 0.01611328125 406684
-0.48193359375 0.826171875 -0.00634765625 406786
-0.48193359375 0.826171875 -0.00634765625 406787
-0.48193359375 0.826171875 -0.00634765625 406789
-0.48193359375 0.826171875 -0.00634765625 406790
-0.48193359375 0.826171875 -0.00634765625 406791
-0.482421875 0.7978515625 -0.00146484375 406889
-0.482421875 0.7978515625 -0.00146484375 406915
-0.482421875 0.7978515625 -0.00146484375 406916
-0.482421875 0.7978515625 -0.00146484375 406917
-0.482421875 0.7978515625 -0.00146484375 406918
-0.47705078125 0.7822265625 0.025390625 406991
-0.47705078125 0.7822265625 0.025390625 406992
-0.48876953125 0.81982421875 0.01708984375 407081
-0.48876953125 0.81982421875 0.01708984375 407083
-0.48876953125 0.81982421875 0.01708984375 407084
-0.48876953125 0.81982421875 0.01708984375 407085
-0.505859375 0.787109375 -0.00146484375 407180
-0.505859375 0.787109375 -0.00146484375 407181
-0.505859375 0.787109375 -0.00146484375 407199
-0.505859375 0.787109375 -0.00146484375 407200
-0.505859375 0.787109375 -0.00146484375 407201
-0.47021484375 0.78662109375 0.0693359375 407282
-0.47021484375 0.78662109375 0.0693359375 407283
-0.47021484375 0.78662109375 0.0693359375 407284
-0.4541015625 0.78662109375 0.1826171875 407385
-0.4541015625 0.78662109375 0.1826171875 407386
-0.4541015625 0.78662109375 0.1826171875 407387
-0.4541015625 0.78662109375 0.1826171875 407388
-0.4541015625 0.78662109375 0.1826171875 407389
-0.43310546875 0.7275390625 0.27734375 407488
-0.43310546875 0.7275390625 0.27734375 407489
-0.43310546875 0.7275390625 0.27734375 407490
-0.43310546875 0.7275390625 0.27734375 407491
-0.43310546875 0.7275390625 0.27734375 407492
-0.34814453125 0.73583984375 0.4404296875 407598
-0.34814453125 0.73583984375 0.4404296875 407599
-0.34814453125 0.73583984375 0.4404296875 407601
-0.34814453125 0.73583984375 0.4404296875 407603
-0.34814453125 0.73583984375 0.4404296875 407605
-0.3037109375 0.72509765625 0.49267578125 407684
-0.25927734375 0.69189453125 0.52001953125 407811
-0.25927734375 0.69189453125 0.52001953125 407813
-0.25927734375 0.69189453125 0.52001953125 407814
-0.25927734375 0.69189453125 0.52001953125 407815
-0.25927734375 0.69189453125 0.52001953125 407816
-0.23291015625 0.66845703125 0.60546875 407887
-0.20263671875 0.6318359375 0.6015625 407989
-0.20263671875 0.6318359375 0.6015625 407990
-0.20263671875 0.6318359375 0.6015625 407991
-0.20263671875 0.6318359375 0.6015625 407992
-0.20263671875 0.6318359375 0.6015625 407994
-0.16259765625 0.58056640625 0.6640625 408091
-0.16259765625 0.58056640625 0.6640625 408092
-0.16259765625 0.58056640625 0.6640625 408117
-0.16259765625 0.58056640625 0.6640625 408118
-0.16259765625 0.58056640625 0.6640625 408119
-0.1630859375 0.517578125 0.70703125 408171
-0.13037109375 0.4951171875 0.7490234375 408281
-0.13037109375 0.4951171875 0.7490234375 408282
-0.13037109375 0.4951171875 0.7490234375 408283
-0.13037109375 0.4951171875 0.7490234375 408285
-0.13037109375 0.4951171875 0.7490234375 408286
-0.1259765625 0.5009765625 0.75830078125 408384
-0.1259765625 0.5009765625 0.75830078125 408385
-0.1259765625 0.5009765625 0.75830078125 408386
-0.1259765625 0.5009765625 0.75830078125 408387
-0.1259765625 0.5009765625 0.75830078125 408388
-0.11376953125 0.4892578125 0.779296875 408486
-0.11376953125 0.4892578125 0.779296875 408487
-0.11376953125 0.4892578125 0.779296875 408488
-0.11376953125 0.4892578125 0.779296875 408489
-0.11376953125 0.4892578125 0.779296875 408491
-0.10986328125 0.4716796875 0.77001953125 408589
-0.10986328125 0.4716796875 0.77001953125 408590
-0.10986328125 0.4716796875 0.77001953125 408591
-0.10986328125 0.4716796875 0.77001953125 408592
-0.10986328125 0.4716796875 0.77001953125 408593
-0.07861328125 0.431640625 0.767578125 408692
-0.07861328125 0.431640625 0.767578125 408694
-0.07861328125 0.431640625 0.767578125 408695
-0.07861328125 0.431640625 0.767578125 408697
-0.07861328125 0.431640625 0.767578125 408698
-0.04541015625 0.47900390625 0.77001953125 408780
-0.01953125 0.51708984375 0.75439453125 408882
-0.01953125 0.51708984375 0.75439453125 408884
-0.01953125 0.51708984375 0.75439453125 408885
-0.01953125 0.51708984375 0.75439453125 408886
-0.01953125 0.51708984375 0.75439453125 408887
0.0224609375 0.53466796875 0.751953125 408990
0.0224609375 0.53466796875 0.751953125 408991
0.0224609375 0.53466796875 0.751953125 408992
0.0224609375 0.53466796875 0.751953125 408993
0.0224609375 0.53466796875 0.751953125 408994
0.0390625 0.5634765625 0.748046875 409089
0.03857421875 0.6220703125 0.69775390625 409191
0.03857421875 0.6220703125 0.69775390625 409225
0.03857421875 0.6220703125 0.69775390625 409227
0.03857421875 0.6220703125 0.69775390625 409228
0.03857421875 0.6220703125 0.69775390625 409229
0.05078125 0.642578125 0.6796875 409283
0.0361328125 0.71044921875 0.6435546875 409414
0.0361328125 0.71044921875 0.6435546875 409415
0.0361328125 0.71044921875 0.6435546875 409416
0.0361328125 0.71044921875 0.6435546875 409419
0.0361328125 0.71044921875 0.6435546875 409421
0.02587890625 0.72314453125 0.65673828125 409516
0.02587890625 0.72314453125 0.65673828125 409517
0.02587890625 0.72314453125 0.65673828125 409519
0.02587890625 0.72314453125 0.65673828125 409520
0.02587890625 0.72314453125 0.65673828125 409522
0.01806640625 0.70703125 0.64599609375 409586
0.0205078125 0.7216796875 0.63232421875 409689
0.0205078125 0.7216796875 0.63232421875 409714
0.0205078125 0.7216796875 0.63232421875 409715
0.0205078125 0.7216796875 0.63232421875 409716
0.0205078125 0.7216796875 0.63232421875 409717
0.02783203125 0.7314453125 0.6279296875 409776
0.0546875 0.7109375 0.65673828125 409886
0.0546875 0.7109375 0.65673828125 409887
0.0546875 0.7109375 0.65673828125 409888
0.0546875 0.7109375 0.65673828125 409889
0.0546875 0.7109375 0.65673828125 409890
0.1181640625 0.6318359375 0.72509765625 409986
0.1181640625 0.6318359375 0.72509765625 409987
0.1181640625 0.6318359375 0.72509765625 409988
0.1181640625 0.6318359375 0.72509765625 410012
0.1181640625 0.6318359375 0.72509765625 410013
0.13134765625 0.58740234375 0.77197265625 410089
0.13134765625 0.58740234375 0.77197265625 410090
0.13134765625 0.58740234375 0.77197265625 410092
0.13134765625 0.58740234375 0.77197265625 410093
0.1474609375 0.52099609375 0.78857421875 410191
0.1474609375 0.52099609375 0.78857421875 410192
0.1474609375 0.52099609375 0.78857421875 410194
0.1474609375 0.52099609375 0.78857421875 410208
0.1474609375 0.52099609375 0.78857421875 410209
0.15283203125 0.458984375 0.80859375 410269
0.1396484375 0.4453125 0.7939453125 410380
0.1396484375 0.4453125 0.7939453125 410381
0.1396484375 0.4453125 0.7939453125 410382
0.1396484375 0.4453125 0.7939453125 410383
0.1396484375 0.4453125 0.7939453125 410384
0.14111328125 0.4384765625 0.82568359375 410484
0.14111328125 0.4384765625 0.82568359375 410485
0.14111328125 0.4384765625 0.82568359375 410486
0.14111328125 0.4384765625 0.82568359375 410487
0.14111328125 0.4384765625 0.82568359375 410489
0.1494140625 0.41845703125 0.83642578125 410585
0.1494140625 0.41845703125 0.83642578125 410586
0.1494140625 0.41845703125 0.83642578125 410588
0.1494140625 0.41845703125 0.83642578125 410588
0.1494140625 0.41845703125 0.83642578125 410590
0.13037109375 0.40380859375 0.837890625 410688
0.13037109375 0.40380859375 0.837890625 410689
0.13037109375 0.40380859375 0.837890625 410691
0.13037109375 0.40380859375 0.837890625 410692
0.13037109375 0.40380859375 0.837890625 410696
0.111328125 0.37548828125 0.8232421875 410790
0.111328125 0.37548828125 0.8232421875 410791
0.111328125 0.37548828125 0.8232421875 410792
0.111328125 0.37548828125 0.8232421875 410793
0.111328125 0.37548828125 0.8232421875 410794
0.10009765625 0.36767578125 0.8271484375 410899
0.10009765625 0.36767578125 0.8271484375 410900
0.10009765625 0.36767578125 0.8271484375 410901
0.10009765625 0.36767578125 0.8271484375 410902
0.10009765625 0.36767578125 0.8271484375 410903
0.099609375 0.36474609375 0.83203125 410980
0.10205078125 0.3935546875 0.828125 411084
0.10205078125 0.3935546875 0.828125 411085
0.10205078125 0.3935546875 0.828125 411086
0.10205078125 0.3935546875 0.828125 411087
0.10205078125 0.3935546875 0.828125 411088
0.10302734375 0.3857421875 0.833984375 411203
0.10302734375 0.3857421875 0.833984375 411204
0.10302734375 0.3857421875 0.833984375 411206
0.10302734375 0.3857421875 0.833984375 411207
0.10302734375 0.3857421875 0.833984375 411208
0.10888671875 0.3740234375 0.84326171875 411290
0.107421875 0.388671875 0.85546875 411383
0.107421875 0.388671875 0.85546875 411387
0.107421875 0.388671875 0.85546875 411388
0.107421875 0.388671875 0.85546875 411389
0.107421875 0.388671875 0.85546875 411390
0.0986328125 0.39453125 0.85498046875 411484
0.0986328125 0.39453125 0.85498046875 411485
0.103515625 0.38525390625 0.8369140625 411586
0.103515625 0.38525390625 0.8369140625 411587
0.103515625 0.38525390625 0.8369140625 411588
0.103515625 0.38525390625 0.8369140625 411589
0.103515625 0.38525390625 0.8369140625 411590
0.10400390625 0.3974609375 0.82373046875 411689
0.10400390625 0.3974609375 0.82373046875 411694
0.10400390625 0.3974609375 0.82373046875 411695
0.10400390625 0.3974609375 0.82373046875 411697
0.10400390625 0.3974609375 0.82373046875 411698
0.1025390625 0.39599609375 0.82177734375 411791
0.1025390625 0.39599609375 0.82177734375 411793
0.11376953125 0.404296875 0.833984375 411870
0.11376953125 0.404296875 0.833984375 411871
0.11376953125 0.404296875 0.833984375 411872
0.11376953125 0.404296875 0.833984375 411873
0.119140625 0.41552734375 0.8486328125 411980
0.119140625 0.41552734375 0.8486328125 411981
0.119140625 0.41552734375 0.8486328125 411983
0.119140625 0.41552734375 0.8486328125 411984
0.119140625 0.41552734375 0.8486328125 411985
0.1123046875 0.39404296875 0.81640625 412082
0.1123046875 0.39404296875 0.81640625 412083
0.1123046875 0.39404296875 0.81640625 412085
0.1123046875 0.39404296875 0.81640625 412086
0.1123046875 0.39404296875 0.81640625 412088
0.12060546875 0.4169921875 0.8330078125 412185
0.12060546875 0.4169921875 0.8330078125 412186
0.12060546875 0.4169921875 0.8330078125 412187
0.12060546875 0.4169921875 0.8330078125 412188
0.12060546875 0.4169921875 0.8330078125 412189
0.1240234375 0.41845703125 0.8408203125 412288
0.1240234375 0.41845703125 0.8408203125 412289
0.1240234375 0.41845703125 0.8408203125 412291
0.1240234375 0.41845703125 0.8408203125 412292
0.1240234375 0.41845703125 0.8408203125 412293
0.11767578125 0.41650390625 0.82080078125 412383
0.1142578125 0.423828125 0.81396484375 412483
0.1142578125 0.423828125 0.81396484375 412484
0.1142578125 0.423828125 0.81396484375 412486
0.1142578125 0.423828125 0.81396484375 412487
0.1142578125 0.423828125 0.81396484375 412488
0.1201171875 0.42822265625 0.8310546875 412595
0.1201171875 0.42822265625 0.8310546875 412596
0.1201171875 0.42822265625 0.8310546875 412603
0.1201171875 0.42822265625 0.8310546875 412605
0.1201171875 0.42822265625 0.8310546875 412606
0.1142578125 0.41455078125 0.81982421875 412689
0.11767578125 0.42919921875 0.8251953125 412791
0.11767578125 0.42919921875 0.8251953125 412792
0.11767578125 0.42919921875 0.8251953125 412793
0.11767578125 0.42919921875 0.8251953125 412795
0.11767578125 0.42919921875 0.8251953125 412796
0.12158203125 0.42236328125 0.833984375 412868
0.11767578125 0.41259765625 0.826171875 412981
0.11767578125 0.41259765625 0.826171875 412984
0.11767578125 0.41259765625 0.826171875 412985
0.11767578125 0.41259765625 0.826171875 412986
0.11767578125 0.41259765625 0.826171875 412987
0.1220703125 0.421875 0.8359375 413084
0.1220703125 0.421875 0.8359375 413085
0.1220703125 0.421875 0.8359375 413086
0.1220703125 0.421875 0.8359375 413087
0.1220703125 0.421875 0.8359375 413088
0.11767578125 0.40966796875 0.828125 413186
0.11767578125 0.40966796875 0.828125 413187
0.11767578125 0.40966796875 0.828125 413188
0.11767578125 0.40966796875 0.828125 413189
0.11767578125 0.40966796875 0.828125 413190
0.11572265625 0.41552734375 0.81982421875 413298
0.11572265625 0.41552734375 0.81982421875 413299
0.11572265625 0.41552734375 0.81982421875 413299
0.11572265625 0.41552734375 0.81982421875 413300
0.11572265625 0.41552734375 0.81982421875 413301
0.119140625 0.43798828125 0.83349609375 413379
0.11669921875 0.419921875 0.8310546875 413483
0.11669921875 0.419921875 0.8310546875 413484
0.11669921875 0.419921875 0.8310546875 413485
0.11669921875 0.419921875 0.8310546875 413486
0.11669921875 0.419921875 0.8310546875 413487
0.1142578125 0.42236328125 0.83349609375 413583
0.1142578125 0.42236328125 0.83349609375 413584
0.1142578125 0.42236328125 0.83349609375 413585
0.1142578125 0.42236328125 0.83349609375 413586
0.1142578125 0.42236328125 0.83349609375 413587
0.11181640625 0.4189453125 0.81787109375 413686
0.11181640625 0.4189453125 0.81787109375 413687
0.11181640625 0.4189453125 0.81787109375 413688
0.11181640625 0.4189453125 0.81787109375 413690
0.11181640625 0.4189453125 0.81787109375 413691
0.11572265625 0.41796875 0.830078125 413789
0.11572265625 0.41796875 0.830078125 413790
0.11572265625 0.41796875 0.830078125 413791
0.11572265625 0.41796875 0.830078125 413792
0.11572265625 0.41796875 0.830078125 413793
0.115234375 0.43017578125 0.82958984375 413891
0.115234375 0.43017578125 0.82958984375 413892
0.115234375 0.43017578125 0.82958984375 413893
0.115234375 0.43017578125 0.82958984375 413894
0.115234375 0.43017578125 0.82958984375 413895
0.1162109375 0.4169921875 0.82421875 413976
0.1142578125 0.4306640625 0.81982421875 414081
0.1142578125 0.4306640625 0.81982421875 414082
0.1142578125 0.4306640625 0.81982421875 414083
0.1142578125 0.4306640625 0.81982421875 414084
0.1142578125 0.4306640625 0.81982421875 414085
0.11181640625 0.419921875 0.81982421875 414227
0.11181640625 0.419921875 0.81982421875 414228
0.11181640625 0.419921875 0.81982421875 414229
0.11181640625 0.419921875 0.81982421875 414230
0.11181640625 0.419921875 0.81982421875 414231
0.1162109375 0.4208984375 0.83203125 414285
0.1103515625 0.42431640625 0.81982421875 414388
0.1103515625 0.42431640625 0.81982421875 414389
0.1103515625 0.42431640625 0.81982421875 414390
0.1103515625 0.42431640625 0.81982421875 414392
0.1103515625 0.42431640625 0.81982421875 414393
0.11962890625 0.42236328125 0.83251953125 414468
0.11865234375 0.43115234375 0.82958984375 414578
0.11865234375 0.43115234375 0.82958984375 414579
0.11865234375 0.43115234375 0.82958984375 414581
0.11865234375 0.43115234375 0.82958984375 414582
0.11865234375 0.43115234375 0.82958984375 414583
0.1162109375 0.41455078125 0.822265625 414681
0.1162109375 0.41455078125 0.822265625 414682
0.1162109375 0.41455078125 0.822265625 414683
0.1162109375 0.41455078125 0.822265625 414705
0.1162109375 0.41455078125 0.822265625 414706
0.1162109375 0.4296875 0.82275390625 414783
0.1162109375 0.4296875 0.82275390625 414784
0.1162109375 0.4296875 0.82275390625 414785
0.1162109375 0.4296875 0.82275390625 414786
0.11328125 0.41357421875 0.82373046875 414886
0.11328125 0.41357421875 0.82373046875 414887
0.11328125 0.41357421875 0.82373046875 414888
0.11328125 0.41357421875 0.82373046875 414889
0.11328125 0.41357421875 0.82373046875 414890
0.12255859375 0.42236328125 0.82666015625 414988
0.12255859375 0.42236328125 0.82666015625 414989
0.12255859375 0.42236328125 0.82666015625 414990
0.12255859375 0.42236328125 0.82666015625 414991
0.12255859375 0.42236328125 0.82666015625 414992
0.1201171875 0.42138671875 0.81787109375 415073
0.12646484375 0.4296875 0.83056640625 415179
0.12646484375 0.4296875 0.83056640625 415180
0.12646484375 0.4296875 0.83056640625 415181
0.12646484375 0.4296875 0.83056640625 415182
0.12646484375 0.4296875 0.83056640625 415183
0.12841796875 0.42626953125 0.83154296875 415281
0.12841796875 0.42626953125 0.83154296875 415282
0.12841796875 0.42626953125 0.83154296875 415283
0.12841796875 0.42626953125 0.83154296875 415284
0.12841796875 0.42626953125 0.83154296875 415285
0.1162109375 0.4267578125 0.8134765625 415385
0.1162109375 0.4267578125 0.8134765625 415386
0.1162109375 0.4267578125 0.8134765625 415388
0.1162109375 0.4267578125 0.8134765625 415388
0.1162109375 0.4267578125 0.8134765625 415389
0.13037109375 0.42041015625 0.8369140625 415486
0.13037109375 0.42041015625 0.8369140625 415487
0.13037109375 0.42041015625 0.8369140625 415489
0.13037109375 0.42041015625 0.8369140625 415490
0.13037109375 0.42041015625 0.8369140625 415491
0.1220703125 0.4296875 0.8232421875 415577
0.12158203125 0.42041015625 0.82470703125 415685
0.12158203125 0.42041015625 0.82470703125 415685
0.12158203125 0.42041015625 0.82470703125 415686
0.12158203125 0.42041015625 0.82470703125 415687
0.12158203125 0.42041015625 0.82470703125 415688
0.125 0.4091796875 0.83251953125 415785
0.125 0.4091796875 0.83251953125 415786
0.125 0.4091796875 0.83251953125 415787
0.125 0.4091796875 0.83251953125 415788
0.119140625 0.435546875 0.818359375 416000
0.119140625 0.435546875 0.818359375 416001
0.119140625 0.435546875 0.818359375 416003
0.119140625 0.435546875 0.818359375 416003
0.119140625 0.435546875 0.818359375 416004
0.12451171875 0.41552734375 0.8310546875 416017
0.12548828125 0.419921875 0.8251953125 416085
0.1201171875 0.41259765625 0.82373046875 416210
0.1201171875 0.41259765625 0.82373046875 416212
0.1201171875 0.41259765625 0.82373046875 416213
0.1201171875 0.41259765625 0.82373046875 416214
0.1201171875 0.41259765625 0.82373046875 416215
0.11865234375 0.44189453125 0.830078125 416319
0.11865234375 0.44189453125 0.830078125 416320
0.11865234375 0.44189453125 0.830078125 416322
0.11865234375 0.44189453125 0.830078125 416323
0.11865234375 0.44189453125 0.830078125 416324
0.1181640625 0.412109375 0.8115234375 416434
0.1181640625 0.412109375 0.8115234375 416436
0.1181640625 0.412109375 0.8115234375 416437
0.1181640625 0.412109375 0.8115234375 416438
0.1181640625 0.412109375 0.8115234375 416439
0.12353515625 0.435546875 0.83154296875 416481
0.1162109375 0.42333984375 0.82421875 416587
0.1162109375 0.42333984375 0.82421875 416589
0.1162109375 0.42333984375 0.82421875 416590
0.1162109375 0.42333984375 0.82421875 416591
0.1162109375 0.42333984375 0.82421875 416592
0.11376953125 0.41796875 0.822265625 416696
0.11376953125 0.41796875 0.822265625 416697
0.11376953125 0.41796875 0.822265625 416699
0.11376953125 0.41796875 0.822265625 416700
0.11376953125 0.41796875 0.822265625 416701
0.1171875 0.4169921875 0.83349609375 416795
0.1162109375 0.4169921875 0.81494140625 416944
0.1162109375 0.4169921875 0.81494140625 416945
0.1162109375 0.4169921875 0.81494140625 416947
0.1162109375 0.4169921875 0.81494140625 416948
0.1162109375 0.4169921875 0.81494140625 416948
0.11962890625 0.4228515625 0.82470703125 416979
0.1240234375 0.42822265625 0.83349609375 417081
0.1240234375 0.42822265625 0.83349609375 417083
0.1240234375 0.42822265625 0.83349609375 417084
0.1240234375 0.42822265625 0.83349609375 417085
0.1240234375 0.42822265625 0.83349609375 417085
0.1181640625 0.4130859375 0.822265625 417240
0.1181640625 0.4130859375 0.822265625 417241
0.1181640625 0.4130859375 0.822265625 417242
0.1181640625 0.4130859375 0.822265625 417243
0.1181640625 0.4130859375 0.822265625 417244
0.12939453125 0.42333984375 0.83203125 417293
0.119140625 0.419921875 0.82666015625 417374
0.119140625 0.419921875 0.82666015625 417375
0.119140625 0.419921875 0.82666015625 417376
0.119140625 0.419921875 0.82666015625 417377
0.119140625 0.419921875 0.82666015625 417378
0.13037109375 0.42333984375 0.84228515625 417486
0.13037109375 0.42333984375 0.84228515625 417488
0.13037109375 0.42333984375 0.84228515625 417489
0.13037109375 0.42333984375 0.84228515625 417489
0.13037109375 0.42333984375 0.84228515625 417490
0.11962890625 0.41650390625 0.81396484375 417590
0.11962890625 0.41650390625 0.81396484375 417591
0.11962890625 0.41650390625 0.81396484375 417592
0.11962890625 0.41650390625 0.81396484375 417593
0.11962890625 0.41650390625 0.81396484375 417594
0.1181640625 0.42041015625 0.8154296875 417671
0.12744140625 0.4375 0.8427734375 417780
0.12744140625 0.4375 0.8427734375 417781
0.12744140625 0.4375 0.8427734375 417782
0.12744140625 0.4375 0.8427734375 417783
0.12744140625 0.4375 0.8427734375 417791
0.12158203125 0.4052734375 0.8310546875 417883
0.12158203125 0.4052734375 0.8310546875 417884
0.12158203125 0.4052734375 0.8310546875 417885
0.12158203125 0.4052734375 0.8310546875 417886
0.12158203125 0.4052734375 0.8310546875 417887
0.12451171875 0.43359375 0.82373046875 417985
0.12451171875 0.43359375 0.82373046875 417986
0.12451171875 0.43359375 0.82373046875 417987
0.12451171875 0.43359375 0.82373046875 417988
0.12451171875 0.43359375 0.82373046875 417989
0.12744140625 0.4111328125 0.8251953125 418087
0.12744140625 0.4111328125 0.8251953125 418088
0.12744140625 0.4111328125 0.8251953125 418089
0.12744140625 0.4111328125 0.8251953125 418091
0.12744140625 0.4111328125 0.8251953125 418092
0.1337890625 0.41845703125 0.83837890625 418190
0.1337890625 0.41845703125 0.83837890625 418191
0.1337890625 0.41845703125 0.83837890625 418192
0.1337890625 0.41845703125 0.83837890625 418194
0.1337890625 0.41845703125 0.83837890625 418195
0.12255859375 0.4267578125 0.82177734375 418268
0.12548828125 0.421875 0.8251953125 418378
0.12548828125 0.421875 0.8251953125 418379
0.12548828125 0.421875 0.8251953125 418380
0.12548828125 0.421875 0.8251953125 418381
0.12548828125 0.421875 0.8251953125 418382
0.1220703125 0.421875 0.8271484375 418481
0.1220703125 0.421875 0.8271484375 418482
0.1220703125 0.421875 0.8271484375 418491
0.1220703125 0.421875 0.8271484375 418492
0.1220703125 0.421875 0.8271484375 418493
0.11865234375 0.421875 0.8203125 418584
0.11865234375 0.421875 0.8203125 418585
0.11865234375 0.421875 0.8203125 418587
0.126953125 0.41748046875 0.82958984375 418686
0.126953125 0.41748046875 0.82958984375 418687
0.126953125 0.41748046875 0.82958984375 418689
0.126953125 0.41748046875 0.82958984375 418690
0.126953125 0.41748046875 0.82958984375 418691
0.1259765625 0.42041015625 0.82861328125 418810
0.1259765625 0.42041015625 0.82861328125 418811
0.1259765625 0.42041015625 0.82861328125 418813
0.1259765625 0.42041015625 0.82861328125 418814
0.1259765625 0.42041015625 0.82861328125 418815
0.11669921875 0.41796875 0.82373046875 418881
0.123046875 0.42236328125 0.82958984375 418988
0.123046875 0.42236328125 0.82958984375 418989
0.123046875 0.42236328125 0.82958984375 418990
0.123046875 0.42236328125 0.82958984375 418991
0.123046875 0.42236328125 0.82958984375 418992
0.1220703125 0.4306640625 0.82470703125 419067
0.1279296875 0.416015625 0.826171875 419178
0.1279296875 0.416015625 0.826171875 419179
0.1279296875 0.416015625 0.826171875 419180
0.1279296875 0.416015625 0.826171875 419181
0.1279296875 0.416015625 0.826171875 419181
0.1162109375 0.439453125 0.8212890625 419281
0.1162109375 0.439453125 0.8212890625 419282
0.1162109375 0.439453125 0.8212890625 419283
0.1162109375 0.439453125 0.8212890625 419285
0.1162109375 0.439453125 0.8212890625 419286
0.12451171875 0.4189453125 0.82421875 419410
0.12451171875 0.4189453125 0.82421875 419411
0.12451171875 0.4189453125 0.82421875 419412
0.12451171875 0.4189453125 0.82421875 419413
0.12451171875 0.4189453125 0.82421875 419415
0.12939453125 0.42822265625 0.830078125 419479
0.1240234375 0.43310546875 0.8173828125 419581
0.1240234375 0.43310546875 0.8173828125 419582
0.1240234375 0.43310546875 0.8173828125 419583
0.1240234375 0.43310546875 0.8173828125 419584
0.1240234375 0.43310546875 0.8173828125 419585
0.12890625 0.4130859375 0.83642578125 419684
0.12890625 0.4130859375 0.83642578125 419685
0.12890625 0.4130859375 0.83642578125 419686
0.12890625 0.4130859375 0.83642578125 419688
0.12890625 0.4130859375 0.83642578125 419689
0.12353515625 0.42431640625 0.8251953125 419787
0.12353515625 0.42431640625 0.8251953125 419788
0.12353515625 0.42431640625 0.8251953125 419789
0.12353515625 0.42431640625 0.8251953125 419790
0.12353515625 0.42431640625 0.8251953125 419791
0.12451171875 0.41748046875 0.82177734375 419888
0.12451171875 0.41748046875 0.82177734375 419890
0.12451171875 0.41748046875 0.82177734375 419891
0.12451171875 0.41748046875 0.82177734375 419892
0.12451171875 0.41748046875 0.82177734375 419893
0.1220703125 0.4287109375 0.82275390625 419982
0.12158203125 0.42431640625 0.822265625 420082
0.12158203125 0.42431640625 0.822265625 420084
0.12158203125 0.42431640625 0.822265625 420085
0.12158203125 0.42431640625 0.822265625 420086
0.12158203125 0.42431640625 0.822265625 420087
0.12646484375 0.4296875 0.83349609375 420184
0.12646484375 0.4296875 0.83349609375 420187
0.12646484375 0.4296875 0.83349609375 420188
0.12646484375 0.4296875 0.83349609375 420189
0.12646484375 0.4296875 0.83349609375 420190
0.12353515625 0.41943359375 0.82470703125 420355
0.12353515625 0.41943359375 0.82470703125 420356
0.12353515625 0.41943359375 0.82470703125 420357
0.12353515625 0.41943359375 0.82470703125 420358
0.12353515625 0.41943359375 0.82470703125 420359
0.12890625 0.41943359375 0.81884765625 420389
0.125 0.439453125 0.82373046875 420467
0.125 0.439453125 0.82373046875 420480
0.125 0.439453125 0.82373046875 420481
0.125 0.439453125 0.82373046875 420482
0.125 0.439453125 0.82373046875 420483
0.12548828125 0.41064453125 0.81982421875 420578
0.12548828125 0.41064453125 0.81982421875 420580
0.12353515625 0.423828125 0.82958984375 420682
0.12353515625 0.423828125 0.82958984375 420684
0.12353515625 0.423828125 0.82958984375 420685
0.12353515625 0.423828125 0.82958984375 420686
0.12353515625 0.423828125 0.82958984375 420687
0.12744140625 0.42236328125 0.818359375 420786
0.12744140625 0.42236328125 0.818359375 420787
0.12744140625 0.42236328125 0.818359375 420789
0.12744140625 0.42236328125 0.818359375 420790
0.12744140625 0.42236328125 0.818359375 420791
0.1357421875 0.41162109375 0.828125 420888
0.1357421875 0.41162109375 0.828125 420890
0.1357421875 0.41162109375 0.828125 420891
0.1357421875 0.41162109375 0.828125 420892
0.1357421875 0.41162109375 0.828125 420894
0.13671875 0.41943359375 0.82763671875 420972
0.13134765625 0.42578125 0.82177734375 421082
0.13134765625 0.42578125 0.82177734375 421084
0.13134765625 0.42578125 0.82177734375 421085
0.13134765625 0.42578125 0.82177734375 421086
0.13134765625 0.42578125 0.82177734375 421087
0.1298828125 0.40673828125 0.830078125 421187
0.1298828125 0.40673828125 0.830078125 421188
0.1298828125 0.40673828125 0.830078125 421190
0.1298828125 0.40673828125 0.830078125 421191
0.1298828125 0.40673828125 0.830078125 421192
0.13232421875 0.3935546875 0.841796875 421272
0.11474609375 0.4033203125 0.81591796875 421380
0.11474609375 0.4033203125 0.81591796875 421381
0.11474609375 0.4033203125 0.81591796875 421382
0.11474609375 0.4033203125 0.81591796875 421383
0.11474609375 0.4033203125 0.81591796875 421384
